timestamp,project_name,run_id,experiment_id,duration,emissions,emissions_rate,cpu_power,gpu_power,ram_power,cpu_energy,gpu_energy,ram_energy,energy_consumed,country_name,country_iso_code,region,cloud_provider,cloud_region,os,python_version,codecarbon_version,cpu_count,cpu_model,gpu_count,gpu_model,longitude,latitude,ram_total_size,tracking_mode,on_cloud,pue
2025-08-07T11:20:29,scipy-benchmark,5debed34-0c09-4f0c-af17-6396746e605c,scipy_LMC001_f7d9627c,1.001741711050272,7.65334419951412e-08,7.640037461842336e-08,1.7000000000000002,0.0,10.0,2.367041532933298e-07,0.0,1.3916669529862705e-06,1.6283711062796e-06,Canada,CAN,,gcp,northamerica-northeast2,Linux-6.8.0-1032-gcp-x86_64-with-glibc2.35,3.12.11,3.0.4,2,Intel(R) Xeon(R) CPU @ 2.60GHz,,,,,15.61648178100586,machine,Y,1.0
2025-08-07T11:20:32,scipy-benchmark,4c09562f-5e60-4a2b-a2bb-331ecf6fc404,scipy_LMC001_f7d9627c,1.0015633010771126,7.651630094455968e-08,7.639686963596976e-08,1.7000000000000002,0.0,10.0,2.3663447497205601e-07,0.0,1.391371928103682e-06,1.628006403075738e-06,Canada,CAN,,gcp,northamerica-northeast2,Linux-6.8.0-1032-gcp-x86_64-with-glibc2.35,3.12.11,3.0.4,2,Intel(R) Xeon(R) CPU @ 2.60GHz,,,,,15.61648178100586,machine,Y,1.0
2025-08-07T11:20:34,scipy-benchmark,43daeb9a-7bcf-4ab6-be05-220fec435a13,scipy_LMC001_f7d9627c,1.00150512997061,7.651418922352608e-08,7.639919850013293e-08,1.7000000000000002,0.0,10.0,2.3662412008788025e-07,0.0,1.3913373527530996e-06,1.62796147284098e-06,Canada,CAN,,gcp,northamerica-northeast2,Linux-6.8.0-1032-gcp-x86_64-with-glibc2.35,3.12.11,3.0.4,2,Intel(R) Xeon(R) CPU @ 2.60GHz,,,,,15.61648178100586,machine,Y,1.0
2025-08-07T11:20:36,scipy-benchmark,4bef7aa2-561a-4bf6-ae45-a5f3814b4d00,scipy_LMC001_f7d9627c,1.0015310579910874,7.669416641998942e-08,7.657692271054058e-08,1.7272709000000002,0.0,10.0,2.4042198353588124e-07,0.0,1.3913687913575107e-06,1.631790774893392e-06,Canada,CAN,,gcp,northamerica-northeast2,Linux-6.8.0-1032-gcp-x86_64-with-glibc2.35,3.12.11,3.0.4,2,Intel(R) Xeon(R) CPU @ 2.60GHz,,,,,15.61648178100586,machine,Y,1.0
2025-08-07T11:20:38,scipy-benchmark,8ff042fb-9526-4e0a-bc2c-b3c0129d8ba2,scipy_LMC001_f7d9627c,1.0015610859263688,7.651540191057657e-08,7.63961409700793e-08,1.7000000000000002,0.0,10.0,2.366326252102024e-07,0.0,1.3913546494829158e-06,1.6279872746931185e-06,Canada,CAN,,gcp,northamerica-northeast2,Linux-6.8.0-1032-gcp-x86_64-with-glibc2.35,3.12.11,3.0.4,2,Intel(R) Xeon(R) CPU @ 2.60GHz,,,,,15.61648178100586,machine,Y,1.0
2025-08-07T11:20:42,scipy-benchmark,6e041b51-acba-4328-942b-1d653ac2bbc9,scipy_LMC001_f7d9627c,1.001641774084419,7.652410585159021e-08,7.639867648445415e-08,1.7000000000000002,0.0,10.0,2.366616061319494e-07,0.0,1.391510858795502e-06,1.628172464927451e-06,Canada,CAN,,gcp,northamerica-northeast2,Linux-6.8.0-1032-gcp-x86_64-with-glibc2.35,3.12.11,3.0.4,2,Intel(R) Xeon(R) CPU @ 2.60GHz,,,,,15.61648178100586,machine,Y,1.0
2025-08-07T11:20:44,scipy-benchmark,478ad684-8c83-4776-afdc-0f5ac375e215,scipy_LMC001_f7d9627c,1.0016061009373516,7.669432038831784e-08,7.6571339088833e-08,1.7272709000000002,0.0,10.0,2.4042697011624125e-07,0.0,1.3913670806990317e-06,1.631794050815273e-06,Canada,CAN,,gcp,northamerica-northeast2,Linux-6.8.0-1032-gcp-x86_64-with-glibc2.35,3.12.11,3.0.4,2,Intel(R) Xeon(R) CPU @ 2.60GHz,,,,,15.61648178100586,machine,Y,1.0
2025-08-07T11:20:46,scipy-benchmark,0892770e-563a-4519-9ec7-28f0b501a13d,scipy_LMC001_f7d9627c,1.0016197750810534,7.3512158563475e-08,7.339327796071742e-08,1.2403734848,0.0,10.0,1.726613607596798e-07,0.0,1.3914271193142566e-06,1.5640884800739364e-06,Canada,CAN,,gcp,northamerica-northeast2,Linux-6.8.0-1032-gcp-x86_64-with-glibc2.35,3.12.11,3.0.4,2,Intel(R) Xeon(R) CPU @ 2.60GHz,,,,,15.61648178100586,machine,Y,1.0
2025-08-07T11:20:49,scipy-benchmark,74ee6618-4e37-4ec5-b0b4-77edbdbbdff4,scipy_LMC001_f7d9627c,1.0016134439501911,7.064575576998603e-08,7.053195641161857e-08,0.8024696,0.0,10.0,1.1170095922053285e-07,0.0,1.3914002273749148e-06,1.5031011865954476e-06,Canada,CAN,,gcp,northamerica-northeast2,Linux-6.8.0-1032-gcp-x86_64-with-glibc2.35,3.12.11,3.0.4,2,Intel(R) Xeon(R) CPU @ 2.60GHz,,,,,15.61648178100586,machine,Y,1.0
2025-08-07T11:20:51,scipy-benchmark,0315440d-499f-4ec3-b6a6-078a2aaf96c1,scipy_LMC001_f7d9627c,1.001789027126506,7.064678453124638e-08,7.052062122689342e-08,0.8001944000000001,0.0,10.0,1.114270079681458e-07,0.0,1.3916960671647555e-06,1.5031230751329014e-06,Canada,CAN,,gcp,northamerica-northeast2,Linux-6.8.0-1032-gcp-x86_64-with-glibc2.35,3.12.11,3.0.4,2,Intel(R) Xeon(R) CPU @ 2.60GHz,,,,,15.61648178100586,machine,Y,1.0
2025-08-07T11:24:34,scipy-benchmark,4a1df3b6-ba76-4d06-be5d-0cfa6e37214d,scipy_LMC001_f7d9627c,1.0018789619207382,7.064681283964052e-08,7.051431911914885e-08,0.8,0.0,10.0,1.1141649131766625e-07,0.0,1.3917071861214935e-06,1.50312367743916e-06,Canada,CAN,,gcp,northamerica-northeast2,Linux-6.8.0-1032-gcp-x86_64-with-glibc2.35,3.12.11,3.0.4,2,Intel(R) Xeon(R) CPU @ 2.60GHz,,,,,15.61648178100586,machine,Y,1.0
2025-08-07T11:24:36,scipy-benchmark,1e86d18d-e314-44d2-ad5e-69505c4f0899,scipy_LMC001_f7d9627c,1.001722082961351,7.063536317553371e-08,7.05139323341233e-08,0.8,0.0,10.0,1.1138475086126065e-07,0.0,1.3914953167032865e-06,1.502880067564547e-06,Canada,CAN,,gcp,northamerica-northeast2,Linux-6.8.0-1032-gcp-x86_64-with-glibc2.35,3.12.11,3.0.4,2,Intel(R) Xeon(R) CPU @ 2.60GHz,,,,,15.61648178100586,machine,Y,1.0
2025-08-07T11:24:39,scipy-benchmark,89e559cd-fb1f-42d5-a44a-a6a6e0c2488f,scipy_LMC001_f7d9627c,1.0018782529514283,7.06464724904185e-08,7.051402930675599e-08,0.8,0.0,10.0,1.114208415771525e-07,0.0,1.3916955943891986e-06,1.503116435966351e-06,Canada,CAN,,gcp,northamerica-northeast2,Linux-6.8.0-1032-gcp-x86_64-with-glibc2.35,3.12.11,3.0.4,2,Intel(R) Xeon(R) CPU @ 2.60GHz,,,,,15.61648178100586,machine,Y,1.0
2025-08-07T11:24:41,scipy-benchmark,59550d57-91b5-46b1-bc0c-5fc6570e7963,scipy_LMC001_f7d9627c,1.0017662500031292,7.063727044896224e-08,7.051272734407011e-08,0.8,0.0,10.0,1.1139145622857745e-07,0.0,1.3915291916216828e-06,1.5029206478502602e-06,Canada,CAN,,gcp,northamerica-northeast2,Linux-6.8.0-1032-gcp-x86_64-with-glibc2.35,3.12.11,3.0.4,2,Intel(R) Xeon(R) CPU @ 2.60GHz,,,,,15.61648178100586,machine,Y,1.0
2025-08-07T11:24:43,scipy-benchmark,b6497124-e76e-4adf-bbb3-7e036ac2213c,scipy_LMC001_f7d9627c,1.0017837579362094,7.06400959285804e-08,7.051431545876446e-08,0.8,0.0,10.0,1.1138671978066368e-07,0.0,1.3915940446572172e-06,1.5029807644378808e-06,Canada,CAN,,gcp,northamerica-northeast2,Linux-6.8.0-1032-gcp-x86_64-with-glibc2.35,3.12.11,3.0.4,2,Intel(R) Xeon(R) CPU @ 2.60GHz,,,,,15.61648178100586,machine,Y,1.0
2025-08-07T11:24:45,scipy-benchmark,d98769af-dbad-4c1f-9299-3a9f0965a53f,scipy_LMC001_f7d9627c,1.0017311621923,7.063537157127738e-08,7.051330160947681e-08,0.8,0.0,10.0,1.11383851358874e-07,0.0,1.391496394838517e-06,1.502880246197391e-06,Canada,CAN,,gcp,northamerica-northeast2,Linux-6.8.0-1032-gcp-x86_64-with-glibc2.35,3.12.11,3.0.4,2,Intel(R) Xeon(R) CPU @ 2.60GHz,,,,,15.61648178100586,machine,Y,1.0
2025-08-07T11:24:47,scipy-benchmark,9b849226-9415-4f28-add7-16761a6d7911,scipy_LMC001_f7d9627c,1.001800294034183,7.06402126361047e-08,7.05132680203569e-08,0.8,0.0,10.0,1.114004337642756e-07,0.0,1.3915828138124198e-06,1.5029832475766951e-06,Canada,CAN,,gcp,northamerica-northeast2,Linux-6.8.0-1032-gcp-x86_64-with-glibc2.35,3.12.11,3.0.4,2,Intel(R) Xeon(R) CPU @ 2.60GHz,,,,,15.61648178100586,machine,Y,1.0
2025-08-07T11:24:49,scipy-benchmark,e40ca294-cf51-4fca-9ef9-9afb4b781d90,scipy_LMC001_f7d9627c,1.001744125969708,7.063672721212626e-08,7.051374236284993e-08,0.8,0.0,10.0,1.1138833422834677e-07,0.0,1.391520755391361e-06,1.5029090896197076e-06,Canada,CAN,,gcp,northamerica-northeast2,Linux-6.8.0-1032-gcp-x86_64-with-glibc2.35,3.12.11,3.0.4,2,Intel(R) Xeon(R) CPU @ 2.60GHz,,,,,15.61648178100586,machine,Y,1.0
2025-08-07T11:24:52,scipy-benchmark,5c675b4d-a9bf-4bb3-8c42-fcbbe6c56248,scipy_LMC001_f7d9627c,1.0017500049434602,7.064333896421724e-08,7.051992874030923e-08,0.8,0.0,10.0,1.1140009600462188e-07,0.0,1.3916496691914896e-06,1.5030497651961117e-06,Canada,CAN,,gcp,northamerica-northeast2,Linux-6.8.0-1032-gcp-x86_64-with-glibc2.35,3.12.11,3.0.4,2,Intel(R) Xeon(R) CPU @ 2.60GHz,,,,,15.61648178100586,machine,Y,1.0
2025-08-07T11:24:54,scipy-benchmark,ab787eab-c398-49fb-a626-7c490a774cae,scipy_LMC001_f7d9627c,1.0016895469743758,7.063258579544104e-08,7.051345000932495e-08,0.8,0.0,10.0,1.1138052420897617e-07,0.0,1.391440450162109e-06,1.5028209743710854e-06,Canada,CAN,,gcp,northamerica-northeast2,Linux-6.8.0-1032-gcp-x86_64-with-glibc2.35,3.12.11,3.0.4,2,Intel(R) Xeon(R) CPU @ 2.60GHz,,,,,15.61648178100586,machine,Y,1.0
2025-08-07T11:25:05,scipy-benchmark,912e9e76-e2e3-4589-9774-077d2e0246cd,scipy_LMC001_f7d9627c,1.001771424897015,7.063307962931385e-08,7.05081796843777e-08,0.8,0.0,10.0,1.1139152866477769e-07,0.0,1.3914399528099846e-06,1.5028314814747622e-06,Canada,CAN,,gcp,northamerica-northeast2,Linux-6.8.0-1032-gcp-x86_64-with-glibc2.35,3.12.11,3.0.4,2,Intel(R) Xeon(R) CPU @ 2.60GHz,,,,,15.61648178100586,machine,Y,1.0
2025-08-07T11:25:07,scipy-benchmark,9e7756ca-7d51-4c93-a4db-f8c5bdc31e8d,scipy_LMC001_f7d9627c,1.001736796926707,7.063454757250534e-08,7.051208240448954e-08,0.8,0.0,10.0,1.1139272246509792e-07,0.0,1.3914699918435265e-06,1.5028627143086244e-06,Canada,CAN,,gcp,northamerica-northeast2,Linux-6.8.0-1032-gcp-x86_64-with-glibc2.35,3.12.11,3.0.4,2,Intel(R) Xeon(R) CPU @ 2.60GHz,,,,,15.61648178100586,machine,Y,1.0
2025-08-07T11:25:09,scipy-benchmark,1056a014-4590-4926-ac7d-e8718b72e373,scipy_LMC001_f7d9627c,1.0017480300739408,7.063421630479084e-08,7.051096102437776e-08,0.8,0.0,10.0,1.1138920160010461e-07,0.0,1.391466464459275e-06,1.5028556660593795e-06,Canada,CAN,,gcp,northamerica-northeast2,Linux-6.8.0-1032-gcp-x86_64-with-glibc2.35,3.12.11,3.0.4,2,Intel(R) Xeon(R) CPU @ 2.60GHz,,,,,15.61648178100586,machine,Y,1.0
2025-08-07T11:25:12,scipy-benchmark,baf75144-a017-4b6d-9141-3443a2ac712d,scipy_LMC001_f7d9627c,1.001779587008059,7.063559980175665e-08,7.05101209066545e-08,0.8,0.0,10.0,1.113894937766923e-07,0.0,1.3914956083883429e-06,1.5028851021650353e-06,Canada,CAN,,gcp,northamerica-northeast2,Linux-6.8.0-1032-gcp-x86_64-with-glibc2.35,3.12.11,3.0.4,2,Intel(R) Xeon(R) CPU @ 2.60GHz,,,,,15.61648178100586,machine,Y,1.0
2025-08-07T11:25:14,scipy-benchmark,de894bdf-69de-47c3-9101-34babbdaa567,scipy_LMC001_f7d9627c,1.0017656448762864,7.063621802516799e-08,7.051171936914571e-08,0.8,0.0,10.0,1.1139079509302977e-07,0.0,1.3915074607616085e-06,1.502898255854638e-06,Canada,CAN,,gcp,northamerica-northeast2,Linux-6.8.0-1032-gcp-x86_64-with-glibc2.35,3.12.11,3.0.4,2,Intel(R) Xeon(R) CPU @ 2.60GHz,,,,,15.61648178100586,machine,Y,1.0
2025-08-07T11:25:16,scipy-benchmark,f935877b-86b6-416a-a88e-36c69b9068e7,scipy_LMC001_f7d9627c,1.0018032679799944,7.063882959263637e-08,7.051167814122862e-08,0.8000576,0.0,10.0,1.1140094609451793e-07,0.0,1.3915528750254048e-06,1.5029538211199229e-06,Canada,CAN,,gcp,northamerica-northeast2,Linux-6.8.0-1032-gcp-x86_64-with-glibc2.35,3.12.11,3.0.4,2,Intel(R) Xeon(R) CPU @ 2.60GHz,,,,,15.61648178100586,machine,Y,1.0
2025-08-07T11:25:18,scipy-benchmark,9a402767-41d4-4282-9a02-2a0c3e1c8282,scipy_LMC001_f7d9627c,1.0017402530647814,7.063353071602371e-08,7.051082403839064e-08,0.8,0.0,10.0,1.1139037335912389e-07,0.0,1.3914507057052106e-06,1.5028410790643343e-06,Canada,CAN,,gcp,northamerica-northeast2,Linux-6.8.0-1032-gcp-x86_64-with-glibc2.35,3.12.11,3.0.4,2,Intel(R) Xeon(R) CPU @ 2.60GHz,,,,,15.61648178100586,machine,Y,1.0
2025-08-07T11:25:21,scipy-benchmark,477f0c41-3b0f-426d-b92d-9073e5af955d,scipy_LMC001_f7d9627c,1.0016608759760857,7.063038892539528e-08,7.051327512075211e-08,0.8,0.0,10.0,1.1137256864458325e-07,0.0,1.3914016638106354e-06,1.5027742324552187e-06,Canada,CAN,,gcp,northamerica-northeast2,Linux-6.8.0-1032-gcp-x86_64-with-glibc2.35,3.12.11,3.0.4,2,Intel(R) Xeon(R) CPU @ 2.60GHz,,,,,15.61648178100586,machine,Y,1.0
2025-08-07T11:25:23,scipy-benchmark,d1a21c9b-153f-4cef-9bf2-e15d45d05994,scipy_LMC001_f7d9627c,1.0018368267919868,7.063961701250325e-08,7.051010216773583e-08,0.8,0.0,10.0,1.1140210264258916e-07,0.0,1.3915684720915229e-06,1.5029705747341118e-06,Canada,CAN,,gcp,northamerica-northeast2,Linux-6.8.0-1032-gcp-x86_64-with-glibc2.35,3.12.11,3.0.4,2,Intel(R) Xeon(R) CPU @ 2.60GHz,,,,,15.61648178100586,machine,Y,1.0
2025-08-07T11:25:25,scipy-benchmark,9f0bfbc9-8d7f-42f9-bf4a-c29a502fb89a,scipy_LMC001_f7d9627c,1.0017445860430598,7.063763367278606e-08,7.051461485986978e-08,0.8,0.0,10.0,1.1138340623842345e-07,0.0,1.391544969778301e-06,1.5029283760167243e-06,Canada,CAN,,gcp,northamerica-northeast2,Linux-6.8.0-1032-gcp-x86_64-with-glibc2.35,3.12.11,3.0.4,2,Intel(R) Xeon(R) CPU @ 2.60GHz,,,,,15.61648178100586,machine,Y,1.0
2025-08-07T11:25:27,scipy-benchmark,29779ded-7221-4fe7-8328-9aeccbee8f90,scipy_LMC001_f7d9627c,1.0019131789449602,7.065309360853602e-08,7.051817971187437e-08,0.8,0.0,10.0,1.1142699156577389e-07,0.0,1.3918303192541416e-06,1.5032573108199154e-06,Canada,CAN,,gcp,northamerica-northeast2,Linux-6.8.0-1032-gcp-x86_64-with-glibc2.35,3.12.11,3.0.4,2,Intel(R) Xeon(R) CPU @ 2.60GHz,,,,,15.61648178100586,machine,Y,1.0
2025-08-07T11:25:29,scipy-benchmark,48be4a2c-a93a-4a8c-9398-6210b995ea26,scipy_LMC001_f7d9627c,1.0018109281081706,7.06381579015611e-08,7.051046851221206e-08,0.8,0.0,10.0,1.113992017797298e-07,0.0,1.391540328040719e-06,1.502939529820449e-06,Canada,CAN,,gcp,northamerica-northeast2,Linux-6.8.0-1032-gcp-x86_64-with-glibc2.35,3.12.11,3.0.4,2,Intel(R) Xeon(R) CPU @ 2.60GHz,,,,,15.61648178100586,machine,Y,1.0
2025-08-07T11:25:31,scipy-benchmark,1cd89d89-6181-4ae0-8ff9-44b2c2afc0ae,scipy_LMC001_f7d9627c,1.0017773690633476,7.063960499218147e-08,7.051427510109241e-08,0.8,0.0,10.0,1.1138579709869292e-07,0.0,1.3915845218838918e-06,1.5029703189825846e-06,Canada,CAN,,gcp,northamerica-northeast2,Linux-6.8.0-1032-gcp-x86_64-with-glibc2.35,3.12.11,3.0.4,2,Intel(R) Xeon(R) CPU @ 2.60GHz,,,,,15.61648178100586,machine,Y,1.0
2025-08-07T11:25:33,scipy-benchmark,a270ce20-e14d-47c3-b565-e191ed62dae3,scipy_LMC001_f7d9627c,1.0019047989044338,7.064854416965196e-08,7.051422874399341e-08,0.8,0.0,10.0,1.1141852511920865e-07,0.0,1.3917419891287055e-06,1.503160514247914e-06,Canada,CAN,,gcp,northamerica-northeast2,Linux-6.8.0-1032-gcp-x86_64-with-glibc2.35,3.12.11,3.0.4,2,Intel(R) Xeon(R) CPU @ 2.60GHz,,,,,15.61648178100586,machine,Y,1.0
2025-08-07T11:25:35,scipy-benchmark,b0f47c19-40b5-4aab-8c82-071c990f0a61,scipy_LMC001_f7d9627c,1.001695984043181,7.06344724315115e-08,7.05148803196825e-08,0.8,0.0,10.0,1.113745015528467e-07,0.0,1.391486614011228e-06,1.5028611155640743e-06,Canada,CAN,,gcp,northamerica-northeast2,Linux-6.8.0-1032-gcp-x86_64-with-glibc2.35,3.12.11,3.0.4,2,Intel(R) Xeon(R) CPU @ 2.60GHz,,,,,15.61648178100586,machine,Y,1.0
2025-08-07T11:25:38,scipy-benchmark,1130772f-a628-4850-b3b3-e8f8332c9956,scipy_LMC001_f7d9627c,1.0017827248666435,7.063737904769368e-08,7.051167612926933e-08,0.8,0.0,10.0,1.1139804445621041e-07,0.0,1.3915249140053574e-06,1.5029229584615678e-06,Canada,CAN,,gcp,northamerica-northeast2,Linux-6.8.0-1032-gcp-x86_64-with-glibc2.35,3.12.11,3.0.4,2,Intel(R) Xeon(R) CPU @ 2.60GHz,,,,,15.61648178100586,machine,Y,1.0
2025-08-07T11:25:40,scipy-benchmark,35d33dc4-c077-421e-8703-1cc3d0547d0e,scipy_LMC001_f7d9627c,1.0018716249614954,7.0642806254586e-08,7.051083641309932e-08,0.8,0.0,10.0,1.1141402000147437e-07,0.0,1.391624410947164e-06,1.5030384309486385e-06,Canada,CAN,,gcp,northamerica-northeast2,Linux-6.8.0-1032-gcp-x86_64-with-glibc2.35,3.12.11,3.0.4,2,Intel(R) Xeon(R) CPU @ 2.60GHz,,,,,15.61648178100586,machine,Y,1.0
2025-08-07T11:25:42,scipy-benchmark,7f48c811-0e98-4e4c-b9b9-475a71ae1a6f,scipy_LMC001_f7d9627c,1.001925780903548,7.064949847449963e-08,7.05137045288795e-08,0.8,0.0,10.0,1.114142328604228e-07,0.0,1.3917665857459522e-06,1.5031808186063752e-06,Canada,CAN,,gcp,northamerica-northeast2,Linux-6.8.0-1032-gcp-x86_64-with-glibc2.35,3.12.11,3.0.4,2,Intel(R) Xeon(R) CPU @ 2.60GHz,,,,,15.61648178100586,machine,Y,1.0
2025-08-07T11:25:44,scipy-benchmark,328f614a-cb7a-4d5f-884d-4dd19ab29873,scipy_LMC001_f7d9627c,1.0017326490487903,7.062812795466746e-08,7.050596585998608e-08,0.8,0.0,10.0,1.1138823778472017e-07,0.0,1.3913378889103316e-06,1.502726126695052e-06,Canada,CAN,,gcp,northamerica-northeast2,Linux-6.8.0-1032-gcp-x86_64-with-glibc2.35,3.12.11,3.0.4,2,Intel(R) Xeon(R) CPU @ 2.60GHz,,,,,15.61648178100586,machine,Y,1.0
2025-08-07T11:25:46,scipy-benchmark,200416eb-c7a6-4981-9d94-7fb7c471d3f9,scipy_LMC001_f7d9627c,1.0017552101053298,7.0640364267734e-08,7.051659283140288e-08,0.8,0.0,10.0,1.113961460068822e-07,0.0,1.391590327774692e-06,1.5029864737815742e-06,Canada,CAN,,gcp,northamerica-northeast2,Linux-6.8.0-1032-gcp-x86_64-with-glibc2.35,3.12.11,3.0.4,2,Intel(R) Xeon(R) CPU @ 2.60GHz,,,,,15.61648178100586,machine,Y,1.0
2025-08-07T11:25:48,scipy-benchmark,e33404dc-f623-43a8-94a5-b45cacd52591,scipy_LMC001_f7d9627c,1.001724598929286,7.063242646963853e-08,7.051082357879149e-08,0.8,0.0,10.0,1.1138103421156605e-07,0.0,1.3914365502488282e-06,1.5028175844603945e-06,Canada,CAN,,gcp,northamerica-northeast2,Linux-6.8.0-1032-gcp-x86_64-with-glibc2.35,3.12.11,3.0.4,2,Intel(R) Xeon(R) CPU @ 2.60GHz,,,,,15.61648178100586,machine,Y,1.0
2025-08-07T11:25:50,scipy-benchmark,011cfdc3-c19e-4337-af72-edf636aefef8,scipy_LMC001_f7d9627c,1.001769700087607,7.063283240050078e-08,7.050805429064564e-08,0.8,0.0,10.0,1.1139447381719949e-07,0.0,1.3914317474700512e-06,1.5028262212872509e-06,Canada,CAN,,gcp,northamerica-northeast2,Linux-6.8.0-1032-gcp-x86_64-with-glibc2.35,3.12.11,3.0.4,2,Intel(R) Xeon(R) CPU @ 2.60GHz,,,,,15.61648178100586,machine,Y,1.0
2025-08-07T11:25:52,scipy-benchmark,20b505ad-163e-4107-91af-50efac3f23b8,scipy_LMC001_f7d9627c,1.0018397911917418,7.064632931289574e-08,7.051659350529307e-08,0.8,0.0,10.0,1.1140742846247225e-07,0.0,1.391705961173607e-06,1.5031133896360796e-06,Canada,CAN,,gcp,northamerica-northeast2,Linux-6.8.0-1032-gcp-x86_64-with-glibc2.35,3.12.11,3.0.4,2,Intel(R) Xeon(R) CPU @ 2.60GHz,,,,,15.61648178100586,machine,Y,1.0
2025-08-07T11:25:55,scipy-benchmark,cbe87af9-7951-4e97-a198-b5dc5535e1bc,scipy_LMC001_f7d9627c,1.0018614039290696,7.063911458712797e-08,7.050787095909439e-08,0.8,0.0,10.0,1.1140127376549774e-07,0.0,1.3915586110670122e-06,1.50295988483251e-06,Canada,CAN,,gcp,northamerica-northeast2,Linux-6.8.0-1032-gcp-x86_64-with-glibc2.35,3.12.11,3.0.4,2,Intel(R) Xeon(R) CPU @ 2.60GHz,,,,,15.61648178100586,machine,Y,1.0
2025-08-07T11:25:57,scipy-benchmark,37ea2fee-e500-4dcb-8f8c-77ec280477a1,scipy_LMC001_f7d9627c,1.001745535992086,7.063675470712284e-08,7.05136705572311e-08,0.8,0.0,10.0,1.113927771026891e-07,0.0,1.391516897516946e-06,1.502909674619635e-06,Canada,CAN,,gcp,northamerica-northeast2,Linux-6.8.0-1032-gcp-x86_64-with-glibc2.35,3.12.11,3.0.4,2,Intel(R) Xeon(R) CPU @ 2.60GHz,,,,,15.61648178100586,machine,Y,1.0
2025-08-07T11:25:59,scipy-benchmark,3a3fe9a5-2169-4c13-9dff-d6427552f25d,scipy_LMC001_f7d9627c,1.0018137430306524,7.064197308797803e-08,7.051407866922884e-08,0.8,0.0,10.0,1.114002679888573e-07,0.0,1.3916204360106751e-06,1.5030207039995326e-06,Canada,CAN,,gcp,northamerica-northeast2,Linux-6.8.0-1032-gcp-x86_64-with-glibc2.35,3.12.11,3.0.4,2,Intel(R) Xeon(R) CPU @ 2.60GHz,,,,,15.61648178100586,machine,Y,1.0
2025-08-07T11:26:01,scipy-benchmark,0227a108-f880-44b5-adb9-d08d4c3e37b8,scipy_LMC001_f7d9627c,1.0017371061258018,7.063472887801213e-08,7.051224163113068e-08,0.8,0.0,10.0,1.113937802405821e-07,0.0,1.3914727916320164e-06,1.5028665718725983e-06,Canada,CAN,,gcp,northamerica-northeast2,Linux-6.8.0-1032-gcp-x86_64-with-glibc2.35,3.12.11,3.0.4,2,Intel(R) Xeon(R) CPU @ 2.60GHz,,,,,15.61648178100586,machine,Y,1.0
2025-08-07T11:26:03,scipy-benchmark,99b78ba5-5c99-4b61-908d-a0d62a65f27b,scipy_LMC001_f7d9627c,1.0018571801483631,7.063781623674246e-08,7.050687227323346e-08,0.8,0.0,10.0,1.1140572688438829e-07,0.0,1.3915265334718343e-06,1.5029322603562226e-06,Canada,CAN,,gcp,northamerica-northeast2,Linux-6.8.0-1032-gcp-x86_64-with-glibc2.35,3.12.11,3.0.4,2,Intel(R) Xeon(R) CPU @ 2.60GHz,,,,,15.61648178100586,machine,Y,1.0
2025-08-07T11:26:05,scipy-benchmark,49f3434b-e036-481e-ac6c-2f802e2cca2b,scipy_LMC001_f7d9627c,1.0017545570153743,7.063377308126334e-08,7.051005916230565e-08,0.8,0.0,10.0,1.1138687200016449e-07,0.0,1.3914593637713957e-06,1.50284623577156e-06,Canada,CAN,,gcp,northamerica-northeast2,Linux-6.8.0-1032-gcp-x86_64-with-glibc2.35,3.12.11,3.0.4,2,Intel(R) Xeon(R) CPU @ 2.60GHz,,,,,15.61648178100586,machine,Y,1.0
2025-08-07T11:26:07,scipy-benchmark,139da13c-7a1f-4b92-837a-3e5bde74b300,scipy_LMC001_f7d9627c,1.0017484549898654,7.063622832743246e-08,7.051293962629278e-08,0.8,0.0,10.0,1.113956857783099e-07,0.0,1.391502789273444e-06,1.5028984750517538e-06,Canada,CAN,,gcp,northamerica-northeast2,Linux-6.8.0-1032-gcp-x86_64-with-glibc2.35,3.12.11,3.0.4,2,Intel(R) Xeon(R) CPU @ 2.60GHz,,,,,15.61648178100586,machine,Y,1.0
2025-08-07T11:26:10,scipy-benchmark,36694368-9d9e-4bd6-a9a5-113699ff5e16,scipy_LMC001_f7d9627c,1.001641719136387,7.062753123676198e-08,7.051177071344119e-08,0.8,0.0,10.0,1.1137146647605633e-07,0.0,1.3913419640933476e-06,1.502713430569404e-06,Canada,CAN,,gcp,northamerica-northeast2,Linux-6.8.0-1032-gcp-x86_64-with-glibc2.35,3.12.11,3.0.4,2,Intel(R) Xeon(R) CPU @ 2.60GHz,,,,,15.61648178100586,machine,Y,1.0
2025-08-07T11:26:12,scipy-benchmark,644722bb-33be-40d4-bce3-6f5320d0cc63,scipy_LMC001_f7d9627c,1.0017742591444403,7.06394286499514e-08,7.051431797646767e-08,0.8,0.0,10.0,1.1139611134098637e-07,0.0,1.391570455679256e-06,1.5029665670202424e-06,Canada,CAN,,gcp,northamerica-northeast2,Linux-6.8.0-1032-gcp-x86_64-with-glibc2.35,3.12.11,3.0.4,2,Intel(R) Xeon(R) CPU @ 2.60GHz,,,,,15.61648178100586,machine,Y,1.0
2025-08-07T11:26:14,scipy-benchmark,4ebcba46-63c2-4a45-b4fe-907b0a70c800,scipy_LMC001_f7d9627c,1.0017421580851078,7.063326049101954e-08,7.051042019239701e-08,0.8,0.0,10.0,1.1138780979025696e-07,0.0,1.3914475198059034e-06,1.5028353295961604e-06,Canada,CAN,,gcp,northamerica-northeast2,Linux-6.8.0-1032-gcp-x86_64-with-glibc2.35,3.12.11,3.0.4,2,Intel(R) Xeon(R) CPU @ 2.60GHz,,,,,15.61648178100586,machine,Y,1.0
2025-08-07T11:26:16,scipy-benchmark,c0aabd0d-6901-4834-9736-d26afc740c17,scipy_LMC001_f7d9627c,1.0018049601931125,7.063833699657374e-08,7.051106732687489e-08,0.8,0.0,10.0,1.1139937045259609e-07,0.0,1.3915439699000368e-06,1.5029433403526329e-06,Canada,CAN,,gcp,northamerica-northeast2,Linux-6.8.0-1032-gcp-x86_64-with-glibc2.35,3.12.11,3.0.4,2,Intel(R) Xeon(R) CPU @ 2.60GHz,,,,,15.61648178100586,machine,Y,1.0
2025-08-07T11:26:18,scipy-benchmark,fd9a9cb1-b15d-4893-b37d-b86ca7510b3d,scipy_LMC001_f7d9627c,1.0017201548907906,7.063840345973668e-08,7.051710311992055e-08,0.8,0.0,10.0,1.113870048688518e-07,0.0,1.3915577495936304e-06,1.5029447544624825e-06,Canada,CAN,,gcp,northamerica-northeast2,Linux-6.8.0-1032-gcp-x86_64-with-glibc2.35,3.12.11,3.0.4,2,Intel(R) Xeon(R) CPU @ 2.60GHz,,,,,15.61648178100586,machine,Y,1.0
2025-08-07T11:26:20,scipy-benchmark,b788eeef-1e30-4688-bee3-dd7ef4e426ff,scipy_LMC001_f7d9627c,1.0016912990249691,7.06349045466373e-08,7.051564151090481e-08,0.8,0.0,10.0,1.113780655173792e-07,0.0,1.391492243985542e-06,1.5028703095029212e-06,Canada,CAN,,gcp,northamerica-northeast2,Linux-6.8.0-1032-gcp-x86_64-with-glibc2.35,3.12.11,3.0.4,2,Intel(R) Xeon(R) CPU @ 2.60GHz,,,,,15.61648178100586,machine,Y,1.0
2025-08-07T11:26:22,scipy-benchmark,05755ea9-a677-4e3c-9258-4ccf80a7900e,scipy_LMC001_f7d9627c,1.00179268210195,7.0636277258629e-08,7.050987546686882e-08,0.8,0.0,10.0,1.1139718800162276e-07,0.0,1.3915023281394194e-06,1.5028995161410422e-06,Canada,CAN,,gcp,northamerica-northeast2,Linux-6.8.0-1032-gcp-x86_64-with-glibc2.35,3.12.11,3.0.4,2,Intel(R) Xeon(R) CPU @ 2.60GHz,,,,,15.61648178100586,machine,Y,1.0
2025-08-07T11:26:24,scipy-benchmark,31cd8233-a657-4073-93c8-7b8588cfa6c1,scipy_LMC001_f7d9627c,1.001843259902671,7.063955577132374e-08,7.05095882745035e-08,0.8000072,0.0,10.0,1.1139687191516156e-07,0.0,1.3915723998151306e-06,1.5029692717302922e-06,Canada,CAN,,gcp,northamerica-northeast2,Linux-6.8.0-1032-gcp-x86_64-with-glibc2.35,3.12.11,3.0.4,2,Intel(R) Xeon(R) CPU @ 2.60GHz,,,,,15.61648178100586,machine,Y,1.0
2025-08-07T11:26:27,scipy-benchmark,dc7b349d-9bae-4b64-beee-21ff3b3e7a76,scipy_LMC001_f7d9627c,1.0017205418553203,7.06322022029716e-08,7.051088527360267e-08,0.8,0.0,10.0,1.1138829087010689e-07,0.0,1.3914245219590762e-06,1.5028128128291831e-06,Canada,CAN,,gcp,northamerica-northeast2,Linux-6.8.0-1032-gcp-x86_64-with-glibc2.35,3.12.11,3.0.4,2,Intel(R) Xeon(R) CPU @ 2.60GHz,,,,,15.61648178100586,machine,Y,1.0
2025-08-07T11:26:29,scipy-benchmark,19647a09-29b5-4ee8-8a54-1f9cdb6e79a4,scipy_LMC001_f7d9627c,1.0017141439020634,7.063276446732278e-08,7.05118969291787e-08,0.8,0.0,10.0,1.1138773735405673e-07,0.0,1.391437038546428e-06,1.5028247759004848e-06,Canada,CAN,,gcp,northamerica-northeast2,Linux-6.8.0-1032-gcp-x86_64-with-glibc2.35,3.12.11,3.0.4,2,Intel(R) Xeon(R) CPU @ 2.60GHz,,,,,15.61648178100586,machine,Y,1.0
2025-08-07T11:26:31,scipy-benchmark,7ab672af-f69f-440e-ae64-6b10759f3223,scipy_LMC001_f7d9627c,1.0016663370188326,7.062697002659036e-08,7.050947747409672e-08,0.8,0.0,10.0,1.1137418381662833e-07,0.0,1.391327306110826e-06,1.5027014899274543e-06,Canada,CAN,,gcp,northamerica-northeast2,Linux-6.8.0-1032-gcp-x86_64-with-glibc2.35,3.12.11,3.0.4,2,Intel(R) Xeon(R) CPU @ 2.60GHz,,,,,15.61648178100586,machine,Y,1.0
2025-08-07T11:26:33,scipy-benchmark,b317708d-8b15-4c0e-8b52-7ee27b014f20,scipy_LMC001_f7d9627c,1.0017648849170655,7.06321580295658e-08,7.050772001796942e-08,0.8,0.0,10.0,1.1139066755357717e-07,0.0,1.391421205415908e-06,1.502811872969485e-06,Canada,CAN,,gcp,northamerica-northeast2,Linux-6.8.0-1032-gcp-x86_64-with-glibc2.35,3.12.11,3.0.4,2,Intel(R) Xeon(R) CPU @ 2.60GHz,,,,,15.61648178100586,machine,Y,1.0
2025-08-07T11:26:35,scipy-benchmark,0c2050c9-139d-4d57-95ba-3325ebfb9fc0,scipy_LMC001_f7d9627c,1.0017564841546118,7.063622986675344e-08,7.051237599561311e-08,0.8,0.0,10.0,1.1138673514748617e-07,0.0,1.3915117726557785e-06,1.5028985078032649e-06,Canada,CAN,,gcp,northamerica-northeast2,Linux-6.8.0-1032-gcp-x86_64-with-glibc2.35,3.12.11,3.0.4,2,Intel(R) Xeon(R) CPU @ 2.60GHz,,,,,15.61648178100586,machine,Y,1.0
2025-08-07T11:26:37,scipy-benchmark,2d0f5087-0441-4b79-8405-62270eea69e2,scipy_LMC001_f7d9627c,1.0017104970756918,7.063223274864463e-08,7.051162282400189e-08,0.8,0.0,10.0,1.1137885403715905e-07,0.0,1.3914346086999608e-06,1.5028134627371198e-06,Canada,CAN,,gcp,northamerica-northeast2,Linux-6.8.0-1032-gcp-x86_64-with-glibc2.35,3.12.11,3.0.4,2,Intel(R) Xeon(R) CPU @ 2.60GHz,,,,,15.61648178100586,machine,Y,1.0
2025-08-07T11:26:39,scipy-benchmark,a80725fd-2493-4270-8848-c1faa8b22af4,scipy_LMC001_f7d9627c,1.0017152710352093,7.062969733497853e-08,7.050875570858296e-08,0.8,0.0,10.0,1.1137173712874453e-07,0.0,1.391387780636756e-06,1.5027595177655006e-06,Canada,CAN,,gcp,northamerica-northeast2,Linux-6.8.0-1032-gcp-x86_64-with-glibc2.35,3.12.11,3.0.4,2,Intel(R) Xeon(R) CPU @ 2.60GHz,,,,,15.61648178100586,machine,Y,1.0
2025-08-07T11:26:41,scipy-benchmark,b830504f-2ecf-4c09-bdbf-2604a4e47856,scipy_LMC001_f7d9627c,1.0017364649102092,7.063235932679125e-08,7.050992132259294e-08,0.8,0.0,10.0,1.1139021689693136e-07,0.0,1.3914259389922438e-06,1.5028161558891753e-06,Canada,CAN,,gcp,northamerica-northeast2,Linux-6.8.0-1032-gcp-x86_64-with-glibc2.35,3.12.11,3.0.4,2,Intel(R) Xeon(R) CPU @ 2.60GHz,,,,,15.61648178100586,machine,Y,1.0
2025-08-07T11:26:44,scipy-benchmark,9aa2c969-9af7-465f-aa35-b4e0eb11f0ed,scipy_LMC001_f7d9627c,1.0017113210633397,7.063059571602693e-08,7.05099305866394e-08,0.8,0.0,10.0,1.113816153568527e-07,0.0,1.3913970168990394e-06,1.502778632255892e-06,Canada,CAN,,gcp,northamerica-northeast2,Linux-6.8.0-1032-gcp-x86_64-with-glibc2.35,3.12.11,3.0.4,2,Intel(R) Xeon(R) CPU @ 2.60GHz,,,,,15.61648178100586,machine,Y,1.0
2025-08-07T11:26:46,scipy-benchmark,d527696e-388b-403e-ad37-7733cabf9e2b,scipy_LMC001_f7d9627c,1.001772961113602,7.064035632001328e-08,7.051533537248527e-08,0.8000072,0.0,10.0,1.113988879362388e-07,0.0,1.3915874167448944e-06,1.5029863046811332e-06,Canada,CAN,,gcp,northamerica-northeast2,Linux-6.8.0-1032-gcp-x86_64-with-glibc2.35,3.12.11,3.0.4,2,Intel(R) Xeon(R) CPU @ 2.60GHz,,,,,15.61648178100586,machine,Y,1.0
2025-08-07T11:26:48,scipy-benchmark,c007fd7b-8c4f-40a3-abf4-846c86e1eb3e,scipy_LMC001_f7d9627c,1.0016165908891708,7.062393117227799e-08,7.050994543688878e-08,0.8,0.0,10.0,1.113622033347686e-07,0.0,1.3912746301179544e-06,1.502636833452723e-06,Canada,CAN,,gcp,northamerica-northeast2,Linux-6.8.0-1032-gcp-x86_64-with-glibc2.35,3.12.11,3.0.4,2,Intel(R) Xeon(R) CPU @ 2.60GHz,,,,,15.61648178100586,machine,Y,1.0
2025-08-07T11:26:50,scipy-benchmark,58800d04-0fe1-459d-9270-21eb887101b0,scipy_LMC001_f7d9627c,1.001642241841182,7.063107069382547e-08,7.051526757097826e-08,0.8,0.0,10.0,1.1137247199399605e-07,0.0,1.3914162661725034e-06,1.5027887381664994e-06,Canada,CAN,,gcp,northamerica-northeast2,Linux-6.8.0-1032-gcp-x86_64-with-glibc2.35,3.12.11,3.0.4,2,Intel(R) Xeon(R) CPU @ 2.60GHz,,,,,15.61648178100586,machine,Y,1.0
2025-08-07T11:26:52,scipy-benchmark,c9a8d3c6-b59e-42ed-baaa-1da01105998f,scipy_LMC001_f7d9627c,1.0017427471466362,7.063235508818695e-08,7.050947490199069e-08,0.8,0.0,10.0,1.113811433315277e-07,0.0,1.3914349223745778e-06,1.5028160657061057e-06,Canada,CAN,,gcp,northamerica-northeast2,Linux-6.8.0-1032-gcp-x86_64-with-glibc2.35,3.12.11,3.0.4,2,Intel(R) Xeon(R) CPU @ 2.60GHz,,,,,15.61648178100586,machine,Y,1.0
2025-08-07T11:26:54,scipy-benchmark,6983e3a2-5210-43f4-b8f1-8566967528de,scipy_LMC001_f7d9627c,1.0017410260625184,7.063897657228842e-08,7.051620601977806e-08,0.8,0.0,10.0,1.1139518177757662e-07,0.0,1.3915617665689854e-06,1.502956948346562e-06,Canada,CAN,,gcp,northamerica-northeast2,Linux-6.8.0-1032-gcp-x86_64-with-glibc2.35,3.12.11,3.0.4,2,Intel(R) Xeon(R) CPU @ 2.60GHz,,,,,15.61648178100586,machine,Y,1.0
2025-08-07T11:26:56,scipy-benchmark,38d0013e-50f1-4d0a-9cbb-3a66e3b3ed70,scipy_LMC001_f7d9627c,1.0016210759058597,7.062999424397844e-08,7.051568296933162e-08,0.8,0.0,10.0,1.1136923264712097e-07,0.0,1.3913966023311434e-06,1.5027658349782644e-06,Canada,CAN,,gcp,northamerica-northeast2,Linux-6.8.0-1032-gcp-x86_64-with-glibc2.35,3.12.11,3.0.4,2,Intel(R) Xeon(R) CPU @ 2.60GHz,,,,,15.61648178100586,machine,Y,1.0
2025-08-07T11:26:58,scipy-benchmark,d0e8e518-4b16-4421-8130-c66ac1e38d52,scipy_LMC001_f7d9627c,1.001705511007458,7.06275680831944e-08,7.050731707781187e-08,0.8,0.0,10.0,1.1137467576190837e-07,0.0,1.3913395387741426e-06,1.5027142145360509e-06,Canada,CAN,,gcp,northamerica-northeast2,Linux-6.8.0-1032-gcp-x86_64-with-glibc2.35,3.12.11,3.0.4,2,Intel(R) Xeon(R) CPU @ 2.60GHz,,,,,15.61648178100586,machine,Y,1.0
2025-08-07T11:27:01,scipy-benchmark,c559cb54-dea4-4ef9-a649-15df18eecac0,scipy_LMC001_f7d9627c,1.0016974778845906,7.06320774583922e-08,7.051238424554563e-08,0.8,0.0,10.0,1.1138260023047529e-07,0.0,1.3914275584587206e-06,1.5028101586891958e-06,Canada,CAN,,gcp,northamerica-northeast2,Linux-6.8.0-1032-gcp-x86_64-with-glibc2.35,3.12.11,3.0.4,2,Intel(R) Xeon(R) CPU @ 2.60GHz,,,,,15.61648178100586,machine,Y,1.0
2025-08-07T11:27:03,scipy-benchmark,b039fd6c-5172-41e7-915b-1ead22cb69b6,scipy_LMC001_f7d9627c,1.001860607881099,7.063975303449358e-08,7.05085642441759e-08,0.8,0.0,10.0,1.1140038021322757e-07,0.0,1.3915730886057848e-06,1.5029734688190124e-06,Canada,CAN,,gcp,northamerica-northeast2,Linux-6.8.0-1032-gcp-x86_64-with-glibc2.35,3.12.11,3.0.4,2,Intel(R) Xeon(R) CPU @ 2.60GHz,,,,,15.61648178100586,machine,Y,1.0
2025-08-07T11:27:05,scipy-benchmark,01fe2edd-6601-4479-a075-29dc740ce4b2,scipy_LMC001_f7d9627c,1.0016886701341718,7.062891608944889e-08,7.05098482146039e-08,0.8,0.0,10.0,1.1138336758853664e-07,0.0,1.3913595279316524e-06,1.502742895520189e-06,Canada,CAN,,gcp,northamerica-northeast2,Linux-6.8.0-1032-gcp-x86_64-with-glibc2.35,3.12.11,3.0.4,2,Intel(R) Xeon(R) CPU @ 2.60GHz,,,,,15.61648178100586,machine,Y,1.0
2025-08-07T11:27:07,scipy-benchmark,d30f0397-f863-4fdc-8bea-1dd5483af75a,scipy_LMC001_f7d9627c,1.0016919588670137,7.063167691758524e-08,7.051237288305161e-08,0.8,0.0,10.0,1.11382394666887e-07,0.0,1.3914192418774795e-06,1.5028016365443667e-06,Canada,CAN,,gcp,northamerica-northeast2,Linux-6.8.0-1032-gcp-x86_64-with-glibc2.35,3.12.11,3.0.4,2,Intel(R) Xeon(R) CPU @ 2.60GHz,,,,,15.61648178100586,machine,Y,1.0
2025-08-07T11:27:09,scipy-benchmark,b77d571a-7a6d-4ff2-a1ce-f20f6d0e4008,scipy_LMC001_f7d9627c,1.0016884470824152,7.06299575811459e-08,7.05109036515969e-08,0.8,0.0,10.0,1.1137749353009793e-07,0.0,1.3913875613878998e-06,1.5027650549179977e-06,Canada,CAN,,gcp,northamerica-northeast2,Linux-6.8.0-1032-gcp-x86_64-with-glibc2.35,3.12.11,3.0.4,2,Intel(R) Xeon(R) CPU @ 2.60GHz,,,,,15.61648178100586,machine,Y,1.0
2025-08-07T11:27:11,scipy-benchmark,fc1db152-c721-484e-9491-175147af0764,scipy_LMC001_f7d9627c,1.001692424993962,7.062833871032732e-08,7.050900750372856e-08,0.8,0.0,10.0,1.1137951915669773e-07,0.0,1.3913510917013304e-06,1.5027306108580282e-06,Canada,CAN,,gcp,northamerica-northeast2,Linux-6.8.0-1032-gcp-x86_64-with-glibc2.35,3.12.11,3.0.4,2,Intel(R) Xeon(R) CPU @ 2.60GHz,,,,,15.61648178100586,machine,Y,1.0
2025-08-07T11:27:13,scipy-benchmark,0436522c-8c4a-4fb9-be73-ff32871e4528,scipy_LMC001_f7d9627c,1.0016308908816427,7.06311970640543e-08,7.051619284813016e-08,0.8,0.0,10.0,1.113701548634304e-07,0.0,1.391421272031342e-06,1.5027914268947724e-06,Canada,CAN,,gcp,northamerica-northeast2,Linux-6.8.0-1032-gcp-x86_64-with-glibc2.35,3.12.11,3.0.4,2,Intel(R) Xeon(R) CPU @ 2.60GHz,,,,,15.61648178100586,machine,Y,1.0
2025-08-07T11:27:15,scipy-benchmark,dd4ff10a-7d9c-4117-b16b-355e12db012e,scipy_LMC001_f7d9627c,1.0017163220327348,7.06271726576508e-08,7.050616137943174e-08,0.8,0.0,10.0,1.113822398086389e-07,0.0,1.391323561417974e-06,1.5027058012266129e-06,Canada,CAN,,gcp,northamerica-northeast2,Linux-6.8.0-1032-gcp-x86_64-with-glibc2.35,3.12.11,3.0.4,2,Intel(R) Xeon(R) CPU @ 2.60GHz,,,,,15.61648178100586,machine,Y,1.0
2025-08-07T11:27:18,scipy-benchmark,681c37d7-940f-4d03-9d97-f9a1c314a122,scipy_LMC001_f7d9627c,1.0017942800186574,7.063846519429029e-08,7.051194701668163e-08,0.8,0.0,10.0,1.1139351243360177e-07,0.0,1.3915525555300214e-06,1.5029460679636232e-06,Canada,CAN,,gcp,northamerica-northeast2,Linux-6.8.0-1032-gcp-x86_64-with-glibc2.35,3.12.11,3.0.4,2,Intel(R) Xeon(R) CPU @ 2.60GHz,,,,,15.61648178100586,machine,Y,1.0
2025-08-07T11:27:20,scipy-benchmark,e0d70ef2-f55e-4403-aefc-fea73e662fda,scipy_LMC001_f7d9627c,1.0018481409642843,7.064340936687466e-08,7.051309123444595e-08,0.8,0.0,10.0,1.114146686676476e-07,0.0,1.391636594457345e-06,1.5030512631249926e-06,Canada,CAN,,gcp,northamerica-northeast2,Linux-6.8.0-1032-gcp-x86_64-with-glibc2.35,3.12.11,3.0.4,2,Intel(R) Xeon(R) CPU @ 2.60GHz,,,,,15.61648178100586,machine,Y,1.0
2025-08-07T11:27:22,scipy-benchmark,a06f7068-73d1-4f4e-9865-5ca058c626eb,scipy_LMC001_f7d9627c,1.0017100479453802,7.063333603568998e-08,7.051275584243851e-08,0.8,0.0,10.0,1.1137732868600225e-07,0.0,1.3914596082435717e-06,1.5028369369295735e-06,Canada,CAN,,gcp,northamerica-northeast2,Linux-6.8.0-1032-gcp-x86_64-with-glibc2.35,3.12.11,3.0.4,2,Intel(R) Xeon(R) CPU @ 2.60GHz,,,,,15.61648178100586,machine,Y,1.0
2025-08-07T11:27:24,scipy-benchmark,54094dec-ea37-4099-ae33-2d24124fa99c,scipy_LMC001_f7d9627c,1.0018085739575326,7.064755004551261e-08,7.05200093930394e-08,0.8,0.0,10.0,1.1140194866392349e-07,0.0,1.3917374140065577e-06,1.5031393626704811e-06,Canada,CAN,,gcp,northamerica-northeast2,Linux-6.8.0-1032-gcp-x86_64-with-glibc2.35,3.12.11,3.0.4,2,Intel(R) Xeon(R) CPU @ 2.60GHz,,,,,15.61648178100586,machine,Y,1.0
2025-08-07T11:27:26,scipy-benchmark,14bc48ff-e103-4e7e-87bf-cd4564c56fc4,scipy_LMC001_f7d9627c,1.0017600681167096,7.063380114529798e-08,7.050969927169109e-08,0.8,0.0,10.0,1.1138804665663177e-07,0.0,1.3914587862220488e-06,1.5028468328786803e-06,Canada,CAN,,gcp,northamerica-northeast2,Linux-6.8.0-1032-gcp-x86_64-with-glibc2.35,3.12.11,3.0.4,2,Intel(R) Xeon(R) CPU @ 2.60GHz,,,,,15.61648178100586,machine,Y,1.0
2025-08-07T11:27:28,scipy-benchmark,fb8c161a-e329-41d5-823c-22929b987b8f,scipy_LMC001_f7d9627c,1.00174378301017,7.063288195180294e-08,7.050992793741737e-08,0.8,0.0,10.0,1.1138477843875689e-07,0.0,1.3914424971315184e-06,1.5028272755702753e-06,Canada,CAN,,gcp,northamerica-northeast2,Linux-6.8.0-1032-gcp-x86_64-with-glibc2.35,3.12.11,3.0.4,2,Intel(R) Xeon(R) CPU @ 2.60GHz,,,,,15.61648178100586,machine,Y,1.0
2025-08-07T11:27:30,scipy-benchmark,fa566468-0699-4441-bdee-152fa0ac8a0e,scipy_LMC001_f7d9627c,1.0017391790170225,7.063255511237207e-08,7.05099257290523e-08,0.8,0.0,10.0,1.1138547418846025e-07,0.0,1.3914348473513709e-06,1.502820321539831e-06,Canada,CAN,,gcp,northamerica-northeast2,Linux-6.8.0-1032-gcp-x86_64-with-glibc2.35,3.12.11,3.0.4,2,Intel(R) Xeon(R) CPU @ 2.60GHz,,,,,15.61648178100586,machine,Y,1.0
2025-08-07T11:27:32,scipy-benchmark,fbf7c545-c95d-44fe-9446-ec782b41a17d,scipy_LMC001_f7d9627c,1.0016801510937512,7.06334086828865e-08,7.05149329411796e-08,0.8,0.0,10.0,1.1138247936550116e-07,0.0,1.3914560032491055e-06,1.5028384826146066e-06,Canada,CAN,,gcp,northamerica-northeast2,Linux-6.8.0-1032-gcp-x86_64-with-glibc2.35,3.12.11,3.0.4,2,Intel(R) Xeon(R) CPU @ 2.60GHz,,,,,15.61648178100586,machine,Y,1.0
2025-08-07T11:27:35,scipy-benchmark,a30f8e17-2f5c-48e8-8068-377e2ea0ea70,scipy_LMC001_f7d9627c,1.001659853151068,7.063118808711363e-08,7.051414496140456e-08,0.8,0.0,10.0,1.11370413357185e-07,0.0,1.3914208225388494e-06,1.5027912358960343e-06,Canada,CAN,,gcp,northamerica-northeast2,Linux-6.8.0-1032-gcp-x86_64-with-glibc2.35,3.12.11,3.0.4,2,Intel(R) Xeon(R) CPU @ 2.60GHz,,,,,15.61648178100586,machine,Y,1.0
2025-08-07T11:27:37,scipy-benchmark,15eefd2f-947d-4d7f-9dac-158cacc2efd2,scipy_LMC001_f7d9627c,1.0018399129621685,7.063620641150318e-08,7.050648062388642e-08,0.8000072,0.0,10.0,1.1140745085175605e-07,0.0,1.391490557903631e-06,1.502898008755387e-06,Canada,CAN,,gcp,northamerica-northeast2,Linux-6.8.0-1032-gcp-x86_64-with-glibc2.35,3.12.11,3.0.4,2,Intel(R) Xeon(R) CPU @ 2.60GHz,,,,,15.61648178100586,machine,Y,1.0
2025-08-07T11:27:39,scipy-benchmark,8fdaa80d-9bfe-4942-bc93-3a71ad9f2bd6,scipy_LMC001_f7d9627c,1.0017561980057508,7.063684438412182e-08,7.051300957732263e-08,0.8,0.0,10.0,1.1139183553556601e-07,0.0,1.3915197471053236e-06,1.5029115826408896e-06,Canada,CAN,,gcp,northamerica-northeast2,Linux-6.8.0-1032-gcp-x86_64-with-glibc2.35,3.12.11,3.0.4,2,Intel(R) Xeon(R) CPU @ 2.60GHz,,,,,15.61648178100586,machine,Y,1.0
2025-08-07T11:27:41,scipy-benchmark,9e61e211-9b22-4a49-9162-1d87e7c87758,scipy_LMC001_f7d9627c,1.0016626520082357,7.062936016045407e-08,7.051212303748086e-08,0.8,0.0,10.0,1.113758464343846e-07,0.0,1.391376497405064e-06,1.5027523438394485e-06,Canada,CAN,,gcp,northamerica-northeast2,Linux-6.8.0-1032-gcp-x86_64-with-glibc2.35,3.12.11,3.0.4,2,Intel(R) Xeon(R) CPU @ 2.60GHz,,,,,15.61648178100586,machine,Y,1.0
2025-08-07T11:27:43,scipy-benchmark,3a7e708f-c95f-4f40-bd46-057325937397,scipy_LMC001_f7d9627c,1.0017095040529966,7.063356969999669e-08,7.051302739387778e-08,0.8,0.0,10.0,1.113875693538123e-07,0.0,1.3914543391567553e-06,1.5028419085105675e-06,Canada,CAN,,gcp,northamerica-northeast2,Linux-6.8.0-1032-gcp-x86_64-with-glibc2.35,3.12.11,3.0.4,2,Intel(R) Xeon(R) CPU @ 2.60GHz,,,,,15.61648178100586,machine,Y,1.0
2025-08-07T11:27:45,scipy-benchmark,801a8b05-c205-403e-a722-69fe1ba66f38,scipy_LMC001_f7d9627c,1.001641177106649,7.062526547176661e-08,7.05095468177292e-08,0.8,0.0,10.0,1.1137152514937853e-07,0.0,1.3912936976541663e-06,1.5026652228035449e-06,Canada,CAN,,gcp,northamerica-northeast2,Linux-6.8.0-1032-gcp-x86_64-with-glibc2.35,3.12.11,3.0.4,2,Intel(R) Xeon(R) CPU @ 2.60GHz,,,,,15.61648178100586,machine,Y,1.0
2025-08-07T11:27:47,scipy-benchmark,02ab7bb0-0651-46e6-921c-16fc9ff5c25c,scipy_LMC001_f7d9627c,1.0017530990298835,7.063133504363293e-08,7.05077280140522e-08,0.8,0.0,10.0,1.1138822976499797e-07,0.0,1.3914061328654902e-06,1.502794362630488e-06,Canada,CAN,,gcp,northamerica-northeast2,Linux-6.8.0-1032-gcp-x86_64-with-glibc2.35,3.12.11,3.0.4,2,Intel(R) Xeon(R) CPU @ 2.60GHz,,,,,15.61648178100586,machine,Y,1.0
2025-08-07T11:27:49,scipy-benchmark,67ac5f86-ca0b-40d3-8f47-31530a318bfb,scipy_LMC001_f7d9627c,1.001669374993071,7.062402165176658e-08,7.05063201640313e-08,0.8,0.0,10.0,1.113702247126235e-07,0.0,1.3912685338356016e-06,1.5026387585482251e-06,Canada,CAN,,gcp,northamerica-northeast2,Linux-6.8.0-1032-gcp-x86_64-with-glibc2.35,3.12.11,3.0.4,2,Intel(R) Xeon(R) CPU @ 2.60GHz,,,,,15.61648178100586,machine,Y,1.0
2025-08-07T11:27:52,scipy-benchmark,0933e6b6-7075-4478-9e2b-79c111337f86,scipy_LMC001_f7d9627c,1.0025654311757537,7.063143575729594e-08,7.045069933686351e-08,0.8,0.0,10.0,1.1138814713598953e-07,0.0,1.3914083583383924e-06,1.5027965054743818e-06,Canada,CAN,,gcp,northamerica-northeast2,Linux-6.8.0-1032-gcp-x86_64-with-glibc2.35,3.12.11,3.0.4,2,Intel(R) Xeon(R) CPU @ 2.60GHz,,,,,15.61648178100586,machine,Y,1.0
2025-08-07T11:27:54,scipy-benchmark,12c929e3-975b-42ec-90a3-6632a5380fc2,scipy_LMC001_f7d9627c,1.001704155933112,7.06303956821147e-08,7.051023524637448e-08,0.8,0.0,10.0,1.1138571534926697e-07,0.0,1.3913886608659392e-06,1.502774376215206e-06,Canada,CAN,,gcp,northamerica-northeast2,Linux-6.8.0-1032-gcp-x86_64-with-glibc2.35,3.12.11,3.0.4,2,Intel(R) Xeon(R) CPU @ 2.60GHz,,,,,15.61648178100586,machine,Y,1.0
2025-08-07T11:27:56,scipy-benchmark,be19c6c4-6951-4883-824e-430ab507510c,scipy_LMC001_f7d9627c,1.0017831260338426,7.063674653996715e-08,7.051101651075411e-08,0.8,0.0,10.0,1.1139926423008245e-07,0.0,1.3915102366202822e-06,1.5029095008503647e-06,Canada,CAN,,gcp,northamerica-northeast2,Linux-6.8.0-1032-gcp-x86_64-with-glibc2.35,3.12.11,3.0.4,2,Intel(R) Xeon(R) CPU @ 2.60GHz,,,,,15.61648178100586,machine,Y,1.0
2025-08-07T11:27:58,scipy-benchmark,dd63d3cd-7545-44f0-a1ed-4662449eacaa,scipy_LMC001_f7d9627c,1.0016762549057605,7.062785322599425e-08,7.050966106073769e-08,0.8,0.0,10.0,1.1138073422221685e-07,0.0,1.391339547181916e-06,1.5027202814041328e-06,Canada,CAN,,gcp,northamerica-northeast2,Linux-6.8.0-1032-gcp-x86_64-with-glibc2.35,3.12.11,3.0.4,2,Intel(R) Xeon(R) CPU @ 2.60GHz,,,,,15.61648178100586,machine,Y,1.0
2025-08-07T11:28:00,scipy-benchmark,793d89f4-2eb0-40c3-a1c9-7dbd33cd64b3,scipy_LMC001_f7d9627c,1.001710908021778,7.063071917662293e-08,7.051008291015574e-08,0.8,0.0,10.0,1.113798591411776e-07,0.0,1.3914013999359062e-06,1.5027812590770835e-06,Canada,CAN,,gcp,northamerica-northeast2,Linux-6.8.0-1032-gcp-x86_64-with-glibc2.35,3.12.11,3.0.4,2,Intel(R) Xeon(R) CPU @ 2.60GHz,,,,,15.61648178100586,machine,Y,1.0
2025-08-07T11:28:02,scipy-benchmark,3e0cdd9b-bb0e-4826-9121-d8912803c13d,scipy_LMC001_f7d9627c,1.0017586301546544,7.063626378531467e-08,7.051225880071492e-08,0.8,0.0,10.0,1.1138125446935496e-07,0.0,1.3915179750054248e-06,1.50289922947478e-06,Canada,CAN,,gcp,northamerica-northeast2,Linux-6.8.0-1032-gcp-x86_64-with-glibc2.35,3.12.11,3.0.4,2,Intel(R) Xeon(R) CPU @ 2.60GHz,,,,,15.61648178100586,machine,Y,1.0
2025-08-07T11:28:04,scipy-benchmark,9774a060-c31e-4e5a-8195-5914e0848729,scipy_LMC001_f7d9627c,1.0017239630687982,7.063138072109886e-08,7.050982438786672e-08,0.8,0.0,10.0,1.113887068608569e-07,0.0,1.391406627630608e-06,1.5027953344914649e-06,Canada,CAN,,gcp,northamerica-northeast2,Linux-6.8.0-1032-gcp-x86_64-with-glibc2.35,3.12.11,3.0.4,2,Intel(R) Xeon(R) CPU @ 2.60GHz,,,,,15.61648178100586,machine,Y,1.0
2025-08-07T11:28:06,scipy-benchmark,e54749d4-6699-4cfc-9202-e968725b40a9,scipy_LMC001_f7d9627c,1.0016888109967113,7.063054763595574e-08,7.051146709493159e-08,0.8,0.0,10.0,1.113743842062023e-07,0.0,1.3914032250694517e-06,1.502777609275654e-06,Canada,CAN,,gcp,northamerica-northeast2,Linux-6.8.0-1032-gcp-x86_64-with-glibc2.35,3.12.11,3.0.4,2,Intel(R) Xeon(R) CPU @ 2.60GHz,,,,,15.61648178100586,machine,Y,1.0
2025-08-07T11:28:09,scipy-benchmark,8ef071fd-50e9-469d-8758-1f067d2c077f,scipy_LMC001_f7d9627c,1.0017972448840735,7.064677731488416e-08,7.0520035541782e-08,0.8,0.0,10.0,1.114048939715657e-07,0.0,1.3917180276217146e-06,1.5031229215932802e-06,Canada,CAN,,gcp,northamerica-northeast2,Linux-6.8.0-1032-gcp-x86_64-with-glibc2.35,3.12.11,3.0.4,2,Intel(R) Xeon(R) CPU @ 2.60GHz,,,,,15.61648178100586,machine,Y,1.0
2025-08-07T11:28:11,scipy-benchmark,1378c709-801f-48b9-8bff-d15f87f6dc4c,scipy_LMC001_f7d9627c,1.0016918659675866,7.062523922427662e-08,7.050595260255607e-08,0.8,0.0,10.0,1.1137817862133185e-07,0.0,1.391286485724979e-06,1.5026646643463109e-06,Canada,CAN,,gcp,northamerica-northeast2,Linux-6.8.0-1032-gcp-x86_64-with-glibc2.35,3.12.11,3.0.4,2,Intel(R) Xeon(R) CPU @ 2.60GHz,,,,,15.61648178100586,machine,Y,1.0
2025-08-07T11:28:13,scipy-benchmark,67a26619-75d0-4d10-bc43-a140ea25cc00,scipy_LMC001_f7d9627c,1.0025283400900662,7.063191808516989e-08,7.045378695112437e-08,0.8,0.0,10.0,1.1138372557858628e-07,0.0,1.3914230421909857e-06,1.502806767769572e-06,Canada,CAN,,gcp,northamerica-northeast2,Linux-6.8.0-1032-gcp-x86_64-with-glibc2.35,3.12.11,3.0.4,2,Intel(R) Xeon(R) CPU @ 2.60GHz,,,,,15.61648178100586,machine,Y,1.0
2025-08-07T11:28:15,scipy-benchmark,808172db-1c21-4155-9c27-54d16e31b07b,scipy_LMC001_f7d9627c,1.0017988081090152,7.063646422411936e-08,7.050963092824196e-08,0.8,0.0,10.0,1.1139274398899741e-07,0.0,1.3915107501412016e-06,1.502903494130199e-06,Canada,CAN,,gcp,northamerica-northeast2,Linux-6.8.0-1032-gcp-x86_64-with-glibc2.35,3.12.11,3.0.4,2,Intel(R) Xeon(R) CPU @ 2.60GHz,,,,,15.61648178100586,machine,Y,1.0
2025-08-07T11:28:17,scipy-benchmark,33a8ffcd-38f0-4f07-afd0-e8e36c366974,scipy_LMC001_f7d9627c,1.001708087977022,7.062816847188195e-08,7.050773505734343e-08,0.8,0.0,10.0,1.1138364708878929e-07,0.0,1.3913433416746555e-06,1.502726988763445e-06,Canada,CAN,,gcp,northamerica-northeast2,Linux-6.8.0-1032-gcp-x86_64-with-glibc2.35,3.12.11,3.0.4,2,Intel(R) Xeon(R) CPU @ 2.60GHz,,,,,15.61648178100586,machine,Y,1.0
2025-08-07T11:28:19,scipy-benchmark,20992e77-2093-4145-8827-4a518ffcee7f,scipy_LMC001_f7d9627c,1.0017369100823998,7.06273634884662e-08,7.050490281191358e-08,0.8,0.0,10.0,1.1138858113230933e-07,0.0,1.391321280324418e-06,1.5027098614567273e-06,Canada,CAN,,gcp,northamerica-northeast2,Linux-6.8.0-1032-gcp-x86_64-with-glibc2.35,3.12.11,3.0.4,2,Intel(R) Xeon(R) CPU @ 2.60GHz,,,,,15.61648178100586,machine,Y,1.0
2025-08-07T11:28:21,scipy-benchmark,07a00f55-252b-4e66-a749-1638523ec78c,scipy_LMC001_f7d9627c,1.001690916949883,7.062763871443977e-08,7.050841484067627e-08,0.8,0.0,10.0,1.1137392268412645e-07,0.0,1.391341794644379e-06,1.5027157173285054e-06,Canada,CAN,,gcp,northamerica-northeast2,Linux-6.8.0-1032-gcp-x86_64-with-glibc2.35,3.12.11,3.0.4,2,Intel(R) Xeon(R) CPU @ 2.60GHz,,,,,15.61648178100586,machine,Y,1.0
2025-08-07T11:28:23,scipy-benchmark,7b76a10a-d903-45e1-a07b-7981cbc336c5,scipy_LMC001_f7d9627c,1.0027173690032214,7.063147819197428e-08,7.044006653857748e-08,0.8,0.0,10.0,1.1138242467616996e-07,0.0,1.391414983663708e-06,1.502797408339878e-06,Canada,CAN,,gcp,northamerica-northeast2,Linux-6.8.0-1032-gcp-x86_64-with-glibc2.35,3.12.11,3.0.4,2,Intel(R) Xeon(R) CPU @ 2.60GHz,,,,,15.61648178100586,machine,Y,1.0
2025-08-07T11:28:26,scipy-benchmark,0c73be0a-bc9e-47b9-81ae-e524d6b0ed94,scipy_LMC001_f7d9627c,1.001671516802162,7.062552524251969e-08,7.050767048661998e-08,0.8,0.0,10.0,1.1138041400247152e-07,0.0,1.3912903358383726e-06,1.502670749840844e-06,Canada,CAN,,gcp,northamerica-northeast2,Linux-6.8.0-1032-gcp-x86_64-with-glibc2.35,3.12.11,3.0.4,2,Intel(R) Xeon(R) CPU @ 2.60GHz,,,,,15.61648178100586,machine,Y,1.0
2025-08-07T11:28:28,scipy-benchmark,aa1283b4-03aa-46e3-bd26-0615dcb82110,scipy_LMC001_f7d9627c,1.001776505028829,7.063006881471828e-08,7.050481665337689e-08,0.8,0.0,10.0,1.1138654955559309e-07,0.0,1.3913808720341574e-06,1.5027674215897506e-06,Canada,CAN,,gcp,northamerica-northeast2,Linux-6.8.0-1032-gcp-x86_64-with-glibc2.35,3.12.11,3.0.4,2,Intel(R) Xeon(R) CPU @ 2.60GHz,,,,,15.61648178100586,machine,Y,1.0
2025-08-07T11:28:30,scipy-benchmark,82ac3167-0320-4ba1-b9df-587d38a10d97,scipy_LMC001_f7d9627c,1.001768420916051,7.063103624635068e-08,7.050635133992672e-08,0.8,0.0,10.0,1.1138266335344977e-07,0.0,1.3914053418880536e-06,1.5027880052415031e-06,Canada,CAN,,gcp,northamerica-northeast2,Linux-6.8.0-1032-gcp-x86_64-with-glibc2.35,3.12.11,3.0.4,2,Intel(R) Xeon(R) CPU @ 2.60GHz,,,,,15.61648178100586,machine,Y,1.0
2025-08-07T11:28:32,scipy-benchmark,9f61b545-e4d1-46fa-bb4e-9072e615d9ce,scipy_LMC001_f7d9627c,1.0016889569815248,7.06305531561116e-08,7.05114623295326e-08,0.8,0.0,10.0,1.1137467110529545e-07,0.0,1.3914030556204833e-06,1.5027777267257786e-06,Canada,CAN,,gcp,northamerica-northeast2,Linux-6.8.0-1032-gcp-x86_64-with-glibc2.35,3.12.11,3.0.4,2,Intel(R) Xeon(R) CPU @ 2.60GHz,,,,,15.61648178100586,machine,Y,1.0
2025-08-07T11:28:34,scipy-benchmark,b8d09831-2789-4eff-a486-8b2c2b1e5f37,scipy_LMC001_f7d9627c,1.001753716962412,7.06357484556631e-08,7.051209020701195e-08,0.8,0.0,10.0,1.113904764254888e-07,0.0,1.39149778858862e-06,1.5028882650141087e-06,Canada,CAN,,gcp,northamerica-northeast2,Linux-6.8.0-1032-gcp-x86_64-with-glibc2.35,3.12.11,3.0.4,2,Intel(R) Xeon(R) CPU @ 2.60GHz,,,,,15.61648178100586,machine,Y,1.0
2025-08-07T11:28:36,scipy-benchmark,ab8d4fdc-cd8d-4876-9d3f-ec99ae076910,scipy_LMC001_f7d9627c,1.0016718190163374,7.062877732197133e-08,7.051089586540458e-08,0.8,0.0,10.0,1.1137534843550789e-07,0.0,1.3913645945851588e-06,1.5027399430206667e-06,Canada,CAN,,gcp,northamerica-northeast2,Linux-6.8.0-1032-gcp-x86_64-with-glibc2.35,3.12.11,3.0.4,2,Intel(R) Xeon(R) CPU @ 2.60GHz,,,,,15.61648178100586,machine,Y,1.0
2025-08-07T11:28:38,scipy-benchmark,b4ab84cc-2d1f-4fd4-82a0-0878034a4159,scipy_LMC001_f7d9627c,1.001726927002892,7.062869651491445e-08,7.050693618292897e-08,0.8,0.0,10.0,1.1137710154677433e-07,0.0,1.391361122174809e-06,1.5027382237215836e-06,Canada,CAN,,gcp,northamerica-northeast2,Linux-6.8.0-1032-gcp-x86_64-with-glibc2.35,3.12.11,3.0.4,2,Intel(R) Xeon(R) CPU @ 2.60GHz,,,,,15.61648178100586,machine,Y,1.0
2025-08-07T11:28:41,scipy-benchmark,fc5f6b95-1d93-43fb-9847-a08b1b2c4fb4,scipy_LMC001_f7d9627c,1.0017303659114989,7.063677732030757e-08,7.051476098164744e-08,0.8,0.0,10.0,1.11392703321245e-07,0.0,1.39151745242998e-06,1.5029101557512248e-06,Canada,CAN,,gcp,northamerica-northeast2,Linux-6.8.0-1032-gcp-x86_64-with-glibc2.35,3.12.11,3.0.4,2,Intel(R) Xeon(R) CPU @ 2.60GHz,,,,,15.61648178100586,machine,Y,1.0
2025-08-07T11:28:43,scipy-benchmark,0899c7f5-b99f-4cea-b259-d23780e2c53e,scipy_LMC001_f7d9627c,1.001710691023618,7.06346836625857e-08,7.051405590011848e-08,0.8,0.0,10.0,1.113845042159988e-07,0.0,1.39148110562625e-06,1.5028656098422488e-06,Canada,CAN,,gcp,northamerica-northeast2,Linux-6.8.0-1032-gcp-x86_64-with-glibc2.35,3.12.11,3.0.4,2,Intel(R) Xeon(R) CPU @ 2.60GHz,,,,,15.61648178100586,machine,Y,1.0
2025-08-07T11:28:45,scipy-benchmark,ac81b8e7-f3ef-4734-9d4a-606fd95c7977,scipy_LMC001_f7d9627c,1.001635962864384,7.062505736432247e-08,7.05097061035584e-08,0.8,0.0,10.0,1.1135995331116849e-07,0.0,1.3913008416744156e-06,1.502660794985584e-06,Canada,CAN,,gcp,northamerica-northeast2,Linux-6.8.0-1032-gcp-x86_64-with-glibc2.35,3.12.11,3.0.4,2,Intel(R) Xeon(R) CPU @ 2.60GHz,,,,,15.61648178100586,machine,Y,1.0
2025-08-07T11:28:47,scipy-benchmark,37c005b6-ebb8-45e7-b9d5-3867b7728355,scipy_LMC001_f7d9627c,1.00167856994085,7.063528774758906e-08,7.051692016507863e-08,0.8,0.0,10.0,1.1137981329941089e-07,0.0,1.3914986494152497e-06,1.5028784627146606e-06,Canada,CAN,,gcp,northamerica-northeast2,Linux-6.8.0-1032-gcp-x86_64-with-glibc2.35,3.12.11,3.0.4,2,Intel(R) Xeon(R) CPU @ 2.60GHz,,,,,15.61648178100586,machine,Y,1.0
2025-08-07T11:28:49,scipy-benchmark,84e33ca7-c8b7-4f58-8236-5757b7be5c37,scipy_LMC001_f7d9627c,1.00172977312468,7.063269929787041e-08,7.051073172912386e-08,0.8,0.0,10.0,1.1138680867022941e-07,0.0,1.3914365806461623e-06,1.5028233893163917e-06,Canada,CAN,,gcp,northamerica-northeast2,Linux-6.8.0-1032-gcp-x86_64-with-glibc2.35,3.12.11,3.0.4,2,Intel(R) Xeon(R) CPU @ 2.60GHz,,,,,15.61648178100586,machine,Y,1.0
2025-08-07T11:28:51,scipy-benchmark,0a24d3e7-3ab9-44ae-affb-218c5d777fac,scipy_LMC001_f7d9627c,1.0017647589556873,7.06352274976412e-08,7.05107929443201e-08,0.8,0.0,10.0,1.1139481400863993e-07,0.0,1.3914823667922368e-06,1.5028771808008767e-06,Canada,CAN,,gcp,northamerica-northeast2,Linux-6.8.0-1032-gcp-x86_64-with-glibc2.35,3.12.11,3.0.4,2,Intel(R) Xeon(R) CPU @ 2.60GHz,,,,,15.61648178100586,machine,Y,1.0
2025-08-07T11:28:53,scipy-benchmark,a7b6924f-f09d-4690-aede-5ba8496ca5ce,scipy_LMC001_f7d9627c,1.0017211050726471,7.06264451023243e-08,7.050509841978653e-08,0.8,0.0,10.0,1.1137373512610797e-07,0.0,1.391316586199941e-06,1.502690321326049e-06,Canada,CAN,,gcp,northamerica-northeast2,Linux-6.8.0-1032-gcp-x86_64-with-glibc2.35,3.12.11,3.0.4,2,Intel(R) Xeon(R) CPU @ 2.60GHz,,,,,15.61648178100586,machine,Y,1.0
2025-08-07T11:28:55,scipy-benchmark,27699518-6230-4131-bc6e-d22692524610,scipy_LMC001_f7d9627c,1.0016770968213675,7.062735037384036e-08,7.050909978671057e-08,0.8,0.0,10.0,1.1137033533304933e-07,0.0,1.391339247089086e-06,1.5027095824221354e-06,Canada,CAN,,gcp,northamerica-northeast2,Linux-6.8.0-1032-gcp-x86_64-with-glibc2.35,3.12.11,3.0.4,2,Intel(R) Xeon(R) CPU @ 2.60GHz,,,,,15.61648178100586,machine,Y,1.0
2025-08-07T11:28:58,scipy-benchmark,b22146cf-b151-4834-a5bf-4204e09a5818,scipy_LMC001_f7d9627c,1.0017138968687505,7.063089064068888e-08,7.051004369758011e-08,0.8,0.0,10.0,1.1138056265190245e-07,0.0,1.3914043445967966e-06,1.502784907248699e-06,Canada,CAN,,gcp,northamerica-northeast2,Linux-6.8.0-1032-gcp-x86_64-with-glibc2.35,3.12.11,3.0.4,2,Intel(R) Xeon(R) CPU @ 2.60GHz,,,,,15.61648178100586,machine,Y,1.0
2025-08-07T11:29:00,scipy-benchmark,a62ba4e3-0137-460d-b01d-681418e3ba1e,scipy_LMC001_f7d9627c,1.001698327017948,7.062885049200204e-08,7.050910297740423e-08,0.8,0.0,10.0,1.113771911089619e-07,0.0,1.3913643087208687e-06,1.5027414998298309e-06,Canada,CAN,,gcp,northamerica-northeast2,Linux-6.8.0-1032-gcp-x86_64-with-glibc2.35,3.12.11,3.0.4,2,Intel(R) Xeon(R) CPU @ 2.60GHz,,,,,15.61648178100586,machine,Y,1.0
2025-08-07T11:29:02,scipy-benchmark,467b1925-f949-4578-a9c0-a10a8ee9b06f,scipy_LMC001_f7d9627c,1.0016990809235722,7.06290591611889e-08,7.050925822560256e-08,0.8,0.0,10.0,1.113793284425305e-07,0.0,1.3913666111572335e-06,1.502745939599764e-06,Canada,CAN,,gcp,northamerica-northeast2,Linux-6.8.0-1032-gcp-x86_64-with-glibc2.35,3.12.11,3.0.4,2,Intel(R) Xeon(R) CPU @ 2.60GHz,,,,,15.61648178100586,machine,Y,1.0
2025-08-07T11:29:04,scipy-benchmark,dc6177a0-480a-4920-84dc-39679e8a2041,scipy_LMC001_f7d9627c,1.001736073056236,7.063926235221636e-08,7.05168399663399e-08,0.8,0.0,10.0,1.1138357289342417e-07,0.0,1.3915794558771368e-06,1.5029630287705609e-06,Canada,CAN,,gcp,northamerica-northeast2,Linux-6.8.0-1032-gcp-x86_64-with-glibc2.35,3.12.11,3.0.4,2,Intel(R) Xeon(R) CPU @ 2.60GHz,,,,,15.61648178100586,machine,Y,1.0
2025-08-07T11:29:06,scipy-benchmark,d1281a7e-f875-47a5-968e-d6f9f1f2c981,scipy_LMC001_f7d9627c,1.0017730980180204,7.062884195278295e-08,7.050383174844694e-08,0.8,0.0,10.0,1.1138729601063665e-07,0.0,1.3913540221336815e-06,1.5027413181443183e-06,Canada,CAN,,gcp,northamerica-northeast2,Linux-6.8.0-1032-gcp-x86_64-with-glibc2.35,3.12.11,3.0.4,2,Intel(R) Xeon(R) CPU @ 2.60GHz,,,,,15.61648178100586,machine,Y,1.0
2025-08-07T11:29:08,scipy-benchmark,28779734-c95e-438d-a979-aeb8e6b02e57,scipy_LMC001_f7d9627c,1.001727441092953,7.063765868371249e-08,7.051584671239713e-08,0.8,0.0,10.0,1.1138608560173049e-07,0.0,1.3915428225623651e-06,1.5029289081640956e-06,Canada,CAN,,gcp,northamerica-northeast2,Linux-6.8.0-1032-gcp-x86_64-with-glibc2.35,3.12.11,3.0.4,2,Intel(R) Xeon(R) CPU @ 2.60GHz,,,,,15.61648178100586,machine,Y,1.0
2025-08-07T11:29:10,scipy-benchmark,7e69ad6f-e394-4aab-b7b1-a69349b10204,scipy_LMC001_f7d9627c,1.0017749788239598,7.063395546526751e-08,7.050880383156377e-08,0.8,0.0,10.0,1.1137733887881045e-07,0.0,1.3914727774034771e-06,1.5028501162822876e-06,Canada,CAN,,gcp,northamerica-northeast2,Linux-6.8.0-1032-gcp-x86_64-with-glibc2.35,3.12.11,3.0.4,2,Intel(R) Xeon(R) CPU @ 2.60GHz,,,,,15.61648178100586,machine,Y,1.0
2025-08-07T11:29:12,scipy-benchmark,f65ca957-b089-4edb-89e8-2eadf184e856,scipy_LMC001_f7d9627c,1.0018380989786235,7.064477503154843e-08,7.051516118579532e-08,0.8,0.0,10.0,1.1141228417141573e-07,0.0,1.3916680356487632e-06,1.503080319820179e-06,Canada,CAN,,gcp,northamerica-northeast2,Linux-6.8.0-1032-gcp-x86_64-with-glibc2.35,3.12.11,3.0.4,2,Intel(R) Xeon(R) CPU @ 2.60GHz,,,,,15.61648178100586,machine,Y,1.0
2025-08-07T11:29:15,scipy-benchmark,85166290-746d-4556-a40e-cada9e131157,scipy_LMC001_f7d9627c,1.001706481911242,7.063141100292303e-08,7.051108511163798e-08,0.8,0.0,10.0,1.113805119983024e-07,0.0,1.3914154667872935e-06,1.502795978785596e-06,Canada,CAN,,gcp,northamerica-northeast2,Linux-6.8.0-1032-gcp-x86_64-with-glibc2.35,3.12.11,3.0.4,2,Intel(R) Xeon(R) CPU @ 2.60GHz,,,,,15.61648178100586,machine,Y,1.0
2025-08-07T11:29:17,scipy-benchmark,a7e61701-9a38-4e29-ab1d-bd329129e416,scipy_LMC001_f7d9627c,1.001679329900071,7.063067538379174e-08,7.051226203383669e-08,0.8,0.0,10.0,1.113793328921828e-07,0.0,1.3914009944225351e-06,1.502780327314718e-06,Canada,CAN,,gcp,northamerica-northeast2,Linux-6.8.0-1032-gcp-x86_64-with-glibc2.35,3.12.11,3.0.4,2,Intel(R) Xeon(R) CPU @ 2.60GHz,,,,,15.61648178100586,machine,Y,1.0
2025-08-07T11:29:19,scipy-benchmark,ad50bd7b-8b63-4d39-9402-a932cf3511ce,scipy_LMC001_f7d9627c,1.0016310431528836,7.06269777304907e-08,7.051196966517199e-08,0.8,0.0,10.0,1.1136935092508797e-07,0.0,1.3913323029151397e-06,1.5027016538402277e-06,Canada,CAN,,gcp,northamerica-northeast2,Linux-6.8.0-1032-gcp-x86_64-with-glibc2.35,3.12.11,3.0.4,2,Intel(R) Xeon(R) CPU @ 2.60GHz,,,,,15.61648178100586,machine,Y,1.0
2025-08-07T11:29:21,scipy-benchmark,a47141f0-b765-48c5-9964-c2e44ca594ec,scipy_LMC001_f7d9627c,1.0017744349315765,7.063759149830891e-08,7.051247170540306e-08,0.8,0.0,10.0,1.1139171218706505e-07,0.0,1.3915357665003587e-06,1.5029274786874238e-06,Canada,CAN,,gcp,northamerica-northeast2,Linux-6.8.0-1032-gcp-x86_64-with-glibc2.35,3.12.11,3.0.4,2,Intel(R) Xeon(R) CPU @ 2.60GHz,,,,,15.61648178100586,machine,Y,1.0
2025-08-07T11:29:23,scipy-benchmark,2cdb583e-8b7d-43cc-989e-b9963814dc4e,scipy_LMC001_f7d9627c,1.0016701868735254,7.062530777391255e-08,7.050754699443795e-08,0.8,0.0,10.0,1.113718230691221e-07,0.0,1.3912942997800808e-06,1.502666122849203e-06,Canada,CAN,,gcp,northamerica-northeast2,Linux-6.8.0-1032-gcp-x86_64-with-glibc2.35,3.12.11,3.0.4,2,Intel(R) Xeon(R) CPU @ 2.60GHz,,,,,15.61648178100586,machine,Y,1.0
2025-08-07T11:29:25,scipy-benchmark,efcb2823-24cd-4da9-8216-71bc7da4a8dd,scipy_LMC001_f7d9627c,1.0016857699956745,7.063250865065493e-08,7.05136388739554e-08,0.8,0.0,10.0,1.1137651377874945e-07,0.0,1.3914428192139086e-06,1.502819332992658e-06,Canada,CAN,,gcp,northamerica-northeast2,Linux-6.8.0-1032-gcp-x86_64-with-glibc2.35,3.12.11,3.0.4,2,Intel(R) Xeon(R) CPU @ 2.60GHz,,,,,15.61648178100586,machine,Y,1.0
2025-08-07T11:29:27,scipy-benchmark,b7513a9a-ab1e-4022-a3d0-9a7a98cdbb69,scipy_LMC001_f7d9627c,1.001731038093567,7.063385551032197e-08,7.051179690383556e-08,0.8,0.0,10.0,1.1137813355566728e-07,0.0,1.391469856025651e-06,1.5028479895813182e-06,Canada,CAN,,gcp,northamerica-northeast2,Linux-6.8.0-1032-gcp-x86_64-with-glibc2.35,3.12.11,3.0.4,2,Intel(R) Xeon(R) CPU @ 2.60GHz,,,,,15.61648178100586,machine,Y,1.0
2025-08-07T11:29:29,scipy-benchmark,b7fedc3e-ca5c-42df-9f4c-0bb4fc7b4e23,scipy_LMC001_f7d9627c,1.001775326905772,7.063431823069953e-08,7.050914145477198e-08,0.8,0.0,10.0,1.1138173751533033e-07,0.0,1.3914760971804046e-06,1.5028578346957348e-06,Canada,CAN,,gcp,northamerica-northeast2,Linux-6.8.0-1032-gcp-x86_64-with-glibc2.35,3.12.11,3.0.4,2,Intel(R) Xeon(R) CPU @ 2.60GHz,,,,,15.61648178100586,machine,Y,1.0
2025-08-07T11:29:32,scipy-benchmark,48f0e1a0-30bf-44ef-918c-c41d45f2737a,scipy_LMC001_f7d9627c,1.001730487914756,7.063190508119039e-08,7.050988857114724e-08,0.8,0.0,10.0,1.1138220778149037e-07,0.0,1.3914242833076667e-06,1.5028064910891572e-06,Canada,CAN,,gcp,northamerica-northeast2,Linux-6.8.0-1032-gcp-x86_64-with-glibc2.35,3.12.11,3.0.4,2,Intel(R) Xeon(R) CPU @ 2.60GHz,,,,,15.61648178100586,machine,Y,1.0
2025-08-07T11:29:34,scipy-benchmark,c95fe477-6b38-4bed-8507-a7a453823c66,scipy_LMC001_f7d9627c,1.001898025162518,7.066296361438517e-08,7.05290976124271e-08,0.8,0.0,10.0,1.1142360822608074e-07,0.0,1.3920437027182845e-06,1.5034673109443652e-06,Canada,CAN,,gcp,northamerica-northeast2,Linux-6.8.0-1032-gcp-x86_64-with-glibc2.35,3.12.11,3.0.4,2,Intel(R) Xeon(R) CPU @ 2.60GHz,,,,,15.61648178100586,machine,Y,1.0
2025-08-07T11:29:36,scipy-benchmark,5e067a81-c855-4581-9611-4b626bcc13a9,scipy_LMC001_f7d9627c,1.0017443411052227,7.063652176748858e-08,7.051352213235908e-08,0.8,0.0,10.0,1.113939709030092e-07,0.0,1.3915107475541944e-06,1.5029047184572036e-06,Canada,CAN,,gcp,northamerica-northeast2,Linux-6.8.0-1032-gcp-x86_64-with-glibc2.35,3.12.11,3.0.4,2,Intel(R) Xeon(R) CPU @ 2.60GHz,,,,,15.61648178100586,machine,Y,1.0
2025-08-07T11:29:38,scipy-benchmark,6c3e2f99-9c66-4c53-a775-6e7344b70901,scipy_LMC001_f7d9627c,1.0016582279931754,7.06339024255673e-08,7.051696921322404e-08,0.8,0.0,10.0,1.11379643333041e-07,0.0,1.3914693444449868e-06,1.5028489877780277e-06,Canada,CAN,,gcp,northamerica-northeast2,Linux-6.8.0-1032-gcp-x86_64-with-glibc2.35,3.12.11,3.0.4,2,Intel(R) Xeon(R) CPU @ 2.60GHz,,,,,15.61648178100586,machine,Y,1.0
2025-08-07T11:29:40,scipy-benchmark,5314ef01-c895-437b-901e-16d22a691723,scipy_LMC001_f7d9627c,1.001708890078589,7.063057964191668e-08,7.051008565609849e-08,0.8,0.0,10.0,1.113841591609849e-07,0.0,1.3913941310925616e-06,1.5027782902535465e-06,Canada,CAN,,gcp,northamerica-northeast2,Linux-6.8.0-1032-gcp-x86_64-with-glibc2.35,3.12.11,3.0.4,2,Intel(R) Xeon(R) CPU @ 2.60GHz,,,,,15.61648178100586,machine,Y,1.0
2025-08-07T11:29:42,scipy-benchmark,5ddb8601-681b-403c-93f3-861effe5c33c,scipy_LMC001_f7d9627c,1.001784442923963,7.0638925131488e-08,7.051309853176625e-08,0.8,0.0,10.0,1.1138916486460302e-07,0.0,1.3915666889968432e-06,1.5029558538614462e-06,Canada,CAN,,gcp,northamerica-northeast2,Linux-6.8.0-1032-gcp-x86_64-with-glibc2.35,3.12.11,3.0.4,2,Intel(R) Xeon(R) CPU @ 2.60GHz,,,,,15.61648178100586,machine,Y,1.0
2025-08-07T11:29:44,scipy-benchmark,fd365737-30b7-4e51-921b-ffb26271ebbb,scipy_LMC001_f7d9627c,1.00176414498128,7.063693369027332e-08,7.051253934786547e-08,0.8,0.0,10.0,1.1139380486889018e-07,0.0,1.3915196779028823e-06,1.5029134827717724e-06,Canada,CAN,,gcp,northamerica-northeast2,Linux-6.8.0-1032-gcp-x86_64-with-glibc2.35,3.12.11,3.0.4,2,Intel(R) Xeon(R) CPU @ 2.60GHz,,,,,15.61648178100586,machine,Y,1.0
2025-08-07T11:29:47,scipy-benchmark,b10f1c0d-f8ff-4527-bc60-d274b569484c,scipy_LMC001_f7d9627c,1.0018600069452075,7.064913468310013e-08,7.051797076771025e-08,0.8009000000000002,0.0,10.0,1.1154137593701149e-07,0.0,1.3916317024268211e-06,1.5031730783638329e-06,Canada,CAN,,gcp,northamerica-northeast2,Linux-6.8.0-1032-gcp-x86_64-with-glibc2.35,3.12.11,3.0.4,2,Intel(R) Xeon(R) CPU @ 2.60GHz,,,,,15.61648178100586,machine,Y,1.0
2025-08-07T11:29:49,scipy-benchmark,cf4be38c-a830-4fbe-80b4-73e3bb40d88e,scipy_LMC001_f7d9627c,1.0018495288677514,7.063627924539875e-08,7.050587659129702e-08,0.8,0.0,10.0,1.113919644202623e-07,0.0,1.3915075939924766e-06,1.502899558412739e-06,Canada,CAN,,gcp,northamerica-northeast2,Linux-6.8.0-1032-gcp-x86_64-with-glibc2.35,3.12.11,3.0.4,2,Intel(R) Xeon(R) CPU @ 2.60GHz,,,,,15.61648178100586,machine,Y,1.0
2025-08-07T11:29:51,scipy-benchmark,f6084863-3c2c-47d7-ab35-f9bba06c07dd,scipy_LMC001_f7d9627c,1.0017615559045223,7.063343643930018e-08,7.050923048801067e-08,0.8,0.0,10.0,1.1139074557771289e-07,0.0,1.3914483275988864e-06,1.5028390731765992e-06,Canada,CAN,,gcp,northamerica-northeast2,Linux-6.8.0-1032-gcp-x86_64-with-glibc2.35,3.12.11,3.0.4,2,Intel(R) Xeon(R) CPU @ 2.60GHz,,,,,15.61648178100586,machine,Y,1.0
2025-08-07T11:29:53,scipy-benchmark,8fe87e7c-6f8d-4aaf-b61f-4571755433d6,scipy_LMC001_f7d9627c,1.0017066788859663,7.063091706083574e-08,7.051057814587685e-08,0.8,0.0,10.0,1.1138634730337397e-07,0.0,1.3913991220761092e-06,1.5027854693794832e-06,Canada,CAN,,gcp,northamerica-northeast2,Linux-6.8.0-1032-gcp-x86_64-with-glibc2.35,3.12.11,3.0.4,2,Intel(R) Xeon(R) CPU @ 2.60GHz,,,,,15.61648178100586,machine,Y,1.0
2025-08-07T11:29:55,scipy-benchmark,30840453-a47b-4354-8ad9-c87f5d03617a,scipy_LMC001_f7d9627c,1.0016725370660424,7.062715987861156e-08,7.050923057697347e-08,0.8,0.0,10.0,1.1137467643453017e-07,0.0,1.3913308528976307e-06,1.5027055293321609e-06,Canada,CAN,,gcp,northamerica-northeast2,Linux-6.8.0-1032-gcp-x86_64-with-glibc2.35,3.12.11,3.0.4,2,Intel(R) Xeon(R) CPU @ 2.60GHz,,,,,15.61648178100586,machine,Y,1.0
2025-08-07T11:29:57,scipy-benchmark,c5effaed-5230-47be-bea2-976e32792f7e,scipy_LMC001_f7d9627c,1.0017548210453242,7.063331343101649e-08,7.050958173309423e-08,0.8,0.0,10.0,1.1139143910259009e-07,0.0,1.3914450168764838e-06,1.502836455979074e-06,Canada,CAN,,gcp,northamerica-northeast2,Linux-6.8.0-1032-gcp-x86_64-with-glibc2.35,3.12.11,3.0.4,2,Intel(R) Xeon(R) CPU @ 2.60GHz,,,,,15.61648178100586,machine,Y,1.0
2025-08-07T11:29:59,scipy-benchmark,fdcf33fc-24d5-47d1-81e5-f2270c5d6260,scipy_LMC001_f7d9627c,1.0016883318312466,7.063058984934148e-08,7.051154296688016e-08,0.8,0.0,10.0,1.1137839065243801e-07,0.0,1.391400116780359e-06,1.502778507432797e-06,Canada,CAN,,gcp,northamerica-northeast2,Linux-6.8.0-1032-gcp-x86_64-with-glibc2.35,3.12.11,3.0.4,2,Intel(R) Xeon(R) CPU @ 2.60GHz,,,,,15.61648178100586,machine,Y,1.0
2025-08-07T11:30:01,scipy-benchmark,f4703ee5-b5f5-4051-8a00-8b5ecef9dc56,scipy_LMC001_f7d9627c,1.0018055881373584,7.06408315805408e-08,7.051351321755173e-08,0.8,0.0,10.0,1.1139973578974605e-07,0.0,1.391596680817505e-06,1.502996416607251e-06,Canada,CAN,,gcp,northamerica-northeast2,Linux-6.8.0-1032-gcp-x86_64-with-glibc2.35,3.12.11,3.0.4,2,Intel(R) Xeon(R) CPU @ 2.60GHz,,,,,15.61648178100586,machine,Y,1.0
2025-08-07T11:30:04,scipy-benchmark,49db06a5-9c6a-4302-b07e-e2e1aba9c030,scipy_LMC001_f7d9627c,1.0017113040667027,7.063457358532791e-08,7.051390285661033e-08,0.8,0.0,10.0,1.1138632334768772e-07,0.0,1.391476944425247e-06,1.5028632677729344e-06,Canada,CAN,,gcp,northamerica-northeast2,Linux-6.8.0-1032-gcp-x86_64-with-glibc2.35,3.12.11,3.0.4,2,Intel(R) Xeon(R) CPU @ 2.60GHz,,,,,15.61648178100586,machine,Y,1.0
2025-08-07T11:30:06,scipy-benchmark,1293e930-ca9b-4cb2-9f23-69a9841c2d4c,scipy_LMC001_f7d9627c,1.0016797210555524,7.062600272141087e-08,7.05075696720569e-08,0.8,0.0,10.0,1.1136841670506532e-07,0.0,1.3913124922611234e-06,1.502680908966189e-06,Canada,CAN,,gcp,northamerica-northeast2,Linux-6.8.0-1032-gcp-x86_64-with-glibc2.35,3.12.11,3.0.4,2,Intel(R) Xeon(R) CPU @ 2.60GHz,,,,,15.61648178100586,machine,Y,1.0
2025-08-07T11:30:08,scipy-benchmark,c6d85c2e-5c4e-44d2-a3d2-df2fbc087f11,scipy_LMC001_f7d9627c,1.0016695989761502,7.062870400238576e-08,7.05109789441333e-08,0.8,0.0,10.0,1.1138449153966373e-07,0.0,1.3913538914898204e-06,1.5027383830294842e-06,Canada,CAN,,gcp,northamerica-northeast2,Linux-6.8.0-1032-gcp-x86_64-with-glibc2.35,3.12.11,3.0.4,2,Intel(R) Xeon(R) CPU @ 2.60GHz,,,,,15.61648178100586,machine,Y,1.0
2025-08-07T11:30:10,scipy-benchmark,aef51e68-326f-449d-9a93-7a5df087595a,scipy_LMC001_f7d9627c,1.0017594590317458,7.06376749645246e-08,7.051360915803053e-08,0.8,0.0,10.0,1.1139118821463665e-07,0.0,1.3915380663497168e-06,1.5029292545643531e-06,Canada,CAN,,gcp,northamerica-northeast2,Linux-6.8.0-1032-gcp-x86_64-with-glibc2.35,3.12.11,3.0.4,2,Intel(R) Xeon(R) CPU @ 2.60GHz,,,,,15.61648178100586,machine,Y,1.0
2025-08-07T11:30:12,scipy-benchmark,067ed217-af63-4531-a6a0-0f44c2d623cd,scipy_LMC001_f7d9627c,1.001765106106177,7.062956423599583e-08,7.050511522659267e-08,0.8,0.0,10.0,1.1138839445387325e-07,0.0,1.3913682914183786e-06,1.5027566858722518e-06,Canada,CAN,,gcp,northamerica-northeast2,Linux-6.8.0-1032-gcp-x86_64-with-glibc2.35,3.12.11,3.0.4,2,Intel(R) Xeon(R) CPU @ 2.60GHz,,,,,15.61648178100586,machine,Y,1.0
2025-08-07T11:30:14,scipy-benchmark,77c11165-5d82-45d3-b61f-9f4452675d17,scipy_LMC001_f7d9627c,1.0018843160942197,7.065379950880176e-08,7.05209158121578e-08,0.8,0.0,10.0,1.114154466841784e-07,0.0,1.3918568832903273e-06,1.5032723299745057e-06,Canada,CAN,,gcp,northamerica-northeast2,Linux-6.8.0-1032-gcp-x86_64-with-glibc2.35,3.12.11,3.0.4,2,Intel(R) Xeon(R) CPU @ 2.60GHz,,,,,15.61648178100586,machine,Y,1.0
2025-08-07T11:30:16,scipy-benchmark,49b70e99-54e1-489c-8270-ec63bba569c3,scipy_LMC001_f7d9627c,1.0016457301098851,7.062879939894708e-08,7.051275443584108e-08,0.8,0.0,10.0,1.1137114020271436e-07,0.0,1.3913692725408408e-06,1.502740412743555e-06,Canada,CAN,,gcp,northamerica-northeast2,Linux-6.8.0-1032-gcp-x86_64-with-glibc2.35,3.12.11,3.0.4,2,Intel(R) Xeon(R) CPU @ 2.60GHz,,,,,15.61648178100586,machine,Y,1.0
2025-08-07T11:30:18,scipy-benchmark,5879e927-ce4a-43a6-a4d3-7e172f01278d,scipy_LMC001_f7d9627c,1.0018630309496075,7.064148330303012e-08,7.051012076578291e-08,0.8,0.0,10.0,1.1139835246528189e-07,0.0,1.3916119305779122e-06,1.503010283043194e-06,Canada,CAN,,gcp,northamerica-northeast2,Linux-6.8.0-1032-gcp-x86_64-with-glibc2.35,3.12.11,3.0.4,2,Intel(R) Xeon(R) CPU @ 2.60GHz,,,,,15.61648178100586,machine,Y,1.0
2025-08-07T11:30:21,scipy-benchmark,445818f5-1056-46de-b941-258ca174bf11,scipy_LMC001_f7d9627c,1.001814407063648,7.063603256860127e-08,7.050810216997964e-08,0.8,0.0,10.0,1.113924015727308e-07,0.0,1.391501908397509e-06,1.50289430997024e-06,Canada,CAN,,gcp,northamerica-northeast2,Linux-6.8.0-1032-gcp-x86_64-with-glibc2.35,3.12.11,3.0.4,2,Intel(R) Xeon(R) CPU @ 2.60GHz,,,,,15.61648178100586,machine,Y,1.0
2025-08-07T11:30:23,scipy-benchmark,d39b32f7-bb97-40e0-bad0-5e28f1526b3d,scipy_LMC001_f7d9627c,1.0015757328364998,7.669560627405294e-08,7.657494461936308e-08,1.7272709000000002,0.0,10.0,2.404375798093975e-07,0.0,1.3913838302768357e-06,1.631821410086233e-06,Canada,CAN,,gcp,northamerica-northeast2,Linux-6.8.0-1032-gcp-x86_64-with-glibc2.35,3.12.11,3.0.4,2,Intel(R) Xeon(R) CPU @ 2.60GHz,,,,,15.61648178100586,machine,Y,1.0
2025-08-07T11:30:25,scipy-benchmark,3d670337-a4a5-48dc-ba56-62eac76a9bc4,scipy_LMC001_f7d9627c,1.001890053041279,7.063903980941806e-08,7.050578014522682e-08,0.8000072,0.0,10.0,1.1139689654369129e-07,0.0,1.3915613972737144e-06,1.5029582938174057e-06,Canada,CAN,,gcp,northamerica-northeast2,Linux-6.8.0-1032-gcp-x86_64-with-glibc2.35,3.12.11,3.0.4,2,Intel(R) Xeon(R) CPU @ 2.60GHz,,,,,15.61648178100586,machine,Y,1.0
2025-08-07T11:30:27,scipy-benchmark,15ae013d-0471-423f-8505-42cab76ba5d7,scipy_LMC001_f7d9627c,1.0017813430167737,7.063705290253792e-08,7.051144782734808e-08,0.8,0.0,10.0,1.1139086913317445e-07,0.0,1.39152515006976e-06,1.5029160192029343e-06,Canada,CAN,,gcp,northamerica-northeast2,Linux-6.8.0-1032-gcp-x86_64-with-glibc2.35,3.12.11,3.0.4,2,Intel(R) Xeon(R) CPU @ 2.60GHz,,,,,15.61648178100586,machine,Y,1.0
2025-08-07T11:30:29,scipy-benchmark,3bc01d2f-f966-4351-9b7e-97c43fff07e5,scipy_LMC001_f7d9627c,1.001689493888989,7.062991154012788e-08,7.051078400144959e-08,0.8,0.0,10.0,1.1138325308760008e-07,0.0,1.3913808222342696e-06,1.5027640753218696e-06,Canada,CAN,,gcp,northamerica-northeast2,Linux-6.8.0-1032-gcp-x86_64-with-glibc2.35,3.12.11,3.0.4,2,Intel(R) Xeon(R) CPU @ 2.60GHz,,,,,15.61648178100586,machine,Y,1.0
2025-08-07T11:30:31,scipy-benchmark,ec9e1d43-caae-4e6b-aa11-0ef538f54a9b,scipy_LMC001_f7d9627c,1.0017006481066346,7.063063924838686e-08,7.051072531687927e-08,0.8000072,0.0,10.0,1.1138251958771553e-07,0.0,1.3913970388886002e-06,1.5027795584763158e-06,Canada,CAN,,gcp,northamerica-northeast2,Linux-6.8.0-1032-gcp-x86_64-with-glibc2.35,3.12.11,3.0.4,2,Intel(R) Xeon(R) CPU @ 2.60GHz,,,,,15.61648178100586,machine,Y,1.0
2025-08-07T11:30:33,scipy-benchmark,14412c91-b297-4037-82b8-a9dd042d01f8,scipy_LMC001_f7d9627c,1.0017631030641496,7.062955620502019e-08,7.050524818590497e-08,0.8,0.0,10.0,1.1138035067253645e-07,0.0,1.3913761643278929e-06,1.5027565150004294e-06,Canada,CAN,,gcp,northamerica-northeast2,Linux-6.8.0-1032-gcp-x86_64-with-glibc2.35,3.12.11,3.0.4,2,Intel(R) Xeon(R) CPU @ 2.60GHz,,,,,15.61648178100586,machine,Y,1.0
2025-08-07T11:30:36,scipy-benchmark,a9c2ab10-c80c-478a-b824-3f6e29dfd051,scipy_LMC001_f7d9627c,1.001907522091642,7.064975351056395e-08,7.051524412459875e-08,0.8,0.0,10.0,1.114150193623371e-07,0.0,1.391771225543279e-06,1.503186244905616e-06,Canada,CAN,,gcp,northamerica-northeast2,Linux-6.8.0-1032-gcp-x86_64-with-glibc2.35,3.12.11,3.0.4,2,Intel(R) Xeon(R) CPU @ 2.60GHz,,,,,15.61648178100586,machine,Y,1.0
2025-08-07T11:30:38,scipy-benchmark,66671861-b82d-4bac-beec-90169fd5d7ad,scipy_LMC001_f7d9627c,1.001628861064091,7.062696297684065e-08,7.051210854867873e-08,0.8,0.0,10.0,1.1137163178581333e-07,0.0,1.3913297081469665e-06,1.5027013399327797e-06,Canada,CAN,,gcp,northamerica-northeast2,Linux-6.8.0-1032-gcp-x86_64-with-glibc2.35,3.12.11,3.0.4,2,Intel(R) Xeon(R) CPU @ 2.60GHz,,,,,15.61648178100586,machine,Y,1.0
2025-08-07T11:30:40,scipy-benchmark,10c24481-0e67-4a82-bae2-ae1bdd66e89d,scipy_LMC001_f7d9627c,1.0017672490794212,7.063726836856868e-08,7.05126549440313e-08,0.8,0.0,10.0,1.1140002863895565e-07,0.0,1.391520574947612e-06,1.5029206035865677e-06,Canada,CAN,,gcp,northamerica-northeast2,Linux-6.8.0-1032-gcp-x86_64-with-glibc2.35,3.12.11,3.0.4,2,Intel(R) Xeon(R) CPU @ 2.60GHz,,,,,15.61648178100586,machine,Y,1.0
2025-08-07T11:30:42,scipy-benchmark,1ea23587-0faf-41e6-8453-a2e5682335ed,scipy_LMC001_f7d9627c,1.0017346281092614,7.063209494780233e-08,7.050978668983212e-08,0.8,0.0,10.0,1.1138269424231516e-07,0.0,1.391427836561989e-06,1.5028105308043045e-06,Canada,CAN,,gcp,northamerica-northeast2,Linux-6.8.0-1032-gcp-x86_64-with-glibc2.35,3.12.11,3.0.4,2,Intel(R) Xeon(R) CPU @ 2.60GHz,,,,,15.61648178100586,machine,Y,1.0
2025-08-07T11:30:44,scipy-benchmark,b4a51bac-8c6f-4185-bacb-07f79f45e073,scipy_LMC001_f7d9627c,1.0017475690692663,7.063873548616862e-08,7.05155047711269e-08,0.8,0.0,10.0,1.1138545711421305e-07,0.0,1.3915663617404385e-06,1.5029518188546516e-06,Canada,CAN,,gcp,northamerica-northeast2,Linux-6.8.0-1032-gcp-x86_64-with-glibc2.35,3.12.11,3.0.4,2,Intel(R) Xeon(R) CPU @ 2.60GHz,,,,,15.61648178100586,machine,Y,1.0
2025-08-07T11:30:46,scipy-benchmark,b4bde0a4-c9ae-4b61-af56-8be7578549ba,scipy_LMC001_f7d9627c,1.0017614630050955,7.064505495505911e-08,7.052083511291927e-08,0.8004608000000001,0.0,10.0,1.1146291437054345e-07,0.0,1.391623361269012e-06,1.5030862756395555e-06,Canada,CAN,,gcp,northamerica-northeast2,Linux-6.8.0-1032-gcp-x86_64-with-glibc2.35,3.12.11,3.0.4,2,Intel(R) Xeon(R) CPU @ 2.60GHz,,,,,15.61648178100586,machine,Y,1.0
2025-08-07T11:30:48,scipy-benchmark,73cadae7-4859-4c14-81bd-861dc2ff756c,scipy_LMC001_f7d9627c,1.0017355831805617,7.062700795395197e-08,7.050464128438725e-08,0.8,0.0,10.0,1.1137987181751265e-07,0.0,1.3913224250750823e-06,1.502702296892595e-06,Canada,CAN,,gcp,northamerica-northeast2,Linux-6.8.0-1032-gcp-x86_64-with-glibc2.35,3.12.11,3.0.4,2,Intel(R) Xeon(R) CPU @ 2.60GHz,,,,,15.61648178100586,machine,Y,1.0
2025-08-07T11:30:51,scipy-benchmark,4b92c535-8138-4413-b1e1-f2ea383171ef,scipy_LMC001_f7d9627c,1.001742682186887,7.06311367934363e-08,7.050826329895689e-08,0.8,0.0,10.0,1.1138502513575889e-07,0.0,1.3914051194054386e-06,1.5027901445411976e-06,Canada,CAN,,gcp,northamerica-northeast2,Linux-6.8.0-1032-gcp-x86_64-with-glibc2.35,3.12.11,3.0.4,2,Intel(R) Xeon(R) CPU @ 2.60GHz,,,,,15.61648178100586,machine,Y,1.0
2025-08-07T11:30:53,scipy-benchmark,e8c09b61-7cb4-48fd-99ea-cae69e2b890d,scipy_LMC001_f7d9627c,1.0017055000644175,7.063151172388139e-08,7.05112547743216e-08,0.8,0.0,10.0,1.1138795512831877e-07,0.0,1.3914101666563916e-06,1.5027981217847105e-06,Canada,CAN,,gcp,northamerica-northeast2,Linux-6.8.0-1032-gcp-x86_64-with-glibc2.35,3.12.11,3.0.4,2,Intel(R) Xeon(R) CPU @ 2.60GHz,,,,,15.61648178100586,machine,Y,1.0
2025-08-07T11:30:55,scipy-benchmark,eb2a23f5-d96b-450e-bad3-0261b00e7103,scipy_LMC001_f7d9627c,1.0017265018541366,7.063422845156556e-08,7.051248850941424e-08,0.8,0.0,10.0,1.1138705800597866e-07,0.0,1.3914688664954157e-06,1.5028559245013944e-06,Canada,CAN,,gcp,northamerica-northeast2,Linux-6.8.0-1032-gcp-x86_64-with-glibc2.35,3.12.11,3.0.4,2,Intel(R) Xeon(R) CPU @ 2.60GHz,,,,,15.61648178100586,machine,Y,1.0
2025-08-07T11:30:57,scipy-benchmark,c74789f5-4fe5-4ac8-9ef8-4a6c42d03368,scipy_LMC001_f7d9627c,1.001663657138124,7.063133677749687e-08,7.051402561544387e-08,0.8,0.0,10.0,1.1137465511759125e-07,0.0,1.3914197444036188e-06,1.50279439952121e-06,Canada,CAN,,gcp,northamerica-northeast2,Linux-6.8.0-1032-gcp-x86_64-with-glibc2.35,3.12.11,3.0.4,2,Intel(R) Xeon(R) CPU @ 2.60GHz,,,,,15.61648178100586,machine,Y,1.0
2025-08-07T11:30:59,scipy-benchmark,2c5cbab1-363a-4e4b-bcb3-c893a1489bd5,scipy_LMC001_f7d9627c,1.0017016038764268,7.062495768173701e-08,7.050498612404093e-08,0.8,0.0,10.0,1.1137859378423956e-07,0.0,1.3912800802952711e-06,1.5026586740795108e-06,Canada,CAN,,gcp,northamerica-northeast2,Linux-6.8.0-1032-gcp-x86_64-with-glibc2.35,3.12.11,3.0.4,2,Intel(R) Xeon(R) CPU @ 2.60GHz,,,,,15.61648178100586,machine,Y,1.0
2025-08-07T11:31:01,scipy-benchmark,bd234aae-3b17-49e1-90f2-408514b49e4f,scipy_LMC001_f7d9627c,1.0017065689899027,7.063058486782635e-08,7.051025425444557e-08,0.8,0.0,10.0,1.1137923732813865e-07,0.0,1.3913991641149753e-06,1.502778401443114e-06,Canada,CAN,,gcp,northamerica-northeast2,Linux-6.8.0-1032-gcp-x86_64-with-glibc2.35,3.12.11,3.0.4,2,Intel(R) Xeon(R) CPU @ 2.60GHz,,,,,15.61648178100586,machine,Y,1.0
2025-08-07T11:31:03,scipy-benchmark,e96f7b9c-fb4f-4842-8e08-beabeeca134b,scipy_LMC001_f7d9627c,1.0017371529247612,7.064216942314265e-08,7.051966597913381e-08,0.8,0.0,10.0,1.1139685376029877e-07,0.0,1.391628027583162e-06,1.5030248813434606e-06,Canada,CAN,,gcp,northamerica-northeast2,Linux-6.8.0-1032-gcp-x86_64-with-glibc2.35,3.12.11,3.0.4,2,Intel(R) Xeon(R) CPU @ 2.60GHz,,,,,15.61648178100586,machine,Y,1.0
2025-08-07T11:31:05,scipy-benchmark,2f37b47e-8a1f-4f8a-974e-c4bd2cf0f367,scipy_LMC001_f7d9627c,1.0017021789681166,7.063352688717553e-08,7.051350029001359e-08,0.8,0.0,10.0,1.113845946577688e-07,0.0,1.3914564029417104e-06,1.5028409975994793e-06,Canada,CAN,,gcp,northamerica-northeast2,Linux-6.8.0-1032-gcp-x86_64-with-glibc2.35,3.12.11,3.0.4,2,Intel(R) Xeon(R) CPU @ 2.60GHz,,,,,15.61648178100586,machine,Y,1.0
2025-08-07T11:31:08,scipy-benchmark,4f7e3e11-1f86-43c1-9f95-c050eaf57026,scipy_LMC001_f7d9627c,1.0017101378180089,7.063272517329704e-08,7.05121396965732e-08,0.8,0.0,10.0,1.1138346511870625e-07,0.0,1.391440474738677e-06,1.5028239398573836e-06,Canada,CAN,,gcp,northamerica-northeast2,Linux-6.8.0-1032-gcp-x86_64-with-glibc2.35,3.12.11,3.0.4,2,Intel(R) Xeon(R) CPU @ 2.60GHz,,,,,15.61648178100586,machine,Y,1.0
2025-08-07T11:31:10,scipy-benchmark,0627fd51-432c-48c4-84dd-c6357df984ea,scipy_LMC001_f7d9627c,1.0017824738752097,7.062708075678287e-08,7.050141382846828e-08,0.8,0.0,10.0,1.1139341288556656e-07,0.0,1.3913104330034309e-06,1.5027038458889972e-06,Canada,CAN,,gcp,northamerica-northeast2,Linux-6.8.0-1032-gcp-x86_64-with-glibc2.35,3.12.11,3.0.4,2,Intel(R) Xeon(R) CPU @ 2.60GHz,,,,,15.61648178100586,machine,Y,1.0
2025-08-07T11:31:12,scipy-benchmark,2a2752f7-aa3b-4886-83b4-8cc5ad4884da,scipy_LMC001_f7d9627c,1.001660156995058,7.062696046845263e-08,7.0509902959833e-08,0.8,0.0,10.0,1.1137706998528709e-07,0.0,1.391324216577535e-06,1.502701286562822e-06,Canada,CAN,,gcp,northamerica-northeast2,Linux-6.8.0-1032-gcp-x86_64-with-glibc2.35,3.12.11,3.0.4,2,Intel(R) Xeon(R) CPU @ 2.60GHz,,,,,15.61648178100586,machine,Y,1.0
2025-08-07T11:31:14,scipy-benchmark,04e597e7-0ed3-4aba-a5c1-ffa3c1199079,scipy_LMC001_f7d9627c,1.0017147141043097,7.063382233326945e-08,7.051291284707461e-08,0.8000072,0.0,10.0,1.1138559225550365e-07,0.0,1.3914616914310805e-06,1.502847283686584e-06,Canada,CAN,,gcp,northamerica-northeast2,Linux-6.8.0-1032-gcp-x86_64-with-glibc2.35,3.12.11,3.0.4,2,Intel(R) Xeon(R) CPU @ 2.60GHz,,,,,15.61648178100586,machine,Y,1.0
2025-08-07T11:31:16,scipy-benchmark,b499ec04-3709-419b-9229-98f33a473bae,scipy_LMC001_f7d9627c,1.0017030860763043,7.063120404747858e-08,7.05111175449631e-08,0.8000072,0.0,10.0,1.1138158085785196e-07,0.0,1.3914099946204158e-06,1.5027915754782677e-06,Canada,CAN,,gcp,northamerica-northeast2,Linux-6.8.0-1032-gcp-x86_64-with-glibc2.35,3.12.11,3.0.4,2,Intel(R) Xeon(R) CPU @ 2.60GHz,,,,,15.61648178100586,machine,Y,1.0
2025-08-07T11:31:18,scipy-benchmark,80423fcc-6b65-43a5-a610-56609b6523e6,scipy_LMC001_f7d9627c,1.0016635819338262,7.062783601259194e-08,7.05105359588264e-08,0.8,0.0,10.0,1.1137764580133888e-07,0.0,1.3913422693601913e-06,1.5027199151615302e-06,Canada,CAN,,gcp,northamerica-northeast2,Linux-6.8.0-1032-gcp-x86_64-with-glibc2.35,3.12.11,3.0.4,2,Intel(R) Xeon(R) CPU @ 2.60GHz,,,,,15.61648178100586,machine,Y,1.0
2025-08-07T11:31:20,scipy-benchmark,6fc3af76-419f-4f51-901b-a1116a3b6875,scipy_LMC001_f7d9627c,1.0016824209596962,7.063210159509132e-08,7.051346825815295e-08,0.8,0.0,10.0,1.113809775561095e-07,0.0,1.391429694679876e-06,1.5028106722359855e-06,Canada,CAN,,gcp,northamerica-northeast2,Linux-6.8.0-1032-gcp-x86_64-with-glibc2.35,3.12.11,3.0.4,2,Intel(R) Xeon(R) CPU @ 2.60GHz,,,,,15.61648178100586,machine,Y,1.0
2025-08-07T11:31:22,scipy-benchmark,0a5173a7-d515-4a37-8af2-43cfacd0170f,scipy_LMC001_f7d9627c,1.0017473711632192,7.064065126233941e-08,7.051743113666691e-08,0.8,0.0,10.0,1.1139756332462033e-07,0.0,1.3915950167251543e-06,1.5029925800497746e-06,Canada,CAN,,gcp,northamerica-northeast2,Linux-6.8.0-1032-gcp-x86_64-with-glibc2.35,3.12.11,3.0.4,2,Intel(R) Xeon(R) CPU @ 2.60GHz,,,,,15.61648178100586,machine,Y,1.0
2025-08-07T11:31:25,scipy-benchmark,88c1325c-4851-4861-8e87-5725fe23374b,scipy_LMC001_f7d9627c,1.0016607970464977,7.063128666931557e-08,7.051417693252981e-08,0.8,0.0,10.0,1.1138039734214545e-07,0.0,1.3914129360475474e-06,1.5027933333896929e-06,Canada,CAN,,gcp,northamerica-northeast2,Linux-6.8.0-1032-gcp-x86_64-with-glibc2.35,3.12.11,3.0.4,2,Intel(R) Xeon(R) CPU @ 2.60GHz,,,,,15.61648178100586,machine,Y,1.0
2025-08-07T11:31:27,scipy-benchmark,d729fa1d-541a-4ed7-9578-9a195f7b4f48,scipy_LMC001_f7d9627c,1.0017086090520024,7.06313782029837e-08,7.051090263647419e-08,0.8,0.0,10.0,1.113856141972873e-07,0.0,1.3914096667172595e-06,1.5027952809145468e-06,Canada,CAN,,gcp,northamerica-northeast2,Linux-6.8.0-1032-gcp-x86_64-with-glibc2.35,3.12.11,3.0.4,2,Intel(R) Xeon(R) CPU @ 2.60GHz,,,,,15.61648178100586,machine,Y,1.0
2025-08-07T11:31:29,scipy-benchmark,7130ae28-4406-45c0-8718-7e97830a5d5e,scipy_LMC001_f7d9627c,1.0016644790302962,7.062829181696805e-08,7.051092785614477e-08,0.8,0.0,10.0,1.1137589626014234e-07,0.0,1.3913537168668376e-06,1.50272961312698e-06,Canada,CAN,,gcp,northamerica-northeast2,Linux-6.8.0-1032-gcp-x86_64-with-glibc2.35,3.12.11,3.0.4,2,Intel(R) Xeon(R) CPU @ 2.60GHz,,,,,15.61648178100586,machine,Y,1.0
2025-08-07T11:31:31,scipy-benchmark,fd8a48dc-c1da-4658-814c-23a54b0939aa,scipy_LMC001_f7d9627c,1.0016484949737787,7.062783860366067e-08,7.051160058450404e-08,0.8,0.0,10.0,1.113732700339622e-07,0.0,1.3913467002566905e-06,1.5027199702906526e-06,Canada,CAN,,gcp,northamerica-northeast2,Linux-6.8.0-1032-gcp-x86_64-with-glibc2.35,3.12.11,3.0.4,2,Intel(R) Xeon(R) CPU @ 2.60GHz,,,,,15.61648178100586,machine,Y,1.0
2025-08-07T11:31:33,scipy-benchmark,d7c219ee-0bef-48d8-8ca3-25c3690a4432,scipy_LMC001_f7d9627c,1.001629569102079,7.062557057345597e-08,7.051066856659294e-08,0.8,0.0,10.0,1.1136348933602373e-07,0.0,1.391308224992827e-06,1.5026717143288505e-06,Canada,CAN,,gcp,northamerica-northeast2,Linux-6.8.0-1032-gcp-x86_64-with-glibc2.35,3.12.11,3.0.4,2,Intel(R) Xeon(R) CPU @ 2.60GHz,,,,,15.61648178100586,machine,Y,1.0
2025-08-07T11:31:35,scipy-benchmark,337bec23-8a43-4372-9690-16d8f40ef6c7,scipy_LMC001_f7d9627c,1.0016389128286391,7.062775116025781e-08,7.05121878310461e-08,0.8,0.0,10.0,1.1136889043781493e-07,0.0,1.3913492193549043e-06,1.5027181097927197e-06,Canada,CAN,,gcp,northamerica-northeast2,Linux-6.8.0-1032-gcp-x86_64-with-glibc2.35,3.12.11,3.0.4,2,Intel(R) Xeon(R) CPU @ 2.60GHz,,,,,15.61648178100586,machine,Y,1.0
2025-08-07T11:31:37,scipy-benchmark,2263592f-a4ca-4f66-8c61-8b83c0208442,scipy_LMC001_f7d9627c,1.0017736840527505,7.063572381558416e-08,7.05106601820703e-08,0.8,0.0,10.0,1.1138976267021564e-07,0.0,1.3914979780868935e-06,1.5028877407571094e-06,Canada,CAN,,gcp,northamerica-northeast2,Linux-6.8.0-1032-gcp-x86_64-with-glibc2.35,3.12.11,3.0.4,2,Intel(R) Xeon(R) CPU @ 2.60GHz,,,,,15.61648178100586,machine,Y,1.0
2025-08-07T11:31:40,scipy-benchmark,2e6744fe-55d7-4894-a921-d415265588a6,scipy_LMC001_f7d9627c,1.0017282750923189,7.063153096660972e-08,7.050967085869706e-08,0.8,0.0,10.0,1.1138960889851057e-07,0.0,1.3914089223059516e-06,1.5027985312044622e-06,Canada,CAN,,gcp,northamerica-northeast2,Linux-6.8.0-1032-gcp-x86_64-with-glibc2.35,3.12.11,3.0.4,2,Intel(R) Xeon(R) CPU @ 2.60GHz,,,,,15.61648178100586,machine,Y,1.0
2025-08-07T11:31:42,scipy-benchmark,d4a261d0-642f-48bd-afa6-f0a89784bf4a,scipy_LMC001_f7d9627c,1.001747716916725,7.06309807067737e-08,7.050775311389627e-08,0.8,0.0,10.0,1.1138910686390269e-07,0.0,1.391397716684474e-06,1.5027868235483763e-06,Canada,CAN,,gcp,northamerica-northeast2,Linux-6.8.0-1032-gcp-x86_64-with-glibc2.35,3.12.11,3.0.4,2,Intel(R) Xeon(R) CPU @ 2.60GHz,,,,,15.61648178100586,machine,Y,1.0
2025-08-07T11:31:44,scipy-benchmark,0b73d6d8-6303-4b4a-bd64-0502f47c11ba,scipy_LMC001_f7d9627c,1.001698340056464,7.0630840230966e-08,7.051108842506881e-08,0.8,0.0,10.0,1.1138035093123725e-07,0.0,1.391403483770167e-06,1.502783834701404e-06,Canada,CAN,,gcp,northamerica-northeast2,Linux-6.8.0-1032-gcp-x86_64-with-glibc2.35,3.12.11,3.0.4,2,Intel(R) Xeon(R) CPU @ 2.60GHz,,,,,15.61648178100586,machine,Y,1.0
2025-08-07T11:31:46,scipy-benchmark,01edcaf6-87fe-410e-b75d-f4bbb4d80e40,scipy_LMC001_f7d9627c,1.0017784060910344,7.063949040639111e-08,7.05140877232803e-08,0.8,0.0,10.0,1.1139839220171177e-07,0.0,1.3915694887853332e-06,1.502967880987045e-06,Canada,CAN,,gcp,northamerica-northeast2,Linux-6.8.0-1032-gcp-x86_64-with-glibc2.35,3.12.11,3.0.4,2,Intel(R) Xeon(R) CPU @ 2.60GHz,,,,,15.61648178100586,machine,Y,1.0
2025-08-07T11:31:48,scipy-benchmark,9702138b-47a7-4d93-ab6e-f2ea06d29f9e,scipy_LMC001_f7d9627c,1.0017959359101951,7.063341452768591e-08,7.050678885367106e-08,0.8,0.0,10.0,1.1139397685312565e-07,0.0,1.3914446301189148e-06,1.5028386069720403e-06,Canada,CAN,,gcp,northamerica-northeast2,Linux-6.8.0-1032-gcp-x86_64-with-glibc2.35,3.12.11,3.0.4,2,Intel(R) Xeon(R) CPU @ 2.60GHz,,,,,15.61648178100586,machine,Y,1.0
2025-08-07T11:31:50,scipy-benchmark,92987c79-9fa7-47fd-9c7f-779acf946493,scipy_LMC001_f7d9627c,1.0017267970833927,7.063226446157529e-08,7.051050712352587e-08,0.8,0.0,10.0,1.113846846856177e-07,0.0,1.3914294527947075e-06,1.5028141374803252e-06,Canada,CAN,,gcp,northamerica-northeast2,Linux-6.8.0-1032-gcp-x86_64-with-glibc2.35,3.12.11,3.0.4,2,Intel(R) Xeon(R) CPU @ 2.60GHz,,,,,15.61648178100586,machine,Y,1.0
2025-08-07T11:31:52,scipy-benchmark,ebdf1972-beb8-4dca-aaf6-ffc45e317117,scipy_LMC001_f7d9627c,1.0017408130224794,7.063329341254819e-08,7.051054773283272e-08,0.8,0.0,10.0,1.1138439690694217e-07,0.0,1.3914516331472744e-06,1.5028360300542163e-06,Canada,CAN,,gcp,northamerica-northeast2,Linux-6.8.0-1032-gcp-x86_64-with-glibc2.35,3.12.11,3.0.4,2,Intel(R) Xeon(R) CPU @ 2.60GHz,,,,,15.61648178100586,machine,Y,1.0
2025-08-07T11:31:54,scipy-benchmark,681b8c53-dbbc-402d-bf71-093cd80d4143,scipy_LMC001_f7d9627c,1.0016813590191305,7.063418530802139e-08,7.051562322891587e-08,0.8,0.0,10.0,1.1138375419088537e-07,0.0,1.3914712523627614e-06,1.5028550065536469e-06,Canada,CAN,,gcp,northamerica-northeast2,Linux-6.8.0-1032-gcp-x86_64-with-glibc2.35,3.12.11,3.0.4,2,Intel(R) Xeon(R) CPU @ 2.60GHz,,,,,15.61648178100586,machine,Y,1.0
2025-08-07T11:31:57,scipy-benchmark,3a5b9102-be93-43f2-b274-86e96604c3b2,scipy_LMC001_f7d9627c,1.0016694529913366,7.06259512331906e-08,7.05082410392737e-08,0.8,0.0,10.0,1.1137680776624217e-07,0.0,1.391303005705898e-06,1.5026798134721402e-06,Canada,CAN,,gcp,northamerica-northeast2,Linux-6.8.0-1032-gcp-x86_64-with-glibc2.35,3.12.11,3.0.4,2,Intel(R) Xeon(R) CPU @ 2.60GHz,,,,,15.61648178100586,machine,Y,1.0
2025-08-07T11:31:59,scipy-benchmark,01a8fc34-9120-4074-ab22-0c903f489cd6,scipy_LMC001_f7d9627c,1.0017475429922342,7.0639798398259e-08,7.051656766460031e-08,0.8,0.0,10.0,1.11395956017077e-07,0.0,1.3915784779884336e-06,1.5029744340055104e-06,Canada,CAN,,gcp,northamerica-northeast2,Linux-6.8.0-1032-gcp-x86_64-with-glibc2.35,3.12.11,3.0.4,2,Intel(R) Xeon(R) CPU @ 2.60GHz,,,,,15.61648178100586,machine,Y,1.0
2025-08-07T11:32:01,scipy-benchmark,09475eba-fae0-4104-bbb2-f840e5719458,scipy_LMC001_f7d9627c,1.001815809868276,7.063674833340983e-08,7.050871790763366e-08,0.8,0.0,10.0,1.1139331152662636e-07,0.0,1.3915162274820935e-06,1.50290953900872e-06,Canada,CAN,,gcp,northamerica-northeast2,Linux-6.8.0-1032-gcp-x86_64-with-glibc2.35,3.12.11,3.0.4,2,Intel(R) Xeon(R) CPU @ 2.60GHz,,,,,15.61648178100586,machine,Y,1.0
2025-08-07T11:32:03,scipy-benchmark,b87b2680-d3c6-403b-8258-c76296aadcd8,scipy_LMC001_f7d9627c,1.0017565488815308,7.063720413778597e-08,7.051334400224585e-08,0.8,0.0,10.0,1.1139361218859753e-07,0.0,1.3915256247855722e-06,1.5029192369741696e-06,Canada,CAN,,gcp,northamerica-northeast2,Linux-6.8.0-1032-gcp-x86_64-with-glibc2.35,3.12.11,3.0.4,2,Intel(R) Xeon(R) CPU @ 2.60GHz,,,,,15.61648178100586,machine,Y,1.0
2025-08-07T11:32:05,scipy-benchmark,acfb3080-6635-4e49-9f4b-f7e6afd28b9b,scipy_LMC001_f7d9627c,1.0017347089014947,7.063387062387645e-08,7.051155360418105e-08,0.8,0.0,10.0,1.1137940843279165e-07,0.0,1.3914689027135158e-06,1.5028483111463074e-06,Canada,CAN,,gcp,northamerica-northeast2,Linux-6.8.0-1032-gcp-x86_64-with-glibc2.35,3.12.11,3.0.4,2,Intel(R) Xeon(R) CPU @ 2.60GHz,,,,,15.61648178100586,machine,Y,1.0
2025-08-07T11:32:07,scipy-benchmark,198e87aa-5104-43c0-87cc-2d2475fbaf1c,scipy_LMC001_f7d9627c,1.0017495760694146,7.063407262145647e-08,7.05107087727502e-08,0.8,0.0,10.0,1.1139123379770261e-07,0.0,1.391461375169456e-06,1.5028526089671586e-06,Canada,CAN,,gcp,northamerica-northeast2,Linux-6.8.0-1032-gcp-x86_64-with-glibc2.35,3.12.11,3.0.4,2,Intel(R) Xeon(R) CPU @ 2.60GHz,,,,,15.61648178100586,machine,Y,1.0
2025-08-07T11:32:09,scipy-benchmark,4c5692a0-6667-4c15-bf38-718326675c9d,scipy_LMC001_f7d9627c,1.0017341650091112,7.063487127736314e-08,7.051259080967923e-08,0.8,0.0,10.0,1.113878544420004e-07,0.0,1.391481747204024e-06,1.5028696016460242e-06,Canada,CAN,,gcp,northamerica-northeast2,Linux-6.8.0-1032-gcp-x86_64-with-glibc2.35,3.12.11,3.0.4,2,Intel(R) Xeon(R) CPU @ 2.60GHz,,,,,15.61648178100586,machine,Y,1.0
2025-08-07T11:32:11,scipy-benchmark,3a7793d4-73c2-410d-84fe-76c63eee6ba8,scipy_LMC001_f7d9627c,1.001622525975108,7.06291643505554e-08,7.051475233326635e-08,0.8,0.0,10.0,1.1137174752851328e-07,0.0,1.391376430142878e-06,1.5027481776713911e-06,Canada,CAN,,gcp,northamerica-northeast2,Linux-6.8.0-1032-gcp-x86_64-with-glibc2.35,3.12.11,3.0.4,2,Intel(R) Xeon(R) CPU @ 2.60GHz,,,,,15.61648178100586,machine,Y,1.0
2025-08-07T11:32:14,scipy-benchmark,99580251-8f26-4393-a277-93db1459007c,scipy_LMC001_f7d9627c,1.001676255138591,7.06303680241884e-08,7.051217163415345e-08,0.8,0.0,10.0,1.1137744023775065e-07,0.0,1.3913963475109389e-06,1.5027737877486896e-06,Canada,CAN,,gcp,northamerica-northeast2,Linux-6.8.0-1032-gcp-x86_64-with-glibc2.35,3.12.11,3.0.4,2,Intel(R) Xeon(R) CPU @ 2.60GHz,,,,,15.61648178100586,machine,Y,1.0
2025-08-07T11:32:16,scipy-benchmark,f5bf8eb0-7fad-4479-9c36-ade639c82f50,scipy_LMC001_f7d9627c,1.0016409801319242,7.06255387754128e-08,7.050983353946925e-08,0.8,0.0,10.0,1.113759069186118e-07,0.0,1.3912951308561284e-06,1.5026710377747405e-06,Canada,CAN,,gcp,northamerica-northeast2,Linux-6.8.0-1032-gcp-x86_64-with-glibc2.35,3.12.11,3.0.4,2,Intel(R) Xeon(R) CPU @ 2.60GHz,,,,,15.61648178100586,machine,Y,1.0
2025-08-07T11:32:18,scipy-benchmark,91f366dc-62b3-47eb-981e-821711fd8f2b,scipy_LMC001_f7d9627c,1.001738758990541,7.063271024820601e-08,7.051011016024086e-08,0.8,0.0,10.0,1.1138503025803301e-07,0.0,1.391438592044223e-06,1.5028236223022556e-06,Canada,CAN,,gcp,northamerica-northeast2,Linux-6.8.0-1032-gcp-x86_64-with-glibc2.35,3.12.11,3.0.4,2,Intel(R) Xeon(R) CPU @ 2.60GHz,,,,,15.61648178100586,machine,Y,1.0
2025-08-07T11:32:20,scipy-benchmark,a8c4d19e-cd35-4399-b45a-ee49f170b436,scipy_LMC001_f7d9627c,1.0017411259468645,7.063208704935905e-08,7.050932144030351e-08,0.8,0.0,10.0,1.1138912952608533e-07,0.0,1.3914212332262346e-06,1.50281036275232e-06,Canada,CAN,,gcp,northamerica-northeast2,Linux-6.8.0-1032-gcp-x86_64-with-glibc2.35,3.12.11,3.0.4,2,Intel(R) Xeon(R) CPU @ 2.60GHz,,,,,15.61648178100586,machine,Y,1.0
2025-08-07T11:32:22,scipy-benchmark,0e6a312b-b766-488b-909c-15c3891239b4,scipy_LMC001_f7d9627c,1.0016284820158037,7.06289207207867e-08,7.051408979369692e-08,0.8,0.0,10.0,1.1136806890782384e-07,0.0,1.3913749251514674e-06,1.5027429940592912e-06,Canada,CAN,,gcp,northamerica-northeast2,Linux-6.8.0-1032-gcp-x86_64-with-glibc2.35,3.12.11,3.0.4,2,Intel(R) Xeon(R) CPU @ 2.60GHz,,,,,15.61648178100586,machine,Y,1.0
2025-08-07T11:32:24,scipy-benchmark,06c9b76c-6a75-4f8a-97c2-a6ff723f4a80,scipy_LMC001_f7d9627c,1.0018961250316352,7.064285385924289e-08,7.05091596766205e-08,0.8,0.0,10.0,1.1140038264501429e-07,0.0,1.391639061168664e-06,1.5030394438136784e-06,Canada,CAN,,gcp,northamerica-northeast2,Linux-6.8.0-1032-gcp-x86_64-with-glibc2.35,3.12.11,3.0.4,2,Intel(R) Xeon(R) CPU @ 2.60GHz,,,,,15.61648178100586,machine,Y,1.0
2025-08-07T11:32:26,scipy-benchmark,91ba9eb2-adf2-4b06-90b3-d8893e681f86,scipy_LMC001_f7d9627c,1.0017454421613363,7.06378775323586e-08,7.051479803087737e-08,0.8,0.0,10.0,1.113951864341895e-07,0.0,1.3915383780840784e-06,1.502933564518268e-06,Canada,CAN,,gcp,northamerica-northeast2,Linux-6.8.0-1032-gcp-x86_64-with-glibc2.35,3.12.11,3.0.4,2,Intel(R) Xeon(R) CPU @ 2.60GHz,,,,,15.61648178100586,machine,Y,1.0
2025-08-07T11:32:29,scipy-benchmark,cf1b38b9-daa2-44bb-b3c7-3e7233e69144,scipy_LMC001_f7d9627c,1.0017631540540606,7.063622947888345e-08,7.051190612573831e-08,0.8,0.0,10.0,1.1139297775096365e-07,0.0,1.391505521799748e-06,1.5028984995507118e-06,Canada,CAN,,gcp,northamerica-northeast2,Linux-6.8.0-1032-gcp-x86_64-with-glibc2.35,3.12.11,3.0.4,2,Intel(R) Xeon(R) CPU @ 2.60GHz,,,,,15.61648178100586,machine,Y,1.0
2025-08-07T11:32:31,scipy-benchmark,b2129e9c-0842-4c8c-9863-4e67094987ae,scipy_LMC001_f7d9627c,1.0018113809637723,7.064009557718723e-08,7.051237081098973e-08,0.8,0.0,10.0,1.1140254026071897e-07,0.0,1.3915782167007113e-06,1.5029807569614302e-06,Canada,CAN,,gcp,northamerica-northeast2,Linux-6.8.0-1032-gcp-x86_64-with-glibc2.35,3.12.11,3.0.4,2,Intel(R) Xeon(R) CPU @ 2.60GHz,,,,,15.61648178100586,machine,Y,1.0
2025-08-07T11:32:33,scipy-benchmark,2b7992a2-0ee2-494f-87f8-5eae29c2d0cb,scipy_LMC001_f7d9627c,1.001694557024166,7.062754994814493e-08,7.05080700028612e-08,0.8,0.0,10.0,1.1137459841039446e-07,0.0,1.39133923027354e-06,1.5027138286839344e-06,Canada,CAN,,gcp,northamerica-northeast2,Linux-6.8.0-1032-gcp-x86_64-with-glibc2.35,3.12.11,3.0.4,2,Intel(R) Xeon(R) CPU @ 2.60GHz,,,,,15.61648178100586,machine,Y,1.0
2025-08-07T11:32:35,scipy-benchmark,52090835-cde1-4ca0-82a7-600da9a1538e,scipy_LMC001_f7d9627c,1.0016585639677942,7.062787875610716e-08,7.051093186517997e-08,0.8,0.0,10.0,1.1136765488319929e-07,0.0,1.391353169714825e-06,1.5027208245980245e-06,Canada,CAN,,gcp,northamerica-northeast2,Linux-6.8.0-1032-gcp-x86_64-with-glibc2.35,3.12.11,3.0.4,2,Intel(R) Xeon(R) CPU @ 2.60GHz,,,,,15.61648178100586,machine,Y,1.0
2025-08-07T11:32:37,scipy-benchmark,e96b1106-36a5-4c2a-8503-9ff090b334b4,scipy_LMC001_f7d9627c,1.0016812689136714,7.062937755259272e-08,7.051082988622785e-08,0.8,0.0,10.0,1.1137170861992573e-07,0.0,1.3913810052650258e-06,1.5027527138849516e-06,Canada,CAN,,gcp,northamerica-northeast2,Linux-6.8.0-1032-gcp-x86_64-with-glibc2.35,3.12.11,3.0.4,2,Intel(R) Xeon(R) CPU @ 2.60GHz,,,,,15.61648178100586,machine,Y,1.0
2025-08-07T11:32:39,scipy-benchmark,53c07648-7d35-4fb7-8333-4090838300ea,scipy_LMC001_f7d9627c,1.0017660621087998,7.063743154632136e-08,7.05129013830073e-08,0.8,0.0,10.0,1.1138834711164236e-07,0.0,1.3915357283420037e-06,1.502924075453646e-06,Canada,CAN,,gcp,northamerica-northeast2,Linux-6.8.0-1032-gcp-x86_64-with-glibc2.35,3.12.11,3.0.4,2,Intel(R) Xeon(R) CPU @ 2.60GHz,,,,,15.61648178100586,machine,Y,1.0
2025-08-07T11:32:41,scipy-benchmark,56d4a36f-f2b3-4444-b83b-44d550c512c8,scipy_LMC001_f7d9627c,1.0020692618563771,7.065492282525843e-08,7.050902119716465e-08,0.8,0.0,10.0,1.1142920531953377e-07,0.0,1.3918670250051136e-06,1.5032962303246474e-06,Canada,CAN,,gcp,northamerica-northeast2,Linux-6.8.0-1032-gcp-x86_64-with-glibc2.35,3.12.11,3.0.4,2,Intel(R) Xeon(R) CPU @ 2.60GHz,,,,,15.61648178100586,machine,Y,1.0
2025-08-07T11:32:43,scipy-benchmark,d3fdeae0-2e44-4b72-a06e-c7be826132a1,scipy_LMC001_f7d9627c,1.0017007200513035,7.063386673058591e-08,7.051394225509622e-08,0.8,0.0,10.0,1.113879222215879e-07,0.0,1.3914603060887508e-06,1.5028482283103383e-06,Canada,CAN,,gcp,northamerica-northeast2,Linux-6.8.0-1032-gcp-x86_64-with-glibc2.35,3.12.11,3.0.4,2,Intel(R) Xeon(R) CPU @ 2.60GHz,,,,,15.61648178100586,machine,Y,1.0
2025-08-07T11:32:46,scipy-benchmark,19a48580-b802-4779-81dc-6319a7bcc0aa,scipy_LMC001_f7d9627c,1.0017581689171493,7.06351748810719e-08,7.051120427340761e-08,0.8,0.0,10.0,1.1139711711762685e-07,0.0,1.3914789441817752e-06,1.502876061299402e-06,Canada,CAN,,gcp,northamerica-northeast2,Linux-6.8.0-1032-gcp-x86_64-with-glibc2.35,3.12.11,3.0.4,2,Intel(R) Xeon(R) CPU @ 2.60GHz,,,,,15.61648178100586,machine,Y,1.0
2025-08-07T11:32:48,scipy-benchmark,3dadd4f8-e887-46b7-adb6-8cfff5435d98,scipy_LMC001_f7d9627c,1.001697963802144,7.063139277303384e-08,7.051166651566141e-08,0.8,0.0,10.0,1.1137382153214681e-07,0.0,1.3914217693834669e-06,1.5027955909156135e-06,Canada,CAN,,gcp,northamerica-northeast2,Linux-6.8.0-1032-gcp-x86_64-with-glibc2.35,3.12.11,3.0.4,2,Intel(R) Xeon(R) CPU @ 2.60GHz,,,,,15.61648178100586,machine,Y,1.0
2025-08-07T11:32:50,scipy-benchmark,16e40725-23d1-4252-b10d-4f848d72586d,scipy_LMC001_f7d9627c,1.0017337638419122,7.063049318338744e-08,7.050824853152692e-08,0.8,0.0,10.0,1.1138263975994457e-07,0.0,1.3913938109504266e-06,1.5027764507103711e-06,Canada,CAN,,gcp,northamerica-northeast2,Linux-6.8.0-1032-gcp-x86_64-with-glibc2.35,3.12.11,3.0.4,2,Intel(R) Xeon(R) CPU @ 2.60GHz,,,,,15.61648178100586,machine,Y,1.0
2025-08-07T11:32:52,scipy-benchmark,aef05e32-68d6-4c0d-9343-481bc488422b,scipy_LMC001_f7d9627c,1.0017896532081068,7.063452961376041e-08,7.050834412949077e-08,0.8,0.0,10.0,1.1138793469096225e-07,0.0,1.391474397516706e-06,1.5028623322076683e-06,Canada,CAN,,gcp,northamerica-northeast2,Linux-6.8.0-1032-gcp-x86_64-with-glibc2.35,3.12.11,3.0.4,2,Intel(R) Xeon(R) CPU @ 2.60GHz,,,,,15.61648178100586,machine,Y,1.0
2025-08-07T11:32:54,scipy-benchmark,9468b8ff-3b23-4319-8871-28ba06ddd0c8,scipy_LMC001_f7d9627c,1.0017210319638252,7.06321757961996e-08,7.051082441358816e-08,0.8,0.0,10.0,1.1138652865257529e-07,0.0,1.3914257223303948e-06,1.50281225098297e-06,Canada,CAN,,gcp,northamerica-northeast2,Linux-6.8.0-1032-gcp-x86_64-with-glibc2.35,3.12.11,3.0.4,2,Intel(R) Xeon(R) CPU @ 2.60GHz,,,,,15.61648178100586,machine,Y,1.0
2025-08-07T11:32:56,scipy-benchmark,87971890-482b-4fee-99ad-182e80af7953,scipy_LMC001_f7d9627c,1.0017228750512004,7.063176575926547e-08,7.051028534778674e-08,0.8,0.0,10.0,1.1138834069586465e-07,0.0,1.3914151860970174e-06,1.502803526792882e-06,Canada,CAN,,gcp,northamerica-northeast2,Linux-6.8.0-1032-gcp-x86_64-with-glibc2.35,3.12.11,3.0.4,2,Intel(R) Xeon(R) CPU @ 2.60GHz,,,,,15.61648178100586,machine,Y,1.0
2025-08-07T11:32:58,scipy-benchmark,90b195fa-bb90-461f-b8ec-22a0bda183fd,scipy_LMC001_f7d9627c,1.001667063916102,7.062897604384877e-08,7.051142898491524e-08,0.8000072,0.0,10.0,1.1137145723861401e-07,0.0,1.3913727139071045e-06,1.5027441711457183e-06,Canada,CAN,,gcp,northamerica-northeast2,Linux-6.8.0-1032-gcp-x86_64-with-glibc2.35,3.12.11,3.0.4,2,Intel(R) Xeon(R) CPU @ 2.60GHz,,,,,15.61648178100586,machine,Y,1.0
2025-08-07T11:33:00,scipy-benchmark,5ccd39be-774a-4769-b9a2-edb829f9bac8,scipy_LMC001_f7d9627c,1.0017029009759426,7.063541745787696e-08,7.051533682198387e-08,0.8,0.0,10.0,1.113870337398516e-07,0.0,1.3914941887681685e-06,1.5028812225080202e-06,Canada,CAN,,gcp,northamerica-northeast2,Linux-6.8.0-1032-gcp-x86_64-with-glibc2.35,3.12.11,3.0.4,2,Intel(R) Xeon(R) CPU @ 2.60GHz,,,,,15.61648178100586,machine,Y,1.0
2025-08-07T11:33:03,scipy-benchmark,4e987704-3723-4978-89a2-afefa79f04b9,scipy_LMC001_f7d9627c,1.0017420768272132,7.063297230345438e-08,7.051013822556802e-08,0.8000072,0.0,10.0,1.1138850913231873e-07,0.0,1.3914406888135192e-06,1.5028291979458378e-06,Canada,CAN,,gcp,northamerica-northeast2,Linux-6.8.0-1032-gcp-x86_64-with-glibc2.35,3.12.11,3.0.4,2,Intel(R) Xeon(R) CPU @ 2.60GHz,,,,,15.61648178100586,machine,Y,1.0
2025-08-07T11:33:05,scipy-benchmark,e5f2b38b-503c-4c30-9734-bc4681ba2651,scipy_LMC001_f7d9627c,1.0018174410797656,7.06374724878826e-08,7.05093259424083e-08,0.8,0.0,10.0,1.1139779931141272e-07,0.0,1.391527147239281e-06,1.5029249465506935e-06,Canada,CAN,,gcp,northamerica-northeast2,Linux-6.8.0-1032-gcp-x86_64-with-glibc2.35,3.12.11,3.0.4,2,Intel(R) Xeon(R) CPU @ 2.60GHz,,,,,15.61648178100586,machine,Y,1.0
2025-08-07T11:33:07,scipy-benchmark,054d7bfe-2f61-4c72-ad6d-cd287f585591,scipy_LMC001_f7d9627c,1.0017814470920712,7.063675161875371e-08,7.051113975388054e-08,0.8,0.0,10.0,1.113900868739519e-07,0.0,1.3915195220357016e-06,1.5029096089096534e-06,Canada,CAN,,gcp,northamerica-northeast2,Linux-6.8.0-1032-gcp-x86_64-with-glibc2.35,3.12.11,3.0.4,2,Intel(R) Xeon(R) CPU @ 2.60GHz,,,,,15.61648178100586,machine,Y,1.0
2025-08-07T11:33:09,scipy-benchmark,1285ca0f-26cb-43e3-b920-a4f47091175b,scipy_LMC001_f7d9627c,1.0017740111798048,7.063025567663095e-08,7.050517870138058e-08,0.8000072,0.0,10.0,1.1138262203412073e-07,0.0,1.391388775341006e-06,1.502771397375127e-06,Canada,CAN,,gcp,northamerica-northeast2,Linux-6.8.0-1032-gcp-x86_64-with-glibc2.35,3.12.11,3.0.4,2,Intel(R) Xeon(R) CPU @ 2.60GHz,,,,,15.61648178100586,machine,Y,1.0
2025-08-07T11:33:11,scipy-benchmark,b5b93222-2df9-4066-b65e-29d1ceb154cf,scipy_LMC001_f7d9627c,1.0017698879819363,7.063688617802431e-08,7.051208768145566e-08,0.8,0.0,10.0,1.1139424398748413e-07,0.0,1.3915182278853738e-06,1.5029124718728578e-06,Canada,CAN,,gcp,northamerica-northeast2,Linux-6.8.0-1032-gcp-x86_64-with-glibc2.35,3.12.11,3.0.4,2,Intel(R) Xeon(R) CPU @ 2.60GHz,,,,,15.61648178100586,machine,Y,1.0
2025-08-07T11:33:13,scipy-benchmark,c87b2ee3-2e21-4802-aba5-64ea6efde33d,scipy_LMC001_f7d9627c,1.001700634136796,7.063452512225034e-08,7.051460557686365e-08,0.8,0.0,10.0,1.1138026178297072e-07,0.0,1.3914819748606534e-06,1.5028622366436242e-06,Canada,CAN,,gcp,northamerica-northeast2,Linux-6.8.0-1032-gcp-x86_64-with-glibc2.35,3.12.11,3.0.4,2,Intel(R) Xeon(R) CPU @ 2.60GHz,,,,,15.61648178100586,machine,Y,1.0
2025-08-07T11:33:15,scipy-benchmark,b2e4d0cf-fc44-43a6-91e6-12e55588459e,scipy_LMC001_f7d9627c,1.0017284469213337,7.063166019054026e-08,7.050978776495403e-08,0.8,0.0,10.0,1.113764501901137e-07,0.0,1.3914248304596793e-06,1.5028012806497929e-06,Canada,CAN,,gcp,northamerica-northeast2,Linux-6.8.0-1032-gcp-x86_64-with-glibc2.35,3.12.11,3.0.4,2,Intel(R) Xeon(R) CPU @ 2.60GHz,,,,,15.61648178100586,machine,Y,1.0
2025-08-07T11:33:18,scipy-benchmark,4ebb1f3e-05ec-4ee5-9a21-25f48353d3d3,scipy_LMC001_f7d9627c,1.0018565789796412,7.064148218562415e-08,7.051057373658234e-08,0.8,0.0,10.0,1.1140011178536549e-07,0.0,1.391610147483233e-06,1.5030102592685985e-06,Canada,CAN,,gcp,northamerica-northeast2,Linux-6.8.0-1032-gcp-x86_64-with-glibc2.35,3.12.11,3.0.4,2,Intel(R) Xeon(R) CPU @ 2.60GHz,,,,,15.61648178100586,machine,Y,1.0
2025-08-07T11:33:20,scipy-benchmark,76342ad1-eb84-45b4-b7a3-c6ac548cdac1,scipy_LMC001_f7d9627c,1.0017395501490682,7.063238060735683e-08,7.05097254040195e-08,0.8,0.0,10.0,1.1138317511520453e-07,0.0,1.3914334335519622e-06,1.5028166086671667e-06,Canada,CAN,,gcp,northamerica-northeast2,Linux-6.8.0-1032-gcp-x86_64-with-glibc2.35,3.12.11,3.0.4,2,Intel(R) Xeon(R) CPU @ 2.60GHz,,,,,15.61648178100586,machine,Y,1.0
2025-08-07T11:33:22,scipy-benchmark,f8bf1c86-3bce-4c38-ac50-af4d3e2dcc07,scipy_LMC001_f7d9627c,1.0017688879743218,7.063061889217028e-08,7.050590185026863e-08,0.8,0.0,10.0,1.1139009779112209e-07,0.0,1.391389027574203e-06,1.5027791253653251e-06,Canada,CAN,,gcp,northamerica-northeast2,Linux-6.8.0-1032-gcp-x86_64-with-glibc2.35,3.12.11,3.0.4,2,Intel(R) Xeon(R) CPU @ 2.60GHz,,,,,15.61648178100586,machine,Y,1.0
2025-08-07T11:33:24,scipy-benchmark,13587f6b-87ea-4319-938c-31983a76e263,scipy_LMC001_f7d9627c,1.0018376039806751,7.064462420240873e-08,7.051504547414793e-08,0.8,0.0,10.0,1.1139645820690529e-07,0.0,1.3916806524826422e-06,1.5030771106895475e-06,Canada,CAN,,gcp,northamerica-northeast2,Linux-6.8.0-1032-gcp-x86_64-with-glibc2.35,3.12.11,3.0.4,2,Intel(R) Xeon(R) CPU @ 2.60GHz,,,,,15.61648178100586,machine,Y,1.0
2025-08-07T11:33:26,scipy-benchmark,9364012c-2b1e-46fd-8d51-79b8d2bc505c,scipy_LMC001_f7d9627c,1.0017133250366896,7.063175236037324e-08,7.051094419432448e-08,0.8000072,0.0,10.0,1.113837553604136e-07,0.0,1.3914194863496555e-06,1.502803241710069e-06,Canada,CAN,,gcp,northamerica-northeast2,Linux-6.8.0-1032-gcp-x86_64-with-glibc2.35,3.12.11,3.0.4,2,Intel(R) Xeon(R) CPU @ 2.60GHz,,,,,15.61648178100586,machine,Y,1.0
2025-08-07T11:33:28,scipy-benchmark,a415d28b-2d78-4fd8-87ed-0d495f4088ff,scipy_LMC001_f7d9627c,1.0017744267825035,7.064117088287865e-08,7.051604532346044e-08,0.8,0.0,10.0,1.113983053300116e-07,0.0,1.3916053304759165e-06,1.503003635805928e-06,Canada,CAN,,gcp,northamerica-northeast2,Linux-6.8.0-1032-gcp-x86_64-with-glibc2.35,3.12.11,3.0.4,2,Intel(R) Xeon(R) CPU @ 2.60GHz,,,,,15.61648178100586,machine,Y,1.0
2025-08-07T11:33:30,scipy-benchmark,1ecf50eb-c57a-4a05-8694-f89d86da0a03,scipy_LMC001_f7d9627c,1.0017971380148083,7.06432292821248e-08,7.051650139679335e-08,0.8,0.0,10.0,1.1140246487533057e-07,0.0,1.3916449666592396e-06,1.5030474315345702e-06,Canada,CAN,,gcp,northamerica-northeast2,Linux-6.8.0-1032-gcp-x86_64-with-glibc2.35,3.12.11,3.0.4,2,Intel(R) Xeon(R) CPU @ 2.60GHz,,,,,15.61648178100586,machine,Y,1.0
2025-08-07T11:33:32,scipy-benchmark,b3b497a9-ee47-4df0-901b-889728bf633e,scipy_LMC001_f7d9627c,1.001705126836896,7.063015533525807e-08,7.05099269665199e-08,0.8,0.0,10.0,1.1137942643836145e-07,0.0,1.391389836013938e-06,1.5027692624522994e-06,Canada,CAN,,gcp,northamerica-northeast2,Linux-6.8.0-1032-gcp-x86_64-with-glibc2.35,3.12.11,3.0.4,2,Intel(R) Xeon(R) CPU @ 2.60GHz,,,,,15.61648178100586,machine,Y,1.0
2025-08-07T11:33:35,scipy-benchmark,156c8c60-0646-43d8-9e71-b430f6d4b2a5,scipy_LMC001_f7d9627c,1.0016416339203715,7.06302052598395e-08,7.051444635283047e-08,0.8,0.0,10.0,1.1136873330300053e-07,0.0,1.3914015913744354e-06,1.502770324677436e-06,Canada,CAN,,gcp,northamerica-northeast2,Linux-6.8.0-1032-gcp-x86_64-with-glibc2.35,3.12.11,3.0.4,2,Intel(R) Xeon(R) CPU @ 2.60GHz,,,,,15.61648178100586,machine,Y,1.0
2025-08-07T11:33:37,scipy-benchmark,8114082e-f788-4319-ad71-c6cba52d9fa1,scipy_LMC001_f7d9627c,1.001695891842246,7.063091830104693e-08,7.05113386969649e-08,0.8,0.0,10.0,1.1138743177677197e-07,0.0,1.391398063990184e-06,1.502785495766956e-06,Canada,CAN,,gcp,northamerica-northeast2,Linux-6.8.0-1032-gcp-x86_64-with-glibc2.35,3.12.11,3.0.4,2,Intel(R) Xeon(R) CPU @ 2.60GHz,,,,,15.61648178100586,machine,Y,1.0
2025-08-07T11:33:39,scipy-benchmark,dc9418c1-60b8-4aff-a888-ffc7a4275ca8,scipy_LMC001_f7d9627c,1.001794476993382,7.063821131940413e-08,7.05116797323597e-08,0.8,0.0,10.0,1.1140249136628377e-07,0.0,1.391538175004017e-06,1.5029406663703007e-06,Canada,CAN,,gcp,northamerica-northeast2,Linux-6.8.0-1032-gcp-x86_64-with-glibc2.35,3.12.11,3.0.4,2,Intel(R) Xeon(R) CPU @ 2.60GHz,,,,,15.61648178100586,machine,Y,1.0
2025-08-07T11:33:41,scipy-benchmark,08e6de7c-91b8-4d6e-bfa5-884f4a9b1bea,scipy_LMC001_f7d9627c,1.0017357429023832,7.062971006416613e-08,7.050732747094245e-08,0.8,0.0,10.0,1.1138382735144761e-07,0.0,1.3913759612478318e-06,1.5027597885992793e-06,Canada,CAN,,gcp,northamerica-northeast2,Linux-6.8.0-1032-gcp-x86_64-with-glibc2.35,3.12.11,3.0.4,2,Intel(R) Xeon(R) CPU @ 2.60GHz,,,,,15.61648178100586,machine,Y,1.0
2025-08-07T11:33:43,scipy-benchmark,deb8a937-7270-492a-b3c8-c41ff74e4796,scipy_LMC001_f7d9627c,1.001794144976884,7.06403439161109e-08,7.051383187884462e-08,0.8,0.0,10.0,1.113995184811453e-07,0.0,1.3915865222871717e-06,1.502986040768317e-06,Canada,CAN,,gcp,northamerica-northeast2,Linux-6.8.0-1032-gcp-x86_64-with-glibc2.35,3.12.11,3.0.4,2,Intel(R) Xeon(R) CPU @ 2.60GHz,,,,,15.61648178100586,machine,Y,1.0
2025-08-07T11:33:45,scipy-benchmark,99c1cbdf-7f65-46c9-8cb8-3fdb295686fe,scipy_LMC001_f7d9627c,1.0016850719694048,7.062504165165818e-08,7.050623357379467e-08,0.8000576,0.0,10.0,1.113773354708892e-07,0.0,1.3912831252026889e-06,1.502660460673578e-06,Canada,CAN,,gcp,northamerica-northeast2,Linux-6.8.0-1032-gcp-x86_64-with-glibc2.35,3.12.11,3.0.4,2,Intel(R) Xeon(R) CPU @ 2.60GHz,,,,,15.61648178100586,machine,Y,1.0
2025-08-07T11:33:47,scipy-benchmark,600d14b0-978b-4dc3-8dd0-46e26a801ec0,scipy_LMC001_f7d9627c,1.001670328900218,7.063016725587658e-08,7.051238837574917e-08,0.8,0.0,10.0,1.1137519419814153e-07,0.0,1.391394321884339e-06,1.5027695160824805e-06,Canada,CAN,,gcp,northamerica-northeast2,Linux-6.8.0-1032-gcp-x86_64-with-glibc2.35,3.12.11,3.0.4,2,Intel(R) Xeon(R) CPU @ 2.60GHz,,,,,15.61648178100586,machine,Y,1.0
2025-08-07T11:33:50,scipy-benchmark,8c6c5928-d542-4bcc-9bd3-fcf0c9ae37e8,scipy_LMC001_f7d9627c,1.001693011028692,7.062971385410576e-08,7.051033907241933e-08,0.8,0.0,10.0,1.1137758598973356e-07,0.0,1.3913822832465587e-06,1.5027598692362924e-06,Canada,CAN,,gcp,northamerica-northeast2,Linux-6.8.0-1032-gcp-x86_64-with-glibc2.35,3.12.11,3.0.4,2,Intel(R) Xeon(R) CPU @ 2.60GHz,,,,,15.61648178100586,machine,Y,1.0
2025-08-07T11:33:52,scipy-benchmark,987c77ca-05e5-4d9d-ac5a-6deb81ef5c8e,scipy_LMC001_f7d9627c,1.0017447308637202,7.063767892712106e-08,7.05146498411987e-08,0.8,0.0,10.0,1.1139603067810337e-07,0.0,1.3915333081968128e-06,1.5029293388749162e-06,Canada,CAN,,gcp,northamerica-northeast2,Linux-6.8.0-1032-gcp-x86_64-with-glibc2.35,3.12.11,3.0.4,2,Intel(R) Xeon(R) CPU @ 2.60GHz,,,,,15.61648178100586,machine,Y,1.0
2025-08-07T11:33:54,scipy-benchmark,f1cba6c0-f530-4053-be5a-cba3d5b10213,scipy_LMC001_f7d9627c,1.0017491329926995,7.063193818145536e-08,7.05086092467525e-08,0.8,0.0,10.0,1.113825091160834e-07,0.0,1.3914246862340309e-06,1.502807195350114e-06,Canada,CAN,,gcp,northamerica-northeast2,Linux-6.8.0-1032-gcp-x86_64-with-glibc2.35,3.12.11,3.0.4,2,Intel(R) Xeon(R) CPU @ 2.60GHz,,,,,15.61648178100586,machine,Y,1.0
2025-08-07T11:33:56,scipy-benchmark,09401005-5033-492f-af47-0bab2a1b605e,scipy_LMC001_f7d9627c,1.0016577439382672,7.06300480594186e-08,7.051315530364589e-08,0.8,0.0,10.0,1.1137364375301536e-07,0.0,1.3913933362346145e-06,1.5027669799876296e-06,Canada,CAN,,gcp,northamerica-northeast2,Linux-6.8.0-1032-gcp-x86_64-with-glibc2.35,3.12.11,3.0.4,2,Intel(R) Xeon(R) CPU @ 2.60GHz,,,,,15.61648178100586,machine,Y,1.0
2025-08-07T11:33:58,scipy-benchmark,72892356-e037-49ef-bf46-1bb0e1a06cc8,scipy_LMC001_f7d9627c,1.0018274059984833,7.0643445884905e-08,7.051458710544793e-08,0.8000072,0.0,10.0,1.1140014285296209e-07,0.0,1.3916518972513992e-06,1.5030520401043614e-06,Canada,CAN,,gcp,northamerica-northeast2,Linux-6.8.0-1032-gcp-x86_64-with-glibc2.35,3.12.11,3.0.4,2,Intel(R) Xeon(R) CPU @ 2.60GHz,,,,,15.61648178100586,machine,Y,1.0
2025-08-07T11:34:00,scipy-benchmark,3a5bf2f3-95d5-4808-8304-a1f3b0b6196b,scipy_LMC001_f7d9627c,1.001747037982568,7.06324335072293e-08,7.050925116731755e-08,0.8,0.0,10.0,1.1138243088498713e-07,0.0,1.391435303311381e-06,1.502817734196368e-06,Canada,CAN,,gcp,northamerica-northeast2,Linux-6.8.0-1032-gcp-x86_64-with-glibc2.35,3.12.11,3.0.4,2,Intel(R) Xeon(R) CPU @ 2.60GHz,,,,,15.61648178100586,machine,Y,1.0
2025-08-07T11:34:02,scipy-benchmark,0a098510-4818-4a07-87b0-8437624c14df,scipy_LMC001_f7d9627c,1.0018746547866613,7.064297592034564e-08,7.051079252562619e-08,0.8,0.0,10.0,1.1139962175447081e-07,0.0,1.3916424191039468e-06,1.5030420408584176e-06,Canada,CAN,,gcp,northamerica-northeast2,Linux-6.8.0-1032-gcp-x86_64-with-glibc2.35,3.12.11,3.0.4,2,Intel(R) Xeon(R) CPU @ 2.60GHz,,,,,15.61648178100586,machine,Y,1.0
2025-08-07T11:34:04,scipy-benchmark,9d938297-4ac3-48d0-9048-956c34b5f30f,scipy_LMC001_f7d9627c,1.001706451177597,7.063898231130507e-08,7.051864568533279e-08,0.8,0.0,10.0,1.1138225890075169e-07,0.0,1.3915748115525477e-06,1.5029570704532994e-06,Canada,CAN,,gcp,northamerica-northeast2,Linux-6.8.0-1032-gcp-x86_64-with-glibc2.35,3.12.11,3.0.4,2,Intel(R) Xeon(R) CPU @ 2.60GHz,,,,,15.61648178100586,machine,Y,1.0
2025-08-07T11:34:07,scipy-benchmark,db8b2306-81c6-416b-8382-04aa45982dfa,scipy_LMC001_f7d9627c,1.0016934138257056,7.063141069287022e-08,7.051200468925121e-08,0.8,0.0,10.0,1.11373089098682e-07,0.0,1.3914228830900458e-06,1.502795972188728e-06,Canada,CAN,,gcp,northamerica-northeast2,Linux-6.8.0-1032-gcp-x86_64-with-glibc2.35,3.12.11,3.0.4,2,Intel(R) Xeon(R) CPU @ 2.60GHz,,,,,15.61648178100586,machine,Y,1.0
2025-08-07T11:34:09,scipy-benchmark,b1ad9b93-2afd-4114-9db9-5351849d2944,scipy_LMC001_f7d9627c,1.001782084815204,7.064738169524348e-08,7.052170603377838e-08,0.8000576,0.0,10.0,1.114095477882127e-07,0.0,1.3917262329616482e-06,1.503135780749861e-06,Canada,CAN,,gcp,northamerica-northeast2,Linux-6.8.0-1032-gcp-x86_64-with-glibc2.35,3.12.11,3.0.4,2,Intel(R) Xeon(R) CPU @ 2.60GHz,,,,,15.61648178100586,machine,Y,1.0
2025-08-07T11:34:11,scipy-benchmark,e540bcf5-52bb-4ab0-85bd-eb318ec5b81f,scipy_LMC001_f7d9627c,1.0017081499099731,7.06266723078055e-08,7.050623708527571e-08,0.8,0.0,10.0,1.1137850266984768e-07,0.0,1.391316652815375e-06,1.5026951554852227e-06,Canada,CAN,,gcp,northamerica-northeast2,Linux-6.8.0-1032-gcp-x86_64-with-glibc2.35,3.12.11,3.0.4,2,Intel(R) Xeon(R) CPU @ 2.60GHz,,,,,15.61648178100586,machine,Y,1.0
2025-08-07T11:34:13,scipy-benchmark,48d9e484-4d03-4239-917d-de87da97a3e6,scipy_LMC001_f7d9627c,1.0016925130039454,7.063281807362931e-08,7.051347310344837e-08,0.8,0.0,10.0,1.1138219955480764e-07,0.0,1.3914437169053905e-06,1.502825916460198e-06,Canada,CAN,,gcp,northamerica-northeast2,Linux-6.8.0-1032-gcp-x86_64-with-glibc2.35,3.12.11,3.0.4,2,Intel(R) Xeon(R) CPU @ 2.60GHz,,,,,15.61648178100586,machine,Y,1.0
2025-08-07T11:34:15,scipy-benchmark,e699aee3-5e7e-44ec-bba8-b1f9230e2f4c,scipy_LMC001_f7d9627c,1.0017362229991704,7.063178332406096e-08,7.050936334576318e-08,0.8,0.0,10.0,1.1138348995397489e-07,0.0,1.3914204105579606e-06,1.5028039005119357e-06,Canada,CAN,,gcp,northamerica-northeast2,Linux-6.8.0-1032-gcp-x86_64-with-glibc2.35,3.12.11,3.0.4,2,Intel(R) Xeon(R) CPU @ 2.60GHz,,,,,15.61648178100586,machine,Y,1.0
2025-08-07T11:34:17,scipy-benchmark,a81e616a-4f52-4f46-aa80-195682e2a12c,scipy_LMC001_f7d9627c,1.00173918902874,7.063589936505176e-08,7.05132634708426e-08,0.8,0.0,10.0,1.1138838131187693e-07,0.0,1.391503094540288e-06,1.5028914758521648e-06,Canada,CAN,,gcp,northamerica-northeast2,Linux-6.8.0-1032-gcp-x86_64-with-glibc2.35,3.12.11,3.0.4,2,Intel(R) Xeon(R) CPU @ 2.60GHz,,,,,15.61648178100586,machine,Y,1.0
2025-08-07T11:34:19,scipy-benchmark,30767e3f-cad4-44f6-8dd0-4930eaec15cf,scipy_LMC001_f7d9627c,1.0016588061116636,7.062623811107028e-08,7.050927689163346e-08,0.8,0.0,10.0,1.1137598354576365e-07,0.0,1.3913099337110503e-06,1.502685917256814e-06,Canada,CAN,,gcp,northamerica-northeast2,Linux-6.8.0-1032-gcp-x86_64-with-glibc2.35,3.12.11,3.0.4,2,Intel(R) Xeon(R) CPU @ 2.60GHz,,,,,15.61648178100586,machine,Y,1.0
2025-08-07T11:34:22,scipy-benchmark,35c1c057-e2dc-40e1-a635-4666b2e294cd,scipy_LMC001_f7d9627c,1.0017368711996824,7.063490883022962e-08,7.051243780778189e-08,0.8,0.0,10.0,1.1138833071001701e-07,0.0,1.391482069933166e-06,1.502870400643183e-06,Canada,CAN,,gcp,northamerica-northeast2,Linux-6.8.0-1032-gcp-x86_64-with-glibc2.35,3.12.11,3.0.4,2,Intel(R) Xeon(R) CPU @ 2.60GHz,,,,,15.61648178100586,machine,Y,1.0
2025-08-07T11:34:24,scipy-benchmark,9b6811fc-9457-43cc-9e72-70905deb9152,scipy_LMC001_f7d9627c,1.0018686668481678,7.064521899190732e-08,7.051345284023494e-08,0.8,0.0,10.0,1.1140509374025796e-07,0.0,1.3916846720450042e-06,1.503089765785262e-06,Canada,CAN,,gcp,northamerica-northeast2,Linux-6.8.0-1032-gcp-x86_64-with-glibc2.35,3.12.11,3.0.4,2,Intel(R) Xeon(R) CPU @ 2.60GHz,,,,,15.61648178100586,machine,Y,1.0
2025-08-07T11:34:26,scipy-benchmark,4f5c884c-2370-42a6-8805-9be153ec67b6,scipy_LMC001_f7d9627c,1.0018174720462412,7.064618631167752e-08,7.051802177833915e-08,0.8,0.0,10.0,1.114010331220925e-07,0.0,1.3917093139348755e-06,1.5031103470569685e-06,Canada,CAN,,gcp,northamerica-northeast2,Linux-6.8.0-1032-gcp-x86_64-with-glibc2.35,3.12.11,3.0.4,2,Intel(R) Xeon(R) CPU @ 2.60GHz,,,,,15.61648178100586,machine,Y,1.0
2025-08-07T11:34:28,scipy-benchmark,d05ecdf7-57b8-4c46-be76-8c4fa774a616,scipy_LMC001_f7d9627c,1.0018073699902743,7.063572386421988e-08,7.050828929807697e-08,0.8,0.0,10.0,1.1138844174436397e-07,0.0,1.3914993000475483e-06,1.5028877417919122e-06,Canada,CAN,,gcp,northamerica-northeast2,Linux-6.8.0-1032-gcp-x86_64-with-glibc2.35,3.12.11,3.0.4,2,Intel(R) Xeon(R) CPU @ 2.60GHz,,,,,15.61648178100586,machine,Y,1.0
2025-08-07T11:34:30,scipy-benchmark,b4e0c7ac-ef46-4344-8d2c-4e2344c64e1d,scipy_LMC001_f7d9627c,1.0017603798769414,7.06357561705065e-08,7.051162891786911e-08,0.8,0.0,10.0,1.113900099880995e-07,0.0,1.3914984191716131e-06,1.5028884291597124e-06,Canada,CAN,,gcp,northamerica-northeast2,Linux-6.8.0-1032-gcp-x86_64-with-glibc2.35,3.12.11,3.0.4,2,Intel(R) Xeon(R) CPU @ 2.60GHz,,,,,15.61648178100586,machine,Y,1.0
2025-08-07T11:34:32,scipy-benchmark,f779f194-5a69-4683-9b8d-e6b2bd4fc21e,scipy_LMC001_f7d9627c,1.0017210480291396,7.06344523060446e-08,7.051309588134947e-08,0.8,0.0,10.0,1.113848702257707e-07,0.0,1.3914758171368803e-06,1.502860687362651e-06,Canada,CAN,,gcp,northamerica-northeast2,Linux-6.8.0-1032-gcp-x86_64-with-glibc2.35,3.12.11,3.0.4,2,Intel(R) Xeon(R) CPU @ 2.60GHz,,,,,15.61648178100586,machine,Y,1.0
2025-08-07T11:34:34,scipy-benchmark,e348c822-02c7-48ff-a812-162a99a38732,scipy_LMC001_f7d9627c,1.0017796610482037,7.062899060060996e-08,7.0503518235445e-08,0.8,0.0,10.0,1.1138328625303177e-07,0.0,1.3913611946110095e-06,1.5027444808640414e-06,Canada,CAN,,gcp,northamerica-northeast2,Linux-6.8.0-1032-gcp-x86_64-with-glibc2.35,3.12.11,3.0.4,2,Intel(R) Xeon(R) CPU @ 2.60GHz,,,,,15.61648178100586,machine,Y,1.0
2025-08-07T11:34:36,scipy-benchmark,ffbb5d1e-2060-4e42-aee7-c97374dc3c49,scipy_LMC001_f7d9627c,1.0017516079824418,7.063506611819483e-08,7.05115575112038e-08,0.8,0.0,10.0,1.1138820291186373e-07,0.0,1.3914855442837709e-06,1.5028737471956343e-06,Canada,CAN,,gcp,northamerica-northeast2,Linux-6.8.0-1032-gcp-x86_64-with-glibc2.35,3.12.11,3.0.4,2,Intel(R) Xeon(R) CPU @ 2.60GHz,,,,,15.61648178100586,machine,Y,1.0
2025-08-07T11:34:39,scipy-benchmark,b8e7c7a9-dcc7-4ceb-8f77-90bb4e1d886f,scipy_LMC001_f7d9627c,1.0017555360682309,7.06369893915641e-08,7.05132009240555e-08,0.8,0.0,10.0,1.1138819846221145e-07,0.0,1.3915264694434077e-06,1.5029146679056188e-06,Canada,CAN,,gcp,northamerica-northeast2,Linux-6.8.0-1032-gcp-x86_64-with-glibc2.35,3.12.11,3.0.4,2,Intel(R) Xeon(R) CPU @ 2.60GHz,,,,,15.61648178100586,machine,Y,1.0
2025-08-07T11:34:41,scipy-benchmark,e9cb073c-5ccc-45fb-9bd6-a1a14ec2203b,scipy_LMC001_f7d9627c,1.001723414985463,7.0626819079509e-08,7.050530917312533e-08,0.8,0.0,10.0,1.1137418071221973e-07,0.0,1.391324097575206e-06,1.5026982782874255e-06,Canada,CAN,,gcp,northamerica-northeast2,Linux-6.8.0-1032-gcp-x86_64-with-glibc2.35,3.12.11,3.0.4,2,Intel(R) Xeon(R) CPU @ 2.60GHz,,,,,15.61648178100586,machine,Y,1.0
2025-08-07T11:34:43,scipy-benchmark,2a45b173-b187-4cfb-a653-5a2f27a72f53,scipy_LMC001_f7d9627c,1.0016734751407057,7.06316782064322e-08,7.05136753236982e-08,0.8,0.0,10.0,1.1137242201301789e-07,0.0,1.3914292419536246e-06,1.5028016639666425e-06,Canada,CAN,,gcp,northamerica-northeast2,Linux-6.8.0-1032-gcp-x86_64-with-glibc2.35,3.12.11,3.0.4,2,Intel(R) Xeon(R) CPU @ 2.60GHz,,,,,15.61648178100586,machine,Y,1.0
2025-08-07T11:34:45,scipy-benchmark,f6a32e9a-b1d9-401a-828a-211e683c7ee9,scipy_LMC001_f7d9627c,1.0018924709875137,7.064902687445283e-08,7.051557818856323e-08,0.8,0.0,10.0,1.114195404160354e-07,0.0,1.391751244146791e-06,1.5031707845628265e-06,Canada,CAN,,gcp,northamerica-northeast2,Linux-6.8.0-1032-gcp-x86_64-with-glibc2.35,3.12.11,3.0.4,2,Intel(R) Xeon(R) CPU @ 2.60GHz,,,,,15.61648178100586,machine,Y,1.0
2025-08-07T11:34:47,scipy-benchmark,fbdcf1df-472d-4459-81fe-1300348356f6,scipy_LMC001_f7d9627c,1.0018381788395343,7.064410181084856e-08,7.051448357925249e-08,0.8,0.0,10.0,1.1140429332024522e-07,0.0,1.391661702655256e-06,1.5030659959755012e-06,Canada,CAN,,gcp,northamerica-northeast2,Linux-6.8.0-1032-gcp-x86_64-with-glibc2.35,3.12.11,3.0.4,2,Intel(R) Xeon(R) CPU @ 2.60GHz,,,,,15.61648178100586,machine,Y,1.0
2025-08-07T11:34:49,scipy-benchmark,9ebffe76-3e12-4d33-ac0b-38bafe78b447,scipy_LMC001_f7d9627c,1.001720248023048,7.063436673146983e-08,7.051306676776353e-08,0.8,0.0,10.0,1.1138701666560441e-07,0.0,1.3914718499614133e-06,1.5028588666270175e-06,Canada,CAN,,gcp,northamerica-northeast2,Linux-6.8.0-1032-gcp-x86_64-with-glibc2.35,3.12.11,3.0.4,2,Intel(R) Xeon(R) CPU @ 2.60GHz,,,,,15.61648178100586,machine,Y,1.0
2025-08-07T11:34:51,scipy-benchmark,dbc35933-748a-4498-8326-1a37dedcff36,scipy_LMC001_f7d9627c,1.0016837858129293,7.06298676026054e-08,7.051114194214974e-08,0.8,0.0,10.0,1.1137654663374028e-07,0.0,1.3913865938472251e-06,1.5027631404809654e-06,Canada,CAN,,gcp,northamerica-northeast2,Linux-6.8.0-1032-gcp-x86_64-with-glibc2.35,3.12.11,3.0.4,2,Intel(R) Xeon(R) CPU @ 2.60GHz,,,,,15.61648178100586,machine,Y,1.0
2025-08-07T11:34:54,scipy-benchmark,2872ecc8-f68f-466b-b171-f17cf6abb06e,scipy_LMC001_f7d9627c,1.001740766922012,7.064165579695772e-08,7.051889883049689e-08,0.8,0.0,10.0,1.1138779530301693e-07,0.0,1.391626157823743e-06,1.50301395312676e-06,Canada,CAN,,gcp,northamerica-northeast2,Linux-6.8.0-1032-gcp-x86_64-with-glibc2.35,3.12.11,3.0.4,2,Intel(R) Xeon(R) CPU @ 2.60GHz,,,,,15.61648178100586,machine,Y,1.0
2025-08-07T11:34:56,scipy-benchmark,144af9f6-1cd4-4c1d-bd9b-f88b694404b5,scipy_LMC001_f7d9627c,1.0016462390776724,7.062510084710083e-08,7.050902613295217e-08,0.8,0.0,10.0,1.1137343710288409e-07,0.0,1.3912882830481975e-06,1.5026617201510815e-06,Canada,CAN,,gcp,northamerica-northeast2,Linux-6.8.0-1032-gcp-x86_64-with-glibc2.35,3.12.11,3.0.4,2,Intel(R) Xeon(R) CPU @ 2.60GHz,,,,,15.61648178100586,machine,Y,1.0
2025-08-07T11:34:58,scipy-benchmark,d12d4094-dc1b-445d-b74d-59f1157d1854,scipy_LMC001_f7d9627c,1.0017989589832723,7.063434022742636e-08,7.050750012668538e-08,0.8,0.0,10.0,1.1138950024421017e-07,0.0,1.3914688024669888e-06,1.502858302711199e-06,Canada,CAN,,gcp,northamerica-northeast2,Linux-6.8.0-1032-gcp-x86_64-with-glibc2.35,3.12.11,3.0.4,2,Intel(R) Xeon(R) CPU @ 2.60GHz,,,,,15.61648178100586,machine,Y,1.0
2025-08-07T11:35:00,scipy-benchmark,f4ee2c9a-d7dd-4577-9d1d-7379c672ad13,scipy_LMC001_f7d9627c,1.0016898838803172,7.063028306607157e-08,7.051112744841351e-08,0.8,0.0,10.0,1.1137521934385104e-07,0.0,1.3913967607853313e-06,1.5027719801291823e-06,Canada,CAN,,gcp,northamerica-northeast2,Linux-6.8.0-1032-gcp-x86_64-with-glibc2.35,3.12.11,3.0.4,2,Intel(R) Xeon(R) CPU @ 2.60GHz,,,,,15.61648178100586,machine,Y,1.0
2025-08-07T11:35:02,scipy-benchmark,064df172-7ddc-46c3-b779-b0360d3a87f0,scipy_LMC001_f7d9627c,1.0018529479857534,7.06452581509689e-08,7.051459826814173e-08,0.8,0.0,10.0,1.1140944912201829e-07,0.0,1.391681149834767e-06,1.5030905989567852e-06,Canada,CAN,,gcp,northamerica-northeast2,Linux-6.8.0-1032-gcp-x86_64-with-glibc2.35,3.12.11,3.0.4,2,Intel(R) Xeon(R) CPU @ 2.60GHz,,,,,15.61648178100586,machine,Y,1.0
2025-08-07T11:35:04,scipy-benchmark,cf13baf9-2e89-455f-89a3-94d478d4d6fd,scipy_LMC001_f7d9627c,1.0017970530316234,7.064075988782052e-08,7.05140424141282e-08,0.8,0.0,10.0,1.1139921352474225e-07,0.0,1.3915956777054815e-06,1.502994891230224e-06,Canada,CAN,,gcp,northamerica-northeast2,Linux-6.8.0-1032-gcp-x86_64-with-glibc2.35,3.12.11,3.0.4,2,Intel(R) Xeon(R) CPU @ 2.60GHz,,,,,15.61648178100586,machine,Y,1.0
2025-08-07T11:35:06,scipy-benchmark,ef388d97-2fa3-41f2-8cb7-7a3e3e69441c,scipy_LMC001_f7d9627c,1.001757686957717,7.063537148008536e-08,7.051143445138027e-08,0.8,0.0,10.0,1.113792917587691e-07,0.0,1.3915009524983662e-06,1.5028802442571354e-06,Canada,CAN,,gcp,northamerica-northeast2,Linux-6.8.0-1032-gcp-x86_64-with-glibc2.35,3.12.11,3.0.4,2,Intel(R) Xeon(R) CPU @ 2.60GHz,,,,,15.61648178100586,machine,Y,1.0
2025-08-07T11:35:08,scipy-benchmark,e683547e-4dd5-4c5a-9846-1e248316e3b7,scipy_LMC001_f7d9627c,1.0017922341357917,7.063882154831664e-08,7.051244673428126e-08,0.8,0.0,10.0,1.1139962760110696e-07,0.0,1.3915540223630765e-06,1.5029536499641837e-06,Canada,CAN,,gcp,northamerica-northeast2,Linux-6.8.0-1032-gcp-x86_64-with-glibc2.35,3.12.11,3.0.4,2,Intel(R) Xeon(R) CPU @ 2.60GHz,,,,,15.61648178100586,machine,Y,1.0
2025-08-07T11:35:11,scipy-benchmark,df3233c7-3e44-4101-936c-ff2670348269,scipy_LMC001_f7d9627c,1.0017982199788094,7.063841758841754e-08,7.0511622180674e-08,0.8,0.0,10.0,1.1139182756758398e-07,0.0,1.3915532275051292e-06,1.5029450550727132e-06,Canada,CAN,,gcp,northamerica-northeast2,Linux-6.8.0-1032-gcp-x86_64-with-glibc2.35,3.12.11,3.0.4,2,Intel(R) Xeon(R) CPU @ 2.60GHz,,,,,15.61648178100586,machine,Y,1.0
2025-08-07T11:35:13,scipy-benchmark,9061da6c-9c28-4053-a958-df96d9ddb068,scipy_LMC001_f7d9627c,1.0018337110523134,7.064746653795656e-08,7.051815661478327e-08,0.8,0.0,10.0,1.1141084977943037e-07,0.0,1.391726736134539e-06,1.5031375859139694e-06,Canada,CAN,,gcp,northamerica-northeast2,Linux-6.8.0-1032-gcp-x86_64-with-glibc2.35,3.12.11,3.0.4,2,Intel(R) Xeon(R) CPU @ 2.60GHz,,,,,15.61648178100586,machine,Y,1.0
2025-08-07T11:35:15,scipy-benchmark,42325070-bf72-4767-afef-06d9dd23efbe,scipy_LMC001_f7d9627c,1.001678864005953,7.06323564779531e-08,7.05139731065877e-08,0.8,0.0,10.0,1.1137488712039261e-07,0.0,1.391441208155205e-06,1.5028160952755975e-06,Canada,CAN,,gcp,northamerica-northeast2,Linux-6.8.0-1032-gcp-x86_64-with-glibc2.35,3.12.11,3.0.4,2,Intel(R) Xeon(R) CPU @ 2.60GHz,,,,,15.61648178100586,machine,Y,1.0
2025-08-07T11:35:17,scipy-benchmark,e08bae4a-16c1-44a6-afaf-a3a853df9314,scipy_LMC001_f7d9627c,1.0017733729910103,7.063586389257885e-08,7.051082190543776e-08,0.8,0.0,10.0,1.113883962130381e-07,0.0,1.3915023249056604e-06,1.5028907211186985e-06,Canada,CAN,,gcp,northamerica-northeast2,Linux-6.8.0-1032-gcp-x86_64-with-glibc2.35,3.12.11,3.0.4,2,Intel(R) Xeon(R) CPU @ 2.60GHz,,,,,15.61648178100586,machine,Y,1.0
2025-08-07T11:35:19,scipy-benchmark,83301703-3fd7-4178-ab0e-db95090602a6,scipy_LMC001_f7d9627c,1.0017910278402269,7.064164033259775e-08,7.051534538584848e-08,0.8000072,0.0,10.0,1.1139029645990553e-07,0.0,1.3916233276379191e-06,1.5030136240978246e-06,Canada,CAN,,gcp,northamerica-northeast2,Linux-6.8.0-1032-gcp-x86_64-with-glibc2.35,3.12.11,3.0.4,2,Intel(R) Xeon(R) CPU @ 2.60GHz,,,,,15.61648178100586,machine,Y,1.0
2025-08-07T11:35:21,scipy-benchmark,8771e458-7742-4d28-8daa-2150876b18bd,scipy_LMC001_f7d9627c,1.001688206102699,7.063450341855382e-08,7.051545879068875e-08,0.8,0.0,10.0,1.113887691559891e-07,0.0,1.3914730057068585e-06,1.5028617748628471e-06,Canada,CAN,,gcp,northamerica-northeast2,Linux-6.8.0-1032-gcp-x86_64-with-glibc2.35,3.12.11,3.0.4,2,Intel(R) Xeon(R) CPU @ 2.60GHz,,,,,15.61648178100586,machine,Y,1.0
2025-08-07T11:35:23,scipy-benchmark,e4cdcd2d-1c07-47a9-95bd-6a987b0e0a3a,scipy_LMC001_f7d9627c,1.0017349699046465,7.063636198572608e-08,7.051402227921609e-08,0.8,0.0,10.0,1.1138116040577493e-07,0.0,1.3915201584394608e-06,1.5029013188452355e-06,Canada,CAN,,gcp,northamerica-northeast2,Linux-6.8.0-1032-gcp-x86_64-with-glibc2.35,3.12.11,3.0.4,2,Intel(R) Xeon(R) CPU @ 2.60GHz,,,,,15.61648178100586,machine,Y,1.0
2025-08-07T11:35:26,scipy-benchmark,c81067b8-248b-44a0-8510-d5baa1eadb8c,scipy_LMC001_f7d9627c,1.0017390749417243,7.063191862502655e-08,7.050929767228607e-08,0.8,0.0,10.0,1.1138642108481793e-07,0.0,1.3914203581710656e-06,1.5028067792558835e-06,Canada,CAN,,gcp,northamerica-northeast2,Linux-6.8.0-1032-gcp-x86_64-with-glibc2.35,3.12.11,3.0.4,2,Intel(R) Xeon(R) CPU @ 2.60GHz,,,,,15.61648178100586,machine,Y,1.0
2025-08-07T11:35:28,scipy-benchmark,693c889c-f3e5-43d6-8fcd-938bff886c77,scipy_LMC001_f7d9627c,1.0017897530924529,7.063737296822688e-08,7.051117537404869e-08,0.8,0.0,10.0,1.1139469557545252e-07,0.0,1.3915281335357577e-06,1.5029228291112103e-06,Canada,CAN,,gcp,northamerica-northeast2,Linux-6.8.0-1032-gcp-x86_64-with-glibc2.35,3.12.11,3.0.4,2,Intel(R) Xeon(R) CPU @ 2.60GHz,,,,,15.61648178100586,machine,Y,1.0
2025-08-07T11:35:30,scipy-benchmark,7e455327-b35e-4421-af96-be84c2e57fbf,scipy_LMC001_f7d9627c,1.0016289169434458,7.062895660544745e-08,7.0514095001348e-08,0.8,0.0,10.0,1.1137161021017366e-07,0.0,1.391372147352538e-06,1.5027437575627118e-06,Canada,CAN,,gcp,northamerica-northeast2,Linux-6.8.0-1032-gcp-x86_64-with-glibc2.35,3.12.11,3.0.4,2,Intel(R) Xeon(R) CPU @ 2.60GHz,,,,,15.61648178100586,machine,Y,1.0
2025-08-07T11:35:32,scipy-benchmark,a512667f-3010-40d4-98be-e49dec1e9f23,scipy_LMC001_f7d9627c,1.0026677979622036,7.062895770947864e-08,7.044103525915874e-08,0.8,0.0,10.0,1.1138481708864373e-07,0.0,1.3913589639640931e-06,1.5027437810527368e-06,Canada,CAN,,gcp,northamerica-northeast2,Linux-6.8.0-1032-gcp-x86_64-with-glibc2.35,3.12.11,3.0.4,2,Intel(R) Xeon(R) CPU @ 2.60GHz,,,,,15.61648178100586,machine,Y,1.0
2025-08-07T11:35:34,scipy-benchmark,ce76cf83-aa5a-4624-908a-ce057603d623,scipy_LMC001_f7d9627c,1.0017898420337588,7.064030876463384e-08,7.051409966508064e-08,0.8,0.0,10.0,1.1139902022356788e-07,0.0,1.3915862726409815e-06,1.5029852928645494e-06,Canada,CAN,,gcp,northamerica-northeast2,Linux-6.8.0-1032-gcp-x86_64-with-glibc2.35,3.12.11,3.0.4,2,Intel(R) Xeon(R) CPU @ 2.60GHz,,,,,15.61648178100586,machine,Y,1.0
2025-08-07T11:35:36,scipy-benchmark,7a5e63e8-4a0a-4ec5-bc53-8dba02d7c427,scipy_LMC001_f7d9627c,1.0017416682094336,7.063410199257649e-08,7.05112947121703e-08,0.8,0.0,10.0,1.1139419736961525e-07,0.0,1.391459036514991e-06,1.5028532338846062e-06,Canada,CAN,,gcp,northamerica-northeast2,Linux-6.8.0-1032-gcp-x86_64-with-glibc2.35,3.12.11,3.0.4,2,Intel(R) Xeon(R) CPU @ 2.60GHz,,,,,15.61648178100586,machine,Y,1.0
2025-08-07T11:35:38,scipy-benchmark,7cd2b102-cf41-4ff7-abd8-e043dedbcfbc,scipy_LMC001_f7d9627c,1.0018661059439182,7.064389669085439e-08,7.051231324399038e-08,0.8,0.0,10.0,1.114090928911335e-07,0.0,1.3916525388291726e-06,1.503061631720306e-06,Canada,CAN,,gcp,northamerica-northeast2,Linux-6.8.0-1032-gcp-x86_64-with-glibc2.35,3.12.11,3.0.4,2,Intel(R) Xeon(R) CPU @ 2.60GHz,,,,,15.61648178100586,machine,Y,1.0
2025-08-07T11:35:41,scipy-benchmark,b7d7e14e-0aab-428a-84e1-79785f3b51b4,scipy_LMC001_f7d9627c,1.001680094981566,7.063087478787121e-08,7.051240724631854e-08,0.8,0.0,10.0,1.1138057331037193e-07,0.0,1.3914039966443346e-06,1.5027845699547066e-06,Canada,CAN,,gcp,northamerica-northeast2,Linux-6.8.0-1032-gcp-x86_64-with-glibc2.35,3.12.11,3.0.4,2,Intel(R) Xeon(R) CPU @ 2.60GHz,,,,,15.61648178100586,machine,Y,1.0
2025-08-07T11:35:43,scipy-benchmark,cadc58c6-2162-403b-888a-b8c86629b007,scipy_LMC001_f7d9627c,1.0017644830513746,7.063706531316147e-08,7.051264694272348e-08,0.8,0.0,10.0,1.1138609693282181e-07,0.0,1.3915301863259323e-06,1.5029162832587543e-06,Canada,CAN,,gcp,northamerica-northeast2,Linux-6.8.0-1032-gcp-x86_64-with-glibc2.35,3.12.11,3.0.4,2,Intel(R) Xeon(R) CPU @ 2.60GHz,,,,,15.61648178100586,machine,Y,1.0
2025-08-07T11:35:45,scipy-benchmark,d52c7594-b7c4-40a7-8a8f-212ae58459ea,scipy_LMC001_f7d9627c,1.001768953166902,7.063636380835024e-08,7.051163203356105e-08,0.8,0.0,10.0,1.113927404706677e-07,0.0,1.3915086171538053e-06,1.502901357624473e-06,Canada,CAN,,gcp,northamerica-northeast2,Linux-6.8.0-1032-gcp-x86_64-with-glibc2.35,3.12.11,3.0.4,2,Intel(R) Xeon(R) CPU @ 2.60GHz,,,,,15.61648178100586,machine,Y,1.0
2025-08-07T11:35:47,scipy-benchmark,1cd80a01-3468-44f8-ab67-8f88e61f8085,scipy_LMC001_f7d9627c,1.0016954559832811,7.063502444101808e-08,7.051546856792075e-08,0.8,0.0,10.0,1.1138721332988805e-07,0.0,1.3914856471173052e-06,1.5028728604471932e-06,Canada,CAN,,gcp,northamerica-northeast2,Linux-6.8.0-1032-gcp-x86_64-with-glibc2.35,3.12.11,3.0.4,2,Intel(R) Xeon(R) CPU @ 2.60GHz,,,,,15.61648178100586,machine,Y,1.0
2025-08-07T11:35:49,scipy-benchmark,7820c6a5-00b8-479d-9479-203a85f3cd97,scipy_LMC001_f7d9627c,1.0016591979656368,7.062725812522695e-08,7.05102676326144e-08,0.8,0.0,10.0,1.1137013887572621e-07,0.0,1.3913374808099534e-06,1.5027076196856796e-06,Canada,CAN,,gcp,northamerica-northeast2,Linux-6.8.0-1032-gcp-x86_64-with-glibc2.35,3.12.11,3.0.4,2,Intel(R) Xeon(R) CPU @ 2.60GHz,,,,,15.61648178100586,machine,Y,1.0
2025-08-07T11:35:51,scipy-benchmark,052b99b5-f088-46ba-89b2-b8bf87b5ea5b,scipy_LMC001_f7d9627c,1.0017044011037797,7.06268667036202e-08,7.050669501481307e-08,0.8,0.0,10.0,1.113724362415572e-07,0.0,1.3913268553248295e-06,1.502699291566387e-06,Canada,CAN,,gcp,northamerica-northeast2,Linux-6.8.0-1032-gcp-x86_64-with-glibc2.35,3.12.11,3.0.4,2,Intel(R) Xeon(R) CPU @ 2.60GHz,,,,,15.61648178100586,machine,Y,1.0
2025-08-07T11:35:53,scipy-benchmark,da760388-3760-46cb-a6df-b9e568c7585b,scipy_LMC001_f7d9627c,1.001821530982852,7.06418246699549e-08,7.051338235928177e-08,0.8,0.0,10.0,1.113996848774453e-07,0.0,1.3916178612918075e-06,1.5030175461692528e-06,Canada,CAN,,gcp,northamerica-northeast2,Linux-6.8.0-1032-gcp-x86_64-with-glibc2.35,3.12.11,3.0.4,2,Intel(R) Xeon(R) CPU @ 2.60GHz,,,,,15.61648178100586,machine,Y,1.0
2025-08-07T11:35:56,scipy-benchmark,e5b1e2ab-bde7-45e8-a562-470f37449c07,scipy_LMC001_f7d9627c,1.0017863370012492,7.063454455465804e-08,7.050859244706387e-08,0.8,0.0,10.0,1.1139580017576617e-07,0.0,1.3914668499233407e-06,1.502862650099107e-06,Canada,CAN,,gcp,northamerica-northeast2,Linux-6.8.0-1032-gcp-x86_64-with-glibc2.35,3.12.11,3.0.4,2,Intel(R) Xeon(R) CPU @ 2.60GHz,,,,,15.61648178100586,machine,Y,1.0
2025-08-07T11:35:58,scipy-benchmark,f688617b-4d9e-4f8f-8f81-af2e1fe3c1a0,scipy_LMC001_f7d9627c,1.0017941650003197,7.063505294642206e-08,7.050854897562667e-08,0.8,0.0,10.0,1.1138808887658849e-07,0.0,1.3914853780685614e-06,1.50287346694515e-06,Canada,CAN,,gcp,northamerica-northeast2,Linux-6.8.0-1032-gcp-x86_64-with-glibc2.35,3.12.11,3.0.4,2,Intel(R) Xeon(R) CPU @ 2.60GHz,,,,,15.61648178100586,machine,Y,1.0
2025-08-07T11:36:00,scipy-benchmark,fd4e7bb6-6e82-4fd9-89d8-adb7af746b4a,scipy_LMC001_f7d9627c,1.001668409910053,7.06281600323661e-08,7.05105195827313e-08,0.8,0.0,10.0,1.1137371774141988e-07,0.0,1.3913530914578587e-06,1.5027268091992789e-06,Canada,CAN,,gcp,northamerica-northeast2,Linux-6.8.0-1032-gcp-x86_64-with-glibc2.35,3.12.11,3.0.4,2,Intel(R) Xeon(R) CPU @ 2.60GHz,,,,,15.61648178100586,machine,Y,1.0
2025-08-07T11:36:02,scipy-benchmark,48513478-b2ad-4ed7-b5b9-bd14a2388765,scipy_LMC001_f7d9627c,1.0018146559596062,7.064118741538065e-08,7.051323016203603e-08,0.8,0.0,10.0,1.1139722064965305e-07,0.0,1.3916067669116371e-06,1.5030039875612904e-06,Canada,CAN,,gcp,northamerica-northeast2,Linux-6.8.0-1032-gcp-x86_64-with-glibc2.35,3.12.11,3.0.4,2,Intel(R) Xeon(R) CPU @ 2.60GHz,,,,,15.61648178100586,machine,Y,1.0
2025-08-07T11:36:04,scipy-benchmark,a1cbf317-8616-4f5f-8029-a29b65672e5c,scipy_LMC001_f7d9627c,1.0025922239292413,7.063809059335229e-08,7.045545427882515e-08,0.8,0.0,10.0,1.1139796177546185e-07,0.0,1.391540135955438e-06,1.5029380977309e-06,Canada,CAN,,gcp,northamerica-northeast2,Linux-6.8.0-1032-gcp-x86_64-with-glibc2.35,3.12.11,3.0.4,2,Intel(R) Xeon(R) CPU @ 2.60GHz,,,,,15.61648178100586,machine,Y,1.0
2025-08-07T11:36:06,scipy-benchmark,8a9239e3-3c13-4968-b0d6-e812af4756b1,scipy_LMC001_f7d9627c,1.001586039783433,7.061548813887768e-08,7.05036665189008e-08,0.8,0.0,10.0,1.1136097533421385e-07,0.0,1.3910962191099922e-06,1.502457194444206e-06,Canada,CAN,,gcp,northamerica-northeast2,Linux-6.8.0-1032-gcp-x86_64-with-glibc2.35,3.12.11,3.0.4,2,Intel(R) Xeon(R) CPU @ 2.60GHz,,,,,15.61648178100586,machine,Y,1.0
2025-08-07T11:36:08,scipy-benchmark,45415a30-d960-4a5f-a0fd-9656ca4cb97e,scipy_LMC001_f7d9627c,1.0016062501817942,7.062295184434497e-08,7.050969563291635e-08,0.8,0.0,10.0,1.1135357401023309e-07,0.0,1.3912624226779575e-06,1.5026159966881906e-06,Canada,CAN,,gcp,northamerica-northeast2,Linux-6.8.0-1032-gcp-x86_64-with-glibc2.35,3.12.11,3.0.4,2,Intel(R) Xeon(R) CPU @ 2.60GHz,,,,,15.61648178100586,machine,Y,1.0
2025-08-07T11:36:11,scipy-benchmark,ecaac742-a369-4f03-8908-39ab9447f807,scipy_LMC001_f7d9627c,1.0015914689283818,7.06174446109993e-08,7.05052377158863e-08,0.8,0.0,10.0,1.1135821065141097e-07,0.0,1.391140610859212e-06,1.502498821510623e-06,Canada,CAN,,gcp,northamerica-northeast2,Linux-6.8.0-1032-gcp-x86_64-with-glibc2.35,3.12.11,3.0.4,2,Intel(R) Xeon(R) CPU @ 2.60GHz,,,,,15.61648178100586,machine,Y,1.0
2025-08-07T11:36:13,scipy-benchmark,01e5a881-0405-4a5d-9e92-a5f824f9eb29,scipy_LMC001_f7d9627c,1.0017522182315588,7.063571787959275e-08,7.05121651782208e-08,0.8,0.0,10.0,1.113935944934686e-07,0.0,1.3914940199659517e-06,1.5028876144594203e-06,Canada,CAN,,gcp,northamerica-northeast2,Linux-6.8.0-1032-gcp-x86_64-with-glibc2.35,3.12.11,3.0.4,2,Intel(R) Xeon(R) CPU @ 2.60GHz,,,,,15.61648178100586,machine,Y,1.0
2025-08-07T11:36:15,scipy-benchmark,65b0baa5-30a7-41ca-b158-f865fa438c99,scipy_LMC001_f7d9627c,1.0017796910833567,7.063680370032995e-08,7.051131534114156e-08,0.8,0.0,10.0,1.1139705844430461e-07,0.0,1.391513658583992e-06,1.5029107170282969e-06,Canada,CAN,,gcp,northamerica-northeast2,Linux-6.8.0-1032-gcp-x86_64-with-glibc2.35,3.12.11,3.0.4,2,Intel(R) Xeon(R) CPU @ 2.60GHz,,,,,15.61648178100586,machine,Y,1.0
2025-08-07T11:36:17,scipy-benchmark,cc5ba2b0-23f3-46ac-a50f-984a14cca591,scipy_LMC001_f7d9627c,1.00179129303433,7.063977294717917e-08,7.051346267266712e-08,0.8,0.0,10.0,1.113982951372034e-07,0.0,1.39157559735597e-06,1.5029738924931735e-06,Canada,CAN,,gcp,northamerica-northeast2,Linux-6.8.0-1032-gcp-x86_64-with-glibc2.35,3.12.11,3.0.4,2,Intel(R) Xeon(R) CPU @ 2.60GHz,,,,,15.61648178100586,machine,Y,1.0
2025-08-07T11:36:19,scipy-benchmark,9271eabe-42c0-4556-9556-a20336b72010,scipy_LMC001_f7d9627c,1.0017381750512868,7.063310780399479e-08,7.05105481283855e-08,0.8,0.0,10.0,1.1139069492411282e-07,0.0,1.3914413860119469e-06,1.5028320809360594e-06,Canada,CAN,,gcp,northamerica-northeast2,Linux-6.8.0-1032-gcp-x86_64-with-glibc2.35,3.12.11,3.0.4,2,Intel(R) Xeon(R) CPU @ 2.60GHz,,,,,15.61648178100586,machine,Y,1.0
2025-08-07T11:36:21,scipy-benchmark,cfaddc33-ecd4-4481-b353-a94599296d11,scipy_LMC001_f7d9627c,1.0017207260243597,7.063099015061746e-08,7.05096623396608e-08,0.8,0.0,10.0,1.1138149956241253e-07,0.0,1.3914055249188095e-06,1.5027870244812225e-06,Canada,CAN,,gcp,northamerica-northeast2,Linux-6.8.0-1032-gcp-x86_64-with-glibc2.35,3.12.11,3.0.4,2,Intel(R) Xeon(R) CPU @ 2.60GHz,,,,,15.61648178100586,machine,Y,1.0
2025-08-07T11:36:23,scipy-benchmark,09f9457c-4e9c-4e52-93fd-a01c3bbc8113,scipy_LMC001_f7d9627c,1.0017835220787674,7.06346284464364e-08,7.050887431235128e-08,0.8,0.0,10.0,1.1138673778623345e-07,0.0,1.391477697244328e-06,1.5028644350305617e-06,Canada,CAN,,gcp,northamerica-northeast2,Linux-6.8.0-1032-gcp-x86_64-with-glibc2.35,3.12.11,3.0.4,2,Intel(R) Xeon(R) CPU @ 2.60GHz,,,,,15.61648178100586,machine,Y,1.0
2025-08-07T11:36:26,scipy-benchmark,749bef12-806f-4f6a-b76c-f37456d0ff69,scipy_LMC001_f7d9627c,1.0016996739432216,7.063078164800795e-08,7.05109360472962e-08,0.8,0.0,10.0,1.11379221547395e-07,0.0,1.3914033667080931e-06,1.5027825882554882e-06,Canada,CAN,,gcp,northamerica-northeast2,Linux-6.8.0-1032-gcp-x86_64-with-glibc2.35,3.12.11,3.0.4,2,Intel(R) Xeon(R) CPU @ 2.60GHz,,,,,15.61648178100586,machine,Y,1.0
2025-08-07T11:36:28,scipy-benchmark,1fb9e151-fb11-4d3a-bf4c-d4f63732c5a9,scipy_LMC001_f7d9627c,1.0017120819538832,7.063243887904618e-08,7.051171704076336e-08,0.8,0.0,10.0,1.1137858447101385e-07,0.0,1.3914392640193302e-06,1.502817848490344e-06,Canada,CAN,,gcp,northamerica-northeast2,Linux-6.8.0-1032-gcp-x86_64-with-glibc2.35,3.12.11,3.0.4,2,Intel(R) Xeon(R) CPU @ 2.60GHz,,,,,15.61648178100586,machine,Y,1.0
2025-08-07T11:36:30,scipy-benchmark,d93e0740-8128-46cb-ab5a-55422b613c85,scipy_LMC001_f7d9627c,1.001699917949736,7.063150503403611e-08,7.051164102978423e-08,0.8,0.0,10.0,1.113845984347993e-07,0.0,1.3914133810127776e-06,1.5027979794475769e-06,Canada,CAN,,gcp,northamerica-northeast2,Linux-6.8.0-1032-gcp-x86_64-with-glibc2.35,3.12.11,3.0.4,2,Intel(R) Xeon(R) CPU @ 2.60GHz,,,,,15.61648178100586,machine,Y,1.0
2025-08-07T11:36:32,scipy-benchmark,e8683c6c-7c7d-470b-8b43-05ccc2abd6b6,scipy_LMC001_f7d9627c,1.0017406749539075,7.063094069780268e-08,7.050820882465669e-08,0.8,0.0,10.0,1.1138026111034885e-07,0.0,1.3914057111833246e-06,1.5027859722936735e-06,Canada,CAN,,gcp,northamerica-northeast2,Linux-6.8.0-1032-gcp-x86_64-with-glibc2.35,3.12.11,3.0.4,2,Intel(R) Xeon(R) CPU @ 2.60GHz,,,,,15.61648178100586,machine,Y,1.0
2025-08-07T11:36:34,scipy-benchmark,5bc8ebc0-153f-4a94-9245-88df4b2727b7,scipy_LMC001_f7d9627c,1.001643921015784,7.0626609556765e-08,7.051069554252507e-08,0.8,0.0,10.0,1.1136650066408849e-07,0.0,1.3913273196926134e-06,1.5026938203567015e-06,Canada,CAN,,gcp,northamerica-northeast2,Linux-6.8.0-1032-gcp-x86_64-with-glibc2.35,3.12.11,3.0.4,2,Intel(R) Xeon(R) CPU @ 2.60GHz,,,,,15.61648178100586,machine,Y,1.0
2025-08-07T11:36:36,scipy-benchmark,8ff73639-ab0a-441e-8afe-39cd33f2f1c3,scipy_LMC001_f7d9627c,1.001743733882904,7.062804252843166e-08,7.050510039595369e-08,0.8,0.0,10.0,1.1138498441626629e-07,0.0,1.391339324699301e-06,1.5027243091155673e-06,Canada,CAN,,gcp,northamerica-northeast2,Linux-6.8.0-1032-gcp-x86_64-with-glibc2.35,3.12.11,3.0.4,2,Intel(R) Xeon(R) CPU @ 2.60GHz,,,,,15.61648178100586,machine,Y,1.0
2025-08-07T11:36:38,scipy-benchmark,6c142026-6e34-49a5-9de2-7dd9600a4ac3,scipy_LMC001_f7d9627c,1.0017321321647614,7.06395717107484e-08,7.051742620863622e-08,0.8,0.0,10.0,1.1138897466783725e-07,0.0,1.39158063619915e-06,1.5029696108669873e-06,Canada,CAN,,gcp,northamerica-northeast2,Linux-6.8.0-1032-gcp-x86_64-with-glibc2.35,3.12.11,3.0.4,2,Intel(R) Xeon(R) CPU @ 2.60GHz,,,,,15.61648178100586,machine,Y,1.0
2025-08-07T11:36:40,scipy-benchmark,45c6b550-a519-4f6a-8924-69d0fa251eac,scipy_LMC001_f7d9627c,1.001704653026536,7.06337417112146e-08,7.051354059083465e-08,0.8,0.0,10.0,1.1138980954678525e-07,0.0,1.3914557587769295e-06,1.502845568323715e-06,Canada,CAN,,gcp,northamerica-northeast2,Linux-6.8.0-1032-gcp-x86_64-with-glibc2.35,3.12.11,3.0.4,2,Intel(R) Xeon(R) CPU @ 2.60GHz,,,,,15.61648178100586,machine,Y,1.0
2025-08-07T11:36:43,scipy-benchmark,58ea5eae-82f7-4fbd-9ef7-d06a6f8e2542,scipy_LMC001_f7d9627c,1.0017286089714617,7.0632520542092e-08,7.05106352254578e-08,0.8,0.0,10.0,1.113887717947364e-07,0.0,1.391430814207221e-06,1.5028195860019574e-06,Canada,CAN,,gcp,northamerica-northeast2,Linux-6.8.0-1032-gcp-x86_64-with-glibc2.35,3.12.11,3.0.4,2,Intel(R) Xeon(R) CPU @ 2.60GHz,,,,,15.61648178100586,machine,Y,1.0
2025-08-07T11:36:45,scipy-benchmark,b0b88898-9761-44b2-9536-9cf4cf65caec,scipy_LMC001_f7d9627c,1.0016659500543028,7.062971207890144e-08,7.05122422051707e-08,0.8,0.0,10.0,1.1137465335842637e-07,0.0,1.3913851781075613e-06,1.5027598314659877e-06,Canada,CAN,,gcp,northamerica-northeast2,Linux-6.8.0-1032-gcp-x86_64-with-glibc2.35,3.12.11,3.0.4,2,Intel(R) Xeon(R) CPU @ 2.60GHz,,,,,15.61648178100586,machine,Y,1.0
2025-08-07T11:36:47,scipy-benchmark,60efab34-ec4b-41f7-a497-478ca495277b,scipy_LMC001_f7d9627c,1.001692138845101,7.06169282259523e-08,7.04976364368497e-08,0.8,0.0,10.0,1.1135617089975213e-07,0.0,1.3911316636949775e-06,1.50248783459473e-06,Canada,CAN,,gcp,northamerica-northeast2,Linux-6.8.0-1032-gcp-x86_64-with-glibc2.35,3.12.11,3.0.4,2,Intel(R) Xeon(R) CPU @ 2.60GHz,,,,,15.61648178100586,machine,Y,1.0
2025-08-07T11:36:49,scipy-benchmark,973d7953-da51-4f8b-a5de-9f50239fcd21,scipy_LMC001_f7d9627c,1.001690577948466,7.062314432512763e-08,7.050395189876788e-08,0.8,0.0,10.0,1.1137043622632825e-07,0.0,1.3912496557976636e-06,1.5026200920239918e-06,Canada,CAN,,gcp,northamerica-northeast2,Linux-6.8.0-1032-gcp-x86_64-with-glibc2.35,3.12.11,3.0.4,2,Intel(R) Xeon(R) CPU @ 2.60GHz,,,,,15.61648178100586,machine,Y,1.0
2025-08-07T11:36:51,scipy-benchmark,38f74aa7-2c29-4e87-903f-f159fd2e3556,scipy_LMC001_f7d9627c,1.0016404839698223,7.062000029239186e-08,7.05043390543702e-08,0.8,0.0,10.0,1.1136006155154785e-07,0.0,1.3911931361589167e-06,1.5025531977104643e-06,Canada,CAN,,gcp,northamerica-northeast2,Linux-6.8.0-1032-gcp-x86_64-with-glibc2.35,3.12.11,3.0.4,2,Intel(R) Xeon(R) CPU @ 2.60GHz,,,,,15.61648178100586,machine,Y,1.0
2025-08-07T11:36:53,scipy-benchmark,0ee1d9c1-cd63-4d9a-b91e-96b699b153eb,scipy_LMC001_f7d9627c,1.001669868826866,7.062352969280133e-08,7.050579426484502e-08,0.8,0.0,10.0,1.113700971214308e-07,0.0,1.3912581942147678e-06,1.5026282913361989e-06,Canada,CAN,,gcp,northamerica-northeast2,Linux-6.8.0-1032-gcp-x86_64-with-glibc2.35,3.12.11,3.0.4,2,Intel(R) Xeon(R) CPU @ 2.60GHz,,,,,15.61648178100586,machine,Y,1.0
2025-08-07T11:36:55,scipy-benchmark,7e2fef7c-0891-4bcc-ad51-99bb42e97d5a,scipy_LMC001_f7d9627c,1.0017821590881797,7.064135734620505e-08,7.051568717344966e-08,0.8,0.0,10.0,1.1139911713285581e-07,0.0,1.3916084859778895e-06,1.5030076031107455e-06,Canada,CAN,,gcp,northamerica-northeast2,Linux-6.8.0-1032-gcp-x86_64-with-glibc2.35,3.12.11,3.0.4,2,Intel(R) Xeon(R) CPU @ 2.60GHz,,,,,15.61648178100586,machine,Y,1.0
2025-08-07T11:36:58,scipy-benchmark,c0b941e7-4460-4b76-907b-a83aa6501a59,scipy_LMC001_f7d9627c,1.0017544380389154,7.063801594844295e-08,7.051430297301949e-08,0.8,0.0,10.0,1.1139057933663329e-07,0.0,1.391545930204706e-06,1.5029365095413392e-06,Canada,CAN,,gcp,northamerica-northeast2,Linux-6.8.0-1032-gcp-x86_64-with-glibc2.35,3.12.11,3.0.4,2,Intel(R) Xeon(R) CPU @ 2.60GHz,,,,,15.61648178100586,machine,Y,1.0
2025-08-07T11:37:00,scipy-benchmark,f6470588-f9f7-4e64-beb2-01aa2ec7e7d1,scipy_LMC001_f7d9627c,1.0017687701620162,7.063566449093116e-08,7.051094683207906e-08,0.8,0.0,10.0,1.1138782846844858e-07,0.0,1.3914986500620014e-06,1.50288647853045e-06,Canada,CAN,,gcp,northamerica-northeast2,Linux-6.8.0-1032-gcp-x86_64-with-glibc2.35,3.12.11,3.0.4,2,Intel(R) Xeon(R) CPU @ 2.60GHz,,,,,15.61648178100586,machine,Y,1.0
2025-08-07T11:37:02,scipy-benchmark,3b1ad4ae-82a1-4942-95ed-eac0ad754c06,scipy_LMC001_f7d9627c,1.0017409659922123,7.063765925518238e-08,7.05148952206588e-08,0.8,0.0,10.0,1.1139257821357913e-07,0.0,1.39153634210945e-06,1.5029289203230293e-06,Canada,CAN,,gcp,northamerica-northeast2,Linux-6.8.0-1032-gcp-x86_64-with-glibc2.35,3.12.11,3.0.4,2,Intel(R) Xeon(R) CPU @ 2.60GHz,,,,,15.61648178100586,machine,Y,1.0
2025-08-07T11:37:04,scipy-benchmark,8f6d02cb-b3ec-41bb-b5ba-f49a6a3f1c0f,scipy_LMC001_f7d9627c,1.0017771390266716,7.063232814885367e-08,7.050702735887959e-08,0.8,0.0,10.0,1.1139166712140045e-07,0.0,1.3914238254074009e-06,1.5028154925288013e-06,Canada,CAN,,gcp,northamerica-northeast2,Linux-6.8.0-1032-gcp-x86_64-with-glibc2.35,3.12.11,3.0.4,2,Intel(R) Xeon(R) CPU @ 2.60GHz,,,,,15.61648178100586,machine,Y,1.0
2025-08-07T11:37:06,scipy-benchmark,3a96d790-6e7f-468a-a3bb-ada4ea8f76cb,scipy_LMC001_f7d9627c,1.0017924120184034,7.063425023915868e-08,7.050787108363633e-08,0.8,0.0,10.0,1.113898828625679e-07,0.0,1.391466505204638e-06,1.502856388067206e-06,Canada,CAN,,gcp,northamerica-northeast2,Linux-6.8.0-1032-gcp-x86_64-with-glibc2.35,3.12.11,3.0.4,2,Intel(R) Xeon(R) CPU @ 2.60GHz,,,,,15.61648178100586,machine,Y,1.0
2025-08-07T11:37:08,scipy-benchmark,32f9f805-1391-4d3f-bfce-ec6ad39d5ebe,scipy_LMC001_f7d9627c,1.0016668329481035,7.062987263275622e-08,7.051234034062856e-08,0.8,0.0,10.0,1.113780008422004e-07,0.0,1.391385246663251e-06,1.5027632475054513e-06,Canada,CAN,,gcp,northamerica-northeast2,Linux-6.8.0-1032-gcp-x86_64-with-glibc2.35,3.12.11,3.0.4,2,Intel(R) Xeon(R) CPU @ 2.60GHz,,,,,15.61648178100586,machine,Y,1.0
2025-08-07T11:37:10,scipy-benchmark,47974c9d-0ee0-43c0-8186-cfe61e2648c8,scipy_LMC001_f7d9627c,1.0016462809871882,7.062569863256067e-08,7.050961998576426e-08,0.8,0.0,10.0,1.113751553412941e-07,0.0,1.3912992836493587e-06,1.5026744389906527e-06,Canada,CAN,,gcp,northamerica-northeast2,Linux-6.8.0-1032-gcp-x86_64-with-glibc2.35,3.12.11,3.0.4,2,Intel(R) Xeon(R) CPU @ 2.60GHz,,,,,15.61648178100586,machine,Y,1.0
2025-08-07T11:37:13,scipy-benchmark,975d4508-7273-46ae-b679-418e583ac3f4,scipy_LMC001_f7d9627c,1.00166348204948,7.062584387588625e-08,7.050855416170347e-08,0.8,0.0,10.0,1.1137445953985057e-07,0.0,1.391303069734325e-06,1.5026775292741756e-06,Canada,CAN,,gcp,northamerica-northeast2,Linux-6.8.0-1032-gcp-x86_64-with-glibc2.35,3.12.11,3.0.4,2,Intel(R) Xeon(R) CPU @ 2.60GHz,,,,,15.61648178100586,machine,Y,1.0
2025-08-07T11:37:15,scipy-benchmark,af7d57e8-b408-4c12-9ff4-9fe9703dcc2f,scipy_LMC001_f7d9627c,1.0016876079607755,7.062658716487284e-08,7.050759798122457e-08,0.8,0.0,10.0,1.1138325758899253e-07,0.0,1.3913100863444725e-06,1.5026933439334647e-06,Canada,CAN,,gcp,northamerica-northeast2,Linux-6.8.0-1032-gcp-x86_64-with-glibc2.35,3.12.11,3.0.4,2,Intel(R) Xeon(R) CPU @ 2.60GHz,,,,,15.61648178100586,machine,Y,1.0
2025-08-07T11:37:17,scipy-benchmark,bc89dec5-2916-4041-9e04-d7d19b47202c,scipy_LMC001_f7d9627c,1.001641431124881,7.062147490840614e-08,7.05057445847618e-08,0.8,0.0,10.0,1.113699059933424e-07,0.0,1.391214666525937e-06,1.5025845725192792e-06,Canada,CAN,,gcp,northamerica-northeast2,Linux-6.8.0-1032-gcp-x86_64-with-glibc2.35,3.12.11,3.0.4,2,Intel(R) Xeon(R) CPU @ 2.60GHz,,,,,15.61648178100586,machine,Y,1.0
2025-08-07T11:37:19,scipy-benchmark,0b9ac0bd-0379-4214-83e6-375e4e65c160,scipy_LMC001_f7d9627c,1.0016857930459082,7.062687792631591e-08,7.050801600325683e-08,0.8,0.0,10.0,1.1137628001678324e-07,0.0,1.3913232503303638e-06,1.502699530347147e-06,Canada,CAN,,gcp,northamerica-northeast2,Linux-6.8.0-1032-gcp-x86_64-with-glibc2.35,3.12.11,3.0.4,2,Intel(R) Xeon(R) CPU @ 2.60GHz,,,,,15.61648178100586,machine,Y,1.0
2025-08-07T11:37:21,scipy-benchmark,2f1399a1-c8b0-4535-b1dd-94c6e158da5c,scipy_LMC001_f7d9627c,1.0015978361479938,7.062579231957596e-08,7.051312390129847e-08,0.8,0.0,10.0,1.1136094625625345e-07,0.0,1.3913154860751496e-06,1.502676432331403e-06,Canada,CAN,,gcp,northamerica-northeast2,Linux-6.8.0-1032-gcp-x86_64-with-glibc2.35,3.12.11,3.0.4,2,Intel(R) Xeon(R) CPU @ 2.60GHz,,,,,15.61648178100586,machine,Y,1.0
2025-08-07T11:37:23,scipy-benchmark,3fb03c43-2197-43e6-baaf-a208e4e405cb,scipy_LMC001_f7d9627c,1.0016869569662958,7.063067844491569e-08,7.051172819383356e-08,0.8000072,0.0,10.0,1.1137911215818928e-07,0.0,1.3914012802868254e-06,1.5027803924450149e-06,Canada,CAN,,gcp,northamerica-northeast2,Linux-6.8.0-1032-gcp-x86_64-with-glibc2.35,3.12.11,3.0.4,2,Intel(R) Xeon(R) CPU @ 2.60GHz,,,,,15.61648178100586,machine,Y,1.0
2025-08-07T11:37:25,scipy-benchmark,eff5dfc2-1df0-4c7d-86a9-348817f2304e,scipy_LMC001_f7d9627c,1.0016386511269957,7.062950540621145e-08,7.0513957630072e-08,0.8,0.0,10.0,1.1136825889762905e-07,0.0,1.3913871752770826e-06,1.5027554341747115e-06,Canada,CAN,,gcp,northamerica-northeast2,Linux-6.8.0-1032-gcp-x86_64-with-glibc2.35,3.12.11,3.0.4,2,Intel(R) Xeon(R) CPU @ 2.60GHz,,,,,15.61648178100586,machine,Y,1.0
2025-08-07T11:37:27,scipy-benchmark,b2528e5e-1aef-4944-8d70-151b073076fa,scipy_LMC001_f7d9627c,1.0017309600953013,7.06299437187457e-08,7.050789736200847e-08,0.8,0.0,10.0,1.1137959868129756e-07,0.0,1.391385161292015e-06,1.5027647599733126e-06,Canada,CAN,,gcp,northamerica-northeast2,Linux-6.8.0-1032-gcp-x86_64-with-glibc2.35,3.12.11,3.0.4,2,Intel(R) Xeon(R) CPU @ 2.60GHz,,,,,15.61648178100586,machine,Y,1.0
2025-08-07T11:37:30,scipy-benchmark,cf69623c-add6-42e1-8f29-8690c4d7c052,scipy_LMC001_f7d9627c,1.001732376171276,7.06349487771901e-08,7.051279409293342e-08,0.8,0.0,10.0,1.1138754177631605e-07,0.0,1.3914837088021969e-06,1.5028712505785126e-06,Canada,CAN,,gcp,northamerica-northeast2,Linux-6.8.0-1032-gcp-x86_64-with-glibc2.35,3.12.11,3.0.4,2,Intel(R) Xeon(R) CPU @ 2.60GHz,,,,,15.61648178100586,machine,Y,1.0
2025-08-07T11:37:32,scipy-benchmark,1f10d10a-25d0-48b6-9a56-fbd190a64942,scipy_LMC001_f7d9627c,1.001758220139891,7.063184311804879e-08,7.05078747526378e-08,0.8,0.0,10.0,1.1138382243613405e-07,0.0,1.3914213502883085e-06,1.5028051727244425e-06,Canada,CAN,,gcp,northamerica-northeast2,Linux-6.8.0-1032-gcp-x86_64-with-glibc2.35,3.12.11,3.0.4,2,Intel(R) Xeon(R) CPU @ 2.60GHz,,,,,15.61648178100586,machine,Y,1.0
2025-08-07T11:37:34,scipy-benchmark,ff2524af-4d1c-48d9-b2d4-2ea8091bb45b,scipy_LMC001_f7d9627c,1.001570642925799,7.06161745945768e-08,7.050543573071597e-08,0.8,0.0,10.0,1.1135318311345249e-07,0.0,1.39111861677116e-06,1.5024717998846123e-06,Canada,CAN,,gcp,northamerica-northeast2,Linux-6.8.0-1032-gcp-x86_64-with-glibc2.35,3.12.11,3.0.4,2,Intel(R) Xeon(R) CPU @ 2.60GHz,,,,,15.61648178100586,machine,Y,1.0
2025-08-07T11:37:36,scipy-benchmark,ae6492d9-d5d7-4a54-bba7-bdf59a59c503,scipy_LMC001_f7d9627c,1.001513367984444,7.061764424731437e-08,7.051093525534576e-08,0.8,0.0,10.0,1.1135601335101658e-07,0.0,1.3911470557407786e-06,1.5025030690917951e-06,Canada,CAN,,gcp,northamerica-northeast2,Linux-6.8.0-1032-gcp-x86_64-with-glibc2.35,3.12.11,3.0.4,2,Intel(R) Xeon(R) CPU @ 2.60GHz,,,,,15.61648178100586,machine,Y,1.0
2025-08-07T11:37:38,scipy-benchmark,bce4288b-6de4-4482-853e-187e3cb5e3ae,scipy_LMC001_f7d9627c,1.0016619418747723,7.06290543292287e-08,7.051186770362366e-08,0.8,0.0,10.0,1.1138098997374377e-07,0.0,1.391364846818356e-06,1.5027458367921e-06,Canada,CAN,,gcp,northamerica-northeast2,Linux-6.8.0-1032-gcp-x86_64-with-glibc2.35,3.12.11,3.0.4,2,Intel(R) Xeon(R) CPU @ 2.60GHz,,,,,15.61648178100586,machine,Y,1.0
2025-08-07T11:37:40,scipy-benchmark,bb4d88dc-1c8d-488f-b860-f5ee6447f7ca,scipy_LMC001_f7d9627c,1.0017303260974586,7.063461484545327e-08,7.051260504474454e-08,0.8,0.0,10.0,1.1138729823546277e-07,0.0,1.3914768474124787e-06,1.5028641456479416e-06,Canada,CAN,,gcp,northamerica-northeast2,Linux-6.8.0-1032-gcp-x86_64-with-glibc2.35,3.12.11,3.0.4,2,Intel(R) Xeon(R) CPU @ 2.60GHz,,,,,15.61648178100586,machine,Y,1.0
2025-08-07T11:37:42,scipy-benchmark,7efe68c2-dbb5-441b-958a-f1245dae37cf,scipy_LMC001_f7d9627c,1.0017785341478884,7.063613738712028e-08,7.051073164310041e-08,0.8,0.0,10.0,1.1138967310802805e-07,0.0,1.391506867043467e-06,1.502896540151495e-06,Canada,CAN,,gcp,northamerica-northeast2,Linux-6.8.0-1032-gcp-x86_64-with-glibc2.35,3.12.11,3.0.4,2,Intel(R) Xeon(R) CPU @ 2.60GHz,,,,,15.61648178100586,machine,Y,1.0
2025-08-07T11:37:45,scipy-benchmark,d04a68e9-5290-44b3-844a-19c28f58053e,scipy_LMC001_f7d9627c,1.001703314948827,7.063234431050822e-08,7.051223975845238e-08,0.8,0.0,10.0,1.113810808811751e-07,0.0,1.3914347555126166e-06,1.5028158363937916e-06,Canada,CAN,,gcp,northamerica-northeast2,Linux-6.8.0-1032-gcp-x86_64-with-glibc2.35,3.12.11,3.0.4,2,Intel(R) Xeon(R) CPU @ 2.60GHz,,,,,15.61648178100586,machine,Y,1.0
2025-08-07T11:37:47,scipy-benchmark,2d37b883-64ed-4d16-a668-bbe23c2fd8a3,scipy_LMC001_f7d9627c,1.0017416449263692,7.06315182564503e-08,7.050871710703605e-08,0.8004608000000001,0.0,10.0,1.1144386934658557e-07,0.0,1.3913543914289525e-06,1.5027982607755382e-06,Canada,CAN,,gcp,northamerica-northeast2,Linux-6.8.0-1032-gcp-x86_64-with-glibc2.35,3.12.11,3.0.4,2,Intel(R) Xeon(R) CPU @ 2.60GHz,,,,,15.61648178100586,machine,Y,1.0
2025-08-07T11:37:49,scipy-benchmark,d313a2fb-6c39-412c-97a1-393f48baa929,scipy_LMC001_f7d9627c,1.00167692406103,7.062767289563394e-08,7.05094339293482e-08,0.8,0.0,10.0,1.1137560842972665e-07,0.0,1.3913408361582294e-06,1.502716444587956e-06,Canada,CAN,,gcp,northamerica-northeast2,Linux-6.8.0-1032-gcp-x86_64-with-glibc2.35,3.12.11,3.0.4,2,Intel(R) Xeon(R) CPU @ 2.60GHz,,,,,15.61648178100586,machine,Y,1.0
2025-08-07T11:37:51,scipy-benchmark,07deebf5-c73d-4e6b-982f-c3dad538bd94,scipy_LMC001_f7d9627c,1.001693365862593,7.062837585222183e-08,7.050897835526871e-08,0.8,0.0,10.0,1.1138157639652493e-07,0.0,1.391349824714578e-06,1.5027314011111029e-06,Canada,CAN,,gcp,northamerica-northeast2,Linux-6.8.0-1032-gcp-x86_64-with-glibc2.35,3.12.11,3.0.4,2,Intel(R) Xeon(R) CPU @ 2.60GHz,,,,,15.61648178100586,machine,Y,1.0
2025-08-07T11:37:53,scipy-benchmark,26d266c7-08db-4f5c-964e-95abe746233f,scipy_LMC001_f7d9627c,1.0017645810730755,7.063173542880557e-08,7.050731954721926e-08,0.8,0.0,10.0,1.1138303422679505e-07,0.0,1.3914198472371532e-06,1.502802881463948e-06,Canada,CAN,,gcp,northamerica-northeast2,Linux-6.8.0-1032-gcp-x86_64-with-glibc2.35,3.12.11,3.0.4,2,Intel(R) Xeon(R) CPU @ 2.60GHz,,,,,15.61648178100586,machine,Y,1.0
2025-08-07T11:37:55,scipy-benchmark,921d2d67-a0c0-482d-9972-a25bf2b7e3ca,scipy_LMC001_f7d9627c,1.0017419708892703,7.063248401787135e-08,7.050965824579475e-08,0.8,0.0,10.0,1.1138426486609725e-07,0.0,1.3914345440247822e-06,1.5028188088908793e-06,Canada,CAN,,gcp,northamerica-northeast2,Linux-6.8.0-1032-gcp-x86_64-with-glibc2.35,3.12.11,3.0.4,2,Intel(R) Xeon(R) CPU @ 2.60GHz,,,,,15.61648178100586,machine,Y,1.0
2025-08-07T11:37:57,scipy-benchmark,9aa4aeda-f4d8-4f48-9ca9-ab6d08c31b3f,scipy_LMC001_f7d9627c,1.0018170240800828,7.064095797873518e-08,7.051283446056541e-08,0.8,0.0,10.0,1.1139930065514313e-07,0.0,1.3915998052753922e-06,1.5029991059305352e-06,Canada,CAN,,gcp,northamerica-northeast2,Linux-6.8.0-1032-gcp-x86_64-with-glibc2.35,3.12.11,3.0.4,2,Intel(R) Xeon(R) CPU @ 2.60GHz,,,,,15.61648178100586,machine,Y,1.0
2025-08-07T11:37:59,scipy-benchmark,217cad9f-0681-4095-b5b4-d3eaba81aa84,scipy_LMC001_f7d9627c,1.0016764891333878,7.063022325794335e-08,7.051201063833484e-08,0.8000072,0.0,10.0,1.113755992813025e-07,0.0,1.3913951083345132e-06,1.5027707076158158e-06,Canada,CAN,,gcp,northamerica-northeast2,Linux-6.8.0-1032-gcp-x86_64-with-glibc2.35,3.12.11,3.0.4,2,Intel(R) Xeon(R) CPU @ 2.60GHz,,,,,15.61648178100586,machine,Y,1.0
2025-08-07T11:38:02,scipy-benchmark,70c6c97f-3ca5-4a84-856f-a3e9e6b53e69,scipy_LMC001_f7d9627c,1.0017389960121363,7.063300938837027e-08,7.051039209769819e-08,0.8,0.0,10.0,1.1138386222430401e-07,0.0,1.3914461247622968e-06,1.5028299869866009e-06,Canada,CAN,,gcp,northamerica-northeast2,Linux-6.8.0-1032-gcp-x86_64-with-glibc2.35,3.12.11,3.0.4,2,Intel(R) Xeon(R) CPU @ 2.60GHz,,,,,15.61648178100586,machine,Y,1.0
2025-08-07T11:38:04,scipy-benchmark,2d2c1f28-0a19-4c1e-aad9-f3d57587b5a8,scipy_LMC001_f7d9627c,1.0018182371277362,7.06370044224378e-08,7.050880269953728e-08,0.8,0.0,10.0,1.1139592357600728e-07,0.0,1.3915190641354355e-06,1.5029149877114428e-06,Canada,CAN,,gcp,northamerica-northeast2,Linux-6.8.0-1032-gcp-x86_64-with-glibc2.35,3.12.11,3.0.4,2,Intel(R) Xeon(R) CPU @ 2.60GHz,,,,,15.61648178100586,machine,Y,1.0
2025-08-07T11:38:06,scipy-benchmark,4ff54025-480c-41ea-8d47-4fc806af7163,scipy_LMC001_f7d9627c,1.001684758812189,7.062890801495115e-08,7.051011547655358e-08,0.8000072,0.0,10.0,1.1137225145695746e-07,0.0,1.3913704722654076e-06,1.502742723722365e-06,Canada,CAN,,gcp,northamerica-northeast2,Linux-6.8.0-1032-gcp-x86_64-with-glibc2.35,3.12.11,3.0.4,2,Intel(R) Xeon(R) CPU @ 2.60GHz,,,,,15.61648178100586,machine,Y,1.0
2025-08-07T11:38:08,scipy-benchmark,6c89af1f-adaf-4043-8f87-a56460abfe0f,scipy_LMC001_f7d9627c,1.0016045810189098,7.062395753527785e-08,7.051081721634468e-08,0.8,0.0,10.0,1.1136352224275472e-07,0.0,1.391273872124859e-06,1.5026373943676135e-06,Canada,CAN,,gcp,northamerica-northeast2,Linux-6.8.0-1032-gcp-x86_64-with-glibc2.35,3.12.11,3.0.4,2,Intel(R) Xeon(R) CPU @ 2.60GHz,,,,,15.61648178100586,machine,Y,1.0
2025-08-07T11:38:10,scipy-benchmark,fc33af89-57a9-4c99-a72c-32f05b474eb2,scipy_LMC001_f7d9627c,1.0016461280174551,7.062505085078172e-08,7.050898403667664e-08,0.8,0.0,10.0,1.1137645112143625e-07,0.0,1.3912842052781748e-06,1.5026606563996111e-06,Canada,CAN,,gcp,northamerica-northeast2,Linux-6.8.0-1032-gcp-x86_64-with-glibc2.35,3.12.11,3.0.4,2,Intel(R) Xeon(R) CPU @ 2.60GHz,,,,,15.61648178100586,machine,Y,1.0
2025-08-07T11:38:12,scipy-benchmark,754fe9ce-e5a3-485e-bbab-0b0f6d3d93c0,scipy_LMC001_f7d9627c,1.0015730608720332,7.062368676676932e-08,7.0512765893763e-08,0.8,0.0,10.0,1.1136121421845425e-07,0.0,1.3912704191170632e-06,1.5026316333355177e-06,Canada,CAN,,gcp,northamerica-northeast2,Linux-6.8.0-1032-gcp-x86_64-with-glibc2.35,3.12.11,3.0.4,2,Intel(R) Xeon(R) CPU @ 2.60GHz,,,,,15.61648178100586,machine,Y,1.0
2025-08-07T11:38:14,scipy-benchmark,9fb76d09-7683-4d7f-a066-3e686509376e,scipy_LMC001_f7d9627c,1.0016427009832114,7.062229312438934e-08,7.050647207339162e-08,0.8,0.0,10.0,1.113664648599095e-07,0.0,1.391235516510076e-06,1.5026019813699856e-06,Canada,CAN,,gcp,northamerica-northeast2,Linux-6.8.0-1032-gcp-x86_64-with-glibc2.35,3.12.11,3.0.4,2,Intel(R) Xeon(R) CPU @ 2.60GHz,,,,,15.61648178100586,machine,Y,1.0
2025-08-07T11:38:17,scipy-benchmark,e6e006f1-ae5f-4512-87e8-3834e69142c1,scipy_LMC001_f7d9627c,1.0017350460402668,7.063180437482273e-08,7.050946720295092e-08,0.8,0.0,10.0,1.1138707911595705e-07,0.0,1.3914172692845264e-06,1.5028043484004837e-06,Canada,CAN,,gcp,northamerica-northeast2,Linux-6.8.0-1032-gcp-x86_64-with-glibc2.35,3.12.11,3.0.4,2,Intel(R) Xeon(R) CPU @ 2.60GHz,,,,,15.61648178100586,machine,Y,1.0
2025-08-07T11:38:19,scipy-benchmark,a7d194fc-2f64-438e-9acd-4ab8b065cd50,scipy_LMC001_f7d9627c,1.001675512874499,7.061972940837346e-08,7.050160306476564e-08,0.8,0.0,10.0,1.1136670664159789e-07,0.0,1.3911807275791137e-06,1.5025474342207115e-06,Canada,CAN,,gcp,northamerica-northeast2,Linux-6.8.0-1032-gcp-x86_64-with-glibc2.35,3.12.11,3.0.4,2,Intel(R) Xeon(R) CPU @ 2.60GHz,,,,,15.61648178100586,machine,Y,1.0
2025-08-07T11:38:21,scipy-benchmark,ce84b24b-fee9-4c43-8735-d795ff8470f7,scipy_LMC001_f7d9627c,1.001687590032816,7.063256555324836e-08,7.051356755945672e-08,0.8,0.0,10.0,1.1137581332069305e-07,0.0,1.391444730365442e-06,1.502820543686135e-06,Canada,CAN,,gcp,northamerica-northeast2,Linux-6.8.0-1032-gcp-x86_64-with-glibc2.35,3.12.11,3.0.4,2,Intel(R) Xeon(R) CPU @ 2.60GHz,,,,,15.61648178100586,machine,Y,1.0
2025-08-07T11:38:23,scipy-benchmark,85dd9ad2-a650-4dec-a4a2-21505947a638,scipy_LMC001_f7d9627c,1.001717644976452,7.063602560882769e-08,7.051490603471217e-08,0.8,0.0,10.0,1.1138852044112161e-07,0.0,1.391505641448829e-06,1.5028941618899506e-06,Canada,CAN,,gcp,northamerica-northeast2,Linux-6.8.0-1032-gcp-x86_64-with-glibc2.35,3.12.11,3.0.4,2,Intel(R) Xeon(R) CPU @ 2.60GHz,,,,,15.61648178100586,machine,Y,1.0
2025-08-07T11:38:25,scipy-benchmark,7f809f4b-9a8f-4a60-9e18-1fe7957d2db4,scipy_LMC001_f7d9627c,1.001693497877568,7.06344690659187e-08,7.051505197506234e-08,0.8,0.0,10.0,1.113778771315184e-07,0.0,1.3914831668241985e-06,1.5028610439557169e-06,Canada,CAN,,gcp,northamerica-northeast2,Linux-6.8.0-1032-gcp-x86_64-with-glibc2.35,3.12.11,3.0.4,2,Intel(R) Xeon(R) CPU @ 2.60GHz,,,,,15.61648178100586,machine,Y,1.0
2025-08-07T11:38:27,scipy-benchmark,04f59951-e966-48c0-a045-8c3da26cae4e,scipy_LMC001_f7d9627c,1.001735094934702,7.063536369958377e-08,7.051301692109341e-08,0.8,0.0,10.0,1.11389575784819e-07,0.0,1.391490502929729e-06,1.502880078714548e-06,Canada,CAN,,gcp,northamerica-northeast2,Linux-6.8.0-1032-gcp-x86_64-with-glibc2.35,3.12.11,3.0.4,2,Intel(R) Xeon(R) CPU @ 2.60GHz,,,,,15.61648178100586,machine,Y,1.0
2025-08-07T11:38:29,scipy-benchmark,2cd4feb7-7bfb-4691-8633-201b4795c484,scipy_LMC001_f7d9627c,1.001667357981205,7.062914437342748e-08,7.051157633385986e-08,0.8,0.0,10.0,1.1137637490820553e-07,0.0,1.3913713777179106e-06,1.5027477526261162e-06,Canada,CAN,,gcp,northamerica-northeast2,Linux-6.8.0-1032-gcp-x86_64-with-glibc2.35,3.12.11,3.0.4,2,Intel(R) Xeon(R) CPU @ 2.60GHz,,,,,15.61648178100586,machine,Y,1.0
2025-08-07T11:38:32,scipy-benchmark,aec9d597-a09c-46f1-a9b0-c0564a404574,scipy_LMC001_f7d9627c,1.0016850321553648,7.062922648270617e-08,7.051041416754574e-08,0.8,0.0,10.0,1.1137825514500344e-07,0.0,1.3913712444870425e-06,1.5027494996320455e-06,Canada,CAN,,gcp,northamerica-northeast2,Linux-6.8.0-1032-gcp-x86_64-with-glibc2.35,3.12.11,3.0.4,2,Intel(R) Xeon(R) CPU @ 2.60GHz,,,,,15.61648178100586,machine,Y,1.0
2025-08-07T11:38:34,scipy-benchmark,8ccb85ac-1a2e-4597-8cc7-fd69f02a5b92,scipy_LMC001_f7d9627c,1.001645158044994,7.062377386729029e-08,7.050777743001665e-08,0.8,0.0,10.0,1.113696313049231e-07,0.0,1.3912638552331678e-06,1.502633486538091e-06,Canada,CAN,,gcp,northamerica-northeast2,Linux-6.8.0-1032-gcp-x86_64-with-glibc2.35,3.12.11,3.0.4,2,Intel(R) Xeon(R) CPU @ 2.60GHz,,,,,15.61648178100586,machine,Y,1.0
2025-08-07T11:38:36,scipy-benchmark,8e0ddb63-2581-4206-8be6-9c4dcbd44be9,scipy_LMC001_f7d9627c,1.0016976401675493,7.062941875678693e-08,7.050971862624442e-08,0.8,0.0,10.0,1.1138385689506929e-07,0.0,1.3913697336748656e-06,1.5027535905699348e-06,Canada,CAN,,gcp,northamerica-northeast2,Linux-6.8.0-1032-gcp-x86_64-with-glibc2.35,3.12.11,3.0.4,2,Intel(R) Xeon(R) CPU @ 2.60GHz,,,,,15.61648178100586,machine,Y,1.0
2025-08-07T11:38:38,scipy-benchmark,833f9f26-6495-48fb-9d96-0fc9b2e2646a,scipy_LMC001_f7d9627c,1.0016279160045087,7.062921143359402e-08,7.051441988092123e-08,0.8,0.0,10.0,1.113693131030434e-07,0.0,1.3913798663351273e-06,1.5027491794381706e-06,Canada,CAN,,gcp,northamerica-northeast2,Linux-6.8.0-1032-gcp-x86_64-with-glibc2.35,3.12.11,3.0.4,2,Intel(R) Xeon(R) CPU @ 2.60GHz,,,,,15.61648178100586,machine,Y,1.0
2025-08-07T11:38:40,scipy-benchmark,e57aff1c-a496-4bb7-ad59-42b3b40d06f0,scipy_LMC001_f7d9627c,1.0016417261213064,7.062572481317654e-08,7.050996675893597e-08,0.8,0.0,10.0,1.1137503199279309e-07,0.0,1.3912999640322396e-06,1.5026749960250327e-06,Canada,CAN,,gcp,northamerica-northeast2,Linux-6.8.0-1032-gcp-x86_64-with-glibc2.35,3.12.11,3.0.4,2,Intel(R) Xeon(R) CPU @ 2.60GHz,,,,,15.61648178100586,machine,Y,1.0
2025-08-07T11:38:42,scipy-benchmark,bff721df-77e3-480d-9ba2-6f4cdf0e283a,scipy_LMC001_f7d9627c,1.001750182826072,7.063564745504926e-08,7.051223814681682e-08,0.8,0.0,10.0,1.1138986351175442e-07,0.0,1.3914962525531234e-06,1.502886116064878e-06,Canada,CAN,,gcp,northamerica-northeast2,Linux-6.8.0-1032-gcp-x86_64-with-glibc2.35,3.12.11,3.0.4,2,Intel(R) Xeon(R) CPU @ 2.60GHz,,,,,15.61648178100586,machine,Y,1.0
2025-08-07T11:38:44,scipy-benchmark,2cfc06cd-e25b-43ce-85e5-1994511e06ab,scipy_LMC001_f7d9627c,1.001643046969548,7.062957436560346e-08,7.051371701654787e-08,0.8,0.0,10.0,1.1137761843080324e-07,0.0,1.3913792829650144e-06,1.5027569013958175e-06,Canada,CAN,,gcp,northamerica-northeast2,Linux-6.8.0-1032-gcp-x86_64-with-glibc2.35,3.12.11,3.0.4,2,Intel(R) Xeon(R) CPU @ 2.60GHz,,,,,15.61648178100586,machine,Y,1.0
2025-08-07T11:38:47,scipy-benchmark,4e84ae92-8240-46bc-b3e2-13e49d8e1145,scipy_LMC001_f7d9627c,1.0017627549823374,7.063295174213046e-08,7.050866224645758e-08,0.8004608000000001,0.0,10.0,1.1145266599216065e-07,0.0,1.3913760944787e-06,1.5028287604708607e-06,Canada,CAN,,gcp,northamerica-northeast2,Linux-6.8.0-1032-gcp-x86_64-with-glibc2.35,3.12.11,3.0.4,2,Intel(R) Xeon(R) CPU @ 2.60GHz,,,,,15.61648178100586,machine,Y,1.0
2025-08-07T11:38:49,scipy-benchmark,c180709b-9219-488b-b7f4-347f44234c7f,scipy_LMC001_f7d9627c,1.0016634380444884,7.06284733693012e-08,7.051118238595853e-08,0.8,0.0,10.0,1.1137765066491237e-07,0.0,1.3913558252776662e-06,1.5027334759425785e-06,Canada,CAN,,gcp,northamerica-northeast2,Linux-6.8.0-1032-gcp-x86_64-with-glibc2.35,3.12.11,3.0.4,2,Intel(R) Xeon(R) CPU @ 2.60GHz,,,,,15.61648178100586,machine,Y,1.0
2025-08-07T11:38:51,scipy-benchmark,700a6aa4-a500-4b36-93a4-138590d4ce96,scipy_LMC001_f7d9627c,1.0017000979278237,7.06260970918329e-08,7.050622959699638e-08,0.8000072,0.0,10.0,1.1137471125723545e-07,0.0,1.391308205590273e-06,1.5026829168475084e-06,Canada,CAN,,gcp,northamerica-northeast2,Linux-6.8.0-1032-gcp-x86_64-with-glibc2.35,3.12.11,3.0.4,2,Intel(R) Xeon(R) CPU @ 2.60GHz,,,,,15.61648178100586,machine,Y,1.0
2025-08-07T11:38:53,scipy-benchmark,f9d4cc93-0357-4bd0-a08a-7bd96e945431,scipy_LMC001_f7d9627c,1.001719859894365,7.063228669904897e-08,7.051101762772019e-08,0.8,0.0,10.0,1.1137267486709689e-07,0.0,1.3914419357509664e-06,1.502814610618063e-06,Canada,CAN,,gcp,northamerica-northeast2,Linux-6.8.0-1032-gcp-x86_64-with-glibc2.35,3.12.11,3.0.4,2,Intel(R) Xeon(R) CPU @ 2.60GHz,,,,,15.61648178100586,machine,Y,1.0
2025-08-07T11:38:55,scipy-benchmark,586589f1-eedc-4673-8294-82af9ca4f3bb,scipy_LMC001_f7d9627c,1.0016279241535813,7.062162456177694e-08,7.050684476618925e-08,0.8,0.0,10.0,1.113587535607319e-07,0.0,1.3912290030728198e-06,1.5025877566335515e-06,Canada,CAN,,gcp,northamerica-northeast2,Linux-6.8.0-1032-gcp-x86_64-with-glibc2.35,3.12.11,3.0.4,2,Intel(R) Xeon(R) CPU @ 2.60GHz,,,,,15.61648178100586,machine,Y,1.0
2025-08-07T11:38:57,scipy-benchmark,278b52fd-df17-43fc-82e5-17b280e58800,scipy_LMC001_f7d9627c,1.0015931888483465,7.061803353016474e-08,7.050570462780689e-08,0.8,0.0,10.0,1.113488075530365e-07,0.0,1.391162544152596e-06,1.5025113517056322e-06,Canada,CAN,,gcp,northamerica-northeast2,Linux-6.8.0-1032-gcp-x86_64-with-glibc2.35,3.12.11,3.0.4,2,Intel(R) Xeon(R) CPU @ 2.60GHz,,,,,15.61648178100586,machine,Y,1.0
2025-08-07T11:38:59,scipy-benchmark,4bbf8b20-1cc4-4628-90a7-9c8622be68c7,scipy_LMC001_f7d9627c,1.001570857828483,7.06209273429898e-08,7.051016589690302e-08,0.8,0.0,10.0,1.1135828929642836e-07,0.0,1.3912146328948438e-06,1.5025729221912722e-06,Canada,CAN,,gcp,northamerica-northeast2,Linux-6.8.0-1032-gcp-x86_64-with-glibc2.35,3.12.11,3.0.4,2,Intel(R) Xeon(R) CPU @ 2.60GHz,,,,,15.61648178100586,machine,Y,1.0
2025-08-07T11:39:01,scipy-benchmark,03c13bd9-c4c7-46eb-b66c-5bcbeff897c4,scipy_LMC001_f7d9627c,1.0016285178717226,7.06177982389927e-08,7.05029828713769e-08,0.8,0.0,10.0,1.1136922064340785e-07,0.0,1.391137124867075e-06,1.5025063455104829e-06,Canada,CAN,,gcp,northamerica-northeast2,Linux-6.8.0-1032-gcp-x86_64-with-glibc2.35,3.12.11,3.0.4,2,Intel(R) Xeon(R) CPU @ 2.60GHz,,,,,15.61648178100586,machine,Y,1.0
2025-08-07T11:39:04,scipy-benchmark,24aba305-a6c5-4349-b70a-093100d80616,scipy_LMC001_f7d9627c,1.001844901125878,7.063461644556893e-08,7.050454253566534e-08,0.8,0.0,10.0,1.1140344933503205e-07,0.0,1.3914607303579235e-06,1.5028641796929556e-06,Canada,CAN,,gcp,northamerica-northeast2,Linux-6.8.0-1032-gcp-x86_64-with-glibc2.35,3.12.11,3.0.4,2,Intel(R) Xeon(R) CPU @ 2.60GHz,,,,,15.61648178100586,machine,Y,1.0
2025-08-07T11:39:06,scipy-benchmark,17694efe-988a-40a4-b486-c4f8f7c13577,scipy_LMC001_f7d9627c,1.001698310021311,7.063360696955999e-08,7.05138525870701e-08,0.8,0.0,10.0,1.1138352332636717e-07,0.0,1.3914591781536324e-06,1.5028427014799996e-06,Canada,CAN,,gcp,northamerica-northeast2,Linux-6.8.0-1032-gcp-x86_64-with-glibc2.35,3.12.11,3.0.4,2,Intel(R) Xeon(R) CPU @ 2.60GHz,,,,,15.61648178100586,machine,Y,1.0
2025-08-07T11:39:08,scipy-benchmark,c76b0d6e-7045-4d23-9a06-093a437bac37,scipy_LMC001_f7d9627c,1.0017656269483268,7.063490298664613e-08,7.051040791030217e-08,0.8,0.0,10.0,1.113886513436834e-07,0.0,1.391481624967936e-06,1.5028702763116194e-06,Canada,CAN,,gcp,northamerica-northeast2,Linux-6.8.0-1032-gcp-x86_64-with-glibc2.35,3.12.11,3.0.4,2,Intel(R) Xeon(R) CPU @ 2.60GHz,,,,,15.61648178100586,machine,Y,1.0
2025-08-07T11:39:10,scipy-benchmark,d94c097e-6c9d-400f-9b8a-93a2e514181c,scipy_LMC001_f7d9627c,1.0017316739540547,7.063679891578957e-08,7.051469046293669e-08,0.8,0.0,10.0,1.1139005645074781e-07,0.0,1.3915205587788175e-06,1.502910615229565e-06,Canada,CAN,,gcp,northamerica-northeast2,Linux-6.8.0-1032-gcp-x86_64-with-glibc2.35,3.12.11,3.0.4,2,Intel(R) Xeon(R) CPU @ 2.60GHz,,,,,15.61648178100586,machine,Y,1.0
2025-08-07T11:39:12,scipy-benchmark,e771175d-5f75-4358-aced-6d320af4ced6,scipy_LMC001_f7d9627c,1.001711999066174,7.062799567762867e-08,7.050728726766795e-08,0.8,0.0,10.0,1.1138397336213125e-07,0.0,1.3913393389278402e-06,1.5027233122899717e-06,Canada,CAN,,gcp,northamerica-northeast2,Linux-6.8.0-1032-gcp-x86_64-with-glibc2.35,3.12.11,3.0.4,2,Intel(R) Xeon(R) CPU @ 2.60GHz,,,,,15.61648178100586,machine,Y,1.0
2025-08-07T11:39:14,scipy-benchmark,d7a28531-d555-4a6f-a28e-784dc5c67e6a,scipy_LMC001_f7d9627c,1.0016216449439526,7.06225809518817e-08,7.050824161835431e-08,0.8,0.0,10.0,1.1136755000592937e-07,0.0,1.3912405553532557e-06,1.502608105359185e-06,Canada,CAN,,gcp,northamerica-northeast2,Linux-6.8.0-1032-gcp-x86_64-with-glibc2.35,3.12.11,3.0.4,2,Intel(R) Xeon(R) CPU @ 2.60GHz,,,,,15.61648178100586,machine,Y,1.0
2025-08-07T11:39:16,scipy-benchmark,a4043e66-5110-482d-b10a-1a05bae58ac9,scipy_LMC001_f7d9627c,1.0017516589723527,7.063390841938338e-08,7.051039824764873e-08,0.8000072,0.0,10.0,1.1138763471603177e-07,0.0,1.3914614805899976e-06,1.5028491153060294e-06,Canada,CAN,,gcp,northamerica-northeast2,Linux-6.8.0-1032-gcp-x86_64-with-glibc2.35,3.12.11,3.0.4,2,Intel(R) Xeon(R) CPU @ 2.60GHz,,,,,15.61648178100586,machine,Y,1.0
2025-08-07T11:39:19,scipy-benchmark,da6ddf91-e299-4dc7-aa93-381c92bf34ab,scipy_LMC001_f7d9627c,1.0016616410575807,7.062988907771392e-08,7.051272224335258e-08,0.8,0.0,10.0,1.1137443335933817e-07,0.0,1.3913891640388303e-06,1.5027635973981684e-06,Canada,CAN,,gcp,northamerica-northeast2,Linux-6.8.0-1032-gcp-x86_64-with-glibc2.35,3.12.11,3.0.4,2,Intel(R) Xeon(R) CPU @ 2.60GHz,,,,,15.61648178100586,machine,Y,1.0
2025-08-07T11:39:21,scipy-benchmark,c44b9435-5a58-428f-ab88-a8ed1dd10327,scipy_LMC001_f7d9627c,1.001664884854108,7.06294669888448e-08,7.051207250729564e-08,0.8,0.0,10.0,1.1138100906585656e-07,0.0,1.3913736077180754e-06,1.502754616783932e-06,Canada,CAN,,gcp,northamerica-northeast2,Linux-6.8.0-1032-gcp-x86_64-with-glibc2.35,3.12.11,3.0.4,2,Intel(R) Xeon(R) CPU @ 2.60GHz,,,,,15.61648178100586,machine,Y,1.0
2025-08-07T11:39:23,scipy-benchmark,4f48fe17-66eb-4498-8c35-96775982ff7f,scipy_LMC001_f7d9627c,1.001711678924039,7.063129451304363e-08,7.051060299996731e-08,0.8,0.0,10.0,1.1137298623927765e-07,0.0,1.3914205140382463e-06,1.5027935002775242e-06,Canada,CAN,,gcp,northamerica-northeast2,Linux-6.8.0-1032-gcp-x86_64-with-glibc2.35,3.12.11,3.0.4,2,Intel(R) Xeon(R) CPU @ 2.60GHz,,,,,15.61648178100586,machine,Y,1.0
2025-08-07T11:39:25,scipy-benchmark,d892acbc-d492-4694-b2da-e63dd3f7337e,scipy_LMC001_f7d9627c,1.0017640020232648,7.06323928501871e-08,7.050801656630774e-08,0.8,0.0,10.0,1.1138324092866648e-07,0.0,1.3914336282242504e-06,1.502816869152917e-06,Canada,CAN,,gcp,northamerica-northeast2,Linux-6.8.0-1032-gcp-x86_64-with-glibc2.35,3.12.11,3.0.4,2,Intel(R) Xeon(R) CPU @ 2.60GHz,,,,,15.61648178100586,machine,Y,1.0
2025-08-07T11:39:27,scipy-benchmark,5d6ae7d9-43cc-4aae-8096-7441b6230cf9,scipy_LMC001_f7d9627c,1.0017020339146256,7.063040483535992e-08,7.051039375385724e-08,0.8,0.0,10.0,1.1138849063879917e-07,0.0,1.3913860803263055e-06,1.5027745709651048e-06,Canada,CAN,,gcp,northamerica-northeast2,Linux-6.8.0-1032-gcp-x86_64-with-glibc2.35,3.12.11,3.0.4,2,Intel(R) Xeon(R) CPU @ 2.60GHz,,,,,15.61648178100586,machine,Y,1.0
2025-08-07T11:39:29,scipy-benchmark,8931d793-caad-420a-9672-eff51e371538,scipy_LMC001_f7d9627c,1.001664662035182,7.062844074080285e-08,7.051106365008424e-08,0.8,0.0,10.0,1.113768264444338e-07,0.0,1.3913559552747755e-06,1.5027327817192096e-06,Canada,CAN,,gcp,northamerica-northeast2,Linux-6.8.0-1032-gcp-x86_64-with-glibc2.35,3.12.11,3.0.4,2,Intel(R) Xeon(R) CPU @ 2.60GHz,,,,,15.61648178100586,machine,Y,1.0
2025-08-07T11:39:31,scipy-benchmark,ecbbff79-9627-40bb-a522-fe7f81948319,scipy_LMC001_f7d9627c,1.0016872889827937,7.062918353856854e-08,7.051021243395429e-08,0.8,0.0,10.0,1.1138194954643649e-07,0.0,1.3913666363805533e-06,1.50274858592699e-06,Canada,CAN,,gcp,northamerica-northeast2,Linux-6.8.0-1032-gcp-x86_64-with-glibc2.35,3.12.11,3.0.4,2,Intel(R) Xeon(R) CPU @ 2.60GHz,,,,,15.61648178100586,machine,Y,1.0
2025-08-07T11:39:34,scipy-benchmark,6c252b2c-edc2-4711-9392-ad2d6eb6c15f,scipy_LMC001_f7d9627c,1.0017362420912832,7.06302640494994e-08,7.05078453606186e-08,0.8,0.0,10.0,1.1138099509601793e-07,0.0,1.391390580425246e-06,1.5027715755212638e-06,Canada,CAN,,gcp,northamerica-northeast2,Linux-6.8.0-1032-gcp-x86_64-with-glibc2.35,3.12.11,3.0.4,2,Intel(R) Xeon(R) CPU @ 2.60GHz,,,,,15.61648178100586,machine,Y,1.0
2025-08-07T11:39:36,scipy-benchmark,f48ff8ee-449a-4fbb-8593-b2a40f45e917,scipy_LMC001_f7d9627c,1.0016381931491196,7.062607255746197e-08,7.051056263680977e-08,0.8,0.0,10.0,1.1137166691737045e-07,0.0,1.3913107279222458e-06,1.5026823948396162e-06,Canada,CAN,,gcp,northamerica-northeast2,Linux-6.8.0-1032-gcp-x86_64-with-glibc2.35,3.12.11,3.0.4,2,Intel(R) Xeon(R) CPU @ 2.60GHz,,,,,15.61648178100586,machine,Y,1.0
2025-08-07T11:39:38,scipy-benchmark,998950f8-1434-4fb4-92a7-69d25b2f79d6,scipy_LMC001_f7d9627c,1.0015891469083726,7.062122688439882e-08,7.05091774430533e-08,0.8,0.0,10.0,1.113536735582683e-07,0.0,1.3912256218544724e-06,1.5025792954127407e-06,Canada,CAN,,gcp,northamerica-northeast2,Linux-6.8.0-1032-gcp-x86_64-with-glibc2.35,3.12.11,3.0.4,2,Intel(R) Xeon(R) CPU @ 2.60GHz,,,,,15.61648178100586,machine,Y,1.0
2025-08-07T11:39:40,scipy-benchmark,ac07cd47-4bd4-4378-985d-ee4ad154cfb8,scipy_LMC001_f7d9627c,1.001577246002853,7.061900566122495e-08,7.050779751941748e-08,0.8,0.0,10.0,1.1135384626686577e-07,0.0,1.391178189078346e-06,1.5025320353452115e-06,Canada,CAN,,gcp,northamerica-northeast2,Linux-6.8.0-1032-gcp-x86_64-with-glibc2.35,3.12.11,3.0.4,2,Intel(R) Xeon(R) CPU @ 2.60GHz,,,,,15.61648178100586,machine,Y,1.0
2025-08-07T11:39:42,scipy-benchmark,85e5a9d6-60c0-48c8-88d5-b4713a75b55a,scipy_LMC001_f7d9627c,1.0016460209153593,7.062248741077363e-08,7.05064323484607e-08,0.8,0.0,10.0,1.1137395978180901e-07,0.0,1.3912321553410345e-06,1.5026061151228434e-06,Canada,CAN,,gcp,northamerica-northeast2,Linux-6.8.0-1032-gcp-x86_64-with-glibc2.35,3.12.11,3.0.4,2,Intel(R) Xeon(R) CPU @ 2.60GHz,,,,,15.61648178100586,machine,Y,1.0
2025-08-07T11:39:44,scipy-benchmark,fc10d743-54f2-4c37-9f22-269214d4d2c0,scipy_LMC001_f7d9627c,1.001624179072678,7.062396039019545e-08,7.050944043261855e-08,0.8,0.0,10.0,1.1136868844429656e-07,0.0,1.3912687666662451e-06,1.5026374551105417e-06,Canada,CAN,,gcp,northamerica-northeast2,Linux-6.8.0-1032-gcp-x86_64-with-glibc2.35,3.12.11,3.0.4,2,Intel(R) Xeon(R) CPU @ 2.60GHz,,,,,15.61648178100586,machine,Y,1.0
2025-08-07T11:39:46,scipy-benchmark,3364f8d0-b19f-4a76-abbe-fae48323beab,scipy_LMC001_f7d9627c,1.00176034681499,7.063676587233691e-08,7.051263917255296e-08,0.8001944000000001,0.0,10.0,1.114248458431814e-07,0.0,1.3914850663341998e-06,1.5029099121773812e-06,Canada,CAN,,gcp,northamerica-northeast2,Linux-6.8.0-1032-gcp-x86_64-with-glibc2.35,3.12.11,3.0.4,2,Intel(R) Xeon(R) CPU @ 2.60GHz,,,,,15.61648178100586,machine,Y,1.0
2025-08-07T11:39:48,scipy-benchmark,65514d0f-3cda-4da3-9bcc-9d6b0e680750,scipy_LMC001_f7d9627c,1.00172151112929,7.06344505101701e-08,7.051306149005467e-08,0.8,0.0,10.0,1.1139147092277809e-07,0.0,1.391469178229777e-06,1.5028606491525554e-06,Canada,CAN,,gcp,northamerica-northeast2,Linux-6.8.0-1032-gcp-x86_64-with-glibc2.35,3.12.11,3.0.4,2,Intel(R) Xeon(R) CPU @ 2.60GHz,,,,,15.61648178100586,machine,Y,1.0
2025-08-07T11:39:51,scipy-benchmark,0013cc81-d5c7-4da3-b271-3acda24192f2,scipy_LMC001_f7d9627c,1.0016509948763996,7.063426185701973e-08,7.051783726899384e-08,0.8,0.0,10.0,1.1137527998329865e-07,0.0,1.3914813552724405e-06,1.5028566352557391e-06,Canada,CAN,,gcp,northamerica-northeast2,Linux-6.8.0-1032-gcp-x86_64-with-glibc2.35,3.12.11,3.0.4,2,Intel(R) Xeon(R) CPU @ 2.60GHz,,,,,15.61648178100586,machine,Y,1.0
2025-08-07T11:39:53,scipy-benchmark,f410003c-55c8-45be-a165-4de9f40c3c5a,scipy_LMC001_f7d9627c,1.0016761110164225,7.062828418237364e-08,7.05101014246068e-08,0.8,0.0,10.0,1.1138323420244786e-07,0.0,1.391346216486353e-06,1.502729450688801e-06,Canada,CAN,,gcp,northamerica-northeast2,Linux-6.8.0-1032-gcp-x86_64-with-glibc2.35,3.12.11,3.0.4,2,Intel(R) Xeon(R) CPU @ 2.60GHz,,,,,15.61648178100586,machine,Y,1.0
2025-08-07T11:39:55,scipy-benchmark,6736a1ec-1adb-464d-8e16-e14d3876a515,scipy_LMC001_f7d9627c,1.0017432100139558,7.0637623571144e-08,7.051470163711909e-08,0.8,0.0,10.0,1.1139137530699373e-07,0.0,1.3915367857811764e-06,1.5029281610881702e-06,Canada,CAN,,gcp,northamerica-northeast2,Linux-6.8.0-1032-gcp-x86_64-with-glibc2.35,3.12.11,3.0.4,2,Intel(R) Xeon(R) CPU @ 2.60GHz,,,,,15.61648178100586,machine,Y,1.0
2025-08-07T11:39:57,scipy-benchmark,64a80fc0-26b3-4cb5-a957-25a45bb8b283,scipy_LMC001_f7d9627c,1.0017406959086657,7.063433308040517e-08,7.051159383749874e-08,0.8,0.0,10.0,1.1139004796536437e-07,0.0,1.391468102681554e-06,1.5028581506469183e-06,Canada,CAN,,gcp,northamerica-northeast2,Linux-6.8.0-1032-gcp-x86_64-with-glibc2.35,3.12.11,3.0.4,2,Intel(R) Xeon(R) CPU @ 2.60GHz,,,,,15.61648178100586,machine,Y,1.0
2025-08-07T11:39:59,scipy-benchmark,3a8cbe28-7d5b-4f61-b086-86b0f2bb3b40,scipy_LMC001_f7d9627c,1.001683141104877,7.062665522815144e-08,7.050798034820552e-08,0.8,0.0,10.0,1.1137914755899048e-07,0.0,1.3913156445293377e-06,1.5026947920883282e-06,Canada,CAN,,gcp,northamerica-northeast2,Linux-6.8.0-1032-gcp-x86_64-with-glibc2.35,3.12.11,3.0.4,2,Intel(R) Xeon(R) CPU @ 2.60GHz,,,,,15.61648178100586,machine,Y,1.0
2025-08-07T11:40:01,scipy-benchmark,ecd4e185-266e-422e-8512-6f0a7d2bd255,scipy_LMC001_f7d9627c,1.0016904240474105,7.063451217177014e-08,7.051531139367964e-08,0.8,0.0,10.0,1.113743860171073e-07,0.0,1.391487575084385e-06,1.5028619611014924e-06,Canada,CAN,,gcp,northamerica-northeast2,Linux-6.8.0-1032-gcp-x86_64-with-glibc2.35,3.12.11,3.0.4,2,Intel(R) Xeon(R) CPU @ 2.60GHz,,,,,15.61648178100586,machine,Y,1.0
2025-08-07T11:40:03,scipy-benchmark,e86a201f-6e23-447d-9e88-3fc2b21787d5,scipy_LMC001_f7d9627c,1.001695885788649,7.06296883264246e-08,7.051011123083215e-08,0.8,0.0,10.0,1.113752235348026e-07,0.0,1.391384102559338e-06,1.5027593260941406e-06,Canada,CAN,,gcp,northamerica-northeast2,Linux-6.8.0-1032-gcp-x86_64-with-glibc2.35,3.12.11,3.0.4,2,Intel(R) Xeon(R) CPU @ 2.60GHz,,,,,15.61648178100586,machine,Y,1.0
2025-08-07T11:40:06,scipy-benchmark,381fd340-8e2b-41c1-be04-cf406538d54e,scipy_LMC001_f7d9627c,1.0016801031306386,7.06265337871543e-08,7.050807295305059e-08,0.8,0.0,10.0,1.113817855819232e-07,0.0,1.3913104226554022e-06,1.5026922082373254e-06,Canada,CAN,,gcp,northamerica-northeast2,Linux-6.8.0-1032-gcp-x86_64-with-glibc2.35,3.12.11,3.0.4,2,Intel(R) Xeon(R) CPU @ 2.60GHz,,,,,15.61648178100586,machine,Y,1.0
2025-08-07T11:40:08,scipy-benchmark,aa04e39f-a29a-481d-b00b-8b5941d15c33,scipy_LMC001_f7d9627c,1.001673934981227,7.06292502449101e-08,7.05112190487754e-08,0.8,0.0,10.0,1.1137811332527136e-07,0.0,1.391371891885582e-06,1.5027500052108532e-06,Canada,CAN,,gcp,northamerica-northeast2,Linux-6.8.0-1032-gcp-x86_64-with-glibc2.35,3.12.11,3.0.4,2,Intel(R) Xeon(R) CPU @ 2.60GHz,,,,,15.61648178100586,machine,Y,1.0
2025-08-07T11:40:10,scipy-benchmark,b6f4698f-9904-4d3f-83df-53ab81a78bb5,scipy_LMC001_f7d9627c,1.0017653971444815,7.063115411991667e-08,7.050668182515569e-08,0.8,0.0,10.0,1.1138961577994957e-07,0.0,1.391400897409767e-06,1.5027905131897166e-06,Canada,CAN,,gcp,northamerica-northeast2,Linux-6.8.0-1032-gcp-x86_64-with-glibc2.35,3.12.11,3.0.4,2,Intel(R) Xeon(R) CPU @ 2.60GHz,,,,,15.61648178100586,machine,Y,1.0
2025-08-07T11:40:12,scipy-benchmark,2673b47a-e3f7-4d8f-a087-1221370397f0,scipy_LMC001_f7d9627c,1.0016719419509172,7.063035420191267e-08,7.051246145953604e-08,0.8,0.0,10.0,1.1138124396610593e-07,0.0,1.3913922496916103e-06,1.5027734936577166e-06,Canada,CAN,,gcp,northamerica-northeast2,Linux-6.8.0-1032-gcp-x86_64-with-glibc2.35,3.12.11,3.0.4,2,Intel(R) Xeon(R) CPU @ 2.60GHz,,,,,15.61648178100586,machine,Y,1.0
2025-08-07T11:40:14,scipy-benchmark,bf1e2c98-c25d-4aac-87ad-39f65f1a5970,scipy_LMC001_f7d9627c,1.00169339007698,7.063071146907491e-08,7.051130831925223e-08,0.8,0.0,10.0,1.1137976176622841e-07,0.0,1.391401333320472e-06,1.5027810950867003e-06,Canada,CAN,,gcp,northamerica-northeast2,Linux-6.8.0-1032-gcp-x86_64-with-glibc2.35,3.12.11,3.0.4,2,Intel(R) Xeon(R) CPU @ 2.60GHz,,,,,15.61648178100586,machine,Y,1.0
2025-08-07T11:40:16,scipy-benchmark,e5960d78-93a2-41c1-bcc0-56e0265b00d3,scipy_LMC001_f7d9627c,1.001662977039814,7.063011613832653e-08,7.051285487964994e-08,0.8000072,0.0,10.0,1.1137986462186156e-07,0.0,1.3913885638531712e-06,1.5027684284750329e-06,Canada,CAN,,gcp,northamerica-northeast2,Linux-6.8.0-1032-gcp-x86_64-with-glibc2.35,3.12.11,3.0.4,2,Intel(R) Xeon(R) CPU @ 2.60GHz,,,,,15.61648178100586,machine,Y,1.0
2025-08-07T11:40:18,scipy-benchmark,9c26d927-dcda-4d5b-b142-aebf70c04421,scipy_LMC001_f7d9627c,1.001695069950074,7.063401487260125e-08,7.051448788314569e-08,0.8,0.0,10.0,1.1137904977012013e-07,0.0,1.3914723304979916e-06,1.5028513802681116e-06,Canada,CAN,,gcp,northamerica-northeast2,Linux-6.8.0-1032-gcp-x86_64-with-glibc2.35,3.12.11,3.0.4,2,Intel(R) Xeon(R) CPU @ 2.60GHz,,,,,15.61648178100586,machine,Y,1.0
2025-08-07T11:40:21,scipy-benchmark,58eb87e7-42f3-4ff1-b4f1-a206d3d53992,scipy_LMC001_f7d9627c,1.0015768469311297,7.061741524109513e-08,7.050623769655783e-08,0.8,0.0,10.0,1.1135652444014949e-07,0.0,1.391141672178896e-06,1.5024981966190454e-06,Canada,CAN,,gcp,northamerica-northeast2,Linux-6.8.0-1032-gcp-x86_64-with-glibc2.35,3.12.11,3.0.4,2,Intel(R) Xeon(R) CPU @ 2.60GHz,,,,,15.61648178100586,machine,Y,1.0
2025-08-07T11:40:23,scipy-benchmark,27645ac8-49fa-42b0-abaf-c1d4d0f0cbe7,scipy_LMC001_f7d9627c,1.0013971189036963,7.648727862420492e-08,7.638056589172256e-08,1.7000000000000002,0.0,10.0,2.365551260817382e-07,0.0,1.3908337808162389e-06,1.627388906897977e-06,Canada,CAN,,gcp,northamerica-northeast2,Linux-6.8.0-1032-gcp-x86_64-with-glibc2.35,3.12.11,3.0.4,2,Intel(R) Xeon(R) CPU @ 2.60GHz,,,,,15.61648178100586,machine,Y,1.0
2025-08-07T11:40:25,scipy-benchmark,34d0a286-7bdb-4a67-ab4f-574caedad489,scipy_LMC001_f7d9627c,1.0016120159998536,7.062185737617418e-08,7.050819703443383e-08,0.8,0.0,10.0,1.1136575467470621e-07,0.0,1.3912269554566591e-06,1.5025927101313651e-06,Canada,CAN,,gcp,northamerica-northeast2,Linux-6.8.0-1032-gcp-x86_64-with-glibc2.35,3.12.11,3.0.4,2,Intel(R) Xeon(R) CPU @ 2.60GHz,,,,,15.61648178100586,machine,Y,1.0
2025-08-07T11:40:27,scipy-benchmark,42860c84-243d-4202-9126-bccd8d01df11,scipy_LMC001_f7d9627c,1.0017002988606691,7.062420327705331e-08,7.05043248538321e-08,0.8,0.0,10.0,1.1137903155758981e-07,0.0,1.3912635913584382e-06,1.502642622916028e-06,Canada,CAN,,gcp,northamerica-northeast2,Linux-6.8.0-1032-gcp-x86_64-with-glibc2.35,3.12.11,3.0.4,2,Intel(R) Xeon(R) CPU @ 2.60GHz,,,,,15.61648178100586,machine,Y,1.0
2025-08-07T11:40:29,scipy-benchmark,175580ca-d289-4584-9783-aa69f207788d,scipy_LMC001_f7d9627c,1.001714345999062,7.063289601052384e-08,7.051201402140046e-08,0.8000072,0.0,10.0,1.1139023540598724e-07,0.0,1.391437339286009e-06,1.5028275746919966e-06,Canada,CAN,,gcp,northamerica-northeast2,Linux-6.8.0-1032-gcp-x86_64-with-glibc2.35,3.12.11,3.0.4,2,Intel(R) Xeon(R) CPU @ 2.60GHz,,,,,15.61648178100586,machine,Y,1.0
2025-08-07T11:40:31,scipy-benchmark,5d30bc92-b936-418f-93ae-fbb44aee2404,scipy_LMC001_f7d9627c,1.001733287004754,7.063420858994747e-08,7.05119910721428e-08,0.8,0.0,10.0,1.1138668780525526e-07,0.0,1.391468814108521e-06,1.502855501913776e-06,Canada,CAN,,gcp,northamerica-northeast2,Linux-6.8.0-1032-gcp-x86_64-with-glibc2.35,3.12.11,3.0.4,2,Intel(R) Xeon(R) CPU @ 2.60GHz,,,,,15.61648178100586,machine,Y,1.0
2025-08-07T11:40:34,scipy-benchmark,31e2cd83-0d4b-4fd1-8a6a-31f3999669e5,scipy_LMC001_f7d9627c,1.0016988769639283,7.063058718288732e-08,7.051079801243579e-08,0.8,0.0,10.0,1.1138038088877997e-07,0.0,1.3913980698109502e-06,1.50277845069973e-06,Canada,CAN,,gcp,northamerica-northeast2,Linux-6.8.0-1032-gcp-x86_64-with-glibc2.35,3.12.11,3.0.4,2,Intel(R) Xeon(R) CPU @ 2.60GHz,,,,,15.61648178100586,machine,Y,1.0
2025-08-07T11:40:36,scipy-benchmark,a35766de-377a-42bd-a6f6-b50ee1f3bcd6,scipy_LMC001_f7d9627c,1.001727350987494,7.06290521880405e-08,7.050726140043495e-08,0.8,0.0,10.0,1.1138318023747869e-07,0.0,1.3913626109974252e-06,1.5027457912349038e-06,Canada,CAN,,gcp,northamerica-northeast2,Linux-6.8.0-1032-gcp-x86_64-with-glibc2.35,3.12.11,3.0.4,2,Intel(R) Xeon(R) CPU @ 2.60GHz,,,,,15.61648178100586,machine,Y,1.0
2025-08-07T11:40:38,scipy-benchmark,b9b8cee8-a03e-4397-a37e-7d609b00ccae,scipy_LMC001_f7d9627c,1.0016618659719825,7.062992128429727e-08,7.051273856348731e-08,0.8,0.0,10.0,1.113804129159285e-07,0.0,1.3913838697286944e-06,1.5027642826446228e-06,Canada,CAN,,gcp,northamerica-northeast2,Linux-6.8.0-1032-gcp-x86_64-with-glibc2.35,3.12.11,3.0.4,2,Intel(R) Xeon(R) CPU @ 2.60GHz,,,,,15.61648178100586,machine,Y,1.0
2025-08-07T11:40:40,scipy-benchmark,4c04fbd3-ae8e-44bf-a857-570618423bf2,scipy_LMC001_f7d9627c,1.0027100921142846,7.063590691818132e-08,7.044499449411202e-08,0.8,0.0,10.0,1.1139475600793958e-07,0.0,1.3914968805491097e-06,1.5028916365570493e-06,Canada,CAN,,gcp,northamerica-northeast2,Linux-6.8.0-1032-gcp-x86_64-with-glibc2.35,3.12.11,3.0.4,2,Intel(R) Xeon(R) CPU @ 2.60GHz,,,,,15.61648178100586,machine,Y,1.0
2025-08-07T11:40:42,scipy-benchmark,df7b2c89-aca4-45b5-9758-e45da1cfb3eb,scipy_LMC001_f7d9627c,1.0016998678911475,7.062624275335112e-08,7.050639120282475e-08,0.8,0.0,10.0,1.113830491279563e-07,0.0,1.3913029669007908e-06,1.5026860160287472e-06,Canada,CAN,,gcp,northamerica-northeast2,Linux-6.8.0-1032-gcp-x86_64-with-glibc2.35,3.12.11,3.0.4,2,Intel(R) Xeon(R) CPU @ 2.60GHz,,,,,15.61648178100586,machine,Y,1.0
2025-08-07T11:40:44,scipy-benchmark,cc8f8699-2df7-49fa-89f9-737ec46ddeca,scipy_LMC001_f7d9627c,1.001681944122538,7.063025215198286e-08,7.05116554874653e-08,0.8,0.0,10.0,1.1138407466933133e-07,0.0,1.3913872477132826e-06,1.502771322382614e-06,Canada,CAN,,gcp,northamerica-northeast2,Linux-6.8.0-1032-gcp-x86_64-with-glibc2.35,3.12.11,3.0.4,2,Intel(R) Xeon(R) CPU @ 2.60GHz,,,,,15.61648178100586,machine,Y,1.0
2025-08-07T11:40:46,scipy-benchmark,532d1627-c377-424d-bc7d-a71af7bb41f1,scipy_LMC001_f7d9627c,1.001651455881074,7.063033966754614e-08,7.051388909070988e-08,0.8004608000000001,0.0,10.0,1.1144470962456864e-07,0.0,1.3913284747913067e-06,1.5027731844158751e-06,Canada,CAN,,gcp,northamerica-northeast2,Linux-6.8.0-1032-gcp-x86_64-with-glibc2.35,3.12.11,3.0.4,2,Intel(R) Xeon(R) CPU @ 2.60GHz,,,,,15.61648178100586,machine,Y,1.0
2025-08-07T11:40:48,scipy-benchmark,8c17bd08-b1df-419a-8ce8-c41699a0723a,scipy_LMC001_f7d9627c,1.0017262850888071,7.063480995378147e-08,7.051308426784409e-08,0.8,0.0,10.0,1.1139168554089137e-07,0.0,1.391476611348076e-06,1.5028682968889677e-06,Canada,CAN,,gcp,northamerica-northeast2,Linux-6.8.0-1032-gcp-x86_64-with-glibc2.35,3.12.11,3.0.4,2,Intel(R) Xeon(R) CPU @ 2.60GHz,,,,,15.61648178100586,machine,Y,1.0
2025-08-07T11:40:51,scipy-benchmark,d608c067-5a32-4736-8302-7ed5e1a5e359,scipy_LMC001_f7d9627c,1.0016440809704363,7.06279665353133e-08,7.051203903375127e-08,0.8000072,0.0,10.0,1.1136929810301313e-07,0.0,1.3913533941376956e-06,1.5027226922407087e-06,Canada,CAN,,gcp,northamerica-northeast2,Linux-6.8.0-1032-gcp-x86_64-with-glibc2.35,3.12.11,3.0.4,2,Intel(R) Xeon(R) CPU @ 2.60GHz,,,,,15.61648178100586,machine,Y,1.0
2025-08-07T11:40:53,scipy-benchmark,dd84554c-20d6-4693-aca1-2b8d658b7030,scipy_LMC001_f7d9627c,1.0016139580402523,7.062428284997845e-08,7.051048189080872e-08,0.8,0.0,10.0,1.113669746555388e-07,0.0,1.3912773413014497e-06,1.5026443159569884e-06,Canada,CAN,,gcp,northamerica-northeast2,Linux-6.8.0-1032-gcp-x86_64-with-glibc2.35,3.12.11,3.0.4,2,Intel(R) Xeon(R) CPU @ 2.60GHz,,,,,15.61648178100586,machine,Y,1.0
2025-08-07T11:40:55,scipy-benchmark,d089fbcc-9bb2-47df-b2ec-9ecb31439f37,scipy_LMC001_f7d9627c,1.001790107227862,7.06355175599456e-08,7.050929835532825e-08,0.8,0.0,10.0,1.1139009360017049e-07,0.0,1.3914932587390973e-06,1.5028833523392678e-06,Canada,CAN,,gcp,northamerica-northeast2,Linux-6.8.0-1032-gcp-x86_64-with-glibc2.35,3.12.11,3.0.4,2,Intel(R) Xeon(R) CPU @ 2.60GHz,,,,,15.61648178100586,machine,Y,1.0
2025-08-07T11:40:57,scipy-benchmark,6703aaae-d004-4bcc-a382-6b987ccfd8ab,scipy_LMC001_f7d9627c,1.0016485461965203,7.062806549300957e-08,7.05118234945779e-08,0.8,0.0,10.0,1.1137539469119585e-07,0.0,1.391349403032412e-06,1.5027247977236078e-06,Canada,CAN,,gcp,northamerica-northeast2,Linux-6.8.0-1032-gcp-x86_64-with-glibc2.35,3.12.11,3.0.4,2,Intel(R) Xeon(R) CPU @ 2.60GHz,,,,,15.61648178100586,machine,Y,1.0
2025-08-07T11:40:59,scipy-benchmark,dce194a7-2d5c-4bc9-b705-43c09b0b6ee6,scipy_LMC001_f7d9627c,1.001605919096619,7.063127078002113e-08,7.05180245377601e-08,0.8,0.0,10.0,1.113711004662845e-07,0.0,1.3914218948533138e-06,1.5027929953195984e-06,Canada,CAN,,gcp,northamerica-northeast2,Linux-6.8.0-1032-gcp-x86_64-with-glibc2.35,3.12.11,3.0.4,2,Intel(R) Xeon(R) CPU @ 2.60GHz,,,,,15.61648178100586,machine,Y,1.0
2025-08-07T11:41:01,scipy-benchmark,f8f40c99-4861-4195-b823-a58a5dfeefe8,scipy_LMC001_f7d9627c,1.001707165967673,7.063133826818213e-08,7.051096434949686e-08,0.8,0.0,10.0,1.113820753267242e-07,0.0,1.3914123559111935e-06,1.5027944312379176e-06,Canada,CAN,,gcp,northamerica-northeast2,Linux-6.8.0-1032-gcp-x86_64-with-glibc2.35,3.12.11,3.0.4,2,Intel(R) Xeon(R) CPU @ 2.60GHz,,,,,15.61648178100586,machine,Y,1.0
2025-08-07T11:41:03,scipy-benchmark,0e85a1be-b1eb-4414-a557-02c6130f9920,scipy_LMC001_f7d9627c,1.0017065179999918,7.063077713947537e-08,7.05104497877251e-08,0.8,0.0,10.0,1.113798784402511e-07,0.0,1.3914026138890123e-06,1.5027824923292634e-06,Canada,CAN,,gcp,northamerica-northeast2,Linux-6.8.0-1032-gcp-x86_64-with-glibc2.35,3.12.11,3.0.4,2,Intel(R) Xeon(R) CPU @ 2.60GHz,,,,,15.61648178100586,machine,Y,1.0
2025-08-07T11:41:06,scipy-benchmark,1c532423-b7ca-40fe-a884-853af9568364,scipy_LMC001_f7d9627c,1.001584563869983,7.062019704947144e-08,7.05084718724147e-08,0.8,0.0,10.0,1.1136178956884477e-07,0.0,1.3911955944624626e-06,1.5025573840313074e-06,Canada,CAN,,gcp,northamerica-northeast2,Linux-6.8.0-1032-gcp-x86_64-with-glibc2.35,3.12.11,3.0.4,2,Intel(R) Xeon(R) CPU @ 2.60GHz,,,,,15.61648178100586,machine,Y,1.0
2025-08-07T11:41:08,scipy-benchmark,9146274c-0185-42d7-927a-da403edea73d,scipy_LMC001_f7d9627c,1.001631415914744,7.06221875070284e-08,7.050716100246554e-08,0.8,0.0,10.0,1.1137495376169684e-07,0.0,1.3912247804303963e-06,1.5025997341920932e-06,Canada,CAN,,gcp,northamerica-northeast2,Linux-6.8.0-1032-gcp-x86_64-with-glibc2.35,3.12.11,3.0.4,2,Intel(R) Xeon(R) CPU @ 2.60GHz,,,,,15.61648178100586,machine,Y,1.0
2025-08-07T11:41:10,scipy-benchmark,1cfcd88d-d1ce-475d-9d0f-8b8f49c83cdd,scipy_LMC001_f7d9627c,1.001599163049832,7.061953087244184e-08,7.050677903664376e-08,0.8,0.0,10.0,1.1136288733945953e-07,0.0,1.3911803227124944e-06,1.502543210051954e-06,Canada,CAN,,gcp,northamerica-northeast2,Linux-6.8.0-1032-gcp-x86_64-with-glibc2.35,3.12.11,3.0.4,2,Intel(R) Xeon(R) CPU @ 2.60GHz,,,,,15.61648178100586,machine,Y,1.0
2025-08-07T11:41:12,scipy-benchmark,e0ae0847-655e-4866-91a3-a4287d0acd8e,scipy_LMC001_f7d9627c,1.0025117590557784,7.063220205584852e-08,7.045523548010437e-08,0.8,0.0,10.0,1.1138030358900629e-07,0.0,1.3914325061098982e-06,1.5028128096989045e-06,Canada,CAN,,gcp,northamerica-northeast2,Linux-6.8.0-1032-gcp-x86_64-with-glibc2.35,3.12.11,3.0.4,2,Intel(R) Xeon(R) CPU @ 2.60GHz,,,,,15.61648178100586,machine,Y,1.0
2025-08-07T11:41:14,scipy-benchmark,48b9c051-cb59-4fcc-9dc2-1cf82f40fef5,scipy_LMC001_f7d9627c,1.0017307389061898,7.063573822999995e-08,7.051369743043778e-08,0.8,0.0,10.0,1.1138046444911097e-07,0.0,1.3915075829976963e-06,1.5028880474468071e-06,Canada,CAN,,gcp,northamerica-northeast2,Linux-6.8.0-1032-gcp-x86_64-with-glibc2.35,3.12.11,3.0.4,2,Intel(R) Xeon(R) CPU @ 2.60GHz,,,,,15.61648178100586,machine,Y,1.0
2025-08-07T11:41:16,scipy-benchmark,5f4438d1-e7aa-4509-9b81-7bbb22dc9f0c,scipy_LMC001_f7d9627c,1.0017442489042878,7.063864777283743e-08,7.051565092597465e-08,0.8,0.0,10.0,1.1139108866660133e-07,0.0,1.3915588639469611e-06,1.5029499526135625e-06,Canada,CAN,,gcp,northamerica-northeast2,Linux-6.8.0-1032-gcp-x86_64-with-glibc2.35,3.12.11,3.0.4,2,Intel(R) Xeon(R) CPU @ 2.60GHz,,,,,15.61648178100586,machine,Y,1.0
2025-08-07T11:41:18,scipy-benchmark,8954fda1-7843-4fbf-9604-c56ad85dd8f9,scipy_LMC001_f7d9627c,1.0017778079491109,7.064247905525068e-08,7.051711317090709e-08,0.8,0.0,10.0,1.1140153375971648e-07,0.0,1.3916299355009366e-06,1.503031469260653e-06,Canada,CAN,,gcp,northamerica-northeast2,Linux-6.8.0-1032-gcp-x86_64-with-glibc2.35,3.12.11,3.0.4,2,Intel(R) Xeon(R) CPU @ 2.60GHz,,,,,15.61648178100586,machine,Y,1.0
2025-08-07T11:41:21,scipy-benchmark,2eb4fdbc-b7ed-4e21-8065-348ddb281c5e,scipy_LMC001_f7d9627c,1.0017069489695132,7.062930890690123e-08,7.05089537210057e-08,0.8,0.0,10.0,1.1137785581457949e-07,0.0,1.3913733975237445e-06,1.5027512533383235e-06,Canada,CAN,,gcp,northamerica-northeast2,Linux-6.8.0-1032-gcp-x86_64-with-glibc2.35,3.12.11,3.0.4,2,Intel(R) Xeon(R) CPU @ 2.60GHz,,,,,15.61648178100586,machine,Y,1.0
2025-08-07T11:41:23,scipy-benchmark,bd0900ac-01f9-42d4-a30b-4c61f1f852cf,scipy_LMC001_f7d9627c,1.0017061629332602,7.062960932618527e-08,7.05093089567934e-08,0.8,0.0,10.0,1.1137841465986437e-07,0.0,1.3913792305781196e-06,1.502757645237984e-06,Canada,CAN,,gcp,northamerica-northeast2,Linux-6.8.0-1032-gcp-x86_64-with-glibc2.35,3.12.11,3.0.4,2,Intel(R) Xeon(R) CPU @ 2.60GHz,,,,,15.61648178100586,machine,Y,1.0
2025-08-07T11:41:25,scipy-benchmark,3f64ccf0-c857-4489-80d6-3a2d901103d7,scipy_LMC001_f7d9627c,1.0017165071330965,7.062849032007054e-08,7.050746375559752e-08,0.8,0.0,10.0,1.1137786709393065e-07,0.0,1.391355969503315e-06,1.5027338365972456e-06,Canada,CAN,,gcp,northamerica-northeast2,Linux-6.8.0-1032-gcp-x86_64-with-glibc2.35,3.12.11,3.0.4,2,Intel(R) Xeon(R) CPU @ 2.60GHz,,,,,15.61648178100586,machine,Y,1.0
2025-08-07T11:41:27,scipy-benchmark,387ab5f2-1e35-4c55-be65-ba666fa2e696,scipy_LMC001_f7d9627c,1.001607685117051,7.062481547936072e-08,7.051145526215415e-08,0.8,0.0,10.0,1.1136155115026568e-07,0.0,1.391294097346771e-06,1.502655648497037e-06,Canada,CAN,,gcp,northamerica-northeast2,Linux-6.8.0-1032-gcp-x86_64-with-glibc2.35,3.12.11,3.0.4,2,Intel(R) Xeon(R) CPU @ 2.60GHz,,,,,15.61648178100586,machine,Y,1.0
2025-08-07T11:41:29,scipy-benchmark,5993b971-b50b-40db-9796-e99ffb48cec9,scipy_LMC001_f7d9627c,1.001651133876294,7.06269919382046e-08,7.051056954818682e-08,0.8,0.0,10.0,1.1137246464689577e-07,0.0,1.3913294914851172e-06,1.502701956132013e-06,Canada,CAN,,gcp,northamerica-northeast2,Linux-6.8.0-1032-gcp-x86_64-with-glibc2.35,3.12.11,3.0.4,2,Intel(R) Xeon(R) CPU @ 2.60GHz,,,,,15.61648178100586,machine,Y,1.0
2025-08-07T11:41:31,scipy-benchmark,9eeaf928-ad95-49f6-998e-01a336e88314,scipy_LMC001_f7d9627c,1.0017195360269395,7.063331949589258e-08,7.051207144870237e-08,0.8,0.0,10.0,1.1138467376844753e-07,0.0,1.3914519112505431e-06,1.5028365850189908e-06,Canada,CAN,,gcp,northamerica-northeast2,Linux-6.8.0-1032-gcp-x86_64-with-glibc2.35,3.12.11,3.0.4,2,Intel(R) Xeon(R) CPU @ 2.60GHz,,,,,15.61648178100586,machine,Y,1.0
2025-08-07T11:41:33,scipy-benchmark,71096ee6-c968-4125-ae4e-603ea0e267f1,scipy_LMC001_f7d9627c,1.0016773948445916,7.062849319196239e-08,7.05102197129249e-08,0.8000072,0.0,10.0,1.1137729502801189e-07,0.0,1.3913566026733154e-06,1.5027338977013273e-06,Canada,CAN,,gcp,northamerica-northeast2,Linux-6.8.0-1032-gcp-x86_64-with-glibc2.35,3.12.11,3.0.4,2,Intel(R) Xeon(R) CPU @ 2.60GHz,,,,,15.61648178100586,machine,Y,1.0
2025-08-07T11:41:36,scipy-benchmark,5b3699a1-910c-43da-a067-a025cd5bad76,scipy_LMC001_f7d9627c,1.0016431929543614,7.062747440347448e-08,7.051161022235642e-08,0.8,0.0,10.0,1.1137354663676685e-07,0.0,1.391338674713754e-06,1.5027122213505209e-06,Canada,CAN,,gcp,northamerica-northeast2,Linux-6.8.0-1032-gcp-x86_64-with-glibc2.35,3.12.11,3.0.4,2,Intel(R) Xeon(R) CPU @ 2.60GHz,,,,,15.61648178100586,machine,Y,1.0
2025-08-07T11:41:38,scipy-benchmark,2f15f4d2-951e-4f21-b03d-cc581518fc15,scipy_LMC001_f7d9627c,1.001676285173744,7.062975211583802e-08,7.051155464221364e-08,0.8,0.0,10.0,1.113783806665904e-07,0.0,1.3913823026491122e-06,1.5027606833157026e-06,Canada,CAN,,gcp,northamerica-northeast2,Linux-6.8.0-1032-gcp-x86_64-with-glibc2.35,3.12.11,3.0.4,2,Intel(R) Xeon(R) CPU @ 2.60GHz,,,,,15.61648178100586,machine,Y,1.0
2025-08-07T11:41:40,scipy-benchmark,56718a3d-a23a-4b5c-821f-7999a5ea7837,scipy_LMC001_f7d9627c,1.0016619227826595,7.062819134769962e-08,7.051100749791057e-08,0.8,0.0,10.0,1.1137322310565249e-07,0.0,1.391354252377318e-06,1.5027274754829704e-06,Canada,CAN,,gcp,northamerica-northeast2,Linux-6.8.0-1032-gcp-x86_64-with-glibc2.35,3.12.11,3.0.4,2,Intel(R) Xeon(R) CPU @ 2.60GHz,,,,,15.61648178100586,machine,Y,1.0
2025-08-07T11:41:42,scipy-benchmark,f66331b1-b2df-4c69-9149-794c3b31eda2,scipy_LMC001_f7d9627c,1.001725405920297,7.063107921480615e-08,7.05094218409251e-08,0.8,0.0,10.0,1.113840115463568e-07,0.0,1.391404907917604e-06,1.5027889194639608e-06,Canada,CAN,,gcp,northamerica-northeast2,Linux-6.8.0-1032-gcp-x86_64-with-glibc2.35,3.12.11,3.0.4,2,Intel(R) Xeon(R) CPU @ 2.60GHz,,,,,15.61648178100586,machine,Y,1.0
2025-08-07T11:41:44,scipy-benchmark,1b1a79f6-f7f2-4e37-9aa3-77be418b2e86,scipy_LMC001_f7d9627c,1.0016965921968222,7.06286826050944e-08,7.050905748835435e-08,0.8,0.0,10.0,1.1137181913687125e-07,0.0,1.3913661086310944e-06,1.5027379277679657e-06,Canada,CAN,,gcp,northamerica-northeast2,Linux-6.8.0-1032-gcp-x86_64-with-glibc2.35,3.12.11,3.0.4,2,Intel(R) Xeon(R) CPU @ 2.60GHz,,,,,15.61648178100586,machine,Y,1.0
2025-08-07T11:41:46,scipy-benchmark,96503a64-d136-48f7-b46b-39b883d068be,scipy_LMC001_f7d9627c,1.001558086834848,7.062480727413484e-08,7.05149388762117e-08,0.8004608000000001,0.0,10.0,1.1142549101598396e-07,0.0,1.3912299829017786e-06,1.5026554739177625e-06,Canada,CAN,,gcp,northamerica-northeast2,Linux-6.8.0-1032-gcp-x86_64-with-glibc2.35,3.12.11,3.0.4,2,Intel(R) Xeon(R) CPU @ 2.60GHz,,,,,15.61648178100586,machine,Y,1.0
2025-08-07T11:41:48,scipy-benchmark,9b70fd95-2cb9-4f6c-8213-8a5e4daf68eb,scipy_LMC001_f7d9627c,1.0015890530776232,7.061823569310625e-08,7.050619760281398e-08,0.8,0.0,10.0,1.113571504441401e-07,0.0,1.3911585026006731e-06,1.5025156530448133e-06,Canada,CAN,,gcp,northamerica-northeast2,Linux-6.8.0-1032-gcp-x86_64-with-glibc2.35,3.12.11,3.0.4,2,Intel(R) Xeon(R) CPU @ 2.60GHz,,,,,15.61648178100586,machine,Y,1.0
2025-08-07T11:41:51,scipy-benchmark,e2df6461-3b76-43fe-8a69-b2f08d6f4b9c,scipy_LMC001_f7d9627c,1.0015797789674252,7.061594598595469e-08,7.050456435807431e-08,0.8,0.0,10.0,1.113508446659479e-07,0.0,1.391116091205428e-06,1.502466935871376e-06,Canada,CAN,,gcp,northamerica-northeast2,Linux-6.8.0-1032-gcp-x86_64-with-glibc2.35,3.12.11,3.0.4,2,Intel(R) Xeon(R) CPU @ 2.60GHz,,,,,15.61648178100586,machine,Y,1.0
2025-08-07T11:41:53,scipy-benchmark,2fc54468-e2fb-47c7-980b-230518be5bce,scipy_LMC001_f7d9627c,1.0016110248398036,7.061740715783606e-08,7.050382374647935e-08,0.8,0.0,10.0,1.1135896662664084e-07,0.0,1.3911390580081691e-06,1.50249802463481e-06,Canada,CAN,,gcp,northamerica-northeast2,Linux-6.8.0-1032-gcp-x86_64-with-glibc2.35,3.12.11,3.0.4,2,Intel(R) Xeon(R) CPU @ 2.60GHz,,,,,15.61648178100586,machine,Y,1.0
2025-08-07T11:41:55,scipy-benchmark,4af32f2d-183e-456b-90c0-fdc2e308a7aa,scipy_LMC001_f7d9627c,1.0016704651061443,7.063245373969485e-08,7.051466145825722e-08,0.8,0.0,10.0,1.1137679224419925e-07,0.0,1.391441372430159e-06,1.5028181646743582e-06,Canada,CAN,,gcp,northamerica-northeast2,Linux-6.8.0-1032-gcp-x86_64-with-glibc2.35,3.12.11,3.0.4,2,Intel(R) Xeon(R) CPU @ 2.60GHz,,,,,15.61648178100586,machine,Y,1.0
2025-08-07T11:41:57,scipy-benchmark,8e6c137a-628e-4c8b-9802-872f112ae35c,scipy_LMC001_f7d9627c,1.0016460160259155,7.063151440050901e-08,7.051544484821427e-08,0.8000072,0.0,10.0,1.1137558991625233e-07,0.0,1.3914225888179822e-06,1.5027981787342344e-06,Canada,CAN,,gcp,northamerica-northeast2,Linux-6.8.0-1032-gcp-x86_64-with-glibc2.35,3.12.11,3.0.4,2,Intel(R) Xeon(R) CPU @ 2.60GHz,,,,,15.61648178100586,machine,Y,1.0
2025-08-07T11:41:59,scipy-benchmark,7e8a6e96-2069-4742-bb59-cd766420cdc5,scipy_LMC001_f7d9627c,1.0017965929582715,7.063655108267752e-08,7.050987354038624e-08,0.8,0.0,10.0,1.1139007512893945e-07,0.0,1.3915152670556888e-06,1.502905342184628e-06,Canada,CAN,,gcp,northamerica-northeast2,Linux-6.8.0-1032-gcp-x86_64-with-glibc2.35,3.12.11,3.0.4,2,Intel(R) Xeon(R) CPU @ 2.60GHz,,,,,15.61648178100586,machine,Y,1.0
2025-08-07T11:42:01,scipy-benchmark,0dea5dea-3368-4d8d-9c18-87a4ad5634a1,scipy_LMC001_f7d9627c,1.0017235958948731,7.063775653516255e-08,7.051621507633497e-08,0.8,0.0,10.0,1.1139116265500589e-07,0.0,1.3915398274548354e-06,1.5029309901098411e-06,Canada,CAN,,gcp,northamerica-northeast2,Linux-6.8.0-1032-gcp-x86_64-with-glibc2.35,3.12.11,3.0.4,2,Intel(R) Xeon(R) CPU @ 2.60GHz,,,,,15.61648178100586,machine,Y,1.0
2025-08-07T11:42:03,scipy-benchmark,03fad660-ab5d-496d-bda2-064b8b8fd427,scipy_LMC001_f7d9627c,1.0016687309835106,7.062871729939554e-08,7.051105332004042e-08,0.8,0.0,10.0,1.1137555177427e-07,0.0,1.391363114170316e-06,1.5027386659445862e-06,Canada,CAN,,gcp,northamerica-northeast2,Linux-6.8.0-1032-gcp-x86_64-with-glibc2.35,3.12.11,3.0.4,2,Intel(R) Xeon(R) CPU @ 2.60GHz,,,,,15.61648178100586,machine,Y,1.0
2025-08-07T11:42:06,scipy-benchmark,25f61b2c-80cc-41ea-badc-651833b28b7c,scipy_LMC001_f7d9627c,1.0016645120922476,7.062697159144511e-08,7.050960749714648e-08,0.8,0.0,10.0,1.1137392025233973e-07,0.0,1.3913276029698969e-06,1.5027015232222364e-06,Canada,CAN,,gcp,northamerica-northeast2,Linux-6.8.0-1032-gcp-x86_64-with-glibc2.35,3.12.11,3.0.4,2,Intel(R) Xeon(R) CPU @ 2.60GHz,,,,,15.61648178100586,machine,Y,1.0
2025-08-07T11:42:08,scipy-benchmark,4d8827e8-6c17-46c7-ba53-ad8fbc9c3623,scipy_LMC001_f7d9627c,1.001648667966947,7.062703183652936e-08,7.051078296732678e-08,0.8,0.0,10.0,1.1136318024040925e-07,0.0,1.3913396247921305e-06,1.5027028050325398e-06,Canada,CAN,,gcp,northamerica-northeast2,Linux-6.8.0-1032-gcp-x86_64-with-glibc2.35,3.12.11,3.0.4,2,Intel(R) Xeon(R) CPU @ 2.60GHz,,,,,15.61648178100586,machine,Y,1.0
2025-08-07T11:42:10,scipy-benchmark,24f2d735-45ba-42c8-b6b2-28a3d58b3b1f,scipy_LMC001_f7d9627c,1.001750306924805,7.062608216301953e-08,7.050268083254103e-08,0.8,0.0,10.0,1.1138053000387218e-07,0.0,1.3913020692093092e-06,1.5026825992131814e-06,Canada,CAN,,gcp,northamerica-northeast2,Linux-6.8.0-1032-gcp-x86_64-with-glibc2.35,3.12.11,3.0.4,2,Intel(R) Xeon(R) CPU @ 2.60GHz,,,,,15.61648178100586,machine,Y,1.0
2025-08-07T11:42:12,scipy-benchmark,755a54e4-c92a-4c21-885a-229834840c84,scipy_LMC001_f7d9627c,1.0016394059639424,7.062174818895032e-08,7.050615996980115e-08,0.8,0.0,10.0,1.113706842168338e-07,0.0,1.3912197027821094e-06,1.502590386998943e-06,Canada,CAN,,gcp,northamerica-northeast2,Linux-6.8.0-1032-gcp-x86_64-with-glibc2.35,3.12.11,3.0.4,2,Intel(R) Xeon(R) CPU @ 2.60GHz,,,,,15.61648178100586,machine,Y,1.0
2025-08-07T11:42:14,scipy-benchmark,d5e3790a-3cb9-462b-a81e-300260725373,scipy_LMC001_f7d9627c,1.001606416888535,7.062407756462279e-08,7.051080781212914e-08,0.8,0.0,10.0,1.113673120012714e-07,0.0,1.3912726361821923e-06,1.5026399481834636e-06,Canada,CAN,,gcp,northamerica-northeast2,Linux-6.8.0-1032-gcp-x86_64-with-glibc2.35,3.12.11,3.0.4,2,Intel(R) Xeon(R) CPU @ 2.60GHz,,,,,15.61648178100586,machine,Y,1.0
2025-08-07T11:42:16,scipy-benchmark,5eb7344e-4e3a-4599-a56f-2275708b456a,scipy_LMC001_f7d9627c,1.0017036458011717,7.062818929648752e-08,7.050806852160197e-08,0.8,0.0,10.0,1.1137522643225064e-07,0.0,1.3913522054079091e-06,1.50272743184016e-06,Canada,CAN,,gcp,northamerica-northeast2,Linux-6.8.0-1032-gcp-x86_64-with-glibc2.35,3.12.11,3.0.4,2,Intel(R) Xeon(R) CPU @ 2.60GHz,,,,,15.61648178100586,machine,Y,1.0
2025-08-07T11:42:18,scipy-benchmark,d6424ca7-5895-4c65-b855-f77fe72cd162,scipy_LMC001_f7d9627c,1.0016019500326363,7.062588267504343e-08,7.051292449335e-08,0.8,0.0,10.0,1.1136454380013877e-07,0.0,1.391313810988019e-06,1.502678354788158e-06,Canada,CAN,,gcp,northamerica-northeast2,Linux-6.8.0-1032-gcp-x86_64-with-glibc2.35,3.12.11,3.0.4,2,Intel(R) Xeon(R) CPU @ 2.60GHz,,,,,15.61648178100586,machine,Y,1.0
2025-08-07T11:42:20,scipy-benchmark,fa437562-b5d1-4692-b267-da8fcedb6a73,scipy_LMC001_f7d9627c,1.0016700238920748,7.06246794756088e-08,7.050693121592135e-08,0.8,0.0,10.0,1.1137107444099257e-07,0.0,1.3912816803591949e-06,1.5026527548001871e-06,Canada,CAN,,gcp,northamerica-northeast2,Linux-6.8.0-1032-gcp-x86_64-with-glibc2.35,3.12.11,3.0.4,2,Intel(R) Xeon(R) CPU @ 2.60GHz,,,,,15.61648178100586,machine,Y,1.0
2025-08-07T11:42:23,scipy-benchmark,40dd748e-0c58-4940-9905-df7a751739ac,scipy_LMC001_f7d9627c,1.0016873518470677,7.063233131260818e-08,7.05133504804321e-08,0.8,0.0,10.0,1.1138142133131625e-07,0.0,1.391434138511411e-06,1.502815559842727e-06,Canada,CAN,,gcp,northamerica-northeast2,Linux-6.8.0-1032-gcp-x86_64-with-glibc2.35,3.12.11,3.0.4,2,Intel(R) Xeon(R) CPU @ 2.60GHz,,,,,15.61648178100586,machine,Y,1.0
2025-08-07T11:42:25,scipy-benchmark,74a84d53-b73b-47ba-abb3-1c5e51e3fedd,scipy_LMC001_f7d9627c,1.0016883299686017,7.062722609251634e-08,7.050818501073104e-08,0.8,0.0,10.0,1.1137401886905236e-07,0.0,1.3913329192695932e-06,1.5027069381386455e-06,Canada,CAN,,gcp,northamerica-northeast2,Linux-6.8.0-1032-gcp-x86_64-with-glibc2.35,3.12.11,3.0.4,2,Intel(R) Xeon(R) CPU @ 2.60GHz,,,,,15.61648178100586,machine,Y,1.0
2025-08-07T11:42:27,scipy-benchmark,790078de-6ba6-456b-bc89-d22ee9b316ed,scipy_LMC001_f7d9627c,1.0016311658546329,7.062268996766458e-08,7.050768024715605e-08,0.8,0.0,10.0,1.1136549421482617e-07,0.0,1.391244930629101e-06,1.5026104248439272e-06,Canada,CAN,,gcp,northamerica-northeast2,Linux-6.8.0-1032-gcp-x86_64-with-glibc2.35,3.12.11,3.0.4,2,Intel(R) Xeon(R) CPU @ 2.60GHz,,,,,15.61648178100586,machine,Y,1.0
2025-08-07T11:42:29,scipy-benchmark,53a7286c-9a8e-4e61-8ea0-348500aed851,scipy_LMC001_f7d9627c,1.0015656880568713,7.061814062483608e-08,7.050774748667929e-08,0.8,0.0,10.0,1.1135884136375454e-07,0.0,1.3911547889519069e-06,1.5025136303156611e-06,Canada,CAN,,gcp,northamerica-northeast2,Linux-6.8.0-1032-gcp-x86_64-with-glibc2.35,3.12.11,3.0.4,2,Intel(R) Xeon(R) CPU @ 2.60GHz,,,,,15.61648178100586,machine,Y,1.0
2025-08-07T11:42:31,scipy-benchmark,a7546aed-c60c-4128-99fa-74d362ef7a70,scipy_LMC001_f7d9627c,1.0015281138475984,7.061624586659794e-08,7.050850085007554e-08,0.8,0.0,10.0,1.1134877464630538e-07,0.0,1.391124541664289e-06,1.5024733163105945e-06,Canada,CAN,,gcp,northamerica-northeast2,Linux-6.8.0-1032-gcp-x86_64-with-glibc2.35,3.12.11,3.0.4,2,Intel(R) Xeon(R) CPU @ 2.60GHz,,,,,15.61648178100586,machine,Y,1.0
2025-08-07T11:42:33,scipy-benchmark,b600ad87-a583-4b49-bf78-36e88c9c276a,scipy_LMC001_f7d9627c,1.0016040168702602,7.061869000320655e-08,7.05055978348317e-08,0.8000072,0.0,10.0,1.1136029735846509e-07,0.0,1.3911650218586955e-06,1.5025253192171609e-06,Canada,CAN,,gcp,northamerica-northeast2,Linux-6.8.0-1032-gcp-x86_64-with-glibc2.35,3.12.11,3.0.4,2,Intel(R) Xeon(R) CPU @ 2.60GHz,,,,,15.61648178100586,machine,Y,1.0
2025-08-07T11:42:35,scipy-benchmark,4a80cd5c-d54a-4759-b216-513df415eb08,scipy_LMC001_f7d9627c,1.001567193074152,7.06196121245157e-08,7.050911073450797e-08,0.8,0.0,10.0,1.1135388067406085e-07,0.0,1.391191058145422e-06,1.502544938819483e-06,Canada,CAN,,gcp,northamerica-northeast2,Linux-6.8.0-1032-gcp-x86_64-with-glibc2.35,3.12.11,3.0.4,2,Intel(R) Xeon(R) CPU @ 2.60GHz,,,,,15.61648178100586,machine,Y,1.0
2025-08-07T11:42:38,scipy-benchmark,995be844-410a-4576-9273-47e72fc472c8,scipy_LMC001_f7d9627c,1.0016873250715437,7.063575476250199e-08,7.051677004843499e-08,0.8,0.0,10.0,1.113770048961873e-07,0.0,1.3915113943059826e-06,1.5028883992021698e-06,Canada,CAN,,gcp,northamerica-northeast2,Linux-6.8.0-1032-gcp-x86_64-with-glibc2.35,3.12.11,3.0.4,2,Intel(R) Xeon(R) CPU @ 2.60GHz,,,,,15.61648178100586,machine,Y,1.0
2025-08-07T11:42:40,scipy-benchmark,48a66e3b-f360-473b-ba5b-a158d2a40ba4,scipy_LMC001_f7d9627c,1.0016478109173477,7.062896259980176e-08,7.051277088612315e-08,0.8,0.0,10.0,1.1137666599825025e-07,0.0,1.3913672191039143e-06,1.5027438851021643e-06,Canada,CAN,,gcp,northamerica-northeast2,Linux-6.8.0-1032-gcp-x86_64-with-glibc2.35,3.12.11,3.0.4,2,Intel(R) Xeon(R) CPU @ 2.60GHz,,,,,15.61648178100586,machine,Y,1.0
2025-08-07T11:42:42,scipy-benchmark,132c3b56-32c0-4da4-acbd-63d0deb5066d,scipy_LMC001_f7d9627c,1.0017421310767531,7.063542806411473e-08,7.051258589692147e-08,0.8,0.0,10.0,1.1138233956363469e-07,0.0,1.391499108609019e-06,1.5028814481726538e-06,Canada,CAN,,gcp,northamerica-northeast2,Linux-6.8.0-1032-gcp-x86_64-with-glibc2.35,3.12.11,3.0.4,2,Intel(R) Xeon(R) CPU @ 2.60GHz,,,,,15.61648178100586,machine,Y,1.0
2025-08-07T11:42:44,scipy-benchmark,61d95ea7-d67f-4d7e-9127-15d5f917a792,scipy_LMC001_f7d9627c,1.0016353770624846,7.063104079500771e-08,7.051572100233593e-08,0.8,0.0,10.0,1.1137279045457642e-07,0.0,1.3914153115668644e-06,1.5027881020214408e-06,Canada,CAN,,gcp,northamerica-northeast2,Linux-6.8.0-1032-gcp-x86_64-with-glibc2.35,3.12.11,3.0.4,2,Intel(R) Xeon(R) CPU @ 2.60GHz,,,,,15.61648178100586,machine,Y,1.0
2025-08-07T11:42:46,scipy-benchmark,d01d2d2b-0347-4e54-8d22-14635a88de23,scipy_LMC001_f7d9627c,1.00167718087323,7.063092762694903e-08,7.051266513366637e-08,0.8,0.0,10.0,1.1137888352904057e-07,0.0,1.391406810661364e-06,1.5027856941904046e-06,Canada,CAN,,gcp,northamerica-northeast2,Linux-6.8.0-1032-gcp-x86_64-with-glibc2.35,3.12.11,3.0.4,2,Intel(R) Xeon(R) CPU @ 2.60GHz,,,,,15.61648178100586,machine,Y,1.0
2025-08-07T11:42:48,scipy-benchmark,be730d87-f937-403e-b722-32a35887c516,scipy_LMC001_f7d9627c,1.0016721081919968,7.063153037203787e-08,7.051362396376069e-08,0.8,0.0,10.0,1.1137581849470741e-07,0.0,1.3914227000592897e-06,1.502798518553997e-06,Canada,CAN,,gcp,northamerica-northeast2,Linux-6.8.0-1032-gcp-x86_64-with-glibc2.35,3.12.11,3.0.4,2,Intel(R) Xeon(R) CPU @ 2.60GHz,,,,,15.61648178100586,machine,Y,1.0
2025-08-07T11:42:50,scipy-benchmark,02659e2f-a8b4-46a0-b047-7a0904aeac9d,scipy_LMC001_f7d9627c,1.0016824069898576,7.062771277085671e-08,7.05090877887125e-08,0.8,0.0,10.0,1.1137414599458377e-07,0.0,1.3913431470023675e-06,1.5027172929969513e-06,Canada,CAN,,gcp,northamerica-northeast2,Linux-6.8.0-1032-gcp-x86_64-with-glibc2.35,3.12.11,3.0.4,2,Intel(R) Xeon(R) CPU @ 2.60GHz,,,,,15.61648178100586,machine,Y,1.0
2025-08-07T11:42:53,scipy-benchmark,77a39731-4a03-46ba-becd-a2941262f7ba,scipy_LMC001_f7d9627c,1.0017622120212764,7.063353407259236e-08,7.05092817686481e-08,0.8000072,0.0,10.0,1.1138481997517813e-07,0.0,1.3914563305055102e-06,1.5028411504806885e-06,Canada,CAN,,gcp,northamerica-northeast2,Linux-6.8.0-1032-gcp-x86_64-with-glibc2.35,3.12.11,3.0.4,2,Intel(R) Xeon(R) CPU @ 2.60GHz,,,,,15.61648178100586,machine,Y,1.0
2025-08-07T11:42:55,scipy-benchmark,7e7cbe5a-e548-493b-b1bd-264f2d986edd,scipy_LMC001_f7d9627c,1.0017220561858269,7.063070703714364e-08,7.050928608488295e-08,0.8,0.0,10.0,1.1138163424200482e-07,0.0,1.391399366548285e-06,1.50278100079029e-06,Canada,CAN,,gcp,northamerica-northeast2,Linux-6.8.0-1032-gcp-x86_64-with-glibc2.35,3.12.11,3.0.4,2,Intel(R) Xeon(R) CPU @ 2.60GHz,,,,,15.61648178100586,machine,Y,1.0
2025-08-07T11:42:57,scipy-benchmark,08312b0b-bd8c-4b10-889e-2d447d8de44b,scipy_LMC001_f7d9627c,1.001701561966911,7.063042189920735e-08,7.051044400941093e-08,0.8,0.0,10.0,1.1138023379155333e-07,0.0,1.3913947002341351e-06,1.5027749340256883e-06,Canada,CAN,,gcp,northamerica-northeast2,Linux-6.8.0-1032-gcp-x86_64-with-glibc2.35,3.12.11,3.0.4,2,Intel(R) Xeon(R) CPU @ 2.60GHz,,,,,15.61648178100586,machine,Y,1.0
2025-08-07T11:42:59,scipy-benchmark,721a6db7-d81d-4274-af8d-42aed620e3e2,scipy_LMC001_f7d9627c,1.0016966820694506,7.062982846542986e-08,7.051019508172124e-08,0.8,0.0,10.0,1.1137651848710249e-07,0.0,1.391385789288001e-06,1.5027623077751035e-06,Canada,CAN,,gcp,northamerica-northeast2,Linux-6.8.0-1032-gcp-x86_64-with-glibc2.35,3.12.11,3.0.4,2,Intel(R) Xeon(R) CPU @ 2.60GHz,,,,,15.61648178100586,machine,Y,1.0
2025-08-07T11:43:01,scipy-benchmark,9646ac20-5dc8-45ee-8479-d5d19553d96d,scipy_LMC001_f7d9627c,1.0016561020165682,7.062551181054569e-08,7.050874214050113e-08,0.8,0.0,10.0,1.113729473306901e-07,0.0,1.3912975167234735e-06,1.5026704640541638e-06,Canada,CAN,,gcp,northamerica-northeast2,Linux-6.8.0-1032-gcp-x86_64-with-glibc2.35,3.12.11,3.0.4,2,Intel(R) Xeon(R) CPU @ 2.60GHz,,,,,15.61648178100586,machine,Y,1.0
2025-08-07T11:43:03,scipy-benchmark,f638ae79-78d5-44ab-a510-0bdc3567a8f1,scipy_LMC001_f7d9627c,1.0016409531235697,7.062974748693199e-08,7.051403725723924e-08,0.8,0.0,10.0,1.1136933178123501e-07,0.0,1.3913912530471053e-06,1.5027605848283402e-06,Canada,CAN,,gcp,northamerica-northeast2,Linux-6.8.0-1032-gcp-x86_64-with-glibc2.35,3.12.11,3.0.4,2,Intel(R) Xeon(R) CPU @ 2.60GHz,,,,,15.61648178100586,machine,Y,1.0
2025-08-07T11:43:05,scipy-benchmark,d3431be4-f3ec-43b1-81d0-8356c2b59211,scipy_LMC001_f7d9627c,1.0016694329679012,7.063551614099803e-08,7.051779141518595e-08,0.8,0.0,10.0,1.1137671380614245e-07,0.0,1.391506608342752e-06,1.5028833221488943e-06,Canada,CAN,,gcp,northamerica-northeast2,Linux-6.8.0-1032-gcp-x86_64-with-glibc2.35,3.12.11,3.0.4,2,Intel(R) Xeon(R) CPU @ 2.60GHz,,,,,15.61648178100586,machine,Y,1.0
2025-08-07T11:43:08,scipy-benchmark,c509f547-b59d-44b1-9f06-381e0cd65201,scipy_LMC001_f7d9627c,1.0016406048089266,7.062997637399368e-08,7.051429029024546e-08,0.8,0.0,10.0,1.1137376063399849e-07,0.0,1.3913916941318249e-06,1.5027654547658231e-06,Canada,CAN,,gcp,northamerica-northeast2,Linux-6.8.0-1032-gcp-x86_64-with-glibc2.35,3.12.11,3.0.4,2,Intel(R) Xeon(R) CPU @ 2.60GHz,,,,,15.61648178100586,machine,Y,1.0
2025-08-07T11:43:10,scipy-benchmark,8c328e6c-234a-4ae3-b9fc-661b907ae65e,scipy_LMC001_f7d9627c,1.00173593708314,7.063164147550966e-08,7.050924186784718e-08,0.8,0.0,10.0,1.11391537822783e-07,0.0,1.391409344634869e-06,1.502800882457652e-06,Canada,CAN,,gcp,northamerica-northeast2,Linux-6.8.0-1032-gcp-x86_64-with-glibc2.35,3.12.11,3.0.4,2,Intel(R) Xeon(R) CPU @ 2.60GHz,,,,,15.61648178100586,machine,Y,1.0
2025-08-07T11:43:12,scipy-benchmark,fe0291c3-b138-48d1-90b4-d52226874970,scipy_LMC001_f7d9627c,1.0016368620563298,7.062502325972958e-08,7.050960875654931e-08,0.8,0.0,10.0,1.1136805002267165e-07,0.0,1.3912920193332766e-06,1.5026600693559484e-06,Canada,CAN,,gcp,northamerica-northeast2,Linux-6.8.0-1032-gcp-x86_64-with-glibc2.35,3.12.11,3.0.4,2,Intel(R) Xeon(R) CPU @ 2.60GHz,,,,,15.61648178100586,machine,Y,1.0
2025-08-07T11:43:14,scipy-benchmark,361fe403-2f91-49c8-8f17-856720a40ca8,scipy_LMC001_f7d9627c,1.0016758579295129,7.062626672590464e-08,7.050810515877939e-08,0.8,0.0,10.0,1.1136775644910005e-07,0.0,1.391318769633977e-06,1.502686526083077e-06,Canada,CAN,,gcp,northamerica-northeast2,Linux-6.8.0-1032-gcp-x86_64-with-glibc2.35,3.12.11,3.0.4,2,Intel(R) Xeon(R) CPU @ 2.60GHz,,,,,15.61648178100586,machine,Y,1.0
2025-08-07T11:43:16,scipy-benchmark,1256a537-9cb3-459d-a532-047f7b41e70c,scipy_LMC001_f7d9627c,1.001609655097127,7.061846327551434e-08,7.050497458380272e-08,0.8,0.0,10.0,1.1136151467346484e-07,0.0,1.3911589805502446e-06,1.5025204952237094e-06,Canada,CAN,,gcp,northamerica-northeast2,Linux-6.8.0-1032-gcp-x86_64-with-glibc2.35,3.12.11,3.0.4,2,Intel(R) Xeon(R) CPU @ 2.60GHz,,,,,15.61648178100586,machine,Y,1.0
2025-08-07T11:43:18,scipy-benchmark,7a72a58c-467c-4a3e-b0ac-45f8e9e1dacc,scipy_LMC001_f7d9627c,1.0016022231429815,7.061985039584236e-08,7.05068826367423e-08,0.8,0.0,10.0,1.1136251646611428e-07,0.0,1.3911874919560636e-06,1.502550008422178e-06,Canada,CAN,,gcp,northamerica-northeast2,Linux-6.8.0-1032-gcp-x86_64-with-glibc2.35,3.12.11,3.0.4,2,Intel(R) Xeon(R) CPU @ 2.60GHz,,,,,15.61648178100586,machine,Y,1.0
2025-08-07T11:43:20,scipy-benchmark,bb354c38-dafd-4e50-902a-ae45a7831c3d,scipy_LMC001_f7d9627c,1.0016267739702016,7.062494537568031e-08,7.051024115074366e-08,0.8,0.0,10.0,1.1136887062134017e-07,0.0,1.391289541627177e-06,1.5026584122485173e-06,Canada,CAN,,gcp,northamerica-northeast2,Linux-6.8.0-1032-gcp-x86_64-with-glibc2.35,3.12.11,3.0.4,2,Intel(R) Xeon(R) CPU @ 2.60GHz,,,,,15.61648178100586,machine,Y,1.0
2025-08-07T11:43:23,scipy-benchmark,58d195ae-ab08-4157-9684-0f420aecc7ea,scipy_LMC001_f7d9627c,1.0017709881067276,7.064000423927793e-08,7.051512279546272e-08,0.8,0.0,10.0,1.1139464419749049e-07,0.0,1.3915841694041673e-06,1.5029788136016578e-06,Canada,CAN,,gcp,northamerica-northeast2,Linux-6.8.0-1032-gcp-x86_64-with-glibc2.35,3.12.11,3.0.4,2,Intel(R) Xeon(R) CPU @ 2.60GHz,,,,,15.61648178100586,machine,Y,1.0
2025-08-07T11:43:25,scipy-benchmark,524731ce-fac0-4327-bf57-f0d9262c9a00,scipy_LMC001_f7d9627c,1.001735731959343,7.064288945452103e-08,7.052048479527351e-08,0.8,0.0,10.0,1.1140047577727173e-07,0.0,1.3916397253827502e-06,1.503040201160022e-06,Canada,CAN,,gcp,northamerica-northeast2,Linux-6.8.0-1032-gcp-x86_64-with-glibc2.35,3.12.11,3.0.4,2,Intel(R) Xeon(R) CPU @ 2.60GHz,,,,,15.61648178100586,machine,Y,1.0
2025-08-07T11:43:27,scipy-benchmark,72253117-6757-4b99-8170-d0dbaf4b3582,scipy_LMC001_f7d9627c,1.0016542270313948,7.06325272270737e-08,7.051587795561698e-08,0.8,0.0,10.0,1.1137617819218173e-07,0.0,1.391443550043429e-06,1.5028197282356107e-06,Canada,CAN,,gcp,northamerica-northeast2,Linux-6.8.0-1032-gcp-x86_64-with-glibc2.35,3.12.11,3.0.4,2,Intel(R) Xeon(R) CPU @ 2.60GHz,,,,,15.61648178100586,machine,Y,1.0
2025-08-07T11:43:29,scipy-benchmark,824e6d47-7412-45fa-91f9-83202a5cfe2b,scipy_LMC001_f7d9627c,1.001703412970528,7.063128182762822e-08,7.051117218236564e-08,0.8,0.0,10.0,1.1138042755838898e-07,0.0,1.391412802816679e-06,1.502793230375068e-06,Canada,CAN,,gcp,northamerica-northeast2,Linux-6.8.0-1032-gcp-x86_64-with-glibc2.35,3.12.11,3.0.4,2,Intel(R) Xeon(R) CPU @ 2.60GHz,,,,,15.61648178100586,machine,Y,1.0
2025-08-07T11:43:31,scipy-benchmark,5be06776-48a1-40e7-837a-246765ec3cf7,scipy_LMC001_f7d9627c,1.0016778139397502,7.06263760176953e-08,7.05080765839378e-08,0.8,0.0,10.0,1.1137348242724936e-07,0.0,1.3913153690130762e-06,1.5026888514403256e-06,Canada,CAN,,gcp,northamerica-northeast2,Linux-6.8.0-1032-gcp-x86_64-with-glibc2.35,3.12.11,3.0.4,2,Intel(R) Xeon(R) CPU @ 2.60GHz,,,,,15.61648178100586,machine,Y,1.0
2025-08-07T11:43:33,scipy-benchmark,03fe4ccc-2117-4f3b-8ab2-ac20636f9ab8,scipy_LMC001_f7d9627c,1.0016687631141394,7.062686865234188e-08,7.050920549101118e-08,0.8000072,0.0,10.0,1.1137656905553129e-07,0.0,1.3913227639730192e-06,1.5026993330285503e-06,Canada,CAN,,gcp,northamerica-northeast2,Linux-6.8.0-1032-gcp-x86_64-with-glibc2.35,3.12.11,3.0.4,2,Intel(R) Xeon(R) CPU @ 2.60GHz,,,,,15.61648178100586,machine,Y,1.0
2025-08-07T11:43:35,scipy-benchmark,3a5c8784-a337-4c40-a510-19ae886795f4,scipy_LMC001_f7d9627c,1.0016811138484627,7.063261345944678e-08,7.051407127771035e-08,0.8,0.0,10.0,1.1138255506133041e-07,0.0,1.3914390079056225e-06,1.5028215629669528e-06,Canada,CAN,,gcp,northamerica-northeast2,Linux-6.8.0-1032-gcp-x86_64-with-glibc2.35,3.12.11,3.0.4,2,Intel(R) Xeon(R) CPU @ 2.60GHz,,,,,15.61648178100586,machine,Y,1.0
2025-08-07T11:43:38,scipy-benchmark,39de7d73-14eb-47a4-9a51-c409f070e17c,scipy_LMC001_f7d9627c,1.0017078530509025,7.063079005955823e-08,7.051036871123449e-08,0.8,0.0,10.0,1.1138223975689877e-07,0.0,1.3914005274677443e-06,1.5027827672246432e-06,Canada,CAN,,gcp,northamerica-northeast2,Linux-6.8.0-1032-gcp-x86_64-with-glibc2.35,3.12.11,3.0.4,2,Intel(R) Xeon(R) CPU @ 2.60GHz,,,,,15.61648178100586,machine,Y,1.0
2025-08-07T11:43:40,scipy-benchmark,da343fcd-d602-4706-baea-d65e440a748b,scipy_LMC001_f7d9627c,1.0018568120431155,7.064779392575534e-08,7.051685737573744e-08,0.8,0.0,10.0,1.114091017904381e-07,0.0,1.391735449821378e-06,1.503144551611816e-06,Canada,CAN,,gcp,northamerica-northeast2,Linux-6.8.0-1032-gcp-x86_64-with-glibc2.35,3.12.11,3.0.4,2,Intel(R) Xeon(R) CPU @ 2.60GHz,,,,,15.61648178100586,machine,Y,1.0
2025-08-07T11:43:42,scipy-benchmark,b4f0f32d-f238-495c-9eab-3708860f28d8,scipy_LMC001_f7d9627c,1.0024362208787352,7.06298741343845e-08,7.045822234203626e-08,0.8,0.0,10.0,1.1137966842701037e-07,0.0,1.391383611027979e-06,1.5027632794549894e-06,Canada,CAN,,gcp,northamerica-northeast2,Linux-6.8.0-1032-gcp-x86_64-with-glibc2.35,3.12.11,3.0.4,2,Intel(R) Xeon(R) CPU @ 2.60GHz,,,,,15.61648178100586,machine,Y,1.0
2025-08-07T11:43:44,scipy-benchmark,a893213c-0055-492e-9dac-b61a34a2d0be,scipy_LMC001_f7d9627c,1.0016674490179869,7.062620637503762e-08,7.050863681781619e-08,0.8,0.0,10.0,1.113766529079941e-07,0.0,1.3913085891140831e-06,1.5026852420220771e-06,Canada,CAN,,gcp,northamerica-northeast2,Linux-6.8.0-1032-gcp-x86_64-with-glibc2.35,3.12.11,3.0.4,2,Intel(R) Xeon(R) CPU @ 2.60GHz,,,,,15.61648178100586,machine,Y,1.0
2025-08-07T11:43:46,scipy-benchmark,40ea217e-3bd0-4871-b3ad-441ed6492657,scipy_LMC001_f7d9627c,1.0016952599398792,7.06302149103851e-08,7.051068097759019e-08,0.8,0.0,10.0,1.1137876602717573e-07,0.0,1.391391763981018e-06,1.5027705300081936e-06,Canada,CAN,,gcp,northamerica-northeast2,Linux-6.8.0-1032-gcp-x86_64-with-glibc2.35,3.12.11,3.0.4,2,Intel(R) Xeon(R) CPU @ 2.60GHz,,,,,15.61648178100586,machine,Y,1.0
2025-08-07T11:43:48,scipy-benchmark,b28d2be2-3bc2-4f7a-9807-b956f7240d10,scipy_LMC001_f7d9627c,1.0016994969919324,7.063116701446579e-08,7.051133321576844e-08,0.8,0.0,10.0,1.113812708709803e-07,0.0,1.3914095166708447e-06,1.502790787541825e-06,Canada,CAN,,gcp,northamerica-northeast2,Linux-6.8.0-1032-gcp-x86_64-with-glibc2.35,3.12.11,3.0.4,2,Intel(R) Xeon(R) CPU @ 2.60GHz,,,,,15.61648178100586,machine,Y,1.0
2025-08-07T11:43:50,scipy-benchmark,684b1ffa-43be-4b62-a235-abe1cbb4c059,scipy_LMC001_f7d9627c,1.001744959037751,7.062452642989553e-08,7.050150419297894e-08,0.8,0.0,10.0,1.1137709580361845e-07,0.0,1.3912724027047968e-06,1.5026494985084152e-06,Canada,CAN,,gcp,northamerica-northeast2,Linux-6.8.0-1032-gcp-x86_64-with-glibc2.35,3.12.11,3.0.4,2,Intel(R) Xeon(R) CPU @ 2.60GHz,,,,,15.61648178100586,machine,Y,1.0
2025-08-07T11:43:53,scipy-benchmark,a76085c6-7992-4f57-9b11-0652ceaec154,scipy_LMC001_f7d9627c,1.0016912079881877,7.06256158241433e-08,7.050637487972855e-08,0.8,0.0,10.0,1.1137335530171793e-07,0.0,1.391299321807714e-06,1.502672677109432e-06,Canada,CAN,,gcp,northamerica-northeast2,Linux-6.8.0-1032-gcp-x86_64-with-glibc2.35,3.12.11,3.0.4,2,Intel(R) Xeon(R) CPU @ 2.60GHz,,,,,15.61648178100586,machine,Y,1.0
2025-08-07T11:43:55,scipy-benchmark,404c4066-c770-42f3-9c7a-921cee2016a3,scipy_LMC001_f7d9627c,1.0016327761113644,7.062066491064616e-08,7.050554514082149e-08,0.8,0.0,10.0,1.113634242469238e-07,0.0,1.3912039142774625e-06,1.5025673385243862e-06,Canada,CAN,,gcp,northamerica-northeast2,Linux-6.8.0-1032-gcp-x86_64-with-glibc2.35,3.12.11,3.0.4,2,Intel(R) Xeon(R) CPU @ 2.60GHz,,,,,15.61648178100586,machine,Y,1.0
2025-08-07T11:43:57,scipy-benchmark,0589f195-2962-4364-9fe0-919eb7ed19ae,scipy_LMC001_f7d9627c,1.0016432541888207,7.06240736105376e-08,7.05082106979619e-08,0.8,0.0,10.0,1.1136837779647773e-07,0.0,1.3912714862575135e-06,1.5026398640539911e-06,Canada,CAN,,gcp,northamerica-northeast2,Linux-6.8.0-1032-gcp-x86_64-with-glibc2.35,3.12.11,3.0.4,2,Intel(R) Xeon(R) CPU @ 2.60GHz,,,,,15.61648178100586,machine,Y,1.0
2025-08-07T11:43:59,scipy-benchmark,1aa5b239-e166-4679-a8ff-039fb5917d2e,scipy_LMC001_f7d9627c,1.0015798930544406,7.06188552284665e-08,7.050746098057706e-08,0.8,0.0,10.0,1.1135914000786012e-07,0.0,1.3911696946403631e-06,1.5025288346482233e-06,Canada,CAN,,gcp,northamerica-northeast2,Linux-6.8.0-1032-gcp-x86_64-with-glibc2.35,3.12.11,3.0.4,2,Intel(R) Xeon(R) CPU @ 2.60GHz,,,,,15.61648178100586,machine,Y,1.0
2025-08-07T11:44:01,scipy-benchmark,457def2f-8798-488c-af1b-1882da429a04,scipy_LMC001_f7d9627c,1.0016956918407232,7.06242154603048e-08,7.050466128143692e-08,0.8,0.0,10.0,1.1136992710332077e-07,0.0,1.391272955030824e-06,1.5026428821341448e-06,Canada,CAN,,gcp,northamerica-northeast2,Linux-6.8.0-1032-gcp-x86_64-with-glibc2.35,3.12.11,3.0.4,2,Intel(R) Xeon(R) CPU @ 2.60GHz,,,,,15.61648178100586,machine,Y,1.0
2025-08-07T11:44:03,scipy-benchmark,9aad8cb0-0498-4ff7-8789-4da51682c3d2,scipy_LMC001_f7d9627c,1.0017330339178443,7.062924117191385e-08,7.050705006270801e-08,0.8,0.0,10.0,1.1138013734792673e-07,0.0,1.3913696748204529e-06,1.5027498121683797e-06,Canada,CAN,,gcp,northamerica-northeast2,Linux-6.8.0-1032-gcp-x86_64-with-glibc2.35,3.12.11,3.0.4,2,Intel(R) Xeon(R) CPU @ 2.60GHz,,,,,15.61648178100586,machine,Y,1.0
2025-08-07T11:44:05,scipy-benchmark,f34885f2-9728-414f-8f38-f2ed9873f837,scipy_LMC001_f7d9627c,1.0016675519291312,7.062930063882635e-08,7.051171868630466e-08,0.8,0.0,10.0,1.1137839132505989e-07,0.0,1.3913726860967777e-06,1.5027510774218374e-06,Canada,CAN,,gcp,northamerica-northeast2,Linux-6.8.0-1032-gcp-x86_64-with-glibc2.35,3.12.11,3.0.4,2,Intel(R) Xeon(R) CPU @ 2.60GHz,,,,,15.61648178100586,machine,Y,1.0
2025-08-07T11:44:08,scipy-benchmark,497ea213-af5d-43a4-8d47-8e7a219603df,scipy_LMC001_f7d9627c,1.0017144158482552,7.063608619436209e-08,7.051519382851968e-08,0.8,0.0,10.0,1.1137971240613197e-07,0.0,1.391515738537742e-06,1.502895450943874e-06,Canada,CAN,,gcp,northamerica-northeast2,Linux-6.8.0-1032-gcp-x86_64-with-glibc2.35,3.12.11,3.0.4,2,Intel(R) Xeon(R) CPU @ 2.60GHz,,,,,15.61648178100586,machine,Y,1.0
2025-08-07T11:44:10,scipy-benchmark,954c60ab-69f3-4a43-9b90-5e09d95ded71,scipy_LMC001_f7d9627c,1.001799464924261,7.064432888866093e-08,7.051743523740237e-08,0.8,0.0,10.0,1.1140405552254784e-07,0.0,1.3916667718957695e-06,1.5030708274183174e-06,Canada,CAN,,gcp,northamerica-northeast2,Linux-6.8.0-1032-gcp-x86_64-with-glibc2.35,3.12.11,3.0.4,2,Intel(R) Xeon(R) CPU @ 2.60GHz,,,,,15.61648178100586,machine,Y,1.0
2025-08-07T11:44:12,scipy-benchmark,37fa3aee-109d-487b-8080-1b05496d1af8,scipy_LMC001_f7d9627c,1.0016327451448888,7.062781972570034e-08,7.051269047267803e-08,0.8,0.0,10.0,1.1137420715143285e-07,0.0,1.3913453614804894e-06,1.5027195686319222e-06,Canada,CAN,,gcp,northamerica-northeast2,Linux-6.8.0-1032-gcp-x86_64-with-glibc2.35,3.12.11,3.0.4,2,Intel(R) Xeon(R) CPU @ 2.60GHz,,,,,15.61648178100586,machine,Y,1.0
2025-08-07T11:44:14,scipy-benchmark,c04c215c-0b93-4c4d-9869-8381298404a8,scipy_LMC001_f7d9627c,1.0017749099060893,7.06270477999933e-08,7.050191325575741e-08,0.8,0.0,10.0,1.1137861442855665e-07,0.0,1.391324530252152e-06,1.5027031446807085e-06,Canada,CAN,,gcp,northamerica-northeast2,Linux-6.8.0-1032-gcp-x86_64-with-glibc2.35,3.12.11,3.0.4,2,Intel(R) Xeon(R) CPU @ 2.60GHz,,,,,15.61648178100586,machine,Y,1.0
2025-08-07T11:44:16,scipy-benchmark,484630a8-f381-47d2-b834-2a9e2e90823a,scipy_LMC001_f7d9627c,1.001637283945456,7.062702204372425e-08,7.051157457470425e-08,0.8,0.0,10.0,1.1136623021836085e-07,0.0,1.3913363664566229e-06,1.5027025966749835e-06,Canada,CAN,,gcp,northamerica-northeast2,Linux-6.8.0-1032-gcp-x86_64-with-glibc2.35,3.12.11,3.0.4,2,Intel(R) Xeon(R) CPU @ 2.60GHz,,,,,15.61648178100586,machine,Y,1.0
2025-08-07T11:44:18,scipy-benchmark,c45dd0fe-c708-4088-961b-061d7fd4f7eb,scipy_LMC001_f7d9627c,1.0017302720807493,7.062900696775048e-08,7.05070106557158e-08,0.8,0.0,10.0,1.1137586247382893e-07,0.0,1.391368966627245e-06,1.502744829101074e-06,Canada,CAN,,gcp,northamerica-northeast2,Linux-6.8.0-1032-gcp-x86_64-with-glibc2.35,3.12.11,3.0.4,2,Intel(R) Xeon(R) CPU @ 2.60GHz,,,,,15.61648178100586,machine,Y,1.0
2025-08-07T11:44:20,scipy-benchmark,85c82af0-9f61-49d1-b7b8-9737eff197ca,scipy_LMC001_f7d9627c,1.0016692930366844,7.062844100586761e-08,7.051073792204286e-08,0.8,0.0,10.0,1.113769290968776e-07,0.0,1.3913558582620075e-06,1.5027327873588852e-06,Canada,CAN,,gcp,northamerica-northeast2,Linux-6.8.0-1032-gcp-x86_64-with-glibc2.35,3.12.11,3.0.4,2,Intel(R) Xeon(R) CPU @ 2.60GHz,,,,,15.61648178100586,machine,Y,1.0
2025-08-07T11:44:23,scipy-benchmark,4d742a5d-d5c2-4710-99d5-697f4363e422,scipy_LMC001_f7d9627c,1.0016877760645002,7.063002193108617e-08,7.05110151274704e-08,0.8,0.0,10.0,1.1137861044456565e-07,0.0,1.3913878136210972e-06,1.5027664240656628e-06,Canada,CAN,,gcp,northamerica-northeast2,Linux-6.8.0-1032-gcp-x86_64-with-glibc2.35,3.12.11,3.0.4,2,Intel(R) Xeon(R) CPU @ 2.60GHz,,,,,15.61648178100586,machine,Y,1.0
2025-08-07T11:44:25,scipy-benchmark,d48ef3c4-8da4-4ca0-a0ff-986b0e9823b8,scipy_LMC001_f7d9627c,1.0017734221182764,7.063874064277238e-08,7.05136901050987e-08,0.8,0.0,10.0,1.1138621422772609e-07,0.0,1.3915657143418988e-06,1.502951928569625e-06,Canada,CAN,,gcp,northamerica-northeast2,Linux-6.8.0-1032-gcp-x86_64-with-glibc2.35,3.12.11,3.0.4,2,Intel(R) Xeon(R) CPU @ 2.60GHz,,,,,15.61648178100586,machine,Y,1.0
2025-08-07T11:44:27,scipy-benchmark,d54bfb3e-b03e-4e1c-b024-0030b88f0aa2,scipy_LMC001_f7d9627c,1.0017710828687996,7.064112322715425e-08,7.051623313467712e-08,0.8,0.0,10.0,1.1140079418611197e-07,0.0,1.391601827668233e-06,1.503002621854345e-06,Canada,CAN,,gcp,northamerica-northeast2,Linux-6.8.0-1032-gcp-x86_64-with-glibc2.35,3.12.11,3.0.4,2,Intel(R) Xeon(R) CPU @ 2.60GHz,,,,,15.61648178100586,machine,Y,1.0
2025-08-07T11:44:29,scipy-benchmark,56ed851e-24d9-4fa4-abd1-86fcef8c0816,scipy_LMC001_f7d9627c,1.0016933539882302,7.062656908940213e-08,7.050717548259982e-08,0.8,0.0,10.0,1.11372584477067e-07,0.0,1.3913203748719145e-06,1.5026929593489814e-06,Canada,CAN,,gcp,northamerica-northeast2,Linux-6.8.0-1032-gcp-x86_64-with-glibc2.35,3.12.11,3.0.4,2,Intel(R) Xeon(R) CPU @ 2.60GHz,,,,,15.61648178100586,machine,Y,1.0
2025-08-07T11:44:31,scipy-benchmark,a0b7275e-6a3b-4c08-9ab9-d7ab00c326dc,scipy_LMC001_f7d9627c,1.0017916238866746,7.063632551257292e-08,7.050999811569945e-08,0.8,0.0,10.0,1.1139161263902982e-07,0.0,1.3915089301816707e-06,1.5029005428207005e-06,Canada,CAN,,gcp,northamerica-northeast2,Linux-6.8.0-1032-gcp-x86_64-with-glibc2.35,3.12.11,3.0.4,2,Intel(R) Xeon(R) CPU @ 2.60GHz,,,,,15.61648178100586,machine,Y,1.0
2025-08-07T11:44:33,scipy-benchmark,a74585a3-11c1-401b-bd1d-ea6301c67f7e,scipy_LMC001_f7d9627c,1.001745939953253,7.06429045887457e-08,7.05197812851054e-08,0.8,0.0,10.0,1.113992539855341e-07,0.0,1.391641269179268e-06,1.503040523164802e-06,Canada,CAN,,gcp,northamerica-northeast2,Linux-6.8.0-1032-gcp-x86_64-with-glibc2.35,3.12.11,3.0.4,2,Intel(R) Xeon(R) CPU @ 2.60GHz,,,,,15.61648178100586,machine,Y,1.0
2025-08-07T11:44:35,scipy-benchmark,71168a8d-ac00-4e40-b911-1af148c74db6,scipy_LMC001_f7d9627c,1.0016472139395771,7.062669112740293e-08,7.051054517450429e-08,0.8,0.0,10.0,1.1137354798201061e-07,0.0,1.3913220079201791e-06,1.50269555590219e-06,Canada,CAN,,gcp,northamerica-northeast2,Linux-6.8.0-1032-gcp-x86_64-with-glibc2.35,3.12.11,3.0.4,2,Intel(R) Xeon(R) CPU @ 2.60GHz,,,,,15.61648178100586,machine,Y,1.0
2025-08-07T11:44:38,scipy-benchmark,c1926441-195b-4b4f-934e-b664d698608b,scipy_LMC001_f7d9627c,1.001688183052465,7.06297989544821e-08,7.051076387788706e-08,0.8,0.0,10.0,1.1137929315575297e-07,0.0,1.3913823867268449e-06,1.5027616798825978e-06,Canada,CAN,,gcp,northamerica-northeast2,Linux-6.8.0-1032-gcp-x86_64-with-glibc2.35,3.12.11,3.0.4,2,Intel(R) Xeon(R) CPU @ 2.60GHz,,,,,15.61648178100586,machine,Y,1.0
2025-08-07T11:44:40,scipy-benchmark,3ac007fe-a7ff-4a4e-a257-2f9f0fe7dfc8,scipy_LMC001_f7d9627c,1.0016771121881902,7.062371092413865e-08,7.050546534886803e-08,0.8,0.0,10.0,1.1137383022449084e-07,0.0,1.3912583170976074e-06,1.5026321473220983e-06,Canada,CAN,,gcp,northamerica-northeast2,Linux-6.8.0-1032-gcp-x86_64-with-glibc2.35,3.12.11,3.0.4,2,Intel(R) Xeon(R) CPU @ 2.60GHz,,,,,15.61648178100586,machine,Y,1.0
2025-08-07T11:44:42,scipy-benchmark,1a18f499-560f-454a-9375-40fbe760e6d8,scipy_LMC001_f7d9627c,1.0016084490343928,7.062065198326795e-08,7.05072446736549e-08,0.8,0.0,10.0,1.1136444399340284e-07,0.0,1.391202619480383e-06,1.5025670634737858e-06,Canada,CAN,,gcp,northamerica-northeast2,Linux-6.8.0-1032-gcp-x86_64-with-glibc2.35,3.12.11,3.0.4,2,Intel(R) Xeon(R) CPU @ 2.60GHz,,,,,15.61648178100586,machine,Y,1.0
2025-08-07T11:44:44,scipy-benchmark,8e29b177-13c6-4850-8776-9a07b2c29295,scipy_LMC001_f7d9627c,1.0015545468777418,7.061818514112384e-08,7.050857625405407e-08,0.8,0.0,10.0,1.1136010801419617e-07,0.0,1.3911544694565237e-06,1.5025145774707198e-06,Canada,CAN,,gcp,northamerica-northeast2,Linux-6.8.0-1032-gcp-x86_64-with-glibc2.35,3.12.11,3.0.4,2,Intel(R) Xeon(R) CPU @ 2.60GHz,,,,,15.61648178100586,machine,Y,1.0
2025-08-07T11:44:46,scipy-benchmark,f1385f92-90c3-4742-b201-1213226ed973,scipy_LMC001_f7d9627c,1.0017640858422965,7.063214807261506e-08,7.050776632027751e-08,0.8,0.0,10.0,1.1138794177936185e-07,0.0,1.3914237193401075e-06,1.5028116611194694e-06,Canada,CAN,,gcp,northamerica-northeast2,Linux-6.8.0-1032-gcp-x86_64-with-glibc2.35,3.12.11,3.0.4,2,Intel(R) Xeon(R) CPU @ 2.60GHz,,,,,15.61648178100586,machine,Y,1.0
2025-08-07T11:44:48,scipy-benchmark,fe1ec4f9-4ffb-478d-a53c-23d25ceda347,scipy_LMC001_f7d9627c,1.0016917060129344,7.062995041345452e-08,7.051066709395567e-08,0.8,0.0,10.0,1.11380382699685e-07,0.0,1.3913845197142413e-06,1.502764902413926e-06,Canada,CAN,,gcp,northamerica-northeast2,Linux-6.8.0-1032-gcp-x86_64-with-glibc2.35,3.12.11,3.0.4,2,Intel(R) Xeon(R) CPU @ 2.60GHz,,,,,15.61648178100586,machine,Y,1.0
2025-08-07T11:44:50,scipy-benchmark,84aa9449-a148-43d2-8245-3a0fada0a048,scipy_LMC001_f7d9627c,1.001937068067491,7.066018392287919e-08,7.052357495782309e-08,0.8,0.0,10.0,1.114347735937271e-07,0.0,1.3919733949781706e-06,1.5034081685718977e-06,Canada,CAN,,gcp,northamerica-northeast2,Linux-6.8.0-1032-gcp-x86_64-with-glibc2.35,3.12.11,3.0.4,2,Intel(R) Xeon(R) CPU @ 2.60GHz,,,,,15.61648178100586,machine,Y,1.0
2025-08-07T11:44:53,scipy-benchmark,785b20ea-6ade-4219-aacc-a81058660b9f,scipy_LMC001_f7d9627c,1.0016949670389297,7.06305570931743e-08,7.051104319907135e-08,0.8,0.0,10.0,1.1137972710033261e-07,0.0,1.3913980833927377e-06,1.5027778104930702e-06,Canada,CAN,,gcp,northamerica-northeast2,Linux-6.8.0-1032-gcp-x86_64-with-glibc2.35,3.12.11,3.0.4,2,Intel(R) Xeon(R) CPU @ 2.60GHz,,,,,15.61648178100586,machine,Y,1.0
2025-08-07T11:44:55,scipy-benchmark,de4c6b61-b5bc-471d-88d5-55b7102a62a7,scipy_LMC001_f7d9627c,1.0017706328071654,7.063730477241595e-08,7.05124531096263e-08,0.8,0.0,10.0,1.1139241999222173e-07,0.0,1.3915289581442874e-06,1.502921378136509e-06,Canada,CAN,,gcp,northamerica-northeast2,Linux-6.8.0-1032-gcp-x86_64-with-glibc2.35,3.12.11,3.0.4,2,Intel(R) Xeon(R) CPU @ 2.60GHz,,,,,15.61648178100586,machine,Y,1.0
2025-08-07T11:44:57,scipy-benchmark,fc2165e4-77d1-49ba-96fe-f0c6e1a473ca,scipy_LMC001_f7d9627c,1.0017058178782463,7.062742541391507e-08,7.050715305169522e-08,0.8,0.0,10.0,1.1138222951235045e-07,0.0,1.3913289495071188e-06,1.5027111790194693e-06,Canada,CAN,,gcp,northamerica-northeast2,Linux-6.8.0-1032-gcp-x86_64-with-glibc2.35,3.12.11,3.0.4,2,Intel(R) Xeon(R) CPU @ 2.60GHz,,,,,15.61648178100586,machine,Y,1.0
2025-08-07T11:44:59,scipy-benchmark,0293f5e2-4edf-44db-b4f9-f949ddfb9246,scipy_LMC001_f7d9627c,1.0017453890759498,7.063393659288344e-08,7.051086769467342e-08,0.8000072,0.0,10.0,1.1138771739752448e-07,0.0,1.3914619973446762e-06,1.5028497147422007e-06,Canada,CAN,,gcp,northamerica-northeast2,Linux-6.8.0-1032-gcp-x86_64-with-glibc2.35,3.12.11,3.0.4,2,Intel(R) Xeon(R) CPU @ 2.60GHz,,,,,15.61648178100586,machine,Y,1.0
2025-08-07T11:45:01,scipy-benchmark,1a7806f5-304e-4598-ae94-28179dbe9370,scipy_LMC001_f7d9627c,1.0017058460507542,7.063079859026604e-08,7.051051850074491e-08,0.8,0.0,10.0,1.1138248464299573e-07,0.0,1.391400464086069e-06,1.5027829487290648e-06,Canada,CAN,,gcp,northamerica-northeast2,Linux-6.8.0-1032-gcp-x86_64-with-glibc2.35,3.12.11,3.0.4,2,Intel(R) Xeon(R) CPU @ 2.60GHz,,,,,15.61648178100586,machine,Y,1.0
2025-08-07T11:45:03,scipy-benchmark,f2e3dfec-5afb-41bd-a1be-a8c740c2c690,scipy_LMC001_f7d9627c,1.0017043608240783,7.062841945902134e-08,7.05082479634181e-08,0.8,0.0,10.0,1.1137798728628293e-07,0.0,1.391354341629065e-06,1.5027323289153476e-06,Canada,CAN,,gcp,northamerica-northeast2,Linux-6.8.0-1032-gcp-x86_64-with-glibc2.35,3.12.11,3.0.4,2,Intel(R) Xeon(R) CPU @ 2.60GHz,,,,,15.61648178100586,machine,Y,1.0
2025-08-07T11:45:05,scipy-benchmark,039ea543-e0b5-4820-a41b-3c9ae5cf3812,scipy_LMC001_f7d9627c,1.001679043052718,7.063159768875792e-08,7.051320298516079e-08,0.8,0.0,10.0,1.1137698689061737e-07,0.0,1.391422963934019e-06,1.5027999508246366e-06,Canada,CAN,,gcp,northamerica-northeast2,Linux-6.8.0-1032-gcp-x86_64-with-glibc2.35,3.12.11,3.0.4,2,Intel(R) Xeon(R) CPU @ 2.60GHz,,,,,15.61648178100586,machine,Y,1.0
2025-08-07T11:45:08,scipy-benchmark,086bfa56-5037-4882-b7b5-7ab386f82135,scipy_LMC001_f7d9627c,1.0016981409862638,7.063247986802729e-08,7.051273929537608e-08,0.8,0.0,10.0,1.1138174801857937e-07,0.0,1.3914369725777455e-06,1.5028187205963251e-06,Canada,CAN,,gcp,northamerica-northeast2,Linux-6.8.0-1032-gcp-x86_64-with-glibc2.35,3.12.11,3.0.4,2,Intel(R) Xeon(R) CPU @ 2.60GHz,,,,,15.61648178100586,machine,Y,1.0
2025-08-07T11:45:10,scipy-benchmark,056919f0-c2c3-43fc-b5b6-b4de04c87046,scipy_LMC001_f7d9627c,1.0019265951123089,7.065081251963664e-08,7.05149587447743e-08,0.8,0.0,10.0,1.1142439912590717e-07,0.0,1.3917843778876382e-06,1.5032087770135454e-06,Canada,CAN,,gcp,northamerica-northeast2,Linux-6.8.0-1032-gcp-x86_64-with-glibc2.35,3.12.11,3.0.4,2,Intel(R) Xeon(R) CPU @ 2.60GHz,,,,,15.61648178100586,machine,Y,1.0
2025-08-07T11:45:12,scipy-benchmark,c18212cc-f9ea-41b3-8e5d-54d7a6ce92e0,scipy_LMC001_f7d9627c,1.0017042660620064,7.063588463815138e-08,7.051570711168254e-08,0.8,0.0,10.0,1.1138085669113529e-07,0.0,1.3915103058227237e-06,1.5028911625138589e-06,Canada,CAN,,gcp,northamerica-northeast2,Linux-6.8.0-1032-gcp-x86_64-with-glibc2.35,3.12.11,3.0.4,2,Intel(R) Xeon(R) CPU @ 2.60GHz,,,,,15.61648178100586,machine,Y,1.0
2025-08-07T11:45:14,scipy-benchmark,17c508c4-b9c9-43af-bc29-24f0cac3dde2,scipy_LMC001_f7d9627c,1.0017165208701044,7.063319270496464e-08,7.051215711567949e-08,0.8,0.0,10.0,1.1137635710959636e-07,0.0,1.3914575302300768e-06,1.5028338873396732e-06,Canada,CAN,,gcp,northamerica-northeast2,Linux-6.8.0-1032-gcp-x86_64-with-glibc2.35,3.12.11,3.0.4,2,Intel(R) Xeon(R) CPU @ 2.60GHz,,,,,15.61648178100586,machine,Y,1.0
2025-08-07T11:45:16,scipy-benchmark,bc5be9ac-73e3-4af7-966b-75938234aa5f,scipy_LMC001_f7d9627c,1.0017135909292847,7.063291679079542e-08,7.05120879165367e-08,0.8,0.0,10.0,1.113820666861203e-07,0.0,1.391445950139314e-06,1.5028280168254345e-06,Canada,CAN,,gcp,northamerica-northeast2,Linux-6.8.0-1032-gcp-x86_64-with-glibc2.35,3.12.11,3.0.4,2,Intel(R) Xeon(R) CPU @ 2.60GHz,,,,,15.61648178100586,machine,Y,1.0
2025-08-07T11:45:18,scipy-benchmark,4f86d316-c7bd-48bb-8a3d-aad53ddd398f,scipy_LMC001_f7d9627c,1.0017692109104246,7.063763206780684e-08,7.05128799113422e-08,0.8,0.0,10.0,1.1139515332049793e-07,0.0,1.3915331885477322e-06,1.5029283418682302e-06,Canada,CAN,,gcp,northamerica-northeast2,Linux-6.8.0-1032-gcp-x86_64-with-glibc2.35,3.12.11,3.0.4,2,Intel(R) Xeon(R) CPU @ 2.60GHz,,,,,15.61648178100586,machine,Y,1.0
2025-08-07T11:45:20,scipy-benchmark,9d26ea17-436c-4ecc-b3a1-976d6166d0c1,scipy_LMC001_f7d9627c,1.0016225068829954,7.062339597979251e-08,7.050899465065875e-08,0.8,0.0,10.0,1.1136899645336801e-07,0.0,1.391256449925196e-06,1.502625446378564e-06,Canada,CAN,,gcp,northamerica-northeast2,Linux-6.8.0-1032-gcp-x86_64-with-glibc2.35,3.12.11,3.0.4,2,Intel(R) Xeon(R) CPU @ 2.60GHz,,,,,15.61648178100586,machine,Y,1.0
2025-08-07T11:45:23,scipy-benchmark,b1b55020-0570-4b9d-8a83-84d1be97e76f,scipy_LMC001_f7d9627c,1.0015845890156925,7.062239869068273e-08,7.051066826026837e-08,0.8,0.0,10.0,1.1136213865958985e-07,0.0,1.391242088801745e-06,1.5026042274613348e-06,Canada,CAN,,gcp,northamerica-northeast2,Linux-6.8.0-1032-gcp-x86_64-with-glibc2.35,3.12.11,3.0.4,2,Intel(R) Xeon(R) CPU @ 2.60GHz,,,,,15.61648178100586,machine,Y,1.0
2025-08-07T11:45:25,scipy-benchmark,79b96405-135e-4585-9bc6-9f38f1f35187,scipy_LMC001_f7d9627c,1.0016396660357714,7.062598475537057e-08,7.051037129438951e-08,0.8,0.0,10.0,1.1137226291207805e-07,0.0,1.3913082637979338e-06,1.5026805267100115e-06,Canada,CAN,,gcp,northamerica-northeast2,Linux-6.8.0-1032-gcp-x86_64-with-glibc2.35,3.12.11,3.0.4,2,Intel(R) Xeon(R) CPU @ 2.60GHz,,,,,15.61648178100586,machine,Y,1.0
2025-08-07T11:45:27,scipy-benchmark,04d86eba-dd94-472c-9af6-de52439a5310,scipy_LMC001_f7d9627c,1.001553372014314,7.06182440329188e-08,7.050871776397908e-08,0.8,0.0,10.0,1.113561915440692e-07,0.0,1.3911596389435649e-06,1.502515830487634e-06,Canada,CAN,,gcp,northamerica-northeast2,Linux-6.8.0-1032-gcp-x86_64-with-glibc2.35,3.12.11,3.0.4,2,Intel(R) Xeon(R) CPU @ 2.60GHz,,,,,15.61648178100586,machine,Y,1.0
2025-08-07T11:45:29,scipy-benchmark,40a5402b-bb96-481a-a64a-7e86085d00b9,scipy_LMC001_f7d9627c,1.001713644945994,7.063578131031765e-08,7.051494373337188e-08,0.8,0.0,10.0,1.113890948601895e-07,0.0,1.3914998691891217e-06,1.5028889640493111e-06,Canada,CAN,,gcp,northamerica-northeast2,Linux-6.8.0-1032-gcp-x86_64-with-glibc2.35,3.12.11,3.0.4,2,Intel(R) Xeon(R) CPU @ 2.60GHz,,,,,15.61648178100586,machine,Y,1.0
2025-08-07T11:45:31,scipy-benchmark,f1897cdb-efab-4595-9cb4-16b1586e6065,scipy_LMC001_f7d9627c,1.0016781599260869,7.0632595726858e-08,7.051426151895928e-08,0.8,0.0,10.0,1.1138351913541557e-07,0.0,1.3914376665424145e-06,1.5028211856778298e-06,Canada,CAN,,gcp,northamerica-northeast2,Linux-6.8.0-1032-gcp-x86_64-with-glibc2.35,3.12.11,3.0.4,2,Intel(R) Xeon(R) CPU @ 2.60GHz,,,,,15.61648178100586,machine,Y,1.0
2025-08-07T11:45:33,scipy-benchmark,a7d0473f-702b-46a8-bad6-c606c7f8c1e0,scipy_LMC001_f7d9627c,1.0017189551144838,7.063846873010819e-08,7.051725273785512e-08,0.8,0.0,10.0,1.1138586803442904e-07,0.0,1.3915602751593624e-06,1.5029461431937914e-06,Canada,CAN,,gcp,northamerica-northeast2,Linux-6.8.0-1032-gcp-x86_64-with-glibc2.35,3.12.11,3.0.4,2,Intel(R) Xeon(R) CPU @ 2.60GHz,,,,,15.61648178100586,machine,Y,1.0
2025-08-07T11:45:35,scipy-benchmark,7ba3be7f-fcb5-4098-925f-17f5c45db5ff,scipy_LMC001_f7d9627c,1.0017377228941768,7.063399919787295e-08,7.051146980249509e-08,0.8000072,0.0,10.0,1.1138737756520656e-07,0.0,1.3914636691980477e-06,1.5028510467632543e-06,Canada,CAN,,gcp,northamerica-northeast2,Linux-6.8.0-1032-gcp-x86_64-with-glibc2.35,3.12.11,3.0.4,2,Intel(R) Xeon(R) CPU @ 2.60GHz,,,,,15.61648178100586,machine,Y,1.0
2025-08-07T11:45:38,scipy-benchmark,6c22f732-fdea-4029-8255-ea519965ff68,scipy_LMC001_f7d9627c,1.0017708560917526,7.063712129410772e-08,7.05122542391451e-08,0.8,0.0,10.0,1.1139846065392097e-07,0.0,1.3915190136887962e-06,1.502917474342717e-06,Canada,CAN,,gcp,northamerica-northeast2,Linux-6.8.0-1032-gcp-x86_64-with-glibc2.35,3.12.11,3.0.4,2,Intel(R) Xeon(R) CPU @ 2.60GHz,,,,,15.61648178100586,machine,Y,1.0
2025-08-07T11:45:40,scipy-benchmark,65a29262-f4ff-4a68-923c-5767824314a2,scipy_LMC001_f7d9627c,1.0017051759641618,7.063802761858745e-08,7.05177823910083e-08,0.8,0.0,10.0,1.1139307445329097e-07,0.0,1.391543683388995e-06,1.5029367578422858e-06,Canada,CAN,,gcp,northamerica-northeast2,Linux-6.8.0-1032-gcp-x86_64-with-glibc2.35,3.12.11,3.0.4,2,Intel(R) Xeon(R) CPU @ 2.60GHz,,,,,15.61648178100586,machine,Y,1.0
2025-08-07T11:45:42,scipy-benchmark,41dfeeaa-7e4c-47c0-9a49-51bea45a5ae4,scipy_LMC001_f7d9627c,1.00174432201311,7.063451694901516e-08,7.051152214875319e-08,0.8,0.0,10.0,1.1138773507749041e-07,0.0,1.3914743276675129e-06,1.5028620627450032e-06,Canada,CAN,,gcp,northamerica-northeast2,Linux-6.8.0-1032-gcp-x86_64-with-glibc2.35,3.12.11,3.0.4,2,Intel(R) Xeon(R) CPU @ 2.60GHz,,,,,15.61648178100586,machine,Y,1.0
2025-08-07T11:45:44,scipy-benchmark,6c818d29-3b50-46a9-b57b-f68a43f56296,scipy_LMC001_f7d9627c,1.001711105927825,7.062863959286674e-08,7.050799294817406e-08,0.8,0.0,10.0,1.113795853323407e-07,0.0,1.3913574272818449e-06,1.5027370126141855e-06,Canada,CAN,,gcp,northamerica-northeast2,Linux-6.8.0-1032-gcp-x86_64-with-glibc2.35,3.12.11,3.0.4,2,Intel(R) Xeon(R) CPU @ 2.60GHz,,,,,15.61648178100586,machine,Y,1.0
2025-08-07T11:45:46,scipy-benchmark,5699cd67-a12c-4a9c-9f08-f043f0dc1234,scipy_LMC001_f7d9627c,1.0017130409833044,7.063191392924637e-08,7.051112548151764e-08,0.8,0.0,10.0,1.1138206554783725e-07,0.0,1.3914246137978302e-06,1.5028066793456674e-06,Canada,CAN,,gcp,northamerica-northeast2,Linux-6.8.0-1032-gcp-x86_64-with-glibc2.35,3.12.11,3.0.4,2,Intel(R) Xeon(R) CPU @ 2.60GHz,,,,,15.61648178100586,machine,Y,1.0
2025-08-07T11:45:48,scipy-benchmark,a610769d-0df8-46a8-bc39-8c73cb556f13,scipy_LMC001_f7d9627c,1.0017263498157265,7.063338214236623e-08,7.05116543608538e-08,0.8,0.0,10.0,1.1138435422132416e-07,0.0,1.3914535637013614e-06,1.5028379179226855e-06,Canada,CAN,,gcp,northamerica-northeast2,Linux-6.8.0-1032-gcp-x86_64-with-glibc2.35,3.12.11,3.0.4,2,Intel(R) Xeon(R) CPU @ 2.60GHz,,,,,15.61648178100586,machine,Y,1.0
2025-08-07T11:45:50,scipy-benchmark,70047b24-eca2-474f-99c6-a2209358e55d,scipy_LMC001_f7d9627c,1.001687271054834,7.062843942034266e-08,7.050947083111763e-08,0.8,0.0,10.0,1.1137735067556304e-07,0.0,1.3913554029487486e-06,1.5027327536243115e-06,Canada,CAN,,gcp,northamerica-northeast2,Linux-6.8.0-1032-gcp-x86_64-with-glibc2.35,3.12.11,3.0.4,2,Intel(R) Xeon(R) CPU @ 2.60GHz,,,,,15.61648178100586,machine,Y,1.0
2025-08-07T11:45:53,scipy-benchmark,208e1db7-6f67-4583-a520-64a6302d1913,scipy_LMC001_f7d9627c,1.001700605964288,7.063311043640393e-08,7.051319527595662e-08,0.8,0.0,10.0,1.1138085110319989e-07,0.0,1.3914512858415642e-06,1.5028321369447642e-06,Canada,CAN,,gcp,northamerica-northeast2,Linux-6.8.0-1032-gcp-x86_64-with-glibc2.35,3.12.11,3.0.4,2,Intel(R) Xeon(R) CPU @ 2.60GHz,,,,,15.61648178100586,machine,Y,1.0
2025-08-07T11:45:55,scipy-benchmark,7d7caefb-898d-48da-b797-9e0e4b35a032,scipy_LMC001_f7d9627c,1.0017027619760484,7.063056271060163e-08,7.05105001120986e-08,0.8,0.0,10.0,1.1138911845369473e-07,0.0,1.391388811559106e-06,1.5027779300128008e-06,Canada,CAN,,gcp,northamerica-northeast2,Linux-6.8.0-1032-gcp-x86_64-with-glibc2.35,3.12.11,3.0.4,2,Intel(R) Xeon(R) CPU @ 2.60GHz,,,,,15.61648178100586,machine,Y,1.0
2025-08-07T11:45:57,scipy-benchmark,ee85344e-13de-41ad-b570-238ef369568c,scipy_LMC001_f7d9627c,1.0017152489162982,7.063355939165277e-08,7.051261270911809e-08,0.8,0.0,10.0,1.1138385886119473e-07,0.0,1.3914578303229064e-06,1.502841689184101e-06,Canada,CAN,,gcp,northamerica-northeast2,Linux-6.8.0-1032-gcp-x86_64-with-glibc2.35,3.12.11,3.0.4,2,Intel(R) Xeon(R) CPU @ 2.60GHz,,,,,15.61648178100586,machine,Y,1.0
2025-08-07T11:45:59,scipy-benchmark,ce7c02d3-955d-460c-a5b3-9d44921cec1e,scipy_LMC001_f7d9627c,1.001724559115246,7.063015988269924e-08,7.050856369647358e-08,0.8,0.0,10.0,1.113894482453665e-07,0.0,1.3913799109610005e-06,1.5027693592063668e-06,Canada,CAN,,gcp,northamerica-northeast2,Linux-6.8.0-1032-gcp-x86_64-with-glibc2.35,3.12.11,3.0.4,2,Intel(R) Xeon(R) CPU @ 2.60GHz,,,,,15.61648178100586,machine,Y,1.0
2025-08-07T11:46:01,scipy-benchmark,a00af8de-4f3c-4be1-ae6b-b4fad325a6e0,scipy_LMC001_f7d9627c,1.0016939172055572,7.062898612977007e-08,7.050954879191535e-08,0.8,0.0,10.0,1.113762909339534e-07,0.0,1.391368094805835e-06,1.5027443857397884e-06,Canada,CAN,,gcp,northamerica-northeast2,Linux-6.8.0-1032-gcp-x86_64-with-glibc2.35,3.12.11,3.0.4,2,Intel(R) Xeon(R) CPU @ 2.60GHz,,,,,15.61648178100586,machine,Y,1.0
2025-08-07T11:46:03,scipy-benchmark,254c11a1-d021-48f7-86f1-421490d2494f,scipy_LMC001_f7d9627c,1.001800989964977,7.063829762594671e-08,7.051130746877804e-08,0.8,0.0,10.0,1.1139484112047489e-07,0.0,1.3915476615592424e-06,1.5029425026797171e-06,Canada,CAN,,gcp,northamerica-northeast2,Linux-6.8.0-1032-gcp-x86_64-with-glibc2.35,3.12.11,3.0.4,2,Intel(R) Xeon(R) CPU @ 2.60GHz,,,,,15.61648178100586,machine,Y,1.0
2025-08-07T11:46:05,scipy-benchmark,3296eb11-fad1-4cf4-941e-5fffd787afa0,scipy_LMC001_f7d9627c,1.0016443231143055,7.06240812602615e-08,7.050814309083048e-08,0.8000072,0.0,10.0,1.113671849648134e-07,0.0,1.391272841849261e-06,1.5026400268140744e-06,Canada,CAN,,gcp,northamerica-northeast2,Linux-6.8.0-1032-gcp-x86_64-with-glibc2.35,3.12.11,3.0.4,2,Intel(R) Xeon(R) CPU @ 2.60GHz,,,,,15.61648178100586,machine,Y,1.0
2025-08-07T11:46:08,scipy-benchmark,8d801f5c-ab68-48d7-83f6-7baaa6be07e0,scipy_LMC001_f7d9627c,1.0015856442041695,7.062240188605048e-08,7.05105971663212e-08,0.8,0.0,10.0,1.1135817867600256e-07,0.0,1.39124611677188e-06,1.502604295447883e-06,Canada,CAN,,gcp,northamerica-northeast2,Linux-6.8.0-1032-gcp-x86_64-with-glibc2.35,3.12.11,3.0.4,2,Intel(R) Xeon(R) CPU @ 2.60GHz,,,,,15.61648178100586,machine,Y,1.0
2025-08-07T11:46:10,scipy-benchmark,a0c72e56-e3e1-4d31-a7b6-59b3783ca4c9,scipy_LMC001_f7d9627c,1.001686970004812,7.062897279385166e-08,7.051002449748584e-08,0.8,0.0,10.0,1.1137928492907022e-07,0.0,1.3913648170677735e-06,1.502744101996844e-06,Canada,CAN,,gcp,northamerica-northeast2,Linux-6.8.0-1032-gcp-x86_64-with-glibc2.35,3.12.11,3.0.4,2,Intel(R) Xeon(R) CPU @ 2.60GHz,,,,,15.61648178100586,machine,Y,1.0
2025-08-07T11:46:12,scipy-benchmark,07054da0-684c-4f06-8a33-d59b005610b6,scipy_LMC001_f7d9627c,1.0016984620597214,7.063287326789255e-08,7.051310942681813e-08,0.8,0.0,10.0,1.1138366623264221e-07,0.0,1.3914434245735822e-06,1.5028270908062244e-06,Canada,CAN,,gcp,northamerica-northeast2,Linux-6.8.0-1032-gcp-x86_64-with-glibc2.35,3.12.11,3.0.4,2,Intel(R) Xeon(R) CPU @ 2.60GHz,,,,,15.61648178100586,machine,Y,1.0
2025-08-07T11:46:14,scipy-benchmark,213e306e-9393-4bd2-8f5b-6f975991db28,scipy_LMC001_f7d9627c,1.0017862380482256,7.063673205381362e-08,7.051078301039028e-08,0.8,0.0,10.0,1.1139785912301808e-07,0.0,1.3915113335113145e-06,1.5029091926343323e-06,Canada,CAN,,gcp,northamerica-northeast2,Linux-6.8.0-1032-gcp-x86_64-with-glibc2.35,3.12.11,3.0.4,2,Intel(R) Xeon(R) CPU @ 2.60GHz,,,,,15.61648178100586,machine,Y,1.0
2025-08-07T11:46:16,scipy-benchmark,4735add2-0d43-4700-9050-d111dc1e98c9,scipy_LMC001_f7d9627c,1.0017814200837163,7.063945177502724e-08,7.051383700959844e-08,0.8,0.0,10.0,1.1139470644088257e-07,0.0,1.3915723526022502e-06,1.5029670590431327e-06,Canada,CAN,,gcp,northamerica-northeast2,Linux-6.8.0-1032-gcp-x86_64-with-glibc2.35,3.12.11,3.0.4,2,Intel(R) Xeon(R) CPU @ 2.60GHz,,,,,15.61648178100586,machine,Y,1.0
2025-08-07T11:46:18,scipy-benchmark,49aee5b3-b958-47c4-a01f-6b501edaf6ef,scipy_LMC001_f7d9627c,1.0017553127836436,7.063670395208628e-08,7.051293170165817e-08,0.8,0.0,10.0,1.1139069797678129e-07,0.0,1.3915178967484585e-06,1.50290859472524e-06,Canada,CAN,,gcp,northamerica-northeast2,Linux-6.8.0-1032-gcp-x86_64-with-glibc2.35,3.12.11,3.0.4,2,Intel(R) Xeon(R) CPU @ 2.60GHz,,,,,15.61648178100586,machine,Y,1.0
2025-08-07T11:46:20,scipy-benchmark,b01b8aeb-0d4e-4cd9-8aef-0d223970a170,scipy_LMC001_f7d9627c,1.001675808802247,7.06247866784947e-08,7.050663104557173e-08,0.8,0.0,10.0,1.11372577957809e-07,0.0,1.391282457754844e-06,1.502655035712653e-06,Canada,CAN,,gcp,northamerica-northeast2,Linux-6.8.0-1032-gcp-x86_64-with-glibc2.35,3.12.11,3.0.4,2,Intel(R) Xeon(R) CPU @ 2.60GHz,,,,,15.61648178100586,machine,Y,1.0
2025-08-07T11:46:23,scipy-benchmark,e5e532ca-4c59-4221-acb0-bd44a6dba612,scipy_LMC001_f7d9627c,1.0016966830007732,7.062811692286697e-08,7.050848637262828e-08,0.8,0.0,10.0,1.1137630267896589e-07,0.0,1.391349589296927e-06,1.502725891975893e-06,Canada,CAN,,gcp,northamerica-northeast2,Linux-6.8.0-1032-gcp-x86_64-with-glibc2.35,3.12.11,3.0.4,2,Intel(R) Xeon(R) CPU @ 2.60GHz,,,,,15.61648178100586,machine,Y,1.0
2025-08-07T11:46:25,scipy-benchmark,1d53926f-1297-4ce5-a2e0-3ceeb2b69e55,scipy_LMC001_f7d9627c,1.0017927738372236,7.06368720238097e-08,7.051046271101086e-08,0.8,0.0,10.0,1.1139249863723917e-07,0.0,1.3915196720821162e-06,1.5029121707193554e-06,Canada,CAN,,gcp,northamerica-northeast2,Linux-6.8.0-1032-gcp-x86_64-with-glibc2.35,3.12.11,3.0.4,2,Intel(R) Xeon(R) CPU @ 2.60GHz,,,,,15.61648178100586,machine,Y,1.0
2025-08-07T11:46:27,scipy-benchmark,0f955aa6-25ef-4a2b-a287-a15043ae8778,scipy_LMC001_f7d9627c,1.0017083720304072,7.062940963515495e-08,7.050895411006006e-08,0.8,0.0,10.0,1.113836822203464e-07,0.0,1.3913697142723122e-06,1.5027533964926585e-06,Canada,CAN,,gcp,northamerica-northeast2,Linux-6.8.0-1032-gcp-x86_64-with-glibc2.35,3.12.11,3.0.4,2,Intel(R) Xeon(R) CPU @ 2.60GHz,,,,,15.61648178100586,machine,Y,1.0
2025-08-07T11:46:29,scipy-benchmark,288122b1-d268-4a7a-9da2-4a18c32ee935,scipy_LMC001_f7d9627c,1.0016931858845055,7.06294935086949e-08,7.051010679116113e-08,0.8,0.0,10.0,1.113768759597507e-07,0.0,1.391378305076311e-06,1.5027551810360618e-06,Canada,CAN,,gcp,northamerica-northeast2,Linux-6.8.0-1032-gcp-x86_64-with-glibc2.35,3.12.11,3.0.4,2,Intel(R) Xeon(R) CPU @ 2.60GHz,,,,,15.61648178100586,machine,Y,1.0
2025-08-07T11:46:31,scipy-benchmark,26750e44-615b-4b3f-9940-5caff9f6ebf6,scipy_LMC001_f7d9627c,1.001664126990363,7.062557823601594e-08,7.050824356485658e-08,0.8,0.0,10.0,1.1137856129142985e-07,0.0,1.3912933160706114e-06,1.5026718773620411e-06,Canada,CAN,,gcp,northamerica-northeast2,Linux-6.8.0-1032-gcp-x86_64-with-glibc2.35,3.12.11,3.0.4,2,Intel(R) Xeon(R) CPU @ 2.60GHz,,,,,15.61648178100586,machine,Y,1.0
2025-08-07T11:46:33,scipy-benchmark,f8cdc1d0-aab4-4a37-8803-c21ed9bdeb40,scipy_LMC001_f7d9627c,1.001780637074262,7.063356884643955e-08,7.05080196526133e-08,0.8,0.0,10.0,1.1138672335073353e-07,0.0,1.3914551669990435e-06,1.5028418903497771e-06,Canada,CAN,,gcp,northamerica-northeast2,Linux-6.8.0-1032-gcp-x86_64-with-glibc2.35,3.12.11,3.0.4,2,Intel(R) Xeon(R) CPU @ 2.60GHz,,,,,15.61648178100586,machine,Y,1.0
2025-08-07T11:46:35,scipy-benchmark,d70b66e8-e9af-4903-aab0-614594cf85b0,scipy_LMC001_f7d9627c,1.001799964113161,7.06371866094673e-08,7.05102706526832e-08,0.8,0.0,10.0,1.1140644979766677e-07,0.0,1.3915124142335525e-06,1.502918864031219e-06,Canada,CAN,,gcp,northamerica-northeast2,Linux-6.8.0-1032-gcp-x86_64-with-glibc2.35,3.12.11,3.0.4,2,Intel(R) Xeon(R) CPU @ 2.60GHz,,,,,15.61648178100586,machine,Y,1.0
2025-08-07T11:46:38,scipy-benchmark,654bafc4-2005-49a2-a8fa-c4bfb9d701e2,scipy_LMC001_f7d9627c,1.001653378130868,7.062869143248018e-08,7.051210825473041e-08,0.8,0.0,10.0,1.1136873180253641e-07,0.0,1.3913693837821482e-06,1.5027381155846847e-06,Canada,CAN,,gcp,northamerica-northeast2,Linux-6.8.0-1032-gcp-x86_64-with-glibc2.35,3.12.11,3.0.4,2,Intel(R) Xeon(R) CPU @ 2.60GHz,,,,,15.61648178100586,machine,Y,1.0
2025-08-07T11:46:40,scipy-benchmark,a47c560d-1b06-4e36-806a-3ec6c05adecb,scipy_LMC001_f7d9627c,1.001757469959557,7.063691188322589e-08,7.051298742606596e-08,0.8,0.0,10.0,1.1139159401257833e-07,0.0,1.3915214247794617e-06,1.50291301879204e-06,Canada,CAN,,gcp,northamerica-northeast2,Linux-6.8.0-1032-gcp-x86_64-with-glibc2.35,3.12.11,3.0.4,2,Intel(R) Xeon(R) CPU @ 2.60GHz,,,,,15.61648178100586,machine,Y,1.0
2025-08-07T11:46:42,scipy-benchmark,d05a3abd-c161-4580-b187-a8bf45d7552c,scipy_LMC001_f7d9627c,1.00169953587465,7.063687029602523e-08,7.051702408382123e-08,0.8,0.0,10.0,1.1138182862972221e-07,0.0,1.3915303053282615e-06,1.5029121339579838e-06,Canada,CAN,,gcp,northamerica-northeast2,Linux-6.8.0-1032-gcp-x86_64-with-glibc2.35,3.12.11,3.0.4,2,Intel(R) Xeon(R) CPU @ 2.60GHz,,,,,15.61648178100586,machine,Y,1.0
2025-08-07T11:46:44,scipy-benchmark,ca88c5de-8253-41f1-88fb-ad9aa12c2434,scipy_LMC001_f7d9627c,1.0017636748962104,7.063536701897263e-08,7.051100852333354e-08,0.8,0.0,10.0,1.113897188463145e-07,0.0,1.3914904304935286e-06,1.502880149339843e-06,Canada,CAN,,gcp,northamerica-northeast2,Linux-6.8.0-1032-gcp-x86_64-with-glibc2.35,3.12.11,3.0.4,2,Intel(R) Xeon(R) CPU @ 2.60GHz,,,,,15.61648178100586,machine,Y,1.0
2025-08-07T11:46:46,scipy-benchmark,9d7b5698-d0e0-49e3-bd2a-1c3acebc35ce,scipy_LMC001_f7d9627c,1.0015495349653063,7.062088136641413e-08,7.051162114399105e-08,0.8,0.0,10.0,1.1136278841230605e-07,0.0,1.391209155553952e-06,1.502571943966258e-06,Canada,CAN,,gcp,northamerica-northeast2,Linux-6.8.0-1032-gcp-x86_64-with-glibc2.35,3.12.11,3.0.4,2,Intel(R) Xeon(R) CPU @ 2.60GHz,,,,,15.61648178100586,machine,Y,1.0
2025-08-07T11:46:48,scipy-benchmark,5b3a7039-bc73-4951-aed6-af057ddacc6d,scipy_LMC001_f7d9627c,1.0016212060581893,7.061993223032914e-08,7.05056280789511e-08,0.8,0.0,10.0,1.1136928288679985e-07,0.0,1.391182466694671e-06,1.502551749581471e-06,Canada,CAN,,gcp,northamerica-northeast2,Linux-6.8.0-1032-gcp-x86_64-with-glibc2.35,3.12.11,3.0.4,2,Intel(R) Xeon(R) CPU @ 2.60GHz,,,,,15.61648178100586,machine,Y,1.0
2025-08-07T11:46:50,scipy-benchmark,64a9c3e8-c667-4c78-bc92-34ac27a99e1c,scipy_LMC001_f7d9627c,1.0016523620579392,7.062339606214206e-08,7.050689314708267e-08,0.8000576,0.0,10.0,1.113814533514182e-07,0.0,1.391243994779264e-06,1.5026254481306822e-06,Canada,CAN,,gcp,northamerica-northeast2,Linux-6.8.0-1032-gcp-x86_64-with-glibc2.35,3.12.11,3.0.4,2,Intel(R) Xeon(R) CPU @ 2.60GHz,,,,,15.61648178100586,machine,Y,1.0
2025-08-07T11:46:53,scipy-benchmark,54a8679a-7546-4a74-a10a-b4e7526374f8,scipy_LMC001_f7d9627c,1.0016161010134963,7.061896148903502e-08,7.050501825757239e-08,0.8,0.0,10.0,1.113571924571362e-07,0.0,1.3911739030542474e-06,1.5025310955113837e-06,Canada,CAN,,gcp,northamerica-northeast2,Linux-6.8.0-1032-gcp-x86_64-with-glibc2.35,3.12.11,3.0.4,2,Intel(R) Xeon(R) CPU @ 2.60GHz,,,,,15.61648178100586,machine,Y,1.0
2025-08-07T11:46:55,scipy-benchmark,b78219a2-1ec1-4f7a-9cee-3e3c0c1e8ec7,scipy_LMC001_f7d9627c,1.0017991419881582,7.06388712418783e-08,7.051201012379516e-08,0.8,0.0,10.0,1.113929213024676e-07,0.0,1.3915617859715389e-06,1.5029547072740064e-06,Canada,CAN,,gcp,northamerica-northeast2,Linux-6.8.0-1032-gcp-x86_64-with-glibc2.35,3.12.11,3.0.4,2,Intel(R) Xeon(R) CPU @ 2.60GHz,,,,,15.61648178100586,machine,Y,1.0
2025-08-07T11:46:57,scipy-benchmark,e130407c-00b8-4544-b56a-f370f9762e7f,scipy_LMC001_f7d9627c,1.0018673059530556,7.065658655281489e-08,7.052489499654922e-08,0.8,0.0,10.0,1.1142341797757481e-07,0.0,1.3919082108057207e-06,1.5033316287832954e-06,Canada,CAN,,gcp,northamerica-northeast2,Linux-6.8.0-1032-gcp-x86_64-with-glibc2.35,3.12.11,3.0.4,2,Intel(R) Xeon(R) CPU @ 2.60GHz,,,,,15.61648178100586,machine,Y,1.0
2025-08-07T11:46:59,scipy-benchmark,b552da71-f57b-4667-b120-03864630aef2,scipy_LMC001_f7d9627c,1.0017821139190346,7.064874579152092e-08,7.052306565460486e-08,0.8,0.0,10.0,1.114071790749828e-07,0.0,1.3917576249999306e-06,1.5031648040749134e-06,Canada,CAN,,gcp,northamerica-northeast2,Linux-6.8.0-1032-gcp-x86_64-with-glibc2.35,3.12.11,3.0.4,2,Intel(R) Xeon(R) CPU @ 2.60GHz,,,,,15.61648178100586,machine,Y,1.0
2025-08-07T11:47:01,scipy-benchmark,250845b3-b00e-47b8-b660-0bfdb395a550,scipy_LMC001_f7d9627c,1.001713499892503,7.063309429785133e-08,7.051227152816769e-08,0.8,0.0,10.0,1.1138570179334948e-07,0.0,1.3914460917779554e-06,1.502831793571305e-06,Canada,CAN,,gcp,northamerica-northeast2,Linux-6.8.0-1032-gcp-x86_64-with-glibc2.35,3.12.11,3.0.4,2,Intel(R) Xeon(R) CPU @ 2.60GHz,,,,,15.61648178100586,machine,Y,1.0
2025-08-07T11:47:03,scipy-benchmark,b055da3f-44ab-44fd-93b6-a8bfd45f0dfb,scipy_LMC001_f7d9627c,1.0017024849075824,7.063251243694685e-08,7.051246602773821e-08,0.8,0.0,10.0,1.1137749979065524e-07,0.0,1.3914419137614056e-06,1.5028194135520608e-06,Canada,CAN,,gcp,northamerica-northeast2,Linux-6.8.0-1032-gcp-x86_64-with-glibc2.35,3.12.11,3.0.4,2,Intel(R) Xeon(R) CPU @ 2.60GHz,,,,,15.61648178100586,machine,Y,1.0
2025-08-07T11:47:05,scipy-benchmark,b149f9a7-6182-4130-90cf-0291395820a8,scipy_LMC001_f7d9627c,1.001785241998732,7.064229738132822e-08,7.051640852722567e-08,0.8,0.0,10.0,1.1139982333406809e-07,0.0,1.391627780523979e-06,1.503027603858047e-06,Canada,CAN,,gcp,northamerica-northeast2,Linux-6.8.0-1032-gcp-x86_64-with-glibc2.35,3.12.11,3.0.4,2,Intel(R) Xeon(R) CPU @ 2.60GHz,,,,,15.61648178100586,machine,Y,1.0
2025-08-07T11:47:08,scipy-benchmark,05cfdb50-58a6-42de-b21e-ee17d3bcf3b0,scipy_LMC001_f7d9627c,1.001632601954043,7.06283132215548e-08,7.051319324447805e-08,0.8,0.0,10.0,1.1137126044680674e-07,0.0,1.3913588080969122e-06,1.502730068543719e-06,Canada,CAN,,gcp,northamerica-northeast2,Linux-6.8.0-1032-gcp-x86_64-with-glibc2.35,3.12.11,3.0.4,2,Intel(R) Xeon(R) CPU @ 2.60GHz,,,,,15.61648178100586,machine,Y,1.0
2025-08-07T11:47:10,scipy-benchmark,7bf33986-45ff-4cf1-8a89-3f5d20ab0029,scipy_LMC001_f7d9627c,1.001709003932774,7.06331286480547e-08,7.051262229923508e-08,0.8,0.0,10.0,1.1138558863765665e-07,0.0,1.3914469357890388e-06,1.5028325244266957e-06,Canada,CAN,,gcp,northamerica-northeast2,Linux-6.8.0-1032-gcp-x86_64-with-glibc2.35,3.12.11,3.0.4,2,Intel(R) Xeon(R) CPU @ 2.60GHz,,,,,15.61648178100586,machine,Y,1.0
2025-08-07T11:47:12,scipy-benchmark,e389f4e3-9205-4320-9e39-4a0dded0f94e,scipy_LMC001_f7d9627c,1.001759743085131,7.063198218220431e-08,7.05079063815024e-08,0.8,0.0,10.0,1.1138413732664457e-07,0.0,1.3914239942096175e-06,1.502808131536262e-06,Canada,CAN,,gcp,northamerica-northeast2,Linux-6.8.0-1032-gcp-x86_64-with-glibc2.35,3.12.11,3.0.4,2,Intel(R) Xeon(R) CPU @ 2.60GHz,,,,,15.61648178100586,machine,Y,1.0
2025-08-07T11:47:14,scipy-benchmark,399c54fc-8ef4-4f46-a7b3-44efa670c3ba,scipy_LMC001_f7d9627c,1.001762259984389,7.063329213950783e-08,7.050903688526715e-08,0.8,0.0,10.0,1.1138565621028345e-07,0.0,1.3914503467579683e-06,1.5028360029682518e-06,Canada,CAN,,gcp,northamerica-northeast2,Linux-6.8.0-1032-gcp-x86_64-with-glibc2.35,3.12.11,3.0.4,2,Intel(R) Xeon(R) CPU @ 2.60GHz,,,,,15.61648178100586,machine,Y,1.0
2025-08-07T11:47:16,scipy-benchmark,9d03114b-aacf-4ee1-b0e7-4d800dd17e8c,scipy_LMC001_f7d9627c,1.001671538921073,7.062778532442949e-08,7.050992524006874e-08,0.8,0.0,10.0,1.1137472020669117e-07,0.0,1.3913441164832976e-06,1.5027188366899888e-06,Canada,CAN,,gcp,northamerica-northeast2,Linux-6.8.0-1032-gcp-x86_64-with-glibc2.35,3.12.11,3.0.4,2,Intel(R) Xeon(R) CPU @ 2.60GHz,,,,,15.61648178100586,machine,Y,1.0
2025-08-07T11:47:18,scipy-benchmark,ad67f4e2-71d5-4a2a-808b-e3f233ed897e,scipy_LMC001_f7d9627c,1.0017278310842812,7.06387331455739e-08,7.051689186783775e-08,0.8,0.0,10.0,1.1139014089066124e-07,0.0,1.3915616281641028e-06,1.502951769054764e-06,Canada,CAN,,gcp,northamerica-northeast2,Linux-6.8.0-1032-gcp-x86_64-with-glibc2.35,3.12.11,3.0.4,2,Intel(R) Xeon(R) CPU @ 2.60GHz,,,,,15.61648178100586,machine,Y,1.0
2025-08-07T11:47:20,scipy-benchmark,25ab83cd-d15f-4597-9fd4-39cb21361274,scipy_LMC001_f7d9627c,1.001702634850517,7.062904166448344e-08,7.050899059981344e-08,0.8,0.0,10.0,1.1138145910162065e-07,0.0,1.391364108227814e-06,1.5027455673294349e-06,Canada,CAN,,gcp,northamerica-northeast2,Linux-6.8.0-1032-gcp-x86_64-with-glibc2.35,3.12.11,3.0.4,2,Intel(R) Xeon(R) CPU @ 2.60GHz,,,,,15.61648178100586,machine,Y,1.0
2025-08-07T11:47:23,scipy-benchmark,2d92b0c6-a1d1-4d33-a7e9-d36caffc6d2b,scipy_LMC001_f7d9627c,1.0016642410773784,7.062975819287304e-08,7.051240854610574e-08,0.8,0.0,10.0,1.1137939601515733e-07,0.0,1.3913814165991628e-06,1.50276081261432e-06,Canada,CAN,,gcp,northamerica-northeast2,Linux-6.8.0-1032-gcp-x86_64-with-glibc2.35,3.12.11,3.0.4,2,Intel(R) Xeon(R) CPU @ 2.60GHz,,,,,15.61648178100586,machine,Y,1.0
2025-08-07T11:47:25,scipy-benchmark,e37b230e-7fa3-4f61-9261-d85a5d0c65bc,scipy_LMC001_f7d9627c,1.001794832991436,7.063602974894457e-08,7.050947701339202e-08,0.8,0.0,10.0,1.1138980825328164e-07,0.0,1.3915044417242624e-06,1.502894249977544e-06,Canada,CAN,,gcp,northamerica-northeast2,Linux-6.8.0-1032-gcp-x86_64-with-glibc2.35,3.12.11,3.0.4,2,Intel(R) Xeon(R) CPU @ 2.60GHz,,,,,15.61648178100586,machine,Y,1.0
2025-08-07T11:47:27,scipy-benchmark,acad5439-5be3-4dc6-aab9-410b31370bf3,scipy_LMC001_f7d9627c,1.00187097908929,7.063908778032702e-08,7.05071703389778e-08,0.8,0.0,10.0,1.1141007290118273e-07,0.0,1.3915492415738603e-06,1.502959314475043e-06,Canada,CAN,,gcp,northamerica-northeast2,Linux-6.8.0-1032-gcp-x86_64-with-glibc2.35,3.12.11,3.0.4,2,Intel(R) Xeon(R) CPU @ 2.60GHz,,,,,15.61648178100586,machine,Y,1.0
2025-08-07T11:47:29,scipy-benchmark,9f1cad10-bf78-40dd-b12b-ffc7e3da53e4,scipy_LMC001_f7d9627c,1.00164855690673,7.062415493556507e-08,7.050791861934598e-08,0.8,0.0,10.0,1.1137120306698816e-07,0.0,1.3912703913067364e-06,1.5026415943737246e-06,Canada,CAN,,gcp,northamerica-northeast2,Linux-6.8.0-1032-gcp-x86_64-with-glibc2.35,3.12.11,3.0.4,2,Intel(R) Xeon(R) CPU @ 2.60GHz,,,,,15.61648178100586,machine,Y,1.0
2025-08-07T11:47:31,scipy-benchmark,0c343c09-46bb-40bf-a948-7ea6c98d5a6b,scipy_LMC001_f7d9627c,1.0016217168886214,7.06162241531743e-08,7.050189004740469e-08,0.8,0.0,10.0,1.1136145465489893e-07,0.0,1.3911113996679584e-06,1.5024728543228572e-06,Canada,CAN,,gcp,northamerica-northeast2,Linux-6.8.0-1032-gcp-x86_64-with-glibc2.35,3.12.11,3.0.4,2,Intel(R) Xeon(R) CPU @ 2.60GHz,,,,,15.61648178100586,machine,Y,1.0
2025-08-07T11:47:33,scipy-benchmark,dce11a9a-bbf8-4865-9f96-977c519658a6,scipy_LMC001_f7d9627c,1.0015801610425117,7.062086688147652e-08,7.050945059451816e-08,0.8,0.0,10.0,1.113568799984124e-07,0.0,1.3912147557776836e-06,1.502571635776096e-06,Canada,CAN,,gcp,northamerica-northeast2,Linux-6.8.0-1032-gcp-x86_64-with-glibc2.35,3.12.11,3.0.4,2,Intel(R) Xeon(R) CPU @ 2.60GHz,,,,,15.61648178100586,machine,Y,1.0
2025-08-07T11:47:35,scipy-benchmark,1881a5b6-4190-4380-9e66-c1f1898f9839,scipy_LMC001_f7d9627c,1.0016357791610062,7.061774711189276e-08,7.05024207212764e-08,0.8,0.0,10.0,1.1136526578209469e-07,0.0,1.391139991917751e-06,1.5025052576998456e-06,Canada,CAN,,gcp,northamerica-northeast2,Linux-6.8.0-1032-gcp-x86_64-with-glibc2.35,3.12.11,3.0.4,2,Intel(R) Xeon(R) CPU @ 2.60GHz,,,,,15.61648178100586,machine,Y,1.0
2025-08-07T11:47:38,scipy-benchmark,7d6f88f7-7537-41cc-bfe3-88962fb5df54,scipy_LMC001_f7d9627c,1.0017755290027708,7.063440480230686e-08,7.050921364851139e-08,0.8,0.0,10.0,1.113961768957477e-07,0.0,1.3914634997490793e-06,1.5028596766448268e-06,Canada,CAN,,gcp,northamerica-northeast2,Linux-6.8.0-1032-gcp-x86_64-with-glibc2.35,3.12.11,3.0.4,2,Intel(R) Xeon(R) CPU @ 2.60GHz,,,,,15.61648178100586,machine,Y,1.0
2025-08-07T11:47:40,scipy-benchmark,4f25baf0-5426-4447-a142-a8190f1fee0b,scipy_LMC001_f7d9627c,1.0017176910769194,7.06400042660276e-08,7.051887462433098e-08,0.8,0.0,10.0,1.1139223108895953e-07,0.0,1.39158658308184e-06,1.5029788141707994e-06,Canada,CAN,,gcp,northamerica-northeast2,Linux-6.8.0-1032-gcp-x86_64-with-glibc2.35,3.12.11,3.0.4,2,Intel(R) Xeon(R) CPU @ 2.60GHz,,,,,15.61648178100586,machine,Y,1.0
2025-08-07T11:47:42,scipy-benchmark,1a1258bf-e324-41cb-8850-9beec1bc83ec,scipy_LMC001_f7d9627c,1.001759581035003,7.063688670450615e-08,7.051281369480405e-08,0.8,0.0,10.0,1.1139194175807968e-07,0.0,1.391520541316519e-06,1.5029124830745987e-06,Canada,CAN,,gcp,northamerica-northeast2,Linux-6.8.0-1032-gcp-x86_64-with-glibc2.35,3.12.11,3.0.4,2,Intel(R) Xeon(R) CPU @ 2.60GHz,,,,,15.61648178100586,machine,Y,1.0
2025-08-07T11:47:44,scipy-benchmark,686cb7ed-a7bb-446b-ab3e-8d511177f399,scipy_LMC001_f7d9627c,1.0017092218622563,7.063218104277944e-08,7.051166097030497e-08,0.8,0.0,10.0,1.113842324250275e-07,0.0,1.3914281301873011e-06,1.5028123626123286e-06,Canada,CAN,,gcp,northamerica-northeast2,Linux-6.8.0-1032-gcp-x86_64-with-glibc2.35,3.12.11,3.0.4,2,Intel(R) Xeon(R) CPU @ 2.60GHz,,,,,15.61648178100586,machine,Y,1.0
2025-08-07T11:47:46,scipy-benchmark,3ad7c87e-9c6f-46af-9ed9-9ac2a7a057e3,scipy_LMC001_f7d9627c,1.0016562410164624,7.063409941699126e-08,7.051730576281646e-08,0.8004608000000001,0.0,10.0,1.1144342376266588e-07,0.0,1.3914097553222546e-06,1.5028531790849205e-06,Canada,CAN,,gcp,northamerica-northeast2,Linux-6.8.0-1032-gcp-x86_64-with-glibc2.35,3.12.11,3.0.4,2,Intel(R) Xeon(R) CPU @ 2.60GHz,,,,,15.61648178100586,machine,Y,1.0
2025-08-07T11:47:48,scipy-benchmark,bd2a49f0-b780-49d7-8351-69362a95d7e6,scipy_LMC001_f7d9627c,1.0017035328783097,7.063384248931998e-08,7.051372004884485e-08,0.8,0.0,10.0,1.1138304022865165e-07,0.0,1.391464672310071e-06,1.5028477125387226e-06,Canada,CAN,,gcp,northamerica-northeast2,Linux-6.8.0-1032-gcp-x86_64-with-glibc2.35,3.12.11,3.0.4,2,Intel(R) Xeon(R) CPU @ 2.60GHz,,,,,15.61648178100586,machine,Y,1.0
2025-08-07T11:47:51,scipy-benchmark,1fa08f83-2515-4ae9-9b2e-ed502497743c,scipy_LMC001_f7d9627c,1.0017788431141526,7.063553204853088e-08,7.051010563264807e-08,0.8,0.0,10.0,1.1139506624183722e-07,0.0,1.3914885943652026e-06,1.5028836606070398e-06,Canada,CAN,,gcp,northamerica-northeast2,Linux-6.8.0-1032-gcp-x86_64-with-glibc2.35,3.12.11,3.0.4,2,Intel(R) Xeon(R) CPU @ 2.60GHz,,,,,15.61648178100586,machine,Y,1.0
2025-08-07T11:47:53,scipy-benchmark,a6dd223b-ca9c-425d-bb19-993d78752e34,scipy_LMC001_f7d9627c,1.0017739220056685,7.063115842624325e-08,7.050608612852632e-08,0.8000072,0.0,10.0,1.1138516332585745e-07,0.0,1.391405441487829e-06,1.5027906048136864e-06,Canada,CAN,,gcp,northamerica-northeast2,Linux-6.8.0-1032-gcp-x86_64-with-glibc2.35,3.12.11,3.0.4,2,Intel(R) Xeon(R) CPU @ 2.60GHz,,,,,15.61648178100586,machine,Y,1.0
2025-08-07T11:47:55,scipy-benchmark,5d508a85-056b-4092-a3ab-96ff4564ab35,scipy_LMC001_f7d9627c,1.0017278171144426,7.063495691881205e-08,7.051312313786164e-08,0.8,0.0,10.0,1.113865210985144e-07,0.0,1.391484902705997e-06,1.5028714238045115e-06,Canada,CAN,,gcp,northamerica-northeast2,Linux-6.8.0-1032-gcp-x86_64-with-glibc2.35,3.12.11,3.0.4,2,Intel(R) Xeon(R) CPU @ 2.60GHz,,,,,15.61648178100586,machine,Y,1.0
2025-08-07T11:47:57,scipy-benchmark,92bd0a50-2060-4047-b291-69a9c9f7e4c4,scipy_LMC001_f7d9627c,1.001822479069233,7.063379530171449e-08,7.050530086661513e-08,0.8,0.0,10.0,1.1139014715121853e-07,0.0,1.3914565613958983e-06,1.5028467085471169e-06,Canada,CAN,,gcp,northamerica-northeast2,Linux-6.8.0-1032-gcp-x86_64-with-glibc2.35,3.12.11,3.0.4,2,Intel(R) Xeon(R) CPU @ 2.60GHz,,,,,15.61648178100586,machine,Y,1.0
2025-08-07T11:47:59,scipy-benchmark,3e57471a-2e13-4ff0-bcdc-43de3605ffef,scipy_LMC001_f7d9627c,1.001676183892414,7.062940483723975e-08,7.051121507429768e-08,0.8,0.0,10.0,1.1137438332661986e-07,0.0,1.3913789110827362e-06,1.5027532944093562e-06,Canada,CAN,,gcp,northamerica-northeast2,Linux-6.8.0-1032-gcp-x86_64-with-glibc2.35,3.12.11,3.0.4,2,Intel(R) Xeon(R) CPU @ 2.60GHz,,,,,15.61648178100586,machine,Y,1.0
2025-08-07T11:48:01,scipy-benchmark,4869bf1c-b103-4f0d-aff9-99f074ee5c0c,scipy_LMC001_f7d9627c,1.0017042928375304,7.063646895516042e-08,7.051628854965603e-08,0.8,0.0,10.0,1.113810951097144e-07,0.0,1.391522499680933e-06,1.5029035947906474e-06,Canada,CAN,,gcp,northamerica-northeast2,Linux-6.8.0-1032-gcp-x86_64-with-glibc2.35,3.12.11,3.0.4,2,Intel(R) Xeon(R) CPU @ 2.60GHz,,,,,15.61648178100586,machine,Y,1.0
2025-08-07T11:48:03,scipy-benchmark,5a4d35c9-9463-437d-9098-bc43a68226b6,scipy_LMC001_f7d9627c,1.0018657150212675,7.065066281033476e-08,7.051909427685623e-08,0.8,0.0,10.0,1.1140657200788461e-07,0.0,1.3917990197013652e-06,1.5032055917092498e-06,Canada,CAN,,gcp,northamerica-northeast2,Linux-6.8.0-1032-gcp-x86_64-with-glibc2.35,3.12.11,3.0.4,2,Intel(R) Xeon(R) CPU @ 2.60GHz,,,,,15.61648178100586,machine,Y,1.0
2025-08-07T11:48:06,scipy-benchmark,3d18ca26-0167-40dd-8df6-e45c00ec656b,scipy_LMC001_f7d9627c,1.001744600944221,7.063715213743653e-08,7.051413311422452e-08,0.8000072,0.0,10.0,1.1138546978548272e-07,0.0,1.3915326607982731e-06,1.502918130583756e-06,Canada,CAN,,gcp,northamerica-northeast2,Linux-6.8.0-1032-gcp-x86_64-with-glibc2.35,3.12.11,3.0.4,2,Intel(R) Xeon(R) CPU @ 2.60GHz,,,,,15.61648178100586,machine,Y,1.0
2025-08-07T11:48:08,scipy-benchmark,3c72ee35-5555-488f-9353-ab0dcb6e7caf,scipy_LMC001_f7d9627c,1.001885126112029,7.065324901551422e-08,7.0520309338951e-08,0.8,0.0,10.0,1.1141438088897205e-07,0.0,1.3918462364623944e-06,1.5032606173513665e-06,Canada,CAN,,gcp,northamerica-northeast2,Linux-6.8.0-1032-gcp-x86_64-with-glibc2.35,3.12.11,3.0.4,2,Intel(R) Xeon(R) CPU @ 2.60GHz,,,,,15.61648178100586,machine,Y,1.0
2025-08-07T11:48:10,scipy-benchmark,41448ef3-7a18-4462-9e04-7452421abd97,scipy_LMC001_f7d9627c,1.001711186952889,7.063467176385327e-08,7.051400911146584e-08,0.8,0.0,10.0,1.1138298729848532e-07,0.0,1.391482369379244e-06,1.5028653566777292e-06,Canada,CAN,,gcp,northamerica-northeast2,Linux-6.8.0-1032-gcp-x86_64-with-glibc2.35,3.12.11,3.0.4,2,Intel(R) Xeon(R) CPU @ 2.60GHz,,,,,15.61648178100586,machine,Y,1.0
2025-08-07T11:48:12,scipy-benchmark,622664de-3cbc-429a-a6cc-6cb59b2c3ae7,scipy_LMC001_f7d9627c,1.0018191519193351,7.064069506611364e-08,7.051242225782637e-08,0.8,0.0,10.0,1.113982068685194e-07,0.0,1.3915953051764515e-06,1.5029935120449711e-06,Canada,CAN,,gcp,northamerica-northeast2,Linux-6.8.0-1032-gcp-x86_64-with-glibc2.35,3.12.11,3.0.4,2,Intel(R) Xeon(R) CPU @ 2.60GHz,,,,,15.61648178100586,machine,Y,1.0
2025-08-07T11:48:14,scipy-benchmark,da0b2d24-9c1a-4e97-b674-35ad6134e617,scipy_LMC001_f7d9627c,1.001744274049997,7.063383595632494e-08,7.051084571789583e-08,0.8,0.0,10.0,1.1138799310558373e-07,0.0,1.3914595804332445e-06,1.5028475735388285e-06,Canada,CAN,,gcp,northamerica-northeast2,Linux-6.8.0-1032-gcp-x86_64-with-glibc2.35,3.12.11,3.0.4,2,Intel(R) Xeon(R) CPU @ 2.60GHz,,,,,15.61648178100586,machine,Y,1.0
2025-08-07T11:48:16,scipy-benchmark,c0698f6b-c4b4-479d-943a-ccc620a10834,scipy_LMC001_f7d9627c,1.001747861970216,7.06298397246024e-08,7.050660391297384e-08,0.8,0.0,10.0,1.1138669732544165e-07,0.0,1.3913758500065245e-06,1.5027625473319658e-06,Canada,CAN,,gcp,northamerica-northeast2,Linux-6.8.0-1032-gcp-x86_64-with-glibc2.35,3.12.11,3.0.4,2,Intel(R) Xeon(R) CPU @ 2.60GHz,,,,,15.61648178100586,machine,Y,1.0
2025-08-07T11:48:18,scipy-benchmark,7afb69e4-a27a-4aa1-9c97-c084bfb34d6c,scipy_LMC001_f7d9627c,1.0017276869621128,7.06350749309899e-08,7.05132501081219e-08,0.8,0.0,10.0,1.113872210909095e-07,0.0,1.391486713611003e-06,1.5028739347019128e-06,Canada,CAN,,gcp,northamerica-northeast2,Linux-6.8.0-1032-gcp-x86_64-with-glibc2.35,3.12.11,3.0.4,2,Intel(R) Xeon(R) CPU @ 2.60GHz,,,,,15.61648178100586,machine,Y,1.0
2025-08-07T11:48:21,scipy-benchmark,cc17101a-e779-4432-aeed-0200a846f50f,scipy_LMC001_f7d9627c,1.0026079630479217,7.063073143161213e-08,7.044700823729265e-08,0.8,0.0,10.0,1.113780806772411e-07,0.0,1.3914034391442936e-06,1.5027815198215347e-06,Canada,CAN,,gcp,northamerica-northeast2,Linux-6.8.0-1032-gcp-x86_64-with-glibc2.35,3.12.11,3.0.4,2,Intel(R) Xeon(R) CPU @ 2.60GHz,,,,,15.61648178100586,machine,Y,1.0
2025-08-07T11:48:23,scipy-benchmark,3ea47371-e7a2-4805-a9b3-89cd0b884d6c,scipy_LMC001_f7d9627c,1.001794980140403,7.063639482822168e-08,7.05098310817268e-08,0.8,0.0,10.0,1.1139492292164105e-07,0.0,1.3915070947000965e-06,1.5029020176217377e-06,Canada,CAN,,gcp,northamerica-northeast2,Linux-6.8.0-1032-gcp-x86_64-with-glibc2.35,3.12.11,3.0.4,2,Intel(R) Xeon(R) CPU @ 2.60GHz,,,,,15.61648178100586,machine,Y,1.0
2025-08-07T11:48:25,scipy-benchmark,1dc0382a-b2a6-4140-936e-3e4e24d9fb13,scipy_LMC001_f7d9627c,1.00182240200229,7.063708397834045e-08,7.05085889845963e-08,0.8,0.0,10.0,1.1139273069178069e-07,0.0,1.3915239496984417e-06,1.5029166803902223e-06,Canada,CAN,,gcp,northamerica-northeast2,Linux-6.8.0-1032-gcp-x86_64-with-glibc2.35,3.12.11,3.0.4,2,Intel(R) Xeon(R) CPU @ 2.60GHz,,,,,15.61648178100586,machine,Y,1.0
2025-08-07T11:48:27,scipy-benchmark,0bbf63bc-1a8d-47ba-8340-b012f92b7b16,scipy_LMC001_f7d9627c,1.0017400339711455,7.06371009668025e-08,7.051440350924134e-08,0.8,0.0,10.0,1.1139500265320145e-07,0.0,1.39152203919366e-06,1.5029170418468616e-06,Canada,CAN,,gcp,northamerica-northeast2,Linux-6.8.0-1032-gcp-x86_64-with-glibc2.35,3.12.11,3.0.4,2,Intel(R) Xeon(R) CPU @ 2.60GHz,,,,,15.61648178100586,machine,Y,1.0
2025-08-07T11:48:29,scipy-benchmark,4d27641a-bd89-405a-9726-d3e676b1655a,scipy_LMC001_f7d9627c,1.0017324609216305,7.063150775885313e-08,7.050935306006715e-08,0.8,0.0,10.0,1.1138550688823065e-07,0.0,1.3914125305341763e-06,1.502798037422407e-06,Canada,CAN,,gcp,northamerica-northeast2,Linux-6.8.0-1032-gcp-x86_64-with-glibc2.35,3.12.11,3.0.4,2,Intel(R) Xeon(R) CPU @ 2.60GHz,,,,,15.61648178100586,machine,Y,1.0
2025-08-07T11:48:31,scipy-benchmark,b84c3be9-201b-4e93-998b-d9490cee9d29,scipy_LMC001_f7d9627c,1.0017920439131558,7.063843122587747e-08,7.051207049913546e-08,0.8,0.0,10.0,1.113924346346822e-07,0.0,1.3915529105967531e-06,1.5029453452314351e-06,Canada,CAN,,gcp,northamerica-northeast2,Linux-6.8.0-1032-gcp-x86_64-with-glibc2.35,3.12.11,3.0.4,2,Intel(R) Xeon(R) CPU @ 2.60GHz,,,,,15.61648178100586,machine,Y,1.0
2025-08-07T11:48:33,scipy-benchmark,04dce86b-adda-408e-93a0-62876bfa23f4,scipy_LMC001_f7d9627c,1.00173972803168,7.06312495432277e-08,7.05085837835454e-08,0.8,0.0,10.0,1.1138522381790813e-07,0.0,1.391407319655021e-06,1.5027925434729292e-06,Canada,CAN,,gcp,northamerica-northeast2,Linux-6.8.0-1032-gcp-x86_64-with-glibc2.35,3.12.11,3.0.4,2,Intel(R) Xeon(R) CPU @ 2.60GHz,,,,,15.61648178100586,machine,Y,1.0
2025-08-07T11:48:36,scipy-benchmark,43bd7232-ff6c-4656-bb38-def8597816b0,scipy_LMC001_f7d9627c,1.001815401017666,7.064423589592075e-08,7.051622067714152e-08,0.8,0.0,10.0,1.1140286534403765e-07,0.0,1.39166598350534e-06,1.5030688488493777e-06,Canada,CAN,,gcp,northamerica-northeast2,Linux-6.8.0-1032-gcp-x86_64-with-glibc2.35,3.12.11,3.0.4,2,Intel(R) Xeon(R) CPU @ 2.60GHz,,,,,15.61648178100586,machine,Y,1.0
2025-08-07T11:48:38,scipy-benchmark,4ae40ca4-697e-4403-9d91-8184b0c39374,scipy_LMC001_f7d9627c,1.0017736370209605,7.06316345984168e-08,7.050658151522003e-08,0.8,0.0,10.0,1.113841802192231e-07,0.0,1.3914165559173044e-06,1.5028007361365277e-06,Canada,CAN,,gcp,northamerica-northeast2,Linux-6.8.0-1032-gcp-x86_64-with-glibc2.35,3.12.11,3.0.4,2,Intel(R) Xeon(R) CPU @ 2.60GHz,,,,,15.61648178100586,machine,Y,1.0
2025-08-07T11:48:40,scipy-benchmark,cec29cde-3f0c-4342-8e4d-440dbf10ff1c,scipy_LMC001_f7d9627c,1.0018714780453593,7.06400780914248e-08,7.05081236859271e-08,0.8,0.0,10.0,1.11399598678367e-07,0.0,1.3915807862455645e-06,1.5029803849239315e-06,Canada,CAN,,gcp,northamerica-northeast2,Linux-6.8.0-1032-gcp-x86_64-with-glibc2.35,3.12.11,3.0.4,2,Intel(R) Xeon(R) CPU @ 2.60GHz,,,,,15.61648178100586,machine,Y,1.0
2025-08-07T11:48:42,scipy-benchmark,f37aad2e-8593-4d1e-a3e3-2e803005183d,scipy_LMC001_f7d9627c,1.001750114839524,7.063692137327355e-08,7.051351462494145e-08,0.8,0.0,10.0,1.1138677907486757e-07,0.0,1.3915264416330805e-06,1.502913220707948e-06,Canada,CAN,,gcp,northamerica-northeast2,Linux-6.8.0-1032-gcp-x86_64-with-glibc2.35,3.12.11,3.0.4,2,Intel(R) Xeon(R) CPU @ 2.60GHz,,,,,15.61648178100586,machine,Y,1.0
2025-08-07T11:48:44,scipy-benchmark,3718ef4d-147b-47e4-9838-3f4408ddabaf,scipy_LMC001_f7d9627c,1.0016840659081936,7.063216594746336e-08,7.0513416706318e-08,0.8,0.0,10.0,1.1138216954552465e-07,0.0,1.391429871889866e-06,1.5028120414353906e-06,Canada,CAN,,gcp,northamerica-northeast2,Linux-6.8.0-1032-gcp-x86_64-with-glibc2.35,3.12.11,3.0.4,2,Intel(R) Xeon(R) CPU @ 2.60GHz,,,,,15.61648178100586,machine,Y,1.0
2025-08-07T11:48:46,scipy-benchmark,cb61103d-fc66-4ebf-93f7-c52a6ed1c384,scipy_LMC001_f7d9627c,1.001715874997899,7.063778989868916e-08,7.051679189853843e-08,0.8004608000000001,0.0,10.0,1.1144871682541905e-07,0.0,1.3914829831466908e-06,1.5029316999721098e-06,Canada,CAN,,gcp,northamerica-northeast2,Linux-6.8.0-1032-gcp-x86_64-with-glibc2.35,3.12.11,3.0.4,2,Intel(R) Xeon(R) CPU @ 2.60GHz,,,,,15.61648178100586,machine,Y,1.0
2025-08-07T11:48:49,scipy-benchmark,78919f12-2656-47ce-b85f-286da01a2455,scipy_LMC001_f7d9627c,1.0017274590209126,7.063407705703545e-08,7.051227000013866e-08,0.8,0.0,10.0,1.113875226842033e-07,0.0,1.3914651806569762e-06,1.5028527033411797e-06,Canada,CAN,,gcp,northamerica-northeast2,Linux-6.8.0-1032-gcp-x86_64-with-glibc2.35,3.12.11,3.0.4,2,Intel(R) Xeon(R) CPU @ 2.60GHz,,,,,15.61648178100586,machine,Y,1.0
2025-08-07T11:48:51,scipy-benchmark,355acd31-2723-4706-9996-6d9fdd6bf5b5,scipy_LMC001_f7d9627c,1.001715739024803,7.063644220307468e-08,7.051545608322091e-08,0.8,0.0,10.0,1.113776142398517e-07,0.0,1.391525411357482e-06,1.5029030255973337e-06,Canada,CAN,,gcp,northamerica-northeast2,Linux-6.8.0-1032-gcp-x86_64-with-glibc2.35,3.12.11,3.0.4,2,Intel(R) Xeon(R) CPU @ 2.60GHz,,,,,15.61648178100586,machine,Y,1.0
2025-08-07T11:48:53,scipy-benchmark,0be257f1-fbb0-45f3-ac3e-caecc8d21eb6,scipy_LMC001_f7d9627c,1.0018044610042125,7.06406774757844e-08,7.05134387253316e-08,0.8,0.0,10.0,1.1140711802161405e-07,0.0,1.3915860197610326e-06,1.5029931377826466e-06,Canada,CAN,,gcp,northamerica-northeast2,Linux-6.8.0-1032-gcp-x86_64-with-glibc2.35,3.12.11,3.0.4,2,Intel(R) Xeon(R) CPU @ 2.60GHz,,,,,15.61648178100586,machine,Y,1.0
2025-08-07T11:48:55,scipy-benchmark,7b86a93f-4213-4743-81b0-38b3ca528003,scipy_LMC001_f7d9627c,1.0018050009384751,7.063973699078067e-08,7.051246193082136e-08,0.8,0.0,10.0,1.114028244175845e-07,0.0,1.391570303045834e-06,1.5029731274634186e-06,Canada,CAN,,gcp,northamerica-northeast2,Linux-6.8.0-1032-gcp-x86_64-with-glibc2.35,3.12.11,3.0.4,2,Intel(R) Xeon(R) CPU @ 2.60GHz,,,,,15.61648178100586,machine,Y,1.0
2025-08-07T11:48:57,scipy-benchmark,c91bb724-ed7a-489b-bac1-50e4263df125,scipy_LMC001_f7d9627c,1.0017033840995282,7.06294265689018e-08,7.050932211074985e-08,0.8,0.0,10.0,1.1137975648873385e-07,0.0,1.3913740002964108e-06,1.5027537567851447e-06,Canada,CAN,,gcp,northamerica-northeast2,Linux-6.8.0-1032-gcp-x86_64-with-glibc2.35,3.12.11,3.0.4,2,Intel(R) Xeon(R) CPU @ 2.60GHz,,,,,15.61648178100586,machine,Y,1.0
2025-08-07T11:48:59,scipy-benchmark,2ce4c542-14de-4d32-b026-a96f8727a178,scipy_LMC001_f7d9627c,1.0016994010657072,7.062800140205461e-08,7.050817972628668e-08,0.8,0.0,10.0,1.1137582579006752e-07,0.0,1.3913476082962009e-06,1.5027234340862683e-06,Canada,CAN,,gcp,northamerica-northeast2,Linux-6.8.0-1032-gcp-x86_64-with-glibc2.35,3.12.11,3.0.4,2,Intel(R) Xeon(R) CPU @ 2.60GHz,,,,,15.61648178100586,machine,Y,1.0
2025-08-07T11:49:01,scipy-benchmark,79be8790-c5c7-4cf4-a04a-f88dc7cc0f02,scipy_LMC001_f7d9627c,1.0016919870395211,7.063046191668966e-08,7.051115795129443e-08,0.8,0.0,10.0,1.1137891602185041e-07,0.0,1.3913968694396318e-06,1.5027757854614822e-06,Canada,CAN,,gcp,northamerica-northeast2,Linux-6.8.0-1032-gcp-x86_64-with-glibc2.35,3.12.11,3.0.4,2,Intel(R) Xeon(R) CPU @ 2.60GHz,,,,,15.61648178100586,machine,Y,1.0
2025-08-07T11:49:04,scipy-benchmark,a030a8c8-207e-4286-a8e3-bec75e9ef29c,scipy_LMC001_f7d9627c,1.0017209460493175,7.063174308893376e-08,7.051039849720417e-08,0.8,0.0,10.0,1.1138376376281185e-07,0.0,1.391419280682587e-06,1.5028030444453988e-06,Canada,CAN,,gcp,northamerica-northeast2,Linux-6.8.0-1032-gcp-x86_64-with-glibc2.35,3.12.11,3.0.4,2,Intel(R) Xeon(R) CPU @ 2.60GHz,,,,,15.61648178100586,machine,Y,1.0
2025-08-07T11:49:06,scipy-benchmark,e04a37c2-d87b-4ba3-bfb2-8d1e0fafc33b,scipy_LMC001_f7d9627c,1.0017404479440302,7.06321020571308e-08,7.050938414446175e-08,0.8,0.0,10.0,1.1138412930692237e-07,0.0,1.3914265527596904e-06,1.5028106820666128e-06,Canada,CAN,,gcp,northamerica-northeast2,Linux-6.8.0-1032-gcp-x86_64-with-glibc2.35,3.12.11,3.0.4,2,Intel(R) Xeon(R) CPU @ 2.60GHz,,,,,15.61648178100586,machine,Y,1.0
2025-08-07T11:49:08,scipy-benchmark,a07bbefc-3d7e-4809-a503-dccd8e09221f,scipy_LMC001_f7d9627c,1.0017511390615257,7.063697025705025e-08,7.051349132802121e-08,0.8,0.0,10.0,1.1139056914382513e-07,0.0,1.3915236916444782e-06,1.5029142607883032e-06,Canada,CAN,,gcp,northamerica-northeast2,Linux-6.8.0-1032-gcp-x86_64-with-glibc2.35,3.12.11,3.0.4,2,Intel(R) Xeon(R) CPU @ 2.60GHz,,,,,15.61648178100586,machine,Y,1.0
2025-08-07T11:49:10,scipy-benchmark,c4460911-9080-40b3-9b30-b8015e1b483b,scipy_LMC001_f7d9627c,1.0017738388851285,7.063333823524105e-08,7.050826792786755e-08,0.8,0.0,10.0,1.1139418133017093e-07,0.0,1.391442802398362e-06,1.502836983728533e-06,Canada,CAN,,gcp,northamerica-northeast2,Linux-6.8.0-1032-gcp-x86_64-with-glibc2.35,3.12.11,3.0.4,2,Intel(R) Xeon(R) CPU @ 2.60GHz,,,,,15.61648178100586,machine,Y,1.0
2025-08-07T11:49:12,scipy-benchmark,7ec02010-2ddd-47fb-bb83-75a724804af5,scipy_LMC001_f7d9627c,1.0016784078907222,7.062839405049776e-08,7.0510049427164e-08,0.8,0.0,10.0,1.1137310244763893e-07,0.0,1.3913586858608242e-06,1.502731788308463e-06,Canada,CAN,,gcp,northamerica-northeast2,Linux-6.8.0-1032-gcp-x86_64-with-glibc2.35,3.12.11,3.0.4,2,Intel(R) Xeon(R) CPU @ 2.60GHz,,,,,15.61648178100586,machine,Y,1.0
2025-08-07T11:49:14,scipy-benchmark,d1740c50-dcbc-4115-b58a-e5f737b6e0d5,scipy_LMC001_f7d9627c,1.0017705890350044,7.063481977576804e-08,7.050997558613681e-08,0.8,0.0,10.0,1.1139227222237324e-07,0.0,1.391476233645032e-06,1.5028685058674052e-06,Canada,CAN,,gcp,northamerica-northeast2,Linux-6.8.0-1032-gcp-x86_64-with-glibc2.35,3.12.11,3.0.4,2,Intel(R) Xeon(R) CPU @ 2.60GHz,,,,,15.61648178100586,machine,Y,1.0
2025-08-07T11:49:16,scipy-benchmark,fd4dc135-86d0-4e20-af98-8ff6246a3884,scipy_LMC001_f7d9627c,1.0016897420864552,7.06296314554223e-08,7.051048691814028e-08,0.8000072,0.0,10.0,1.113744824085232e-07,0.0,1.3913836336642917e-06,1.502758116072815e-06,Canada,CAN,,gcp,northamerica-northeast2,Linux-6.8.0-1032-gcp-x86_64-with-glibc2.35,3.12.11,3.0.4,2,Intel(R) Xeon(R) CPU @ 2.60GHz,,,,,15.61648178100586,machine,Y,1.0
2025-08-07T11:49:19,scipy-benchmark,5194ece6-5550-45a2-88cf-2af0ee1ccccc,scipy_LMC001_f7d9627c,1.00186668895185,7.064393711930867e-08,7.051231256447518e-08,0.8,0.0,10.0,1.114017755414049e-07,0.0,1.3916607163587792e-06,1.503062491900184e-06,Canada,CAN,,gcp,northamerica-northeast2,Linux-6.8.0-1032-gcp-x86_64-with-glibc2.35,3.12.11,3.0.4,2,Intel(R) Xeon(R) CPU @ 2.60GHz,,,,,15.61648178100586,machine,Y,1.0
2025-08-07T11:49:21,scipy-benchmark,96d1eb14-3c28-484a-a03c-6e1064fe8e16,scipy_LMC001_f7d9627c,1.0017842829693109,7.063510229345412e-08,7.05092937614175e-08,0.8,0.0,10.0,1.1139029197187888e-07,0.0,1.3914842249101237e-06,1.5028745168820026e-06,Canada,CAN,,gcp,northamerica-northeast2,Linux-6.8.0-1032-gcp-x86_64-with-glibc2.35,3.12.11,3.0.4,2,Intel(R) Xeon(R) CPU @ 2.60GHz,,,,,15.61648178100586,machine,Y,1.0
2025-08-07T11:49:23,scipy-benchmark,01a50297-69d8-4bdc-8c70-de2f49755348,scipy_LMC001_f7d9627c,1.0017234950792044,7.063240888538873e-08,7.051088372425961e-08,0.8,0.0,10.0,1.113825240172446e-07,0.0,1.3914346863101754e-06,1.50281721032742e-06,Canada,CAN,,gcp,northamerica-northeast2,Linux-6.8.0-1032-gcp-x86_64-with-glibc2.35,3.12.11,3.0.4,2,Intel(R) Xeon(R) CPU @ 2.60GHz,,,,,15.61648178100586,machine,Y,1.0
2025-08-07T11:49:25,scipy-benchmark,1dc68ac3-99be-4768-96e3-a704f3e3bfb4,scipy_LMC001_f7d9627c,1.0018699888605624,7.064374450356182e-08,7.051188805835548e-08,0.8,0.0,10.0,1.1140109929773545e-07,0.0,1.3916572943950691e-06,1.5030583936928048e-06,Canada,CAN,,gcp,northamerica-northeast2,Linux-6.8.0-1032-gcp-x86_64-with-glibc2.35,3.12.11,3.0.4,2,Intel(R) Xeon(R) CPU @ 2.60GHz,,,,,15.61648178100586,machine,Y,1.0
2025-08-07T11:49:27,scipy-benchmark,b7af07a7-1c3d-46bf-b310-881314c45606,scipy_LMC001_f7d9627c,1.0017317170277238,7.063376516214986e-08,7.051165892174204e-08,0.8,0.0,10.0,1.113824588764045e-07,0.0,1.3914636084033798e-06,1.5028460672797845e-06,Canada,CAN,,gcp,northamerica-northeast2,Linux-6.8.0-1032-gcp-x86_64-with-glibc2.35,3.12.11,3.0.4,2,Intel(R) Xeon(R) CPU @ 2.60GHz,,,,,15.61648178100586,machine,Y,1.0
2025-08-07T11:49:29,scipy-benchmark,2d7f5bad-b51b-4e6f-98eb-7e725fc7343d,scipy_LMC001_f7d9627c,1.001755038043484,7.063464762472237e-08,7.05108983156981e-08,0.8,0.0,10.0,1.1138962354097105e-07,0.0,1.3914752195382284e-06,1.5028648430791994e-06,Canada,CAN,,gcp,northamerica-northeast2,Linux-6.8.0-1032-gcp-x86_64-with-glibc2.35,3.12.11,3.0.4,2,Intel(R) Xeon(R) CPU @ 2.60GHz,,,,,15.61648178100586,machine,Y,1.0
2025-08-07T11:49:31,scipy-benchmark,4ce0ea44-a892-493a-98c3-8fc669e9f2a1,scipy_LMC001_f7d9627c,1.0017448319122195,7.063675970809225e-08,7.051372511027036e-08,0.8,0.0,10.0,1.113901975461179e-07,0.0,1.3915195834771213e-06,1.5029097810232393e-06,Canada,CAN,,gcp,northamerica-northeast2,Linux-6.8.0-1032-gcp-x86_64-with-glibc2.35,3.12.11,3.0.4,2,Intel(R) Xeon(R) CPU @ 2.60GHz,,,,,15.61648178100586,machine,Y,1.0
2025-08-07T11:49:34,scipy-benchmark,6c59b783-ef01-4fec-97f8-92ce7fd25cee,scipy_LMC001_f7d9627c,1.0016664750874045,7.06312663128289e-08,7.051375689364638e-08,0.8,0.0,10.0,1.1137734488066701e-07,0.0,1.3914155553922884e-06,1.5027929002729554e-06,Canada,CAN,,gcp,northamerica-northeast2,Linux-6.8.0-1032-gcp-x86_64-with-glibc2.35,3.12.11,3.0.4,2,Intel(R) Xeon(R) CPU @ 2.60GHz,,,,,15.61648178100586,machine,Y,1.0
2025-08-07T11:49:36,scipy-benchmark,8a6b0daa-5b06-4849-9db6-ab4c312076ec,scipy_LMC001_f7d9627c,1.001672517042607,7.062736262882956e-08,7.05094343981341e-08,0.8,0.0,10.0,1.1137048160243365e-07,0.0,1.3913393615641528e-06,1.5027098431665864e-06,Canada,CAN,,gcp,northamerica-northeast2,Linux-6.8.0-1032-gcp-x86_64-with-glibc2.35,3.12.11,3.0.4,2,Intel(R) Xeon(R) CPU @ 2.60GHz,,,,,15.61648178100586,machine,Y,1.0
2025-08-07T11:49:38,scipy-benchmark,caafc9e0-1e29-4ebb-b7cd-96a3feb45c31,scipy_LMC001_f7d9627c,1.0016847518272698,7.062793716519244e-08,7.050914675136383e-08,0.8,0.0,10.0,1.1137685397018988e-07,0.0,1.3913452133743298e-06,1.5027220673445198e-06,Canada,CAN,,gcp,northamerica-northeast2,Linux-6.8.0-1032-gcp-x86_64-with-glibc2.35,3.12.11,3.0.4,2,Intel(R) Xeon(R) CPU @ 2.60GHz,,,,,15.61648178100586,machine,Y,1.0
2025-08-07T11:49:40,scipy-benchmark,a57235a4-28d5-42cb-a7ae-c22fae04b1ff,scipy_LMC001_f7d9627c,1.0017127059400082,7.06251630874661e-08,7.0504409766063e-08,0.8,0.0,10.0,1.1138057243078949e-07,0.0,1.391282471983383e-06,1.5026630444141724e-06,Canada,CAN,,gcp,northamerica-northeast2,Linux-6.8.0-1032-gcp-x86_64-with-glibc2.35,3.12.11,3.0.4,2,Intel(R) Xeon(R) CPU @ 2.60GHz,,,,,15.61648178100586,machine,Y,1.0
2025-08-07T11:49:42,scipy-benchmark,2403ceef-d73e-4517-8919-48dd884a475e,scipy_LMC001_f7d9627c,1.0017302308697251,7.063356283019918e-08,7.05115615497333e-08,0.8,0.0,10.0,1.1138583735252421e-07,0.0,1.3914559249921391e-06,1.5028417623446631e-06,Canada,CAN,,gcp,northamerica-northeast2,Linux-6.8.0-1032-gcp-x86_64-with-glibc2.35,3.12.11,3.0.4,2,Intel(R) Xeon(R) CPU @ 2.60GHz,,,,,15.61648178100586,machine,Y,1.0
2025-08-07T11:49:44,scipy-benchmark,b22cad6f-3d73-46fe-8dd2-3f373a802709,scipy_LMC001_f7d9627c,1.0017331950366497,7.063593777390713e-08,7.05137237379089e-08,0.8,0.0,10.0,1.113941377649705e-07,0.0,1.3914981552968837e-06,1.502892293061854e-06,Canada,CAN,,gcp,northamerica-northeast2,Linux-6.8.0-1032-gcp-x86_64-with-glibc2.35,3.12.11,3.0.4,2,Intel(R) Xeon(R) CPU @ 2.60GHz,,,,,15.61648178100586,machine,Y,1.0
2025-08-07T11:49:47,scipy-benchmark,fd903255-b37a-4d33-954d-fd03f5b8bc2b,scipy_LMC001_f7d9627c,1.0017275898717344,7.063714035843106e-08,7.051531880785646e-08,0.8009000000000002,0.0,10.0,1.1151361362678781e-07,0.0,1.3914042663398302e-06,1.502917879966618e-06,Canada,CAN,,gcp,northamerica-northeast2,Linux-6.8.0-1032-gcp-x86_64-with-glibc2.35,3.12.11,3.0.4,2,Intel(R) Xeon(R) CPU @ 2.60GHz,,,,,15.61648178100586,machine,Y,1.0
2025-08-07T11:49:49,scipy-benchmark,90749ed9-5825-474b-896c-561c93e9018b,scipy_LMC001_f7d9627c,1.0016805729828775,7.063093972508799e-08,7.051243842611222e-08,0.8,0.0,10.0,1.113814601881637e-07,0.0,1.3914044914094526e-06,1.5027859515976165e-06,Canada,CAN,,gcp,northamerica-northeast2,Linux-6.8.0-1032-gcp-x86_64-with-glibc2.35,3.12.11,3.0.4,2,Intel(R) Xeon(R) CPU @ 2.60GHz,,,,,15.61648178100586,machine,Y,1.0
2025-08-07T11:49:51,scipy-benchmark,3197cc81-66fb-4632-aafd-baadf21c8e57,scipy_LMC001_f7d9627c,1.0018035690300169,7.064151132815621e-08,7.051433385943508e-08,0.8,0.0,10.0,1.114004964215888e-07,0.0,1.3916103829008836e-06,1.5030108793224725e-06,Canada,CAN,,gcp,northamerica-northeast2,Linux-6.8.0-1032-gcp-x86_64-with-glibc2.35,3.12.11,3.0.4,2,Intel(R) Xeon(R) CPU @ 2.60GHz,,,,,15.61648178100586,machine,Y,1.0
2025-08-07T11:49:53,scipy-benchmark,df56ce2b-175e-407d-979d-3e84e42100f6,scipy_LMC001_f7d9627c,1.0017631279770285,7.063533278792684e-08,7.051101284848507e-08,0.8,0.0,10.0,1.1138231022697357e-07,0.0,1.3914971107927462e-06,1.5028794210197198e-06,Canada,CAN,,gcp,northamerica-northeast2,Linux-6.8.0-1032-gcp-x86_64-with-glibc2.35,3.12.11,3.0.4,2,Intel(R) Xeon(R) CPU @ 2.60GHz,,,,,15.61648178100586,machine,Y,1.0
2025-08-07T11:49:55,scipy-benchmark,f0a770d9-3fd5-4b58-8d04-81074bddfab1,scipy_LMC001_f7d9627c,1.0016886400990188,7.062884465328212e-08,7.05097790130677e-08,0.8,0.0,10.0,1.1136935889306997e-07,0.0,1.391372016708677e-06,1.502741375601747e-06,Canada,CAN,,gcp,northamerica-northeast2,Linux-6.8.0-1032-gcp-x86_64-with-glibc2.35,3.12.11,3.0.4,2,Intel(R) Xeon(R) CPU @ 2.60GHz,,,,,15.61648178100586,machine,Y,1.0
2025-08-07T11:49:57,scipy-benchmark,f4d33556-39e3-4193-b398-cbbe7876c9a2,scipy_LMC001_f7d9627c,1.0017890711314976,7.064110723694064e-08,7.05149509738144e-08,0.8,0.0,10.0,1.1139859843792188e-07,0.0,1.3916036831991127e-06,1.5030022816370346e-06,Canada,CAN,,gcp,northamerica-northeast2,Linux-6.8.0-1032-gcp-x86_64-with-glibc2.35,3.12.11,3.0.4,2,Intel(R) Xeon(R) CPU @ 2.60GHz,,,,,15.61648178100586,machine,Y,1.0
2025-08-07T11:49:59,scipy-benchmark,58d7bed0-6c18-4e97-beac-61c37ef6a913,scipy_LMC001_f7d9627c,1.001637261128053,7.062559409126536e-08,7.051015056261601e-08,0.8,0.0,10.0,1.113673282476763e-07,0.0,1.3913048864600974e-06,1.5026722147077736e-06,Canada,CAN,,gcp,northamerica-northeast2,Linux-6.8.0-1032-gcp-x86_64-with-glibc2.35,3.12.11,3.0.4,2,Intel(R) Xeon(R) CPU @ 2.60GHz,,,,,15.61648178100586,machine,Y,1.0
2025-08-07T11:50:02,scipy-benchmark,b8a297c2-df30-4fa4-8eb9-b13b8698efa2,scipy_LMC001_f7d9627c,1.001715220976621,7.062927787608676e-08,7.05083404914491e-08,0.8,0.0,10.0,1.1137759333683389e-07,0.0,1.3913729997713947e-06,1.5027505931082286e-06,Canada,CAN,,gcp,northamerica-northeast2,Linux-6.8.0-1032-gcp-x86_64-with-glibc2.35,3.12.11,3.0.4,2,Intel(R) Xeon(R) CPU @ 2.60GHz,,,,,15.61648178100586,machine,Y,1.0
2025-08-07T11:50:04,scipy-benchmark,20d72c7c-9e1c-4876-beaf-f87c105fb113,scipy_LMC001_f7d9627c,1.0017293100245297,7.06341310585073e-08,7.051219361523689e-08,0.8,0.0,10.0,1.1138687691547808e-07,0.0,1.3914669753931875e-06,1.5028538523086655e-06,Canada,CAN,,gcp,northamerica-northeast2,Linux-6.8.0-1032-gcp-x86_64-with-glibc2.35,3.12.11,3.0.4,2,Intel(R) Xeon(R) CPU @ 2.60GHz,,,,,15.61648178100586,machine,Y,1.0
2025-08-07T11:50:06,scipy-benchmark,87e2c549-ad1f-4731-a111-cad2cfda1f7e,scipy_LMC001_f7d9627c,1.0016329230275005,7.062438552366158e-08,7.050924934675148e-08,0.8,0.0,10.0,1.1137173133384852e-07,0.0,1.391274769169589e-06,1.5026465005034376e-06,Canada,CAN,,gcp,northamerica-northeast2,Linux-6.8.0-1032-gcp-x86_64-with-glibc2.35,3.12.11,3.0.4,2,Intel(R) Xeon(R) CPU @ 2.60GHz,,,,,15.61648178100586,machine,Y,1.0
2025-08-07T11:50:08,scipy-benchmark,8470d8db-7f67-4931-8649-135bfb6e220d,scipy_LMC001_f7d9627c,1.001733399927616,7.063129033401816e-08,7.050906991732719e-08,0.8,0.0,10.0,1.1137745886420213e-07,0.0,1.3914159524978864e-06,1.5027934113620883e-06,Canada,CAN,,gcp,northamerica-northeast2,Linux-6.8.0-1032-gcp-x86_64-with-glibc2.35,3.12.11,3.0.4,2,Intel(R) Xeon(R) CPU @ 2.60GHz,,,,,15.61648178100586,machine,Y,1.0
2025-08-07T11:50:10,scipy-benchmark,3e994192-630c-4d1e-b4c2-27105476328c,scipy_LMC001_f7d9627c,1.0017149380873889,7.062741100801052e-08,7.050649673135757e-08,0.8,0.0,10.0,1.1137518643712005e-07,0.0,1.391335686073742e-06,1.5027108725108622e-06,Canada,CAN,,gcp,northamerica-northeast2,Linux-6.8.0-1032-gcp-x86_64-with-glibc2.35,3.12.11,3.0.4,2,Intel(R) Xeon(R) CPU @ 2.60GHz,,,,,15.61648178100586,machine,Y,1.0
2025-08-07T11:50:12,scipy-benchmark,a016ee80-0483-4ca6-baec-157c852d3c51,scipy_LMC001_f7d9627c,1.0016452430281788,7.06298386582639e-08,7.051382627719114e-08,0.8,0.0,10.0,1.1136869687793985e-07,0.0,1.391393827765973e-06,1.5027625246439128e-06,Canada,CAN,,gcp,northamerica-northeast2,Linux-6.8.0-1032-gcp-x86_64-with-glibc2.35,3.12.11,3.0.4,2,Intel(R) Xeon(R) CPU @ 2.60GHz,,,,,15.61648178100586,machine,Y,1.0
2025-08-07T11:50:14,scipy-benchmark,327009a0-ba19-4f5f-9d96-5953db924e58,scipy_LMC001_f7d9627c,1.001690911827609,7.062830222623113e-08,7.050907759297538e-08,0.8,0.0,10.0,1.1137646245252756e-07,0.0,1.3913533721481348e-06,1.5027298346006624e-06,Canada,CAN,,gcp,northamerica-northeast2,Linux-6.8.0-1032-gcp-x86_64-with-glibc2.35,3.12.11,3.0.4,2,Intel(R) Xeon(R) CPU @ 2.60GHz,,,,,15.61648178100586,machine,Y,1.0
2025-08-07T11:50:17,scipy-benchmark,a9434c43-b8c8-423d-9602-d2c13a915962,scipy_LMC001_f7d9627c,1.0016874361317605,7.063234741970458e-08,7.051336062721036e-08,0.8000072,0.0,10.0,1.1138065485617825e-07,0.0,1.3914352476907272e-06,1.5028159025469054e-06,Canada,CAN,,gcp,northamerica-northeast2,Linux-6.8.0-1032-gcp-x86_64-with-glibc2.35,3.12.11,3.0.4,2,Intel(R) Xeon(R) CPU @ 2.60GHz,,,,,15.61648178100586,machine,Y,1.0
2025-08-07T11:50:19,scipy-benchmark,e29aeaa8-c283-4e0c-bec5-a052e598da6d,scipy_LMC001_f7d9627c,1.0017572899814695,7.063049582552371e-08,7.050659529198959e-08,0.8,0.0,10.0,1.1139176796293921e-07,0.0,1.3913847389630973e-06,1.5027765069260365e-06,Canada,CAN,,gcp,northamerica-northeast2,Linux-6.8.0-1032-gcp-x86_64-with-glibc2.35,3.12.11,3.0.4,2,Intel(R) Xeon(R) CPU @ 2.60GHz,,,,,15.61648178100586,machine,Y,1.0
2025-08-07T11:50:21,scipy-benchmark,882c0405-e01f-4842-975a-073be0011dca,scipy_LMC001_f7d9627c,1.0016722038853914,7.062777134165584e-08,7.050986447232678e-08,0.8,0.0,10.0,1.1137700065349541e-07,0.0,1.391341538530671e-06,1.5027185391841664e-06,Canada,CAN,,gcp,northamerica-northeast2,Linux-6.8.0-1032-gcp-x86_64-with-glibc2.35,3.12.11,3.0.4,2,Intel(R) Xeon(R) CPU @ 2.60GHz,,,,,15.61648178100586,machine,Y,1.0
2025-08-07T11:50:23,scipy-benchmark,8dd2001f-b4d0-4090-a4df-5f4f65a88c4b,scipy_LMC001_f7d9627c,1.001454256940633,7.649799845136135e-08,7.638691225404239e-08,1.7000000000000002,0.0,10.0,2.365730856157219e-07,0.0,1.391043902711115e-06,1.6276169883268369e-06,Canada,CAN,,gcp,northamerica-northeast2,Linux-6.8.0-1032-gcp-x86_64-with-glibc2.35,3.12.11,3.0.4,2,Intel(R) Xeon(R) CPU @ 2.60GHz,,,,,15.61648178100586,machine,Y,1.0
2025-08-07T11:50:25,scipy-benchmark,8d1d2d3c-bd4b-47b3-843c-ce6947493e87,scipy_LMC001_f7d9627c,1.001667071133852,7.063034491491919e-08,7.051279506969129e-08,0.8,0.0,10.0,1.1137934023928313e-07,0.0,1.3913939558228272e-06,1.5027732960621103e-06,Canada,CAN,,gcp,northamerica-northeast2,Linux-6.8.0-1032-gcp-x86_64-with-glibc2.35,3.12.11,3.0.4,2,Intel(R) Xeon(R) CPU @ 2.60GHz,,,,,15.61648178100586,machine,Y,1.0
2025-08-07T11:50:28,scipy-benchmark,4c3268c8-7e44-45dd-a24e-490e2a9b85f3,scipy_LMC001_f7d9627c,1.0016145270783454,7.062389883680993e-08,7.05100584381658e-08,0.8,0.0,10.0,1.1136586798561945e-07,0.0,1.3912702774784218e-06,1.5026361454640412e-06,Canada,CAN,,gcp,northamerica-northeast2,Linux-6.8.0-1032-gcp-x86_64-with-glibc2.35,3.12.11,3.0.4,2,Intel(R) Xeon(R) CPU @ 2.60GHz,,,,,15.61648178100586,machine,Y,1.0
2025-08-07T11:50:30,scipy-benchmark,f7342165-0fbd-4854-b364-3793b1aa4555,scipy_LMC001_f7d9627c,1.0017979799304155,7.064675133124304e-08,7.051995786231284e-08,0.8,0.0,10.0,1.114132326717178e-07,0.0,1.3917091360781342e-06,1.503122368749852e-06,Canada,CAN,,gcp,northamerica-northeast2,Linux-6.8.0-1032-gcp-x86_64-with-glibc2.35,3.12.11,3.0.4,2,Intel(R) Xeon(R) CPU @ 2.60GHz,,,,,15.61648178100586,machine,Y,1.0
2025-08-07T11:50:32,scipy-benchmark,ed4a8bc6-589b-45f7-bc4d-332129b1ca12,scipy_LMC001_f7d9627c,1.0017152309883386,7.062732891089076e-08,7.050639415875365e-08,0.8,0.0,10.0,1.1137581714946365e-07,0.0,1.3913333086141697e-06,1.5027091257636332e-06,Canada,CAN,,gcp,northamerica-northeast2,Linux-6.8.0-1032-gcp-x86_64-with-glibc2.35,3.12.11,3.0.4,2,Intel(R) Xeon(R) CPU @ 2.60GHz,,,,,15.61648178100586,machine,Y,1.0
2025-08-07T11:50:34,scipy-benchmark,48cfc871-fcfa-4f5e-94af-a90333ef446f,scipy_LMC001_f7d9627c,1.0017660269513726,7.06287870941063e-08,7.050427464489643e-08,0.8,0.0,10.0,1.1138183178587097e-07,0.0,1.3913583191525606e-06,1.5027401509384316e-06,Canada,CAN,,gcp,northamerica-northeast2,Linux-6.8.0-1032-gcp-x86_64-with-glibc2.35,3.12.11,3.0.4,2,Intel(R) Xeon(R) CPU @ 2.60GHz,,,,,15.61648178100586,machine,Y,1.0
2025-08-07T11:50:36,scipy-benchmark,317ef041-42c6-4030-ab03-87cd71415e71,scipy_LMC001_f7d9627c,1.0017709899693727,7.063002557147087e-08,7.0505161637422e-08,0.8,0.0,10.0,1.11385734907041e-07,0.0,1.391380766613616e-06,1.502766501520657e-06,Canada,CAN,,gcp,northamerica-northeast2,Linux-6.8.0-1032-gcp-x86_64-with-glibc2.35,3.12.11,3.0.4,2,Intel(R) Xeon(R) CPU @ 2.60GHz,,,,,15.61648178100586,machine,Y,1.0
2025-08-07T11:50:38,scipy-benchmark,bd7dee4c-08ad-4f3c-abd0-8f00c746b011,scipy_LMC001_f7d9627c,1.001624918077141,7.062783885170291e-08,7.051326057990846e-08,0.8,0.0,10.0,1.1136690868685645e-07,0.0,1.3913530668812907e-06,1.502719975568147e-06,Canada,CAN,,gcp,northamerica-northeast2,Linux-6.8.0-1032-gcp-x86_64-with-glibc2.35,3.12.11,3.0.4,2,Intel(R) Xeon(R) CPU @ 2.60GHz,,,,,15.61648178100586,machine,Y,1.0
2025-08-07T11:50:40,scipy-benchmark,1e09c1d0-3c20-41f1-aa60-4537fdb07cae,scipy_LMC001_f7d9627c,1.0016764278989283,7.063179133071875e-08,7.05135803972874e-08,0.8,0.0,10.0,1.1138076221363413e-07,0.0,1.3914233086527223e-06,1.5028040708663565e-06,Canada,CAN,,gcp,northamerica-northeast2,Linux-6.8.0-1032-gcp-x86_64-with-glibc2.35,3.12.11,3.0.4,2,Intel(R) Xeon(R) CPU @ 2.60GHz,,,,,15.61648178100586,machine,Y,1.0
2025-08-07T11:50:43,scipy-benchmark,6d7f59da-21aa-49c1-9954-8e840ee68163,scipy_LMC001_f7d9627c,1.0017218810971826,7.063211874648308e-08,7.051070769175967e-08,0.8,0.0,10.0,1.113902922305796e-07,0.0,1.3914207449286348e-06,1.5028110371592144e-06,Canada,CAN,,gcp,northamerica-northeast2,Linux-6.8.0-1032-gcp-x86_64-with-glibc2.35,3.12.11,3.0.4,2,Intel(R) Xeon(R) CPU @ 2.60GHz,,,,,15.61648178100586,machine,Y,1.0
2025-08-07T11:50:45,scipy-benchmark,48a6bddc-8df6-4b7c-b2f1-d039bc5a129b,scipy_LMC001_f7d9627c,1.001584341051057,7.061217980490376e-08,7.050048299557455e-08,0.8,0.0,10.0,1.1135079266710417e-07,0.0,1.3910360116925504e-06,1.5023868043596546e-06,Canada,CAN,,gcp,northamerica-northeast2,Linux-6.8.0-1032-gcp-x86_64-with-glibc2.35,3.12.11,3.0.4,2,Intel(R) Xeon(R) CPU @ 2.60GHz,,,,,15.61648178100586,machine,Y,1.0
2025-08-07T11:50:47,scipy-benchmark,f16c2ca6-fdee-48d0-abad-1efd5602fcaa,scipy_LMC001_f7d9627c,1.0017002909444273,7.06285799472179e-08,7.050869465219738e-08,0.8,0.0,10.0,1.1137722132520545e-07,0.0,1.3913585222326222e-06,1.5027357435578275e-06,Canada,CAN,,gcp,northamerica-northeast2,Linux-6.8.0-1032-gcp-x86_64-with-glibc2.35,3.12.11,3.0.4,2,Intel(R) Xeon(R) CPU @ 2.60GHz,,,,,15.61648178100586,machine,Y,1.0
2025-08-07T11:50:49,scipy-benchmark,c9f7f2a8-9d68-4f16-97fb-4cd297c07548,scipy_LMC001_f7d9627c,1.0017069480381906,7.062927316206817e-08,7.050891810263794e-08,0.8,0.0,10.0,1.1137863714247945e-07,0.0,1.3913718556674817e-06,1.502750492809961e-06,Canada,CAN,,gcp,northamerica-northeast2,Linux-6.8.0-1032-gcp-x86_64-with-glibc2.35,3.12.11,3.0.4,2,Intel(R) Xeon(R) CPU @ 2.60GHz,,,,,15.61648178100586,machine,Y,1.0
2025-08-07T11:50:51,scipy-benchmark,7c7e3d19-90f4-4ab1-bf6e-17e18c6b4334,scipy_LMC001_f7d9627c,1.00173477595672,7.063401038230708e-08,7.051168840060199e-08,0.8,0.0,10.0,1.113895344444449e-07,0.0,1.3914617502854932e-06,1.502851284729938e-06,Canada,CAN,,gcp,northamerica-northeast2,Linux-6.8.0-1032-gcp-x86_64-with-glibc2.35,3.12.11,3.0.4,2,Intel(R) Xeon(R) CPU @ 2.60GHz,,,,,15.61648178100586,machine,Y,1.0
2025-08-07T11:50:53,scipy-benchmark,a55a8838-b5b5-497b-b143-2feb6cd51a34,scipy_LMC001_f7d9627c,1.0016503960359842,7.06256225456018e-08,7.050925435171952e-08,0.8,0.0,10.0,1.113716977544957e-07,0.0,1.3913011223646917e-06,1.5026728201191872e-06,Canada,CAN,,gcp,northamerica-northeast2,Linux-6.8.0-1032-gcp-x86_64-with-glibc2.35,3.12.11,3.0.4,2,Intel(R) Xeon(R) CPU @ 2.60GHz,,,,,15.61648178100586,machine,Y,1.0
2025-08-07T11:50:55,scipy-benchmark,69976950-e7f2-47d6-9dfb-1ed3ad63a5ea,scipy_LMC001_f7d9627c,1.0015741428360343,7.062024117059387e-08,7.050924954055545e-08,0.8,0.0,10.0,1.1135580354473657e-07,0.0,1.391202519233856e-06,1.5025583227785925e-06,Canada,CAN,,gcp,northamerica-northeast2,Linux-6.8.0-1032-gcp-x86_64-with-glibc2.35,3.12.11,3.0.4,2,Intel(R) Xeon(R) CPU @ 2.60GHz,,,,,15.61648178100586,machine,Y,1.0
2025-08-07T11:50:58,scipy-benchmark,32c2ba16-2e5f-499a-82e7-2828c7976b64,scipy_LMC001_f7d9627c,1.001590614207089,7.06213910300026e-08,7.05092380342543e-08,0.8,0.0,10.0,1.1136329334436193e-07,0.0,1.391219494528034e-06,1.5025827878723958e-06,Canada,CAN,,gcp,northamerica-northeast2,Linux-6.8.0-1032-gcp-x86_64-with-glibc2.35,3.12.11,3.0.4,2,Intel(R) Xeon(R) CPU @ 2.60GHz,,,,,15.61648178100586,machine,Y,1.0
2025-08-07T11:51:00,scipy-benchmark,3c7dd51f-27cb-4d4e-931a-0c4adad377a8,scipy_LMC001_f7d9627c,1.0017327039968222,7.063363619112512e-08,7.051146070134614e-08,0.8,0.0,10.0,1.1138171262832153e-07,0.0,1.3914616105871067e-06,1.5028433232154282e-06,Canada,CAN,,gcp,northamerica-northeast2,Linux-6.8.0-1032-gcp-x86_64-with-glibc2.35,3.12.11,3.0.4,2,Intel(R) Xeon(R) CPU @ 2.60GHz,,,,,15.61648178100586,machine,Y,1.0
2025-08-07T11:51:02,scipy-benchmark,706208e1-770b-43de-911a-499b0fdf0f83,scipy_LMC001_f7d9627c,1.0016427689697591,7.062966326564655e-08,7.051382534143659e-08,0.8,0.0,10.0,1.1137066817738945e-07,0.0,1.3913881247087072e-06,1.5027587928860969e-06,Canada,CAN,,gcp,northamerica-northeast2,Linux-6.8.0-1032-gcp-x86_64-with-glibc2.35,3.12.11,3.0.4,2,Intel(R) Xeon(R) CPU @ 2.60GHz,,,,,15.61648178100586,machine,Y,1.0
2025-08-07T11:51:04,scipy-benchmark,a5fa94c1-c68d-46c9-a668-a75ce5d0ee6d,scipy_LMC001_f7d9627c,1.001701666042209,7.063234511421372e-08,7.0512356631378e-08,0.8,0.0,10.0,1.1138438671413396e-07,0.0,1.391431466779775e-06,1.502815853493909e-06,Canada,CAN,,gcp,northamerica-northeast2,Linux-6.8.0-1032-gcp-x86_64-with-glibc2.35,3.12.11,3.0.4,2,Intel(R) Xeon(R) CPU @ 2.60GHz,,,,,15.61648178100586,machine,Y,1.0
2025-08-07T11:51:06,scipy-benchmark,c177bf6b-0e14-4d76-a175-fc4ca5c8b25d,scipy_LMC001_f7d9627c,1.001644462812692,7.061913486083764e-08,7.050319497851948e-08,0.8,0.0,10.0,1.1136476819713913e-07,0.0,1.391170016076002e-06,1.502534784273141e-06,Canada,CAN,,gcp,northamerica-northeast2,Linux-6.8.0-1032-gcp-x86_64-with-glibc2.35,3.12.11,3.0.4,2,Intel(R) Xeon(R) CPU @ 2.60GHz,,,,,15.61648178100586,machine,Y,1.0
2025-08-07T11:51:08,scipy-benchmark,f92c4091-4f50-444e-bba4-4f6b7ddddee2,scipy_LMC001_f7d9627c,1.0016299281269312,7.062258960782654e-08,7.050766717792894e-08,0.8,0.0,10.0,1.1136825869066849e-07,0.0,1.3912400308375558e-06,1.5026082895282245e-06,Canada,CAN,,gcp,northamerica-northeast2,Linux-6.8.0-1032-gcp-x86_64-with-glibc2.35,3.12.11,3.0.4,2,Intel(R) Xeon(R) CPU @ 2.60GHz,,,,,15.61648178100586,machine,Y,1.0
2025-08-07T11:51:10,scipy-benchmark,9a1fe84d-e1f2-46ab-b191-21c24e2af0c0,scipy_LMC001_f7d9627c,1.0016815061680973,7.063062184922293e-08,7.051205539315413e-08,0.8,0.0,10.0,1.1137492711552317e-07,0.0,1.3914042611658158e-06,1.502779188281339e-06,Canada,CAN,,gcp,northamerica-northeast2,Linux-6.8.0-1032-gcp-x86_64-with-glibc2.35,3.12.11,3.0.4,2,Intel(R) Xeon(R) CPU @ 2.60GHz,,,,,15.61648178100586,machine,Y,1.0
2025-08-07T11:51:13,scipy-benchmark,42b2c20a-01df-4292-8062-0a5533fe4588,scipy_LMC001_f7d9627c,1.001665130024776,7.063466929802154e-08,7.051724890959756e-08,0.8,0.0,10.0,1.1137462666051254e-07,0.0,1.3914906775527115e-06,1.502865304213224e-06,Canada,CAN,,gcp,northamerica-northeast2,Linux-6.8.0-1032-gcp-x86_64-with-glibc2.35,3.12.11,3.0.4,2,Intel(R) Xeon(R) CPU @ 2.60GHz,,,,,15.61648178100586,machine,Y,1.0
2025-08-07T11:51:15,scipy-benchmark,a63b76d4-bde4-454e-8a77-8b0b292289c3,scipy_LMC001_f7d9627c,1.0017449338920414,7.063487722551347e-08,7.051183872832625e-08,0.8,0.0,10.0,1.1138745066192417e-07,0.0,1.3914822775404902e-06,1.5028697282024143e-06,Canada,CAN,,gcp,northamerica-northeast2,Linux-6.8.0-1032-gcp-x86_64-with-glibc2.35,3.12.11,3.0.4,2,Intel(R) Xeon(R) CPU @ 2.60GHz,,,,,15.61648178100586,machine,Y,1.0
2025-08-07T11:51:17,scipy-benchmark,e7fa9eb1-963d-49f4-9e46-11f55858f347,scipy_LMC001_f7d9627c,1.001772380899638,7.064200438507316e-08,7.051702136330947e-08,0.8,0.0,10.0,1.113923062156472e-07,0.0,1.3916290636795265e-06,1.5030213698951736e-06,Canada,CAN,,gcp,northamerica-northeast2,Linux-6.8.0-1032-gcp-x86_64-with-glibc2.35,3.12.11,3.0.4,2,Intel(R) Xeon(R) CPU @ 2.60GHz,,,,,15.61648178100586,machine,Y,1.0
2025-08-07T11:51:19,scipy-benchmark,4d3a72b5-cb0c-4f5e-b6bc-71d50e15af18,scipy_LMC001_f7d9627c,1.0015381132252514,7.06183851324798e-08,7.050993287221744e-08,0.8,0.0,10.0,1.1135307668397825e-07,0.0,1.3911657559219747e-06,1.502518832605953e-06,Canada,CAN,,gcp,northamerica-northeast2,Linux-6.8.0-1032-gcp-x86_64-with-glibc2.35,3.12.11,3.0.4,2,Intel(R) Xeon(R) CPU @ 2.60GHz,,,,,15.61648178100586,machine,Y,1.0
2025-08-07T11:51:21,scipy-benchmark,6f1ca421-71a6-45ca-818e-8c144c6ba15a,scipy_LMC001_f7d9627c,1.0016085910610857,7.062019393192087e-08,7.050677736011347e-08,0.8,0.0,10.0,1.113664755701191e-07,0.0,1.3911908421303248e-06,1.502557317700444e-06,Canada,CAN,,gcp,northamerica-northeast2,Linux-6.8.0-1032-gcp-x86_64-with-glibc2.35,3.12.11,3.0.4,2,Intel(R) Xeon(R) CPU @ 2.60GHz,,,,,15.61648178100586,machine,Y,1.0
2025-08-07T11:51:23,scipy-benchmark,51c221e7-6fae-4ae6-811a-05d4377757a1,scipy_LMC001_f7d9627c,1.0016445410437882,7.061925844788655e-08,7.050331285617153e-08,0.8,0.0,10.0,1.1136688354114692e-07,0.0,1.3911705302436731e-06,1.5025374137848202e-06,Canada,CAN,,gcp,northamerica-northeast2,Linux-6.8.0-1032-gcp-x86_64-with-glibc2.35,3.12.11,3.0.4,2,Intel(R) Xeon(R) CPU @ 2.60GHz,,,,,15.61648178100586,machine,Y,1.0
2025-08-07T11:51:26,scipy-benchmark,03866986-a266-420c-a48c-bb93dd4b8a82,scipy_LMC001_f7d9627c,1.001762842060998,7.062963408542176e-08,7.050534429896639e-08,0.8,0.0,10.0,1.1138686092777389e-07,0.0,1.3913713111024763e-06,1.5027581720302502e-06,Canada,CAN,,gcp,northamerica-northeast2,Linux-6.8.0-1032-gcp-x86_64-with-glibc2.35,3.12.11,3.0.4,2,Intel(R) Xeon(R) CPU @ 2.60GHz,,,,,15.61648178100586,machine,Y,1.0
2025-08-07T11:51:28,scipy-benchmark,2de0d482-99fd-47a1-93fb-28960d5a49bc,scipy_LMC001_f7d9627c,1.001808906905353,7.064093110749187e-08,7.051337896935443e-08,0.8,0.0,10.0,1.1140650935057136e-07,0.0,1.3915920248513831e-06,1.5029985342019547e-06,Canada,CAN,,gcp,northamerica-northeast2,Linux-6.8.0-1032-gcp-x86_64-with-glibc2.35,3.12.11,3.0.4,2,Intel(R) Xeon(R) CPU @ 2.60GHz,,,,,15.61648178100586,machine,Y,1.0
2025-08-07T11:51:30,scipy-benchmark,61da0c7b-33c7-486b-b592-576bc25a699a,scipy_LMC001_f7d9627c,1.0017346639651803,7.062970497078883e-08,7.050739832763127e-08,0.8,0.0,10.0,1.113801637871398e-07,0.0,1.39137951644241e-06,1.5027596802295496e-06,Canada,CAN,,gcp,northamerica-northeast2,Linux-6.8.0-1032-gcp-x86_64-with-glibc2.35,3.12.11,3.0.4,2,Intel(R) Xeon(R) CPU @ 2.60GHz,,,,,15.61648178100586,machine,Y,1.0
2025-08-07T11:51:32,scipy-benchmark,af04553d-c834-4f2f-83ab-5be26a929aa8,scipy_LMC001_f7d9627c,1.0016539921052754,7.06232644031083e-08,7.050664696565767e-08,0.8,0.0,10.0,1.1136797422336209e-07,0.0,1.3912546726512826e-06,1.5026226468746447e-06,Canada,CAN,,gcp,northamerica-northeast2,Linux-6.8.0-1032-gcp-x86_64-with-glibc2.35,3.12.11,3.0.4,2,Intel(R) Xeon(R) CPU @ 2.60GHz,,,,,15.61648178100586,machine,Y,1.0
2025-08-07T11:51:34,scipy-benchmark,6b76d739-7d27-483f-ba43-e1e42825739b,scipy_LMC001_f7d9627c,1.0015673988964409,7.061557094243149e-08,7.050506138702e-08,0.8,0.0,10.0,1.113587537676924e-07,0.0,1.3911002024542542e-06,1.5024589562219466e-06,Canada,CAN,,gcp,northamerica-northeast2,Linux-6.8.0-1032-gcp-x86_64-with-glibc2.35,3.12.11,3.0.4,2,Intel(R) Xeon(R) CPU @ 2.60GHz,,,,,15.61648178100586,machine,Y,1.0
2025-08-07T11:51:36,scipy-benchmark,a983fce5-49d4-4e2b-ba9c-17cd2b5138b2,scipy_LMC001_f7d9627c,1.0016273860819638,7.062080904142931e-08,7.050606844694476e-08,0.8,0.0,10.0,1.113575689184169e-07,0.0,1.3912128362183768e-06,1.5025704051367938e-06,Canada,CAN,,gcp,northamerica-northeast2,Linux-6.8.0-1032-gcp-x86_64-with-glibc2.35,3.12.11,3.0.4,2,Intel(R) Xeon(R) CPU @ 2.60GHz,,,,,15.61648178100586,machine,Y,1.0
2025-08-07T11:51:38,scipy-benchmark,4398b9c0-5ab2-4863-bd32-3c84709a8ace,scipy_LMC001_f7d9627c,1.001768864924088,7.063525629485958e-08,7.05105326868111e-08,0.8,0.0,10.0,1.113835355370409e-07,0.0,1.3914942579706095e-06,1.5028777935076506e-06,Canada,CAN,,gcp,northamerica-northeast2,Linux-6.8.0-1032-gcp-x86_64-with-glibc2.35,3.12.11,3.0.4,2,Intel(R) Xeon(R) CPU @ 2.60GHz,,,,,15.61648178100586,machine,Y,1.0
2025-08-07T11:51:41,scipy-benchmark,815222b5-df8c-4111-a960-e6ca73a6f16e,scipy_LMC001_f7d9627c,1.0016701039858162,7.062753112976335e-08,7.050977247770933e-08,0.8,0.0,10.0,1.1137321689683532e-07,0.0,1.391340211396002e-06,1.5027134282928371e-06,Canada,CAN,,gcp,northamerica-northeast2,Linux-6.8.0-1032-gcp-x86_64-with-glibc2.35,3.12.11,3.0.4,2,Intel(R) Xeon(R) CPU @ 2.60GHz,,,,,15.61648178100586,machine,Y,1.0
2025-08-07T11:51:43,scipy-benchmark,c3e89811-57ed-409b-8a15-57c207c6b9a3,scipy_LMC001_f7d9627c,1.0017701641190797,7.063806975415598e-08,7.0513249729565e-08,0.8,0.0,10.0,1.1139479621003073e-07,0.0,1.3915428581337134e-06,1.5029376543437442e-06,Canada,CAN,,gcp,northamerica-northeast2,Linux-6.8.0-1032-gcp-x86_64-with-glibc2.35,3.12.11,3.0.4,2,Intel(R) Xeon(R) CPU @ 2.60GHz,,,,,15.61648178100586,machine,Y,1.0
2025-08-07T11:51:45,scipy-benchmark,3acf9ae7-b019-4323-ad3d-0da406961f15,scipy_LMC001_f7d9627c,1.0015970498789102,7.062390310702742e-08,7.051129305499215e-08,0.8,0.0,10.0,1.1135746440332797e-07,0.0,1.3912787719164044e-06,1.5026362363197325e-06,Canada,CAN,,gcp,northamerica-northeast2,Linux-6.8.0-1032-gcp-x86_64-with-glibc2.35,3.12.11,3.0.4,2,Intel(R) Xeon(R) CPU @ 2.60GHz,,,,,15.61648178100586,machine,Y,1.0
2025-08-07T11:51:47,scipy-benchmark,e6f52d6c-734f-40ec-a672-8842ea8af5fe,scipy_LMC001_f7d9627c,1.0016375938430429,7.062008720688109e-08,7.050462926009872e-08,0.8,0.0,10.0,1.1136806399251025e-07,0.0,1.3911869829624064e-06,1.5025550469549166e-06,Canada,CAN,,gcp,northamerica-northeast2,Linux-6.8.0-1032-gcp-x86_64-with-glibc2.35,3.12.11,3.0.4,2,Intel(R) Xeon(R) CPU @ 2.60GHz,,,,,15.61648178100586,machine,Y,1.0
2025-08-07T11:51:49,scipy-benchmark,75309119-4fdb-45b7-85ca-75a6bd08296a,scipy_LMC001_f7d9627c,1.0016414909623563,7.061977162783863e-08,7.050403988356016e-08,0.8,0.0,10.0,1.1136943200189209e-07,0.0,1.3911789005053126e-06,1.5025483325072046e-06,Canada,CAN,,gcp,northamerica-northeast2,Linux-6.8.0-1032-gcp-x86_64-with-glibc2.35,3.12.11,3.0.4,2,Intel(R) Xeon(R) CPU @ 2.60GHz,,,,,15.61648178100586,machine,Y,1.0
2025-08-07T11:51:51,scipy-benchmark,4eb4d434-a7df-475e-b477-01073c238204,scipy_LMC001_f7d9627c,1.0016859490424397,7.063463353738188e-08,7.051574758027202e-08,0.8,0.0,10.0,1.1138567354323137e-07,0.0,1.3914788698053194e-06,1.5028645433485507e-06,Canada,CAN,,gcp,northamerica-northeast2,Linux-6.8.0-1032-gcp-x86_64-with-glibc2.35,3.12.11,3.0.4,2,Intel(R) Xeon(R) CPU @ 2.60GHz,,,,,15.61648178100586,machine,Y,1.0
2025-08-07T11:51:53,scipy-benchmark,d98835cd-fad5-43d4-9bb8-18d94fa1161c,scipy_LMC001_f7d9627c,1.0017651731614023,7.062721584131943e-08,7.050276625052936e-08,0.8,0.0,10.0,1.1139157802487417e-07,0.0,1.3913151420031986e-06,1.5027067200280728e-06,Canada,CAN,,gcp,northamerica-northeast2,Linux-6.8.0-1032-gcp-x86_64-with-glibc2.35,3.12.11,3.0.4,2,Intel(R) Xeon(R) CPU @ 2.60GHz,,,,,15.61648178100586,machine,Y,1.0
2025-08-07T11:51:56,scipy-benchmark,d14efd49-d3e5-4bc2-9b94-3a732941b77c,scipy_LMC001_f7d9627c,1.001676490996033,7.062701199558148e-08,7.050880461949585e-08,0.8,0.0,10.0,1.113761186910173e-07,0.0,1.3913262641936954e-06,1.5027023828847126e-06,Canada,CAN,,gcp,northamerica-northeast2,Linux-6.8.0-1032-gcp-x86_64-with-glibc2.35,3.12.11,3.0.4,2,Intel(R) Xeon(R) CPU @ 2.60GHz,,,,,15.61648178100586,machine,Y,1.0
2025-08-07T11:51:58,scipy-benchmark,da446603-525c-4102-a555-2c253efb1948,scipy_LMC001_f7d9627c,1.0016320829745382,7.062543919253059e-08,7.051036043373813e-08,0.8,0.0,10.0,1.113643746616112e-07,0.0,1.3913045443284015e-06,1.5026689189900129e-06,Canada,CAN,,gcp,northamerica-northeast2,Linux-6.8.0-1032-gcp-x86_64-with-glibc2.35,3.12.11,3.0.4,2,Intel(R) Xeon(R) CPU @ 2.60GHz,,,,,15.61648178100586,machine,Y,1.0
2025-08-07T11:52:00,scipy-benchmark,2a54b886-b499-47fa-8bd7-96dea20eebb5,scipy_LMC001_f7d9627c,1.001627811929211,7.061945244245645e-08,7.050468407665124e-08,0.8,0.0,10.0,1.113645662036207e-07,0.0,1.39117697512524e-06,1.5025415413288606e-06,Canada,CAN,,gcp,northamerica-northeast2,Linux-6.8.0-1032-gcp-x86_64-with-glibc2.35,3.12.11,3.0.4,2,Intel(R) Xeon(R) CPU @ 2.60GHz,,,,,15.61648178100586,machine,Y,1.0
2025-08-07T11:52:02,scipy-benchmark,ea294096-8a10-48ac-908d-55f247dce570,scipy_LMC001_f7d9627c,1.0016903569921851,7.062371921896315e-08,7.050454137447002e-08,0.8,0.0,10.0,1.113802879634831e-07,0.0,1.3912520358442431e-06,1.5026323238077264e-06,Canada,CAN,,gcp,northamerica-northeast2,Linux-6.8.0-1032-gcp-x86_64-with-glibc2.35,3.12.11,3.0.4,2,Intel(R) Xeon(R) CPU @ 2.60GHz,,,,,15.61648178100586,machine,Y,1.0
2025-08-07T11:52:04,scipy-benchmark,4a0cfc9b-3154-4cdf-8cbe-8bf50ffe97d7,scipy_LMC001_f7d9627c,1.0016903232317418,7.063041023514235e-08,7.051122347600233e-08,0.8,0.0,10.0,1.1138148026333917e-07,0.0,1.3913932055907531e-06,1.5027746858540923e-06,Canada,CAN,,gcp,northamerica-northeast2,Linux-6.8.0-1032-gcp-x86_64-with-glibc2.35,3.12.11,3.0.4,2,Intel(R) Xeon(R) CPU @ 2.60GHz,,,,,15.61648178100586,machine,Y,1.0
2025-08-07T11:52:06,scipy-benchmark,b34d5aeb-7c34-4a20-a8b8-1546c2059e85,scipy_LMC001_f7d9627c,1.00171081116423,7.063062356484846e-08,7.05099942794454e-08,0.8,0.0,10.0,1.1138126621436742e-07,0.0,1.3913979585696425e-06,1.50277922478401e-06,Canada,CAN,,gcp,northamerica-northeast2,Linux-6.8.0-1032-gcp-x86_64-with-glibc2.35,3.12.11,3.0.4,2,Intel(R) Xeon(R) CPU @ 2.60GHz,,,,,15.61648178100586,machine,Y,1.0
2025-08-07T11:52:09,scipy-benchmark,085075e4-1070-46a7-960b-9696370eee6a,scipy_LMC001_f7d9627c,1.0016939360648394,7.062957707096616e-08,7.05101374062769e-08,0.8,0.0,10.0,1.1137198134221965e-07,0.0,1.3913849776145071e-06,1.5027569589567269e-06,Canada,CAN,,gcp,northamerica-northeast2,Linux-6.8.0-1032-gcp-x86_64-with-glibc2.35,3.12.11,3.0.4,2,Intel(R) Xeon(R) CPU @ 2.60GHz,,,,,15.61648178100586,machine,Y,1.0
2025-08-07T11:52:11,scipy-benchmark,9fec1d51-91ee-46d8-be1c-5365eb5c3ade,scipy_LMC001_f7d9627c,1.001632541185245,7.062295925156731e-08,7.050785227883896e-08,0.8,0.0,10.0,1.1136282623435061e-07,0.0,1.3912533280543156e-06,1.5026161542886665e-06,Canada,CAN,,gcp,northamerica-northeast2,Linux-6.8.0-1032-gcp-x86_64-with-glibc2.35,3.12.11,3.0.4,2,Intel(R) Xeon(R) CPU @ 2.60GHz,,,,,15.61648178100586,machine,Y,1.0
2025-08-07T11:52:13,scipy-benchmark,1d9b4507-6a07-453d-9fa6-4b1d68db0a9f,scipy_LMC001_f7d9627c,1.001664126990363,7.062247403837846e-08,7.050514452441594e-08,0.8,0.0,10.0,1.1136898889930713e-07,0.0,1.3912368417044894e-06,1.5026058306037966e-06,Canada,CAN,,gcp,northamerica-northeast2,Linux-6.8.0-1032-gcp-x86_64-with-glibc2.35,3.12.11,3.0.4,2,Intel(R) Xeon(R) CPU @ 2.60GHz,,,,,15.61648178100586,machine,Y,1.0
2025-08-07T11:52:15,scipy-benchmark,8ea97abd-8b6d-44ab-9d4b-ba41255e0fa1,scipy_LMC001_f7d9627c,1.0016322650481015,7.06206538058921e-08,7.050557002823854e-08,0.8,0.0,10.0,1.1136671600656377e-07,0.0,1.3912003862464595e-06,1.5025671022530233e-06,Canada,CAN,,gcp,northamerica-northeast2,Linux-6.8.0-1032-gcp-x86_64-with-glibc2.35,3.12.11,3.0.4,2,Intel(R) Xeon(R) CPU @ 2.60GHz,,,,,15.61648178100586,machine,Y,1.0
2025-08-07T11:52:17,scipy-benchmark,98eac971-3755-4205-95f7-6601d824cad8,scipy_LMC001_f7d9627c,1.001650058897212,7.062887097007803e-08,7.051252115717776e-08,0.8,0.0,10.0,1.113724217543173e-07,0.0,1.3913695137792578e-06,1.502741935533575e-06,Canada,CAN,,gcp,northamerica-northeast2,Linux-6.8.0-1032-gcp-x86_64-with-glibc2.35,3.12.11,3.0.4,2,Intel(R) Xeon(R) CPU @ 2.60GHz,,,,,15.61648178100586,machine,Y,1.0
2025-08-07T11:52:19,scipy-benchmark,ec7a8bc4-54a1-496e-a9c9-8ec5d49d9c00,scipy_LMC001_f7d9627c,1.0017995389644057,7.062852998494378e-08,7.050165950161537e-08,0.8,0.0,10.0,1.1137215555128125e-07,0.0,1.3913625249794377e-06,1.5027346805307187e-06,Canada,CAN,,gcp,northamerica-northeast2,Linux-6.8.0-1032-gcp-x86_64-with-glibc2.35,3.12.11,3.0.4,2,Intel(R) Xeon(R) CPU @ 2.60GHz,,,,,15.61648178100586,machine,Y,1.0
2025-08-07T11:52:21,scipy-benchmark,f5f7e859-c601-4a49-af73-5831daa51304,scipy_LMC001_f7d9627c,1.0018257179763168,7.063658572712707e-08,7.050785826282503e-08,0.8,0.0,10.0,1.113938151134385e-07,0.0,1.3915122641871373e-06,1.5029060793005755e-06,Canada,CAN,,gcp,northamerica-northeast2,Linux-6.8.0-1032-gcp-x86_64-with-glibc2.35,3.12.11,3.0.4,2,Intel(R) Xeon(R) CPU @ 2.60GHz,,,,,15.61648178100586,machine,Y,1.0
2025-08-07T11:52:24,scipy-benchmark,85d58922-ead1-4100-b1cc-419d25504c06,scipy_LMC001_f7d9627c,1.001587636070326,7.062075822670096e-08,7.050881588732227e-08,0.8000072,0.0,10.0,1.11357020677457e-07,0.0,1.3912123032949038e-06,1.5025693239723608e-06,Canada,CAN,,gcp,northamerica-northeast2,Linux-6.8.0-1032-gcp-x86_64-with-glibc2.35,3.12.11,3.0.4,2,Intel(R) Xeon(R) CPU @ 2.60GHz,,,,,15.61648178100586,machine,Y,1.0
2025-08-07T11:52:26,scipy-benchmark,093a53d2-20f0-4fcb-80cb-01865c680a57,scipy_LMC001_f7d9627c,1.00166673399508,7.06226466490318e-08,7.050513334645561e-08,0.8,0.0,10.0,1.1137273131559293e-07,0.0,1.3912367718552964e-06,1.5026095031708894e-06,Canada,CAN,,gcp,northamerica-northeast2,Linux-6.8.0-1032-gcp-x86_64-with-glibc2.35,3.12.11,3.0.4,2,Intel(R) Xeon(R) CPU @ 2.60GHz,,,,,15.61648178100586,machine,Y,1.0
2025-08-07T11:52:28,scipy-benchmark,db85b719-0c05-4c71-9753-23260e96ed4e,scipy_LMC001_f7d9627c,1.0016605381388215,7.062079353757307e-08,7.050371942254316e-08,0.8,0.0,10.0,1.1137593599657217e-07,0.0,1.39119413927094e-06,1.502570075267512e-06,Canada,CAN,,gcp,northamerica-northeast2,Linux-6.8.0-1032-gcp-x86_64-with-glibc2.35,3.12.11,3.0.4,2,Intel(R) Xeon(R) CPU @ 2.60GHz,,,,,15.61648178100586,machine,Y,1.0
2025-08-07T11:52:30,scipy-benchmark,0bc7c4ed-a970-418b-ad84-b9bc0746b09c,scipy_LMC001_f7d9627c,1.0017472109757364,7.063096030165132e-08,7.050776835490695e-08,0.8,0.0,10.0,1.113845529034734e-07,0.0,1.391401836493363e-06,1.5027863893968363e-06,Canada,CAN,,gcp,northamerica-northeast2,Linux-6.8.0-1032-gcp-x86_64-with-glibc2.35,3.12.11,3.0.4,2,Intel(R) Xeon(R) CPU @ 2.60GHz,,,,,15.61648178100586,machine,Y,1.0
2025-08-07T11:52:32,scipy-benchmark,6ad77f93-517e-43ba-8b5b-41baad39d94a,scipy_LMC001_f7d9627c,1.0016840628813952,7.062793419476494e-08,7.050919228124696e-08,0.8,0.0,10.0,1.1137991264048553e-07,0.0,1.3913420915034495e-06,1.502722004143935e-06,Canada,CAN,,gcp,northamerica-northeast2,Linux-6.8.0-1032-gcp-x86_64-with-glibc2.35,3.12.11,3.0.4,2,Intel(R) Xeon(R) CPU @ 2.60GHz,,,,,15.61648178100586,machine,Y,1.0
2025-08-07T11:52:34,scipy-benchmark,77bd5a0a-4014-478a-94d8-a88a5005fb7b,scipy_LMC001_f7d9627c,1.0016653081402185,7.063026796467602e-08,7.051284235431347e-08,0.8,0.0,10.0,1.1137115334471068e-07,0.0,1.3914005054781835e-06,1.502771658822894e-06,Canada,CAN,,gcp,northamerica-northeast2,Linux-6.8.0-1032-gcp-x86_64-with-glibc2.35,3.12.11,3.0.4,2,Intel(R) Xeon(R) CPU @ 2.60GHz,,,,,15.61648178100586,machine,Y,1.0
2025-08-07T11:52:36,scipy-benchmark,1d0c179a-f86e-438d-a469-c8021ed7ffa2,scipy_LMC001_f7d9627c,1.001705870963633,7.062090775494776e-08,7.050064275555359e-08,0.8,0.0,10.0,1.113740917709139e-07,0.0,1.3911984136535062e-06,1.5025725054244202e-06,Canada,CAN,,gcp,northamerica-northeast2,Linux-6.8.0-1032-gcp-x86_64-with-glibc2.35,3.12.11,3.0.4,2,Intel(R) Xeon(R) CPU @ 2.60GHz,,,,,15.61648178100586,machine,Y,1.0
2025-08-07T11:52:39,scipy-benchmark,3206e31e-8df3-4efc-9392-e39e5ebfefe2,scipy_LMC001_f7d9627c,1.0017596939578652,7.062996030231526e-08,7.050589151102937e-08,0.8,0.0,10.0,1.1137981247156861e-07,0.0,1.3913853003436493e-06,1.502765112815218e-06,Canada,CAN,,gcp,northamerica-northeast2,Linux-6.8.0-1032-gcp-x86_64-with-glibc2.35,3.12.11,3.0.4,2,Intel(R) Xeon(R) CPU @ 2.60GHz,,,,,15.61648178100586,machine,Y,1.0
2025-08-07T11:52:41,scipy-benchmark,3ca65d17-1285-4f7a-bb14-48ab62d70a4f,scipy_LMC001_f7d9627c,1.0016425650101155,7.062047337461263e-08,7.050466487903243e-08,0.8,0.0,10.0,1.1135641599280966e-07,0.0,1.3912068472968208e-06,1.5025632632896305e-06,Canada,CAN,,gcp,northamerica-northeast2,Linux-6.8.0-1032-gcp-x86_64-with-glibc2.35,3.12.11,3.0.4,2,Intel(R) Xeon(R) CPU @ 2.60GHz,,,,,15.61648178100586,machine,Y,1.0
2025-08-07T11:52:43,scipy-benchmark,6ba41bd6-907a-44b2-8d50-aeccf1a31086,scipy_LMC001_f7d9627c,1.001739976927638,7.063372202468518e-08,7.051103445159554e-08,0.8,0.0,10.0,1.1138700223010449e-07,0.0,1.3914581472312824e-06,1.502845149461387e-06,Canada,CAN,,gcp,northamerica-northeast2,Linux-6.8.0-1032-gcp-x86_64-with-glibc2.35,3.12.11,3.0.4,2,Intel(R) Xeon(R) CPU @ 2.60GHz,,,,,15.61648178100586,machine,Y,1.0
2025-08-07T11:52:45,scipy-benchmark,34a2d725-1968-46eb-b487-ddf84d091b47,scipy_LMC001_f7d9627c,1.0019877820741383,7.066452063027667e-08,7.052433362410811e-08,0.8,0.0,10.0,1.1143401130619977e-07,0.0,1.3920664276358569e-06,1.503500438942057e-06,Canada,CAN,,gcp,northamerica-northeast2,Linux-6.8.0-1032-gcp-x86_64-with-glibc2.35,3.12.11,3.0.4,2,Intel(R) Xeon(R) CPU @ 2.60GHz,,,,,15.61648178100586,machine,Y,1.0
2025-08-07T11:52:47,scipy-benchmark,e306ce23-494f-4e48-a725-be2669842252,scipy_LMC001_f7d9627c,1.0017249009106308,7.063537785623016e-08,7.051374862701147e-08,0.8,0.0,10.0,1.1138954132588373e-07,0.0,1.3914908385939068e-06,1.5028803799197909e-06,Canada,CAN,,gcp,northamerica-northeast2,Linux-6.8.0-1032-gcp-x86_64-with-glibc2.35,3.12.11,3.0.4,2,Intel(R) Xeon(R) CPU @ 2.60GHz,,,,,15.61648178100586,machine,Y,1.0
2025-08-07T11:52:49,scipy-benchmark,e35a23ff-b90a-40f4-a2ce-5bf1fd24ad2f,scipy_LMC001_f7d9627c,1.001665457850322,7.062276778119204e-08,7.050534410236708e-08,0.8,0.0,10.0,1.1136712201146617e-07,0.0,1.391244958439428e-06,1.502612080450894e-06,Canada,CAN,,gcp,northamerica-northeast2,Linux-6.8.0-1032-gcp-x86_64-with-glibc2.35,3.12.11,3.0.4,2,Intel(R) Xeon(R) CPU @ 2.60GHz,,,,,15.61648178100586,machine,Y,1.0
2025-08-07T11:52:52,scipy-benchmark,896037d3-8ff6-4a00-b061-57ca065160cb,scipy_LMC001_f7d9627c,1.0017011750023812,7.0625569307711e-08,7.05056268977054e-08,0.8,0.0,10.0,1.1137170913732716e-07,0.0,1.3912999782607788e-06,1.502671687398106e-06,Canada,CAN,,gcp,northamerica-northeast2,Linux-6.8.0-1032-gcp-x86_64-with-glibc2.35,3.12.11,3.0.4,2,Intel(R) Xeon(R) CPU @ 2.60GHz,,,,,15.61648178100586,machine,Y,1.0
2025-08-07T11:52:54,scipy-benchmark,0b8a2bc1-d8be-4b6c-a02e-154e64cdac6f,scipy_LMC001_f7d9627c,1.0017313491553068,7.06260775183069e-08,7.050401045935235e-08,0.8,0.0,10.0,1.1137482513570125e-07,0.0,1.391307675253807e-06,1.5026825003895082e-06,Canada,CAN,,gcp,northamerica-northeast2,Linux-6.8.0-1032-gcp-x86_64-with-glibc2.35,3.12.11,3.0.4,2,Intel(R) Xeon(R) CPU @ 2.60GHz,,,,,15.61648178100586,machine,Y,1.0
2025-08-07T11:52:56,scipy-benchmark,c4477879-5773-47e0-b3f7-be7b7ccd65fe,scipy_LMC001_f7d9627c,1.0017129289917648,7.06329519580791e-08,7.05121696184674e-08,0.8,0.0,10.0,1.1138014578157001e-07,0.0,1.3914486192839428e-06,1.5028287650655128e-06,Canada,CAN,,gcp,northamerica-northeast2,Linux-6.8.0-1032-gcp-x86_64-with-glibc2.35,3.12.11,3.0.4,2,Intel(R) Xeon(R) CPU @ 2.60GHz,,,,,15.61648178100586,machine,Y,1.0
2025-08-07T11:52:58,scipy-benchmark,5c9e8c8a-0d79-4575-861e-16ec86ee23b0,scipy_LMC001_f7d9627c,1.0017594089731574,7.0641145155791e-08,7.05170767781467e-08,0.8,0.0,10.0,1.113891464451121e-07,0.0,1.391613941975973e-06,1.503003088421085e-06,Canada,CAN,,gcp,northamerica-northeast2,Linux-6.8.0-1032-gcp-x86_64-with-glibc2.35,3.12.11,3.0.4,2,Intel(R) Xeon(R) CPU @ 2.60GHz,,,,,15.61648178100586,machine,Y,1.0
2025-08-07T11:53:00,scipy-benchmark,9b7d3966-872f-4fdd-bf46-9863ed6e7f8d,scipy_LMC001_f7d9627c,1.0017832480370998,7.063780444744043e-08,7.051206394781366e-08,0.8,0.0,10.0,1.1139299244516429e-07,0.0,1.391539017074845e-06,1.5029320095200092e-06,Canada,CAN,,gcp,northamerica-northeast2,Linux-6.8.0-1032-gcp-x86_64-with-glibc2.35,3.12.11,3.0.4,2,Intel(R) Xeon(R) CPU @ 2.60GHz,,,,,15.61648178100586,machine,Y,1.0
2025-08-07T11:53:02,scipy-benchmark,055f075c-76ef-4644-a035-01e806dab9a6,scipy_LMC001_f7d9627c,1.0017806109972298,7.06372765332926e-08,7.05117225846248e-08,0.8,0.0,10.0,1.113946137742864e-07,0.0,1.3915261635298116e-06,1.502920777304098e-06,Canada,CAN,,gcp,northamerica-northeast2,Linux-6.8.0-1032-gcp-x86_64-with-glibc2.35,3.12.11,3.0.4,2,Intel(R) Xeon(R) CPU @ 2.60GHz,,,,,15.61648178100586,machine,Y,1.0
2025-08-07T11:53:04,scipy-benchmark,bd90ee97-395d-4d06-b0f4-64e61f9dba0d,scipy_LMC001_f7d9627c,1.0016251110937446,7.061961362857578e-08,7.050503511384741e-08,0.8,0.0,10.0,1.1136278158260717e-07,0.0,1.391182189238154e-06,1.5025449708207613e-06,Canada,CAN,,gcp,northamerica-northeast2,Linux-6.8.0-1032-gcp-x86_64-with-glibc2.35,3.12.11,3.0.4,2,Intel(R) Xeon(R) CPU @ 2.60GHz,,,,,15.61648178100586,machine,Y,1.0
2025-08-07T11:53:07,scipy-benchmark,ef835cc1-68cf-4aca-a74b-c1ceac26a917,scipy_LMC001_f7d9627c,1.0016252209898084,7.061922356633779e-08,7.050463794886445e-08,0.8,0.0,10.0,1.1136752154885069e-07,0.0,1.3911691500753578e-06,1.5025366716242084e-06,Canada,CAN,,gcp,northamerica-northeast2,Linux-6.8.0-1032-gcp-x86_64-with-glibc2.35,3.12.11,3.0.4,2,Intel(R) Xeon(R) CPU @ 2.60GHz,,,,,15.61648178100586,machine,Y,1.0
2025-08-07T11:53:09,scipy-benchmark,3465d9de-42a5-45de-9621-823ad5a18f1b,scipy_LMC001_f7d9627c,1.0017906869761646,7.062786171657759e-08,7.050161539209639e-08,0.8,0.0,10.0,1.113926928697361e-07,0.0,1.391327769185106e-06,1.502720462054842e-06,Canada,CAN,,gcp,northamerica-northeast2,Linux-6.8.0-1032-gcp-x86_64-with-glibc2.35,3.12.11,3.0.4,2,Intel(R) Xeon(R) CPU @ 2.60GHz,,,,,15.61648178100586,machine,Y,1.0
2025-08-07T11:53:11,scipy-benchmark,c6c9a016-7f31-4a05-8854-c7c58b0d6170,scipy_LMC001_f7d9627c,1.0017110200133177,7.063102963553846e-08,7.051038495573246e-08,0.8,0.0,10.0,1.1138120397097537e-07,0.0,1.391406660614949e-06,1.5027878645859243e-06,Canada,CAN,,gcp,northamerica-northeast2,Linux-6.8.0-1032-gcp-x86_64-with-glibc2.35,3.12.11,3.0.4,2,Intel(R) Xeon(R) CPU @ 2.60GHz,,,,,15.61648178100586,machine,Y,1.0
2025-08-07T11:53:13,scipy-benchmark,4404ee5d-875b-4b16-adb9-29277be08d24,scipy_LMC001_f7d9627c,1.001773590920493,7.063647567175537e-08,7.051141726230787e-08,0.8,0.0,10.0,1.1139385484986837e-07,0.0,1.3915098828470543e-06,1.5029037376969228e-06,Canada,CAN,,gcp,northamerica-northeast2,Linux-6.8.0-1032-gcp-x86_64-with-glibc2.35,3.12.11,3.0.4,2,Intel(R) Xeon(R) CPU @ 2.60GHz,,,,,15.61648178100586,machine,Y,1.0
2025-08-07T11:53:15,scipy-benchmark,419553a8-b200-4582-a702-2b04c358baa8,scipy_LMC001_f7d9627c,1.0015958750154823,7.061688150889757e-08,7.050436535374709e-08,0.8,0.0,10.0,1.113646686491039e-07,0.0,1.3911221719657382e-06,1.502486840614842e-06,Canada,CAN,,gcp,northamerica-northeast2,Linux-6.8.0-1032-gcp-x86_64-with-glibc2.35,3.12.11,3.0.4,2,Intel(R) Xeon(R) CPU @ 2.60GHz,,,,,15.61648178100586,machine,Y,1.0
2025-08-07T11:53:17,scipy-benchmark,fae87398-e85f-44dc-8918-056fc6d1a7ac,scipy_LMC001_f7d9627c,1.0016421440523118,7.06258982992731e-08,7.051011054062099e-08,0.8,0.0,10.0,1.1137169558140969e-07,0.0,1.391306991637167e-06,1.5026786872185763e-06,Canada,CAN,,gcp,northamerica-northeast2,Linux-6.8.0-1032-gcp-x86_64-with-glibc2.35,3.12.11,3.0.4,2,Intel(R) Xeon(R) CPU @ 2.60GHz,,,,,15.61648178100586,machine,Y,1.0
2025-08-07T11:53:19,scipy-benchmark,1142c25e-e0b0-425d-b9d0-a4bea59846dd,scipy_LMC001_f7d9627c,1.0016372420359403,7.061980419067872e-08,7.05043714699905e-08,0.8,0.0,10.0,1.1136915534734726e-07,0.0,1.3911798699862426e-06,1.5025490253335898e-06,Canada,CAN,,gcp,northamerica-northeast2,Linux-6.8.0-1032-gcp-x86_64-with-glibc2.35,3.12.11,3.0.4,2,Intel(R) Xeon(R) CPU @ 2.60GHz,,,,,15.61648178100586,machine,Y,1.0
2025-08-07T11:53:22,scipy-benchmark,11847f70-d621-4366-bdf8-417f9bcb046d,scipy_LMC001_f7d9627c,1.0017298620659858,7.063519155461756e-08,7.051321342156882e-08,0.8,0.0,10.0,1.1137782420135208e-07,0.0,1.3914985918543403e-06,1.5028764160556929e-06,Canada,CAN,,gcp,northamerica-northeast2,Linux-6.8.0-1032-gcp-x86_64-with-glibc2.35,3.12.11,3.0.4,2,Intel(R) Xeon(R) CPU @ 2.60GHz,,,,,15.61648178100586,machine,Y,1.0
2025-08-07T11:53:24,scipy-benchmark,6709796c-0adc-4ed9-871b-b0ae5e2aaf29,scipy_LMC001_f7d9627c,1.0017890150193125,7.063897239204702e-08,7.051282389105179e-08,0.8,0.0,10.0,1.1139312024331757e-07,0.0,1.3915637391619383e-06,1.502956859405256e-06,Canada,CAN,,gcp,northamerica-northeast2,Linux-6.8.0-1032-gcp-x86_64-with-glibc2.35,3.12.11,3.0.4,2,Intel(R) Xeon(R) CPU @ 2.60GHz,,,,,15.61648178100586,machine,Y,1.0
2025-08-07T11:53:26,scipy-benchmark,30f6dd8c-3ecc-41ab-9aed-48b4b80805af,scipy_LMC001_f7d9627c,1.0018125309143215,7.064071069642281e-08,7.051290387828483e-08,0.8,0.0,10.0,1.1140163930960828e-07,0.0,1.3915922052951325e-06,1.5029938446047406e-06,Canada,CAN,,gcp,northamerica-northeast2,Linux-6.8.0-1032-gcp-x86_64-with-glibc2.35,3.12.11,3.0.4,2,Intel(R) Xeon(R) CPU @ 2.60GHz,,,,,15.61648178100586,machine,Y,1.0
2025-08-07T11:53:28,scipy-benchmark,4e3c867e-de1a-425b-a130-d9a53c2cc313,scipy_LMC001_f7d9627c,1.001628230093047,7.062433307366963e-08,7.05095273394091e-08,0.8,0.0,10.0,1.1135755422421629e-07,0.0,1.3912878303219462e-06,1.5026453845461623e-06,Canada,CAN,,gcp,northamerica-northeast2,Linux-6.8.0-1032-gcp-x86_64-with-glibc2.35,3.12.11,3.0.4,2,Intel(R) Xeon(R) CPU @ 2.60GHz,,,,,15.61648178100586,machine,Y,1.0
2025-08-07T11:53:30,scipy-benchmark,aebe78ba-af97-4eef-b6b3-c21f0c055f10,scipy_LMC001_f7d9627c,1.0016388788353652,7.06238347628775e-08,7.050828023468286e-08,0.8,0.0,10.0,1.1136027689402305e-07,0.0,1.3912745052948594e-06,1.5026347821888824e-06,Canada,CAN,,gcp,northamerica-northeast2,Linux-6.8.0-1032-gcp-x86_64-with-glibc2.35,3.12.11,3.0.4,2,Intel(R) Xeon(R) CPU @ 2.60GHz,,,,,15.61648178100586,machine,Y,1.0
2025-08-07T11:53:32,scipy-benchmark,7d59f527-aca4-4a49-a363-c780262da200,scipy_LMC001_f7d9627c,1.0016366739291698,7.062336830484371e-08,7.05079697489569e-08,0.8,0.0,10.0,1.1135939643200904e-07,0.0,1.3912654611178571e-06,1.502624857549866e-06,Canada,CAN,,gcp,northamerica-northeast2,Linux-6.8.0-1032-gcp-x86_64-with-glibc2.35,3.12.11,3.0.4,2,Intel(R) Xeon(R) CPU @ 2.60GHz,,,,,15.61648178100586,machine,Y,1.0
2025-08-07T11:53:35,scipy-benchmark,7b9ad99f-09e1-41ba-8c9d-76627a1c586a,scipy_LMC001_f7d9627c,1.0017202459275725,7.063156208496851e-08,7.051026708516325e-08,0.8,0.0,10.0,1.1138142666055097e-07,0.0,1.3914177666366516e-06,1.5027991932972024e-06,Canada,CAN,,gcp,northamerica-northeast2,Linux-6.8.0-1032-gcp-x86_64-with-glibc2.35,3.12.11,3.0.4,2,Intel(R) Xeon(R) CPU @ 2.60GHz,,,,,15.61648178100586,machine,Y,1.0
2025-08-07T11:53:37,scipy-benchmark,ffa3bc8f-5139-4858-a4b4-338a840eb716,scipy_LMC001_f7d9627c,1.0018028509803116,7.064144346914771e-08,7.051431666422361e-08,0.8,0.0,10.0,1.1139837999103797e-07,0.0,1.3916110555227431e-06,1.503009435513781e-06,Canada,CAN,,gcp,northamerica-northeast2,Linux-6.8.0-1032-gcp-x86_64-with-glibc2.35,3.12.11,3.0.4,2,Intel(R) Xeon(R) CPU @ 2.60GHz,,,,,15.61648178100586,machine,Y,1.0
2025-08-07T11:53:39,scipy-benchmark,8fb5e3b9-eb0f-4021-bf0a-6170071ac6f5,scipy_LMC001_f7d9627c,1.00181052996777,7.064064900685726e-08,7.051298313776944e-08,0.8,0.0,10.0,1.1139787686988713e-07,0.0,1.391594655190905e-06,1.5029925320607925e-06,Canada,CAN,,gcp,northamerica-northeast2,Linux-6.8.0-1032-gcp-x86_64-with-glibc2.35,3.12.11,3.0.4,2,Intel(R) Xeon(R) CPU @ 2.60GHz,,,,,15.61648178100586,machine,Y,1.0
2025-08-07T11:53:41,scipy-benchmark,f28b415c-12ba-4565-9e78-4c18ce09c7a5,scipy_LMC001_f7d9627c,1.0016583518590778,7.061918061247303e-08,7.05022630534691e-08,0.8,0.0,10.0,1.1136442484954997e-07,0.0,1.391171332862642e-06,1.502535757712192e-06,Canada,CAN,,gcp,northamerica-northeast2,Linux-6.8.0-1032-gcp-x86_64-with-glibc2.35,3.12.11,3.0.4,2,Intel(R) Xeon(R) CPU @ 2.60GHz,,,,,15.61648178100586,machine,Y,1.0
2025-08-07T11:53:43,scipy-benchmark,4e3ebce0-1c90-4c2f-9a93-38f55663585e,scipy_LMC001_f7d9627c,1.0016866098158062,7.062991800989645e-08,7.051099347617728e-08,0.8,0.0,10.0,1.113730524149207e-07,0.0,1.3913911605615998e-06,1.5027642129765204e-06,Canada,CAN,,gcp,northamerica-northeast2,Linux-6.8.0-1032-gcp-x86_64-with-glibc2.35,3.12.11,3.0.4,2,Intel(R) Xeon(R) CPU @ 2.60GHz,,,,,15.61648178100586,machine,Y,1.0
2025-08-07T11:53:45,scipy-benchmark,5d743b24-b8ef-4d96-b5b1-79144eb1c58f,scipy_LMC001_f7d9627c,1.0016869672108442,7.062589709310689e-08,7.050695417328006e-08,0.8,0.0,10.0,1.1137886955920205e-07,0.0,1.3912997919962635e-06,1.5026786615554656e-06,Canada,CAN,,gcp,northamerica-northeast2,Linux-6.8.0-1032-gcp-x86_64-with-glibc2.35,3.12.11,3.0.4,2,Intel(R) Xeon(R) CPU @ 2.60GHz,,,,,15.61648178100586,machine,Y,1.0
2025-08-07T11:53:47,scipy-benchmark,28e65a3b-d40b-45aa-8816-cc8a9dd930ac,scipy_LMC001_f7d9627c,1.0017899658996612,7.063417691592543e-08,7.050797005387465e-08,0.8,0.0,10.0,1.11387569974694e-07,0.0,1.3914672580237192e-06,1.5028548279984132e-06,Canada,CAN,,gcp,northamerica-northeast2,Linux-6.8.0-1032-gcp-x86_64-with-glibc2.35,3.12.11,3.0.4,2,Intel(R) Xeon(R) CPU @ 2.60GHz,,,,,15.61648178100586,machine,Y,1.0
2025-08-07T11:53:50,scipy-benchmark,9ac64371-4801-4a9c-87ea-2ffc7985b8ea,scipy_LMC001_f7d9627c,1.001643035095185,7.062959915280549e-08,7.051374259902245e-08,0.8,0.0,10.0,1.1137227331184678e-07,0.0,1.3913851554712489e-06,1.5027574287830957e-06,Canada,CAN,,gcp,northamerica-northeast2,Linux-6.8.0-1032-gcp-x86_64-with-glibc2.35,3.12.11,3.0.4,2,Intel(R) Xeon(R) CPU @ 2.60GHz,,,,,15.61648178100586,machine,Y,1.0
2025-08-07T11:53:52,scipy-benchmark,fc47ad11-b413-4f56-b257-57e0993a8ed3,scipy_LMC001_f7d9627c,1.0017448810394851,7.063662214678091e-08,7.051358433045658e-08,0.8,0.0,10.0,1.1138977622613313e-07,0.0,1.391517077960695e-06,1.502906854186828e-06,Canada,CAN,,gcp,northamerica-northeast2,Linux-6.8.0-1032-gcp-x86_64-with-glibc2.35,3.12.11,3.0.4,2,Intel(R) Xeon(R) CPU @ 2.60GHz,,,,,15.61648178100586,machine,Y,1.0
2025-08-07T11:53:54,scipy-benchmark,884ba1b4-c276-426a-8f19-284f144fd606,scipy_LMC001_f7d9627c,1.0016952340956775,7.063155653563122e-08,7.051202215152476e-08,0.8,0.0,10.0,1.1137699734212625e-07,0.0,1.3914220778840695e-06,1.502799075226196e-06,Canada,CAN,,gcp,northamerica-northeast2,Linux-6.8.0-1032-gcp-x86_64-with-glibc2.35,3.12.11,3.0.4,2,Intel(R) Xeon(R) CPU @ 2.60GHz,,,,,15.61648178100586,machine,Y,1.0
2025-08-07T11:53:56,scipy-benchmark,630a9de1-28af-45b1-9002-8604ce2a4094,scipy_LMC001_f7d9627c,1.0016637740191072,7.062098215546253e-08,7.050367996448617e-08,0.8,0.0,10.0,1.1136667197570205e-07,0.0,1.3912074164383943e-06,1.5025740884140965e-06,Canada,CAN,,gcp,northamerica-northeast2,Linux-6.8.0-1032-gcp-x86_64-with-glibc2.35,3.12.11,3.0.4,2,Intel(R) Xeon(R) CPU @ 2.60GHz,,,,,15.61648178100586,machine,Y,1.0
2025-08-07T11:53:58,scipy-benchmark,1a6f285a-368e-4104-8ab5-fa919fa278a7,scipy_LMC001_f7d9627c,1.001634307904169,7.06200724216178e-08,7.050484579485306e-08,0.8,0.0,10.0,1.113639348703954e-07,0.0,1.3911907975044514e-06,1.5025547323748467e-06,Canada,CAN,,gcp,northamerica-northeast2,Linux-6.8.0-1032-gcp-x86_64-with-glibc2.35,3.12.11,3.0.4,2,Intel(R) Xeon(R) CPU @ 2.60GHz,,,,,15.61648178100586,machine,Y,1.0
2025-08-07T11:54:00,scipy-benchmark,06ae9233-40fe-45ef-9663-71e7ecedd4f9,scipy_LMC001_f7d9627c,1.0017919198144227,7.063723335691935e-08,7.051088350762957e-08,0.8,0.0,10.0,1.113962730806735e-07,0.0,1.391523585577185e-06,1.5029198586578586e-06,Canada,CAN,,gcp,northamerica-northeast2,Linux-6.8.0-1032-gcp-x86_64-with-glibc2.35,3.12.11,3.0.4,2,Intel(R) Xeon(R) CPU @ 2.60GHz,,,,,15.61648178100586,machine,Y,1.0
2025-08-07T11:54:02,scipy-benchmark,6f462883-4d7d-43d0-993a-1d1172b7a5d0,scipy_LMC001_f7d9627c,1.0017039829399437,7.063637280352932e-08,7.05162143772411e-08,0.8,0.0,10.0,1.1138799067379701e-07,0.0,1.391513558337465e-06,1.502901549011262e-06,Canada,CAN,,gcp,northamerica-northeast2,Linux-6.8.0-1032-gcp-x86_64-with-glibc2.35,3.12.11,3.0.4,2,Intel(R) Xeon(R) CPU @ 2.60GHz,,,,,15.61648178100586,machine,Y,1.0
2025-08-07T11:54:05,scipy-benchmark,627fd791-9e89-4a9d-b644-c140172a8cf9,scipy_LMC001_f7d9627c,1.0017207730561497,7.06336260140977e-08,7.051229036471073e-08,0.8,0.0,10.0,1.1138672314377297e-07,0.0,1.3914563835391568e-06,1.5028431066829298e-06,Canada,CAN,,gcp,northamerica-northeast2,Linux-6.8.0-1032-gcp-x86_64-with-glibc2.35,3.12.11,3.0.4,2,Intel(R) Xeon(R) CPU @ 2.60GHz,,,,,15.61648178100586,machine,Y,1.0
2025-08-07T11:54:07,scipy-benchmark,5552b578-18eb-4f39-aa7b-29f515a4f758,scipy_LMC001_f7d9627c,1.0017062949482352,7.062546746569895e-08,7.050516485907542e-08,0.8,0.0,10.0,1.113743288959894e-07,0.0,1.3912951916507963e-06,1.5026695205467858e-06,Canada,CAN,,gcp,northamerica-northeast2,Linux-6.8.0-1032-gcp-x86_64-with-glibc2.35,3.12.11,3.0.4,2,Intel(R) Xeon(R) CPU @ 2.60GHz,,,,,15.61648178100586,machine,Y,1.0
2025-08-07T11:54:09,scipy-benchmark,2a945a8a-c4d5-41f6-92b5-4c6545ad2803,scipy_LMC001_f7d9627c,1.0016984639223665,7.062948765781605e-08,7.050972942620981e-08,0.8,0.0,10.0,1.1136850668117405e-07,0.0,1.3913865498681037e-06,1.5027550565492778e-06,Canada,CAN,,gcp,northamerica-northeast2,Linux-6.8.0-1032-gcp-x86_64-with-glibc2.35,3.12.11,3.0.4,2,Intel(R) Xeon(R) CPU @ 2.60GHz,,,,,15.61648178100586,machine,Y,1.0
2025-08-07T11:54:11,scipy-benchmark,2969c55d-99e1-438f-808d-0cd2fa962903,scipy_LMC001_f7d9627c,1.0016410320531577,7.062710388672228e-08,7.05113924316292e-08,0.8,0.0,10.0,1.1136532957769105e-07,0.0,1.3913390084376767e-06,1.5027043380153678e-06,Canada,CAN,,gcp,northamerica-northeast2,Linux-6.8.0-1032-gcp-x86_64-with-glibc2.35,3.12.11,3.0.4,2,Intel(R) Xeon(R) CPU @ 2.60GHz,,,,,15.61648178100586,machine,Y,1.0
2025-08-07T11:54:13,scipy-benchmark,e4c813b5-a298-49a8-8e91-15221c84bdcc,scipy_LMC001_f7d9627c,1.0017601591534913,7.063502820420804e-08,7.05109177668796e-08,0.8,0.0,10.0,1.1138808178818889e-07,0.0,1.3914848587268757e-06,1.5028729405150646e-06,Canada,CAN,,gcp,northamerica-northeast2,Linux-6.8.0-1032-gcp-x86_64-with-glibc2.35,3.12.11,3.0.4,2,Intel(R) Xeon(R) CPU @ 2.60GHz,,,,,15.61648178100586,machine,Y,1.0
2025-08-07T11:54:15,scipy-benchmark,e1e13e73-83b8-4fbc-bc4b-7c7ebf9a307f,scipy_LMC001_f7d9627c,1.0017670739907771,7.063809920795678e-08,7.051349664204187e-08,0.8,0.0,10.0,1.113910922366712e-07,0.0,1.3915471887836857e-06,1.5029382810203566e-06,Canada,CAN,,gcp,northamerica-northeast2,Linux-6.8.0-1032-gcp-x86_64-with-glibc2.35,3.12.11,3.0.4,2,Intel(R) Xeon(R) CPU @ 2.60GHz,,,,,15.61648178100586,machine,Y,1.0
2025-08-07T11:54:18,scipy-benchmark,105c380f-9a01-4721-be52-38d76387160f,scipy_LMC001_f7d9627c,1.001742023974657,7.063431409301443e-08,7.05114814019237e-08,0.8,0.0,10.0,1.1139190243557097e-07,0.0,1.3914658442243103e-06,1.5028577466598815e-06,Canada,CAN,,gcp,northamerica-northeast2,Linux-6.8.0-1032-gcp-x86_64-with-glibc2.35,3.12.11,3.0.4,2,Intel(R) Xeon(R) CPU @ 2.60GHz,,,,,15.61648178100586,machine,Y,1.0
2025-08-07T11:54:20,scipy-benchmark,b75a51da-18b7-4e02-9840-213b75155b7a,scipy_LMC001_f7d9627c,1.0016883229836822,7.06235165318409e-08,7.050448219409999e-08,0.8000072,0.0,10.0,1.1137710017287957e-07,0.0,1.391250911142884e-06,1.5026280113157636e-06,Canada,CAN,,gcp,northamerica-northeast2,Linux-6.8.0-1032-gcp-x86_64-with-glibc2.35,3.12.11,3.0.4,2,Intel(R) Xeon(R) CPU @ 2.60GHz,,,,,15.61648178100586,machine,Y,1.0
2025-08-07T11:54:22,scipy-benchmark,6ce0007b-21e3-47f2-839c-01665f54ae25,scipy_LMC001_f7d9627c,1.001716427039355,7.063120934092955e-08,7.051018375498261e-08,0.8,0.0,10.0,1.1138440466796357e-07,0.0,1.3914072834369208e-06,1.5027916881048842e-06,Canada,CAN,,gcp,northamerica-northeast2,Linux-6.8.0-1032-gcp-x86_64-with-glibc2.35,3.12.11,3.0.4,2,Intel(R) Xeon(R) CPU @ 2.60GHz,,,,,15.61648178100586,machine,Y,1.0
2025-08-07T11:54:24,scipy-benchmark,46fabdaf-bdb3-4d37-8cbb-3208cca469bd,scipy_LMC001_f7d9627c,1.0016401619650424,7.062450683334221e-08,7.050886088152587e-08,0.8,0.0,10.0,1.1136653196687501e-07,0.0,1.3912825495935978e-06,1.5026490815604729e-06,Canada,CAN,,gcp,northamerica-northeast2,Linux-6.8.0-1032-gcp-x86_64-with-glibc2.35,3.12.11,3.0.4,2,Intel(R) Xeon(R) CPU @ 2.60GHz,,,,,15.61648178100586,machine,Y,1.0
2025-08-07T11:54:26,scipy-benchmark,a6eed1e7-764f-49f5-aa9f-8752c768f0ba,scipy_LMC001_f7d9627c,1.001746993046254,7.063096767361275e-08,7.050779105293655e-08,0.8,0.0,10.0,1.1138766864314677e-07,0.0,1.3913988776039332e-06,1.50278654624708e-06,Canada,CAN,,gcp,northamerica-northeast2,Linux-6.8.0-1032-gcp-x86_64-with-glibc2.35,3.12.11,3.0.4,2,Intel(R) Xeon(R) CPU @ 2.60GHz,,,,,15.61648178100586,machine,Y,1.0
2025-08-07T11:54:28,scipy-benchmark,6a887ea6-3da1-4fd7-9f1c-9accdd4b984a,scipy_LMC001_f7d9627c,1.0016970760188997,7.062891281018446e-08,7.05092532473878e-08,0.8,0.0,10.0,1.1137957576041421e-07,0.0,1.3913632499881915e-06,1.5027428257486057e-06,Canada,CAN,,gcp,northamerica-northeast2,Linux-6.8.0-1032-gcp-x86_64-with-glibc2.35,3.12.11,3.0.4,2,Intel(R) Xeon(R) CPU @ 2.60GHz,,,,,15.61648178100586,machine,Y,1.0
2025-08-07T11:54:31,scipy-benchmark,cb34dbbf-b6f1-4c79-9c77-4d0ff79e3156,scipy_LMC001_f7d9627c,1.0017559339758009,7.063772286950715e-08,7.051390510776202e-08,0.8,0.0,10.0,1.113948546246522e-07,0.0,1.3915354191946486e-06,1.5029302738193007e-06,Canada,CAN,,gcp,northamerica-northeast2,Linux-6.8.0-1032-gcp-x86_64-with-glibc2.35,3.12.11,3.0.4,2,Intel(R) Xeon(R) CPU @ 2.60GHz,,,,,15.61648178100586,machine,Y,1.0
2025-08-07T11:54:33,scipy-benchmark,19a85afc-3f4a-4fe7-b072-d4b010f7580d,scipy_LMC001_f7d9627c,1.001641672104597,7.06290152832452e-08,7.051325563845921e-08,0.8,0.0,10.0,1.113683333516949e-07,0.0,1.3913766726747983e-06,1.502745006026493e-06,Canada,CAN,,gcp,northamerica-northeast2,Linux-6.8.0-1032-gcp-x86_64-with-glibc2.35,3.12.11,3.0.4,2,Intel(R) Xeon(R) CPU @ 2.60GHz,,,,,15.61648178100586,machine,Y,1.0
2025-08-07T11:54:35,scipy-benchmark,6092e6f3-6b82-48aa-af31-7a63b8e782ca,scipy_LMC001_f7d9627c,1.0016371230594814,7.062472055335011e-08,7.050928817177648e-08,0.8,0.0,10.0,1.113719704250495e-07,0.0,1.3912816583696338e-06,1.5026536287946833e-06,Canada,CAN,,gcp,northamerica-northeast2,Linux-6.8.0-1032-gcp-x86_64-with-glibc2.35,3.12.11,3.0.4,2,Intel(R) Xeon(R) CPU @ 2.60GHz,,,,,15.61648178100586,machine,Y,1.0
2025-08-07T11:54:37,scipy-benchmark,d3727e26-53d7-4533-bcff-30cbba85b658,scipy_LMC001_f7d9627c,1.001798318931833,7.063473923863949e-08,7.050794346905446e-08,0.8,0.0,10.0,1.1138831508449385e-07,0.0,1.3914784772269842e-06,1.502866792311478e-06,Canada,CAN,,gcp,northamerica-northeast2,Linux-6.8.0-1032-gcp-x86_64-with-glibc2.35,3.12.11,3.0.4,2,Intel(R) Xeon(R) CPU @ 2.60GHz,,,,,15.61648178100586,machine,Y,1.0
2025-08-07T11:54:39,scipy-benchmark,2f8a4fb1-a78d-470d-9523-b0c059cb7a13,scipy_LMC001_f7d9627c,1.0025886399671435,7.062778143357073e-08,7.04454235945515e-08,0.8,0.0,10.0,1.1136862909835246e-07,0.0,1.3913501248074075e-06,1.50271875390576e-06,Canada,CAN,,gcp,northamerica-northeast2,Linux-6.8.0-1032-gcp-x86_64-with-glibc2.35,3.12.11,3.0.4,2,Intel(R) Xeon(R) CPU @ 2.60GHz,,,,,15.61648178100586,machine,Y,1.0
2025-08-07T11:54:42,scipy-benchmark,00b78440-3735-4efe-8893-87faae992491,scipy_LMC001_f7d9627c,1.0017004690598696,7.06331385332677e-08,7.051323296230395e-08,0.8,0.0,10.0,1.113879151331883e-07,0.0,1.3914448196171886e-06,1.5028327347503767e-06,Canada,CAN,,gcp,northamerica-northeast2,Linux-6.8.0-1032-gcp-x86_64-with-glibc2.35,3.12.11,3.0.4,2,Intel(R) Xeon(R) CPU @ 2.60GHz,,,,,15.61648178100586,machine,Y,1.0
2025-08-07T11:54:44,scipy-benchmark,b27aa982-4178-4c5b-8def-ad4e046ea607,scipy_LMC001_f7d9627c,1.0017440819647163,7.063539594264392e-08,7.05124165087225e-08,0.8,0.0,10.0,1.1138795419699617e-07,0.0,1.3914928105401083e-06,1.5028807647371043e-06,Canada,CAN,,gcp,northamerica-northeast2,Linux-6.8.0-1032-gcp-x86_64-with-glibc2.35,3.12.11,3.0.4,2,Intel(R) Xeon(R) CPU @ 2.60GHz,,,,,15.61648178100586,machine,Y,1.0
2025-08-07T11:54:46,scipy-benchmark,a1b71c70-6a2b-4fb2-81fb-12e36dacd270,scipy_LMC001_f7d9627c,1.0016355249099431,7.062334485512436e-08,7.050802722025464e-08,0.8,0.0,10.0,1.1136482821570504e-07,0.0,1.3912595304039615e-06,1.5026243586196667e-06,Canada,CAN,,gcp,northamerica-northeast2,Linux-6.8.0-1032-gcp-x86_64-with-glibc2.35,3.12.11,3.0.4,2,Intel(R) Xeon(R) CPU @ 2.60GHz,,,,,15.61648178100586,machine,Y,1.0
2025-08-07T11:54:48,scipy-benchmark,511c006b-fb1e-4ead-8aee-83e7a31c01cf,scipy_LMC001_f7d9627c,1.001684877090156,7.062969018674145e-08,7.051088800693203e-08,0.8,0.0,10.0,1.1137788246075313e-07,0.0,1.3913814832145968e-06,1.50275936567535e-06,Canada,CAN,,gcp,northamerica-northeast2,Linux-6.8.0-1032-gcp-x86_64-with-glibc2.35,3.12.11,3.0.4,2,Intel(R) Xeon(R) CPU @ 2.60GHz,,,,,15.61648178100586,machine,Y,1.0
2025-08-07T11:54:50,scipy-benchmark,232dd132-9b4d-4c7c-8702-425172f45eac,scipy_LMC001_f7d9627c,1.0017357610631734,7.063873645645152e-08,7.05163369444657e-08,0.8,0.0,10.0,1.1138239533950885e-07,0.0,1.3915694441594595e-06,1.5029518394989686e-06,Canada,CAN,,gcp,northamerica-northeast2,Linux-6.8.0-1032-gcp-x86_64-with-glibc2.35,3.12.11,3.0.4,2,Intel(R) Xeon(R) CPU @ 2.60GHz,,,,,15.61648178100586,machine,Y,1.0
2025-08-07T11:54:53,scipy-benchmark,ed39212a-d712-4328-a02d-f59415341713,scipy_LMC001_f7d9627c,1.0016550892032683,7.062723599961544e-08,7.051053477479302e-08,0.8,0.0,10.0,1.1137495402039757e-07,0.0,1.3913321949075907e-06,1.5027071489279882e-06,Canada,CAN,,gcp,northamerica-northeast2,Linux-6.8.0-1032-gcp-x86_64-with-glibc2.35,3.12.11,3.0.4,2,Intel(R) Xeon(R) CPU @ 2.60GHz,,,,,15.61648178100586,machine,Y,1.0
2025-08-07T11:54:55,scipy-benchmark,ad27bf4e-ec89-4f52-8617-4d9a910b2341,scipy_LMC001_f7d9627c,1.0016290450002998,7.062703310956972e-08,7.051216561870826e-08,0.8,0.0,10.0,1.1136696818802093e-07,0.0,1.3913358639304838e-06,1.5027028321185047e-06,Canada,CAN,,gcp,northamerica-northeast2,Linux-6.8.0-1032-gcp-x86_64-with-glibc2.35,3.12.11,3.0.4,2,Intel(R) Xeon(R) CPU @ 2.60GHz,,,,,15.61648178100586,machine,Y,1.0
2025-08-07T11:54:57,scipy-benchmark,82556dce-e9e7-460e-843f-49d9c1fe2a3d,scipy_LMC001_f7d9627c,1.00166922993958,7.06281927070684e-08,7.051049447863008e-08,0.8,0.0,10.0,1.113694853459797e-07,0.0,1.3913580190597309e-06,1.5027275044057104e-06,Canada,CAN,,gcp,northamerica-northeast2,Linux-6.8.0-1032-gcp-x86_64-with-glibc2.35,3.12.11,3.0.4,2,Intel(R) Xeon(R) CPU @ 2.60GHz,,,,,15.61648178100586,machine,Y,1.0
2025-08-07T11:54:59,scipy-benchmark,e5731a51-2293-4b91-9928-16510353cc37,scipy_LMC001_f7d9627c,1.0017949279863387,7.064237538088733e-08,7.051580458975e-08,0.8,0.0,10.0,1.1140587175678877e-07,0.0,1.391623391666346e-06,1.5030292634231349e-06,Canada,CAN,,gcp,northamerica-northeast2,Linux-6.8.0-1032-gcp-x86_64-with-glibc2.35,3.12.11,3.0.4,2,Intel(R) Xeon(R) CPU @ 2.60GHz,,,,,15.61648178100586,machine,Y,1.0
2025-08-07T11:55:01,scipy-benchmark,0329cf38-3f43-4bf3-9158-81685dc54286,scipy_LMC001_f7d9627c,1.0018689231947064,7.064059481305995e-08,7.050881924534095e-08,0.8000072,0.0,10.0,1.1140277287984266e-07,0.0,1.3915886061214325e-06,1.5029913790012752e-06,Canada,CAN,,gcp,northamerica-northeast2,Linux-6.8.0-1032-gcp-x86_64-with-glibc2.35,3.12.11,3.0.4,2,Intel(R) Xeon(R) CPU @ 2.60GHz,,,,,15.61648178100586,machine,Y,1.0
2025-08-07T11:55:03,scipy-benchmark,fd320bfc-965f-40e2-86a6-ed2c926a4f52,scipy_LMC001_f7d9627c,1.0018230509012938,7.064434350248323e-08,7.051578962864528e-08,0.8,0.0,10.0,1.1140521952054568e-07,0.0,1.3916659188301613e-06,1.503071138350707e-06,Canada,CAN,,gcp,northamerica-northeast2,Linux-6.8.0-1032-gcp-x86_64-with-glibc2.35,3.12.11,3.0.4,2,Intel(R) Xeon(R) CPU @ 2.60GHz,,,,,15.61648178100586,machine,Y,1.0
2025-08-07T11:55:05,scipy-benchmark,a87bc714-d06a-419d-abb1-90b66546f6a6,scipy_LMC001_f7d9627c,1.0017210429068657,7.062850810859041e-08,7.050716225710461e-08,0.8,0.0,10.0,1.113783762169381e-07,0.0,1.3913558388594537e-06,1.5027342150763915e-06,Canada,CAN,,gcp,northamerica-northeast2,Linux-6.8.0-1032-gcp-x86_64-with-glibc2.35,3.12.11,3.0.4,2,Intel(R) Xeon(R) CPU @ 2.60GHz,,,,,15.61648178100586,machine,Y,1.0
2025-08-07T11:55:08,scipy-benchmark,4f9028c5-ab7f-4f8e-b8bc-be526d89427d,scipy_LMC001_f7d9627c,1.0016409179661423,7.06265870104544e-08,7.051088443337909e-08,0.8,0.0,10.0,1.1137616267013881e-07,0.0,1.391317177977827e-06,1.5026933406479658e-06,Canada,CAN,,gcp,northamerica-northeast2,Linux-6.8.0-1032-gcp-x86_64-with-glibc2.35,3.12.11,3.0.4,2,Intel(R) Xeon(R) CPU @ 2.60GHz,,,,,15.61648178100586,machine,Y,1.0
2025-08-07T11:55:10,scipy-benchmark,b786f150-912f-4509-977b-36fa8acba257,scipy_LMC001_f7d9627c,1.0017254231497643,7.062929921258346e-08,7.050764369192205e-08,0.8,0.0,10.0,1.1138586912097204e-07,0.0,1.3913651779552716e-06,1.5027510470762436e-06,Canada,CAN,,gcp,northamerica-northeast2,Linux-6.8.0-1032-gcp-x86_64-with-glibc2.35,3.12.11,3.0.4,2,Intel(R) Xeon(R) CPU @ 2.60GHz,,,,,15.61648178100586,machine,Y,1.0
2025-08-07T11:55:12,scipy-benchmark,2f94ac9c-fb17-4147-879a-7a0d0a99092e,scipy_LMC001_f7d9627c,1.0023602270521224,7.062435697448544e-08,7.04580599553388e-08,0.8,0.0,10.0,1.1136381819637285e-07,0.0,1.3912820748777854e-06,1.5026458930741583e-06,Canada,CAN,,gcp,northamerica-northeast2,Linux-6.8.0-1032-gcp-x86_64-with-glibc2.35,3.12.11,3.0.4,2,Intel(R) Xeon(R) CPU @ 2.60GHz,,,,,15.61648178100586,machine,Y,1.0
2025-08-07T11:55:14,scipy-benchmark,7aa54ca6-988e-47ca-9d91-cb30672ae13d,scipy_LMC001_f7d9627c,1.001654271967709,7.062333974107686e-08,7.05067024796292e-08,0.8,0.0,10.0,1.1136784709783065e-07,0.0,1.3912564027123153e-06,1.502624249810146e-06,Canada,CAN,,gcp,northamerica-northeast2,Linux-6.8.0-1032-gcp-x86_64-with-glibc2.35,3.12.11,3.0.4,2,Intel(R) Xeon(R) CPU @ 2.60GHz,,,,,15.61648178100586,machine,Y,1.0
2025-08-07T11:55:16,scipy-benchmark,43570939-ea88-43fd-a1c4-657b784bf631,scipy_LMC001_f7d9627c,1.0016692341305315,7.062812288439211e-08,7.051042447729637e-08,0.8,0.0,10.0,1.113791128930947e-07,0.0,1.3913469059237588e-06,1.5027260188168531e-06,Canada,CAN,,gcp,northamerica-northeast2,Linux-6.8.0-1032-gcp-x86_64-with-glibc2.35,3.12.11,3.0.4,2,Intel(R) Xeon(R) CPU @ 2.60GHz,,,,,15.61648178100586,machine,Y,1.0
2025-08-07T11:55:18,scipy-benchmark,3a2f59d6-b389-42ce-9958-d0a9a71d3256,scipy_LMC001_f7d9627c,1.001660651061684,7.062748130974879e-08,7.051038815879314e-08,0.8,0.0,10.0,1.1136868513292737e-07,0.0,1.3913436831595995e-06,1.502712368292527e-06,Canada,CAN,,gcp,northamerica-northeast2,Linux-6.8.0-1032-gcp-x86_64-with-glibc2.35,3.12.11,3.0.4,2,Intel(R) Xeon(R) CPU @ 2.60GHz,,,,,15.61648178100586,machine,Y,1.0
2025-08-07T11:55:21,scipy-benchmark,de215624-1780-4cf8-a775-326f5eff1b25,scipy_LMC001_f7d9627c,1.0016407370567322,7.062057542697422e-08,7.050489543235735e-08,0.8,0.0,10.0,1.1136672087013722e-07,0.0,1.3911987137463358e-06,1.502565434616473e-06,Canada,CAN,,gcp,northamerica-northeast2,Linux-6.8.0-1032-gcp-x86_64-with-glibc2.35,3.12.11,3.0.4,2,Intel(R) Xeon(R) CPU @ 2.60GHz,,,,,15.61648178100586,machine,Y,1.0
2025-08-07T11:55:23,scipy-benchmark,34c00468-d9ea-4d42-a8d2-03f5b076c260,scipy_LMC001_f7d9627c,1.001585986930877,7.06235548277489e-08,7.051172415476584e-08,0.8,0.0,10.0,1.1136956218009197e-07,0.0,1.3912592639422251e-06,1.502628826122317e-06,Canada,CAN,,gcp,northamerica-northeast2,Linux-6.8.0-1032-gcp-x86_64-with-glibc2.35,3.12.11,3.0.4,2,Intel(R) Xeon(R) CPU @ 2.60GHz,,,,,15.61648178100586,machine,Y,1.0
2025-08-07T11:55:25,scipy-benchmark,a7071018-d895-40e7-bae7-3ffaf8b86d66,scipy_LMC001_f7d9627c,1.0017776240129024,7.063936618099817e-08,7.051401876798994e-08,0.8,0.0,10.0,1.113964346651402e-07,0.0,1.391568803228438e-06,1.502965237893578e-06,Canada,CAN,,gcp,northamerica-northeast2,Linux-6.8.0-1032-gcp-x86_64-with-glibc2.35,3.12.11,3.0.4,2,Intel(R) Xeon(R) CPU @ 2.60GHz,,,,,15.61648178100586,machine,Y,1.0
2025-08-07T11:55:27,scipy-benchmark,a0d1bb25-edfd-4203-9e17-e3abc223e240,scipy_LMC001_f7d9627c,1.0017113198991865,7.06301422729157e-08,7.050947800013281e-08,0.8,0.0,10.0,1.1138122911668488e-07,0.0,1.3913877554134362e-06,1.502768984530121e-06,Canada,CAN,,gcp,northamerica-northeast2,Linux-6.8.0-1032-gcp-x86_64-with-glibc2.35,3.12.11,3.0.4,2,Intel(R) Xeon(R) CPU @ 2.60GHz,,,,,15.61648178100586,machine,Y,1.0
2025-08-07T11:55:29,scipy-benchmark,db20fd2e-12e2-4e49-8184-c2670fc1d926,scipy_LMC001_f7d9627c,1.0017186901532114,7.06311905991493e-08,7.05100057465698e-08,0.8,0.0,10.0,1.113799029133386e-07,0.0,1.3914113864302637e-06,1.5027912893436022e-06,Canada,CAN,,gcp,northamerica-northeast2,Linux-6.8.0-1032-gcp-x86_64-with-glibc2.35,3.12.11,3.0.4,2,Intel(R) Xeon(R) CPU @ 2.60GHz,,,,,15.61648178100586,machine,Y,1.0
2025-08-07T11:55:31,scipy-benchmark,1dbd9d1f-6de2-4fc0-af9e-56093e6c6e9b,scipy_LMC001_f7d9627c,1.00166740315035,7.062929436846429e-08,7.051172289956496e-08,0.8,0.0,10.0,1.1137204068816372e-07,0.0,1.391378903321715e-06,1.5027509440098787e-06,Canada,CAN,,gcp,northamerica-northeast2,Linux-6.8.0-1032-gcp-x86_64-with-glibc2.35,3.12.11,3.0.4,2,Intel(R) Xeon(R) CPU @ 2.60GHz,,,,,15.61648178100586,machine,Y,1.0
2025-08-07T11:55:33,scipy-benchmark,a283d737-3d0e-470c-98e4-ab5267bab7ee,scipy_LMC001_f7d9627c,1.001649761106819,7.06233849419126e-08,7.05070651281083e-08,0.8,0.0,10.0,1.1136848091458281e-07,0.0,1.3912567306154718e-06,1.502625211530055e-06,Canada,CAN,,gcp,northamerica-northeast2,Linux-6.8.0-1032-gcp-x86_64-with-glibc2.35,3.12.11,3.0.4,2,Intel(R) Xeon(R) CPU @ 2.60GHz,,,,,15.61648178100586,machine,Y,1.0
2025-08-07T11:55:36,scipy-benchmark,06f4f00a-b00c-43a4-b09c-d5487a22cd2c,scipy_LMC001_f7d9627c,1.001608886057511,7.062163138658637e-08,7.050819173995565e-08,0.8,0.0,10.0,1.1136807423705857e-07,0.0,1.3912198276052046e-06,1.5025879018422632e-06,Canada,CAN,,gcp,northamerica-northeast2,Linux-6.8.0-1032-gcp-x86_64-with-glibc2.35,3.12.11,3.0.4,2,Intel(R) Xeon(R) CPU @ 2.60GHz,,,,,15.61648178100586,machine,Y,1.0
2025-08-07T11:55:38,scipy-benchmark,1b6c1490-9845-4b02-b386-881df21dd0fb,scipy_LMC001_f7d9627c,1.0015803868882358,7.062622877300926e-08,7.051478812642752e-08,0.8,0.0,10.0,1.1136267132436237e-07,0.0,1.3913230472503025e-06,1.5026857185746647e-06,Canada,CAN,,gcp,northamerica-northeast2,Linux-6.8.0-1032-gcp-x86_64-with-glibc2.35,3.12.11,3.0.4,2,Intel(R) Xeon(R) CPU @ 2.60GHz,,,,,15.61648178100586,machine,Y,1.0
2025-08-07T11:55:40,scipy-benchmark,283a7af0-0d4e-4775-bf58-5db02eb86752,scipy_LMC001_f7d9627c,1.001738630933687,7.063420172136589e-08,7.05116080584115e-08,0.8,0.0,10.0,1.1139247819988265e-07,0.0,1.3914628775738594e-06,1.502855355773742e-06,Canada,CAN,,gcp,northamerica-northeast2,Linux-6.8.0-1032-gcp-x86_64-with-glibc2.35,3.12.11,3.0.4,2,Intel(R) Xeon(R) CPU @ 2.60GHz,,,,,15.61648178100586,machine,Y,1.0
2025-08-07T11:55:42,scipy-benchmark,bd02b9a8-bac6-452b-bb40-c765fe231e8b,scipy_LMC001_f7d9627c,1.0017514391802251,7.063402853924263e-08,7.051053362802792e-08,0.8,0.0,10.0,1.1138429337491592e-07,0.0,1.3914673776727998e-06,1.5028516710477157e-06,Canada,CAN,,gcp,northamerica-northeast2,Linux-6.8.0-1032-gcp-x86_64-with-glibc2.35,3.12.11,3.0.4,2,Intel(R) Xeon(R) CPU @ 2.60GHz,,,,,15.61648178100586,machine,Y,1.0
2025-08-07T11:55:44,scipy-benchmark,268cdb94-a0ea-4425-a231-f13e7ad8767a,scipy_LMC001_f7d9627c,1.0017024960834533,7.062501098042251e-08,7.05049765340094e-08,0.8,0.0,10.0,1.1137994446067348e-07,0.0,1.3912798636334225e-06,1.502659808094096e-06,Canada,CAN,,gcp,northamerica-northeast2,Linux-6.8.0-1032-gcp-x86_64-with-glibc2.35,3.12.11,3.0.4,2,Intel(R) Xeon(R) CPU @ 2.60GHz,,,,,15.61648178100586,machine,Y,1.0
2025-08-07T11:55:46,scipy-benchmark,d59a3112-c9f4-4f3b-817c-3a95715c65a7,scipy_LMC001_f7d9627c,1.0016986189875752,7.063681185667974e-08,7.05170302900816e-08,0.8004608000000001,0.0,10.0,1.114535071502328e-07,0.0,1.391457383417421e-06,1.502910890567654e-06,Canada,CAN,,gcp,northamerica-northeast2,Linux-6.8.0-1032-gcp-x86_64-with-glibc2.35,3.12.11,3.0.4,2,Intel(R) Xeon(R) CPU @ 2.60GHz,,,,,15.61648178100586,machine,Y,1.0
2025-08-07T11:55:48,scipy-benchmark,b26c4c34-8493-4d06-9536-507534d3bf3d,scipy_LMC001_f7d9627c,1.0017449900042266,7.063312745891098e-08,7.051008806004905e-08,0.8,0.0,10.0,1.11385440453887e-07,0.0,1.3914470586718783e-06,1.5028324991257654e-06,Canada,CAN,,gcp,northamerica-northeast2,Linux-6.8.0-1032-gcp-x86_64-with-glibc2.35,3.12.11,3.0.4,2,Intel(R) Xeon(R) CPU @ 2.60GHz,,,,,15.61648178100586,machine,Y,1.0
2025-08-07T11:55:51,scipy-benchmark,61e7f98c-0508-4d6d-9ff3-e885d3dde102,scipy_LMC001_f7d9627c,1.0017454670742154,7.063108776496827e-08,7.050801834048675e-08,0.8,0.0,10.0,1.1138169312228761e-07,0.0,1.391407408260016e-06,1.5027891013823034e-06,Canada,CAN,,gcp,northamerica-northeast2,Linux-6.8.0-1032-gcp-x86_64-with-glibc2.35,3.12.11,3.0.4,2,Intel(R) Xeon(R) CPU @ 2.60GHz,,,,,15.61648178100586,machine,Y,1.0
2025-08-07T11:55:53,scipy-benchmark,70692330-4dd0-473d-90a3-08edbc4b9bae,scipy_LMC001_f7d9627c,1.0016546070110053,7.06267037131151e-08,7.051003731103402e-08,0.8,0.0,10.0,1.1137485379974049e-07,0.0,1.3913209698835594e-06,1.5026958236832998e-06,Canada,CAN,,gcp,northamerica-northeast2,Linux-6.8.0-1032-gcp-x86_64-with-glibc2.35,3.12.11,3.0.4,2,Intel(R) Xeon(R) CPU @ 2.60GHz,,,,,15.61648178100586,machine,Y,1.0
2025-08-07T11:55:55,scipy-benchmark,c60d7444-a203-442f-b07b-e20b7ee56065,scipy_LMC001_f7d9627c,1.0016913511790335,7.063450616525694e-08,7.0515240130722e-08,0.8,0.0,10.0,1.1138384954796897e-07,0.0,1.3914779837553698e-06,1.5028618333033388e-06,Canada,CAN,,gcp,northamerica-northeast2,Linux-6.8.0-1032-gcp-x86_64-with-glibc2.35,3.12.11,3.0.4,2,Intel(R) Xeon(R) CPU @ 2.60GHz,,,,,15.61648178100586,machine,Y,1.0
2025-08-07T11:55:57,scipy-benchmark,ce89bc7f-3190-4de9-a078-cb8a73485251,scipy_LMC001_f7d9627c,1.0016638680826873,7.06283783545304e-08,7.051105725688411e-08,0.8,0.0,10.0,1.1137619045459565e-07,0.0,1.3913552638971144e-06,1.50273145435171e-06,Canada,CAN,,gcp,northamerica-northeast2,Linux-6.8.0-1032-gcp-x86_64-with-glibc2.35,3.12.11,3.0.4,2,Intel(R) Xeon(R) CPU @ 2.60GHz,,,,,15.61648178100586,machine,Y,1.0
2025-08-07T11:55:59,scipy-benchmark,ee2cfc64-b4f0-4617-adaf-debd79e6b347,scipy_LMC001_f7d9627c,1.0017124300356954,7.062577271694317e-08,7.050503777259353e-08,0.8,0.0,10.0,1.1137811824058492e-07,0.0,1.391297897013525e-06,1.5026760152541098e-06,Canada,CAN,,gcp,northamerica-northeast2,Linux-6.8.0-1032-gcp-x86_64-with-glibc2.35,3.12.11,3.0.4,2,Intel(R) Xeon(R) CPU @ 2.60GHz,,,,,15.61648178100586,machine,Y,1.0
2025-08-07T11:56:01,scipy-benchmark,abc76f53-b874-491e-98be-a3227193e4f9,scipy_LMC001_f7d9627c,1.001684236805886,7.063006031805548e-08,7.051130258700745e-08,0.8,0.0,10.0,1.1137343244627121e-07,0.0,1.3913938083634194e-06,1.5027672408096906e-06,Canada,CAN,,gcp,northamerica-northeast2,Linux-6.8.0-1032-gcp-x86_64-with-glibc2.35,3.12.11,3.0.4,2,Intel(R) Xeon(R) CPU @ 2.60GHz,,,,,15.61648178100586,machine,Y,1.0
2025-08-07T11:56:04,scipy-benchmark,43931027-c625-4df6-80d5-6063ec7dc860,scipy_LMC001_f7d9627c,1.001749943010509,7.063175876179916e-08,7.05083731270631e-08,0.8,0.0,10.0,1.113897666542067e-07,0.0,1.391413611256414e-06,1.5028033779106205e-06,Canada,CAN,,gcp,northamerica-northeast2,Linux-6.8.0-1032-gcp-x86_64-with-glibc2.35,3.12.11,3.0.4,2,Intel(R) Xeon(R) CPU @ 2.60GHz,,,,,15.61648178100586,machine,Y,1.0
2025-08-07T11:56:06,scipy-benchmark,7d547713-6b28-460c-9015-d5181fcfad80,scipy_LMC001_f7d9627c,1.001708985073492,7.063107055764542e-08,7.051056904761961e-08,0.8,0.0,10.0,1.1138371869714725e-07,0.0,1.3914050165719045e-06,1.5027887352690517e-06,Canada,CAN,,gcp,northamerica-northeast2,Linux-6.8.0-1032-gcp-x86_64-with-glibc2.35,3.12.11,3.0.4,2,Intel(R) Xeon(R) CPU @ 2.60GHz,,,,,15.61648178100586,machine,Y,1.0
2025-08-07T11:56:08,scipy-benchmark,b163dea0-dc65-4ef2-831a-a136f51d7066,scipy_LMC001_f7d9627c,1.0016782630700618,7.06320331901467e-08,7.051369266381534e-08,0.8,0.0,10.0,1.1138148890394305e-07,0.0,1.391427727907689e-06,1.502809216811632e-06,Canada,CAN,,gcp,northamerica-northeast2,Linux-6.8.0-1032-gcp-x86_64-with-glibc2.35,3.12.11,3.0.4,2,Intel(R) Xeon(R) CPU @ 2.60GHz,,,,,15.61648178100586,machine,Y,1.0
2025-08-07T11:56:10,scipy-benchmark,4dbfa3c5-95a7-4f24-92ef-747ce4a7b87d,scipy_LMC001_f7d9627c,1.0016981400549412,7.063157248450445e-08,7.051183351566416e-08,0.8,0.0,10.0,1.1138529754761193e-07,0.0,1.3914141170163122e-06,1.502799414563924e-06,Canada,CAN,,gcp,northamerica-northeast2,Linux-6.8.0-1032-gcp-x86_64-with-glibc2.35,3.12.11,3.0.4,2,Intel(R) Xeon(R) CPU @ 2.60GHz,,,,,15.61648178100586,machine,Y,1.0
2025-08-07T11:56:12,scipy-benchmark,fb9fe8c2-d472-4fdd-903d-76b68ddfb6a5,scipy_LMC001_f7d9627c,1.0016865150537342,7.06285243772436e-08,7.050960886046752e-08,0.8,0.0,10.0,1.1138081136677e-07,0.0,1.391353749851179e-06,1.502734561217949e-06,Canada,CAN,,gcp,northamerica-northeast2,Linux-6.8.0-1032-gcp-x86_64-with-glibc2.35,3.12.11,3.0.4,2,Intel(R) Xeon(R) CPU @ 2.60GHz,,,,,15.61648178100586,machine,Y,1.0
2025-08-07T11:56:14,scipy-benchmark,2fd65c0d-21b5-4095-91c2-1381fdecdf71,scipy_LMC001_f7d9627c,1.001772073097527,7.063244243553425e-08,7.05074979951631e-08,0.8,0.0,10.0,1.1138759889743396e-07,0.0,1.3914303252628694e-06,1.5028179241603034e-06,Canada,CAN,,gcp,northamerica-northeast2,Linux-6.8.0-1032-gcp-x86_64-with-glibc2.35,3.12.11,3.0.4,2,Intel(R) Xeon(R) CPU @ 2.60GHz,,,,,15.61648178100586,machine,Y,1.0
2025-08-07T11:56:16,scipy-benchmark,239cd2d8-7e5c-4eff-8cfd-adf1abb4e57d,scipy_LMC001_f7d9627c,1.0018035110551864,7.063736031171447e-08,7.051019439661684e-08,0.8000072,0.0,10.0,1.114026212798592e-07,0.0,1.3915199385438528e-06,1.502922559823712e-06,Canada,CAN,,gcp,northamerica-northeast2,Linux-6.8.0-1032-gcp-x86_64-with-glibc2.35,3.12.11,3.0.4,2,Intel(R) Xeon(R) CPU @ 2.60GHz,,,,,15.61648178100586,machine,Y,1.0
2025-08-07T11:56:19,scipy-benchmark,f6b0e6a2-b769-43a7-becb-b188dee81665,scipy_LMC001_f7d9627c,1.0016822940669954,7.06249134524001e-08,7.050630112033956e-08,0.8,0.0,10.0,1.1137775492130057e-07,0.0,1.3912799781084887e-06,1.5026577330297892e-06,Canada,CAN,,gcp,northamerica-northeast2,Linux-6.8.0-1032-gcp-x86_64-with-glibc2.35,3.12.11,3.0.4,2,Intel(R) Xeon(R) CPU @ 2.60GHz,,,,,15.61648178100586,machine,Y,1.0
2025-08-07T11:56:21,scipy-benchmark,c2426d1c-6280-4ee5-b776-92230035097a,scipy_LMC001_f7d9627c,1.0017287018708885,7.063166851576211e-08,7.05097781303922e-08,0.8,0.0,10.0,1.1138377198949457e-07,0.0,1.391417685792678e-06,1.5028014577821726e-06,Canada,CAN,,gcp,northamerica-northeast2,Linux-6.8.0-1032-gcp-x86_64-with-glibc2.35,3.12.11,3.0.4,2,Intel(R) Xeon(R) CPU @ 2.60GHz,,,,,15.61648178100586,machine,Y,1.0
2025-08-07T11:56:23,scipy-benchmark,29ff9a88-a2bd-415a-88a6-b3ebd5271edf,scipy_LMC001_f7d9627c,1.0017019470687956,7.06312471029297e-08,7.051124070349724e-08,0.8,0.0,10.0,1.113757002167404e-07,0.0,1.3914167913349551e-06,1.5027924915516956e-06,Canada,CAN,,gcp,northamerica-northeast2,Linux-6.8.0-1032-gcp-x86_64-with-glibc2.35,3.12.11,3.0.4,2,Intel(R) Xeon(R) CPU @ 2.60GHz,,,,,15.61648178100586,machine,Y,1.0
2025-08-07T11:56:25,scipy-benchmark,42d640f2-a407-4916-bf31-3d1a08d1baf6,scipy_LMC001_f7d9627c,1.0016935078892857,7.06311450505681e-08,7.051173287465765e-08,0.8,0.0,10.0,1.1138023441243504e-07,0.0,1.391410085812418e-06,1.502790320224853e-06,Canada,CAN,,gcp,northamerica-northeast2,Linux-6.8.0-1032-gcp-x86_64-with-glibc2.35,3.12.11,3.0.4,2,Intel(R) Xeon(R) CPU @ 2.60GHz,,,,,15.61648178100586,machine,Y,1.0
2025-08-07T11:56:27,scipy-benchmark,e2d60ba0-699f-480d-8ca5-1e27cd3959ef,scipy_LMC001_f7d9627c,1.0017204589676112,7.06309237117724e-08,7.050961481266514e-08,0.8,0.0,10.0,1.1137650555206669e-07,0.0,1.3914091053367077e-06,1.5027856108887744e-06,Canada,CAN,,gcp,northamerica-northeast2,Linux-6.8.0-1032-gcp-x86_64-with-glibc2.35,3.12.11,3.0.4,2,Intel(R) Xeon(R) CPU @ 2.60GHz,,,,,15.61648178100586,machine,Y,1.0
2025-08-07T11:56:29,scipy-benchmark,bec8f25c-79e3-4411-a44f-6567542b64e7,scipy_LMC001_f7d9627c,1.0016167450230569,7.062585380487144e-08,7.051185411566345e-08,0.8,0.0,10.0,1.113646293265952e-07,0.0,1.3913131112025844e-06,1.5026777405291796e-06,Canada,CAN,,gcp,northamerica-northeast2,Linux-6.8.0-1032-gcp-x86_64-with-glibc2.35,3.12.11,3.0.4,2,Intel(R) Xeon(R) CPU @ 2.60GHz,,,,,15.61648178100586,machine,Y,1.0
2025-08-07T11:56:32,scipy-benchmark,959eb2a0-4359-4a01-8a11-d1aa23197fc9,scipy_LMC001_f7d9627c,1.0016194260679183,7.06294060583205e-08,7.051521188600749e-08,0.8000072,0.0,10.0,1.1137242571932757e-07,0.0,1.39138089467047e-06,1.5027533203897977e-06,Canada,CAN,,gcp,northamerica-northeast2,Linux-6.8.0-1032-gcp-x86_64-with-glibc2.35,3.12.11,3.0.4,2,Intel(R) Xeon(R) CPU @ 2.60GHz,,,,,15.61648178100586,machine,Y,1.0
2025-08-07T11:56:34,scipy-benchmark,600e1d8a-bcd8-44ac-8045-3d619bedd0e6,scipy_LMC001_f7d9627c,1.0017048891168088,7.062818925879482e-08,7.050798096939194e-08,0.8,0.0,10.0,1.1138411135309273e-07,0.0,1.3913433196850951e-06,1.5027274310381875e-06,Canada,CAN,,gcp,northamerica-northeast2,Linux-6.8.0-1032-gcp-x86_64-with-glibc2.35,3.12.11,3.0.4,2,Intel(R) Xeon(R) CPU @ 2.60GHz,,,,,15.61648178100586,machine,Y,1.0
2025-08-07T11:56:36,scipy-benchmark,af6403e6-d668-45be-bfe3-26a11240a4fc,scipy_LMC001_f7d9627c,1.0016871739644555,7.062866871108096e-08,7.050970656991477e-08,0.8,0.0,10.0,1.1138348778088889e-07,0.0,1.3913541443697695e-06,1.5027376321506583e-06,Canada,CAN,,gcp,northamerica-northeast2,Linux-6.8.0-1032-gcp-x86_64-with-glibc2.35,3.12.11,3.0.4,2,Intel(R) Xeon(R) CPU @ 2.60GHz,,,,,15.61648178100586,machine,Y,1.0
2025-08-07T11:56:38,scipy-benchmark,9d0af45c-3d41-49e2-a1f9-413bf1b0f3f2,scipy_LMC001_f7d9627c,1.001696312101558,7.06296913447229e-08,7.051008423555228e-08,0.8000072,0.0,10.0,1.1138709873506628e-07,0.0,1.3913722915781867e-06,1.502759390313253e-06,Canada,CAN,,gcp,northamerica-northeast2,Linux-6.8.0-1032-gcp-x86_64-with-glibc2.35,3.12.11,3.0.4,2,Intel(R) Xeon(R) CPU @ 2.60GHz,,,,,15.61648178100586,machine,Y,1.0
2025-08-07T11:56:40,scipy-benchmark,13f29319-c522-4f2c-9603-9e5efd469a6b,scipy_LMC001_f7d9627c,1.001584538957104,7.062083045574319e-08,7.050910603040742e-08,0.8,0.0,10.0,1.1135481665324837e-07,0.0,1.391216044107245e-06,1.5025708607604937e-06,Canada,CAN,,gcp,northamerica-northeast2,Linux-6.8.0-1032-gcp-x86_64-with-glibc2.35,3.12.11,3.0.4,2,Intel(R) Xeon(R) CPU @ 2.60GHz,,,,,15.61648178100586,machine,Y,1.0
2025-08-07T11:56:42,scipy-benchmark,9970e147-4466-40ba-afbf-85dbef05dfcf,scipy_LMC001_f7d9627c,1.00165740493685,7.062577959525192e-08,7.050891776685318e-08,0.8,0.0,10.0,1.1137546997310389e-07,0.0,1.3913006916280008e-06,1.5026761616011046e-06,Canada,CAN,,gcp,northamerica-northeast2,Linux-6.8.0-1032-gcp-x86_64-with-glibc2.35,3.12.11,3.0.4,2,Intel(R) Xeon(R) CPU @ 2.60GHz,,,,,15.61648178100586,machine,Y,1.0
2025-08-07T11:56:44,scipy-benchmark,d4e01db4-7890-4e66-a66a-b2980d41cdb1,scipy_LMC001_f7d9627c,1.0017401569057256,7.063308253286717e-08,7.051038340226436e-08,0.8,0.0,10.0,1.1138437398605877e-07,0.0,1.3914471692664342e-06,1.5028315432524931e-06,Canada,CAN,,gcp,northamerica-northeast2,Linux-6.8.0-1032-gcp-x86_64-with-glibc2.35,3.12.11,3.0.4,2,Intel(R) Xeon(R) CPU @ 2.60GHz,,,,,15.61648178100586,machine,Y,1.0
2025-08-07T11:56:47,scipy-benchmark,72ddcd8e-d3da-424d-9eda-2ed8c47beab7,scipy_LMC001_f7d9627c,1.001669747987762,7.06356584459258e-08,7.051791130542239e-08,0.8009000000000002,0.0,10.0,1.1150268003092305e-07,0.0,1.391383669882392e-06,1.502886349913315e-06,Canada,CAN,,gcp,northamerica-northeast2,Linux-6.8.0-1032-gcp-x86_64-with-glibc2.35,3.12.11,3.0.4,2,Intel(R) Xeon(R) CPU @ 2.60GHz,,,,,15.61648178100586,machine,Y,1.0
2025-08-07T11:56:49,scipy-benchmark,845da484-b985-4081-a6c1-f2639772aa32,scipy_LMC001_f7d9627c,1.001709810923785,7.062920732509037e-08,7.050865086362239e-08,0.8,0.0,10.0,1.113783584700691e-07,0.0,1.3913707335531298e-06,1.5027490920231988e-06,Canada,CAN,,gcp,northamerica-northeast2,Linux-6.8.0-1032-gcp-x86_64-with-glibc2.35,3.12.11,3.0.4,2,Intel(R) Xeon(R) CPU @ 2.60GHz,,,,,15.61648178100586,machine,Y,1.0
2025-08-07T11:56:51,scipy-benchmark,1abdda28-46ff-40cd-9243-9ed09e61026c,scipy_LMC001_f7d9627c,1.0017044129781425,7.062891532951552e-08,7.05087393191475e-08,0.8,0.0,10.0,1.1138193179956744e-07,0.0,1.3913609475518268e-06,1.5027428793513942e-06,Canada,CAN,,gcp,northamerica-northeast2,Linux-6.8.0-1032-gcp-x86_64-with-glibc2.35,3.12.11,3.0.4,2,Intel(R) Xeon(R) CPU @ 2.60GHz,,,,,15.61648178100586,machine,Y,1.0
2025-08-07T11:56:53,scipy-benchmark,00017e77-5cb9-4798-a850-4f3b281a06c1,scipy_LMC001_f7d9627c,1.0016233550850302,7.062634612617291e-08,7.051188030672195e-08,0.8,0.0,10.0,1.113701042098304e-07,0.0,1.391318111240657e-06,1.5026882154504874e-06,Canada,CAN,,gcp,northamerica-northeast2,Linux-6.8.0-1032-gcp-x86_64-with-glibc2.35,3.12.11,3.0.4,2,Intel(R) Xeon(R) CPU @ 2.60GHz,,,,,15.61648178100586,machine,Y,1.0
2025-08-07T11:56:55,scipy-benchmark,e0f3f0ab-448e-4fc4-a479-f0e9db8a75f2,scipy_LMC001_f7d9627c,1.0017192251980305,7.063777953013778e-08,7.051654570787873e-08,0.8,0.0,10.0,1.1138485713551444e-07,0.0,1.391546622229119e-06,1.5029314793646337e-06,Canada,CAN,,gcp,northamerica-northeast2,Linux-6.8.0-1032-gcp-x86_64-with-glibc2.35,3.12.11,3.0.4,2,Intel(R) Xeon(R) CPU @ 2.60GHz,,,,,15.61648178100586,machine,Y,1.0
2025-08-07T11:56:57,scipy-benchmark,f48bd2ee-6bd7-49aa-8425-3e2fe5ffe448,scipy_LMC001_f7d9627c,1.001778410980478,7.063131951302706e-08,7.050593099116355e-08,0.8,0.0,10.0,1.1138094868510965e-07,0.0,1.391413083506955e-06,1.5027940321920647e-06,Canada,CAN,,gcp,northamerica-northeast2,Linux-6.8.0-1032-gcp-x86_64-with-glibc2.35,3.12.11,3.0.4,2,Intel(R) Xeon(R) CPU @ 2.60GHz,,,,,15.61648178100586,machine,Y,1.0
2025-08-07T11:57:00,scipy-benchmark,d731e826-6688-4b8b-b8b5-b7150332da82,scipy_LMC001_f7d9627c,1.0017356909811497,7.063410427237656e-08,7.051171771986479e-08,0.8,0.0,10.0,1.1138659932961069e-07,0.0,1.3914666830613797e-06,1.5028532823909902e-06,Canada,CAN,,gcp,northamerica-northeast2,Linux-6.8.0-1032-gcp-x86_64-with-glibc2.35,3.12.11,3.0.4,2,Intel(R) Xeon(R) CPU @ 2.60GHz,,,,,15.61648178100586,machine,Y,1.0
2025-08-07T11:57:02,scipy-benchmark,6d7d93fa-427f-4fed-b5f8-5baaf94be901,scipy_LMC001_f7d9627c,1.001745963934809,7.063689102579116e-08,7.051377651508865e-08,0.8,0.0,10.0,1.1138755041691997e-07,0.0,1.391525024599913e-06,1.5029125750168331e-06,Canada,CAN,,gcp,northamerica-northeast2,Linux-6.8.0-1032-gcp-x86_64-with-glibc2.35,3.12.11,3.0.4,2,Intel(R) Xeon(R) CPU @ 2.60GHz,,,,,15.61648178100586,machine,Y,1.0
2025-08-07T11:57:04,scipy-benchmark,443d1947-046c-403d-827f-3411ce6f97d0,scipy_LMC001_f7d9627c,1.0017258180305362,7.062775093653343e-08,7.050607028916614e-08,0.8,0.0,10.0,1.1138919109685553e-07,0.0,1.3913289139357707e-06,1.5027181050326262e-06,Canada,CAN,,gcp,northamerica-northeast2,Linux-6.8.0-1032-gcp-x86_64-with-glibc2.35,3.12.11,3.0.4,2,Intel(R) Xeon(R) CPU @ 2.60GHz,,,,,15.61648178100586,machine,Y,1.0
2025-08-07T11:57:06,scipy-benchmark,8abd57ed-70cc-4e82-a992-66f5a2b9e9fb,scipy_LMC001_f7d9627c,1.001680911052972,7.062838882458813e-08,7.050986800810969e-08,0.8,0.0,10.0,1.1137855202994413e-07,0.0,1.3913531250889518e-06,1.502731677118896e-06,Canada,CAN,,gcp,northamerica-northeast2,Linux-6.8.0-1032-gcp-x86_64-with-glibc2.35,3.12.11,3.0.4,2,Intel(R) Xeon(R) CPU @ 2.60GHz,,,,,15.61648178100586,machine,Y,1.0
2025-08-07T11:57:08,scipy-benchmark,291ad0ad-7912-4899-840e-4a70f132ee0b,scipy_LMC001_f7d9627c,1.001673697028309,7.062209505657666e-08,7.050409256636471e-08,0.8,0.0,10.0,1.113723393322693e-07,0.0,1.3912254278289362e-06,1.5025977671612057e-06,Canada,CAN,,gcp,northamerica-northeast2,Linux-6.8.0-1032-gcp-x86_64-with-glibc2.35,3.12.11,3.0.4,2,Intel(R) Xeon(R) CPU @ 2.60GHz,,,,,15.61648178100586,machine,Y,1.0
2025-08-07T11:57:10,scipy-benchmark,a6dfa9e9-97e1-46be-9b4c-15778bbf68bf,scipy_LMC001_f7d9627c,1.001689522061497,7.063060929512399e-08,7.051147859644651e-08,0.8,0.0,10.0,1.1138497893181113e-07,0.0,1.3913939422410395e-06,1.5027789211728503e-06,Canada,CAN,,gcp,northamerica-northeast2,Linux-6.8.0-1032-gcp-x86_64-with-glibc2.35,3.12.11,3.0.4,2,Intel(R) Xeon(R) CPU @ 2.60GHz,,,,,15.61648178100586,machine,Y,1.0
2025-08-07T11:57:12,scipy-benchmark,6cbc7fd7-f6ba-4b45-97aa-12a6e3c2cf75,scipy_LMC001_f7d9627c,1.0018054249230772,7.063634306764127e-08,7.050904428179256e-08,0.8,0.0,10.0,1.1139042489230636e-07,0.0,1.3915104914404863e-06,1.5029009163327929e-06,Canada,CAN,,gcp,northamerica-northeast2,Linux-6.8.0-1032-gcp-x86_64-with-glibc2.35,3.12.11,3.0.4,2,Intel(R) Xeon(R) CPU @ 2.60GHz,,,,,15.61648178100586,machine,Y,1.0
2025-08-07T11:57:15,scipy-benchmark,c607175b-90ec-4c84-8b7e-1d6dd008c7ce,scipy_LMC001_f7d9627c,1.001729300012812,7.063775502015942e-08,7.051581202552023e-08,0.8,0.0,10.0,1.1139252999176585e-07,0.0,1.3915384278839662e-06,1.502930957875732e-06,Canada,CAN,,gcp,northamerica-northeast2,Linux-6.8.0-1032-gcp-x86_64-with-glibc2.35,3.12.11,3.0.4,2,Intel(R) Xeon(R) CPU @ 2.60GHz,,,,,15.61648178100586,machine,Y,1.0
2025-08-07T11:57:17,scipy-benchmark,0b8bd706-eb4d-4dc2-95bd-97fc4c889da0,scipy_LMC001_f7d9627c,1.0017046481370926,7.062772397774583e-08,7.050753344221255e-08,0.8,0.0,10.0,1.113776175512208e-07,0.0,1.3913399138901795e-06,1.5027175314414005e-06,Canada,CAN,,gcp,northamerica-northeast2,Linux-6.8.0-1032-gcp-x86_64-with-glibc2.35,3.12.11,3.0.4,2,Intel(R) Xeon(R) CPU @ 2.60GHz,,,,,15.61648178100586,machine,Y,1.0
2025-08-07T11:57:19,scipy-benchmark,6a8a195c-cc5d-4333-8642-afd2cc9d97e9,scipy_LMC001_f7d9627c,1.0017259400337934,7.062964290064864e-08,7.050795040634161e-08,0.8,0.0,10.0,1.1138815443134985e-07,0.0,1.3913702051569192e-06,1.502758359588269e-06,Canada,CAN,,gcp,northamerica-northeast2,Linux-6.8.0-1032-gcp-x86_64-with-glibc2.35,3.12.11,3.0.4,2,Intel(R) Xeon(R) CPU @ 2.60GHz,,,,,15.61648178100586,machine,Y,1.0
2025-08-07T11:57:21,scipy-benchmark,2c7549b9-afb2-43b6-a6c9-c4a009106cce,scipy_LMC001_f7d9627c,1.0017060758545997,7.06303700085264e-08,7.051007447296204e-08,0.8,0.0,10.0,1.1138081064240801e-07,0.0,1.3913930193262382e-06,1.5027738299686462e-06,Canada,CAN,,gcp,northamerica-northeast2,Linux-6.8.0-1032-gcp-x86_64-with-glibc2.35,3.12.11,3.0.4,2,Intel(R) Xeon(R) CPU @ 2.60GHz,,,,,15.61648178100586,machine,Y,1.0
2025-08-07T11:57:23,scipy-benchmark,b66b873b-fe09-4eeb-ab33-e7887aef2155,scipy_LMC001_f7d9627c,1.0016280279960483,7.062455484532339e-08,7.050976297720179e-08,0.8,0.0,10.0,1.1135832241011993e-07,0.0,1.3912917806818668e-06,1.5026501030919867e-06,Canada,CAN,,gcp,northamerica-northeast2,Linux-6.8.0-1032-gcp-x86_64-with-glibc2.35,3.12.11,3.0.4,2,Intel(R) Xeon(R) CPU @ 2.60GHz,,,,,15.61648178100586,machine,Y,1.0
2025-08-07T11:57:25,scipy-benchmark,1bfe489a-b78c-4571-9997-7b724c6b516a,scipy_LMC001_f7d9627c,1.001706365030259,7.063640262696169e-08,7.051607646001924e-08,0.8,0.0,10.0,1.1137764466305581e-07,0.0,1.3915245388893202e-06,1.502902183552376e-06,Canada,CAN,,gcp,northamerica-northeast2,Linux-6.8.0-1032-gcp-x86_64-with-glibc2.35,3.12.11,3.0.4,2,Intel(R) Xeon(R) CPU @ 2.60GHz,,,,,15.61648178100586,machine,Y,1.0
2025-08-07T11:57:28,scipy-benchmark,553e6cc7-b188-40fd-afa9-a52d14d6063b,scipy_LMC001_f7d9627c,1.0016844561323524,7.062756233688238e-08,7.050879336750973e-08,0.8,0.0,10.0,1.1137348377249309e-07,0.0,1.3913406085016e-06,1.5027140922740932e-06,Canada,CAN,,gcp,northamerica-northeast2,Linux-6.8.0-1032-gcp-x86_64-with-glibc2.35,3.12.11,3.0.4,2,Intel(R) Xeon(R) CPU @ 2.60GHz,,,,,15.61648178100586,machine,Y,1.0
2025-08-07T11:57:30,scipy-benchmark,2104b96e-fa56-406b-943f-6ba2a9c6442f,scipy_LMC001_f7d9627c,1.00174217694439,7.062882636503006e-08,7.05059924505414e-08,0.8,0.0,10.0,1.1138340334097549e-07,0.0,1.3913575831490258e-06,1.5027409864900012e-06,Canada,CAN,,gcp,northamerica-northeast2,Linux-6.8.0-1032-gcp-x86_64-with-glibc2.35,3.12.11,3.0.4,2,Intel(R) Xeon(R) CPU @ 2.60GHz,,,,,15.61648178100586,machine,Y,1.0
2025-08-07T11:57:32,scipy-benchmark,00baa0d4-895d-40ae-b364-4a5763ea8ae9,scipy_LMC001_f7d9627c,1.0016755280084908,7.062973721871255e-08,7.051159306960113e-08,0.8,0.0,10.0,1.1137784381086629e-07,0.0,1.39138252254472e-06,1.5027603663555862e-06,Canada,CAN,,gcp,northamerica-northeast2,Linux-6.8.0-1032-gcp-x86_64-with-glibc2.35,3.12.11,3.0.4,2,Intel(R) Xeon(R) CPU @ 2.60GHz,,,,,15.61648178100586,machine,Y,1.0
2025-08-07T11:57:34,scipy-benchmark,f566d1d0-e3c9-4907-88f5-ae2100a1f053,scipy_LMC001_f7d9627c,1.0017604848835615,7.064107614654738e-08,7.051693215345606e-08,0.8,0.0,10.0,1.1139418707332677e-07,0.0,1.3916074330659791e-06,1.5030016201393058e-06,Canada,CAN,,gcp,northamerica-northeast2,Linux-6.8.0-1032-gcp-x86_64-with-glibc2.35,3.12.11,3.0.4,2,Intel(R) Xeon(R) CPU @ 2.60GHz,,,,,15.61648178100586,machine,Y,1.0
2025-08-07T11:57:36,scipy-benchmark,d36155d6-3bce-4c2d-b09f-d7fc6e13ad54,scipy_LMC001_f7d9627c,1.001771903829649,7.063850328458164e-08,7.051356003750897e-08,0.8,0.0,10.0,1.1139306752011181e-07,0.0,1.3915538108752418e-06,1.5029468783953535e-06,Canada,CAN,,gcp,northamerica-northeast2,Linux-6.8.0-1032-gcp-x86_64-with-glibc2.35,3.12.11,3.0.4,2,Intel(R) Xeon(R) CPU @ 2.60GHz,,,,,15.61648178100586,machine,Y,1.0
2025-08-07T11:57:38,scipy-benchmark,65391912-9af0-4aa5-8503-cdc54ff3ce82,scipy_LMC001_f7d9627c,1.0017861609812826,7.06368061102306e-08,7.051086235912813e-08,0.8,0.0,10.0,1.1139341288556656e-07,0.0,1.391517355417212e-06,1.5029107683027784e-06,Canada,CAN,,gcp,northamerica-northeast2,Linux-6.8.0-1032-gcp-x86_64-with-glibc2.35,3.12.11,3.0.4,2,Intel(R) Xeon(R) CPU @ 2.60GHz,,,,,15.61648178100586,machine,Y,1.0
2025-08-07T11:57:40,scipy-benchmark,45f071ee-9937-4964-94f1-d75366a5bb7d,scipy_LMC001_f7d9627c,1.0016721049323678,7.063247976467634e-08,7.051457200102961e-08,0.8,0.0,10.0,1.1138197153599729e-07,0.0,1.3914367468613718e-06,1.502818718397369e-06,Canada,CAN,,gcp,northamerica-northeast2,Linux-6.8.0-1032-gcp-x86_64-with-glibc2.35,3.12.11,3.0.4,2,Intel(R) Xeon(R) CPU @ 2.60GHz,,,,,15.61648178100586,machine,Y,1.0
2025-08-07T11:57:43,scipy-benchmark,9ba494ab-16a6-4685-b196-8a9e42f4b4a7,scipy_LMC001_f7d9627c,1.0017056858632714,7.062915149856258e-08,7.050888548934837e-08,0.8,0.0,10.0,1.113772573363451e-07,0.0,1.39137064688839e-06,1.5027479042247352e-06,Canada,CAN,,gcp,northamerica-northeast2,Linux-6.8.0-1032-gcp-x86_64-with-glibc2.35,3.12.11,3.0.4,2,Intel(R) Xeon(R) CPU @ 2.60GHz,,,,,15.61648178100586,machine,Y,1.0
2025-08-07T11:57:45,scipy-benchmark,12335a77-888f-4887-b85e-1a472151c52b,scipy_LMC001_f7d9627c,1.0016619281377643,7.063097586265457e-08,7.051378701591248e-08,0.8,0.0,10.0,1.1138002558921776e-07,0.0,1.391406694892794e-06,1.5027867204820117e-06,Canada,CAN,,gcp,northamerica-northeast2,Linux-6.8.0-1032-gcp-x86_64-with-glibc2.35,3.12.11,3.0.4,2,Intel(R) Xeon(R) CPU @ 2.60GHz,,,,,15.61648178100586,machine,Y,1.0
2025-08-07T11:57:47,scipy-benchmark,7cdd32c1-95eb-4762-9410-e4c7c44cf5b4,scipy_LMC001_f7d9627c,1.001684551825747,7.06257344722334e-08,7.050696184093639e-08,0.8,0.0,10.0,1.113800713275042e-07,0.0,1.3912951302093766e-06,1.5026752015368808e-06,Canada,CAN,,gcp,northamerica-northeast2,Linux-6.8.0-1032-gcp-x86_64-with-glibc2.35,3.12.11,3.0.4,2,Intel(R) Xeon(R) CPU @ 2.60GHz,,,,,15.61648178100586,machine,Y,1.0
2025-08-07T11:57:49,scipy-benchmark,73b99793-3283-4e37-8609-e65866a20fac,scipy_LMC001_f7d9627c,1.001712269149721,7.063116578033402e-08,7.051043294127524e-08,0.8,0.0,10.0,1.1138121421552369e-07,0.0,1.3914095470681789e-06,1.5027907612837023e-06,Canada,CAN,,gcp,northamerica-northeast2,Linux-6.8.0-1032-gcp-x86_64-with-glibc2.35,3.12.11,3.0.4,2,Intel(R) Xeon(R) CPU @ 2.60GHz,,,,,15.61648178100586,machine,Y,1.0
2025-08-07T11:57:51,scipy-benchmark,5094117c-8adb-4020-a4a9-346ca74e5ac5,scipy_LMC001_f7d9627c,1.0017745061777532,7.06365843665424e-08,7.051146134278725e-08,0.8,0.0,10.0,1.1139128646916817e-07,0.0,1.3915147638827977e-06,1.502906050351966e-06,Canada,CAN,,gcp,northamerica-northeast2,Linux-6.8.0-1032-gcp-x86_64-with-glibc2.35,3.12.11,3.0.4,2,Intel(R) Xeon(R) CPU @ 2.60GHz,,,,,15.61648178100586,machine,Y,1.0
2025-08-07T11:57:53,scipy-benchmark,792d99e3-cdce-4316-9ce1-eb47fea13e2b,scipy_LMC001_f7d9627c,1.0016981130465863,7.063095878907997e-08,7.051122276177744e-08,0.8,0.0,10.0,1.1138072687511645e-07,0.0,1.391405630339351e-06,1.5027863572144677e-06,Canada,CAN,,gcp,northamerica-northeast2,Linux-6.8.0-1032-gcp-x86_64-with-glibc2.35,3.12.11,3.0.4,2,Intel(R) Xeon(R) CPU @ 2.60GHz,,,,,15.61648178100586,machine,Y,1.0
2025-08-07T11:57:56,scipy-benchmark,ca4cec59-ce91-41e8-b139-a8587c965d28,scipy_LMC001_f7d9627c,1.001687316922471,7.06296638055032e-08,7.051068992517733e-08,0.8,0.0,10.0,1.1137987130011125e-07,0.0,1.391378933072297e-06,1.5027588043724083e-06,Canada,CAN,,gcp,northamerica-northeast2,Linux-6.8.0-1032-gcp-x86_64-with-glibc2.35,3.12.11,3.0.4,2,Intel(R) Xeon(R) CPU @ 2.60GHz,,,,,15.61648178100586,machine,Y,1.0
2025-08-07T11:57:58,scipy-benchmark,0f90af91-30c4-4c2c-a584-6a288c52e303,scipy_LMC001_f7d9627c,1.00165004003793,7.062963680172753e-08,7.051328705488093e-08,0.8,0.0,10.0,1.1137097111592693e-07,0.0,1.391387258708063e-06,1.50275822982399e-06,Canada,CAN,,gcp,northamerica-northeast2,Linux-6.8.0-1032-gcp-x86_64-with-glibc2.35,3.12.11,3.0.4,2,Intel(R) Xeon(R) CPU @ 2.60GHz,,,,,15.61648178100586,machine,Y,1.0
2025-08-07T11:58:00,scipy-benchmark,c98919d1-6c2b-4717-becc-1c4b3a3135c2,scipy_LMC001_f7d9627c,1.0019427449442446,7.063448786484596e-08,7.049752914651482e-08,0.8,0.0,10.0,1.1138750819696321e-07,0.0,1.3914739357359293e-06,1.5028614439328925e-06,Canada,CAN,,gcp,northamerica-northeast2,Linux-6.8.0-1032-gcp-x86_64-with-glibc2.35,3.12.11,3.0.4,2,Intel(R) Xeon(R) CPU @ 2.60GHz,,,,,15.61648178100586,machine,Y,1.0
2025-08-07T11:58:02,scipy-benchmark,bff847db-d060-4488-8506-c2b8e84fb9e0,scipy_LMC001_f7d9627c,1.001820980105549,7.063165566741696e-08,7.050327061425227e-08,0.8,0.0,10.0,1.114075066935685e-07,0.0,1.3913936777195585e-06,1.5028011844131269e-06,Canada,CAN,,gcp,northamerica-northeast2,Linux-6.8.0-1032-gcp-x86_64-with-glibc2.35,3.12.11,3.0.4,2,Intel(R) Xeon(R) CPU @ 2.60GHz,,,,,15.61648178100586,machine,Y,1.0
2025-08-07T11:58:04,scipy-benchmark,1df12aa5-5ee4-404d-9ebf-502cba289b31,scipy_LMC001_f7d9627c,1.001779820071533,7.06311607112746e-08,7.050567329878044e-08,0.8,0.0,10.0,1.113858813316458e-07,0.0,1.3914047720997285e-06,1.5027906534313743e-06,Canada,CAN,,gcp,northamerica-northeast2,Linux-6.8.0-1032-gcp-x86_64-with-glibc2.35,3.12.11,3.0.4,2,Intel(R) Xeon(R) CPU @ 2.60GHz,,,,,15.61648178100586,machine,Y,1.0
2025-08-07T11:58:06,scipy-benchmark,4d45e901-464e-4c57-8d30-a39b474bf328,scipy_LMC001_f7d9627c,1.0016696900129318,7.062740849111126e-08,7.050967918396277e-08,0.8,0.0,10.0,1.1138046600131529e-07,0.0,1.3913303529584988e-06,1.502710818959814e-06,Canada,CAN,,gcp,northamerica-northeast2,Linux-6.8.0-1032-gcp-x86_64-with-glibc2.35,3.12.11,3.0.4,2,Intel(R) Xeon(R) CPU @ 2.60GHz,,,,,15.61648178100586,machine,Y,1.0
2025-08-07T11:58:09,scipy-benchmark,216602f8-c9b2-47f8-ab0c-0e409d92d805,scipy_LMC001_f7d9627c,1.0017324809450656,7.063358264561329e-08,7.05114229489448e-08,0.8,0.0,10.0,1.1138615353653829e-07,0.0,1.391456030412681e-06,1.502842183949219e-06,Canada,CAN,,gcp,northamerica-northeast2,Linux-6.8.0-1032-gcp-x86_64-with-glibc2.35,3.12.11,3.0.4,2,Intel(R) Xeon(R) CPU @ 2.60GHz,,,,,15.61648178100586,machine,Y,1.0
2025-08-07T11:58:11,scipy-benchmark,c09da142-3086-4535-a219-d3da3fb3e9fe,scipy_LMC001_f7d9627c,1.0017563400324434,7.063076031029536e-08,7.050692617329266e-08,0.8,0.0,10.0,1.1138348690130645e-07,0.0,1.3913986473602969e-06,1.5027821342616032e-06,Canada,CAN,,gcp,northamerica-northeast2,Linux-6.8.0-1032-gcp-x86_64-with-glibc2.35,3.12.11,3.0.4,2,Intel(R) Xeon(R) CPU @ 2.60GHz,,,,,15.61648178100586,machine,Y,1.0
2025-08-07T11:58:13,scipy-benchmark,6b4b0b42-5ea9-44b8-a20f-8b6d45cd9173,scipy_LMC001_f7d9627c,1.0017576341051608,7.062979782491715e-08,7.050587429564094e-08,0.8,0.0,10.0,1.1138122554661501e-07,0.0,1.391380430302686e-06,1.502761655849301e-06,Canada,CAN,,gcp,northamerica-northeast2,Linux-6.8.0-1032-gcp-x86_64-with-glibc2.35,3.12.11,3.0.4,2,Intel(R) Xeon(R) CPU @ 2.60GHz,,,,,15.61648178100586,machine,Y,1.0
2025-08-07T11:58:15,scipy-benchmark,da432bc6-59fb-4cbb-9158-00827ba76ed0,scipy_LMC001_f7d9627c,1.0017387471161785,7.06354742607671e-08,7.05128702110342e-08,0.8,0.0,10.0,1.1138650578343208e-07,0.0,1.3914959252967191e-06,1.502882431080151e-06,Canada,CAN,,gcp,northamerica-northeast2,Linux-6.8.0-1032-gcp-x86_64-with-glibc2.35,3.12.11,3.0.4,2,Intel(R) Xeon(R) CPU @ 2.60GHz,,,,,15.61648178100586,machine,Y,1.0
2025-08-07T11:58:17,scipy-benchmark,a6874834-7e7b-417c-85b7-e2d02dbbffe9,scipy_LMC001_f7d9627c,1.001592418877408,7.062488040928211e-08,7.051259482219225e-08,0.8,0.0,10.0,1.113638995318777e-07,0.0,1.3912931304528482e-06,1.502657029984726e-06,Canada,CAN,,gcp,northamerica-northeast2,Linux-6.8.0-1032-gcp-x86_64-with-glibc2.35,3.12.11,3.0.4,2,Intel(R) Xeon(R) CPU @ 2.60GHz,,,,,15.61648178100586,machine,Y,1.0
2025-08-07T11:58:19,scipy-benchmark,26b1d336-a2cf-4dc2-b876-b2c8689b2c69,scipy_LMC001_f7d9627c,1.00170516804792,7.062937084450905e-08,7.050914091034244e-08,0.8,0.0,10.0,1.1138289375230673e-07,0.0,1.39136967740746e-06,1.5027525711597668e-06,Canada,CAN,,gcp,northamerica-northeast2,Linux-6.8.0-1032-gcp-x86_64-with-glibc2.35,3.12.11,3.0.4,2,Intel(R) Xeon(R) CPU @ 2.60GHz,,,,,15.61648178100586,machine,Y,1.0
2025-08-07T11:58:21,scipy-benchmark,da908978-a53c-47fd-846f-e86bc29aa8c6,scipy_LMC001_f7d9627c,1.0017095520161092,7.063110942246085e-08,7.051056793888392e-08,0.8,0.0,10.0,1.1138394800946117e-07,0.0,1.3914056141705564e-06,1.5027895621800177e-06,Canada,CAN,,gcp,northamerica-northeast2,Linux-6.8.0-1032-gcp-x86_64-with-glibc2.35,3.12.11,3.0.4,2,Intel(R) Xeon(R) CPU @ 2.60GHz,,,,,15.61648178100586,machine,Y,1.0
2025-08-07T11:58:24,scipy-benchmark,e24a7db3-8f39-444c-9097-d833987ab83c,scipy_LMC001_f7d9627c,1.001788661116734,7.064150931220505e-08,7.05153811917357e-08,0.8,0.0,10.0,1.1140406111048329e-07,0.0,1.3916067753194109e-06,1.5030108364298942e-06,Canada,CAN,,gcp,northamerica-northeast2,Linux-6.8.0-1032-gcp-x86_64-with-glibc2.35,3.12.11,3.0.4,2,Intel(R) Xeon(R) CPU @ 2.60GHz,,,,,15.61648178100586,machine,Y,1.0
2025-08-07T11:58:26,scipy-benchmark,2be5c18a-bf3b-4ae9-ba40-b18783551634,scipy_LMC001_f7d9627c,1.0016978508792818,7.062927969019967e-08,7.050956496332888e-08,0.8,0.0,10.0,1.1138034311847557e-07,0.0,1.3913702885878997e-06,1.5027506317063753e-06,Canada,CAN,,gcp,northamerica-northeast2,Linux-6.8.0-1032-gcp-x86_64-with-glibc2.35,3.12.11,3.0.4,2,Intel(R) Xeon(R) CPU @ 2.60GHz,,,,,15.61648178100586,machine,Y,1.0
2025-08-07T11:58:28,scipy-benchmark,6e82500f-4365-4853-baa0-d37f2e5148cd,scipy_LMC001_f7d9627c,1.0017464091069996,7.063098278959902e-08,7.05078472430588e-08,0.8,0.0,10.0,1.1138985419852869e-07,0.0,1.3913970136652804e-06,1.502786867863809e-06,Canada,CAN,,gcp,northamerica-northeast2,Linux-6.8.0-1032-gcp-x86_64-with-glibc2.35,3.12.11,3.0.4,2,Intel(R) Xeon(R) CPU @ 2.60GHz,,,,,15.61648178100586,machine,Y,1.0
2025-08-07T11:58:30,scipy-benchmark,ccb15830-b241-43ef-bfe1-b077a56bdeec,scipy_LMC001_f7d9627c,1.001706347102299,7.063437482202426e-08,7.051405337138261e-08,0.8,0.0,10.0,1.1138146893224785e-07,0.0,1.3914775698342256e-06,1.5028590387664734e-06,Canada,CAN,,gcp,northamerica-northeast2,Linux-6.8.0-1032-gcp-x86_64-with-glibc2.35,3.12.11,3.0.4,2,Intel(R) Xeon(R) CPU @ 2.60GHz,,,,,15.61648178100586,machine,Y,1.0
2025-08-07T11:58:32,scipy-benchmark,163973f2-765c-4eef-b3a3-a3aca38836ae,scipy_LMC001_f7d9627c,1.001710935961455,7.063049435915635e-08,7.050985651001629e-08,0.8,0.0,10.0,1.1138271198918425e-07,0.0,1.391393763737546e-06,1.5027764757267305e-06,Canada,CAN,,gcp,northamerica-northeast2,Linux-6.8.0-1032-gcp-x86_64-with-glibc2.35,3.12.11,3.0.4,2,Intel(R) Xeon(R) CPU @ 2.60GHz,,,,,15.61648178100586,machine,Y,1.0
2025-08-07T11:58:34,scipy-benchmark,0344d5b0-4cf2-464b-ad5a-7c249a622cd4,scipy_LMC001_f7d9627c,1.0017372500151396,7.06292000479686e-08,7.050671226102568e-08,0.8,0.0,10.0,1.113811508855886e-07,0.0,1.3913677863052323e-06,1.5027489371908208e-06,Canada,CAN,,gcp,northamerica-northeast2,Linux-6.8.0-1032-gcp-x86_64-with-glibc2.35,3.12.11,3.0.4,2,Intel(R) Xeon(R) CPU @ 2.60GHz,,,,,15.61648178100586,machine,Y,1.0
2025-08-07T11:58:37,scipy-benchmark,7e731275-c8df-4dd6-8e63-429a929ce396,scipy_LMC001_f7d9627c,1.0017306690569967,7.06312222901939e-08,7.050919420954166e-08,0.8,0.0,10.0,1.1138684421570765e-07,0.0,1.3914051194054386e-06,1.5027919636211462e-06,Canada,CAN,,gcp,northamerica-northeast2,Linux-6.8.0-1032-gcp-x86_64-with-glibc2.35,3.12.11,3.0.4,2,Intel(R) Xeon(R) CPU @ 2.60GHz,,,,,15.61648178100586,machine,Y,1.0
2025-08-07T11:58:39,scipy-benchmark,a11d88e7-5e4b-4708-a8bb-95f80b36752f,scipy_LMC001_f7d9627c,1.001841604011133,7.063989760056658e-08,7.051004601699649e-08,0.8,0.0,10.0,1.1139832799219425e-07,0.0,1.3915782167007113e-06,1.5029765446929054e-06,Canada,CAN,,gcp,northamerica-northeast2,Linux-6.8.0-1032-gcp-x86_64-with-glibc2.35,3.12.11,3.0.4,2,Intel(R) Xeon(R) CPU @ 2.60GHz,,,,,15.61648178100586,machine,Y,1.0
2025-08-07T11:58:41,scipy-benchmark,a778464a-3f21-49cf-8739-fb8893af7205,scipy_LMC001_f7d9627c,1.0017386418767271,7.063263377945663e-08,7.051004206758811e-08,0.8,0.0,10.0,1.1137637889219657e-07,0.0,1.3914456164153911e-06,1.5028219953075878e-06,Canada,CAN,,gcp,northamerica-northeast2,Linux-6.8.0-1032-gcp-x86_64-with-glibc2.35,3.12.11,3.0.4,2,Intel(R) Xeon(R) CPU @ 2.60GHz,,,,,15.61648178100586,machine,Y,1.0
2025-08-07T11:58:43,scipy-benchmark,0a3d2b46-51dc-4755-9127-216c9e10088f,scipy_LMC001_f7d9627c,1.001777916913852,7.063392978559974e-08,7.050857140392913e-08,0.8,0.0,10.0,1.1139086711530885e-07,0.0,1.3914587027910685e-06,1.502849569906377e-06,Canada,CAN,,gcp,northamerica-northeast2,Linux-6.8.0-1032-gcp-x86_64-with-glibc2.35,3.12.11,3.0.4,2,Intel(R) Xeon(R) CPU @ 2.60GHz,,,,,15.61648178100586,machine,Y,1.0
2025-08-07T11:58:45,scipy-benchmark,51d38fae-07ea-4bef-b05a-fa54145f4b7c,scipy_LMC001_f7d9627c,1.00170044391416,7.062692210336942e-08,7.050702885524699e-08,0.8,0.0,10.0,1.113760706761645e-07,0.0,1.391324399608291e-06,1.5027004702844555e-06,Canada,CAN,,gcp,northamerica-northeast2,Linux-6.8.0-1032-gcp-x86_64-with-glibc2.35,3.12.11,3.0.4,2,Intel(R) Xeon(R) CPU @ 2.60GHz,,,,,15.61648178100586,machine,Y,1.0
2025-08-07T11:58:47,scipy-benchmark,ab4114c7-065f-4129-82e3-640a47bf0776,scipy_LMC001_f7d9627c,1.0017160009592772,7.063103441764706e-08,7.051003912287352e-08,0.8,0.0,10.0,1.1137809976935389e-07,0.0,1.391409866563562e-06,1.502787966332916e-06,Canada,CAN,,gcp,northamerica-northeast2,Linux-6.8.0-1032-gcp-x86_64-with-glibc2.35,3.12.11,3.0.4,2,Intel(R) Xeon(R) CPU @ 2.60GHz,,,,,15.61648178100586,machine,Y,1.0
2025-08-07T11:58:49,scipy-benchmark,8bd30f27-a191-49b1-9a06-98012b1f66f2,scipy_LMC001_f7d9627c,1.0016031099949032,7.062840729644003e-08,7.051536341255912e-08,0.8,0.0,10.0,1.113685504533351e-07,0.0,1.3913635196836871e-06,1.502732070137022e-06,Canada,CAN,,gcp,northamerica-northeast2,Linux-6.8.0-1032-gcp-x86_64-with-glibc2.35,3.12.11,3.0.4,2,Intel(R) Xeon(R) CPU @ 2.60GHz,,,,,15.61648178100586,machine,Y,1.0
2025-08-07T11:58:52,scipy-benchmark,03c79d33-8712-4f60-8838-ac792ceb7385,scipy_LMC001_f7d9627c,1.001765290973708,7.063739107044724e-08,7.051291525761313e-08,0.8,0.0,10.0,1.113963173184958e-07,0.0,1.3915268969463392e-06,1.502923214264835e-06,Canada,CAN,,gcp,northamerica-northeast2,Linux-6.8.0-1032-gcp-x86_64-with-glibc2.35,3.12.11,3.0.4,2,Intel(R) Xeon(R) CPU @ 2.60GHz,,,,,15.61648178100586,machine,Y,1.0
2025-08-07T11:58:54,scipy-benchmark,f022cf61-f968-4367-8fab-cb8b56e95858,scipy_LMC001_f7d9627c,1.0016926939133557,7.063140442372405e-08,7.051204910738175e-08,0.8,0.0,10.0,1.113810000113315e-07,0.0,1.3914148387913077e-06,1.5027958388026389e-06,Canada,CAN,,gcp,northamerica-northeast2,Linux-6.8.0-1032-gcp-x86_64-with-glibc2.35,3.12.11,3.0.4,2,Intel(R) Xeon(R) CPU @ 2.60GHz,,,,,15.61648178100586,machine,Y,1.0
2025-08-07T11:58:56,scipy-benchmark,2598fb94-1db1-4c6a-95f4-13633a330d0e,scipy_LMC001_f7d9627c,1.001695203827694,7.063081482001063e-08,7.051128382178031e-08,0.8,0.0,10.0,1.1137593040863677e-07,0.0,1.3914073636341425e-06,1.5027832940427792e-06,Canada,CAN,,gcp,northamerica-northeast2,Linux-6.8.0-1032-gcp-x86_64-with-glibc2.35,3.12.11,3.0.4,2,Intel(R) Xeon(R) CPU @ 2.60GHz,,,,,15.61648178100586,machine,Y,1.0
2025-08-07T11:58:58,scipy-benchmark,d1bd73b0-2a5b-478e-8b65-582236413e9d,scipy_LMC001_f7d9627c,1.0016920240595937,7.06261436531786e-08,7.050684437612817e-08,0.8,0.0,10.0,1.1137816863548425e-07,0.0,1.3913057388789538e-06,1.502683907514438e-06,Canada,CAN,,gcp,northamerica-northeast2,Linux-6.8.0-1032-gcp-x86_64-with-glibc2.35,3.12.11,3.0.4,2,Intel(R) Xeon(R) CPU @ 2.60GHz,,,,,15.61648178100586,machine,Y,1.0
2025-08-07T11:59:00,scipy-benchmark,aeb72ebf-9756-4b26-9ac6-cd0615283d30,scipy_LMC001_f7d9627c,1.001753211952746,7.063482263641107e-08,7.051120155504228e-08,0.8000072,0.0,10.0,1.113909445110294e-07,0.0,1.3914776222211206e-06,1.50286856673215e-06,Canada,CAN,,gcp,northamerica-northeast2,Linux-6.8.0-1032-gcp-x86_64-with-glibc2.35,3.12.11,3.0.4,2,Intel(R) Xeon(R) CPU @ 2.60GHz,,,,,15.61648178100586,machine,Y,1.0
2025-08-07T11:59:02,scipy-benchmark,1c40b095-4328-43b8-a80f-cb9474ac7075,scipy_LMC001_f7d9627c,1.0018078121356666,7.063813158476518e-08,7.051066155511199e-08,0.8,0.0,10.0,1.1139398911553957e-07,0.0,1.3915449807730813e-06,1.5029389698886208e-06,Canada,CAN,,gcp,northamerica-northeast2,Linux-6.8.0-1032-gcp-x86_64-with-glibc2.35,3.12.11,3.0.4,2,Intel(R) Xeon(R) CPU @ 2.60GHz,,,,,15.61648178100586,machine,Y,1.0
2025-08-07T11:59:05,scipy-benchmark,4078a48f-b97d-4b6b-9ae5-abcc8b87cf3b,scipy_LMC001_f7d9627c,1.001747255213559,7.063103502194604e-08,7.050783983120421e-08,0.8,0.0,10.0,1.1138441780995993e-07,0.0,1.3914035613803814e-06,1.5027879791903414e-06,Canada,CAN,,gcp,northamerica-northeast2,Linux-6.8.0-1032-gcp-x86_64-with-glibc2.35,3.12.11,3.0.4,2,Intel(R) Xeon(R) CPU @ 2.60GHz,,,,,15.61648178100586,machine,Y,1.0
2025-08-07T11:59:07,scipy-benchmark,d78d1107-cce7-485b-8bc0-16ddb3d6b107,scipy_LMC001_f7d9627c,1.0017211120575666,7.063147890248681e-08,7.051012307947421e-08,0.8000072,0.0,10.0,1.113870511337063e-07,0.0,1.39141037232346e-06,1.5027974234571662e-06,Canada,CAN,,gcp,northamerica-northeast2,Linux-6.8.0-1032-gcp-x86_64-with-glibc2.35,3.12.11,3.0.4,2,Intel(R) Xeon(R) CPU @ 2.60GHz,,,,,15.61648178100586,machine,Y,1.0
2025-08-07T11:59:09,scipy-benchmark,c37957d1-75f9-4fdb-9371-a59f1f79d2b5,scipy_LMC001_f7d9627c,1.001726538874209,7.063064159046755e-08,7.050890522461933e-08,0.8,0.0,10.0,1.1138061687557237e-07,0.0,1.391398991432248e-06,1.5027796083078202e-06,Canada,CAN,,gcp,northamerica-northeast2,Linux-6.8.0-1032-gcp-x86_64-with-glibc2.35,3.12.11,3.0.4,2,Intel(R) Xeon(R) CPU @ 2.60GHz,,,,,15.61648178100586,machine,Y,1.0
2025-08-07T11:59:11,scipy-benchmark,8b7b1150-c89b-4d69-98e9-1e732d4c26db,scipy_LMC001_f7d9627c,1.001612831838429,7.062547140276165e-08,7.051174781090892e-08,0.8,0.0,10.0,1.1136836553406385e-07,0.0,1.3913012387800131e-06,1.5026696043140772e-06,Canada,CAN,,gcp,northamerica-northeast2,Linux-6.8.0-1032-gcp-x86_64-with-glibc2.35,3.12.11,3.0.4,2,Intel(R) Xeon(R) CPU @ 2.60GHz,,,,,15.61648178100586,machine,Y,1.0
2025-08-07T11:59:13,scipy-benchmark,f81ddb97-73b9-4182-bc0c-f50c2c3cde14,scipy_LMC001_f7d9627c,1.001705789938569,7.06328249045182e-08,7.05125453141784e-08,0.8,0.0,10.0,1.1138443131413728e-07,0.0,1.3914416304841225e-06,1.5028260617982598e-06,Canada,CAN,,gcp,northamerica-northeast2,Linux-6.8.0-1032-gcp-x86_64-with-glibc2.35,3.12.11,3.0.4,2,Intel(R) Xeon(R) CPU @ 2.60GHz,,,,,15.61648178100586,machine,Y,1.0
2025-08-07T11:59:15,scipy-benchmark,0b13dae9-efb5-4595-9fc9-d738486e0318,scipy_LMC001_f7d9627c,1.001788113033399,7.063697526166735e-08,7.05108938134429e-08,0.8,0.0,10.0,1.1138953087437485e-07,0.0,1.3915248363951428e-06,1.5029143672695176e-06,Canada,CAN,,gcp,northamerica-northeast2,Linux-6.8.0-1032-gcp-x86_64-with-glibc2.35,3.12.11,3.0.4,2,Intel(R) Xeon(R) CPU @ 2.60GHz,,,,,15.61648178100586,machine,Y,1.0
2025-08-07T11:59:17,scipy-benchmark,d5029282-2444-4239-ac30-fed041cdd8e4,scipy_LMC001_f7d9627c,1.001736408099532,7.06317858288013e-08,7.050935281747625e-08,0.8,0.0,10.0,1.1138941445905301e-07,0.0,1.3914145393452295e-06,1.5028039538042826e-06,Canada,CAN,,gcp,northamerica-northeast2,Linux-6.8.0-1032-gcp-x86_64-with-glibc2.35,3.12.11,3.0.4,2,Intel(R) Xeon(R) CPU @ 2.60GHz,,,,,15.61648178100586,machine,Y,1.0
2025-08-07T11:59:20,scipy-benchmark,552b7bc9-a3c7-4c0e-b3da-62761936306a,scipy_LMC001_f7d9627c,1.0017860191874206,7.063884601209105e-08,7.051290860436284e-08,0.8,0.0,10.0,1.1139144800189469e-07,0.0,1.3915627224681278e-06,1.5029541704700224e-06,Canada,CAN,,gcp,northamerica-northeast2,Linux-6.8.0-1032-gcp-x86_64-with-glibc2.35,3.12.11,3.0.4,2,Intel(R) Xeon(R) CPU @ 2.60GHz,,,,,15.61648178100586,machine,Y,1.0
2025-08-07T11:59:22,scipy-benchmark,62e67440-a7c0-4b27-93b7-7282684e65c7,scipy_LMC001_f7d9627c,1.0016493988223374,7.06248143497958e-08,7.050851768376345e-08,0.8,0.0,10.0,1.11374921993249e-07,0.0,1.3912807024704914e-06,1.5026556244637404e-06,Canada,CAN,,gcp,northamerica-northeast2,Linux-6.8.0-1032-gcp-x86_64-with-glibc2.35,3.12.11,3.0.4,2,Intel(R) Xeon(R) CPU @ 2.60GHz,,,,,15.61648178100586,machine,Y,1.0
2025-08-07T11:59:24,scipy-benchmark,1ed838d4-ca12-4faa-8288-b46c5cd34ed0,scipy_LMC001_f7d9627c,1.001766012981534,7.064033611858677e-08,7.051580429280237e-08,0.8,0.0,10.0,1.1139260242796609e-07,0.0,1.3915932724355823e-06,1.5029858748635485e-06,Canada,CAN,,gcp,northamerica-northeast2,Linux-6.8.0-1032-gcp-x86_64-with-glibc2.35,3.12.11,3.0.4,2,Intel(R) Xeon(R) CPU @ 2.60GHz,,,,,15.61648178100586,machine,Y,1.0
2025-08-07T11:59:26,scipy-benchmark,4841024f-7b34-4f0d-b3d3-ecf4b409089d,scipy_LMC001_f7d9627c,1.0016815508715808,7.062811874670701e-08,7.050955334582356e-08,0.8,0.0,10.0,1.1137697530082533e-07,0.0,1.3913489554801749e-06,1.5027259307810002e-06,Canada,CAN,,gcp,northamerica-northeast2,Linux-6.8.0-1032-gcp-x86_64-with-glibc2.35,3.12.11,3.0.4,2,Intel(R) Xeon(R) CPU @ 2.60GHz,,,,,15.61648178100586,machine,Y,1.0
2025-08-07T11:59:28,scipy-benchmark,b919ccb2-36b9-4444-82d2-50364d81e4ff,scipy_LMC001_f7d9627c,1.001748285954818,7.0633537953021e-08,7.05102658455727e-08,0.8,0.0,10.0,1.113886439965831e-07,0.0,1.391452589046417e-06,1.502841233043e-06,Canada,CAN,,gcp,northamerica-northeast2,Linux-6.8.0-1032-gcp-x86_64-with-glibc2.35,3.12.11,3.0.4,2,Intel(R) Xeon(R) CPU @ 2.60GHz,,,,,15.61648178100586,machine,Y,1.0
2025-08-07T11:59:30,scipy-benchmark,e7d3f96c-82f5-4cce-babe-64019b0c47fc,scipy_LMC001_f7d9627c,1.00168529083021,7.062628607441567e-08,7.05074604977774e-08,0.8,0.0,10.0,1.1137642131911385e-07,0.0,1.3913105164344112e-06,1.502686937753525e-06,Canada,CAN,,gcp,northamerica-northeast2,Linux-6.8.0-1032-gcp-x86_64-with-glibc2.35,3.12.11,3.0.4,2,Intel(R) Xeon(R) CPU @ 2.60GHz,,,,,15.61648178100586,machine,Y,1.0
2025-08-07T11:59:33,scipy-benchmark,8310be47-d842-4043-b936-50e8f78061c5,scipy_LMC001_f7d9627c,1.0017590529751033,7.063195487931889e-08,7.0507927699331e-08,0.8,0.0,10.0,1.113817733195093e-07,0.0,1.3914257773042967e-06,1.502807550623806e-06,Canada,CAN,,gcp,northamerica-northeast2,Linux-6.8.0-1032-gcp-x86_64-with-glibc2.35,3.12.11,3.0.4,2,Intel(R) Xeon(R) CPU @ 2.60GHz,,,,,15.61648178100586,machine,Y,1.0
2025-08-07T11:59:35,scipy-benchmark,6d7c18db-5158-4b3e-b65b-21e4d8378178,scipy_LMC001_f7d9627c,1.001774667063728,7.063512056103597e-08,7.050998880623772e-08,0.8,0.0,10.0,1.1138934445463949e-07,0.0,1.3914855610993171e-06,1.5028749055539568e-06,Canada,CAN,,gcp,northamerica-northeast2,Linux-6.8.0-1032-gcp-x86_64-with-glibc2.35,3.12.11,3.0.4,2,Intel(R) Xeon(R) CPU @ 2.60GHz,,,,,15.61648178100586,machine,Y,1.0
2025-08-07T11:59:37,scipy-benchmark,53575bc5-c5e2-45e1-b425-3121a23f7758,scipy_LMC001_f7d9627c,1.0016687409952283,7.063176900934841e-08,7.051409924120304e-08,0.8,0.0,10.0,1.113767211015026e-07,0.0,1.3914268748420808e-06,1.5028035959435831e-06,Canada,CAN,,gcp,northamerica-northeast2,Linux-6.8.0-1032-gcp-x86_64-with-glibc2.35,3.12.11,3.0.4,2,Intel(R) Xeon(R) CPU @ 2.60GHz,,,,,15.61648178100586,machine,Y,1.0
2025-08-07T11:59:39,scipy-benchmark,5c42c030-cb5d-4b3d-afa1-cb38fb12626b,scipy_LMC001_f7d9627c,1.0017192619852722,7.06328855119387e-08,7.051165749968096e-08,0.8,0.0,10.0,1.1138574023627576e-07,0.0,1.3914416110815688e-06,1.5028273513178445e-06,Canada,CAN,,gcp,northamerica-northeast2,Linux-6.8.0-1032-gcp-x86_64-with-glibc2.35,3.12.11,3.0.4,2,Intel(R) Xeon(R) CPU @ 2.60GHz,,,,,15.61648178100586,machine,Y,1.0
2025-08-07T11:59:41,scipy-benchmark,c8492862-ec08-4e2a-bb54-b663d841cf7c,scipy_LMC001_f7d9627c,1.0016904470976442,7.063100621135285e-08,7.051180972724978e-08,0.8,0.0,10.0,1.1138123268675474e-07,0.0,1.391406133512242e-06,1.5027873661989968e-06,Canada,CAN,,gcp,northamerica-northeast2,Linux-6.8.0-1032-gcp-x86_64-with-glibc2.35,3.12.11,3.0.4,2,Intel(R) Xeon(R) CPU @ 2.60GHz,,,,,15.61648178100586,machine,Y,1.0
2025-08-07T11:59:43,scipy-benchmark,8ffa886b-85ff-46d5-991d-b3fd8181d7bf,scipy_LMC001_f7d9627c,1.001716046128422,7.06291356469608e-08,7.050814042556128e-08,0.8,0.0,10.0,1.113800613416566e-07,0.0,1.3913675056149562e-06,1.5027475669566127e-06,Canada,CAN,,gcp,northamerica-northeast2,Linux-6.8.0-1032-gcp-x86_64-with-glibc2.35,3.12.11,3.0.4,2,Intel(R) Xeon(R) CPU @ 2.60GHz,,,,,15.61648178100586,machine,Y,1.0
2025-08-07T11:59:46,scipy-benchmark,7997e370-5c3d-4824-99e1-c49c7f320a54,scipy_LMC001_f7d9627c,1.001722372835502,7.063179584411491e-08,7.051035073139344e-08,0.8,0.0,10.0,1.1138305331890784e-07,0.0,1.391421113577154e-06,1.502804166896062e-06,Canada,CAN,,gcp,northamerica-northeast2,Linux-6.8.0-1032-gcp-x86_64-with-glibc2.35,3.12.11,3.0.4,2,Intel(R) Xeon(R) CPU @ 2.60GHz,,,,,15.61648178100586,machine,Y,1.0
2025-08-07T11:59:48,scipy-benchmark,17eca6e7-9597-469f-85c8-bcf64d7ce0db,scipy_LMC001_f7d9627c,1.0025754899252206,7.063547117726153e-08,7.0454017564832e-08,0.8,0.0,10.0,1.1139737933667173e-07,0.0,1.391484986136978e-06,1.5028823654736495e-06,Canada,CAN,,gcp,northamerica-northeast2,Linux-6.8.0-1032-gcp-x86_64-with-glibc2.35,3.12.11,3.0.4,2,Intel(R) Xeon(R) CPU @ 2.60GHz,,,,,15.61648178100586,machine,Y,1.0
2025-08-07T11:59:50,scipy-benchmark,f8637f46-6850-4ff3-baae-ffb5138aa720,scipy_LMC001_f7d9627c,1.001743732020259,7.063140552045985e-08,7.050845766513008e-08,0.8,0.0,10.0,1.1138456754593389e-07,0.0,1.3914112945915096e-06,1.5027958621374434e-06,Canada,CAN,,gcp,northamerica-northeast2,Linux-6.8.0-1032-gcp-x86_64-with-glibc2.35,3.12.11,3.0.4,2,Intel(R) Xeon(R) CPU @ 2.60GHz,,,,,15.61648178100586,machine,Y,1.0
2025-08-07T11:59:52,scipy-benchmark,734e1001-b27f-4d56-b6ad-bb26cd4aff71,scipy_LMC001_f7d9627c,1.0016691200435162,7.063211318012327e-08,7.051441615476252e-08,0.8,0.0,10.0,1.113729184596903e-07,0.0,1.3914380002663367e-06,1.502810918726027e-06,Canada,CAN,,gcp,northamerica-northeast2,Linux-6.8.0-1032-gcp-x86_64-with-glibc2.35,3.12.11,3.0.4,2,Intel(R) Xeon(R) CPU @ 2.60GHz,,,,,15.61648178100586,machine,Y,1.0
2025-08-07T11:59:54,scipy-benchmark,5a25f8ae-fb8c-416e-a1ef-59d8757dd184,scipy_LMC001_f7d9627c,1.0016453920397907,7.062742762927278e-08,7.051140871865266e-08,0.8,0.0,10.0,1.113754482422438e-07,0.0,1.391335777912496e-06,1.5027112261547397e-06,Canada,CAN,,gcp,northamerica-northeast2,Linux-6.8.0-1032-gcp-x86_64-with-glibc2.35,3.12.11,3.0.4,2,Intel(R) Xeon(R) CPU @ 2.60GHz,,,,,15.61648178100586,machine,Y,1.0
2025-08-07T11:59:56,scipy-benchmark,b12d2790-6aa4-4e44-ade2-00d4dbe446cf,scipy_LMC001_f7d9627c,1.0017401478253305,7.063953041536217e-08,7.051682072313159e-08,0.8,0.0,10.0,1.1139480221188733e-07,0.0,1.391573930029861e-06,1.5029687322417482e-06,Canada,CAN,,gcp,northamerica-northeast2,Linux-6.8.0-1032-gcp-x86_64-with-glibc2.35,3.12.11,3.0.4,2,Intel(R) Xeon(R) CPU @ 2.60GHz,,,,,15.61648178100586,machine,Y,1.0
2025-08-07T11:59:58,scipy-benchmark,0e1f924d-50f7-4130-8032-5b0c360698d1,scipy_LMC001_f7d9627c,1.0016818409785628,7.063241035054024e-08,7.05138173230115e-08,0.8,0.0,10.0,1.1138214709030257e-07,0.0,1.3914350944105537e-06,1.5028172415008563e-06,Canada,CAN,,gcp,northamerica-northeast2,Linux-6.8.0-1032-gcp-x86_64-with-glibc2.35,3.12.11,3.0.4,2,Intel(R) Xeon(R) CPU @ 2.60GHz,,,,,15.61648178100586,machine,Y,1.0
2025-08-07T12:00:01,scipy-benchmark,93b1675b-63b1-4242-bf2e-cd9d36074175,scipy_LMC001_f7d9627c,1.00177066703327,7.063170606862855e-08,7.050686189265591e-08,0.8,0.0,10.0,1.1139076492852637e-07,0.0,1.3914114918508048e-06,1.502802256779331e-06,Canada,CAN,,gcp,northamerica-northeast2,Linux-6.8.0-1032-gcp-x86_64-with-glibc2.35,3.12.11,3.0.4,2,Intel(R) Xeon(R) CPU @ 2.60GHz,,,,,15.61648178100586,machine,Y,1.0
2025-08-07T12:00:03,scipy-benchmark,b7d5289b-5e17-4936-a09a-ed0d685788ed,scipy_LMC001_f7d9627c,1.0018537929281592,7.06439810495358e-08,7.051326405928129e-08,0.8,0.0,10.0,1.114079346880317e-07,0.0,1.3916554918978365e-06,1.503063426585868e-06,Canada,CAN,,gcp,northamerica-northeast2,Linux-6.8.0-1032-gcp-x86_64-with-glibc2.35,3.12.11,3.0.4,2,Intel(R) Xeon(R) CPU @ 2.60GHz,,,,,15.61648178100586,machine,Y,1.0
2025-08-07T12:00:05,scipy-benchmark,88d1fa7d-7d09-4db4-a9a6-0ad457c12491,scipy_LMC001_f7d9627c,1.0016670359764248,7.062927617262015e-08,7.051173058098167e-08,0.8,0.0,10.0,1.1137868179422289e-07,0.0,1.3913718750700355e-06,1.5027505568642585e-06,Canada,CAN,,gcp,northamerica-northeast2,Linux-6.8.0-1032-gcp-x86_64-with-glibc2.35,3.12.11,3.0.4,2,Intel(R) Xeon(R) CPU @ 2.60GHz,,,,,15.61648178100586,machine,Y,1.0
2025-08-07T12:00:07,scipy-benchmark,e08acbd2-4580-485e-b39f-125e166fede7,scipy_LMC001_f7d9627c,1.001693599158898,7.063141583488324e-08,7.051199677645042e-08,0.8,0.0,10.0,1.1138137021205493e-07,0.0,1.3914147113812053e-06,1.5027960815932603e-06,Canada,CAN,,gcp,northamerica-northeast2,Linux-6.8.0-1032-gcp-x86_64-with-glibc2.35,3.12.11,3.0.4,2,Intel(R) Xeon(R) CPU @ 2.60GHz,,,,,15.61648178100586,machine,Y,1.0
2025-08-07T12:00:09,scipy-benchmark,27d468f5-2daf-40ef-b41d-28e882634982,scipy_LMC001_f7d9627c,1.0017122619319707,7.062874264955626e-08,7.050801446049668e-08,0.8,0.0,10.0,1.1138055825399029e-07,0.0,1.391358647055717e-06,1.5027392053097073e-06,Canada,CAN,,gcp,northamerica-northeast2,Linux-6.8.0-1032-gcp-x86_64-with-glibc2.35,3.12.11,3.0.4,2,Intel(R) Xeon(R) CPU @ 2.60GHz,,,,,15.61648178100586,machine,Y,1.0
2025-08-07T12:00:11,scipy-benchmark,0fcb8fb2-fe82-42ba-9edf-000a08d971ae,scipy_LMC001_f7d9627c,1.0017720719333738,7.063389026541782e-08,7.050894334586276e-08,0.8,0.0,10.0,1.1139120399538014e-07,0.0,1.3914575250560625e-06,1.5028487290514427e-06,Canada,CAN,,gcp,northamerica-northeast2,Linux-6.8.0-1032-gcp-x86_64-with-glibc2.35,3.12.11,3.0.4,2,Intel(R) Xeon(R) CPU @ 2.60GHz,,,,,15.61648178100586,machine,Y,1.0
2025-08-07T12:00:14,scipy-benchmark,b2c09f7d-6d77-4d11-a873-08ae3f1d1076,scipy_LMC001_f7d9627c,1.0017028888687491,7.063101192483576e-08,7.051093963061377e-08,0.8,0.0,10.0,1.1138077152685989e-07,0.0,1.391406716235603e-06,1.502787487762463e-06,Canada,CAN,,gcp,northamerica-northeast2,Linux-6.8.0-1032-gcp-x86_64-with-glibc2.35,3.12.11,3.0.4,2,Intel(R) Xeon(R) CPU @ 2.60GHz,,,,,15.61648178100586,machine,Y,1.0
2025-08-07T12:00:16,scipy-benchmark,671ac542-f0d0-4ec8-93c9-4b26e95a443e,scipy_LMC001_f7d9627c,1.0016979922074825,7.062945053659174e-08,7.050972557201872e-08,0.8,0.0,10.0,1.1137866378865308e-07,0.0,1.3913756029473413e-06,1.5027542667359945e-06,Canada,CAN,,gcp,northamerica-northeast2,Linux-6.8.0-1032-gcp-x86_64-with-glibc2.35,3.12.11,3.0.4,2,Intel(R) Xeon(R) CPU @ 2.60GHz,,,,,15.61648178100586,machine,Y,1.0
2025-08-07T12:00:18,scipy-benchmark,267d4535-2696-4188-acf3-9c813dded070,scipy_LMC001_f7d9627c,1.0016460048500448,7.062792446883397e-08,7.05118616026503e-08,0.8,0.0,10.0,1.1137365534280737e-07,0.0,1.3913481418664255e-06,1.502721797209233e-06,Canada,CAN,,gcp,northamerica-northeast2,Linux-6.8.0-1032-gcp-x86_64-with-glibc2.35,3.12.11,3.0.4,2,Intel(R) Xeon(R) CPU @ 2.60GHz,,,,,15.61648178100586,machine,Y,1.0
2025-08-07T12:00:20,scipy-benchmark,e95500db-a916-46f1-934f-027ba95220ed,scipy_LMC001_f7d9627c,1.0024939191062003,7.062852629349153e-08,7.04528226529915e-08,0.8,0.0,10.0,1.1137335757828425e-07,0.0,1.3913612444108971e-06,1.5027346019891817e-06,Canada,CAN,,gcp,northamerica-northeast2,Linux-6.8.0-1032-gcp-x86_64-with-glibc2.35,3.12.11,3.0.4,2,Intel(R) Xeon(R) CPU @ 2.60GHz,,,,,15.61648178100586,machine,Y,1.0
2025-08-07T12:00:22,scipy-benchmark,cd26d1d4-dc31-470d-b358-93cf6e35763f,scipy_LMC001_f7d9627c,1.001435901038349,8.028019012016192e-08,8.016508099711886e-08,2.2787288,0.0,10.0,3.1710273466761005e-07,0.0,1.3909864168251968e-06,1.7080891514928069e-06,Canada,CAN,,gcp,northamerica-northeast2,Linux-6.8.0-1032-gcp-x86_64-with-glibc2.35,3.12.11,3.0.4,2,Intel(R) Xeon(R) CPU @ 2.60GHz,,,,,15.61648178100586,machine,Y,1.0
2025-08-07T12:00:24,scipy-benchmark,61880fed-8525-4011-b44d-a21f73be06ce,scipy_LMC001_f7d9627c,1.0016495299059898,7.062928281747735e-08,7.051296956541905e-08,0.8,0.0,10.0,1.1136941487590473e-07,0.0,1.3913812833682945e-06,1.502750698244199e-06,Canada,CAN,,gcp,northamerica-northeast2,Linux-6.8.0-1032-gcp-x86_64-with-glibc2.35,3.12.11,3.0.4,2,Intel(R) Xeon(R) CPU @ 2.60GHz,,,,,15.61648178100586,machine,Y,1.0
2025-08-07T12:00:27,scipy-benchmark,0c916507-4998-49b5-8ed6-b7d484ad3a90,scipy_LMC001_f7d9627c,1.0016002249903977,7.062463426261418e-08,7.05117995189061e-08,0.8,0.0,10.0,1.1136579022018449e-07,0.0,1.3912860026013934e-06,1.5026517928215778e-06,Canada,CAN,,gcp,northamerica-northeast2,Linux-6.8.0-1032-gcp-x86_64-with-glibc2.35,3.12.11,3.0.4,2,Intel(R) Xeon(R) CPU @ 2.60GHz,,,,,15.61648178100586,machine,Y,1.0
2025-08-07T12:00:29,scipy-benchmark,15c7193a-0bee-4cc3-92db-1fc0c61b318b,scipy_LMC001_f7d9627c,1.0016968930140138,7.062052989784732e-08,7.05008974175378e-08,0.8,0.0,10.0,1.1138297710567725e-07,0.0,1.391181488805968e-06,1.5025644659116452e-06,Canada,CAN,,gcp,northamerica-northeast2,Linux-6.8.0-1032-gcp-x86_64-with-glibc2.35,3.12.11,3.0.4,2,Intel(R) Xeon(R) CPU @ 2.60GHz,,,,,15.61648178100586,machine,Y,1.0
2025-08-07T12:00:31,scipy-benchmark,8a7f70c6-fb0c-4884-b5cb-dde47c7f100f,scipy_LMC001_f7d9627c,1.0017602478619665,7.064288818468837e-08,7.051875769223208e-08,0.8000072,0.0,10.0,1.1139361582691577e-07,0.0,1.3916465583153898e-06,1.5030401741423057e-06,Canada,CAN,,gcp,northamerica-northeast2,Linux-6.8.0-1032-gcp-x86_64-with-glibc2.35,3.12.11,3.0.4,2,Intel(R) Xeon(R) CPU @ 2.60GHz,,,,,15.61648178100586,machine,Y,1.0
2025-08-07T12:00:33,scipy-benchmark,72cda5fc-b958-4839-b164-e351183a64aa,scipy_LMC001_f7d9627c,1.001686573959887,7.062924786783859e-08,7.051032698644012e-08,0.8,0.0,10.0,1.1137797155727945e-07,0.0,1.391371983077584e-06,1.5027499546348634e-06,Canada,CAN,,gcp,northamerica-northeast2,Linux-6.8.0-1032-gcp-x86_64-with-glibc2.35,3.12.11,3.0.4,2,Intel(R) Xeon(R) CPU @ 2.60GHz,,,,,15.61648178100586,machine,Y,1.0
2025-08-07T12:00:35,scipy-benchmark,bdf0f1e0-82f0-444b-830f-ab96a8dca799,scipy_LMC001_f7d9627c,1.0016622270923108,7.062927779948547e-08,7.051207072519111e-08,0.8,0.0,10.0,1.1137747464494573e-07,0.0,1.3913731168334684e-06,1.502750591478414e-06,Canada,CAN,,gcp,northamerica-northeast2,Linux-6.8.0-1032-gcp-x86_64-with-glibc2.35,3.12.11,3.0.4,2,Intel(R) Xeon(R) CPU @ 2.60GHz,,,,,15.61648178100586,machine,Y,1.0
2025-08-07T12:00:38,scipy-benchmark,fc4f29e3-aeb6-401e-97a6-b0b9d9acfdef,scipy_LMC001_f7d9627c,1.0017110309563575,7.063280118243872e-08,7.051215270635872e-08,0.8,0.0,10.0,1.1138275467480222e-07,0.0,1.391442802398362e-06,1.5028255570731645e-06,Canada,CAN,,gcp,northamerica-northeast2,Linux-6.8.0-1032-gcp-x86_64-with-glibc2.35,3.12.11,3.0.4,2,Intel(R) Xeon(R) CPU @ 2.60GHz,,,,,15.61648178100586,machine,Y,1.0
2025-08-07T12:00:40,scipy-benchmark,b1ef2ab5-3eb4-4a25-9f66-36045ab6f7af,scipy_LMC001_f7d9627c,1.0018122508190572,7.064210527747248e-08,7.051431565117837e-08,0.8,0.0,10.0,1.1140100575155685e-07,0.0,1.391622510790411e-06,1.5030235165419677e-06,Canada,CAN,,gcp,northamerica-northeast2,Linux-6.8.0-1032-gcp-x86_64-with-glibc2.35,3.12.11,3.0.4,2,Intel(R) Xeon(R) CPU @ 2.60GHz,,,,,15.61648178100586,machine,Y,1.0
2025-08-07T12:00:42,scipy-benchmark,42619808-1739-4cbf-97a8-5812a2c1538d,scipy_LMC001_f7d9627c,1.0016945919487623,7.063378965875343e-08,7.051429669929414e-08,0.8,0.0,10.0,1.1138543579727413e-07,0.0,1.391461152686841e-06,1.5028465884841152e-06,Canada,CAN,,gcp,northamerica-northeast2,Linux-6.8.0-1032-gcp-x86_64-with-glibc2.35,3.12.11,3.0.4,2,Intel(R) Xeon(R) CPU @ 2.60GHz,,,,,15.61648178100586,machine,Y,1.0
2025-08-07T12:00:44,scipy-benchmark,8c1970bc-a5af-4c58-b57e-67fc219970a0,scipy_LMC001_f7d9627c,1.001680590910837,7.063024627070667e-08,7.051174487316558e-08,0.8,0.0,10.0,1.113787891032795e-07,0.0,1.3913924081457984e-06,1.502771197249078e-06,Canada,CAN,,gcp,northamerica-northeast2,Linux-6.8.0-1032-gcp-x86_64-with-glibc2.35,3.12.11,3.0.4,2,Intel(R) Xeon(R) CPU @ 2.60GHz,,,,,15.61648178100586,machine,Y,1.0
2025-08-07T12:00:46,scipy-benchmark,9b48b8bd-c29e-4670-9af5-af7d212bdcda,scipy_LMC001_f7d9627c,1.0017583139706403,7.063788618343987e-08,7.051390060687846e-08,0.8,0.0,10.0,1.1139208176690673e-07,0.0,1.39154166681692e-06,1.5029337485838266e-06,Canada,CAN,,gcp,northamerica-northeast2,Linux-6.8.0-1032-gcp-x86_64-with-glibc2.35,3.12.11,3.0.4,2,Intel(R) Xeon(R) CPU @ 2.60GHz,,,,,15.61648178100586,machine,Y,1.0
2025-08-07T12:00:48,scipy-benchmark,7b0026a1-44c6-466f-a7c3-cbbdc986ea5c,scipy_LMC001_f7d9627c,1.001761978957802,7.063320344738249e-08,7.050896812920249e-08,0.8,0.0,10.0,1.1137827175358933e-07,0.0,1.3914558441481656e-06,1.5028341159017549e-06,Canada,CAN,,gcp,northamerica-northeast2,Linux-6.8.0-1032-gcp-x86_64-with-glibc2.35,3.12.11,3.0.4,2,Intel(R) Xeon(R) CPU @ 2.60GHz,,,,,15.61648178100586,machine,Y,1.0
2025-08-07T12:00:50,scipy-benchmark,f162b285-24a1-4c69-af28-208e3020022e,scipy_LMC001_f7d9627c,1.0016828670632094,7.062989185967795e-08,7.051123083172488e-08,0.8,0.0,10.0,1.1137842868144316e-07,0.0,1.391385227907449e-06,1.5027636565888922e-06,Canada,CAN,,gcp,northamerica-northeast2,Linux-6.8.0-1032-gcp-x86_64-with-glibc2.35,3.12.11,3.0.4,2,Intel(R) Xeon(R) CPU @ 2.60GHz,,,,,15.61648178100586,machine,Y,1.0
2025-08-07T12:00:53,scipy-benchmark,327a1305-25d7-4c50-93d7-0ab6787ac3b4,scipy_LMC001_f7d9627c,1.001717733917758,7.063037417904062e-08,7.050925803499795e-08,0.8,0.0,10.0,1.1138683267765577e-07,0.0,1.391387086025336e-06,1.5027739187029917e-06,Canada,CAN,,gcp,northamerica-northeast2,Linux-6.8.0-1032-gcp-x86_64-with-glibc2.35,3.12.11,3.0.4,2,Intel(R) Xeon(R) CPU @ 2.60GHz,,,,,15.61648178100586,machine,Y,1.0
2025-08-07T12:00:55,scipy-benchmark,4c18f4f9-9a5d-4fdb-b03b-f0949b64b144,scipy_LMC001_f7d9627c,1.0017874708864838,7.063891986423793e-08,7.051288014385869e-08,0.8,0.0,10.0,1.1139563931566149e-07,0.0,1.3915601024766348e-06,1.5029557417922963e-06,Canada,CAN,,gcp,northamerica-northeast2,Linux-6.8.0-1032-gcp-x86_64-with-glibc2.35,3.12.11,3.0.4,2,Intel(R) Xeon(R) CPU @ 2.60GHz,,,,,15.61648178100586,machine,Y,1.0
2025-08-07T12:00:57,scipy-benchmark,628aec83-04a9-425f-911f-1aedc8069f78,scipy_LMC001_f7d9627c,1.0017958041280508,7.063709544786253e-08,7.051047245036533e-08,0.8,0.0,10.0,1.1139225488942545e-07,0.0,1.3915246695331816e-06,1.5029169244226068e-06,Canada,CAN,,gcp,northamerica-northeast2,Linux-6.8.0-1032-gcp-x86_64-with-glibc2.35,3.12.11,3.0.4,2,Intel(R) Xeon(R) CPU @ 2.60GHz,,,,,15.61648178100586,machine,Y,1.0
2025-08-07T12:00:59,scipy-benchmark,09a87e44-b449-43af-a3b9-3e5d03a5d20c,scipy_LMC001_f7d9627c,1.001707420917228,7.063195987420881e-08,7.051156694989205e-08,0.8,0.0,10.0,1.1138137642087209e-07,0.0,1.3914262804771876e-06,1.5028076568980598e-06,Canada,CAN,,gcp,northamerica-northeast2,Linux-6.8.0-1032-gcp-x86_64-with-glibc2.35,3.12.11,3.0.4,2,Intel(R) Xeon(R) CPU @ 2.60GHz,,,,,15.61648178100586,machine,Y,1.0
2025-08-07T12:01:01,scipy-benchmark,471405e1-f7a4-4114-87cb-97a9823a7fc1,scipy_LMC001_f7d9627c,1.0017960609402508,7.064103532779136e-08,7.051438719123147e-08,0.8,0.0,10.0,1.1139771844156917e-07,0.0,1.3916030332135658e-06,1.503000751655135e-06,Canada,CAN,,gcp,northamerica-northeast2,Linux-6.8.0-1032-gcp-x86_64-with-glibc2.35,3.12.11,3.0.4,2,Intel(R) Xeon(R) CPU @ 2.60GHz,,,,,15.61648178100586,machine,Y,1.0
2025-08-07T12:01:03,scipy-benchmark,5d49a8bf-800c-4a7b-a4e6-eec585113037,scipy_LMC001_f7d9627c,1.0017634690739214,7.063566350362577e-08,7.0511318973255e-08,0.8,0.0,10.0,1.11387321104606e-07,0.0,1.391499136419346e-06,1.502886457523952e-06,Canada,CAN,,gcp,northamerica-northeast2,Linux-6.8.0-1032-gcp-x86_64-with-glibc2.35,3.12.11,3.0.4,2,Intel(R) Xeon(R) CPU @ 2.60GHz,,,,,15.61648178100586,machine,Y,1.0
2025-08-07T12:01:06,scipy-benchmark,6941d5c6-e40a-4e5e-bb0a-33ae376c6ec6,scipy_LMC001_f7d9627c,1.0016658590175211,7.063077395626654e-08,7.051330872507163e-08,0.8,0.0,10.0,1.1138013020778697e-07,0.0,1.391402294393629e-06,1.502782424601416e-06,Canada,CAN,,gcp,northamerica-northeast2,Linux-6.8.0-1032-gcp-x86_64-with-glibc2.35,3.12.11,3.0.4,2,Intel(R) Xeon(R) CPU @ 2.60GHz,,,,,15.61648178100586,machine,Y,1.0
2025-08-07T12:01:08,scipy-benchmark,65f480be-59ca-4ab3-98fa-e5af8ead244d,scipy_LMC001_f7d9627c,1.0017480629030615,7.063159176492547e-08,7.050833875359381e-08,0.8,0.0,10.0,1.1138399711085693e-07,0.0,1.3914158276747912e-06,1.502799824785648e-06,Canada,CAN,,gcp,northamerica-northeast2,Linux-6.8.0-1032-gcp-x86_64-with-glibc2.35,3.12.11,3.0.4,2,Intel(R) Xeon(R) CPU @ 2.60GHz,,,,,15.61648178100586,machine,Y,1.0
2025-08-07T12:01:10,scipy-benchmark,42eb9cf5-8a08-43f2-82ee-66fe16154681,scipy_LMC001_f7d9627c,1.0016947509720922,7.062943147746329e-08,7.050993469709325e-08,0.8,0.0,10.0,1.113706169029077e-07,0.0,1.3913832443197157e-06,1.5027538612226232e-06,Canada,CAN,,gcp,northamerica-northeast2,Linux-6.8.0-1032-gcp-x86_64-with-glibc2.35,3.12.11,3.0.4,2,Intel(R) Xeon(R) CPU @ 2.60GHz,,,,,15.61648178100586,machine,Y,1.0
2025-08-07T12:01:12,scipy-benchmark,41fe34f9-7690-43c5-915d-ddbb0c5d10ab,scipy_LMC001_f7d9627c,1.0017375219613314,7.06363917848406e-08,7.05138723829966e-08,0.8,0.0,10.0,1.1138144777052933e-07,0.0,1.3915205050984192e-06,1.5029019528689486e-06,Canada,CAN,,gcp,northamerica-northeast2,Linux-6.8.0-1032-gcp-x86_64-with-glibc2.35,3.12.11,3.0.4,2,Intel(R) Xeon(R) CPU @ 2.60GHz,,,,,15.61648178100586,machine,Y,1.0
2025-08-07T12:01:14,scipy-benchmark,ff35e856-3906-4cf4-a957-f57f7ae47f33,scipy_LMC001_f7d9627c,1.0017623209860176,7.06373361144991e-08,7.05130694524146e-08,0.8,0.0,10.0,1.1138438091923797e-07,0.0,1.3915376640701049e-06,1.5029220449893425e-06,Canada,CAN,,gcp,northamerica-northeast2,Linux-6.8.0-1032-gcp-x86_64-with-glibc2.35,3.12.11,3.0.4,2,Intel(R) Xeon(R) CPU @ 2.60GHz,,,,,15.61648178100586,machine,Y,1.0
2025-08-07T12:01:16,scipy-benchmark,3c4bc207-32ec-4f70-9a94-7b8ff91e9784,scipy_LMC001_f7d9627c,1.0017720109317452,7.063838491900256e-08,7.051343434251273e-08,0.8000576,0.0,10.0,1.1139964308042577e-07,0.0,1.391544716898352e-06,1.5029443599787778e-06,Canada,CAN,,gcp,northamerica-northeast2,Linux-6.8.0-1032-gcp-x86_64-with-glibc2.35,3.12.11,3.0.4,2,Intel(R) Xeon(R) CPU @ 2.60GHz,,,,,15.61648178100586,machine,Y,1.0
2025-08-07T12:01:19,scipy-benchmark,07183c91-86a9-422a-827b-0f6ad730db2d,scipy_LMC001_f7d9627c,1.001722221961245,7.063253467198877e-08,7.051109890893627e-08,0.8,0.0,10.0,1.1138199243901505e-07,0.0,1.3914378941990436e-06,1.5028198866380589e-06,Canada,CAN,,gcp,northamerica-northeast2,Linux-6.8.0-1032-gcp-x86_64-with-glibc2.35,3.12.11,3.0.4,2,Intel(R) Xeon(R) CPU @ 2.60GHz,,,,,15.61648178100586,machine,Y,1.0
2025-08-07T12:01:21,scipy-benchmark,79c6890b-2abd-4544-acc3-36b5009d8f52,scipy_LMC001_f7d9627c,1.0017669859807938,7.063477978381949e-08,7.051018926788003e-08,0.8,0.0,10.0,1.113920635543764e-07,0.0,1.3914755914205063e-06,1.5028676549748826e-06,Canada,CAN,,gcp,northamerica-northeast2,Linux-6.8.0-1032-gcp-x86_64-with-glibc2.35,3.12.11,3.0.4,2,Intel(R) Xeon(R) CPU @ 2.60GHz,,,,,15.61648178100586,machine,Y,1.0
2025-08-07T12:01:23,scipy-benchmark,8b0f26b4-f98c-43ec-a846-246d7bd90251,scipy_LMC001_f7d9627c,1.0017863579560071,7.06355373011902e-08,7.050958194850175e-08,0.8,0.0,10.0,1.113882862134941e-07,0.0,1.3914954861522549e-06,1.5028837723657489e-06,Canada,CAN,,gcp,northamerica-northeast2,Linux-6.8.0-1032-gcp-x86_64-with-glibc2.35,3.12.11,3.0.4,2,Intel(R) Xeon(R) CPU @ 2.60GHz,,,,,15.61648178100586,machine,Y,1.0
2025-08-07T12:01:25,scipy-benchmark,fa58eb8a-2a08-472d-a935-a7e4cd815b6d,scipy_LMC001_f7d9627c,1.0019949949346485,7.065813580887497e-08,7.05174538456486e-08,0.8,0.0,10.0,1.1143691687741213e-07,0.0,1.3919276748007784e-06,1.5033645916781903e-06,Canada,CAN,,gcp,northamerica-northeast2,Linux-6.8.0-1032-gcp-x86_64-with-glibc2.35,3.12.11,3.0.4,2,Intel(R) Xeon(R) CPU @ 2.60GHz,,,,,15.61648178100586,machine,Y,1.0
2025-08-07T12:01:27,scipy-benchmark,dc475eac-a1e6-4027-940d-ea9381bf0baf,scipy_LMC001_f7d9627c,1.0017486161086708,7.06317991598561e-08,7.050850684898166e-08,0.8,0.0,10.0,1.1138451244268152e-07,0.0,1.3914197250010654e-06,1.5028042374437469e-06,Canada,CAN,,gcp,northamerica-northeast2,Linux-6.8.0-1032-gcp-x86_64-with-glibc2.35,3.12.11,3.0.4,2,Intel(R) Xeon(R) CPU @ 2.60GHz,,,,,15.61648178100586,machine,Y,1.0
2025-08-07T12:01:29,scipy-benchmark,fdaf9ce3-3738-4639-b979-c135cdc72688,scipy_LMC001_f7d9627c,1.001784719992429,7.063373363646678e-08,7.050789678345323e-08,0.8,0.0,10.0,1.1138314888295201e-07,0.0,1.391462247637618e-06,1.50284539652057e-06,Canada,CAN,,gcp,northamerica-northeast2,Linux-6.8.0-1032-gcp-x86_64-with-glibc2.35,3.12.11,3.0.4,2,Intel(R) Xeon(R) CPU @ 2.60GHz,,,,,15.61648178100586,machine,Y,1.0
2025-08-07T12:01:31,scipy-benchmark,e9a62ad2-9527-4a59-82b3-f15418e2cf70,scipy_LMC001_f7d9627c,1.00173982209526,7.063025411686655e-08,7.050758346527028e-08,0.8,0.0,10.0,1.113843337839677e-07,0.0,1.3913870304046822e-06,1.5027713641886498e-06,Canada,CAN,,gcp,northamerica-northeast2,Linux-6.8.0-1032-gcp-x86_64-with-glibc2.35,3.12.11,3.0.4,2,Intel(R) Xeon(R) CPU @ 2.60GHz,,,,,15.61648178100586,machine,Y,1.0
2025-08-07T12:01:34,scipy-benchmark,b6e6ef51-845b-4808-8c1e-63220a1469c7,scipy_LMC001_f7d9627c,1.0016746539622543,7.063302936792994e-08,7.051494124218058e-08,0.8,0.0,10.0,1.113812928605411e-07,0.0,1.3914491192230747e-06,1.5028304120836155e-06,Canada,CAN,,gcp,northamerica-northeast2,Linux-6.8.0-1032-gcp-x86_64-with-glibc2.35,3.12.11,3.0.4,2,Intel(R) Xeon(R) CPU @ 2.60GHz,,,,,15.61648178100586,machine,Y,1.0
2025-08-07T12:01:36,scipy-benchmark,aa0b988d-0f6e-4fdf-b4bb-3d0bbe2f7be7,scipy_LMC001_f7d9627c,1.0016492048744112,7.063053408239245e-08,7.051424165134563e-08,0.8,0.0,10.0,1.1137274088751941e-07,0.0,1.3914045800144474e-06,1.5027773209019668e-06,Canada,CAN,,gcp,northamerica-northeast2,Linux-6.8.0-1032-gcp-x86_64-with-glibc2.35,3.12.11,3.0.4,2,Intel(R) Xeon(R) CPU @ 2.60GHz,,,,,15.61648178100586,machine,Y,1.0
2025-08-07T12:01:38,scipy-benchmark,56fd0ade-23d9-423f-abc2-911e16e2d198,scipy_LMC001_f7d9627c,1.0018049899954349,7.06339548451619e-08,7.05066909733438e-08,0.8,0.0,10.0,1.1138935268132225e-07,0.0,1.391460750407229e-06,1.5028501030885511e-06,Canada,CAN,,gcp,northamerica-northeast2,Linux-6.8.0-1032-gcp-x86_64-with-glibc2.35,3.12.11,3.0.4,2,Intel(R) Xeon(R) CPU @ 2.60GHz,,,,,15.61648178100586,machine,Y,1.0
2025-08-07T12:01:40,scipy-benchmark,220d5958-08b3-4544-ac10-b5b7b6550e7b,scipy_LMC001_f7d9627c,1.0016953230369836,7.063054075035163e-08,7.05110018245976e-08,0.8,0.0,10.0,1.113786155668398e-07,0.0,1.3913988472065993e-06,1.502777462773439e-06,Canada,CAN,,gcp,northamerica-northeast2,Linux-6.8.0-1032-gcp-x86_64-with-glibc2.35,3.12.11,3.0.4,2,Intel(R) Xeon(R) CPU @ 2.60GHz,,,,,15.61648178100586,machine,Y,1.0
2025-08-07T12:01:42,scipy-benchmark,94784080-b611-4d45-b69a-5d4c5f5fa6ce,scipy_LMC001_f7d9627c,1.0017277970910072,7.063000929552234e-08,7.050818545779617e-08,0.8,0.0,10.0,1.113803995669716e-07,0.0,1.3913857556569082e-06,1.5027661552238797e-06,Canada,CAN,,gcp,northamerica-northeast2,Linux-6.8.0-1032-gcp-x86_64-with-glibc2.35,3.12.11,3.0.4,2,Intel(R) Xeon(R) CPU @ 2.60GHz,,,,,15.61648178100586,machine,Y,1.0
2025-08-07T12:01:44,scipy-benchmark,abafff33-fee5-4141-8cfb-8fefc91846e3,scipy_LMC001_f7d9627c,1.001722085988149,7.063957851610353e-08,7.051814021492908e-08,0.8,0.0,10.0,1.1138701687256496e-07,0.0,1.3915827387892124e-06,1.5029697556617772e-06,Canada,CAN,,gcp,northamerica-northeast2,Linux-6.8.0-1032-gcp-x86_64-with-glibc2.35,3.12.11,3.0.4,2,Intel(R) Xeon(R) CPU @ 2.60GHz,,,,,15.61648178100586,machine,Y,1.0
2025-08-07T12:01:47,scipy-benchmark,20cc8ae2-5582-4efc-bac8-fd951c9a70c9,scipy_LMC001_f7d9627c,1.001813479932025,7.064561624506183e-08,7.051773375005422e-08,0.8004608000000001,0.0,10.0,1.1147449323652189e-07,0.0,1.391623724743517e-06,1.503098217980039e-06,Canada,CAN,,gcp,northamerica-northeast2,Linux-6.8.0-1032-gcp-x86_64-with-glibc2.35,3.12.11,3.0.4,2,Intel(R) Xeon(R) CPU @ 2.60GHz,,,,,15.61648178100586,machine,Y,1.0
2025-08-07T12:01:49,scipy-benchmark,0ecb8639-8058-49b7-9cac-d0e9a9ab0bda,scipy_LMC001_f7d9627c,1.0018039010465143,7.063085942627449e-08,7.050367776816539e-08,0.8,0.0,10.0,1.1139101488515736e-07,0.0,1.3913932282270655e-06,1.5027842431122231e-06,Canada,CAN,,gcp,northamerica-northeast2,Linux-6.8.0-1032-gcp-x86_64-with-glibc2.35,3.12.11,3.0.4,2,Intel(R) Xeon(R) CPU @ 2.60GHz,,,,,15.61648178100586,machine,Y,1.0
2025-08-07T12:01:51,scipy-benchmark,4f7505f0-4a3e-4ebe-80dd-ad8fd106d2b8,scipy_LMC001_f7d9627c,1.0016939470078796,7.063036327004536e-08,7.051092150553824e-08,0.8,0.0,10.0,1.113805418006248e-07,0.0,1.391393144796085e-06,1.5027736865967098e-06,Canada,CAN,,gcp,northamerica-northeast2,Linux-6.8.0-1032-gcp-x86_64-with-glibc2.35,3.12.11,3.0.4,2,Intel(R) Xeon(R) CPU @ 2.60GHz,,,,,15.61648178100586,machine,Y,1.0
2025-08-07T12:01:53,scipy-benchmark,13c77059-d860-4d2a-bdfc-f19fd07bc0b8,scipy_LMC001_f7d9627c,1.0017843709792942,7.063327090149848e-08,7.050745943705524e-08,0.8,0.0,10.0,1.113765708481272e-07,0.0,1.3914589802475854e-06,1.5028355510957123e-06,Canada,CAN,,gcp,northamerica-northeast2,Linux-6.8.0-1032-gcp-x86_64-with-glibc2.35,3.12.11,3.0.4,2,Intel(R) Xeon(R) CPU @ 2.60GHz,,,,,15.61648178100586,machine,Y,1.0
2025-08-07T12:01:55,scipy-benchmark,209fdcea-613c-44b9-93d7-92bc9fd93f8a,scipy_LMC001_f7d9627c,1.0016807240899652,7.0632348634225e-08,7.051383433418373e-08,0.8,0.0,10.0,1.1137446735261217e-07,0.0,1.391441461035154e-06,1.502815928387766e-06,Canada,CAN,,gcp,northamerica-northeast2,Linux-6.8.0-1032-gcp-x86_64-with-glibc2.35,3.12.11,3.0.4,2,Intel(R) Xeon(R) CPU @ 2.60GHz,,,,,15.61648178100586,machine,Y,1.0
2025-08-07T12:01:57,scipy-benchmark,3bc8490c-3faa-48a1-a9d7-6b6eacad577d,scipy_LMC001_f7d9627c,1.001676457002759,7.062958527581458e-08,7.051137598576908e-08,0.8,0.0,10.0,1.113732502174874e-07,0.0,1.391383883310482e-06,1.5027571335279697e-06,Canada,CAN,,gcp,northamerica-northeast2,Linux-6.8.0-1032-gcp-x86_64-with-glibc2.35,3.12.11,3.0.4,2,Intel(R) Xeon(R) CPU @ 2.60GHz,,,,,15.61648178100586,machine,Y,1.0
2025-08-07T12:02:00,scipy-benchmark,d5a70cdc-e876-4e49-bda8-29e94d15f7df,scipy_LMC001_f7d9627c,1.0017530738841742,7.063195755914787e-08,7.050835121002538e-08,0.8,0.0,10.0,1.1138361019806733e-07,0.0,1.3914239974433765e-06,1.5028076076414436e-06,Canada,CAN,,gcp,northamerica-northeast2,Linux-6.8.0-1032-gcp-x86_64-with-glibc2.35,3.12.11,3.0.4,2,Intel(R) Xeon(R) CPU @ 2.60GHz,,,,,15.61648178100586,machine,Y,1.0
2025-08-07T12:02:02,scipy-benchmark,42ede28f-38f6-4779-9dbf-9e7559cf6345,scipy_LMC001_f7d9627c,1.0017285428475589,7.062922946894027e-08,7.05073544856438e-08,0.8,0.0,10.0,1.113776771041255e-07,0.0,1.391371886064816e-06,1.5027495631689415e-06,Canada,CAN,,gcp,northamerica-northeast2,Linux-6.8.0-1032-gcp-x86_64-with-glibc2.35,3.12.11,3.0.4,2,Intel(R) Xeon(R) CPU @ 2.60GHz,,,,,15.61648178100586,machine,Y,1.0
2025-08-07T12:02:04,scipy-benchmark,2c24f4d3-ce82-4c75-9549-143ef9f1ca0e,scipy_LMC001_f7d9627c,1.001842468045652,7.06530981778633e-08,7.052316150630958e-08,0.8,0.0,10.0,1.1141663598310617e-07,0.0,1.3918407720565384e-06,1.503257408039645e-06,Canada,CAN,,gcp,northamerica-northeast2,Linux-6.8.0-1032-gcp-x86_64-with-glibc2.35,3.12.11,3.0.4,2,Intel(R) Xeon(R) CPU @ 2.60GHz,,,,,15.61648178100586,machine,Y,1.0
2025-08-07T12:02:06,scipy-benchmark,0014dc44-de7d-4b72-a484-0c5f0a91cc1a,scipy_LMC001_f7d9627c,1.0016597211360931,7.06248114948782e-08,7.050778822849617e-08,0.8,0.0,10.0,1.1136221337235637e-07,0.0,1.3912933503484562e-06,1.5026555637208126e-06,Canada,CAN,,gcp,northamerica-northeast2,Linux-6.8.0-1032-gcp-x86_64-with-glibc2.35,3.12.11,3.0.4,2,Intel(R) Xeon(R) CPU @ 2.60GHz,,,,,15.61648178100586,machine,Y,1.0
2025-08-07T12:02:08,scipy-benchmark,8912d2be-69f9-4dcd-811b-96979e778678,scipy_LMC001_f7d9627c,1.0017517800442874,7.063350555797418e-08,7.050998756882817e-08,0.8,0.0,10.0,1.1138359110595453e-07,0.0,1.3914569526807302e-06,1.5028405437866846e-06,Canada,CAN,,gcp,northamerica-northeast2,Linux-6.8.0-1032-gcp-x86_64-with-glibc2.35,3.12.11,3.0.4,2,Intel(R) Xeon(R) CPU @ 2.60GHz,,,,,15.61648178100586,machine,Y,1.0
2025-08-07T12:02:10,scipy-benchmark,4d24b6b5-de02-4a57-8497-51a3fb95b653,scipy_LMC001_f7d9627c,1.0016640990506858,7.063075527565577e-08,7.0513413970407e-08,0.8000072,0.0,10.0,1.1136967187717037e-07,0.0,1.3914123552644415e-06,1.502782027141612e-06,Canada,CAN,,gcp,northamerica-northeast2,Linux-6.8.0-1032-gcp-x86_64-with-glibc2.35,3.12.11,3.0.4,2,Intel(R) Xeon(R) CPU @ 2.60GHz,,,,,15.61648178100586,machine,Y,1.0
2025-08-07T12:02:12,scipy-benchmark,4fb6a6cc-d96a-4883-92f0-a617512932da,scipy_LMC001_f7d9627c,1.0016742390580475,7.062875163136049e-08,7.051069986363852e-08,0.8,0.0,10.0,1.1138044602962005e-07,0.0,1.3913589503823057e-06,1.5027393964119257e-06,Canada,CAN,,gcp,northamerica-northeast2,Linux-6.8.0-1032-gcp-x86_64-with-glibc2.35,3.12.11,3.0.4,2,Intel(R) Xeon(R) CPU @ 2.60GHz,,,,,15.61648178100586,machine,Y,1.0
2025-08-07T12:02:15,scipy-benchmark,53fde8e8-e615-4028-a451-8a1b062951e4,scipy_LMC001_f7d9627c,1.0017436638008803,7.063701613878626e-08,7.051406331912372e-08,0.8,0.0,10.0,1.1139172062070836e-07,0.0,1.3915235163747438e-06,1.5029152369954522e-06,Canada,CAN,,gcp,northamerica-northeast2,Linux-6.8.0-1032-gcp-x86_64-with-glibc2.35,3.12.11,3.0.4,2,Intel(R) Xeon(R) CPU @ 2.60GHz,,,,,15.61648178100586,machine,Y,1.0
2025-08-07T12:02:17,scipy-benchmark,433340b1-7c83-428b-9477-23befaaa2003,scipy_LMC001_f7d9627c,1.0016372790560126,7.062348018405547e-08,7.050803884876783e-08,0.8,0.0,10.0,1.1136900752575861e-07,0.0,1.391258230432868e-06,1.5026272379586266e-06,Canada,CAN,,gcp,northamerica-northeast2,Linux-6.8.0-1032-gcp-x86_64-with-glibc2.35,3.12.11,3.0.4,2,Intel(R) Xeon(R) CPU @ 2.60GHz,,,,,15.61648178100586,machine,Y,1.0
2025-08-07T12:02:19,scipy-benchmark,d6e0ebed-5871-4003-9a77-0b1c3177716d,scipy_LMC001_f7d9627c,1.0016955791506916,7.062578649787853e-08,7.05062375914248e-08,0.8,0.0,10.0,1.1138109159138469e-07,0.0,1.391295216874116e-06,1.5026763084655008e-06,Canada,CAN,,gcp,northamerica-northeast2,Linux-6.8.0-1032-gcp-x86_64-with-glibc2.35,3.12.11,3.0.4,2,Intel(R) Xeon(R) CPU @ 2.60GHz,,,,,15.61648178100586,machine,Y,1.0
2025-08-07T12:02:21,scipy-benchmark,036a3d16-5e62-4b80-b4af-fd29fad7fc6c,scipy_LMC001_f7d9627c,1.0016731638461351,7.062689276143081e-08,7.050891978601482e-08,0.8,0.0,10.0,1.1137800751667885e-07,0.0,1.3913218384712107e-06,1.5026998459878897e-06,Canada,CAN,,gcp,northamerica-northeast2,Linux-6.8.0-1032-gcp-x86_64-with-glibc2.35,3.12.11,3.0.4,2,Intel(R) Xeon(R) CPU @ 2.60GHz,,,,,15.61648178100586,machine,Y,1.0
2025-08-07T12:02:23,scipy-benchmark,775867bd-5b41-4715-8132-5a92623677fb,scipy_LMC001_f7d9627c,1.0024236149620265,7.062613247668681e-08,7.045537577380622e-08,0.8,0.0,10.0,1.1137695553609069e-07,0.0,1.39130671418065e-06,1.5026836697167406e-06,Canada,CAN,,gcp,northamerica-northeast2,Linux-6.8.0-1032-gcp-x86_64-with-glibc2.35,3.12.11,3.0.4,2,Intel(R) Xeon(R) CPU @ 2.60GHz,,,,,15.61648178100586,machine,Y,1.0
2025-08-07T12:02:25,scipy-benchmark,23288451-050b-471f-ae54-530fe17b07b2,scipy_LMC001_f7d9627c,1.0017549870535731,7.06312471746674e-08,7.050750741197967e-08,0.8,0.0,10.0,1.1139012624820073e-07,0.0,1.3914023668298291e-06,1.5027924930780295e-06,Canada,CAN,,gcp,northamerica-northeast2,Linux-6.8.0-1032-gcp-x86_64-with-glibc2.35,3.12.11,3.0.4,2,Intel(R) Xeon(R) CPU @ 2.60GHz,,,,,15.61648178100586,machine,Y,1.0
2025-08-07T12:02:28,scipy-benchmark,92829690-69f7-42ac-baf3-5425a17085d4,scipy_LMC001_f7d9627c,1.001800473080948,7.064454141587745e-08,7.051757641780348e-08,0.8,0.0,10.0,1.1140333286797009e-07,0.0,1.3916720164060177e-06,1.5030753492739875e-06,Canada,CAN,,gcp,northamerica-northeast2,Linux-6.8.0-1032-gcp-x86_64-with-glibc2.35,3.12.11,3.0.4,2,Intel(R) Xeon(R) CPU @ 2.60GHz,,,,,15.61648178100586,machine,Y,1.0
2025-08-07T12:02:30,scipy-benchmark,ce0d1a43-b79d-41e4-89aa-bf9302ea1283,scipy_LMC001_f7d9627c,1.0017546510789543,7.063946216118834e-08,7.05157316565539e-08,0.8,0.0,10.0,1.1139444623970324e-07,0.0,1.3915728337855802e-06,1.5029672800252837e-06,Canada,CAN,,gcp,northamerica-northeast2,Linux-6.8.0-1032-gcp-x86_64-with-glibc2.35,3.12.11,3.0.4,2,Intel(R) Xeon(R) CPU @ 2.60GHz,,,,,15.61648178100586,machine,Y,1.0
2025-08-07T12:02:32,scipy-benchmark,95aaa32d-bbfe-46e3-9db5-7ae4cb63a7e9,scipy_LMC001_f7d9627c,1.00163959315978,7.062889944265287e-08,7.051328634069507e-08,0.8,0.0,10.0,1.1137407981894085e-07,0.0,1.391368461514099e-06,1.50274254133304e-06,Canada,CAN,,gcp,northamerica-northeast2,Linux-6.8.0-1032-gcp-x86_64-with-glibc2.35,3.12.11,3.0.4,2,Intel(R) Xeon(R) CPU @ 2.60GHz,,,,,15.61648178100586,machine,Y,1.0
2025-08-07T12:02:34,scipy-benchmark,e8ee4d87-0566-439c-95d3-1f18ab82732e,scipy_LMC001_f7d9627c,1.0017139231786132,7.063041679367113e-08,7.050956880937473e-08,0.8,0.0,10.0,1.1138463625684385e-07,0.0,1.3913901891404144e-06,1.502774825397258e-06,Canada,CAN,,gcp,northamerica-northeast2,Linux-6.8.0-1032-gcp-x86_64-with-glibc2.35,3.12.11,3.0.4,2,Intel(R) Xeon(R) CPU @ 2.60GHz,,,,,15.61648178100586,machine,Y,1.0
2025-08-07T12:02:36,scipy-benchmark,43e7ae3a-0e05-49c4-8ae3-72defd2ae888,scipy_LMC001_f7d9627c,1.0017181660514325,7.062890901659719e-08,7.0507764968466e-08,0.8,0.0,10.0,1.1138445045799016e-07,0.0,1.3913582945759926e-06,1.5027427450339827e-06,Canada,CAN,,gcp,northamerica-northeast2,Linux-6.8.0-1032-gcp-x86_64-with-glibc2.35,3.12.11,3.0.4,2,Intel(R) Xeon(R) CPU @ 2.60GHz,,,,,15.61648178100586,machine,Y,1.0
2025-08-07T12:02:38,scipy-benchmark,37bcef80-ad4b-43d8-a722-11056435632e,scipy_LMC001_f7d9627c,1.0017895041964948,7.06383348116134e-08,7.051215301788399e-08,0.8,0.0,10.0,1.1139207711029385e-07,0.0,1.3915512167538206e-06,1.5029432938641145e-06,Canada,CAN,,gcp,northamerica-northeast2,Linux-6.8.0-1032-gcp-x86_64-with-glibc2.35,3.12.11,3.0.4,2,Intel(R) Xeon(R) CPU @ 2.60GHz,,,,,15.61648178100586,machine,Y,1.0
2025-08-07T12:02:41,scipy-benchmark,613f0df5-1b2a-4cc4-82bf-8ec742a4180d,scipy_LMC001_f7d9627c,1.0016688778996468,7.062736186199233e-08,7.050968979897588e-08,0.8000072,0.0,10.0,1.1137546015080572e-07,0.0,1.3913343667000946e-06,1.5027098268509004e-06,Canada,CAN,,gcp,northamerica-northeast2,Linux-6.8.0-1032-gcp-x86_64-with-glibc2.35,3.12.11,3.0.4,2,Intel(R) Xeon(R) CPU @ 2.60GHz,,,,,15.61648178100586,machine,Y,1.0
2025-08-07T12:02:43,scipy-benchmark,474de364-fde7-4400-98e0-5f6ae53cfc4a,scipy_LMC001_f7d9627c,1.001645284937695,7.062087764699632e-08,7.0504877034777e-08,0.8,0.0,10.0,1.1136307598402105e-07,0.0,1.391208788845688e-06,1.502571864829709e-06,Canada,CAN,,gcp,northamerica-northeast2,Linux-6.8.0-1032-gcp-x86_64-with-glibc2.35,3.12.11,3.0.4,2,Intel(R) Xeon(R) CPU @ 2.60GHz,,,,,15.61648178100586,machine,Y,1.0
2025-08-07T12:02:45,scipy-benchmark,d30b8752-1dfe-4708-a492-bc663a95d095,scipy_LMC001_f7d9627c,1.0016665270086378,7.062522095791063e-08,7.050771794164347e-08,0.8,0.0,10.0,1.113771981973615e-07,0.0,1.391287077502865e-06,1.5026642757002264e-06,Canada,CAN,,gcp,northamerica-northeast2,Linux-6.8.0-1032-gcp-x86_64-with-glibc2.35,3.12.11,3.0.4,2,Intel(R) Xeon(R) CPU @ 2.60GHz,,,,,15.61648178100586,machine,Y,1.0
2025-08-07T12:02:47,scipy-benchmark,998bfdbc-c7f4-4f43-8720-09495bf4c1df,scipy_LMC001_f7d9627c,1.0017630739603192,7.06349798578562e-08,7.051066434163066e-08,0.8,0.0,10.0,1.1138815908796258e-07,0.0,1.3914837527813183e-06,1.5028719118692808e-06,Canada,CAN,,gcp,northamerica-northeast2,Linux-6.8.0-1032-gcp-x86_64-with-glibc2.35,3.12.11,3.0.4,2,Intel(R) Xeon(R) CPU @ 2.60GHz,,,,,15.61648178100586,machine,Y,1.0
2025-08-07T12:02:49,scipy-benchmark,39a5ef4c-78e9-4b2c-a783-a0c38a7b48fe,scipy_LMC001_f7d9627c,1.001716135069728,7.0632989745613e-08,7.051198166104844e-08,0.8,0.0,10.0,1.1138564648313657e-07,0.0,1.3914439225724588e-06,1.5028295690555953e-06,Canada,CAN,,gcp,northamerica-northeast2,Linux-6.8.0-1032-gcp-x86_64-with-glibc2.35,3.12.11,3.0.4,2,Intel(R) Xeon(R) CPU @ 2.60GHz,,,,,15.61648178100586,machine,Y,1.0
2025-08-07T12:02:51,scipy-benchmark,1524a668-532e-4c59-bfe5-84900d11f8ba,scipy_LMC001_f7d9627c,1.0016596890054643,7.062599630514159e-08,7.050897333730708e-08,0.8,0.0,10.0,1.113653562238647e-07,0.0,1.3913154162259566e-06,1.5026807724498212e-06,Canada,CAN,,gcp,northamerica-northeast2,Linux-6.8.0-1032-gcp-x86_64-with-glibc2.35,3.12.11,3.0.4,2,Intel(R) Xeon(R) CPU @ 2.60GHz,,,,,15.61648178100586,machine,Y,1.0
2025-08-07T12:02:53,scipy-benchmark,2d881c70-216c-402a-9806-dc3ced10e1c8,scipy_LMC001_f7d9627c,1.0016630128957331,7.062976555510734e-08,7.05125023543816e-08,0.8,0.0,10.0,1.1137362776531117e-07,0.0,1.391387341492292e-06,1.502760969257603e-06,Canada,CAN,,gcp,northamerica-northeast2,Linux-6.8.0-1032-gcp-x86_64-with-glibc2.35,3.12.11,3.0.4,2,Intel(R) Xeon(R) CPU @ 2.60GHz,,,,,15.61648178100586,machine,Y,1.0
2025-08-07T12:02:56,scipy-benchmark,013b5ed5-3f2d-4e8a-81d4-53555e704dc3,scipy_LMC001_f7d9627c,1.001783715095371,7.06327608561195e-08,7.050699646220061e-08,0.8,0.0,10.0,1.1139100422668789e-07,0.0,1.3914336948396845e-06,1.5028246990663724e-06,Canada,CAN,,gcp,northamerica-northeast2,Linux-6.8.0-1032-gcp-x86_64-with-glibc2.35,3.12.11,3.0.4,2,Intel(R) Xeon(R) CPU @ 2.60GHz,,,,,15.61648178100586,machine,Y,1.0
2025-08-07T12:02:58,scipy-benchmark,1618a681-5a6b-4d1c-bbfb-4d3301280140,scipy_LMC001_f7d9627c,1.0017099890392274,7.06336956130496e-08,7.051311895251905e-08,0.8,0.0,10.0,1.1137664845834177e-07,0.0,1.3914679390533518e-06,1.5028445875116935e-06,Canada,CAN,,gcp,northamerica-northeast2,Linux-6.8.0-1032-gcp-x86_64-with-glibc2.35,3.12.11,3.0.4,2,Intel(R) Xeon(R) CPU @ 2.60GHz,,,,,15.61648178100586,machine,Y,1.0
2025-08-07T12:03:00,scipy-benchmark,91eb9ef0-616c-4b76-bd8c-0b509717eecd,scipy_LMC001_f7d9627c,1.0017041529063135,7.063425385036197e-08,7.051408706395587e-08,0.8,0.0,10.0,1.1138338999201856e-07,0.0,1.3914730749092997e-06,1.5028564649013183e-06,Canada,CAN,,gcp,northamerica-northeast2,Linux-6.8.0-1032-gcp-x86_64-with-glibc2.35,3.12.11,3.0.4,2,Intel(R) Xeon(R) CPU @ 2.60GHz,,,,,15.61648178100586,machine,Y,1.0
2025-08-07T12:03:02,scipy-benchmark,462fa253-aad9-45f9-bced-1e66bc1a726d,scipy_LMC001_f7d9627c,1.0017652011010796,7.063515865740678e-08,7.05106931043012e-08,0.8,0.0,10.0,1.1138766890184748e-07,0.0,1.39148804721319e-06,1.5028757161150375e-06,Canada,CAN,,gcp,northamerica-northeast2,Linux-6.8.0-1032-gcp-x86_64-with-glibc2.35,3.12.11,3.0.4,2,Intel(R) Xeon(R) CPU @ 2.60GHz,,,,,15.61648178100586,machine,Y,1.0
2025-08-07T12:03:04,scipy-benchmark,8aa425f3-c4d6-4122-bb00-84510cb9f97c,scipy_LMC001_f7d9627c,1.00176593195647,7.063112665896511e-08,7.050661677126616e-08,0.8,0.0,10.0,1.1138516198843721e-07,0.0,1.391404766925714e-06,1.5027899289141511e-06,Canada,CAN,,gcp,northamerica-northeast2,Linux-6.8.0-1032-gcp-x86_64-with-glibc2.35,3.12.11,3.0.4,2,Intel(R) Xeon(R) CPU @ 2.60GHz,,,,,15.61648178100586,machine,Y,1.0
2025-08-07T12:03:06,scipy-benchmark,c5a5e32f-6a66-4966-b292-1b78917c0cec,scipy_LMC001_f7d9627c,1.0018440010026095,7.064349853927787e-08,7.051347162690039e-08,0.8,0.0,10.0,1.114025993479623e-07,0.0,1.3916505610622051e-06,1.5030531604101674e-06,Canada,CAN,,gcp,northamerica-northeast2,Linux-6.8.0-1032-gcp-x86_64-with-glibc2.35,3.12.11,3.0.4,2,Intel(R) Xeon(R) CPU @ 2.60GHz,,,,,15.61648178100586,machine,Y,1.0
2025-08-07T12:03:09,scipy-benchmark,8d2017b1-3a7d-4379-9928-155b78972ecb,scipy_LMC001_f7d9627c,1.0016557530034331,7.062782624775235e-08,7.051107731970491e-08,0.8,0.0,10.0,1.1137415447996725e-07,0.0,1.3913455529190189e-06,1.5027197073989858e-06,Canada,CAN,,gcp,northamerica-northeast2,Linux-6.8.0-1032-gcp-x86_64-with-glibc2.35,3.12.11,3.0.4,2,Intel(R) Xeon(R) CPU @ 2.60GHz,,,,,15.61648178100586,machine,Y,1.0
2025-08-07T12:03:11,scipy-benchmark,de7b4b63-bac3-4eb9-bdf4-7206203c563d,scipy_LMC001_f7d9627c,1.0017850848380476,7.063177367108357e-08,7.050591463188152e-08,0.8,0.0,10.0,1.1138240951630805e-07,0.0,1.3914212856131296e-06,1.5028036951294376e-06,Canada,CAN,,gcp,northamerica-northeast2,Linux-6.8.0-1032-gcp-x86_64-with-glibc2.35,3.12.11,3.0.4,2,Intel(R) Xeon(R) CPU @ 2.60GHz,,,,,15.61648178100586,machine,Y,1.0
2025-08-07T12:03:13,scipy-benchmark,b203b8d5-82c2-4006-bbff-29a8bb686f66,scipy_LMC001_f7d9627c,1.0017236100975424,7.063435939233751e-08,7.051282277898942e-08,0.8,0.0,10.0,1.1138786556613116e-07,0.0,1.391470844909135e-06,1.502858710475266e-06,Canada,CAN,,gcp,northamerica-northeast2,Linux-6.8.0-1032-gcp-x86_64-with-glibc2.35,3.12.11,3.0.4,2,Intel(R) Xeon(R) CPU @ 2.60GHz,,,,,15.61648178100586,machine,Y,1.0
2025-08-07T12:03:15,scipy-benchmark,92d9f457-83e5-492b-a12a-a5a6ca7ac406,scipy_LMC001_f7d9627c,1.001695009879768,7.063095707467033e-08,7.051143948810135e-08,0.8,0.0,10.0,1.113801988669569e-07,0.0,1.3914061218707098e-06,1.5027863207376666e-06,Canada,CAN,,gcp,northamerica-northeast2,Linux-6.8.0-1032-gcp-x86_64-with-glibc2.35,3.12.11,3.0.4,2,Intel(R) Xeon(R) CPU @ 2.60GHz,,,,,15.61648178100586,machine,Y,1.0
2025-08-07T12:03:17,scipy-benchmark,a75899ed-3b45-4075-961b-b630089f8930,scipy_LMC001_f7d9627c,1.0016623279079797,7.062948020438976e-08,7.051226569726631e-08,0.8,0.0,10.0,1.1137045909547145e-07,0.0,1.3913844388702675e-06,1.5027548979657391e-06,Canada,CAN,,gcp,northamerica-northeast2,Linux-6.8.0-1032-gcp-x86_64-with-glibc2.35,3.12.11,3.0.4,2,Intel(R) Xeon(R) CPU @ 2.60GHz,,,,,15.61648178100586,machine,Y,1.0
2025-08-07T12:03:19,scipy-benchmark,4b5d9efd-cfc0-4a19-8e8a-c6bd47a5e8ed,scipy_LMC001_f7d9627c,1.0017952439375222,7.064434912599001e-08,7.051775255822217e-08,0.8,0.0,10.0,1.1139422732715809e-07,0.0,1.3916770306726296e-06,1.5030712579997876e-06,Canada,CAN,,gcp,northamerica-northeast2,Linux-6.8.0-1032-gcp-x86_64-with-glibc2.35,3.12.11,3.0.4,2,Intel(R) Xeon(R) CPU @ 2.60GHz,,,,,15.61648178100586,machine,Y,1.0
2025-08-07T12:03:22,scipy-benchmark,57de43c9-be5e-47dc-98d4-36751aa8dd5c,scipy_LMC001_f7d9627c,1.001681803027168,7.06319315426776e-08,7.051334199066199e-08,0.8,0.0,10.0,1.1138174310326585e-07,0.0,1.3914253109962575e-06,1.5028070540995234e-06,Canada,CAN,,gcp,northamerica-northeast2,Linux-6.8.0-1032-gcp-x86_64-with-glibc2.35,3.12.11,3.0.4,2,Intel(R) Xeon(R) CPU @ 2.60GHz,,,,,15.61648178100586,machine,Y,1.0
2025-08-07T12:03:24,scipy-benchmark,807931a7-e612-4d07-bac4-4495a1bccbd6,scipy_LMC001_f7d9627c,1.0016976811457423,7.062570950629502e-08,7.050601277774078e-08,0.8,0.0,10.0,1.1137189488444065e-07,0.0,1.3913027754622616e-06,1.5026746703467025e-06,Canada,CAN,,gcp,northamerica-northeast2,Linux-6.8.0-1032-gcp-x86_64-with-glibc2.35,3.12.11,3.0.4,2,Intel(R) Xeon(R) CPU @ 2.60GHz,,,,,15.61648178100586,machine,Y,1.0
2025-08-07T12:03:26,scipy-benchmark,5607a1ae-daad-40ae-9383-346b8f45b2c6,scipy_LMC001_f7d9627c,1.0017857989296317,7.063505950616673e-08,7.05091443516543e-08,0.8,0.0,10.0,1.1139652045029733e-07,0.0,1.3914770860638886e-06,1.502873606514186e-06,Canada,CAN,,gcp,northamerica-northeast2,Linux-6.8.0-1032-gcp-x86_64-with-glibc2.35,3.12.11,3.0.4,2,Intel(R) Xeon(R) CPU @ 2.60GHz,,,,,15.61648178100586,machine,Y,1.0
2025-08-07T12:03:28,scipy-benchmark,5cd549b0-281d-4f75-b150-d8345c9840c9,scipy_LMC001_f7d9627c,1.0017397408373654,7.063213299796917e-08,7.050946480263124e-08,0.8,0.0,10.0,1.113866017613974e-07,0.0,1.3914247386209252e-06,1.5028113403823226e-06,Canada,CAN,,gcp,northamerica-northeast2,Linux-6.8.0-1032-gcp-x86_64-with-glibc2.35,3.12.11,3.0.4,2,Intel(R) Xeon(R) CPU @ 2.60GHz,,,,,15.61648178100586,machine,Y,1.0
2025-08-07T12:03:30,scipy-benchmark,a724c7df-e755-4cc1-aeae-de80f17174fb,scipy_LMC001_f7d9627c,1.0017448200378567,7.063437271244928e-08,7.051134310809808e-08,0.8,0.0,10.0,1.1138753003130357e-07,0.0,1.391471463850596e-06,1.5028589938818994e-06,Canada,CAN,,gcp,northamerica-northeast2,Linux-6.8.0-1032-gcp-x86_64-with-glibc2.35,3.12.11,3.0.4,2,Intel(R) Xeon(R) CPU @ 2.60GHz,,,,,15.61648178100586,machine,Y,1.0
2025-08-07T12:03:32,scipy-benchmark,9307ce03-dade-4793-bad8-a238c544918c,scipy_LMC001_f7d9627c,1.0016886910889298,7.062866616864792e-08,7.050959724010453e-08,0.8,0.0,10.0,1.1137521670510373e-07,0.0,1.3913623613512352e-06,1.5027375780563389e-06,Canada,CAN,,gcp,northamerica-northeast2,Linux-6.8.0-1032-gcp-x86_64-with-glibc2.35,3.12.11,3.0.4,2,Intel(R) Xeon(R) CPU @ 2.60GHz,,,,,15.61648178100586,machine,Y,1.0
2025-08-07T12:03:35,scipy-benchmark,d82b8566-400f-4eeb-ac83-94ea21eb80a9,scipy_LMC001_f7d9627c,1.001774346921593,7.06328995956315e-08,7.050779430785307e-08,0.8,0.0,10.0,1.1138387909159065e-07,0.0,1.3914437718792924e-06,1.502827650970883e-06,Canada,CAN,,gcp,northamerica-northeast2,Linux-6.8.0-1032-gcp-x86_64-with-glibc2.35,3.12.11,3.0.4,2,Intel(R) Xeon(R) CPU @ 2.60GHz,,,,,15.61648178100586,machine,Y,1.0
2025-08-07T12:03:37,scipy-benchmark,d4849142-35ba-426c-9349-7bb1d3235808,scipy_LMC001_f7d9627c,1.0016822509933263,7.06299772871296e-08,7.051135948259921e-08,0.8,0.0,10.0,1.1137985758897333e-07,0.0,1.3913856166052737e-06,1.5027654741942468e-06,Canada,CAN,,gcp,northamerica-northeast2,Linux-6.8.0-1032-gcp-x86_64-with-glibc2.35,3.12.11,3.0.4,2,Intel(R) Xeon(R) CPU @ 2.60GHz,,,,,15.61648178100586,machine,Y,1.0
2025-08-07T12:03:39,scipy-benchmark,0a97902d-e609-4236-82a2-de7aff4ad39f,scipy_LMC001_f7d9627c,1.0017163129523396,7.062700064521697e-08,7.050599030084609e-08,0.8,0.0,10.0,1.1137571356569729e-07,0.0,1.3913264278218978e-06,1.5027021413875951e-06,Canada,CAN,,gcp,northamerica-northeast2,Linux-6.8.0-1032-gcp-x86_64-with-glibc2.35,3.12.11,3.0.4,2,Intel(R) Xeon(R) CPU @ 2.60GHz,,,,,15.61648178100586,machine,Y,1.0
2025-08-07T12:03:41,scipy-benchmark,07c970cf-6db0-42a1-a1ff-b860cd7a1653,scipy_LMC001_f7d9627c,1.001706172944978,7.063044228122777e-08,7.051013978837422e-08,0.8,0.0,10.0,1.1138619265208645e-07,0.0,1.3913891750336106e-06,1.502775367685697e-06,Canada,CAN,,gcp,northamerica-northeast2,Linux-6.8.0-1032-gcp-x86_64-with-glibc2.35,3.12.11,3.0.4,2,Intel(R) Xeon(R) CPU @ 2.60GHz,,,,,15.61648178100586,machine,Y,1.0
2025-08-07T12:03:43,scipy-benchmark,686c07ec-b771-48c1-8a62-9ddad8e4c177,scipy_LMC001_f7d9627c,1.0017045170534402,7.06295493899379e-08,7.050936497491092e-08,0.8,0.0,10.0,1.1137576442625789e-07,0.0,1.3913806055724208e-06,1.5027563699986788e-06,Canada,CAN,,gcp,northamerica-northeast2,Linux-6.8.0-1032-gcp-x86_64-with-glibc2.35,3.12.11,3.0.4,2,Intel(R) Xeon(R) CPU @ 2.60GHz,,,,,15.61648178100586,machine,Y,1.0
2025-08-07T12:03:45,scipy-benchmark,a83764a0-2d51-4fc1-a808-2438955ebb15,scipy_LMC001_f7d9627c,1.0016730970237404,7.062825716035958e-08,7.051028660968983e-08,0.8,0.0,10.0,1.1137680357529057e-07,0.0,1.391352072177041e-06,1.5027288757523315e-06,Canada,CAN,,gcp,northamerica-northeast2,Linux-6.8.0-1032-gcp-x86_64-with-glibc2.35,3.12.11,3.0.4,2,Intel(R) Xeon(R) CPU @ 2.60GHz,,,,,15.61648178100586,machine,Y,1.0
2025-08-07T12:03:47,scipy-benchmark,b8000b86-ab39-4e5e-b662-5290bd613fc3,scipy_LMC001_f7d9627c,1.0017272590193895,7.063436399692566e-08,7.051257052350857e-08,0.8,0.0,10.0,1.1138793313875797e-07,0.0,1.3914708753064689e-06,1.502858808445227e-06,Canada,CAN,,gcp,northamerica-northeast2,Linux-6.8.0-1032-gcp-x86_64-with-glibc2.35,3.12.11,3.0.4,2,Intel(R) Xeon(R) CPU @ 2.60GHz,,,,,15.61648178100586,machine,Y,1.0
2025-08-07T12:03:50,scipy-benchmark,28cb3982-94e7-4f6a-b79c-526615136c84,scipy_LMC001_f7d9627c,1.0017819080967456,7.064360151399206e-08,7.051794501680076e-08,0.8000072,0.0,10.0,1.113963236716719e-07,0.0,1.391659027689861e-06,1.5030553513615327e-06,Canada,CAN,,gcp,northamerica-northeast2,Linux-6.8.0-1032-gcp-x86_64-with-glibc2.35,3.12.11,3.0.4,2,Intel(R) Xeon(R) CPU @ 2.60GHz,,,,,15.61648178100586,machine,Y,1.0
2025-08-07T12:03:52,scipy-benchmark,ec370ba2-4ac1-43c7-a22b-20ca07c6e3f6,scipy_LMC001_f7d9627c,1.0016717039979994,7.063251655274588e-08,7.051463695223536e-08,0.8,0.0,10.0,1.113760733149118e-07,0.0,1.391443427807341e-06,1.5028195011222528e-06,Canada,CAN,,gcp,northamerica-northeast2,Linux-6.8.0-1032-gcp-x86_64-with-glibc2.35,3.12.11,3.0.4,2,Intel(R) Xeon(R) CPU @ 2.60GHz,,,,,15.61648178100586,machine,Y,1.0
2025-08-07T12:03:54,scipy-benchmark,27a3c5b5-429a-4228-8641-f24aedb1729d,scipy_LMC001_f7d9627c,1.001732868840918,7.063407677328517e-08,7.051188891806478e-08,0.8000072,0.0,10.0,1.1138497555918848e-07,0.0,1.391467721744751e-06,1.5028526973039394e-06,Canada,CAN,,gcp,northamerica-northeast2,Linux-6.8.0-1032-gcp-x86_64-with-glibc2.35,3.12.11,3.0.4,2,Intel(R) Xeon(R) CPU @ 2.60GHz,,,,,15.61648178100586,machine,Y,1.0
2025-08-07T12:03:56,scipy-benchmark,864b53ff-6e5b-49b8-acfa-07aee3ab1f7d,scipy_LMC001_f7d9627c,1.001798819983378,7.063622199627571e-08,7.050938829958665e-08,0.8,0.0,10.0,1.1139713755498333e-07,0.0,1.3915012027913084e-06,1.5028983403462918e-06,Canada,CAN,,gcp,northamerica-northeast2,Linux-6.8.0-1032-gcp-x86_64-with-glibc2.35,3.12.11,3.0.4,2,Intel(R) Xeon(R) CPU @ 2.60GHz,,,,,15.61648178100586,machine,Y,1.0
2025-08-07T12:03:58,scipy-benchmark,cbfee779-662f-4250-a022-bea4326f6f94,scipy_LMC001_f7d9627c,1.0017396369948983,7.06322741279275e-08,7.050961299666254e-08,0.8,0.0,10.0,1.113900902370612e-07,0.0,1.3914242529103324e-06,1.5028143431473936e-06,Canada,CAN,,gcp,northamerica-northeast2,Linux-6.8.0-1032-gcp-x86_64-with-glibc2.35,3.12.11,3.0.4,2,Intel(R) Xeon(R) CPU @ 2.60GHz,,,,,15.61648178100586,machine,Y,1.0
2025-08-07T12:04:00,scipy-benchmark,10d1448b-fb53-4aa8-a49f-50072a8aa3dc,scipy_LMC001_f7d9627c,1.0017547509633005,7.063264584719824e-08,7.050892025146571e-08,0.8,0.0,10.0,1.1138386310388645e-07,0.0,1.3914383889641614e-06,1.5028222520680475e-06,Canada,CAN,,gcp,northamerica-northeast2,Linux-6.8.0-1032-gcp-x86_64-with-glibc2.35,3.12.11,3.0.4,2,Intel(R) Xeon(R) CPU @ 2.60GHz,,,,,15.61648178100586,machine,Y,1.0
2025-08-07T12:04:03,scipy-benchmark,cccb1075-9fd2-476e-a1a6-557e2132ee41,scipy_LMC001_f7d9627c,1.0016906030941757,7.06354211116365e-08,7.051620619525328e-08,0.8,0.0,10.0,1.1138066401084265e-07,0.0,1.3915006362367422e-06,1.502881300247585e-06,Canada,CAN,,gcp,northamerica-northeast2,Linux-6.8.0-1032-gcp-x86_64-with-glibc2.35,3.12.11,3.0.4,2,Intel(R) Xeon(R) CPU @ 2.60GHz,,,,,15.61648178100586,machine,Y,1.0
2025-08-07T12:04:05,scipy-benchmark,726e8b72-50e4-4d43-b714-49dc69b71e04,scipy_LMC001_f7d9627c,1.0017417909111828,7.06334213415523e-08,7.051060660782081e-08,0.8,0.0,10.0,1.1138448264035913e-07,0.0,1.391454269307562e-06,1.5028387519479212e-06,Canada,CAN,,gcp,northamerica-northeast2,Linux-6.8.0-1032-gcp-x86_64-with-glibc2.35,3.12.11,3.0.4,2,Intel(R) Xeon(R) CPU @ 2.60GHz,,,,,15.61648178100586,machine,Y,1.0
2025-08-07T12:04:07,scipy-benchmark,7a43b002-8ab3-48ca-be44-2ac30e3addf3,scipy_LMC001_f7d9627c,1.001687043113634,7.06279009449451e-08,7.05089493075662e-08,0.8,0.0,10.0,1.113814662417604e-07,0.0,1.391339830459199e-06,1.5027212967009594e-06,Canada,CAN,,gcp,northamerica-northeast2,Linux-6.8.0-1032-gcp-x86_64-with-glibc2.35,3.12.11,3.0.4,2,Intel(R) Xeon(R) CPU @ 2.60GHz,,,,,15.61648178100586,machine,Y,1.0
2025-08-07T12:04:09,scipy-benchmark,6916b244-8430-4ecb-a180-451940824350,scipy_LMC001_f7d9627c,1.001649574143812,7.062844953049594e-08,7.051213453653948e-08,0.8,0.0,10.0,1.113764462578628e-07,0.0,1.3913565224760937e-06,1.5027329687339564e-06,Canada,CAN,,gcp,northamerica-northeast2,Linux-6.8.0-1032-gcp-x86_64-with-glibc2.35,3.12.11,3.0.4,2,Intel(R) Xeon(R) CPU @ 2.60GHz,,,,,15.61648178100586,machine,Y,1.0
2025-08-07T12:04:11,scipy-benchmark,b5059f54-596a-4879-b5cf-867eb39ba677,scipy_LMC001_f7d9627c,1.0017050690948963,7.063659829067015e-08,7.051636301940129e-08,0.8000072,0.0,10.0,1.1138536356201309e-07,0.0,1.3915209830479905e-06,1.5029063466100033e-06,Canada,CAN,,gcp,northamerica-northeast2,Linux-6.8.0-1032-gcp-x86_64-with-glibc2.35,3.12.11,3.0.4,2,Intel(R) Xeon(R) CPU @ 2.60GHz,,,,,15.61648178100586,machine,Y,1.0
2025-08-07T12:04:13,scipy-benchmark,8b6c4158-f5cd-43a3-9cb6-123dbab14921,scipy_LMC001_f7d9627c,1.0016356410924343,7.06269558614327e-08,7.051162415147624e-08,0.8,0.0,10.0,1.1137246086986529e-07,0.0,1.3913287276712557e-06,1.502701188541121e-06,Canada,CAN,,gcp,northamerica-northeast2,Linux-6.8.0-1032-gcp-x86_64-with-glibc2.35,3.12.11,3.0.4,2,Intel(R) Xeon(R) CPU @ 2.60GHz,,,,,15.61648178100586,machine,Y,1.0
2025-08-07T12:04:16,scipy-benchmark,cb344b9f-6026-443d-ae72-c00ade54abe3,scipy_LMC001_f7d9627c,1.0017008169088513,7.062849030791161e-08,7.050856814299513e-08,0.8,0.0,10.0,1.1137421398113173e-07,0.0,1.3913596223574132e-06,1.5027338363385448e-06,Canada,CAN,,gcp,northamerica-northeast2,Linux-6.8.0-1032-gcp-x86_64-with-glibc2.35,3.12.11,3.0.4,2,Intel(R) Xeon(R) CPU @ 2.60GHz,,,,,15.61648178100586,machine,Y,1.0
2025-08-07T12:04:18,scipy-benchmark,88224ad8-4bbc-466f-81bf-1ff9dab3bb64,scipy_LMC001_f7d9627c,1.0017177739646286,7.06295712018489e-08,7.050845361594121e-08,0.8,0.0,10.0,1.1137945644764437e-07,0.0,1.3913773776342472e-06,1.5027568340818915e-06,Canada,CAN,,gcp,northamerica-northeast2,Linux-6.8.0-1032-gcp-x86_64-with-glibc2.35,3.12.11,3.0.4,2,Intel(R) Xeon(R) CPU @ 2.60GHz,,,,,15.61648178100586,machine,Y,1.0
2025-08-07T12:04:20,scipy-benchmark,afd0e140-2a6d-4a52-a26c-02c1977ca510,scipy_LMC001_f7d9627c,1.001646309858188,7.062949937538037e-08,7.051341244933056e-08,0.8,0.0,10.0,1.1137286997917628e-07,0.0,1.3913824358799805e-06,1.5027553058591567e-06,Canada,CAN,,gcp,northamerica-northeast2,Linux-6.8.0-1032-gcp-x86_64-with-glibc2.35,3.12.11,3.0.4,2,Intel(R) Xeon(R) CPU @ 2.60GHz,,,,,15.61648178100586,machine,Y,1.0
2025-08-07T12:04:22,scipy-benchmark,adaabdd7-4242-4c1b-bcce-6c0f94cd9cd7,scipy_LMC001_f7d9627c,1.0017038809601218,7.06300237354719e-08,7.050988328783736e-08,0.8,0.0,10.0,1.113794262314009e-07,0.0,1.391387036225448e-06,1.5027664624568488e-06,Canada,CAN,,gcp,northamerica-northeast2,Linux-6.8.0-1032-gcp-x86_64-with-glibc2.35,3.12.11,3.0.4,2,Intel(R) Xeon(R) CPU @ 2.60GHz,,,,,15.61648178100586,machine,Y,1.0
2025-08-07T12:04:24,scipy-benchmark,4b771d82-4d1b-41e9-b0c9-200e2cd0185e,scipy_LMC001_f7d9627c,1.001690236851573,7.063441612713764e-08,7.051522868901037e-08,0.8,0.0,10.0,1.1138382041826845e-07,0.0,1.3914760971804046e-06,1.5028599175986732e-06,Canada,CAN,,gcp,northamerica-northeast2,Linux-6.8.0-1032-gcp-x86_64-with-glibc2.35,3.12.11,3.0.4,2,Intel(R) Xeon(R) CPU @ 2.60GHz,,,,,15.61648178100586,machine,Y,1.0
2025-08-07T12:04:26,scipy-benchmark,74c2bf73-5cde-4c1a-8260-360e18c32a19,scipy_LMC001_f7d9627c,1.001744977897033,7.062879329029887e-08,7.050576229348326e-08,0.8,0.0,10.0,1.1137998843979505e-07,0.0,1.3913602943325209e-06,1.502740282772316e-06,Canada,CAN,,gcp,northamerica-northeast2,Linux-6.8.0-1032-gcp-x86_64-with-glibc2.35,3.12.11,3.0.4,2,Intel(R) Xeon(R) CPU @ 2.60GHz,,,,,15.61648178100586,machine,Y,1.0
2025-08-07T12:04:29,scipy-benchmark,bb065289-6a22-4292-879d-1e3039bbbf49,scipy_LMC001_f7d9627c,1.001782395178452,7.0633363411529e-08,7.050769084332605e-08,0.8,0.0,10.0,1.1138771914152637e-07,0.0,1.3914498002527074e-06,1.5028375193942338e-06,Canada,CAN,,gcp,northamerica-northeast2,Linux-6.8.0-1032-gcp-x86_64-with-glibc2.35,3.12.11,3.0.4,2,Intel(R) Xeon(R) CPU @ 2.60GHz,,,,,15.61648178100586,machine,Y,1.0
2025-08-07T12:04:31,scipy-benchmark,3dfdb8b4-74c3-4dc4-903c-f97d1499f47f,scipy_LMC001_f7d9627c,1.0016682709101588,7.062650788862569e-08,7.050887997525508e-08,0.8,0.0,10.0,1.1136680422350765e-07,0.0,1.391324852981294e-06,1.5026916572048015e-06,Canada,CAN,,gcp,northamerica-northeast2,Linux-6.8.0-1032-gcp-x86_64-with-glibc2.35,3.12.11,3.0.4,2,Intel(R) Xeon(R) CPU @ 2.60GHz,,,,,15.61648178100586,machine,Y,1.0
2025-08-07T12:04:33,scipy-benchmark,c2ff919e-ccbd-4b79-865c-6c08ceec6f93,scipy_LMC001_f7d9627c,1.001721307868138,7.063589382179391e-08,7.051451662950161e-08,0.8,0.0,10.0,1.113810333319837e-07,0.0,1.391510324578525e-06,1.5028913579105089e-06,Canada,CAN,,gcp,northamerica-northeast2,Linux-6.8.0-1032-gcp-x86_64-with-glibc2.35,3.12.11,3.0.4,2,Intel(R) Xeon(R) CPU @ 2.60GHz,,,,,15.61648178100586,machine,Y,1.0
2025-08-07T12:04:35,scipy-benchmark,f0c71c26-e9a3-449e-b6e9-d3383aa354af,scipy_LMC001_f7d9627c,1.0017345331143588,7.063590128494737e-08,7.05135931226637e-08,0.8,0.0,10.0,1.1139090245382653e-07,0.0,1.3915006142471814e-06,1.502891516701008e-06,Canada,CAN,,gcp,northamerica-northeast2,Linux-6.8.0-1032-gcp-x86_64-with-glibc2.35,3.12.11,3.0.4,2,Intel(R) Xeon(R) CPU @ 2.60GHz,,,,,15.61648178100586,machine,Y,1.0
2025-08-07T12:04:37,scipy-benchmark,b6e03706-5e95-443c-a52b-843aa05c2eaf,scipy_LMC001_f7d9627c,1.0016608920414,7.062858230118744e-08,7.051147036123705e-08,0.8,0.0,10.0,1.11371918891867e-07,0.0,1.3913638747504186e-06,1.5027357936422856e-06,Canada,CAN,,gcp,northamerica-northeast2,Linux-6.8.0-1032-gcp-x86_64-with-glibc2.35,3.12.11,3.0.4,2,Intel(R) Xeon(R) CPU @ 2.60GHz,,,,,15.61648178100586,machine,Y,1.0
2025-08-07T12:04:39,scipy-benchmark,eeecdaeb-dbb3-4c18-a1a3-be834cc6ce59,scipy_LMC001_f7d9627c,1.0017726661171764,7.0635212187112e-08,7.051022110724057e-08,0.8,0.0,10.0,1.1138806600744529e-07,0.0,1.391488789037491e-06,1.5028768550449362e-06,Canada,CAN,,gcp,northamerica-northeast2,Linux-6.8.0-1032-gcp-x86_64-with-glibc2.35,3.12.11,3.0.4,2,Intel(R) Xeon(R) CPU @ 2.60GHz,,,,,15.61648178100586,machine,Y,1.0
2025-08-07T12:04:41,scipy-benchmark,304f2e60-e6af-4291-82d8-8028e5d32dca,scipy_LMC001_f7d9627c,1.001737433951348,7.063359992340098e-08,7.051109155897982e-08,0.8000576,0.0,10.0,1.1139267369880116e-07,0.0,1.391449877862922e-06,1.5028425515617232e-06,Canada,CAN,,gcp,northamerica-northeast2,Linux-6.8.0-1032-gcp-x86_64-with-glibc2.35,3.12.11,3.0.4,2,Intel(R) Xeon(R) CPU @ 2.60GHz,,,,,15.61648178100586,machine,Y,1.0
2025-08-07T12:04:44,scipy-benchmark,cf989487-a4a2-485d-becc-f83fa0e31b2c,scipy_LMC001_f7d9627c,1.001758987782523,7.062808758822375e-08,7.05040717873317e-08,0.8,0.0,10.0,1.1138787110232645e-07,0.0,1.391337396732221e-06,1.5027252678345476e-06,Canada,CAN,,gcp,northamerica-northeast2,Linux-6.8.0-1032-gcp-x86_64-with-glibc2.35,3.12.11,3.0.4,2,Intel(R) Xeon(R) CPU @ 2.60GHz,,,,,15.61648178100586,machine,Y,1.0
2025-08-07T12:04:46,scipy-benchmark,3023474a-3192-4907-9081-fadf5c37e626,scipy_LMC001_f7d9627c,1.0017737250309438,7.063079632870439e-08,7.05057385354389e-08,0.8,0.0,10.0,1.1138090889693965e-07,0.0,1.391401991713792e-06,1.5027829006107316e-06,Canada,CAN,,gcp,northamerica-northeast2,Linux-6.8.0-1032-gcp-x86_64-with-glibc2.35,3.12.11,3.0.4,2,Intel(R) Xeon(R) CPU @ 2.60GHz,,,,,15.61648178100586,machine,Y,1.0
2025-08-07T12:04:48,scipy-benchmark,baf269fd-e9b6-4a54-80d2-7148a5849d0f,scipy_LMC001_f7d9627c,1.0017083149868995,7.063152967411508e-08,7.05110745487211e-08,0.8,0.0,10.0,1.113832982050048e-07,0.0,1.3914152054995713e-06,1.502798503704576e-06,Canada,CAN,,gcp,northamerica-northeast2,Linux-6.8.0-1032-gcp-x86_64-with-glibc2.35,3.12.11,3.0.4,2,Intel(R) Xeon(R) CPU @ 2.60GHz,,,,,15.61648178100586,machine,Y,1.0
2025-08-07T12:04:50,scipy-benchmark,adfd86c5-c9c9-450d-8b7c-49914831ea25,scipy_LMC001_f7d9627c,1.001659088069573,7.06249143351387e-08,7.050793546060577e-08,0.8,0.0,10.0,1.1137801041412685e-07,0.0,1.3912797413973345e-06,1.5026577518114611e-06,Canada,CAN,,gcp,northamerica-northeast2,Linux-6.8.0-1032-gcp-x86_64-with-glibc2.35,3.12.11,3.0.4,2,Intel(R) Xeon(R) CPU @ 2.60GHz,,,,,15.61648178100586,machine,Y,1.0
2025-08-07T12:04:52,scipy-benchmark,17fcad3d-a6d3-4f71-ba1e-52bc931ca8cb,scipy_LMC001_f7d9627c,1.001593758817762,7.062337905334102e-08,7.051100152291463e-08,0.8,0.0,10.0,1.1136056420703729e-07,0.0,1.391264522034261e-06,1.5026250862412985e-06,Canada,CAN,,gcp,northamerica-northeast2,Linux-6.8.0-1032-gcp-x86_64-with-glibc2.35,3.12.11,3.0.4,2,Intel(R) Xeon(R) CPU @ 2.60GHz,,,,,15.61648178100586,machine,Y,1.0
2025-08-07T12:04:54,scipy-benchmark,8743ad84-8b06-460a-85d9-d31d9efe938d,scipy_LMC001_f7d9627c,1.0016703370492903,7.062602281648048e-08,7.050825027376755e-08,0.8,0.0,10.0,1.1137398399619593e-07,0.0,1.3913073525246648e-06,1.5026813365208608e-06,Canada,CAN,,gcp,northamerica-northeast2,Linux-6.8.0-1032-gcp-x86_64-with-glibc2.35,3.12.11,3.0.4,2,Intel(R) Xeon(R) CPU @ 2.60GHz,,,,,15.61648178100586,machine,Y,1.0
2025-08-07T12:04:57,scipy-benchmark,0660ecb5-7f64-4a54-9505-b13928b29b35,scipy_LMC001_f7d9627c,1.0017212368547916,7.063032457059145e-08,7.05089619466957e-08,0.8,0.0,10.0,1.1138035222474073e-07,0.0,1.3913925109793328e-06,1.5027728632040737e-06,Canada,CAN,,gcp,northamerica-northeast2,Linux-6.8.0-1032-gcp-x86_64-with-glibc2.35,3.12.11,3.0.4,2,Intel(R) Xeon(R) CPU @ 2.60GHz,,,,,15.61648178100586,machine,Y,1.0
2025-08-07T12:04:59,scipy-benchmark,d0aa24b7-baef-41df-b7b7-6c13b0429a09,scipy_LMC001_f7d9627c,1.0015536721330136,7.062388148114812e-08,7.051432533889082e-08,0.8,0.0,10.0,1.113587453340491e-07,0.0,1.3912770308605914e-06,1.5026357761946403e-06,Canada,CAN,,gcp,northamerica-northeast2,Linux-6.8.0-1032-gcp-x86_64-with-glibc2.35,3.12.11,3.0.4,2,Intel(R) Xeon(R) CPU @ 2.60GHz,,,,,15.61648178100586,machine,Y,1.0
2025-08-07T12:05:01,scipy-benchmark,101f5750-58a1-4fcc-b9ad-016a09b3681f,scipy_LMC001_f7d9627c,1.0017013549804688,7.063110034824866e-08,7.051113587604744e-08,0.8,0.0,10.0,1.1137310487942565e-07,0.0,1.391416264232248e-06,1.5027893691116736e-06,Canada,CAN,,gcp,northamerica-northeast2,Linux-6.8.0-1032-gcp-x86_64-with-glibc2.35,3.12.11,3.0.4,2,Intel(R) Xeon(R) CPU @ 2.60GHz,,,,,15.61648178100586,machine,Y,1.0
2025-08-07T12:05:03,scipy-benchmark,e1b728d6-1fc5-46a6-9112-081b6de5c612,scipy_LMC001_f7d9627c,1.00162008497864,7.062556700525129e-08,7.0511332654394e-08,0.8000072,0.0,10.0,1.113612079931781e-07,0.0,1.3913104304164237e-06,1.5026716384096017e-06,Canada,CAN,,gcp,northamerica-northeast2,Linux-6.8.0-1032-gcp-x86_64-with-glibc2.35,3.12.11,3.0.4,2,Intel(R) Xeon(R) CPU @ 2.60GHz,,,,,15.61648178100586,machine,Y,1.0
2025-08-07T12:05:05,scipy-benchmark,27b64bf5-9bb1-4dfc-9828-a65e4c352065,scipy_LMC001_f7d9627c,1.0017331868875772,7.063231205164144e-08,7.051010486245214e-08,0.8,0.0,10.0,1.1138534152673353e-07,0.0,1.3914298085081908e-06,1.5028151500349244e-06,Canada,CAN,,gcp,northamerica-northeast2,Linux-6.8.0-1032-gcp-x86_64-with-glibc2.35,3.12.11,3.0.4,2,Intel(R) Xeon(R) CPU @ 2.60GHz,,,,,15.61648178100586,machine,Y,1.0
2025-08-07T12:05:07,scipy-benchmark,2487ccb2-16e5-4b84-9206-5e8a2478bbd9,scipy_LMC001_f7d9627c,1.0017508228775114,7.063245450084408e-08,7.050900572055795e-08,0.8,0.0,10.0,1.1138970596301888e-07,0.0,1.391428474906004e-06,1.502818180869023e-06,Canada,CAN,,gcp,northamerica-northeast2,Linux-6.8.0-1032-gcp-x86_64-with-glibc2.35,3.12.11,3.0.4,2,Intel(R) Xeon(R) CPU @ 2.60GHz,,,,,15.61648178100586,machine,Y,1.0
2025-08-07T12:05:10,scipy-benchmark,ed27af0a-7bf2-4051-ae20-4d9481be9f33,scipy_LMC001_f7d9627c,1.0016622201073917,7.063051886548702e-08,7.051331022339496e-08,0.8,0.0,10.0,1.1137139978301196e-07,0.0,1.3914055973550095e-06,1.5027769971380216e-06,Canada,CAN,,gcp,northamerica-northeast2,Linux-6.8.0-1032-gcp-x86_64-with-glibc2.35,3.12.11,3.0.4,2,Intel(R) Xeon(R) CPU @ 2.60GHz,,,,,15.61648178100586,machine,Y,1.0
2025-08-07T12:05:12,scipy-benchmark,998f82e5-56f4-474d-8357-4d23881f5318,scipy_LMC001_f7d9627c,1.0017204999458045,7.06335209232186e-08,7.051220467889e-08,0.8,0.0,10.0,1.1138383200806048e-07,0.0,1.391457038698718e-06,1.5028408707067783e-06,Canada,CAN,,gcp,northamerica-northeast2,Linux-6.8.0-1032-gcp-x86_64-with-glibc2.35,3.12.11,3.0.4,2,Intel(R) Xeon(R) CPU @ 2.60GHz,,,,,15.61648178100586,machine,Y,1.0
2025-08-07T12:05:14,scipy-benchmark,e564f4ae-240a-44c3-a2d5-0b35a778006b,scipy_LMC001_f7d9627c,1.0017160580027848,7.063749744530976e-08,7.05164870633564e-08,0.8,0.0,10.0,1.1139082799976073e-07,0.0,1.391534649560021e-06,1.502925477559782e-06,Canada,CAN,,gcp,northamerica-northeast2,Linux-6.8.0-1032-gcp-x86_64-with-glibc2.35,3.12.11,3.0.4,2,Intel(R) Xeon(R) CPU @ 2.60GHz,,,,,15.61648178100586,machine,Y,1.0
2025-08-07T12:05:16,scipy-benchmark,4afa18fb-9388-4348-8095-4910652c1fb4,scipy_LMC001_f7d9627c,1.0016596170607954,7.062793084254695e-08,7.051090973378058e-08,0.8,0.0,10.0,1.11370452420993e-07,0.0,1.391351480399155e-06,1.502721932820148e-06,Canada,CAN,,gcp,northamerica-northeast2,Linux-6.8.0-1032-gcp-x86_64-with-glibc2.35,3.12.11,3.0.4,2,Intel(R) Xeon(R) CPU @ 2.60GHz,,,,,15.61648178100586,machine,Y,1.0
2025-08-07T12:05:18,scipy-benchmark,a5cfe347-a322-49f5-ab3c-883d09a4c45e,scipy_LMC001_f7d9627c,1.0018045869655907,7.064794189389795e-08,7.052068119181464e-08,0.8,0.0,10.0,1.1140909713382525e-07,0.0,1.391738602736344e-06,1.5031476998701692e-06,Canada,CAN,,gcp,northamerica-northeast2,Linux-6.8.0-1032-gcp-x86_64-with-glibc2.35,3.12.11,3.0.4,2,Intel(R) Xeon(R) CPU @ 2.60GHz,,,,,15.61648178100586,machine,Y,1.0
2025-08-07T12:05:20,scipy-benchmark,4c533680-6b1e-460e-b9ec-cf8fd3d8432a,scipy_LMC001_f7d9627c,1.0017144249286505,7.062974044934125e-08,7.05088583049725e-08,0.8,0.0,10.0,1.1138072397766845e-07,0.0,1.391379711114698e-06,1.5027604350923666e-06,Canada,CAN,,gcp,northamerica-northeast2,Linux-6.8.0-1032-gcp-x86_64-with-glibc2.35,3.12.11,3.0.4,2,Intel(R) Xeon(R) CPU @ 2.60GHz,,,,,15.61648178100586,machine,Y,1.0
2025-08-07T12:05:23,scipy-benchmark,d96af2d3-9f1c-4672-8951-a0393c9a6eb2,scipy_LMC001_f7d9627c,1.001674782950431,7.062833792486022e-08,7.05102485627367e-08,0.8,0.0,10.0,1.1137577198031876e-07,0.0,1.3913548221656432e-06,1.5027305941459618e-06,Canada,CAN,,gcp,northamerica-northeast2,Linux-6.8.0-1032-gcp-x86_64-with-glibc2.35,3.12.11,3.0.4,2,Intel(R) Xeon(R) CPU @ 2.60GHz,,,,,15.61648178100586,machine,Y,1.0
2025-08-07T12:05:25,scipy-benchmark,8febe243-7f15-4093-9f00-5ac1f0368b28,scipy_LMC001_f7d9627c,1.0016565958503634,7.062648951526111e-08,7.050968346622054e-08,0.8,0.0,10.0,1.113657995334103e-07,0.0,1.391325466748741e-06,1.5026912662821512e-06,Canada,CAN,,gcp,northamerica-northeast2,Linux-6.8.0-1032-gcp-x86_64-with-glibc2.35,3.12.11,3.0.4,2,Intel(R) Xeon(R) CPU @ 2.60GHz,,,,,15.61648178100586,machine,Y,1.0
2025-08-07T12:05:27,scipy-benchmark,6e01c0d7-d60e-46d0-8276-15307276bb03,scipy_LMC001_f7d9627c,1.001787283923477,7.063635513051932e-08,7.051033314564909e-08,0.8,0.0,10.0,1.1140155668059985e-07,0.0,1.3914996163091726e-06,1.5029011729897725e-06,Canada,CAN,,gcp,northamerica-northeast2,Linux-6.8.0-1032-gcp-x86_64-with-glibc2.35,3.12.11,3.0.4,2,Intel(R) Xeon(R) CPU @ 2.60GHz,,,,,15.61648178100586,machine,Y,1.0
2025-08-07T12:05:29,scipy-benchmark,6cbc2a6a-cea3-437f-9be1-6fb34909309b,scipy_LMC001_f7d9627c,1.001703899120912,7.063467345880862e-08,7.051452382365397e-08,0.8,0.0,10.0,1.11385606488006e-07,0.0,1.3914797862526029e-06,1.5028653927406088e-06,Canada,CAN,,gcp,northamerica-northeast2,Linux-6.8.0-1032-gcp-x86_64-with-glibc2.35,3.12.11,3.0.4,2,Intel(R) Xeon(R) CPU @ 2.60GHz,,,,,15.61648178100586,machine,Y,1.0
2025-08-07T12:05:31,scipy-benchmark,24137df8-86e2-4cee-99f4-05b23ff25075,scipy_LMC001_f7d9627c,1.0017499229870737,7.0635697980282e-08,7.051230687361227e-08,0.8,0.0,10.0,1.1138956869641941e-07,0.0,1.3914976223734104e-06,1.50288719106983e-06,Canada,CAN,,gcp,northamerica-northeast2,Linux-6.8.0-1032-gcp-x86_64-with-glibc2.35,3.12.11,3.0.4,2,Intel(R) Xeon(R) CPU @ 2.60GHz,,,,,15.61648178100586,machine,Y,1.0
2025-08-07T12:05:34,scipy-benchmark,53963d26-8a1f-437e-a33c-47dac07d8ba0,scipy_LMC001_f7d9627c,1.001700668828562,7.06364119115234e-08,7.051648672065789e-08,0.8,0.0,10.0,1.113779366326829e-07,0.0,1.3915244444635594e-06,1.5029023810962423e-06,Canada,CAN,,gcp,northamerica-northeast2,Linux-6.8.0-1032-gcp-x86_64-with-glibc2.35,3.12.11,3.0.4,2,Intel(R) Xeon(R) CPU @ 2.60GHz,,,,,15.61648178100586,machine,Y,1.0
2025-08-07T12:05:36,scipy-benchmark,2e9f5f7c-f1fb-4718-a54a-85e4fccf402f,scipy_LMC001_f7d9627c,1.0016454260330647,7.062744240845656e-08,7.051142108058218e-08,0.8,0.0,10.0,1.1137503509720169e-07,0.0,1.3913365055082571e-06,1.502711540605459e-06,Canada,CAN,,gcp,northamerica-northeast2,Linux-6.8.0-1032-gcp-x86_64-with-glibc2.35,3.12.11,3.0.4,2,Intel(R) Xeon(R) CPU @ 2.60GHz,,,,,15.61648178100586,machine,Y,1.0
2025-08-07T12:05:38,scipy-benchmark,a65ed0eb-4914-4b49-a402-de7b91f83538,scipy_LMC001_f7d9627c,1.0016734309028834,7.062866401408489e-08,7.051066928112689e-08,0.8,0.0,10.0,1.1137136020180252e-07,0.0,1.3913661720127697e-06,1.502737532214572e-06,Canada,CAN,,gcp,northamerica-northeast2,Linux-6.8.0-1032-gcp-x86_64-with-glibc2.35,3.12.11,3.0.4,2,Intel(R) Xeon(R) CPU @ 2.60GHz,,,,,15.61648178100586,machine,Y,1.0
2025-08-07T12:05:40,scipy-benchmark,fc218671-9327-42a6-a984-eff5639c7f0f,scipy_LMC001_f7d9627c,1.001671968959272,7.062997901248228e-08,7.05120849951169e-08,0.8,0.0,10.0,1.1137130866862009e-07,0.0,1.3913942022352584e-06,1.5027655109038785e-06,Canada,CAN,,gcp,northamerica-northeast2,Linux-6.8.0-1032-gcp-x86_64-with-glibc2.35,3.12.11,3.0.4,2,Intel(R) Xeon(R) CPU @ 2.60GHz,,,,,15.61648178100586,machine,Y,1.0
2025-08-07T12:05:42,scipy-benchmark,2e20ab54-74b9-4585-9e75-8c13ffdf3487,scipy_LMC001_f7d9627c,1.0016507480759174,7.062555243962237e-08,7.050915958011098e-08,0.8,0.0,10.0,1.1136523132315941e-07,0.0,1.3913060971794445e-06,1.5026713285026035e-06,Canada,CAN,,gcp,northamerica-northeast2,Linux-6.8.0-1032-gcp-x86_64-with-glibc2.35,3.12.11,3.0.4,2,Intel(R) Xeon(R) CPU @ 2.60GHz,,,,,15.61648178100586,machine,Y,1.0
2025-08-07T12:05:44,scipy-benchmark,d4982977-4a10-480a-ab00-09f717fdfcd9,scipy_LMC001_f7d9627c,1.0016190118622037,7.062627485536766e-08,7.051211490490755e-08,0.8,0.0,10.0,1.1137005464277337e-07,0.0,1.391316644407602e-06,1.5026866990503751e-06,Canada,CAN,,gcp,northamerica-northeast2,Linux-6.8.0-1032-gcp-x86_64-with-glibc2.35,3.12.11,3.0.4,2,Intel(R) Xeon(R) CPU @ 2.60GHz,,,,,15.61648178100586,machine,Y,1.0
2025-08-07T12:05:46,scipy-benchmark,ca86f80f-617a-41df-9668-24c25e54d154,scipy_LMC001_f7d9627c,1.001625888980925,7.062058318848987e-08,7.050594834398772e-08,0.8004608000000001,0.0,10.0,1.1142323037778009e-07,0.0,1.3911423693773235e-06,1.5025655997551037e-06,Canada,CAN,,gcp,northamerica-northeast2,Linux-6.8.0-1032-gcp-x86_64-with-glibc2.35,3.12.11,3.0.4,2,Intel(R) Xeon(R) CPU @ 2.60GHz,,,,,15.61648178100586,machine,Y,1.0
2025-08-07T12:05:49,scipy-benchmark,5089e18d-8410-4b09-b37b-f03bc664e8cf,scipy_LMC001_f7d9627c,1.0017263668123633,7.06189123742386e-08,7.049720833340756e-08,0.8,0.0,10.0,1.113799453402559e-07,0.0,1.391150105175459e-06,1.502530050515715e-06,Canada,CAN,,gcp,northamerica-northeast2,Linux-6.8.0-1032-gcp-x86_64-with-glibc2.35,3.12.11,3.0.4,2,Intel(R) Xeon(R) CPU @ 2.60GHz,,,,,15.61648178100586,machine,Y,1.0
2025-08-07T12:05:51,scipy-benchmark,b132850f-d5a3-4e45-9523-468898be2d5e,scipy_LMC001_f7d9627c,1.0015484171453863,7.06174004236773e-08,7.050822428031089e-08,0.8000072,0.0,10.0,1.1135025905949088e-07,0.0,1.3911476222953448e-06,1.5024978813548355e-06,Canada,CAN,,gcp,northamerica-northeast2,Linux-6.8.0-1032-gcp-x86_64-with-glibc2.35,3.12.11,3.0.4,2,Intel(R) Xeon(R) CPU @ 2.60GHz,,,,,15.61648178100586,machine,Y,1.0
2025-08-07T12:05:53,scipy-benchmark,80552a6a-2218-4008-919f-e771bc1ab6a9,scipy_LMC001_f7d9627c,1.0015518448781222,7.061805793800807e-08,7.050863946698787e-08,0.8,0.0,10.0,1.1135205486789346e-07,0.0,1.3911598161535544e-06,1.502511871021448e-06,Canada,CAN,,gcp,northamerica-northeast2,Linux-6.8.0-1032-gcp-x86_64-with-glibc2.35,3.12.11,3.0.4,2,Intel(R) Xeon(R) CPU @ 2.60GHz,,,,,15.61648178100586,machine,Y,1.0
2025-08-07T12:05:55,scipy-benchmark,0e5e1b2f-dbf9-405f-b28c-855386b28afd,scipy_LMC001_f7d9627c,1.001644262112677,7.063096165250885e-08,7.051501648253181e-08,0.8,0.0,10.0,1.1137232893250057e-07,0.0,1.3914140892059852e-06,1.5027864181384858e-06,Canada,CAN,,gcp,northamerica-northeast2,Linux-6.8.0-1032-gcp-x86_64-with-glibc2.35,3.12.11,3.0.4,2,Intel(R) Xeon(R) CPU @ 2.60GHz,,,,,15.61648178100586,machine,Y,1.0
2025-08-07T12:05:57,scipy-benchmark,3c38a894-eeb3-4c66-b54e-57f7a48e28ed,scipy_LMC001_f7d9627c,1.001681168098003,7.062778798358827e-08,7.050925008173678e-08,0.8,0.0,10.0,1.1137616536062624e-07,0.0,1.3913427279072091e-06,1.5027188932678357e-06,Canada,CAN,,gcp,northamerica-northeast2,Linux-6.8.0-1032-gcp-x86_64-with-glibc2.35,3.12.11,3.0.4,2,Intel(R) Xeon(R) CPU @ 2.60GHz,,,,,15.61648178100586,machine,Y,1.0
2025-08-07T12:05:59,scipy-benchmark,02609cc8-115c-47fd-9146-878d2b812d10,scipy_LMC001_f7d9627c,1.0016870538238436,7.063328984754885e-08,7.051432838021925e-08,0.8,0.0,10.0,1.1138392395029465e-07,0.0,1.3914520302528724e-06,1.502835954203167e-06,Canada,CAN,,gcp,northamerica-northeast2,Linux-6.8.0-1032-gcp-x86_64-with-glibc2.35,3.12.11,3.0.4,2,Intel(R) Xeon(R) CPU @ 2.60GHz,,,,,15.61648178100586,machine,Y,1.0
2025-08-07T12:06:02,scipy-benchmark,0eadf378-f507-4c98-aec2-29b2dd6feb9f,scipy_LMC001_f7d9627c,1.001902214018628,7.064784499814009e-08,7.051371282509869e-08,0.8,0.0,10.0,1.114101884369221e-07,0.0,1.391735449821378e-06,1.5031456382583e-06,Canada,CAN,,gcp,northamerica-northeast2,Linux-6.8.0-1032-gcp-x86_64-with-glibc2.35,3.12.11,3.0.4,2,Intel(R) Xeon(R) CPU @ 2.60GHz,,,,,15.61648178100586,machine,Y,1.0
2025-08-07T12:06:04,scipy-benchmark,1337ae2d-0872-4cea-bd9a-5d5da7b96c40,scipy_LMC001_f7d9627c,1.001698158914223,7.06293304841448e-08,7.050959398857483e-08,0.8,0.0,10.0,1.1137630997432605e-07,0.0,1.391375402454287e-06,1.5027517124286129e-06,Canada,CAN,,gcp,northamerica-northeast2,Linux-6.8.0-1032-gcp-x86_64-with-glibc2.35,3.12.11,3.0.4,2,Intel(R) Xeon(R) CPU @ 2.60GHz,,,,,15.61648178100586,machine,Y,1.0
2025-08-07T12:06:06,scipy-benchmark,88aea3d2-e791-43ba-bed4-555a5a6d0c30,scipy_LMC001_f7d9627c,1.0016718960832804,7.062358903204507e-08,7.050571081029243e-08,0.8,0.0,10.0,1.1137838402969972e-07,0.0,1.3912511698435992e-06,1.502629553873299e-06,Canada,CAN,,gcp,northamerica-northeast2,Linux-6.8.0-1032-gcp-x86_64-with-glibc2.35,3.12.11,3.0.4,2,Intel(R) Xeon(R) CPU @ 2.60GHz,,,,,15.61648178100586,machine,Y,1.0
2025-08-07T12:06:08,scipy-benchmark,0edb4f86-d00a-4ccb-bb1d-9097280ca351,scipy_LMC001_f7d9627c,1.001702960114926,7.06262569489061e-08,7.050618772335773e-08,0.8,0.0,10.0,1.1138418999811016e-07,0.0,1.391302128063722e-06,1.502686318061832e-06,Canada,CAN,,gcp,northamerica-northeast2,Linux-6.8.0-1032-gcp-x86_64-with-glibc2.35,3.12.11,3.0.4,2,Intel(R) Xeon(R) CPU @ 2.60GHz,,,,,15.61648178100586,machine,Y,1.0
2025-08-07T12:06:10,scipy-benchmark,b4284f5d-f25c-45a9-a62b-b0862e385666,scipy_LMC001_f7d9627c,1.0017524831928313,7.062961507492906e-08,7.05060543996009e-08,0.8,0.0,10.0,1.1138048110943705e-07,0.0,1.391377286442245e-06,1.502757767551682e-06,Canada,CAN,,gcp,northamerica-northeast2,Linux-6.8.0-1032-gcp-x86_64-with-glibc2.35,3.12.11,3.0.4,2,Intel(R) Xeon(R) CPU @ 2.60GHz,,,,,15.61648178100586,machine,Y,1.0
2025-08-07T12:06:12,scipy-benchmark,637fbbf8-3107-47c7-a844-0ce5c6d29306,scipy_LMC001_f7d9627c,1.0017380800563842,7.06332089930721e-08,7.051065582841416e-08,0.8,0.0,10.0,1.1138199797521037e-07,0.0,1.3914522359199409e-06,1.5028342338951512e-06,Canada,CAN,,gcp,northamerica-northeast2,Linux-6.8.0-1032-gcp-x86_64-with-glibc2.35,3.12.11,3.0.4,2,Intel(R) Xeon(R) CPU @ 2.60GHz,,,,,15.61648178100586,machine,Y,1.0
2025-08-07T12:06:15,scipy-benchmark,4a7110a8-fa54-4107-93e1-7c83566cc3a7,scipy_LMC001_f7d9627c,1.0017341079656037,7.062900765473025e-08,7.050674135292138e-08,0.8,0.0,10.0,1.1137916064924664e-07,0.0,1.391365683068418e-06,1.5027448437176643e-06,Canada,CAN,,gcp,northamerica-northeast2,Linux-6.8.0-1032-gcp-x86_64-with-glibc2.35,3.12.11,3.0.4,2,Intel(R) Xeon(R) CPU @ 2.60GHz,,,,,15.61648178100586,machine,Y,1.0
2025-08-07T12:06:17,scipy-benchmark,4ff2d7fc-4d60-46c0-a0d6-3b4c6262b647,scipy_LMC001_f7d9627c,1.0015840257983657,7.06154730273761e-08,7.050379320006457e-08,0.8000576,0.0,10.0,1.1136562862765625e-07,0.0,1.3910912442952396e-06,1.5024568729228958e-06,Canada,CAN,,gcp,northamerica-northeast2,Linux-6.8.0-1032-gcp-x86_64-with-glibc2.35,3.12.11,3.0.4,2,Intel(R) Xeon(R) CPU @ 2.60GHz,,,,,15.61648178100586,machine,Y,1.0
2025-08-07T12:06:19,scipy-benchmark,a5f83ccb-87b4-425c-aaf5-7491ec9b7612,scipy_LMC001_f7d9627c,1.001706253970042,7.062784337239445e-08,7.05075396030289e-08,0.8,0.0,10.0,1.11377469315711e-07,0.0,1.3913426024373622e-06,1.5027200717530732e-06,Canada,CAN,,gcp,northamerica-northeast2,Linux-6.8.0-1032-gcp-x86_64-with-glibc2.35,3.12.11,3.0.4,2,Intel(R) Xeon(R) CPU @ 2.60GHz,,,,,15.61648178100586,machine,Y,1.0
2025-08-07T12:06:21,scipy-benchmark,2dfe6b01-5468-4b5c-b77d-52b6709ced9b,scipy_LMC001_f7d9627c,1.0017039328813553,7.063340017406477e-08,7.051325032825921e-08,0.8,0.0,10.0,1.1138447399975529e-07,0.0,1.3914538275760909e-06,1.5028383015758462e-06,Canada,CAN,,gcp,northamerica-northeast2,Linux-6.8.0-1032-gcp-x86_64-with-glibc2.35,3.12.11,3.0.4,2,Intel(R) Xeon(R) CPU @ 2.60GHz,,,,,15.61648178100586,machine,Y,1.0
2025-08-07T12:06:23,scipy-benchmark,aa93266e-47af-491c-9732-329b38eebb55,scipy_LMC001_f7d9627c,1.0017222799360752,7.063216646421806e-08,7.051072725339147e-08,0.8,0.0,10.0,1.1138701889043056e-07,0.0,1.3914250335397406e-06,1.5028120524301711e-06,Canada,CAN,,gcp,northamerica-northeast2,Linux-6.8.0-1032-gcp-x86_64-with-glibc2.35,3.12.11,3.0.4,2,Intel(R) Xeon(R) CPU @ 2.60GHz,,,,,15.61648178100586,machine,Y,1.0
2025-08-07T12:06:25,scipy-benchmark,45593691-14a6-4e0f-a0c7-8245a91a06e4,scipy_LMC001_f7d9627c,1.001725418958813,7.063429562967375e-08,7.051263179793378e-08,0.8,0.0,10.0,1.1138082331874305e-07,0.0,1.3914765305041025e-06,1.5028573538228455e-06,Canada,CAN,,gcp,northamerica-northeast2,Linux-6.8.0-1032-gcp-x86_64-with-glibc2.35,3.12.11,3.0.4,2,Intel(R) Xeon(R) CPU @ 2.60GHz,,,,,15.61648178100586,machine,Y,1.0
2025-08-07T12:06:28,scipy-benchmark,d18dc38e-182a-4494-9625-e74ab5981e2b,scipy_LMC001_f7d9627c,1.0018034919630736,7.064154909380405e-08,7.051437698163652e-08,0.8,0.0,10.0,1.1139771047358713e-07,0.0,1.391613972373307e-06,1.503011682846894e-06,Canada,CAN,,gcp,northamerica-northeast2,Linux-6.8.0-1032-gcp-x86_64-with-glibc2.35,3.12.11,3.0.4,2,Intel(R) Xeon(R) CPU @ 2.60GHz,,,,,15.61648178100586,machine,Y,1.0
2025-08-07T12:06:30,scipy-benchmark,c77d7e64-e560-46e6-b5e5-d2d9e7e947f3,scipy_LMC001_f7d9627c,1.001780655933544,7.063842679880973e-08,7.051286764265067e-08,0.8,0.0,10.0,1.113894539885223e-07,0.0,1.3915557970499828e-06,1.502945251038505e-06,Canada,CAN,,gcp,northamerica-northeast2,Linux-6.8.0-1032-gcp-x86_64-with-glibc2.35,3.12.11,3.0.4,2,Intel(R) Xeon(R) CPU @ 2.60GHz,,,,,15.61648178100586,machine,Y,1.0
2025-08-07T12:06:32,scipy-benchmark,3a665696-e170-4ab0-b9c8-089e3126bc80,scipy_LMC001_f7d9627c,1.0016778719145805,7.062447677037885e-08,7.050617643713054e-08,0.8,0.0,10.0,1.1137348066808449e-07,0.0,1.3912749612548695e-06,1.5026484419229545e-06,Canada,CAN,,gcp,northamerica-northeast2,Linux-6.8.0-1032-gcp-x86_64-with-glibc2.35,3.12.11,3.0.4,2,Intel(R) Xeon(R) CPU @ 2.60GHz,,,,,15.61648178100586,machine,Y,1.0
2025-08-07T12:06:34,scipy-benchmark,87aa887e-a8db-4efb-8897-ddfa6d214999,scipy_LMC001_f7d9627c,1.0015850239433348,7.062088122780228e-08,7.0509122580289e-08,0.8,0.0,10.0,1.1135840177949936e-07,0.0,1.3912135392375703e-06,1.5025719410170698e-06,Canada,CAN,,gcp,northamerica-northeast2,Linux-6.8.0-1032-gcp-x86_64-with-glibc2.35,3.12.11,3.0.4,2,Intel(R) Xeon(R) CPU @ 2.60GHz,,,,,15.61648178100586,machine,Y,1.0
2025-08-07T12:06:36,scipy-benchmark,f6add369-4968-4589-889b-bd861476b6c9,scipy_LMC001_f7d9627c,1.0016273651272058,7.061724818099498e-08,7.050251484695272e-08,0.8,0.0,10.0,1.11362025141716e-07,0.0,1.3911326170071131e-06,1.5024946421488293e-06,Canada,CAN,,gcp,northamerica-northeast2,Linux-6.8.0-1032-gcp-x86_64-with-glibc2.35,3.12.11,3.0.4,2,Intel(R) Xeon(R) CPU @ 2.60GHz,,,,,15.61648178100586,machine,Y,1.0
2025-08-07T12:06:38,scipy-benchmark,435d92e8-ab7d-4f46-9080-fb3777383a30,scipy_LMC001_f7d9627c,1.0025342621374875,7.063661078304155e-08,7.045805161056376e-08,0.8,0.0,10.0,1.1138655421220597e-07,0.0,1.3915200581929336e-06,1.5029066124051396e-06,Canada,CAN,,gcp,northamerica-northeast2,Linux-6.8.0-1032-gcp-x86_64-with-glibc2.35,3.12.11,3.0.4,2,Intel(R) Xeon(R) CPU @ 2.60GHz,,,,,15.61648178100586,machine,Y,1.0
2025-08-07T12:06:41,scipy-benchmark,8c4b0c46-06bc-4491-957d-d1cc78a8a887,scipy_LMC001_f7d9627c,1.001735544996336,7.063385882241548e-08,7.051148297096099e-08,0.8,0.0,10.0,1.113875935681992e-07,0.0,1.391460466483194e-06,1.502848060051393e-06,Canada,CAN,,gcp,northamerica-northeast2,Linux-6.8.0-1032-gcp-x86_64-with-glibc2.35,3.12.11,3.0.4,2,Intel(R) Xeon(R) CPU @ 2.60GHz,,,,,15.61648178100586,machine,Y,1.0
2025-08-07T12:06:43,scipy-benchmark,ecb4b52d-4247-40d8-b457-39430e8c21d4,scipy_LMC001_f7d9627c,1.001784740947187,7.0635977728163e-08,7.05101354023188e-08,0.8,0.0,10.0,1.1139001821478208e-07,0.0,1.391503124937622e-06,1.502893143152404e-06,Canada,CAN,,gcp,northamerica-northeast2,Linux-6.8.0-1032-gcp-x86_64-with-glibc2.35,3.12.11,3.0.4,2,Intel(R) Xeon(R) CPU @ 2.60GHz,,,,,15.61648178100586,machine,Y,1.0
2025-08-07T12:06:45,scipy-benchmark,475bbfec-3a0a-440e-a3c0-83482782faf3,scipy_LMC001_f7d9627c,1.001774688018486,7.063689701406597e-08,7.05117606373006e-08,0.8,0.0,10.0,1.113931719834606e-07,0.0,1.3915195304434747e-06,1.5029127024269353e-06,Canada,CAN,,gcp,northamerica-northeast2,Linux-6.8.0-1032-gcp-x86_64-with-glibc2.35,3.12.11,3.0.4,2,Intel(R) Xeon(R) CPU @ 2.60GHz,,,,,15.61648178100586,machine,Y,1.0
2025-08-07T12:06:47,scipy-benchmark,d20ec87c-f128-4709-9e79-f838b8d8605a,scipy_LMC001_f7d9627c,1.001721136039123,7.063166571312791e-08,7.05103078811041e-08,0.8,0.0,10.0,1.11382101300276e-07,0.0,1.3914192968513817e-06,1.5028013981516577e-06,Canada,CAN,,gcp,northamerica-northeast2,Linux-6.8.0-1032-gcp-x86_64-with-glibc2.35,3.12.11,3.0.4,2,Intel(R) Xeon(R) CPU @ 2.60GHz,,,,,15.61648178100586,machine,Y,1.0
2025-08-07T12:06:49,scipy-benchmark,94f30357-c515-4787-83cd-ab5409271f56,scipy_LMC001_f7d9627c,1.0017630918882787,7.063342377090724e-08,7.05091097314899e-08,0.8,0.0,10.0,1.1138772022806937e-07,0.0,1.3914510834082549e-06,1.5028388036363245e-06,Canada,CAN,,gcp,northamerica-northeast2,Linux-6.8.0-1032-gcp-x86_64-with-glibc2.35,3.12.11,3.0.4,2,Intel(R) Xeon(R) CPU @ 2.60GHz,,,,,15.61648178100586,machine,Y,1.0
2025-08-07T12:06:51,scipy-benchmark,5c5820dd-9366-4e9b-917f-e940258a7102,scipy_LMC001_f7d9627c,1.0018311960157007,7.063442238412488e-08,7.050531333525963e-08,0.8,0.0,10.0,1.1140759491051237e-07,0.0,1.3914524558155489e-06,1.5028600507260612e-06,Canada,CAN,,gcp,northamerica-northeast2,Linux-6.8.0-1032-gcp-x86_64-with-glibc2.35,3.12.11,3.0.4,2,Intel(R) Xeon(R) CPU @ 2.60GHz,,,,,15.61648178100586,machine,Y,1.0
2025-08-07T12:06:54,scipy-benchmark,a5790113-15a7-4664-a124-27cd36de795e,scipy_LMC001_f7d9627c,1.001759494887665,7.063362690413165e-08,7.050956568377956e-08,0.8,0.0,10.0,1.1138833955758149e-07,0.0,1.3914547860622406e-06,1.5028431256198222e-06,Canada,CAN,,gcp,northamerica-northeast2,Linux-6.8.0-1032-gcp-x86_64-with-glibc2.35,3.12.11,3.0.4,2,Intel(R) Xeon(R) CPU @ 2.60GHz,,,,,15.61648178100586,machine,Y,1.0
2025-08-07T12:06:56,scipy-benchmark,b7e10e87-c975-46c4-b843-0faf980748aa,scipy_LMC001_f7d9627c,1.0016062159556895,7.062204610106224e-08,7.050879375152212e-08,0.8,0.0,10.0,1.1135972022182413e-07,0.0,1.3912370053326917e-06,1.5025967255545155e-06,Canada,CAN,,gcp,northamerica-northeast2,Linux-6.8.0-1032-gcp-x86_64-with-glibc2.35,3.12.11,3.0.4,2,Intel(R) Xeon(R) CPU @ 2.60GHz,,,,,15.61648178100586,machine,Y,1.0
2025-08-07T12:06:58,scipy-benchmark,7acfbd08-419b-4d7a-82ab-07c85da37a8e,scipy_LMC001_f7d9627c,1.0017515900544822,7.063718969054109e-08,7.05136786323437e-08,0.8,0.0,10.0,1.1138611292052601e-07,0.0,1.391532816665454e-06,1.50291892958598e-06,Canada,CAN,,gcp,northamerica-northeast2,Linux-6.8.0-1032-gcp-x86_64-with-glibc2.35,3.12.11,3.0.4,2,Intel(R) Xeon(R) CPU @ 2.60GHz,,,,,15.61648178100586,machine,Y,1.0
2025-08-07T12:07:00,scipy-benchmark,cde109de-003a-4fd0-aa85-4ef7355711a5,scipy_LMC001_f7d9627c,1.001954331062734,7.066614097700974e-08,7.052830531912259e-08,0.8000072,0.0,10.0,1.1143734761027246e-07,0.0,1.3920975667941902e-06,1.5035349144044626e-06,Canada,CAN,,gcp,northamerica-northeast2,Linux-6.8.0-1032-gcp-x86_64-with-glibc2.35,3.12.11,3.0.4,2,Intel(R) Xeon(R) CPU @ 2.60GHz,,,,,15.61648178100586,machine,Y,1.0
2025-08-07T12:07:02,scipy-benchmark,55341a3b-f6f1-4150-826c-cb17e96bb2b6,scipy_LMC001_f7d9627c,1.0018718580249697,7.065265873482716e-08,7.052065408255658e-08,0.8000072,0.0,10.0,1.114068133557163e-07,0.0,1.3918412448320952e-06,1.5032480581878117e-06,Canada,CAN,,gcp,northamerica-northeast2,Linux-6.8.0-1032-gcp-x86_64-with-glibc2.35,3.12.11,3.0.4,2,Intel(R) Xeon(R) CPU @ 2.60GHz,,,,,15.61648178100586,machine,Y,1.0
2025-08-07T12:07:04,scipy-benchmark,9144ad27-3142-4dab-8711-a512063580b9,scipy_LMC001_f7d9627c,1.001790473004803,7.06405076531745e-08,7.051425378531807e-08,0.8,0.0,10.0,1.1139221313512989e-07,0.0,1.391597311400498e-06,1.5029895245356278e-06,Canada,CAN,,gcp,northamerica-northeast2,Linux-6.8.0-1032-gcp-x86_64-with-glibc2.35,3.12.11,3.0.4,2,Intel(R) Xeon(R) CPU @ 2.60GHz,,,,,15.61648178100586,machine,Y,1.0
2025-08-07T12:07:07,scipy-benchmark,cc8c9002-00ac-42b8-8d49-5874e293ddac,scipy_LMC001_f7d9627c,1.0016318638809023,7.062735072036998e-08,7.051228427050901e-08,0.8,0.0,10.0,1.1136635418774365e-07,0.0,1.3913432356073624e-06,1.502709589795106e-06,Canada,CAN,,gcp,northamerica-northeast2,Linux-6.8.0-1032-gcp-x86_64-with-glibc2.35,3.12.11,3.0.4,2,Intel(R) Xeon(R) CPU @ 2.60GHz,,,,,15.61648178100586,machine,Y,1.0
2025-08-07T12:07:09,scipy-benchmark,452fe6ec-6d73-4f86-ae68-cde84272f17c,scipy_LMC001_f7d9627c,1.001658390974626,7.062802593999853e-08,7.051109098310112e-08,0.8,0.0,10.0,1.1136914758632581e-07,0.0,1.3913548085838557e-06,1.5027239561701815e-06,Canada,CAN,,gcp,northamerica-northeast2,Linux-6.8.0-1032-gcp-x86_64-with-glibc2.35,3.12.11,3.0.4,2,Intel(R) Xeon(R) CPU @ 2.60GHz,,,,,15.61648178100586,machine,Y,1.0
2025-08-07T12:07:11,scipy-benchmark,fd9a008b-8a52-4aa3-aa3c-6e4cb81ba978,scipy_LMC001_f7d9627c,1.001778403064236,7.063105198609023e-08,7.0505664496304e-08,0.8,0.0,10.0,1.113869233781265e-07,0.0,1.3914014167514529e-06,1.5027883401295792e-06,Canada,CAN,,gcp,northamerica-northeast2,Linux-6.8.0-1032-gcp-x86_64-with-glibc2.35,3.12.11,3.0.4,2,Intel(R) Xeon(R) CPU @ 2.60GHz,,,,,15.61648178100586,machine,Y,1.0
2025-08-07T12:07:13,scipy-benchmark,348d1ff9-932a-45e2-a86f-ab174e1247d5,scipy_LMC001_f7d9627c,1.0017311768606303,7.062967300738415e-08,7.050761186123167e-08,0.8,0.0,10.0,1.1137928063463833e-07,0.0,1.3913797195224713e-06,1.5027590001571095e-06,Canada,CAN,,gcp,northamerica-northeast2,Linux-6.8.0-1032-gcp-x86_64-with-glibc2.35,3.12.11,3.0.4,2,Intel(R) Xeon(R) CPU @ 2.60GHz,,,,,15.61648178100586,machine,Y,1.0
2025-08-07T12:07:15,scipy-benchmark,ecdf0a92-214c-4dbc-aabe-f915ae510297,scipy_LMC001_f7d9627c,1.001677196007222,7.062547528146145e-08,7.05072208521679e-08,0.8,0.0,10.0,1.1136880377307537e-07,0.0,1.39130088306653e-06,1.5026696868396053e-06,Canada,CAN,,gcp,northamerica-northeast2,Linux-6.8.0-1032-gcp-x86_64-with-glibc2.35,3.12.11,3.0.4,2,Intel(R) Xeon(R) CPU @ 2.60GHz,,,,,15.61648178100586,machine,Y,1.0
2025-08-07T12:07:17,scipy-benchmark,fb07075e-3d1e-4f1a-a1a0-a36596372c68,scipy_LMC001_f7d9627c,1.0016416620928794,7.062758345573416e-08,7.051182686247436e-08,0.8,0.0,10.0,1.1136640556570557e-07,0.0,1.3913481360456596e-06,1.5027145416113652e-06,Canada,CAN,,gcp,northamerica-northeast2,Linux-6.8.0-1032-gcp-x86_64-with-glibc2.35,3.12.11,3.0.4,2,Intel(R) Xeon(R) CPU @ 2.60GHz,,,,,15.61648178100586,machine,Y,1.0
2025-08-07T12:07:19,scipy-benchmark,33a212af-a03b-42c0-a54f-4a5de0a67e36,scipy_LMC001_f7d9627c,1.001680864021182,7.062647073821994e-08,7.050795645101435e-08,0.8,0.0,10.0,1.1136833045424688e-07,0.0,1.3913225363163898e-06,1.5026908667706366e-06,Canada,CAN,,gcp,northamerica-northeast2,Linux-6.8.0-1032-gcp-x86_64-with-glibc2.35,3.12.11,3.0.4,2,Intel(R) Xeon(R) CPU @ 2.60GHz,,,,,15.61648178100586,machine,Y,1.0
2025-08-07T12:07:22,scipy-benchmark,193a956b-d75c-4b19-a36e-b1233cbc52b3,scipy_LMC001_f7d9627c,1.0018546788487583,7.064415570289004e-08,7.051337603580189e-08,0.8,0.0,10.0,1.114044872940415e-07,0.0,1.3916626553206396e-06,1.503067142614681e-06,Canada,CAN,,gcp,northamerica-northeast2,Linux-6.8.0-1032-gcp-x86_64-with-glibc2.35,3.12.11,3.0.4,2,Intel(R) Xeon(R) CPU @ 2.60GHz,,,,,15.61648178100586,machine,Y,1.0
2025-08-07T12:07:24,scipy-benchmark,1bfd6cd7-0d32-4d95-8335-a99c6578bb8b,scipy_LMC001_f7d9627c,1.001824873033911,7.064421895244677e-08,7.05155370504117e-08,0.8,0.0,10.0,1.1140936623430917e-07,0.0,1.3916591221156218e-06,1.503068488349931e-06,Canada,CAN,,gcp,northamerica-northeast2,Linux-6.8.0-1032-gcp-x86_64-with-glibc2.35,3.12.11,3.0.4,2,Intel(R) Xeon(R) CPU @ 2.60GHz,,,,,15.61648178100586,machine,Y,1.0
2025-08-07T12:07:26,scipy-benchmark,2075b980-ab11-49f2-b256-086d05528cfe,scipy_LMC001_f7d9627c,1.0019473391585052,7.06456424097479e-08,7.050833876067809e-08,0.8,0.0,10.0,1.1142648534021444e-07,0.0,1.3916722893352725e-06,1.503098774675487e-06,Canada,CAN,,gcp,northamerica-northeast2,Linux-6.8.0-1032-gcp-x86_64-with-glibc2.35,3.12.11,3.0.4,2,Intel(R) Xeon(R) CPU @ 2.60GHz,,,,,15.61648178100586,machine,Y,1.0
2025-08-07T12:07:28,scipy-benchmark,87ac9bd7-2772-46c5-8bb0-74220d10c95d,scipy_LMC001_f7d9627c,1.0017525791190565,7.063194277996404e-08,7.050837128073874e-08,0.8,0.0,10.0,1.1138867090145749e-07,0.0,1.3914186222892668e-06,1.5028072931907242e-06,Canada,CAN,,gcp,northamerica-northeast2,Linux-6.8.0-1032-gcp-x86_64-with-glibc2.35,3.12.11,3.0.4,2,Intel(R) Xeon(R) CPU @ 2.60GHz,,,,,15.61648178100586,machine,Y,1.0
2025-08-07T12:07:30,scipy-benchmark,76afdfbd-9a9b-4985-a5a3-dda1cd7b811a,scipy_LMC001_f7d9627c,1.0016799019649625,7.063084779017502e-08,7.051239388113988e-08,0.8,0.0,10.0,1.1137684532958601e-07,0.0,1.3914071502060524e-06,1.5027839955356383e-06,Canada,CAN,,gcp,northamerica-northeast2,Linux-6.8.0-1032-gcp-x86_64-with-glibc2.35,3.12.11,3.0.4,2,Intel(R) Xeon(R) CPU @ 2.60GHz,,,,,15.61648178100586,machine,Y,1.0
2025-08-07T12:07:32,scipy-benchmark,c02e3a5c-9d06-40ad-a019-184662a78f51,scipy_LMC001_f7d9627c,1.001714483834803,7.063221445917668e-08,7.051132393412107e-08,0.8,0.0,10.0,1.113771235363351e-07,0.0,1.3914359500631689e-06,1.502813073599504e-06,Canada,CAN,,gcp,northamerica-northeast2,Linux-6.8.0-1032-gcp-x86_64-with-glibc2.35,3.12.11,3.0.4,2,Intel(R) Xeon(R) CPU @ 2.60GHz,,,,,15.61648178100586,machine,Y,1.0
2025-08-07T12:07:35,scipy-benchmark,e648ce40-52f5-41cd-bd13-62f67831bb80,scipy_LMC001_f7d9627c,1.0018191479612142,7.063621346192021e-08,7.05079490701199e-08,0.8,0.0,10.0,1.1139250308689145e-07,0.0,1.3915056556773682e-06,1.5028981587642598e-06,Canada,CAN,,gcp,northamerica-northeast2,Linux-6.8.0-1032-gcp-x86_64-with-glibc2.35,3.12.11,3.0.4,2,Intel(R) Xeon(R) CPU @ 2.60GHz,,,,,15.61648178100586,machine,Y,1.0
2025-08-07T12:07:37,scipy-benchmark,14007f4c-e7ce-456f-8f98-93785bed76f3,scipy_LMC001_f7d9627c,1.001725744921714,7.063324788098948e-08,7.051156290937652e-08,0.8,0.0,10.0,1.113849784144097e-07,0.0,1.3914500828832389e-06,1.5028350612976485e-06,Canada,CAN,,gcp,northamerica-northeast2,Linux-6.8.0-1032-gcp-x86_64-with-glibc2.35,3.12.11,3.0.4,2,Intel(R) Xeon(R) CPU @ 2.60GHz,,,,,15.61648178100586,machine,Y,1.0
2025-08-07T12:07:39,scipy-benchmark,a06d1608-7390-4902-bb4a-f4c044b438c4,scipy_LMC001_f7d9627c,1.0017459590453657,7.063283311787785e-08,7.050972602394014e-08,0.8,0.0,10.0,1.1138603603467349e-07,0.0,1.3914402005159194e-06,1.5028262365505927e-06,Canada,CAN,,gcp,northamerica-northeast2,Linux-6.8.0-1032-gcp-x86_64-with-glibc2.35,3.12.11,3.0.4,2,Intel(R) Xeon(R) CPU @ 2.60GHz,,,,,15.61648178100586,machine,Y,1.0
2025-08-07T12:07:41,scipy-benchmark,9b78980f-9f5d-46bd-8455-95eeebccbaa1,scipy_LMC001_f7d9627c,1.0017332690767944,7.063225171293342e-08,7.051003884300326e-08,0.8,0.0,10.0,1.113841851345367e-07,0.0,1.3914296810980889e-06,1.5028138662326257e-06,Canada,CAN,,gcp,northamerica-northeast2,Linux-6.8.0-1032-gcp-x86_64-with-glibc2.35,3.12.11,3.0.4,2,Intel(R) Xeon(R) CPU @ 2.60GHz,,,,,15.61648178100586,machine,Y,1.0
2025-08-07T12:07:43,scipy-benchmark,2d752d74-2005-4206-84d3-bb76d951b756,scipy_LMC001_f7d9627c,1.001733565935865,7.063006081771668e-08,7.050783084395388e-08,0.8000072,0.0,10.0,1.1138299042725464e-07,0.0,1.391384261013526e-06,1.5027672514407806e-06,Canada,CAN,,gcp,northamerica-northeast2,Linux-6.8.0-1032-gcp-x86_64-with-glibc2.35,3.12.11,3.0.4,2,Intel(R) Xeon(R) CPU @ 2.60GHz,,,,,15.61648178100586,machine,Y,1.0
2025-08-07T12:07:45,scipy-benchmark,feb89d44-b6c8-468c-9860-923d9eec53b8,scipy_LMC001_f7d9627c,1.0018722689710555,7.065337833671624e-08,7.052134341364572e-08,0.8,0.0,10.0,1.114169351446132e-07,0.0,1.3918464337216898e-06,1.503263368866303e-06,Canada,CAN,,gcp,northamerica-northeast2,Linux-6.8.0-1032-gcp-x86_64-with-glibc2.35,3.12.11,3.0.4,2,Intel(R) Xeon(R) CPU @ 2.60GHz,,,,,15.61648178100586,machine,Y,1.0
2025-08-07T12:07:48,scipy-benchmark,c6f02318-36ae-4ba0-bb73-162489193e7e,scipy_LMC001_f7d9627c,1.0017304038628936,7.063209391672475e-08,7.051008299673426e-08,0.8,0.0,10.0,1.1138779199164777e-07,0.0,1.3914227168748363e-06,1.502810508866484e-06,Canada,CAN,,gcp,northamerica-northeast2,Linux-6.8.0-1032-gcp-x86_64-with-glibc2.35,3.12.11,3.0.4,2,Intel(R) Xeon(R) CPU @ 2.60GHz,,,,,15.61648178100586,machine,Y,1.0
2025-08-07T12:07:50,scipy-benchmark,0e1882e1-eb47-4367-90a3-3f1b8f72ef99,scipy_LMC001_f7d9627c,1.001629395177588,7.062802411007902e-08,7.051313035552111e-08,0.8,0.0,10.0,1.113680473321842e-07,0.0,1.3913558699035396e-06,1.5027239172357238e-06,Canada,CAN,,gcp,northamerica-northeast2,Linux-6.8.0-1032-gcp-x86_64-with-glibc2.35,3.12.11,3.0.4,2,Intel(R) Xeon(R) CPU @ 2.60GHz,,,,,15.61648178100586,machine,Y,1.0
2025-08-07T12:07:52,scipy-benchmark,97220983-1fde-44d1-8ca5-8a3534a42527,scipy_LMC001_f7d9627c,1.0017774980515242,7.063267639408717e-08,7.050734971734645e-08,0.8,0.0,10.0,1.1138676308716337e-07,0.0,1.3914361389146911e-06,1.5028229020018545e-06,Canada,CAN,,gcp,northamerica-northeast2,Linux-6.8.0-1032-gcp-x86_64-with-glibc2.35,3.12.11,3.0.4,2,Intel(R) Xeon(R) CPU @ 2.60GHz,,,,,15.61648178100586,machine,Y,1.0
2025-08-07T12:07:54,scipy-benchmark,d2a906b7-a80c-4eef-aa01-5c03b0b3b26e,scipy_LMC001_f7d9627c,1.001764785964042,7.06312634797974e-08,7.050683400876968e-08,0.8,0.0,10.0,1.113791731186211e-07,0.0,1.3914136668770678e-06,1.502792839995689e-06,Canada,CAN,,gcp,northamerica-northeast2,Linux-6.8.0-1032-gcp-x86_64-with-glibc2.35,3.12.11,3.0.4,2,Intel(R) Xeon(R) CPU @ 2.60GHz,,,,,15.61648178100586,machine,Y,1.0
2025-08-07T12:07:56,scipy-benchmark,57168a41-3c65-4f2d-a5de-4707440ee788,scipy_LMC001_f7d9627c,1.0015829352196306,7.061404291222184e-08,7.050244211353036e-08,0.8,0.0,10.0,1.1135161714628341e-07,0.0,1.3910748277946064e-06,1.50242644494089e-06,Canada,CAN,,gcp,northamerica-northeast2,Linux-6.8.0-1032-gcp-x86_64-with-glibc2.35,3.12.11,3.0.4,2,Intel(R) Xeon(R) CPU @ 2.60GHz,,,,,15.61648178100586,machine,Y,1.0
2025-08-07T12:07:58,scipy-benchmark,8f1ecc85-924e-41d8-9355-76091a986c57,scipy_LMC001_f7d9627c,1.00157838803716,7.062011173996144e-08,7.050882145965529e-08,0.8,0.0,10.0,1.1136091355648309e-07,0.0,1.3911946553788667e-06,1.50255556893535e-06,Canada,CAN,,gcp,northamerica-northeast2,Linux-6.8.0-1032-gcp-x86_64-with-glibc2.35,3.12.11,3.0.4,2,Intel(R) Xeon(R) CPU @ 2.60GHz,,,,,15.61648178100586,machine,Y,1.0
2025-08-07T12:08:01,scipy-benchmark,fc4880f7-a8c9-46cb-813c-12f827e8aec4,scipy_LMC001_f7d9627c,1.0017104579601437,7.06270517577262e-08,7.050645343320986e-08,0.8,0.0,10.0,1.113747062368527e-07,0.0,1.3913285226509391e-06,1.5027032288877916e-06,Canada,CAN,,gcp,northamerica-northeast2,Linux-6.8.0-1032-gcp-x86_64-with-glibc2.35,3.12.11,3.0.4,2,Intel(R) Xeon(R) CPU @ 2.60GHz,,,,,15.61648178100586,machine,Y,1.0
2025-08-07T12:08:03,scipy-benchmark,9b326a57-81cd-463d-9675-8404031f4db2,scipy_LMC001_f7d9627c,1.0016858000308275,7.062719636392368e-08,7.050833341328196e-08,0.8,0.0,10.0,1.1137618290053477e-07,0.0,1.3913301227148625e-06,1.502706305615397e-06,Canada,CAN,,gcp,northamerica-northeast2,Linux-6.8.0-1032-gcp-x86_64-with-glibc2.35,3.12.11,3.0.4,2,Intel(R) Xeon(R) CPU @ 2.60GHz,,,,,15.61648178100586,machine,Y,1.0
2025-08-07T12:08:05,scipy-benchmark,3c114f7d-949a-4cb7-b456-053cfa105293,scipy_LMC001_f7d9627c,1.001726628979668,7.063419752774967e-08,7.051244869041347e-08,0.8,0.0,10.0,1.1138396891247896e-07,0.0,1.3914712976353864e-06,1.5028552665478651e-06,Canada,CAN,,gcp,northamerica-northeast2,Linux-6.8.0-1032-gcp-x86_64-with-glibc2.35,3.12.11,3.0.4,2,Intel(R) Xeon(R) CPU @ 2.60GHz,,,,,15.61648178100586,machine,Y,1.0
2025-08-07T12:08:07,scipy-benchmark,e584e4be-3004-496f-9866-c98c19346e0d,scipy_LMC001_f7d9627c,1.001692655030638,7.063015878109987e-08,7.051080830670517e-08,0.8,0.0,10.0,1.1137848823434777e-07,0.0,1.3913908475337344e-06,1.502769335768082e-06,Canada,CAN,,gcp,northamerica-northeast2,Linux-6.8.0-1032-gcp-x86_64-with-glibc2.35,3.12.11,3.0.4,2,Intel(R) Xeon(R) CPU @ 2.60GHz,,,,,15.61648178100586,machine,Y,1.0
2025-08-07T12:08:09,scipy-benchmark,500cc10a-bb3f-47e3-ac0a-b8019b586cbd,scipy_LMC001_f7d9627c,1.0016364541370422,7.063275728017712e-08,7.051735885654306e-08,0.8,0.0,10.0,1.1137499799951913e-07,0.0,1.391449624982973e-06,1.502824622982492e-06,Canada,CAN,,gcp,northamerica-northeast2,Linux-6.8.0-1032-gcp-x86_64-with-glibc2.35,3.12.11,3.0.4,2,Intel(R) Xeon(R) CPU @ 2.60GHz,,,,,15.61648178100586,machine,Y,1.0
2025-08-07T12:08:11,scipy-benchmark,8a9c1ace-971f-4c97-805b-1accb26fbb4f,scipy_LMC001_f7d9627c,1.001677256077528,7.063366082634052e-08,7.051538846248258e-08,0.8,0.0,10.0,1.113778809085489e-07,0.0,1.3914659664603983e-06,1.5028438473689474e-06,Canada,CAN,,gcp,northamerica-northeast2,Linux-6.8.0-1032-gcp-x86_64-with-glibc2.35,3.12.11,3.0.4,2,Intel(R) Xeon(R) CPU @ 2.60GHz,,,,,15.61648178100586,machine,Y,1.0
2025-08-07T12:08:14,scipy-benchmark,5b33281a-76b6-4a64-9997-19bc9e91d12b,scipy_LMC001_f7d9627c,1.0017406269907951,7.063276843721461e-08,7.051003676410106e-08,0.8,0.0,10.0,1.113815438002348e-07,0.0,1.3914433165660335e-06,1.5028248603662685e-06,Canada,CAN,,gcp,northamerica-northeast2,Linux-6.8.0-1032-gcp-x86_64-with-glibc2.35,3.12.11,3.0.4,2,Intel(R) Xeon(R) CPU @ 2.60GHz,,,,,15.61648178100586,machine,Y,1.0
2025-08-07T12:08:16,scipy-benchmark,9c1da460-764b-4a04-9dde-2fc50886a8a9,scipy_LMC001_f7d9627c,1.0016685337759554,7.062930742107955e-08,7.051165634087622e-08,0.8,0.0,10.0,1.1137213019861117e-07,0.0,1.3913790915264852e-06,1.5027512217250964e-06,Canada,CAN,,gcp,northamerica-northeast2,Linux-6.8.0-1032-gcp-x86_64-with-glibc2.35,3.12.11,3.0.4,2,Intel(R) Xeon(R) CPU @ 2.60GHz,,,,,15.61648178100586,machine,Y,1.0
2025-08-07T12:08:18,scipy-benchmark,5408f0c2-3e08-4521-af43-568e0653e7bd,scipy_LMC001_f7d9627c,1.001714268932119,7.062988933305154e-08,7.050901791420698e-08,0.8,0.0,10.0,1.1137818865891961e-07,0.0,1.391385414171964e-06,1.5027636028308836e-06,Canada,CAN,,gcp,northamerica-northeast2,Linux-6.8.0-1032-gcp-x86_64-with-glibc2.35,3.12.11,3.0.4,2,Intel(R) Xeon(R) CPU @ 2.60GHz,,,,,15.61648178100586,machine,Y,1.0
2025-08-07T12:08:20,scipy-benchmark,a9dfba51-2e08-46b8-ac6f-d971dead4017,scipy_LMC001_f7d9627c,1.0016425899229944,7.06283476507912e-08,7.05125244886213e-08,0.8,0.0,10.0,1.113744790976247e-07,0.0,1.391356321983039e-06,1.502730801080664e-06,Canada,CAN,,gcp,northamerica-northeast2,Linux-6.8.0-1032-gcp-x86_64-with-glibc2.35,3.12.11,3.0.4,2,Intel(R) Xeon(R) CPU @ 2.60GHz,,,,,15.61648178100586,machine,Y,1.0
2025-08-07T12:08:22,scipy-benchmark,2b3cadb1-1d97-4995-b332-11af89f3934f,scipy_LMC001_f7d9627c,1.0016560340300202,7.062590720933966e-08,7.050914167130447e-08,0.8,0.0,10.0,1.1137333776180945e-07,0.0,1.3913055390326514e-06,1.5026788767944608e-06,Canada,CAN,,gcp,northamerica-northeast2,Linux-6.8.0-1032-gcp-x86_64-with-glibc2.35,3.12.11,3.0.4,2,Intel(R) Xeon(R) CPU @ 2.60GHz,,,,,15.61648178100586,machine,Y,1.0
2025-08-07T12:08:24,scipy-benchmark,84a8fcec-7793-4192-89d9-b1ab2461b2d2,scipy_LMC001_f7d9627c,1.001670709112659,7.063176782993186e-08,7.051395951520014e-08,0.8,0.0,10.0,1.1138024020733105e-07,0.0,1.3914233306422831e-06,1.502803570849614e-06,Canada,CAN,,gcp,northamerica-northeast2,Linux-6.8.0-1032-gcp-x86_64-with-glibc2.35,3.12.11,3.0.4,2,Intel(R) Xeon(R) CPU @ 2.60GHz,,,,,15.61648178100586,machine,Y,1.0
2025-08-07T12:08:27,scipy-benchmark,070405fa-9c96-41a4-b2a0-3836a1774dda,scipy_LMC001_f7d9627c,1.0024156130384654,7.062756450846793e-08,7.04573667746312e-08,0.8,0.0,10.0,1.1136872202364937e-07,0.0,1.3913454164543914e-06,1.502714138478041e-06,Canada,CAN,,gcp,northamerica-northeast2,Linux-6.8.0-1032-gcp-x86_64-with-glibc2.35,3.12.11,3.0.4,2,Intel(R) Xeon(R) CPU @ 2.60GHz,,,,,15.61648178100586,machine,Y,1.0
2025-08-07T12:08:29,scipy-benchmark,b9c23117-c43b-4f4c-a5be-262d3373a766,scipy_LMC001_f7d9627c,1.001590520143509,7.062380583191083e-08,7.051165562328985e-08,0.8,0.0,10.0,1.1136326892301445e-07,0.0,1.3912708977133863e-06,1.5026341666364007e-06,Canada,CAN,,gcp,northamerica-northeast2,Linux-6.8.0-1032-gcp-x86_64-with-glibc2.35,3.12.11,3.0.4,2,Intel(R) Xeon(R) CPU @ 2.60GHz,,,,,15.61648178100586,machine,Y,1.0
2025-08-07T12:08:31,scipy-benchmark,f61d69a1-f8a0-4f34-ba08-e0cb1843bfd9,scipy_LMC001_f7d9627c,1.0016394529957324,7.062572722307718e-08,7.051012918056264e-08,0.8,0.0,10.0,1.1137293087732464e-07,0.0,1.3913021164221898e-06,1.5026750472995145e-06,Canada,CAN,,gcp,northamerica-northeast2,Linux-6.8.0-1032-gcp-x86_64-with-glibc2.35,3.12.11,3.0.4,2,Intel(R) Xeon(R) CPU @ 2.60GHz,,,,,15.61648178100586,machine,Y,1.0
2025-08-07T12:08:33,scipy-benchmark,57272eb2-cfde-451f-ba0f-fe5db718b7d4,scipy_LMC001_f7d9627c,1.0017308259848503,7.062924917735572e-08,7.050721346017945e-08,0.8,0.0,10.0,1.1137761330852908e-07,0.0,1.3913723691884013e-06,1.5027499824969304e-06,Canada,CAN,,gcp,northamerica-northeast2,Linux-6.8.0-1032-gcp-x86_64-with-glibc2.35,3.12.11,3.0.4,2,Intel(R) Xeon(R) CPU @ 2.60GHz,,,,,15.61648178100586,machine,Y,1.0
2025-08-07T12:08:35,scipy-benchmark,c7eca9a7-5528-47b3-bd0f-592851901d26,scipy_LMC001_f7d9627c,1.0016736150719223,7.062886561649955e-08,7.051085758251529e-08,0.8,0.0,10.0,1.1137361622725924e-07,0.0,1.3913682054003909e-06,1.50274182162765e-06,Canada,CAN,,gcp,northamerica-northeast2,Linux-6.8.0-1032-gcp-x86_64-with-glibc2.35,3.12.11,3.0.4,2,Intel(R) Xeon(R) CPU @ 2.60GHz,,,,,15.61648178100586,machine,Y,1.0
2025-08-07T12:08:37,scipy-benchmark,4047fd6b-0fd2-4a9b-ac51-9a2d143e5069,scipy_LMC001_f7d9627c,1.0018450620118529,7.064286669178144e-08,7.051276626539448e-08,0.8,0.0,10.0,1.114093920009004e-07,0.0,1.3916303248455128e-06,1.5030397168464133e-06,Canada,CAN,,gcp,northamerica-northeast2,Linux-6.8.0-1032-gcp-x86_64-with-glibc2.35,3.12.11,3.0.4,2,Intel(R) Xeon(R) CPU @ 2.60GHz,,,,,15.61648178100586,machine,Y,1.0
2025-08-07T12:08:40,scipy-benchmark,f9fa5b14-57c9-46ea-b135-61f7160f4b8f,scipy_LMC001_f7d9627c,1.001623551826924,7.062318611051887e-08,7.050871156304662e-08,0.8,0.0,10.0,1.1136962820051445e-07,0.0,1.3912513528743551e-06,1.5026209810748697e-06,Canada,CAN,,gcp,northamerica-northeast2,Linux-6.8.0-1032-gcp-x86_64-with-glibc2.35,3.12.11,3.0.4,2,Intel(R) Xeon(R) CPU @ 2.60GHz,,,,,15.61648178100586,machine,Y,1.0
2025-08-07T12:08:42,scipy-benchmark,57d7513f-2901-4be1-9fae-901002310b9e,scipy_LMC001_f7d9627c,1.0016596731729803,7.062273974390702e-08,7.050572328642694e-08,0.8,0.0,10.0,1.1136858667143517e-07,0.0,1.39124289724148e-06,1.5026114839129152e-06,Canada,CAN,,gcp,northamerica-northeast2,Linux-6.8.0-1032-gcp-x86_64-with-glibc2.35,3.12.11,3.0.4,2,Intel(R) Xeon(R) CPU @ 2.60GHz,,,,,15.61648178100586,machine,Y,1.0
2025-08-07T12:08:44,scipy-benchmark,3ac081ac-5865-4936-8e79-fb8a00801b9c,scipy_LMC001_f7d9627c,1.00163083197549,7.062369142972037e-08,7.050870358136954e-08,0.8,0.0,10.0,1.1136887977934549e-07,0.0,1.3912628527678962e-06,1.5026317325472417e-06,Canada,CAN,,gcp,northamerica-northeast2,Linux-6.8.0-1032-gcp-x86_64-with-glibc2.35,3.12.11,3.0.4,2,Intel(R) Xeon(R) CPU @ 2.60GHz,,,,,15.61648178100586,machine,Y,1.0
2025-08-07T12:08:46,scipy-benchmark,693ac30a-816d-498a-a5dc-9d5c3c1744e4,scipy_LMC001_f7d9627c,1.0017229749355463,7.06279243521082e-08,7.050644351713365e-08,0.8,0.0,10.0,1.1137724491871069e-07,0.0,1.3913445498069957e-06,1.5027217947257064e-06,Canada,CAN,,gcp,northamerica-northeast2,Linux-6.8.0-1032-gcp-x86_64-with-glibc2.35,3.12.11,3.0.4,2,Intel(R) Xeon(R) CPU @ 2.60GHz,,,,,15.61648178100586,machine,Y,1.0
2025-08-07T12:08:48,scipy-benchmark,2cccb4d1-e58d-4cc7-9d2f-f7d29117e5fe,scipy_LMC001_f7d9627c,1.0017023959662763,7.063401694691532e-08,7.05139742416003e-08,0.8,0.0,10.0,1.1138422135263684e-07,0.0,1.3914672030498168e-06,1.5028514244024535e-06,Canada,CAN,,gcp,northamerica-northeast2,Linux-6.8.0-1032-gcp-x86_64-with-glibc2.35,3.12.11,3.0.4,2,Intel(R) Xeon(R) CPU @ 2.60GHz,,,,,15.61648178100586,machine,Y,1.0
2025-08-07T12:08:50,scipy-benchmark,9f7cac63-9798-4426-a84c-9c6ba4623a63,scipy_LMC001_f7d9627c,1.0016841900069269,7.062791165210206e-08,7.050916082803868e-08,0.8,0.0,10.0,1.1137815244081949e-07,0.0,1.3913433720719897e-06,1.5027215245128092e-06,Canada,CAN,,gcp,northamerica-northeast2,Linux-6.8.0-1032-gcp-x86_64-with-glibc2.35,3.12.11,3.0.4,2,Intel(R) Xeon(R) CPU @ 2.60GHz,,,,,15.61648178100586,machine,Y,1.0
2025-08-07T12:08:53,scipy-benchmark,5c8fdfd6-16e3-4d53-8647-cf52dba594f9,scipy_LMC001_f7d9627c,1.001724052010104,7.063817565482006e-08,7.051660136648846e-08,0.8,0.0,10.0,1.1139145177892517e-07,0.0,1.391548455770438e-06,1.502939907549363e-06,Canada,CAN,,gcp,northamerica-northeast2,Linux-6.8.0-1032-gcp-x86_64-with-glibc2.35,3.12.11,3.0.4,2,Intel(R) Xeon(R) CPU @ 2.60GHz,,,,,15.61648178100586,machine,Y,1.0
2025-08-07T12:08:55,scipy-benchmark,f15b3966-dfcc-483d-9900-67312ecb2a27,scipy_LMC001_f7d9627c,1.0017508808523417,7.063522095248724e-08,7.051176325633687e-08,0.8,0.0,10.0,1.1139363930043249e-07,0.0,1.3914834022418492e-06,1.5028770415422816e-06,Canada,CAN,,gcp,northamerica-northeast2,Linux-6.8.0-1032-gcp-x86_64-with-glibc2.35,3.12.11,3.0.4,2,Intel(R) Xeon(R) CPU @ 2.60GHz,,,,,15.61648178100586,machine,Y,1.0
2025-08-07T12:08:57,scipy-benchmark,1301d2b9-9176-4575-b99e-3166ac857be7,scipy_LMC001_f7d9627c,1.0017542308196423,7.063255909077514e-08,7.050887025751124e-08,0.8,0.0,10.0,1.1139005376026036e-07,0.0,1.3914303524264446e-06,1.5028204061867049e-06,Canada,CAN,,gcp,northamerica-northeast2,Linux-6.8.0-1032-gcp-x86_64-with-glibc2.35,3.12.11,3.0.4,2,Intel(R) Xeon(R) CPU @ 2.60GHz,,,,,15.61648178100586,machine,Y,1.0
2025-08-07T12:08:59,scipy-benchmark,e386bf59-9e26-464b-ae86-5d36665d4892,scipy_LMC001_f7d9627c,1.0016849709209057,7.063079602594694e-08,7.051198538100463e-08,0.8,0.0,10.0,1.1136717773560024e-07,0.0,1.3914157164334837e-06,1.502782894169084e-06,Canada,CAN,,gcp,northamerica-northeast2,Linux-6.8.0-1032-gcp-x86_64-with-glibc2.35,3.12.11,3.0.4,2,Intel(R) Xeon(R) CPU @ 2.60GHz,,,,,15.61648178100586,machine,Y,1.0
2025-08-07T12:09:01,scipy-benchmark,ed5b8b01-14bc-45aa-961b-836c05d38a88,scipy_LMC001_f7d9627c,1.0016827408690006,7.062800670334966e-08,7.050935772545805e-08,0.8,0.0,10.0,1.1138075817790297e-07,0.0,1.391342788701877e-06,1.50272354687978e-06,Canada,CAN,,gcp,northamerica-northeast2,Linux-6.8.0-1032-gcp-x86_64-with-glibc2.35,3.12.11,3.0.4,2,Intel(R) Xeon(R) CPU @ 2.60GHz,,,,,15.61648178100586,machine,Y,1.0
2025-08-07T12:09:03,scipy-benchmark,e7449e92-b3ab-4521-a8f7-7f8508736244,scipy_LMC001_f7d9627c,1.001684440067038,7.063169245791828e-08,7.05129176741442e-08,0.8,0.0,10.0,1.1137625068012212e-07,0.0,1.3914257165096286e-06,1.5028019671897507e-06,Canada,CAN,,gcp,northamerica-northeast2,Linux-6.8.0-1032-gcp-x86_64-with-glibc2.35,3.12.11,3.0.4,2,Intel(R) Xeon(R) CPU @ 2.60GHz,,,,,15.61648178100586,machine,Y,1.0
2025-08-07T12:09:06,scipy-benchmark,2d43b56b-5d78-44be-bb91-2985f539a538,scipy_LMC001_f7d9627c,1.001731008058414,7.063089130091894e-08,7.05088399308093e-08,0.8,0.0,10.0,1.1138156558283505e-07,0.0,1.3914033557133128e-06,1.5027849212961478e-06,Canada,CAN,,gcp,northamerica-northeast2,Linux-6.8.0-1032-gcp-x86_64-with-glibc2.35,3.12.11,3.0.4,2,Intel(R) Xeon(R) CPU @ 2.60GHz,,,,,15.61648178100586,machine,Y,1.0
2025-08-07T12:09:08,scipy-benchmark,6de84518-1af2-408a-8f7d-77d59075f061,scipy_LMC001_f7d9627c,1.0019985269755125,7.066082644470347e-08,7.05198905411468e-08,0.8,0.0,10.0,1.1142873645035756e-07,0.0,1.3919931027986525e-06,1.50342183924901e-06,Canada,CAN,,gcp,northamerica-northeast2,Linux-6.8.0-1032-gcp-x86_64-with-glibc2.35,3.12.11,3.0.4,2,Intel(R) Xeon(R) CPU @ 2.60GHz,,,,,15.61648178100586,machine,Y,1.0
2025-08-07T12:09:10,scipy-benchmark,b7286f85-333d-471b-b567-62609c62394b,scipy_LMC001_f7d9627c,1.0018046528566629,7.063481388719649e-08,7.05075721956173e-08,0.8,0.0,10.0,1.1138766688398192e-07,0.0,1.391480713694667e-06,1.5028683805786488e-06,Canada,CAN,,gcp,northamerica-northeast2,Linux-6.8.0-1032-gcp-x86_64-with-glibc2.35,3.12.11,3.0.4,2,Intel(R) Xeon(R) CPU @ 2.60GHz,,,,,15.61648178100586,machine,Y,1.0
2025-08-07T12:09:12,scipy-benchmark,df32ff8e-724a-4627-ae7c-3a9e56f67fbc,scipy_LMC001_f7d9627c,1.001821619225666,7.064520038144353e-08,7.051674572170547e-08,0.8,0.0,10.0,1.113945360088514e-07,0.0,1.391694833809096e-06,1.5030893698179477e-06,Canada,CAN,,gcp,northamerica-northeast2,Linux-6.8.0-1032-gcp-x86_64-with-glibc2.35,3.12.11,3.0.4,2,Intel(R) Xeon(R) CPU @ 2.60GHz,,,,,15.61648178100586,machine,Y,1.0
2025-08-07T12:09:14,scipy-benchmark,640136fc-b9ce-437b-9fea-111e83383683,scipy_LMC001_f7d9627c,1.0017914150375873,7.064986747503281e-08,7.052353056188054e-08,0.8,0.0,10.0,1.1140588086305397e-07,0.0,1.3917827888184951e-06,1.5031886696815491e-06,Canada,CAN,,gcp,northamerica-northeast2,Linux-6.8.0-1032-gcp-x86_64-with-glibc2.35,3.12.11,3.0.4,2,Intel(R) Xeon(R) CPU @ 2.60GHz,,,,,15.61648178100586,machine,Y,1.0
2025-08-07T12:09:16,scipy-benchmark,ad628fc4-4b44-4770-b764-a07f404082d5,scipy_LMC001_f7d9627c,1.0017118530813605,7.063116611407269e-08,7.051046256146866e-08,0.8000072,0.0,10.0,1.113730405529807e-07,0.0,1.391417727831544e-06,1.5027907683845248e-06,Canada,CAN,,gcp,northamerica-northeast2,Linux-6.8.0-1032-gcp-x86_64-with-glibc2.35,3.12.11,3.0.4,2,Intel(R) Xeon(R) CPU @ 2.60GHz,,,,,15.61648178100586,machine,Y,1.0
2025-08-07T12:09:19,scipy-benchmark,e0e4a8bc-19d1-4fe8-b884-acd4ea83262d,scipy_LMC001_f7d9627c,1.0018670400604606,7.064507987911607e-08,7.051342848333724e-08,0.8,0.0,10.0,1.1141216113335556e-07,0.0,1.391674644805284e-06,1.5030868059386395e-06,Canada,CAN,,gcp,northamerica-northeast2,Linux-6.8.0-1032-gcp-x86_64-with-glibc2.35,3.12.11,3.0.4,2,Intel(R) Xeon(R) CPU @ 2.60GHz,,,,,15.61648178100586,machine,Y,1.0
2025-08-07T12:09:21,scipy-benchmark,bcdba2ff-b74c-4a7e-9142-75a5681f1f82,scipy_LMC001_f7d9627c,1.0017412141896784,7.062960191045164e-08,7.050683440990782e-08,0.8,0.0,10.0,1.1137832866774665e-07,0.0,1.3913791587886712e-06,1.502757487456418e-06,Canada,CAN,,gcp,northamerica-northeast2,Linux-6.8.0-1032-gcp-x86_64-with-glibc2.35,3.12.11,3.0.4,2,Intel(R) Xeon(R) CPU @ 2.60GHz,,,,,15.61648178100586,machine,Y,1.0
2025-08-07T12:09:23,scipy-benchmark,981b254f-6608-4b58-a585-a15b5211ae3c,scipy_LMC001_f7d9627c,1.0017140130512416,7.062737242771417e-08,7.05065233265348e-08,0.8,0.0,10.0,1.1137327644973993e-07,0.0,1.3913367752037527e-06,1.5027100516534929e-06,Canada,CAN,,gcp,northamerica-northeast2,Linux-6.8.0-1032-gcp-x86_64-with-glibc2.35,3.12.11,3.0.4,2,Intel(R) Xeon(R) CPU @ 2.60GHz,,,,,15.61648178100586,machine,Y,1.0
2025-08-07T12:09:25,scipy-benchmark,59079b91-4e60-49a7-ab7b-ef546035a6f9,scipy_LMC001_f7d9627c,1.0017901798710227,7.062677353943907e-08,7.05005648473536e-08,0.8,0.0,10.0,1.113828315606548e-07,0.0,1.3913144777891122e-06,1.502697309349767e-06,Canada,CAN,,gcp,northamerica-northeast2,Linux-6.8.0-1032-gcp-x86_64-with-glibc2.35,3.12.11,3.0.4,2,Intel(R) Xeon(R) CPU @ 2.60GHz,,,,,15.61648178100586,machine,Y,1.0
2025-08-07T12:09:27,scipy-benchmark,76e8dc7e-c1d2-40a7-bdbc-6557177bc64d,scipy_LMC001_f7d9627c,1.001660196809098,7.062369134703963e-08,7.050663645417815e-08,0.8,0.0,10.0,1.1137011978361341e-07,0.0,1.3912616110044635e-06,1.502631730788077e-06,Canada,CAN,,gcp,northamerica-northeast2,Linux-6.8.0-1032-gcp-x86_64-with-glibc2.35,3.12.11,3.0.4,2,Intel(R) Xeon(R) CPU @ 2.60GHz,,,,,15.61648178100586,machine,Y,1.0
2025-08-07T12:09:29,scipy-benchmark,608f1bfa-80a0-441f-a03e-c2675cb6a231,scipy_LMC001_f7d9627c,1.0016633379273117,7.061767217760079e-08,7.050040617811384e-08,0.8,0.0,10.0,1.1136023265620073e-07,0.0,1.3911434306970074e-06,1.502503663353208e-06,Canada,CAN,,gcp,northamerica-northeast2,Linux-6.8.0-1032-gcp-x86_64-with-glibc2.35,3.12.11,3.0.4,2,Intel(R) Xeon(R) CPU @ 2.60GHz,,,,,15.61648178100586,machine,Y,1.0
2025-08-07T12:09:31,scipy-benchmark,0fa4fb79-8be1-46aa-b795-1a0a790151aa,scipy_LMC001_f7d9627c,1.0017601780127734,7.06362393434263e-08,7.051212545057427e-08,0.8,0.0,10.0,1.1138493443528813e-07,0.0,1.391513774999314e-06,1.502898709434602e-06,Canada,CAN,,gcp,northamerica-northeast2,Linux-6.8.0-1032-gcp-x86_64-with-glibc2.35,3.12.11,3.0.4,2,Intel(R) Xeon(R) CPU @ 2.60GHz,,,,,15.61648178100586,machine,Y,1.0
2025-08-07T12:09:34,scipy-benchmark,b45a2cdd-149d-48c2-a73b-d6d38b0276d4,scipy_LMC001_f7d9627c,1.0017393310554326,7.063701800518254e-08,7.051437017128938e-08,0.8,0.0,10.0,1.1139038469021521e-07,0.0,1.3915248920157963e-06,1.5029152767060117e-06,Canada,CAN,,gcp,northamerica-northeast2,Linux-6.8.0-1032-gcp-x86_64-with-glibc2.35,3.12.11,3.0.4,2,Intel(R) Xeon(R) CPU @ 2.60GHz,,,,,15.61648178100586,machine,Y,1.0
2025-08-07T12:09:36,scipy-benchmark,4b447bf7-2bef-4f20-aeec-ae4ff535aee1,scipy_LMC001_f7d9627c,1.0017741320189089,7.063376397886458e-08,7.050867228575166e-08,0.8000072,0.0,10.0,1.1139413343996513e-07,0.0,1.391451908663536e-06,1.5028460421035013e-06,Canada,CAN,,gcp,northamerica-northeast2,Linux-6.8.0-1032-gcp-x86_64-with-glibc2.35,3.12.11,3.0.4,2,Intel(R) Xeon(R) CPU @ 2.60GHz,,,,,15.61648178100586,machine,Y,1.0
2025-08-07T12:09:38,scipy-benchmark,83bb6d87-172d-4b92-9c9d-3d04415b1af4,scipy_LMC001_f7d9627c,1.0017508119344711,7.063830187914168e-08,7.05148436493231e-08,0.8,0.0,10.0,1.113851992930803e-07,0.0,1.391557393880147e-06,1.5029425931732272e-06,Canada,CAN,,gcp,northamerica-northeast2,Linux-6.8.0-1032-gcp-x86_64-with-glibc2.35,3.12.11,3.0.4,2,Intel(R) Xeon(R) CPU @ 2.60GHz,,,,,15.61648178100586,machine,Y,1.0
2025-08-07T12:09:40,scipy-benchmark,1d7e785c-b650-4d03-8901-661bccc4a8a9,scipy_LMC001_f7d9627c,1.0017066891305149,7.06314607317456e-08,7.05111201693721e-08,0.8,0.0,10.0,1.1138888934834137e-07,0.0,1.3914081474973095e-06,1.5027970368456509e-06,Canada,CAN,,gcp,northamerica-northeast2,Linux-6.8.0-1032-gcp-x86_64-with-glibc2.35,3.12.11,3.0.4,2,Intel(R) Xeon(R) CPU @ 2.60GHz,,,,,15.61648178100586,machine,Y,1.0
2025-08-07T12:09:42,scipy-benchmark,d8d12fcf-cfea-439f-9e19-92bf0ead3d44,scipy_LMC001_f7d9627c,1.001753130927682,7.063473415012576e-08,7.051111892678972e-08,0.8,0.0,10.0,1.1138816219237117e-07,0.0,1.3914785218528574e-06,1.5028666840452285e-06,Canada,CAN,,gcp,northamerica-northeast2,Linux-6.8.0-1032-gcp-x86_64-with-glibc2.35,3.12.11,3.0.4,2,Intel(R) Xeon(R) CPU @ 2.60GHz,,,,,15.61648178100586,machine,Y,1.0
2025-08-07T12:09:44,scipy-benchmark,282fe071-6ebb-4d82-a6a5-706a79126849,scipy_LMC001_f7d9627c,1.0017108549363911,7.0634215801411e-08,7.051357729960538e-08,0.8,0.0,10.0,1.1137961378941945e-07,0.0,1.3914760415597509e-06,1.5028556553491705e-06,Canada,CAN,,gcp,northamerica-northeast2,Linux-6.8.0-1032-gcp-x86_64-with-glibc2.35,3.12.11,3.0.4,2,Intel(R) Xeon(R) CPU @ 2.60GHz,,,,,15.61648178100586,machine,Y,1.0
2025-08-07T12:09:47,scipy-benchmark,642b6288-15b6-4372-af0e-4e089241657e,scipy_LMC001_f7d9627c,1.0018380121327937,7.064706071218803e-08,7.051744878574616e-08,0.8014787288,0.0,10.0,1.1159701747388564e-07,0.0,1.3915319338492637e-06,1.5031289513231494e-06,Canada,CAN,,gcp,northamerica-northeast2,Linux-6.8.0-1032-gcp-x86_64-with-glibc2.35,3.12.11,3.0.4,2,Intel(R) Xeon(R) CPU @ 2.60GHz,,,,,15.61648178100586,machine,Y,1.0
2025-08-07T12:09:49,scipy-benchmark,614db9eb-091e-42b1-a62c-3632f77e529c,scipy_LMC001_f7d9627c,1.0017380670178682,7.06328388799965e-08,7.051028727526295e-08,0.8,0.0,10.0,1.1138687846768234e-07,0.0,1.3914394806811792e-06,1.5028263591488616e-06,Canada,CAN,,gcp,northamerica-northeast2,Linux-6.8.0-1032-gcp-x86_64-with-glibc2.35,3.12.11,3.0.4,2,Intel(R) Xeon(R) CPU @ 2.60GHz,,,,,15.61648178100586,machine,Y,1.0
2025-08-07T12:09:51,scipy-benchmark,3a11c9bd-0a6b-407e-a02c-2bb421a0bb96,scipy_LMC001_f7d9627c,1.001701036002487,7.063247550053834e-08,7.051253114643177e-08,0.8,0.0,10.0,1.1138573868407145e-07,0.0,1.3914328889869569e-06,1.5028186276710283e-06,Canada,CAN,,gcp,northamerica-northeast2,Linux-6.8.0-1032-gcp-x86_64-with-glibc2.35,3.12.11,3.0.4,2,Intel(R) Xeon(R) CPU @ 2.60GHz,,,,,15.61648178100586,machine,Y,1.0
2025-08-07T12:09:53,scipy-benchmark,2665ac61-b439-49e5-a988-10732a96d1fd,scipy_LMC001_f7d9627c,1.0017634721007198,7.06362195061261e-08,7.051187378393866e-08,0.8,0.0,10.0,1.1139090421299141e-07,0.0,1.3915073831513935e-06,1.5028982873643852e-06,Canada,CAN,,gcp,northamerica-northeast2,Linux-6.8.0-1032-gcp-x86_64-with-glibc2.35,3.12.11,3.0.4,2,Intel(R) Xeon(R) CPU @ 2.60GHz,,,,,15.61648178100586,machine,Y,1.0
2025-08-07T12:09:55,scipy-benchmark,11c89d79-7dbe-451b-898f-b207de051496,scipy_LMC001_f7d9627c,1.0017112661153078,7.062860996884089e-08,7.050795209955318e-08,0.8,0.0,10.0,1.1137841822993425e-07,0.0,1.391357964085829e-06,1.5027363823157632e-06,Canada,CAN,,gcp,northamerica-northeast2,Linux-6.8.0-1032-gcp-x86_64-with-glibc2.35,3.12.11,3.0.4,2,Intel(R) Xeon(R) CPU @ 2.60GHz,,,,,15.61648178100586,machine,Y,1.0
2025-08-07T12:09:57,scipy-benchmark,e463947c-17fd-4604-8e82-6539916fea18,scipy_LMC001_f7d9627c,1.0017869737930596,7.063715273224645e-08,7.051115115301754e-08,0.8,0.0,10.0,1.113925908899142e-07,0.0,1.3915255523493722e-06,1.5029181432392865e-06,Canada,CAN,,gcp,northamerica-northeast2,Linux-6.8.0-1032-gcp-x86_64-with-glibc2.35,3.12.11,3.0.4,2,Intel(R) Xeon(R) CPU @ 2.60GHz,,,,,15.61648178100586,machine,Y,1.0
2025-08-07T12:10:00,scipy-benchmark,9956f4a8-3ccc-4853-8d92-618767eee2c6,scipy_LMC001_f7d9627c,1.001800945028663,7.063803243717281e-08,7.051104591955819e-08,0.8,0.0,10.0,1.1139719912575352e-07,0.0,1.3915396612396255e-06,1.502936860365379e-06,Canada,CAN,,gcp,northamerica-northeast2,Linux-6.8.0-1032-gcp-x86_64-with-glibc2.35,3.12.11,3.0.4,2,Intel(R) Xeon(R) CPU @ 2.60GHz,,,,,15.61648178100586,machine,Y,1.0
2025-08-07T12:10:02,scipy-benchmark,a5df3698-48f7-47ee-8951-87bfd1d2e308,scipy_LMC001_f7d9627c,1.001898803981021,7.06462172877768e-08,7.051232819828283e-08,0.8,0.0,10.0,1.1141996421954697e-07,0.0,1.3916910419033631e-06,1.5031110061229104e-06,Canada,CAN,,gcp,northamerica-northeast2,Linux-6.8.0-1032-gcp-x86_64-with-glibc2.35,3.12.11,3.0.4,2,Intel(R) Xeon(R) CPU @ 2.60GHz,,,,,15.61648178100586,machine,Y,1.0
2025-08-07T12:10:04,scipy-benchmark,5fc8b2c9-faf0-4a91-9b3e-fc8cd25e6e14,scipy_LMC001_f7d9627c,1.0018347050063312,7.064422044799559e-08,7.05148465060902e-08,0.8,0.0,10.0,1.114068006993168e-07,0.0,1.3916617194708022e-06,1.503068520170119e-06,Canada,CAN,,gcp,northamerica-northeast2,Linux-6.8.0-1032-gcp-x86_64-with-glibc2.35,3.12.11,3.0.4,2,Intel(R) Xeon(R) CPU @ 2.60GHz,,,,,15.61648178100586,machine,Y,1.0
2025-08-07T12:10:06,scipy-benchmark,5c4ec462-749b-4af1-81c7-4aea00c22c74,scipy_LMC001_f7d9627c,1.0016935940366238,7.062586987168633e-08,7.050646055055447e-08,0.8,0.0,10.0,1.1137401535072261e-07,0.0,1.391304067025582e-06,1.502678082376305e-06,Canada,CAN,,gcp,northamerica-northeast2,Linux-6.8.0-1032-gcp-x86_64-with-glibc2.35,3.12.11,3.0.4,2,Intel(R) Xeon(R) CPU @ 2.60GHz,,,,,15.61648178100586,machine,Y,1.0
2025-08-07T12:10:08,scipy-benchmark,cb61085d-35e3-454d-af9f-28de28b38eae,scipy_LMC001_f7d9627c,1.0017107538878918,7.062441768404098e-08,7.050380302889812e-08,0.8,0.0,10.0,1.1137087374097773e-07,0.0,1.3912763110258513e-06,1.502647184766829e-06,Canada,CAN,,gcp,northamerica-northeast2,Linux-6.8.0-1032-gcp-x86_64-with-glibc2.35,3.12.11,3.0.4,2,Intel(R) Xeon(R) CPU @ 2.60GHz,,,,,15.61648178100586,machine,Y,1.0
2025-08-07T12:10:10,scipy-benchmark,477524ac-85f0-4f4d-8725-c876cee6662f,scipy_LMC001_f7d9627c,1.0017017067875713,7.06285163012799e-08,7.050853145472174e-08,0.8,0.0,10.0,1.1138027865025733e-07,0.0,1.3913541107386766e-06,1.502734389388934e-06,Canada,CAN,,gcp,northamerica-northeast2,Linux-6.8.0-1032-gcp-x86_64-with-glibc2.35,3.12.11,3.0.4,2,Intel(R) Xeon(R) CPU @ 2.60GHz,,,,,15.61648178100586,machine,Y,1.0
2025-08-07T12:10:13,scipy-benchmark,be7d59ae-0c2c-4af3-8011-4f66dbf80342,scipy_LMC001_f7d9627c,1.0016307928599415,7.061896714780274e-08,7.050398974472961e-08,0.8,0.0,10.0,1.1136852753245169e-07,0.0,1.3911626883782446e-06,1.5025312159106962e-06,Canada,CAN,,gcp,northamerica-northeast2,Linux-6.8.0-1032-gcp-x86_64-with-glibc2.35,3.12.11,3.0.4,2,Intel(R) Xeon(R) CPU @ 2.60GHz,,,,,15.61648178100586,machine,Y,1.0
2025-08-07T12:10:15,scipy-benchmark,07d9dd6c-377c-439b-a09f-96cf87dcd323,scipy_LMC001_f7d9627c,1.00259367399849,7.063938388075783e-08,7.04566423195527e-08,0.8,0.0,10.0,1.113936117746764e-07,0.0,1.3915720027095328e-06,1.5029656144842092e-06,Canada,CAN,,gcp,northamerica-northeast2,Linux-6.8.0-1032-gcp-x86_64-with-glibc2.35,3.12.11,3.0.4,2,Intel(R) Xeon(R) CPU @ 2.60GHz,,,,,15.61648178100586,machine,Y,1.0
2025-08-07T12:10:17,scipy-benchmark,8ce01fec-f508-4a85-aa9c-8cdd480c46a0,scipy_LMC001_f7d9627c,1.0017837949562818,7.06396329565129e-08,7.051385070527685e-08,0.8,0.0,10.0,1.1138885556202797e-07,0.0,1.3915820584063315e-06,1.5029709139683595e-06,Canada,CAN,,gcp,northamerica-northeast2,Linux-6.8.0-1032-gcp-x86_64-with-glibc2.35,3.12.11,3.0.4,2,Intel(R) Xeon(R) CPU @ 2.60GHz,,,,,15.61648178100586,machine,Y,1.0
2025-08-07T12:10:19,scipy-benchmark,b2ed8bdc-7e45-497b-ad52-e1053ed7c76c,scipy_LMC001_f7d9627c,1.001713908975944,7.063349074960895e-08,7.051263850555679e-08,0.8,0.0,10.0,1.1138328444212676e-07,0.0,1.391456944272957e-06,1.5028402287150837e-06,Canada,CAN,,gcp,northamerica-northeast2,Linux-6.8.0-1032-gcp-x86_64-with-glibc2.35,3.12.11,3.0.4,2,Intel(R) Xeon(R) CPU @ 2.60GHz,,,,,15.61648178100586,machine,Y,1.0
2025-08-07T12:10:21,scipy-benchmark,c7651016-b45a-47e1-b2fc-285fe8e67b47,scipy_LMC001_f7d9627c,1.001745843095705,8.06097249941945e-08,8.046923833003938e-08,2.324302899200001,0.0,10.0,3.236283843241364e-07,0.0,1.391472147467236e-06,1.7151005317913723e-06,Canada,CAN,,gcp,northamerica-northeast2,Linux-6.8.0-1032-gcp-x86_64-with-glibc2.35,3.12.11,3.0.4,2,Intel(R) Xeon(R) CPU @ 2.60GHz,,,,,15.61648178100586,machine,Y,1.0
2025-08-07T12:10:23,scipy-benchmark,f57287d8-0f93-462f-a0df-f4f549b46333,scipy_LMC001_f7d9627c,1.0018969220109284,7.072512729874798e-08,7.059122125736653e-08,0.8074181672,0.0,10.0,1.1246496163493197e-07,0.0,1.3923249808916203e-06,1.5047899425265522e-06,Canada,CAN,,gcp,northamerica-northeast2,Linux-6.8.0-1032-gcp-x86_64-with-glibc2.35,3.12.11,3.0.4,2,Intel(R) Xeon(R) CPU @ 2.60GHz,,,,,15.61648178100586,machine,Y,1.0
2025-08-07T12:10:26,scipy-benchmark,0fb769da-bef1-4c49-b2dc-286cda8427bc,scipy_LMC001_f7d9627c,1.0015724720433354,7.650509256749906e-08,7.638497932298292e-08,1.7000000000000002,0.0,10.0,2.3660057421592586e-07,0.0,1.3911673527521393e-06,1.627767926968065e-06,Canada,CAN,,gcp,northamerica-northeast2,Linux-6.8.0-1032-gcp-x86_64-with-glibc2.35,3.12.11,3.0.4,2,Intel(R) Xeon(R) CPU @ 2.60GHz,,,,,15.61648178100586,machine,Y,1.0
2025-08-07T12:10:28,scipy-benchmark,5e581e6a-6051-403c-9a9a-ccd3ff619ebf,scipy_LMC001_f7d9627c,1.0017017319332808,7.063048256620663e-08,7.0510492609302e-08,0.8,0.0,10.0,1.113759722146723e-07,0.0,1.3914002525982346e-06,1.5027762248129068e-06,Canada,CAN,,gcp,northamerica-northeast2,Linux-6.8.0-1032-gcp-x86_64-with-glibc2.35,3.12.11,3.0.4,2,Intel(R) Xeon(R) CPU @ 2.60GHz,,,,,15.61648178100586,machine,Y,1.0
2025-08-07T12:10:30,scipy-benchmark,86e8765d-041e-47ba-b17b-725389be03c1,scipy_LMC001_f7d9627c,1.0018093809485435,7.06340232197092e-08,7.050645019198237e-08,0.8,0.0,10.0,1.1139579132820169e-07,0.0,1.391455766537951e-06,1.5028515578661528e-06,Canada,CAN,,gcp,northamerica-northeast2,Linux-6.8.0-1032-gcp-x86_64-with-glibc2.35,3.12.11,3.0.4,2,Intel(R) Xeon(R) CPU @ 2.60GHz,,,,,15.61648178100586,machine,Y,1.0
2025-08-07T12:10:32,scipy-benchmark,a1cde67e-8432-411f-82a6-b15e260ffb08,scipy_LMC001_f7d9627c,1.0018053851090372,7.063555300323706e-08,7.050825844337927e-08,0.8,0.0,10.0,1.1138930068247849e-07,0.0,1.391494805769374e-06,1.5028841064518525e-06,Canada,CAN,,gcp,northamerica-northeast2,Linux-6.8.0-1032-gcp-x86_64-with-glibc2.35,3.12.11,3.0.4,2,Intel(R) Xeon(R) CPU @ 2.60GHz,,,,,15.61648178100586,machine,Y,1.0
2025-08-07T12:10:34,scipy-benchmark,edb92c4b-996a-4ef5-bfa7-e8c44631200c,scipy_LMC001_f7d9627c,1.001838373020291,7.064284043699607e-08,7.051321085259054e-08,0.8,0.0,10.0,1.1139938887208701e-07,0.0,1.3916397693618718e-06,1.5030391582339588e-06,Canada,CAN,,gcp,northamerica-northeast2,Linux-6.8.0-1032-gcp-x86_64-with-glibc2.35,3.12.11,3.0.4,2,Intel(R) Xeon(R) CPU @ 2.60GHz,,,,,15.61648178100586,machine,Y,1.0
2025-08-07T12:10:37,scipy-benchmark,3099e064-a8f0-4d9b-a741-fa15fcfc20d9,scipy_LMC001_f7d9627c,1.0017636420670897,7.0631266061139e-08,7.050691709612745e-08,0.8,0.0,10.0,1.1138891444231073e-07,0.0,1.39140398047554e-06,1.5027928949178507e-06,Canada,CAN,,gcp,northamerica-northeast2,Linux-6.8.0-1032-gcp-x86_64-with-glibc2.35,3.12.11,3.0.4,2,Intel(R) Xeon(R) CPU @ 2.60GHz,,,,,15.61648178100586,machine,Y,1.0
2025-08-07T12:10:39,scipy-benchmark,6bfabedf-fb65-4a2c-b3a8-aad73cda4b5f,scipy_LMC001_f7d9627c,1.0017010772135109,7.063327783330653e-08,7.051332921572888e-08,0.8,0.0,10.0,1.1138390956653489e-07,0.0,1.3914517890144551e-06,1.5028356985809902e-06,Canada,CAN,,gcp,northamerica-northeast2,Linux-6.8.0-1032-gcp-x86_64-with-glibc2.35,3.12.11,3.0.4,2,Intel(R) Xeon(R) CPU @ 2.60GHz,,,,,15.61648178100586,machine,Y,1.0
2025-08-07T12:10:41,scipy-benchmark,301fb4ba-e90b-4555-a3d1-f92d22b65398,scipy_LMC001_f7d9627c,1.0016787690110505,7.062730923773619e-08,7.05089410125623e-08,0.8,0.0,10.0,1.113788742158148e-07,0.0,1.3913298329700612e-06,1.502708707185876e-06,Canada,CAN,,gcp,northamerica-northeast2,Linux-6.8.0-1032-gcp-x86_64-with-glibc2.35,3.12.11,3.0.4,2,Intel(R) Xeon(R) CPU @ 2.60GHz,,,,,15.61648178100586,machine,Y,1.0
2025-08-07T12:10:43,scipy-benchmark,bd7b406a-d127-4d05-adf7-7f703548a2fb,scipy_LMC001_f7d9627c,1.001785492990166,7.064007713816439e-08,7.051417457375562e-08,0.8,0.0,10.0,1.1139710909790465e-07,0.0,1.391583255543891e-06,1.5029803646417956e-06,Canada,CAN,,gcp,northamerica-northeast2,Linux-6.8.0-1032-gcp-x86_64-with-glibc2.35,3.12.11,3.0.4,2,Intel(R) Xeon(R) CPU @ 2.60GHz,,,,,15.61648178100586,machine,Y,1.0
2025-08-07T12:10:45,scipy-benchmark,46fae5d5-e756-4334-bd73-4556a73593b1,scipy_LMC001_f7d9627c,1.0016814139671624,7.06280637469867e-08,7.050950807529116e-08,0.8,0.0,10.0,1.1137140200783809e-07,0.0,1.3913533585663471e-06,1.5027247605741853e-06,Canada,CAN,,gcp,northamerica-northeast2,Linux-6.8.0-1032-gcp-x86_64-with-glibc2.35,3.12.11,3.0.4,2,Intel(R) Xeon(R) CPU @ 2.60GHz,,,,,15.61648178100586,machine,Y,1.0
2025-08-07T12:10:47,scipy-benchmark,83a10b3b-da3d-4ee2-99ef-6cc21f27bafa,scipy_LMC001_f7d9627c,1.0016973589081315,7.062836605333723e-08,7.050868750450079e-08,0.8,0.0,10.0,1.1138200107961893e-07,0.0,1.3913491915445776e-06,1.5027311926241965e-06,Canada,CAN,,gcp,northamerica-northeast2,Linux-6.8.0-1032-gcp-x86_64-with-glibc2.35,3.12.11,3.0.4,2,Intel(R) Xeon(R) CPU @ 2.60GHz,,,,,15.61648178100586,machine,Y,1.0
2025-08-07T12:10:50,scipy-benchmark,1a026d1f-3eba-4530-8253-738f997d5281,scipy_LMC001_f7d9627c,1.0016936771571636,7.063116231033009e-08,7.051173819004569e-08,0.8000072,0.0,10.0,1.113835262529983e-07,0.0,1.391407161200833e-06,1.5027906874538312e-06,Canada,CAN,,gcp,northamerica-northeast2,Linux-6.8.0-1032-gcp-x86_64-with-glibc2.35,3.12.11,3.0.4,2,Intel(R) Xeon(R) CPU @ 2.60GHz,,,,,15.61648178100586,machine,Y,1.0
2025-08-07T12:10:52,scipy-benchmark,86b856ac-f6de-4ff9-91c3-112c7866d713,scipy_LMC001_f7d9627c,1.0016569988802075,7.062268056127763e-08,7.050585244273196e-08,0.8000072,0.0,10.0,1.1137110255674141e-07,0.0,1.3912391221512936e-06,1.5026102247080349e-06,Canada,CAN,,gcp,northamerica-northeast2,Linux-6.8.0-1032-gcp-x86_64-with-glibc2.35,3.12.11,3.0.4,2,Intel(R) Xeon(R) CPU @ 2.60GHz,,,,,15.61648178100586,machine,Y,1.0
2025-08-07T12:10:54,scipy-benchmark,df441aeb-d457-4fa5-83cd-e1873cb74d2a,scipy_LMC001_f7d9627c,1.0017087999731302,7.062815573539896e-08,7.0507672226992e-08,0.8,0.0,10.0,1.113815179819035e-07,0.0,1.3913451997925426e-06,1.502726717774446e-06,Canada,CAN,,gcp,northamerica-northeast2,Linux-6.8.0-1032-gcp-x86_64-with-glibc2.35,3.12.11,3.0.4,2,Intel(R) Xeon(R) CPU @ 2.60GHz,,,,,15.61648178100586,machine,Y,1.0
2025-08-07T12:10:56,scipy-benchmark,6b9b4c9c-9e34-4411-8f26-149358d3ca6b,scipy_LMC001_f7d9627c,1.0017029051668942,7.062455467388241e-08,7.050449220980907e-08,0.8,0.0,10.0,1.113780298166805e-07,0.0,1.391272069627626e-06,1.5026500994443066e-06,Canada,CAN,,gcp,northamerica-northeast2,Linux-6.8.0-1032-gcp-x86_64-with-glibc2.35,3.12.11,3.0.4,2,Intel(R) Xeon(R) CPU @ 2.60GHz,,,,,15.61648178100586,machine,Y,1.0
2025-08-07T12:10:58,scipy-benchmark,7d2bbc3b-cc7a-45dd-a3f9-cc76db575bdb,scipy_LMC001_f7d9627c,1.0016935979947448,7.06331284109555e-08,7.051370653895908e-08,0.8,0.0,10.0,1.1137848290511305e-07,0.0,1.3914540364769186e-06,1.5028325193820315e-06,Canada,CAN,,gcp,northamerica-northeast2,Linux-6.8.0-1032-gcp-x86_64-with-glibc2.35,3.12.11,3.0.4,2,Intel(R) Xeon(R) CPU @ 2.60GHz,,,,,15.61648178100586,machine,Y,1.0
2025-08-07T12:11:00,scipy-benchmark,5a374e7f-5892-41f1-b116-fb8dfc691374,scipy_LMC001_f7d9627c,1.0017844690009952,7.063672680300593e-08,7.051090228364856e-08,0.8000072,0.0,10.0,1.1139615898131437e-07,0.0,1.3915129219337057e-06,1.5029090809150198e-06,Canada,CAN,,gcp,northamerica-northeast2,Linux-6.8.0-1032-gcp-x86_64-with-glibc2.35,3.12.11,3.0.4,2,Intel(R) Xeon(R) CPU @ 2.60GHz,,,,,15.61648178100586,machine,Y,1.0
2025-08-07T12:11:03,scipy-benchmark,ff9f5956-926c-47bc-aea1-1428929b05bf,scipy_LMC001_f7d9627c,1.0017668379005045,7.06365720021228e-08,7.051198874796295e-08,0.8,0.0,10.0,1.114000177735257e-07,0.0,1.391505769505683e-06,1.5029057872792085e-06,Canada,CAN,,gcp,northamerica-northeast2,Linux-6.8.0-1032-gcp-x86_64-with-glibc2.35,3.12.11,3.0.4,2,Intel(R) Xeon(R) CPU @ 2.60GHz,,,,,15.61648178100586,machine,Y,1.0
2025-08-07T12:11:05,scipy-benchmark,fce5dc03-63e3-44ce-afa2-580854ee2f94,scipy_LMC001_f7d9627c,1.0016882389318198,7.06338236563477e-08,7.051477786309059e-08,0.8,0.0,10.0,1.1137880622926686e-07,0.0,1.3914685056079178e-06,1.5028473118371847e-06,Canada,CAN,,gcp,northamerica-northeast2,Linux-6.8.0-1032-gcp-x86_64-with-glibc2.35,3.12.11,3.0.4,2,Intel(R) Xeon(R) CPU @ 2.60GHz,,,,,15.61648178100586,machine,Y,1.0
2025-08-07T12:11:07,scipy-benchmark,068b8f85-5648-4a53-8cd4-8d3b47dd9315,scipy_LMC001_f7d9627c,1.0017133839428425,7.063296757866111e-08,7.05121531876142e-08,0.8,0.0,10.0,1.1138847263322937e-07,0.0,1.3914406247850923e-06,1.5028290974183216e-06,Canada,CAN,,gcp,northamerica-northeast2,Linux-6.8.0-1032-gcp-x86_64-with-glibc2.35,3.12.11,3.0.4,2,Intel(R) Xeon(R) CPU @ 2.60GHz,,,,,15.61648178100586,machine,Y,1.0
2025-08-07T12:11:09,scipy-benchmark,e9519bae-2258-4002-90f6-f9efe9428710,scipy_LMC001_f7d9627c,1.0016829159576446,7.063035370096463e-08,7.05116884552628e-08,0.8,0.0,10.0,1.1137566089423169e-07,0.0,1.3913978221050154e-06,1.502773482999247e-06,Canada,CAN,,gcp,northamerica-northeast2,Linux-6.8.0-1032-gcp-x86_64-with-glibc2.35,3.12.11,3.0.4,2,Intel(R) Xeon(R) CPU @ 2.60GHz,,,,,15.61648178100586,machine,Y,1.0
2025-08-07T12:11:11,scipy-benchmark,89d9e39e-13b4-488b-a7a6-1e4ade30ef8f,scipy_LMC001_f7d9627c,1.0017589409835637,7.063732930792807e-08,7.051330057366269e-08,0.8,0.0,10.0,1.1139217821053337e-07,0.0,1.3915297219581487e-06,1.502921900168682e-06,Canada,CAN,,gcp,northamerica-northeast2,Linux-6.8.0-1032-gcp-x86_64-with-glibc2.35,3.12.11,3.0.4,2,Intel(R) Xeon(R) CPU @ 2.60GHz,,,,,15.61648178100586,machine,Y,1.0
2025-08-07T12:11:13,scipy-benchmark,46291b77-3a55-4747-b0b4-ed96fcfdf9c1,scipy_LMC001_f7d9627c,1.0016406970098617,7.062730870639077e-08,7.051162050147352e-08,0.8,0.0,10.0,1.1136990733858613e-07,0.0,1.3913387885420685e-06,1.5027086958806546e-06,Canada,CAN,,gcp,northamerica-northeast2,Linux-6.8.0-1032-gcp-x86_64-with-glibc2.35,3.12.11,3.0.4,2,Intel(R) Xeon(R) CPU @ 2.60GHz,,,,,15.61648178100586,machine,Y,1.0
2025-08-07T12:11:16,scipy-benchmark,f14c46ac-2cb9-48f1-a2b1-6a3cc5922c1f,scipy_LMC001_f7d9627c,1.001724838046357,7.063209579771177e-08,7.051047664492786e-08,0.8,0.0,10.0,1.1138345156278877e-07,0.0,1.3914270973246958e-06,1.5028105488874845e-06,Canada,CAN,,gcp,northamerica-northeast2,Linux-6.8.0-1032-gcp-x86_64-with-glibc2.35,3.12.11,3.0.4,2,Intel(R) Xeon(R) CPU @ 2.60GHz,,,,,15.61648178100586,machine,Y,1.0
2025-08-07T12:11:18,scipy-benchmark,4dd9c346-b791-4643-ab89-154749d47ada,scipy_LMC001_f7d9627c,1.0017028842121365,7.06331867592461e-08,7.051311109561277e-08,0.8,0.0,10.0,1.1138520493275592e-07,0.0,1.3914485559022675e-06,1.5028337608350234e-06,Canada,CAN,,gcp,northamerica-northeast2,Linux-6.8.0-1032-gcp-x86_64-with-glibc2.35,3.12.11,3.0.4,2,Intel(R) Xeon(R) CPU @ 2.60GHz,,,,,15.61648178100586,machine,Y,1.0
2025-08-07T12:11:20,scipy-benchmark,dd94c476-6c53-4978-86a4-0c30287dc04a,scipy_LMC001_f7d9627c,1.001776218879968,7.063495279693355e-08,7.050971211505369e-08,0.8,0.0,10.0,1.1138607509848145e-07,0.0,1.3914852610064878e-06,1.5028713361049692e-06,Canada,CAN,,gcp,northamerica-northeast2,Linux-6.8.0-1032-gcp-x86_64-with-glibc2.35,3.12.11,3.0.4,2,Intel(R) Xeon(R) CPU @ 2.60GHz,,,,,15.61648178100586,machine,Y,1.0
2025-08-07T12:11:22,scipy-benchmark,a005b0b2-e0e4-48be-8c25-24d5c2fc2583,scipy_LMC001_f7d9627c,1.0017526149749756,7.063707486278792e-08,7.051349186101448e-08,0.8,0.0,10.0,1.1139827019845449e-07,0.0,1.3915182162438417e-06,1.502916486442296e-06,Canada,CAN,,gcp,northamerica-northeast2,Linux-6.8.0-1032-gcp-x86_64-with-glibc2.35,3.12.11,3.0.4,2,Intel(R) Xeon(R) CPU @ 2.60GHz,,,,,15.61648178100586,machine,Y,1.0
2025-08-07T12:11:24,scipy-benchmark,e5c5d22a-6e48-43b4-8f02-e0c81a5575f1,scipy_LMC001_f7d9627c,1.0017213460523635,7.063725015691794e-08,7.051586794600008e-08,0.8,0.0,10.0,1.1137941334810525e-07,0.0,1.3915408027565312e-06,1.5029202161046364e-06,Canada,CAN,,gcp,northamerica-northeast2,Linux-6.8.0-1032-gcp-x86_64-with-glibc2.35,3.12.11,3.0.4,2,Intel(R) Xeon(R) CPU @ 2.60GHz,,,,,15.61648178100586,machine,Y,1.0
2025-08-07T12:11:26,scipy-benchmark,35ed8bd8-8763-44d6-b426-eb9765c93249,scipy_LMC001_f7d9627c,1.0017732239793986,7.06361456637064e-08,7.051111366613948e-08,0.8,0.0,10.0,1.113901913373007e-07,0.0,1.3915065249117711e-06,1.502896716249072e-06,Canada,CAN,,gcp,northamerica-northeast2,Linux-6.8.0-1032-gcp-x86_64-with-glibc2.35,3.12.11,3.0.4,2,Intel(R) Xeon(R) CPU @ 2.60GHz,,,,,15.61648178100586,machine,Y,1.0
2025-08-07T12:11:29,scipy-benchmark,6d325116-56f3-4375-a0b9-9edc8ba62472,scipy_LMC001_f7d9627c,1.001812859904021,7.06375977273306e-08,7.050977338631694e-08,0.8,0.0,10.0,1.1139811109751465e-07,0.0,1.3915295001222855e-06,1.5029276112198e-06,Canada,CAN,,gcp,northamerica-northeast2,Linux-6.8.0-1032-gcp-x86_64-with-glibc2.35,3.12.11,3.0.4,2,Intel(R) Xeon(R) CPU @ 2.60GHz,,,,,15.61648178100586,machine,Y,1.0
2025-08-07T12:11:31,scipy-benchmark,c14906e5-c786-481a-ac2e-cc315acc045e,scipy_LMC001_f7d9627c,1.0017199339345098,7.063511023323776e-08,7.051383110227269e-08,0.8,0.0,10.0,1.1137543556590877e-07,0.0,1.3914992502476608e-06,1.5028746858135694e-06,Canada,CAN,,gcp,northamerica-northeast2,Linux-6.8.0-1032-gcp-x86_64-with-glibc2.35,3.12.11,3.0.4,2,Intel(R) Xeon(R) CPU @ 2.60GHz,,,,,15.61648178100586,machine,Y,1.0
2025-08-07T12:11:33,scipy-benchmark,cce71972-3001-477a-93f6-c0b28ab2290f,scipy_LMC001_f7d9627c,1.0016088499687612,7.061969699265644e-08,7.050626299364165e-08,0.8,0.0,10.0,1.1135840597045093e-07,0.0,1.391188338554154e-06,1.5025467445246047e-06,Canada,CAN,,gcp,northamerica-northeast2,Linux-6.8.0-1032-gcp-x86_64-with-glibc2.35,3.12.11,3.0.4,2,Intel(R) Xeon(R) CPU @ 2.60GHz,,,,,15.61648178100586,machine,Y,1.0
2025-08-07T12:11:35,scipy-benchmark,96ae3958-2ae8-4cce-ba63-ad2ae5bbf6eb,scipy_LMC001_f7d9627c,1.0016942890360951,7.063149527770777e-08,7.051202752256347e-08,0.8,0.0,10.0,1.1137741110805009e-07,0.0,1.3914203607580728e-06,1.5027977718661228e-06,Canada,CAN,,gcp,northamerica-northeast2,Linux-6.8.0-1032-gcp-x86_64-with-glibc2.35,3.12.11,3.0.4,2,Intel(R) Xeon(R) CPU @ 2.60GHz,,,,,15.61648178100586,machine,Y,1.0
2025-08-07T12:11:37,scipy-benchmark,f544ce52-4b9f-4e11-863f-75e41adb639c,scipy_LMC001_f7d9627c,1.0017052821349353,7.062252074205834e-08,7.050229443887977e-08,0.8,0.0,10.0,1.1136764070640009e-07,0.0,1.3912391835927137e-06,1.5026068242991138e-06,Canada,CAN,,gcp,northamerica-northeast2,Linux-6.8.0-1032-gcp-x86_64-with-glibc2.35,3.12.11,3.0.4,2,Intel(R) Xeon(R) CPU @ 2.60GHz,,,,,15.61648178100586,machine,Y,1.0
2025-08-07T12:11:39,scipy-benchmark,15b9e966-8bcc-4043-b169-28f81058383e,scipy_LMC001_f7d9627c,1.0017460288945583,7.06304773706943e-08,7.05073694663268e-08,0.8,0.0,10.0,1.1137670309593281e-07,0.0,1.3913994111741585e-06,1.5027761142700913e-06,Canada,CAN,,gcp,northamerica-northeast2,Linux-6.8.0-1032-gcp-x86_64-with-glibc2.35,3.12.11,3.0.4,2,Intel(R) Xeon(R) CPU @ 2.60GHz,,,,,15.61648178100586,machine,Y,1.0
2025-08-07T12:11:42,scipy-benchmark,eddbc788-abe5-40bc-a4b0-634c4056a1ad,scipy_LMC001_f7d9627c,1.0018422920256853,7.065196935948917e-08,7.052204715438164e-08,0.8,0.0,10.0,1.114129382185638e-07,0.0,1.3918204524088652e-06,1.503233390627429e-06,Canada,CAN,,gcp,northamerica-northeast2,Linux-6.8.0-1032-gcp-x86_64-with-glibc2.35,3.12.11,3.0.4,2,Intel(R) Xeon(R) CPU @ 2.60GHz,,,,,15.61648178100586,machine,Y,1.0
2025-08-07T12:11:44,scipy-benchmark,4a34ddd3-a2a4-482c-a2a0-b2f356f0e2ab,scipy_LMC001_f7d9627c,1.001710144802928,7.063548841862939e-08,7.051489773274274e-08,0.8,0.0,10.0,1.1138416309323577e-07,0.0,1.391498569218028e-06,1.5028827323112635e-06,Canada,CAN,,gcp,northamerica-northeast2,Linux-6.8.0-1032-gcp-x86_64-with-glibc2.35,3.12.11,3.0.4,2,Intel(R) Xeon(R) CPU @ 2.60GHz,,,,,15.61648178100586,machine,Y,1.0
2025-08-07T12:11:46,scipy-benchmark,208d72f5-bfbc-4619-8b3b-1308f4cdab48,scipy_LMC001_f7d9627c,1.0018172177951783,7.06401797741548e-08,7.051204403296372e-08,0.8,0.0,10.0,1.114057073266142e-07,0.0,1.3915768410596583e-06,1.5029825483862725e-06,Canada,CAN,,gcp,northamerica-northeast2,Linux-6.8.0-1032-gcp-x86_64-with-glibc2.35,3.12.11,3.0.4,2,Intel(R) Xeon(R) CPU @ 2.60GHz,,,,,15.61648178100586,machine,Y,1.0
2025-08-07T12:11:48,scipy-benchmark,6e6a5de5-ef42-44b4-9bab-b5fb4500eb04,scipy_LMC001_f7d9627c,1.0017488189041617,7.063813799738678e-08,7.05148203465412e-08,0.8,0.0,10.0,1.1139235086739065e-07,0.0,1.3915467554599876e-06,1.5029391063273785e-06,Canada,CAN,,gcp,northamerica-northeast2,Linux-6.8.0-1032-gcp-x86_64-with-glibc2.35,3.12.11,3.0.4,2,Intel(R) Xeon(R) CPU @ 2.60GHz,,,,,15.61648178100586,machine,Y,1.0
2025-08-07T12:11:50,scipy-benchmark,0ac82ccc-cc73-404b-8a37-c5c6b9c11f89,scipy_LMC001_f7d9627c,1.0016979628708214,7.062694085487682e-08,7.050722220944047e-08,0.8,0.0,10.0,1.1137966977225412e-07,0.0,1.3913211994804443e-06,1.5027008692526984e-06,Canada,CAN,,gcp,northamerica-northeast2,Linux-6.8.0-1032-gcp-x86_64-with-glibc2.35,3.12.11,3.0.4,2,Intel(R) Xeon(R) CPU @ 2.60GHz,,,,,15.61648178100586,machine,Y,1.0
2025-08-07T12:11:52,scipy-benchmark,0a81d81a-8b72-4fb5-8d3c-8180e0635688,scipy_LMC001_f7d9627c,1.0017608229536563,7.063767814408574e-08,7.051351632599591e-08,0.8,0.0,10.0,1.1139137551395429e-07,0.0,1.391537946700636e-06,1.5029293222145902e-06,Canada,CAN,,gcp,northamerica-northeast2,Linux-6.8.0-1032-gcp-x86_64-with-glibc2.35,3.12.11,3.0.4,2,Intel(R) Xeon(R) CPU @ 2.60GHz,,,,,15.61648178100586,machine,Y,1.0
2025-08-07T12:11:55,scipy-benchmark,5fb1915a-f4a5-441f-9853-cebcdedb1706,scipy_LMC001_f7d9627c,1.0017577889375389,7.063647999425626e-08,7.051253384231041e-08,0.8,0.0,10.0,1.1139260222100549e-07,0.0,1.3915112274440211e-06,1.5029038296650268e-06,Canada,CAN,,gcp,northamerica-northeast2,Linux-6.8.0-1032-gcp-x86_64-with-glibc2.35,3.12.11,3.0.4,2,Intel(R) Xeon(R) CPU @ 2.60GHz,,,,,15.61648178100586,machine,Y,1.0
2025-08-07T12:11:57,scipy-benchmark,1746ac9a-287f-4539-8c20-ad6443b9cfd5,scipy_LMC001_f7d9627c,1.0017856198828667,7.063665219028998e-08,7.051074679885017e-08,0.8,0.0,10.0,1.1138946019733949e-07,0.0,1.3915180332130858e-06,1.5029074934104252e-06,Canada,CAN,,gcp,northamerica-northeast2,Linux-6.8.0-1032-gcp-x86_64-with-glibc2.35,3.12.11,3.0.4,2,Intel(R) Xeon(R) CPU @ 2.60GHz,,,,,15.61648178100586,machine,Y,1.0
2025-08-07T12:11:59,scipy-benchmark,cff06547-3d5c-4df0-873c-2b6d65beccac,scipy_LMC001_f7d9627c,1.0016919178888202,7.062946427375494e-08,7.051016686109894e-08,0.8,0.0,10.0,1.1137755908485917e-07,0.0,1.391376999931203e-06,1.502754559016062e-06,Canada,CAN,,gcp,northamerica-northeast2,Linux-6.8.0-1032-gcp-x86_64-with-glibc2.35,3.12.11,3.0.4,2,Intel(R) Xeon(R) CPU @ 2.60GHz,,,,,15.61648178100586,machine,Y,1.0
2025-08-07T12:12:01,scipy-benchmark,c602c456-6818-4566-984b-31eb788c4dcb,scipy_LMC001_f7d9627c,1.0017977659590542,7.06397482706234e-08,7.05129824311373e-08,0.8,0.0,10.0,1.1139564552447865e-07,0.0,1.3915777219355931e-06,1.502973367460072e-06,Canada,CAN,,gcp,northamerica-northeast2,Linux-6.8.0-1032-gcp-x86_64-with-glibc2.35,3.12.11,3.0.4,2,Intel(R) Xeon(R) CPU @ 2.60GHz,,,,,15.61648178100586,machine,Y,1.0
2025-08-07T12:12:03,scipy-benchmark,548581ce-bfc6-465d-bffc-125669d43bb4,scipy_LMC001_f7d9627c,1.0016569669824094,7.062916906214217e-08,7.051233245541088e-08,0.8,0.0,10.0,1.1138031440269621e-07,0.0,1.391367963515222e-06,1.5027482779179183e-06,Canada,CAN,,gcp,northamerica-northeast2,Linux-6.8.0-1032-gcp-x86_64-with-glibc2.35,3.12.11,3.0.4,2,Intel(R) Xeon(R) CPU @ 2.60GHz,,,,,15.61648178100586,machine,Y,1.0
2025-08-07T12:12:05,scipy-benchmark,fe0c3f7a-6426-4480-81f5-a321f5f50ea1,scipy_LMC001_f7d9627c,1.0017063880804926,7.063486654753798e-08,7.05145413746349e-08,0.8,0.0,10.0,1.113886424443788e-07,0.0,1.3914808585670675e-06,1.5028695010114464e-06,Canada,CAN,,gcp,northamerica-northeast2,Linux-6.8.0-1032-gcp-x86_64-with-glibc2.35,3.12.11,3.0.4,2,Intel(R) Xeon(R) CPU @ 2.60GHz,,,,,15.61648178100586,machine,Y,1.0
2025-08-07T12:12:08,scipy-benchmark,c9de090e-bc3e-4d34-b41a-5d007f308856,scipy_LMC001_f7d9627c,1.0017043920233846,7.06310065663937e-08,7.051082847278245e-08,0.8,0.0,10.0,1.1138193485223584e-07,0.0,1.3914054389008216e-06,1.5027873737530577e-06,Canada,CAN,,gcp,northamerica-northeast2,Linux-6.8.0-1032-gcp-x86_64-with-glibc2.35,3.12.11,3.0.4,2,Intel(R) Xeon(R) CPU @ 2.60GHz,,,,,15.61648178100586,machine,Y,1.0
2025-08-07T12:12:10,scipy-benchmark,3849a10e-807a-4353-a81a-9e9351e57d50,scipy_LMC001_f7d9627c,1.001721072010696,7.063625244346137e-08,7.05148912378147e-08,0.8,0.0,10.0,1.113876100215647e-07,0.0,1.391511378137188e-06,1.5028989881587526e-06,Canada,CAN,,gcp,northamerica-northeast2,Linux-6.8.0-1032-gcp-x86_64-with-glibc2.35,3.12.11,3.0.4,2,Intel(R) Xeon(R) CPU @ 2.60GHz,,,,,15.61648178100586,machine,Y,1.0
2025-08-07T12:12:12,scipy-benchmark,9636a49d-7fa4-49eb-8013-241fecdad5fb,scipy_LMC001_f7d9627c,1.0016515150200576,7.063307378694622e-08,7.051661453887169e-08,0.8,0.0,10.0,1.1137657110682793e-07,0.0,1.3914547860622406e-06,1.5028313571690686e-06,Canada,CAN,,gcp,northamerica-northeast2,Linux-6.8.0-1032-gcp-x86_64-with-glibc2.35,3.12.11,3.0.4,2,Intel(R) Xeon(R) CPU @ 2.60GHz,,,,,15.61648178100586,machine,Y,1.0
2025-08-07T12:12:14,scipy-benchmark,612e0abb-b830-4cf4-a758-78f46e2ad273,scipy_LMC001_f7d9627c,1.00175449391827,7.063682762910318e-08,7.05131128015346e-08,0.8000072,0.0,10.0,1.1139176232309045e-07,0.0,1.391519463828041e-06,1.5029112261511311e-06,Canada,CAN,,gcp,northamerica-northeast2,Linux-6.8.0-1032-gcp-x86_64-with-glibc2.35,3.12.11,3.0.4,2,Intel(R) Xeon(R) CPU @ 2.60GHz,,,,,15.61648178100586,machine,Y,1.0
2025-08-07T12:12:16,scipy-benchmark,cd98881e-eaee-47d8-817d-12769c612ab9,scipy_LMC001_f7d9627c,1.0017678730655462,7.063529412738153e-08,7.05106402656215e-08,0.8,0.0,10.0,1.1138806512786285e-07,0.0,1.391490533327063e-06,1.5028785984549258e-06,Canada,CAN,,gcp,northamerica-northeast2,Linux-6.8.0-1032-gcp-x86_64-with-glibc2.35,3.12.11,3.0.4,2,Intel(R) Xeon(R) CPU @ 2.60GHz,,,,,15.61648178100586,machine,Y,1.0
2025-08-07T12:12:18,scipy-benchmark,acb88312-0572-46ab-bb29-68200df8b97c,scipy_LMC001_f7d9627c,1.0016772269736975,7.062775018146366e-08,7.050948976333095e-08,0.8,0.0,10.0,1.1137581378635437e-07,0.0,1.3913422751809574e-06,1.5027180889673118e-06,Canada,CAN,,gcp,northamerica-northeast2,Linux-6.8.0-1032-gcp-x86_64-with-glibc2.35,3.12.11,3.0.4,2,Intel(R) Xeon(R) CPU @ 2.60GHz,,,,,15.61648178100586,machine,Y,1.0
2025-08-07T12:12:21,scipy-benchmark,10ab23b4-886a-481d-b421-2a926c3378dc,scipy_LMC001_f7d9627c,1.0016703670844436,7.06217193139148e-08,7.0503951833449e-08,0.8,0.0,10.0,1.1136598626358644e-07,0.0,1.3912237863728984e-06,1.5025897726364849e-06,Canada,CAN,,gcp,northamerica-northeast2,Linux-6.8.0-1032-gcp-x86_64-with-glibc2.35,3.12.11,3.0.4,2,Intel(R) Xeon(R) CPU @ 2.60GHz,,,,,15.61648178100586,machine,Y,1.0
2025-08-07T12:12:23,scipy-benchmark,11cac801-fe79-4e70-b118-544f855bf862,scipy_LMC001_f7d9627c,1.0016029819380492,7.061562245253784e-08,7.050260804525595e-08,0.8,0.0,10.0,1.1135266043452753e-07,0.0,1.3911073917471283e-06,1.502460052181656e-06,Canada,CAN,,gcp,northamerica-northeast2,Linux-6.8.0-1032-gcp-x86_64-with-glibc2.35,3.12.11,3.0.4,2,Intel(R) Xeon(R) CPU @ 2.60GHz,,,,,15.61648178100586,machine,Y,1.0
2025-08-07T12:12:25,scipy-benchmark,9e77894e-bf0c-49cc-a545-a7dba1bf007c,scipy_LMC001_f7d9627c,1.0018362950067967,7.064587462106204e-08,7.051638573404125e-08,0.8,0.0,10.0,1.114079709061318e-07,0.0,1.3916957444356136e-06,1.5031037153417453e-06,Canada,CAN,,gcp,northamerica-northeast2,Linux-6.8.0-1032-gcp-x86_64-with-glibc2.35,3.12.11,3.0.4,2,Intel(R) Xeon(R) CPU @ 2.60GHz,,,,,15.61648178100586,machine,Y,1.0
2025-08-07T12:12:27,scipy-benchmark,3e862a07-5674-48e0-b178-56b4f8b190c9,scipy_LMC001_f7d9627c,1.0018468170892447,7.064191993276797e-08,7.051169772441884e-08,0.8,0.0,10.0,1.1139873668758406e-07,0.0,1.391620836350032e-06,1.503019573037616e-06,Canada,CAN,,gcp,northamerica-northeast2,Linux-6.8.0-1032-gcp-x86_64-with-glibc2.35,3.12.11,3.0.4,2,Intel(R) Xeon(R) CPU @ 2.60GHz,,,,,15.61648178100586,machine,Y,1.0
2025-08-07T12:12:29,scipy-benchmark,565dfff4-1102-422d-be32-14740c6607e9,scipy_LMC001_f7d9627c,1.001797361066565,7.06445692203744e-08,7.051782323040117e-08,0.8000072,0.0,10.0,1.1139909903792225e-07,0.0,1.3916768418211075e-06,1.5030759408590295e-06,Canada,CAN,,gcp,northamerica-northeast2,Linux-6.8.0-1032-gcp-x86_64-with-glibc2.35,3.12.11,3.0.4,2,Intel(R) Xeon(R) CPU @ 2.60GHz,,,,,15.61648178100586,machine,Y,1.0
2025-08-07T12:12:31,scipy-benchmark,20d2a61a-725c-4fe6-9313-4deb85d5aeda,scipy_LMC001_f7d9627c,1.0017075990326705,7.06333242512515e-08,7.0512916463308e-08,0.8,0.0,10.0,1.1138803910257089e-07,0.0,1.3914486470942696e-06,1.5028366861968404e-06,Canada,CAN,,gcp,northamerica-northeast2,Linux-6.8.0-1032-gcp-x86_64-with-glibc2.35,3.12.11,3.0.4,2,Intel(R) Xeon(R) CPU @ 2.60GHz,,,,,15.61648178100586,machine,Y,1.0
2025-08-07T12:12:34,scipy-benchmark,64fd517b-0bfe-41aa-bc79-d88a3b8bc4a0,scipy_LMC001_f7d9627c,1.0016963679809123,7.063558669442624e-08,7.05159656681237e-08,0.8,0.0,10.0,1.1138616222888233e-07,0.0,1.3914986610567818e-06,1.502884823285664e-06,Canada,CAN,,gcp,northamerica-northeast2,Linux-6.8.0-1032-gcp-x86_64-with-glibc2.35,3.12.11,3.0.4,2,Intel(R) Xeon(R) CPU @ 2.60GHz,,,,,15.61648178100586,machine,Y,1.0
2025-08-07T12:12:36,scipy-benchmark,b9b2ff12-897d-4a10-912c-7a951a67a8e6,scipy_LMC001_f7d9627c,1.0016651609912517,7.063478867199996e-08,7.0517365905089e-08,0.8,0.0,10.0,1.1137753000689877e-07,0.0,1.391490314078207e-06,1.5028678440851055e-06,Canada,CAN,,gcp,northamerica-northeast2,Linux-6.8.0-1032-gcp-x86_64-with-glibc2.35,3.12.11,3.0.4,2,Intel(R) Xeon(R) CPU @ 2.60GHz,,,,,15.61648178100586,machine,Y,1.0
2025-08-07T12:12:38,scipy-benchmark,89ae50ad-844e-4a68-915c-487ccf9ef4a3,scipy_LMC001_f7d9627c,1.0017865870613605,7.063383562560194e-08,7.05078671823698e-08,0.8,0.0,10.0,1.1138953309920101e-07,0.0,1.391458033402968e-06,1.502847566502169e-06,Canada,CAN,,gcp,northamerica-northeast2,Linux-6.8.0-1032-gcp-x86_64-with-glibc2.35,3.12.11,3.0.4,2,Intel(R) Xeon(R) CPU @ 2.60GHz,,,,,15.61648178100586,machine,Y,1.0
2025-08-07T12:12:40,scipy-benchmark,13ba9ce4-e645-4996-a434-3a7d73e392c9,scipy_LMC001_f7d9627c,1.0016752930823714,7.063015030389134e-08,7.051202200120869e-08,0.8,0.0,10.0,1.1137208870301645e-07,0.0,1.391397066698927e-06,1.5027691554019437e-06,Canada,CAN,,gcp,northamerica-northeast2,Linux-6.8.0-1032-gcp-x86_64-with-glibc2.35,3.12.11,3.0.4,2,Intel(R) Xeon(R) CPU @ 2.60GHz,,,,,15.61648178100586,machine,Y,1.0
2025-08-07T12:12:42,scipy-benchmark,2e08c245-f25c-41c0-94d1-e44be8b4866a,scipy_LMC001_f7d9627c,1.0018105178605765,7.064749325842909e-08,7.051981587226778e-08,0.8,0.0,10.0,1.1140849886255133e-07,0.0,1.3917296555721098e-06,1.503138154434661e-06,Canada,CAN,,gcp,northamerica-northeast2,Linux-6.8.0-1032-gcp-x86_64-with-glibc2.35,3.12.11,3.0.4,2,Intel(R) Xeon(R) CPU @ 2.60GHz,,,,,15.61648178100586,machine,Y,1.0
2025-08-07T12:12:44,scipy-benchmark,438bd700-da07-4351-a038-313367952000,scipy_LMC001_f7d9627c,1.0017674688715488,7.064261915413146e-08,7.05179808181509e-08,0.8,0.0,10.0,1.113998586208457e-07,0.0,1.3916345914670575e-06,1.5030344500879033e-06,Canada,CAN,,gcp,northamerica-northeast2,Linux-6.8.0-1032-gcp-x86_64-with-glibc2.35,3.12.11,3.0.4,2,Intel(R) Xeon(R) CPU @ 2.60GHz,,,,,15.61648178100586,machine,Y,1.0
2025-08-07T12:12:47,scipy-benchmark,9ef2f18a-7e2a-4082-a7a5-e3a8ad6ed7b7,scipy_LMC001_f7d9627c,1.001857619965449,7.06380136554368e-08,7.050703837324995e-08,0.8004608000000001,0.0,10.0,1.1146357469619648e-07,0.0,1.3914728860577776e-06,1.502936460753974e-06,Canada,CAN,,gcp,northamerica-northeast2,Linux-6.8.0-1032-gcp-x86_64-with-glibc2.35,3.12.11,3.0.4,2,Intel(R) Xeon(R) CPU @ 2.60GHz,,,,,15.61648178100586,machine,Y,1.0
2025-08-07T12:12:49,scipy-benchmark,8588e43c-e89a-4087-b2c3-23fa7b12a798,scipy_LMC001_f7d9627c,1.0016987279523164,7.062867714208551e-08,7.05089016998808e-08,0.8,0.0,10.0,1.1138470067332189e-07,0.0,1.3913531108604123e-06,1.5027378115337342e-06,Canada,CAN,,gcp,northamerica-northeast2,Linux-6.8.0-1032-gcp-x86_64-with-glibc2.35,3.12.11,3.0.4,2,Intel(R) Xeon(R) CPU @ 2.60GHz,,,,,15.61648178100586,machine,Y,1.0
2025-08-07T12:12:51,scipy-benchmark,8f1ee94c-4b55-4ae9-9e78-a17579f0f4a9,scipy_LMC001_f7d9627c,1.0016479690093547,7.062654337325756e-08,7.051034451066505e-08,0.8,0.0,10.0,1.1136819820644129e-07,0.0,1.3913242139905275e-06,1.502692412196969e-06,Canada,CAN,,gcp,northamerica-northeast2,Linux-6.8.0-1032-gcp-x86_64-with-glibc2.35,3.12.11,3.0.4,2,Intel(R) Xeon(R) CPU @ 2.60GHz,,,,,15.61648178100586,machine,Y,1.0
2025-08-07T12:12:53,scipy-benchmark,b6d4367b-ead1-47d5-8dce-368411c36b57,scipy_LMC001_f7d9627c,1.0016500279307363,7.062803151122191e-08,7.05116852610978e-08,0.8,0.0,10.0,1.113729138030774e-07,0.0,1.3913511609037717e-06,1.5027240747068491e-06,Canada,CAN,,gcp,northamerica-northeast2,Linux-6.8.0-1032-gcp-x86_64-with-glibc2.35,3.12.11,3.0.4,2,Intel(R) Xeon(R) CPU @ 2.60GHz,,,,,15.61648178100586,machine,Y,1.0
2025-08-07T12:12:55,scipy-benchmark,1c9ae89b-be1c-48d5-9b70-9d9034dd00cc,scipy_LMC001_f7d9627c,1.001711298013106,7.062882920900463e-08,7.050816871996641e-08,0.8,0.0,10.0,1.1137736045445006e-07,0.0,1.3913636865456486e-06,1.5027410470000986e-06,Canada,CAN,,gcp,northamerica-northeast2,Linux-6.8.0-1032-gcp-x86_64-with-glibc2.35,3.12.11,3.0.4,2,Intel(R) Xeon(R) CPU @ 2.60GHz,,,,,15.61648178100586,machine,Y,1.0
2025-08-07T12:12:57,scipy-benchmark,580e1b63-745f-44c2-b31a-58843af56e2f,scipy_LMC001_f7d9627c,1.0016424211207775,7.062968277100785e-08,7.051386930275723e-08,0.8,0.0,10.0,1.1137397157856161e-07,0.0,1.3913852363152222e-06,1.5027592078937838e-06,Canada,CAN,,gcp,northamerica-northeast2,Linux-6.8.0-1032-gcp-x86_64-with-glibc2.35,3.12.11,3.0.4,2,Intel(R) Xeon(R) CPU @ 2.60GHz,,,,,15.61648178100586,machine,Y,1.0
2025-08-07T12:13:00,scipy-benchmark,6a40b89e-fe21-4255-b0b6-338ecf60f0ef,scipy_LMC001_f7d9627c,1.001642385032028,7.062407406892937e-08,7.050827233780761e-08,0.8,0.0,10.0,1.1136994557455185e-07,0.0,1.3912699282324562e-06,1.502639873807008e-06,Canada,CAN,,gcp,northamerica-northeast2,Linux-6.8.0-1032-gcp-x86_64-with-glibc2.35,3.12.11,3.0.4,2,Intel(R) Xeon(R) CPU @ 2.60GHz,,,,,15.61648178100586,machine,Y,1.0
2025-08-07T12:13:02,scipy-benchmark,547df5d5-8bae-4a36-b9b9-cacfcb21933b,scipy_LMC001_f7d9627c,1.0016740490682423,7.06212125854929e-08,7.050318679133675e-08,0.8,0.0,10.0,1.1136783845722677e-07,0.0,1.391211152723473e-06,1.5025789911806998e-06,Canada,CAN,,gcp,northamerica-northeast2,Linux-6.8.0-1032-gcp-x86_64-with-glibc2.35,3.12.11,3.0.4,2,Intel(R) Xeon(R) CPU @ 2.60GHz,,,,,15.61648178100586,machine,Y,1.0
2025-08-07T12:13:04,scipy-benchmark,5715920a-b40d-45f7-b8c8-e237ccc5a0c3,scipy_LMC001_f7d9627c,1.0017822161316872,7.063385939510127e-08,7.050819854623597e-08,0.8,0.0,10.0,1.113858860399988e-07,0.0,1.3914621861961982e-06,1.502848072236197e-06,Canada,CAN,,gcp,northamerica-northeast2,Linux-6.8.0-1032-gcp-x86_64-with-glibc2.35,3.12.11,3.0.4,2,Intel(R) Xeon(R) CPU @ 2.60GHz,,,,,15.61648178100586,machine,Y,1.0
2025-08-07T12:13:06,scipy-benchmark,94ffd51f-b06f-4005-a0a9-fd21acb386dc,scipy_LMC001_f7d9627c,1.0016642049886286,7.06210015757113e-08,7.050366901801488e-08,0.8,0.0,10.0,1.1136521864682436e-07,0.0,1.391209282964054e-06,1.5025745016108784e-06,Canada,CAN,,gcp,northamerica-northeast2,Linux-6.8.0-1032-gcp-x86_64-with-glibc2.35,3.12.11,3.0.4,2,Intel(R) Xeon(R) CPU @ 2.60GHz,,,,,15.61648178100586,machine,Y,1.0
2025-08-07T12:13:08,scipy-benchmark,f38fe3ad-c5b4-4475-a59c-b31e149bedea,scipy_LMC001_f7d9627c,1.001761272083968,7.063694424665948e-08,7.051275210481354e-08,0.8,0.0,10.0,1.11391904246476e-07,0.0,1.3915218031292576e-06,1.5029137073757335e-06,Canada,CAN,,gcp,northamerica-northeast2,Linux-6.8.0-1032-gcp-x86_64-with-glibc2.35,3.12.11,3.0.4,2,Intel(R) Xeon(R) CPU @ 2.60GHz,,,,,15.61648178100586,machine,Y,1.0
2025-08-07T12:13:10,scipy-benchmark,2a68b109-fcc7-4794-9738-eed114fcdcb0,scipy_LMC001_f7d9627c,1.001697220141068,7.063125170387018e-08,7.051157803345332e-08,0.8,0.0,10.0,1.1138616424674793e-07,0.0,1.3914064251972984e-06,1.5027925894440464e-06,Canada,CAN,,gcp,northamerica-northeast2,Linux-6.8.0-1032-gcp-x86_64-with-glibc2.35,3.12.11,3.0.4,2,Intel(R) Xeon(R) CPU @ 2.60GHz,,,,,15.61648178100586,machine,Y,1.0
2025-08-07T12:13:13,scipy-benchmark,3b73028d-c452-4070-87f6-a77c18920d91,scipy_LMC001_f7d9627c,1.0017476710490882,7.063905934662194e-08,7.051582088795336e-08,0.8000576,0.0,10.0,1.1139555371076821e-07,0.0,1.391563155791826e-06,1.502958709502594e-06,Canada,CAN,,gcp,northamerica-northeast2,Linux-6.8.0-1032-gcp-x86_64-with-glibc2.35,3.12.11,3.0.4,2,Intel(R) Xeon(R) CPU @ 2.60GHz,,,,,15.61648178100586,machine,Y,1.0
2025-08-07T12:13:15,scipy-benchmark,4d75f18e-6b1b-444b-b8e9-459fe1e20613,scipy_LMC001_f7d9627c,1.0017559241969138,7.064141785149049e-08,7.05175943013486e-08,0.8,0.0,10.0,1.1138699602128733e-07,0.0,1.391621894435957e-06,1.5030088904572444e-06,Canada,CAN,,gcp,northamerica-northeast2,Linux-6.8.0-1032-gcp-x86_64-with-glibc2.35,3.12.11,3.0.4,2,Intel(R) Xeon(R) CPU @ 2.60GHz,,,,,15.61648178100586,machine,Y,1.0
2025-08-07T12:13:17,scipy-benchmark,c2bd40cf-1b6d-440a-bbae-fd3e76754815,scipy_LMC001_f7d9627c,1.0016942210495472,7.062948299364911e-08,7.051002342775376e-08,0.8,0.0,10.0,1.1138148735173877e-07,0.0,1.3913734699599445e-06,1.5027549573116832e-06,Canada,CAN,,gcp,northamerica-northeast2,Linux-6.8.0-1032-gcp-x86_64-with-glibc2.35,3.12.11,3.0.4,2,Intel(R) Xeon(R) CPU @ 2.60GHz,,,,,15.61648178100586,machine,Y,1.0
2025-08-07T12:13:19,scipy-benchmark,a4cf64cc-45d2-4d08-9d6c-5511706ba1b7,scipy_LMC001_f7d9627c,1.002666070824489,7.06358233498306e-08,7.04480039817713e-08,0.8,0.0,10.0,1.1138862531839149e-07,0.0,1.3915012331886423e-06,1.5028898585070338e-06,Canada,CAN,,gcp,northamerica-northeast2,Linux-6.8.0-1032-gcp-x86_64-with-glibc2.35,3.12.11,3.0.4,2,Intel(R) Xeon(R) CPU @ 2.60GHz,,,,,15.61648178100586,machine,Y,1.0
2025-08-07T12:13:21,scipy-benchmark,a0ca2810-4193-4b6a-8f5e-ac796f5f819b,scipy_LMC001_f7d9627c,1.0017866489943117,7.063296095812176e-08,7.050698971585398e-08,0.8,0.0,10.0,1.1139371468582089e-07,0.0,1.3914352418699612e-06,1.5028289565557822e-06,Canada,CAN,,gcp,northamerica-northeast2,Linux-6.8.0-1032-gcp-x86_64-with-glibc2.35,3.12.11,3.0.4,2,Intel(R) Xeon(R) CPU @ 2.60GHz,,,,,15.61648178100586,machine,Y,1.0
2025-08-07T12:13:23,scipy-benchmark,15ea9d8d-cab6-43c1-a784-b5f400946157,scipy_LMC001_f7d9627c,1.0016953519079834,7.063235072920928e-08,7.05128067078199e-08,0.8,0.0,10.0,1.113835231194066e-07,0.0,1.3914324498424926e-06,1.5028159729618993e-06,Canada,CAN,,gcp,northamerica-northeast2,Linux-6.8.0-1032-gcp-x86_64-with-glibc2.35,3.12.11,3.0.4,2,Intel(R) Xeon(R) CPU @ 2.60GHz,,,,,15.61648178100586,machine,Y,1.0
2025-08-07T12:13:26,scipy-benchmark,41b08542-8e0f-49d8-96e6-99f9e225a978,scipy_LMC001_f7d9627c,1.0017618720885366,7.06359638122635e-08,7.051173116121614e-08,0.8,0.0,10.0,1.1139129179840288e-07,0.0,1.391501555271033e-06,1.5028928470694358e-06,Canada,CAN,,gcp,northamerica-northeast2,Linux-6.8.0-1032-gcp-x86_64-with-glibc2.35,3.12.11,3.0.4,2,Intel(R) Xeon(R) CPU @ 2.60GHz,,,,,15.61648178100586,machine,Y,1.0
2025-08-07T12:13:28,scipy-benchmark,5d2af6ae-d0a1-46cd-be7a-97c710fd55be,scipy_LMC001_f7d9627c,1.001670238096267,7.062511118827388e-08,7.050734713102894e-08,0.8,0.0,10.0,1.1136673753046328e-07,0.0,1.3912952026455766e-06,1.50266194017604e-06,Canada,CAN,,gcp,northamerica-northeast2,Linux-6.8.0-1032-gcp-x86_64-with-glibc2.35,3.12.11,3.0.4,2,Intel(R) Xeon(R) CPU @ 2.60GHz,,,,,15.61648178100586,machine,Y,1.0
2025-08-07T12:13:30,scipy-benchmark,1c9c820b-191b-4f6f-bf32-614a6d36defb,scipy_LMC001_f7d9627c,1.0016995831392703,7.062784049754787e-08,7.05080062788927e-08,0.8000072,0.0,10.0,1.1138491046950273e-07,0.0,1.3913351001166222e-06,1.502720010586125e-06,Canada,CAN,,gcp,northamerica-northeast2,Linux-6.8.0-1032-gcp-x86_64-with-glibc2.35,3.12.11,3.0.4,2,Intel(R) Xeon(R) CPU @ 2.60GHz,,,,,15.61648178100586,machine,Y,1.0
2025-08-07T12:13:32,scipy-benchmark,60fbae01-3c35-4500-9583-19995ba7e7c5,scipy_LMC001_f7d9627c,1.001742074964568,7.06326873602294e-08,7.05098539089792e-08,0.8,0.0,10.0,1.113860579724941e-07,0.0,1.3914370773515357e-06,1.5028231353240297e-06,Canada,CAN,,gcp,northamerica-northeast2,Linux-6.8.0-1032-gcp-x86_64-with-glibc2.35,3.12.11,3.0.4,2,Intel(R) Xeon(R) CPU @ 2.60GHz,,,,,15.61648178100586,machine,Y,1.0
2025-08-07T12:13:34,scipy-benchmark,88f213c8-b917-4508-bc8e-3c1c5eac1f1e,scipy_LMC001_f7d9627c,1.0016824488993734,7.062587722662527e-08,7.050725237746497e-08,0.8,0.0,10.0,1.1137368354118537e-07,0.0,1.391304555323182e-06,1.5026782388643671e-06,Canada,CAN,,gcp,northamerica-northeast2,Linux-6.8.0-1032-gcp-x86_64-with-glibc2.35,3.12.11,3.0.4,2,Intel(R) Xeon(R) CPU @ 2.60GHz,,,,,15.61648178100586,machine,Y,1.0
2025-08-07T12:13:36,scipy-benchmark,2b72eb50-e6e2-43f2-a2e9-cc183415a30e,scipy_LMC001_f7d9627c,1.001717778854072,7.062779671491848e-08,7.05066818278039e-08,0.8,0.0,10.0,1.113795570822226e-07,0.0,1.3913395219585963e-06,1.5027190790408188e-06,Canada,CAN,,gcp,northamerica-northeast2,Linux-6.8.0-1032-gcp-x86_64-with-glibc2.35,3.12.11,3.0.4,2,Intel(R) Xeon(R) CPU @ 2.60GHz,,,,,15.61648178100586,machine,Y,1.0
2025-08-07T12:13:39,scipy-benchmark,33bd37a3-f3be-4e4d-acff-2325dc67fad5,scipy_LMC001_f7d9627c,1.0017862170934675,7.06354653956886e-08,7.050952008565939e-08,0.8,0.0,10.0,1.1138928381519185e-07,0.0,1.3914929586462675e-06,1.5028822424614595e-06,Canada,CAN,,gcp,northamerica-northeast2,Linux-6.8.0-1032-gcp-x86_64-with-glibc2.35,3.12.11,3.0.4,2,Intel(R) Xeon(R) CPU @ 2.60GHz,,,,,15.61648178100586,machine,Y,1.0
2025-08-07T12:13:41,scipy-benchmark,835ef52d-7952-4639-b3f2-f8365c383a81,scipy_LMC001_f7d9627c,1.0017145981546491,7.062946899263707e-08,7.050857511984962e-08,0.8,0.0,10.0,1.1138500335315865e-07,0.0,1.3913696560646512e-06,1.5027546594178098e-06,Canada,CAN,,gcp,northamerica-northeast2,Linux-6.8.0-1032-gcp-x86_64-with-glibc2.35,3.12.11,3.0.4,2,Intel(R) Xeon(R) CPU @ 2.60GHz,,,,,15.61648178100586,machine,Y,1.0
2025-08-07T12:13:43,scipy-benchmark,407d0407-63d0-48ba-a3ec-eabc646b3e6d,scipy_LMC001_f7d9627c,1.0016234200447798,7.061766511812395e-08,7.050320879574364e-08,0.8,0.0,10.0,1.1136271602784597e-07,0.0,1.391140797123727e-06,1.5025035131515729e-06,Canada,CAN,,gcp,northamerica-northeast2,Linux-6.8.0-1032-gcp-x86_64-with-glibc2.35,3.12.11,3.0.4,2,Intel(R) Xeon(R) CPU @ 2.60GHz,,,,,15.61648178100586,machine,Y,1.0
2025-08-07T12:13:45,scipy-benchmark,0f51e525-de59-4d83-b172-96cd957da299,scipy_LMC001_f7d9627c,1.0018147330265492,7.062026065406907e-08,7.049233588402174e-08,0.8,0.0,10.0,1.1136773156209125e-07,0.0,1.3911910057585271e-06,1.5025587373206186e-06,Canada,CAN,,gcp,northamerica-northeast2,Linux-6.8.0-1032-gcp-x86_64-with-glibc2.35,3.12.11,3.0.4,2,Intel(R) Xeon(R) CPU @ 2.60GHz,,,,,15.61648178100586,machine,Y,1.0
2025-08-07T12:13:47,scipy-benchmark,859b7936-e7a3-4793-b132-5257bfcb37fa,scipy_LMC001_f7d9627c,1.0015666550025344,7.061754444557139e-08,7.050708416944322e-08,0.8,0.0,10.0,1.1135392289401757e-07,0.0,1.3911470227564377e-06,1.502500945650455e-06,Canada,CAN,,gcp,northamerica-northeast2,Linux-6.8.0-1032-gcp-x86_64-with-glibc2.35,3.12.11,3.0.4,2,Intel(R) Xeon(R) CPU @ 2.60GHz,,,,,15.61648178100586,machine,Y,1.0
2025-08-07T12:13:49,scipy-benchmark,dcc36d8d-0aee-498c-941c-ed5ee9366e99,scipy_LMC001_f7d9627c,1.0016554950270802,7.062295690002957e-08,7.050623417996648e-08,0.8,0.0,10.0,1.1137477086029121e-07,0.0,1.3912413333956567e-06,1.502616104255948e-06,Canada,CAN,,gcp,northamerica-northeast2,Linux-6.8.0-1032-gcp-x86_64-with-glibc2.35,3.12.11,3.0.4,2,Intel(R) Xeon(R) CPU @ 2.60GHz,,,,,15.61648178100586,machine,Y,1.0
2025-08-07T12:13:52,scipy-benchmark,0e3b2b64-2158-476b-ae75-74131aaff2b4,scipy_LMC001_f7d9627c,1.0018484140746295,7.064028695758638e-08,7.050995536369065e-08,0.8,0.0,10.0,1.113972789090541e-07,0.0,1.3915875499757629e-06,1.5029848288848168e-06,Canada,CAN,,gcp,northamerica-northeast2,Linux-6.8.0-1032-gcp-x86_64-with-glibc2.35,3.12.11,3.0.4,2,Intel(R) Xeon(R) CPU @ 2.60GHz,,,,,15.61648178100586,machine,Y,1.0
2025-08-07T12:13:54,scipy-benchmark,b0ccc4d1-9eb5-4c58-85a6-52bd479950f6,scipy_LMC001_f7d9627c,1.0018021350260824,7.064020062672595e-08,7.05131264517487e-08,0.8,0.0,10.0,1.1139662822501528e-07,0.0,1.3915863638329838e-06,1.502982992057999e-06,Canada,CAN,,gcp,northamerica-northeast2,Linux-6.8.0-1032-gcp-x86_64-with-glibc2.35,3.12.11,3.0.4,2,Intel(R) Xeon(R) CPU @ 2.60GHz,,,,,15.61648178100586,machine,Y,1.0
2025-08-07T12:13:56,scipy-benchmark,5072d467-c649-4659-b82e-ac0557ef13c7,scipy_LMC001_f7d9627c,1.0017677030991765,7.063862024045003e-08,7.051397247277469e-08,0.8000072,0.0,10.0,1.113953696783287e-07,0.0,1.391553997139757e-06,1.5029493668180858e-06,Canada,CAN,,gcp,northamerica-northeast2,Linux-6.8.0-1032-gcp-x86_64-with-glibc2.35,3.12.11,3.0.4,2,Intel(R) Xeon(R) CPU @ 2.60GHz,,,,,15.61648178100586,machine,Y,1.0
2025-08-07T12:13:58,scipy-benchmark,49c7d0ce-d1b0-49da-adbb-8bd492681e96,scipy_LMC001_f7d9627c,1.0016967749688774,7.063117015390243e-08,7.05115279582456e-08,0.8,0.0,10.0,1.1138368796350228e-07,0.0,1.391407166374847e-06,1.5027908543383495e-06,Canada,CAN,,gcp,northamerica-northeast2,Linux-6.8.0-1032-gcp-x86_64-with-glibc2.35,3.12.11,3.0.4,2,Intel(R) Xeon(R) CPU @ 2.60GHz,,,,,15.61648178100586,machine,Y,1.0
2025-08-07T12:14:00,scipy-benchmark,876ab2ed-9c38-4511-bc03-53a1651c48e6,scipy_LMC001_f7d9627c,1.0017915552016348,7.063828463291028e-08,7.051195856676251e-08,0.8,0.0,10.0,1.1139753714410797e-07,0.0,1.391544689088025e-06,1.502942226232133e-06,Canada,CAN,,gcp,northamerica-northeast2,Linux-6.8.0-1032-gcp-x86_64-with-glibc2.35,3.12.11,3.0.4,2,Intel(R) Xeon(R) CPU @ 2.60GHz,,,,,15.61648178100586,machine,Y,1.0
2025-08-07T12:14:02,scipy-benchmark,5013e790-36d9-42ac-adf0-e30944713041,scipy_LMC001_f7d9627c,1.0018224220257252,7.063661658285292e-08,7.050812103009516e-08,0.8,0.0,10.0,1.11403097346839e-07,0.0,1.391503638458542e-06,1.502906735805381e-06,Canada,CAN,,gcp,northamerica-northeast2,Linux-6.8.0-1032-gcp-x86_64-with-glibc2.35,3.12.11,3.0.4,2,Intel(R) Xeon(R) CPU @ 2.60GHz,,,,,15.61648178100586,machine,Y,1.0
2025-08-07T12:14:05,scipy-benchmark,3764bece-95c1-42b6-8a4f-3fd72ee166d1,scipy_LMC001_f7d9627c,1.001669940073043,7.063278937854598e-08,7.051503349835508e-08,0.8,0.0,10.0,1.1138336112101877e-07,0.0,1.391441944805491e-06,1.50282530592651e-06,Canada,CAN,,gcp,northamerica-northeast2,Linux-6.8.0-1032-gcp-x86_64-with-glibc2.35,3.12.11,3.0.4,2,Intel(R) Xeon(R) CPU @ 2.60GHz,,,,,15.61648178100586,machine,Y,1.0
2025-08-07T12:14:07,scipy-benchmark,39849d13-5382-4427-a77c-627a1dd08a21,scipy_LMC001_f7d9627c,1.0016943849623203,7.062780705001207e-08,7.050833878106326e-08,0.8,0.0,10.0,1.1137631556226148e-07,0.0,1.3913429833741652e-06,1.5027192989364266e-06,Canada,CAN,,gcp,northamerica-northeast2,Linux-6.8.0-1032-gcp-x86_64-with-glibc2.35,3.12.11,3.0.4,2,Intel(R) Xeon(R) CPU @ 2.60GHz,,,,,15.61648178100586,machine,Y,1.0
2025-08-07T12:14:09,scipy-benchmark,2f978256-678b-48aa-b6ce-d344fd2a84c1,scipy_LMC001_f7d9627c,1.0017500119283795,7.063087088606941e-08,7.05074819516141e-08,0.8,0.0,10.0,1.113782480048637e-07,0.0,1.3914062389327835e-06,1.5027844869376471e-06,Canada,CAN,,gcp,northamerica-northeast2,Linux-6.8.0-1032-gcp-x86_64-with-glibc2.35,3.12.11,3.0.4,2,Intel(R) Xeon(R) CPU @ 2.60GHz,,,,,15.61648178100586,machine,Y,1.0
2025-08-07T12:14:11,scipy-benchmark,0011a41d-9e3d-48f6-93dc-f77a2e1e3534,scipy_LMC001_f7d9627c,1.0018180180341003,7.063383374096724e-08,7.05056531919582e-08,0.8,0.0,10.0,1.1138858754808704e-07,0.0,1.391458938855471e-06,1.502847526403558e-06,Canada,CAN,,gcp,northamerica-northeast2,Linux-6.8.0-1032-gcp-x86_64-with-glibc2.35,3.12.11,3.0.4,2,Intel(R) Xeon(R) CPU @ 2.60GHz,,,,,15.61648178100586,machine,Y,1.0
2025-08-07T12:14:13,scipy-benchmark,1390faf7-a9a2-47ad-a9ab-0b263f2a5615,scipy_LMC001_f7d9627c,1.0018130168318748,7.063784726269336e-08,7.051001142516386e-08,0.8,0.0,10.0,1.1140070400304265e-07,0.0,1.3915322164797947e-06,1.5029329204828374e-06,Canada,CAN,,gcp,northamerica-northeast2,Linux-6.8.0-1032-gcp-x86_64-with-glibc2.35,3.12.11,3.0.4,2,Intel(R) Xeon(R) CPU @ 2.60GHz,,,,,15.61648178100586,machine,Y,1.0
2025-08-07T12:14:16,scipy-benchmark,72077c5b-9224-441a-8cd4-efebec305cbc,scipy_LMC001_f7d9627c,1.001744972076267,7.062991498961736e-08,7.050688244855996e-08,0.8,0.0,10.0,1.1138212934343353e-07,0.0,1.391382019371829e-06,1.5027641487152626e-06,Canada,CAN,,gcp,northamerica-northeast2,Linux-6.8.0-1032-gcp-x86_64-with-glibc2.35,3.12.11,3.0.4,2,Intel(R) Xeon(R) CPU @ 2.60GHz,,,,,15.61648178100586,machine,Y,1.0
2025-08-07T12:14:18,scipy-benchmark,860d4666-d4ae-4799-9349-c7c4abb5e03d,scipy_LMC001_f7d9627c,1.0017892031464726,7.063542193236453e-08,7.050926653083209e-08,0.8,0.0,10.0,1.1139001733519969e-07,0.0,1.3914913003746837e-06,1.5028813177098832e-06,Canada,CAN,,gcp,northamerica-northeast2,Linux-6.8.0-1032-gcp-x86_64-with-glibc2.35,3.12.11,3.0.4,2,Intel(R) Xeon(R) CPU @ 2.60GHz,,,,,15.61648178100586,machine,Y,1.0
2025-08-07T12:14:20,scipy-benchmark,a8c44592-2b3b-441a-85cf-8f72147632e5,scipy_LMC001_f7d9627c,1.0017854569014162,7.063490874268528e-08,7.050901793001009e-08,0.8,0.0,10.0,1.1139747133064602e-07,0.0,1.391472927449892e-06,1.502870398780538e-06,Canada,CAN,,gcp,northamerica-northeast2,Linux-6.8.0-1032-gcp-x86_64-with-glibc2.35,3.12.11,3.0.4,2,Intel(R) Xeon(R) CPU @ 2.60GHz,,,,,15.61648178100586,machine,Y,1.0
2025-08-07T12:14:22,scipy-benchmark,169b6aed-7b67-4bd1-b43b-b1f1f0c9d535,scipy_LMC001_f7d9627c,1.0018362880218774,7.065012082222126e-08,7.052062464389237e-08,0.8,0.0,10.0,1.1141061865621145e-07,0.0,1.3917834413910492e-06,1.5031940600472603e-06,Canada,CAN,,gcp,northamerica-northeast2,Linux-6.8.0-1032-gcp-x86_64-with-glibc2.35,3.12.11,3.0.4,2,Intel(R) Xeon(R) CPU @ 2.60GHz,,,,,15.61648178100586,machine,Y,1.0
2025-08-07T12:14:24,scipy-benchmark,5e3402dd-56ad-4f86-8abb-118c7012a9de,scipy_LMC001_f7d9627c,1.0018452471122146,7.062915466231709e-08,7.049906646351148e-08,0.8,0.0,10.0,1.1139195158870685e-07,0.0,1.3913560199499544e-06,1.5027479715386612e-06,Canada,CAN,,gcp,northamerica-northeast2,Linux-6.8.0-1032-gcp-x86_64-with-glibc2.35,3.12.11,3.0.4,2,Intel(R) Xeon(R) CPU @ 2.60GHz,,,,,15.61648178100586,machine,Y,1.0
2025-08-07T12:14:26,scipy-benchmark,b5e929a6-7812-4980-adb7-d4a6f00dfaee,scipy_LMC001_f7d9627c,1.0016990739386529,7.063184323234277e-08,7.051203806610336e-08,0.8,0.0,10.0,1.113781166366405e-07,0.0,1.3914270585195889e-06,1.5028051751562292e-06,Canada,CAN,,gcp,northamerica-northeast2,Linux-6.8.0-1032-gcp-x86_64-with-glibc2.35,3.12.11,3.0.4,2,Intel(R) Xeon(R) CPU @ 2.60GHz,,,,,15.61648178100586,machine,Y,1.0
2025-08-07T12:14:29,scipy-benchmark,761a524b-dec4-4fc3-87bf-b17638b344cf,scipy_LMC001_f7d9627c,1.001727484865114,7.062381227857745e-08,7.050202110416008e-08,0.8,0.0,10.0,1.1138089554798272e-07,0.0,1.3912534082515371e-06,1.5026343037995202e-06,Canada,CAN,,gcp,northamerica-northeast2,Linux-6.8.0-1032-gcp-x86_64-with-glibc2.35,3.12.11,3.0.4,2,Intel(R) Xeon(R) CPU @ 2.60GHz,,,,,15.61648178100586,machine,Y,1.0
2025-08-07T12:14:31,scipy-benchmark,230dfed4-972c-4170-91b9-f65335d73506,scipy_LMC001_f7d9627c,1.0016895930748433,7.063065260038194e-08,7.051151682984954e-08,0.8,0.0,10.0,1.1138277004162473e-07,0.0,1.3913970725196931e-06,1.502779842561318e-06,Canada,CAN,,gcp,northamerica-northeast2,Linux-6.8.0-1032-gcp-x86_64-with-glibc2.35,3.12.11,3.0.4,2,Intel(R) Xeon(R) CPU @ 2.60GHz,,,,,15.61648178100586,machine,Y,1.0
2025-08-07T12:14:33,scipy-benchmark,29402319-08e7-4c45-a7ae-63bb502b6d9f,scipy_LMC001_f7d9627c,1.0017841591034085,7.06369873756129e-08,7.051118420442246e-08,0.8,0.0,10.0,1.1139188603394565e-07,0.0,1.3915227389790943e-06,1.50291462501304e-06,Canada,CAN,,gcp,northamerica-northeast2,Linux-6.8.0-1032-gcp-x86_64-with-glibc2.35,3.12.11,3.0.4,2,Intel(R) Xeon(R) CPU @ 2.60GHz,,,,,15.61648178100586,machine,Y,1.0
2025-08-07T12:14:35,scipy-benchmark,e88c28d2-ad27-4544-951c-3b48160d4dcb,scipy_LMC001_f7d9627c,1.001791856950149,7.064274525443196e-08,7.051638997096308e-08,0.8,0.0,10.0,1.1139361643128929e-07,0.0,1.391643516641731e-06,1.5030371330730203e-06,Canada,CAN,,gcp,northamerica-northeast2,Linux-6.8.0-1032-gcp-x86_64-with-glibc2.35,3.12.11,3.0.4,2,Intel(R) Xeon(R) CPU @ 2.60GHz,,,,,15.61648178100586,machine,Y,1.0
2025-08-07T12:14:37,scipy-benchmark,cb7f50e1-eca1-495c-98b1-3ca608d427db,scipy_LMC001_f7d9627c,1.0017916751094162,7.064019177623819e-08,7.051385385940926e-08,0.8,0.0,10.0,1.1139882578411037e-07,0.0,1.391583977965638e-06,1.5029828037497485e-06,Canada,CAN,,gcp,northamerica-northeast2,Linux-6.8.0-1032-gcp-x86_64-with-glibc2.35,3.12.11,3.0.4,2,Intel(R) Xeon(R) CPU @ 2.60GHz,,,,,15.61648178100586,machine,Y,1.0
2025-08-07T12:14:39,scipy-benchmark,d01a7a4d-5aab-459a-83c2-8fd6afc18e79,scipy_LMC001_f7d9627c,1.001859436975792,7.06438685392754e-08,7.051275451626291e-08,0.8,0.0,10.0,1.1140359089606337e-07,0.0,1.391657441854477e-06,1.5030610327505404e-06,Canada,CAN,,gcp,northamerica-northeast2,Linux-6.8.0-1032-gcp-x86_64-with-glibc2.35,3.12.11,3.0.4,2,Intel(R) Xeon(R) CPU @ 2.60GHz,,,,,15.61648178100586,machine,Y,1.0
2025-08-07T12:14:42,scipy-benchmark,903094f7-3118-47cb-b994-682e321fbfb9,scipy_LMC001_f7d9627c,1.0017167318146676,7.063673502424112e-08,7.051567851550068e-08,0.8,0.0,10.0,1.1138414198325741e-07,0.0,1.39152511385166e-06,1.5029092558349173e-06,Canada,CAN,,gcp,northamerica-northeast2,Linux-6.8.0-1032-gcp-x86_64-with-glibc2.35,3.12.11,3.0.4,2,Intel(R) Xeon(R) CPU @ 2.60GHz,,,,,15.61648178100586,machine,Y,1.0
2025-08-07T12:14:44,scipy-benchmark,5e4a905e-ca0f-4598-bc48-885f10178471,scipy_LMC001_f7d9627c,1.0018056959379464,7.06342389714749e-08,7.050692490357941e-08,0.8,0.0,10.0,1.1138993222266437e-07,0.0,1.3914662161065887e-06,1.5028561483292531e-06,Canada,CAN,,gcp,northamerica-northeast2,Linux-6.8.0-1032-gcp-x86_64-with-glibc2.35,3.12.11,3.0.4,2,Intel(R) Xeon(R) CPU @ 2.60GHz,,,,,15.61648178100586,machine,Y,1.0
2025-08-07T12:14:46,scipy-benchmark,549c9df3-040f-4e11-ab67-9536860c73f4,scipy_LMC001_f7d9627c,1.0017651449888945,7.063259756975167e-08,7.050814047890904e-08,0.8000576,0.0,10.0,1.1139257212558761e-07,0.0,1.3914286527627456e-06,1.5028212248883332e-06,Canada,CAN,,gcp,northamerica-northeast2,Linux-6.8.0-1032-gcp-x86_64-with-glibc2.35,3.12.11,3.0.4,2,Intel(R) Xeon(R) CPU @ 2.60GHz,,,,,15.61648178100586,machine,Y,1.0
2025-08-07T12:14:48,scipy-benchmark,c43e373f-194c-4c92-8a9b-6d8159b01d6f,scipy_LMC001_f7d9627c,1.0017643989995122,7.063304569129834e-08,7.050864031686628e-08,0.8,0.0,10.0,1.1138930999570425e-07,0.0,1.3914414493936218e-06,1.502830759389326e-06,Canada,CAN,,gcp,northamerica-northeast2,Linux-6.8.0-1032-gcp-x86_64-with-glibc2.35,3.12.11,3.0.4,2,Intel(R) Xeon(R) CPU @ 2.60GHz,,,,,15.61648178100586,machine,Y,1.0
2025-08-07T12:14:50,scipy-benchmark,925c7559-4427-4252-b162-539b8402c7f5,scipy_LMC001_f7d9627c,1.0017958499956876,7.063861514069141e-08,7.051198619059511e-08,0.8,0.0,10.0,1.1138911379708188e-07,0.0,1.3915601445155013e-06,1.5029492583125831e-06,Canada,CAN,,gcp,northamerica-northeast2,Linux-6.8.0-1032-gcp-x86_64-with-glibc2.35,3.12.11,3.0.4,2,Intel(R) Xeon(R) CPU @ 2.60GHz,,,,,15.61648178100586,machine,Y,1.0
2025-08-07T12:14:52,scipy-benchmark,e3a0a5f5-4dd1-41f0-a8d5-348413974417,scipy_LMC001_f7d9627c,1.001790100010112,7.064176736557589e-08,7.051553750118199e-08,0.8000072,0.0,10.0,1.1139912661566669e-07,0.0,1.39161720031148e-06,1.5030163269271468e-06,Canada,CAN,,gcp,northamerica-northeast2,Linux-6.8.0-1032-gcp-x86_64-with-glibc2.35,3.12.11,3.0.4,2,Intel(R) Xeon(R) CPU @ 2.60GHz,,,,,15.61648178100586,machine,Y,1.0
2025-08-07T12:14:55,scipy-benchmark,ecf79d36-a4ea-45c4-af3a-cd27d81ef5db,scipy_LMC001_f7d9627c,1.0018815018702298,7.065051147051984e-08,7.051783203765643e-08,0.8,0.0,10.0,1.1141438042331077e-07,0.0,1.3917879912898772e-06,1.503202371713188e-06,Canada,CAN,,gcp,northamerica-northeast2,Linux-6.8.0-1032-gcp-x86_64-with-glibc2.35,3.12.11,3.0.4,2,Intel(R) Xeon(R) CPU @ 2.60GHz,,,,,15.61648178100586,machine,Y,1.0
2025-08-07T12:14:57,scipy-benchmark,0df23de8-d2f2-43a2-9744-65e0b83d8fe9,scipy_LMC001_f7d9627c,1.0017009649891406,7.062619751968629e-08,7.050626882490019e-08,0.8,0.0,10.0,1.1137511731228897e-07,0.0,1.3913099362980575e-06,1.5026850536103464e-06,Canada,CAN,,gcp,northamerica-northeast2,Linux-6.8.0-1032-gcp-x86_64-with-glibc2.35,3.12.11,3.0.4,2,Intel(R) Xeon(R) CPU @ 2.60GHz,,,,,15.61648178100586,machine,Y,1.0
2025-08-07T12:14:59,scipy-benchmark,d4991a22-1c5d-4d94-86bf-e3ff6bda4847,scipy_LMC001_f7d9627c,1.001743233995512,7.063444339476215e-08,7.051152530677197e-08,0.8,0.0,10.0,1.1138760846936041e-07,0.0,1.3914728892915364e-06,1.502860497760897e-06,Canada,CAN,,gcp,northamerica-northeast2,Linux-6.8.0-1032-gcp-x86_64-with-glibc2.35,3.12.11,3.0.4,2,Intel(R) Xeon(R) CPU @ 2.60GHz,,,,,15.61648178100586,machine,Y,1.0
2025-08-07T12:15:01,scipy-benchmark,81d91f49-1925-45cc-b4c0-515bb269a16c,scipy_LMC001_f7d9627c,1.0017447469290346,7.062711667427275e-08,7.050410485384468e-08,0.8,0.0,10.0,1.1137734084493589e-07,0.0,1.391327269245974e-06,1.5027046100909095e-06,Canada,CAN,,gcp,northamerica-northeast2,Linux-6.8.0-1032-gcp-x86_64-with-glibc2.35,3.12.11,3.0.4,2,Intel(R) Xeon(R) CPU @ 2.60GHz,,,,,15.61648178100586,machine,Y,1.0
2025-08-07T12:15:03,scipy-benchmark,b0554257-24aa-4c33-b619-80754653e876,scipy_LMC001_f7d9627c,1.0018079350702465,7.063925249983245e-08,7.051177179473952e-08,0.8,0.0,10.0,1.1140114958915445e-07,0.0,1.391561669556217e-06,1.5029628191453714e-06,Canada,CAN,,gcp,northamerica-northeast2,Linux-6.8.0-1032-gcp-x86_64-with-glibc2.35,3.12.11,3.0.4,2,Intel(R) Xeon(R) CPU @ 2.60GHz,,,,,15.61648178100586,machine,Y,1.0
2025-08-07T12:15:05,scipy-benchmark,da876e58-ca7b-4e24-bbc1-5d3e753a84b0,scipy_LMC001_f7d9627c,1.0016251890920105,7.062719081701815e-08,7.051259451755886e-08,0.8,0.0,10.0,1.1136534044312109e-07,0.0,1.3913408471530097e-06,1.5027061875961307e-06,Canada,CAN,,gcp,northamerica-northeast2,Linux-6.8.0-1032-gcp-x86_64-with-glibc2.35,3.12.11,3.0.4,2,Intel(R) Xeon(R) CPU @ 2.60GHz,,,,,15.61648178100586,machine,Y,1.0
2025-08-07T12:15:08,scipy-benchmark,07922e66-83b6-4d95-8b80-e1bf75009515,scipy_LMC001_f7d9627c,1.0016839411109686,7.06274047692617e-08,7.050867231726683e-08,0.8,0.0,10.0,1.1137310891515681e-07,0.0,1.3913376308563684e-06,1.5027107397715252e-06,Canada,CAN,,gcp,northamerica-northeast2,Linux-6.8.0-1032-gcp-x86_64-with-glibc2.35,3.12.11,3.0.4,2,Intel(R) Xeon(R) CPU @ 2.60GHz,,,,,15.61648178100586,machine,Y,1.0
2025-08-07T12:15:10,scipy-benchmark,096f3eea-d095-4036-b92e-0400b366f665,scipy_LMC001_f7d9627c,1.0017591810319573,7.063021456142372e-08,7.050618142442615e-08,0.8,0.0,10.0,1.1138440021831129e-07,0.0,1.3913861223651718e-06,1.5027705225834831e-06,Canada,CAN,,gcp,northamerica-northeast2,Linux-6.8.0-1032-gcp-x86_64-with-glibc2.35,3.12.11,3.0.4,2,Intel(R) Xeon(R) CPU @ 2.60GHz,,,,,15.61648178100586,machine,Y,1.0
2025-08-07T12:15:12,scipy-benchmark,b4eecc33-4cea-4ecd-b354-66061083c817,scipy_LMC001_f7d9627c,1.0016169270966202,7.06240391010522e-08,7.051002952373177e-08,0.8,0.0,10.0,1.1136873268211881e-07,0.0,1.3912703971275024e-06,1.5026391298096212e-06,Canada,CAN,,gcp,northamerica-northeast2,Linux-6.8.0-1032-gcp-x86_64-with-glibc2.35,3.12.11,3.0.4,2,Intel(R) Xeon(R) CPU @ 2.60GHz,,,,,15.61648178100586,machine,Y,1.0
2025-08-07T12:15:14,scipy-benchmark,314fb836-be0c-4772-ab13-4d796f343564,scipy_LMC001_f7d9627c,1.0016440919134766,7.061724617751728e-08,7.050133550192928e-08,0.8000072,0.0,10.0,1.1136378048450185e-07,0.0,1.3911308190371426e-06,1.5024945995216444e-06,Canada,CAN,,gcp,northamerica-northeast2,Linux-6.8.0-1032-gcp-x86_64-with-glibc2.35,3.12.11,3.0.4,2,Intel(R) Xeon(R) CPU @ 2.60GHz,,,,,15.61648178100586,machine,Y,1.0
2025-08-07T12:15:16,scipy-benchmark,1f438aaf-1e36-4076-8515-e2f9ce1521ad,scipy_LMC001_f7d9627c,1.001604181015864,7.062905691932977e-08,7.051593659253213e-08,0.8000072,0.0,10.0,1.1136937250600845e-07,0.0,1.3913765193946246e-06,1.502745891900633e-06,Canada,CAN,,gcp,northamerica-northeast2,Linux-6.8.0-1032-gcp-x86_64-with-glibc2.35,3.12.11,3.0.4,2,Intel(R) Xeon(R) CPU @ 2.60GHz,,,,,15.61648178100586,machine,Y,1.0
2025-08-07T12:15:18,scipy-benchmark,6ae16fc6-ea19-4129-b5ec-1e8a987c594d,scipy_LMC001_f7d9627c,1.0017680460587144,7.063733402924199e-08,7.051266439087623e-08,0.8,0.0,10.0,1.113909366540611e-07,0.0,1.3915310639681087e-06,1.50292200062217e-06,Canada,CAN,,gcp,northamerica-northeast2,Linux-6.8.0-1032-gcp-x86_64-with-glibc2.35,3.12.11,3.0.4,2,Intel(R) Xeon(R) CPU @ 2.60GHz,,,,,15.61648178100586,machine,Y,1.0
2025-08-07T12:15:21,scipy-benchmark,e4e205de-fcc5-42a9-9006-ec14d00eb2f0,scipy_LMC001_f7d9627c,1.0017631319351494,7.063801127941245e-08,7.05136863471487e-08,0.8,0.0,10.0,1.1139734332553217e-07,0.0,1.3915390668747328e-06,1.502936410200265e-06,Canada,CAN,,gcp,northamerica-northeast2,Linux-6.8.0-1032-gcp-x86_64-with-glibc2.35,3.12.11,3.0.4,2,Intel(R) Xeon(R) CPU @ 2.60GHz,,,,,15.61648178100586,machine,Y,1.0
2025-08-07T12:15:23,scipy-benchmark,dbf22acf-90b4-4d53-bb47-8f6265cefc95,scipy_LMC001_f7d9627c,1.0018543200567365,7.06505830185488e-08,7.051981670802971e-08,0.8,0.0,10.0,1.1140462466412121e-07,0.0,1.3917992693475551e-06,1.5032038940116764e-06,Canada,CAN,,gcp,northamerica-northeast2,Linux-6.8.0-1032-gcp-x86_64-with-glibc2.35,3.12.11,3.0.4,2,Intel(R) Xeon(R) CPU @ 2.60GHz,,,,,15.61648178100586,machine,Y,1.0
2025-08-07T12:15:25,scipy-benchmark,1b9794c2-1993-4c58-8d6c-7a816d8c0ec2,scipy_LMC001_f7d9627c,1.0017867060378194,7.063763327518894e-08,7.051164968496022e-08,0.8,0.0,10.0,1.113910482058095e-07,0.0,1.3915373193514017e-06,1.5029283675572112e-06,Canada,CAN,,gcp,northamerica-northeast2,Linux-6.8.0-1032-gcp-x86_64-with-glibc2.35,3.12.11,3.0.4,2,Intel(R) Xeon(R) CPU @ 2.60GHz,,,,,15.61648178100586,machine,Y,1.0
2025-08-07T12:15:27,scipy-benchmark,0f4cda13-6b4d-4565-97e2-379f78337e6c,scipy_LMC001_f7d9627c,1.0017025009728968,7.063819584716112e-08,7.051813864750688e-08,0.8,0.0,10.0,1.1138442888235053e-07,0.0,1.3915559082912905e-06,1.5029403371736408e-06,Canada,CAN,,gcp,northamerica-northeast2,Linux-6.8.0-1032-gcp-x86_64-with-glibc2.35,3.12.11,3.0.4,2,Intel(R) Xeon(R) CPU @ 2.60GHz,,,,,15.61648178100586,machine,Y,1.0
2025-08-07T12:15:29,scipy-benchmark,7584d618-6997-404d-b8c1-b157b69b90c5,scipy_LMC001_f7d9627c,1.0017735310830176,7.063560735488621e-08,7.051055469445478e-08,0.8,0.0,10.0,1.1138705712639625e-07,0.0,1.391498205743523e-06,1.5028852628699193e-06,Canada,CAN,,gcp,northamerica-northeast2,Linux-6.8.0-1032-gcp-x86_64-with-glibc2.35,3.12.11,3.0.4,2,Intel(R) Xeon(R) CPU @ 2.60GHz,,,,,15.61648178100586,machine,Y,1.0
2025-08-07T12:15:31,scipy-benchmark,6d6c21f1-f806-42d9-a3e5-702758034acf,scipy_LMC001_f7d9627c,1.0015937620773911,7.062192401320986e-08,7.050954856860725e-08,0.8,0.0,10.0,1.1136590291021601e-07,0.0,1.391228225030419e-06,1.502594127940635e-06,Canada,CAN,,gcp,northamerica-northeast2,Linux-6.8.0-1032-gcp-x86_64-with-glibc2.35,3.12.11,3.0.4,2,Intel(R) Xeon(R) CPU @ 2.60GHz,,,,,15.61648178100586,machine,Y,1.0
2025-08-07T12:15:34,scipy-benchmark,d211fc09-d480-4c05-bc60-5b788082c38d,scipy_LMC001_f7d9627c,1.0016794330440462,7.062378460787074e-08,7.050537555038854e-08,0.8000072,0.0,10.0,1.1137593994147017e-07,0.0,1.3912577751196097e-06,1.5026337150610796e-06,Canada,CAN,,gcp,northamerica-northeast2,Linux-6.8.0-1032-gcp-x86_64-with-glibc2.35,3.12.11,3.0.4,2,Intel(R) Xeon(R) CPU @ 2.60GHz,,,,,15.61648178100586,machine,Y,1.0
2025-08-07T12:15:36,scipy-benchmark,6c49ad13-a15f-43d0-ac4d-990665735d4e,scipy_LMC001_f7d9627c,1.0016590079758316,7.062334829123898e-08,7.050637764837333e-08,0.8,0.0,10.0,1.1137437623822029e-07,0.0,1.3912500554902685e-06,1.5026244317284888e-06,Canada,CAN,,gcp,northamerica-northeast2,Linux-6.8.0-1032-gcp-x86_64-with-glibc2.35,3.12.11,3.0.4,2,Intel(R) Xeon(R) CPU @ 2.60GHz,,,,,15.61648178100586,machine,Y,1.0
2025-08-07T12:15:38,scipy-benchmark,e400db8f-6dd4-4e03-a390-20f2d40a44f3,scipy_LMC001_f7d9627c,1.0017383468803018,7.063530056432098e-08,7.05127249888151e-08,0.8,0.0,10.0,1.1138761353989442e-07,0.0,1.39149112187119e-06,1.5028787354110849e-06,Canada,CAN,,gcp,northamerica-northeast2,Linux-6.8.0-1032-gcp-x86_64-with-glibc2.35,3.12.11,3.0.4,2,Intel(R) Xeon(R) CPU @ 2.60GHz,,,,,15.61648178100586,machine,Y,1.0
2025-08-07T12:15:40,scipy-benchmark,f27d1523-f695-4405-bd43-6a2a0b795ed8,scipy_LMC001_f7d9627c,1.0017384339589626,7.06365941143595e-08,7.051401016450686e-08,0.8,0.0,10.0,1.1138980778762037e-07,0.0,1.391516449964709e-06,1.5029062577523291e-06,Canada,CAN,,gcp,northamerica-northeast2,Linux-6.8.0-1032-gcp-x86_64-with-glibc2.35,3.12.11,3.0.4,2,Intel(R) Xeon(R) CPU @ 2.60GHz,,,,,15.61648178100586,machine,Y,1.0
2025-08-07T12:15:42,scipy-benchmark,da83957f-def7-4be7-a6dc-98b34bb1e4fa,scipy_LMC001_f7d9627c,1.001656040083617,7.062619478392624e-08,7.050942834431512e-08,0.8,0.0,10.0,1.1137552864642608e-07,0.0,1.3913094667562596e-06,1.5026849954026855e-06,Canada,CAN,,gcp,northamerica-northeast2,Linux-6.8.0-1032-gcp-x86_64-with-glibc2.35,3.12.11,3.0.4,2,Intel(R) Xeon(R) CPU @ 2.60GHz,,,,,15.61648178100586,machine,Y,1.0
2025-08-07T12:15:44,scipy-benchmark,61ff5e26-4028-4cc7-a864-bc8fbf204dc7,scipy_LMC001_f7d9627c,1.0016833439003676,7.062724869334419e-08,7.050855854139982e-08,0.8000072,0.0,10.0,1.1137694122572962e-07,0.0,1.3913304777815938e-06,1.5027074190073234e-06,Canada,CAN,,gcp,northamerica-northeast2,Linux-6.8.0-1032-gcp-x86_64-with-glibc2.35,3.12.11,3.0.4,2,Intel(R) Xeon(R) CPU @ 2.60GHz,,,,,15.61648178100586,machine,Y,1.0
2025-08-07T12:15:47,scipy-benchmark,5acc2a43-9325-425c-ad0f-e323acbd781e,scipy_LMC001_f7d9627c,1.0016725689638406,7.063291117643347e-08,7.051497002608168e-08,0.8001944000000001,0.0,10.0,1.1140746676365885e-07,0.0,1.391420430607266e-06,1.5028278973709247e-06,Canada,CAN,,gcp,northamerica-northeast2,Linux-6.8.0-1032-gcp-x86_64-with-glibc2.35,3.12.11,3.0.4,2,Intel(R) Xeon(R) CPU @ 2.60GHz,,,,,15.61648178100586,machine,Y,1.0
2025-08-07T12:15:49,scipy-benchmark,bd1c9088-427e-4a0d-8c18-f6b5584a3335,scipy_LMC001_f7d9627c,1.001616929890588,7.06180354026405e-08,7.050403532052367e-08,0.8,0.0,10.0,1.113651170809236e-07,0.0,1.391146274464619e-06,1.5025113915455423e-06,Canada,CAN,,gcp,northamerica-northeast2,Linux-6.8.0-1032-gcp-x86_64-with-glibc2.35,3.12.11,3.0.4,2,Intel(R) Xeon(R) CPU @ 2.60GHz,,,,,15.61648178100586,machine,Y,1.0
2025-08-07T12:15:51,scipy-benchmark,27850d46-3d90-421b-8a61-e40a630a180f,scipy_LMC001_f7d9627c,1.0026178911793977,7.06289685965878e-08,7.044455242415996e-08,0.8,0.0,10.0,1.1137374868202541e-07,0.0,1.391370264011332e-06,1.5027440126933573e-06,Canada,CAN,,gcp,northamerica-northeast2,Linux-6.8.0-1032-gcp-x86_64-with-glibc2.35,3.12.11,3.0.4,2,Intel(R) Xeon(R) CPU @ 2.60GHz,,,,,15.61648178100586,machine,Y,1.0
2025-08-07T12:15:53,scipy-benchmark,16d93e95-dc09-48be-81b9-8a76227a79a4,scipy_LMC001_f7d9627c,1.0016468660905955,7.062015412965169e-08,7.05040434113077e-08,0.8,0.0,10.0,1.1136752046230769e-07,0.0,1.391188950381345e-06,1.5025564708436527e-06,Canada,CAN,,gcp,northamerica-northeast2,Linux-6.8.0-1032-gcp-x86_64-with-glibc2.35,3.12.11,3.0.4,2,Intel(R) Xeon(R) CPU @ 2.60GHz,,,,,15.61648178100586,machine,Y,1.0
2025-08-07T12:15:55,scipy-benchmark,268446b7-61b6-4547-9b53-001b6c84f071,scipy_LMC001_f7d9627c,1.001638569869101,7.06213969076311e-08,7.050586811654053e-08,0.8,0.0,10.0,1.1136380774486397e-07,0.0,1.3912191051834572e-06,1.5025829129283213e-06,Canada,CAN,,gcp,northamerica-northeast2,Linux-6.8.0-1032-gcp-x86_64-with-glibc2.35,3.12.11,3.0.4,2,Intel(R) Xeon(R) CPU @ 2.60GHz,,,,,15.61648178100586,machine,Y,1.0
2025-08-07T12:15:57,scipy-benchmark,8cf51b15-8d38-4ccf-b036-fe77aa174f5f,scipy_LMC001_f7d9627c,1.0016946538817135,7.062629556081568e-08,7.050681092000286e-08,0.8,0.0,10.0,1.113757008893623e-07,0.0,1.3913114387024608e-06,1.502687139591823e-06,Canada,CAN,,gcp,northamerica-northeast2,Linux-6.8.0-1032-gcp-x86_64-with-glibc2.35,3.12.11,3.0.4,2,Intel(R) Xeon(R) CPU @ 2.60GHz,,,,,15.61648178100586,machine,Y,1.0
2025-08-07T12:16:00,scipy-benchmark,f15b5387-f4b3-4df6-be42-e7d8918c898c,scipy_LMC001_f7d9627c,1.0015487710479647,7.061593454561402e-08,7.050673575459083e-08,0.8,0.0,10.0,1.1134651442989709e-07,0.0,1.391120178029976e-06,1.502466692459873e-06,Canada,CAN,,gcp,northamerica-northeast2,Linux-6.8.0-1032-gcp-x86_64-with-glibc2.35,3.12.11,3.0.4,2,Intel(R) Xeon(R) CPU @ 2.60GHz,,,,,15.61648178100586,machine,Y,1.0
2025-08-07T12:16:02,scipy-benchmark,f4adc275-cd99-4ae3-b56f-0ea61256a064,scipy_LMC001_f7d9627c,1.0017443369142711,7.063349593174645e-08,7.051050186050738e-08,0.8,0.0,10.0,1.1138823111024169e-07,0.0,1.3914521078630867e-06,1.5028403389733284e-06,Canada,CAN,,gcp,northamerica-northeast2,Linux-6.8.0-1032-gcp-x86_64-with-glibc2.35,3.12.11,3.0.4,2,Intel(R) Xeon(R) CPU @ 2.60GHz,,,,,15.61648178100586,machine,Y,1.0
2025-08-07T12:16:04,scipy-benchmark,2cebfdce-77ac-417c-8311-5697ab029bcc,scipy_LMC001_f7d9627c,1.0017263889312744,7.063450860190722e-08,7.05127761256904e-08,0.8,0.0,10.0,1.1137820997585853e-07,0.0,1.3914836751711035e-06,1.5028618851469625e-06,Canada,CAN,,gcp,northamerica-northeast2,Linux-6.8.0-1032-gcp-x86_64-with-glibc2.35,3.12.11,3.0.4,2,Intel(R) Xeon(R) CPU @ 2.60GHz,,,,,15.61648178100586,machine,Y,1.0
2025-08-07T12:16:06,scipy-benchmark,6f99845b-39f6-4dcd-ba34-117d7a493946,scipy_LMC001_f7d9627c,1.001816282980144,7.06360099067808e-08,7.05079475217322e-08,0.8,0.0,10.0,1.1139423089722793e-07,0.0,1.3914995969066191e-06,1.502893827803847e-06,Canada,CAN,,gcp,northamerica-northeast2,Linux-6.8.0-1032-gcp-x86_64-with-glibc2.35,3.12.11,3.0.4,2,Intel(R) Xeon(R) CPU @ 2.60GHz,,,,,15.61648178100586,machine,Y,1.0
2025-08-07T12:16:08,scipy-benchmark,eecac9f7-0487-4377-98bb-36b60769a654,scipy_LMC001_f7d9627c,1.0017371359281242,7.063430577265619e-08,7.051181716170726e-08,0.8,0.0,10.0,1.113913392958543e-07,0.0,1.391466230335128e-06,1.502857569630982e-06,Canada,CAN,,gcp,northamerica-northeast2,Linux-6.8.0-1032-gcp-x86_64-with-glibc2.35,3.12.11,3.0.4,2,Intel(R) Xeon(R) CPU @ 2.60GHz,,,,,15.61648178100586,machine,Y,1.0
2025-08-07T12:16:11,scipy-benchmark,fb20d905-981b-4c16-8f47-dba9e03520a2,scipy_LMC001_f7d9627c,1.001675650011748,7.063076369899015e-08,7.051260924448125e-08,0.8,0.0,10.0,1.1138002062216405e-07,0.0,1.3914021857393286e-06,1.5027822063614926e-06,Canada,CAN,,gcp,northamerica-northeast2,Linux-6.8.0-1032-gcp-x86_64-with-glibc2.35,3.12.11,3.0.4,2,Intel(R) Xeon(R) CPU @ 2.60GHz,,,,,15.61648178100586,machine,Y,1.0
2025-08-07T12:16:13,scipy-benchmark,f1fca129-1f5c-4971-8d65-79820d6e20c6,scipy_LMC001_f7d9627c,1.001784750027582,7.06323300831146e-08,7.050649361668751e-08,0.8000072,0.0,10.0,1.1138262529377909e-07,0.0,1.3914329083895103e-06,1.5028155336832894e-06,Canada,CAN,,gcp,northamerica-northeast2,Linux-6.8.0-1032-gcp-x86_64-with-glibc2.35,3.12.11,3.0.4,2,Intel(R) Xeon(R) CPU @ 2.60GHz,,,,,15.61648178100586,machine,Y,1.0
2025-08-07T12:16:15,scipy-benchmark,2ad97d09-b7c9-4224-a121-e02f39143b85,scipy_LMC001_f7d9627c,1.0016355719417334,7.063024421098332e-08,7.051491199944324e-08,0.8,0.0,10.0,1.113765566713281e-07,0.0,1.391394596753849e-06,1.502771153425177e-06,Canada,CAN,,gcp,northamerica-northeast2,Linux-6.8.0-1032-gcp-x86_64-with-glibc2.35,3.12.11,3.0.4,2,Intel(R) Xeon(R) CPU @ 2.60GHz,,,,,15.61648178100586,machine,Y,1.0
2025-08-07T12:16:17,scipy-benchmark,0194abb8-a288-4c16-9916-93d4392e4fe2,scipy_LMC001_f7d9627c,1.0017349990084767,7.062750270825603e-08,7.050517629728777e-08,0.8,0.0,10.0,1.1137734576024944e-07,0.0,1.3913354778196663e-06,1.5027128235799157e-06,Canada,CAN,,gcp,northamerica-northeast2,Linux-6.8.0-1032-gcp-x86_64-with-glibc2.35,3.12.11,3.0.4,2,Intel(R) Xeon(R) CPU @ 2.60GHz,,,,,15.61648178100586,machine,Y,1.0
2025-08-07T12:16:19,scipy-benchmark,52818832-0ee7-47c2-b7e2-9b855710475e,scipy_LMC001_f7d9627c,1.0017281519249082,7.063250828467104e-08,7.051065516022935e-08,0.8,0.0,10.0,1.1137936398800877e-07,0.0,1.3914399612177575e-06,1.5028193252057665e-06,Canada,CAN,,gcp,northamerica-northeast2,Linux-6.8.0-1032-gcp-x86_64-with-glibc2.35,3.12.11,3.0.4,2,Intel(R) Xeon(R) CPU @ 2.60GHz,,,,,15.61648178100586,machine,Y,1.0
2025-08-07T12:16:21,scipy-benchmark,f0a10961-81ee-4e05-b9d0-9d3d677b0dca,scipy_LMC001_f7d9627c,1.0017203788738698,7.063517675597946e-08,7.051386619027082e-08,0.8,0.0,10.0,1.1138905708988509e-07,0.0,1.391487044101167e-06,1.5028761011910522e-06,Canada,CAN,,gcp,northamerica-northeast2,Linux-6.8.0-1032-gcp-x86_64-with-glibc2.35,3.12.11,3.0.4,2,Intel(R) Xeon(R) CPU @ 2.60GHz,,,,,15.61648178100586,machine,Y,1.0
2025-08-07T12:16:24,scipy-benchmark,05a01025-67cb-427e-94d4-fff418085a31,scipy_LMC001_f7d9627c,1.002524761017412,7.062534688069072e-08,7.044748381976783e-08,0.8,0.0,10.0,1.1137453264867265e-07,0.0,1.3912924222596403e-06,1.5026669549083132e-06,Canada,CAN,,gcp,northamerica-northeast2,Linux-6.8.0-1032-gcp-x86_64-with-glibc2.35,3.12.11,3.0.4,2,Intel(R) Xeon(R) CPU @ 2.60GHz,,,,,15.61648178100586,machine,Y,1.0
2025-08-07T12:16:26,scipy-benchmark,a0f1b4d2-c4af-4e89-95d3-bfe95cbc97ba,scipy_LMC001_f7d9627c,1.0017152449581772,7.062616633202157e-08,7.050523258730108e-08,0.8,0.0,10.0,1.1138068713868658e-07,0.0,1.3913037029043254e-06,1.502684390043012e-06,Canada,CAN,,gcp,northamerica-northeast2,Linux-6.8.0-1032-gcp-x86_64-with-glibc2.35,3.12.11,3.0.4,2,Intel(R) Xeon(R) CPU @ 2.60GHz,,,,,15.61648178100586,machine,Y,1.0
2025-08-07T12:16:28,scipy-benchmark,5c2456ca-0940-4038-9348-7361c2b58d5a,scipy_LMC001_f7d9627c,1.0017460179515183,7.063326582271192e-08,7.051015382836328e-08,0.8,0.0,10.0,1.1138681534470785e-07,0.0,1.391448627691716e-06,1.502835443036424e-06,Canada,CAN,,gcp,northamerica-northeast2,Linux-6.8.0-1032-gcp-x86_64-with-glibc2.35,3.12.11,3.0.4,2,Intel(R) Xeon(R) CPU @ 2.60GHz,,,,,15.61648178100586,machine,Y,1.0
2025-08-07T12:16:30,scipy-benchmark,8d4a1d72-b686-42cb-8e5e-9d81417d03e9,scipy_LMC001_f7d9627c,1.001656603999436,7.062829841683722e-08,7.051148880248085e-08,0.8,0.0,10.0,1.1137900398009353e-07,0.0,1.3913507495696346e-06,1.502729753549728e-06,Canada,CAN,,gcp,northamerica-northeast2,Linux-6.8.0-1032-gcp-x86_64-with-glibc2.35,3.12.11,3.0.4,2,Intel(R) Xeon(R) CPU @ 2.60GHz,,,,,15.61648178100586,machine,Y,1.0
2025-08-07T12:16:32,scipy-benchmark,3c2c49ac-6359-4962-84b2-7a7a01488bd7,scipy_LMC001_f7d9627c,1.0016241839621216,7.062390949533114e-08,7.050938927608992e-08,0.8,0.0,10.0,1.1136481419412629e-07,0.0,1.3912715580469615e-06,1.502636372241088e-06,Canada,CAN,,gcp,northamerica-northeast2,Linux-6.8.0-1032-gcp-x86_64-with-glibc2.35,3.12.11,3.0.4,2,Intel(R) Xeon(R) CPU @ 2.60GHz,,,,,15.61648178100586,machine,Y,1.0
2025-08-07T12:16:34,scipy-benchmark,e4f0ac89-2246-4334-802d-852511e05e27,scipy_LMC001_f7d9627c,1.0016208169981835,7.062281191447335e-08,7.050853048973862e-08,0.8,0.0,10.0,1.113658497730891e-07,0.0,1.3912471696837909e-06,1.50261301945688e-06,Canada,CAN,,gcp,northamerica-northeast2,Linux-6.8.0-1032-gcp-x86_64-with-glibc2.35,3.12.11,3.0.4,2,Intel(R) Xeon(R) CPU @ 2.60GHz,,,,,15.61648178100586,machine,Y,1.0
2025-08-07T12:16:37,scipy-benchmark,e2bf163b-3b63-4f76-bf49-52f33ad0fbd8,scipy_LMC001_f7d9627c,1.0016011770348996,7.061989970031818e-08,7.050700550230834e-08,0.8,0.0,10.0,1.1135794910498793e-07,0.0,1.39119310834859e-06,1.502551057453578e-06,Canada,CAN,,gcp,northamerica-northeast2,Linux-6.8.0-1032-gcp-x86_64-with-glibc2.35,3.12.11,3.0.4,2,Intel(R) Xeon(R) CPU @ 2.60GHz,,,,,15.61648178100586,machine,Y,1.0
2025-08-07T12:16:39,scipy-benchmark,bd73fd29-3176-4997-b278-dda668282f11,scipy_LMC001_f7d9627c,1.001617515925318,7.062518239220502e-08,7.051112951729863e-08,0.8,0.0,10.0,1.1136717178548377e-07,0.0,1.3912962833678144e-06,1.5026634551532985e-06,Canada,CAN,,gcp,northamerica-northeast2,Linux-6.8.0-1032-gcp-x86_64-with-glibc2.35,3.12.11,3.0.4,2,Intel(R) Xeon(R) CPU @ 2.60GHz,,,,,15.61648178100586,machine,Y,1.0
2025-08-07T12:16:41,scipy-benchmark,2e2307a3-c22e-438f-bc16-d10a162972a9,scipy_LMC001_f7d9627c,1.001552595058456,7.06210604042798e-08,7.051158446667292e-08,0.8,0.0,10.0,1.1135505579618945e-07,0.0,1.3912206974863593e-06,1.5025757532825486e-06,Canada,CAN,,gcp,northamerica-northeast2,Linux-6.8.0-1032-gcp-x86_64-with-glibc2.35,3.12.11,3.0.4,2,Intel(R) Xeon(R) CPU @ 2.60GHz,,,,,15.61648178100586,machine,Y,1.0
2025-08-07T12:16:43,scipy-benchmark,827ec0d9-f398-410a-9eb6-bda1c17f22b0,scipy_LMC001_f7d9627c,1.0016869250684977,7.06294788401574e-08,7.05105328546917e-08,0.8,0.0,10.0,1.1137849377054309e-07,0.0,1.391376375168976e-06,1.502754868939519e-06,Canada,CAN,,gcp,northamerica-northeast2,Linux-6.8.0-1032-gcp-x86_64-with-glibc2.35,3.12.11,3.0.4,2,Intel(R) Xeon(R) CPU @ 2.60GHz,,,,,15.61648178100586,machine,Y,1.0
2025-08-07T12:16:45,scipy-benchmark,61b4e98c-0dd6-49b9-af5b-6ce9ac875de9,scipy_LMC001_f7d9627c,1.0017466789577156,7.063380056531685e-08,7.051064111219115e-08,0.8,0.0,10.0,1.113875175619291e-07,0.0,1.3914593029767274e-06,1.5028468205386565e-06,Canada,CAN,,gcp,northamerica-northeast2,Linux-6.8.0-1032-gcp-x86_64-with-glibc2.35,3.12.11,3.0.4,2,Intel(R) Xeon(R) CPU @ 2.60GHz,,,,,15.61648178100586,machine,Y,1.0
2025-08-07T12:16:47,scipy-benchmark,ea335a04-6ed4-40b2-8fec-c70bb65d779e,scipy_LMC001_f7d9627c,1.0017445678822696,7.063521139070184e-08,7.051219807463262e-08,0.8,0.0,10.0,1.113912744137149e-07,0.0,1.3914855636863243e-06,1.5028768381000391e-06,Canada,CAN,,gcp,northamerica-northeast2,Linux-6.8.0-1032-gcp-x86_64-with-glibc2.35,3.12.11,3.0.4,2,Intel(R) Xeon(R) CPU @ 2.60GHz,,,,,15.61648178100586,machine,Y,1.0
2025-08-07T12:16:50,scipy-benchmark,0e7fddd1-fdfb-4de5-a032-5e7ad3cd6e50,scipy_LMC001_f7d9627c,1.0017317649908364,7.063614366599359e-08,7.051402993758489e-08,0.8,0.0,10.0,1.1139571801241905e-07,0.0,1.3915009557321254e-06,1.5028966737445444e-06,Canada,CAN,,gcp,northamerica-northeast2,Linux-6.8.0-1032-gcp-x86_64-with-glibc2.35,3.12.11,3.0.4,2,Intel(R) Xeon(R) CPU @ 2.60GHz,,,,,15.61648178100586,machine,Y,1.0
2025-08-07T12:16:52,scipy-benchmark,7ba6267d-e44e-4038-aa3f-a38a057f66a4,scipy_LMC001_f7d9627c,1.0017276441212744,7.063408104273387e-08,7.051226094962648e-08,0.8,0.0,10.0,1.1138777693526613e-07,0.0,1.3914650112080075e-06,1.5028527881432738e-06,Canada,CAN,,gcp,northamerica-northeast2,Linux-6.8.0-1032-gcp-x86_64-with-glibc2.35,3.12.11,3.0.4,2,Intel(R) Xeon(R) CPU @ 2.60GHz,,,,,15.61648178100586,machine,Y,1.0
2025-08-07T12:16:54,scipy-benchmark,31b770cd-a6f3-48dd-9c6c-16e1f817974b,scipy_LMC001_f7d9627c,1.0016404818743467,7.062738732605551e-08,7.051171413708451e-08,0.8,0.0,10.0,1.1137324354300897e-07,0.0,1.39133712509647e-06,1.5027103686394791e-06,Canada,CAN,,gcp,northamerica-northeast2,Linux-6.8.0-1032-gcp-x86_64-with-glibc2.35,3.12.11,3.0.4,2,Intel(R) Xeon(R) CPU @ 2.60GHz,,,,,15.61648178100586,machine,Y,1.0
2025-08-07T12:16:56,scipy-benchmark,208ff32d-8f58-4eef-81d9-02d12332cdbb,scipy_LMC001_f7d9627c,1.0018182210624218,7.064426209842269e-08,7.051604833410289e-08,0.8,0.0,10.0,1.1141117869151965e-07,0.0,1.391658227657899e-06,1.503069406349419e-06,Canada,CAN,,gcp,northamerica-northeast2,Linux-6.8.0-1032-gcp-x86_64-with-glibc2.35,3.12.11,3.0.4,2,Intel(R) Xeon(R) CPU @ 2.60GHz,,,,,15.61648178100586,machine,Y,1.0
2025-08-07T12:16:58,scipy-benchmark,8f0062f1-39ca-459d-84f9-2afa315e4af1,scipy_LMC001_f7d9627c,1.0016496260650456,7.062829404934828e-08,7.051197565640759e-08,0.8,0.0,10.0,1.113684880029824e-07,0.0,1.391361172621449e-06,1.5027296606244313e-06,Canada,CAN,,gcp,northamerica-northeast2,Linux-6.8.0-1032-gcp-x86_64-with-glibc2.35,3.12.11,3.0.4,2,Intel(R) Xeon(R) CPU @ 2.60GHz,,,,,15.61648178100586,machine,Y,1.0
2025-08-07T12:17:00,scipy-benchmark,b22c19c2-5df1-4244-b878-54beba13da4a,scipy_LMC001_f7d9627c,1.001676225103438,7.063064532761535e-08,7.05124505878351e-08,0.8000072,0.0,10.0,1.1137620728519529e-07,0.0,1.3914034805364078e-06,1.502779687821603e-06,Canada,CAN,,gcp,northamerica-northeast2,Linux-6.8.0-1032-gcp-x86_64-with-glibc2.35,3.12.11,3.0.4,2,Intel(R) Xeon(R) CPU @ 2.60GHz,,,,,15.61648178100586,machine,Y,1.0
2025-08-07T12:17:03,scipy-benchmark,22ead8f8-8937-4fbd-abb0-7bf3a669b25e,scipy_LMC001_f7d9627c,1.0016703240107745,7.06295725616787e-08,7.051179501741832e-08,0.8000072,0.0,10.0,1.1137849908371685e-07,0.0,1.3913783639307235e-06,1.5027568630144406e-06,Canada,CAN,,gcp,northamerica-northeast2,Linux-6.8.0-1032-gcp-x86_64-with-glibc2.35,3.12.11,3.0.4,2,Intel(R) Xeon(R) CPU @ 2.60GHz,,,,,15.61648178100586,machine,Y,1.0
2025-08-07T12:17:05,scipy-benchmark,4f52371a-8701-4377-936d-c166dfd28e07,scipy_LMC001_f7d9627c,1.0016843709163368,7.062927827246799e-08,7.051051241605838e-08,0.8,0.0,10.0,1.1137771042477757e-07,0.0,1.3913728911170944e-06,1.502750601541872e-06,Canada,CAN,,gcp,northamerica-northeast2,Linux-6.8.0-1032-gcp-x86_64-with-glibc2.35,3.12.11,3.0.4,2,Intel(R) Xeon(R) CPU @ 2.60GHz,,,,,15.61648178100586,machine,Y,1.0
2025-08-07T12:17:07,scipy-benchmark,fba2b360-7b78-418a-aa30-0301c394b31e,scipy_LMC001_f7d9627c,1.0016450239345431,7.062994685088698e-08,7.051394971588517e-08,0.8,0.0,10.0,1.1136905729977625e-07,0.0,1.3913957693148404e-06,1.5027648266146166e-06,Canada,CAN,,gcp,northamerica-northeast2,Linux-6.8.0-1032-gcp-x86_64-with-glibc2.35,3.12.11,3.0.4,2,Intel(R) Xeon(R) CPU @ 2.60GHz,,,,,15.61648178100586,machine,Y,1.0
2025-08-07T12:17:09,scipy-benchmark,15763877-9d16-4b50-989b-648ca1d6ca1d,scipy_LMC001_f7d9627c,1.0016779890283942,7.062955966493658e-08,7.051124257351978e-08,0.8000072,0.0,10.0,1.1137906352201709e-07,0.0,1.3913775250936548e-06,1.502756588615672e-06,Canada,CAN,,gcp,northamerica-northeast2,Linux-6.8.0-1032-gcp-x86_64-with-glibc2.35,3.12.11,3.0.4,2,Intel(R) Xeon(R) CPU @ 2.60GHz,,,,,15.61648178100586,machine,Y,1.0
2025-08-07T12:17:11,scipy-benchmark,955d3d29-d32b-494d-a49a-c8d42cdb892f,scipy_LMC001_f7d9627c,1.0016867879312483,7.062388900388033e-08,7.050496208474263e-08,0.8,0.0,10.0,1.113697249028418e-07,0.0,1.391266211349931e-06,1.5026359362527728e-06,Canada,CAN,,gcp,northamerica-northeast2,Linux-6.8.0-1032-gcp-x86_64-with-glibc2.35,3.12.11,3.0.4,2,Intel(R) Xeon(R) CPU @ 2.60GHz,,,,,15.61648178100586,machine,Y,1.0
2025-08-07T12:17:13,scipy-benchmark,7d73e38d-7e0b-4ab7-aa83-758cc2dc44a6,scipy_LMC001_f7d9627c,1.001764009008184,7.06403769191044e-08,7.051598608443048e-08,0.8,0.0,10.0,1.113962735463348e-07,0.0,1.3915904694133334e-06,1.5029867429596682e-06,Canada,CAN,,gcp,northamerica-northeast2,Linux-6.8.0-1032-gcp-x86_64-with-glibc2.35,3.12.11,3.0.4,2,Intel(R) Xeon(R) CPU @ 2.60GHz,,,,,15.61648178100586,machine,Y,1.0
2025-08-07T12:17:16,scipy-benchmark,4ade1324-2d74-4145-9950-ff1e93ba7168,scipy_LMC001_f7d9627c,1.0016643800772729,7.062925209306801e-08,7.051189350231199e-08,0.8,0.0,10.0,1.1137068913214737e-07,0.0,1.3913793554012146e-06,1.502750044533362e-06,Canada,CAN,,gcp,northamerica-northeast2,Linux-6.8.0-1032-gcp-x86_64-with-glibc2.35,3.12.11,3.0.4,2,Intel(R) Xeon(R) CPU @ 2.60GHz,,,,,15.61648178100586,machine,Y,1.0
2025-08-07T12:17:18,scipy-benchmark,1454ed09-6cc5-4c3c-a398-151cfc1517f9,scipy_LMC001_f7d9627c,1.0016544391401112,7.062450392978887e-08,7.050785297813663e-08,0.8,0.0,10.0,1.1137321710379589e-07,0.0,1.3912758026789458e-06,1.5026490197827415e-06,Canada,CAN,,gcp,northamerica-northeast2,Linux-6.8.0-1032-gcp-x86_64-with-glibc2.35,3.12.11,3.0.4,2,Intel(R) Xeon(R) CPU @ 2.60GHz,,,,,15.61648178100586,machine,Y,1.0
2025-08-07T12:17:20,scipy-benchmark,7ace50e5-7af8-4720-9b9f-df192b5b2b92,scipy_LMC001_f7d9627c,1.0016520039644092,7.062672615972246e-08,7.0510242958823e-08,0.8,0.0,10.0,1.1136546777561309e-07,0.0,1.391330833495077e-06,1.5026963012706902e-06,Canada,CAN,,gcp,northamerica-northeast2,Linux-6.8.0-1032-gcp-x86_64-with-glibc2.35,3.12.11,3.0.4,2,Intel(R) Xeon(R) CPU @ 2.60GHz,,,,,15.61648178100586,machine,Y,1.0
2025-08-07T12:17:22,scipy-benchmark,9fde6581-cd4f-4bd9-ae2e-e0bd470d1381,scipy_LMC001_f7d9627c,1.0016905248630792,7.062756790202629e-08,7.050837174653354e-08,0.8,0.0,10.0,1.1136569175869226e-07,0.0,1.391348518922718e-06,1.5027142106814104e-06,Canada,CAN,,gcp,northamerica-northeast2,Linux-6.8.0-1032-gcp-x86_64-with-glibc2.35,3.12.11,3.0.4,2,Intel(R) Xeon(R) CPU @ 2.60GHz,,,,,15.61648178100586,machine,Y,1.0
2025-08-07T12:17:24,scipy-benchmark,a02f415a-1ecf-470d-a4f4-281301eac4d0,scipy_LMC001_f7d9627c,1.001662377966568,7.06220876675927e-08,7.050488190537774e-08,0.8,0.0,10.0,1.113653517742124e-07,0.0,1.3912322581745684e-06,1.5025976099487808e-06,Canada,CAN,,gcp,northamerica-northeast2,Linux-6.8.0-1032-gcp-x86_64-with-glibc2.35,3.12.11,3.0.4,2,Intel(R) Xeon(R) CPU @ 2.60GHz,,,,,15.61648178100586,machine,Y,1.0
2025-08-07T12:17:26,scipy-benchmark,0b760aad-4618-47c2-887d-c2494b5ab162,scipy_LMC001_f7d9627c,1.001705097965896,7.062955404559357e-08,7.050932873259493e-08,0.8,0.0,10.0,1.1137521867122917e-07,0.0,1.3913812503839534e-06,1.5027564690551825e-06,Canada,CAN,,gcp,northamerica-northeast2,Linux-6.8.0-1032-gcp-x86_64-with-glibc2.35,3.12.11,3.0.4,2,Intel(R) Xeon(R) CPU @ 2.60GHz,,,,,15.61648178100586,machine,Y,1.0
2025-08-07T12:17:29,scipy-benchmark,51c98107-259e-47a4-b3ca-886268e0c660,scipy_LMC001_f7d9627c,1.001742871012539,7.063882964008697e-08,7.051592947069028e-08,0.8,0.0,10.0,1.1138792734386196e-07,0.0,1.3915658947856475e-06,1.5029538221295097e-06,Canada,CAN,,gcp,northamerica-northeast2,Linux-6.8.0-1032-gcp-x86_64-with-glibc2.35,3.12.11,3.0.4,2,Intel(R) Xeon(R) CPU @ 2.60GHz,,,,,15.61648178100586,machine,Y,1.0
2025-08-07T12:17:31,scipy-benchmark,bfdbf1ad-d2cc-495e-a490-434967f7d9e7,scipy_LMC001_f7d9627c,1.001746464986354,7.063440342713148e-08,7.05112579839188e-08,0.8,0.0,10.0,1.1138736668767204e-07,0.0,1.3914722806981042e-06,1.5028596473857762e-06,Canada,CAN,,gcp,northamerica-northeast2,Linux-6.8.0-1032-gcp-x86_64-with-glibc2.35,3.12.11,3.0.4,2,Intel(R) Xeon(R) CPU @ 2.60GHz,,,,,15.61648178100586,machine,Y,1.0
2025-08-07T12:17:33,scipy-benchmark,63f36268-cb22-47b7-9810-4aa564c3feb8,scipy_LMC001_f7d9627c,1.0017842689994725,7.063977148689123e-08,7.051395562184503e-08,0.8,0.0,10.0,1.1140297306701541e-07,0.0,1.3915708883562023e-06,1.5029738614232177e-06,Canada,CAN,,gcp,northamerica-northeast2,Linux-6.8.0-1032-gcp-x86_64-with-glibc2.35,3.12.11,3.0.4,2,Intel(R) Xeon(R) CPU @ 2.60GHz,,,,,15.61648178100586,machine,Y,1.0
2025-08-07T12:17:35,scipy-benchmark,01d26b1f-a3a2-4cb5-b250-4651286dfdd5,scipy_LMC001_f7d9627c,1.0017445001285523,7.063660050752675e-08,7.051358954150694e-08,0.8,0.0,10.0,1.113869493516783e-07,0.0,1.3915194444254868e-06,1.502906393777165e-06,Canada,CAN,,gcp,northamerica-northeast2,Linux-6.8.0-1032-gcp-x86_64-with-glibc2.35,3.12.11,3.0.4,2,Intel(R) Xeon(R) CPU @ 2.60GHz,,,,,15.61648178100586,machine,Y,1.0
2025-08-07T12:17:37,scipy-benchmark,ea77d80c-406f-4313-ad7a-ca8c1dc4f019,scipy_LMC001_f7d9627c,1.001815295079723,7.063317264637187e-08,7.050518493107152e-08,0.8,0.0,10.0,1.1138530758519969e-07,0.0,1.3914481529759036e-06,1.5028334605611033e-06,Canada,CAN,,gcp,northamerica-northeast2,Linux-6.8.0-1032-gcp-x86_64-with-glibc2.35,3.12.11,3.0.4,2,Intel(R) Xeon(R) CPU @ 2.60GHz,,,,,15.61648178100586,machine,Y,1.0
2025-08-07T12:17:40,scipy-benchmark,a803cd9c-570b-49e7-9516-01515403af15,scipy_LMC001_f7d9627c,1.00181531207636,7.064138895213709e-08,7.051338515252469e-08,0.8,0.0,10.0,1.1139864226182305e-07,0.0,1.3916096333155615e-06,1.5030082755773846e-06,Canada,CAN,,gcp,northamerica-northeast2,Linux-6.8.0-1032-gcp-x86_64-with-glibc2.35,3.12.11,3.0.4,2,Intel(R) Xeon(R) CPU @ 2.60GHz,,,,,15.61648178100586,machine,Y,1.0
2025-08-07T12:17:42,scipy-benchmark,1b81d562-1a14-4940-8eaf-fc349ea806c7,scipy_LMC001_f7d9627c,1.00179446185939,7.063575934763583e-08,7.050923321789148e-08,0.8,0.0,10.0,1.1139046111040645e-07,0.0,1.3914980356478029e-06,1.5028884967582093e-06,Canada,CAN,,gcp,northamerica-northeast2,Linux-6.8.0-1032-gcp-x86_64-with-glibc2.35,3.12.11,3.0.4,2,Intel(R) Xeon(R) CPU @ 2.60GHz,,,,,15.61648178100586,machine,Y,1.0
2025-08-07T12:17:44,scipy-benchmark,e94fe8ec-ded9-46bf-b176-a5adc08b66b3,scipy_LMC001_f7d9627c,1.0017001489177346,7.062594212006983e-08,7.050607129925669e-08,0.8,0.0,10.0,1.1137292285760245e-07,0.0,1.3913066967183516e-06,1.502679619575954e-06,Canada,CAN,,gcp,northamerica-northeast2,Linux-6.8.0-1032-gcp-x86_64-with-glibc2.35,3.12.11,3.0.4,2,Intel(R) Xeon(R) CPU @ 2.60GHz,,,,,15.61648178100586,machine,Y,1.0
2025-08-07T12:17:46,scipy-benchmark,56884c76-ee9c-4d68-a61c-1dea74d90783,scipy_LMC001_f7d9627c,1.0017185790929943,7.062689202581533e-08,7.050572236542165e-08,0.8,0.0,10.0,1.1137554132276113e-07,0.0,1.391324289013735e-06,1.5026998303364964e-06,Canada,CAN,,gcp,northamerica-northeast2,Linux-6.8.0-1032-gcp-x86_64-with-glibc2.35,3.12.11,3.0.4,2,Intel(R) Xeon(R) CPU @ 2.60GHz,,,,,15.61648178100586,machine,Y,1.0
2025-08-07T12:17:48,scipy-benchmark,2dfbeca1-1bf0-491d-aecb-6d52609cd47e,scipy_LMC001_f7d9627c,1.0017738030292094,7.063480066557207e-08,7.050973029239069e-08,0.8,0.0,10.0,1.1138663534075021e-07,0.0,1.3914814639267408e-06,1.502868099267491e-06,Canada,CAN,,gcp,northamerica-northeast2,Linux-6.8.0-1032-gcp-x86_64-with-glibc2.35,3.12.11,3.0.4,2,Intel(R) Xeon(R) CPU @ 2.60GHz,,,,,15.61648178100586,machine,Y,1.0
2025-08-07T12:17:50,scipy-benchmark,f92e41c3-27c0-4976-be2d-5c7e8286cc31,scipy_LMC001_f7d9627c,1.0018134377896786,7.063929710001685e-08,7.051142901004578e-08,0.8,0.0,10.0,1.1139831309103305e-07,0.0,1.3915654549944317e-06,1.502963768085465e-06,Canada,CAN,,gcp,northamerica-northeast2,Linux-6.8.0-1032-gcp-x86_64-with-glibc2.35,3.12.11,3.0.4,2,Intel(R) Xeon(R) CPU @ 2.60GHz,,,,,15.61648178100586,machine,Y,1.0
2025-08-07T12:17:53,scipy-benchmark,9351fd4c-f004-4237-97a5-f3bcff38a913,scipy_LMC001_f7d9627c,1.0017856978811324,7.063138604914357e-08,7.050548455476591e-08,0.8,0.0,10.0,1.1138580377317137e-07,0.0,1.391409644080947e-06,1.5027954478541183e-06,Canada,CAN,,gcp,northamerica-northeast2,Linux-6.8.0-1032-gcp-x86_64-with-glibc2.35,3.12.11,3.0.4,2,Intel(R) Xeon(R) CPU @ 2.60GHz,,,,,15.61648178100586,machine,Y,1.0
2025-08-07T12:17:55,scipy-benchmark,94d61fce-958b-4608-b13c-00335e66ddcc,scipy_LMC001_f7d9627c,1.0017914148047566,7.063158351995258e-08,7.050527931876743e-08,0.8,0.0,10.0,1.1139723596473537e-07,0.0,1.3914024133959575e-06,1.502799649360693e-06,Canada,CAN,,gcp,northamerica-northeast2,Linux-6.8.0-1032-gcp-x86_64-with-glibc2.35,3.12.11,3.0.4,2,Intel(R) Xeon(R) CPU @ 2.60GHz,,,,,15.61648178100586,machine,Y,1.0
2025-08-07T12:17:57,scipy-benchmark,721f662a-aab9-4dea-9f1f-6ef25e2312bb,scipy_LMC001_f7d9627c,1.0017340008635074,7.06313594113518e-08,7.050909657700214e-08,0.8,0.0,10.0,1.1137760663405065e-07,0.0,1.3914172744585408e-06,1.5027948810925915e-06,Canada,CAN,,gcp,northamerica-northeast2,Linux-6.8.0-1032-gcp-x86_64-with-glibc2.35,3.12.11,3.0.4,2,Intel(R) Xeon(R) CPU @ 2.60GHz,,,,,15.61648178100586,machine,Y,1.0
2025-08-07T12:17:59,scipy-benchmark,92a4b20e-439f-4edc-908e-59fae5d61f75,scipy_LMC001_f7d9627c,1.0016326331533492,7.063098509493285e-08,7.051585856640047e-08,0.8,0.0,10.0,1.1137198046263721e-07,0.0,1.3914149364508277e-06,1.502786916913465e-06,Canada,CAN,,gcp,northamerica-northeast2,Linux-6.8.0-1032-gcp-x86_64-with-glibc2.35,3.12.11,3.0.4,2,Intel(R) Xeon(R) CPU @ 2.60GHz,,,,,15.61648178100586,machine,Y,1.0
2025-08-07T12:18:01,scipy-benchmark,0a7e21c4-a3e3-4dc8-8e86-cc7fd26c8caf,scipy_LMC001_f7d9627c,1.0017372141592205,7.063183251181102e-08,7.050934268334417e-08,0.8,0.0,10.0,1.11383188671122e-07,0.0,1.3914217583886866e-06,1.5028049470598089e-06,Canada,CAN,,gcp,northamerica-northeast2,Linux-6.8.0-1032-gcp-x86_64-with-glibc2.35,3.12.11,3.0.4,2,Intel(R) Xeon(R) CPU @ 2.60GHz,,,,,15.61648178100586,machine,Y,1.0
2025-08-07T12:18:03,scipy-benchmark,2738c3b6-b3f6-461c-a006-fd9af890e733,scipy_LMC001_f7d9627c,1.0017222508322448,7.063608487876547e-08,7.051464097965284e-08,0.8,0.0,10.0,1.1138808442693625e-07,0.0,1.3915073385255205e-06,1.5028954229524567e-06,Canada,CAN,,gcp,northamerica-northeast2,Linux-6.8.0-1032-gcp-x86_64-with-glibc2.35,3.12.11,3.0.4,2,Intel(R) Xeon(R) CPU @ 2.60GHz,,,,,15.61648178100586,machine,Y,1.0
2025-08-07T12:18:06,scipy-benchmark,3af5c33e-4cf2-45d0-9c6c-75d2874972e2,scipy_LMC001_f7d9627c,1.0017308788374066,7.063272341511525e-08,7.051067797479746e-08,0.8,0.0,10.0,1.113822997754647e-07,0.0,1.3914416026737953e-06,1.50282390244926e-06,Canada,CAN,,gcp,northamerica-northeast2,Linux-6.8.0-1032-gcp-x86_64-with-glibc2.35,3.12.11,3.0.4,2,Intel(R) Xeon(R) CPU @ 2.60GHz,,,,,15.61648178100586,machine,Y,1.0
2025-08-07T12:18:08,scipy-benchmark,8b309507-2fb3-45d1-873a-24fcaf7c1ced,scipy_LMC001_f7d9627c,1.0017099420074371,7.063017057283369e-08,7.05096032403253e-08,0.8,0.0,10.0,1.113793755260607e-07,0.0,1.3913902111299752e-06,1.5027695866560355e-06,Canada,CAN,,gcp,northamerica-northeast2,Linux-6.8.0-1032-gcp-x86_64-with-glibc2.35,3.12.11,3.0.4,2,Intel(R) Xeon(R) CPU @ 2.60GHz,,,,,15.61648178100586,machine,Y,1.0
2025-08-07T12:18:10,scipy-benchmark,7be98ee5-59c4-417b-863b-a18e08b8e2e9,scipy_LMC001_f7d9627c,1.001718653133139,7.063192236268274e-08,7.051073886042032e-08,0.8,0.0,10.0,1.1138213891536e-07,0.0,1.3914247198651236e-06,1.5028068587804836e-06,Canada,CAN,,gcp,northamerica-northeast2,Linux-6.8.0-1032-gcp-x86_64-with-glibc2.35,3.12.11,3.0.4,2,Intel(R) Xeon(R) CPU @ 2.60GHz,,,,,15.61648178100586,machine,Y,1.0
2025-08-07T12:18:12,scipy-benchmark,22605796-e878-4c52-9716-88658032bd27,scipy_LMC001_f7d9627c,1.001668393146247,7.0630091336711e-08,7.051244885032405e-08,0.8,0.0,10.0,1.1137700603447028e-07,0.0,1.391390894746615e-06,1.5027679007810854e-06,Canada,CAN,,gcp,northamerica-northeast2,Linux-6.8.0-1032-gcp-x86_64-with-glibc2.35,3.12.11,3.0.4,2,Intel(R) Xeon(R) CPU @ 2.60GHz,,,,,15.61648178100586,machine,Y,1.0
2025-08-07T12:18:14,scipy-benchmark,4c7e6141-69a6-4efe-8238-9b739f43ebab,scipy_LMC001_f7d9627c,1.0017710679676384,7.063684565229858e-08,7.051196417121968e-08,0.8,0.0,10.0,1.1139920379759537e-07,0.0,1.3915124058257787e-06,1.502911609623374e-06,Canada,CAN,,gcp,northamerica-northeast2,Linux-6.8.0-1032-gcp-x86_64-with-glibc2.35,3.12.11,3.0.4,2,Intel(R) Xeon(R) CPU @ 2.60GHz,,,,,15.61648178100586,machine,Y,1.0
2025-08-07T12:18:16,scipy-benchmark,e898a692-3416-495f-bfe8-710a8c9a9cd0,scipy_LMC001_f7d9627c,1.0017640171572566,7.063544873732252e-08,7.051106600710952e-08,0.8000072,0.0,10.0,1.1139029920215777e-07,0.0,1.391491588825981e-06,1.5028818880281386e-06,Canada,CAN,,gcp,northamerica-northeast2,Linux-6.8.0-1032-gcp-x86_64-with-glibc2.35,3.12.11,3.0.4,2,Intel(R) Xeon(R) CPU @ 2.60GHz,,,,,15.61648178100586,machine,Y,1.0
2025-08-07T12:18:19,scipy-benchmark,6f27d1fb-7e7f-494e-8b0d-34023e1fe82e,scipy_LMC001_f7d9627c,1.0017399159260094,7.062943116254691e-08,7.050675533604647e-08,0.8,0.0,10.0,1.1138103778163593e-07,0.0,1.3913728167406388e-06,1.5027538545222747e-06,Canada,CAN,,gcp,northamerica-northeast2,Linux-6.8.0-1032-gcp-x86_64-with-glibc2.35,3.12.11,3.0.4,2,Intel(R) Xeon(R) CPU @ 2.60GHz,,,,,15.61648178100586,machine,Y,1.0
2025-08-07T12:18:21,scipy-benchmark,4e5b9960-8ee5-4452-8667-d9075e1d582b,scipy_LMC001_f7d9627c,1.0017238929867744,7.062759519761636e-08,7.05060503119584e-08,0.8,0.0,10.0,1.113865747013026e-07,0.0,1.3913282167373432e-06,1.5027147914386458e-06,Canada,CAN,,gcp,northamerica-northeast2,Linux-6.8.0-1032-gcp-x86_64-with-glibc2.35,3.12.11,3.0.4,2,Intel(R) Xeon(R) CPU @ 2.60GHz,,,,,15.61648178100586,machine,Y,1.0
2025-08-07T12:18:23,scipy-benchmark,3ea266e1-0985-42b3-9ecd-1e53cd61ceac,scipy_LMC001_f7d9627c,1.0017449329607189,7.063579822825785e-08,7.051275819233684e-08,0.8,0.0,10.0,1.1139013778625264e-07,0.0,1.3914991862192337e-06,1.502889324005486e-06,Canada,CAN,,gcp,northamerica-northeast2,Linux-6.8.0-1032-gcp-x86_64-with-glibc2.35,3.12.11,3.0.4,2,Intel(R) Xeon(R) CPU @ 2.60GHz,,,,,15.61648178100586,machine,Y,1.0
2025-08-07T12:18:25,scipy-benchmark,7dde4c4d-6a34-4843-889e-d084eb2474a7,scipy_LMC001_f7d9627c,1.0017103638965636,7.063277599399185e-08,7.051217451643077e-08,0.8,0.0,10.0,1.113738433147471e-07,0.0,1.3914511778340155e-06,1.5028250211487628e-06,Canada,CAN,,gcp,northamerica-northeast2,Linux-6.8.0-1032-gcp-x86_64-with-glibc2.35,3.12.11,3.0.4,2,Intel(R) Xeon(R) CPU @ 2.60GHz,,,,,15.61648178100586,machine,Y,1.0
2025-08-07T12:18:27,scipy-benchmark,6d09aed9-e185-4371-9413-5327d1940f71,scipy_LMC001_f7d9627c,1.0017300129402429,7.063101737446981e-08,7.050903583007972e-08,0.8,0.0,10.0,1.1138170109026961e-07,0.0,1.3914059026218538e-06,1.5027876037121235e-06,Canada,CAN,,gcp,northamerica-northeast2,Linux-6.8.0-1032-gcp-x86_64-with-glibc2.35,3.12.11,3.0.4,2,Intel(R) Xeon(R) CPU @ 2.60GHz,,,,,15.61648178100586,machine,Y,1.0
2025-08-07T12:18:30,scipy-benchmark,5d34e0b5-9919-421e-8c07-f91249a61de7,scipy_LMC001_f7d9627c,1.0017868450377136,7.063586979938877e-08,7.05098795709676e-08,0.8,0.0,10.0,1.113972077663574e-07,0.0,1.3914936390291486e-06,1.502890846795506e-06,Canada,CAN,,gcp,northamerica-northeast2,Linux-6.8.0-1032-gcp-x86_64-with-glibc2.35,3.12.11,3.0.4,2,Intel(R) Xeon(R) CPU @ 2.60GHz,,,,,15.61648178100586,machine,Y,1.0
2025-08-07T12:18:32,scipy-benchmark,f5a38a33-82d0-4da5-a669-73c3b7b9f0b6,scipy_LMC001_f7d9627c,1.0017419981304556,7.063551663860188e-08,7.051268367546582e-08,0.8000072,0.0,10.0,1.1138962450462037e-07,0.0,1.39149370823159e-06,1.5028833327362105e-06,Canada,CAN,,gcp,northamerica-northeast2,Linux-6.8.0-1032-gcp-x86_64-with-glibc2.35,3.12.11,3.0.4,2,Intel(R) Xeon(R) CPU @ 2.60GHz,,,,,15.61648178100586,machine,Y,1.0
2025-08-07T12:18:34,scipy-benchmark,89d18582-c6ed-43f6-ba0c-18ad4bc4396b,scipy_LMC001_f7d9627c,1.001770484028384,7.06354377949093e-08,7.051059990394758e-08,0.8,0.0,10.0,1.1139015822360913e-07,0.0,1.3914914969872269e-06,1.502881655210836e-06,Canada,CAN,,gcp,northamerica-northeast2,Linux-6.8.0-1032-gcp-x86_64-with-glibc2.35,3.12.11,3.0.4,2,Intel(R) Xeon(R) CPU @ 2.60GHz,,,,,15.61648178100586,machine,Y,1.0
2025-08-07T12:18:36,scipy-benchmark,27992750-12ec-4640-8524-18d8019666bf,scipy_LMC001_f7d9627c,1.0017530310433358,7.062974144515789e-08,7.050614198950445e-08,0.8,0.0,10.0,1.1138970332427157e-07,0.0,1.3913707529556837e-06,1.5027604562799551e-06,Canada,CAN,,gcp,northamerica-northeast2,Linux-6.8.0-1032-gcp-x86_64-with-glibc2.35,3.12.11,3.0.4,2,Intel(R) Xeon(R) CPU @ 2.60GHz,,,,,15.61648178100586,machine,Y,1.0
2025-08-07T12:18:38,scipy-benchmark,6ea1c96e-c156-4cb3-8885-248d530a79fb,scipy_LMC001_f7d9627c,1.001757901860401,7.063327319224158e-08,7.050932471914219e-08,0.8,0.0,10.0,1.1138799465778801e-07,0.0,1.3914476051771393e-06,1.5028355998349273e-06,Canada,CAN,,gcp,northamerica-northeast2,Linux-6.8.0-1032-gcp-x86_64-with-glibc2.35,3.12.11,3.0.4,2,Intel(R) Xeon(R) CPU @ 2.60GHz,,,,,15.61648178100586,machine,Y,1.0
2025-08-07T12:18:40,scipy-benchmark,28beef53-9319-41f3-979f-a99e836a69fd,scipy_LMC001_f7d9627c,1.0016700141131878,7.062874805784993e-08,7.051099370323063e-08,0.8,0.0,10.0,1.1137673977969422e-07,0.0,1.3913625806000912e-06,1.5027393203797854e-06,Canada,CAN,,gcp,northamerica-northeast2,Linux-6.8.0-1032-gcp-x86_64-with-glibc2.35,3.12.11,3.0.4,2,Intel(R) Xeon(R) CPU @ 2.60GHz,,,,,15.61648178100586,machine,Y,1.0
2025-08-07T12:18:43,scipy-benchmark,1c4ed327-f8be-4720-a92e-737236efc3c8,scipy_LMC001_f7d9627c,1.0016824139747769,7.062989735673183e-08,7.051126821370986e-08,0.8,0.0,10.0,1.1138339045767985e-07,0.0,1.3913803830898058e-06,1.5027637735474857e-06,Canada,CAN,,gcp,northamerica-northeast2,Linux-6.8.0-1032-gcp-x86_64-with-glibc2.35,3.12.11,3.0.4,2,Intel(R) Xeon(R) CPU @ 2.60GHz,,,,,15.61648178100586,machine,Y,1.0
2025-08-07T12:18:45,scipy-benchmark,a856c858-d7aa-4dd4-a228-0d0c2ddce468,scipy_LMC001_f7d9627c,1.001709660049528,7.063264351268299e-08,7.05120918063131e-08,0.8,0.0,10.0,1.1138420536493265e-07,0.0,1.391437997032578e-06,1.5028222023975106e-06,Canada,CAN,,gcp,northamerica-northeast2,Linux-6.8.0-1032-gcp-x86_64-with-glibc2.35,3.12.11,3.0.4,2,Intel(R) Xeon(R) CPU @ 2.60GHz,,,,,15.61648178100586,machine,Y,1.0
2025-08-07T12:18:47,scipy-benchmark,ed7a7d16-5126-453a-ac5f-f164d1dc7417,scipy_LMC001_f7d9627c,1.0016834298148751,7.062665466519279e-08,7.050795946404501e-08,0.8,0.0,10.0,1.1137576665108405e-07,0.0,1.391319013459401e-06,1.502694780110485e-06,Canada,CAN,,gcp,northamerica-northeast2,Linux-6.8.0-1032-gcp-x86_64-with-glibc2.35,3.12.11,3.0.4,2,Intel(R) Xeon(R) CPU @ 2.60GHz,,,,,15.61648178100586,machine,Y,1.0
2025-08-07T12:18:49,scipy-benchmark,2427f96e-5cb8-42e6-8ccc-367268299746,scipy_LMC001_f7d9627c,1.0017391010187566,7.063187661104735e-08,7.050925389576543e-08,0.8,0.0,10.0,1.1138381845214301e-07,0.0,1.3914220668892894e-06,1.5028058853414323e-06,Canada,CAN,,gcp,northamerica-northeast2,Linux-6.8.0-1032-gcp-x86_64-with-glibc2.35,3.12.11,3.0.4,2,Intel(R) Xeon(R) CPU @ 2.60GHz,,,,,15.61648178100586,machine,Y,1.0
2025-08-07T12:18:51,scipy-benchmark,bdcc8b81-b49f-4387-8e12-1a58a16be31e,scipy_LMC001_f7d9627c,1.0017189639620483,7.062532300784046e-08,7.050412895099808e-08,0.8,0.0,10.0,1.1137961911865409e-07,0.0,1.3912868278566748e-06,1.5026664469753289e-06,Canada,CAN,,gcp,northamerica-northeast2,Linux-6.8.0-1032-gcp-x86_64-with-glibc2.35,3.12.11,3.0.4,2,Intel(R) Xeon(R) CPU @ 2.60GHz,,,,,15.61648178100586,machine,Y,1.0
2025-08-07T12:18:53,scipy-benchmark,d36481b9-05fc-4dc8-94c2-3f99cd059c1f,scipy_LMC001_f7d9627c,1.0017323158681393,7.063241299875598e-08,7.051026694446136e-08,0.8,0.0,10.0,1.113825759643482e-07,0.0,1.3914347218815237e-06,1.502817297845872e-06,Canada,CAN,,gcp,northamerica-northeast2,Linux-6.8.0-1032-gcp-x86_64-with-glibc2.35,3.12.11,3.0.4,2,Intel(R) Xeon(R) CPU @ 2.60GHz,,,,,15.61648178100586,machine,Y,1.0
2025-08-07T12:18:56,scipy-benchmark,5335f567-9786-47ce-a4e5-7ad06a8579c6,scipy_LMC001_f7d9627c,1.0016716811805964,7.062879363439667e-08,7.0510921853308e-08,0.8,0.0,10.0,1.113669397826824e-07,0.0,1.391373350310864e-06,1.5027402900935462e-06,Canada,CAN,,gcp,northamerica-northeast2,Linux-6.8.0-1032-gcp-x86_64-with-glibc2.35,3.12.11,3.0.4,2,Intel(R) Xeon(R) CPU @ 2.60GHz,,,,,15.61648178100586,machine,Y,1.0
2025-08-07T12:18:58,scipy-benchmark,cef7d7c0-7460-4004-a344-d206aac11b1a,scipy_LMC001_f7d9627c,1.0016640219837427,7.062578808097169e-08,7.050846045273847e-08,0.8,0.0,10.0,1.113729981912507e-07,0.0,1.3913033439570831e-06,1.502676342148334e-06,Canada,CAN,,gcp,northamerica-northeast2,Linux-6.8.0-1032-gcp-x86_64-with-glibc2.35,3.12.11,3.0.4,2,Intel(R) Xeon(R) CPU @ 2.60GHz,,,,,15.61648178100586,machine,Y,1.0
2025-08-07T12:19:00,scipy-benchmark,f32b49ad-7c44-48d4-be19-cb39d67a99e0,scipy_LMC001_f7d9627c,1.0017574899829924,7.06350994032756e-08,7.051117671650733e-08,0.8,0.0,10.0,1.113817806666097e-07,0.0,1.3914926747222328e-06,1.5028744553888426e-06,Canada,CAN,,gcp,northamerica-northeast2,Linux-6.8.0-1032-gcp-x86_64-with-glibc2.35,3.12.11,3.0.4,2,Intel(R) Xeon(R) CPU @ 2.60GHz,,,,,15.61648178100586,machine,Y,1.0
2025-08-07T12:19:02,scipy-benchmark,f8022544-5023-4293-9fe5-314d5ebf1b3a,scipy_LMC001_f7d9627c,1.0019244810100645,7.065151339169884e-08,7.051580706010229e-08,0.8000072,0.0,10.0,1.114193809943466e-07,0.0,1.3918043081907348e-06,1.5032236891850817e-06,Canada,CAN,,gcp,northamerica-northeast2,Linux-6.8.0-1032-gcp-x86_64-with-glibc2.35,3.12.11,3.0.4,2,Intel(R) Xeon(R) CPU @ 2.60GHz,,,,,15.61648178100586,machine,Y,1.0
2025-08-07T12:19:04,scipy-benchmark,8b98b3a0-7ff7-4634-b43b-03981186a72c,scipy_LMC001_f7d9627c,1.001743484986946,7.063162102539923e-08,7.05086901826166e-08,0.8,0.0,10.0,1.1138579999614105e-07,0.0,1.3914146473527784e-06,1.5028004473489194e-06,Canada,CAN,,gcp,northamerica-northeast2,Linux-6.8.0-1032-gcp-x86_64-with-glibc2.35,3.12.11,3.0.4,2,Intel(R) Xeon(R) CPU @ 2.60GHz,,,,,15.61648178100586,machine,Y,1.0
2025-08-07T12:19:06,scipy-benchmark,51d44a16-b851-4dc6-bb08-a9368bd37f96,scipy_LMC001_f7d9627c,1.001755018951371,7.063333325737363e-08,7.050958759489122e-08,0.8,0.0,10.0,1.1138986377045513e-07,0.0,1.3914470140460051e-06,1.5028368778164602e-06,Canada,CAN,,gcp,northamerica-northeast2,Linux-6.8.0-1032-gcp-x86_64-with-glibc2.35,3.12.11,3.0.4,2,Intel(R) Xeon(R) CPU @ 2.60GHz,,,,,15.61648178100586,machine,Y,1.0
2025-08-07T12:19:09,scipy-benchmark,470d90e0-dbd5-4554-a67d-66a0b074a07e,scipy_LMC001_f7d9627c,1.0017309810500592,7.06308927198665e-08,7.050884324834205e-08,0.8,0.0,10.0,1.1138020978412697e-07,0.0,1.3914047417023943e-06,1.5027849514865213e-06,Canada,CAN,,gcp,northamerica-northeast2,Linux-6.8.0-1032-gcp-x86_64-with-glibc2.35,3.12.11,3.0.4,2,Intel(R) Xeon(R) CPU @ 2.60GHz,,,,,15.61648178100586,machine,Y,1.0
2025-08-07T12:19:11,scipy-benchmark,03d6f7d6-dacc-4b32-9324-fd10b4014917,scipy_LMC001_f7d9627c,1.0017209409270436,7.063008751758994e-08,7.050874613065916e-08,0.8,0.0,10.0,1.1137923044669961e-07,0.0,1.3913885890764908e-06,1.5027678195231903e-06,Canada,CAN,,gcp,northamerica-northeast2,Linux-6.8.0-1032-gcp-x86_64-with-glibc2.35,3.12.11,3.0.4,2,Intel(R) Xeon(R) CPU @ 2.60GHz,,,,,15.61648178100586,machine,Y,1.0
2025-08-07T12:19:13,scipy-benchmark,469db71d-eaf9-4f22-a71e-5f68e457e3d7,scipy_LMC001_f7d9627c,1.001768308924511,7.063685874017475e-08,7.051217143813404e-08,0.8,0.0,10.0,1.113897046695153e-07,0.0,1.3915221834193089e-06,1.502911888088824e-06,Canada,CAN,,gcp,northamerica-northeast2,Linux-6.8.0-1032-gcp-x86_64-with-glibc2.35,3.12.11,3.0.4,2,Intel(R) Xeon(R) CPU @ 2.60GHz,,,,,15.61648178100586,machine,Y,1.0
2025-08-07T12:19:15,scipy-benchmark,3ead90a9-9707-49cf-afe2-03ffd2f8760e,scipy_LMC001_f7d9627c,1.001742934808135,7.063073877317626e-08,7.050784819031863e-08,0.8,0.0,10.0,1.1138178754804865e-07,0.0,1.3913998884769775e-06,1.5027816760250265e-06,Canada,CAN,,gcp,northamerica-northeast2,Linux-6.8.0-1032-gcp-x86_64-with-glibc2.35,3.12.11,3.0.4,2,Intel(R) Xeon(R) CPU @ 2.60GHz,,,,,15.61648178100586,machine,Y,1.0
2025-08-07T12:19:17,scipy-benchmark,04583a26-8e1f-4f38-b17c-12016d9d6954,scipy_LMC001_f7d9627c,1.0018017189577222,7.064477286361056e-08,7.05177197510797e-08,0.8,0.0,10.0,1.114024455762572e-07,0.0,1.3916778281175845e-06,1.5030802736938415e-06,Canada,CAN,,gcp,northamerica-northeast2,Linux-6.8.0-1032-gcp-x86_64-with-glibc2.35,3.12.11,3.0.4,2,Intel(R) Xeon(R) CPU @ 2.60GHz,,,,,15.61648178100586,machine,Y,1.0
2025-08-07T12:19:20,scipy-benchmark,b4607fc4-3e89-44f1-b89b-969141bf4be0,scipy_LMC001_f7d9627c,1.0017019279766828,7.063181511967237e-08,7.051180909908014e-08,0.8,0.0,10.0,1.113784659860863e-07,0.0,1.3914261110282192e-06,1.5028045770143056e-06,Canada,CAN,,gcp,northamerica-northeast2,Linux-6.8.0-1032-gcp-x86_64-with-glibc2.35,3.12.11,3.0.4,2,Intel(R) Xeon(R) CPU @ 2.60GHz,,,,,15.61648178100586,machine,Y,1.0
2025-08-07T12:19:22,scipy-benchmark,c64caa5e-9998-4107-8188-6e8a969b3f99,scipy_LMC001_f7d9627c,1.0017262040637434,7.063273479101353e-08,7.051101838453946e-08,0.8,0.0,10.0,1.1137643001145788e-07,0.0,1.3914477144781914e-06,1.5028241444896494e-06,Canada,CAN,,gcp,northamerica-northeast2,Linux-6.8.0-1032-gcp-x86_64-with-glibc2.35,3.12.11,3.0.4,2,Intel(R) Xeon(R) CPU @ 2.60GHz,,,,,15.61648178100586,machine,Y,1.0
2025-08-07T12:19:24,scipy-benchmark,d970dc93-a7bc-4126-8366-e3472ef01628,scipy_LMC001_f7d9627c,1.0018528068903834,7.065035159756535e-08,7.051969222590147e-08,0.8,0.0,10.0,1.1141388666712577e-07,0.0,1.3917850834938388e-06,1.5031989701609646e-06,Canada,CAN,,gcp,northamerica-northeast2,Linux-6.8.0-1032-gcp-x86_64-with-glibc2.35,3.12.11,3.0.4,2,Intel(R) Xeon(R) CPU @ 2.60GHz,,,,,15.61648178100586,machine,Y,1.0
2025-08-07T12:19:26,scipy-benchmark,9114e8f0-ea7a-4923-b040-75737b69a379,scipy_LMC001_f7d9627c,1.0018184059299529,7.06411204646445e-08,7.05128993902551e-08,0.8,0.0,10.0,1.1140224622148609e-07,0.0,1.3916003168560566e-06,1.5030025630775426e-06,Canada,CAN,,gcp,northamerica-northeast2,Linux-6.8.0-1032-gcp-x86_64-with-glibc2.35,3.12.11,3.0.4,2,Intel(R) Xeon(R) CPU @ 2.60GHz,,,,,15.61648178100586,machine,Y,1.0
2025-08-07T12:19:28,scipy-benchmark,c7f88cd9-5b0e-4e99-8144-c3e7445d14fb,scipy_LMC001_f7d9627c,1.0016828631050885,7.0630507714851e-08,7.051184593086227e-08,0.8000072,0.0,10.0,1.113752959261137e-07,0.0,1.391401463964333e-06,1.5027767598904469e-06,Canada,CAN,,gcp,northamerica-northeast2,Linux-6.8.0-1032-gcp-x86_64-with-glibc2.35,3.12.11,3.0.4,2,Intel(R) Xeon(R) CPU @ 2.60GHz,,,,,15.61648178100586,machine,Y,1.0
2025-08-07T12:19:30,scipy-benchmark,f4edac7c-00af-4c83-af32-9c80982a0272,scipy_LMC001_f7d9627c,1.0017195879481733,7.06335609615566e-08,7.051230884506874e-08,0.8000072,0.0,10.0,1.1137784772119397e-07,0.0,1.3914638748651164e-06,1.5028417225863105e-06,Canada,CAN,,gcp,northamerica-northeast2,Linux-6.8.0-1032-gcp-x86_64-with-glibc2.35,3.12.11,3.0.4,2,Intel(R) Xeon(R) CPU @ 2.60GHz,,,,,15.61648178100586,machine,Y,1.0
2025-08-07T12:19:33,scipy-benchmark,fefd81f2-7650-4f4c-a63f-cf4d1688ba81,scipy_LMC001_f7d9627c,1.0016647370066494,7.062659400184122e-08,7.050921470281564e-08,0.8,0.0,10.0,1.1137412022799256e-07,0.0,1.3913193691728845e-06,1.5026934894008768e-06,Canada,CAN,,gcp,northamerica-northeast2,Linux-6.8.0-1032-gcp-x86_64-with-glibc2.35,3.12.11,3.0.4,2,Intel(R) Xeon(R) CPU @ 2.60GHz,,,,,15.61648178100586,machine,Y,1.0
2025-08-07T12:19:35,scipy-benchmark,61d533e9-49a7-4fcf-9334-9b0891b399c3,scipy_LMC001_f7d9627c,1.0016449699178338,7.063043843900474e-08,7.051444429935952e-08,0.8,0.0,10.0,1.113714335175852e-07,0.0,1.391403852418686e-06,1.5027752859362711e-06,Canada,CAN,,gcp,northamerica-northeast2,Linux-6.8.0-1032-gcp-x86_64-with-glibc2.35,3.12.11,3.0.4,2,Intel(R) Xeon(R) CPU @ 2.60GHz,,,,,15.61648178100586,machine,Y,1.0
2025-08-07T12:19:37,scipy-benchmark,42776c9a-c539-46f0-9def-511b9e75152f,scipy_LMC001_f7d9627c,1.0016446060035378,7.062638187100594e-08,7.051042001094397e-08,0.8,0.0,10.0,1.113766842107806e-07,0.0,1.3913122917680693e-06,1.50268897597885e-06,Canada,CAN,,gcp,northamerica-northeast2,Linux-6.8.0-1032-gcp-x86_64-with-glibc2.35,3.12.11,3.0.4,2,Intel(R) Xeon(R) CPU @ 2.60GHz,,,,,15.61648178100586,machine,Y,1.0
2025-08-07T12:19:39,scipy-benchmark,f9c96d2a-50b9-4d6a-9b08-7473410d0f06,scipy_LMC001_f7d9627c,1.0016786179039627,7.062844869152953e-08,7.051008919339949e-08,0.8,0.0,10.0,1.1137706222426561e-07,0.0,1.3913558886593417e-06,1.5027329508836071e-06,Canada,CAN,,gcp,northamerica-northeast2,Linux-6.8.0-1032-gcp-x86_64-with-glibc2.35,3.12.11,3.0.4,2,Intel(R) Xeon(R) CPU @ 2.60GHz,,,,,15.61648178100586,machine,Y,1.0
2025-08-07T12:19:41,scipy-benchmark,07b24925-4f8c-406e-bf69-5d47cdc4ff2e,scipy_LMC001_f7d9627c,1.001635120017454,7.062183695402927e-08,7.050655028230105e-08,0.8,0.0,10.0,1.1136645844413177e-07,0.0,1.3912258171735124e-06,1.5025922756176442e-06,Canada,CAN,,gcp,northamerica-northeast2,Linux-6.8.0-1032-gcp-x86_64-with-glibc2.35,3.12.11,3.0.4,2,Intel(R) Xeon(R) CPU @ 2.60GHz,,,,,15.61648178100586,machine,Y,1.0
2025-08-07T12:19:43,scipy-benchmark,bfb290bc-f4ab-444d-a2c2-f8e162dc4363,scipy_LMC001_f7d9627c,1.0017685028724372,7.063322671593373e-08,7.050853217425226e-08,0.8,0.0,10.0,1.113849142048922e-07,0.0,1.3914496967724214e-06,1.5028346109773136e-06,Canada,CAN,,gcp,northamerica-northeast2,Linux-6.8.0-1032-gcp-x86_64-with-glibc2.35,3.12.11,3.0.4,2,Intel(R) Xeon(R) CPU @ 2.60GHz,,,,,15.61648178100586,machine,Y,1.0
2025-08-07T12:19:46,scipy-benchmark,6f3b48be-1646-4c8e-bae2-12cc4d07842a,scipy_LMC001_f7d9627c,1.0017494768835604,7.06324203245135e-08,7.050906634286524e-08,0.8,0.0,10.0,1.113859817592634e-07,0.0,1.3914314719537896e-06,1.502817453713053e-06,Canada,CAN,,gcp,northamerica-northeast2,Linux-6.8.0-1032-gcp-x86_64-with-glibc2.35,3.12.11,3.0.4,2,Intel(R) Xeon(R) CPU @ 2.60GHz,,,,,15.61648178100586,machine,Y,1.0
2025-08-07T12:19:48,scipy-benchmark,46f429bf-3410-4e52-ab94-3a28e4ae7fd2,scipy_LMC001_f7d9627c,1.001749801915139,7.063091493180642e-08,7.050754070205423e-08,0.8,0.0,10.0,1.113796993158758e-07,0.0,1.391405724765112e-06,1.502785424080988e-06,Canada,CAN,,gcp,northamerica-northeast2,Linux-6.8.0-1032-gcp-x86_64-with-glibc2.35,3.12.11,3.0.4,2,Intel(R) Xeon(R) CPU @ 2.60GHz,,,,,15.61648178100586,machine,Y,1.0
2025-08-07T12:19:50,scipy-benchmark,b83644c9-2f4a-48f5-8899-150f65e6d3da,scipy_LMC001_f7d9627c,1.001725723966956,7.063062596259018e-08,7.050894698289695e-08,0.8,0.0,10.0,1.1138178418493937e-07,0.0,1.3913974916148515e-06,1.502779275799791e-06,Canada,CAN,,gcp,northamerica-northeast2,Linux-6.8.0-1032-gcp-x86_64-with-glibc2.35,3.12.11,3.0.4,2,Intel(R) Xeon(R) CPU @ 2.60GHz,,,,,15.61648178100586,machine,Y,1.0
2025-08-07T12:19:52,scipy-benchmark,9c8c6c9d-a286-48dd-bf1b-001a37e5e325,scipy_LMC001_f7d9627c,1.0016434011049569,7.062815404773898e-08,7.051227409857235e-08,0.8,0.0,10.0,1.1136589535615513e-07,0.0,1.3913607865106317e-06,1.5027266818667863e-06,Canada,CAN,,gcp,northamerica-northeast2,Linux-6.8.0-1032-gcp-x86_64-with-glibc2.35,3.12.11,3.0.4,2,Intel(R) Xeon(R) CPU @ 2.60GHz,,,,,15.61648178100586,machine,Y,1.0
2025-08-07T12:19:54,scipy-benchmark,06878efb-0491-49be-9115-7d2f69541f0b,scipy_LMC001_f7d9627c,1.001732184085995,7.062995601385934e-08,7.050782348408207e-08,0.8,0.0,10.0,1.113827771300243e-07,0.0,1.3913822444414512e-06,1.5027650215714754e-06,Canada,CAN,,gcp,northamerica-northeast2,Linux-6.8.0-1032-gcp-x86_64-with-glibc2.35,3.12.11,3.0.4,2,Intel(R) Xeon(R) CPU @ 2.60GHz,,,,,15.61648178100586,machine,Y,1.0
2025-08-07T12:19:56,scipy-benchmark,507f374d-dee8-4c58-9a81-17c94b100007,scipy_LMC001_f7d9627c,1.0017300890758634,7.063589064588047e-08,7.051389532588058e-08,0.8,0.0,10.0,1.113805815887948e-07,0.0,1.3915107087490874e-06,1.502891290337882e-06,Canada,CAN,,gcp,northamerica-northeast2,Linux-6.8.0-1032-gcp-x86_64-with-glibc2.35,3.12.11,3.0.4,2,Intel(R) Xeon(R) CPU @ 2.60GHz,,,,,15.61648178100586,machine,Y,1.0
2025-08-07T12:19:59,scipy-benchmark,391b9da5-a5c6-4e4f-b985-d87c8c66bd4d,scipy_LMC001_f7d9627c,1.0017421359661969,7.064083724052438e-08,7.051798532203116e-08,0.8,0.0,10.0,1.1138664242914985e-07,0.0,1.3916098946032838e-06,1.5029965370324336e-06,Canada,CAN,,gcp,northamerica-northeast2,Linux-6.8.0-1032-gcp-x86_64-with-glibc2.35,3.12.11,3.0.4,2,Intel(R) Xeon(R) CPU @ 2.60GHz,,,,,15.61648178100586,machine,Y,1.0
2025-08-07T12:20:01,scipy-benchmark,954c1d42-28a7-4c41-aa0b-a06f46ba6900,scipy_LMC001_f7d9627c,1.0017100560944527,7.063122014049441e-08,7.05106429857329e-08,0.8,0.0,10.0,1.113850315515366e-07,0.0,1.3914068863313232e-06,1.5027919178828595e-06,Canada,CAN,,gcp,northamerica-northeast2,Linux-6.8.0-1032-gcp-x86_64-with-glibc2.35,3.12.11,3.0.4,2,Intel(R) Xeon(R) CPU @ 2.60GHz,,,,,15.61648178100586,machine,Y,1.0
2025-08-07T12:20:03,scipy-benchmark,a59b9ea1-20ee-4bf5-9f40-72588db7fd89,scipy_LMC001_f7d9627c,1.0017355880700052,7.063674462007315e-08,7.05143607368143e-08,0.8000072,0.0,10.0,1.1139465990065861e-07,0.0,1.3915148001008978e-06,1.5029094600015565e-06,Canada,CAN,,gcp,northamerica-northeast2,Linux-6.8.0-1032-gcp-x86_64-with-glibc2.35,3.12.11,3.0.4,2,Intel(R) Xeon(R) CPU @ 2.60GHz,,,,,15.61648178100586,machine,Y,1.0
2025-08-07T12:20:05,scipy-benchmark,723c40aa-9ac5-4714-9dbd-2595dd308876,scipy_LMC001_f7d9627c,1.0017057419754565,7.063318288176219e-08,7.05129060580875e-08,0.8,0.0,10.0,1.113903475407925e-07,0.0,1.3914433307945728e-06,1.5028336783353654e-06,Canada,CAN,,gcp,northamerica-northeast2,Linux-6.8.0-1032-gcp-x86_64-with-glibc2.35,3.12.11,3.0.4,2,Intel(R) Xeon(R) CPU @ 2.60GHz,,,,,15.61648178100586,machine,Y,1.0
2025-08-07T12:20:07,scipy-benchmark,5fe45c1c-aa91-42a0-97ef-cc988dc55634,scipy_LMC001_f7d9627c,1.0016587239224464,7.062727525838031e-08,7.0510318106957e-08,0.8,0.0,10.0,1.1137340667967997e-07,0.0,1.3913345775411777e-06,1.5027079842208577e-06,Canada,CAN,,gcp,northamerica-northeast2,Linux-6.8.0-1032-gcp-x86_64-with-glibc2.35,3.12.11,3.0.4,2,Intel(R) Xeon(R) CPU @ 2.60GHz,,,,,15.61648178100586,machine,Y,1.0
2025-08-07T12:20:10,scipy-benchmark,d3a264ac-edf2-4f9b-8042-c7d862060730,scipy_LMC001_f7d9627c,1.0017111159395429,7.062763149203318e-08,7.050698586467104e-08,0.8,0.0,10.0,1.1138126357562012e-07,0.0,1.3913343000846603e-06,1.5027155636602804e-06,Canada,CAN,,gcp,northamerica-northeast2,Linux-6.8.0-1032-gcp-x86_64-with-glibc2.35,3.12.11,3.0.4,2,Intel(R) Xeon(R) CPU @ 2.60GHz,,,,,15.61648178100586,machine,Y,1.0
2025-08-07T12:20:12,scipy-benchmark,fea42661-9ada-463f-a21b-9d3606cdae21,scipy_LMC001_f7d9627c,1.0017109878826886,7.063624343855514e-08,7.051559211490593e-08,0.8,0.0,10.0,1.1138811045222813e-07,0.0,1.3915106861127748e-06,1.5028987965650029e-06,Canada,CAN,,gcp,northamerica-northeast2,Linux-6.8.0-1032-gcp-x86_64-with-glibc2.35,3.12.11,3.0.4,2,Intel(R) Xeon(R) CPU @ 2.60GHz,,,,,15.61648178100586,machine,Y,1.0
2025-08-07T12:20:14,scipy-benchmark,49060370-bb29-40ef-915e-df7d1d970f4c,scipy_LMC001_f7d9627c,1.001773264957592,7.062971754798976e-08,7.050469404469456e-08,0.8,0.0,10.0,1.1138020890454453e-07,0.0,1.3913797389250249e-06,1.5027599478295694e-06,Canada,CAN,,gcp,northamerica-northeast2,Linux-6.8.0-1032-gcp-x86_64-with-glibc2.35,3.12.11,3.0.4,2,Intel(R) Xeon(R) CPU @ 2.60GHz,,,,,15.61648178100586,machine,Y,1.0
2025-08-07T12:20:16,scipy-benchmark,250dda7f-6b39-47b4-bf2d-4458485e735a,scipy_LMC001_f7d9627c,1.0017775851301849,7.06454724084017e-08,7.052011689722629e-08,0.8,0.0,10.0,1.1140154359034369e-07,0.0,1.391693614035224e-06,1.5030951576255677e-06,Canada,CAN,,gcp,northamerica-northeast2,Linux-6.8.0-1032-gcp-x86_64-with-glibc2.35,3.12.11,3.0.4,2,Intel(R) Xeon(R) CPU @ 2.60GHz,,,,,15.61648178100586,machine,Y,1.0
2025-08-07T12:20:18,scipy-benchmark,13bf7400-9378-4add-9e24-d82a75b13070,scipy_LMC001_f7d9627c,1.001694851089269,7.063308368674999e-08,7.051357367959087e-08,0.8,0.0,10.0,1.1137968177596728e-07,0.0,1.3914518860272235e-06,1.5028315678031908e-06,Canada,CAN,,gcp,northamerica-northeast2,Linux-6.8.0-1032-gcp-x86_64-with-glibc2.35,3.12.11,3.0.4,2,Intel(R) Xeon(R) CPU @ 2.60GHz,,,,,15.61648178100586,machine,Y,1.0
2025-08-07T12:20:21,scipy-benchmark,027c7140-c63d-4e8f-8933-e2cd99b764c5,scipy_LMC001_f7d9627c,1.0016670250333846,7.06320499512367e-08,7.051450051366381e-08,0.8,0.0,10.0,1.1138172069978385e-07,0.0,1.3914278527307842e-06,1.502809573430568e-06,Canada,CAN,,gcp,northamerica-northeast2,Linux-6.8.0-1032-gcp-x86_64-with-glibc2.35,3.12.11,3.0.4,2,Intel(R) Xeon(R) CPU @ 2.60GHz,,,,,15.61648178100586,machine,Y,1.0
2025-08-07T12:20:23,scipy-benchmark,20767c0f-88d1-4570-bd8b-42e56285e319,scipy_LMC001_f7d9627c,1.001557890092954,7.668526635296314e-08,7.656598496353119e-08,1.7272709000000002,0.0,10.0,2.404349534707564e-07,0.0,1.3911664582944166e-06,1.631601411765173e-06,Canada,CAN,,gcp,northamerica-northeast2,Linux-6.8.0-1032-gcp-x86_64-with-glibc2.35,3.12.11,3.0.4,2,Intel(R) Xeon(R) CPU @ 2.60GHz,,,,,15.61648178100586,machine,Y,1.0
2025-08-07T12:20:25,scipy-benchmark,1e2ea38b-0d63-4c6a-9964-3b3ca6d8a5ba,scipy_LMC001_f7d9627c,1.001718772109598,7.062922800622054e-08,7.050804075227313e-08,0.8,0.0,10.0,1.1137891555618909e-07,0.0,1.3913706164910562e-06,1.5027495320472453e-06,Canada,CAN,,gcp,northamerica-northeast2,Linux-6.8.0-1032-gcp-x86_64-with-glibc2.35,3.12.11,3.0.4,2,Intel(R) Xeon(R) CPU @ 2.60GHz,,,,,15.61648178100586,machine,Y,1.0
2025-08-07T12:20:27,scipy-benchmark,252f6315-717d-408a-af00-5afcd9bc39cf,scipy_LMC001_f7d9627c,1.0017413250170648,7.063530957895434e-08,7.051252435627636e-08,0.8,0.0,10.0,1.113944022088415e-07,0.0,1.3914845250029532e-06,1.5028789272117946e-06,Canada,CAN,,gcp,northamerica-northeast2,Linux-6.8.0-1032-gcp-x86_64-with-glibc2.35,3.12.11,3.0.4,2,Intel(R) Xeon(R) CPU @ 2.60GHz,,,,,15.61648178100586,machine,Y,1.0
2025-08-07T12:20:29,scipy-benchmark,7bfb6593-4a1a-4d74-8046-46fb012ddb21,scipy_LMC001_f7d9627c,1.0016669689211994,7.06231856107867e-08,7.05056548753407e-08,0.8,0.0,10.0,1.11367531793399e-07,0.0,1.3912534386488713e-06,1.5026209704422705e-06,Canada,CAN,,gcp,northamerica-northeast2,Linux-6.8.0-1032-gcp-x86_64-with-glibc2.35,3.12.11,3.0.4,2,Intel(R) Xeon(R) CPU @ 2.60GHz,,,,,15.61648178100586,machine,Y,1.0
2025-08-07T12:20:31,scipy-benchmark,2ea762b5-3bef-4b69-8f71-dcd4566556f6,scipy_LMC001_f7d9627c,1.0016984520480037,7.06317878594745e-08,7.051202656354877e-08,0.8000576,0.0,10.0,1.1139416666463405e-07,0.0,1.3914098303454618e-06,1.5028039970100956e-06,Canada,CAN,,gcp,northamerica-northeast2,Linux-6.8.0-1032-gcp-x86_64-with-glibc2.35,3.12.11,3.0.4,2,Intel(R) Xeon(R) CPU @ 2.60GHz,,,,,15.61648178100586,machine,Y,1.0
2025-08-07T12:20:34,scipy-benchmark,65198497-f25c-4634-a9f2-4c83c9674958,scipy_LMC001_f7d9627c,1.0017011859454217,7.063079275154612e-08,7.051084070034684e-08,0.8,0.0,10.0,1.1138866107083029e-07,0.0,1.3913941634301509e-06,1.5027828245009812e-06,Canada,CAN,,gcp,northamerica-northeast2,Linux-6.8.0-1032-gcp-x86_64-with-glibc2.35,3.12.11,3.0.4,2,Intel(R) Xeon(R) CPU @ 2.60GHz,,,,,15.61648178100586,machine,Y,1.0
2025-08-07T12:20:36,scipy-benchmark,0128be56-104a-497c-a167-398b267ab844,scipy_LMC001_f7d9627c,1.0016899190377444,7.06265002503836e-08,7.050734853978534e-08,0.8,0.0,10.0,1.1137594199842881e-07,0.0,1.3913155526905838e-06,1.502691494689013e-06,Canada,CAN,,gcp,northamerica-northeast2,Linux-6.8.0-1032-gcp-x86_64-with-glibc2.35,3.12.11,3.0.4,2,Intel(R) Xeon(R) CPU @ 2.60GHz,,,,,15.61648178100586,machine,Y,1.0
2025-08-07T12:20:38,scipy-benchmark,ff80753a-ec2b-43d8-bc4a-b9791abd9623,scipy_LMC001_f7d9627c,1.001716708065942,7.063356885981436e-08,7.05125194489265e-08,0.8,0.0,10.0,1.1138492113807137e-07,0.0,1.3914569694962768e-06,1.5028418906343482e-06,Canada,CAN,,gcp,northamerica-northeast2,Linux-6.8.0-1032-gcp-x86_64-with-glibc2.35,3.12.11,3.0.4,2,Intel(R) Xeon(R) CPU @ 2.60GHz,,,,,15.61648178100586,machine,Y,1.0
2025-08-07T12:20:40,scipy-benchmark,c34e3055-f102-46de-a3f2-d68b673206d5,scipy_LMC001_f7d9627c,1.0016128770075738,7.06102610218287e-08,7.049655874311885e-08,0.8,0.0,10.0,1.1134728442670573e-07,0.0,1.390998694761139e-06,1.5023459791878446e-06,Canada,CAN,,gcp,northamerica-northeast2,Linux-6.8.0-1032-gcp-x86_64-with-glibc2.35,3.12.11,3.0.4,2,Intel(R) Xeon(R) CPU @ 2.60GHz,,,,,15.61648178100586,machine,Y,1.0
2025-08-07T12:20:42,scipy-benchmark,9547a01a-2ca5-4619-b368-be2c4099163d,scipy_LMC001_f7d9627c,1.0017441979143769,7.063759345954492e-08,7.051460203773757e-08,0.8,0.0,10.0,1.113930286632644e-07,0.0,1.3915344917525848e-06,1.502927520415849e-06,Canada,CAN,,gcp,northamerica-northeast2,Linux-6.8.0-1032-gcp-x86_64-with-glibc2.35,3.12.11,3.0.4,2,Intel(R) Xeon(R) CPU @ 2.60GHz,,,,,15.61648178100586,machine,Y,1.0
2025-08-07T12:20:45,scipy-benchmark,baf77c2f-195b-4236-bb83-151911447996,scipy_LMC001_f7d9627c,1.0015995679423213,7.06257546220182e-08,7.05129643447343e-08,0.8,0.0,10.0,1.1136341933161022e-07,0.0,1.3913122109240955e-06,1.502675630255706e-06,Canada,CAN,,gcp,northamerica-northeast2,Linux-6.8.0-1032-gcp-x86_64-with-glibc2.35,3.12.11,3.0.4,2,Intel(R) Xeon(R) CPU @ 2.60GHz,,,,,15.61648178100586,machine,Y,1.0
2025-08-07T12:20:47,scipy-benchmark,5c2ff566-fa74-4341-893d-08102e45d305,scipy_LMC001_f7d9627c,1.001710247946903,7.063175908445954e-08,7.051116750500035e-08,0.8004608000000001,0.0,10.0,1.1144915956199172e-07,0.0,1.3913542252137428e-06,1.5028033847757346e-06,Canada,CAN,,gcp,northamerica-northeast2,Linux-6.8.0-1032-gcp-x86_64-with-glibc2.35,3.12.11,3.0.4,2,Intel(R) Xeon(R) CPU @ 2.60GHz,,,,,15.61648178100586,machine,Y,1.0
2025-08-07T12:20:49,scipy-benchmark,0b74edd2-ec37-4edf-857b-21c2740e9f86,scipy_LMC001_f7d9627c,1.0016104660462588,7.06210079859011e-08,7.05074581185931e-08,0.8,0.0,10.0,1.1135850463890369e-07,0.0,1.391216133358992e-06,1.5025746379978957e-06,Canada,CAN,,gcp,northamerica-northeast2,Linux-6.8.0-1032-gcp-x86_64-with-glibc2.35,3.12.11,3.0.4,2,Intel(R) Xeon(R) CPU @ 2.60GHz,,,,,15.61648178100586,machine,Y,1.0
2025-08-07T12:20:51,scipy-benchmark,be32d35b-64fc-4711-bb82-bebdb193e062,scipy_LMC001_f7d9627c,1.0016762469895184,7.062504864150347e-08,7.050686172679357e-08,0.8,0.0,10.0,1.1137142865401177e-07,0.0,1.3912891807396792e-06,1.502660609393691e-06,Canada,CAN,,gcp,northamerica-northeast2,Linux-6.8.0-1032-gcp-x86_64-with-glibc2.35,3.12.11,3.0.4,2,Intel(R) Xeon(R) CPU @ 2.60GHz,,,,,15.61648178100586,machine,Y,1.0
2025-08-07T12:20:53,scipy-benchmark,b456dfeb-01ce-4db9-8498-9b2dc8b855a8,scipy_LMC001_f7d9627c,1.001689693890512,7.061749551802253e-08,7.049837484475634e-08,0.8,0.0,10.0,1.1136317687729997e-07,0.0,1.3911367277614774e-06,1.5024999046387773e-06,Canada,CAN,,gcp,northamerica-northeast2,Linux-6.8.0-1032-gcp-x86_64-with-glibc2.35,3.12.11,3.0.4,2,Intel(R) Xeon(R) CPU @ 2.60GHz,,,,,15.61648178100586,machine,Y,1.0
2025-08-07T12:20:55,scipy-benchmark,c439cb3e-86f3-40b7-9f40-f9f5e9a3a029,scipy_LMC001_f7d9627c,1.0017942518461496,7.063410784223948e-08,7.050759945175557e-08,0.8,0.0,10.0,1.1138351396140125e-07,0.0,1.391469844384119e-06,1.5028533583455202e-06,Canada,CAN,,gcp,northamerica-northeast2,Linux-6.8.0-1032-gcp-x86_64-with-glibc2.35,3.12.11,3.0.4,2,Intel(R) Xeon(R) CPU @ 2.60GHz,,,,,15.61648178100586,machine,Y,1.0
2025-08-07T12:20:58,scipy-benchmark,74dd4a7f-86b4-4193-b845-7278ae967e25,scipy_LMC001_f7d9627c,1.0017219129949808,7.062955955237461e-08,7.05081506515157e-08,0.8,0.0,10.0,1.1137921958126957e-07,0.0,1.3913773666394669e-06,1.5027565862207365e-06,Canada,CAN,,gcp,northamerica-northeast2,Linux-6.8.0-1032-gcp-x86_64-with-glibc2.35,3.12.11,3.0.4,2,Intel(R) Xeon(R) CPU @ 2.60GHz,,,,,15.61648178100586,machine,Y,1.0
2025-08-07T12:21:00,scipy-benchmark,fc202626-f3e5-42c2-8d25-3343302c7baf,scipy_LMC001_f7d9627c,1.0026831950526685,7.06313283854009e-08,7.04423179064957e-08,0.8,0.0,10.0,1.1138033225304553e-07,0.0,1.391413888712931e-06,1.5027942209659763e-06,Canada,CAN,,gcp,northamerica-northeast2,Linux-6.8.0-1032-gcp-x86_64-with-glibc2.35,3.12.11,3.0.4,2,Intel(R) Xeon(R) CPU @ 2.60GHz,,,,,15.61648178100586,machine,Y,1.0
2025-08-07T12:21:02,scipy-benchmark,a528964b-79e9-4002-8cb1-f050998584ae,scipy_LMC001_f7d9627c,1.0016847709193826,7.062645308831192e-08,7.050766382670309e-08,0.8,0.0,10.0,1.1137589444923733e-07,0.0,1.3913145967914417e-06,1.5026904912406789e-06,Canada,CAN,,gcp,northamerica-northeast2,Linux-6.8.0-1032-gcp-x86_64-with-glibc2.35,3.12.11,3.0.4,2,Intel(R) Xeon(R) CPU @ 2.60GHz,,,,,15.61648178100586,machine,Y,1.0
2025-08-07T12:21:04,scipy-benchmark,364bd86a-6a08-4738-9504-17abd9a150cd,scipy_LMC001_f7d9627c,1.0016408420633525,7.062399300653488e-08,7.050830002204324e-08,0.8,0.0,10.0,1.1136995219729013e-07,0.0,1.39126819687792e-06,1.5026381490752102e-06,Canada,CAN,,gcp,northamerica-northeast2,Linux-6.8.0-1032-gcp-x86_64-with-glibc2.35,3.12.11,3.0.4,2,Intel(R) Xeon(R) CPU @ 2.60GHz,,,,,15.61648178100586,machine,Y,1.0
2025-08-07T12:21:06,scipy-benchmark,a5c19acd-16de-4b60-8f3d-455c75ed84fc,scipy_LMC001_f7d9627c,1.00163869606331,7.06177207622677e-08,7.050218910253064e-08,0.8,0.0,10.0,1.1136776622798709e-07,0.0,1.3911369308415385e-06,1.5025046970695255e-06,Canada,CAN,,gcp,northamerica-northeast2,Linux-6.8.0-1032-gcp-x86_64-with-glibc2.35,3.12.11,3.0.4,2,Intel(R) Xeon(R) CPU @ 2.60GHz,,,,,15.61648178100586,machine,Y,1.0
2025-08-07T12:21:08,scipy-benchmark,f4de45d2-3f3a-46f5-8b2c-3cbc3eb7d6fe,scipy_LMC001_f7d9627c,1.0016858079470694,7.062670119621587e-08,7.050783852170528e-08,0.8,0.0,10.0,1.1137967287666269e-07,0.0,1.3913160972555894e-06,1.502695770132252e-06,Canada,CAN,,gcp,northamerica-northeast2,Linux-6.8.0-1032-gcp-x86_64-with-glibc2.35,3.12.11,3.0.4,2,Intel(R) Xeon(R) CPU @ 2.60GHz,,,,,15.61648178100586,machine,Y,1.0
2025-08-07T12:21:11,scipy-benchmark,f80a5f34-bb11-4cfb-bccb-0f94c56ad738,scipy_LMC001_f7d9627c,1.0016858580056578,7.062917225386222e-08,7.051030189692796e-08,0.8,0.0,10.0,1.113831484690309e-07,0.0,1.391365197357825e-06,1.502748345826856e-06,Canada,CAN,,gcp,northamerica-northeast2,Linux-6.8.0-1032-gcp-x86_64-with-glibc2.35,3.12.11,3.0.4,2,Intel(R) Xeon(R) CPU @ 2.60GHz,,,,,15.61648178100586,machine,Y,1.0
2025-08-07T12:21:13,scipy-benchmark,b3a2265d-c01a-4f34-91e3-0d574bdae3cf,scipy_LMC001_f7d9627c,1.0015821640845388,7.06188208867744e-08,7.050726682151041e-08,0.8,0.0,10.0,1.1136304266336892e-07,0.0,1.3911650613105544e-06,1.5025281039739231e-06,Canada,CAN,,gcp,northamerica-northeast2,Linux-6.8.0-1032-gcp-x86_64-with-glibc2.35,3.12.11,3.0.4,2,Intel(R) Xeon(R) CPU @ 2.60GHz,,,,,15.61648178100586,machine,Y,1.0
2025-08-07T12:21:15,scipy-benchmark,d226efab-1954-4c14-aacf-6cd2fe8c4f90,scipy_LMC001_f7d9627c,1.001645744079724,7.061939835465618e-08,7.05033678544092e-08,0.8,0.0,10.0,1.1137064867135553e-07,0.0,1.3911697418532438e-06,1.5025403905245993e-06,Canada,CAN,,gcp,northamerica-northeast2,Linux-6.8.0-1032-gcp-x86_64-with-glibc2.35,3.12.11,3.0.4,2,Intel(R) Xeon(R) CPU @ 2.60GHz,,,,,15.61648178100586,machine,Y,1.0
2025-08-07T12:21:17,scipy-benchmark,149df269-34ed-42b9-b0da-db613d7ce806,scipy_LMC001_f7d9627c,1.0016851550899446,7.062115884057453e-08,7.050235144418529e-08,0.8,0.0,10.0,1.1137426711825865e-07,0.0,1.3912035805535398e-06,1.5025778476717984e-06,Canada,CAN,,gcp,northamerica-northeast2,Linux-6.8.0-1032-gcp-x86_64-with-glibc2.35,3.12.11,3.0.4,2,Intel(R) Xeon(R) CPU @ 2.60GHz,,,,,15.61648178100586,machine,Y,1.0
2025-08-07T12:21:19,scipy-benchmark,80c169f4-0bc3-42f5-b468-b0444a66393c,scipy_LMC001_f7d9627c,1.0016521620564165,7.062187132125513e-08,7.050538499938614e-08,0.8,0.0,10.0,1.1136830401503385e-07,0.0,1.3912247028201815e-06,1.5025930068352156e-06,Canada,CAN,,gcp,northamerica-northeast2,Linux-6.8.0-1032-gcp-x86_64-with-glibc2.35,3.12.11,3.0.4,2,Intel(R) Xeon(R) CPU @ 2.60GHz,,,,,15.61648178100586,machine,Y,1.0
2025-08-07T12:21:21,scipy-benchmark,16d4129b-91ad-4e35-b78d-7940edf17b91,scipy_LMC001_f7d9627c,1.0018282558303326,7.063858372200695e-08,7.050967399942265e-08,0.8,0.0,10.0,1.1139727088933193e-07,0.0,1.3915513189406031e-06,1.502948589829935e-06,Canada,CAN,,gcp,northamerica-northeast2,Linux-6.8.0-1032-gcp-x86_64-with-glibc2.35,3.12.11,3.0.4,2,Intel(R) Xeon(R) CPU @ 2.60GHz,,,,,15.61648178100586,machine,Y,1.0
2025-08-07T12:21:24,scipy-benchmark,15535080-e3db-426b-8a11-1645827356cf,scipy_LMC001_f7d9627c,1.0016755878459662,7.063089290225049e-08,7.05127426077512e-08,0.8,0.0,10.0,1.113809832992653e-07,0.0,1.3914039720677666e-06,1.502784955367032e-06,Canada,CAN,,gcp,northamerica-northeast2,Linux-6.8.0-1032-gcp-x86_64-with-glibc2.35,3.12.11,3.0.4,2,Intel(R) Xeon(R) CPU @ 2.60GHz,,,,,15.61648178100586,machine,Y,1.0
2025-08-07T12:21:26,scipy-benchmark,cbc769a2-3aed-498f-94c9-6fc0cf07f972,scipy_LMC001_f7d9627c,1.0016746420878917,7.063126141156277e-08,7.051317707747786e-08,0.8,0.0,10.0,1.1137582356524141e-07,0.0,1.3914169724254558e-06,1.5027927959906972e-06,Canada,CAN,,gcp,northamerica-northeast2,Linux-6.8.0-1032-gcp-x86_64-with-glibc2.35,3.12.11,3.0.4,2,Intel(R) Xeon(R) CPU @ 2.60GHz,,,,,15.61648178100586,machine,Y,1.0
2025-08-07T12:21:28,scipy-benchmark,16063ab1-121f-4337-b7f1-ee783f018bce,scipy_LMC001_f7d9627c,1.0016539101488888,7.062322459232789e-08,7.05066129895407e-08,0.8,0.0,10.0,1.1136252489975757e-07,0.0,1.3912592749370056e-06,1.502621799836763e-06,Canada,CAN,,gcp,northamerica-northeast2,Linux-6.8.0-1032-gcp-x86_64-with-glibc2.35,3.12.11,3.0.4,2,Intel(R) Xeon(R) CPU @ 2.60GHz,,,,,15.61648178100586,machine,Y,1.0
2025-08-07T12:21:30,scipy-benchmark,d9982333-6305-4486-99e0-55430400018e,scipy_LMC001_f7d9627c,1.001600441057235,7.061655855059831e-08,7.050372150002181e-08,0.8,0.0,10.0,1.1135332426056269e-07,0.0,1.3911266449011033e-06,1.502479969161666e-06,Canada,CAN,,gcp,northamerica-northeast2,Linux-6.8.0-1032-gcp-x86_64-with-glibc2.35,3.12.11,3.0.4,2,Intel(R) Xeon(R) CPU @ 2.60GHz,,,,,15.61648178100586,machine,Y,1.0
2025-08-07T12:21:32,scipy-benchmark,61abc37a-067b-4e6b-9a8d-1c720ad471e8,scipy_LMC001_f7d9627c,1.00255742110312,7.061824381405799e-08,7.043810392062763e-08,0.8,0.0,10.0,1.1135720358126697e-07,0.0,1.391158622249754e-06,1.502515825831021e-06,Canada,CAN,,gcp,northamerica-northeast2,Linux-6.8.0-1032-gcp-x86_64-with-glibc2.35,3.12.11,3.0.4,2,Intel(R) Xeon(R) CPU @ 2.60GHz,,,,,15.61648178100586,machine,Y,1.0
2025-08-07T12:21:35,scipy-benchmark,1dc5e39c-0560-4ceb-8a1b-bea4345bc599,scipy_LMC001_f7d9627c,1.0016568989958614,7.062759129703046e-08,7.051076208613254e-08,0.8,0.0,10.0,1.1137596647151645e-07,0.0,1.39133874197594e-06,1.5027147084474566e-06,Canada,CAN,,gcp,northamerica-northeast2,Linux-6.8.0-1032-gcp-x86_64-with-glibc2.35,3.12.11,3.0.4,2,Intel(R) Xeon(R) CPU @ 2.60GHz,,,,,15.61648178100586,machine,Y,1.0
2025-08-07T12:21:37,scipy-benchmark,7a44ff91-5ffa-4637-8732-83a12b326767,scipy_LMC001_f7d9627c,1.001786280889064,7.063625350858398e-08,7.051030230309782e-08,0.8,0.0,10.0,1.1140203843307165e-07,0.0,1.3914969723878635e-06,1.5028990108209353e-06,Canada,CAN,,gcp,northamerica-northeast2,Linux-6.8.0-1032-gcp-x86_64-with-glibc2.35,3.12.11,3.0.4,2,Intel(R) Xeon(R) CPU @ 2.60GHz,,,,,15.61648178100586,machine,Y,1.0
2025-08-07T12:21:39,scipy-benchmark,e61f1699-2eed-4f1c-a3c7-3807b4e56d43,scipy_LMC001_f7d9627c,1.0016588740982115,7.062890384053916e-08,7.051193342057298e-08,0.8,0.0,10.0,1.11377306903402e-07,0.0,1.3913653280016864e-06,1.5027426349050885e-06,Canada,CAN,,gcp,northamerica-northeast2,Linux-6.8.0-1032-gcp-x86_64-with-glibc2.35,3.12.11,3.0.4,2,Intel(R) Xeon(R) CPU @ 2.60GHz,,,,,15.61648178100586,machine,Y,1.0
2025-08-07T12:21:41,scipy-benchmark,9ecbf9c9-e25e-4899-926a-a12aadcbba0e,scipy_LMC001_f7d9627c,1.0015602849889549,7.061353242060998e-08,7.050352682603494e-08,0.8,0.0,10.0,1.1135133066111145e-07,0.0,1.391064252756122e-06,1.5024155834172335e-06,Canada,CAN,,gcp,northamerica-northeast2,Linux-6.8.0-1032-gcp-x86_64-with-glibc2.35,3.12.11,3.0.4,2,Intel(R) Xeon(R) CPU @ 2.60GHz,,,,,15.61648178100586,machine,Y,1.0
2025-08-07T12:21:43,scipy-benchmark,7fc155fb-c133-4ba4-a4d1-f5670ef26187,scipy_LMC001_f7d9627c,1.001591162988916,7.061748814241341e-08,7.050530271421223e-08,0.8,0.0,10.0,1.1135186736161513e-07,0.0,1.3911478803493085e-06,1.5024997477109237e-06,Canada,CAN,,gcp,northamerica-northeast2,Linux-6.8.0-1032-gcp-x86_64-with-glibc2.35,3.12.11,3.0.4,2,Intel(R) Xeon(R) CPU @ 2.60GHz,,,,,15.61648178100586,machine,Y,1.0
2025-08-07T12:21:45,scipy-benchmark,a9ebb706-7465-46bf-9ee7-5b4e5a8059cb,scipy_LMC001_f7d9627c,1.0016555602196604,7.062153845585676e-08,7.050481349134591e-08,0.8,0.0,10.0,1.1136870469070144e-07,0.0,1.3912172199019957e-06,1.5025859245926971e-06,Canada,CAN,,gcp,northamerica-northeast2,Linux-6.8.0-1032-gcp-x86_64-with-glibc2.35,3.12.11,3.0.4,2,Intel(R) Xeon(R) CPU @ 2.60GHz,,,,,15.61648178100586,machine,Y,1.0
2025-08-07T12:21:48,scipy-benchmark,e3d6ba46-a331-46b4-a17b-1054fd90e5df,scipy_LMC001_f7d9627c,1.001797730801627,7.063419408677148e-08,7.050744068890115e-08,0.8,0.0,10.0,1.1138993506837224e-07,0.0,1.3914652582671907e-06,1.502855193335563e-06,Canada,CAN,,gcp,northamerica-northeast2,Linux-6.8.0-1032-gcp-x86_64-with-glibc2.35,3.12.11,3.0.4,2,Intel(R) Xeon(R) CPU @ 2.60GHz,,,,,15.61648178100586,machine,Y,1.0
2025-08-07T12:21:50,scipy-benchmark,d6e853b7-b1d4-47e3-b9ce-2dd291370886,scipy_LMC001_f7d9627c,1.001695808954537,7.062847542537688e-08,7.050890579156094e-08,0.8,0.0,10.0,1.1137634981423621e-07,0.0,1.3913571698746332e-06,1.5027335196888694e-06,Canada,CAN,,gcp,northamerica-northeast2,Linux-6.8.0-1032-gcp-x86_64-with-glibc2.35,3.12.11,3.0.4,2,Intel(R) Xeon(R) CPU @ 2.60GHz,,,,,15.61648178100586,machine,Y,1.0
2025-08-07T12:21:52,scipy-benchmark,a08eb185-193a-45c3-a01a-06735bbe567e,scipy_LMC001_f7d9627c,1.0017899919766933,7.063341004833477e-08,7.050720272116478e-08,0.8,0.0,10.0,1.113888006657362e-07,0.0,1.391449711000961e-06,1.502838511666697e-06,Canada,CAN,,gcp,northamerica-northeast2,Linux-6.8.0-1032-gcp-x86_64-with-glibc2.35,3.12.11,3.0.4,2,Intel(R) Xeon(R) CPU @ 2.60GHz,,,,,15.61648178100586,machine,Y,1.0
2025-08-07T12:21:54,scipy-benchmark,05f18430-6af0-4188-9fb6-b4574d9b1c2f,scipy_LMC001_f7d9627c,1.0016871511470526,7.062082000878744e-08,7.050187269340342e-08,0.8,0.0,10.0,1.113736218151947e-07,0.0,1.3911970166696444e-06,1.5025706384848391e-06,Canada,CAN,,gcp,northamerica-northeast2,Linux-6.8.0-1032-gcp-x86_64-with-glibc2.35,3.12.11,3.0.4,2,Intel(R) Xeon(R) CPU @ 2.60GHz,,,,,15.61648178100586,machine,Y,1.0
2025-08-07T12:21:56,scipy-benchmark,6fc295b2-ed4b-4648-b815-1cc2e663705b,scipy_LMC001_f7d9627c,1.001627378165722,7.061907251833731e-08,7.050433530247732e-08,0.8,0.0,10.0,1.1136979092326429e-07,0.0,1.3911636669136998e-06,1.502533457836964e-06,Canada,CAN,,gcp,northamerica-northeast2,Linux-6.8.0-1032-gcp-x86_64-with-glibc2.35,3.12.11,3.0.4,2,Intel(R) Xeon(R) CPU @ 2.60GHz,,,,,15.61648178100586,machine,Y,1.0
2025-08-07T12:21:58,scipy-benchmark,fd154540-4713-4d9d-824a-1694fb953207,scipy_LMC001_f7d9627c,1.001581353833899,7.061969953022587e-08,7.050820111606965e-08,0.8,0.0,10.0,1.1136150422195593e-07,0.0,1.3911852942934882e-06,1.502546798515444e-06,Canada,CAN,,gcp,northamerica-northeast2,Linux-6.8.0-1032-gcp-x86_64-with-glibc2.35,3.12.11,3.0.4,2,Intel(R) Xeon(R) CPU @ 2.60GHz,,,,,15.61648178100586,machine,Y,1.0
2025-08-07T12:22:01,scipy-benchmark,8fd6db25-d933-4c0f-8aeb-1f26f47ad5e4,scipy_LMC001_f7d9627c,1.0017503169365227,7.063488336334317e-08,7.051146595027138e-08,0.8,0.0,10.0,1.1138863933997025e-07,0.0,1.391481219454565e-06,1.5028698587945353e-06,Canada,CAN,,gcp,northamerica-northeast2,Linux-6.8.0-1032-gcp-x86_64-with-glibc2.35,3.12.11,3.0.4,2,Intel(R) Xeon(R) CPU @ 2.60GHz,,,,,15.61648178100586,machine,Y,1.0
2025-08-07T12:22:03,scipy-benchmark,26d9ee47-af92-44f4-ab63-10398f181071,scipy_LMC001_f7d9627c,1.0017491970211267,7.063723817185707e-08,7.05138954759425e-08,0.8,0.0,10.0,1.113920086580846e-07,0.0,1.391527952445257e-06,1.5029199611033415e-06,Canada,CAN,,gcp,northamerica-northeast2,Linux-6.8.0-1032-gcp-x86_64-with-glibc2.35,3.12.11,3.0.4,2,Intel(R) Xeon(R) CPU @ 2.60GHz,,,,,15.61648178100586,machine,Y,1.0
2025-08-07T12:22:05,scipy-benchmark,cc529f88-1491-452a-ba0e-d2e2bdcafb7e,scipy_LMC001_f7d9627c,1.0016997680068016,7.062656025228919e-08,7.050671519353854e-08,0.8,0.0,10.0,1.1138394355980888e-07,0.0,1.391308827765493e-06,1.502692771325302e-06,Canada,CAN,,gcp,northamerica-northeast2,Linux-6.8.0-1032-gcp-x86_64-with-glibc2.35,3.12.11,3.0.4,2,Intel(R) Xeon(R) CPU @ 2.60GHz,,,,,15.61648178100586,machine,Y,1.0
2025-08-07T12:22:07,scipy-benchmark,f51aa4bd-ff6f-4655-9e8f-df2584daf1f3,scipy_LMC001_f7d9627c,1.0015777049120516,7.061674410078882e-08,7.050550721572786e-08,0.8,0.0,10.0,1.1135498910314509e-07,0.0,1.3911289279349146e-06,1.5024839170380595e-06,Canada,CAN,,gcp,northamerica-northeast2,Linux-6.8.0-1032-gcp-x86_64-with-glibc2.35,3.12.11,3.0.4,2,Intel(R) Xeon(R) CPU @ 2.60GHz,,,,,15.61648178100586,machine,Y,1.0
2025-08-07T12:22:09,scipy-benchmark,ac598562-3464-46a5-9925-c4d9af4ff495,scipy_LMC001_f7d9627c,1.0015962480101734,7.06161806327032e-08,7.050363933869882e-08,0.8,0.0,10.0,1.1135451712956033e-07,0.0,1.391117411225827e-06,1.5024719283553871e-06,Canada,CAN,,gcp,northamerica-northeast2,Linux-6.8.0-1032-gcp-x86_64-with-glibc2.35,3.12.11,3.0.4,2,Intel(R) Xeon(R) CPU @ 2.60GHz,,,,,15.61648178100586,machine,Y,1.0
2025-08-07T12:22:11,scipy-benchmark,efb31288-4177-4613-9de3-cb43e00a43ce,scipy_LMC001_f7d9627c,1.0015462362207472,7.061609740734834e-08,7.05070768113636e-08,0.8000576,0.0,10.0,1.113636182748841e-07,0.0,1.391106539328272e-06,1.502470157603156e-06,Canada,CAN,,gcp,northamerica-northeast2,Linux-6.8.0-1032-gcp-x86_64-with-glibc2.35,3.12.11,3.0.4,2,Intel(R) Xeon(R) CPU @ 2.60GHz,,,,,15.61648178100586,machine,Y,1.0
2025-08-07T12:22:14,scipy-benchmark,282f98db-9e48-44b8-bb3b-186a313522a6,scipy_LMC001_f7d9627c,1.001780356047675,7.063574820640497e-08,7.051021491885133e-08,0.8,0.0,10.0,1.113994124655923e-07,0.0,1.391488847245152e-06,1.5028882597107442e-06,Canada,CAN,,gcp,northamerica-northeast2,Linux-6.8.0-1032-gcp-x86_64-with-glibc2.35,3.12.11,3.0.4,2,Intel(R) Xeon(R) CPU @ 2.60GHz,,,,,15.61648178100586,machine,Y,1.0
2025-08-07T12:22:16,scipy-benchmark,278b25e0-d8f0-4328-ae77-afda907e6f25,scipy_LMC001_f7d9627c,1.001673627877608,7.062988064914116e-08,7.051187001777711e-08,0.8,0.0,10.0,1.1138033220130537e-07,0.0,1.3913830858655274e-06,1.5027634180668327e-06,Canada,CAN,,gcp,northamerica-northeast2,Linux-6.8.0-1032-gcp-x86_64-with-glibc2.35,3.12.11,3.0.4,2,Intel(R) Xeon(R) CPU @ 2.60GHz,,,,,15.61648178100586,machine,Y,1.0
2025-08-07T12:22:18,scipy-benchmark,03c11791-d525-4275-8669-bca450dbf99a,scipy_LMC001_f7d9627c,1.0017296259757131,7.063067188931421e-08,7.050871817883786e-08,0.8,0.0,10.0,1.1137981733514205e-07,0.0,1.3914004356289905e-06,1.5027802529641325e-06,Canada,CAN,,gcp,northamerica-northeast2,Linux-6.8.0-1032-gcp-x86_64-with-glibc2.35,3.12.11,3.0.4,2,Intel(R) Xeon(R) CPU @ 2.60GHz,,,,,15.61648178100586,machine,Y,1.0
2025-08-07T12:22:20,scipy-benchmark,0cc3214d-f4e5-4110-bec4-23a6a417e002,scipy_LMC001_f7d9627c,1.0015281371306628,7.0616501555597e-08,7.05087545097938e-08,0.8,0.0,10.0,1.1134861202703584e-07,0.0,1.391130144475028e-06,1.5024787565020638e-06,Canada,CAN,,gcp,northamerica-northeast2,Linux-6.8.0-1032-gcp-x86_64-with-glibc2.35,3.12.11,3.0.4,2,Intel(R) Xeon(R) CPU @ 2.60GHz,,,,,15.61648178100586,machine,Y,1.0
2025-08-07T12:22:22,scipy-benchmark,6a182d6f-cd50-4656-9122-707e3d71bb39,scipy_LMC001_f7d9627c,1.001652203965932,7.061742571358466e-08,7.050094377467818e-08,0.8,0.0,10.0,1.1136464733216497e-07,0.0,1.3911337721058065e-06,1.5024984194379714e-06,Canada,CAN,,gcp,northamerica-northeast2,Linux-6.8.0-1032-gcp-x86_64-with-glibc2.35,3.12.11,3.0.4,2,Intel(R) Xeon(R) CPU @ 2.60GHz,,,,,15.61648178100586,machine,Y,1.0
2025-08-07T12:22:25,scipy-benchmark,64cf9f82-1a9b-4bb8-900c-e69f74f8657e,scipy_LMC001_f7d9627c,1.001649365061894,7.062126745997617e-08,7.050497901090601e-08,0.8,0.0,10.0,1.1135716979495352e-07,0.0,1.3912229889279435e-06,1.5025801587228971e-06,Canada,CAN,,gcp,northamerica-northeast2,Linux-6.8.0-1032-gcp-x86_64-with-glibc2.35,3.12.11,3.0.4,2,Intel(R) Xeon(R) CPU @ 2.60GHz,,,,,15.61648178100586,machine,Y,1.0
2025-08-07T12:22:27,scipy-benchmark,d91eddd2-c8fe-4bd7-a6b5-dc3ac02ecb48,scipy_LMC001_f7d9627c,1.0017114700749516,7.063364341231581e-08,7.051296258695206e-08,0.8,0.0,10.0,1.1138143488723385e-07,0.0,1.3914620419705496e-06,1.5028434768577833e-06,Canada,CAN,,gcp,northamerica-northeast2,Linux-6.8.0-1032-gcp-x86_64-with-glibc2.35,3.12.11,3.0.4,2,Intel(R) Xeon(R) CPU @ 2.60GHz,,,,,15.61648178100586,machine,Y,1.0
2025-08-07T12:22:29,scipy-benchmark,69a8497b-00b6-466b-8991-55cdf98a0798,scipy_LMC001_f7d9627c,1.0017025610432029,7.063346109275397e-08,7.051340771176042e-08,0.8,0.0,10.0,1.1138686444610361e-07,0.0,1.3914527332720656e-06,1.5028395977181692e-06,Canada,CAN,,gcp,northamerica-northeast2,Linux-6.8.0-1032-gcp-x86_64-with-glibc2.35,3.12.11,3.0.4,2,Intel(R) Xeon(R) CPU @ 2.60GHz,,,,,15.61648178100586,machine,Y,1.0
2025-08-07T12:22:31,scipy-benchmark,5b11ccea-9bec-48a7-914f-78b250ecf52b,scipy_LMC001_f7d9627c,1.0017398179043084,7.062967391930416e-08,7.050700457037347e-08,0.8,0.0,10.0,1.1137929486317769e-07,0.0,1.3913797246964854e-06,1.502759019559663e-06,Canada,CAN,,gcp,northamerica-northeast2,Linux-6.8.0-1032-gcp-x86_64-with-glibc2.35,3.12.11,3.0.4,2,Intel(R) Xeon(R) CPU @ 2.60GHz,,,,,15.61648178100586,machine,Y,1.0
2025-08-07T12:22:33,scipy-benchmark,a9f16e8c-c3fd-43a5-95cf-0187075b26c7,scipy_LMC001_f7d9627c,1.0016467010136694,7.062225004771931e-08,7.050614750315594e-08,0.8,0.0,10.0,1.1135818959317277e-07,0.0,1.3912428752519191e-06,1.5026010648450918e-06,Canada,CAN,,gcp,northamerica-northeast2,Linux-6.8.0-1032-gcp-x86_64-with-glibc2.35,3.12.11,3.0.4,2,Intel(R) Xeon(R) CPU @ 2.60GHz,,,,,15.61648178100586,machine,Y,1.0
2025-08-07T12:22:35,scipy-benchmark,549e2100-db18-4f6b-a683-515a4ef5f710,scipy_LMC001_f7d9627c,1.0016070848796517,7.061685039661824e-08,7.050354521514115e-08,0.8,0.0,10.0,1.1136451244561209e-07,0.0,1.39112166620584e-06,1.502486178651452e-06,Canada,CAN,,gcp,northamerica-northeast2,Linux-6.8.0-1032-gcp-x86_64-with-glibc2.35,3.12.11,3.0.4,2,Intel(R) Xeon(R) CPU @ 2.60GHz,,,,,15.61648178100586,machine,Y,1.0
2025-08-07T12:22:38,scipy-benchmark,df2d8e31-5066-4e35-942d-a5ae981c95f5,scipy_LMC001_f7d9627c,1.0015868458431214,7.061831182262137e-08,7.050642898886704e-08,0.8,0.0,10.0,1.1135607844011653e-07,0.0,1.3911611943816146e-06,1.502517272821731e-06,Canada,CAN,,gcp,northamerica-northeast2,Linux-6.8.0-1032-gcp-x86_64-with-glibc2.35,3.12.11,3.0.4,2,Intel(R) Xeon(R) CPU @ 2.60GHz,,,,,15.61648178100586,machine,Y,1.0
2025-08-07T12:22:40,scipy-benchmark,d3cefb4b-a5b5-42da-93f3-fbbe9ac0f1e0,scipy_LMC001_f7d9627c,1.0017850999720397,7.064109050016852e-08,7.05152137939965e-08,0.8,0.0,10.0,1.1140431468892429e-07,0.0,1.3915976108465755e-06,1.5030019255355e-06,Canada,CAN,,gcp,northamerica-northeast2,Linux-6.8.0-1032-gcp-x86_64-with-glibc2.35,3.12.11,3.0.4,2,Intel(R) Xeon(R) CPU @ 2.60GHz,,,,,15.61648178100586,machine,Y,1.0
2025-08-07T12:22:42,scipy-benchmark,81fdb909-99e1-4bb6-b23f-1b3b08762b27,scipy_LMC001_f7d9627c,1.0017129550687969,7.062812278955245e-08,7.050734687234005e-08,0.8,0.0,10.0,1.113799115539425e-07,0.0,1.3913461052450456e-06,1.502726016798988e-06,Canada,CAN,,gcp,northamerica-northeast2,Linux-6.8.0-1032-gcp-x86_64-with-glibc2.35,3.12.11,3.0.4,2,Intel(R) Xeon(R) CPU @ 2.60GHz,,,,,15.61648178100586,machine,Y,1.0
2025-08-07T12:22:44,scipy-benchmark,3081533e-c6a6-474d-b805-5c55e6ecd556,scipy_LMC001_f7d9627c,1.0016832880210131,7.06301530396514e-08,7.051146194042298e-08,0.8,0.0,10.0,1.1137481023454005e-07,0.0,1.3913944033750643e-06,1.5027692136096044e-06,Canada,CAN,,gcp,northamerica-northeast2,Linux-6.8.0-1032-gcp-x86_64-with-glibc2.35,3.12.11,3.0.4,2,Intel(R) Xeon(R) CPU @ 2.60GHz,,,,,15.61648178100586,machine,Y,1.0
2025-08-07T12:22:46,scipy-benchmark,ed19238c-ef75-43b5-879a-c7feab1f9fac,scipy_LMC001_f7d9627c,1.0016815119888631,7.063129210565347e-08,7.05127241146872e-08,0.8004608000000001,0.0,10.0,1.1144438233497409e-07,0.0,1.3913490667214824e-06,1.5027934490564563e-06,Canada,CAN,,gcp,northamerica-northeast2,Linux-6.8.0-1032-gcp-x86_64-with-glibc2.35,3.12.11,3.0.4,2,Intel(R) Xeon(R) CPU @ 2.60GHz,,,,,15.61648178100586,machine,Y,1.0
2025-08-07T12:22:48,scipy-benchmark,de68ee4b-3641-43e1-be07-2ec19ce1744f,scipy_LMC001_f7d9627c,1.001689991913736,7.062573789010961e-08,7.050658233609647e-08,0.8,0.0,10.0,1.1137816046054165e-07,0.0,1.3912971137971098e-06,1.5026752742576517e-06,Canada,CAN,,gcp,northamerica-northeast2,Linux-6.8.0-1032-gcp-x86_64-with-glibc2.35,3.12.11,3.0.4,2,Intel(R) Xeon(R) CPU @ 2.60GHz,,,,,15.61648178100586,machine,Y,1.0
2025-08-07T12:22:51,scipy-benchmark,5dd1e32f-e64a-4973-b224-cc8783517997,scipy_LMC001_f7d9627c,1.001696452032775,7.062262808477194e-08,7.050302308793766e-08,0.8,0.0,10.0,1.1136876626147165e-07,0.0,1.3912403419251656e-06,1.5026091081866372e-06,Canada,CAN,,gcp,northamerica-northeast2,Linux-6.8.0-1032-gcp-x86_64-with-glibc2.35,3.12.11,3.0.4,2,Intel(R) Xeon(R) CPU @ 2.60GHz,,,,,15.61648178100586,machine,Y,1.0
2025-08-07T12:22:53,scipy-benchmark,9dc1c35e-bb83-4e77-8b1e-3fe933030520,scipy_LMC001_f7d9627c,1.0018477959092706,7.063530154676281e-08,7.050502265431913e-08,0.8,0.0,10.0,1.113906728828119e-07,0.0,1.3914880834312903e-06,1.5028787563141023e-06,Canada,CAN,,gcp,northamerica-northeast2,Linux-6.8.0-1032-gcp-x86_64-with-glibc2.35,3.12.11,3.0.4,2,Intel(R) Xeon(R) CPU @ 2.60GHz,,,,,15.61648178100586,machine,Y,1.0
2025-08-07T12:22:55,scipy-benchmark,b2cd0a8f-5c1c-4630-9e82-d5d138953f74,scipy_LMC001_f7d9627c,1.00175298191607,7.063658036625323e-08,7.051297240078631e-08,0.8,0.0,10.0,1.113903735143443e-07,0.0,1.3915155917250863e-06,1.5029059652394306e-06,Canada,CAN,,gcp,northamerica-northeast2,Linux-6.8.0-1032-gcp-x86_64-with-glibc2.35,3.12.11,3.0.4,2,Intel(R) Xeon(R) CPU @ 2.60GHz,,,,,15.61648178100586,machine,Y,1.0
2025-08-07T12:22:57,scipy-benchmark,ceffa1b2-bc9f-4e38-b06d-c90b2f6c7abe,scipy_LMC001_f7d9627c,1.0017524098511783,7.064376843355905e-08,7.052018816111855e-08,0.8,0.0,10.0,1.1139973351317977e-07,0.0,1.3916591693285024e-06,1.503058902841682e-06,Canada,CAN,,gcp,northamerica-northeast2,Linux-6.8.0-1032-gcp-x86_64-with-glibc2.35,3.12.11,3.0.4,2,Intel(R) Xeon(R) CPU @ 2.60GHz,,,,,15.61648178100586,machine,Y,1.0
2025-08-07T12:22:59,scipy-benchmark,3ac64b4e-4396-4771-a27c-be93700c91fe,scipy_LMC001_f7d9627c,1.0017502941191196,7.062239865177414e-08,7.049900465851657e-08,0.8,0.0,10.0,1.1136963756548036e-07,0.0,1.391234589068012e-06,1.5026042266334924e-06,Canada,CAN,,gcp,northamerica-northeast2,Linux-6.8.0-1032-gcp-x86_64-with-glibc2.35,3.12.11,3.0.4,2,Intel(R) Xeon(R) CPU @ 2.60GHz,,,,,15.61648178100586,machine,Y,1.0
2025-08-07T12:23:02,scipy-benchmark,4c3c1ca1-a1c6-48eb-b23f-2cb591e9684e,scipy_LMC001_f7d9627c,1.0016369938384742,7.062287966161968e-08,7.050745938503989e-08,0.8,0.0,10.0,1.113641195309659e-07,0.0,1.391250341354559e-06,1.5026144608855248e-06,Canada,CAN,,gcp,northamerica-northeast2,Linux-6.8.0-1032-gcp-x86_64-with-glibc2.35,3.12.11,3.0.4,2,Intel(R) Xeon(R) CPU @ 2.60GHz,,,,,15.61648178100586,machine,Y,1.0
2025-08-07T12:23:04,scipy-benchmark,e9f154cc-30be-4123-807f-08579a5f6480,scipy_LMC001_f7d9627c,1.0016587630379945,7.062332468831707e-08,7.050637132561899e-08,0.8,0.0,10.0,1.1137067133353817e-07,0.0,1.3912532582051223e-06,1.5026239295386603e-06,Canada,CAN,,gcp,northamerica-northeast2,Linux-6.8.0-1032-gcp-x86_64-with-glibc2.35,3.12.11,3.0.4,2,Intel(R) Xeon(R) CPU @ 2.60GHz,,,,,15.61648178100586,machine,Y,1.0
2025-08-07T12:23:06,scipy-benchmark,d867b24d-b6c4-444c-bb55-6139bfbdf401,scipy_LMC001_f7d9627c,1.0016595961060375,7.06289349479549e-08,7.051191365063109e-08,0.8,0.0,10.0,1.1137163576980433e-07,0.0,1.3913716609951937e-06,1.502743296764998e-06,Canada,CAN,,gcp,northamerica-northeast2,Linux-6.8.0-1032-gcp-x86_64-with-glibc2.35,3.12.11,3.0.4,2,Intel(R) Xeon(R) CPU @ 2.60GHz,,,,,15.61648178100586,machine,Y,1.0
2025-08-07T12:23:08,scipy-benchmark,9177f237-4d51-44f6-bfd7-87b43b4fcb70,scipy_LMC001_f7d9627c,1.00162396999076,7.062652169266303e-08,7.051201230069858e-08,0.8,0.0,10.0,1.1137208114895556e-07,0.0,1.3913198697587684e-06,1.502691950907724e-06,Canada,CAN,,gcp,northamerica-northeast2,Linux-6.8.0-1032-gcp-x86_64-with-glibc2.35,3.12.11,3.0.4,2,Intel(R) Xeon(R) CPU @ 2.60GHz,,,,,15.61648178100586,machine,Y,1.0
2025-08-07T12:23:10,scipy-benchmark,38342c37-d8f5-4343-b60c-89bb738cb253,scipy_LMC001_f7d9627c,1.001675817882642,7.062820409269383e-08,7.05100421032314e-08,0.8,0.0,10.0,1.1137643311586644e-07,0.0,1.3913513135371938e-06,1.5027277466530604e-06,Canada,CAN,,gcp,northamerica-northeast2,Linux-6.8.0-1032-gcp-x86_64-with-glibc2.35,3.12.11,3.0.4,2,Intel(R) Xeon(R) CPU @ 2.60GHz,,,,,15.61648178100586,machine,Y,1.0
2025-08-07T12:23:12,scipy-benchmark,38c7d552-372a-4962-9670-be55a43114e7,scipy_LMC001_f7d9627c,1.001592910848558,7.062138093079235e-08,7.050906627420247e-08,0.8,0.0,10.0,1.1136279777727194e-07,0.0,1.3912197752183098e-06,1.5025825729955817e-06,Canada,CAN,,gcp,northamerica-northeast2,Linux-6.8.0-1032-gcp-x86_64-with-glibc2.35,3.12.11,3.0.4,2,Intel(R) Xeon(R) CPU @ 2.60GHz,,,,,15.61648178100586,machine,Y,1.0
2025-08-07T12:23:15,scipy-benchmark,844673de-24d7-463f-a863-d6a3a2c69371,scipy_LMC001_f7d9627c,1.0017199171707034,7.062252435569342e-08,7.05012680142793e-08,0.8,0.0,10.0,1.1137950399683585e-07,0.0,1.3912273971881303e-06,1.5026069011849663e-06,Canada,CAN,,gcp,northamerica-northeast2,Linux-6.8.0-1032-gcp-x86_64-with-glibc2.35,3.12.11,3.0.4,2,Intel(R) Xeon(R) CPU @ 2.60GHz,,,,,15.61648178100586,machine,Y,1.0
2025-08-07T12:23:17,scipy-benchmark,1544c4a6-3178-4dcb-96e8-3ac26762fdc7,scipy_LMC001_f7d9627c,1.001601408934221,7.061626355784636e-08,7.050335884909286e-08,0.8,0.0,10.0,1.113565899949107e-07,0.0,1.3911171027252244e-06,1.5024736927201352e-06,Canada,CAN,,gcp,northamerica-northeast2,Linux-6.8.0-1032-gcp-x86_64-with-glibc2.35,3.12.11,3.0.4,2,Intel(R) Xeon(R) CPU @ 2.60GHz,,,,,15.61648178100586,machine,Y,1.0
2025-08-07T12:23:19,scipy-benchmark,eb83436a-dd9f-4002-9cdc-e423f12cef0c,scipy_LMC001_f7d9627c,1.0016879220493138,7.062551109803219e-08,7.050650161932897e-08,0.8,0.0,10.0,1.1137389065697789e-07,0.0,1.3912965582373242e-06,1.502670448894302e-06,Canada,CAN,,gcp,northamerica-northeast2,Linux-6.8.0-1032-gcp-x86_64-with-glibc2.35,3.12.11,3.0.4,2,Intel(R) Xeon(R) CPU @ 2.60GHz,,,,,15.61648178100586,machine,Y,1.0
2025-08-07T12:23:21,scipy-benchmark,8724d1b5-9b2f-4bd4-90e9-a0049e6700b9,scipy_LMC001_f7d9627c,1.0017673140391707,7.063436468876899e-08,7.05097518144888e-08,0.8,0.0,10.0,1.1139076446286508e-07,0.0,1.3914680587024325e-06,1.5028588231652977e-06,Canada,CAN,,gcp,northamerica-northeast2,Linux-6.8.0-1032-gcp-x86_64-with-glibc2.35,3.12.11,3.0.4,2,Intel(R) Xeon(R) CPU @ 2.60GHz,,,,,15.61648178100586,machine,Y,1.0
2025-08-07T12:23:23,scipy-benchmark,fdd9fef8-34bb-4d98-b988-0ff41bfc5dc6,scipy_LMC001_f7d9627c,1.0018090747762471,7.063661750085238e-08,7.050906133649168e-08,0.8,0.0,10.0,1.1139557510614397e-07,0.0,1.3915111802311407e-06,1.5029067553372846e-06,Canada,CAN,,gcp,northamerica-northeast2,Linux-6.8.0-1032-gcp-x86_64-with-glibc2.35,3.12.11,3.0.4,2,Intel(R) Xeon(R) CPU @ 2.60GHz,,,,,15.61648178100586,machine,Y,1.0
2025-08-07T12:23:25,scipy-benchmark,ea61d262-e240-4427-a30c-f13f5f21cf91,scipy_LMC001_f7d9627c,1.001679970882833,7.0619538589717e-08,7.050109879653108e-08,0.8,0.0,10.0,1.1136642176037034e-07,0.0,1.3911769524889273e-06,1.5025433742492977e-06,Canada,CAN,,gcp,northamerica-northeast2,Linux-6.8.0-1032-gcp-x86_64-with-glibc2.35,3.12.11,3.0.4,2,Intel(R) Xeon(R) CPU @ 2.60GHz,,,,,15.61648178100586,machine,Y,1.0
2025-08-07T12:23:28,scipy-benchmark,ba48e229-cd89-4d89-84fd-dba5edf27605,scipy_LMC001_f7d9627c,1.001714183948934,7.062747557924339e-08,7.050661427276331e-08,0.8,0.0,10.0,1.1137667153444557e-07,0.0,1.3913355748324343e-06,1.50271224636688e-06,Canada,CAN,,gcp,northamerica-northeast2,Linux-6.8.0-1032-gcp-x86_64-with-glibc2.35,3.12.11,3.0.4,2,Intel(R) Xeon(R) CPU @ 2.60GHz,,,,,15.61648178100586,machine,Y,1.0
2025-08-07T12:23:30,scipy-benchmark,7d5130aa-0f88-43a2-8e74-0988c3eab54f,scipy_LMC001_f7d9627c,1.0015797798987478,7.0617067607456e-08,7.050568414489646e-08,0.8,0.0,10.0,1.113583946393596e-07,0.0,1.3911324055192789e-06,1.5024908001586384e-06,Canada,CAN,,gcp,northamerica-northeast2,Linux-6.8.0-1032-gcp-x86_64-with-glibc2.35,3.12.11,3.0.4,2,Intel(R) Xeon(R) CPU @ 2.60GHz,,,,,15.61648178100586,machine,Y,1.0
2025-08-07T12:23:32,scipy-benchmark,afee486e-3250-4ae1-a551-30007b3a78bf,scipy_LMC001_f7d9627c,1.0016348529607058,7.062807483350237e-08,7.05127967789207e-08,0.8,0.0,10.0,1.113741020154622e-07,0.0,1.391350894442035e-06,1.5027249964574972e-06,Canada,CAN,,gcp,northamerica-northeast2,Linux-6.8.0-1032-gcp-x86_64-with-glibc2.35,3.12.11,3.0.4,2,Intel(R) Xeon(R) CPU @ 2.60GHz,,,,,15.61648178100586,machine,Y,1.0
2025-08-07T12:23:34,scipy-benchmark,c94df1b7-8662-463f-8a44-2663cbfe1d4d,scipy_LMC001_f7d9627c,1.0016302929725498,7.062673613491159e-08,7.051178127341955e-08,0.8,0.0,10.0,1.1137278910933269e-07,0.0,1.3913237243994243e-06,1.502696513508757e-06,Canada,CAN,,gcp,northamerica-northeast2,Linux-6.8.0-1032-gcp-x86_64-with-glibc2.35,3.12.11,3.0.4,2,Intel(R) Xeon(R) CPU @ 2.60GHz,,,,,15.61648178100586,machine,Y,1.0
2025-08-07T12:23:36,scipy-benchmark,22b79cb8-b2cc-44fc-9a44-06b815d9399b,scipy_LMC001_f7d9627c,1.0016640331596136,7.062698000177949e-08,7.050964960676109e-08,0.8,0.0,10.0,1.1137861287635237e-07,0.0,1.3913230892891685e-06,1.5027017021655209e-06,Canada,CAN,,gcp,northamerica-northeast2,Linux-6.8.0-1032-gcp-x86_64-with-glibc2.35,3.12.11,3.0.4,2,Intel(R) Xeon(R) CPU @ 2.60GHz,,,,,15.61648178100586,machine,Y,1.0
2025-08-07T12:23:39,scipy-benchmark,7440ef23-00d9-433f-b63c-669b2c35496b,scipy_LMC001_f7d9627c,1.001664615934715,7.061999437099116e-08,7.050263456205979e-08,0.8,0.0,10.0,1.1137226912089521e-07,0.0,1.3911808026023208e-06,1.502553071723216e-06,Canada,CAN,,gcp,northamerica-northeast2,Linux-6.8.0-1032-gcp-x86_64-with-glibc2.35,3.12.11,3.0.4,2,Intel(R) Xeon(R) CPU @ 2.60GHz,,,,,15.61648178100586,machine,Y,1.0
2025-08-07T12:23:41,scipy-benchmark,62fd5af3-51bd-43c7-8fd8-fd45ed1da88a,scipy_LMC001_f7d9627c,1.001626448938623,7.062364449623661e-08,7.050896526451872e-08,0.8,0.0,10.0,1.1136768975605568e-07,0.0,1.3912630442064256e-06,1.5026307339624812e-06,Canada,CAN,,gcp,northamerica-northeast2,Linux-6.8.0-1032-gcp-x86_64-with-glibc2.35,3.12.11,3.0.4,2,Intel(R) Xeon(R) CPU @ 2.60GHz,,,,,15.61648178100586,machine,Y,1.0
2025-08-07T12:23:43,scipy-benchmark,66f7e27f-8478-4d11-bf25-870f6842c8e6,scipy_LMC001_f7d9627c,1.0016112520825118,7.061945365105445e-08,7.050585095187897e-08,0.8,0.0,10.0,1.1136505887326269e-07,0.0,1.3911765081704491e-06,1.5025415670437117e-06,Canada,CAN,,gcp,northamerica-northeast2,Linux-6.8.0-1032-gcp-x86_64-with-glibc2.35,3.12.11,3.0.4,2,Intel(R) Xeon(R) CPU @ 2.60GHz,,,,,15.61648178100586,machine,Y,1.0
2025-08-07T12:23:45,scipy-benchmark,31c87724-ad47-4828-a695-d1141964a6d7,scipy_LMC001_f7d9627c,1.001667778007686,7.063373899126115e-08,7.051613373423214e-08,0.8,0.0,10.0,1.113833688820402e-07,0.0,1.3914621415703248e-06,1.5028455104523649e-06,Canada,CAN,,gcp,northamerica-northeast2,Linux-6.8.0-1032-gcp-x86_64-with-glibc2.35,3.12.11,3.0.4,2,Intel(R) Xeon(R) CPU @ 2.60GHz,,,,,15.61648178100586,machine,Y,1.0
2025-08-07T12:23:47,scipy-benchmark,c2becb6a-6d1b-40d2-92e4-7e3011205498,scipy_LMC001_f7d9627c,1.0016417689621449,7.062762448483974e-08,7.051186030113424e-08,0.8,0.0,10.0,1.1137283153625e-07,0.0,1.3913425830348083e-06,1.5027154145710582e-06,Canada,CAN,,gcp,northamerica-northeast2,Linux-6.8.0-1032-gcp-x86_64-with-glibc2.35,3.12.11,3.0.4,2,Intel(R) Xeon(R) CPU @ 2.60GHz,,,,,15.61648178100586,machine,Y,1.0
2025-08-07T12:23:49,scipy-benchmark,0f4ad557-9df4-4095-b5ce-1640c664a2e6,scipy_LMC001_f7d9627c,1.0017482999246567,7.06423848794463e-08,7.051909634861314e-08,0.8,0.0,10.0,1.113975962313513e-07,0.0,1.3916318692887824e-06,1.5030294655201336e-06,Canada,CAN,,gcp,northamerica-northeast2,Linux-6.8.0-1032-gcp-x86_64-with-glibc2.35,3.12.11,3.0.4,2,Intel(R) Xeon(R) CPU @ 2.60GHz,,,,,15.61648178100586,machine,Y,1.0
2025-08-07T12:23:52,scipy-benchmark,4fb2b2f1-102c-4f2d-a471-837a104f8599,scipy_LMC001_f7d9627c,1.001626780955121,7.062384743978166e-08,7.05091445063369e-08,0.8,0.0,10.0,1.113704186346796e-07,0.0,1.3912646332755685e-06,1.502635051910248e-06,Canada,CAN,,gcp,northamerica-northeast2,Linux-6.8.0-1032-gcp-x86_64-with-glibc2.35,3.12.11,3.0.4,2,Intel(R) Xeon(R) CPU @ 2.60GHz,,,,,15.61648178100586,machine,Y,1.0
2025-08-07T12:23:54,scipy-benchmark,7f587652-ada1-4e32-b96f-fc90a4f6360b,scipy_LMC001_f7d9627c,1.0015926458872857,7.061618377457166e-08,7.05038960345147e-08,0.8,0.0,10.0,1.1135339266103181e-07,0.0,1.3911186025426206e-06,1.5024719952036523e-06,Canada,CAN,,gcp,northamerica-northeast2,Linux-6.8.0-1032-gcp-x86_64-with-glibc2.35,3.12.11,3.0.4,2,Intel(R) Xeon(R) CPU @ 2.60GHz,,,,,15.61648178100586,machine,Y,1.0
2025-08-07T12:23:56,scipy-benchmark,16286989-a100-4afe-8d13-547ed58832df,scipy_LMC001_f7d9627c,1.0016501140780747,7.062913404927692e-08,7.051277991844932e-08,0.8,0.0,10.0,1.1137574067753225e-07,0.0,1.3913717922858066e-06,1.5027475329633387e-06,Canada,CAN,,gcp,northamerica-northeast2,Linux-6.8.0-1032-gcp-x86_64-with-glibc2.35,3.12.11,3.0.4,2,Intel(R) Xeon(R) CPU @ 2.60GHz,,,,,15.61648178100586,machine,Y,1.0
2025-08-07T12:23:58,scipy-benchmark,5d954a7f-d1b4-4892-8a2c-ac73014f3284,scipy_LMC001_f7d9627c,1.0017490179743618,7.062887169231867e-08,7.050555620721987e-08,0.8,0.0,10.0,1.1137791510878337e-07,0.0,1.391364035791614e-06,1.5027419509003972e-06,Canada,CAN,,gcp,northamerica-northeast2,Linux-6.8.0-1032-gcp-x86_64-with-glibc2.35,3.12.11,3.0.4,2,Intel(R) Xeon(R) CPU @ 2.60GHz,,,,,15.61648178100586,machine,Y,1.0
2025-08-07T12:24:00,scipy-benchmark,199dbed2-26b4-4a55-973e-ab62eb3050e1,scipy_LMC001_f7d9627c,1.0018229850102216,7.063853647360682e-08,7.050999780453839e-08,0.8,0.0,10.0,1.1139091243967416e-07,0.0,1.3915566721051518e-06,1.502947584544826e-06,Canada,CAN,,gcp,northamerica-northeast2,Linux-6.8.0-1032-gcp-x86_64-with-glibc2.35,3.12.11,3.0.4,2,Intel(R) Xeon(R) CPU @ 2.60GHz,,,,,15.61648178100586,machine,Y,1.0
2025-08-07T12:24:03,scipy-benchmark,db838c54-b973-4b89-968d-9cb38d8bc498,scipy_LMC001_f7d9627c,1.0018373888451606,7.063734295754696e-08,7.050779272569586e-08,0.8,0.0,10.0,1.11395918401993e-07,0.0,1.391526272184112e-06,1.5029221905861052e-06,Canada,CAN,,gcp,northamerica-northeast2,Linux-6.8.0-1032-gcp-x86_64-with-glibc2.35,3.12.11,3.0.4,2,Intel(R) Xeon(R) CPU @ 2.60GHz,,,,,15.61648178100586,machine,Y,1.0
2025-08-07T12:24:05,scipy-benchmark,5b78654a-31fe-41e2-a8f1-14fdad29948e,scipy_LMC001_f7d9627c,1.00161596480757,7.061733787988003e-08,7.050340685558763e-08,0.8,0.0,10.0,1.11364939974414e-07,0.0,1.3911316106613311e-06,1.5024965506357452e-06,Canada,CAN,,gcp,northamerica-northeast2,Linux-6.8.0-1032-gcp-x86_64-with-glibc2.35,3.12.11,3.0.4,2,Intel(R) Xeon(R) CPU @ 2.60GHz,,,,,15.61648178100586,machine,Y,1.0
2025-08-07T12:24:07,scipy-benchmark,caf81653-98fe-46e7-a9c2-6ab35acece2c,scipy_LMC001_f7d9627c,1.0016627870500088,7.062105271861785e-08,7.050381987994532e-08,0.8,0.0,10.0,1.1136957289030157e-07,0.0,1.3912060168675251e-06,1.5025755897578267e-06,Canada,CAN,,gcp,northamerica-northeast2,Linux-6.8.0-1032-gcp-x86_64-with-glibc2.35,3.12.11,3.0.4,2,Intel(R) Xeon(R) CPU @ 2.60GHz,,,,,15.61648178100586,machine,Y,1.0
2025-08-07T12:24:09,scipy-benchmark,76c2a267-0e8e-45b6-b69c-1816396987fe,scipy_LMC001_f7d9627c,1.0016196030192075,7.062236526091065e-08,7.050817001587413e-08,0.8,0.0,10.0,1.1136479955166581e-07,0.0,1.3912387166379225e-06,1.5026035161895885e-06,Canada,CAN,,gcp,northamerica-northeast2,Linux-6.8.0-1032-gcp-x86_64-with-glibc2.35,3.12.11,3.0.4,2,Intel(R) Xeon(R) CPU @ 2.60GHz,,,,,15.61648178100586,machine,Y,1.0
2025-08-07T12:24:11,scipy-benchmark,add2ff5b-4fcf-4c1f-82a2-2f9a26ae8eb7,scipy_LMC001_f7d9627c,1.0017706360667944,7.063179916715146e-08,7.05069570061165e-08,0.8,0.0,10.0,1.11382518015388e-07,0.0,1.3914217195835793e-06,1.5028042375989671e-06,Canada,CAN,,gcp,northamerica-northeast2,Linux-6.8.0-1032-gcp-x86_64-with-glibc2.35,3.12.11,3.0.4,2,Intel(R) Xeon(R) CPU @ 2.60GHz,,,,,15.61648178100586,machine,Y,1.0
2025-08-07T12:24:13,scipy-benchmark,7f2e27b1-1702-4185-ab39-08b0f02f82cc,scipy_LMC001_f7d9627c,1.0016773859970272,7.062865519642623e-08,7.051038206889883e-08,0.8,0.0,10.0,1.1137449689623382e-07,0.0,1.3913628477085796e-06,1.5027373446048137e-06,Canada,CAN,,gcp,northamerica-northeast2,Linux-6.8.0-1032-gcp-x86_64-with-glibc2.35,3.12.11,3.0.4,2,Intel(R) Xeon(R) CPU @ 2.60GHz,,,,,15.61648178100586,machine,Y,1.0
2025-08-07T12:24:16,scipy-benchmark,940d98f8-11ab-409e-8b77-d7b2cff001ff,scipy_LMC001_f7d9627c,1.001737066078931,7.062810401980663e-08,7.05056310796845e-08,0.8,0.0,10.0,1.113780537723667e-07,0.0,1.3913475636703277e-06,1.5027256174426942e-06,Canada,CAN,,gcp,northamerica-northeast2,Linux-6.8.0-1032-gcp-x86_64-with-glibc2.35,3.12.11,3.0.4,2,Intel(R) Xeon(R) CPU @ 2.60GHz,,,,,15.61648178100586,machine,Y,1.0
2025-08-07T12:24:18,scipy-benchmark,a8530aba-0a74-404e-8a42-8e1ef16ce661,scipy_LMC001_f7d9627c,1.0016644841525704,7.062484075899961e-08,7.05074821722862e-08,0.8,0.0,10.0,1.1136522511434225e-07,0.0,1.3912909612473517e-06,1.5026561863616938e-06,Canada,CAN,,gcp,northamerica-northeast2,Linux-6.8.0-1032-gcp-x86_64-with-glibc2.35,3.12.11,3.0.4,2,Intel(R) Xeon(R) CPU @ 2.60GHz,,,,,15.61648178100586,machine,Y,1.0
2025-08-07T12:24:20,scipy-benchmark,4ac43458-8464-440d-8891-2d434182a115,scipy_LMC001_f7d9627c,1.0016744709573686,7.062857190651509e-08,7.05105041151848e-08,0.8,0.0,10.0,1.1137440309135452e-07,0.0,1.39136116938769e-06,1.5027355724790445e-06,Canada,CAN,,gcp,northamerica-northeast2,Linux-6.8.0-1032-gcp-x86_64-with-glibc2.35,3.12.11,3.0.4,2,Intel(R) Xeon(R) CPU @ 2.60GHz,,,,,15.61648178100586,machine,Y,1.0
2025-08-07T12:24:22,scipy-benchmark,bddb2882-b9c0-4100-93ba-0af36531eb2c,scipy_LMC001_f7d9627c,1.0015689530409873,7.062204159131379e-08,7.051141249625347e-08,0.8,0.0,10.0,1.1135468243931734e-07,0.0,1.3912419471631035e-06,1.5025966296024208e-06,Canada,CAN,,gcp,northamerica-northeast2,Linux-6.8.0-1032-gcp-x86_64-with-glibc2.35,3.12.11,3.0.4,2,Intel(R) Xeon(R) CPU @ 2.60GHz,,,,,15.61648178100586,machine,Y,1.0
2025-08-07T12:24:24,scipy-benchmark,2bfe89fc-07d3-4ff2-bfad-44cbf1051feb,scipy_LMC001_f7d9627c,1.0017800929490477,7.06319109551712e-08,7.05064030043205e-08,0.8,0.0,10.0,1.1138310821519958e-07,0.0,1.3914235078522729e-06,1.5028066160674724e-06,Canada,CAN,,gcp,northamerica-northeast2,Linux-6.8.0-1032-gcp-x86_64-with-glibc2.35,3.12.11,3.0.4,2,Intel(R) Xeon(R) CPU @ 2.60GHz,,,,,15.61648178100586,machine,Y,1.0
