timestamp,project_name,run_id,experiment_id,duration,emissions,emissions_rate,cpu_power,gpu_power,ram_power,cpu_energy,gpu_energy,ram_energy,energy_consumed,country_name,country_iso_code,region,cloud_provider,cloud_region,os,python_version,codecarbon_version,cpu_count,cpu_model,gpu_count,gpu_model,longitude,latitude,ram_total_size,tracking_mode,on_cloud,pue
2025-08-07T09:47:27,scipy-benchmark,ba7be1ec-a5c5-45fb-838f-133bc2a5cfdb,scipy_LMC001_f7d9627c,1.0017466619610786,7.671345732036342e-08,7.657969847404792e-08,1.7272709000000002,0.0,10.0,2.405164447036617e-07,0.0,1.3916847748785383e-06,1.6322012195822e-06,Canada,CAN,,gcp,northamerica-northeast2,Linux-6.8.0-1032-gcp-x86_64-with-glibc2.35,3.12.11,3.0.4,2,Intel(R) Xeon(R) CPU @ 2.60GHz,,,,,15.61648178100586,machine,Y,1.0
2025-08-07T09:47:30,scipy-benchmark,6050fe81-dea7-43b1-b2e6-a307abed99b2,scipy_LMC001_f7d9627c,1.001626720186323,7.651961712286962e-08,7.639534327582179e-08,1.7000000000000002,0.0,10.0,2.366542011473535e-07,0.0,1.3914227589137024e-06,1.6280769600610558e-06,Canada,CAN,,gcp,northamerica-northeast2,Linux-6.8.0-1032-gcp-x86_64-with-glibc2.35,3.12.11,3.0.4,2,Intel(R) Xeon(R) CPU @ 2.60GHz,,,,,15.61648178100586,machine,Y,1.0
2025-08-07T09:47:32,scipy-benchmark,2e91661d-05cb-4054-82fa-bb7871cbd231,scipy_LMC001_f7d9627c,1.0016041391063482,7.651755821294823e-08,7.63950099898936e-08,1.7000000000000002,0.0,10.0,2.366382617943196e-07,0.0,1.391394891672664e-06,1.6280331534669837e-06,Canada,CAN,,gcp,northamerica-northeast2,Linux-6.8.0-1032-gcp-x86_64-with-glibc2.35,3.12.11,3.0.4,2,Intel(R) Xeon(R) CPU @ 2.60GHz,,,,,15.61648178100586,machine,Y,1.0
2025-08-07T09:47:34,scipy-benchmark,bcbb3c22-1652-4a64-a831-ce252ab0174e,scipy_LMC001_f7d9627c,1.0016170679591596,7.65240123338881e-08,7.640046758569048e-08,1.7000000000000002,0.0,10.0,2.3665423929924146e-07,0.0,1.391516235889867e-06,1.6281704751891084e-06,Canada,CAN,,gcp,northamerica-northeast2,Linux-6.8.0-1032-gcp-x86_64-with-glibc2.35,3.12.11,3.0.4,2,Intel(R) Xeon(R) CPU @ 2.60GHz,,,,,15.61648178100586,machine,Y,1.0
2025-08-07T09:47:36,scipy-benchmark,d35c6bc4-da86-448a-bd39-7de27d1c78a1,scipy_LMC001_f7d9627c,1.0015459631104022,7.687768248208289e-08,7.67590158751491e-08,1.7550872000000004,0.0,10.0,2.443025828766084e-07,0.0,1.3913927890826015e-06,1.63569537195921e-06,Canada,CAN,,gcp,northamerica-northeast2,Linux-6.8.0-1032-gcp-x86_64-with-glibc2.35,3.12.11,3.0.4,2,Intel(R) Xeon(R) CPU @ 2.60GHz,,,,,15.61648178100586,machine,Y,1.0
2025-08-07T09:47:40,scipy-benchmark,8565097a-938d-48d0-91c5-25b10b721a2b,scipy_LMC001_f7d9627c,1.0016652049962431,7.688832431960364e-08,7.676050234758034e-08,1.7550872000000004,0.0,10.0,2.44344452388578e-07,0.0,1.391577341645542e-06,1.63592179403412e-06,Canada,CAN,,gcp,northamerica-northeast2,Linux-6.8.0-1032-gcp-x86_64-with-glibc2.35,3.12.11,3.0.4,2,Intel(R) Xeon(R) CPU @ 2.60GHz,,,,,15.61648178100586,machine,Y,1.0
2025-08-07T09:47:43,scipy-benchmark,fa9f79b6-e6f8-4051-91b8-43e80a4f6221,scipy_LMC001_f7d9627c,1.0016382180619985,7.669565339474222e-08,7.657021468603244e-08,1.7272709000000002,0.0,10.0,2.404406487492167e-07,0.0,1.3913817639048727e-06,1.6318224126540894e-06,Canada,CAN,,gcp,northamerica-northeast2,Linux-6.8.0-1032-gcp-x86_64-with-glibc2.35,3.12.11,3.0.4,2,Intel(R) Xeon(R) CPU @ 2.60GHz,,,,,15.61648178100586,machine,Y,1.0
2025-08-07T09:47:45,scipy-benchmark,7cd750b3-661b-433f-9394-29830cda7934,scipy_LMC001_f7d9627c,1.001699173822999,7.652205423550913e-08,7.639225052314022e-08,1.7000000000000002,0.0,10.0,2.366717942253066e-07,0.0,1.3914570192961642e-06,1.628128813521471e-06,Canada,CAN,,gcp,northamerica-northeast2,Linux-6.8.0-1032-gcp-x86_64-with-glibc2.35,3.12.11,3.0.4,2,Intel(R) Xeon(R) CPU @ 2.60GHz,,,,,15.61648178100586,machine,Y,1.0
2025-08-07T09:47:47,scipy-benchmark,a0f8bb5e-1440-4fa7-ae62-c31ea4ba43dc,scipy_LMC001_f7d9627c,1.0024144880007952,7.67605377441877e-08,7.657564676392309e-08,1.7272709000000002,0.0,10.0,2.4083488910173736e-07,0.0,1.3923680416256605e-06,1.6332029307273975e-06,Canada,CAN,,gcp,northamerica-northeast2,Linux-6.8.0-1032-gcp-x86_64-with-glibc2.35,3.12.11,3.0.4,2,Intel(R) Xeon(R) CPU @ 2.60GHz,,,,,15.61648178100586,machine,Y,1.0
2025-08-07T09:47:49,scipy-benchmark,4fc237ef-1065-4d7c-ad61-785c080027c8,scipy_LMC001_f7d9627c,1.0015959318261594,7.651746997161535e-08,7.63955478853682e-08,1.7000000000000002,0.0,10.0,2.3663684027916242e-07,0.0,1.3913944357126537e-06,1.628031275991816e-06,Canada,CAN,,gcp,northamerica-northeast2,Linux-6.8.0-1032-gcp-x86_64-with-glibc2.35,3.12.11,3.0.4,2,Intel(R) Xeon(R) CPU @ 2.60GHz,,,,,15.61648178100586,machine,Y,1.0
2025-08-07T09:51:09,scipy-benchmark,f018f519-ccee-44d9-a127-cd099d787e0a,scipy_LMC001_f7d9627c,1.001569481100887,7.650902596033284e-08,7.638913465717528e-08,1.7000000000000002,0.0,10.0,2.366313300250719e-07,0.0,1.3912202861522222e-06,1.627851616177294e-06,Canada,CAN,,gcp,northamerica-northeast2,Linux-6.8.0-1032-gcp-x86_64-with-glibc2.35,3.12.11,3.0.4,2,Intel(R) Xeon(R) CPU @ 2.60GHz,,,,,15.61648178100586,machine,Y,1.0
2025-08-07T09:51:11,scipy-benchmark,a07d4281-fb83-4216-8b0e-490234921752,scipy_LMC001_f7d9627c,1.003033806104213,9.145580466155857e-08,9.117918469445537e-08,3.9856452416000008,0.0,10.0,5.547193868451367e-07,0.0,1.3911487974433434e-06,1.94586818428848e-06,Canada,CAN,,gcp,northamerica-northeast2,Linux-6.8.0-1032-gcp-x86_64-with-glibc2.35,3.12.11,3.0.4,2,Intel(R) Xeon(R) CPU @ 2.60GHz,,,,,15.61648178100586,machine,Y,1.0
2025-08-07T09:51:13,scipy-benchmark,a3e99c12-e0f4-478f-bfdc-e464e37368b9,scipy_LMC001_f7d9627c,1.0015288339927793,7.633161465099461e-08,7.621509442387651e-08,1.6732691000000002,0.0,10.0,2.328801714886022e-07,0.0,1.3911967359793683e-06,1.6240769074679705e-06,Canada,CAN,,gcp,northamerica-northeast2,Linux-6.8.0-1032-gcp-x86_64-with-glibc2.35,3.12.11,3.0.4,2,Intel(R) Xeon(R) CPU @ 2.60GHz,,,,,15.61648178100586,machine,Y,1.0
2025-08-07T09:51:15,scipy-benchmark,ccb38f5c-83b5-46e7-a0b2-a284e0e12ca0,scipy_LMC001_f7d9627c,1.0016886070370674,7.671897827506517e-08,7.658964845571633e-08,1.7272709000000002,0.0,10.0,2.405008924444978e-07,0.0,1.3918177942590169e-06,1.6323186867035145e-06,Canada,CAN,,gcp,northamerica-northeast2,Linux-6.8.0-1032-gcp-x86_64-with-glibc2.35,3.12.11,3.0.4,2,Intel(R) Xeon(R) CPU @ 2.60GHz,,,,,15.61648178100586,machine,Y,1.0
2025-08-07T09:51:18,scipy-benchmark,334acebc-d438-404c-954d-d006b58bbd64,scipy_LMC001_f7d9627c,1.001453615957871,7.6677268862519e-08,7.656597134474238e-08,1.7272709000000002,0.0,10.0,2.40383791254569e-07,0.0,1.391047461139452e-06,1.6314312523940211e-06,Canada,CAN,,gcp,northamerica-northeast2,Linux-6.8.0-1032-gcp-x86_64-with-glibc2.35,3.12.11,3.0.4,2,Intel(R) Xeon(R) CPU @ 2.60GHz,,,,,15.61648178100586,machine,Y,1.0
2025-08-07T09:51:20,scipy-benchmark,4ad33ae4-a6aa-4c35-9b04-769b7b68f832,scipy_LMC001_f7d9627c,1.00144261890091,7.667404147075029e-08,7.656358938957537e-08,1.7272709000000002,0.0,10.0,2.403589679418038e-07,0.0,1.391003616542245e-06,1.6313625844840488e-06,Canada,CAN,,gcp,northamerica-northeast2,Linux-6.8.0-1032-gcp-x86_64-with-glibc2.35,3.12.11,3.0.4,2,Intel(R) Xeon(R) CPU @ 2.60GHz,,,,,15.61648178100586,machine,Y,1.0
2025-08-07T09:51:22,scipy-benchmark,81b5dde4-d030-40dd-99e6-10784691dee1,scipy_LMC001_f7d9627c,1.0023703998886049,8.183506482789884e-08,8.164154172648487e-08,2.5159616,0.0,10.0,3.501234259840531e-07,0.0,1.391048166098901e-06,1.741171592082954e-06,Canada,CAN,,gcp,northamerica-northeast2,Linux-6.8.0-1032-gcp-x86_64-with-glibc2.35,3.12.11,3.0.4,2,Intel(R) Xeon(R) CPU @ 2.60GHz,,,,,15.61648178100586,machine,Y,1.0
2025-08-07T09:51:24,scipy-benchmark,39249dc4-6162-4c9c-9ab5-a6cb0d36b39d,scipy_LMC001_f7d9627c,1.0061777520459143,1.1822861871035356e-07,1.1750271606577769e-07,8.0,0.0,10.0,1.1203365421129598e-06,0.0,1.3951659836392436e-06,2.5155025257522034e-06,Canada,CAN,,gcp,northamerica-northeast2,Linux-6.8.0-1032-gcp-x86_64-with-glibc2.35,3.12.11,3.0.4,2,Intel(R) Xeon(R) CPU @ 2.60GHz,,,,,15.61648178100586,machine,Y,1.0
2025-08-07T09:51:26,scipy-benchmark,cd8e1fa0-71fd-4e2e-86f3-07a19e57d137,scipy_LMC001_f7d9627c,1.00141984783113,7.64996439961445e-08,7.63911801446986e-08,1.7000000000000002,0.0,10.0,2.365780665810841e-07,0.0,1.3910739333368835e-06,1.627651999917968e-06,Canada,CAN,,gcp,northamerica-northeast2,Linux-6.8.0-1032-gcp-x86_64-with-glibc2.35,3.12.11,3.0.4,2,Intel(R) Xeon(R) CPU @ 2.60GHz,,,,,15.61648178100586,machine,Y,1.0
2025-08-07T09:51:29,scipy-benchmark,eb1cfc71-9926-4579-9194-0167cb562294,scipy_LMC001_f7d9627c,1.001529490109533,7.65032584406953e-08,7.6386426157385e-08,1.7000000000000002,0.0,10.0,2.3659053895001614e-07,0.0,1.3911383640435006e-06,1.6277289029935168e-06,Canada,CAN,,gcp,northamerica-northeast2,Linux-6.8.0-1032-gcp-x86_64-with-glibc2.35,3.12.11,3.0.4,2,Intel(R) Xeon(R) CPU @ 2.60GHz,,,,,15.61648178100586,machine,Y,1.0
2025-08-07T09:51:41,scipy-benchmark,853cde1a-b916-47d2-91ee-f8d93fba3e45,scipy_LMC001_f7d9627c,1.002692922949791,7.701889569746515e-08,7.681204677388733e-08,1.7550872000000004,0.0,10.0,2.448642415050851e-07,0.0,1.39383566695162e-06,1.638699908456705e-06,Canada,CAN,,gcp,northamerica-northeast2,Linux-6.8.0-1032-gcp-x86_64-with-glibc2.35,3.12.11,3.0.4,2,Intel(R) Xeon(R) CPU @ 2.60GHz,,,,,15.61648178100586,machine,Y,1.0
2025-08-07T09:51:43,scipy-benchmark,afb6a6de-2b7f-448d-b3e1-6a8f1d757bac,scipy_LMC001_f7d9627c,1.004561468958855,1.1702420127214237e-07,1.1649282287666113e-07,7.786152800000002,0.0,10.0,1.0902907089965217e-06,0.0,1.3995859138150182e-06,2.48987662281154e-06,Canada,CAN,,gcp,northamerica-northeast2,Linux-6.8.0-1032-gcp-x86_64-with-glibc2.35,3.12.11,3.0.4,2,Intel(R) Xeon(R) CPU @ 2.60GHz,,,,,15.61648178100586,machine,Y,1.0
2025-08-07T09:51:45,scipy-benchmark,bacc0ca1-c35a-4369-917a-572719062010,scipy_LMC001_f7d9627c,1.0014466689899564,7.686269993317557e-08,7.675166567851099e-08,1.7550872000000004,0.0,10.0,2.4425572491524736e-07,0.0,1.3911208694076373e-06,1.6353765943228846e-06,Canada,CAN,,gcp,northamerica-northeast2,Linux-6.8.0-1032-gcp-x86_64-with-glibc2.35,3.12.11,3.0.4,2,Intel(R) Xeon(R) CPU @ 2.60GHz,,,,,15.61648178100586,machine,Y,1.0
2025-08-07T09:51:48,scipy-benchmark,dc9c17f2-4014-4fc2-b66b-c1af2d7f27b5,scipy_LMC001_f7d9627c,1.0014979660045356,7.650718921783846e-08,7.639275546715586e-08,1.7000000000000002,0.0,10.0,2.366022226633504e-07,0.0,1.391210313886404e-06,1.6278125365497543e-06,Canada,CAN,,gcp,northamerica-northeast2,Linux-6.8.0-1032-gcp-x86_64-with-glibc2.35,3.12.11,3.0.4,2,Intel(R) Xeon(R) CPU @ 2.60GHz,,,,,15.61648178100586,machine,Y,1.0
2025-08-07T09:51:50,scipy-benchmark,0758e96d-8fed-4d50-b20a-369c286f7ed7,scipy_LMC001_f7d9627c,1.0015928270295262,7.686767021650267e-08,7.67454280243529e-08,1.7550872000000004,0.0,10.0,2.442695146343606e-07,0.0,1.391212830397611e-06,1.6354823450319715e-06,Canada,CAN,,gcp,northamerica-northeast2,Linux-6.8.0-1032-gcp-x86_64-with-glibc2.35,3.12.11,3.0.4,2,Intel(R) Xeon(R) CPU @ 2.60GHz,,,,,15.61648178100586,machine,Y,1.0
2025-08-07T09:51:52,scipy-benchmark,4b86d659-165a-4e69-8cf0-5cb68c85f6ef,scipy_LMC001_f7d9627c,1.0014587719924748,7.66796121442718e-08,7.656791701141344e-08,1.7272709000000002,0.0,10.0,2.4038008433006325e-07,0.0,1.3911010251225283e-06,1.6314811094525917e-06,Canada,CAN,,gcp,northamerica-northeast2,Linux-6.8.0-1032-gcp-x86_64-with-glibc2.35,3.12.11,3.0.4,2,Intel(R) Xeon(R) CPU @ 2.60GHz,,,,,15.61648178100586,machine,Y,1.0
2025-08-07T09:51:54,scipy-benchmark,8f9e1b89-50f5-4922-b013-27da9b1966ce,scipy_LMC001_f7d9627c,1.0023867159616202,7.668053587811473e-08,7.64979569831517e-08,1.7272709000000002,0.0,10.0,2.4038491339713174e-07,0.0,1.3911158499670113e-06,1.631500763364143e-06,Canada,CAN,,gcp,northamerica-northeast2,Linux-6.8.0-1032-gcp-x86_64-with-glibc2.35,3.12.11,3.0.4,2,Intel(R) Xeon(R) CPU @ 2.60GHz,,,,,15.61648178100586,machine,Y,1.0
2025-08-07T09:51:56,scipy-benchmark,82e29145-fa06-4aae-8938-35627973cbb3,scipy_LMC001_f7d9627c,1.0014458450023085,7.650077100891697e-08,7.639032244298804e-08,1.7000000000000002,0.0,10.0,2.3658227890134893e-07,0.0,1.391093700011778e-06,1.6276759789131271e-06,Canada,CAN,,gcp,northamerica-northeast2,Linux-6.8.0-1032-gcp-x86_64-with-glibc2.35,3.12.11,3.0.4,2,Intel(R) Xeon(R) CPU @ 2.60GHz,,,,,15.61648178100586,machine,Y,1.0
2025-08-07T09:51:59,scipy-benchmark,e9bb570c-6480-4bd9-9941-49a89b477c4c,scipy_LMC001_f7d9627c,1.001426673959941,7.649982205096038e-08,7.639083723270241e-08,1.7000000000000002,0.0,10.0,2.3657938309608859e-07,0.0,1.3910764052222174e-06,1.627655788318306e-06,Canada,CAN,,gcp,northamerica-northeast2,Linux-6.8.0-1032-gcp-x86_64-with-glibc2.35,3.12.11,3.0.4,2,Intel(R) Xeon(R) CPU @ 2.60GHz,,,,,15.61648178100586,machine,Y,1.0
2025-08-07T09:52:01,scipy-benchmark,8c8fa498-e518-4fe7-a229-ac61fec52e3e,scipy_LMC001_f7d9627c,1.0027775769121945,7.667548132809984e-08,7.646309918915719e-08,1.7272709000000002,0.0,10.0,2.4036405327517777e-07,0.0,1.3910291664716271e-06,1.6313932197468048e-06,Canada,CAN,,gcp,northamerica-northeast2,Linux-6.8.0-1032-gcp-x86_64-with-glibc2.35,3.12.11,3.0.4,2,Intel(R) Xeon(R) CPU @ 2.60GHz,,,,,15.61648178100586,machine,Y,1.0
2025-08-07T09:52:03,scipy-benchmark,2f4e2145-47a6-4fc3-963e-68bb133698b4,scipy_LMC001_f7d9627c,1.0015214860904962,7.66857225085646e-08,7.65692235000492e-08,1.7272709000000002,0.0,10.0,2.40402759094505e-07,0.0,1.3912083581089972e-06,1.6316111172035022e-06,Canada,CAN,,gcp,northamerica-northeast2,Linux-6.8.0-1032-gcp-x86_64-with-glibc2.35,3.12.11,3.0.4,2,Intel(R) Xeon(R) CPU @ 2.60GHz,,,,,15.61648178100586,machine,Y,1.0
2025-08-07T09:52:05,scipy-benchmark,e8423034-18de-44f5-be88-19f9a2373dcb,scipy_LMC001_f7d9627c,1.0014676100108773,7.650256735882593e-08,7.63904559609222e-08,1.7000000000000002,0.0,10.0,2.365873576103089e-07,0.0,1.391126841513647e-06,1.627714199123956e-06,Canada,CAN,,gcp,northamerica-northeast2,Linux-6.8.0-1032-gcp-x86_64-with-glibc2.35,3.12.11,3.0.4,2,Intel(R) Xeon(R) CPU @ 2.60GHz,,,,,15.61648178100586,machine,Y,1.0
2025-08-07T09:52:07,scipy-benchmark,81e18577-dd9f-4876-9303-c2424b63cbcc,scipy_LMC001_f7d9627c,1.00135682313703,7.649060869683227e-08,7.63869650952236e-08,1.7000000000000002,0.0,10.0,2.365474397407121e-07,0.0,1.3909123197663575e-06,1.6274597595070696e-06,Canada,CAN,,gcp,northamerica-northeast2,Linux-6.8.0-1032-gcp-x86_64-with-glibc2.35,3.12.11,3.0.4,2,Intel(R) Xeon(R) CPU @ 2.60GHz,,,,,15.61648178100586,machine,Y,1.0
2025-08-07T09:52:09,scipy-benchmark,e47ad7e6-dec9-4e89-ac59-e80358aee1ee,scipy_LMC001_f7d9627c,1.0025345170870423,1.1492700320055361e-07,1.1463645514618765e-07,7.576582399999999,0.0,10.0,1.0542866649027905e-06,0.0,1.390968722343031e-06,2.445255387245821e-06,Canada,CAN,,gcp,northamerica-northeast2,Linux-6.8.0-1032-gcp-x86_64-with-glibc2.35,3.12.11,3.0.4,2,Intel(R) Xeon(R) CPU @ 2.60GHz,,,,,15.61648178100586,machine,Y,1.0
2025-08-07T09:52:11,scipy-benchmark,ef6a1046-e044-4aba-b484-edfd7732c31f,scipy_LMC001_f7d9627c,1.0015051369555297,7.632916533166546e-08,7.62144521431993e-08,1.6732691000000002,0.0,10.0,2.328723944399521e-07,0.0,1.3911523998508024e-06,1.6240247942907544e-06,Canada,CAN,,gcp,northamerica-northeast2,Linux-6.8.0-1032-gcp-x86_64-with-glibc2.35,3.12.11,3.0.4,2,Intel(R) Xeon(R) CPU @ 2.60GHz,,,,,15.61648178100586,machine,Y,1.0
2025-08-07T09:52:14,scipy-benchmark,dd9f48c1-146d-4806-a063-061b1cd8bd05,scipy_LMC001_f7d9627c,1.001424273010343,7.649284097308476e-08,7.638404923334096e-08,1.7000000000000002,0.0,10.0,2.3656409397436722e-07,0.0,1.3909431607721169e-06,1.627507254746484e-06,Canada,CAN,,gcp,northamerica-northeast2,Linux-6.8.0-1032-gcp-x86_64-with-glibc2.35,3.12.11,3.0.4,2,Intel(R) Xeon(R) CPU @ 2.60GHz,,,,,15.61648178100586,machine,Y,1.0
2025-08-07T09:52:16,scipy-benchmark,4aea6467-bee9-4a39-b48e-9aea89a8a75d,scipy_LMC001_f7d9627c,1.001477201934904,7.668080173552429e-08,7.656769578715638e-08,1.7272709000000002,0.0,10.0,2.403825922544569e-07,0.0,1.391123827650315e-06,1.6315064199047725e-06,Canada,CAN,,gcp,northamerica-northeast2,Linux-6.8.0-1032-gcp-x86_64-with-glibc2.35,3.12.11,3.0.4,2,Intel(R) Xeon(R) CPU @ 2.60GHz,,,,,15.61648178100586,machine,Y,1.0
2025-08-07T09:52:18,scipy-benchmark,fe46a530-e965-4e64-8799-e3498266ae7e,scipy_LMC001_f7d9627c,1.001517425989732,7.651100257555179e-08,7.639507869764833e-08,1.7000000000000002,0.0,10.0,2.3661855211119282e-07,0.0,1.3912751197090578e-06,1.6278936718202503e-06,Canada,CAN,,gcp,northamerica-northeast2,Linux-6.8.0-1032-gcp-x86_64-with-glibc2.35,3.12.11,3.0.4,2,Intel(R) Xeon(R) CPU @ 2.60GHz,,,,,15.61648178100586,machine,Y,1.0
2025-08-07T09:52:20,scipy-benchmark,5dd8c081-dd61-47ed-adcb-63e7766d3309,scipy_LMC001_f7d9627c,1.0014541682321578,7.668218590773312e-08,7.657083902611167e-08,1.7272709000000002,0.0,10.0,2.4038743964222025e-07,0.0,1.3911484307350798e-06,1.6315358703773e-06,Canada,CAN,,gcp,northamerica-northeast2,Linux-6.8.0-1032-gcp-x86_64-with-glibc2.35,3.12.11,3.0.4,2,Intel(R) Xeon(R) CPU @ 2.60GHz,,,,,15.61648178100586,machine,Y,1.0
2025-08-07T09:52:22,scipy-benchmark,8d7cc4e2-b604-4828-8d2a-3d3f311b5745,scipy_LMC001_f7d9627c,1.001993881072849,9.128634814689881e-08,9.110469621746317e-08,3.9606272000000007,0.0,10.0,5.511865987640619e-07,0.0,1.3910761277657002e-06,1.942262726529762e-06,Canada,CAN,,gcp,northamerica-northeast2,Linux-6.8.0-1032-gcp-x86_64-with-glibc2.35,3.12.11,3.0.4,2,Intel(R) Xeon(R) CPU @ 2.60GHz,,,,,15.61648178100586,machine,Y,1.0
2025-08-07T09:52:24,scipy-benchmark,a762348f-f453-47b5-b038-8504b17ed241,scipy_LMC001_f7d9627c,1.005346387159079,1.1860326970060769e-07,1.179725428125907e-07,8.0,0.0,10.0,1.1219083621270126e-06,0.0,1.4015654612901723e-06,2.523473823417185e-06,Canada,CAN,,gcp,northamerica-northeast2,Linux-6.8.0-1032-gcp-x86_64-with-glibc2.35,3.12.11,3.0.4,2,Intel(R) Xeon(R) CPU @ 2.60GHz,,,,,15.61648178100586,machine,Y,1.0
2025-08-07T09:52:27,scipy-benchmark,8fd097bf-9141-4adc-a3a7-fc1577b3b8cf,scipy_LMC001_f7d9627c,1.0014722850173712,7.650338565080245e-08,7.639091644905126e-08,1.7000000000000002,0.0,10.0,2.365911901708589e-07,0.0,1.3911404194206828e-06,1.6277316095915416e-06,Canada,CAN,,gcp,northamerica-northeast2,Linux-6.8.0-1032-gcp-x86_64-with-glibc2.35,3.12.11,3.0.4,2,Intel(R) Xeon(R) CPU @ 2.60GHz,,,,,15.61648178100586,machine,Y,1.0
2025-08-07T09:52:29,scipy-benchmark,904e7954-9f7e-47df-82d0-033a635e7866,scipy_LMC001_f7d9627c,1.0014370260760188,7.649990111169044e-08,7.639012650794814e-08,1.7000000000000002,0.0,10.0,2.3658007829605293e-07,0.0,1.3910773921654455e-06,1.6276574704614985e-06,Canada,CAN,,gcp,northamerica-northeast2,Linux-6.8.0-1032-gcp-x86_64-with-glibc2.35,3.12.11,3.0.4,2,Intel(R) Xeon(R) CPU @ 2.60GHz,,,,,15.61648178100586,machine,Y,1.0
2025-08-07T09:52:31,scipy-benchmark,2d18318d-6b49-4d61-8704-b33e546ba297,scipy_LMC001_f7d9627c,1.001459432998672,7.65002698808999e-08,7.638878556651564e-08,1.7000000000000002,0.0,10.0,2.3658031347440562e-07,0.0,1.391085003140486e-06,1.6276653166148916e-06,Canada,CAN,,gcp,northamerica-northeast2,Linux-6.8.0-1032-gcp-x86_64-with-glibc2.35,3.12.11,3.0.4,2,Intel(R) Xeon(R) CPU @ 2.60GHz,,,,,15.61648178100586,machine,Y,1.0
2025-08-07T09:52:33,scipy-benchmark,abce6a60-8d1a-4bf2-974d-993dced8dcdf,scipy_LMC001_f7d9627c,1.0016204069834205,7.686256103754656e-08,7.673821389984803e-08,1.7550872000000004,0.0,10.0,2.443151307899933e-07,0.0,1.3910585083067415e-06,1.635373639096735e-06,Canada,CAN,,gcp,northamerica-northeast2,Linux-6.8.0-1032-gcp-x86_64-with-glibc2.35,3.12.11,3.0.4,2,Intel(R) Xeon(R) CPU @ 2.60GHz,,,,,15.61648178100586,machine,Y,1.0
2025-08-07T09:52:35,scipy-benchmark,0951045e-beb9-4b93-a457-d675ef6c42ea,scipy_LMC001_f7d9627c,1.0014597158879042,7.632855761099643e-08,7.621730200432751e-08,1.6732691000000002,0.0,10.0,2.328697339845917e-07,0.0,1.3911421300791618e-06,1.6240118640637535e-06,Canada,CAN,,gcp,northamerica-northeast2,Linux-6.8.0-1032-gcp-x86_64-with-glibc2.35,3.12.11,3.0.4,2,Intel(R) Xeon(R) CPU @ 2.60GHz,,,,,15.61648178100586,machine,Y,1.0
2025-08-07T09:52:37,scipy-benchmark,1d80e764-4ebe-48a4-bab9-95119bb54f74,scipy_LMC001_f7d9627c,1.0025736871175468,8.020176362178873e-08,7.99958792578859e-08,2.2637417984,0.0,10.0,3.150973913125203e-07,0.0,1.3913231112787291e-06,1.7064205025912497e-06,Canada,CAN,,gcp,northamerica-northeast2,Linux-6.8.0-1032-gcp-x86_64-with-glibc2.35,3.12.11,3.0.4,2,Intel(R) Xeon(R) CPU @ 2.60GHz,,,,,15.61648178100586,machine,Y,1.0
2025-08-07T09:52:40,scipy-benchmark,54a6a9c0-0c96-48b8-8cc5-7ef067a9f68f,scipy_LMC001_f7d9627c,1.001535682938993,7.668606278308507e-08,7.656847787794328e-08,1.7272709000000002,0.0,10.0,2.404001211378622e-07,0.0,1.3912182359490543e-06,1.6316183570869166e-06,Canada,CAN,,gcp,northamerica-northeast2,Linux-6.8.0-1032-gcp-x86_64-with-glibc2.35,3.12.11,3.0.4,2,Intel(R) Xeon(R) CPU @ 2.60GHz,,,,,15.61648178100586,machine,Y,1.0
2025-08-07T09:52:42,scipy-benchmark,5a9ad654-20d6-445c-88f8-cbde9a4cd4ed,scipy_LMC001_f7d9627c,1.0014080309774729,7.68579959422371e-08,7.67499296637517e-08,1.7550872000000004,0.0,10.0,2.4423767593869865e-07,0.0,1.3910388334706012e-06,1.6352765094093e-06,Canada,CAN,,gcp,northamerica-northeast2,Linux-6.8.0-1032-gcp-x86_64-with-glibc2.35,3.12.11,3.0.4,2,Intel(R) Xeon(R) CPU @ 2.60GHz,,,,,15.61648178100586,machine,Y,1.0
2025-08-07T09:52:44,scipy-benchmark,f5afd483-7ec5-4fc6-babd-b64fc2c5bc92,scipy_LMC001_f7d9627c,1.0014077199157327,7.704147788438095e-08,7.693317751820799e-08,1.7834543000000005,0.0,10.0,2.4819086704598624e-07,0.0,1.3909895134727571e-06,1.6391803805187436e-06,Canada,CAN,,gcp,northamerica-northeast2,Linux-6.8.0-1032-gcp-x86_64-with-glibc2.35,3.12.11,3.0.4,2,Intel(R) Xeon(R) CPU @ 2.60GHz,,,,,15.61648178100586,machine,Y,1.0
2025-08-07T09:52:46,scipy-benchmark,f894452a-f1a9-4d2c-b35e-06cced3a83d3,scipy_LMC001_f7d9627c,1.0027781729586422,7.667875464731773e-08,7.646631799042979e-08,1.7272709000000002,0.0,10.0,2.403754033925158e-07,0.0,1.391087461444032e-06,1.6314628648365477e-06,Canada,CAN,,gcp,northamerica-northeast2,Linux-6.8.0-1032-gcp-x86_64-with-glibc2.35,3.12.11,3.0.4,2,Intel(R) Xeon(R) CPU @ 2.60GHz,,,,,15.61648178100586,machine,Y,1.0
2025-08-07T09:52:48,scipy-benchmark,1dbcc04c-a5f5-4571-81a0-fcd4f8e58692,scipy_LMC001_f7d9627c,1.0015132520347834,7.668969099682238e-08,7.657381551468366e-08,1.7272709000000002,0.0,10.0,2.404091029702496e-07,0.0,1.3912864501536307e-06,1.6316955531238803e-06,Canada,CAN,,gcp,northamerica-northeast2,Linux-6.8.0-1032-gcp-x86_64-with-glibc2.35,3.12.11,3.0.4,2,Intel(R) Xeon(R) CPU @ 2.60GHz,,,,,15.61648178100586,machine,Y,1.0
2025-08-07T09:52:50,scipy-benchmark,5c7af9e6-407a-4b39-b7f1-551f3d2770ad,scipy_LMC001_f7d9627c,1.00146605912596,7.685954220923828e-08,7.674702653060279e-08,1.7550872000000004,0.0,10.0,2.4426164165414937e-07,0.0,1.3910477670530478e-06,1.6353094087071972e-06,Canada,CAN,,gcp,northamerica-northeast2,Linux-6.8.0-1032-gcp-x86_64-with-glibc2.35,3.12.11,3.0.4,2,Intel(R) Xeon(R) CPU @ 2.60GHz,,,,,15.61648178100586,machine,Y,1.0
2025-08-07T09:52:52,scipy-benchmark,5173bd25-5e63-42a9-acce-9cccf5219b5e,scipy_LMC001_f7d9627c,1.001468115951866,7.667549002581528e-08,7.6563086537146e-08,1.7272709000000002,0.0,10.0,2.403654044264268e-07,0.0,1.3910280003781534e-06,1.6313934048045805e-06,Canada,CAN,,gcp,northamerica-northeast2,Linux-6.8.0-1032-gcp-x86_64-with-glibc2.35,3.12.11,3.0.4,2,Intel(R) Xeon(R) CPU @ 2.60GHz,,,,,15.61648178100586,machine,Y,1.0
2025-08-07T09:52:55,scipy-benchmark,ced39c44-4f57-4306-a59b-7eaf09c429cd,scipy_LMC001_f7d9627c,1.001457066973671,7.686123300146129e-08,7.674940397967358e-08,1.7550872000000004,0.0,10.0,2.44270827497711e-07,0.0,1.391074555512104e-06,1.6353453830098148e-06,Canada,CAN,,gcp,northamerica-northeast2,Linux-6.8.0-1032-gcp-x86_64-with-glibc2.35,3.12.11,3.0.4,2,Intel(R) Xeon(R) CPU @ 2.60GHz,,,,,15.61648178100586,machine,Y,1.0
2025-08-07T09:52:57,scipy-benchmark,40b758fb-3456-470a-a5ee-19fb07b50925,scipy_LMC001_f7d9627c,1.0014248380903157,7.66712330554731e-08,7.656214439586164e-08,1.7272709000000002,0.0,10.0,2.4034904147651344e-07,0.0,1.3909537894909992e-06,1.6313028309675126e-06,Canada,CAN,,gcp,northamerica-northeast2,Linux-6.8.0-1032-gcp-x86_64-with-glibc2.35,3.12.11,3.0.4,2,Intel(R) Xeon(R) CPU @ 2.60GHz,,,,,15.61648178100586,machine,Y,1.0
2025-08-07T09:52:59,scipy-benchmark,d6b272f3-5506-45d1-94e2-b1707969218b,scipy_LMC001_f7d9627c,1.0014701951295135,7.667997752132672e-08,7.65674084902848e-08,1.7272709000000002,0.0,10.0,2.403857531328852e-07,0.0,1.391103130299598e-06,1.6314888834324831e-06,Canada,CAN,,gcp,northamerica-northeast2,Linux-6.8.0-1032-gcp-x86_64-with-glibc2.35,3.12.11,3.0.4,2,Intel(R) Xeon(R) CPU @ 2.60GHz,,,,,15.61648178100586,machine,Y,1.0
2025-08-07T09:53:01,scipy-benchmark,206a9003-89bd-4f6d-b529-d1faae9632e5,scipy_LMC001_f7d9627c,1.0014745679218322,7.667774754697064e-08,7.656484747893822e-08,1.7272709000000002,0.0,10.0,2.4037930123206775e-07,0.0,1.39106213593752e-06,1.631441437169588e-06,Canada,CAN,,gcp,northamerica-northeast2,Linux-6.8.0-1032-gcp-x86_64-with-glibc2.35,3.12.11,3.0.4,2,Intel(R) Xeon(R) CPU @ 2.60GHz,,,,,15.61648178100586,machine,Y,1.0
2025-08-07T09:53:03,scipy-benchmark,732aec1b-b659-46fc-8ba6-4ee91e159552,scipy_LMC001_f7d9627c,1.001475634984672,7.66799869519204e-08,7.656700200509025e-08,1.7272709000000002,0.0,10.0,2.403810203611766e-07,0.0,1.3911080637222362e-06,1.6314890840834128e-06,Canada,CAN,,gcp,northamerica-northeast2,Linux-6.8.0-1032-gcp-x86_64-with-glibc2.35,3.12.11,3.0.4,2,Intel(R) Xeon(R) CPU @ 2.60GHz,,,,,15.61648178100586,machine,Y,1.0
2025-08-07T09:53:05,scipy-benchmark,bd1cfe19-648c-4b01-a506-e467555a60d0,scipy_LMC001_f7d9627c,1.00142757804133,7.66752580517174e-08,7.656595417682108e-08,1.7272709000000002,0.0,10.0,2.403630499937088e-07,0.0,1.3910254191917675e-06,1.6313884691854764e-06,Canada,CAN,,gcp,northamerica-northeast2,Linux-6.8.0-1032-gcp-x86_64-with-glibc2.35,3.12.11,3.0.4,2,Intel(R) Xeon(R) CPU @ 2.60GHz,,,,,15.61648178100586,machine,Y,1.0
2025-08-07T09:53:07,scipy-benchmark,5570780c-1b99-4dc4-aeda-cdb05bbb0bca,scipy_LMC001_f7d9627c,1.001416069921106,7.66757169123933e-08,7.656729227286515e-08,1.7272709000000002,0.0,10.0,2.403644433719253e-07,0.0,1.3910337888066554e-06,1.6313982321785807e-06,Canada,CAN,,gcp,northamerica-northeast2,Linux-6.8.0-1032-gcp-x86_64-with-glibc2.35,3.12.11,3.0.4,2,Intel(R) Xeon(R) CPU @ 2.60GHz,,,,,15.61648178100586,machine,Y,1.0
2025-08-07T09:53:10,scipy-benchmark,7733e907-5024-4b46-ba0f-397d06cb2d5a,scipy_LMC001_f7d9627c,1.0014221658930182,7.65009899451074e-08,7.639234735421266e-08,1.7000000000000002,0.0,10.0,2.3658063452199325e-07,0.0,1.3911000026079517e-06,1.6276806371299449e-06,Canada,CAN,,gcp,northamerica-northeast2,Linux-6.8.0-1032-gcp-x86_64-with-glibc2.35,3.12.11,3.0.4,2,Intel(R) Xeon(R) CPU @ 2.60GHz,,,,,15.61648178100586,machine,Y,1.0
2025-08-07T09:53:12,scipy-benchmark,883d86a7-7f15-4589-a4e5-faa668e6aa8c,scipy_LMC001_f7d9627c,1.001388810807839,7.649529886594974e-08,7.638920870729478e-08,1.7000000000000002,0.0,10.0,2.365618949083405e-07,0.0,1.3909976554310156e-06,1.627559550339356e-06,Canada,CAN,,gcp,northamerica-northeast2,Linux-6.8.0-1032-gcp-x86_64-with-glibc2.35,3.12.11,3.0.4,2,Intel(R) Xeon(R) CPU @ 2.60GHz,,,,,15.61648178100586,machine,Y,1.0
2025-08-07T09:53:14,scipy-benchmark,4202f848-b00f-4798-829e-b6e77d0d667a,scipy_LMC001_f7d9627c,1.0018761889077723,7.650326652547423e-08,7.636000073909005e-08,1.7000000000000002,0.0,10.0,2.365907193743624e-07,0.0,1.3911383556357277e-06,1.62772907501009e-06,Canada,CAN,,gcp,northamerica-northeast2,Linux-6.8.0-1032-gcp-x86_64-with-glibc2.35,3.12.11,3.0.4,2,Intel(R) Xeon(R) CPU @ 2.60GHz,,,,,15.61648178100586,machine,Y,1.0
2025-08-07T09:53:16,scipy-benchmark,36766970-b1d4-42d5-8f3d-f0b0469e8f93,scipy_LMC001_f7d9627c,1.00190593698062,7.68618242046941e-08,7.671560908834185e-08,1.7550872000000004,0.0,10.0,2.4425234797553825e-07,0.0,1.3911056138264636e-06,1.6353579618020018e-06,Canada,CAN,,gcp,northamerica-northeast2,Linux-6.8.0-1032-gcp-x86_64-with-glibc2.35,3.12.11,3.0.4,2,Intel(R) Xeon(R) CPU @ 2.60GHz,,,,,15.61648178100586,machine,Y,1.0
2025-08-07T09:53:18,scipy-benchmark,19433a2e-55d8-40aa-a38f-4897195c148f,scipy_LMC001_f7d9627c,1.001841668970883,7.656484477905584e-08,7.64240968911836e-08,1.7000000000000002,0.0,10.0,2.3677634755020138e-07,0.0,1.3922629030680076e-06,1.629039250618209e-06,Canada,CAN,,gcp,northamerica-northeast2,Linux-6.8.0-1032-gcp-x86_64-with-glibc2.35,3.12.11,3.0.4,2,Intel(R) Xeon(R) CPU @ 2.60GHz,,,,,15.61648178100586,machine,Y,1.0
2025-08-07T09:53:20,scipy-benchmark,1b03d4cb-2292-48e5-866c-ffce8239ccae,scipy_LMC001_f7d9627c,1.001477912068367,7.649843961394964e-08,7.638554848998747e-08,1.7000000000000002,0.0,10.0,2.365875833331504e-07,0.0,1.3910387914317351e-06,1.6276263747648856e-06,Canada,CAN,,gcp,northamerica-northeast2,Linux-6.8.0-1032-gcp-x86_64-with-glibc2.35,3.12.11,3.0.4,2,Intel(R) Xeon(R) CPU @ 2.60GHz,,,,,15.61648178100586,machine,Y,1.0
2025-08-07T09:53:22,scipy-benchmark,d223ec84-4c82-4550-bbf4-47ff9c6ceeb3,scipy_LMC001_f7d9627c,1.0014776720199734,7.667811720227449e-08,7.656497927469044e-08,1.7272709000000002,0.0,10.0,2.403857272158047e-07,0.0,1.3910635749602483e-06,1.631449302176053e-06,Canada,CAN,,gcp,northamerica-northeast2,Linux-6.8.0-1032-gcp-x86_64-with-glibc2.35,3.12.11,3.0.4,2,Intel(R) Xeon(R) CPU @ 2.60GHz,,,,,15.61648178100586,machine,Y,1.0
2025-08-07T09:53:25,scipy-benchmark,86ffb711-08af-405d-afa8-951510046e72,scipy_LMC001_f7d9627c,1.0015088499058038,7.650504603100448e-08,7.638978531063415e-08,1.7000000000000002,0.0,10.0,2.365969149331149e-07,0.0,1.391170021896768e-06,1.6277669368298829e-06,Canada,CAN,,gcp,northamerica-northeast2,Linux-6.8.0-1032-gcp-x86_64-with-glibc2.35,3.12.11,3.0.4,2,Intel(R) Xeon(R) CPU @ 2.60GHz,,,,,15.61648178100586,machine,Y,1.0
2025-08-07T09:53:27,scipy-benchmark,b9c53a7e-32f4-4cf0-8db3-2960f905f4e5,scipy_LMC001_f7d9627c,1.0015256099868566,7.650776842110402e-08,7.639122520502306e-08,1.7000000000000002,0.0,10.0,2.3660390189616015e-07,0.0,1.3912209581273295e-06,1.6278248600234898e-06,Canada,CAN,,gcp,northamerica-northeast2,Linux-6.8.0-1032-gcp-x86_64-with-glibc2.35,3.12.11,3.0.4,2,Intel(R) Xeon(R) CPU @ 2.60GHz,,,,,15.61648178100586,machine,Y,1.0
2025-08-07T09:53:29,scipy-benchmark,93770bf7-0db0-4d5e-abb0-459fb952766e,scipy_LMC001_f7d9627c,1.0015198779292405,7.649960530793761e-08,7.638351169435547e-08,1.7000000000000002,0.0,10.0,2.3657838817841065e-07,0.0,1.3910727885862193e-06,1.62765117676463e-06,Canada,CAN,,gcp,northamerica-northeast2,Linux-6.8.0-1032-gcp-x86_64-with-glibc2.35,3.12.11,3.0.4,2,Intel(R) Xeon(R) CPU @ 2.60GHz,,,,,15.61648178100586,machine,Y,1.0
2025-08-07T09:53:31,scipy-benchmark,93e82807-886a-440e-9012-73104cb97f23,scipy_LMC001_f7d9627c,1.003194869030267,7.680601086353802e-08,7.656140719477775e-08,1.7272709000000002,0.0,10.0,2.4081111029200466e-07,0.0,1.3933593336130594e-06,1.634170443905064e-06,Canada,CAN,,gcp,northamerica-northeast2,Linux-6.8.0-1032-gcp-x86_64-with-glibc2.35,3.12.11,3.0.4,2,Intel(R) Xeon(R) CPU @ 2.60GHz,,,,,15.61648178100586,machine,Y,1.0
2025-08-07T09:53:33,scipy-benchmark,6188a39b-a6cf-43da-b84a-f0bdac2da58b,scipy_LMC001_f7d9627c,1.0014761849306524,7.668217639603527e-08,7.65691461762969e-08,1.7272709000000002,0.0,10.0,2.404004795085284e-07,0.0,1.391135188492222e-06,1.6315356680007502e-06,Canada,CAN,,gcp,northamerica-northeast2,Linux-6.8.0-1032-gcp-x86_64-with-glibc2.35,3.12.11,3.0.4,2,Intel(R) Xeon(R) CPU @ 2.60GHz,,,,,15.61648178100586,machine,Y,1.0
2025-08-07T09:53:35,scipy-benchmark,96538ccb-9563-4fae-accb-737e6a00232f,scipy_LMC001_f7d9627c,1.0020725571084768,9.39346339875569e-08,9.37403517551756e-08,4.349880800000002,0.0,10.0,6.06012113962366e-07,0.0,1.3925971198154406e-06,1.9986092337778064e-06,Canada,CAN,,gcp,northamerica-northeast2,Linux-6.8.0-1032-gcp-x86_64-with-glibc2.35,3.12.11,3.0.4,2,Intel(R) Xeon(R) CPU @ 2.60GHz,,,,,15.61648178100586,machine,Y,1.0
2025-08-07T09:53:37,scipy-benchmark,7032565b-3bec-473c-9265-3d988b96e80e,scipy_LMC001_f7d9627c,1.0016321409493685,7.600226542791215e-08,7.587842114958049e-08,1.6214057,0.0,10.0,2.257315520611885e-07,0.0,1.391337925128432e-06,1.6170694771896205e-06,Canada,CAN,,gcp,northamerica-northeast2,Linux-6.8.0-1032-gcp-x86_64-with-glibc2.35,3.12.11,3.0.4,2,Intel(R) Xeon(R) CPU @ 2.60GHz,,,,,15.61648178100586,machine,Y,1.0
2025-08-07T09:53:40,scipy-benchmark,4c4e5f3c-4f65-47a0-a2cf-9d4277460972,scipy_LMC001_f7d9627c,1.0018036200199276,7.672856276238149e-08,7.659042274258823e-08,1.7272709000000002,0.0,10.0,2.405713617686116e-07,0.0,1.391951250196952e-06,1.6325226119655638e-06,Canada,CAN,,gcp,northamerica-northeast2,Linux-6.8.0-1032-gcp-x86_64-with-glibc2.35,3.12.11,3.0.4,2,Intel(R) Xeon(R) CPU @ 2.60GHz,,,,,15.61648178100586,machine,Y,1.0
2025-08-07T09:53:42,scipy-benchmark,0fc4fe13-fc14-4afd-b577-17c0f6b2e285,scipy_LMC001_f7d9627c,1.0014234320260584,7.649594991696197e-08,7.638721790461504e-08,1.7000000000000002,0.0,10.0,2.365704993135296e-07,0.0,1.391002903175023e-06,1.627573402488553e-06,Canada,CAN,,gcp,northamerica-northeast2,Linux-6.8.0-1032-gcp-x86_64-with-glibc2.35,3.12.11,3.0.4,2,Intel(R) Xeon(R) CPU @ 2.60GHz,,,,,15.61648178100586,machine,Y,1.0
2025-08-07T09:53:44,scipy-benchmark,aec79c3e-e918-4bde-ad67-f03563535d5b,scipy_LMC001_f7d9627c,1.00161888403818,7.808340293867082e-08,7.795719927310635e-08,1.9400510312000003,0.0,10.0,2.7008010979279056e-07,0.0,1.3912688889023331e-06,1.6613489986951237e-06,Canada,CAN,,gcp,northamerica-northeast2,Linux-6.8.0-1032-gcp-x86_64-with-glibc2.35,3.12.11,3.0.4,2,Intel(R) Xeon(R) CPU @ 2.60GHz,,,,,15.61648178100586,machine,Y,1.0
2025-08-07T09:53:46,scipy-benchmark,691dc034-2216-4a82-ad48-ca7f5d0614d9,scipy_LMC001_f7d9627c,1.0013963340315968,7.51645631021939e-08,7.505975461242527e-08,1.4962585688,0.0,10.0,2.0821801531175928e-07,0.0,1.3910280081391748e-06,1.599246023450934e-06,Canada,CAN,,gcp,northamerica-northeast2,Linux-6.8.0-1032-gcp-x86_64-with-glibc2.35,3.12.11,3.0.4,2,Intel(R) Xeon(R) CPU @ 2.60GHz,,,,,15.61648178100586,machine,Y,1.0
2025-08-07T09:53:48,scipy-benchmark,0bde8ccc-efdf-4d62-826a-3ab0c6ea9fe4,scipy_LMC001_f7d9627c,1.0022255841176957,7.651627488340537e-08,7.634635963795126e-08,1.7000000000000002,0.0,10.0,2.366296092319925e-07,0.0,1.3913762393511005e-06,1.6280058485830928e-06,Canada,CAN,,gcp,northamerica-northeast2,Linux-6.8.0-1032-gcp-x86_64-with-glibc2.35,3.12.11,3.0.4,2,Intel(R) Xeon(R) CPU @ 2.60GHz,,,,,15.61648178100586,machine,Y,1.0
2025-08-07T09:53:50,scipy-benchmark,adeca245-1363-464f-9736-e0d668386537,scipy_LMC001_f7d9627c,1.0015163789503276,7.66815574091668e-08,7.65654551646329e-08,1.7272709000000002,0.0,10.0,2.403979874471755e-07,0.0,1.3911245106202031e-06,1.6315224980673788e-06,Canada,CAN,,gcp,northamerica-northeast2,Linux-6.8.0-1032-gcp-x86_64-with-glibc2.35,3.12.11,3.0.4,2,Intel(R) Xeon(R) CPU @ 2.60GHz,,,,,15.61648178100586,machine,Y,1.0
2025-08-07T09:53:52,scipy-benchmark,592cd238-a184-43a4-9ee0-64f6f48c8a38,scipy_LMC001_f7d9627c,1.0014836678747088,7.650409270221523e-08,7.639075419429238e-08,1.7000000000000002,0.0,10.0,2.365942954266858e-07,0.0,1.391152357811936e-06,1.627746653238622e-06,Canada,CAN,,gcp,northamerica-northeast2,Linux-6.8.0-1032-gcp-x86_64-with-glibc2.35,3.12.11,3.0.4,2,Intel(R) Xeon(R) CPU @ 2.60GHz,,,,,15.61648178100586,machine,Y,1.0
2025-08-07T09:53:55,scipy-benchmark,519f9a8e-8f91-4b72-acc8-d22775c1a507,scipy_LMC001_f7d9627c,1.0014768589753658,7.65027290300867e-08,7.638991190306528e-08,1.7000000000000002,0.0,10.0,2.365892135292395e-07,0.0,1.3911284254087756e-06,1.627717638938015e-06,Canada,CAN,,gcp,northamerica-northeast2,Linux-6.8.0-1032-gcp-x86_64-with-glibc2.35,3.12.11,3.0.4,2,Intel(R) Xeon(R) CPU @ 2.60GHz,,,,,15.61648178100586,machine,Y,1.0
2025-08-07T09:53:57,scipy-benchmark,05279a18-ad45-488c-a6d1-76e651e21eea,scipy_LMC001_f7d9627c,1.0015003150328994,7.650374644253559e-08,7.63891386694396e-08,1.7000000000000002,0.0,10.0,2.365927192149684e-07,0.0,1.391146566796427e-06,1.6277392860113954e-06,Canada,CAN,,gcp,northamerica-northeast2,Linux-6.8.0-1032-gcp-x86_64-with-glibc2.35,3.12.11,3.0.4,2,Intel(R) Xeon(R) CPU @ 2.60GHz,,,,,15.61648178100586,machine,Y,1.0
2025-08-07T09:53:59,scipy-benchmark,0bcdd017-6190-49e1-a08d-41c100448721,scipy_LMC001_f7d9627c,1.0014760419726372,7.650318325532136e-08,7.639042777761387e-08,1.7000000000000002,0.0,10.0,2.365909648878087e-07,0.0,1.3911363384169007e-06,1.6277273033047092e-06,Canada,CAN,,gcp,northamerica-northeast2,Linux-6.8.0-1032-gcp-x86_64-with-glibc2.35,3.12.11,3.0.4,2,Intel(R) Xeon(R) CPU @ 2.60GHz,,,,,15.61648178100586,machine,Y,1.0
2025-08-07T09:54:01,scipy-benchmark,46342e9f-55b0-4b0e-ad2b-779c98ac38e2,scipy_LMC001_f7d9627c,1.001555613009259,7.650687454007697e-08,7.638804430460486e-08,1.7000000000000002,0.0,10.0,2.3660493892384698e-07,0.0,1.3912009023543863e-06,1.6278058412782332e-06,Canada,CAN,,gcp,northamerica-northeast2,Linux-6.8.0-1032-gcp-x86_64-with-glibc2.35,3.12.11,3.0.4,2,Intel(R) Xeon(R) CPU @ 2.60GHz,,,,,15.61648178100586,machine,Y,1.0
2025-08-07T09:54:03,scipy-benchmark,9c88de77-422c-4ec2-b898-2837ca56f2db,scipy_LMC001_f7d9627c,1.0014995310921222,7.473779123517597e-08,7.462588739674733e-08,1.4302043648000002,0.0,10.0,1.9904011559032226e-07,0.0,1.391125655370868e-06,1.5901657709611905e-06,Canada,CAN,,gcp,northamerica-northeast2,Linux-6.8.0-1032-gcp-x86_64-with-glibc2.35,3.12.11,3.0.4,2,Intel(R) Xeon(R) CPU @ 2.60GHz,,,,,15.61648178100586,machine,Y,1.0
2025-08-07T09:54:05,scipy-benchmark,02c34b25-d7b0-4160-90e8-6b78cbb31280,scipy_LMC001_f7d9627c,1.0014745639637113,7.650177493862833e-08,7.638913427400877e-08,1.7000000000000002,0.0,10.0,2.365856839848372e-07,0.0,1.3911116551349145e-06,1.6276973391197517e-06,Canada,CAN,,gcp,northamerica-northeast2,Linux-6.8.0-1032-gcp-x86_64-with-glibc2.35,3.12.11,3.0.4,2,Intel(R) Xeon(R) CPU @ 2.60GHz,,,,,15.61648178100586,machine,Y,1.0
2025-08-07T09:54:07,scipy-benchmark,c83ff579-7bae-433f-bb97-802d2f4e890b,scipy_LMC001_f7d9627c,1.001600577030331,7.650384641723942e-08,7.638159179587082e-08,1.7000000000000002,0.0,10.0,2.3665220416539045e-07,0.0,1.391089208967363e-06,1.6277414131327534e-06,Canada,CAN,,gcp,northamerica-northeast2,Linux-6.8.0-1032-gcp-x86_64-with-glibc2.35,3.12.11,3.0.4,2,Intel(R) Xeon(R) CPU @ 2.60GHz,,,,,15.61648178100586,machine,Y,1.0
2025-08-07T09:54:10,scipy-benchmark,9f0cfa6f-fbb4-4553-9701-babd9df61ba8,scipy_LMC001_f7d9627c,1.0014857470523566,7.649791471248157e-08,7.638442677555386e-08,1.7000000000000002,0.0,10.0,2.365856094402261e-07,0.0,1.3910295972083178e-06,1.627615206648544e-06,Canada,CAN,,gcp,northamerica-northeast2,Linux-6.8.0-1032-gcp-x86_64-with-glibc2.35,3.12.11,3.0.4,2,Intel(R) Xeon(R) CPU @ 2.60GHz,,,,,15.61648178100586,machine,Y,1.0
2025-08-07T09:54:12,scipy-benchmark,5350616f-e1d9-4c14-b5c0-d8c1c0238847,scipy_LMC001_f7d9627c,1.0015251468867064,7.668514356017991e-08,7.656836555583223e-08,1.7272709000000002,0.0,10.0,2.40401385377522e-07,0.0,1.391197413775242e-06,1.631598799152764e-06,Canada,CAN,,gcp,northamerica-northeast2,Linux-6.8.0-1032-gcp-x86_64-with-glibc2.35,3.12.11,3.0.4,2,Intel(R) Xeon(R) CPU @ 2.60GHz,,,,,15.61648178100586,machine,Y,1.0
2025-08-07T09:54:14,scipy-benchmark,af171b24-3cc1-415b-888d-6a457a01056b,scipy_LMC001_f7d9627c,1.0014357899781317,7.650437592755124e-08,7.639468919841768e-08,1.7000000000000002,0.0,10.0,2.365922319263013e-07,0.0,1.3911604473832997e-06,1.627752679309601e-06,Canada,CAN,,gcp,northamerica-northeast2,Linux-6.8.0-1032-gcp-x86_64-with-glibc2.35,3.12.11,3.0.4,2,Intel(R) Xeon(R) CPU @ 2.60GHz,,,,,15.61648178100586,machine,Y,1.0
2025-08-07T09:54:16,scipy-benchmark,ebfee3bb-48cb-4931-b9d3-d12d621c18af,scipy_LMC001_f7d9627c,1.0014514678623527,7.649927238782402e-08,7.638839708439937e-08,1.7000000000000002,0.0,10.0,2.365767297257359e-07,0.0,1.391067363632222e-06,1.627644093357958e-06,Canada,CAN,,gcp,northamerica-northeast2,Linux-6.8.0-1032-gcp-x86_64-with-glibc2.35,3.12.11,3.0.4,2,Intel(R) Xeon(R) CPU @ 2.60GHz,,,,,15.61648178100586,machine,Y,1.0
2025-08-07T09:54:18,scipy-benchmark,3a3b919c-d8c0-4ac9-aa66-ff8160d76caf,scipy_LMC001_f7d9627c,1.0014477130025623,7.649947673511796e-08,7.638888754936149e-08,1.7000000000000002,0.0,10.0,2.365770334015704e-07,0.0,1.391071407771152e-06,1.6276484411727225e-06,Canada,CAN,,gcp,northamerica-northeast2,Linux-6.8.0-1032-gcp-x86_64-with-glibc2.35,3.12.11,3.0.4,2,Intel(R) Xeon(R) CPU @ 2.60GHz,,,,,15.61648178100586,machine,Y,1.0
2025-08-07T09:54:20,scipy-benchmark,d79eed35-189d-4446-995d-b77e9dea543d,scipy_LMC001_f7d9627c,1.001457693055272,7.650044635961401e-08,7.638909450705255e-08,1.7000000000000002,0.0,10.0,2.3658291582897725e-07,0.0,1.391086155652172e-06,1.6276690714811493e-06,Canada,CAN,,gcp,northamerica-northeast2,Linux-6.8.0-1032-gcp-x86_64-with-glibc2.35,3.12.11,3.0.4,2,Intel(R) Xeon(R) CPU @ 2.60GHz,,,,,15.61648178100586,machine,Y,1.0
2025-08-07T09:54:22,scipy-benchmark,5391ceda-bfdd-485f-b8ea-1d598d892bc5,scipy_LMC001_f7d9627c,1.0014394640456885,7.667789856977481e-08,7.656768214426645e-08,1.7272709000000002,0.0,10.0,2.4037918371151264e-07,0.0,1.391065466709228e-06,1.6314446504207409e-06,Canada,CAN,,gcp,northamerica-northeast2,Linux-6.8.0-1032-gcp-x86_64-with-glibc2.35,3.12.11,3.0.4,2,Intel(R) Xeon(R) CPU @ 2.60GHz,,,,,15.61648178100586,machine,Y,1.0
2025-08-07T09:54:25,scipy-benchmark,99ee4697-ebc7-40c4-ae59-4479eac69a66,scipy_LMC001_f7d9627c,1.0014645729679614,7.650006024477383e-08,7.638818417515921e-08,1.7000000000000002,0.0,10.0,2.365861836976061e-07,0.0,1.391074672574177e-06,1.6276608562717834e-06,Canada,CAN,,gcp,northamerica-northeast2,Linux-6.8.0-1032-gcp-x86_64-with-glibc2.35,3.12.11,3.0.4,2,Intel(R) Xeon(R) CPU @ 2.60GHz,,,,,15.61648178100586,machine,Y,1.0
2025-08-07T09:54:27,scipy-benchmark,34d9b54b-c81c-4256-add0-2b265ff903e1,scipy_LMC001_f7d9627c,1.0014784280210731,7.650000070369181e-08,7.638706792202825e-08,1.7000000000000002,0.0,10.0,2.365924476438927e-07,0.0,1.3910671417963588e-06,1.6276595894402517e-06,Canada,CAN,,gcp,northamerica-northeast2,Linux-6.8.0-1032-gcp-x86_64-with-glibc2.35,3.12.11,3.0.4,2,Intel(R) Xeon(R) CPU @ 2.60GHz,,,,,15.61648178100586,machine,Y,1.0
2025-08-07T09:54:29,scipy-benchmark,1142f153-6cca-4443-b3b2-0f5c423233af,scipy_LMC001_f7d9627c,1.0014494468923658,7.632957776055048e-08,7.621910221969925e-08,1.6732691000000002,0.0,10.0,2.328783108797098e-07,0.0,1.3911552584937048e-06,1.6240335693734146e-06,Canada,CAN,,gcp,northamerica-northeast2,Linux-6.8.0-1032-gcp-x86_64-with-glibc2.35,3.12.11,3.0.4,2,Intel(R) Xeon(R) CPU @ 2.60GHz,,,,,15.61648178100586,machine,Y,1.0
2025-08-07T09:54:31,scipy-benchmark,894a88f2-fbcb-4a0c-8134-7b529e58f89c,scipy_LMC001_f7d9627c,1.0014535698574036,7.667704511774055e-08,7.656575144932437e-08,1.7272709000000002,0.0,10.0,2.403716868608164e-07,0.0,1.391054805006004e-06,1.6314264918668205e-06,Canada,CAN,,gcp,northamerica-northeast2,Linux-6.8.0-1032-gcp-x86_64-with-glibc2.35,3.12.11,3.0.4,2,Intel(R) Xeon(R) CPU @ 2.60GHz,,,,,15.61648178100586,machine,Y,1.0
2025-08-07T09:54:33,scipy-benchmark,b245dbac-4966-4582-b529-7b37a14392d7,scipy_LMC001_f7d9627c,1.0015231270808729,7.650184510722627e-08,7.638550028315899e-08,1.7000000000000002,0.0,10.0,2.366020347625535e-07,0.0,1.3910967973060906e-06,1.627698832068644e-06,Canada,CAN,,gcp,northamerica-northeast2,Linux-6.8.0-1032-gcp-x86_64-with-glibc2.35,3.12.11,3.0.4,2,Intel(R) Xeon(R) CPU @ 2.60GHz,,,,,15.61648178100586,machine,Y,1.0
2025-08-07T09:54:35,scipy-benchmark,abf13f2e-723e-42ce-855a-55812a6aab40,scipy_LMC001_f7d9627c,1.0019087588880211,7.650114790333383e-08,7.635540384759129e-08,1.7000000000000002,0.0,10.0,2.36582359053298e-07,0.0,1.3911016388899749e-06,1.6276839979432728e-06,Canada,CAN,,gcp,northamerica-northeast2,Linux-6.8.0-1032-gcp-x86_64-with-glibc2.35,3.12.11,3.0.4,2,Intel(R) Xeon(R) CPU @ 2.60GHz,,,,,15.61648178100586,machine,Y,1.0
2025-08-07T09:54:37,scipy-benchmark,2363fb39-730e-41d2-9f42-e9bc2aaa9073,scipy_LMC001_f7d9627c,1.0014430759474635,7.6678216493758e-08,7.656772345368996e-08,1.7272709000000002,0.0,10.0,2.4037514276945965e-07,0.0,1.3910762719913488e-06,1.6314514147608085e-06,Canada,CAN,,gcp,northamerica-northeast2,Linux-6.8.0-1032-gcp-x86_64-with-glibc2.35,3.12.11,3.0.4,2,Intel(R) Xeon(R) CPU @ 2.60GHz,,,,,15.61648178100586,machine,Y,1.0
2025-08-07T09:54:39,scipy-benchmark,4b8b6937-a37b-4626-86dd-502d47f5ca46,scipy_LMC001_f7d9627c,1.0014623019378632,7.650155646508534e-08,7.63898514372955e-08,1.7000000000000002,0.0,10.0,2.365842460874572e-07,0.0,1.3911084446590391e-06,1.6276926907464963e-06,Canada,CAN,,gcp,northamerica-northeast2,Linux-6.8.0-1032-gcp-x86_64-with-glibc2.35,3.12.11,3.0.4,2,Intel(R) Xeon(R) CPU @ 2.60GHz,,,,,15.61648178100586,machine,Y,1.0
2025-08-07T09:54:42,scipy-benchmark,12301b36-ae62-44ca-becb-26051d6eb538,scipy_LMC001_f7d9627c,1.0014441369567066,7.649773897667829e-08,7.638742507310257e-08,1.7000000000000002,0.0,10.0,2.365823289275997e-07,0.0,1.3910291386613e-06,1.6276114675889e-06,Canada,CAN,,gcp,northamerica-northeast2,Linux-6.8.0-1032-gcp-x86_64-with-glibc2.35,3.12.11,3.0.4,2,Intel(R) Xeon(R) CPU @ 2.60GHz,,,,,15.61648178100586,machine,Y,1.0
2025-08-07T09:54:44,scipy-benchmark,9b69edaf-d90c-4d80-af48-de42499374f8,scipy_LMC001_f7d9627c,1.0014758619945496,7.650351429931147e-08,7.639077206209072e-08,1.7000000000000002,0.0,10.0,2.365905215782631e-07,0.0,1.391143825215598e-06,1.627734346793861e-06,Canada,CAN,,gcp,northamerica-northeast2,Linux-6.8.0-1032-gcp-x86_64-with-glibc2.35,3.12.11,3.0.4,2,Intel(R) Xeon(R) CPU @ 2.60GHz,,,,,15.61648178100586,machine,Y,1.0
2025-08-07T09:54:46,scipy-benchmark,f7ab01fc-b804-4faa-845e-b626bd78f1f8,scipy_LMC001_f7d9627c,1.0014889659360051,7.686419776040529e-08,7.674991974431488e-08,1.7550872000000004,0.0,10.0,2.442636301324628e-07,0.0,1.3911448328548838e-06,1.6354084629873463e-06,Canada,CAN,,gcp,northamerica-northeast2,Linux-6.8.0-1032-gcp-x86_64-with-glibc2.35,3.12.11,3.0.4,2,Intel(R) Xeon(R) CPU @ 2.60GHz,,,,,15.61648178100586,machine,Y,1.0
2025-08-07T09:54:48,scipy-benchmark,cb8ce9b7-33f7-4031-8db2-f3a7c9e52a8d,scipy_LMC001_f7d9627c,1.0014806929975748,7.63255750510487e-08,7.621272739926253e-08,1.6732691000000002,0.0,10.0,2.3287905553449885e-07,0.0,1.3910693498069628e-06,1.6239484053414616e-06,Canada,CAN,,gcp,northamerica-northeast2,Linux-6.8.0-1032-gcp-x86_64-with-glibc2.35,3.12.11,3.0.4,2,Intel(R) Xeon(R) CPU @ 2.60GHz,,,,,15.61648178100586,machine,Y,1.0
2025-08-07T09:54:50,scipy-benchmark,b7a91f84-cab2-46b5-83a1-1fb876bb50b1,scipy_LMC001_f7d9627c,1.001443010987714,7.64981603086538e-08,7.638793168390518e-08,1.7000000000000002,0.0,10.0,2.3657752926616618e-07,0.0,1.3910429028328507e-06,1.627620432099017e-06,Canada,CAN,,gcp,northamerica-northeast2,Linux-6.8.0-1032-gcp-x86_64-with-glibc2.35,3.12.11,3.0.4,2,Intel(R) Xeon(R) CPU @ 2.60GHz,,,,,15.61648178100586,machine,Y,1.0
2025-08-07T09:54:52,scipy-benchmark,eedbc089-86f7-46c4-a3cf-66f3bce97a96,scipy_LMC001_f7d9627c,1.0014391378499568,7.667896283088154e-08,7.656876981611456e-08,1.7272709000000002,0.0,10.0,2.403761974382437e-07,0.0,1.3910910968358318e-06,1.6314672942740754e-06,Canada,CAN,,gcp,northamerica-northeast2,Linux-6.8.0-1032-gcp-x86_64-with-glibc2.35,3.12.11,3.0.4,2,Intel(R) Xeon(R) CPU @ 2.60GHz,,,,,15.61648178100586,machine,Y,1.0
2025-08-07T09:54:54,scipy-benchmark,c3d76089-70a9-4a76-adc1-a36e951140ae,scipy_LMC001_f7d9627c,1.0014998759143054,7.649935557985577e-08,7.638478787630075e-08,1.7000000000000002,0.0,10.0,2.365750745714953e-07,0.0,1.3910707888296908e-06,1.627645863401186e-06,Canada,CAN,,gcp,northamerica-northeast2,Linux-6.8.0-1032-gcp-x86_64-with-glibc2.35,3.12.11,3.0.4,2,Intel(R) Xeon(R) CPU @ 2.60GHz,,,,,15.61648178100586,machine,Y,1.0
2025-08-07T09:54:57,scipy-benchmark,c265db64-860a-49d0-9d17-8e74c184e5ea,scipy_LMC001_f7d9627c,1.0014355019666257,7.649660579203111e-08,7.638695217196373e-08,1.7000000000000002,0.0,10.0,2.3656945140101015e-07,0.0,1.3910179058762477e-06,1.6275873572772577e-06,Canada,CAN,,gcp,northamerica-northeast2,Linux-6.8.0-1032-gcp-x86_64-with-glibc2.35,3.12.11,3.0.4,2,Intel(R) Xeon(R) CPU @ 2.60GHz,,,,,15.61648178100586,machine,Y,1.0
2025-08-07T09:54:59,scipy-benchmark,10c668e9-c722-4f57-bfa5-8c09f0890251,scipy_LMC001_f7d9627c,1.0014479670207947,7.685724703509646e-08,7.674612118265006e-08,1.7550872000000004,0.0,10.0,2.44249744156379e-07,0.0,1.3910108310584397e-06,1.6352605752148184e-06,Canada,CAN,,gcp,northamerica-northeast2,Linux-6.8.0-1032-gcp-x86_64-with-glibc2.35,3.12.11,3.0.4,2,Intel(R) Xeon(R) CPU @ 2.60GHz,,,,,15.61648178100586,machine,Y,1.0
2025-08-07T09:55:01,scipy-benchmark,5781a816-f913-4f07-b802-6f616957f4a3,scipy_LMC001_f7d9627c,1.0014585088938477,7.667860354988431e-08,7.656693000150254e-08,1.7272709000000002,0.0,10.0,2.40375875038698e-07,0.0,1.3910837749588406e-06,1.6314596499975384e-06,Canada,CAN,,gcp,northamerica-northeast2,Linux-6.8.0-1032-gcp-x86_64-with-glibc2.35,3.12.11,3.0.4,2,Intel(R) Xeon(R) CPU @ 2.60GHz,,,,,15.61648178100586,machine,Y,1.0
2025-08-07T09:55:03,scipy-benchmark,8663f786-2bb0-4d10-8296-449089c333a4,scipy_LMC001_f7d9627c,1.0014881789684296,7.66781010123296e-08,7.656415983992036e-08,1.7272709000000002,0.0,10.0,2.403867021225389e-07,0.0,1.3910622555866011e-06,1.63144895770914e-06,Canada,CAN,,gcp,northamerica-northeast2,Linux-6.8.0-1032-gcp-x86_64-with-glibc2.35,3.12.11,3.0.4,2,Intel(R) Xeon(R) CPU @ 2.60GHz,,,,,15.61648178100586,machine,Y,1.0
2025-08-07T09:55:05,scipy-benchmark,905c5075-bcbb-43ac-9c6c-697cc655d296,scipy_LMC001_f7d9627c,1.0016427510417998,7.64986853657562e-08,7.63732231738218e-08,1.7000000000000002,0.0,10.0,2.3657144794318205e-07,0.0,1.3910601555835457e-06,1.6276316035267275e-06,Canada,CAN,,gcp,northamerica-northeast2,Linux-6.8.0-1032-gcp-x86_64-with-glibc2.35,3.12.11,3.0.4,2,Intel(R) Xeon(R) CPU @ 2.60GHz,,,,,15.61648178100586,machine,Y,1.0
2025-08-07T09:55:07,scipy-benchmark,6aed4b70-4a4a-4fe7-93f8-b01fc1dfd839,scipy_LMC001_f7d9627c,1.0014908220618963,7.650172210441411e-08,7.638784142515686e-08,1.7000000000000002,0.0,10.0,2.366039203673912e-07,0.0,1.391092294620143e-06,1.6276962149875342e-06,Canada,CAN,,gcp,northamerica-northeast2,Linux-6.8.0-1032-gcp-x86_64-with-glibc2.35,3.12.11,3.0.4,2,Intel(R) Xeon(R) CPU @ 2.60GHz,,,,,15.61648178100586,machine,Y,1.0
2025-08-07T09:55:09,scipy-benchmark,f3ac16af-25cf-47d5-8b49-3b1bb2a26e68,scipy_LMC001_f7d9627c,1.001479390077293,7.633293497527794e-08,7.622017560380016e-08,1.6732691000000002,0.0,10.0,2.328863774141267e-07,0.0,1.3912186220598718e-06,1.6241049994739984e-06,Canada,CAN,,gcp,northamerica-northeast2,Linux-6.8.0-1032-gcp-x86_64-with-glibc2.35,3.12.11,3.0.4,2,Intel(R) Xeon(R) CPU @ 2.60GHz,,,,,15.61648178100586,machine,Y,1.0
2025-08-07T09:55:12,scipy-benchmark,6ffa7e39-ff7c-4bd2-896b-cb60359d07ed,scipy_LMC001_f7d9627c,1.001474023098126,7.704694805009494e-08,7.693354622593717e-08,1.7834543000000005,0.0,10.0,2.4819412243429176e-07,0.0,1.391102644589005e-06,1.6392967670232967e-06,Canada,CAN,,gcp,northamerica-northeast2,Linux-6.8.0-1032-gcp-x86_64-with-glibc2.35,3.12.11,3.0.4,2,Intel(R) Xeon(R) CPU @ 2.60GHz,,,,,15.61648178100586,machine,Y,1.0
2025-08-07T09:55:14,scipy-benchmark,5207219c-06f5-439a-8499-85040c1e31b6,scipy_LMC001_f7d9627c,1.0016002799384296,7.668032922178766e-08,7.655781528585569e-08,1.7272709000000002,0.0,10.0,2.403803942179149e-07,0.0,1.391115972203099e-06,1.6314963664210138e-06,Canada,CAN,,gcp,northamerica-northeast2,Linux-6.8.0-1032-gcp-x86_64-with-glibc2.35,3.12.11,3.0.4,2,Intel(R) Xeon(R) CPU @ 2.60GHz,,,,,15.61648178100586,machine,Y,1.0
2025-08-07T09:55:16,scipy-benchmark,8ba44db4-8590-48b7-b99f-373a4a7cd4f7,scipy_LMC001_f7d9627c,1.001491917995736,7.650451732105446e-08,7.639054888646659e-08,1.7000000000000002,0.0,10.0,2.365956186485063e-07,0.0,1.3911600690335036e-06,1.62775568768201e-06,Canada,CAN,,gcp,northamerica-northeast2,Linux-6.8.0-1032-gcp-x86_64-with-glibc2.35,3.12.11,3.0.4,2,Intel(R) Xeon(R) CPU @ 2.60GHz,,,,,15.61648178100586,machine,Y,1.0
2025-08-07T09:55:18,scipy-benchmark,4d5e4349-a4dc-4d22-b542-ed44ad6ab66b,scipy_LMC001_f7d9627c,1.0015070410445333,7.650318497337867e-08,7.638806502407493e-08,1.7000000000000002,0.0,10.0,2.366007234150958e-07,0.0,1.3911266164440247e-06,1.6277273398591206e-06,Canada,CAN,,gcp,northamerica-northeast2,Linux-6.8.0-1032-gcp-x86_64-with-glibc2.35,3.12.11,3.0.4,2,Intel(R) Xeon(R) CPU @ 2.60GHz,,,,,15.61648178100586,machine,Y,1.0
2025-08-07T09:55:20,scipy-benchmark,0e2991f6-424d-4516-91cf-3ab3a2b40566,scipy_LMC001_f7d9627c,1.0014482359401882,7.64990272053595e-08,7.638839878083168e-08,1.7000000000000002,0.0,10.0,2.3658801300916825e-07,0.0,1.3910508637006083e-06,1.6276388767097766e-06,Canada,CAN,,gcp,northamerica-northeast2,Linux-6.8.0-1032-gcp-x86_64-with-glibc2.35,3.12.11,3.0.4,2,Intel(R) Xeon(R) CPU @ 2.60GHz,,,,,15.61648178100586,machine,Y,1.0
2025-08-07T09:55:22,scipy-benchmark,c13c8c86-fc36-45e0-a252-b8cd8aa09a4a,scipy_LMC001_f7d9627c,1.0014304090291262,7.685877666745228e-08,7.674899421315343e-08,1.7550872000000004,0.0,10.0,2.442396401257483e-07,0.0,1.3910534804583426e-06,1.635293120584091e-06,Canada,CAN,,gcp,northamerica-northeast2,Linux-6.8.0-1032-gcp-x86_64-with-glibc2.35,3.12.11,3.0.4,2,Intel(R) Xeon(R) CPU @ 2.60GHz,,,,,15.61648178100586,machine,Y,1.0
2025-08-07T09:55:24,scipy-benchmark,64f3ebae-ac0a-42c1-a61f-d19742f113dc,scipy_LMC001_f7d9627c,1.0014404221437871,7.632796544952839e-08,7.621817909659851e-08,1.6732691000000002,0.0,10.0,2.3286787023734895e-07,0.0,1.391131394646234e-06,1.6239992648835828e-06,Canada,CAN,,gcp,northamerica-northeast2,Linux-6.8.0-1032-gcp-x86_64-with-glibc2.35,3.12.11,3.0.4,2,Intel(R) Xeon(R) CPU @ 2.60GHz,,,,,15.61648178100586,machine,Y,1.0
2025-08-07T09:55:27,scipy-benchmark,afb25739-ffa5-471a-ac6a-46fabc9f9273,scipy_LMC001_f7d9627c,1.0014077918604016,7.649917054155636e-08,7.639162703081954e-08,1.7000000000000002,0.0,10.0,2.3657516296952965e-07,0.0,1.391066763446563e-06,1.6276419264160926e-06,Canada,CAN,,gcp,northamerica-northeast2,Linux-6.8.0-1032-gcp-x86_64-with-glibc2.35,3.12.11,3.0.4,2,Intel(R) Xeon(R) CPU @ 2.60GHz,,,,,15.61648178100586,machine,Y,1.0
2025-08-07T09:55:29,scipy-benchmark,0d756bcd-967f-4eee-b97d-76acd7bb1511,scipy_LMC001_f7d9627c,1.001436933176592,7.667835841289577e-08,7.656833483229884e-08,1.7272709000000002,0.0,10.0,2.403738426703909e-07,0.0,1.3910805916465406e-06,1.6314544343169314e-06,Canada,CAN,,gcp,northamerica-northeast2,Linux-6.8.0-1032-gcp-x86_64-with-glibc2.35,3.12.11,3.0.4,2,Intel(R) Xeon(R) CPU @ 2.60GHz,,,,,15.61648178100586,machine,Y,1.0
2025-08-07T09:55:31,scipy-benchmark,c6229e75-90a3-4848-8186-583430c47be8,scipy_LMC001_f7d9627c,1.0014296569861472,7.6675621419924e-08,7.656615807712657e-08,1.7272709000000002,0.0,10.0,2.403770366154394e-07,0.0,1.391019163808475e-06,1.6313962004239143e-06,Canada,CAN,,gcp,northamerica-northeast2,Linux-6.8.0-1032-gcp-x86_64-with-glibc2.35,3.12.11,3.0.4,2,Intel(R) Xeon(R) CPU @ 2.60GHz,,,,,15.61648178100586,machine,Y,1.0
2025-08-07T09:55:33,scipy-benchmark,f3c2b8de-f0e9-4b07-8323-98080d671787,scipy_LMC001_f7d9627c,1.001436869846657,7.65011156988783e-08,7.639135126969349e-08,1.7000000000000002,0.0,10.0,2.365839769352331e-07,0.0,1.3910993358068583e-06,1.6276833127420914e-06,Canada,CAN,,gcp,northamerica-northeast2,Linux-6.8.0-1032-gcp-x86_64-with-glibc2.35,3.12.11,3.0.4,2,Intel(R) Xeon(R) CPU @ 2.60GHz,,,,,15.61648178100586,machine,Y,1.0
2025-08-07T09:55:35,scipy-benchmark,007c5bc9-8b10-4be5-bd97-7c211658e0b3,scipy_LMC001_f7d9627c,1.0014175970572978,7.649670816690842e-08,7.638842016726768e-08,1.7000000000000002,0.0,10.0,2.365695742127072e-07,0.0,1.3910199612534297e-06,1.6275895354661368e-06,Canada,CAN,,gcp,northamerica-northeast2,Linux-6.8.0-1032-gcp-x86_64-with-glibc2.35,3.12.11,3.0.4,2,Intel(R) Xeon(R) CPU @ 2.60GHz,,,,,15.61648178100586,machine,Y,1.0
2025-08-07T09:55:37,scipy-benchmark,e8fc97ba-b084-4a01-b818-f71b450775c5,scipy_LMC001_f7d9627c,1.0031319628469646,7.758832447268319e-08,7.734607942556394e-08,1.8658584008000003,0.0,10.0,2.596854282915681e-07,0.0,1.39112998602084e-06,1.650815414312408e-06,Canada,CAN,,gcp,northamerica-northeast2,Linux-6.8.0-1032-gcp-x86_64-with-glibc2.35,3.12.11,3.0.4,2,Intel(R) Xeon(R) CPU @ 2.60GHz,,,,,15.61648178100586,machine,Y,1.0
2025-08-07T09:55:39,scipy-benchmark,6a28c3bd-89ad-491b-b59d-e29c0b6e4933,scipy_LMC001_f7d9627c,1.002304608002305,7.723835845097157e-08,7.706076359851866e-08,1.8123776000000005,0.0,10.0,2.522453374655578e-07,0.0,1.3911239912785176e-06,1.6433693287440754e-06,Canada,CAN,,gcp,northamerica-northeast2,Linux-6.8.0-1032-gcp-x86_64-with-glibc2.35,3.12.11,3.0.4,2,Intel(R) Xeon(R) CPU @ 2.60GHz,,,,,15.61648178100586,machine,Y,1.0
2025-08-07T09:55:42,scipy-benchmark,baea873c-3ce9-41ee-a29f-e85b396cd793,scipy_LMC001_f7d9627c,1.001471963012591,7.705060865436822e-08,7.69373597065937e-08,1.7834543000000005,0.0,10.0,2.48212224483326e-07,0.0,1.3911624277372743e-06,1.6393746522206005e-06,Canada,CAN,,gcp,northamerica-northeast2,Linux-6.8.0-1032-gcp-x86_64-with-glibc2.35,3.12.11,3.0.4,2,Intel(R) Xeon(R) CPU @ 2.60GHz,,,,,15.61648178100586,machine,Y,1.0
2025-08-07T09:55:44,scipy-benchmark,22d2f4e5-64bb-4d31-8e00-feeddda7102e,scipy_LMC001_f7d9627c,1.001649146899581,7.68620376324177e-08,7.673548953775868e-08,1.7550872000000004,0.0,10.0,2.442514698577033e-07,0.0,1.3911110329596946e-06,1.635362502817398e-06,Canada,CAN,,gcp,northamerica-northeast2,Linux-6.8.0-1032-gcp-x86_64-with-glibc2.35,3.12.11,3.0.4,2,Intel(R) Xeon(R) CPU @ 2.60GHz,,,,,15.61648178100586,machine,Y,1.0
2025-08-07T09:55:46,scipy-benchmark,33998f06-67a4-4026-a9ed-f8867c2fabde,scipy_LMC001_f7d9627c,1.0015962570905683,7.688024086011232e-08,7.675771581199158e-08,1.7550872000000004,0.0,10.0,2.443161721360401e-07,0.0,1.3914336333982646e-06,1.6357498055343046e-06,Canada,CAN,,gcp,northamerica-northeast2,Linux-6.8.0-1032-gcp-x86_64-with-glibc2.35,3.12.11,3.0.4,2,Intel(R) Xeon(R) CPU @ 2.60GHz,,,,,15.61648178100586,machine,Y,1.0
2025-08-07T09:55:48,scipy-benchmark,74105dca-b6bd-4aed-8e67-3190653da3b8,scipy_LMC001_f7d9627c,1.0016699240077287,7.704473573843446e-08,7.691629137687874e-08,1.7834543000000005,0.0,10.0,2.481899516662749e-07,0.0,1.3910597448961602e-06,1.6392496965624351e-06,Canada,CAN,,gcp,northamerica-northeast2,Linux-6.8.0-1032-gcp-x86_64-with-glibc2.35,3.12.11,3.0.4,2,Intel(R) Xeon(R) CPU @ 2.60GHz,,,,,15.61648178100586,machine,Y,1.0
2025-08-07T09:55:50,scipy-benchmark,f2934a0c-9aba-4ca4-8dd6-19cf10f5c3bf,scipy_LMC001_f7d9627c,1.002050749026239,7.714122982620553e-08,7.6983356283271e-08,1.7834543000000005,0.0,10.0,2.485017345405536e-07,0.0,1.3928010277191384e-06,1.641302762259692e-06,Canada,CAN,,gcp,northamerica-northeast2,Linux-6.8.0-1032-gcp-x86_64-with-glibc2.35,3.12.11,3.0.4,2,Intel(R) Xeon(R) CPU @ 2.60GHz,,,,,15.61648178100586,machine,Y,1.0
2025-08-07T09:55:52,scipy-benchmark,bba8590f-407a-493d-a620-07e07185bf3d,scipy_LMC001_f7d9627c,1.001456619007513,7.704697635456928e-08,7.693491150013685e-08,1.7834543000000005,0.0,10.0,2.481973634044441e-07,0.0,1.3911000058417104e-06,1.6392973692461546e-06,Canada,CAN,,gcp,northamerica-northeast2,Linux-6.8.0-1032-gcp-x86_64-with-glibc2.35,3.12.11,3.0.4,2,Intel(R) Xeon(R) CPU @ 2.60GHz,,,,,15.61648178100586,machine,Y,1.0
2025-08-07T09:55:54,scipy-benchmark,752c5f63-100b-4ca5-bf36-6eee0696c3d4,scipy_LMC001_f7d9627c,1.0023906640708449,8.099014144061204e-08,8.079698299633008e-08,2.3865118208,0.0,10.0,3.3211719000196137e-07,0.0,1.391077308734465e-06,1.7231944987364264e-06,Canada,CAN,,gcp,northamerica-northeast2,Linux-6.8.0-1032-gcp-x86_64-with-glibc2.35,3.12.11,3.0.4,2,Intel(R) Xeon(R) CPU @ 2.60GHz,,,,,15.61648178100586,machine,Y,1.0
2025-08-07T09:55:57,scipy-benchmark,2a24c93a-f183-4ddf-9c62-dd2c1c87b839,scipy_LMC001_f7d9627c,1.0014933811035007,7.668338563442362e-08,7.656903887864904e-08,1.7272709000000002,0.0,10.0,2.403927327590852e-07,0.0,1.3911686637180134e-06,1.6315613964770984e-06,Canada,CAN,,gcp,northamerica-northeast2,Linux-6.8.0-1032-gcp-x86_64-with-glibc2.35,3.12.11,3.0.4,2,Intel(R) Xeon(R) CPU @ 2.60GHz,,,,,15.61648178100586,machine,Y,1.0
2025-08-07T09:55:59,scipy-benchmark,b23acf3d-2300-4ac2-854c-44f94f5df656,scipy_LMC001_f7d9627c,1.0018680880311877,7.656606453439845e-08,7.64232990840756e-08,1.7000000000000002,0.0,10.0,2.3678178611832362e-07,0.0,1.3922834167412171e-06,1.629065202859541e-06,Canada,CAN,,gcp,northamerica-northeast2,Linux-6.8.0-1032-gcp-x86_64-with-glibc2.35,3.12.11,3.0.4,2,Intel(R) Xeon(R) CPU @ 2.60GHz,,,,,15.61648178100586,machine,Y,1.0
2025-08-07T09:56:01,scipy-benchmark,386cb822-1100-43b9-a2b4-490f90658130,scipy_LMC001_f7d9627c,1.0015577198937535,7.65127648214758e-08,7.63937647343903e-08,1.7000000000000002,0.0,10.0,2.366219945769344e-07,0.0,1.3913091718374442e-06,1.6279311664143786e-06,Canada,CAN,,gcp,northamerica-northeast2,Linux-6.8.0-1032-gcp-x86_64-with-glibc2.35,3.12.11,3.0.4,2,Intel(R) Xeon(R) CPU @ 2.60GHz,,,,,15.61648178100586,machine,Y,1.0
2025-08-07T09:56:03,scipy-benchmark,329c0d49-d774-40b2-acfc-5707281a4689,scipy_LMC001_f7d9627c,1.0014509460888803,7.649864167931568e-08,7.638780708938119e-08,1.7000000000000002,0.0,10.0,2.3657814882204145e-07,0.0,1.3910525252059516e-06,1.627630674027993e-06,Canada,CAN,,gcp,northamerica-northeast2,Linux-6.8.0-1032-gcp-x86_64-with-glibc2.35,3.12.11,3.0.4,2,Intel(R) Xeon(R) CPU @ 2.60GHz,,,,,15.61648178100586,machine,Y,1.0
2025-08-07T09:56:05,scipy-benchmark,2cc6d07d-2a62-4abd-a721-1e8ea506b9ba,scipy_LMC001_f7d9627c,1.0015213231090456,7.385796159918903e-08,7.374577045440238e-08,1.2962311999999998,0.0,10.0,1.803861107580713e-07,0.0,1.3910598807140357e-06,1.571445991472107e-06,Canada,CAN,,gcp,northamerica-northeast2,Linux-6.8.0-1032-gcp-x86_64-with-glibc2.35,3.12.11,3.0.4,2,Intel(R) Xeon(R) CPU @ 2.60GHz,,,,,15.61648178100586,machine,Y,1.0
2025-08-07T09:56:07,scipy-benchmark,5af5ef29-c5f5-444e-9fdf-3b0bba6eff33,scipy_LMC001_f7d9627c,1.001390407094732,7.68563076026206e-08,7.674959442201842e-08,1.7550872000000004,0.0,10.0,2.442326090534975e-07,0.0,1.3910079782363023e-06,1.6352405872898e-06,Canada,CAN,,gcp,northamerica-northeast2,Linux-6.8.0-1032-gcp-x86_64-with-glibc2.35,3.12.11,3.0.4,2,Intel(R) Xeon(R) CPU @ 2.60GHz,,,,,15.61648178100586,machine,Y,1.0
2025-08-07T09:56:09,scipy-benchmark,1584eccc-d8f2-4d26-aff2-462acfda9717,scipy_LMC001_f7d9627c,1.0014355739112943,7.66758087216637e-08,7.65658927235748e-08,1.7272709000000002,0.0,10.0,2.4036592980586654e-07,0.0,1.3910342557614462e-06,1.6314001855673127e-06,Canada,CAN,,gcp,northamerica-northeast2,Linux-6.8.0-1032-gcp-x86_64-with-glibc2.35,3.12.11,3.0.4,2,Intel(R) Xeon(R) CPU @ 2.60GHz,,,,,15.61648178100586,machine,Y,1.0
2025-08-07T09:56:12,scipy-benchmark,4bf7a65f-814b-4aa9-9797-3f48db5b5e1d,scipy_LMC001_f7d9627c,1.0014811439905316,7.66780446037593e-08,7.656464134534345e-08,1.7272709000000002,0.0,10.0,2.4038592103535137e-07,0.0,1.3910618364914423e-06,1.6314477575267936e-06,Canada,CAN,,gcp,northamerica-northeast2,Linux-6.8.0-1032-gcp-x86_64-with-glibc2.35,3.12.11,3.0.4,2,Intel(R) Xeon(R) CPU @ 2.60GHz,,,,,15.61648178100586,machine,Y,1.0
2025-08-07T09:56:14,scipy-benchmark,ce6f2a35-e702-461d-a9b5-508ef06146c7,scipy_LMC001_f7d9627c,1.0026481840759516,7.704511819303377e-08,7.684162741893277e-08,1.7550872000000004,0.0,10.0,2.448361367399015e-07,0.0,1.3944216971544342e-06,1.6392578338943357e-06,Canada,CAN,,gcp,northamerica-northeast2,Linux-6.8.0-1032-gcp-x86_64-with-glibc2.35,3.12.11,3.0.4,2,Intel(R) Xeon(R) CPU @ 2.60GHz,,,,,15.61648178100586,machine,Y,1.0
2025-08-07T09:56:16,scipy-benchmark,8069fd0e-f7d8-433b-b1a2-b3b28c5d9dfc,scipy_LMC001_f7d9627c,1.0029946379363537,7.765741629126082e-08,7.74255547876505e-08,1.8418625,0.0,10.0,2.571130167237175e-07,0.0,1.3951724362818318e-06,1.6522854530055492e-06,Canada,CAN,,gcp,northamerica-northeast2,Linux-6.8.0-1032-gcp-x86_64-with-glibc2.35,3.12.11,3.0.4,2,Intel(R) Xeon(R) CPU @ 2.60GHz,,,,,15.61648178100586,machine,Y,1.0
2025-08-07T09:56:18,scipy-benchmark,6bccd5c7-af2c-429f-9121-37c2ba543c87,scipy_LMC001_f7d9627c,1.0018368640448898,7.771690749694675e-08,7.757441384535081e-08,1.8779932952,0.0,10.0,2.61558548043572e-07,0.0,1.3919926752957204e-06,1.6535512233392923e-06,Canada,CAN,,gcp,northamerica-northeast2,Linux-6.8.0-1032-gcp-x86_64-with-glibc2.35,3.12.11,3.0.4,2,Intel(R) Xeon(R) CPU @ 2.60GHz,,,,,15.61648178100586,machine,Y,1.0
2025-08-07T09:56:20,scipy-benchmark,94ebd072-fe73-43d7-806f-d9b7de26ce38,scipy_LMC001_f7d9627c,1.0014634828548878,7.668172339660986e-08,7.656966500467102e-08,1.7272709000000002,0.0,10.0,2.403861244620917e-07,0.0,1.3911399052530114e-06,1.6315260297151032e-06,Canada,CAN,,gcp,northamerica-northeast2,Linux-6.8.0-1032-gcp-x86_64-with-glibc2.35,3.12.11,3.0.4,2,Intel(R) Xeon(R) CPU @ 2.60GHz,,,,,15.61648178100586,machine,Y,1.0
2025-08-07T09:56:22,scipy-benchmark,96923d36-b411-4206-9f9f-1175efdca26e,scipy_LMC001_f7d9627c,1.0016689870972186,7.66760538072391e-08,7.654829568941936e-08,1.7272709000000002,0.0,10.0,2.403682443575597e-07,0.0,1.3910371557964633e-06,1.631405400154023e-06,Canada,CAN,,gcp,northamerica-northeast2,Linux-6.8.0-1032-gcp-x86_64-with-glibc2.35,3.12.11,3.0.4,2,Intel(R) Xeon(R) CPU @ 2.60GHz,,,,,15.61648178100586,machine,Y,1.0
2025-08-07T09:56:24,scipy-benchmark,7591f2b2-49d3-47d5-aa91-6fbea4efccb6,scipy_LMC001_f7d9627c,1.0014289419632405,7.649965435190823e-08,7.639049676548724e-08,1.7000000000000002,0.0,10.0,2.3657461465983135e-07,0.0,1.3910776055935356e-06,1.6276522202533668e-06,Canada,CAN,,gcp,northamerica-northeast2,Linux-6.8.0-1032-gcp-x86_64-with-glibc2.35,3.12.11,3.0.4,2,Intel(R) Xeon(R) CPU @ 2.60GHz,,,,,15.61648178100586,machine,Y,1.0
2025-08-07T09:56:27,scipy-benchmark,4ef78b2f-50f8-4c4b-96c8-39d8a8f36081,scipy_LMC001_f7d9627c,1.0014287380035969,7.649829206285846e-08,7.638915197836444e-08,1.7000000000000002,0.0,10.0,2.3657140737244245e-07,0.0,1.3910518280075245e-06,1.627623235379967e-06,Canada,CAN,,gcp,northamerica-northeast2,Linux-6.8.0-1032-gcp-x86_64-with-glibc2.35,3.12.11,3.0.4,2,Intel(R) Xeon(R) CPU @ 2.60GHz,,,,,15.61648178100586,machine,Y,1.0
2025-08-07T09:56:29,scipy-benchmark,447a5c4f-e69f-4170-9db1-78955da31532,scipy_LMC001_f7d9627c,1.0014602560549974,7.650279712437057e-08,7.639124634434747e-08,1.7000000000000002,0.0,10.0,2.3658944903743562e-07,0.0,1.39112963871513e-06,1.6277190877525657e-06,Canada,CAN,,gcp,northamerica-northeast2,Linux-6.8.0-1032-gcp-x86_64-with-glibc2.35,3.12.11,3.0.4,2,Intel(R) Xeon(R) CPU @ 2.60GHz,,,,,15.61648178100586,machine,Y,1.0
2025-08-07T09:56:31,scipy-benchmark,c7a76bb2-e56f-4d48-b783-d63fab893a74,scipy_LMC001_f7d9627c,1.001482127001509,7.650174388775162e-08,7.638852639018325e-08,1.7000000000000002,0.0,10.0,2.3658334759400333e-07,0.0,1.3911133308687972e-06,1.6276966784628005e-06,Canada,CAN,,gcp,northamerica-northeast2,Linux-6.8.0-1032-gcp-x86_64-with-glibc2.35,3.12.11,3.0.4,2,Intel(R) Xeon(R) CPU @ 2.60GHz,,,,,15.61648178100586,machine,Y,1.0
2025-08-07T09:56:33,scipy-benchmark,99dec616-22f6-4db8-9a97-8425e7418557,scipy_LMC001_f7d9627c,1.0014448121655732,7.65024771580809e-08,7.639210491554516e-08,1.7000000000000002,0.0,10.0,2.3658667956220202e-07,0.0,1.391125600396966e-06,1.627712279959168e-06,Canada,CAN,,gcp,northamerica-northeast2,Linux-6.8.0-1032-gcp-x86_64-with-glibc2.35,3.12.11,3.0.4,2,Intel(R) Xeon(R) CPU @ 2.60GHz,,,,,15.61648178100586,machine,Y,1.0
2025-08-07T09:56:35,scipy-benchmark,1d0cf6ad-7e83-4c81-b034-921b7eba0889,scipy_LMC001_f7d9627c,1.001481048995629,7.650510197243422e-08,7.63919617342336e-08,1.7000000000000002,0.0,10.0,2.365958046801906e-07,0.0,1.3911723223928777e-06,1.6277681270730682e-06,Canada,CAN,,gcp,northamerica-northeast2,Linux-6.8.0-1032-gcp-x86_64-with-glibc2.35,3.12.11,3.0.4,2,Intel(R) Xeon(R) CPU @ 2.60GHz,,,,,15.61648178100586,machine,Y,1.0
2025-08-07T09:56:37,scipy-benchmark,97657fb9-2fea-4b3a-8b1c-3a0a107d7fd0,scipy_LMC001_f7d9627c,1.0014755739830434,7.65026500021858e-08,7.638993100742477e-08,1.7000000000000002,0.0,10.0,2.365884989784617e-07,0.0,1.3911274585148529e-06,1.6277159574933146e-06,Canada,CAN,,gcp,northamerica-northeast2,Linux-6.8.0-1032-gcp-x86_64-with-glibc2.35,3.12.11,3.0.4,2,Intel(R) Xeon(R) CPU @ 2.60GHz,,,,,15.61648178100586,machine,Y,1.0
2025-08-07T09:56:39,scipy-benchmark,2b6a5aa5-065e-4aae-9d07-726f48800a11,scipy_LMC001_f7d9627c,1.0014935180079192,7.650260554851654e-08,7.638851792140267e-08,1.7000000000000002,0.0,10.0,2.3659044219594865e-07,0.0,1.391124569474616e-06,1.6277150116705649e-06,Canada,CAN,,gcp,northamerica-northeast2,Linux-6.8.0-1032-gcp-x86_64-with-glibc2.35,3.12.11,3.0.4,2,Intel(R) Xeon(R) CPU @ 2.60GHz,,,,,15.61648178100586,machine,Y,1.0
2025-08-07T09:56:42,scipy-benchmark,dd2ec1f9-3aa9-4696-bbbb-f30093395a17,scipy_LMC001_f7d9627c,1.0014378218911588,7.650195773634024e-08,7.639211947464757e-08,1.7000000000000002,0.0,10.0,2.3658313682406325e-07,0.0,1.391118091608708e-06,1.627701228432771e-06,Canada,CAN,,gcp,northamerica-northeast2,Linux-6.8.0-1032-gcp-x86_64-with-glibc2.35,3.12.11,3.0.4,2,Intel(R) Xeon(R) CPU @ 2.60GHz,,,,,15.61648178100586,machine,Y,1.0
2025-08-07T09:56:44,scipy-benchmark,81757975-bda9-4d99-a43c-64d1b4f130f2,scipy_LMC001_f7d9627c,1.0014742410276083,7.649819884457004e-08,7.638558807670936e-08,1.7000000000000002,0.0,10.0,2.3658688824313386e-07,0.0,1.3910343637689949e-06,1.6276212520121286e-06,Canada,CAN,,gcp,northamerica-northeast2,Linux-6.8.0-1032-gcp-x86_64-with-glibc2.35,3.12.11,3.0.4,2,Intel(R) Xeon(R) CPU @ 2.60GHz,,,,,15.61648178100586,machine,Y,1.0
2025-08-07T09:56:46,scipy-benchmark,42833882-b1a3-42f0-9a11-9cc58e71b203,scipy_LMC001_f7d9627c,1.001491324044764,7.632755133871871e-08,7.621389172943756e-08,1.6732691000000002,0.0,10.0,2.328821147767939e-07,0.0,1.391108339238498e-06,1.6239904540152918e-06,Canada,CAN,,gcp,northamerica-northeast2,Linux-6.8.0-1032-gcp-x86_64-with-glibc2.35,3.12.11,3.0.4,2,Intel(R) Xeon(R) CPU @ 2.60GHz,,,,,15.61648178100586,machine,Y,1.0
2025-08-07T09:56:48,scipy-benchmark,17b317df-ddff-4146-a7dc-4fb078b78816,scipy_LMC001_f7d9627c,1.0027165869250894,7.70066044927915e-08,7.679797611500415e-08,1.7550872000000004,0.0,10.0,2.4486293545236937e-07,0.0,1.3935754580112795e-06,1.638438393463649e-06,Canada,CAN,,gcp,northamerica-northeast2,Linux-6.8.0-1032-gcp-x86_64-with-glibc2.35,3.12.11,3.0.4,2,Intel(R) Xeon(R) CPU @ 2.60GHz,,,,,15.61648178100586,machine,Y,1.0
2025-08-07T09:56:50,scipy-benchmark,33d03273-bf7e-48ed-bf2d-c472333ee2fd,scipy_LMC001_f7d9627c,1.002019245875999,7.676282286577851e-08,7.660813221074396e-08,1.7272709000000002,0.0,10.0,2.4063894792922093e-07,0.0,1.392612602406492e-06,1.633251550335713e-06,Canada,CAN,,gcp,northamerica-northeast2,Linux-6.8.0-1032-gcp-x86_64-with-glibc2.35,3.12.11,3.0.4,2,Intel(R) Xeon(R) CPU @ 2.60GHz,,,,,15.61648178100586,machine,Y,1.0
2025-08-07T09:56:52,scipy-benchmark,ca39ce19-14b6-4d4a-818d-40867470f3ff,scipy_LMC001_f7d9627c,1.001427035080269,7.649305243548265e-08,7.638404971696353e-08,1.7000000000000002,0.0,10.0,2.36559842622632e-07,0.0,1.3909519113238072e-06,1.627511753946439e-06,Canada,CAN,,gcp,northamerica-northeast2,Linux-6.8.0-1032-gcp-x86_64-with-glibc2.35,3.12.11,3.0.4,2,Intel(R) Xeon(R) CPU @ 2.60GHz,,,,,15.61648178100586,machine,Y,1.0
2025-08-07T09:56:54,scipy-benchmark,ea593d42-cb0d-4386-8f9f-683b5476876b,scipy_LMC001_f7d9627c,1.0015016528777778,7.667735433948259e-08,7.656238421489674e-08,1.7272709000000002,0.0,10.0,2.403850659951149e-07,0.0,1.391048005057706e-06,1.6314330710528207e-06,Canada,CAN,,gcp,northamerica-northeast2,Linux-6.8.0-1032-gcp-x86_64-with-glibc2.35,3.12.11,3.0.4,2,Intel(R) Xeon(R) CPU @ 2.60GHz,,,,,15.61648178100586,machine,Y,1.0
2025-08-07T09:56:57,scipy-benchmark,1e37784e-5dd0-4f94-9a68-96dd202a2a33,scipy_LMC001_f7d9627c,1.0022827899083495,7.66255005677813e-08,7.645097904433544e-08,1.7000000000000002,0.0,10.0,2.369726659510181e-07,0.0,1.3933571333634772e-06,1.6303297993144954e-06,Canada,CAN,,gcp,northamerica-northeast2,Linux-6.8.0-1032-gcp-x86_64-with-glibc2.35,3.12.11,3.0.4,2,Intel(R) Xeon(R) CPU @ 2.60GHz,,,,,15.61648178100586,machine,Y,1.0
2025-08-07T09:56:59,scipy-benchmark,707428e7-e4bf-47c7-a03b-7ae2d475df27,scipy_LMC001_f7d9627c,1.0018888749182224,7.710532789273675e-08,7.69599601542939e-08,1.7834543000000005,0.0,10.0,2.4838256908095645e-07,0.0,1.392156322253868e-06,1.6405388913348244e-06,Canada,CAN,,gcp,northamerica-northeast2,Linux-6.8.0-1032-gcp-x86_64-with-glibc2.35,3.12.11,3.0.4,2,Intel(R) Xeon(R) CPU @ 2.60GHz,,,,,15.61648178100586,machine,Y,1.0
2025-08-07T09:57:01,scipy-benchmark,ade94b06-22b7-4442-9b77-ab76b397d8e9,scipy_LMC001_f7d9627c,1.0014505400322378,7.649789214306898e-08,7.638708961164115e-08,1.7000000000000002,0.0,10.0,2.365827789439613e-07,0.0,1.391031947504315e-06,1.6276147264482762e-06,Canada,CAN,,gcp,northamerica-northeast2,Linux-6.8.0-1032-gcp-x86_64-with-glibc2.35,3.12.11,3.0.4,2,Intel(R) Xeon(R) CPU @ 2.60GHz,,,,,15.61648178100586,machine,Y,1.0
2025-08-07T09:57:03,scipy-benchmark,859994c1-0240-47c6-93b3-7c8759a161b3,scipy_LMC001_f7d9627c,1.0015524039044976,7.66849532213702e-08,7.656609172162941e-08,1.7272709000000002,0.0,10.0,2.4042006053318584e-07,0.0,1.3911746888576696e-06,1.6315947493908554e-06,Canada,CAN,,gcp,northamerica-northeast2,Linux-6.8.0-1032-gcp-x86_64-with-glibc2.35,3.12.11,3.0.4,2,Intel(R) Xeon(R) CPU @ 2.60GHz,,,,,15.61648178100586,machine,Y,1.0
2025-08-07T09:57:05,scipy-benchmark,a9cf4cf6-a72f-477a-817e-6b87ff673fea,scipy_LMC001_f7d9627c,1.0014912709593773,7.650402373279213e-08,7.639010538704467e-08,1.7000000000000002,0.0,10.0,2.365949079459016e-07,0.0,1.391150277858186e-06,1.6277451858040875e-06,Canada,CAN,,gcp,northamerica-northeast2,Linux-6.8.0-1032-gcp-x86_64-with-glibc2.35,3.12.11,3.0.4,2,Intel(R) Xeon(R) CPU @ 2.60GHz,,,,,15.61648178100586,machine,Y,1.0
2025-08-07T09:57:07,scipy-benchmark,f61c8b8d-bd9f-49ab-b87e-12080b99d4f0,scipy_LMC001_f7d9627c,1.001696560997516,7.669045426280969e-08,7.656056459497005e-08,1.7272709000000002,0.0,10.0,2.404483431059409e-07,0.0,1.3912634497197967e-06,1.6317117928257377e-06,Canada,CAN,,gcp,northamerica-northeast2,Linux-6.8.0-1032-gcp-x86_64-with-glibc2.35,3.12.11,3.0.4,2,Intel(R) Xeon(R) CPU @ 2.60GHz,,,,,15.61648178100586,machine,Y,1.0
2025-08-07T09:57:09,scipy-benchmark,d69f9b59-5dd3-4623-8fdb-d3be449b7c1f,scipy_LMC001_f7d9627c,1.00147686409764,7.65042715428022e-08,7.63914517503455e-08,1.7000000000000002,0.0,10.0,2.3659367741007986e-07,0.0,1.3911567809474136e-06,1.6277504583574934e-06,Canada,CAN,,gcp,northamerica-northeast2,Linux-6.8.0-1032-gcp-x86_64-with-glibc2.35,3.12.11,3.0.4,2,Intel(R) Xeon(R) CPU @ 2.60GHz,,,,,15.61648178100586,machine,Y,1.0
2025-08-07T09:57:12,scipy-benchmark,7fadfdbb-9932-4fa0-993f-18931dbb2a90,scipy_LMC001_f7d9627c,1.001508851069957,7.650324128140023e-08,7.63879831912303e-08,1.7000000000000002,0.0,10.0,2.365953821507801e-07,0.0,1.3911331557513523e-06,1.6277285379021326e-06,Canada,CAN,,gcp,northamerica-northeast2,Linux-6.8.0-1032-gcp-x86_64-with-glibc2.35,3.12.11,3.0.4,2,Intel(R) Xeon(R) CPU @ 2.60GHz,,,,,15.61648178100586,machine,Y,1.0
2025-08-07T09:57:14,scipy-benchmark,e1806db8-4d83-47b2-9305-cd23d7a43e0f,scipy_LMC001_f7d9627c,1.0014877510257063,7.668433003776264e-08,7.657041232828247e-08,1.7272709000000002,0.0,10.0,2.4039478724628e-07,0.0,1.3911867029188825e-06,1.6315814901651625e-06,Canada,CAN,,gcp,northamerica-northeast2,Linux-6.8.0-1032-gcp-x86_64-with-glibc2.35,3.12.11,3.0.4,2,Intel(R) Xeon(R) CPU @ 2.60GHz,,,,,15.61648178100586,machine,Y,1.0
2025-08-07T09:57:16,scipy-benchmark,cc8620ae-f04c-48f6-9ef5-e6066cfaf12f,scipy_LMC001_f7d9627c,1.001479872968048,7.667682654073016e-08,7.656352225380823e-08,1.7272709000000002,0.0,10.0,2.4038292180354203e-07,0.0,1.3910389194885889e-06,1.631421841292131e-06,Canada,CAN,,gcp,northamerica-northeast2,Linux-6.8.0-1032-gcp-x86_64-with-glibc2.35,3.12.11,3.0.4,2,Intel(R) Xeon(R) CPU @ 2.60GHz,,,,,15.61648178100586,machine,Y,1.0
2025-08-07T09:57:18,scipy-benchmark,d7d05154-2d9f-4876-99d1-ba73a96943f4,scipy_LMC001_f7d9627c,1.0015482499729842,7.650145961066786e-08,7.638319932437743e-08,1.7000000000000002,0.0,10.0,2.36583830044967e-07,0.0,1.3911067999692423e-06,1.6276906300142096e-06,Canada,CAN,,gcp,northamerica-northeast2,Linux-6.8.0-1032-gcp-x86_64-with-glibc2.35,3.12.11,3.0.4,2,Intel(R) Xeon(R) CPU @ 2.60GHz,,,,,15.61648178100586,machine,Y,1.0
2025-08-07T09:57:20,scipy-benchmark,9e716672-28c6-4f3c-8926-5e0abc3293ed,scipy_LMC001_f7d9627c,1.0014770140405744,7.650201773824583e-08,7.63891898323154e-08,1.7000000000000002,0.0,10.0,2.3660219913452042e-07,0.0,1.39110030593454e-06,1.6277025050690605e-06,Canada,CAN,,gcp,northamerica-northeast2,Linux-6.8.0-1032-gcp-x86_64-with-glibc2.35,3.12.11,3.0.4,2,Intel(R) Xeon(R) CPU @ 2.60GHz,,,,,15.61648178100586,machine,Y,1.0
2025-08-07T09:57:22,scipy-benchmark,ec7cf59a-876f-4924-a228-e58a29ef4277,scipy_LMC001_f7d9627c,1.0014402950182557,7.722969964101508e-08,7.711862606807451e-08,1.8123776000000005,0.0,10.0,2.522168407697545e-07,0.0,1.390968257975247e-06,1.6431850987450018e-06,Canada,CAN,,gcp,northamerica-northeast2,Linux-6.8.0-1032-gcp-x86_64-with-glibc2.35,3.12.11,3.0.4,2,Intel(R) Xeon(R) CPU @ 2.60GHz,,,,,15.61648178100586,machine,Y,1.0
2025-08-07T09:57:24,scipy-benchmark,0112b87c-5237-40a7-b93d-ac714a4d7a2d,scipy_LMC001_f7d9627c,1.0021575689315796,7.649469624852969e-08,7.633000899258011e-08,1.7000000000000002,0.0,10.0,2.3658095941775377e-07,0.0,1.3909657692743672e-06,1.627546728692121e-06,Canada,CAN,,gcp,northamerica-northeast2,Linux-6.8.0-1032-gcp-x86_64-with-glibc2.35,3.12.11,3.0.4,2,Intel(R) Xeon(R) CPU @ 2.60GHz,,,,,15.61648178100586,machine,Y,1.0
2025-08-07T09:57:27,scipy-benchmark,fcd90359-2955-4454-84f0-7dce1dc936f2,scipy_LMC001_f7d9627c,1.0014749330002817,7.650242186441836e-08,7.638975209816545e-08,1.7000000000000002,0.0,10.0,2.365998228326337e-07,0.0,1.3911112806656296e-06,1.6277111034982631e-06,Canada,CAN,,gcp,northamerica-northeast2,Linux-6.8.0-1032-gcp-x86_64-with-glibc2.35,3.12.11,3.0.4,2,Intel(R) Xeon(R) CPU @ 2.60GHz,,,,,15.61648178100586,machine,Y,1.0
2025-08-07T09:57:29,scipy-benchmark,dd9ec528-99d6-442c-85f1-f31087802f59,scipy_LMC001_f7d9627c,1.0015085160266608,7.650400056212028e-08,7.63887668830204e-08,1.7000000000000002,0.0,10.0,2.365939428240785e-07,0.0,1.3911507499869912e-06,1.62774469281107e-06,Canada,CAN,,gcp,northamerica-northeast2,Linux-6.8.0-1032-gcp-x86_64-with-glibc2.35,3.12.11,3.0.4,2,Intel(R) Xeon(R) CPU @ 2.60GHz,,,,,15.61648178100586,machine,Y,1.0
2025-08-07T09:57:31,scipy-benchmark,35f13720-dac8-4965-ae8c-d476fb297304,scipy_LMC001_f7d9627c,1.0014776850584894,7.650176418830717e-08,7.638888547360819e-08,1.7000000000000002,0.0,10.0,2.3659708579200217e-07,0.0,1.3911000245975125e-06,1.6276971103895144e-06,Canada,CAN,,gcp,northamerica-northeast2,Linux-6.8.0-1032-gcp-x86_64-with-glibc2.35,3.12.11,3.0.4,2,Intel(R) Xeon(R) CPU @ 2.60GHz,,,,,15.61648178100586,machine,Y,1.0
2025-08-07T09:57:33,scipy-benchmark,72660cb7-99db-4b53-bf84-cc803c1e02e9,scipy_LMC001_f7d9627c,1.001544165890664,7.649723665252612e-08,7.637929435143567e-08,1.7000000000000002,0.0,10.0,2.365734747210001e-07,0.0,1.391027305119981e-06,1.6276007798409814e-06,Canada,CAN,,gcp,northamerica-northeast2,Linux-6.8.0-1032-gcp-x86_64-with-glibc2.35,3.12.11,3.0.4,2,Intel(R) Xeon(R) CPU @ 2.60GHz,,,,,15.61648178100586,machine,Y,1.0
2025-08-07T09:57:35,scipy-benchmark,8707c9a3-233a-44c5-88c4-f40a2a308652,scipy_LMC001_f7d9627c,1.001442771172151,7.650113692290487e-08,7.639092230239294e-08,1.7000000000000002,0.0,10.0,2.3658300565633305e-07,0.0,1.3911007586607917e-06,1.6276837643171248e-06,Canada,CAN,,gcp,northamerica-northeast2,Linux-6.8.0-1032-gcp-x86_64-with-glibc2.35,3.12.11,3.0.4,2,Intel(R) Xeon(R) CPU @ 2.60GHz,,,,,15.61648178100586,machine,Y,1.0
2025-08-07T09:57:37,scipy-benchmark,822ed888-163f-4e81-bd10-f938bfa9f798,scipy_LMC001_f7d9627c,1.001528947846964,7.650311616992503e-08,7.63863254620723e-08,1.7000000000000002,0.0,10.0,2.3659085109183165e-07,0.0,1.3911350248640197e-06,1.6277258759558511e-06,Canada,CAN,,gcp,northamerica-northeast2,Linux-6.8.0-1032-gcp-x86_64-with-glibc2.35,3.12.11,3.0.4,2,Intel(R) Xeon(R) CPU @ 2.60GHz,,,,,15.61648178100586,machine,Y,1.0
2025-08-07T09:57:39,scipy-benchmark,0a35aa5a-8b5b-4d4d-949b-75d613736408,scipy_LMC001_f7d9627c,1.001461080973968,7.668315915487683e-08,7.65712823111397e-08,1.7272709000000002,0.0,10.0,2.403884721921165e-07,0.0,1.3911681055712203e-06,1.6315565777633369e-06,Canada,CAN,,gcp,northamerica-northeast2,Linux-6.8.0-1032-gcp-x86_64-with-glibc2.35,3.12.11,3.0.4,2,Intel(R) Xeon(R) CPU @ 2.60GHz,,,,,15.61648178100586,machine,Y,1.0
2025-08-07T09:57:42,scipy-benchmark,1bff578d-cd02-4be4-a796-51079baa6784,scipy_LMC001_f7d9627c,1.0014925501309335,7.668061198530005e-08,7.656633289511236e-08,1.7272709000000002,0.0,10.0,2.403960606462872e-07,0.0,1.3911063220196717e-06,1.6315023826659586e-06,Canada,CAN,,gcp,northamerica-northeast2,Linux-6.8.0-1032-gcp-x86_64-with-glibc2.35,3.12.11,3.0.4,2,Intel(R) Xeon(R) CPU @ 2.60GHz,,,,,15.61648178100586,machine,Y,1.0
2025-08-07T09:57:44,scipy-benchmark,cdad913f-de0d-4def-ae03-1bb8429bfd30,scipy_LMC001_f7d9627c,1.0015092128887773,7.668586741363788e-08,7.657030652014005e-08,1.7272709000000002,0.0,10.0,2.404052419955105e-07,0.0,1.3912089582946563e-06,1.631614200290167e-06,Canada,CAN,,gcp,northamerica-northeast2,Linux-6.8.0-1032-gcp-x86_64-with-glibc2.35,3.12.11,3.0.4,2,Intel(R) Xeon(R) CPU @ 2.60GHz,,,,,15.61648178100586,machine,Y,1.0
2025-08-07T09:57:46,scipy-benchmark,2ee5e6be-c029-4f77-b635-3d69c397b685,scipy_LMC001_f7d9627c,1.001453998032957,7.650070998110138e-08,7.638963959539134e-08,1.7000000000000002,0.0,10.0,2.365958298582377e-07,0.0,1.3910788505907274e-06,1.627674680448965e-06,Canada,CAN,,gcp,northamerica-northeast2,Linux-6.8.0-1032-gcp-x86_64-with-glibc2.35,3.12.11,3.0.4,2,Intel(R) Xeon(R) CPU @ 2.60GHz,,,,,15.61648178100586,machine,Y,1.0
2025-08-07T09:57:48,scipy-benchmark,28f429af-b202-4191-b2a0-d1adc71444c7,scipy_LMC001_f7d9627c,1.0014264220371842,7.66745388643526e-08,7.656532439834663e-08,1.7272709000000002,0.0,10.0,2.4036825016656054e-07,0.0,1.3910049171600903e-06,1.631373167326651e-06,Canada,CAN,,gcp,northamerica-northeast2,Linux-6.8.0-1032-gcp-x86_64-with-glibc2.35,3.12.11,3.0.4,2,Intel(R) Xeon(R) CPU @ 2.60GHz,,,,,15.61648178100586,machine,Y,1.0
2025-08-07T09:57:50,scipy-benchmark,ab09ea3f-18e1-4f98-a93c-b994692f8d96,scipy_LMC001_f7d9627c,1.0014874569606036,7.66833996246156e-08,7.656950578027278e-08,1.7272709000000002,0.0,10.0,2.4039359439030337e-07,0.0,1.3911680997504542e-06,1.6315616941407575e-06,Canada,CAN,,gcp,northamerica-northeast2,Linux-6.8.0-1032-gcp-x86_64-with-glibc2.35,3.12.11,3.0.4,2,Intel(R) Xeon(R) CPU @ 2.60GHz,,,,,15.61648178100586,machine,Y,1.0
2025-08-07T09:57:52,scipy-benchmark,e66efbe0-a0f1-488d-8e5a-44bac562babf,scipy_LMC001_f7d9627c,1.001449384028092,7.686168588469617e-08,7.67504450155417e-08,1.7550872000000004,0.0,10.0,2.442525824883933e-07,0.0,1.3911024363349296e-06,1.635355018823323e-06,Canada,CAN,,gcp,northamerica-northeast2,Linux-6.8.0-1032-gcp-x86_64-with-glibc2.35,3.12.11,3.0.4,2,Intel(R) Xeon(R) CPU @ 2.60GHz,,,,,15.61648178100586,machine,Y,1.0
2025-08-07T09:57:54,scipy-benchmark,8faf4e50-b47f-4d24-848e-f1f087831dbc,scipy_LMC001_f7d9627c,1.0015091570094228,7.68692820374789e-08,7.675344903187508e-08,1.7550872000000004,0.0,10.0,2.442795503316231e-07,0.0,1.3912370887636726e-06,1.6355166390952956e-06,Canada,CAN,,gcp,northamerica-northeast2,Linux-6.8.0-1032-gcp-x86_64-with-glibc2.35,3.12.11,3.0.4,2,Intel(R) Xeon(R) CPU @ 2.60GHz,,,,,15.61648178100586,machine,Y,1.0
2025-08-07T09:57:57,scipy-benchmark,887af857-a9d6-40b7-b336-c71b3266978d,scipy_LMC001_f7d9627c,1.0015206090174615,7.650908951082318e-08,7.639292573907409e-08,1.7000000000000002,0.0,10.0,2.3661037375374402e-07,0.0,1.391242594561643e-06,1.627852968315387e-06,Canada,CAN,,gcp,northamerica-northeast2,Linux-6.8.0-1032-gcp-x86_64-with-glibc2.35,3.12.11,3.0.4,2,Intel(R) Xeon(R) CPU @ 2.60GHz,,,,,15.61648178100586,machine,Y,1.0
2025-08-07T09:57:59,scipy-benchmark,ecba71c6-94ba-476e-a794-302ff7b72583,scipy_LMC001_f7d9627c,1.0015012389048934,7.650809303119444e-08,7.639340827461516e-08,1.7000000000000002,0.0,10.0,2.3660587765819706e-07,0.0,1.3912258889629609e-06,1.6278317666211578e-06,Canada,CAN,,gcp,northamerica-northeast2,Linux-6.8.0-1032-gcp-x86_64-with-glibc2.35,3.12.11,3.0.4,2,Intel(R) Xeon(R) CPU @ 2.60GHz,,,,,15.61648178100586,machine,Y,1.0
2025-08-07T09:58:01,scipy-benchmark,937623d8-18cf-44ae-907c-4adef6860f4e,scipy_LMC001_f7d9627c,1.0014848101418463,7.650152772866165e-08,7.638810589431331e-08,1.7000000000000002,0.0,10.0,2.365978457512231e-07,0.0,1.3910942335820034e-06,1.6276920793332264e-06,Canada,CAN,,gcp,northamerica-northeast2,Linux-6.8.0-1032-gcp-x86_64-with-glibc2.35,3.12.11,3.0.4,2,Intel(R) Xeon(R) CPU @ 2.60GHz,,,,,15.61648178100586,machine,Y,1.0
2025-08-07T09:58:03,scipy-benchmark,79b9ca08-d40a-4784-a967-c29fb39abdb3,scipy_LMC001_f7d9627c,1.001597851049155,7.669465848507757e-08,7.657230734345262e-08,1.7272709000000002,0.0,10.0,2.404284800096089e-07,0.0,1.3913727643537438e-06,1.6318012443633526e-06,Canada,CAN,,gcp,northamerica-northeast2,Linux-6.8.0-1032-gcp-x86_64-with-glibc2.35,3.12.11,3.0.4,2,Intel(R) Xeon(R) CPU @ 2.60GHz,,,,,15.61648178100586,machine,Y,1.0
2025-08-07T09:58:05,scipy-benchmark,c377d50f-6da6-43d9-926a-1d311255aeb4,scipy_LMC001_f7d9627c,1.0017361319623888,7.634176203594054e-08,7.62094523698451e-08,1.6732691000000002,0.0,10.0,2.329864928470301e-07,0.0,1.3913063164283005e-06,1.6242928092753303e-06,Canada,CAN,,gcp,northamerica-northeast2,Linux-6.8.0-1032-gcp-x86_64-with-glibc2.35,3.12.11,3.0.4,2,Intel(R) Xeon(R) CPU @ 2.60GHz,,,,,15.61648178100586,machine,Y,1.0
2025-08-07T09:58:07,scipy-benchmark,41c70b7d-5634-473d-a78f-68ce428e7900,scipy_LMC001_f7d9627c,1.0014902418479323,7.650533743443928e-08,7.639149563082406e-08,1.7000000000000002,0.0,10.0,2.365950066790297e-07,0.0,1.3911781302239333e-06,1.6277731369029628e-06,Canada,CAN,,gcp,northamerica-northeast2,Linux-6.8.0-1032-gcp-x86_64-with-glibc2.35,3.12.11,3.0.4,2,Intel(R) Xeon(R) CPU @ 2.60GHz,,,,,15.61648178100586,machine,Y,1.0
2025-08-07T09:58:09,scipy-benchmark,6e69de70-63d6-4df9-8283-db05421d516c,scipy_LMC001_f7d9627c,1.001546995015815,7.65039951006313e-08,7.638582660759044e-08,1.7000000000000002,0.0,10.0,2.3662588804856774e-07,0.0,1.3911186885606085e-06,1.627744576609176e-06,Canada,CAN,,gcp,northamerica-northeast2,Linux-6.8.0-1032-gcp-x86_64-with-glibc2.35,3.12.11,3.0.4,2,Intel(R) Xeon(R) CPU @ 2.60GHz,,,,,15.61648178100586,machine,Y,1.0
2025-08-07T09:58:12,scipy-benchmark,0586a9d0-507f-4f9b-9236-c2de58fac449,scipy_LMC001_f7d9627c,1.0014811949804423,7.650357489274919e-08,7.639042577753363e-08,1.7000000000000002,0.0,10.0,2.365938105568704e-07,0.0,1.3911418254590695e-06,1.62773563601594e-06,Canada,CAN,,gcp,northamerica-northeast2,Linux-6.8.0-1032-gcp-x86_64-with-glibc2.35,3.12.11,3.0.4,2,Intel(R) Xeon(R) CPU @ 2.60GHz,,,,,15.61648178100586,machine,Y,1.0
2025-08-07T09:58:14,scipy-benchmark,6ec1f40d-567f-4fc7-a55e-3b7a6bbe9a2a,scipy_LMC001_f7d9627c,1.0015714089386163,7.651415011765979e-08,7.639410374018488e-08,1.7000000000000002,0.0,10.0,2.3662689110238322e-07,0.0,1.391333749698889e-06,1.6279606408012725e-06,Canada,CAN,,gcp,northamerica-northeast2,Linux-6.8.0-1032-gcp-x86_64-with-glibc2.35,3.12.11,3.0.4,2,Intel(R) Xeon(R) CPU @ 2.60GHz,,,,,15.61648178100586,machine,Y,1.0
2025-08-07T09:58:16,scipy-benchmark,871f9c6b-23ab-4459-b6b8-0bb433a0f6de,scipy_LMC001_f7d9627c,1.0014610898215324,7.667963176552579e-08,7.656775939162113e-08,1.7272709000000002,0.0,10.0,2.4037905501980215e-07,0.0,1.391102471906278e-06,1.63148152692608e-06,Canada,CAN,,gcp,northamerica-northeast2,Linux-6.8.0-1032-gcp-x86_64-with-glibc2.35,3.12.11,3.0.4,2,Intel(R) Xeon(R) CPU @ 2.60GHz,,,,,15.61648178100586,machine,Y,1.0
2025-08-07T09:58:18,scipy-benchmark,c2de29b7-b348-4d65-8293-866fd2d7a95f,scipy_LMC001_f7d9627c,1.0014390721917152,7.649673942266317e-08,7.638681328385264e-08,1.7000000000000002,0.0,10.0,2.3658178633518725e-07,0.0,1.391008414147008e-06,1.6275902004821952e-06,Canada,CAN,,gcp,northamerica-northeast2,Linux-6.8.0-1032-gcp-x86_64-with-glibc2.35,3.12.11,3.0.4,2,Intel(R) Xeon(R) CPU @ 2.60GHz,,,,,15.61648178100586,machine,Y,1.0
2025-08-07T09:58:20,scipy-benchmark,cd3c2a65-7b67-44a5-aaa6-bb2eae47006b,scipy_LMC001_f7d9627c,1.0014711918774992,7.650360443135854e-08,7.639121829149582e-08,1.7000000000000002,0.0,10.0,2.3659240047628485e-07,0.0,1.3911438640207053e-06,1.6277362644969902e-06,Canada,CAN,,gcp,northamerica-northeast2,Linux-6.8.0-1032-gcp-x86_64-with-glibc2.35,3.12.11,3.0.4,2,Intel(R) Xeon(R) CPU @ 2.60GHz,,,,,15.61648178100586,machine,Y,1.0
2025-08-07T09:58:22,scipy-benchmark,1eca23a6-22e7-4d33-afdc-67aa4f265145,scipy_LMC001_f7d9627c,1.0014786520041523,7.650364427192836e-08,7.639068902650073e-08,1.7000000000000002,0.0,10.0,2.365938955465229e-07,0.0,1.3911432166221656e-06,1.6277371121686884e-06,Canada,CAN,,gcp,northamerica-northeast2,Linux-6.8.0-1032-gcp-x86_64-with-glibc2.35,3.12.11,3.0.4,2,Intel(R) Xeon(R) CPU @ 2.60GHz,,,,,15.61648178100586,machine,Y,1.0
2025-08-07T09:58:24,scipy-benchmark,be6d234b-994d-4ac5-86fa-8da2f5567a6b,scipy_LMC001_f7d9627c,1.0015311730094254,7.65006588643365e-08,7.63837022011661e-08,1.7000000000000002,0.0,10.0,2.365818680264056e-07,0.0,1.391091724831818e-06,1.6276735928582235e-06,Canada,CAN,,gcp,northamerica-northeast2,Linux-6.8.0-1032-gcp-x86_64-with-glibc2.35,3.12.11,3.0.4,2,Intel(R) Xeon(R) CPU @ 2.60GHz,,,,,15.61648178100586,machine,Y,1.0
2025-08-07T09:58:27,scipy-benchmark,479514b5-f467-48b7-af22-0fd2fb0566f4,scipy_LMC001_f7d9627c,1.0015850968193265,7.651575912515144e-08,7.639466618277164e-08,1.7000000000000002,0.0,10.0,2.3663004176665305e-07,0.0,1.3913648332365686e-06,1.6279948750032218e-06,Canada,CAN,,gcp,northamerica-northeast2,Linux-6.8.0-1032-gcp-x86_64-with-glibc2.35,3.12.11,3.0.4,2,Intel(R) Xeon(R) CPU @ 2.60GHz,,,,,15.61648178100586,machine,Y,1.0
2025-08-07T09:58:29,scipy-benchmark,e9815f4d-1825-4f2b-95bc-5a87ad35f4eb,scipy_LMC001_f7d9627c,1.001504987012595,7.686597008977811e-08,7.675046164179656e-08,1.7550872000000004,0.0,10.0,2.442666694917116e-07,0.0,1.391179502631227e-06,1.6354461721229386e-06,Canada,CAN,,gcp,northamerica-northeast2,Linux-6.8.0-1032-gcp-x86_64-with-glibc2.35,3.12.11,3.0.4,2,Intel(R) Xeon(R) CPU @ 2.60GHz,,,,,15.61648178100586,machine,Y,1.0
2025-08-07T09:58:31,scipy-benchmark,d9ec007d-b33c-4b7d-ac60-7372bdbc1995,scipy_LMC001_f7d9627c,1.001522706123069,7.650376825839824e-08,7.638745261657334e-08,1.7000000000000002,0.0,10.0,2.3659489145373105e-07,0.0,1.391144858724955e-06,1.627739750178686e-06,Canada,CAN,,gcp,northamerica-northeast2,Linux-6.8.0-1032-gcp-x86_64-with-glibc2.35,3.12.11,3.0.4,2,Intel(R) Xeon(R) CPU @ 2.60GHz,,,,,15.61648178100586,machine,Y,1.0
2025-08-07T09:58:33,scipy-benchmark,1b27d2cd-c418-4929-acdb-39b840cbe63c,scipy_LMC001_f7d9627c,1.0015151579864323,7.650694862233164e-08,7.639120387968017e-08,1.7000000000000002,0.0,10.0,2.366021230506401e-07,0.0,1.3912052944457778e-06,1.627807417496418e-06,Canada,CAN,,gcp,northamerica-northeast2,Linux-6.8.0-1032-gcp-x86_64-with-glibc2.35,3.12.11,3.0.4,2,Intel(R) Xeon(R) CPU @ 2.60GHz,,,,,15.61648178100586,machine,Y,1.0
2025-08-07T09:58:35,scipy-benchmark,a4ab4b81-c0da-492b-a3c2-617b4ff996c6,scipy_LMC001_f7d9627c,1.001414590049535,7.649547696514574e-08,7.63874200807898e-08,1.7000000000000002,0.0,10.0,2.365667229363074e-07,0.0,1.390996616747644e-06,1.6275633396839516e-06,Canada,CAN,,gcp,northamerica-northeast2,Linux-6.8.0-1032-gcp-x86_64-with-glibc2.35,3.12.11,3.0.4,2,Intel(R) Xeon(R) CPU @ 2.60GHz,,,,,15.61648178100586,machine,Y,1.0
2025-08-07T09:58:37,scipy-benchmark,aacf95cc-1f3b-4c48-88bc-d413f7096ba8,scipy_LMC001_f7d9627c,1.001417928142473,7.649843710160995e-08,7.639012139867183e-08,1.7000000000000002,0.0,10.0,2.365735820300567e-07,0.0,1.3910527392807934e-06,1.62762632131085e-06,Canada,CAN,,gcp,northamerica-northeast2,Linux-6.8.0-1032-gcp-x86_64-with-glibc2.35,3.12.11,3.0.4,2,Intel(R) Xeon(R) CPU @ 2.60GHz,,,,,15.61648178100586,machine,Y,1.0
2025-08-07T09:58:39,scipy-benchmark,b0f9a7f3-82ec-4fcf-a18b-3cc0763eaed8,scipy_LMC001_f7d9627c,1.001466656802222,7.649889577610236e-08,7.638686246466815e-08,1.7000000000000002,0.0,10.0,2.3659172231823002e-07,0.0,1.3910443580243737e-06,1.6276360803426035e-06,Canada,CAN,,gcp,northamerica-northeast2,Linux-6.8.0-1032-gcp-x86_64-with-glibc2.35,3.12.11,3.0.4,2,Intel(R) Xeon(R) CPU @ 2.60GHz,,,,,15.61648178100586,machine,Y,1.0
2025-08-07T09:58:42,scipy-benchmark,5266097e-e3b4-4107-a6b5-268f11cd1be4,scipy_LMC001_f7d9627c,1.00145967095159,7.650228480891869e-08,7.63907794072486e-08,1.7000000000000002,0.0,10.0,2.365885707743777e-07,0.0,1.391119616649424e-06,1.6277081874238018e-06,Canada,CAN,,gcp,northamerica-northeast2,Linux-6.8.0-1032-gcp-x86_64-with-glibc2.35,3.12.11,3.0.4,2,Intel(R) Xeon(R) CPU @ 2.60GHz,,,,,15.61648178100586,machine,Y,1.0
2025-08-07T09:58:44,scipy-benchmark,dfbb36be-86dc-4342-81a2-949e9e643e22,scipy_LMC001_f7d9627c,1.0014352779835465,7.64960481927588e-08,7.638641245671759e-08,1.7000000000000002,0.0,10.0,2.365764048299752e-07,0.0,1.3909990886329775e-06,1.6275754934629529e-06,Canada,CAN,,gcp,northamerica-northeast2,Linux-6.8.0-1032-gcp-x86_64-with-glibc2.35,3.12.11,3.0.4,2,Intel(R) Xeon(R) CPU @ 2.60GHz,,,,,15.61648178100586,machine,Y,1.0
2025-08-07T09:58:46,scipy-benchmark,948fb6d9-0cda-4173-8f46-d8899588d3e1,scipy_LMC001_f7d9627c,1.0015552858822048,7.650286357111895e-08,7.638406451395496e-08,1.7000000000000002,0.0,10.0,2.366029376539195e-07,0.0,1.3911175638592493e-06,1.6277205015131688e-06,Canada,CAN,,gcp,northamerica-northeast2,Linux-6.8.0-1032-gcp-x86_64-with-glibc2.35,3.12.11,3.0.4,2,Intel(R) Xeon(R) CPU @ 2.60GHz,,,,,15.61648178100586,machine,Y,1.0
2025-08-07T09:58:48,scipy-benchmark,74f9938f-b65d-4b4a-a2ab-7bf563b97546,scipy_LMC001_f7d9627c,1.0014328060206026,7.667968574652897e-08,7.65699758241707e-08,1.7272709000000002,0.0,10.0,2.4037833637937344e-07,0.0,1.3911043390786897e-06,1.631482675458063e-06,Canada,CAN,,gcp,northamerica-northeast2,Linux-6.8.0-1032-gcp-x86_64-with-glibc2.35,3.12.11,3.0.4,2,Intel(R) Xeon(R) CPU @ 2.60GHz,,,,,15.61648178100586,machine,Y,1.0
2025-08-07T09:58:50,scipy-benchmark,aadde537-9515-48ac-8d63-2103db3dfa1a,scipy_LMC001_f7d9627c,1.0015440019778907,7.651066956363828e-08,7.639271905432193e-08,1.7000000000000002,0.0,10.0,2.3662067520328695e-07,0.0,1.3912659112571014e-06,1.6278865864603884e-06,Canada,CAN,,gcp,northamerica-northeast2,Linux-6.8.0-1032-gcp-x86_64-with-glibc2.35,3.12.11,3.0.4,2,Intel(R) Xeon(R) CPU @ 2.60GHz,,,,,15.61648178100586,machine,Y,1.0
2025-08-07T09:58:52,scipy-benchmark,6dbd5049-3c2c-46b0-9e66-1666ef08d546,scipy_LMC001_f7d9627c,1.0016381780151278,7.668349401390058e-08,7.655807825322572e-08,1.7272709000000002,0.0,10.0,2.404540056529159e-07,0.0,1.391109696770501e-06,1.6315637024234163e-06,Canada,CAN,,gcp,northamerica-northeast2,Linux-6.8.0-1032-gcp-x86_64-with-glibc2.35,3.12.11,3.0.4,2,Intel(R) Xeon(R) CPU @ 2.60GHz,,,,,15.61648178100586,machine,Y,1.0
2025-08-07T09:58:54,scipy-benchmark,e9f6a5e6-d6fa-48d1-bc84-56f874cecdb5,scipy_LMC001_f7d9627c,1.0014534459915012,7.6496973279385e-08,7.638595042593141e-08,1.7000000000000002,0.0,10.0,2.365795597822095e-07,0.0,1.3910156163749182e-06,1.6275951761571275e-06,Canada,CAN,,gcp,northamerica-northeast2,Linux-6.8.0-1032-gcp-x86_64-with-glibc2.35,3.12.11,3.0.4,2,Intel(R) Xeon(R) CPU @ 2.60GHz,,,,,15.61648178100586,machine,Y,1.0
2025-08-07T09:58:57,scipy-benchmark,c158f110-4c9a-4df2-a8c2-00faec5e76f2,scipy_LMC001_f7d9627c,1.0015373970381916,7.65077588289213e-08,7.63903165824609e-08,1.7000000000000002,0.0,10.0,2.3662245360901586e-07,0.0,1.3912022023254797e-06,1.6278246559344955e-06,Canada,CAN,,gcp,northamerica-northeast2,Linux-6.8.0-1032-gcp-x86_64-with-glibc2.35,3.12.11,3.0.4,2,Intel(R) Xeon(R) CPU @ 2.60GHz,,,,,15.61648178100586,machine,Y,1.0
2025-08-07T09:58:59,scipy-benchmark,b907bfbf-f885-493c-bd18-faddd3e1626d,scipy_LMC001_f7d9627c,1.0016693088691682,7.671181462651638e-08,7.658397232228264e-08,1.7272709000000002,0.0,10.0,2.404792521290488e-07,0.0,1.3916870165202352e-06,1.632166268649284e-06,Canada,CAN,,gcp,northamerica-northeast2,Linux-6.8.0-1032-gcp-x86_64-with-glibc2.35,3.12.11,3.0.4,2,Intel(R) Xeon(R) CPU @ 2.60GHz,,,,,15.61648178100586,machine,Y,1.0
2025-08-07T09:59:01,scipy-benchmark,78ebb776-7637-431e-8231-f6c618ebd2ce,scipy_LMC001_f7d9627c,1.001480635954067,7.650545536150457e-08,7.639234610724265e-08,1.7000000000000002,0.0,10.0,2.3659742069301298e-07,0.0,1.391178225296446e-06,1.627775645989459e-06,Canada,CAN,,gcp,northamerica-northeast2,Linux-6.8.0-1032-gcp-x86_64-with-glibc2.35,3.12.11,3.0.4,2,Intel(R) Xeon(R) CPU @ 2.60GHz,,,,,15.61648178100586,machine,Y,1.0
2025-08-07T09:59:03,scipy-benchmark,a7bd036b-ae00-4b6d-b888-4ff6c3aa39b2,scipy_LMC001_f7d9627c,1.0014935079962015,7.650486959393472e-08,7.639077935413327e-08,1.7000000000000002,0.0,10.0,2.36595396773838e-07,0.0,1.3911677860758371e-06,1.627763182849675e-06,Canada,CAN,,gcp,northamerica-northeast2,Linux-6.8.0-1032-gcp-x86_64-with-glibc2.35,3.12.11,3.0.4,2,Intel(R) Xeon(R) CPU @ 2.60GHz,,,,,15.61648178100586,machine,Y,1.0
2025-08-07T09:59:05,scipy-benchmark,1021cf3c-461e-44b4-84cd-ac0ea2a4d642,scipy_LMC001_f7d9627c,1.001476370031014,7.650324018405646e-08,7.639045959884935e-08,1.7000000000000002,0.0,10.0,2.3658989245692894e-07,0.0,1.391138622097464e-06,1.627728514554393e-06,Canada,CAN,,gcp,northamerica-northeast2,Linux-6.8.0-1032-gcp-x86_64-with-glibc2.35,3.12.11,3.0.4,2,Intel(R) Xeon(R) CPU @ 2.60GHz,,,,,15.61648178100586,machine,Y,1.0
2025-08-07T09:59:07,scipy-benchmark,2c48a117-76ea-4fc9-92ff-253cab16dbb1,scipy_LMC001_f7d9627c,1.0015073199756444,7.667667186934893e-08,7.6561269538413e-08,1.7272709000000002,0.0,10.0,2.4038440589154064e-07,0.0,1.3910341445201389e-06,1.631418550411679e-06,Canada,CAN,,gcp,northamerica-northeast2,Linux-6.8.0-1032-gcp-x86_64-with-glibc2.35,3.12.11,3.0.4,2,Intel(R) Xeon(R) CPU @ 2.60GHz,,,,,15.61648178100586,machine,Y,1.0
2025-08-07T09:59:09,scipy-benchmark,b5ad5efc-defe-4000-af40-fa98901099b8,scipy_LMC001_f7d9627c,1.0015045020263642,7.650200552672484e-08,7.638708100855941e-08,1.7000000000000002,0.0,10.0,2.365879313179499e-07,0.0,1.3911143139315148e-06,1.6277022452494646e-06,Canada,CAN,,gcp,northamerica-northeast2,Linux-6.8.0-1032-gcp-x86_64-with-glibc2.35,3.12.11,3.0.4,2,Intel(R) Xeon(R) CPU @ 2.60GHz,,,,,15.61648178100586,machine,Y,1.0
2025-08-07T09:59:12,scipy-benchmark,337f2f1e-2e08-4379-a284-b1ec5271277e,scipy_LMC001_f7d9627c,1.001442990032956,7.650110767671787e-08,7.63908764034589e-08,1.7000000000000002,0.0,10.0,2.3658415032292e-07,0.0,1.3910989917349071e-06,1.627683142057827e-06,Canada,CAN,,gcp,northamerica-northeast2,Linux-6.8.0-1032-gcp-x86_64-with-glibc2.35,3.12.11,3.0.4,2,Intel(R) Xeon(R) CPU @ 2.60GHz,,,,,15.61648178100586,machine,Y,1.0
2025-08-07T09:59:14,scipy-benchmark,76f0d2dc-0f79-4006-a2bb-e06e4fe58fd6,scipy_LMC001_f7d9627c,1.0014698170125484,7.650257340424772e-08,7.639029365104584e-08,1.7000000000000002,0.0,10.0,2.3659009135250625e-07,0.0,1.3911242363974454e-06,1.6277143277499516e-06,Canada,CAN,,gcp,northamerica-northeast2,Linux-6.8.0-1032-gcp-x86_64-with-glibc2.35,3.12.11,3.0.4,2,Intel(R) Xeon(R) CPU @ 2.60GHz,,,,,15.61648178100586,machine,Y,1.0
2025-08-07T09:59:16,scipy-benchmark,15bea219-d4df-4ce8-b41c-853056bb6e77,scipy_LMC001_f7d9627c,1.0014716198202225,7.650362082464079e-08,7.639120201766098e-08,1.7000000000000002,0.0,10.0,2.3659109099793977e-07,0.0,1.3911455222922895e-06,1.627736613290229e-06,Canada,CAN,,gcp,northamerica-northeast2,Linux-6.8.0-1032-gcp-x86_64-with-glibc2.35,3.12.11,3.0.4,2,Intel(R) Xeon(R) CPU @ 2.60GHz,,,,,15.61648178100586,machine,Y,1.0
2025-08-07T09:59:18,scipy-benchmark,838940c9-852a-49e7-947d-a27c5ce40edb,scipy_LMC001_f7d9627c,1.0014331608545035,7.64999439640281e-08,7.639046414116365e-08,1.7000000000000002,0.0,10.0,2.365786403986729e-07,0.0,1.3910797418146911e-06,1.627658382213364e-06,Canada,CAN,,gcp,northamerica-northeast2,Linux-6.8.0-1032-gcp-x86_64-with-glibc2.35,3.12.11,3.0.4,2,Intel(R) Xeon(R) CPU @ 2.60GHz,,,,,15.61648178100586,machine,Y,1.0
2025-08-07T09:59:20,scipy-benchmark,cca3f8df-b1e4-4d9a-989c-583f8ebf7854,scipy_LMC001_f7d9627c,1.0014869070146233,7.649739955639882e-08,7.638382391281908e-08,1.7000000000000002,0.0,10.0,2.365829626667417e-07,0.0,1.391021283214084e-06,1.6276042458808257e-06,Canada,CAN,,gcp,northamerica-northeast2,Linux-6.8.0-1032-gcp-x86_64-with-glibc2.35,3.12.11,3.0.4,2,Intel(R) Xeon(R) CPU @ 2.60GHz,,,,,15.61648178100586,machine,Y,1.0
2025-08-07T09:59:22,scipy-benchmark,e4ce21c7-3c20-447a-a875-59249453d46c,scipy_LMC001_f7d9627c,1.0014636481646448,7.650252472504506e-08,7.639071559436946e-08,1.7000000000000002,0.0,10.0,2.365876528201625e-07,0.0,1.391125639202073e-06,1.6277132920222355e-06,Canada,CAN,,gcp,northamerica-northeast2,Linux-6.8.0-1032-gcp-x86_64-with-glibc2.35,3.12.11,3.0.4,2,Intel(R) Xeon(R) CPU @ 2.60GHz,,,,,15.61648178100586,machine,Y,1.0
2025-08-07T09:59:24,scipy-benchmark,3f9df9db-26e7-4f2c-b9da-7ae0a0933ec7,scipy_LMC001_f7d9627c,1.0014463800471276,7.667527493757917e-08,7.656453352397246e-08,1.7272709000000002,0.0,10.0,2.403768532967788e-07,0.0,1.391011975162352e-06,1.631388828459131e-06,Canada,CAN,,gcp,northamerica-northeast2,Linux-6.8.0-1032-gcp-x86_64-with-glibc2.35,3.12.11,3.0.4,2,Intel(R) Xeon(R) CPU @ 2.60GHz,,,,,15.61648178100586,machine,Y,1.0
2025-08-07T09:59:27,scipy-benchmark,e786675a-4291-4156-8a23-3eeee96b1b7c,scipy_LMC001_f7d9627c,1.001532896887511,7.650390803415536e-08,7.638681492331253e-08,1.7000000000000002,0.0,10.0,2.3659378504897986e-07,0.0,1.3911489390819852e-06,1.6277427241309651e-06,Canada,CAN,,gcp,northamerica-northeast2,Linux-6.8.0-1032-gcp-x86_64-with-glibc2.35,3.12.11,3.0.4,2,Intel(R) Xeon(R) CPU @ 2.60GHz,,,,,15.61648178100586,machine,Y,1.0
2025-08-07T09:59:29,scipy-benchmark,37928076-7907-40bf-9402-ae3471925c03,scipy_LMC001_f7d9627c,1.001581302145496,7.650022217714773e-08,7.637944319974419e-08,1.7000000000000002,0.0,10.0,2.366470625662866e-07,0.0,1.391017239075154e-06,1.6276643016414408e-06,Canada,CAN,,gcp,northamerica-northeast2,Linux-6.8.0-1032-gcp-x86_64-with-glibc2.35,3.12.11,3.0.4,2,Intel(R) Xeon(R) CPU @ 2.60GHz,,,,,15.61648178100586,machine,Y,1.0
2025-08-07T09:59:31,scipy-benchmark,7c2fe160-0419-4fa3-9e34-4da397062de1,scipy_LMC001_f7d9627c,1.0014538189861923,7.650082006869425e-08,7.63897631806315e-08,1.7000000000000002,0.0,10.0,2.3658246966078885e-07,0.0,1.3910945530773864e-06,1.6276770227381752e-06,Canada,CAN,,gcp,northamerica-northeast2,Linux-6.8.0-1032-gcp-x86_64-with-glibc2.35,3.12.11,3.0.4,2,Intel(R) Xeon(R) CPU @ 2.60GHz,,,,,15.61648178100586,machine,Y,1.0
2025-08-07T09:59:33,scipy-benchmark,a3c71716-9857-4cc3-911e-96d749013b23,scipy_LMC001_f7d9627c,1.0014943608548492,7.686643274944047e-08,7.675173795669631e-08,1.7550872000000004,0.0,10.0,2.44267094021275e-07,0.0,1.3911889219242663e-06,1.6354560159455417e-06,Canada,CAN,,gcp,northamerica-northeast2,Linux-6.8.0-1032-gcp-x86_64-with-glibc2.35,3.12.11,3.0.4,2,Intel(R) Xeon(R) CPU @ 2.60GHz,,,,,15.61648178100586,machine,Y,1.0
2025-08-07T09:59:35,scipy-benchmark,6e499b13-5f91-4990-b8e5-8379b50bccb7,scipy_LMC001_f7d9627c,1.0014347839169204,7.649858977829959e-08,7.638898808676287e-08,1.7000000000000002,0.0,10.0,2.3657375904602106e-07,0.0,1.391055810705034e-06,1.6276295697510551e-06,Canada,CAN,,gcp,northamerica-northeast2,Linux-6.8.0-1032-gcp-x86_64-with-glibc2.35,3.12.11,3.0.4,2,Intel(R) Xeon(R) CPU @ 2.60GHz,,,,,15.61648178100586,machine,Y,1.0
2025-08-07T09:59:37,scipy-benchmark,19fd578e-271a-44ae-ad61-8bf94495033f,scipy_LMC001_f7d9627c,1.0014915929641577,7.66863107846562e-08,7.657209638443838e-08,1.7272709000000002,0.0,10.0,2.404011809453777e-07,0.0,1.3912224527707115e-06,1.6316236337160891e-06,Canada,CAN,,gcp,northamerica-northeast2,Linux-6.8.0-1032-gcp-x86_64-with-glibc2.35,3.12.11,3.0.4,2,Intel(R) Xeon(R) CPU @ 2.60GHz,,,,,15.61648178100586,machine,Y,1.0
2025-08-07T09:59:40,scipy-benchmark,a96b4231-6310-4d7e-95eb-7d9dff42f621,scipy_LMC001_f7d9627c,1.001484622946009,7.650020067589747e-08,7.638679508713898e-08,1.7000000000000002,0.0,10.0,2.365986413335325e-07,0.0,1.3910652028344984e-06,1.6276638441680308e-06,Canada,CAN,,gcp,northamerica-northeast2,Linux-6.8.0-1032-gcp-x86_64-with-glibc2.35,3.12.11,3.0.4,2,Intel(R) Xeon(R) CPU @ 2.60GHz,,,,,15.61648178100586,machine,Y,1.0
2025-08-07T09:59:42,scipy-benchmark,94df4b14-83e0-461b-a428-47777210583b,scipy_LMC001_f7d9627c,1.0014972931239754,7.650697018133683e-08,7.639258808447526e-08,1.7000000000000002,0.0,10.0,2.3660315348145865e-07,0.0,1.3912047227171973e-06,1.627807876198656e-06,Canada,CAN,,gcp,northamerica-northeast2,Linux-6.8.0-1032-gcp-x86_64-with-glibc2.35,3.12.11,3.0.4,2,Intel(R) Xeon(R) CPU @ 2.60GHz,,,,,15.61648178100586,machine,Y,1.0
2025-08-07T09:59:44,scipy-benchmark,61442aee-51ee-4238-b991-75ff77d2409e,scipy_LMC001_f7d9627c,1.0014870930463076,7.650116427472999e-08,7.638756885226544e-08,1.7000000000000002,0.0,10.0,2.366006185248909e-07,0.0,1.3910837277459602e-06,1.627684346270851e-06,Canada,CAN,,gcp,northamerica-northeast2,Linux-6.8.0-1032-gcp-x86_64-with-glibc2.35,3.12.11,3.0.4,2,Intel(R) Xeon(R) CPU @ 2.60GHz,,,,,15.61648178100586,machine,Y,1.0
2025-08-07T09:59:46,scipy-benchmark,cf5aff9e-d13a-4f00-a989-d903527a704c,scipy_LMC001_f7d9627c,1.001437921775505,7.650144295384072e-08,7.63915978118814e-08,1.7000000000000002,0.0,10.0,2.365858705662605e-07,0.0,1.391104405047372e-06,1.6276902756136325e-06,Canada,CAN,,gcp,northamerica-northeast2,Linux-6.8.0-1032-gcp-x86_64-with-glibc2.35,3.12.11,3.0.4,2,Intel(R) Xeon(R) CPU @ 2.60GHz,,,,,15.61648178100586,machine,Y,1.0
2025-08-07T09:59:48,scipy-benchmark,07fb51de-4f09-4a21-9937-82e0695422ac,scipy_LMC001_f7d9627c,1.001452547032386,7.650199351916995e-08,7.639103195240659e-08,1.7000000000000002,0.0,10.0,2.3658628144120386e-07,0.0,1.3911157083283696e-06,1.6277019897695737e-06,Canada,CAN,,gcp,northamerica-northeast2,Linux-6.8.0-1032-gcp-x86_64-with-glibc2.35,3.12.11,3.0.4,2,Intel(R) Xeon(R) CPU @ 2.60GHz,,,,,15.61648178100586,machine,Y,1.0
2025-08-07T09:59:50,scipy-benchmark,bf9dace2-c4cb-46d0-83ef-b3052cec6943,scipy_LMC001_f7d9627c,1.0014517498202622,7.650106399240517e-08,7.639016458469952e-08,1.7000000000000002,0.0,10.0,2.365831736565775e-07,0.0,1.3910990389477875e-06,1.6276822126043652e-06,Canada,CAN,,gcp,northamerica-northeast2,Linux-6.8.0-1032-gcp-x86_64-with-glibc2.35,3.12.11,3.0.4,2,Intel(R) Xeon(R) CPU @ 2.60GHz,,,,,15.61648178100586,machine,Y,1.0
2025-08-07T09:59:52,scipy-benchmark,8eba01e3-2270-445e-846e-98dd2adb6b3e,scipy_LMC001_f7d9627c,1.0014926411677152,7.650449316246928e-08,7.639046960271916e-08,1.7000000000000002,0.0,10.0,2.3659563755952857e-07,0.0,1.3911595361100303e-06,1.6277551736695588e-06,Canada,CAN,,gcp,northamerica-northeast2,Linux-6.8.0-1032-gcp-x86_64-with-glibc2.35,3.12.11,3.0.4,2,Intel(R) Xeon(R) CPU @ 2.60GHz,,,,,15.61648178100586,machine,Y,1.0
2025-08-07T09:59:55,scipy-benchmark,a46d7971-16a5-4b80-9e23-f3a0115c68c3,scipy_LMC001_f7d9627c,1.001405619084835,7.649648390510508e-08,7.638910991433593e-08,1.7000000000000002,0.0,10.0,2.365658025632406e-07,0.0,1.3910189613751653e-06,1.6275847639384058e-06,Canada,CAN,,gcp,northamerica-northeast2,Linux-6.8.0-1032-gcp-x86_64-with-glibc2.35,3.12.11,3.0.4,2,Intel(R) Xeon(R) CPU @ 2.60GHz,,,,,15.61648178100586,machine,Y,1.0
2025-08-07T09:59:57,scipy-benchmark,6542e7a8-0f01-410a-a1b2-a0f56078e365,scipy_LMC001_f7d9627c,1.001450833166018,7.649783213022037e-08,7.638700732653818e-08,1.7000000000000002,0.0,10.0,2.365875744273783e-07,0.0,1.3910258751517784e-06,1.6276134495791567e-06,Canada,CAN,,gcp,northamerica-northeast2,Linux-6.8.0-1032-gcp-x86_64-with-glibc2.35,3.12.11,3.0.4,2,Intel(R) Xeon(R) CPU @ 2.60GHz,,,,,15.61648178100586,machine,Y,1.0
2025-08-07T09:59:59,scipy-benchmark,acdd0ba7-acde-4565-9c68-e50ec927f95d,scipy_LMC001_f7d9627c,1.001499888021499,7.704846657072643e-08,7.69330755722186e-08,1.7834543000000005,0.0,10.0,2.4820436485964533e-07,0.0,1.3911247111132577e-06,1.6393290759729027e-06,Canada,CAN,,gcp,northamerica-northeast2,Linux-6.8.0-1032-gcp-x86_64-with-glibc2.35,3.12.11,3.0.4,2,Intel(R) Xeon(R) CPU @ 2.60GHz,,,,,15.61648178100586,machine,Y,1.0
2025-08-07T10:00:01,scipy-benchmark,cae4c4a4-0d17-40a3-a766-7f56f9782cc3,scipy_LMC001_f7d9627c,1.0015503319445995,7.668690011213849e-08,7.656819399504765e-08,1.7272709000000002,0.0,10.0,2.4040678406180577e-07,0.0,1.3912293885368857e-06,1.6316361725986913e-06,Canada,CAN,,gcp,northamerica-northeast2,Linux-6.8.0-1032-gcp-x86_64-with-glibc2.35,3.12.11,3.0.4,2,Intel(R) Xeon(R) CPU @ 2.60GHz,,,,,15.61648178100586,machine,Y,1.0
2025-08-07T10:00:03,scipy-benchmark,8cb0b18b-4451-44dd-9452-72fe255cd0cc,scipy_LMC001_f7d9627c,1.0015690319705757,7.651206329903411e-08,7.63922014925896e-08,1.7000000000000002,0.0,10.0,2.366234320345233e-07,0.0,1.3912928083704578e-06,1.627916240404981e-06,Canada,CAN,,gcp,northamerica-northeast2,Linux-6.8.0-1032-gcp-x86_64-with-glibc2.35,3.12.11,3.0.4,2,Intel(R) Xeon(R) CPU @ 2.60GHz,,,,,15.61648178100586,machine,Y,1.0
2025-08-07T10:00:05,scipy-benchmark,c3f1b223-a2c8-4e40-933a-2b280e327414,scipy_LMC001_f7d9627c,1.001453059958294,7.667998621698792e-08,7.656872726534112e-08,1.7272709000000002,0.0,10.0,2.403839571462271e-07,0.0,1.3911051113003243e-06,1.6314890684465514e-06,Canada,CAN,,gcp,northamerica-northeast2,Linux-6.8.0-1032-gcp-x86_64-with-glibc2.35,3.12.11,3.0.4,2,Intel(R) Xeon(R) CPU @ 2.60GHz,,,,,15.61648178100586,machine,Y,1.0
2025-08-07T10:00:07,scipy-benchmark,fa1bba2a-5f94-4d25-b014-77a4f7aff2e8,scipy_LMC001_f7d9627c,1.0015114739071578,7.650703067020774e-08,7.639156681024714e-08,1.7000000000000002,0.0,10.0,2.366051745419909e-07,0.0,1.391203988653918e-06,1.627809163195909e-06,Canada,CAN,,gcp,northamerica-northeast2,Linux-6.8.0-1032-gcp-x86_64-with-glibc2.35,3.12.11,3.0.4,2,Intel(R) Xeon(R) CPU @ 2.60GHz,,,,,15.61648178100586,machine,Y,1.0
2025-08-07T10:00:10,scipy-benchmark,a8596acb-0d7d-42d2-8bde-f54d92a90c1a,scipy_LMC001_f7d9627c,1.0014603140298275,7.632679965577132e-08,7.62155010902389e-08,1.6732691000000002,0.0,10.0,2.3286207738366442e-07,0.0,1.3911123833774278e-06,1.623974460761092e-06,Canada,CAN,,gcp,northamerica-northeast2,Linux-6.8.0-1032-gcp-x86_64-with-glibc2.35,3.12.11,3.0.4,2,Intel(R) Xeon(R) CPU @ 2.60GHz,,,,,15.61648178100586,machine,Y,1.0
2025-08-07T10:00:12,scipy-benchmark,8bebec14-ba82-4650-ae55-a40ffd4e8983,scipy_LMC001_f7d9627c,1.001489414134994,7.667835929228113e-08,7.656432330691155e-08,1.7272709000000002,0.0,10.0,2.4037236673733576e-07,0.0,1.3910820862899224e-06,1.6314544530272582e-06,Canada,CAN,,gcp,northamerica-northeast2,Linux-6.8.0-1032-gcp-x86_64-with-glibc2.35,3.12.11,3.0.4,2,Intel(R) Xeon(R) CPU @ 2.60GHz,,,,,15.61648178100586,machine,Y,1.0
2025-08-07T10:00:14,scipy-benchmark,e5ae9fea-1d8e-4e8a-bc9b-0f187c749ffc,scipy_LMC001_f7d9627c,1.0015393439680338,7.650676493306594e-08,7.638917571620411e-08,1.7000000000000002,0.0,10.0,2.366135705960915e-07,0.0,1.3911899386180772e-06,1.6278035092141687e-06,Canada,CAN,,gcp,northamerica-northeast2,Linux-6.8.0-1032-gcp-x86_64-with-glibc2.35,3.12.11,3.0.4,2,Intel(R) Xeon(R) CPU @ 2.60GHz,,,,,15.61648178100586,machine,Y,1.0
2025-08-07T10:00:16,scipy-benchmark,a443eaf3-3a25-42ae-9622-e6c57feb838a,scipy_LMC001_f7d9627c,1.0014579189009964,7.650159301727158e-08,7.639022226837517e-08,1.7000000000000002,0.0,10.0,2.365873514532319e-07,0.0,1.3911061169993543e-06,1.6276934684525863e-06,Canada,CAN,,gcp,northamerica-northeast2,Linux-6.8.0-1032-gcp-x86_64-with-glibc2.35,3.12.11,3.0.4,2,Intel(R) Xeon(R) CPU @ 2.60GHz,,,,,15.61648178100586,machine,Y,1.0
2025-08-07T10:00:18,scipy-benchmark,a87adea6-7c35-4285-8fdd-34a9afa694eb,scipy_LMC001_f7d9627c,1.001466662157327,7.667815823800638e-08,7.656586198568885e-08,1.7272709000000002,0.0,10.0,2.403769527200621e-07,0.0,1.391073222556669e-06,1.6314501752767311e-06,Canada,CAN,,gcp,northamerica-northeast2,Linux-6.8.0-1032-gcp-x86_64-with-glibc2.35,3.12.11,3.0.4,2,Intel(R) Xeon(R) CPU @ 2.60GHz,,,,,15.61648178100586,machine,Y,1.0
2025-08-07T10:00:20,scipy-benchmark,e9c1dbc8-a25a-4146-9c69-062b4365250e,scipy_LMC001_f7d9627c,1.001443369081244,7.667771305608554e-08,7.656719832937947e-08,1.7272709000000002,0.0,10.0,2.403709111357835e-07,0.0,1.3910697921851856e-06,1.631440703320969e-06,Canada,CAN,,gcp,northamerica-northeast2,Linux-6.8.0-1032-gcp-x86_64-with-glibc2.35,3.12.11,3.0.4,2,Intel(R) Xeon(R) CPU @ 2.60GHz,,,,,15.61648178100586,machine,Y,1.0
2025-08-07T10:00:22,scipy-benchmark,b10c7e21-3910-4a23-b9d7-0494e7bdb8bf,scipy_LMC001_f7d9627c,1.0031902408227324,1.177201554274911e-07,1.1734579408482577e-07,8.0,0.0,10.0,1.1134764997081623e-06,0.0,1.391207658323563e-06,2.504684158031725e-06,Canada,CAN,,gcp,northamerica-northeast2,Linux-6.8.0-1032-gcp-x86_64-with-glibc2.35,3.12.11,3.0.4,2,Intel(R) Xeon(R) CPU @ 2.60GHz,,,,,15.61648178100586,machine,Y,1.0
2025-08-07T10:00:25,scipy-benchmark,c1c5c7e2-3c6c-4742-be92-5217cb4f34c2,scipy_LMC001_f7d9627c,1.001484764041379,7.685789814292376e-08,7.674395148336791e-08,1.7550872000000004,0.0,10.0,2.442377953518272e-07,0.0,1.3910366332210188e-06,1.635274428572846e-06,Canada,CAN,,gcp,northamerica-northeast2,Linux-6.8.0-1032-gcp-x86_64-with-glibc2.35,3.12.11,3.0.4,2,Intel(R) Xeon(R) CPU @ 2.60GHz,,,,,15.61648178100586,machine,Y,1.0
2025-08-07T10:00:27,scipy-benchmark,343f9fcd-c5f5-4ece-a77e-ed8bc55017b1,scipy_LMC001_f7d9627c,1.0014783260412514,7.668149826820924e-08,7.65683053484781e-08,1.7272709000000002,0.0,10.0,2.403849504853677e-07,0.0,1.3911362892637651e-06,1.631521239749133e-06,Canada,CAN,,gcp,northamerica-northeast2,Linux-6.8.0-1032-gcp-x86_64-with-glibc2.35,3.12.11,3.0.4,2,Intel(R) Xeon(R) CPU @ 2.60GHz,,,,,15.61648178100586,machine,Y,1.0
2025-08-07T10:00:29,scipy-benchmark,c483cdae-9d61-4a5a-a264-d7a7fe0ad94a,scipy_LMC001_f7d9627c,1.001471346011385,7.65008619957371e-08,7.638846812784137e-08,1.7000000000000002,0.0,10.0,2.365867565256647e-07,0.0,1.391091158277252e-06,1.6276779148029163e-06,Canada,CAN,,gcp,northamerica-northeast2,Linux-6.8.0-1032-gcp-x86_64-with-glibc2.35,3.12.11,3.0.4,2,Intel(R) Xeon(R) CPU @ 2.60GHz,,,,,15.61648178100586,machine,Y,1.0
2025-08-07T10:00:31,scipy-benchmark,7ed9e04d-5c56-4740-a88a-94fe2141bae7,scipy_LMC001_f7d9627c,1.0014509859029204,7.649911757146604e-08,7.63882792551185e-08,1.7000000000000002,0.0,10.0,2.365887165651657e-07,0.0,1.3910520828277286e-06,1.6276407993928943e-06,Canada,CAN,,gcp,northamerica-northeast2,Linux-6.8.0-1032-gcp-x86_64-with-glibc2.35,3.12.11,3.0.4,2,Intel(R) Xeon(R) CPU @ 2.60GHz,,,,,15.61648178100586,machine,Y,1.0
2025-08-07T10:00:33,scipy-benchmark,b3708314-751b-4cf9-925b-8115f801bc40,scipy_LMC001_f7d9627c,1.0014807840343565,7.668629486098994e-08,7.657290692295416e-08,1.7272709000000002,0.0,10.0,2.403988611432415e-07,0.0,1.391224433771438e-06,1.631623294914679e-06,Canada,CAN,,gcp,northamerica-northeast2,Linux-6.8.0-1032-gcp-x86_64-with-glibc2.35,3.12.11,3.0.4,2,Intel(R) Xeon(R) CPU @ 2.60GHz,,,,,15.61648178100586,machine,Y,1.0
2025-08-07T10:00:35,scipy-benchmark,327fe2dd-a7c9-4508-a2c8-ca126ee1788a,scipy_LMC001_f7d9627c,1.0014233749825507,7.649362189336292e-08,7.638489754115814e-08,1.7000000000000002,0.0,10.0,2.3655714813180066e-07,0.0,1.3909667219397509e-06,1.6275238700715517e-06,Canada,CAN,,gcp,northamerica-northeast2,Linux-6.8.0-1032-gcp-x86_64-with-glibc2.35,3.12.11,3.0.4,2,Intel(R) Xeon(R) CPU @ 2.60GHz,,,,,15.61648178100586,machine,Y,1.0
2025-08-07T10:00:38,scipy-benchmark,6cbb222c-d1e8-4152-a4ad-7a4cd0d8fab4,scipy_LMC001_f7d9627c,1.001463919878006,7.650179615718338e-08,7.638996736547683e-08,1.7000000000000002,0.0,10.0,2.3658807117155654e-07,0.0,1.391109719406813e-06,1.62769779057837e-06,Canada,CAN,,gcp,northamerica-northeast2,Linux-6.8.0-1032-gcp-x86_64-with-glibc2.35,3.12.11,3.0.4,2,Intel(R) Xeon(R) CPU @ 2.60GHz,,,,,15.61648178100586,machine,Y,1.0
2025-08-07T10:00:40,scipy-benchmark,fab3ff16-c5a0-4bdb-8bcb-e33f84d6923a,scipy_LMC001_f7d9627c,1.001503854058683,7.650884061502034e-08,7.639395525535077e-08,1.7000000000000002,0.0,10.0,2.366128779249266e-07,0.0,1.3912347947350807e-06,1.6278476726600073e-06,Canada,CAN,,gcp,northamerica-northeast2,Linux-6.8.0-1032-gcp-x86_64-with-glibc2.35,3.12.11,3.0.4,2,Intel(R) Xeon(R) CPU @ 2.60GHz,,,,,15.61648178100586,machine,Y,1.0
2025-08-07T10:00:42,scipy-benchmark,f67aa429-c64f-4729-8a68-ca7a60ca6e87,scipy_LMC001_f7d9627c,1.001478843856603,7.668160768307e-08,7.656837501207334e-08,1.7272709000000002,0.0,10.0,2.40386292811404e-07,0.0,1.39113727491349e-06,1.6315235677248938e-06,Canada,CAN,,gcp,northamerica-northeast2,Linux-6.8.0-1032-gcp-x86_64-with-glibc2.35,3.12.11,3.0.4,2,Intel(R) Xeon(R) CPU @ 2.60GHz,,,,,15.61648178100586,machine,Y,1.0
2025-08-07T10:00:44,scipy-benchmark,2977e2ef-f063-4679-9e09-18ec2ab64ea1,scipy_LMC001_f7d9627c,1.001473587937653,7.650237843787507e-08,7.638981133333466e-08,1.7000000000000002,0.0,10.0,2.3659376042067178e-07,0.0,1.3911164191085846e-06,1.6277101795292563e-06,Canada,CAN,,gcp,northamerica-northeast2,Linux-6.8.0-1032-gcp-x86_64-with-glibc2.35,3.12.11,3.0.4,2,Intel(R) Xeon(R) CPU @ 2.60GHz,,,,,15.61648178100586,machine,Y,1.0
2025-08-07T10:00:46,scipy-benchmark,013ba470-3983-4b39-b395-120fe5e604d0,scipy_LMC001_f7d9627c,1.0014565391466022,7.64990408878075e-08,7.638777909723038e-08,1.7000000000000002,0.0,10.0,2.36588984507964e-07,0.0,1.3910501833177277e-06,1.6276391678256915e-06,Canada,CAN,,gcp,northamerica-northeast2,Linux-6.8.0-1032-gcp-x86_64-with-glibc2.35,3.12.11,3.0.4,2,Intel(R) Xeon(R) CPU @ 2.60GHz,,,,,15.61648178100586,machine,Y,1.0
2025-08-07T10:00:48,scipy-benchmark,fe106d9f-4596-42ad-8134-9469e9f2ef0f,scipy_LMC001_f7d9627c,1.001450820127502,7.650052532124876e-08,7.638969761042178e-08,1.7000000000000002,0.0,10.0,2.365818982620517e-07,0.0,1.3910888532538793e-06,1.627670751515931e-06,Canada,CAN,,gcp,northamerica-northeast2,Linux-6.8.0-1032-gcp-x86_64-with-glibc2.35,3.12.11,3.0.4,2,Intel(R) Xeon(R) CPU @ 2.60GHz,,,,,15.61648178100586,machine,Y,1.0
2025-08-07T10:00:51,scipy-benchmark,1d03933d-f323-4ee3-a327-aeb84895839a,scipy_LMC001_f7d9627c,1.0019347430206835,7.730281762242257e-08,7.715354533905684e-08,1.8123776000000005,0.0,10.0,2.5244078937848413e-07,0.0,1.3923000110985918e-06,1.644740800477076e-06,Canada,CAN,,gcp,northamerica-northeast2,Linux-6.8.0-1032-gcp-x86_64-with-glibc2.35,3.12.11,3.0.4,2,Intel(R) Xeon(R) CPU @ 2.60GHz,,,,,15.61648178100586,machine,Y,1.0
2025-08-07T10:00:53,scipy-benchmark,ecc16dad-d189-40b2-a4bb-1735445ad768,scipy_LMC001_f7d9627c,1.0015680768992752,7.669461881015937e-08,7.657454403658307e-08,1.7272709000000002,0.0,10.0,2.40434872368168e-07,0.0,1.391365527847989e-06,1.6318004002161568e-06,Canada,CAN,,gcp,northamerica-northeast2,Linux-6.8.0-1032-gcp-x86_64-with-glibc2.35,3.12.11,3.0.4,2,Intel(R) Xeon(R) CPU @ 2.60GHz,,,,,15.61648178100586,machine,Y,1.0
2025-08-07T10:00:55,scipy-benchmark,255318ac-6df7-4edc-a322-305e58420c75,scipy_LMC001_f7d9627c,1.001458577113226,7.704763682413838e-08,7.693542058048328e-08,1.7834543000000005,0.0,10.0,2.481997770032923e-07,0.0,1.391111644786886e-06,1.6393114217901783e-06,Canada,CAN,,gcp,northamerica-northeast2,Linux-6.8.0-1032-gcp-x86_64-with-glibc2.35,3.12.11,3.0.4,2,Intel(R) Xeon(R) CPU @ 2.60GHz,,,,,15.61648178100586,machine,Y,1.0
2025-08-07T10:00:57,scipy-benchmark,17c4eb75-9432-4331-a7d3-6f24c73dea84,scipy_LMC001_f7d9627c,1.0014633908867836,7.650187032394269e-08,7.63900817744333e-08,1.7000000000000002,0.0,10.0,2.365864244832968e-07,0.0,1.391112944111228e-06,1.6276993685945247e-06,Canada,CAN,,gcp,northamerica-northeast2,Linux-6.8.0-1032-gcp-x86_64-with-glibc2.35,3.12.11,3.0.4,2,Intel(R) Xeon(R) CPU @ 2.60GHz,,,,,15.61648178100586,machine,Y,1.0
2025-08-07T10:00:59,scipy-benchmark,af3360b7-4371-4874-8fdf-36362733ad17,scipy_LMC001_f7d9627c,1.0020970860496163,7.65943427915465e-08,7.643405400318081e-08,1.7000000000000002,0.0,10.0,2.368769209844888e-07,0.0,1.392789946920756e-06,1.6296668679052449e-06,Canada,CAN,,gcp,northamerica-northeast2,Linux-6.8.0-1032-gcp-x86_64-with-glibc2.35,3.12.11,3.0.4,2,Intel(R) Xeon(R) CPU @ 2.60GHz,,,,,15.61648178100586,machine,Y,1.0
2025-08-07T10:01:01,scipy-benchmark,02b1138d-e1ab-4fb9-be63-a890c0903966,scipy_LMC001_f7d9627c,1.0015097269788384,7.650385576259579e-08,7.638852993807445e-08,1.7000000000000002,0.0,10.0,2.3660169766258658e-07,0.0,1.3911399143075363e-06,1.6277416119701229e-06,Canada,CAN,,gcp,northamerica-northeast2,Linux-6.8.0-1032-gcp-x86_64-with-glibc2.35,3.12.11,3.0.4,2,Intel(R) Xeon(R) CPU @ 2.60GHz,,,,,15.61648178100586,machine,Y,1.0
2025-08-07T10:01:03,scipy-benchmark,4b5398cd-cb70-470c-833b-727b33594c2d,scipy_LMC001_f7d9627c,1.0014432130847126,7.667580750733698e-08,7.656530745378465e-08,1.7272709000000002,0.0,10.0,2.4036776790778064e-07,0.0,1.3910323918227934e-06,1.631400159730574e-06,Canada,CAN,,gcp,northamerica-northeast2,Linux-6.8.0-1032-gcp-x86_64-with-glibc2.35,3.12.11,3.0.4,2,Intel(R) Xeon(R) CPU @ 2.60GHz,,,,,15.61648178100586,machine,Y,1.0
2025-08-07T10:01:06,scipy-benchmark,38e91bdb-3303-453b-affe-a34d3286ad97,scipy_LMC001_f7d9627c,1.001413862919435,7.649762637978548e-08,7.638962192591478e-08,1.7000000000000002,0.0,10.0,2.365688162325468e-07,0.0,1.3910402556777828e-06,1.6276090719103297e-06,Canada,CAN,,gcp,northamerica-northeast2,Linux-6.8.0-1032-gcp-x86_64-with-glibc2.35,3.12.11,3.0.4,2,Intel(R) Xeon(R) CPU @ 2.60GHz,,,,,15.61648178100586,machine,Y,1.0
2025-08-07T10:01:08,scipy-benchmark,59bac548-eb2b-4d27-891c-31dfc5c34cbb,scipy_LMC001_f7d9627c,1.001933068037033,7.67517410537121e-08,7.66036609651806e-08,1.7272709000000002,0.0,10.0,2.406050172202814e-07,0.0,1.392410749879976e-06,1.6330157671002576e-06,Canada,CAN,,gcp,northamerica-northeast2,Linux-6.8.0-1032-gcp-x86_64-with-glibc2.35,3.12.11,3.0.4,2,Intel(R) Xeon(R) CPU @ 2.60GHz,,,,,15.61648178100586,machine,Y,1.0
2025-08-07T10:01:10,scipy-benchmark,cd71687c-3557-43e4-be0a-04a57b9ea56d,scipy_LMC001_f7d9627c,1.002138369018212,7.713651588533752e-08,7.697192151310168e-08,1.7834543000000005,0.0,10.0,2.484874882517247e-07,0.0,1.3927149773937547e-06,1.6412024656454791e-06,Canada,CAN,,gcp,northamerica-northeast2,Linux-6.8.0-1032-gcp-x86_64-with-glibc2.35,3.12.11,3.0.4,2,Intel(R) Xeon(R) CPU @ 2.60GHz,,,,,15.61648178100586,machine,Y,1.0
2025-08-07T10:01:12,scipy-benchmark,f808c95e-0f61-4f9f-950a-48adf4312b03,scipy_LMC001_f7d9627c,1.0014186969492584,7.649581900506747e-08,7.638744836511023e-08,1.7000000000000002,0.0,10.0,2.3657846426229098e-07,0.0,1.390992152866804e-06,1.627570617129095e-06,Canada,CAN,,gcp,northamerica-northeast2,Linux-6.8.0-1032-gcp-x86_64-with-glibc2.35,3.12.11,3.0.4,2,Intel(R) Xeon(R) CPU @ 2.60GHz,,,,,15.61648178100586,machine,Y,1.0
2025-08-07T10:01:14,scipy-benchmark,6f70fe0c-3bd8-4b91-851e-5432620ec369,scipy_LMC001_f7d9627c,1.0014655338600278,7.6502641915583e-08,7.6390688774593e-08,1.7000000000000002,0.0,10.0,2.365878547942784e-07,0.0,1.3911279306436578e-06,1.627715785437936e-06,Canada,CAN,,gcp,northamerica-northeast2,Linux-6.8.0-1032-gcp-x86_64-with-glibc2.35,3.12.11,3.0.4,2,Intel(R) Xeon(R) CPU @ 2.60GHz,,,,,15.61648178100586,machine,Y,1.0
2025-08-07T10:01:16,scipy-benchmark,b8f0d81e-8a71-432d-bcf0-4f3637daa3e3,scipy_LMC001_f7d9627c,1.0019875760190189,7.686318656974455e-08,7.671071818587659e-08,1.7550872000000004,0.0,10.0,2.442833452172821e-07,0.0,1.391103603075155e-06,1.6353869482924372e-06,Canada,CAN,,gcp,northamerica-northeast2,Linux-6.8.0-1032-gcp-x86_64-with-glibc2.35,3.12.11,3.0.4,2,Intel(R) Xeon(R) CPU @ 2.60GHz,,,,,15.61648178100586,machine,Y,1.0
2025-08-07T10:01:18,scipy-benchmark,cc60e419-333e-45fc-a42d-5bd996e67741,scipy_LMC001_f7d9627c,1.0014545421581715,7.649906324535068e-08,7.638795374625029e-08,1.7000000000000002,0.0,10.0,2.3657718743844374e-07,0.0,1.3910624560796553e-06,1.627639643518099e-06,Canada,CAN,,gcp,northamerica-northeast2,Linux-6.8.0-1032-gcp-x86_64-with-glibc2.35,3.12.11,3.0.4,2,Intel(R) Xeon(R) CPU @ 2.60GHz,,,,,15.61648178100586,machine,Y,1.0
2025-08-07T10:01:21,scipy-benchmark,1c7aad4c-8ebd-45dd-b802-29c71021c69d,scipy_LMC001_f7d9627c,1.0014508380554616,7.64969718494944e-08,7.638614791918313e-08,1.7000000000000002,0.0,10.0,2.3658468203049986e-07,0.0,1.3910104637034236e-06,1.6275951457339235e-06,Canada,CAN,,gcp,northamerica-northeast2,Linux-6.8.0-1032-gcp-x86_64-with-glibc2.35,3.12.11,3.0.4,2,Intel(R) Xeon(R) CPU @ 2.60GHz,,,,,15.61648178100586,machine,Y,1.0
2025-08-07T10:01:23,scipy-benchmark,038f212a-78ab-4fc4-bdaa-97ef0e4b618e,scipy_LMC001_f7d9627c,1.0013986241538078,7.649643275733494e-08,7.638959242826524e-08,1.7000000000000002,0.0,10.0,2.365650338081954e-07,0.0,1.391018641879782e-06,1.6275836756879774e-06,Canada,CAN,,gcp,northamerica-northeast2,Linux-6.8.0-1032-gcp-x86_64-with-glibc2.35,3.12.11,3.0.4,2,Intel(R) Xeon(R) CPU @ 2.60GHz,,,,,15.61648178100586,machine,Y,1.0
2025-08-07T10:01:25,scipy-benchmark,de842d7f-e100-4de4-b5f2-5c31929e784b,scipy_LMC001_f7d9627c,1.0015032200608402,7.650121773452136e-08,7.638639217742505e-08,1.7000000000000002,0.0,10.0,2.3659536411934017e-07,0.0,1.3910901195938802e-06,1.6276854837132204e-06,Canada,CAN,,gcp,northamerica-northeast2,Linux-6.8.0-1032-gcp-x86_64-with-glibc2.35,3.12.11,3.0.4,2,Intel(R) Xeon(R) CPU @ 2.60GHz,,,,,15.61648178100586,machine,Y,1.0
2025-08-07T10:01:27,scipy-benchmark,75966f5f-980c-4366-9936-76c8edc51904,scipy_LMC001_f7d9627c,1.0015007199253887,7.650678369794819e-08,7.63921404905709e-08,1.7000000000000002,0.0,10.0,2.366038617652117e-07,0.0,1.391200046701771e-06,1.6278039084669825e-06,Canada,CAN,,gcp,northamerica-northeast2,Linux-6.8.0-1032-gcp-x86_64-with-glibc2.35,3.12.11,3.0.4,2,Intel(R) Xeon(R) CPU @ 2.60GHz,,,,,15.61648178100586,machine,Y,1.0
2025-08-07T10:01:29,scipy-benchmark,bf9bbcfc-b88c-4a0b-86ad-9208553dfa3d,scipy_LMC001_f7d9627c,1.001484554959461,7.649806181095646e-08,7.638466457832992e-08,1.7000000000000002,0.0,10.0,2.365852363873273e-07,0.0,1.3910331000160012e-06,1.6276183364033286e-06,Canada,CAN,,gcp,northamerica-northeast2,Linux-6.8.0-1032-gcp-x86_64-with-glibc2.35,3.12.11,3.0.4,2,Intel(R) Xeon(R) CPU @ 2.60GHz,,,,,15.61648178100586,machine,Y,1.0
2025-08-07T10:01:31,scipy-benchmark,fded39b4-0671-4ed5-95b1-9903030e5f31,scipy_LMC001_f7d9627c,1.00147490715608,7.68599089613804e-08,7.674671468268927e-08,1.7550872000000004,0.0,10.0,2.442585341885536e-07,0.0,1.39105867775571e-06,1.6353172119442638e-06,Canada,CAN,,gcp,northamerica-northeast2,Linux-6.8.0-1032-gcp-x86_64-with-glibc2.35,3.12.11,3.0.4,2,Intel(R) Xeon(R) CPU @ 2.60GHz,,,,,15.61648178100586,machine,Y,1.0
2025-08-07T10:01:33,scipy-benchmark,aba3e117-5460-430a-9958-173aa4696c0f,scipy_LMC001_f7d9627c,1.0014410510193557,7.650177848690914e-08,7.639169415817222e-08,1.7000000000000002,0.0,10.0,2.365848449731453e-07,0.0,1.3911125696419428e-06,1.627697414615088e-06,Canada,CAN,,gcp,northamerica-northeast2,Linux-6.8.0-1032-gcp-x86_64-with-glibc2.35,3.12.11,3.0.4,2,Intel(R) Xeon(R) CPU @ 2.60GHz,,,,,15.61648178100586,machine,Y,1.0
2025-08-07T10:01:36,scipy-benchmark,0507a08b-b0a2-4a23-8a74-31b62766a555,scipy_LMC001_f7d9627c,1.001445617992431,7.649634535071286e-08,7.638592048968459e-08,1.7000000000000002,0.0,10.0,2.365683662161853e-07,0.0,1.3910134497564289e-06,1.627581815972614e-06,Canada,CAN,,gcp,northamerica-northeast2,Linux-6.8.0-1032-gcp-x86_64-with-glibc2.35,3.12.11,3.0.4,2,Intel(R) Xeon(R) CPU @ 2.60GHz,,,,,15.61648178100586,machine,Y,1.0
2025-08-07T10:01:38,scipy-benchmark,5306cba7-0f45-4e51-b0c0-50303ad1589a,scipy_LMC001_f7d9627c,1.0014921389520168,7.650604823749099e-08,7.639206066814322e-08,1.7000000000000002,0.0,10.0,2.3660145720673933e-07,0.0,1.3911868031654092e-06,1.6277882603721489e-06,Canada,CAN,,gcp,northamerica-northeast2,Linux-6.8.0-1032-gcp-x86_64-with-glibc2.35,3.12.11,3.0.4,2,Intel(R) Xeon(R) CPU @ 2.60GHz,,,,,15.61648178100586,machine,Y,1.0
2025-08-07T10:01:40,scipy-benchmark,a6b139e2-a516-4910-8437-6feaccb6961e,scipy_LMC001_f7d9627c,1.0014811190776527,7.668328791837303e-08,7.656987881009385e-08,1.7272709000000002,0.0,10.0,2.403973171778498e-07,0.0,1.3911620002343424e-06,1.6315593174121922e-06,Canada,CAN,,gcp,northamerica-northeast2,Linux-6.8.0-1032-gcp-x86_64-with-glibc2.35,3.12.11,3.0.4,2,Intel(R) Xeon(R) CPU @ 2.60GHz,,,,,15.61648178100586,machine,Y,1.0
2025-08-07T10:01:42,scipy-benchmark,d7952d39-d679-47ce-a488-7a93753fe0ac,scipy_LMC001_f7d9627c,1.0014476489741355,7.667908878878304e-08,7.656824484767796e-08,1.7272709000000002,0.0,10.0,2.403778910971181e-07,0.0,1.3910920831323083e-06,1.6314699742294264e-06,Canada,CAN,,gcp,northamerica-northeast2,Linux-6.8.0-1032-gcp-x86_64-with-glibc2.35,3.12.11,3.0.4,2,Intel(R) Xeon(R) CPU @ 2.60GHz,,,,,15.61648178100586,machine,Y,1.0
2025-08-07T10:01:44,scipy-benchmark,55eaa64b-0396-4bfa-82c1-62cb202b82b7,scipy_LMC001_f7d9627c,1.001443080836907,7.667662218938792e-08,7.656613107288055e-08,1.7272709000000002,0.0,10.0,2.403776406398134e-07,0.0,1.391039852751419e-06,1.6314174933912324e-06,Canada,CAN,,gcp,northamerica-northeast2,Linux-6.8.0-1032-gcp-x86_64-with-glibc2.35,3.12.11,3.0.4,2,Intel(R) Xeon(R) CPU @ 2.60GHz,,,,,15.61648178100586,machine,Y,1.0
2025-08-07T10:01:46,scipy-benchmark,3692a067-6044-4fc0-85bc-6bd45d5d9eec,scipy_LMC001_f7d9627c,1.001407359028235,7.78166347423602e-08,7.770727271055147e-08,1.9025387,0.0,10.0,2.6474795999369225e-07,0.0,1.3909251196309926e-06,1.6556730796246848e-06,Canada,CAN,,gcp,northamerica-northeast2,Linux-6.8.0-1032-gcp-x86_64-with-glibc2.35,3.12.11,3.0.4,2,Intel(R) Xeon(R) CPU @ 2.60GHz,,,,,15.61648178100586,machine,Y,1.0
2025-08-07T10:01:48,scipy-benchmark,d32396ed-5a59-4a6c-a4a9-2969ee82b1da,scipy_LMC001_f7d9627c,1.001424275105819,7.667780172043528e-08,7.656874676054047e-08,1.7272709000000002,0.0,10.0,2.403704259725033e-07,0.0,1.391072163823992e-06,1.6314425897964951e-06,Canada,CAN,,gcp,northamerica-northeast2,Linux-6.8.0-1032-gcp-x86_64-with-glibc2.35,3.12.11,3.0.4,2,Intel(R) Xeon(R) CPU @ 2.60GHz,,,,,15.61648178100586,machine,Y,1.0
2025-08-07T10:01:51,scipy-benchmark,d3e20fe9-2157-4af0-a192-aac4bb691052,scipy_LMC001_f7d9627c,1.0014690840616822,7.650322849992922e-08,7.639100369394656e-08,1.7000000000000002,0.0,10.0,2.3659200191549545e-07,0.0,1.3911362640404451e-06,1.6277282659559409e-06,Canada,CAN,,gcp,northamerica-northeast2,Linux-6.8.0-1032-gcp-x86_64-with-glibc2.35,3.12.11,3.0.4,2,Intel(R) Xeon(R) CPU @ 2.60GHz,,,,,15.61648178100586,machine,Y,1.0
2025-08-07T10:01:53,scipy-benchmark,3ad45a3f-253d-443c-904c-eefbe01954d1,scipy_LMC001_f7d9627c,1.0014624749310317,7.650237100694277e-08,7.639065159402136e-08,1.7000000000000002,0.0,10.0,2.365865216771555e-07,0.0,1.3911234997471588e-06,1.6277100214243143e-06,Canada,CAN,,gcp,northamerica-northeast2,Linux-6.8.0-1032-gcp-x86_64-with-glibc2.35,3.12.11,3.0.4,2,Intel(R) Xeon(R) CPU @ 2.60GHz,,,,,15.61648178100586,machine,Y,1.0
2025-08-07T10:01:55,scipy-benchmark,7cdde29c-3cbc-4e5a-accd-efff8c6d5b2b,scipy_LMC001_f7d9627c,1.0014342609792948,7.667875129729864e-08,7.65689314666697e-08,1.7272709000000002,0.0,10.0,2.4038008768141e-07,0.0,1.391082705878135e-06,1.6314627935595453e-06,Canada,CAN,,gcp,northamerica-northeast2,Linux-6.8.0-1032-gcp-x86_64-with-glibc2.35,3.12.11,3.0.4,2,Intel(R) Xeon(R) CPU @ 2.60GHz,,,,,15.61648178100586,machine,Y,1.0
2025-08-07T10:01:57,scipy-benchmark,f9c41a43-b451-497e-b61f-d6ef6a0aaf8f,scipy_LMC001_f7d9627c,1.0015271019656211,7.632410526389028e-08,7.620772829221969e-08,1.6732691000000002,0.0,10.0,2.328547968436862e-07,0.0,1.3910623364305744e-06,1.6239171332742606e-06,Canada,CAN,,gcp,northamerica-northeast2,Linux-6.8.0-1032-gcp-x86_64-with-glibc2.35,3.12.11,3.0.4,2,Intel(R) Xeon(R) CPU @ 2.60GHz,,,,,15.61648178100586,machine,Y,1.0
2025-08-07T10:01:59,scipy-benchmark,9cb2e2b4-2c48-4543-9b6e-16349d0a25db,scipy_LMC001_f7d9627c,1.0014663999900222,7.650020007889381e-08,7.638818444598442e-08,1.7000000000000002,0.0,10.0,2.365859872208805e-07,0.0,1.3910778442449454e-06,1.627663831465826e-06,Canada,CAN,,gcp,northamerica-northeast2,Linux-6.8.0-1032-gcp-x86_64-with-glibc2.35,3.12.11,3.0.4,2,Intel(R) Xeon(R) CPU @ 2.60GHz,,,,,15.61648178100586,machine,Y,1.0
2025-08-07T10:02:01,scipy-benchmark,5e344fac-9f46-4838-83eb-1bf8a59ecf7f,scipy_LMC001_f7d9627c,1.0014614090323448,7.650084811844217e-08,7.638921223371015e-08,1.7000000000000002,0.0,10.0,2.365801476731172e-07,0.0,1.3910974718682055e-06,1.6276776195413228e-06,Canada,CAN,,gcp,northamerica-northeast2,Linux-6.8.0-1032-gcp-x86_64-with-glibc2.35,3.12.11,3.0.4,2,Intel(R) Xeon(R) CPU @ 2.60GHz,,,,,15.61648178100586,machine,Y,1.0
2025-08-07T10:02:03,scipy-benchmark,5f8722cf-f717-4094-8e2b-692ef3947c3b,scipy_LMC001_f7d9627c,1.001481016865,7.632715205471813e-08,7.621427742449863e-08,1.6732691000000002,0.0,10.0,2.3286700892250138e-07,0.0,1.3911149496885224e-06,1.6239819586110238e-06,Canada,CAN,,gcp,northamerica-northeast2,Linux-6.8.0-1032-gcp-x86_64-with-glibc2.35,3.12.11,3.0.4,2,Intel(R) Xeon(R) CPU @ 2.60GHz,,,,,15.61648178100586,machine,Y,1.0
2025-08-07T10:02:06,scipy-benchmark,fa739b6b-b561-420a-bb8f-d0592f32c2ad,scipy_LMC001_f7d9627c,1.001454307930544,7.667989565587058e-08,7.656854141885495e-08,1.7272709000000002,0.0,10.0,2.4037836129105e-07,0.0,1.3911087803232172e-06,1.6314871416142672e-06,Canada,CAN,,gcp,northamerica-northeast2,Linux-6.8.0-1032-gcp-x86_64-with-glibc2.35,3.12.11,3.0.4,2,Intel(R) Xeon(R) CPU @ 2.60GHz,,,,,15.61648178100586,machine,Y,1.0
2025-08-07T10:02:08,scipy-benchmark,00ca8ee4-489c-4b98-9ede-b147f905567a,scipy_LMC001_f7d9627c,1.0014833800960332,7.650708637149849e-08,7.639376538047208e-08,1.7000000000000002,0.0,10.0,2.3660481523256762e-07,0.0,1.3912055330971877e-06,1.6278103483297552e-06,Canada,CAN,,gcp,northamerica-northeast2,Linux-6.8.0-1032-gcp-x86_64-with-glibc2.35,3.12.11,3.0.4,2,Intel(R) Xeon(R) CPU @ 2.60GHz,,,,,15.61648178100586,machine,Y,1.0
2025-08-07T10:02:10,scipy-benchmark,34691f24-53bc-4901-9a5d-920969505097,scipy_LMC001_f7d9627c,1.0014202760066837,7.649736962049633e-08,7.63888763322641e-08,1.7000000000000002,0.0,10.0,2.365715230375322e-07,0.0,1.391032085909198e-06,1.62760360894673e-06,Canada,CAN,,gcp,northamerica-northeast2,Linux-6.8.0-1032-gcp-x86_64-with-glibc2.35,3.12.11,3.0.4,2,Intel(R) Xeon(R) CPU @ 2.60GHz,,,,,15.61648178100586,machine,Y,1.0
2025-08-07T10:02:12,scipy-benchmark,d7672f23-c188-4fe0-aa47-cd4d3d29c1b0,scipy_LMC001_f7d9627c,1.0014245579950511,7.649429155119129e-08,7.638547601063452e-08,1.7000000000000002,0.0,10.0,2.3655941250682294e-07,0.0,1.3909787056036294e-06,1.6275381181104523e-06,Canada,CAN,,gcp,northamerica-northeast2,Linux-6.8.0-1032-gcp-x86_64-with-glibc2.35,3.12.11,3.0.4,2,Intel(R) Xeon(R) CPU @ 2.60GHz,,,,,15.61648178100586,machine,Y,1.0
2025-08-07T10:02:14,scipy-benchmark,ccdd52f6-964a-460f-bada-c6131057e041,scipy_LMC001_f7d9627c,1.0014612530358136,7.65019552774999e-08,7.639032967635353e-08,1.7000000000000002,0.0,10.0,2.3658609255087665e-07,0.0,1.3911150835661423e-06,1.6277011761170192e-06,Canada,CAN,,gcp,northamerica-northeast2,Linux-6.8.0-1032-gcp-x86_64-with-glibc2.35,3.12.11,3.0.4,2,Intel(R) Xeon(R) CPU @ 2.60GHz,,,,,15.61648178100586,machine,Y,1.0
2025-08-07T10:02:16,scipy-benchmark,19393d1d-1cd6-4a12-bbe4-53e835e24f1c,scipy_LMC001_f7d9627c,1.00151401408948,7.668452750611009e-08,7.656860156452964e-08,1.7272709000000002,0.0,10.0,2.404098360214688e-07,0.0,1.391175855597895e-06,1.6315856916193637e-06,Canada,CAN,,gcp,northamerica-northeast2,Linux-6.8.0-1032-gcp-x86_64-with-glibc2.35,3.12.11,3.0.4,2,Intel(R) Xeon(R) CPU @ 2.60GHz,,,,,15.61648178100586,machine,Y,1.0
2025-08-07T10:02:19,scipy-benchmark,97781fda-9f7b-4ea1-8819-7b86b6c4c850,scipy_LMC001_f7d9627c,1.0014606309123335,7.667780284697825e-08,7.65659682269532e-08,1.7272709000000002,0.0,10.0,2.4037229189059445e-07,0.0,1.3910703218749e-06,1.6314426137654944e-06,Canada,CAN,,gcp,northamerica-northeast2,Linux-6.8.0-1032-gcp-x86_64-with-glibc2.35,3.12.11,3.0.4,2,Intel(R) Xeon(R) CPU @ 2.60GHz,,,,,15.61648178100586,machine,Y,1.0
2025-08-07T10:02:21,scipy-benchmark,c0ed22d2-4f84-49db-adbc-c4e40c5d587f,scipy_LMC001_f7d9627c,1.0014639659784734,7.650220221875417e-08,7.639036931699108e-08,1.7000000000000002,0.0,10.0,2.365876135687965e-07,0.0,1.3911188166174624e-06,1.6277064301862589e-06,Canada,CAN,,gcp,northamerica-northeast2,Linux-6.8.0-1032-gcp-x86_64-with-glibc2.35,3.12.11,3.0.4,2,Intel(R) Xeon(R) CPU @ 2.60GHz,,,,,15.61648178100586,machine,Y,1.0
2025-08-07T10:02:23,scipy-benchmark,5f410c14-4dfb-4345-98a5-cdfcac8cfda8,scipy_LMC001_f7d9627c,1.0014202760066837,7.614813993770236e-08,7.6040141948548e-08,1.6470728,0.0,10.0,2.2920719581989014e-07,0.0,1.3909659943439894e-06,1.6201731901638796e-06,Canada,CAN,,gcp,northamerica-northeast2,Linux-6.8.0-1032-gcp-x86_64-with-glibc2.35,3.12.11,3.0.4,2,Intel(R) Xeon(R) CPU @ 2.60GHz,,,,,15.61648178100586,machine,Y,1.0
2025-08-07T10:02:25,scipy-benchmark,9bb92f6b-a80b-4835-a2ad-2e2c107126d1,scipy_LMC001_f7d9627c,1.001439118059352,7.704545613159931e-08,7.693473796080839e-08,1.7834543000000005,0.0,10.0,2.482062434873367e-07,0.0,1.3910587805892445e-06,1.6392650240765812e-06,Canada,CAN,,gcp,northamerica-northeast2,Linux-6.8.0-1032-gcp-x86_64-with-glibc2.35,3.12.11,3.0.4,2,Intel(R) Xeon(R) CPU @ 2.60GHz,,,,,15.61648178100586,machine,Y,1.0
2025-08-07T10:02:27,scipy-benchmark,7d37d00a-bf0d-4f5a-a61c-0ce06f9766b7,scipy_LMC001_f7d9627c,1.0014379350468516,7.667481414043134e-08,7.65647190475605e-08,1.7272709000000002,0.0,10.0,2.403731550857744e-07,0.0,1.3910058691787224e-06,1.6313790242644967e-06,Canada,CAN,,gcp,northamerica-northeast2,Linux-6.8.0-1032-gcp-x86_64-with-glibc2.35,3.12.11,3.0.4,2,Intel(R) Xeon(R) CPU @ 2.60GHz,,,,,15.61648178100586,machine,Y,1.0
2025-08-07T10:02:29,scipy-benchmark,7bca0ce4-4751-46b5-a5da-ca51fad8ef5c,scipy_LMC001_f7d9627c,1.001432745018974,7.649805635037938e-08,7.638861094853654e-08,1.7000000000000002,0.0,10.0,2.3658523726690978e-07,0.0,1.3910329829539278e-06,1.6276182202208377e-06,Canada,CAN,,gcp,northamerica-northeast2,Linux-6.8.0-1032-gcp-x86_64-with-glibc2.35,3.12.11,3.0.4,2,Intel(R) Xeon(R) CPU @ 2.60GHz,,,,,15.61648178100586,machine,Y,1.0
2025-08-07T10:02:32,scipy-benchmark,7c647928-b588-491f-9e0e-e258fb1b61fb,scipy_LMC001_f7d9627c,1.0014450661838057,7.64970882262957e-08,7.638670438289966e-08,1.7000000000000002,0.0,10.0,2.3656685465377653e-07,0.0,1.3910307671823025e-06,1.6275976218360787e-06,Canada,CAN,,gcp,northamerica-northeast2,Linux-6.8.0-1032-gcp-x86_64-with-glibc2.35,3.12.11,3.0.4,2,Intel(R) Xeon(R) CPU @ 2.60GHz,,,,,15.61648178100586,machine,Y,1.0
2025-08-07T10:02:34,scipy-benchmark,fd4a9d07-59f9-49a9-bb4e-8216c95dbf18,scipy_LMC001_f7d9627c,1.001571754924953,7.66777399235853e-08,7.65574104366898e-08,1.7272709000000002,0.0,10.0,2.404350862957944e-07,0.0,1.3910061886741056e-06,1.6314412749699e-06,Canada,CAN,,gcp,northamerica-northeast2,Linux-6.8.0-1032-gcp-x86_64-with-glibc2.35,3.12.11,3.0.4,2,Intel(R) Xeon(R) CPU @ 2.60GHz,,,,,15.61648178100586,machine,Y,1.0
2025-08-07T10:02:36,scipy-benchmark,6fc45f7e-595c-4099-bbfa-2a4fb2fa1bce,scipy_LMC001_f7d9627c,1.001478176098317,7.650497220773508e-08,7.6392051303397e-08,1.7000000000000002,0.0,10.0,2.365956908842135e-07,0.0,1.3911696752378095e-06,1.627765366122023e-06,Canada,CAN,,gcp,northamerica-northeast2,Linux-6.8.0-1032-gcp-x86_64-with-glibc2.35,3.12.11,3.0.4,2,Intel(R) Xeon(R) CPU @ 2.60GHz,,,,,15.61648178100586,machine,Y,1.0
2025-08-07T10:02:38,scipy-benchmark,98158586-51a4-4e53-ab76-17b645630489,scipy_LMC001_f7d9627c,1.0015196918975562,7.6683933529684e-08,7.65675744072418e-08,1.7272709000000002,0.0,10.0,2.403948485759233e-07,0.0,1.3911782052471409e-06,1.631573053823064e-06,Canada,CAN,,gcp,northamerica-northeast2,Linux-6.8.0-1032-gcp-x86_64-with-glibc2.35,3.12.11,3.0.4,2,Intel(R) Xeon(R) CPU @ 2.60GHz,,,,,15.61648178100586,machine,Y,1.0
2025-08-07T10:02:40,scipy-benchmark,6ffb2540-5e25-4512-b226-8d0bd58c101c,scipy_LMC001_f7d9627c,1.001502702012658,7.650819979666267e-08,7.639340327580632e-08,1.7000000000000002,0.0,10.0,2.3660719142450642e-07,0.0,1.3912268468023588e-06,1.6278340382268652e-06,Canada,CAN,,gcp,northamerica-northeast2,Linux-6.8.0-1032-gcp-x86_64-with-glibc2.35,3.12.11,3.0.4,2,Intel(R) Xeon(R) CPU @ 2.60GHz,,,,,15.61648178100586,machine,Y,1.0
2025-08-07T10:02:42,scipy-benchmark,039d43e3-0294-4cfc-a435-e49b23a54690,scipy_LMC001_f7d9627c,1.0015189070254564,7.686441583392919e-08,7.674784299601392e-08,1.7550872000000004,0.0,10.0,2.442597031204905e-07,0.0,1.3911533997290664e-06,1.635413102849557e-06,Canada,CAN,,gcp,northamerica-northeast2,Linux-6.8.0-1032-gcp-x86_64-with-glibc2.35,3.12.11,3.0.4,2,Intel(R) Xeon(R) CPU @ 2.60GHz,,,,,15.61648178100586,machine,Y,1.0
2025-08-07T10:02:44,scipy-benchmark,da8d9cc3-133a-4410-9f4b-d13fed651707,scipy_LMC001_f7d9627c,1.002233033999801,7.70341054469369e-08,7.686246894048418e-08,1.7834543000000005,0.0,10.0,2.481663223893694e-07,0.0,1.3908571977582242e-06,1.6390235201475937e-06,Canada,CAN,,gcp,northamerica-northeast2,Linux-6.8.0-1032-gcp-x86_64-with-glibc2.35,3.12.11,3.0.4,2,Intel(R) Xeon(R) CPU @ 2.60GHz,,,,,15.61648178100586,machine,Y,1.0
2025-08-07T10:02:47,scipy-benchmark,4ea5cfc1-a480-4cf4-8a6d-9fd24395275e,scipy_LMC001_f7d9627c,1.0013935330789536,7.822397585163444e-08,7.811511984815961e-08,1.9655261,0.0,10.0,2.735002422456354e-07,0.0,1.3908396694912678e-06,1.6643399117369031e-06,Canada,CAN,,gcp,northamerica-northeast2,Linux-6.8.0-1032-gcp-x86_64-with-glibc2.35,3.12.11,3.0.4,2,Intel(R) Xeon(R) CPU @ 2.60GHz,,,,,15.61648178100586,machine,Y,1.0
2025-08-07T10:02:49,scipy-benchmark,1d0c1f9d-8c58-4d3f-8776-b84517cc59f6,scipy_LMC001_f7d9627c,1.0017937188968062,7.667905126578182e-08,7.654175687008918e-08,1.7272709000000002,0.0,10.0,2.405275375492903e-07,0.0,1.390941638318408e-06,1.631469175867698e-06,Canada,CAN,,gcp,northamerica-northeast2,Linux-6.8.0-1032-gcp-x86_64-with-glibc2.35,3.12.11,3.0.4,2,Intel(R) Xeon(R) CPU @ 2.60GHz,,,,,15.61648178100586,machine,Y,1.0
2025-08-07T10:02:51,scipy-benchmark,a4e83045-4fd5-41bb-95e9-2f1d5afda6a2,scipy_LMC001_f7d9627c,1.0014580329880118,7.70439572115793e-08,7.693178812666389e-08,1.7834543000000005,0.0,10.0,2.4819090130351826e-07,0.0,1.3910422308577432e-06,1.6392331321612615e-06,Canada,CAN,,gcp,northamerica-northeast2,Linux-6.8.0-1032-gcp-x86_64-with-glibc2.35,3.12.11,3.0.4,2,Intel(R) Xeon(R) CPU @ 2.60GHz,,,,,15.61648178100586,machine,Y,1.0
2025-08-07T10:02:53,scipy-benchmark,e759c6c8-7ded-4c3e-845a-28e2d58bfd7b,scipy_LMC001_f7d9627c,1.0014796699397266,7.633054289889258e-08,7.621776576202138e-08,1.6732691000000002,0.0,10.0,2.3287695965754785e-07,0.0,1.3911771445742083e-06,1.6240541042317565e-06,Canada,CAN,,gcp,northamerica-northeast2,Linux-6.8.0-1032-gcp-x86_64-with-glibc2.35,3.12.11,3.0.4,2,Intel(R) Xeon(R) CPU @ 2.60GHz,,,,,15.61648178100586,machine,Y,1.0
2025-08-07T10:02:55,scipy-benchmark,85a5e7ef-c88a-46a9-a498-e507c8fffca8,scipy_LMC001_f7d9627c,1.0018244530074298,7.67387187803159e-08,7.65989675635785e-08,1.7272709000000002,0.0,10.0,2.405651560800597e-07,0.0,1.39217354137347e-06,1.6327386974535295e-06,Canada,CAN,,gcp,northamerica-northeast2,Linux-6.8.0-1032-gcp-x86_64-with-glibc2.35,3.12.11,3.0.4,2,Intel(R) Xeon(R) CPU @ 2.60GHz,,,,,15.61648178100586,machine,Y,1.0
2025-08-07T10:02:57,scipy-benchmark,9bbf41f9-a242-4035-9e18-dc27d1804b51,scipy_LMC001_f7d9627c,1.0015505901537836,7.650995635311766e-08,7.63915044385026e-08,1.7000000000000002,0.0,10.0,2.366224531692246e-07,0.0,1.3912489585992365e-06,1.6278714117684608e-06,Canada,CAN,,gcp,northamerica-northeast2,Linux-6.8.0-1032-gcp-x86_64-with-glibc2.35,3.12.11,3.0.4,2,Intel(R) Xeon(R) CPU @ 2.60GHz,,,,,15.61648178100586,machine,Y,1.0
2025-08-07T10:03:00,scipy-benchmark,715b82dc-633a-4b10-85de-d642417ea77f,scipy_LMC001_f7d9627c,1.0022263368591666,7.723588841291147e-08,7.706431728281823e-08,1.8123776000000005,0.0,10.0,2.522339944882062e-07,0.0,1.391082780254591e-06,1.6433167747427972e-06,Canada,CAN,,gcp,northamerica-northeast2,Linux-6.8.0-1032-gcp-x86_64-with-glibc2.35,3.12.11,3.0.4,2,Intel(R) Xeon(R) CPU @ 2.60GHz,,,,,15.61648178100586,machine,Y,1.0
2025-08-07T10:03:02,scipy-benchmark,7fc34700-1ffb-4662-ae7a-a39379742024,scipy_LMC001_f7d9627c,1.0015772650949657,7.724521132034553e-08,7.712356701010125e-08,1.8123776000000005,0.0,10.0,2.5226037063215183e-07,0.0,1.3912547638432849e-06,1.6435151344754367e-06,Canada,CAN,,gcp,northamerica-northeast2,Linux-6.8.0-1032-gcp-x86_64-with-glibc2.35,3.12.11,3.0.4,2,Intel(R) Xeon(R) CPU @ 2.60GHz,,,,,15.61648178100586,machine,Y,1.0
2025-08-07T10:03:04,scipy-benchmark,a48f2956-1eed-4d56-91e5-a443248b9682,scipy_LMC001_f7d9627c,1.0014522920828313,7.650404430722766e-08,7.639309921405616e-08,1.7000000000000002,0.0,10.0,2.3659245665961258e-07,0.0,1.3911531668984227e-06,1.6277456235580354e-06,Canada,CAN,,gcp,northamerica-northeast2,Linux-6.8.0-1032-gcp-x86_64-with-glibc2.35,3.12.11,3.0.4,2,Intel(R) Xeon(R) CPU @ 2.60GHz,,,,,15.61648178100586,machine,Y,1.0
2025-08-07T10:03:06,scipy-benchmark,38facd7e-ed4e-4fbb-9d1f-6fafeb9d1869,scipy_LMC001_f7d9627c,1.0014635329134762,7.650060336245226e-08,7.638880583089758e-08,1.7000000000000002,0.0,10.0,2.3658305942080922e-07,0.0,1.3910893525462598e-06,1.627672411967069e-06,Canada,CAN,,gcp,northamerica-northeast2,Linux-6.8.0-1032-gcp-x86_64-with-glibc2.35,3.12.11,3.0.4,2,Intel(R) Xeon(R) CPU @ 2.60GHz,,,,,15.61648178100586,machine,Y,1.0
2025-08-07T10:03:08,scipy-benchmark,e436658d-9006-4ba5-984b-811dfbdaf4db,scipy_LMC001_f7d9627c,1.0014897228684276,7.650314634049493e-08,7.638934738279454e-08,1.7000000000000002,0.0,10.0,2.3659196838141525e-07,0.0,1.3911345495014555e-06,1.6277265178828707e-06,Canada,CAN,,gcp,northamerica-northeast2,Linux-6.8.0-1032-gcp-x86_64-with-glibc2.35,3.12.11,3.0.4,2,Intel(R) Xeon(R) CPU @ 2.60GHz,,,,,15.61648178100586,machine,Y,1.0
2025-08-07T10:03:10,scipy-benchmark,c9174f38-caeb-4941-aea1-585059a4698f,scipy_LMC001_f7d9627c,1.0018392060883343,7.68559900252697e-08,7.671489552235906e-08,1.7550872000000004,0.0,10.0,2.442311108273724e-07,0.0,1.391002719497515e-06,1.6352338303248877e-06,Canada,CAN,,gcp,northamerica-northeast2,Linux-6.8.0-1032-gcp-x86_64-with-glibc2.35,3.12.11,3.0.4,2,Intel(R) Xeon(R) CPU @ 2.60GHz,,,,,15.61648178100586,machine,Y,1.0
2025-08-07T10:03:12,scipy-benchmark,4cc51351-221d-44b5-94bb-4e70e613cbe6,scipy_LMC001_f7d9627c,1.0014482280239465,7.650094916981956e-08,7.639031856970872e-08,1.7000000000000002,0.0,10.0,2.365826165510549e-07,0.0,1.391097153019574e-06,1.6276797695706288e-06,Canada,CAN,,gcp,northamerica-northeast2,Linux-6.8.0-1032-gcp-x86_64-with-glibc2.35,3.12.11,3.0.4,2,Intel(R) Xeon(R) CPU @ 2.60GHz,,,,,15.61648178100586,machine,Y,1.0
2025-08-07T10:03:15,scipy-benchmark,21486fba-2324-4c4f-8b0e-55a0e7956be3,scipy_LMC001_f7d9627c,1.0014316029846668,7.649920438625204e-08,7.638984445692925e-08,1.7000000000000002,0.0,10.0,2.365806024172345e-07,0.0,1.3910620440987662e-06,1.6276426465160006e-06,Canada,CAN,,gcp,northamerica-northeast2,Linux-6.8.0-1032-gcp-x86_64-with-glibc2.35,3.12.11,3.0.4,2,Intel(R) Xeon(R) CPU @ 2.60GHz,,,,,15.61648178100586,machine,Y,1.0
2025-08-07T10:03:17,scipy-benchmark,d1681859-f44a-41b5-ad8d-046ebc8368e4,scipy_LMC001_f7d9627c,1.001420107902959,7.685915897796864e-08,7.675016546144343e-08,1.7550872000000004,0.0,10.0,2.442442715843705e-07,0.0,1.391056983266026e-06,1.6353012548503964e-06,Canada,CAN,,gcp,northamerica-northeast2,Linux-6.8.0-1032-gcp-x86_64-with-glibc2.35,3.12.11,3.0.4,2,Intel(R) Xeon(R) CPU @ 2.60GHz,,,,,15.61648178100586,machine,Y,1.0
2025-08-07T10:03:19,scipy-benchmark,c2db26fc-6d3f-40d5-b55e-490ae1e8333a,scipy_LMC001_f7d9627c,1.0013743950985372,7.649253105980137e-08,7.63875443931981e-08,1.7000000000000002,0.0,10.0,2.3655515818649697e-07,0.0,1.3909455026603407e-06,1.6275006608468376e-06,Canada,CAN,,gcp,northamerica-northeast2,Linux-6.8.0-1032-gcp-x86_64-with-glibc2.35,3.12.11,3.0.4,2,Intel(R) Xeon(R) CPU @ 2.60GHz,,,,,15.61648178100586,machine,Y,1.0
2025-08-07T10:03:21,scipy-benchmark,69b0123f-0c7e-4a77-ae1b-aec7afb823ac,scipy_LMC001_f7d9627c,1.0015660030767322,7.65166960132386e-08,7.63970579853802e-08,1.7000000000000002,0.0,10.0,2.366301810705207e-07,0.0,1.3913846277217898e-06,1.6280148087923104e-06,Canada,CAN,,gcp,northamerica-northeast2,Linux-6.8.0-1032-gcp-x86_64-with-glibc2.35,3.12.11,3.0.4,2,Intel(R) Xeon(R) CPU @ 2.60GHz,,,,,15.61648178100586,machine,Y,1.0
2025-08-07T10:03:23,scipy-benchmark,877f045c-0e4b-4a97-bb3e-c48b0bd8ee1d,scipy_LMC001_f7d9627c,1.001434376928955,7.668171485768349e-08,7.657188191685526e-08,1.7272709000000002,0.0,10.0,2.4038690644297165e-07,0.0,1.3911389415928473e-06,1.631525848035819e-06,Canada,CAN,,gcp,northamerica-northeast2,Linux-6.8.0-1032-gcp-x86_64-with-glibc2.35,3.12.11,3.0.4,2,Intel(R) Xeon(R) CPU @ 2.60GHz,,,,,15.61648178100586,machine,Y,1.0
2025-08-07T10:03:25,scipy-benchmark,c92b7530-4e19-4808-90e4-b7a04afbe5af,scipy_LMC001_f7d9627c,1.0014846369158477,7.668071852713525e-08,7.65670442666796e-08,1.7272709000000002,0.0,10.0,2.403958911798594e-07,0.0,1.3911087583336566e-06,1.631504649513516e-06,Canada,CAN,,gcp,northamerica-northeast2,Linux-6.8.0-1032-gcp-x86_64-with-glibc2.35,3.12.11,3.0.4,2,Intel(R) Xeon(R) CPU @ 2.60GHz,,,,,15.61648178100586,machine,Y,1.0
2025-08-07T10:03:27,scipy-benchmark,a492b669-49c8-43bf-9eb5-7ad722d718e8,scipy_LMC001_f7d9627c,1.0013989231083542,7.66742803132721e-08,7.656716873159223e-08,1.7272709000000002,0.0,10.0,2.403667162552087e-07,0.0,1.3910009499846231e-06,1.631367666239832e-06,Canada,CAN,,gcp,northamerica-northeast2,Linux-6.8.0-1032-gcp-x86_64-with-glibc2.35,3.12.11,3.0.4,2,Intel(R) Xeon(R) CPU @ 2.60GHz,,,,,15.61648178100586,machine,Y,1.0
2025-08-07T10:03:30,scipy-benchmark,aa9b2289-863f-4081-adc7-f2a3a5c8c7af,scipy_LMC001_f7d9627c,1.0013758759014308,7.648864608961675e-08,7.638355180142749e-08,1.7000000000000002,0.0,10.0,2.3654409919658482e-07,0.0,1.3908739027101546e-06,1.6274180019067393e-06,Canada,CAN,,gcp,northamerica-northeast2,Linux-6.8.0-1032-gcp-x86_64-with-glibc2.35,3.12.11,3.0.4,2,Intel(R) Xeon(R) CPU @ 2.60GHz,,,,,15.61648178100586,machine,Y,1.0
2025-08-07T10:03:32,scipy-benchmark,6fe90145-b82c-4fcc-9e3e-ab40b7543c73,scipy_LMC001_f7d9627c,1.0017357761971653,7.64925945263951e-08,7.636005056820447e-08,1.7000000000000002,0.0,10.0,2.365593109150521e-07,0.0,1.3909427002848436e-06,1.6275020111998956e-06,Canada,CAN,,gcp,northamerica-northeast2,Linux-6.8.0-1032-gcp-x86_64-with-glibc2.35,3.12.11,3.0.4,2,Intel(R) Xeon(R) CPU @ 2.60GHz,,,,,15.61648178100586,machine,Y,1.0
2025-08-07T10:03:34,scipy-benchmark,81b4cfcd-b411-4de8-8ff5-231fc48eaac5,scipy_LMC001_f7d9627c,1.0020452039316297,7.676381258269386e-08,7.660713536824783e-08,1.7272709000000002,0.0,10.0,2.406466774750848e-07,0.0,1.3926259306673375e-06,1.6332726081424225e-06,Canada,CAN,,gcp,northamerica-northeast2,Linux-6.8.0-1032-gcp-x86_64-with-glibc2.35,3.12.11,3.0.4,2,Intel(R) Xeon(R) CPU @ 2.60GHz,,,,,15.61648178100586,machine,Y,1.0
2025-08-07T10:03:36,scipy-benchmark,fce3141f-b32c-48d7-a9f6-332f5bfbe4dc,scipy_LMC001_f7d9627c,1.0015818979591131,7.686450906260435e-08,7.674310929463518e-08,1.7550872000000004,0.0,10.0,2.4427393360117986e-07,0.0,1.3911411528372102e-06,1.63541508643839e-06,Canada,CAN,,gcp,northamerica-northeast2,Linux-6.8.0-1032-gcp-x86_64-with-glibc2.35,3.12.11,3.0.4,2,Intel(R) Xeon(R) CPU @ 2.60GHz,,,,,15.61648178100586,machine,Y,1.0
2025-08-07T10:03:38,scipy-benchmark,100ad722-d5d4-483d-9bc3-3dc0c3ea0ea8,scipy_LMC001_f7d9627c,1.0015334200579673,7.70561132862124e-08,7.693813480707666e-08,1.7834543000000005,0.0,10.0,2.482274026462334e-07,0.0,1.391264369400839e-06,1.6394917720470723e-06,Canada,CAN,,gcp,northamerica-northeast2,Linux-6.8.0-1032-gcp-x86_64-with-glibc2.35,3.12.11,3.0.4,2,Intel(R) Xeon(R) CPU @ 2.60GHz,,,,,15.61648178100586,machine,Y,1.0
2025-08-07T10:03:40,scipy-benchmark,a1aef1c6-cb1e-4f21-b550-b6db98eff0dc,scipy_LMC001_f7d9627c,1.001487827859819,7.668440003057517e-08,7.657047634263296e-08,1.7272709000000002,0.0,10.0,2.403965739608792e-07,0.0,1.39118640541306e-06,1.6315829793739392e-06,Canada,CAN,,gcp,northamerica-northeast2,Linux-6.8.0-1032-gcp-x86_64-with-glibc2.35,3.12.11,3.0.4,2,Intel(R) Xeon(R) CPU @ 2.60GHz,,,,,15.61648178100586,machine,Y,1.0
2025-08-07T10:03:42,scipy-benchmark,1133e4e1-a5ae-4b47-a638-182f21d7c249,scipy_LMC001_f7d9627c,1.0015156879089773,7.72428556351322e-08,7.712595675501033e-08,1.8123776000000005,0.0,10.0,2.5225071110877066e-07,0.0,1.39121430240468e-06,1.6434650135134509e-06,Canada,CAN,,gcp,northamerica-northeast2,Linux-6.8.0-1032-gcp-x86_64-with-glibc2.35,3.12.11,3.0.4,2,Intel(R) Xeon(R) CPU @ 2.60GHz,,,,,15.61648178100586,machine,Y,1.0
2025-08-07T10:03:45,scipy-benchmark,87c9d54c-8d88-450a-9567-1fb65bbb2824,scipy_LMC001_f7d9627c,1.0014759951736778,7.668003159082798e-08,7.656701904026166e-08,1.7272709000000002,0.0,10.0,2.403947531742559e-07,0.0,1.3910952806731478e-06,1.6314900338474037e-06,Canada,CAN,,gcp,northamerica-northeast2,Linux-6.8.0-1032-gcp-x86_64-with-glibc2.35,3.12.11,3.0.4,2,Intel(R) Xeon(R) CPU @ 2.60GHz,,,,,15.61648178100586,machine,Y,1.0
2025-08-07T10:03:47,scipy-benchmark,e760ef1f-6cc7-4ddc-b1ea-52c6c0ad9a6a,scipy_LMC001_f7d9627c,1.0016256130766124,7.670313852872316e-08,7.657865127182632e-08,1.7272709000000002,0.0,10.0,2.4045851533665063e-07,0.0,1.391523155487246e-06,1.6319816708238969e-06,Canada,CAN,,gcp,northamerica-northeast2,Linux-6.8.0-1032-gcp-x86_64-with-glibc2.35,3.12.11,3.0.4,2,Intel(R) Xeon(R) CPU @ 2.60GHz,,,,,15.61648178100586,machine,Y,1.0
2025-08-07T10:03:49,scipy-benchmark,95207104-c4a5-4e96-9c03-14b94611da10,scipy_LMC001_f7d9627c,1.0014636050909758,7.63254902383444e-08,7.621394312318596e-08,1.6732691000000002,0.0,10.0,2.3286477322663053e-07,0.0,1.3910818275892073e-06,1.623946600815838e-06,Canada,CAN,,gcp,northamerica-northeast2,Linux-6.8.0-1032-gcp-x86_64-with-glibc2.35,3.12.11,3.0.4,2,Intel(R) Xeon(R) CPU @ 2.60GHz,,,,,15.61648178100586,machine,Y,1.0
2025-08-07T10:03:51,scipy-benchmark,286c5e4e-6f3e-4899-babc-fb00e87b4608,scipy_LMC001_f7d9627c,1.0014762431383133,7.668155322976465e-08,7.656851947827402e-08,1.7272709000000002,0.0,10.0,2.4039333633661293e-07,0.0,1.3911290728073153e-06,1.631522409143928e-06,Canada,CAN,,gcp,northamerica-northeast2,Linux-6.8.0-1032-gcp-x86_64-with-glibc2.35,3.12.11,3.0.4,2,Intel(R) Xeon(R) CPU @ 2.60GHz,,,,,15.61648178100586,machine,Y,1.0
2025-08-07T10:03:53,scipy-benchmark,ff33748c-c2e7-40c0-8b97-8425ddc9356d,scipy_LMC001_f7d9627c,1.001420833170414,7.649668020683265e-08,7.638814539602756e-08,1.7000000000000002,0.0,10.0,2.365680848597549e-07,0.0,1.3910208557111522e-06,1.627588940570907e-06,Canada,CAN,,gcp,northamerica-northeast2,Linux-6.8.0-1032-gcp-x86_64-with-glibc2.35,3.12.11,3.0.4,2,Intel(R) Xeon(R) CPU @ 2.60GHz,,,,,15.61648178100586,machine,Y,1.0
2025-08-07T10:03:55,scipy-benchmark,d4b70f47-aa1b-4bdb-8505-971f99527e6c,scipy_LMC001_f7d9627c,1.001492683077231,7.650560666727446e-08,7.639157825117599e-08,1.7000000000000002,0.0,10.0,2.36599815356183e-07,0.0,1.3911790499049758e-06,1.6277788652611589e-06,Canada,CAN,,gcp,northamerica-northeast2,Linux-6.8.0-1032-gcp-x86_64-with-glibc2.35,3.12.11,3.0.4,2,Intel(R) Xeon(R) CPU @ 2.60GHz,,,,,15.61648178100586,machine,Y,1.0
2025-08-07T10:03:58,scipy-benchmark,d4b73dcb-d3d7-474e-8785-cfd5bee6a676,scipy_LMC001_f7d9627c,1.0014172110240906,7.649742555463068e-08,7.638916598647356e-08,1.7000000000000002,0.0,10.0,2.365727687461509e-07,0.0,1.391032030288544e-06,1.627604799034695e-06,Canada,CAN,,gcp,northamerica-northeast2,Linux-6.8.0-1032-gcp-x86_64-with-glibc2.35,3.12.11,3.0.4,2,Intel(R) Xeon(R) CPU @ 2.60GHz,,,,,15.61648178100586,machine,Y,1.0
2025-08-07T10:04:00,scipy-benchmark,b2f3b922-b675-45b8-a3ed-3c4d118abf5e,scipy_LMC001_f7d9627c,1.0014576050452888,7.667932373665415e-08,7.65677182442351e-08,1.7272709000000002,0.0,10.0,2.403840948865735e-07,0.0,1.3910908782337276e-06,1.631474973120301e-06,Canada,CAN,,gcp,northamerica-northeast2,Linux-6.8.0-1032-gcp-x86_64-with-glibc2.35,3.12.11,3.0.4,2,Intel(R) Xeon(R) CPU @ 2.60GHz,,,,,15.61648178100586,machine,Y,1.0
2025-08-07T10:04:02,scipy-benchmark,e7b90e6c-c40f-4134-82c7-69b5ae552869,scipy_LMC001_f7d9627c,1.0014358039479705,7.685719966311871e-08,7.674700600889624e-08,1.7550872000000004,0.0,10.0,2.4423763927478176e-07,0.0,1.3910219280256164e-06,1.635259567300398e-06,Canada,CAN,,gcp,northamerica-northeast2,Linux-6.8.0-1032-gcp-x86_64-with-glibc2.35,3.12.11,3.0.4,2,Intel(R) Xeon(R) CPU @ 2.60GHz,,,,,15.61648178100586,machine,Y,1.0
2025-08-07T10:04:04,scipy-benchmark,fc2d53a5-51b0-46b8-817d-eda245c10b78,scipy_LMC001_f7d9627c,1.0014076379593462,7.685815198923808e-08,7.675011561311686e-08,1.7550872000000004,0.0,10.0,2.442364487758349e-07,0.0,1.3910433807824225e-06,1.6352798295582572e-06,Canada,CAN,,gcp,northamerica-northeast2,Linux-6.8.0-1032-gcp-x86_64-with-glibc2.35,3.12.11,3.0.4,2,Intel(R) Xeon(R) CPU @ 2.60GHz,,,,,15.61648178100586,machine,Y,1.0
2025-08-07T10:04:06,scipy-benchmark,ba810a89-d52b-4074-bc92-43283fb86ff5,scipy_LMC001_f7d9627c,1.0014013431500643,7.649430473573091e-08,7.638725997221668e-08,1.7000000000000002,0.0,10.0,2.365627903232558e-07,0.0,1.3909756083093169e-06,1.6275383986325727e-06,Canada,CAN,,gcp,northamerica-northeast2,Linux-6.8.0-1032-gcp-x86_64-with-glibc2.35,3.12.11,3.0.4,2,Intel(R) Xeon(R) CPU @ 2.60GHz,,,,,15.61648178100586,machine,Y,1.0
2025-08-07T10:04:08,scipy-benchmark,ef602d71-d576-45d3-acb1-261fa26284a7,scipy_LMC001_f7d9627c,1.0014067811425775,7.632256284074124e-08,7.621534453127958e-08,1.6732691000000002,0.0,10.0,2.328493518057975e-07,0.0,1.3910349639546542e-06,1.6238843157604518e-06,Canada,CAN,,gcp,northamerica-northeast2,Linux-6.8.0-1032-gcp-x86_64-with-glibc2.35,3.12.11,3.0.4,2,Intel(R) Xeon(R) CPU @ 2.60GHz,,,,,15.61648178100586,machine,Y,1.0
2025-08-07T10:04:10,scipy-benchmark,56a043c4-6a1a-4703-aa17-5b72a521dbe3,scipy_LMC001_f7d9627c,1.0013911509886384,7.666876881264582e-08,7.656225915013674e-08,1.7272709000000002,0.0,10.0,2.40344330711981e-07,0.0,1.3909060695570792e-06,1.63125040026906e-06,Canada,CAN,,gcp,northamerica-northeast2,Linux-6.8.0-1032-gcp-x86_64-with-glibc2.35,3.12.11,3.0.4,2,Intel(R) Xeon(R) CPU @ 2.60GHz,,,,,15.61648178100586,machine,Y,1.0
2025-08-07T10:04:13,scipy-benchmark,8e5a6d88-ad47-48d7-b1e0-a47de89ae299,scipy_LMC001_f7d9627c,1.001343076815829,7.648494633099635e-08,7.638235895554487e-08,1.7000000000000002,0.0,10.0,2.3652925866190346e-07,0.0,1.3908100249763165e-06,1.62733928363822e-06,Canada,CAN,,gcp,northamerica-northeast2,Linux-6.8.0-1032-gcp-x86_64-with-glibc2.35,3.12.11,3.0.4,2,Intel(R) Xeon(R) CPU @ 2.60GHz,,,,,15.61648178100586,machine,Y,1.0
2025-08-07T10:04:15,scipy-benchmark,e014d2d1-96da-4c6d-9127-f6d84d2ca774,scipy_LMC001_f7d9627c,1.0013719911221417,7.685108956380172e-08,7.67457950143803e-08,1.7550872000000004,0.0,10.0,2.4421656762503936e-07,0.0,1.3909129975622314e-06,1.6351295651872707e-06,Canada,CAN,,gcp,northamerica-northeast2,Linux-6.8.0-1032-gcp-x86_64-with-glibc2.35,3.12.11,3.0.4,2,Intel(R) Xeon(R) CPU @ 2.60GHz,,,,,15.61648178100586,machine,Y,1.0
2025-08-07T10:04:17,scipy-benchmark,5d1db2aa-6acf-4687-b488-60a2d8768957,scipy_LMC001_f7d9627c,1.0013558201026171,7.649185468598605e-08,7.638828591234163e-08,1.7000000000000002,0.0,10.0,2.365542921276453e-07,0.0,1.3909319777869516e-06,1.6274862699145969e-06,Canada,CAN,,gcp,northamerica-northeast2,Linux-6.8.0-1032-gcp-x86_64-with-glibc2.35,3.12.11,3.0.4,2,Intel(R) Xeon(R) CPU @ 2.60GHz,,,,,15.61648178100586,machine,Y,1.0
2025-08-07T10:04:19,scipy-benchmark,201ec6a8-77d0-4ae7-a6f9-74a04c22189e,scipy_LMC001_f7d9627c,1.001971298828721,7.687144942145126e-08,7.672021095944767e-08,1.7550872000000004,0.0,10.0,2.4428370686198505e-07,0.0,1.3912790467859142e-06,1.6355627536478993e-06,Canada,CAN,,gcp,northamerica-northeast2,Linux-6.8.0-1032-gcp-x86_64-with-glibc2.35,3.12.11,3.0.4,2,Intel(R) Xeon(R) CPU @ 2.60GHz,,,,,15.61648178100586,machine,Y,1.0
2025-08-07T10:04:21,scipy-benchmark,0de223a5-44e9-4cf9-a475-bc2101a0c732,scipy_LMC001_f7d9627c,1.0015018139965832,7.668277580980196e-08,7.656778523824378e-08,1.7272709000000002,0.0,10.0,2.4040261074156093e-07,0.0,1.3911458107435868e-06,1.6315484214851476e-06,Canada,CAN,,gcp,northamerica-northeast2,Linux-6.8.0-1032-gcp-x86_64-with-glibc2.35,3.12.11,3.0.4,2,Intel(R) Xeon(R) CPU @ 2.60GHz,,,,,15.61648178100586,machine,Y,1.0
2025-08-07T10:04:23,scipy-benchmark,49c183a2-735e-4f95-906a-d8e5d5b5d5fb,scipy_LMC001_f7d9627c,1.0025729390326887,7.684540040023882e-08,7.664818928224961e-08,1.7272709000000002,0.0,10.0,2.408993719153688e-07,0.0,1.3941091472386487e-06,1.6350085191540174e-06,Canada,CAN,,gcp,northamerica-northeast2,Linux-6.8.0-1032-gcp-x86_64-with-glibc2.35,3.12.11,3.0.4,2,Intel(R) Xeon(R) CPU @ 2.60GHz,,,,,15.61648178100586,machine,Y,1.0
2025-08-07T10:04:25,scipy-benchmark,2d655ad9-2857-4b25-bd23-dc911682ab02,scipy_LMC001_f7d9627c,1.0015781950205564,7.650807504721971e-08,7.638752064250906e-08,1.7000000000000002,0.0,10.0,2.366043670853186e-07,0.0,1.3912270168980793e-06,1.627831383983398e-06,Canada,CAN,,gcp,northamerica-northeast2,Linux-6.8.0-1032-gcp-x86_64-with-glibc2.35,3.12.11,3.0.4,2,Intel(R) Xeon(R) CPU @ 2.60GHz,,,,,15.61648178100586,machine,Y,1.0
2025-08-07T10:04:28,scipy-benchmark,05075b84-5310-4777-9919-5cd3b452c224,scipy_LMC001_f7d9627c,1.0015005110763011,7.650994445073758e-08,7.639531243824649e-08,1.7000000000000002,0.0,10.0,2.366123414895911e-07,0.0,1.3912588170367398e-06,1.627871158526331e-06,Canada,CAN,,gcp,northamerica-northeast2,Linux-6.8.0-1032-gcp-x86_64-with-glibc2.35,3.12.11,3.0.4,2,Intel(R) Xeon(R) CPU @ 2.60GHz,,,,,15.61648178100586,machine,Y,1.0
2025-08-07T10:04:30,scipy-benchmark,e2183593-06d2-4de1-95db-00f335b5d45f,scipy_LMC001_f7d9627c,1.001363012008369,7.685057066619912e-08,7.6745964994318e-08,1.7550872000000004,0.0,10.0,2.442180632404212e-07,0.0,1.390900461572326e-06,1.635118524812747e-06,Canada,CAN,,gcp,northamerica-northeast2,Linux-6.8.0-1032-gcp-x86_64-with-glibc2.35,3.12.11,3.0.4,2,Intel(R) Xeon(R) CPU @ 2.60GHz,,,,,15.61648178100586,machine,Y,1.0
2025-08-07T10:04:32,scipy-benchmark,7efd3703-b36a-4f8b-ac6e-b0eb13258ede,scipy_LMC001_f7d9627c,1.0014061001129448,7.667421001253239e-08,7.65665497782414e-08,1.7272709000000002,0.0,10.0,2.403610838703534e-07,0.0,1.391005086609059e-06,1.6313661704794122e-06,Canada,CAN,,gcp,northamerica-northeast2,Linux-6.8.0-1032-gcp-x86_64-with-glibc2.35,3.12.11,3.0.4,2,Intel(R) Xeon(R) CPU @ 2.60GHz,,,,,15.61648178100586,machine,Y,1.0
2025-08-07T10:04:34,scipy-benchmark,811fb219-8588-4f63-b58d-0864b43d41f9,scipy_LMC001_f7d9627c,1.0014371699653566,7.64988388686454e-08,7.638905481338564e-08,1.7000000000000002,0.0,10.0,2.3657981101294165e-07,0.0,1.391055058532705e-06,1.6276348695456466e-06,Canada,CAN,,gcp,northamerica-northeast2,Linux-6.8.0-1032-gcp-x86_64-with-glibc2.35,3.12.11,3.0.4,2,Intel(R) Xeon(R) CPU @ 2.60GHz,,,,,15.61648178100586,machine,Y,1.0
2025-08-07T10:04:36,scipy-benchmark,f98d7aa9-01ae-40d9-8ce6-479b9998f369,scipy_LMC001_f7d9627c,1.0015047038905325,7.668447014249136e-08,7.656925608496515e-08,1.7272709000000002,0.0,10.0,2.403927739806487e-07,0.0,1.3911916971361889e-06,1.6315844711168377e-06,Canada,CAN,,gcp,northamerica-northeast2,Linux-6.8.0-1032-gcp-x86_64-with-glibc2.35,3.12.11,3.0.4,2,Intel(R) Xeon(R) CPU @ 2.60GHz,,,,,15.61648178100586,machine,Y,1.0
2025-08-07T10:04:38,scipy-benchmark,c956f743-6f7d-475f-b75c-e12b7240eb7f,scipy_LMC001_f7d9627c,1.0014181120786816,7.64970454265454e-08,7.6388717663352e-08,1.7000000000000002,0.0,10.0,2.3658170277485626e-07,0.0,1.3910150084282371e-06,1.6275967112030936e-06,Canada,CAN,,gcp,northamerica-northeast2,Linux-6.8.0-1032-gcp-x86_64-with-glibc2.35,3.12.11,3.0.4,2,Intel(R) Xeon(R) CPU @ 2.60GHz,,,,,15.61648178100586,machine,Y,1.0
2025-08-07T10:04:41,scipy-benchmark,282372ee-343a-4ce7-81eb-71cac6aa9a7d,scipy_LMC001_f7d9627c,1.0014243118930608,7.632128029772518e-08,7.621272960055249e-08,1.6732691000000002,0.0,10.0,2.328425307636009e-07,0.0,1.3910144968475731e-06,1.6238570276111742e-06,Canada,CAN,,gcp,northamerica-northeast2,Linux-6.8.0-1032-gcp-x86_64-with-glibc2.35,3.12.11,3.0.4,2,Intel(R) Xeon(R) CPU @ 2.60GHz,,,,,15.61648178100586,machine,Y,1.0
2025-08-07T10:04:43,scipy-benchmark,32e3b0d6-8e6e-4316-b33d-89948ce6f19a,scipy_LMC001_f7d9627c,1.0014583559241146,7.650001562756694e-08,7.638861384003842e-08,1.7000000000000002,0.0,10.0,2.365885211879181e-07,0.0,1.3910713857815912e-06,1.6276599069695092e-06,Canada,CAN,,gcp,northamerica-northeast2,Linux-6.8.0-1032-gcp-x86_64-with-glibc2.35,3.12.11,3.0.4,2,Intel(R) Xeon(R) CPU @ 2.60GHz,,,,,15.61648178100586,machine,Y,1.0
2025-08-07T10:04:45,scipy-benchmark,285aa757-00fe-4f16-80ff-d1134d04beb3,scipy_LMC001_f7d9627c,1.0014431038871408,7.64985614352174e-08,7.638832514626665e-08,1.7000000000000002,0.0,10.0,2.365774834179321e-07,0.0,1.3910514832888213e-06,1.6276289667067532e-06,Canada,CAN,,gcp,northamerica-northeast2,Linux-6.8.0-1032-gcp-x86_64-with-glibc2.35,3.12.11,3.0.4,2,Intel(R) Xeon(R) CPU @ 2.60GHz,,,,,15.61648178100586,machine,Y,1.0
2025-08-07T10:04:47,scipy-benchmark,c7690648-2fc2-42d2-9a48-3c860cb243fb,scipy_LMC001_f7d9627c,1.0014558210968971,7.649893220761118e-08,7.63877253455092e-08,1.7000000000000002,0.0,10.0,2.3657756137092498e-07,0.0,1.391059294110164e-06,1.6276368554810892e-06,Canada,CAN,,gcp,northamerica-northeast2,Linux-6.8.0-1032-gcp-x86_64-with-glibc2.35,3.12.11,3.0.4,2,Intel(R) Xeon(R) CPU @ 2.60GHz,,,,,15.61648178100586,machine,Y,1.0
2025-08-07T10:04:49,scipy-benchmark,20c38b4f-7428-4ba0-a78a-b33d91236ddb,scipy_LMC001_f7d9627c,1.0014372118748724,7.649989093679082e-08,7.639010217482246e-08,1.7000000000000002,0.0,10.0,2.365777068318696e-07,0.0,1.3910795471424031e-06,1.627657253974273e-06,Canada,CAN,,gcp,northamerica-northeast2,Linux-6.8.0-1032-gcp-x86_64-with-glibc2.35,3.12.11,3.0.4,2,Intel(R) Xeon(R) CPU @ 2.60GHz,,,,,15.61648178100586,machine,Y,1.0
2025-08-07T10:04:51,scipy-benchmark,51222233-c997-4896-8bfd-6fcaee6d5316,scipy_LMC001_f7d9627c,1.0021407159511,7.685839953750056e-08,7.66942189995311e-08,1.7550872000000004,0.0,10.0,2.4425438821467543e-07,0.0,1.3910307083278895e-06,1.635285096542565e-06,Canada,CAN,,gcp,northamerica-northeast2,Linux-6.8.0-1032-gcp-x86_64-with-glibc2.35,3.12.11,3.0.4,2,Intel(R) Xeon(R) CPU @ 2.60GHz,,,,,15.61648178100586,machine,Y,1.0
2025-08-07T10:04:53,scipy-benchmark,d554c576-303a-483c-97f3-52e8c8cb011e,scipy_LMC001_f7d9627c,1.001440592110157,7.175553118626121e-08,7.165230943461518e-08,0.9756008,0.0,10.0,1.3575741582452118e-07,0.0,1.3909560136703983e-06,1.5267134294949197e-06,Canada,CAN,,gcp,northamerica-northeast2,Linux-6.8.0-1032-gcp-x86_64-with-glibc2.35,3.12.11,3.0.4,2,Intel(R) Xeon(R) CPU @ 2.60GHz,,,,,15.61648178100586,machine,Y,1.0
2025-08-07T10:04:56,scipy-benchmark,103fd791-c5b4-48e1-b033-7eab682ad4ae,scipy_LMC001_f7d9627c,1.0014926330186429,7.061470039191044e-08,7.050945565028033e-08,0.8000576,0.0,10.0,1.1135817813154393e-07,0.0,1.391082255738891e-06,1.502440433870435e-06,Canada,CAN,,gcp,northamerica-northeast2,Linux-6.8.0-1032-gcp-x86_64-with-glibc2.35,3.12.11,3.0.4,2,Intel(R) Xeon(R) CPU @ 2.60GHz,,,,,15.61648178100586,machine,Y,1.0
2025-08-07T10:04:58,scipy-benchmark,ef8d0e27-f1d5-4fd7-8090-9346fb770b5b,scipy_LMC001_f7d9627c,1.001395283965394,7.685053569866308e-08,7.674345678396352e-08,1.7550872000000004,0.0,10.0,2.442107113872756e-07,0.0,1.3909070694353432e-06,1.6351177808226189e-06,Canada,CAN,,gcp,northamerica-northeast2,Linux-6.8.0-1032-gcp-x86_64-with-glibc2.35,3.12.11,3.0.4,2,Intel(R) Xeon(R) CPU @ 2.60GHz,,,,,15.61648178100586,machine,Y,1.0
2025-08-07T10:05:00,scipy-benchmark,1f98f084-436e-4419-9626-35d86b4a3444,scipy_LMC001_f7d9627c,1.0013729620259255,7.648417770978349e-08,7.637931181509504e-08,1.7000000000000002,0.0,10.0,2.3653075472167175e-07,0.0,1.3907921752737214e-06,1.6273229299953932e-06,Canada,CAN,,gcp,northamerica-northeast2,Linux-6.8.0-1032-gcp-x86_64-with-glibc2.35,3.12.11,3.0.4,2,Intel(R) Xeon(R) CPU @ 2.60GHz,,,,,15.61648178100586,machine,Y,1.0
2025-08-07T10:05:02,scipy-benchmark,4cfb7da5-48b5-4aab-bc70-7a758ccda52a,scipy_LMC001_f7d9627c,1.00178204709664,7.667632582263198e-08,7.653992806604489e-08,1.7272709000000002,0.0,10.0,2.4037075418104976e-07,0.0,1.3910404335345243e-06,1.6314111877155745e-06,Canada,CAN,,gcp,northamerica-northeast2,Linux-6.8.0-1032-gcp-x86_64-with-glibc2.35,3.12.11,3.0.4,2,Intel(R) Xeon(R) CPU @ 2.60GHz,,,,,15.61648178100586,machine,Y,1.0
2025-08-07T10:05:04,scipy-benchmark,3ddb3ada-cc49-4d56-abd5-6eabb4bd3342,scipy_LMC001_f7d9627c,1.003488783026114,1.020406392576429e-07,1.0168587928798748e-07,5.541221599999999,0.0,10.0,7.743026309591566e-07,0.0,1.3967748000545222e-06,2.171077431013679e-06,Canada,CAN,,gcp,northamerica-northeast2,Linux-6.8.0-1032-gcp-x86_64-with-glibc2.35,3.12.11,3.0.4,2,Intel(R) Xeon(R) CPU @ 2.60GHz,,,,,15.61648178100586,machine,Y,1.0
2025-08-07T10:05:06,scipy-benchmark,1bad4ae4-6c60-4268-96d5-c7eb329585a1,scipy_LMC001_f7d9627c,1.0024154861457646,1.1493144519635297e-07,1.146544988428485e-07,7.576582399999999,0.0,10.0,1.0543297334612533e-06,0.0,1.3910201643334908e-06,2.445349897794744e-06,Canada,CAN,,gcp,northamerica-northeast2,Linux-6.8.0-1032-gcp-x86_64-with-glibc2.35,3.12.11,3.0.4,2,Intel(R) Xeon(R) CPU @ 2.60GHz,,,,,15.61648178100586,machine,Y,1.0
2025-08-07T10:05:09,scipy-benchmark,6826a6ca-b0e7-448a-8630-298a0836b7e3,scipy_LMC001_f7d9627c,1.0045685209333897,1.1816417387570257e-07,1.17626793407692e-07,8.0,0.0,10.0,1.117647497707771e-06,0.0,1.39648386134973e-06,2.514131359057501e-06,Canada,CAN,,gcp,northamerica-northeast2,Linux-6.8.0-1032-gcp-x86_64-with-glibc2.35,3.12.11,3.0.4,2,Intel(R) Xeon(R) CPU @ 2.60GHz,,,,,15.61648178100586,machine,Y,1.0
2025-08-07T10:05:11,scipy-benchmark,70d6fbf9-a2ec-4a2d-9c05-7dc8bd814e35,scipy_LMC001_f7d9627c,1.0050086588598788,1.0751150063459189e-07,1.0697569586769245e-07,6.388291224800001,0.0,10.0,8.920166340803527e-07,0.0,1.3954621028258569e-06,2.2874787369062097e-06,Canada,CAN,,gcp,northamerica-northeast2,Linux-6.8.0-1032-gcp-x86_64-with-glibc2.35,3.12.11,3.0.4,2,Intel(R) Xeon(R) CPU @ 2.60GHz,,,,,15.61648178100586,machine,Y,1.0
2025-08-07T10:05:13,scipy-benchmark,8d2230ed-821c-4757-ac23-1ab3fbf50271,scipy_LMC001_f7d9627c,1.006689869100228,1.1842112745856869e-07,1.176341702578299e-07,8.0,0.0,10.0,1.1200714644251598e-06,0.0,1.399526992140131e-06,2.519598456565291e-06,Canada,CAN,,gcp,northamerica-northeast2,Linux-6.8.0-1032-gcp-x86_64-with-glibc2.35,3.12.11,3.0.4,2,Intel(R) Xeon(R) CPU @ 2.60GHz,,,,,15.61648178100586,machine,Y,1.0
2025-08-07T10:05:16,scipy-benchmark,6abe5110-921b-4f7a-90fb-ee9620ce6e26,scipy_LMC001_f7d9627c,1.0035802752245218,9.334709046935496e-08,9.301407448295184e-08,4.2167744,0.0,10.0,5.893168714078537e-07,0.0,1.3967914364507627e-06,1.986108307858616e-06,Canada,CAN,,gcp,northamerica-northeast2,Linux-6.8.0-1032-gcp-x86_64-with-glibc2.35,3.12.11,3.0.4,2,Intel(R) Xeon(R) CPU @ 2.60GHz,,,,,15.61648178100586,machine,Y,1.0
2025-08-07T10:05:18,scipy-benchmark,b3662188-dc0b-4b17-975d-fc65709ad2e2,scipy_LMC001_f7d9627c,1.0061880750581622,9.54377471448109e-08,9.485080325494237e-08,4.458821062399999,0.0,10.0,6.263745476504526e-07,0.0,1.4042158171327575e-06,2.0305903647832106e-06,Canada,CAN,,gcp,northamerica-northeast2,Linux-6.8.0-1032-gcp-x86_64-with-glibc2.35,3.12.11,3.0.4,2,Intel(R) Xeon(R) CPU @ 2.60GHz,,,,,15.61648178100586,machine,Y,1.0
2025-08-07T10:05:20,scipy-benchmark,beca5f8c-bfcb-45ad-b7b9-6ce0992af1bf,scipy_LMC001_f7d9627c,1.0014505919534713,8.91584867614427e-08,8.902934151501816e-08,3.6355964264,0.0,10.0,5.059363911965417e-07,0.0,1.3910526888341538e-06,1.896989080030696e-06,Canada,CAN,,gcp,northamerica-northeast2,Linux-6.8.0-1032-gcp-x86_64-with-glibc2.35,3.12.11,3.0.4,2,Intel(R) Xeon(R) CPU @ 2.60GHz,,,,,15.61648178100586,machine,Y,1.0
2025-08-07T10:05:22,scipy-benchmark,d76ef056-b9ca-4da0-8787-c6f3092b5688,scipy_LMC001_f7d9627c,1.0024509020149708,7.960876308021449e-08,7.941412683673316e-08,2.1759414272000006,0.0,10.0,3.027948059985992e-07,0.0,1.391008663793198e-06,1.693803469791797e-06,Canada,CAN,,gcp,northamerica-northeast2,Linux-6.8.0-1032-gcp-x86_64-with-glibc2.35,3.12.11,3.0.4,2,Intel(R) Xeon(R) CPU @ 2.60GHz,,,,,15.61648178100586,machine,Y,1.0
2025-08-07T10:05:25,scipy-benchmark,d021bd57-a6ea-4ef6-9d3e-4394976d6892,scipy_LMC001_f7d9627c,1.0035161331761628,1.072942353483e-07,1.0691829637926209e-07,6.4065536000000005,0.0,10.0,8.916599962413841e-07,0.0,1.3911960749990411e-06,2.282856071240425e-06,Canada,CAN,,gcp,northamerica-northeast2,Linux-6.8.0-1032-gcp-x86_64-with-glibc2.35,3.12.11,3.0.4,2,Intel(R) Xeon(R) CPU @ 2.60GHz,,,,,15.61648178100586,machine,Y,1.0
2025-08-07T10:05:27,scipy-benchmark,80d0f03d-9414-4dab-8c98-32d95a7ec467,scipy_LMC001_f7d9627c,1.0039557199925184,1.1828704825912913e-07,1.1782098144728001e-07,8.0,0.0,10.0,1.1189520245210991e-06,0.0,1.397793683119946e-06,2.516745707641045e-06,Canada,CAN,,gcp,northamerica-northeast2,Linux-6.8.0-1032-gcp-x86_64-with-glibc2.35,3.12.11,3.0.4,2,Intel(R) Xeon(R) CPU @ 2.60GHz,,,,,15.61648178100586,machine,Y,1.0
2025-08-07T10:05:29,scipy-benchmark,77ff1b5a-bf2d-41ce-9f95-69dc0b7e397b,scipy_LMC001_f7d9627c,1.0042863641865551,1.1837470048559933e-07,1.1786946901492549e-07,8.0,0.0,10.0,1.1196328425366017e-06,0.0,1.3989778060931711e-06,2.518610648629773e-06,Canada,CAN,,gcp,northamerica-northeast2,Linux-6.8.0-1032-gcp-x86_64-with-glibc2.35,3.12.11,3.0.4,2,Intel(R) Xeon(R) CPU @ 2.60GHz,,,,,15.61648178100586,machine,Y,1.0
2025-08-07T10:05:31,scipy-benchmark,4a5bc67f-231c-4be8-9447-657f37351d89,scipy_LMC001_f7d9627c,1.0013486777897924,8.353475321528146e-08,8.342224348831412e-08,2.7773000000000003,0.0,10.0,3.864469918035903e-07,0.0,1.390888182989632e-06,1.7773351747932222e-06,Canada,CAN,,gcp,northamerica-northeast2,Linux-6.8.0-1032-gcp-x86_64-with-glibc2.35,3.12.11,3.0.4,2,Intel(R) Xeon(R) CPU @ 2.60GHz,,,,,15.61648178100586,machine,Y,1.0
2025-08-07T10:05:34,scipy-benchmark,1c28c8bc-b1c8-4455-8d59-cb1e2d2c37ab,scipy_LMC001_f7d9627c,1.0072235590778291,1.1821329855735208e-07,1.1736550192053009e-07,8.0,0.0,10.0,1.1181253846734762e-06,0.0,1.3970511803765678e-06,2.515176565050044e-06,Canada,CAN,,gcp,northamerica-northeast2,Linux-6.8.0-1032-gcp-x86_64-with-glibc2.35,3.12.11,3.0.4,2,Intel(R) Xeon(R) CPU @ 2.60GHz,,,,,15.61648178100586,machine,Y,1.0
2025-08-07T10:05:36,scipy-benchmark,657839a3-6005-4276-a894-bd376d533711,scipy_LMC001_f7d9627c,1.0034157088957727,1.109721859325653e-07,1.1059442756251713e-07,6.973099999999999,0.0,10.0,9.702530946663978e-07,0.0,1.3908572443243529e-06,2.361110338990751e-06,Canada,CAN,,gcp,northamerica-northeast2,Linux-6.8.0-1032-gcp-x86_64-with-glibc2.35,3.12.11,3.0.4,2,Intel(R) Xeon(R) CPU @ 2.60GHz,,,,,15.61648178100586,machine,Y,1.0
2025-08-07T10:05:38,scipy-benchmark,37bf26a9-4335-4ca8-b8da-2210ef8754e9,scipy_LMC001_f7d9627c,1.0034161580260843,1.1768747811710152e-07,1.1728680784712077e-07,8.0,0.0,10.0,1.1131395156391794e-06,0.0,1.3908493804693637e-06,2.503988896108543e-06,Canada,CAN,,gcp,northamerica-northeast2,Linux-6.8.0-1032-gcp-x86_64-with-glibc2.35,3.12.11,3.0.4,2,Intel(R) Xeon(R) CPU @ 2.60GHz,,,,,15.61648178100586,machine,Y,1.0
2025-08-07T10:05:41,scipy-benchmark,e6025e7f-fb34-46c0-b993-440b130cb3e4,scipy_LMC001_f7d9627c,1.005147377960384,1.0027172047336249e-07,9.975822717344297e-08,5.221699999999999,0.0,10.0,7.320558862796493e-07,0.0,1.4013849748557226e-06,2.133440861135372e-06,Canada,CAN,,gcp,northamerica-northeast2,Linux-6.8.0-1032-gcp-x86_64-with-glibc2.35,3.12.11,3.0.4,2,Intel(R) Xeon(R) CPU @ 2.60GHz,,,,,15.61648178100586,machine,Y,1.0
2025-08-07T10:05:43,scipy-benchmark,08773c65-c54c-46a4-815c-c38a695922dd,scipy_LMC001_f7d9627c,1.003519757185131,1.062040643602984e-07,1.0583156295616973e-07,6.243617823199998,0.0,10.0,8.687716186828466e-07,0.0,1.3908893251532897e-06,2.259660943836136e-06,Canada,CAN,,gcp,northamerica-northeast2,Linux-6.8.0-1032-gcp-x86_64-with-glibc2.35,3.12.11,3.0.4,2,Intel(R) Xeon(R) CPU @ 2.60GHz,,,,,15.61648178100586,machine,Y,1.0
2025-08-07T10:05:45,scipy-benchmark,e6a0d7db-6b63-485a-ba07-ace5791d6a90,scipy_LMC001_f7d9627c,1.0034317199606448,1.18173188831295e-07,1.1776903847122733e-07,8.0,0.0,10.0,1.117732611277865e-06,0.0,1.3965905553454326e-06,2.514323166623298e-06,Canada,CAN,,gcp,northamerica-northeast2,Linux-6.8.0-1032-gcp-x86_64-with-glibc2.35,3.12.11,3.0.4,2,Intel(R) Xeon(R) CPU @ 2.60GHz,,,,,15.61648178100586,machine,Y,1.0
2025-08-07T10:05:47,scipy-benchmark,401f2d36-f074-4844-9876-95411f622443,scipy_LMC001_f7d9627c,1.0105317279230803,1.0744807963802637e-07,1.0632825934012148e-07,6.243617823199998,0.0,10.0,8.789560153180668e-07,0.0,1.4071733386824944e-06,2.286129354000561e-06,Canada,CAN,,gcp,northamerica-northeast2,Linux-6.8.0-1032-gcp-x86_64-with-glibc2.35,3.12.11,3.0.4,2,Intel(R) Xeon(R) CPU @ 2.60GHz,,,,,15.61648178100586,machine,Y,1.0
2025-08-07T10:05:50,scipy-benchmark,256a9afc-652f-4a42-9c22-c9dc8bd6b3e9,scipy_LMC001_f7d9627c,1.0032876448240131,1.1791409738568797e-07,1.1752770802472237e-07,8.0,0.0,10.0,1.115280910809007e-06,0.0,1.393529671865205e-06,2.508810582674212e-06,Canada,CAN,,gcp,northamerica-northeast2,Linux-6.8.0-1032-gcp-x86_64-with-glibc2.35,3.12.11,3.0.4,2,Intel(R) Xeon(R) CPU @ 2.60GHz,,,,,15.61648178100586,machine,Y,1.0
2025-08-07T10:05:52,scipy-benchmark,45db0e11-8fff-41e1-8d7f-2dd39cb314f5,scipy_LMC001_f7d9627c,1.004264168906957,1.0499707533797389e-07,1.0455125114366361e-07,6.031323432800001,0.0,10.0,8.406833596484716e-07,0.0,1.393296966691398e-06,2.233980326339869e-06,Canada,CAN,,gcp,northamerica-northeast2,Linux-6.8.0-1032-gcp-x86_64-with-glibc2.35,3.12.11,3.0.4,2,Intel(R) Xeon(R) CPU @ 2.60GHz,,,,,15.61648178100586,machine,Y,1.0
2025-08-07T10:05:54,scipy-benchmark,2684123e-12b9-4dd1-855a-03df1391da2f,scipy_LMC001_f7d9627c,1.0053001260384915,1.1861218849727366e-07,1.179868433565999e-07,8.0,0.0,10.0,1.1218863823968503e-06,0.0,1.4017772026515254e-06,2.523663585048376e-06,Canada,CAN,,gcp,northamerica-northeast2,Linux-6.8.0-1032-gcp-x86_64-with-glibc2.35,3.12.11,3.0.4,2,Intel(R) Xeon(R) CPU @ 2.60GHz,,,,,15.61648178100586,machine,Y,1.0
2025-08-07T10:05:57,scipy-benchmark,dc6051f7-0a65-47dc-a8b1-5e4a4b0b7091,scipy_LMC001_f7d9627c,1.0033908360637724,9.95305433040134e-08,9.91941920602587e-08,5.221699999999999,0.0,10.0,7.266414011017509e-07,0.0,1.3910297330261933e-06,2.117671134127944e-06,Canada,CAN,,gcp,northamerica-northeast2,Linux-6.8.0-1032-gcp-x86_64-with-glibc2.35,3.12.11,3.0.4,2,Intel(R) Xeon(R) CPU @ 2.60GHz,,,,,15.61648178100586,machine,Y,1.0
2025-08-07T10:05:59,scipy-benchmark,4d898f11-debd-4267-9130-fa89f0d590b7,scipy_LMC001_f7d9627c,1.004532095976174,1.17961861701527e-07,1.174296592155129e-07,8.0,0.0,10.0,1.115726966721316e-06,0.0,1.3940998779920242e-06,2.5098268447133403e-06,Canada,CAN,,gcp,northamerica-northeast2,Linux-6.8.0-1032-gcp-x86_64-with-glibc2.35,3.12.11,3.0.4,2,Intel(R) Xeon(R) CPU @ 2.60GHz,,,,,15.61648178100586,machine,Y,1.0
2025-08-07T10:06:01,scipy-benchmark,3e583de2-3d68-4a83-a9a3-8ffbfdd4cf94,scipy_LMC001_f7d9627c,1.002183702075854,1.0520810701477797e-07,1.0497886445055649e-07,6.066315447199998,0.0,10.0,8.454191784668649e-07,0.0,1.3930511835496872e-06,2.238470362016552e-06,Canada,CAN,,gcp,northamerica-northeast2,Linux-6.8.0-1032-gcp-x86_64-with-glibc2.35,3.12.11,3.0.4,2,Intel(R) Xeon(R) CPU @ 2.60GHz,,,,,15.61648178100586,machine,Y,1.0
2025-08-07T10:06:03,scipy-benchmark,28042122-1a1c-4345-b8bb-7055eef393bf,scipy_LMC001_f7d9627c,1.001831523142755,1.0057083211756684e-07,1.0038697105684513e-07,5.3796032,0.0,10.0,7.486808717231576e-07,0.0,1.391124066948477e-06,2.1398049386716346e-06,Canada,CAN,,gcp,northamerica-northeast2,Linux-6.8.0-1032-gcp-x86_64-with-glibc2.35,3.12.11,3.0.4,2,Intel(R) Xeon(R) CPU @ 2.60GHz,,,,,15.61648178100586,machine,Y,1.0
2025-08-07T10:06:06,scipy-benchmark,a2205880-d7c9-4fa7-99fa-29f1eb1f9a6a,scipy_LMC001_f7d9627c,1.005938408197835,1.1783271927231305e-07,1.1713711129035569e-07,8.0,0.0,10.0,1.1145137581560347e-06,0.0,1.3925653752974338e-06,2.5070791334534685e-06,Canada,CAN,,gcp,northamerica-northeast2,Linux-6.8.0-1032-gcp-x86_64-with-glibc2.35,3.12.11,3.0.4,2,Intel(R) Xeon(R) CPU @ 2.60GHz,,,,,15.61648178100586,machine,Y,1.0
2025-08-07T10:06:08,scipy-benchmark,4d6a74a4-4b63-43df-88c9-bb54539033d1,scipy_LMC001_f7d9627c,1.0042796630878,1.1837480347784653e-07,1.1787035805732285e-07,8.0,0.0,10.0,1.1196340398035115e-06,0.0,1.3989788001506694e-06,2.5186128399541813e-06,Canada,CAN,,gcp,northamerica-northeast2,Linux-6.8.0-1032-gcp-x86_64-with-glibc2.35,3.12.11,3.0.4,2,Intel(R) Xeon(R) CPU @ 2.60GHz,,,,,15.61648178100586,machine,Y,1.0
2025-08-07T10:06:10,scipy-benchmark,d10fb32c-6834-47a8-884c-58bfec559a9d,scipy_LMC001_f7d9627c,1.0134043069556355,1.1267660529225945e-07,1.1118623092371777e-07,6.953626512800001,0.0,10.0,9.877315750290509e-07,0.0,1.40964300565732e-06,2.397374580686371e-06,Canada,CAN,,gcp,northamerica-northeast2,Linux-6.8.0-1032-gcp-x86_64-with-glibc2.35,3.12.11,3.0.4,2,Intel(R) Xeon(R) CPU @ 2.60GHz,,,,,15.61648178100586,machine,Y,1.0
2025-08-07T10:06:13,scipy-benchmark,d85756c4-8bf8-4309-956c-1cf2ae41afc5,scipy_LMC001_f7d9627c,1.0084981240797788,1.1764165774380418e-07,1.1665034860738925e-07,7.786152800000002,0.0,10.0,1.0959826359930311e-06,0.0,1.4070313585559942e-06,2.5030139945490253e-06,Canada,CAN,,gcp,northamerica-northeast2,Linux-6.8.0-1032-gcp-x86_64-with-glibc2.35,3.12.11,3.0.4,2,Intel(R) Xeon(R) CPU @ 2.60GHz,,,,,15.61648178100586,machine,Y,1.0
2025-08-07T10:06:15,scipy-benchmark,356a7e09-1c1f-496e-95a6-75840bdba61c,scipy_LMC001_f7d9627c,1.0065182249527425,1.188889309938533e-07,1.1811900474970057e-07,8.0,0.0,10.0,1.1245635312257543e-06,0.0,1.404988192047717e-06,2.529551723273471e-06,Canada,CAN,,gcp,northamerica-northeast2,Linux-6.8.0-1032-gcp-x86_64-with-glibc2.35,3.12.11,3.0.4,2,Intel(R) Xeon(R) CPU @ 2.60GHz,,,,,15.61648178100586,machine,Y,1.0
2025-08-07T10:06:17,scipy-benchmark,22f33a00-661f-4de6-bc3d-d87a9fc60194,scipy_LMC001_f7d9627c,1.0014756829477849,9.064104585277088e-08,9.0507485499772e-08,3.8618648576,0.0,10.0,5.37440296418266e-07,0.0,1.3910925940662208e-06,1.9285328904844867e-06,Canada,CAN,,gcp,northamerica-northeast2,Linux-6.8.0-1032-gcp-x86_64-with-glibc2.35,3.12.11,3.0.4,2,Intel(R) Xeon(R) CPU @ 2.60GHz,,,,,15.61648178100586,machine,Y,1.0
2025-08-07T10:06:19,scipy-benchmark,bb2662be-b916-4529-a775-54c4b7cca051,scipy_LMC001_f7d9627c,1.0043028129730374,7.861896919314489e-08,7.828213580365186e-08,1.9979000000000005,0.0,10.0,2.792582783152854e-07,0.0,1.393485747070776e-06,1.6727440253860615e-06,Canada,CAN,,gcp,northamerica-northeast2,Linux-6.8.0-1032-gcp-x86_64-with-glibc2.35,3.12.11,3.0.4,2,Intel(R) Xeon(R) CPU @ 2.60GHz,,,,,15.61648178100586,machine,Y,1.0
2025-08-07T10:06:22,scipy-benchmark,a73c260f-860b-45a7-a360-b2a1b24416d0,scipy_LMC001_f7d9627c,1.006770237116143,1.188830270898891e-07,1.1808357329913249e-07,8.0,0.0,10.0,1.1252164023203983e-06,0.0,1.4042097059751136e-06,2.529426108295512e-06,Canada,CAN,,gcp,northamerica-northeast2,Linux-6.8.0-1032-gcp-x86_64-with-glibc2.35,3.12.11,3.0.4,2,Intel(R) Xeon(R) CPU @ 2.60GHz,,,,,15.61648178100586,machine,Y,1.0
2025-08-07T10:06:24,scipy-benchmark,96831bed-a9e7-46c9-807b-5c5750781bde,scipy_LMC001_f7d9627c,1.0042291681747884,1.0380241239660929e-07,1.0336526331462045e-07,5.875776800000001,0.0,10.0,8.176515714990186e-07,0.0,1.3909103943862848e-06,2.2085619658853035e-06,Canada,CAN,,gcp,northamerica-northeast2,Linux-6.8.0-1032-gcp-x86_64-with-glibc2.35,3.12.11,3.0.4,2,Intel(R) Xeon(R) CPU @ 2.60GHz,,,,,15.61648178100586,machine,Y,1.0
2025-08-07T10:06:26,scipy-benchmark,350d1a54-60c4-4d51-ba47-e92d2b7bf293,scipy_LMC001_f7d9627c,1.0014110731426626,9.544332015045453e-08,9.530883241677268e-08,4.598101606399999,0.0,10.0,6.398143089131672e-07,0.0,1.3908946304582058e-06,2.030708939371373e-06,Canada,CAN,,gcp,northamerica-northeast2,Linux-6.8.0-1032-gcp-x86_64-with-glibc2.35,3.12.11,3.0.4,2,Intel(R) Xeon(R) CPU @ 2.60GHz,,,,,15.61648178100586,machine,Y,1.0
2025-08-07T10:06:29,scipy-benchmark,3e5c84f5-38fc-41ba-b50c-6199c6f700f4,scipy_LMC001_f7d9627c,1.0027463978622109,9.369390475091733e-08,9.343728878075908e-08,4.296231123199999,0.0,10.0,5.992742322386193e-07,0.0,1.3942131028872812e-06,1.9934873351259004e-06,Canada,CAN,,gcp,northamerica-northeast2,Linux-6.8.0-1032-gcp-x86_64-with-glibc2.35,3.12.11,3.0.4,2,Intel(R) Xeon(R) CPU @ 2.60GHz,,,,,15.61648178100586,machine,Y,1.0
2025-08-07T10:06:31,scipy-benchmark,b072fa16-4940-4ab2-88c1-e3c470295cbb,scipy_LMC001_f7d9627c,1.003246754175052,9.637337059982326e-08,9.606148258019433e-08,4.7408727104,0.0,10.0,6.596517216227945e-07,0.0,1.3908455251819558e-06,2.0504972468047504e-06,Canada,CAN,,gcp,northamerica-northeast2,Linux-6.8.0-1032-gcp-x86_64-with-glibc2.35,3.12.11,3.0.4,2,Intel(R) Xeon(R) CPU @ 2.60GHz,,,,,15.61648178100586,machine,Y,1.0
2025-08-07T10:06:33,scipy-benchmark,5ecb5103-3e13-402a-bfa6-a0ad8c14a08d,scipy_LMC001_f7d9627c,1.004223712021485,1.183554530578355e-07,1.1785765625827341e-07,8.0,0.0,10.0,1.119525584185289e-06,0.0,1.398675544704828e-06,2.518201128890117e-06,Canada,CAN,,gcp,northamerica-northeast2,Linux-6.8.0-1032-gcp-x86_64-with-glibc2.35,3.12.11,3.0.4,2,Intel(R) Xeon(R) CPU @ 2.60GHz,,,,,15.61648178100586,machine,Y,1.0
2025-08-07T10:06:35,scipy-benchmark,f2495f80-91d5-494d-b701-9d0870215c30,scipy_LMC001_f7d9627c,1.005132013000548,1.1167892594158261e-07,1.1110871457391509e-07,6.953626512800001,0.0,10.0,9.748259516029576e-07,0.0,1.4013214088562463e-06,2.376147360459204e-06,Canada,CAN,,gcp,northamerica-northeast2,Linux-6.8.0-1032-gcp-x86_64-with-glibc2.35,3.12.11,3.0.4,2,Intel(R) Xeon(R) CPU @ 2.60GHz,,,,,15.61648178100586,machine,Y,1.0
2025-08-07T10:06:37,scipy-benchmark,5d7d13de-76a0-40bf-a524-3eee9577b335,scipy_LMC001_f7d9627c,1.0034540931228548,1.181805507859422e-07,1.1777374928847209e-07,8.0,0.0,10.0,1.1177911868111955e-06,0.0,1.3966886171450218e-06,2.514479803956217e-06,Canada,CAN,,gcp,northamerica-northeast2,Linux-6.8.0-1032-gcp-x86_64-with-glibc2.35,3.12.11,3.0.4,2,Intel(R) Xeon(R) CPU @ 2.60GHz,,,,,15.61648178100586,machine,Y,1.0
2025-08-07T10:06:40,scipy-benchmark,f7f245b2-bdd9-4634-b1e8-c48b70cbf7bb,scipy_LMC001_f7d9627c,1.0036896450910715,1.0207888041365072e-07,1.017036301140562e-07,5.541221599999999,0.0,10.0,7.745952169984001e-07,0.0,1.3972958556324658e-06,2.171891072630866e-06,Canada,CAN,,gcp,northamerica-northeast2,Linux-6.8.0-1032-gcp-x86_64-with-glibc2.35,3.12.11,3.0.4,2,Intel(R) Xeon(R) CPU @ 2.60GHz,,,,,15.61648178100586,machine,Y,1.0
2025-08-07T10:06:42,scipy-benchmark,1b435098-9d02-45cf-82fd-3637fe0a2f22,scipy_LMC001_f7d9627c,1.001383053138852,7.649970886800698e-08,7.639405183482719e-08,1.7000000000000002,0.0,10.0,2.3657696589361885e-07,0.0,1.3910764142767425e-06,1.627653380170361e-06,Canada,CAN,,gcp,northamerica-northeast2,Linux-6.8.0-1032-gcp-x86_64-with-glibc2.35,3.12.11,3.0.4,2,Intel(R) Xeon(R) CPU @ 2.60GHz,,,,,15.61648178100586,machine,Y,1.0
2025-08-07T10:06:44,scipy-benchmark,83e98c3a-8a22-4a8e-a9a8-a0ab7cab5fd6,scipy_LMC001_f7d9627c,1.0014172070659697,7.667268373720705e-08,7.656417644534856e-08,1.7272709000000002,0.0,10.0,2.403618212783232e-07,0.0,1.3909718752579972e-06,1.6313336965363203e-06,Canada,CAN,,gcp,northamerica-northeast2,Linux-6.8.0-1032-gcp-x86_64-with-glibc2.35,3.12.11,3.0.4,2,Intel(R) Xeon(R) CPU @ 2.60GHz,,,,,15.61648178100586,machine,Y,1.0
2025-08-07T10:06:46,scipy-benchmark,90c0c39a-cf13-4580-9534-37376d48968a,scipy_LMC001_f7d9627c,1.0021597570739686,7.80230309793234e-08,7.785488334427759e-08,1.9337408000000005,0.0,10.0,2.69115827525701e-07,0.0,1.3909486613960731e-06,1.6600644889217742e-06,Canada,CAN,,gcp,northamerica-northeast2,Linux-6.8.0-1032-gcp-x86_64-with-glibc2.35,3.12.11,3.0.4,2,Intel(R) Xeon(R) CPU @ 2.60GHz,,,,,15.61648178100586,machine,Y,1.0
2025-08-07T10:06:48,scipy-benchmark,ed59860c-37e6-42f4-81b2-608e79beba25,scipy_LMC001_f7d9627c,1.0014595319516957,7.649918130950798e-08,7.638769103372799e-08,1.7000000000000002,0.0,10.0,2.365779415704311e-07,0.0,1.391064213951015e-06,1.627642155521446e-06,Canada,CAN,,gcp,northamerica-northeast2,Linux-6.8.0-1032-gcp-x86_64-with-glibc2.35,3.12.11,3.0.4,2,Intel(R) Xeon(R) CPU @ 2.60GHz,,,,,15.61648178100586,machine,Y,1.0
2025-08-07T10:06:51,scipy-benchmark,1e3e4b55-5c34-4281-ac6b-6c5f82d3ea13,scipy_LMC001_f7d9627c,1.0068474328145385,1.1755178419626721e-07,1.1675233045751856e-07,7.786152800000002,0.0,10.0,1.095216086384074e-06,0.0,1.4058857050258666e-06,2.501101791409941e-06,Canada,CAN,,gcp,northamerica-northeast2,Linux-6.8.0-1032-gcp-x86_64-with-glibc2.35,3.12.11,3.0.4,2,Intel(R) Xeon(R) CPU @ 2.60GHz,,,,,15.61648178100586,machine,Y,1.0
2025-08-07T10:06:53,scipy-benchmark,4b565ec0-aa5e-40aa-8414-a9c441aac02f,scipy_LMC001_f7d9627c,1.005272560985759,1.185975490074553e-07,1.1797551590501981e-07,8.0,0.0,10.0,1.1218235734850168e-06,0.0,1.4015285330565853e-06,2.523352106541602e-06,Canada,CAN,,gcp,northamerica-northeast2,Linux-6.8.0-1032-gcp-x86_64-with-glibc2.35,3.12.11,3.0.4,2,Intel(R) Xeon(R) CPU @ 2.60GHz,,,,,15.61648178100586,machine,Y,1.0
2025-08-07T10:06:55,scipy-benchmark,814a0c4e-87aa-4bb7-a901-653d2171abaa,scipy_LMC001_f7d9627c,1.0022469030227512,7.679943852678019e-08,7.66272644945622e-08,1.7272709000000002,0.0,10.0,2.407578682300997e-07,0.0,1.3932727387226704e-06,1.63403060695277e-06,Canada,CAN,,gcp,northamerica-northeast2,Linux-6.8.0-1032-gcp-x86_64-with-glibc2.35,3.12.11,3.0.4,2,Intel(R) Xeon(R) CPU @ 2.60GHz,,,,,15.61648178100586,machine,Y,1.0
2025-08-07T10:06:57,scipy-benchmark,59ba19fa-6aba-4c6f-807f-ad72c01c7f5c,scipy_LMC001_f7d9627c,1.0015053919050845,7.650233848909072e-08,7.638734559737757e-08,1.7000000000000002,0.0,10.0,2.365883767165037e-07,0.0,1.391120952838618e-06,1.6277093295551216e-06,Canada,CAN,,gcp,northamerica-northeast2,Linux-6.8.0-1032-gcp-x86_64-with-glibc2.35,3.12.11,3.0.4,2,Intel(R) Xeon(R) CPU @ 2.60GHz,,,,,15.61648178100586,machine,Y,1.0
2025-08-07T10:06:59,scipy-benchmark,8d8c6818-089a-4a7a-afc0-c8a584ee3ab8,scipy_LMC001_f7d9627c,1.001491571078077,7.649951564340153e-08,7.63855811198211e-08,1.7000000000000002,0.0,10.0,2.3658073281532985e-07,0.0,1.3910685361932136e-06,1.6276492690085434e-06,Canada,CAN,,gcp,northamerica-northeast2,Linux-6.8.0-1032-gcp-x86_64-with-glibc2.35,3.12.11,3.0.4,2,Intel(R) Xeon(R) CPU @ 2.60GHz,,,,,15.61648178100586,machine,Y,1.0
2025-08-07T10:07:02,scipy-benchmark,f522faab-4121-4aa0-aaa3-ae5bee646db8,scipy_LMC001_f7d9627c,1.0014671490062028,7.632963863426038e-08,7.621781574164007e-08,1.6732691000000002,0.0,10.0,2.328845284928839e-07,0.0,1.391150336065847e-06,1.624034864558731e-06,Canada,CAN,,gcp,northamerica-northeast2,Linux-6.8.0-1032-gcp-x86_64-with-glibc2.35,3.12.11,3.0.4,2,Intel(R) Xeon(R) CPU @ 2.60GHz,,,,,15.61648178100586,machine,Y,1.0
2025-08-07T10:07:04,scipy-benchmark,ff9c3178-1ba3-4c14-8749-68068b2401e9,scipy_LMC001_f7d9627c,1.0017632169183344,7.66840545617262e-08,7.654908192539238e-08,1.7272709000000002,0.0,10.0,2.405265735902884e-07,0.0,1.3910490553826095e-06,1.631575628972898e-06,Canada,CAN,,gcp,northamerica-northeast2,Linux-6.8.0-1032-gcp-x86_64-with-glibc2.35,3.12.11,3.0.4,2,Intel(R) Xeon(R) CPU @ 2.60GHz,,,,,15.61648178100586,machine,Y,1.0
2025-08-07T10:07:06,scipy-benchmark,fb97ca49-1a23-4d3e-8667-a781cc5bbfb4,scipy_LMC001_f7d9627c,1.0015118909068406,7.650515868778007e-08,7.638966584660997e-08,1.7000000000000002,0.0,10.0,2.3660208709770815e-07,0.0,1.391167246684846e-06,1.6277693337825542e-06,Canada,CAN,,gcp,northamerica-northeast2,Linux-6.8.0-1032-gcp-x86_64-with-glibc2.35,3.12.11,3.0.4,2,Intel(R) Xeon(R) CPU @ 2.60GHz,,,,,15.61648178100586,machine,Y,1.0
2025-08-07T10:07:08,scipy-benchmark,2fbd2ae2-2a77-4995-b4c1-2157c4e9b791,scipy_LMC001_f7d9627c,1.001409512013197,7.649062234979485e-08,7.638295965056384e-08,1.7000000000000002,0.0,10.0,2.365524967899546e-07,0.0,1.3909075532056806e-06,1.6274600499956353e-06,Canada,CAN,,gcp,northamerica-northeast2,Linux-6.8.0-1032-gcp-x86_64-with-glibc2.35,3.12.11,3.0.4,2,Intel(R) Xeon(R) CPU @ 2.60GHz,,,,,15.61648178100586,machine,Y,1.0
2025-08-07T10:07:10,scipy-benchmark,9ea9c7d7-e9c8-4032-a0ac-7ed424a11a30,scipy_LMC001_f7d9627c,1.0013801590539515,7.703350511027632e-08,7.692733315492619e-08,1.7834543000000005,0.0,10.0,2.481614583965459e-07,0.0,1.3908492886306096e-06,1.6390107470271557e-06,Canada,CAN,,gcp,northamerica-northeast2,Linux-6.8.0-1032-gcp-x86_64-with-glibc2.35,3.12.11,3.0.4,2,Intel(R) Xeon(R) CPU @ 2.60GHz,,,,,15.61648178100586,machine,Y,1.0
2025-08-07T10:07:12,scipy-benchmark,cc484b14-8f5c-46a4-8853-4ffde483b295,scipy_LMC001_f7d9627c,1.0014437481295315,7.649720620078088e-08,7.638692272397747e-08,1.7000000000000002,0.0,10.0,2.365739819102197e-07,0.0,1.3910261500212882e-06,1.6276001319315078e-06,Canada,CAN,,gcp,northamerica-northeast2,Linux-6.8.0-1032-gcp-x86_64-with-glibc2.35,3.12.11,3.0.4,2,Intel(R) Xeon(R) CPU @ 2.60GHz,,,,,15.61648178100586,machine,Y,1.0
2025-08-07T10:07:14,scipy-benchmark,5e83870f-b938-44bc-b646-d228fbf35e4e,scipy_LMC001_f7d9627c,1.0016704539302737,7.743829887758998e-08,7.730915749161196e-08,1.8418625,0.0,10.0,2.5643236103394e-07,0.0,1.3911910193403148e-06,1.6476233803742547e-06,Canada,CAN,,gcp,northamerica-northeast2,Linux-6.8.0-1032-gcp-x86_64-with-glibc2.35,3.12.11,3.0.4,2,Intel(R) Xeon(R) CPU @ 2.60GHz,,,,,15.61648178100586,machine,Y,1.0
2025-08-07T10:07:17,scipy-benchmark,31f8a2e4-7421-464e-93e8-a6f9b497ba46,scipy_LMC001_f7d9627c,1.0051360479556024,8.461719098376161e-08,8.418481374324288e-08,2.9365349336,0.0,10.0,4.089962990455721e-07,0.0,1.3913694665663774e-06,1.8003657656119493e-06,Canada,CAN,,gcp,northamerica-northeast2,Linux-6.8.0-1032-gcp-x86_64-with-glibc2.35,3.12.11,3.0.4,2,Intel(R) Xeon(R) CPU @ 2.60GHz,,,,,15.61648178100586,machine,Y,1.0
2025-08-07T10:07:19,scipy-benchmark,8d226dc0-7838-4423-b6c6-e2d5fa3496cb,scipy_LMC001_f7d9627c,1.0014767809771,7.66823983746222e-08,7.656932225608497e-08,1.7272709000000002,0.0,10.0,2.404036082140291e-07,0.0,1.391136782735379e-06,1.6315403909494085e-06,Canada,CAN,,gcp,northamerica-northeast2,Linux-6.8.0-1032-gcp-x86_64-with-glibc2.35,3.12.11,3.0.4,2,Intel(R) Xeon(R) CPU @ 2.60GHz,,,,,15.61648178100586,machine,Y,1.0
2025-08-07T10:07:21,scipy-benchmark,09fe5baa-6844-48a1-926d-37268f74c64a,scipy_LMC001_f7d9627c,1.0019467808306215,7.668233531480004e-08,7.653334167232894e-08,1.7272709000000002,0.0,10.0,2.403869352645527e-07,0.0,1.391152113986512e-06,1.6315390492510649e-06,Canada,CAN,,gcp,northamerica-northeast2,Linux-6.8.0-1032-gcp-x86_64-with-glibc2.35,3.12.11,3.0.4,2,Intel(R) Xeon(R) CPU @ 2.60GHz,,,,,15.61648178100586,machine,Y,1.0
2025-08-07T10:07:23,scipy-benchmark,c68b769b-ad00-4ada-ad80-263e33b3648b,scipy_LMC001_f7d9627c,1.001753221033141,7.7091445537402e-08,7.695652374134127e-08,1.7834543000000005,0.0,10.0,2.483375522616072e-07,0.0,1.3919059698107756e-06,1.6402435220723829e-06,Canada,CAN,,gcp,northamerica-northeast2,Linux-6.8.0-1032-gcp-x86_64-with-glibc2.35,3.12.11,3.0.4,2,Intel(R) Xeon(R) CPU @ 2.60GHz,,,,,15.61648178100586,machine,Y,1.0
2025-08-07T10:07:25,scipy-benchmark,ff3f4c0a-0251-46ef-a789-0a1c422007fb,scipy_LMC001_f7d9627c,1.0014305498916656,7.649731278690485e-08,7.638803589043722e-08,1.7000000000000002,0.0,10.0,2.3656838325809485e-07,0.0,1.3910340164632847e-06,1.6276023997213796e-06,Canada,CAN,,gcp,northamerica-northeast2,Linux-6.8.0-1032-gcp-x86_64-with-glibc2.35,3.12.11,3.0.4,2,Intel(R) Xeon(R) CPU @ 2.60GHz,,,,,15.61648178100586,machine,Y,1.0
2025-08-07T10:07:28,scipy-benchmark,35876bf9-d356-46cb-9e40-a09165686aad,scipy_LMC001_f7d9627c,1.0021442600991577,7.711207087184217e-08,7.694707632632879e-08,1.7834543000000005,0.0,10.0,2.4840655062218135e-07,0.0,1.3922758083531838e-06,1.6406823589753652e-06,Canada,CAN,,gcp,northamerica-northeast2,Linux-6.8.0-1032-gcp-x86_64-with-glibc2.35,3.12.11,3.0.4,2,Intel(R) Xeon(R) CPU @ 2.60GHz,,,,,15.61648178100586,machine,Y,1.0
2025-08-07T10:07:30,scipy-benchmark,94552c6d-789d-4dca-b801-33911e229e99,scipy_LMC001_f7d9627c,1.0013854131102562,7.649380156197326e-08,7.63879726631798e-08,1.7000000000000002,0.0,10.0,2.365594956273627e-07,0.0,1.390968197180579e-06,1.6275276928079417e-06,Canada,CAN,,gcp,northamerica-northeast2,Linux-6.8.0-1032-gcp-x86_64-with-glibc2.35,3.12.11,3.0.4,2,Intel(R) Xeon(R) CPU @ 2.60GHz,,,,,15.61648178100586,machine,Y,1.0
2025-08-07T10:07:32,scipy-benchmark,b4589ae7-60e8-46f3-abb7-e6bf3244fe64,scipy_LMC001_f7d9627c,1.0014762810897082,7.667949858836163e-08,7.656646496402941e-08,1.7272709000000002,0.0,10.0,2.403808237488411e-07,0.0,1.391097869620555e-06,1.6314786933693962e-06,Canada,CAN,,gcp,northamerica-northeast2,Linux-6.8.0-1032-gcp-x86_64-with-glibc2.35,3.12.11,3.0.4,2,Intel(R) Xeon(R) CPU @ 2.60GHz,,,,,15.61648178100586,machine,Y,1.0
2025-08-07T10:07:34,scipy-benchmark,9039049e-7877-40d4-913d-df58dabc8dea,scipy_LMC001_f7d9627c,1.001387980999425,7.649686276926918e-08,7.639083374350297e-08,1.7000000000000002,0.0,10.0,2.3656700858070205e-07,0.0,1.3910258162973657e-06,1.6275928248780675e-06,Canada,CAN,,gcp,northamerica-northeast2,Linux-6.8.0-1032-gcp-x86_64-with-glibc2.35,3.12.11,3.0.4,2,Intel(R) Xeon(R) CPU @ 2.60GHz,,,,,15.61648178100586,machine,Y,1.0
2025-08-07T10:07:36,scipy-benchmark,ab30af0d-c055-4ef2-b196-af70d8da420b,scipy_LMC001_f7d9627c,1.0014803591184318,7.66816384831423e-08,7.656828991698097e-08,1.7272709000000002,0.0,10.0,2.4038404551006656e-07,0.0,1.391140177535514e-06,1.6315242230455806e-06,Canada,CAN,,gcp,northamerica-northeast2,Linux-6.8.0-1032-gcp-x86_64-with-glibc2.35,3.12.11,3.0.4,2,Intel(R) Xeon(R) CPU @ 2.60GHz,,,,,15.61648178100586,machine,Y,1.0
2025-08-07T10:07:38,scipy-benchmark,973b342d-ec91-43e9-8479-23445083e124,scipy_LMC001_f7d9627c,1.0014342030044645,7.667540024430657e-08,7.656558964559827e-08,1.7272709000000002,0.0,10.0,2.40375371778146e-07,0.0,1.3910161227815682e-06,1.6313914945597143e-06,Canada,CAN,,gcp,northamerica-northeast2,Linux-6.8.0-1032-gcp-x86_64-with-glibc2.35,3.12.11,3.0.4,2,Intel(R) Xeon(R) CPU @ 2.60GHz,,,,,15.61648178100586,machine,Y,1.0
2025-08-07T10:07:41,scipy-benchmark,843d7c7b-ce4e-4eb2-81ae-a0a0c1e1249a,scipy_LMC001_f7d9627c,1.0014337562024591,7.649551047395086e-08,7.638599158473527e-08,1.7000000000000002,0.0,10.0,2.365781913718416e-07,0.0,1.390985861265411e-06,1.6275640526372525e-06,Canada,CAN,,gcp,northamerica-northeast2,Linux-6.8.0-1032-gcp-x86_64-with-glibc2.35,3.12.11,3.0.4,2,Intel(R) Xeon(R) CPU @ 2.60GHz,,,,,15.61648178100586,machine,Y,1.0
2025-08-07T10:07:43,scipy-benchmark,57cb9b80-d102-4d52-a055-9077dc2303ad,scipy_LMC001_f7d9627c,1.0014035410713404,7.685633982983657e-08,7.67486199895126e-08,1.7550872000000004,0.0,10.0,2.4423270360780937e-07,0.0,1.391008569367437e-06,1.6352412729752462e-06,Canada,CAN,,gcp,northamerica-northeast2,Linux-6.8.0-1032-gcp-x86_64-with-glibc2.35,3.12.11,3.0.4,2,Intel(R) Xeon(R) CPU @ 2.60GHz,,,,,15.61648178100586,machine,Y,1.0
2025-08-07T10:07:45,scipy-benchmark,32bc3183-0f7e-41b1-ad1a-b01d1b74de26,scipy_LMC001_f7d9627c,1.0014425211120397,7.632503383904249e-08,7.621509195983436e-08,1.6732691000000002,0.0,10.0,2.328586346133105e-07,0.0,1.3910782555790824e-06,1.623936890192393e-06,Canada,CAN,,gcp,northamerica-northeast2,Linux-6.8.0-1032-gcp-x86_64-with-glibc2.35,3.12.11,3.0.4,2,Intel(R) Xeon(R) CPU @ 2.60GHz,,,,,15.61648178100586,machine,Y,1.0
2025-08-07T10:07:47,scipy-benchmark,04c5ae83-174a-4b08-a677-82cc2aee25bb,scipy_LMC001_f7d9627c,1.0023097111843526,7.739291315148374e-08,7.721456979603086e-08,1.8359203328,0.0,10.0,2.555194013889199e-07,0.0,1.3911383252383935e-06,1.6466577266273137e-06,Canada,CAN,,gcp,northamerica-northeast2,Linux-6.8.0-1032-gcp-x86_64-with-glibc2.35,3.12.11,3.0.4,2,Intel(R) Xeon(R) CPU @ 2.60GHz,,,,,15.61648178100586,machine,Y,1.0
2025-08-07T10:07:49,scipy-benchmark,cfcfa53b-1d70-4d1f-9af9-5f0822ecb701,scipy_LMC001_f7d9627c,1.0014681168831885,7.686550241601405e-08,7.67528203046924e-08,1.7550872000000004,0.0,10.0,2.442647606978243e-07,0.0,1.391171460919496e-06,1.6354362216173204e-06,Canada,CAN,,gcp,northamerica-northeast2,Linux-6.8.0-1032-gcp-x86_64-with-glibc2.35,3.12.11,3.0.4,2,Intel(R) Xeon(R) CPU @ 2.60GHz,,,,,15.61648178100586,machine,Y,1.0
2025-08-07T10:07:51,scipy-benchmark,92d51c3a-5c06-4898-930b-c1aa28899bbb,scipy_LMC001_f7d9627c,1.002181309973821,7.631453369258855e-08,7.614843036194918e-08,1.6732691000000002,0.0,10.0,2.328406297890297e-07,0.0,1.3908728530320028e-06,1.6237134828210324e-06,Canada,CAN,,gcp,northamerica-northeast2,Linux-6.8.0-1032-gcp-x86_64-with-glibc2.35,3.12.11,3.0.4,2,Intel(R) Xeon(R) CPU @ 2.60GHz,,,,,15.61648178100586,machine,Y,1.0
2025-08-07T10:07:53,scipy-benchmark,6fd776c2-02ed-4543-86c7-694bb5ecebc9,scipy_LMC001_f7d9627c,1.0020056248176843,7.676565662705535e-08,7.661200169512312e-08,1.7272709000000002,0.0,10.0,2.406458604167768e-07,0.0,1.3926659827120602e-06,1.633311843128837e-06,Canada,CAN,,gcp,northamerica-northeast2,Linux-6.8.0-1032-gcp-x86_64-with-glibc2.35,3.12.11,3.0.4,2,Intel(R) Xeon(R) CPU @ 2.60GHz,,,,,15.61648178100586,machine,Y,1.0
2025-08-07T10:07:56,scipy-benchmark,37c39452-b983-4781-b15a-8ca98015ce48,scipy_LMC001_f7d9627c,1.0013802000321448,7.684727817653637e-08,7.674135974934346e-08,1.7550872000000004,0.0,10.0,2.44206063356109e-07,0.0,1.3908424084850898e-06,1.6350484718411988e-06,Canada,CAN,,gcp,northamerica-northeast2,Linux-6.8.0-1032-gcp-x86_64-with-glibc2.35,3.12.11,3.0.4,2,Intel(R) Xeon(R) CPU @ 2.60GHz,,,,,15.61648178100586,machine,Y,1.0
2025-08-07T10:07:58,scipy-benchmark,6c9fd5ee-e2ee-4e35-b070-3f3915a7cac9,scipy_LMC001_f7d9627c,1.0015108990482986,7.650026896168453e-08,7.638485915068934e-08,1.7000000000000002,0.0,10.0,2.3659924956478385e-07,0.0,1.3910660474923338e-06,1.6276652970571177e-06,Canada,CAN,,gcp,northamerica-northeast2,Linux-6.8.0-1032-gcp-x86_64-with-glibc2.35,3.12.11,3.0.4,2,Intel(R) Xeon(R) CPU @ 2.60GHz,,,,,15.61648178100586,machine,Y,1.0
2025-08-07T10:08:00,scipy-benchmark,a46fd1ee-9aac-431c-a1e2-847e0ee1af69,scipy_LMC001_f7d9627c,1.0015283769462258,7.668858146346708e-08,7.65715512697696e-08,1.7272709000000002,0.0,10.0,2.404088908300079e-07,0.0,1.391263055201206e-06,1.631671946031214e-06,Canada,CAN,,gcp,northamerica-northeast2,Linux-6.8.0-1032-gcp-x86_64-with-glibc2.35,3.12.11,3.0.4,2,Intel(R) Xeon(R) CPU @ 2.60GHz,,,,,15.61648178100586,machine,Y,1.0
2025-08-07T10:08:02,scipy-benchmark,78904c54-89ff-4681-9007-93f788d17395,scipy_LMC001_f7d9627c,1.001641154056415,7.668385212787522e-08,7.655820831374925e-08,1.7272709000000002,0.0,10.0,2.404662745977879e-07,0.0,1.3911050472718977e-06,1.6315713218696854e-06,Canada,CAN,,gcp,northamerica-northeast2,Linux-6.8.0-1032-gcp-x86_64-with-glibc2.35,3.12.11,3.0.4,2,Intel(R) Xeon(R) CPU @ 2.60GHz,,,,,15.61648178100586,machine,Y,1.0
2025-08-07T10:08:04,scipy-benchmark,527260af-9478-47b8-987b-cb33d48ea38d,scipy_LMC001_f7d9627c,1.001652522943914,7.65086611607112e-08,7.638243743034549e-08,1.7000000000000002,0.0,10.0,2.366772319138464e-07,0.0,1.3911666225693706e-06,1.627843854483217e-06,Canada,CAN,,gcp,northamerica-northeast2,Linux-6.8.0-1032-gcp-x86_64-with-glibc2.35,3.12.11,3.0.4,2,Intel(R) Xeon(R) CPU @ 2.60GHz,,,,,15.61648178100586,machine,Y,1.0
2025-08-07T10:08:06,scipy-benchmark,9b5d8041-39f8-4765-9597-fa17a25023ca,scipy_LMC001_f7d9627c,1.001798062818125,7.68665524771058e-08,7.672858965296366e-08,1.7550872000000004,0.0,10.0,2.442661302029533e-07,0.0,1.3911924331397233e-06,1.6354585633426765e-06,Canada,CAN,,gcp,northamerica-northeast2,Linux-6.8.0-1032-gcp-x86_64-with-glibc2.35,3.12.11,3.0.4,2,Intel(R) Xeon(R) CPU @ 2.60GHz,,,,,15.61648178100586,machine,Y,1.0
2025-08-07T10:08:09,scipy-benchmark,69184050-8cf7-4997-9fff-4a4858fa3071,scipy_LMC001_f7d9627c,1.002195609966293,7.685202641945399e-08,7.66836590134722e-08,1.7550872000000004,0.0,10.0,2.442249568513614e-07,0.0,1.390924541434894e-06,1.6351494982862552e-06,Canada,CAN,,gcp,northamerica-northeast2,Linux-6.8.0-1032-gcp-x86_64-with-glibc2.35,3.12.11,3.0.4,2,Intel(R) Xeon(R) CPU @ 2.60GHz,,,,,15.61648178100586,machine,Y,1.0
2025-08-07T10:08:11,scipy-benchmark,fa4723ce-575a-45a5-8597-989f134c529e,scipy_LMC001_f7d9627c,1.001426300033927,7.649806037954598e-08,7.6389106594219e-08,1.7000000000000002,0.0,10.0,2.365731116733514e-07,0.0,1.3910451942744354e-06,1.6276183059477868e-06,Canada,CAN,,gcp,northamerica-northeast2,Linux-6.8.0-1032-gcp-x86_64-with-glibc2.35,3.12.11,3.0.4,2,Intel(R) Xeon(R) CPU @ 2.60GHz,,,,,15.61648178100586,machine,Y,1.0
2025-08-07T10:08:13,scipy-benchmark,54e930ee-6be6-425a-864b-16947260b698,scipy_LMC001_f7d9627c,1.0024221420753747,7.68295196245298e-08,7.66438772645874e-08,1.7272709000000002,0.0,10.0,2.408489131468387e-07,0.0,1.393821717162306e-06,1.6346706303091448e-06,Canada,CAN,,gcp,northamerica-northeast2,Linux-6.8.0-1032-gcp-x86_64-with-glibc2.35,3.12.11,3.0.4,2,Intel(R) Xeon(R) CPU @ 2.60GHz,,,,,15.61648178100586,machine,Y,1.0
2025-08-07T10:08:15,scipy-benchmark,d7ad85b3-06bf-40ab-86b8-ebfb49110be9,scipy_LMC001_f7d9627c,1.0014715800061822,7.667850112414845e-08,7.656582838194478e-08,1.7272709000000002,0.0,10.0,2.403866786631125e-07,0.0,1.3910707920634498e-06,1.6314574707265625e-06,Canada,CAN,,gcp,northamerica-northeast2,Linux-6.8.0-1032-gcp-x86_64-with-glibc2.35,3.12.11,3.0.4,2,Intel(R) Xeon(R) CPU @ 2.60GHz,,,,,15.61648178100586,machine,Y,1.0
2025-08-07T10:08:17,scipy-benchmark,4d848de2-78ac-4512-a0e2-86a5ab99b262,scipy_LMC001_f7d9627c,1.0014441199600697,7.650018070120133e-08,7.63898645730244e-08,1.7000000000000002,0.0,10.0,2.36581716408384e-07,0.0,1.391081702766112e-06,1.627663419174496e-06,Canada,CAN,,gcp,northamerica-northeast2,Linux-6.8.0-1032-gcp-x86_64-with-glibc2.35,3.12.11,3.0.4,2,Intel(R) Xeon(R) CPU @ 2.60GHz,,,,,15.61648178100586,machine,Y,1.0
2025-08-07T10:08:19,scipy-benchmark,846975d3-9f30-4be0-9bfd-4ef2de4bd5f3,scipy_LMC001_f7d9627c,1.0014688761439174,7.650104022868135e-08,7.638883449203436e-08,1.7000000000000002,0.0,10.0,2.365825820274444e-07,0.0,1.3910991249657754e-06,1.6276817069932198e-06,Canada,CAN,,gcp,northamerica-northeast2,Linux-6.8.0-1032-gcp-x86_64-with-glibc2.35,3.12.11,3.0.4,2,Intel(R) Xeon(R) CPU @ 2.60GHz,,,,,15.61648178100586,machine,Y,1.0
2025-08-07T10:08:21,scipy-benchmark,f84e9891-05c4-4d17-a108-2346e2fb948b,scipy_LMC001_f7d9627c,1.0014626109041274,7.650056091895872e-08,7.638883377772184e-08,1.7000000000000002,0.0,10.0,2.3659030091302058e-07,0.0,1.3910812080009943e-06,1.627671508914015e-06,Canada,CAN,,gcp,northamerica-northeast2,Linux-6.8.0-1032-gcp-x86_64-with-glibc2.35,3.12.11,3.0.4,2,Intel(R) Xeon(R) CPU @ 2.60GHz,,,,,15.61648178100586,machine,Y,1.0
2025-08-07T10:08:24,scipy-benchmark,5472358c-42cc-46d1-8ef7-fe1011568c78,scipy_LMC001_f7d9627c,1.0015552649274468,7.686366542981937e-08,7.674430769967288e-08,1.7550872000000004,0.0,10.0,2.442712867615115e-07,0.0,1.391125850043156e-06,1.6353971368046676e-06,Canada,CAN,,gcp,northamerica-northeast2,Linux-6.8.0-1032-gcp-x86_64-with-glibc2.35,3.12.11,3.0.4,2,Intel(R) Xeon(R) CPU @ 2.60GHz,,,,,15.61648178100586,machine,Y,1.0
2025-08-07T10:08:26,scipy-benchmark,020ab3ed-78f8-43a1-ad0c-06265f63c2ff,scipy_LMC001_f7d9627c,1.0015440210700035,7.633059752473858e-08,7.62129231655644e-08,1.6732691000000002,0.0,10.0,2.328806028494493e-07,0.0,1.39117466363435e-06,1.6240552664837994e-06,Canada,CAN,,gcp,northamerica-northeast2,Linux-6.8.0-1032-gcp-x86_64-with-glibc2.35,3.12.11,3.0.4,2,Intel(R) Xeon(R) CPU @ 2.60GHz,,,,,15.61648178100586,machine,Y,1.0
2025-08-07T10:08:28,scipy-benchmark,2aaaa280-2826-4c76-bd5d-9e0d32fc708f,scipy_LMC001_f7d9627c,1.0014575431123376,7.650213731375859e-08,7.639079443748024e-08,1.7000000000000002,0.0,10.0,2.365882769938455e-07,0.0,1.3911167722350607e-06,1.627705049228906e-06,Canada,CAN,,gcp,northamerica-northeast2,Linux-6.8.0-1032-gcp-x86_64-with-glibc2.35,3.12.11,3.0.4,2,Intel(R) Xeon(R) CPU @ 2.60GHz,,,,,15.61648178100586,machine,Y,1.0
2025-08-07T10:08:30,scipy-benchmark,859ae47c-183a-4674-95bf-cf8aaaac8ffd,scipy_LMC001_f7d9627c,1.0015270789153874,7.650464538137508e-08,7.638799488499748e-08,1.7000000000000002,0.0,10.0,2.365992429679157e-07,0.0,1.3911591694017667e-06,1.6277584123696825e-06,Canada,CAN,,gcp,northamerica-northeast2,Linux-6.8.0-1032-gcp-x86_64-with-glibc2.35,3.12.11,3.0.4,2,Intel(R) Xeon(R) CPU @ 2.60GHz,,,,,15.61648178100586,machine,Y,1.0
2025-08-07T10:08:32,scipy-benchmark,bcb6d7e3-b9e7-4d47-8abe-4718693fde55,scipy_LMC001_f7d9627c,1.0014523938298223,7.64981536033059e-08,7.638720929185306e-08,1.7000000000000002,0.0,10.0,2.365775702766971e-07,0.0,1.391042719155343e-06,1.62762028943204e-06,Canada,CAN,,gcp,northamerica-northeast2,Linux-6.8.0-1032-gcp-x86_64-with-glibc2.35,3.12.11,3.0.4,2,Intel(R) Xeon(R) CPU @ 2.60GHz,,,,,15.61648178100586,machine,Y,1.0
2025-08-07T10:08:34,scipy-benchmark,a9772207-f480-4de1-8b85-f1464599db60,scipy_LMC001_f7d9627c,1.001393048092723,7.648712357865103e-08,7.638072156016088e-08,1.7000000000000002,0.0,10.0,2.3654988827830602e-07,0.0,1.390835719778099e-06,1.627385608056405e-06,Canada,CAN,,gcp,northamerica-northeast2,Linux-6.8.0-1032-gcp-x86_64-with-glibc2.35,3.12.11,3.0.4,2,Intel(R) Xeon(R) CPU @ 2.60GHz,,,,,15.61648178100586,machine,Y,1.0
2025-08-07T10:08:36,scipy-benchmark,b0159a89-57a7-4c58-9e04-6de3462358dd,scipy_LMC001_f7d9627c,1.0013615179341286,7.666362578522337e-08,7.655938880434035e-08,1.7272709000000002,0.0,10.0,2.4032676339980097e-07,0.0,1.390814210753888e-06,1.6311409741536887e-06,Canada,CAN,,gcp,northamerica-northeast2,Linux-6.8.0-1032-gcp-x86_64-with-glibc2.35,3.12.11,3.0.4,2,Intel(R) Xeon(R) CPU @ 2.60GHz,,,,,15.61648178100586,machine,Y,1.0
2025-08-07T10:08:39,scipy-benchmark,32f14dc6-20f6-408c-a748-e072734858f2,scipy_LMC001_f7d9627c,1.0014852688182143,7.649377112542669e-08,7.638032580917727e-08,1.7000000000000002,0.0,10.0,2.3657799577469842e-07,0.0,1.3909490494471458e-06,1.627527045221844e-06,Canada,CAN,,gcp,northamerica-northeast2,Linux-6.8.0-1032-gcp-x86_64-with-glibc2.35,3.12.11,3.0.4,2,Intel(R) Xeon(R) CPU @ 2.60GHz,,,,,15.61648178100586,machine,Y,1.0
2025-08-07T10:08:41,scipy-benchmark,2abfc3fb-eb24-4b0b-bc1d-34ba31587769,scipy_LMC001_f7d9627c,1.001397061161697,7.648957672375646e-08,7.638286518938123e-08,1.7000000000000002,0.0,10.0,2.36559507831569e-07,0.0,1.3908782948015466e-06,1.6274378026331156e-06,Canada,CAN,,gcp,northamerica-northeast2,Linux-6.8.0-1032-gcp-x86_64-with-glibc2.35,3.12.11,3.0.4,2,Intel(R) Xeon(R) CPU @ 2.60GHz,,,,,15.61648178100586,machine,Y,1.0
2025-08-07T10:08:43,scipy-benchmark,5010b3a0-e66a-453c-95ba-ada205496c0d,scipy_LMC001_f7d9627c,1.001536745112389,7.650965002611179e-08,7.63922546022274e-08,1.7000000000000002,0.0,10.0,2.3661515494394641e-07,0.0,1.3912497392286445e-06,1.6278648941725908e-06,Canada,CAN,,gcp,northamerica-northeast2,Linux-6.8.0-1032-gcp-x86_64-with-glibc2.35,3.12.11,3.0.4,2,Intel(R) Xeon(R) CPU @ 2.60GHz,,,,,15.61648178100586,machine,Y,1.0
2025-08-07T10:08:45,scipy-benchmark,651a9f6b-5197-4133-be52-c8faac59bfad,scipy_LMC001_f7d9627c,1.0015428781043738,7.651150971494563e-08,7.639364363486807e-08,1.7000000000000002,0.0,10.0,2.3661875045703106e-07,0.0,1.3912857115630887e-06,1.6279044620201198e-06,Canada,CAN,,gcp,northamerica-northeast2,Linux-6.8.0-1032-gcp-x86_64-with-glibc2.35,3.12.11,3.0.4,2,Intel(R) Xeon(R) CPU @ 2.60GHz,,,,,15.61648178100586,machine,Y,1.0
2025-08-07T10:08:47,scipy-benchmark,e6e2cdd6-1235-4b8a-a69f-dd00ce255339,scipy_LMC001_f7d9627c,1.0014849889557809,7.650549694840125e-08,7.639205558954139e-08,1.7000000000000002,0.0,10.0,2.3661070051861725e-07,0.0,1.3911658302984303e-06,1.6277765308170477e-06,Canada,CAN,,gcp,northamerica-northeast2,Linux-6.8.0-1032-gcp-x86_64-with-glibc2.35,3.12.11,3.0.4,2,Intel(R) Xeon(R) CPU @ 2.60GHz,,,,,15.61648178100586,machine,Y,1.0
2025-08-07T10:08:49,scipy-benchmark,88002203-5ccc-4690-adb5-8cc5e07332f7,scipy_LMC001_f7d9627c,1.001538943964988,7.687418526182364e-08,7.675606198345795e-08,1.7550872000000004,0.0,10.0,2.4429454360339974e-07,0.0,1.3913264194141245e-06,1.6356209630175242e-06,Canada,CAN,,gcp,northamerica-northeast2,Linux-6.8.0-1032-gcp-x86_64-with-glibc2.35,3.12.11,3.0.4,2,Intel(R) Xeon(R) CPU @ 2.60GHz,,,,,15.61648178100586,machine,Y,1.0
2025-08-07T10:08:52,scipy-benchmark,8999855f-ef0c-4a29-895f-845a4dd0ae73,scipy_LMC001_f7d9627c,1.0014941771514714,7.650159541106161e-08,7.638745901514224e-08,1.7000000000000002,0.0,10.0,2.3658489686850882e-07,0.0,1.391108622515781e-06,1.6276935193842895e-06,Canada,CAN,,gcp,northamerica-northeast2,Linux-6.8.0-1032-gcp-x86_64-with-glibc2.35,3.12.11,3.0.4,2,Intel(R) Xeon(R) CPU @ 2.60GHz,,,,,15.61648178100586,machine,Y,1.0
2025-08-07T10:08:54,scipy-benchmark,6933be9e-ddd3-4a91-b3a9-225f55462cdc,scipy_LMC001_f7d9627c,1.0014883039984852,7.650338027837765e-08,7.638968919850047e-08,1.7000000000000002,0.0,10.0,2.3659153958497985e-07,0.0,1.3911399556996508e-06,1.6277314952846307e-06,Canada,CAN,,gcp,northamerica-northeast2,Linux-6.8.0-1032-gcp-x86_64-with-glibc2.35,3.12.11,3.0.4,2,Intel(R) Xeon(R) CPU @ 2.60GHz,,,,,15.61648178100586,machine,Y,1.0
2025-08-07T10:08:56,scipy-benchmark,acbc580f-cdb3-44a4-b13a-3ed09051c438,scipy_LMC001_f7d9627c,1.0014456419739872,7.685952083116808e-08,7.674856987711023e-08,1.7550872000000004,0.0,10.0,2.442468062755874e-07,0.0,1.3910621475790524e-06,1.6353089538546395e-06,Canada,CAN,,gcp,northamerica-northeast2,Linux-6.8.0-1032-gcp-x86_64-with-glibc2.35,3.12.11,3.0.4,2,Intel(R) Xeon(R) CPU @ 2.60GHz,,,,,15.61648178100586,machine,Y,1.0
2025-08-07T10:08:58,scipy-benchmark,7812f006-65a6-46ad-8361-40184a808d4b,scipy_LMC001_f7d9627c,1.0014656439889222,7.667941128640868e-08,7.65671910431077e-08,1.7272709000000002,0.0,10.0,2.4038043309353575e-07,0.0,1.3910964027875e-06,1.6314768358810355e-06,Canada,CAN,,gcp,northamerica-northeast2,Linux-6.8.0-1032-gcp-x86_64-with-glibc2.35,3.12.11,3.0.4,2,Intel(R) Xeon(R) CPU @ 2.60GHz,,,,,15.61648178100586,machine,Y,1.0
2025-08-07T10:09:00,scipy-benchmark,115133e2-7209-4835-b488-ae4769f23c68,scipy_LMC001_f7d9627c,1.0015737218782306,7.650686453479448e-08,7.638665318746854e-08,1.7000000000000002,0.0,10.0,2.3662043111916217e-07,0.0,1.39118519728072e-06,1.627805628399882e-06,Canada,CAN,,gcp,northamerica-northeast2,Linux-6.8.0-1032-gcp-x86_64-with-glibc2.35,3.12.11,3.0.4,2,Intel(R) Xeon(R) CPU @ 2.60GHz,,,,,15.61648178100586,machine,Y,1.0
2025-08-07T10:09:02,scipy-benchmark,0cd897b2-9b27-4c77-b4ea-ed91b407b28e,scipy_LMC001_f7d9627c,1.001568631036207,7.668843965453114e-08,7.656833219226376e-08,1.7272709000000002,0.0,10.0,2.4041134837249056e-07,0.0,1.391257580447321e-06,1.6316689288198116e-06,Canada,CAN,,gcp,northamerica-northeast2,Linux-6.8.0-1032-gcp-x86_64-with-glibc2.35,3.12.11,3.0.4,2,Intel(R) Xeon(R) CPU @ 2.60GHz,,,,,15.61648178100586,machine,Y,1.0
2025-08-07T10:09:05,scipy-benchmark,36d97d91-ceb8-49c4-8d3f-c618ee8057dd,scipy_LMC001_f7d9627c,1.0014524669386446,7.632550919027983e-08,7.621480969895702e-08,1.6732691000000002,0.0,10.0,2.328613541562329e-07,0.0,1.391085649892274e-06,1.6239470040485071e-06,Canada,CAN,,gcp,northamerica-northeast2,Linux-6.8.0-1032-gcp-x86_64-with-glibc2.35,3.12.11,3.0.4,2,Intel(R) Xeon(R) CPU @ 2.60GHz,,,,,15.61648178100586,machine,Y,1.0
2025-08-07T10:09:07,scipy-benchmark,d87e7b39-0a0a-4cd9-b9c6-2592af89534e,scipy_LMC001_f7d9627c,1.0014465390704572,7.650011670842973e-08,7.638961614410007e-08,1.7000000000000002,0.0,10.0,2.365800547672229e-07,0.0,1.3910820028589416e-06,1.6276620576261644e-06,Canada,CAN,,gcp,northamerica-northeast2,Linux-6.8.0-1032-gcp-x86_64-with-glibc2.35,3.12.11,3.0.4,2,Intel(R) Xeon(R) CPU @ 2.60GHz,,,,,15.61648178100586,machine,Y,1.0
2025-08-07T10:09:09,scipy-benchmark,0ba111e6-7694-43de-bf0e-def06ac81ccd,scipy_LMC001_f7d9627c,1.0015009760390967,7.650127391487413e-08,7.6386619429403e-08,1.7000000000000002,0.0,10.0,2.366061346062149e-07,0.0,1.3910805444336602e-06,1.627686679039875e-06,Canada,CAN,,gcp,northamerica-northeast2,Linux-6.8.0-1032-gcp-x86_64-with-glibc2.35,3.12.11,3.0.4,2,Intel(R) Xeon(R) CPU @ 2.60GHz,,,,,15.61648178100586,machine,Y,1.0
2025-08-07T10:09:11,scipy-benchmark,dc3e3db6-bac0-4eca-85d4-91ac2df028c3,scipy_LMC001_f7d9627c,1.0014571270439774,7.667864376687218e-08,7.65670758100311e-08,1.7272709000000002,0.0,10.0,2.403883334463661e-07,0.0,1.3910721722317651e-06,1.6314605056781314e-06,Canada,CAN,,gcp,northamerica-northeast2,Linux-6.8.0-1032-gcp-x86_64-with-glibc2.35,3.12.11,3.0.4,2,Intel(R) Xeon(R) CPU @ 2.60GHz,,,,,15.61648178100586,machine,Y,1.0
2025-08-07T10:09:13,scipy-benchmark,59cb83ac-e981-4183-9f17-a959e3d938ce,scipy_LMC001_f7d9627c,1.0014689951203763,7.668175348285223e-08,7.656927359357251e-08,1.7272709000000002,0.0,10.0,2.403903443660547e-07,0.0,1.3911363254818652e-06,1.6315266698479198e-06,Canada,CAN,,gcp,northamerica-northeast2,Linux-6.8.0-1032-gcp-x86_64-with-glibc2.35,3.12.11,3.0.4,2,Intel(R) Xeon(R) CPU @ 2.60GHz,,,,,15.61648178100586,machine,Y,1.0
2025-08-07T10:09:15,scipy-benchmark,d4d2c0c7-ea53-4b2d-a308-bbdbd4a2775d,scipy_LMC001_f7d9627c,1.001492389012128,1.1360311698363065e-07,1.1343382958275772e-07,7.371245600000002,0.0,10.0,1.0259043066802026e-06,0.0,1.3911832887161935e-06,2.4170875953963963e-06,Canada,CAN,,gcp,northamerica-northeast2,Linux-6.8.0-1032-gcp-x86_64-with-glibc2.35,3.12.11,3.0.4,2,Intel(R) Xeon(R) CPU @ 2.60GHz,,,,,15.61648178100586,machine,Y,1.0
2025-08-07T10:09:17,scipy-benchmark,02528fed-ce88-4198-b1bc-eb539533d7c2,scipy_LMC001_f7d9627c,1.001365320989862,7.66666176942259e-08,7.65620858713581e-08,1.7272709000000002,0.0,10.0,2.403378543463331e-07,0.0,1.3908667774457072e-06,1.6312046317920403e-06,Canada,CAN,,gcp,northamerica-northeast2,Linux-6.8.0-1032-gcp-x86_64-with-glibc2.35,3.12.11,3.0.4,2,Intel(R) Xeon(R) CPU @ 2.60GHz,,,,,15.61648178100586,machine,Y,1.0
2025-08-07T10:09:20,scipy-benchmark,e3b0ee51-2f6c-409c-a1de-50b4fa9d9046,scipy_LMC001_f7d9627c,1.0044105460401624,7.704425145031098e-08,7.670593638632531e-08,1.7272709000000002,0.0,10.0,2.417925591899683e-07,0.0,1.3974468333698397e-06,1.6392393925598078e-06,Canada,CAN,,gcp,northamerica-northeast2,Linux-6.8.0-1032-gcp-x86_64-with-glibc2.35,3.12.11,3.0.4,2,Intel(R) Xeon(R) CPU @ 2.60GHz,,,,,15.61648178100586,machine,Y,1.0
2025-08-07T10:09:22,scipy-benchmark,58307eb1-ca5c-4685-9f5f-cb783d4b88f6,scipy_LMC001_f7d9627c,1.001346608158201,7.66634791208399e-08,7.656038228545934e-08,1.7272709000000002,0.0,10.0,2.403325253700592e-07,0.0,1.3908053282648324e-06,1.6311378536348916e-06,Canada,CAN,,gcp,northamerica-northeast2,Linux-6.8.0-1032-gcp-x86_64-with-glibc2.35,3.12.11,3.0.4,2,Intel(R) Xeon(R) CPU @ 2.60GHz,,,,,15.61648178100586,machine,Y,1.0
2025-08-07T10:09:24,scipy-benchmark,de7c757a-2656-44f2-bde8-331274fbbaa4,scipy_LMC001_f7d9627c,1.0060488840099424,8.05828956513949e-08,8.00983897822191e-08,2.2488564032,0.0,10.0,3.158282281940416e-07,0.0,1.3987014665164882e-06,1.7145296947105298e-06,Canada,CAN,,gcp,northamerica-northeast2,Linux-6.8.0-1032-gcp-x86_64-with-glibc2.35,3.12.11,3.0.4,2,Intel(R) Xeon(R) CPU @ 2.60GHz,,,,,15.61648178100586,machine,Y,1.0
2025-08-07T10:09:26,scipy-benchmark,9c8dc536-1a82-4df1-a901-06fff56cf7cc,scipy_LMC001_f7d9627c,1.0015164299402386,7.583061865963775e-08,7.57158009521248e-08,1.5962624,0.0,10.0,2.2217364664026765e-07,0.0,1.3912437716498972e-06,1.6134174182901649e-06,Canada,CAN,,gcp,northamerica-northeast2,Linux-6.8.0-1032-gcp-x86_64-with-glibc2.35,3.12.11,3.0.4,2,Intel(R) Xeon(R) CPU @ 2.60GHz,,,,,15.61648178100586,machine,Y,1.0
2025-08-07T10:09:28,scipy-benchmark,a3429e14-2790-4aab-9fbd-62c7f041014f,scipy_LMC001_f7d9627c,1.0044102780520916,1.0453014891578553e-07,1.0407116613592069e-07,5.8929053912,0.0,10.0,8.249516741736902e-07,0.0,1.3990940474387673e-06,2.2240457216124577e-06,Canada,CAN,,gcp,northamerica-northeast2,Linux-6.8.0-1032-gcp-x86_64-with-glibc2.35,3.12.11,3.0.4,2,Intel(R) Xeon(R) CPU @ 2.60GHz,,,,,15.61648178100586,machine,Y,1.0
2025-08-07T10:09:31,scipy-benchmark,23bdeedb-b356-43a4-bb19-a1c3039e4433,scipy_LMC001_f7d9627c,1.002029016148299,7.57481875086879e-08,7.559480442977238e-08,1.5716375,0.0,10.0,2.189743887834605e-07,0.0,1.3926891752311752e-06,1.6116635640146358e-06,Canada,CAN,,gcp,northamerica-northeast2,Linux-6.8.0-1032-gcp-x86_64-with-glibc2.35,3.12.11,3.0.4,2,Intel(R) Xeon(R) CPU @ 2.60GHz,,,,,15.61648178100586,machine,Y,1.0
2025-08-07T10:09:33,scipy-benchmark,8444870a-2909-46c6-92e0-b4a858e07d0b,scipy_LMC001_f7d9627c,1.002593549899757,1.1230445024316285e-07,1.1201393650935764e-07,7.170099199999999,0.0,10.0,9.980472938104737e-07,0.0,1.3914090943419272e-06,2.3894563881524006e-06,Canada,CAN,,gcp,northamerica-northeast2,Linux-6.8.0-1032-gcp-x86_64-with-glibc2.35,3.12.11,3.0.4,2,Intel(R) Xeon(R) CPU @ 2.60GHz,,,,,15.61648178100586,machine,Y,1.0
2025-08-07T10:09:35,scipy-benchmark,11ad2ae3-8243-4aca-aa69-48523e54646b,scipy_LMC001_f7d9627c,1.0071245860308409,1.1169689847842788e-07,1.109067339112774e-07,6.953626512800001,0.0,10.0,9.760216467252688e-07,0.0,1.4005081081348988e-06,2.376529754860168e-06,Canada,CAN,,gcp,northamerica-northeast2,Linux-6.8.0-1032-gcp-x86_64-with-glibc2.35,3.12.11,3.0.4,2,Intel(R) Xeon(R) CPU @ 2.60GHz,,,,,15.61648178100586,machine,Y,1.0
2025-08-07T10:09:37,scipy-benchmark,68f96740-0cca-4998-998c-02b8687e8959,scipy_LMC001_f7d9627c,1.003475656034425,9.401139497765398e-08,9.368577544688225e-08,4.376910233600002,0.0,10.0,6.091373156301853e-07,0.0,1.391105130702878e-06,2.0002424463330635e-06,Canada,CAN,,gcp,northamerica-northeast2,Linux-6.8.0-1032-gcp-x86_64-with-glibc2.35,3.12.11,3.0.4,2,Intel(R) Xeon(R) CPU @ 2.60GHz,,,,,15.61648178100586,machine,Y,1.0
2025-08-07T10:09:39,scipy-benchmark,da3df61b-c4ac-4e4e-9f30-be4536b4a71a,scipy_LMC001_f7d9627c,1.0013732449151576,7.6494680145542e-08,7.638977827096139e-08,1.7000000000000002,0.0,10.0,2.365626778466524e-07,0.0,1.3909837082287091e-06,1.6275463860753616e-06,Canada,CAN,,gcp,northamerica-northeast2,Linux-6.8.0-1032-gcp-x86_64-with-glibc2.35,3.12.11,3.0.4,2,Intel(R) Xeon(R) CPU @ 2.60GHz,,,,,15.61648178100586,machine,Y,1.0
2025-08-07T10:09:42,scipy-benchmark,15694fef-26dd-47e9-ad71-f6568c3b4abf,scipy_LMC001_f7d9627c,1.0062499379273504,8.282932946136734e-08,8.231486665427998e-08,2.5493884928000003,0.0,10.0,3.581775643538243e-07,0.0,1.4041485943986725e-06,1.7623261587524963e-06,Canada,CAN,,gcp,northamerica-northeast2,Linux-6.8.0-1032-gcp-x86_64-with-glibc2.35,3.12.11,3.0.4,2,Intel(R) Xeon(R) CPU @ 2.60GHz,,,,,15.61648178100586,machine,Y,1.0
2025-08-07T10:09:44,scipy-benchmark,ae872286-44b3-45c7-935a-894c3f4fdd71,scipy_LMC001_f7d9627c,1.0025703550782057,7.685985701902245e-08,7.666280638532045e-08,1.7550872000000004,0.0,10.0,2.4424514527529285e-07,0.0,1.3910709615124184e-06,1.6353161067877112e-06,Canada,CAN,,gcp,northamerica-northeast2,Linux-6.8.0-1032-gcp-x86_64-with-glibc2.35,3.12.11,3.0.4,2,Intel(R) Xeon(R) CPU @ 2.60GHz,,,,,15.61648178100586,machine,Y,1.0
2025-08-07T10:09:46,scipy-benchmark,a5f6564a-d132-4253-b73e-5e585025f8e4,scipy_LMC001_f7d9627c,1.0035760051105171,1.0609409535023637e-07,1.0571605420015293e-07,6.225711200000001,0.0,10.0,8.663334136554329e-07,0.0,1.390987764009171e-06,2.257321177664604e-06,Canada,CAN,,gcp,northamerica-northeast2,Linux-6.8.0-1032-gcp-x86_64-with-glibc2.35,3.12.11,3.0.4,2,Intel(R) Xeon(R) CPU @ 2.60GHz,,,,,15.61648178100586,machine,Y,1.0
2025-08-07T10:09:48,scipy-benchmark,1f822cdf-089a-4f66-94de-87a57b2b481e,scipy_LMC001_f7d9627c,1.0026802718639374,8.47781248110329e-08,8.45515037943593e-08,2.9654936000000003,0.0,10.0,4.1269640624651546e-07,0.0,1.3910934833499293e-06,1.8037898895964449e-06,Canada,CAN,,gcp,northamerica-northeast2,Linux-6.8.0-1032-gcp-x86_64-with-glibc2.35,3.12.11,3.0.4,2,Intel(R) Xeon(R) CPU @ 2.60GHz,,,,,15.61648178100586,machine,Y,1.0
2025-08-07T10:09:50,scipy-benchmark,e2dc3eae-f2e4-493b-aead-7a656815a1af,scipy_LMC001_f7d9627c,1.0024207858368754,7.68584038457069e-08,7.667279542846003e-08,1.7550872000000004,0.0,10.0,2.442432160495014e-07,0.0,1.3910419721570282e-06,1.6352851882065296e-06,Canada,CAN,,gcp,northamerica-northeast2,Linux-6.8.0-1032-gcp-x86_64-with-glibc2.35,3.12.11,3.0.4,2,Intel(R) Xeon(R) CPU @ 2.60GHz,,,,,15.61648178100586,machine,Y,1.0
2025-08-07T10:09:52,scipy-benchmark,87141118-eb21-41f7-aed1-4620b36f5432,scipy_LMC001_f7d9627c,1.0014504750724882,7.667648382561578e-08,7.656542758149444e-08,1.7272709000000002,0.0,10.0,2.403681690639721e-07,0.0,1.3910463804172146e-06,1.6314145494811866e-06,Canada,CAN,,gcp,northamerica-northeast2,Linux-6.8.0-1032-gcp-x86_64-with-glibc2.35,3.12.11,3.0.4,2,Intel(R) Xeon(R) CPU @ 2.60GHz,,,,,15.61648178100586,machine,Y,1.0
2025-08-07T10:09:55,scipy-benchmark,53ec2cba-16ac-4bbd-8d25-04dc36d085b4,scipy_LMC001_f7d9627c,1.0042746409308163,1.1557416658427842e-07,1.1508223136766453e-07,7.576582399999999,0.0,10.0,1.0603140903529954e-06,0.0,1.3987107305890983e-06,2.459024820942094e-06,Canada,CAN,,gcp,northamerica-northeast2,Linux-6.8.0-1032-gcp-x86_64-with-glibc2.35,3.12.11,3.0.4,2,Intel(R) Xeon(R) CPU @ 2.60GHz,,,,,15.61648178100586,machine,Y,1.0
2025-08-07T10:09:57,scipy-benchmark,32ba8d71-0ed9-487f-8200-4f4b38a1d7f2,scipy_LMC001_f7d9627c,1.0014753988943994,7.650294651571635e-08,7.639024043942912e-08,1.7000000000000002,0.0,10.0,2.365923721097513e-07,0.0,1.391129894182086e-06,1.6277222662918371e-06,Canada,CAN,,gcp,northamerica-northeast2,Linux-6.8.0-1032-gcp-x86_64-with-glibc2.35,3.12.11,3.0.4,2,Intel(R) Xeon(R) CPU @ 2.60GHz,,,,,15.61648178100586,machine,Y,1.0
2025-08-07T10:09:59,scipy-benchmark,f34e25bd-344a-4cef-911c-90211ee20923,scipy_LMC001_f7d9627c,1.0062280248384925,8.557635441401959e-08,8.50466815687779e-08,2.9654936000000003,0.0,10.0,4.166317735694483e-07,0.0,1.404141724601181e-06,1.8207734981706293e-06,Canada,CAN,,gcp,northamerica-northeast2,Linux-6.8.0-1032-gcp-x86_64-with-glibc2.35,3.12.11,3.0.4,2,Intel(R) Xeon(R) CPU @ 2.60GHz,,,,,15.61648178100586,machine,Y,1.0
2025-08-07T10:10:01,scipy-benchmark,b82729f7-2bd5-45c0-b1f7-340b563d96bc,scipy_LMC001_f7d9627c,1.0013735881075263,7.685090575165303e-08,7.674548906057314e-08,1.7550872000000004,0.0,10.0,2.442164822650844e-07,0.0,1.3909091720254056e-06,1.63512565429049e-06,Canada,CAN,,gcp,northamerica-northeast2,Linux-6.8.0-1032-gcp-x86_64-with-glibc2.35,3.12.11,3.0.4,2,Intel(R) Xeon(R) CPU @ 2.60GHz,,,,,15.61648178100586,machine,Y,1.0
2025-08-07T10:10:03,scipy-benchmark,bb8624fd-24e5-4282-b871-20478269b319,scipy_LMC001_f7d9627c,1.0013692809734491,9.062769890900389e-08,9.05037738134957e-08,3.8618648576,0.0,10.0,5.373606103188163e-07,0.0,1.390888302638713e-06,1.928248912957529e-06,Canada,CAN,,gcp,northamerica-northeast2,Linux-6.8.0-1032-gcp-x86_64-with-glibc2.35,3.12.11,3.0.4,2,Intel(R) Xeon(R) CPU @ 2.60GHz,,,,,15.61648178100586,machine,Y,1.0
2025-08-07T10:10:06,scipy-benchmark,ba4e4a36-bd29-42e2-aedb-0cf36a5396c0,scipy_LMC001_f7d9627c,1.003111279103905,9.689907460525573e-08,9.659852961858546e-08,4.769849599999999,0.0,10.0,6.660205073904195e-07,0.0,1.3956619310192765e-06,2.061682438409696e-06,Canada,CAN,,gcp,northamerica-northeast2,Linux-6.8.0-1032-gcp-x86_64-with-glibc2.35,3.12.11,3.0.4,2,Intel(R) Xeon(R) CPU @ 2.60GHz,,,,,15.61648178100586,machine,Y,1.0
2025-08-07T10:10:08,scipy-benchmark,bc590f89-93a1-416c-bff2-d76bd0d17a9d,scipy_LMC001_f7d9627c,1.0013869758695364,7.631508654527959e-08,7.620938596591268e-08,1.6732691000000002,0.0,10.0,2.32829845551413e-07,0.0,1.3908954000928337e-06,1.6237252456442467e-06,Canada,CAN,,gcp,northamerica-northeast2,Linux-6.8.0-1032-gcp-x86_64-with-glibc2.35,3.12.11,3.0.4,2,Intel(R) Xeon(R) CPU @ 2.60GHz,,,,,15.61648178100586,machine,Y,1.0
2025-08-07T10:10:10,scipy-benchmark,e4c43173-3c90-4c05-936e-a9c14866a7d3,scipy_LMC001_f7d9627c,1.0014832909218967,7.668193646938466e-08,7.656836331118068e-08,1.7272709000000002,0.0,10.0,2.403881659907462e-07,0.0,1.3911423971876505e-06,1.6315305631783966e-06,Canada,CAN,,gcp,northamerica-northeast2,Linux-6.8.0-1032-gcp-x86_64-with-glibc2.35,3.12.11,3.0.4,2,Intel(R) Xeon(R) CPU @ 2.60GHz,,,,,15.61648178100586,machine,Y,1.0
2025-08-07T10:10:12,scipy-benchmark,58db5bd0-0861-452c-9d17-f344a5304b62,scipy_LMC001_f7d9627c,1.0037239009980112,8.589291365329789e-08,8.557424364199539e-08,3.1345474616000004,0.0,10.0,4.3630010089330403e-07,0.0,1.3912087002406932e-06,1.8275088011339967e-06,Canada,CAN,,gcp,northamerica-northeast2,Linux-6.8.0-1032-gcp-x86_64-with-glibc2.35,3.12.11,3.0.4,2,Intel(R) Xeon(R) CPU @ 2.60GHz,,,,,15.61648178100586,machine,Y,1.0
2025-08-07T10:10:14,scipy-benchmark,87e47033-ef58-4852-aca6-f4df32e895fa,scipy_LMC001_f7d9627c,1.0022582272067666,7.649920673171032e-08,7.632684337738889e-08,1.7000000000000002,0.0,10.0,2.3658382916538465e-07,0.0,1.391058867253984e-06,1.6276426964193683e-06,Canada,CAN,,gcp,northamerica-northeast2,Linux-6.8.0-1032-gcp-x86_64-with-glibc2.35,3.12.11,3.0.4,2,Intel(R) Xeon(R) CPU @ 2.60GHz,,,,,15.61648178100586,machine,Y,1.0
2025-08-07T10:10:16,scipy-benchmark,f0452a95-7594-4981-99d9-67b2137a24c7,scipy_LMC001_f7d9627c,1.001470189075917,7.704972133526788e-08,7.693660997174933e-08,1.7834543000000005,0.0,10.0,2.482067428168188e-07,0.0,1.3911490302739873e-06,1.639355773090806e-06,Canada,CAN,,gcp,northamerica-northeast2,Linux-6.8.0-1032-gcp-x86_64-with-glibc2.35,3.12.11,3.0.4,2,Intel(R) Xeon(R) CPU @ 2.60GHz,,,,,15.61648178100586,machine,Y,1.0
2025-08-07T10:10:19,scipy-benchmark,4c12fded-081f-455c-b5a2-8f74494870c0,scipy_LMC001_f7d9627c,1.002338555175811,9.581404269400129e-08,9.559049903771825e-08,4.626375200000001,0.0,10.0,6.449964141110709e-07,0.0,1.3936002389527858e-06,2.038596653063857e-06,Canada,CAN,,gcp,northamerica-northeast2,Linux-6.8.0-1032-gcp-x86_64-with-glibc2.35,3.12.11,3.0.4,2,Intel(R) Xeon(R) CPU @ 2.60GHz,,,,,15.61648178100586,machine,Y,1.0
2025-08-07T10:10:21,scipy-benchmark,61d75518-3bc5-4798-94a9-59ae9a2dc022,scipy_LMC001_f7d9627c,1.001437372993678,7.667689896616279e-08,7.65668438525979e-08,1.7272709000000002,0.0,10.0,2.403735048546508e-07,0.0,1.3910498774041318e-06,1.6314233822587826e-06,Canada,CAN,,gcp,northamerica-northeast2,Linux-6.8.0-1032-gcp-x86_64-with-glibc2.35,3.12.11,3.0.4,2,Intel(R) Xeon(R) CPU @ 2.60GHz,,,,,15.61648178100586,machine,Y,1.0
2025-08-07T10:10:23,scipy-benchmark,7fe8c739-ef99-4e89-be24-a029b05778d9,scipy_LMC001_f7d9627c,1.0073953641112894,1.1872261496571204e-07,1.1785106344066565e-07,8.0,0.0,10.0,1.1229457535470528e-06,0.0,1.403067330829799e-06,2.526013084376852e-06,Canada,CAN,,gcp,northamerica-northeast2,Linux-6.8.0-1032-gcp-x86_64-with-glibc2.35,3.12.11,3.0.4,2,Intel(R) Xeon(R) CPU @ 2.60GHz,,,,,15.61648178100586,machine,Y,1.0
2025-08-07T10:10:25,scipy-benchmark,312c7c2a-a3e6-4b4d-8145-381618348b2d,scipy_LMC001_f7d9627c,1.0023604149464518,1.1792125361725793e-07,1.176435659857513e-07,8.0,0.0,10.0,1.1153446287951537e-06,0.0,1.3936182141252276e-06,2.508962842920381e-06,Canada,CAN,,gcp,northamerica-northeast2,Linux-6.8.0-1032-gcp-x86_64-with-glibc2.35,3.12.11,3.0.4,2,Intel(R) Xeon(R) CPU @ 2.60GHz,,,,,15.61648178100586,machine,Y,1.0
2025-08-07T10:10:28,scipy-benchmark,9052840a-6bca-45a8-9c64-25b450714145,scipy_LMC001_f7d9627c,1.0014620560687035,7.686261996224131e-08,7.675040656454816e-08,1.7550872000000004,0.0,10.0,2.4425482602497653e-07,0.0,1.3911200667886684e-06,1.635374892813645e-06,Canada,CAN,,gcp,northamerica-northeast2,Linux-6.8.0-1032-gcp-x86_64-with-glibc2.35,3.12.11,3.0.4,2,Intel(R) Xeon(R) CPU @ 2.60GHz,,,,,15.61648178100586,machine,Y,1.0
2025-08-07T10:10:30,scipy-benchmark,e5effdce-d8fd-4fd2-bd67-0db560180f11,scipy_LMC001_f7d9627c,1.0014185309410095,7.649659341910026e-08,7.638823434515258e-08,1.7000000000000002,0.0,10.0,2.365676139533106e-07,0.0,1.3910194800700992e-06,1.6275870940234095e-06,Canada,CAN,,gcp,northamerica-northeast2,Linux-6.8.0-1032-gcp-x86_64-with-glibc2.35,3.12.11,3.0.4,2,Intel(R) Xeon(R) CPU @ 2.60GHz,,,,,15.61648178100586,machine,Y,1.0
2025-08-07T10:10:32,scipy-benchmark,f2dafcc5-8dc0-48c6-8e8e-c1307cf1dc72,scipy_LMC001_f7d9627c,1.0014336069580168,7.667452368697026e-08,7.656475991441805e-08,1.7272709000000002,0.0,10.0,2.403625611439472e-07,0.0,1.3910102832596751e-06,1.6313728444036223e-06,Canada,CAN,,gcp,northamerica-northeast2,Linux-6.8.0-1032-gcp-x86_64-with-glibc2.35,3.12.11,3.0.4,2,Intel(R) Xeon(R) CPU @ 2.60GHz,,,,,15.61648178100586,machine,Y,1.0
2025-08-07T10:10:34,scipy-benchmark,b6671a04-509d-4880-82e3-4a6741ff059c,scipy_LMC001_f7d9627c,1.0014360521454364,7.615363721898053e-08,7.60444334471802e-08,1.6470728,0.0,10.0,2.2921872254111385e-07,0.0,1.3910714310542164e-06,1.6202901535953305e-06,Canada,CAN,,gcp,northamerica-northeast2,Linux-6.8.0-1032-gcp-x86_64-with-glibc2.35,3.12.11,3.0.4,2,Intel(R) Xeon(R) CPU @ 2.60GHz,,,,,15.61648178100586,machine,Y,1.0
2025-08-07T10:10:36,scipy-benchmark,7042ed36-4250-4901-896f-c27640b217e0,scipy_LMC001_f7d9627c,1.0019340519793332,7.66725862471143e-08,7.652458372449428e-08,1.7272709000000002,0.0,10.0,2.403570558868407e-07,0.0,1.3909745663921866e-06,1.6313316222790274e-06,Canada,CAN,,gcp,northamerica-northeast2,Linux-6.8.0-1032-gcp-x86_64-with-glibc2.35,3.12.11,3.0.4,2,Intel(R) Xeon(R) CPU @ 2.60GHz,,,,,15.61648178100586,machine,Y,1.0
2025-08-07T10:10:38,scipy-benchmark,8a7ff398-617f-4340-acf9-3419a5879106,scipy_LMC001_f7d9627c,1.0021765630226582,7.678834969082348e-08,7.662157799741655e-08,1.7272709000000002,0.0,10.0,2.407162773481716e-07,0.0,1.393078396924668e-06,1.6337946742728396e-06,Canada,CAN,,gcp,northamerica-northeast2,Linux-6.8.0-1032-gcp-x86_64-with-glibc2.35,3.12.11,3.0.4,2,Intel(R) Xeon(R) CPU @ 2.60GHz,,,,,15.61648178100586,machine,Y,1.0
2025-08-07T10:10:41,scipy-benchmark,e378e570-6ee7-4d60-8784-8825abadb0a7,scipy_LMC001_f7d9627c,1.0046398541890085,7.868565888976848e-08,7.832225504659793e-08,1.9655261,0.0,10.0,2.752760661408739e-07,0.0,1.3988868889605832e-06,1.6741629551014572e-06,Canada,CAN,,gcp,northamerica-northeast2,Linux-6.8.0-1032-gcp-x86_64-with-glibc2.35,3.12.11,3.0.4,2,Intel(R) Xeon(R) CPU @ 2.60GHz,,,,,15.61648178100586,machine,Y,1.0
2025-08-07T10:10:43,scipy-benchmark,a44c6e53-3567-4eab-b006-d9d73be05cde,scipy_LMC001_f7d9627c,1.001422989880666,7.68583448286873e-08,7.674913159108327e-08,1.7550872000000004,0.0,10.0,2.442395635061078e-07,0.0,1.391044369019154e-06,1.6352839325252618e-06,Canada,CAN,,gcp,northamerica-northeast2,Linux-6.8.0-1032-gcp-x86_64-with-glibc2.35,3.12.11,3.0.4,2,Intel(R) Xeon(R) CPU @ 2.60GHz,,,,,15.61648178100586,machine,Y,1.0
2025-08-07T10:10:45,scipy-benchmark,24571fa4-357f-46ee-a84a-4c43474e3f04,scipy_LMC001_f7d9627c,1.0054287740495056,9.071540771751553e-08,9.022559335769404e-08,3.7771541,0.0,10.0,5.298414495945992e-07,0.0,1.4002736082248802e-06,1.9301150578194792e-06,Canada,CAN,,gcp,northamerica-northeast2,Linux-6.8.0-1032-gcp-x86_64-with-glibc2.35,3.12.11,3.0.4,2,Intel(R) Xeon(R) CPU @ 2.60GHz,,,,,15.61648178100586,machine,Y,1.0
2025-08-07T10:10:47,scipy-benchmark,62495720-03e7-4e90-8ceb-154780992c91,scipy_LMC001_f7d9627c,1.004887280985713,8.80693781247166e-08,8.764105167927657e-08,3.376959200000001,0.0,10.0,4.731854335798156e-07,0.0,1.400631122265218e-06,1.8738165558450333e-06,Canada,CAN,,gcp,northamerica-northeast2,Linux-6.8.0-1032-gcp-x86_64-with-glibc2.35,3.12.11,3.0.4,2,Intel(R) Xeon(R) CPU @ 2.60GHz,,,,,15.61648178100586,machine,Y,1.0
2025-08-07T10:10:49,scipy-benchmark,64bd7f48-3450-451a-8142-6212094e8990,scipy_LMC001_f7d9627c,1.001358972163871,7.703213775298246e-08,7.692759529234663e-08,1.7834543000000005,0.0,10.0,2.4814801514117854e-07,0.0,1.3908336391775972e-06,1.6389816543187758e-06,Canada,CAN,,gcp,northamerica-northeast2,Linux-6.8.0-1032-gcp-x86_64-with-glibc2.35,3.12.11,3.0.4,2,Intel(R) Xeon(R) CPU @ 2.60GHz,,,,,15.61648178100586,machine,Y,1.0
2025-08-07T10:10:51,scipy-benchmark,6f35320d-ffb5-4945-813b-3ca1f4e70bab,scipy_LMC001_f7d9627c,1.0018506650812924,7.709328963596343e-08,7.695087933061151e-08,1.7834543000000005,0.0,10.0,2.4839845523285934e-07,0.0,1.3918843029791284e-06,1.6402827582119877e-06,Canada,CAN,,gcp,northamerica-northeast2,Linux-6.8.0-1032-gcp-x86_64-with-glibc2.35,3.12.11,3.0.4,2,Intel(R) Xeon(R) CPU @ 2.60GHz,,,,,15.61648178100586,machine,Y,1.0
2025-08-07T10:10:54,scipy-benchmark,d0cd6755-32b9-458f-9cce-16ff8c90d597,scipy_LMC001_f7d9627c,1.0015143828932196,7.668891226508357e-08,7.657295149725278e-08,1.7272709000000002,0.0,10.0,2.404115959252949e-07,0.0,1.3912673884381852e-06,1.63167898436348e-06,Canada,CAN,,gcp,northamerica-northeast2,Linux-6.8.0-1032-gcp-x86_64-with-glibc2.35,3.12.11,3.0.4,2,Intel(R) Xeon(R) CPU @ 2.60GHz,,,,,15.61648178100586,machine,Y,1.0
2025-08-07T10:10:56,scipy-benchmark,5027dc77-4caa-4296-8273-c451b5f99a18,scipy_LMC001_f7d9627c,1.0015793920028957,7.480717388761814e-08,7.468921034609493e-08,1.4387590592,0.0,10.0,2.002738614109465e-07,0.0,1.3913681361979497e-06,1.591641997608896e-06,Canada,CAN,,gcp,northamerica-northeast2,Linux-6.8.0-1032-gcp-x86_64-with-glibc2.35,3.12.11,3.0.4,2,Intel(R) Xeon(R) CPU @ 2.60GHz,,,,,15.61648178100586,machine,Y,1.0
2025-08-07T10:10:58,scipy-benchmark,a4b2b0f2-e589-43bc-b28c-455428a1d2e2,scipy_LMC001_f7d9627c,1.001504513900727,7.66856841894106e-08,7.657048283360208e-08,1.7272709000000002,0.0,10.0,2.403971688249057e-07,0.0,1.3912131330774476e-06,1.6316103019023533e-06,Canada,CAN,,gcp,northamerica-northeast2,Linux-6.8.0-1032-gcp-x86_64-with-glibc2.35,3.12.11,3.0.4,2,Intel(R) Xeon(R) CPU @ 2.60GHz,,,,,15.61648178100586,machine,Y,1.0
2025-08-07T10:11:00,scipy-benchmark,7d8cf75a-6b33-4d78-9db2-8a338b959f16,scipy_LMC001_f7d9627c,1.0022060449700805,7.678677092248751e-08,7.661774872329761e-08,1.7272709000000002,0.0,10.0,2.407363190712789e-07,0.0,1.3930247643859022e-06,1.633761083457181e-06,Canada,CAN,,gcp,northamerica-northeast2,Linux-6.8.0-1032-gcp-x86_64-with-glibc2.35,3.12.11,3.0.4,2,Intel(R) Xeon(R) CPU @ 2.60GHz,,,,,15.61648178100586,machine,Y,1.0
2025-08-07T10:11:02,scipy-benchmark,1f2f2914-8de3-431d-b216-94a485126f03,scipy_LMC001_f7d9627c,1.0014774149749428,7.650349163840292e-08,7.639063097625328e-08,1.7000000000000002,0.0,10.0,2.36592819817209e-07,0.0,1.3911410448296615e-06,1.6277338646468707e-06,Canada,CAN,,gcp,northamerica-northeast2,Linux-6.8.0-1032-gcp-x86_64-with-glibc2.35,3.12.11,3.0.4,2,Intel(R) Xeon(R) CPU @ 2.60GHz,,,,,15.61648178100586,machine,Y,1.0
2025-08-07T10:11:04,scipy-benchmark,7ae2eb6a-baf2-4906-9955-3ddc201b067d,scipy_LMC001_f7d9627c,1.0014127490576357,7.685714026814268e-08,7.67487135953361e-08,1.7550872000000004,0.0,10.0,2.442343919641533e-07,0.0,1.39102391161335e-06,1.6352583035775031e-06,Canada,CAN,,gcp,northamerica-northeast2,Linux-6.8.0-1032-gcp-x86_64-with-glibc2.35,3.12.11,3.0.4,2,Intel(R) Xeon(R) CPU @ 2.60GHz,,,,,15.61648178100586,machine,Y,1.0
2025-08-07T10:11:07,scipy-benchmark,0aa23830-4273-4408-ba6b-3a104395ce0d,scipy_LMC001_f7d9627c,1.0014315601438284,7.667546677893703e-08,7.656585814803428e-08,1.7272709000000002,0.0,10.0,2.4037858214479285e-07,0.0,1.3910143280453565e-06,1.6313929101901492e-06,Canada,CAN,,gcp,northamerica-northeast2,Linux-6.8.0-1032-gcp-x86_64-with-glibc2.35,3.12.11,3.0.4,2,Intel(R) Xeon(R) CPU @ 2.60GHz,,,,,15.61648178100586,machine,Y,1.0
2025-08-07T10:11:09,scipy-benchmark,b88c0208-41f8-4101-b69e-bf666f7beb68,scipy_LMC001_f7d9627c,1.0015204090159386,7.649803598203775e-08,7.638190424616732e-08,1.7000000000000002,0.0,10.0,2.366223148548872e-07,0.0,1.3909954719969797e-06,1.6276177868518668e-06,Canada,CAN,,gcp,northamerica-northeast2,Linux-6.8.0-1032-gcp-x86_64-with-glibc2.35,3.12.11,3.0.4,2,Intel(R) Xeon(R) CPU @ 2.60GHz,,,,,15.61648178100586,machine,Y,1.0
2025-08-07T10:11:11,scipy-benchmark,21d3143a-662e-4dd0-a5c5-9bf3be2281e4,scipy_LMC001_f7d9627c,1.001463770167902,7.667736786007851e-08,7.656529386701931e-08,1.7272709000000002,0.0,10.0,2.4037673052578065e-07,0.0,1.391056628199294e-06,1.6314333587250749e-06,Canada,CAN,,gcp,northamerica-northeast2,Linux-6.8.0-1032-gcp-x86_64-with-glibc2.35,3.12.11,3.0.4,2,Intel(R) Xeon(R) CPU @ 2.60GHz,,,,,15.61648178100586,machine,Y,1.0
2025-08-07T10:11:13,scipy-benchmark,44f43a39-3db3-4526-823d-4f9ab1674857,scipy_LMC001_f7d9627c,1.001381401903927,7.685456391764447e-08,7.674854333375957e-08,1.7550872000000004,0.0,10.0,2.442241158514856e-07,0.0,1.390979371757971e-06,1.6352034876094566e-06,Canada,CAN,,gcp,northamerica-northeast2,Linux-6.8.0-1032-gcp-x86_64-with-glibc2.35,3.12.11,3.0.4,2,Intel(R) Xeon(R) CPU @ 2.60GHz,,,,,15.61648178100586,machine,Y,1.0
2025-08-07T10:11:15,scipy-benchmark,1cbf139c-846c-4ea4-9fe0-195e0d68fc3b,scipy_LMC001_f7d9627c,1.001408139010891,7.649212794342829e-08,7.638456785360355e-08,1.7000000000000002,0.0,10.0,2.365672281464666e-07,0.0,1.390924855756263e-06,1.6274920839027294e-06,Canada,CAN,,gcp,northamerica-northeast2,Linux-6.8.0-1032-gcp-x86_64-with-glibc2.35,3.12.11,3.0.4,2,Intel(R) Xeon(R) CPU @ 2.60GHz,,,,,15.61648178100586,machine,Y,1.0
2025-08-07T10:11:17,scipy-benchmark,d28193ba-90ad-448b-acda-65af4c7881f3,scipy_LMC001_f7d9627c,1.001375766005367,7.667011020520335e-08,7.656477499056273e-08,1.7272709000000002,0.0,10.0,2.403456601911885e-07,0.0,1.3909332803450523e-06,1.631278940536241e-06,Canada,CAN,,gcp,northamerica-northeast2,Linux-6.8.0-1032-gcp-x86_64-with-glibc2.35,3.12.11,3.0.4,2,Intel(R) Xeon(R) CPU @ 2.60GHz,,,,,15.61648178100586,machine,Y,1.0
2025-08-07T10:11:20,scipy-benchmark,0f70e672-2513-40ce-a232-7af08427f69a,scipy_LMC001_f7d9627c,1.0014103059656918,7.649516771634808e-08,7.638743805675271e-08,1.7000000000000002,0.0,10.0,2.365628181400502e-07,0.0,1.3909939417822492e-06,1.6275567599222993e-06,Canada,CAN,,gcp,northamerica-northeast2,Linux-6.8.0-1032-gcp-x86_64-with-glibc2.35,3.12.11,3.0.4,2,Intel(R) Xeon(R) CPU @ 2.60GHz,,,,,15.61648178100586,machine,Y,1.0
2025-08-07T10:11:22,scipy-benchmark,57f927d5-e728-42a5-9366-2d5561d8b9f3,scipy_LMC001_f7d9627c,1.0014471460599452,7.686066197545226e-08,7.674959410274408e-08,1.7550872000000004,0.0,10.0,2.442481747591213e-07,0.0,1.3910850587611397e-06,1.635333233520261e-06,Canada,CAN,,gcp,northamerica-northeast2,Linux-6.8.0-1032-gcp-x86_64-with-glibc2.35,3.12.11,3.0.4,2,Intel(R) Xeon(R) CPU @ 2.60GHz,,,,,15.61648178100586,machine,Y,1.0
2025-08-07T10:11:24,scipy-benchmark,ee975a25-507b-4ee0-a5ed-e5feec146475,scipy_LMC001_f7d9627c,1.0018065399490297,7.635222122957314e-08,7.621453662446426e-08,1.6732691000000002,0.0,10.0,2.330250816784996e-07,0.0,1.3914902636315671e-06,1.624515345310067e-06,Canada,CAN,,gcp,northamerica-northeast2,Linux-6.8.0-1032-gcp-x86_64-with-glibc2.35,3.12.11,3.0.4,2,Intel(R) Xeon(R) CPU @ 2.60GHz,,,,,15.61648178100586,machine,Y,1.0
2025-08-07T10:11:26,scipy-benchmark,18b6896f-6d47-4957-8fd5-7fb3c274912e,scipy_LMC001_f7d9627c,1.0019074180163443,7.723820316091e-08,7.709115809705485e-08,1.8123776000000005,0.0,10.0,2.5223544948849417e-07,0.0,1.3911305752117186e-06,1.6433660247002127e-06,Canada,CAN,,gcp,northamerica-northeast2,Linux-6.8.0-1032-gcp-x86_64-with-glibc2.35,3.12.11,3.0.4,2,Intel(R) Xeon(R) CPU @ 2.60GHz,,,,,15.61648178100586,machine,Y,1.0
2025-08-07T10:11:28,scipy-benchmark,ae91d76d-0d81-44e4-b8dd-157d75e7928a,scipy_LMC001_f7d9627c,1.00141968508251,7.649133732548862e-08,7.638289766511458e-08,1.7000000000000002,0.0,10.0,2.3655343134628818e-07,0.0,1.3909218308981506e-06,1.6274752622444388e-06,Canada,CAN,,gcp,northamerica-northeast2,Linux-6.8.0-1032-gcp-x86_64-with-glibc2.35,3.12.11,3.0.4,2,Intel(R) Xeon(R) CPU @ 2.60GHz,,,,,15.61648178100586,machine,Y,1.0
2025-08-07T10:11:30,scipy-benchmark,fa1e0213-7e11-48a2-a6ac-22ddd488328c,scipy_LMC001_f7d9627c,1.001382130198181,7.649318872679335e-08,7.638761110272142e-08,1.7000000000000002,0.0,10.0,2.365616895258427e-07,0.0,1.390952964235718e-06,1.6275146537615607e-06,Canada,CAN,,gcp,northamerica-northeast2,Linux-6.8.0-1032-gcp-x86_64-with-glibc2.35,3.12.11,3.0.4,2,Intel(R) Xeon(R) CPU @ 2.60GHz,,,,,15.61648178100586,machine,Y,1.0
2025-08-07T10:11:33,scipy-benchmark,9098097f-d70b-470d-89a2-34696148ea94,scipy_LMC001_f7d9627c,1.0013365191407502,7.684452678321199e-08,7.674195968519405e-08,1.7550872000000004,0.0,10.0,2.4419195103993173e-07,0.0,1.39079798051777e-06,1.6349899315577018e-06,Canada,CAN,,gcp,northamerica-northeast2,Linux-6.8.0-1032-gcp-x86_64-with-glibc2.35,3.12.11,3.0.4,2,Intel(R) Xeon(R) CPU @ 2.60GHz,,,,,15.61648178100586,machine,Y,1.0
2025-08-07T10:11:35,scipy-benchmark,777ea45c-d3ae-4848-b411-a57ab3f354ec,scipy_LMC001_f7d9627c,1.0014038579538465,7.649281712181659e-08,7.638558261410459e-08,1.7000000000000002,0.0,10.0,2.365583277617892e-07,0.0,1.3909484195109043e-06,1.6275067472726937e-06,Canada,CAN,,gcp,northamerica-northeast2,Linux-6.8.0-1032-gcp-x86_64-with-glibc2.35,3.12.11,3.0.4,2,Intel(R) Xeon(R) CPU @ 2.60GHz,,,,,15.61648178100586,machine,Y,1.0
2025-08-07T10:11:37,scipy-benchmark,f2f1e20f-d3be-41b6-bebe-130015ff47f9,scipy_LMC001_f7d9627c,1.0015507540665567,7.65078372175663e-08,7.638937608196547e-08,1.7000000000000002,0.0,10.0,2.366293627290159e-07,0.0,1.3911969610489907e-06,1.6278263237780063e-06,Canada,CAN,,gcp,northamerica-northeast2,Linux-6.8.0-1032-gcp-x86_64-with-glibc2.35,3.12.11,3.0.4,2,Intel(R) Xeon(R) CPU @ 2.60GHz,,,,,15.61648178100586,machine,Y,1.0
2025-08-07T10:11:39,scipy-benchmark,22783732-1340-4d38-8e38-d0d9c344d54f,scipy_LMC001_f7d9627c,1.001504773972556,7.668716620205658e-08,7.65719427356e-08,1.7272709000000002,0.0,10.0,2.404023090086529e-07,0.0,1.3912395250776575e-06,1.6316418340863102e-06,Canada,CAN,,gcp,northamerica-northeast2,Linux-6.8.0-1032-gcp-x86_64-with-glibc2.35,3.12.11,3.0.4,2,Intel(R) Xeon(R) CPU @ 2.60GHz,,,,,15.61648178100586,machine,Y,1.0
2025-08-07T10:11:41,scipy-benchmark,cfa90990-8d5c-4c4d-a0e6-814e0ab3be94,scipy_LMC001_f7d9627c,1.0022474320139736,8.446925861867278e-08,8.427984539599705e-08,2.8983265784,0.0,10.0,4.0397293521999017e-07,0.0,1.393245333262409e-06,1.7972182684823991e-06,Canada,CAN,,gcp,northamerica-northeast2,Linux-6.8.0-1032-gcp-x86_64-with-glibc2.35,3.12.11,3.0.4,2,Intel(R) Xeon(R) CPU @ 2.60GHz,,,,,15.61648178100586,machine,Y,1.0
2025-08-07T10:11:43,scipy-benchmark,8afe62d7-153c-4554-8417-77637949f8ea,scipy_LMC001_f7d9627c,1.0016065500676632,7.520780090861544e-08,7.508716961119595e-08,1.5008192,0.0,10.0,2.0891795726341178e-07,0.0,1.39124801951564e-06,1.600165976779052e-06,Canada,CAN,,gcp,northamerica-northeast2,Linux-6.8.0-1032-gcp-x86_64-with-glibc2.35,3.12.11,3.0.4,2,Intel(R) Xeon(R) CPU @ 2.60GHz,,,,,15.61648178100586,machine,Y,1.0
2025-08-07T10:11:45,scipy-benchmark,823cc185-5df7-45f8-bb03-4820cfd3cb95,scipy_LMC001_f7d9627c,1.001458956161514,7.650206971039167e-08,7.639061914590688e-08,1.7000000000000002,0.0,10.0,2.365924718324097e-07,0.0,1.391111139026988e-06,1.6277036108593974e-06,Canada,CAN,,gcp,northamerica-northeast2,Linux-6.8.0-1032-gcp-x86_64-with-glibc2.35,3.12.11,3.0.4,2,Intel(R) Xeon(R) CPU @ 2.60GHz,,,,,15.61648178100586,machine,Y,1.0
2025-08-07T10:11:48,scipy-benchmark,064d97d4-0055-4257-a02a-79453f21dd9b,scipy_LMC001_f7d9627c,1.001666366122663,7.565929199743373e-08,7.553342565579224e-08,1.5716375,0.0,10.0,2.1871494759397725e-07,0.0,1.3910572225641872e-06,1.6097721701581644e-06,Canada,CAN,,gcp,northamerica-northeast2,Linux-6.8.0-1032-gcp-x86_64-with-glibc2.35,3.12.11,3.0.4,2,Intel(R) Xeon(R) CPU @ 2.60GHz,,,,,15.61648178100586,machine,Y,1.0
2025-08-07T10:11:50,scipy-benchmark,94624c23-7c40-44a9-a17a-596d18a8bc10,scipy_LMC001_f7d9627c,1.001465222099796,7.723594754288223e-08,7.712294529902875e-08,1.8123776000000005,0.0,10.0,2.522359297218125e-07,0.0,1.391082103105469e-06,1.6433180328272816e-06,Canada,CAN,,gcp,northamerica-northeast2,Linux-6.8.0-1032-gcp-x86_64-with-glibc2.35,3.12.11,3.0.4,2,Intel(R) Xeon(R) CPU @ 2.60GHz,,,,,15.61648178100586,machine,Y,1.0
2025-08-07T10:11:52,scipy-benchmark,012efd97-9da6-44eb-958d-6963d9a4dda4,scipy_LMC001_f7d9627c,1.0014189998619258,7.615395912146937e-08,7.604604978732117e-08,1.6470728,0.0,10.0,2.2921176402631818e-07,0.0,1.3910852385581366e-06,1.6202970025844547e-06,Canada,CAN,,gcp,northamerica-northeast2,Linux-6.8.0-1032-gcp-x86_64-with-glibc2.35,3.12.11,3.0.4,2,Intel(R) Xeon(R) CPU @ 2.60GHz,,,,,15.61648178100586,machine,Y,1.0
2025-08-07T10:11:54,scipy-benchmark,e414af37-3ff9-43d4-a495-0d10604e0978,scipy_LMC001_f7d9627c,1.001411356031895,7.823708108956234e-08,7.812681633607369e-08,1.9655261,0.0,10.0,2.7353281859088965e-07,0.0,1.3910859279955428e-06,1.6646187465864324e-06,Canada,CAN,,gcp,northamerica-northeast2,Linux-6.8.0-1032-gcp-x86_64-with-glibc2.35,3.12.11,3.0.4,2,Intel(R) Xeon(R) CPU @ 2.60GHz,,,,,15.61648178100586,machine,Y,1.0
2025-08-07T10:11:56,scipy-benchmark,3e2cb42e-f3bf-4098-b60f-f6d71225f45d,scipy_LMC001_f7d9627c,1.0014658409636468,7.650426368174763e-08,7.639228474146703e-08,1.7000000000000002,0.0,10.0,2.3659389367741017e-07,0.0,1.3911563974236031e-06,1.6277502911010134e-06,Canada,CAN,,gcp,northamerica-northeast2,Linux-6.8.0-1032-gcp-x86_64-with-glibc2.35,3.12.11,3.0.4,2,Intel(R) Xeon(R) CPU @ 2.60GHz,,,,,15.61648178100586,machine,Y,1.0
2025-08-07T10:11:58,scipy-benchmark,3771a674-8599-438a-99be-1135ba50f82a,scipy_LMC001_f7d9627c,1.001552399015054,7.649933834851902e-08,7.638076492428147e-08,1.7000000000000002,0.0,10.0,2.366264079917326e-07,0.0,1.3910190887852676e-06,1.6276454967770002e-06,Canada,CAN,,gcp,northamerica-northeast2,Linux-6.8.0-1032-gcp-x86_64-with-glibc2.35,3.12.11,3.0.4,2,Intel(R) Xeon(R) CPU @ 2.60GHz,,,,,15.61648178100586,machine,Y,1.0
2025-08-07T10:12:01,scipy-benchmark,bfd27685-b0be-4a21-9862-ab1c1fc1e4ef,scipy_LMC001_f7d9627c,1.001582267927006,7.6330752171066e-08,7.62101672676866e-08,1.6732691000000002,0.0,10.0,2.3287538453032e-07,0.0,1.3911831723008717e-06,1.6240585568311916e-06,Canada,CAN,,gcp,northamerica-northeast2,Linux-6.8.0-1032-gcp-x86_64-with-glibc2.35,3.12.11,3.0.4,2,Intel(R) Xeon(R) CPU @ 2.60GHz,,,,,15.61648178100586,machine,Y,1.0
2025-08-07T10:12:03,scipy-benchmark,fb795b8d-b5b8-437b-9c84-eccaf81e916f,scipy_LMC001_f7d9627c,1.0014900020323694,7.66806647110349e-08,7.656658035070078e-08,1.7272709000000002,0.0,10.0,2.403813797372467e-07,0.0,1.3911221247528576e-06,1.6315035044901042e-06,Canada,CAN,,gcp,northamerica-northeast2,Linux-6.8.0-1032-gcp-x86_64-with-glibc2.35,3.12.11,3.0.4,2,Intel(R) Xeon(R) CPU @ 2.60GHz,,,,,15.61648178100586,machine,Y,1.0
2025-08-07T10:12:05,scipy-benchmark,2814d59c-3c2f-46e1-8eb6-bc2532dc40ad,scipy_LMC001_f7d9627c,1.0014516978990289,7.667891724515591e-08,7.65677639830484e-08,1.7272709000000002,0.0,10.0,2.4037517449554106e-07,0.0,1.3910911498694784e-06,1.631466324365019e-06,Canada,CAN,,gcp,northamerica-northeast2,Linux-6.8.0-1032-gcp-x86_64-with-glibc2.35,3.12.11,3.0.4,2,Intel(R) Xeon(R) CPU @ 2.60GHz,,,,,15.61648178100586,machine,Y,1.0
2025-08-07T10:12:07,scipy-benchmark,61533c91-1826-497f-9926-e60734df0a6d,scipy_LMC001_f7d9627c,1.0014925838913769,7.650891394706885e-08,7.639488816760633e-08,1.7000000000000002,0.0,10.0,2.3660885218608506e-07,0.0,1.3912403807302731e-06,1.627849232916358e-06,Canada,CAN,,gcp,northamerica-northeast2,Linux-6.8.0-1032-gcp-x86_64-with-glibc2.35,3.12.11,3.0.4,2,Intel(R) Xeon(R) CPU @ 2.60GHz,,,,,15.61648178100586,machine,Y,1.0
2025-08-07T10:12:09,scipy-benchmark,6f3fc456-8e49-4286-8f46-c87085a957d8,scipy_LMC001_f7d9627c,1.001537558855489,7.650107538228623e-08,7.638363105394484e-08,1.7000000000000002,0.0,10.0,2.365834716151262e-07,0.0,1.391098983327134e-06,1.6276824549422602e-06,Canada,CAN,,gcp,northamerica-northeast2,Linux-6.8.0-1032-gcp-x86_64-with-glibc2.35,3.12.11,3.0.4,2,Intel(R) Xeon(R) CPU @ 2.60GHz,,,,,15.61648178100586,machine,Y,1.0
2025-08-07T10:12:11,scipy-benchmark,a8b8d18a-a454-485d-bc77-c4c5c00db80e,scipy_LMC001_f7d9627c,1.0014505709987134,7.649476120793648e-08,7.638396084956125e-08,1.7000000000000002,0.0,10.0,2.365722133997932e-07,0.0,1.390975897407366e-06,1.6275481108071592e-06,Canada,CAN,,gcp,northamerica-northeast2,Linux-6.8.0-1032-gcp-x86_64-with-glibc2.35,3.12.11,3.0.4,2,Intel(R) Xeon(R) CPU @ 2.60GHz,,,,,15.61648178100586,machine,Y,1.0
2025-08-07T10:12:14,scipy-benchmark,ad0d801c-dd5f-4766-956b-daaeaf826cbf,scipy_LMC001_f7d9627c,1.0013983510434628,7.648955824704092e-08,7.638274835118149e-08,1.7000000000000002,0.0,10.0,2.365449450250405e-07,0.0,1.3908924644864685e-06,1.6274374095115087e-06,Canada,CAN,,gcp,northamerica-northeast2,Linux-6.8.0-1032-gcp-x86_64-with-glibc2.35,3.12.11,3.0.4,2,Intel(R) Xeon(R) CPU @ 2.60GHz,,,,,15.61648178100586,machine,Y,1.0
2025-08-07T10:12:16,scipy-benchmark,dfffe920-bd7d-442d-8a5b-88ffa881a44a,scipy_LMC001_f7d9627c,1.0014801530633122,7.649255680786319e-08,7.637950345185467e-08,1.7000000000000002,0.0,10.0,2.3655682554494385e-07,0.0,1.390944383132996e-06,1.6275012086779398e-06,Canada,CAN,,gcp,northamerica-northeast2,Linux-6.8.0-1032-gcp-x86_64-with-glibc2.35,3.12.11,3.0.4,2,Intel(R) Xeon(R) CPU @ 2.60GHz,,,,,15.61648178100586,machine,Y,1.0
2025-08-07T10:12:18,scipy-benchmark,2005b266-75e5-4a6c-b749-2a2e395a557e,scipy_LMC001_f7d9627c,1.0013928790576756,7.649446536831482e-08,7.638806603088406e-08,1.7000000000000002,0.0,10.0,2.3656141366680259e-07,0.0,1.390980402680321e-06,1.6275418163471236e-06,Canada,CAN,,gcp,northamerica-northeast2,Linux-6.8.0-1032-gcp-x86_64-with-glibc2.35,3.12.11,3.0.4,2,Intel(R) Xeon(R) CPU @ 2.60GHz,,,,,15.61648178100586,machine,Y,1.0
2025-08-07T10:12:20,scipy-benchmark,3d746069-f08a-4822-8989-a19d499efaf8,scipy_LMC001_f7d9627c,1.0014871240127832,7.650139952577754e-08,7.638780139204372e-08,1.7000000000000002,0.0,10.0,2.365946879403459e-07,0.0,1.391094663671942e-06,1.6276893516122878e-06,Canada,CAN,,gcp,northamerica-northeast2,Linux-6.8.0-1032-gcp-x86_64-with-glibc2.35,3.12.11,3.0.4,2,Intel(R) Xeon(R) CPU @ 2.60GHz,,,,,15.61648178100586,machine,Y,1.0
2025-08-07T10:12:22,scipy-benchmark,badce909-6739-45a1-a756-c012abcb7dbe,scipy_LMC001_f7d9627c,1.0015263939276338,7.668518132469087e-08,7.656830792442582e-08,1.7272709000000002,0.0,10.0,2.4039646124392085e-07,0.0,1.391203141409076e-06,1.631599602652997e-06,Canada,CAN,,gcp,northamerica-northeast2,Linux-6.8.0-1032-gcp-x86_64-with-glibc2.35,3.12.11,3.0.4,2,Intel(R) Xeon(R) CPU @ 2.60GHz,,,,,15.61648178100586,machine,Y,1.0
2025-08-07T10:12:24,scipy-benchmark,c227138a-6097-4664-bf72-06565ff24b7d,scipy_LMC001_f7d9627c,1.0015440790448338,7.669072097355456e-08,7.657248700096556e-08,1.7272709000000002,0.0,10.0,2.404182479015061e-07,0.0,1.3912992196209314e-06,1.6317174675224376e-06,Canada,CAN,,gcp,northamerica-northeast2,Linux-6.8.0-1032-gcp-x86_64-with-glibc2.35,3.12.11,3.0.4,2,Intel(R) Xeon(R) CPU @ 2.60GHz,,,,,15.61648178100586,machine,Y,1.0
2025-08-07T10:12:26,scipy-benchmark,0d909e3e-b03d-4ee4-874d-b360987d11aa,scipy_LMC001_f7d9627c,1.0014631960075349,7.650497929821723e-08,7.639320107140677e-08,1.7000000000000002,0.0,10.0,2.365953476271696e-07,0.0,1.3911701693561757e-06,1.6277655169833453e-06,Canada,CAN,,gcp,northamerica-northeast2,Linux-6.8.0-1032-gcp-x86_64-with-glibc2.35,3.12.11,3.0.4,2,Intel(R) Xeon(R) CPU @ 2.60GHz,,,,,15.61648178100586,machine,Y,1.0
2025-08-07T10:12:29,scipy-benchmark,19a7bf00-3270-42d6-91cd-7ddebf3f98bd,scipy_LMC001_f7d9627c,1.001591412816197,7.634180723144279e-08,7.622050893666398e-08,1.6732691000000002,0.0,10.0,2.3291325197408066e-07,0.0,1.391380518907681e-06,1.6242937708817616e-06,Canada,CAN,,gcp,northamerica-northeast2,Linux-6.8.0-1032-gcp-x86_64-with-glibc2.35,3.12.11,3.0.4,2,Intel(R) Xeon(R) CPU @ 2.60GHz,,,,,15.61648178100586,machine,Y,1.0
2025-08-07T10:12:31,scipy-benchmark,76a84f2d-9017-4f7e-8191-79761a34d321,scipy_LMC001_f7d9627c,1.0014222520403564,7.667599242295476e-08,7.656709471627038e-08,1.7272709000000002,0.0,10.0,2.403663937439515e-07,0.0,1.3910377003614686e-06,1.63140409410542e-06,Canada,CAN,,gcp,northamerica-northeast2,Linux-6.8.0-1032-gcp-x86_64-with-glibc2.35,3.12.11,3.0.4,2,Intel(R) Xeon(R) CPU @ 2.60GHz,,,,,15.61648178100586,machine,Y,1.0
2025-08-07T10:12:33,scipy-benchmark,a3117dfe-1dc4-4dab-9abe-ad652f9425ac,scipy_LMC001_f7d9627c,1.0014236979186537,7.65015187419938e-08,7.639275853067348e-08,1.7000000000000002,0.0,10.0,2.3658129948631139e-07,0.0,1.3911105886412164e-06,1.6276918881275277e-06,Canada,CAN,,gcp,northamerica-northeast2,Linux-6.8.0-1032-gcp-x86_64-with-glibc2.35,3.12.11,3.0.4,2,Intel(R) Xeon(R) CPU @ 2.60GHz,,,,,15.61648178100586,machine,Y,1.0
2025-08-07T10:12:35,scipy-benchmark,d390d989-b5c2-40d6-8c13-d95cf38a0ecd,scipy_LMC001_f7d9627c,1.0014391778968277,7.64950663889629e-08,7.638513459161248e-08,1.7000000000000002,0.0,10.0,2.3657171522629346e-07,0.0,1.3909828887941936e-06,1.6275546040204871e-06,Canada,CAN,,gcp,northamerica-northeast2,Linux-6.8.0-1032-gcp-x86_64-with-glibc2.35,3.12.11,3.0.4,2,Intel(R) Xeon(R) CPU @ 2.60GHz,,,,,15.61648178100586,machine,Y,1.0
2025-08-07T10:12:37,scipy-benchmark,1cd7463b-6429-4e09-bf3e-a11d093a8338,scipy_LMC001_f7d9627c,1.00140203605406,7.66722640200695e-08,7.656491724561503e-08,1.7272709000000002,0.0,10.0,2.403647331516971e-07,0.0,1.3909600332327605e-06,1.6313247663844577e-06,Canada,CAN,,gcp,northamerica-northeast2,Linux-6.8.0-1032-gcp-x86_64-with-glibc2.35,3.12.11,3.0.4,2,Intel(R) Xeon(R) CPU @ 2.60GHz,,,,,15.61648178100586,machine,Y,1.0
2025-08-07T10:12:39,scipy-benchmark,c8896501-1be4-405c-98ff-712492d85886,scipy_LMC001_f7d9627c,1.0014674570411444,7.668147829640496e-08,7.656911640739872e-08,1.7272709000000002,0.0,10.0,2.40383478462217e-07,0.0,1.3911373363549096e-06,1.6315208148171266e-06,Canada,CAN,,gcp,northamerica-northeast2,Linux-6.8.0-1032-gcp-x86_64-with-glibc2.35,3.12.11,3.0.4,2,Intel(R) Xeon(R) CPU @ 2.60GHz,,,,,15.61648178100586,machine,Y,1.0
2025-08-07T10:12:42,scipy-benchmark,4ea0de9d-84d3-4b71-a122-d19697dfc977,scipy_LMC001_f7d9627c,1.001427668845281,7.649727841572733e-08,7.638822133198522e-08,1.7000000000000002,0.0,10.0,2.3657012384177925e-07,0.0,1.3910315445779513e-06,1.6276016684197305e-06,Canada,CAN,,gcp,northamerica-northeast2,Linux-6.8.0-1032-gcp-x86_64-with-glibc2.35,3.12.11,3.0.4,2,Intel(R) Xeon(R) CPU @ 2.60GHz,,,,,15.61648178100586,machine,Y,1.0
2025-08-07T10:12:44,scipy-benchmark,00dfe754-ac3d-4d73-815c-741bda56492f,scipy_LMC001_f7d9627c,1.0014326628297567,7.66767474334931e-08,7.656705266315856e-08,1.7272709000000002,0.0,10.0,2.403684530347431e-07,0.0,1.3910517051246845e-06,1.6314201581594275e-06,Canada,CAN,,gcp,northamerica-northeast2,Linux-6.8.0-1032-gcp-x86_64-with-glibc2.35,3.12.11,3.0.4,2,Intel(R) Xeon(R) CPU @ 2.60GHz,,,,,15.61648178100586,machine,Y,1.0
2025-08-07T10:12:46,scipy-benchmark,36878c52-e194-435e-ab06-f7e245d61fee,scipy_LMC001_f7d9627c,1.0014620719011873,7.667979685535937e-08,7.65678491545761e-08,1.7272709000000002,0.0,10.0,2.403794954984607e-07,0.0,1.3911055439772704e-06,1.631485039475731e-06,Canada,CAN,,gcp,northamerica-northeast2,Linux-6.8.0-1032-gcp-x86_64-with-glibc2.35,3.12.11,3.0.4,2,Intel(R) Xeon(R) CPU @ 2.60GHz,,,,,15.61648178100586,machine,Y,1.0
2025-08-07T10:12:48,scipy-benchmark,91624493-2f6c-4563-b5e6-e24a24e216b5,scipy_LMC001_f7d9627c,1.001453619915992,7.685913687549504e-08,7.674757507186648e-08,1.7550872000000004,0.0,10.0,2.442436816698942e-07,0.0,1.3910571029151066e-06,1.6353007845850009e-06,Canada,CAN,,gcp,northamerica-northeast2,Linux-6.8.0-1032-gcp-x86_64-with-glibc2.35,3.12.11,3.0.4,2,Intel(R) Xeon(R) CPU @ 2.60GHz,,,,,15.61648178100586,machine,Y,1.0
2025-08-07T10:12:50,scipy-benchmark,8ad542ae-d601-445f-88ce-46838ecf385e,scipy_LMC001_f7d9627c,1.0014799709897488,7.650436350112109e-08,7.63913065835085e-08,1.7000000000000002,0.0,10.0,2.365934369542326e-07,0.0,1.3911589779632373e-06,1.62775241491747e-06,Canada,CAN,,gcp,northamerica-northeast2,Linux-6.8.0-1032-gcp-x86_64-with-glibc2.35,3.12.11,3.0.4,2,Intel(R) Xeon(R) CPU @ 2.60GHz,,,,,15.61648178100586,machine,Y,1.0
2025-08-07T10:12:52,scipy-benchmark,dfad0c67-fb23-40f1-8de4-d443c3f90e35,scipy_LMC001_f7d9627c,1.001446584938094,7.649912966626127e-08,7.63886270289595e-08,1.7000000000000002,0.0,10.0,2.365751288857105e-07,0.0,1.391065927843253e-06,1.6276410567289633e-06,Canada,CAN,,gcp,northamerica-northeast2,Linux-6.8.0-1032-gcp-x86_64-with-glibc2.35,3.12.11,3.0.4,2,Intel(R) Xeon(R) CPU @ 2.60GHz,,,,,15.61648178100586,machine,Y,1.0
2025-08-07T10:12:54,scipy-benchmark,f6a362bc-3ff0-40a2-840e-45802c62b7d3,scipy_LMC001_f7d9627c,1.001591495005414,7.704928095012857e-08,7.69268522489921e-08,1.7834543000000005,0.0,10.0,2.482082642203461e-07,0.0,1.3911381389738786e-06,1.6393464031942249e-06,Canada,CAN,,gcp,northamerica-northeast2,Linux-6.8.0-1032-gcp-x86_64-with-glibc2.35,3.12.11,3.0.4,2,Intel(R) Xeon(R) CPU @ 2.60GHz,,,,,15.61648178100586,machine,Y,1.0
2025-08-07T10:12:57,scipy-benchmark,d721fe57-2732-47ff-a1af-17d126cb78ca,scipy_LMC001_f7d9627c,1.001367068151012,7.648710206949749e-08,7.638268173800454e-08,1.7000000000000002,0.0,10.0,2.365426779013231e-07,0.0,1.390842472513517e-06,1.6273851504148397e-06,Canada,CAN,,gcp,northamerica-northeast2,Linux-6.8.0-1032-gcp-x86_64-with-glibc2.35,3.12.11,3.0.4,2,Intel(R) Xeon(R) CPU @ 2.60GHz,,,,,15.61648178100586,machine,Y,1.0
2025-08-07T10:12:59,scipy-benchmark,7e7acbe4-d28a-4988-a37c-c244d3f51c0b,scipy_LMC001_f7d9627c,1.001373428152874,7.649124728858525e-08,7.638633614403015e-08,1.7000000000000002,0.0,10.0,2.365527716594645e-07,0.0,1.3909205749061787e-06,1.6274733465656433e-06,Canada,CAN,,gcp,northamerica-northeast2,Linux-6.8.0-1032-gcp-x86_64-with-glibc2.35,3.12.11,3.0.4,2,Intel(R) Xeon(R) CPU @ 2.60GHz,,,,,15.61648178100586,machine,Y,1.0
2025-08-07T10:13:01,scipy-benchmark,fba0697f-3f01-4727-81f9-bf97543d7319,scipy_LMC001_f7d9627c,1.001438349019736,7.649489920696943e-08,7.638503087269117e-08,1.7000000000000002,0.0,10.0,2.365633243397397e-07,0.0,1.3909877226170566e-06,1.627551046956796e-06,Canada,CAN,,gcp,northamerica-northeast2,Linux-6.8.0-1032-gcp-x86_64-with-glibc2.35,3.12.11,3.0.4,2,Intel(R) Xeon(R) CPU @ 2.60GHz,,,,,15.61648178100586,machine,Y,1.0
2025-08-07T10:13:03,scipy-benchmark,a8d15830-b108-497c-bcd2-2c871208b6b9,scipy_LMC001_f7d9627c,1.0015069518703967,7.650948972485883e-08,7.639436709048405e-08,1.7000000000000002,0.0,10.0,2.366118555202977e-07,0.0,1.391249627987337e-06,1.6278614835076347e-06,Canada,CAN,,gcp,northamerica-northeast2,Linux-6.8.0-1032-gcp-x86_64-with-glibc2.35,3.12.11,3.0.4,2,Intel(R) Xeon(R) CPU @ 2.60GHz,,,,,15.61648178100586,machine,Y,1.0
2025-08-07T10:13:05,scipy-benchmark,2080310b-b7ef-416f-8326-2e2b08ebb05b,scipy_LMC001_f7d9627c,1.0015147540252656,7.650951436919343e-08,7.639379655835135e-08,1.7000000000000002,0.0,10.0,2.3660820767205842e-07,0.0,1.3912538001831207e-06,1.6278620078551791e-06,Canada,CAN,,gcp,northamerica-northeast2,Linux-6.8.0-1032-gcp-x86_64-with-glibc2.35,3.12.11,3.0.4,2,Intel(R) Xeon(R) CPU @ 2.60GHz,,,,,15.61648178100586,machine,Y,1.0
2025-08-07T10:13:07,scipy-benchmark,e373d7e0-8664-4396-90ff-ccaa5c6ee1d3,scipy_LMC001_f7d9627c,1.001471136929467,7.650309991586256e-08,7.639071870850192e-08,1.7000000000000002,0.0,10.0,2.3658847446010141e-07,0.0,1.3911370556646337e-06,1.627725530124735e-06,Canada,CAN,,gcp,northamerica-northeast2,Linux-6.8.0-1032-gcp-x86_64-with-glibc2.35,3.12.11,3.0.4,2,Intel(R) Xeon(R) CPU @ 2.60GHz,,,,,15.61648178100586,machine,Y,1.0
2025-08-07T10:13:10,scipy-benchmark,9f822839-4948-4736-b558-580ee3649893,scipy_LMC001_f7d9627c,1.001490524969995,7.650426335983988e-08,7.639040155884847e-08,1.7000000000000002,0.0,10.0,2.3659580380060814e-07,0.0,1.3911544804513042e-06,1.6277502842519122e-06,Canada,CAN,,gcp,northamerica-northeast2,Linux-6.8.0-1032-gcp-x86_64-with-glibc2.35,3.12.11,3.0.4,2,Intel(R) Xeon(R) CPU @ 2.60GHz,,,,,15.61648178100586,machine,Y,1.0
2025-08-07T10:13:12,scipy-benchmark,75f4933d-8891-482e-9133-957c605c7be4,scipy_LMC001_f7d9627c,1.0013913761358708,7.649143092769534e-08,7.638515045222122e-08,1.7000000000000002,0.0,10.0,2.365614506092649e-07,0.0,1.3909158031714873e-06,1.627477253780752e-06,Canada,CAN,,gcp,northamerica-northeast2,Linux-6.8.0-1032-gcp-x86_64-with-glibc2.35,3.12.11,3.0.4,2,Intel(R) Xeon(R) CPU @ 2.60GHz,,,,,15.61648178100586,machine,Y,1.0
2025-08-07T10:13:14,scipy-benchmark,4cdc0612-2850-4177-b87d-bd446827e2c4,scipy_LMC001_f7d9627c,1.0014491381589323,7.649247540805826e-08,7.638178764493452e-08,1.7000000000000002,0.0,10.0,2.3655242125581335e-07,0.0,1.3909470555113837e-06,1.627499476767197e-06,Canada,CAN,,gcp,northamerica-northeast2,Linux-6.8.0-1032-gcp-x86_64-with-glibc2.35,3.12.11,3.0.4,2,Intel(R) Xeon(R) CPU @ 2.60GHz,,,,,15.61648178100586,machine,Y,1.0
2025-08-07T10:13:16,scipy-benchmark,6b443743-07a3-483a-b3f5-8270c74f4d03,scipy_LMC001_f7d9627c,1.0015027800109235,7.650385425944764e-08,7.638905830956671e-08,1.7000000000000002,0.0,10.0,2.3659195793637386e-07,0.0,1.3911496220518733e-06,1.6277415799882472e-06,Canada,CAN,,gcp,northamerica-northeast2,Linux-6.8.0-1032-gcp-x86_64-with-glibc2.35,3.12.11,3.0.4,2,Intel(R) Xeon(R) CPU @ 2.60GHz,,,,,15.61648178100586,machine,Y,1.0
2025-08-07T10:13:18,scipy-benchmark,93728c1a-2007-4c96-9368-2795b8853ec4,scipy_LMC001_f7d9627c,1.001473412150517,7.668149288342133e-08,7.656867566634553e-08,1.7272709000000002,0.0,10.0,2.403857219653616e-07,0.0,1.3911354032138156e-06,1.6315211251791772e-06,Canada,CAN,,gcp,northamerica-northeast2,Linux-6.8.0-1032-gcp-x86_64-with-glibc2.35,3.12.11,3.0.4,2,Intel(R) Xeon(R) CPU @ 2.60GHz,,,,,15.61648178100586,machine,Y,1.0
2025-08-07T10:13:20,scipy-benchmark,77899385-c7fe-4eac-8f89-4fb9359540d8,scipy_LMC001_f7d9627c,1.0015316628850996,7.650452646305267e-08,7.638752652379163e-08,1.7000000000000002,0.0,10.0,2.3660768816868466e-07,0.0,1.3911481940239251e-06,1.62775588219261e-06,Canada,CAN,,gcp,northamerica-northeast2,Linux-6.8.0-1032-gcp-x86_64-with-glibc2.35,3.12.11,3.0.4,2,Intel(R) Xeon(R) CPU @ 2.60GHz,,,,,15.61648178100586,machine,Y,1.0
2025-08-07T10:13:23,scipy-benchmark,56177a5d-a8f2-446e-908f-43c70a318958,scipy_LMC001_f7d9627c,1.0014653119724244,7.650256018596702e-08,7.639062408990709e-08,1.7000000000000002,0.0,10.0,2.365876829458608e-07,0.0,1.3911263635640756e-06,1.6277140465099363e-06,Canada,CAN,,gcp,northamerica-northeast2,Linux-6.8.0-1032-gcp-x86_64-with-glibc2.35,3.12.11,3.0.4,2,Intel(R) Xeon(R) CPU @ 2.60GHz,,,,,15.61648178100586,machine,Y,1.0
2025-08-07T10:13:25,scipy-benchmark,a50e314e-03bf-4e07-bf15-c9a93805d784,scipy_LMC001_f7d9627c,1.001443465007469,7.64966880505607e-08,7.638642691626148e-08,1.7000000000000002,0.0,10.0,2.365673935079637e-07,0.0,1.3910217139507746e-06,1.6275891074587383e-06,Canada,CAN,,gcp,northamerica-northeast2,Linux-6.8.0-1032-gcp-x86_64-with-glibc2.35,3.12.11,3.0.4,2,Intel(R) Xeon(R) CPU @ 2.60GHz,,,,,15.61648178100586,machine,Y,1.0
2025-08-07T10:13:27,scipy-benchmark,1af5fdd6-0a76-4706-aa43-3b1814e0185c,scipy_LMC001_f7d9627c,1.0014002930838617,7.667842269478738e-08,7.657120057220317e-08,1.7272709000000002,0.0,10.0,2.403718990010581e-07,0.0,1.3910839030156947e-06,1.6314558020167528e-06,Canada,CAN,,gcp,northamerica-northeast2,Linux-6.8.0-1032-gcp-x86_64-with-glibc2.35,3.12.11,3.0.4,2,Intel(R) Xeon(R) CPU @ 2.60GHz,,,,,15.61648178100586,machine,Y,1.0
2025-08-07T10:13:29,scipy-benchmark,7f1bf550-1a9b-4336-846b-427ea499e072,scipy_LMC001_f7d9627c,1.0015827629249543,7.650751855197853e-08,7.638661664718667e-08,1.7000000000000002,0.0,10.0,2.36642974047249e-07,0.0,1.3911765696118688e-06,1.6278195436591178e-06,Canada,CAN,,gcp,northamerica-northeast2,Linux-6.8.0-1032-gcp-x86_64-with-glibc2.35,3.12.11,3.0.4,2,Intel(R) Xeon(R) CPU @ 2.60GHz,,,,,15.61648178100586,machine,Y,1.0
2025-08-07T10:13:31,scipy-benchmark,f47d990c-f1d8-4eb7-950a-60046e35b1a1,scipy_LMC001_f7d9627c,1.001451953081414,7.649792609719508e-08,7.638701573431959e-08,1.7000000000000002,0.0,10.0,2.3657329627571425e-07,0.0,1.3910421526007769e-06,1.6276154488764909e-06,Canada,CAN,,gcp,northamerica-northeast2,Linux-6.8.0-1032-gcp-x86_64-with-glibc2.35,3.12.11,3.0.4,2,Intel(R) Xeon(R) CPU @ 2.60GHz,,,,,15.61648178100586,machine,Y,1.0
2025-08-07T10:13:33,scipy-benchmark,a36eae8a-1463-413f-9d07-77bf1ad9b5c2,scipy_LMC001_f7d9627c,1.0014783481601626,7.668565017304694e-08,7.65724494333081e-08,1.7272709000000002,0.0,10.0,2.40398955762928e-07,0.0,1.391210622387007e-06,1.631609578149935e-06,Canada,CAN,,gcp,northamerica-northeast2,Linux-6.8.0-1032-gcp-x86_64-with-glibc2.35,3.12.11,3.0.4,2,Intel(R) Xeon(R) CPU @ 2.60GHz,,,,,15.61648178100586,machine,Y,1.0
2025-08-07T10:13:35,scipy-benchmark,6df287e5-7848-4caa-a037-fbbdae0bd0cd,scipy_LMC001_f7d9627c,1.001435365062207,7.649754073742467e-08,7.638789622001497e-08,1.7000000000000002,0.0,10.0,2.365821881944107e-07,0.0,1.391025061538029e-06,1.6276072497324398e-06,Canada,CAN,,gcp,northamerica-northeast2,Linux-6.8.0-1032-gcp-x86_64-with-glibc2.35,3.12.11,3.0.4,2,Intel(R) Xeon(R) CPU @ 2.60GHz,,,,,15.61648178100586,machine,Y,1.0
2025-08-07T10:13:38,scipy-benchmark,6ad84039-a2f4-4c44-9e6c-8c1db09b0f29,scipy_LMC001_f7d9627c,1.0014036181382835,7.649954343234036e-08,7.639231778946554e-08,1.7000000000000002,0.0,10.0,2.365761267719791e-07,0.0,1.3910737334905814e-06,1.6276498602625604e-06,Canada,CAN,,gcp,northamerica-northeast2,Linux-6.8.0-1032-gcp-x86_64-with-glibc2.35,3.12.11,3.0.4,2,Intel(R) Xeon(R) CPU @ 2.60GHz,,,,,15.61648178100586,machine,Y,1.0
2025-08-07T10:13:40,scipy-benchmark,7b728c25-b128-4701-990d-1be38b13bf43,scipy_LMC001_f7d9627c,1.0014262988697735,7.649637718918448e-08,7.63874258899727e-08,1.7000000000000002,0.0,10.0,2.365712438800579e-07,0.0,1.391011249506846e-06,1.627582493386904e-06,Canada,CAN,,gcp,northamerica-northeast2,Linux-6.8.0-1032-gcp-x86_64-with-glibc2.35,3.12.11,3.0.4,2,Intel(R) Xeon(R) CPU @ 2.60GHz,,,,,15.61648178100586,machine,Y,1.0
2025-08-07T10:13:42,scipy-benchmark,92f09dfd-32f2-4574-a358-f6dc9a934690,scipy_LMC001_f7d9627c,1.0013482139911505,7.648641657040248e-08,7.638343535416588e-08,1.7000000000000002,0.0,10.0,2.3653403193586402e-07,0.0,1.3908365333918484e-06,1.6273705653277123e-06,Canada,CAN,,gcp,northamerica-northeast2,Linux-6.8.0-1032-gcp-x86_64-with-glibc2.35,3.12.11,3.0.4,2,Intel(R) Xeon(R) CPU @ 2.60GHz,,,,,15.61648178100586,machine,Y,1.0
2025-08-07T10:13:44,scipy-benchmark,a3d57555-e475-4adb-91c0-58a5b8dfc3c8,scipy_LMC001_f7d9627c,1.0014379848726094,7.667416949445398e-08,7.656407151782597e-08,1.7272709000000002,0.0,10.0,2.403628973957256e-07,0.0,1.3910024109969124e-06,1.631365308392638e-06,Canada,CAN,,gcp,northamerica-northeast2,Linux-6.8.0-1032-gcp-x86_64-with-glibc2.35,3.12.11,3.0.4,2,Intel(R) Xeon(R) CPU @ 2.60GHz,,,,,15.61648178100586,machine,Y,1.0
2025-08-07T10:13:46,scipy-benchmark,bc7ceb03-e685-4761-b87a-618b762ce6ea,scipy_LMC001_f7d9627c,1.001729200128466,7.824364660402427e-08,7.810858123531785e-08,1.9655261,0.0,10.0,2.735558130823457e-07,0.0,1.3912026253011492e-06,1.664758438383495e-06,Canada,CAN,,gcp,northamerica-northeast2,Linux-6.8.0-1032-gcp-x86_64-with-glibc2.35,3.12.11,3.0.4,2,Intel(R) Xeon(R) CPU @ 2.60GHz,,,,,15.61648178100586,machine,Y,1.0
2025-08-07T10:13:48,scipy-benchmark,738f1e31-255f-4d21-88c9-6aac1a1071f7,scipy_LMC001_f7d9627c,1.0014997078105807,7.668306397611676e-08,7.656823399754825e-08,1.7272709000000002,0.0,10.0,2.403997779599675e-07,0.0,1.3911547747233676e-06,1.631554552683335e-06,Canada,CAN,,gcp,northamerica-northeast2,Linux-6.8.0-1032-gcp-x86_64-with-glibc2.35,3.12.11,3.0.4,2,Intel(R) Xeon(R) CPU @ 2.60GHz,,,,,15.61648178100586,machine,Y,1.0
2025-08-07T10:13:51,scipy-benchmark,821c2aae-ea27-4ea2-894f-5b9685f8bb36,scipy_LMC001_f7d9627c,1.0019021050538868,7.669468476169062e-08,7.654908036905027e-08,1.7272709000000002,0.0,10.0,2.404274312615373e-07,0.0,1.3913743721786887e-06,1.631801803440226e-06,Canada,CAN,,gcp,northamerica-northeast2,Linux-6.8.0-1032-gcp-x86_64-with-glibc2.35,3.12.11,3.0.4,2,Intel(R) Xeon(R) CPU @ 2.60GHz,,,,,15.61648178100586,machine,Y,1.0
2025-08-07T10:13:53,scipy-benchmark,cb61b967-2bec-4a49-a852-a545dd06c55c,scipy_LMC001_f7d9627c,1.001465416047722,7.724014791571076e-08,7.712712458962249e-08,1.8123776000000005,0.0,10.0,2.522400413020188e-07,0.0,1.3911673611599124e-06,1.643407402461931e-06,Canada,CAN,,gcp,northamerica-northeast2,Linux-6.8.0-1032-gcp-x86_64-with-glibc2.35,3.12.11,3.0.4,2,Intel(R) Xeon(R) CPU @ 2.60GHz,,,,,15.61648178100586,machine,Y,1.0
2025-08-07T10:13:55,scipy-benchmark,d8c214a1-d95c-41de-853d-ca1751707e2c,scipy_LMC001_f7d9627c,1.0014958078972995,7.68593851924789e-08,7.674459002863904e-08,1.7550872000000004,0.0,10.0,2.442785319147132e-07,0.0,1.3910275360103696e-06,1.6353060679250827e-06,Canada,CAN,,gcp,northamerica-northeast2,Linux-6.8.0-1032-gcp-x86_64-with-glibc2.35,3.12.11,3.0.4,2,Intel(R) Xeon(R) CPU @ 2.60GHz,,,,,15.61648178100586,machine,Y,1.0
2025-08-07T10:13:57,scipy-benchmark,af53f051-3561-4a34-8cf2-49fbc389039d,scipy_LMC001_f7d9627c,1.0014519849792125,7.65024022161896e-08,7.639148293043488e-08,1.7000000000000002,0.0,10.0,2.365882218000479e-07,0.0,1.3911224636507946e-06,1.6277106854508426e-06,Canada,CAN,,gcp,northamerica-northeast2,Linux-6.8.0-1032-gcp-x86_64-with-glibc2.35,3.12.11,3.0.4,2,Intel(R) Xeon(R) CPU @ 2.60GHz,,,,,15.61648178100586,machine,Y,1.0
2025-08-07T10:13:59,scipy-benchmark,c41d57a5-d86f-4f1d-b515-bd1ba977117a,scipy_LMC001_f7d9627c,1.0066425648983568,8.28678729950813e-08,8.2321050077441e-08,2.5662635072000004,0.0,10.0,3.605688842028896e-07,0.0,1.40257734973501e-06,1.7631462339378997e-06,Canada,CAN,,gcp,northamerica-northeast2,Linux-6.8.0-1032-gcp-x86_64-with-glibc2.35,3.12.11,3.0.4,2,Intel(R) Xeon(R) CPU @ 2.60GHz,,,,,15.61648178100586,machine,Y,1.0
2025-08-07T10:14:01,scipy-benchmark,574382c7-0e10-4f66-9832-ccb386a9add1,scipy_LMC001_f7d9627c,1.0014578469563276,7.650094653285083e-08,7.638958221292659e-08,1.7000000000000002,0.0,10.0,2.365821135398518e-07,0.0,1.3910975999250597e-06,1.6276797134649113e-06,Canada,CAN,,gcp,northamerica-northeast2,Linux-6.8.0-1032-gcp-x86_64-with-glibc2.35,3.12.11,3.0.4,2,Intel(R) Xeon(R) CPU @ 2.60GHz,,,,,15.61648178100586,machine,Y,1.0
2025-08-07T10:14:04,scipy-benchmark,4b39d0ba-88d9-4527-9507-2299113c42d2,scipy_LMC001_f7d9627c,1.0014776710886508,7.632933149651498e-08,7.621670827023195e-08,1.6732691000000002,0.0,10.0,2.328770267533145e-07,0.0,1.39115130295977e-06,1.6240283297130846e-06,Canada,CAN,,gcp,northamerica-northeast2,Linux-6.8.0-1032-gcp-x86_64-with-glibc2.35,3.12.11,3.0.4,2,Intel(R) Xeon(R) CPU @ 2.60GHz,,,,,15.61648178100586,machine,Y,1.0
2025-08-07T10:14:06,scipy-benchmark,8bcef631-1a42-462b-b00b-90d307f99f99,scipy_LMC001_f7d9627c,1.0022477130405605,7.698486604230944e-08,7.68122142267177e-08,1.7550872000000004,0.0,10.0,2.446391701193776e-07,0.0,1.3933367031212482e-06,1.6379758732406258e-06,Canada,CAN,,gcp,northamerica-northeast2,Linux-6.8.0-1032-gcp-x86_64-with-glibc2.35,3.12.11,3.0.4,2,Intel(R) Xeon(R) CPU @ 2.60GHz,,,,,15.61648178100586,machine,Y,1.0
2025-08-07T10:14:08,scipy-benchmark,26d6ae4a-fa76-49f3-9aaf-47bd350daa50,scipy_LMC001_f7d9627c,1.0017935640644282,7.672244478775447e-08,7.65850845322662e-08,1.7272709000000002,0.0,10.0,2.4053650843394524e-07,0.0,1.3918559338587026e-06,1.632392442292648e-06,Canada,CAN,,gcp,northamerica-northeast2,Linux-6.8.0-1032-gcp-x86_64-with-glibc2.35,3.12.11,3.0.4,2,Intel(R) Xeon(R) CPU @ 2.60GHz,,,,,15.61648178100586,machine,Y,1.0
2025-08-07T10:14:10,scipy-benchmark,1d683aa6-d500-483f-aceb-88189c3e845e,scipy_LMC001_f7d9627c,1.0014456969220191,7.7428731112271e-08,7.731695422952149e-08,1.8418625,0.0,10.0,2.56325771989668e-07,0.0,1.391094038909715e-06,1.647419810899383e-06,Canada,CAN,,gcp,northamerica-northeast2,Linux-6.8.0-1032-gcp-x86_64-with-glibc2.35,3.12.11,3.0.4,2,Intel(R) Xeon(R) CPU @ 2.60GHz,,,,,15.61648178100586,machine,Y,1.0
2025-08-07T10:14:12,scipy-benchmark,79207294-1351-4739-b58d-294c5b1bb4c1,scipy_LMC001_f7d9627c,1.001472553005442,7.704962561066797e-08,7.693633278260126e-08,1.7834543000000005,0.0,10.0,2.4822185604036413e-07,0.0,1.3911318803568267e-06,1.639353736397191e-06,Canada,CAN,,gcp,northamerica-northeast2,Linux-6.8.0-1032-gcp-x86_64-with-glibc2.35,3.12.11,3.0.4,2,Intel(R) Xeon(R) CPU @ 2.60GHz,,,,,15.61648178100586,machine,Y,1.0
2025-08-07T10:14:14,scipy-benchmark,037366ed-fe6e-4e55-a971-866d69a4255f,scipy_LMC001_f7d9627c,1.0018479330465198,7.668062096821052e-08,7.65391816850212e-08,1.7272709000000002,0.0,10.0,2.403804820231965e-07,0.0,1.3911220917685165e-06,1.631502573791713e-06,Canada,CAN,,gcp,northamerica-northeast2,Linux-6.8.0-1032-gcp-x86_64-with-glibc2.35,3.12.11,3.0.4,2,Intel(R) Xeon(R) CPU @ 2.60GHz,,,,,15.61648178100586,machine,Y,1.0
2025-08-07T10:14:16,scipy-benchmark,b0f72677-93b4-458a-9438-52d414d2861e,scipy_LMC001_f7d9627c,1.0014754289295524,7.743385656546246e-08,7.731977673004842e-08,1.8418625,0.0,10.0,2.563456073630935e-07,0.0,1.3911832557318526e-06,1.647528863094946e-06,Canada,CAN,,gcp,northamerica-northeast2,Linux-6.8.0-1032-gcp-x86_64-with-glibc2.35,3.12.11,3.0.4,2,Intel(R) Xeon(R) CPU @ 2.60GHz,,,,,15.61648178100586,machine,Y,1.0
2025-08-07T10:14:19,scipy-benchmark,c1fc7653-a219-45fc-b428-7e4bdfa72ab9,scipy_LMC001_f7d9627c,1.00141954398714,7.70388509262539e-08,7.69296459099696e-08,1.7834543000000005,0.0,10.0,2.481804571393649e-07,0.0,1.3909440306532711e-06,1.6391244877926362e-06,Canada,CAN,,gcp,northamerica-northeast2,Linux-6.8.0-1032-gcp-x86_64-with-glibc2.35,3.12.11,3.0.4,2,Intel(R) Xeon(R) CPU @ 2.60GHz,,,,,15.61648178100586,machine,Y,1.0
2025-08-07T10:14:21,scipy-benchmark,4bee91fe-5c68-42c4-a98a-fdbc132a1113,scipy_LMC001_f7d9627c,1.0024321780074388,7.82494097399527e-08,7.805955500699424e-08,1.9655261,0.0,10.0,2.735846391111762e-07,0.0,1.39129641918569e-06,1.664881058296866e-06,Canada,CAN,,gcp,northamerica-northeast2,Linux-6.8.0-1032-gcp-x86_64-with-glibc2.35,3.12.11,3.0.4,2,Intel(R) Xeon(R) CPU @ 2.60GHz,,,,,15.61648178100586,machine,Y,1.0
2025-08-07T10:14:23,scipy-benchmark,399c9500-6150-41fd-ab7f-85b7bdacfc82,scipy_LMC001_f7d9627c,1.002068990841508,7.668847768235976e-08,7.653013752871351e-08,1.7272709000000002,0.0,10.0,2.4067387722774416e-07,0.0,1.390995860694804e-06,1.6316697379225485e-06,Canada,CAN,,gcp,northamerica-northeast2,Linux-6.8.0-1032-gcp-x86_64-with-glibc2.35,3.12.11,3.0.4,2,Intel(R) Xeon(R) CPU @ 2.60GHz,,,,,15.61648178100586,machine,Y,1.0
2025-08-07T10:14:25,scipy-benchmark,afdd0e56-3199-4b87-b5ec-694cd7de0f38,scipy_LMC001_f7d9627c,1.0014326269738376,7.76196115524726e-08,7.750857068340792e-08,1.8719144,0.0,10.0,2.60494413574185e-07,0.0,1.3909866832869334e-06,1.6514810968611185e-06,Canada,CAN,,gcp,northamerica-northeast2,Linux-6.8.0-1032-gcp-x86_64-with-glibc2.35,3.12.11,3.0.4,2,Intel(R) Xeon(R) CPU @ 2.60GHz,,,,,15.61648178100586,machine,Y,1.0
2025-08-07T10:14:27,scipy-benchmark,d7735303-ec01-407a-a95f-6ad532c9c7ce,scipy_LMC001_f7d9627c,1.0013984700199217,7.666691647957247e-08,7.655984982486268e-08,1.7272709000000002,0.0,10.0,2.403378112256732e-07,0.0,1.3908731777014003e-06,1.6312109889270735e-06,Canada,CAN,,gcp,northamerica-northeast2,Linux-6.8.0-1032-gcp-x86_64-with-glibc2.35,3.12.11,3.0.4,2,Intel(R) Xeon(R) CPU @ 2.60GHz,,,,,15.61648178100586,machine,Y,1.0
2025-08-07T10:14:29,scipy-benchmark,fdb27a86-e70d-4fdb-86e7-62fd46611b42,scipy_LMC001_f7d9627c,1.0014644339680672,7.668097816715992e-08,7.656884814504058e-08,1.7272709000000002,0.0,10.0,2.403829519656617e-07,0.0,1.3911272218036984e-06,1.63151017376936e-06,Canada,CAN,,gcp,northamerica-northeast2,Linux-6.8.0-1032-gcp-x86_64-with-glibc2.35,3.12.11,3.0.4,2,Intel(R) Xeon(R) CPU @ 2.60GHz,,,,,15.61648178100586,machine,Y,1.0
2025-08-07T10:14:32,scipy-benchmark,d3966733-c5a9-4d92-bf5a-f6705dc9a371,scipy_LMC001_f7d9627c,1.0014784201048317,7.650197424756415e-08,7.638903915628674e-08,1.7000000000000002,0.0,10.0,2.365975349287813e-07,0.0,1.391104044806626e-06,1.6277015797354074e-06,Canada,CAN,,gcp,northamerica-northeast2,Linux-6.8.0-1032-gcp-x86_64-with-glibc2.35,3.12.11,3.0.4,2,Intel(R) Xeon(R) CPU @ 2.60GHz,,,,,15.61648178100586,machine,Y,1.0
2025-08-07T10:14:34,scipy-benchmark,411d441b-c2fb-4d44-a47f-9529827c05b5,scipy_LMC001_f7d9627c,1.0014892970211804,7.650790580063928e-08,7.63941322470481e-08,1.7000000000000002,0.0,10.0,2.3660581916596539e-07,0.0,1.39122196382636e-06,1.6278277829923252e-06,Canada,CAN,,gcp,northamerica-northeast2,Linux-6.8.0-1032-gcp-x86_64-with-glibc2.35,3.12.11,3.0.4,2,Intel(R) Xeon(R) CPU @ 2.60GHz,,,,,15.61648178100586,machine,Y,1.0
2025-08-07T10:14:36,scipy-benchmark,1e87636e-f26d-4768-9671-74b0e8e684eb,scipy_LMC001_f7d9627c,1.0014385899994522,7.65028575545746e-08,7.639295940714294e-08,1.7000000000000002,0.0,10.0,2.3658746480941774e-07,0.0,1.3911329086921695e-06,1.6277203735015873e-06,Canada,CAN,,gcp,northamerica-northeast2,Linux-6.8.0-1032-gcp-x86_64-with-glibc2.35,3.12.11,3.0.4,2,Intel(R) Xeon(R) CPU @ 2.60GHz,,,,,15.61648178100586,machine,Y,1.0
2025-08-07T10:14:38,scipy-benchmark,68458a2a-039e-4822-9375-eaa6d70e9c4b,scipy_LMC001_f7d9627c,1.0013915500603616,7.649195891266896e-08,7.63856644367113e-08,1.7000000000000002,0.0,10.0,2.365525321931475e-07,0.0,1.3909359553104475e-06,1.627488487503595e-06,Canada,CAN,,gcp,northamerica-northeast2,Linux-6.8.0-1032-gcp-x86_64-with-glibc2.35,3.12.11,3.0.4,2,Intel(R) Xeon(R) CPU @ 2.60GHz,,,,,15.61648178100586,machine,Y,1.0
2025-08-07T10:14:40,scipy-benchmark,5924d620-cb9c-459e-adbe-ce8b72c4f3df,scipy_LMC001_f7d9627c,1.0014363629743457,7.667560577945106e-08,7.656562974377963e-08,1.7272709000000002,0.0,10.0,2.403646981859806e-07,0.0,1.3910311694619144e-06,1.631395867647895e-06,Canada,CAN,,gcp,northamerica-northeast2,Linux-6.8.0-1032-gcp-x86_64-with-glibc2.35,3.12.11,3.0.4,2,Intel(R) Xeon(R) CPU @ 2.60GHz,,,,,15.61648178100586,machine,Y,1.0
2025-08-07T10:14:42,scipy-benchmark,9a6ddb95-f531-4753-9907-0948f3831f38,scipy_LMC001_f7d9627c,1.0014531270135194,7.65009192743455e-08,7.638991502526185e-08,1.7000000000000002,0.0,10.0,2.365836723798162e-07,0.0,1.3910954611168967e-06,1.627679133496713e-06,Canada,CAN,,gcp,northamerica-northeast2,Linux-6.8.0-1032-gcp-x86_64-with-glibc2.35,3.12.11,3.0.4,2,Intel(R) Xeon(R) CPU @ 2.60GHz,,,,,15.61648178100586,machine,Y,1.0
2025-08-07T10:14:45,scipy-benchmark,96adcf8c-690b-4989-be9d-76f2a7f75322,scipy_LMC001_f7d9627c,1.0015108711086214,7.650676980028707e-08,7.639135231312863e-08,1.7000000000000002,0.0,10.0,2.366018431235312e-07,0.0,1.3912017696485338e-06,1.627803612772065e-06,Canada,CAN,,gcp,northamerica-northeast2,Linux-6.8.0-1032-gcp-x86_64-with-glibc2.35,3.12.11,3.0.4,2,Intel(R) Xeon(R) CPU @ 2.60GHz,,,,,15.61648178100586,machine,Y,1.0
2025-08-07T10:14:47,scipy-benchmark,797e2808-db6e-4869-9d15-f94cb3b17955,scipy_LMC001_f7d9627c,1.0013878310564903,7.703792498988469e-08,7.693115754023858e-08,1.7834543000000005,0.0,10.0,2.481643788223159e-07,0.0,1.3909404081965071e-06,1.6391047870188232e-06,Canada,CAN,,gcp,northamerica-northeast2,Linux-6.8.0-1032-gcp-x86_64-with-glibc2.35,3.12.11,3.0.4,2,Intel(R) Xeon(R) CPU @ 2.60GHz,,,,,15.61648178100586,machine,Y,1.0
2025-08-07T10:14:49,scipy-benchmark,251da48d-e53c-441c-95f2-ea3563fab571,scipy_LMC001_f7d9627c,1.0014842371456325,7.650291497361872e-08,7.638953478854797e-08,1.7000000000000002,0.0,10.0,2.365899534779601e-07,0.0,1.391131641705417e-06,1.6277215951833771e-06,Canada,CAN,,gcp,northamerica-northeast2,Linux-6.8.0-1032-gcp-x86_64-with-glibc2.35,3.12.11,3.0.4,2,Intel(R) Xeon(R) CPU @ 2.60GHz,,,,,15.61648178100586,machine,Y,1.0
2025-08-07T10:14:51,scipy-benchmark,2518e9e2-1bfe-4db3-b2a5-5dbe2568546e,scipy_LMC001_f7d9627c,1.002482129028067,7.705144510242316e-08,7.686066700972174e-08,1.7834543000000005,0.0,10.0,2.4821511814900364e-07,0.0,1.3911773308387232e-06,1.6393924489877269e-06,Canada,CAN,,gcp,northamerica-northeast2,Linux-6.8.0-1032-gcp-x86_64-with-glibc2.35,3.12.11,3.0.4,2,Intel(R) Xeon(R) CPU @ 2.60GHz,,,,,15.61648178100586,machine,Y,1.0
2025-08-07T10:14:53,scipy-benchmark,819ef60a-12f0-4860-aae9-57314e66222d,scipy_LMC001_f7d9627c,1.0014846220146865,7.65028932109514e-08,7.638948370175724e-08,1.7000000000000002,0.0,10.0,2.365900654048245e-07,0.0,1.3911310667430774e-06,1.6277211321479018e-06,Canada,CAN,,gcp,northamerica-northeast2,Linux-6.8.0-1032-gcp-x86_64-with-glibc2.35,3.12.11,3.0.4,2,Intel(R) Xeon(R) CPU @ 2.60GHz,,,,,15.61648178100586,machine,Y,1.0
2025-08-07T10:14:55,scipy-benchmark,3686272d-3f92-4e33-90ff-33f1070d00b3,scipy_LMC001_f7d9627c,1.001468566944823,7.667975955179676e-08,7.65673153234589e-08,1.7272709000000002,0.0,10.0,2.403785763357921e-07,0.0,1.3911056694471174e-06,1.6314842457829097e-06,Canada,CAN,,gcp,northamerica-northeast2,Linux-6.8.0-1032-gcp-x86_64-with-glibc2.35,3.12.11,3.0.4,2,Intel(R) Xeon(R) CPU @ 2.60GHz,,,,,15.61648178100586,machine,Y,1.0
2025-08-07T10:14:58,scipy-benchmark,cc185ea5-5f7b-4344-8057-85b8321cc8ec,scipy_LMC001_f7d9627c,1.0014621110167354,7.649798622555357e-08,7.638630097337275e-08,1.7000000000000002,0.0,10.0,2.3657266121719865e-07,0.0,1.391044066986069e-06,1.6276167282032676e-06,Canada,CAN,,gcp,northamerica-northeast2,Linux-6.8.0-1032-gcp-x86_64-with-glibc2.35,3.12.11,3.0.4,2,Intel(R) Xeon(R) CPU @ 2.60GHz,,,,,15.61648178100586,machine,Y,1.0
2025-08-07T10:15:00,scipy-benchmark,6b9830a8-6fb4-4b7a-95f1-474dc05b249c,scipy_LMC001_f7d9627c,1.0016326471231878,7.65150853041042e-08,7.639036679152276e-08,1.7000000000000002,0.0,10.0,2.3663211065448002e-07,0.0,1.3913484277307158e-06,1.6279805383851957e-06,Canada,CAN,,gcp,northamerica-northeast2,Linux-6.8.0-1032-gcp-x86_64-with-glibc2.35,3.12.11,3.0.4,2,Intel(R) Xeon(R) CPU @ 2.60GHz,,,,,15.61648178100586,machine,Y,1.0
2025-08-07T10:15:02,scipy-benchmark,f9a6c975-635f-4624-8ccb-383b52c7c7d7,scipy_LMC001_f7d9627c,1.0015415828675032,7.66895824284396e-08,7.657154105261457e-08,1.7272709000000002,0.0,10.0,2.4041230462339525e-07,0.0,1.391280938534894e-06,1.6316932431582892e-06,Canada,CAN,,gcp,northamerica-northeast2,Linux-6.8.0-1032-gcp-x86_64-with-glibc2.35,3.12.11,3.0.4,2,Intel(R) Xeon(R) CPU @ 2.60GHz,,,,,15.61648178100586,machine,Y,1.0
2025-08-07T10:15:04,scipy-benchmark,4d6b68b6-ddbb-4ce3-b0d5-aae4d5fbd315,scipy_LMC001_f7d9627c,1.0014712950214744,7.667765627253543e-08,7.656500655956519e-08,1.7272709000000002,0.0,10.0,2.403865476254593e-07,0.0,1.3910529475348691e-06,1.6314394951603285e-06,Canada,CAN,,gcp,northamerica-northeast2,Linux-6.8.0-1032-gcp-x86_64-with-glibc2.35,3.12.11,3.0.4,2,Intel(R) Xeon(R) CPU @ 2.60GHz,,,,,15.61648178100586,machine,Y,1.0
2025-08-07T10:15:06,scipy-benchmark,940badae-8627-41ac-bfdd-ed08af3cf5f0,scipy_LMC001_f7d9627c,1.001492994138971,7.650589681985894e-08,7.639184424413725e-08,1.7000000000000002,0.0,10.0,2.3659890817685261e-07,0.0,1.39118613054355e-06,1.6277850387204026e-06,Canada,CAN,,gcp,northamerica-northeast2,Linux-6.8.0-1032-gcp-x86_64-with-glibc2.35,3.12.11,3.0.4,2,Intel(R) Xeon(R) CPU @ 2.60GHz,,,,,15.61648178100586,machine,Y,1.0
2025-08-07T10:15:08,scipy-benchmark,b9c64352-cdea-4ffa-bf85-7e7dc8dcfc6d,scipy_LMC001_f7d9627c,1.001438669860363,7.649722052522054e-08,7.638732438391565e-08,1.7000000000000002,0.0,10.0,2.365816092092751e-07,0.0,1.3910188274975451e-06,1.6276004367068202e-06,Canada,CAN,,gcp,northamerica-northeast2,Linux-6.8.0-1032-gcp-x86_64-with-glibc2.35,3.12.11,3.0.4,2,Intel(R) Xeon(R) CPU @ 2.60GHz,,,,,15.61648178100586,machine,Y,1.0
2025-08-07T10:15:10,scipy-benchmark,12072cee-a345-4c77-8538-3404eae474a6,scipy_LMC001_f7d9627c,1.0014281370677054,7.667714132099878e-08,7.656779201902407e-08,1.7272709000000002,0.0,10.0,2.403693248317127e-07,0.0,1.3910592139129423e-06,1.631428538744655e-06,Canada,CAN,,gcp,northamerica-northeast2,Linux-6.8.0-1032-gcp-x86_64-with-glibc2.35,3.12.11,3.0.4,2,Intel(R) Xeon(R) CPU @ 2.60GHz,,,,,15.61648178100586,machine,Y,1.0
2025-08-07T10:15:13,scipy-benchmark,4b769014-ffb1-4356-93e0-72722ac91437,scipy_LMC001_f7d9627c,1.00236459588632,7.681251073517647e-08,7.663130865796055e-08,1.7272709000000002,0.0,10.0,2.407993835950172e-07,0.0,1.3935093554512907e-06,1.634308739046308e-06,Canada,CAN,,gcp,northamerica-northeast2,Linux-6.8.0-1032-gcp-x86_64-with-glibc2.35,3.12.11,3.0.4,2,Intel(R) Xeon(R) CPU @ 2.60GHz,,,,,15.61648178100586,machine,Y,1.0
2025-08-07T10:15:15,scipy-benchmark,e60701fb-c127-45d2-92e0-a4ed0aadd46f,scipy_LMC001_f7d9627c,1.0014704449567944,7.704769753312852e-08,7.693456948342848e-08,1.7834543000000005,0.0,10.0,2.4820199935975624e-07,0.0,1.3911107141110634e-06,1.6393127134708196e-06,Canada,CAN,,gcp,northamerica-northeast2,Linux-6.8.0-1032-gcp-x86_64-with-glibc2.35,3.12.11,3.0.4,2,Intel(R) Xeon(R) CPU @ 2.60GHz,,,,,15.61648178100586,machine,Y,1.0
2025-08-07T10:15:17,scipy-benchmark,2f420889-fabc-443e-abc5-42228ff25b3d,scipy_LMC001_f7d9627c,1.0014628369826823,7.650506014144696e-08,7.639330918354379e-08,1.7000000000000002,0.0,10.0,2.365980869767049e-07,0.0,1.3911691500753578e-06,1.6277672370520626e-06,Canada,CAN,,gcp,northamerica-northeast2,Linux-6.8.0-1032-gcp-x86_64-with-glibc2.35,3.12.11,3.0.4,2,Intel(R) Xeon(R) CPU @ 2.60GHz,,,,,15.61648178100586,machine,Y,1.0
2025-08-07T10:15:19,scipy-benchmark,acb30212-65a2-4801-89ca-5e8f8eb1d0b1,scipy_LMC001_f7d9627c,1.0014734310097992,7.650007853120204e-08,7.638752678048183e-08,1.7000000000000002,0.0,10.0,2.365990007529036e-07,0.0,1.3910622445918208e-06,1.6276612453447244e-06,Canada,CAN,,gcp,northamerica-northeast2,Linux-6.8.0-1032-gcp-x86_64-with-glibc2.35,3.12.11,3.0.4,2,Intel(R) Xeon(R) CPU @ 2.60GHz,,,,,15.61648178100586,machine,Y,1.0
2025-08-07T10:15:21,scipy-benchmark,fef5a52f-237c-42d9-95b3-cb6812dbd7bd,scipy_LMC001_f7d9627c,1.001465393928811,7.632774405909229e-08,7.621605751113755e-08,1.6732691000000002,0.0,10.0,2.3287026566443162e-07,0.0,1.39112428878434e-06,1.6239945544487718e-06,Canada,CAN,,gcp,northamerica-northeast2,Linux-6.8.0-1032-gcp-x86_64-with-glibc2.35,3.12.11,3.0.4,2,Intel(R) Xeon(R) CPU @ 2.60GHz,,,,,15.61648178100586,machine,Y,1.0
2025-08-07T10:15:23,scipy-benchmark,7d12730b-d0a3-416a-8c42-ad07d0abda90,scipy_LMC001_f7d9627c,1.0014726801309737,7.66784467046095e-08,7.656568993432891e-08,1.7272709000000002,0.0,10.0,2.403759825052132e-07,0.0,1.3910803303588183e-06,1.6314563128640315e-06,Canada,CAN,,gcp,northamerica-northeast2,Linux-6.8.0-1032-gcp-x86_64-with-glibc2.35,3.12.11,3.0.4,2,Intel(R) Xeon(R) CPU @ 2.60GHz,,,,,15.61648178100586,machine,Y,1.0
2025-08-07T10:15:26,scipy-benchmark,6b2141b7-2b51-45da-b751-14737901c91b,scipy_LMC001_f7d9627c,1.0014649929944426,7.68654650754745e-08,7.67530224353045e-08,1.7550872000000004,0.0,10.0,2.442621579002602e-07,0.0,1.3911732692374952e-06,1.6354354271377554e-06,Canada,CAN,,gcp,northamerica-northeast2,Linux-6.8.0-1032-gcp-x86_64-with-glibc2.35,3.12.11,3.0.4,2,Intel(R) Xeon(R) CPU @ 2.60GHz,,,,,15.61648178100586,machine,Y,1.0
2025-08-07T10:15:28,scipy-benchmark,a24fe7f8-09f1-4f7f-a8b3-64f6d685ac88,scipy_LMC001_f7d9627c,1.0014777588658037,7.68644635607698e-08,7.67510440250022e-08,1.7550872000000004,0.0,10.0,2.442608298264923e-07,0.0,1.391153288487759e-06,1.6354141183142511e-06,Canada,CAN,,gcp,northamerica-northeast2,Linux-6.8.0-1032-gcp-x86_64-with-glibc2.35,3.12.11,3.0.4,2,Intel(R) Xeon(R) CPU @ 2.60GHz,,,,,15.61648178100586,machine,Y,1.0
2025-08-07T10:15:30,scipy-benchmark,6741b2e2-576c-4668-90a2-8bbf4e30abea,scipy_LMC001_f7d9627c,1.0038919930811971,7.685410206202263e-08,7.655614607119046e-08,1.7000000000000002,0.0,10.0,2.3771696893446565e-07,0.0,1.3974766919596329e-06,1.6351936608940984e-06,Canada,CAN,,gcp,northamerica-northeast2,Linux-6.8.0-1032-gcp-x86_64-with-glibc2.35,3.12.11,3.0.4,2,Intel(R) Xeon(R) CPU @ 2.60GHz,,,,,15.61648178100586,machine,Y,1.0
2025-08-07T10:15:32,scipy-benchmark,2009b39d-18b4-44f9-ad9d-8b693a6f096f,scipy_LMC001_f7d9627c,1.0014739488251507,7.668337590842057e-08,7.657051488796027e-08,1.7272709000000002,0.0,10.0,2.4039195926828335e-07,0.0,1.3911692302725795e-06,1.6315611895408628e-06,Canada,CAN,,gcp,northamerica-northeast2,Linux-6.8.0-1032-gcp-x86_64-with-glibc2.35,3.12.11,3.0.4,2,Intel(R) Xeon(R) CPU @ 2.60GHz,,,,,15.61648178100586,machine,Y,1.0
2025-08-07T10:15:34,scipy-benchmark,77d24a34-3efd-41dd-99b8-0e494b4ff192,scipy_LMC001_f7d9627c,1.0014222119934857,7.64948074976047e-08,7.638617017025214e-08,1.7000000000000002,0.0,10.0,2.3656252106108405e-07,0.0,1.3909865746326331e-06,1.627549095693717e-06,Canada,CAN,,gcp,northamerica-northeast2,Linux-6.8.0-1032-gcp-x86_64-with-glibc2.35,3.12.11,3.0.4,2,Intel(R) Xeon(R) CPU @ 2.60GHz,,,,,15.61648178100586,machine,Y,1.0
2025-08-07T10:15:36,scipy-benchmark,156db712-45d8-4265-be25-c2ee6798828a,scipy_LMC001_f7d9627c,1.001475685974583,7.650084023185386e-08,7.638811536139022e-08,1.7000000000000002,0.0,10.0,2.3659306818929814e-07,0.0,1.3910843835522732e-06,1.6276774517415714e-06,Canada,CAN,,gcp,northamerica-northeast2,Linux-6.8.0-1032-gcp-x86_64-with-glibc2.35,3.12.11,3.0.4,2,Intel(R) Xeon(R) CPU @ 2.60GHz,,,,,15.61648178100586,machine,Y,1.0
2025-08-07T10:15:39,scipy-benchmark,8880a488-55e2-4da1-b9d7-810c327c2c39,scipy_LMC001_f7d9627c,1.0014049760065973,7.632110957141447e-08,7.621403068693325e-08,1.6732691000000002,0.0,10.0,2.3284343395919305e-07,0.0,1.3910099611772846e-06,1.6238533951364776e-06,Canada,CAN,,gcp,northamerica-northeast2,Linux-6.8.0-1032-gcp-x86_64-with-glibc2.35,3.12.11,3.0.4,2,Intel(R) Xeon(R) CPU @ 2.60GHz,,,,,15.61648178100586,machine,Y,1.0
2025-08-07T10:15:41,scipy-benchmark,95289afa-7eee-463f-86a4-22af6612f945,scipy_LMC001_f7d9627c,1.001378657994792,7.649264141185106e-08,7.63873294094599e-08,1.7000000000000002,0.0,10.0,2.3655718078629842e-07,0.0,1.39094582797649e-06,1.6275030087627883e-06,Canada,CAN,,gcp,northamerica-northeast2,Linux-6.8.0-1032-gcp-x86_64-with-glibc2.35,3.12.11,3.0.4,2,Intel(R) Xeon(R) CPU @ 2.60GHz,,,,,15.61648178100586,machine,Y,1.0
2025-08-07T10:15:43,scipy-benchmark,d63d3ccc-774f-473d-94ad-33b56942fed6,scipy_LMC001_f7d9627c,1.0014366710092872,7.704165181878236e-08,7.693112709876776e-08,1.7834543000000005,0.0,10.0,2.481766896182572e-07,0.0,1.3910073916324311e-06,1.6391840812506884e-06,Canada,CAN,,gcp,northamerica-northeast2,Linux-6.8.0-1032-gcp-x86_64-with-glibc2.35,3.12.11,3.0.4,2,Intel(R) Xeon(R) CPU @ 2.60GHz,,,,,15.61648178100586,machine,Y,1.0
2025-08-07T10:15:45,scipy-benchmark,e1d445f1-212e-4cd9-9c58-846e9e27a264,scipy_LMC001_f7d9627c,1.001454991986975,7.66775868725134e-08,7.656618368877298e-08,1.7272709000000002,0.0,10.0,2.4038390687602765e-07,0.0,1.3910541116880874e-06,1.631438018564115e-06,Canada,CAN,,gcp,northamerica-northeast2,Linux-6.8.0-1032-gcp-x86_64-with-glibc2.35,3.12.11,3.0.4,2,Intel(R) Xeon(R) CPU @ 2.60GHz,,,,,15.61648178100586,machine,Y,1.0
2025-08-07T10:15:47,scipy-benchmark,8fc8fa1e-7151-462e-9d5d-4115141c2177,scipy_LMC001_f7d9627c,1.0019143831450492,7.656944920002977e-08,7.64231460174024e-08,1.7000000000000002,0.0,10.0,2.367957918193295e-07,0.0,1.39234142520258e-06,1.6291372170219096e-06,Canada,CAN,,gcp,northamerica-northeast2,Linux-6.8.0-1032-gcp-x86_64-with-glibc2.35,3.12.11,3.0.4,2,Intel(R) Xeon(R) CPU @ 2.60GHz,,,,,15.61648178100586,machine,Y,1.0
2025-08-07T10:15:49,scipy-benchmark,5a478ea9-6238-48ae-97c9-4a99310be069,scipy_LMC001_f7d9627c,1.0014540450647471,7.667624606379685e-08,7.656491722377484e-08,1.7272709000000002,0.0,10.0,2.4038386844725297e-07,0.0,1.391025622271829e-06,1.631409490719082e-06,Canada,CAN,,gcp,northamerica-northeast2,Linux-6.8.0-1032-gcp-x86_64-with-glibc2.35,3.12.11,3.0.4,2,Intel(R) Xeon(R) CPU @ 2.60GHz,,,,,15.61648178100586,machine,Y,1.0
2025-08-07T10:15:52,scipy-benchmark,3a21e854-2fdf-424c-9ae8-4ddb52f6824a,scipy_LMC001_f7d9627c,1.0014063899870962,7.667632705014562e-08,7.65686416791625e-08,1.7272709000000002,0.0,10.0,2.4037047244450986e-07,0.0,1.3910407413883756e-06,1.6314112138328857e-06,Canada,CAN,,gcp,northamerica-northeast2,Linux-6.8.0-1032-gcp-x86_64-with-glibc2.35,3.12.11,3.0.4,2,Intel(R) Xeon(R) CPU @ 2.60GHz,,,,,15.61648178100586,machine,Y,1.0
2025-08-07T10:15:54,scipy-benchmark,ee41dfb9-e11c-4a75-a788-3c347b6be1ec,scipy_LMC001_f7d9627c,1.0014850141014904,7.649940035239302e-08,7.638596611555545e-08,1.7000000000000002,0.0,10.0,2.36582993342179e-07,0.0,1.3910638226661831e-06,1.6276468160083622e-06,Canada,CAN,,gcp,northamerica-northeast2,Linux-6.8.0-1032-gcp-x86_64-with-glibc2.35,3.12.11,3.0.4,2,Intel(R) Xeon(R) CPU @ 2.60GHz,,,,,15.61648178100586,machine,Y,1.0
2025-08-07T10:15:56,scipy-benchmark,c56c135f-a8bf-472e-82e2-4e6d1c408fc2,scipy_LMC001_f7d9627c,1.0014565559104085,7.649616535685105e-08,7.638490646986635e-08,1.7000000000000002,0.0,10.0,2.3658130036589385e-07,0.0,1.3909966859500856e-06,1.6275779863159794e-06,Canada,CAN,,gcp,northamerica-northeast2,Linux-6.8.0-1032-gcp-x86_64-with-glibc2.35,3.12.11,3.0.4,2,Intel(R) Xeon(R) CPU @ 2.60GHz,,,,,15.61648178100586,machine,Y,1.0
2025-08-07T10:15:58,scipy-benchmark,09bae1af-5766-48ce-ab74-52cb6f933b55,scipy_LMC001_f7d9627c,1.001446831971407,7.686329733516185e-08,7.675224972638033e-08,1.7550872000000004,0.0,10.0,2.4425802418552454e-07,0.0,1.3911312808179192e-06,1.6353893050034435e-06,Canada,CAN,,gcp,northamerica-northeast2,Linux-6.8.0-1032-gcp-x86_64-with-glibc2.35,3.12.11,3.0.4,2,Intel(R) Xeon(R) CPU @ 2.60GHz,,,,,15.61648178100586,machine,Y,1.0
2025-08-07T10:16:00,scipy-benchmark,922f28d0-fd36-4aaf-8dca-e374d0d399fb,scipy_LMC001_f7d9627c,1.001468579052016,7.650453197804098e-08,7.639234378222799e-08,1.7000000000000002,0.0,10.0,2.3659773558352362e-07,0.0,1.3911582639492635e-06,1.627755999532787e-06,Canada,CAN,,gcp,northamerica-northeast2,Linux-6.8.0-1032-gcp-x86_64-with-glibc2.35,3.12.11,3.0.4,2,Intel(R) Xeon(R) CPU @ 2.60GHz,,,,,15.61648178100586,machine,Y,1.0
2025-08-07T10:16:02,scipy-benchmark,4b370af9-ed76-4776-a5ac-699516234d4b,scipy_LMC001_f7d9627c,1.0015847019385546,7.633543612217138e-08,7.621465860493387e-08,1.6732691000000002,0.0,10.0,2.3289817079371522e-07,0.0,1.3912600445716331e-06,1.6241582153653484e-06,Canada,CAN,,gcp,northamerica-northeast2,Linux-6.8.0-1032-gcp-x86_64-with-glibc2.35,3.12.11,3.0.4,2,Intel(R) Xeon(R) CPU @ 2.60GHz,,,,,15.61648178100586,machine,Y,1.0
2025-08-07T10:16:05,scipy-benchmark,4c8afc94-bec8-4c21-9fed-8d4e2421ee17,scipy_LMC001_f7d9627c,1.0015010461211205,7.668365814177749e-08,7.656872495418586e-08,1.7272709000000002,0.0,10.0,2.4039925514989344e-07,0.0,1.3911679393560109e-06,1.6315671945059042e-06,Canada,CAN,,gcp,northamerica-northeast2,Linux-6.8.0-1032-gcp-x86_64-with-glibc2.35,3.12.11,3.0.4,2,Intel(R) Xeon(R) CPU @ 2.60GHz,,,,,15.61648178100586,machine,Y,1.0
2025-08-07T10:16:07,scipy-benchmark,a7623177-0aff-4071-a4b5-10727c5b811d,scipy_LMC001_f7d9627c,1.0015007760375738,7.650431462129604e-08,7.638967083379053e-08,1.7000000000000002,0.0,10.0,2.365915943389862e-07,0.0,1.391159780582206e-06,1.6277513749211925e-06,Canada,CAN,,gcp,northamerica-northeast2,Linux-6.8.0-1032-gcp-x86_64-with-glibc2.35,3.12.11,3.0.4,2,Intel(R) Xeon(R) CPU @ 2.60GHz,,,,,15.61648178100586,machine,Y,1.0
2025-08-07T10:16:09,scipy-benchmark,3bb95d23-26e2-4fc6-8e9a-0f3b6dce2e4e,scipy_LMC001_f7d9627c,1.0014487230218947,7.650053016567188e-08,7.63898624133543e-08,1.7000000000000002,0.0,10.0,2.3658325732685625e-07,0.0,1.3910875972619074e-06,1.6276708545887635e-06,Canada,CAN,,gcp,northamerica-northeast2,Linux-6.8.0-1032-gcp-x86_64-with-glibc2.35,3.12.11,3.0.4,2,Intel(R) Xeon(R) CPU @ 2.60GHz,,,,,15.61648178100586,machine,Y,1.0
2025-08-07T10:16:11,scipy-benchmark,5ef1db06-35e6-44b4-a5f4-57b084056168,scipy_LMC001_f7d9627c,1.001487375004217,7.650440544184274e-08,7.639078369961539e-08,1.7000000000000002,0.0,10.0,2.366022850037553e-07,0.0,1.3911510222694942e-06,1.6277533072732497e-06,Canada,CAN,,gcp,northamerica-northeast2,Linux-6.8.0-1032-gcp-x86_64-with-glibc2.35,3.12.11,3.0.4,2,Intel(R) Xeon(R) CPU @ 2.60GHz,,,,,15.61648178100586,machine,Y,1.0
2025-08-07T10:16:13,scipy-benchmark,fa87183e-3fe7-4b37-9fb9-357a279b8c0f,scipy_LMC001_f7d9627c,1.0014670989476144,7.65045010913099e-08,7.639242584374882e-08,1.7000000000000002,0.0,10.0,2.3659912862219962e-07,0.0,1.3911562137460958e-06,1.6277553423682951e-06,Canada,CAN,,gcp,northamerica-northeast2,Linux-6.8.0-1032-gcp-x86_64-with-glibc2.35,3.12.11,3.0.4,2,Intel(R) Xeon(R) CPU @ 2.60GHz,,,,,15.61648178100586,machine,Y,1.0
2025-08-07T10:16:15,scipy-benchmark,4fec42fb-a2ef-446c-8806-d48aff7e010e,scipy_LMC001_f7d9627c,1.0014811628498137,7.667909233407184e-08,7.656568608427333e-08,1.7272709000000002,0.0,10.0,2.4037526375307297e-07,0.0,1.39109478590803e-06,1.631470049661103e-06,Canada,CAN,,gcp,northamerica-northeast2,Linux-6.8.0-1032-gcp-x86_64-with-glibc2.35,3.12.11,3.0.4,2,Intel(R) Xeon(R) CPU @ 2.60GHz,,,,,15.61648178100586,machine,Y,1.0
2025-08-07T10:16:18,scipy-benchmark,c97cddb1-bc0c-4ec8-b80b-dce7e01c19f8,scipy_LMC001_f7d9627c,1.0014615999534726,7.66826190762076e-08,7.657070333976884e-08,1.7272709000000002,0.0,10.0,2.403852531119683e-07,0.0,1.3911598336158529e-06,1.631545086727821e-06,Canada,CAN,,gcp,northamerica-northeast2,Linux-6.8.0-1032-gcp-x86_64-with-glibc2.35,3.12.11,3.0.4,2,Intel(R) Xeon(R) CPU @ 2.60GHz,,,,,15.61648178100586,machine,Y,1.0
2025-08-07T10:16:20,scipy-benchmark,a57f5b93-b668-4338-8ba8-61f52b8a3dd2,scipy_LMC001_f7d9627c,1.0014470519963652,7.66754454451612e-08,7.656465241203734e-08,1.7272709000000002,0.0,10.0,2.40363875765518e-07,0.0,1.391028580514507e-06,1.6313924562800252e-06,Canada,CAN,,gcp,northamerica-northeast2,Linux-6.8.0-1032-gcp-x86_64-with-glibc2.35,3.12.11,3.0.4,2,Intel(R) Xeon(R) CPU @ 2.60GHz,,,,,15.61648178100586,machine,Y,1.0
2025-08-07T10:16:22,scipy-benchmark,bc4e85de-6e06-41b0-92fe-9f739acf050d,scipy_LMC001_f7d9627c,1.0014208538923413,7.650036141152831e-08,7.639181979702668e-08,1.7000000000000002,0.0,10.0,2.365819892988334e-07,0.0,1.391085274776237e-06,1.6276672640750704e-06,Canada,CAN,,gcp,northamerica-northeast2,Linux-6.8.0-1032-gcp-x86_64-with-glibc2.35,3.12.11,3.0.4,2,Intel(R) Xeon(R) CPU @ 2.60GHz,,,,,15.61648178100586,machine,Y,1.0
2025-08-07T10:16:24,scipy-benchmark,dd3a3dfa-d224-40f9-a1de-ce58078dd92c,scipy_LMC001_f7d9627c,1.0014662048779428,7.668020487837206e-08,7.65679405903844e-08,1.7272709000000002,0.0,10.0,2.403820236426456e-07,0.0,1.391111697173781e-06,1.6314937208164263e-06,Canada,CAN,,gcp,northamerica-northeast2,Linux-6.8.0-1032-gcp-x86_64-with-glibc2.35,3.12.11,3.0.4,2,Intel(R) Xeon(R) CPU @ 2.60GHz,,,,,15.61648178100586,machine,Y,1.0
2025-08-07T10:16:26,scipy-benchmark,1919f378-e3e6-42ac-aad8-28f39eb70e6e,scipy_LMC001_f7d9627c,1.0014450771268455,7.64980340648779e-08,7.638764802194783e-08,1.7000000000000002,0.0,10.0,2.365721378656519e-07,0.0,1.39104560819558e-06,1.6276177460612317e-06,Canada,CAN,,gcp,northamerica-northeast2,Linux-6.8.0-1032-gcp-x86_64-with-glibc2.35,3.12.11,3.0.4,2,Intel(R) Xeon(R) CPU @ 2.60GHz,,,,,15.61648178100586,machine,Y,1.0
2025-08-07T10:16:28,scipy-benchmark,7c1debf9-ea33-4697-be0f-ae5e2c6ee3b1,scipy_LMC001_f7d9627c,1.0014805691316724,7.64973274286927e-08,7.63842352877792e-08,1.7000000000000002,0.0,10.0,2.365687025465175e-07,0.0,1.3910340087022632e-06,1.6276027112487806e-06,Canada,CAN,,gcp,northamerica-northeast2,Linux-6.8.0-1032-gcp-x86_64-with-glibc2.35,3.12.11,3.0.4,2,Intel(R) Xeon(R) CPU @ 2.60GHz,,,,,15.61648178100586,machine,Y,1.0
2025-08-07T10:16:30,scipy-benchmark,0a2933f2-eea9-46de-8bd0-e3bf70396ad3,scipy_LMC001_f7d9627c,1.0014783679507673,7.65005147706381e-08,7.638758581193726e-08,1.7000000000000002,0.0,10.0,2.3659567725068586e-07,0.0,1.3910748497841673e-06,1.627670527034853e-06,Canada,CAN,,gcp,northamerica-northeast2,Linux-6.8.0-1032-gcp-x86_64-with-glibc2.35,3.12.11,3.0.4,2,Intel(R) Xeon(R) CPU @ 2.60GHz,,,,,15.61648178100586,machine,Y,1.0
2025-08-07T10:16:33,scipy-benchmark,521c6536-60d9-4f05-8f42-18fb54a51912,scipy_LMC001_f7d9627c,1.0014518089592457,7.667999566723733e-08,7.656883235043198e-08,1.7272709000000002,0.0,10.0,2.403785081917439e-07,0.0,1.3911107613239436e-06,1.6314892695156875e-06,Canada,CAN,,gcp,northamerica-northeast2,Linux-6.8.0-1032-gcp-x86_64-with-glibc2.35,3.12.11,3.0.4,2,Intel(R) Xeon(R) CPU @ 2.60GHz,,,,,15.61648178100586,machine,Y,1.0
2025-08-07T10:16:35,scipy-benchmark,6f35ba35-6247-4b4e-8dc7-a137affc1304,scipy_LMC001_f7d9627c,1.001454829936847,7.64971013190354e-08,7.638597271916837e-08,1.7000000000000002,0.0,10.0,2.365876475426679e-07,0.0,1.3910102528623408e-06,1.627597900405009e-06,Canada,CAN,,gcp,northamerica-northeast2,Linux-6.8.0-1032-gcp-x86_64-with-glibc2.35,3.12.11,3.0.4,2,Intel(R) Xeon(R) CPU @ 2.60GHz,,,,,15.61648178100586,machine,Y,1.0
2025-08-07T10:16:37,scipy-benchmark,08d663c4-471b-43ed-8a0f-577058719a0e,scipy_LMC001_f7d9627c,1.0014638099819422,7.649817387042439e-08,7.638635875599315e-08,1.7000000000000002,0.0,10.0,2.3657539572903066e-07,0.0,1.3910453249182966e-06,1.6276207206473272e-06,Canada,CAN,,gcp,northamerica-northeast2,Linux-6.8.0-1032-gcp-x86_64-with-glibc2.35,3.12.11,3.0.4,2,Intel(R) Xeon(R) CPU @ 2.60GHz,,,,,15.61648178100586,machine,Y,1.0
2025-08-07T10:16:39,scipy-benchmark,ecf70b9a-ebaa-49d5-8782-3b8fd16af895,scipy_LMC001_f7d9627c,1.0014928879681977,7.66760931859225e-08,7.65617950033384e-08,1.7272709000000002,0.0,10.0,2.4037850472868573e-07,0.0,1.391027733269665e-06,1.6314062379983508e-06,Canada,CAN,,gcp,northamerica-northeast2,Linux-6.8.0-1032-gcp-x86_64-with-glibc2.35,3.12.11,3.0.4,2,Intel(R) Xeon(R) CPU @ 2.60GHz,,,,,15.61648178100586,machine,Y,1.0
2025-08-07T10:16:41,scipy-benchmark,a00a99a4-c3d0-4c2c-b8e7-b5e4d3001fb5,scipy_LMC001_f7d9627c,1.001485507003963,7.650458897699395e-08,7.639110944886716e-08,1.7000000000000002,0.0,10.0,2.365945788721245e-07,0.0,1.3911626334043426e-06,1.627757212276467e-06,Canada,CAN,,gcp,northamerica-northeast2,Linux-6.8.0-1032-gcp-x86_64-with-glibc2.35,3.12.11,3.0.4,2,Intel(R) Xeon(R) CPU @ 2.60GHz,,,,,15.61648178100586,machine,Y,1.0
2025-08-07T10:16:43,scipy-benchmark,8029453b-500f-4343-97c5-be8f6bbea05c,scipy_LMC001_f7d9627c,1.001469342969358,7.667754736633339e-08,7.656504705274786e-08,1.7272709000000002,0.0,10.0,2.403701836701421e-07,0.0,1.391066994336951e-06,1.631437178007093e-06,Canada,CAN,,gcp,northamerica-northeast2,Linux-6.8.0-1032-gcp-x86_64-with-glibc2.35,3.12.11,3.0.4,2,Intel(R) Xeon(R) CPU @ 2.60GHz,,,,,15.61648178100586,machine,Y,1.0
2025-08-07T10:16:46,scipy-benchmark,4a994c55-ce4d-4e3e-a9d4-ee05422aef9e,scipy_LMC001_f7d9627c,1.0014623829629272,7.66846893587538e-08,7.657271073115537e-08,1.7272709000000002,0.0,10.0,2.403966238959439e-07,0.0,1.3911925113966896e-06,1.6315891352926336e-06,Canada,CAN,,gcp,northamerica-northeast2,Linux-6.8.0-1032-gcp-x86_64-with-glibc2.35,3.12.11,3.0.4,2,Intel(R) Xeon(R) CPU @ 2.60GHz,,,,,15.61648178100586,machine,Y,1.0
2025-08-07T10:16:48,scipy-benchmark,fa170506-1d08-4341-8136-89ab686572b0,scipy_LMC001_f7d9627c,1.001430911011994,7.65010494256987e-08,7.639173964421642e-08,1.7000000000000002,0.0,10.0,2.3658108321898105e-07,0.0,1.3911008194554596e-06,1.6276819026744406e-06,Canada,CAN,,gcp,northamerica-northeast2,Linux-6.8.0-1032-gcp-x86_64-with-glibc2.35,3.12.11,3.0.4,2,Intel(R) Xeon(R) CPU @ 2.60GHz,,,,,15.61648178100586,machine,Y,1.0
2025-08-07T10:16:50,scipy-benchmark,d5eefb04-5fc6-41d3-b162-bdfa1ee510e4,scipy_LMC001_f7d9627c,1.0014802650548518,7.632492593803513e-08,7.621211181216314e-08,1.6732691000000002,0.0,10.0,2.3285718350503165e-07,0.0,1.3910774109212476e-06,1.6239345944262792e-06,Canada,CAN,,gcp,northamerica-northeast2,Linux-6.8.0-1032-gcp-x86_64-with-glibc2.35,3.12.11,3.0.4,2,Intel(R) Xeon(R) CPU @ 2.60GHz,,,,,15.61648178100586,machine,Y,1.0
2025-08-07T10:16:52,scipy-benchmark,5d70a830-24e9-4fac-b170-3bc0465fbc5c,scipy_LMC001_f7d9627c,1.0014240520540625,7.650007811141487e-08,7.639129293379998e-08,1.7000000000000002,0.0,10.0,2.36579166938706e-07,0.0,1.391082069474376e-06,1.6276612364130822e-06,Canada,CAN,,gcp,northamerica-northeast2,Linux-6.8.0-1032-gcp-x86_64-with-glibc2.35,3.12.11,3.0.4,2,Intel(R) Xeon(R) CPU @ 2.60GHz,,,,,15.61648178100586,machine,Y,1.0
2025-08-07T10:16:54,scipy-benchmark,10a271e7-0bf4-4819-9d73-6141b105734a,scipy_LMC001_f7d9627c,1.0014418920036403,7.649897527546597e-08,7.638883083112314e-08,1.7000000000000002,0.0,10.0,2.365860382366615e-07,0.0,1.3910517335817632e-06,1.6276377718184248e-06,Canada,CAN,,gcp,northamerica-northeast2,Linux-6.8.0-1032-gcp-x86_64-with-glibc2.35,3.12.11,3.0.4,2,Intel(R) Xeon(R) CPU @ 2.60GHz,,,,,15.61648178100586,machine,Y,1.0
2025-08-07T10:16:56,scipy-benchmark,90d958ee-3552-4870-a5ff-4560232206f4,scipy_LMC001_f7d9627c,1.0014514799695462,7.650135107972247e-08,7.639047183998256e-08,1.7000000000000002,0.0,10.0,2.3658417385175e-07,0.0,1.3911041469934086e-06,1.6276883208451583e-06,Canada,CAN,,gcp,northamerica-northeast2,Linux-6.8.0-1032-gcp-x86_64-with-glibc2.35,3.12.11,3.0.4,2,Intel(R) Xeon(R) CPU @ 2.60GHz,,,,,15.61648178100586,machine,Y,1.0
2025-08-07T10:16:59,scipy-benchmark,6bdd6251-6028-47b9-aa53-b706f38865ef,scipy_LMC001_f7d9627c,1.0015018100384625,7.650566349600234e-08,7.639093881723905e-08,1.7000000000000002,0.0,10.0,2.365987938311365e-07,0.0,1.391181280551892e-06,1.6277800743830283e-06,Canada,CAN,,gcp,northamerica-northeast2,Linux-6.8.0-1032-gcp-x86_64-with-glibc2.35,3.12.11,3.0.4,2,Intel(R) Xeon(R) CPU @ 2.60GHz,,,,,15.61648178100586,machine,Y,1.0
2025-08-07T10:17:01,scipy-benchmark,31a271cb-2180-4d35-9c73-2692aab7a232,scipy_LMC001_f7d9627c,1.001529237953946,7.686098480078448e-08,7.674362553589157e-08,1.7550872000000004,0.0,10.0,2.44246146665616e-07,0.0,1.3910939554787349e-06,1.6353401021443507e-06,Canada,CAN,,gcp,northamerica-northeast2,Linux-6.8.0-1032-gcp-x86_64-with-glibc2.35,3.12.11,3.0.4,2,Intel(R) Xeon(R) CPU @ 2.60GHz,,,,,15.61648178100586,machine,Y,1.0
2025-08-07T10:17:03,scipy-benchmark,b3957a78-bfd1-4382-a074-faa4d45fbb99,scipy_LMC001_f7d9627c,1.0015303110703826,7.650546786210424e-08,7.638856958841238e-08,1.7000000000000002,0.0,10.0,2.365984841081728e-07,0.0,1.3911774278514916e-06,1.6277759119596645e-06,Canada,CAN,,gcp,northamerica-northeast2,Linux-6.8.0-1032-gcp-x86_64-with-glibc2.35,3.12.11,3.0.4,2,Intel(R) Xeon(R) CPU @ 2.60GHz,,,,,15.61648178100586,machine,Y,1.0
2025-08-07T10:17:05,scipy-benchmark,cc1959e6-b0e9-4984-91bc-d98092a335c8,scipy_LMC001_f7d9627c,1.0014201682060957,7.66793511544134e-08,7.657060801139418e-08,1.7272709000000002,0.0,10.0,2.4038021436231244e-07,0.0,1.391095342114568e-06,1.6314755564768804e-06,Canada,CAN,,gcp,northamerica-northeast2,Linux-6.8.0-1032-gcp-x86_64-with-glibc2.35,3.12.11,3.0.4,2,Intel(R) Xeon(R) CPU @ 2.60GHz,,,,,15.61648178100586,machine,Y,1.0
2025-08-07T10:17:07,scipy-benchmark,5772091b-d107-405a-857d-60b62b4345be,scipy_LMC001_f7d9627c,1.0014344160445037,7.649836570222397e-08,7.63887923927955e-08,1.7000000000000002,0.0,10.0,2.365760436514393e-07,0.0,1.3910487585235387e-06,1.627624802174978e-06,Canada,CAN,,gcp,northamerica-northeast2,Linux-6.8.0-1032-gcp-x86_64-with-glibc2.35,3.12.11,3.0.4,2,Intel(R) Xeon(R) CPU @ 2.60GHz,,,,,15.61648178100586,machine,Y,1.0
2025-08-07T10:17:09,scipy-benchmark,7141c01a-0427-4ee6-8e7b-02fea90f5746,scipy_LMC001_f7d9627c,1.0014175071846694,7.649481875434545e-08,7.638654028467989e-08,1.7000000000000002,0.0,10.0,2.365609263781355e-07,0.0,1.3909884088207038e-06,1.6275493351988393e-06,Canada,CAN,,gcp,northamerica-northeast2,Linux-6.8.0-1032-gcp-x86_64-with-glibc2.35,3.12.11,3.0.4,2,Intel(R) Xeon(R) CPU @ 2.60GHz,,,,,15.61648178100586,machine,Y,1.0
2025-08-07T10:17:12,scipy-benchmark,d6e3fa82-e964-4230-82fa-5f96ef4290d8,scipy_LMC001_f7d9627c,1.0014951180201024,7.65011000038228e-08,7.638689258422051e-08,1.7000000000000002,0.0,10.0,2.3658356474091613e-07,0.0,1.3910994140638245e-06,1.6276829788047406e-06,Canada,CAN,,gcp,northamerica-northeast2,Linux-6.8.0-1032-gcp-x86_64-with-glibc2.35,3.12.11,3.0.4,2,Intel(R) Xeon(R) CPU @ 2.60GHz,,,,,15.61648178100586,machine,Y,1.0
2025-08-07T10:17:14,scipy-benchmark,18cb67a9-4eb5-4ebf-a944-fa42c705dadc,scipy_LMC001_f7d9627c,1.0015437710098922,7.650427021747843e-08,7.638634718913628e-08,1.7000000000000002,0.0,10.0,2.365970330170563e-07,0.0,1.3911533971420592e-06,1.6277504301591154e-06,Canada,CAN,,gcp,northamerica-northeast2,Linux-6.8.0-1032-gcp-x86_64-with-glibc2.35,3.12.11,3.0.4,2,Intel(R) Xeon(R) CPU @ 2.60GHz,,,,,15.61648178100586,machine,Y,1.0
2025-08-07T10:17:16,scipy-benchmark,c211dffc-fab3-4486-a8ab-b58ddf865d51,scipy_LMC001_f7d9627c,1.0014349550474435,7.64981582620013e-08,7.638854413502787e-08,1.7000000000000002,0.0,10.0,2.3657509403225659e-07,0.0,1.3910452945209626e-06,1.6276203885532192e-06,Canada,CAN,,gcp,northamerica-northeast2,Linux-6.8.0-1032-gcp-x86_64-with-glibc2.35,3.12.11,3.0.4,2,Intel(R) Xeon(R) CPU @ 2.60GHz,,,,,15.61648178100586,machine,Y,1.0
2025-08-07T10:17:18,scipy-benchmark,ca47487f-dbb2-4c3d-95f5-5add67c09888,scipy_LMC001_f7d9627c,1.0014524389989674,7.66806092346966e-08,7.65693968565747e-08,1.7272709000000002,0.0,10.0,2.403833574786037e-07,0.0,1.3911189666638772e-06,1.6315023241424808e-06,Canada,CAN,,gcp,northamerica-northeast2,Linux-6.8.0-1032-gcp-x86_64-with-glibc2.35,3.12.11,3.0.4,2,Intel(R) Xeon(R) CPU @ 2.60GHz,,,,,15.61648178100586,machine,Y,1.0
2025-08-07T10:17:20,scipy-benchmark,d355995d-1068-4170-8d92-dcece11e88fd,scipy_LMC001_f7d9627c,1.0014692179393023,7.65024711308975e-08,7.639023722398048e-08,1.7000000000000002,0.0,10.0,2.3658971588075574e-07,0.0,1.3911224358404677e-06,1.6277121517212232e-06,Canada,CAN,,gcp,northamerica-northeast2,Linux-6.8.0-1032-gcp-x86_64-with-glibc2.35,3.12.11,3.0.4,2,Intel(R) Xeon(R) CPU @ 2.60GHz,,,,,15.61648178100586,machine,Y,1.0
2025-08-07T10:17:22,scipy-benchmark,0b012286-90e1-4af4-9f25-535ec721129a,scipy_LMC001_f7d9627c,1.0014459651429206,7.667865416566148e-08,7.65679395939434e-08,1.7272709000000002,0.0,10.0,2.403744490407076e-07,0.0,1.3910862778882602e-06,1.6314607269289675e-06,Canada,CAN,,gcp,northamerica-northeast2,Linux-6.8.0-1032-gcp-x86_64-with-glibc2.35,3.12.11,3.0.4,2,Intel(R) Xeon(R) CPU @ 2.60GHz,,,,,15.61648178100586,machine,Y,1.0
2025-08-07T10:17:25,scipy-benchmark,313d23d6-ef4e-4f2d-88de-833bb7d38795,scipy_LMC001_f7d9627c,1.001465047011152,7.668055604608747e-08,7.656837977015646e-08,1.7272709000000002,0.0,10.0,2.403814813947612e-07,0.0,1.3911197110751851e-06,1.6315011924699462e-06,Canada,CAN,,gcp,northamerica-northeast2,Linux-6.8.0-1032-gcp-x86_64-with-glibc2.35,3.12.11,3.0.4,2,Intel(R) Xeon(R) CPU @ 2.60GHz,,,,,15.61648178100586,machine,Y,1.0
2025-08-07T10:17:27,scipy-benchmark,438584c1-cd80-4a29-b573-25999f1fd3d1,scipy_LMC001_f7d9627c,1.001421099063009,7.649841368623957e-08,7.63898561332652e-08,1.7000000000000002,0.0,10.0,2.365732254693285e-07,0.0,1.3910525976421518e-06,1.6276258231114802e-06,Canada,CAN,,gcp,northamerica-northeast2,Linux-6.8.0-1032-gcp-x86_64-with-glibc2.35,3.12.11,3.0.4,2,Intel(R) Xeon(R) CPU @ 2.60GHz,,,,,15.61648178100586,machine,Y,1.0
2025-08-07T10:17:29,scipy-benchmark,e9194705-1aa3-4d37-acfa-8e8c8d3d7274,scipy_LMC001_f7d9627c,1.001437370898202,7.649837465302294e-08,7.638857593701597e-08,1.7000000000000002,0.0,10.0,2.365720897085137e-07,0.0,1.3910529029089957e-06,1.6276249926175094e-06,Canada,CAN,,gcp,northamerica-northeast2,Linux-6.8.0-1032-gcp-x86_64-with-glibc2.35,3.12.11,3.0.4,2,Intel(R) Xeon(R) CPU @ 2.60GHz,,,,,15.61648178100586,machine,Y,1.0
2025-08-07T10:17:31,scipy-benchmark,b784dec7-0b39-4f1b-9743-58f3d1019af9,scipy_LMC001_f7d9627c,1.0014372018631548,7.632560305513817e-08,7.621606518425302e-08,1.6732691000000002,0.0,10.0,2.328631184502347e-07,0.0,1.3910858827229176e-06,1.6239490011731522e-06,Canada,CAN,,gcp,northamerica-northeast2,Linux-6.8.0-1032-gcp-x86_64-with-glibc2.35,3.12.11,3.0.4,2,Intel(R) Xeon(R) CPU @ 2.60GHz,,,,,15.61648178100586,machine,Y,1.0
2025-08-07T10:17:33,scipy-benchmark,168c483a-f014-446f-b8f2-5e6614ecb848,scipy_LMC001_f7d9627c,1.0014158298727125,7.649726699788071e-08,7.638911300973153e-08,1.7000000000000002,0.0,10.0,2.365724452797117e-07,0.0,1.391028980207112e-06,1.6276014254868238e-06,Canada,CAN,,gcp,northamerica-northeast2,Linux-6.8.0-1032-gcp-x86_64-with-glibc2.35,3.12.11,3.0.4,2,Intel(R) Xeon(R) CPU @ 2.60GHz,,,,,15.61648178100586,machine,Y,1.0
2025-08-07T10:17:35,scipy-benchmark,be2a90b8-b960-4fca-a54e-3538b74968e0,scipy_LMC001_f7d9627c,1.0014720130711794,7.650424995856721e-08,7.63918002300976e-08,1.7000000000000002,0.0,10.0,2.3659613243459414e-07,0.0,1.3911538666838572e-06,1.627749999118451e-06,Canada,CAN,,gcp,northamerica-northeast2,Linux-6.8.0-1032-gcp-x86_64-with-glibc2.35,3.12.11,3.0.4,2,Intel(R) Xeon(R) CPU @ 2.60GHz,,,,,15.61648178100586,machine,Y,1.0
2025-08-07T10:17:38,scipy-benchmark,614c421a-ade1-40ca-aff2-345c563ff14a,scipy_LMC001_f7d9627c,1.00134453503415,7.648314233068637e-08,7.638044614492052e-08,1.7000000000000002,0.0,10.0,2.365329973270289e-07,0.0,1.3907679033258724e-06,1.6273009006529014e-06,Canada,CAN,,gcp,northamerica-northeast2,Linux-6.8.0-1032-gcp-x86_64-with-glibc2.35,3.12.11,3.0.4,2,Intel(R) Xeon(R) CPU @ 2.60GHz,,,,,15.61648178100586,machine,Y,1.0
2025-08-07T10:17:40,scipy-benchmark,b09d8bc7-78fa-478f-b848-dd22681a3610,scipy_LMC001_f7d9627c,1.0014417089987546,7.667836996119853e-08,7.65679812136663e-08,1.7272709000000002,0.0,10.0,2.4037224966362684e-07,0.0,1.3910824303618736e-06,1.6314546800255005e-06,Canada,CAN,,gcp,northamerica-northeast2,Linux-6.8.0-1032-gcp-x86_64-with-glibc2.35,3.12.11,3.0.4,2,Intel(R) Xeon(R) CPU @ 2.60GHz,,,,,15.61648178100586,machine,Y,1.0
2025-08-07T10:17:42,scipy-benchmark,09f14973-243b-4332-a85f-b5503d3dbb00,scipy_LMC001_f7d9627c,1.0014270830433816,7.649761539418897e-08,7.638860251483244e-08,1.7000000000000002,0.0,10.0,2.365701993759204e-07,0.0,1.391038638798313e-06,1.6276088381742334e-06,Canada,CAN,,gcp,northamerica-northeast2,Linux-6.8.0-1032-gcp-x86_64-with-glibc2.35,3.12.11,3.0.4,2,Intel(R) Xeon(R) CPU @ 2.60GHz,,,,,15.61648178100586,machine,Y,1.0
2025-08-07T10:17:44,scipy-benchmark,8e44e1b4-f6c3-463e-9feb-d1a2133d1263,scipy_LMC001_f7d9627c,1.0014420619700104,7.650140720140834e-08,7.639124629029143e-08,1.7000000000000002,0.0,10.0,2.365850238582223e-07,0.0,1.3911044910653596e-06,1.6276895149235818e-06,Canada,CAN,,gcp,northamerica-northeast2,Linux-6.8.0-1032-gcp-x86_64-with-glibc2.35,3.12.11,3.0.4,2,Intel(R) Xeon(R) CPU @ 2.60GHz,,,,,15.61648178100586,machine,Y,1.0
2025-08-07T10:17:46,scipy-benchmark,7841d46d-8050-4589-9942-a2320e3e0362,scipy_LMC001_f7d9627c,1.001372975995764,7.761245875868246e-08,7.750604481961848e-08,1.8719144,0.0,10.0,2.604625462346377e-07,0.0,1.3908663635245628e-06,1.6513289097592006e-06,Canada,CAN,,gcp,northamerica-northeast2,Linux-6.8.0-1032-gcp-x86_64-with-glibc2.35,3.12.11,3.0.4,2,Intel(R) Xeon(R) CPU @ 2.60GHz,,,,,15.61648178100586,machine,Y,1.0
2025-08-07T10:17:48,scipy-benchmark,cfb5d3ed-78aa-4011-9e91-6bafa5946df5,scipy_LMC001_f7d9627c,1.0013755508698523,7.685276707782587e-08,7.674719740367853e-08,1.7550872000000004,0.0,10.0,2.442189432879359e-07,0.0,1.3909463136870827e-06,1.6351652569750186e-06,Canada,CAN,,gcp,northamerica-northeast2,Linux-6.8.0-1032-gcp-x86_64-with-glibc2.35,3.12.11,3.0.4,2,Intel(R) Xeon(R) CPU @ 2.60GHz,,,,,15.61648178100586,machine,Y,1.0
2025-08-07T10:17:51,scipy-benchmark,824b3b81-281f-4ec5-8e17-c86af71f718c,scipy_LMC001_f7d9627c,1.001413936028257,7.649533036822686e-08,7.638732357931594e-08,1.7000000000000002,0.0,10.0,2.365645067184233e-07,0.0,1.3909957138821483e-06,1.6275602206005716e-06,Canada,CAN,,gcp,northamerica-northeast2,Linux-6.8.0-1032-gcp-x86_64-with-glibc2.35,3.12.11,3.0.4,2,Intel(R) Xeon(R) CPU @ 2.60GHz,,,,,15.61648178100586,machine,Y,1.0
2025-08-07T10:17:53,scipy-benchmark,332480cc-9315-4cae-ba57-5acdf42804e9,scipy_LMC001_f7d9627c,1.001416431972757,7.649981427532233e-08,7.6391610755398e-08,1.7000000000000002,0.0,10.0,2.3657831220447813e-07,0.0,1.3910773106747204e-06,1.6276556228791984e-06,Canada,CAN,,gcp,northamerica-northeast2,Linux-6.8.0-1032-gcp-x86_64-with-glibc2.35,3.12.11,3.0.4,2,Intel(R) Xeon(R) CPU @ 2.60GHz,,,,,15.61648178100586,machine,Y,1.0
2025-08-07T10:17:55,scipy-benchmark,ce456fe9-524a-4c77-949d-3640883cb3f1,scipy_LMC001_f7d9627c,1.0014120200648904,7.649657161600449e-08,7.638870922584651e-08,1.7000000000000002,0.0,10.0,2.3656812729960722e-07,0.0,1.3910185028281476e-06,1.6275866301277549e-06,Canada,CAN,,gcp,northamerica-northeast2,Linux-6.8.0-1032-gcp-x86_64-with-glibc2.35,3.12.11,3.0.4,2,Intel(R) Xeon(R) CPU @ 2.60GHz,,,,,15.61648178100586,machine,Y,1.0
2025-08-07T10:17:57,scipy-benchmark,e3d26465-f63c-400b-9345-634bdbf23a7b,scipy_LMC001_f7d9627c,1.001418226165697,7.667515649602077e-08,7.656656778616883e-08,1.7272709000000002,0.0,10.0,2.4036582524385176e-07,0.0,1.3910204831821222e-06,1.631386308425974e-06,Canada,CAN,,gcp,northamerica-northeast2,Linux-6.8.0-1032-gcp-x86_64-with-glibc2.35,3.12.11,3.0.4,2,Intel(R) Xeon(R) CPU @ 2.60GHz,,,,,15.61648178100586,machine,Y,1.0
2025-08-07T10:17:59,scipy-benchmark,15cbb78a-440e-430d-b846-d2ba75a2dd2f,scipy_LMC001_f7d9627c,1.0013915619347245,7.649027639074486e-08,7.63839833470964e-08,1.7000000000000002,0.0,10.0,2.365498229693104e-07,0.0,1.3909028661954735e-06,1.627452689164784e-06,Canada,CAN,,gcp,northamerica-northeast2,Linux-6.8.0-1032-gcp-x86_64-with-glibc2.35,3.12.11,3.0.4,2,Intel(R) Xeon(R) CPU @ 2.60GHz,,,,,15.61648178100586,machine,Y,1.0
2025-08-07T10:18:01,scipy-benchmark,8e4fb296-1d98-40b9-b784-aee794152229,scipy_LMC001_f7d9627c,1.0013912220019847,7.685123809204484e-08,7.67444694975492e-08,1.7550872000000004,0.0,10.0,2.442217611880461e-07,0.0,1.39091096417461e-06,1.635132725362656e-06,Canada,CAN,,gcp,northamerica-northeast2,Linux-6.8.0-1032-gcp-x86_64-with-glibc2.35,3.12.11,3.0.4,2,Intel(R) Xeon(R) CPU @ 2.60GHz,,,,,15.61648178100586,machine,Y,1.0
2025-08-07T10:18:04,scipy-benchmark,f82a8be1-8707-43b0-8a5a-500e98d53d06,scipy_LMC001_f7d9627c,1.0013931228313595,7.64907515384645e-08,7.63843387721627e-08,1.7000000000000002,0.0,10.0,2.36550473750362e-07,0.0,1.390912324940372e-06,1.6274627986907338e-06,Canada,CAN,,gcp,northamerica-northeast2,Linux-6.8.0-1032-gcp-x86_64-with-glibc2.35,3.12.11,3.0.4,2,Intel(R) Xeon(R) CPU @ 2.60GHz,,,,,15.61648178100586,machine,Y,1.0
2025-08-07T10:18:06,scipy-benchmark,c47c4c6c-a0ce-456a-a170-2f06f503c605,scipy_LMC001_f7d9627c,1.0014931170735508,7.649508759231928e-08,7.638104175477964e-08,1.7000000000000002,0.0,10.0,2.3656732413089937e-07,0.0,1.39098773102483e-06,1.6275550551557291e-06,Canada,CAN,,gcp,northamerica-northeast2,Linux-6.8.0-1032-gcp-x86_64-with-glibc2.35,3.12.11,3.0.4,2,Intel(R) Xeon(R) CPU @ 2.60GHz,,,,,15.61648178100586,machine,Y,1.0
2025-08-07T10:18:08,scipy-benchmark,dcd5989e-dd9f-4613-a39d-fd15daf603e3,scipy_LMC001_f7d9627c,1.0014846390113237,7.632669523481795e-08,7.62135456317817e-08,1.6732691000000002,0.0,10.0,2.328765502651533e-07,0.0,1.391095688773526e-06,1.6239722390386794e-06,Canada,CAN,,gcp,northamerica-northeast2,Linux-6.8.0-1032-gcp-x86_64-with-glibc2.35,3.12.11,3.0.4,2,Intel(R) Xeon(R) CPU @ 2.60GHz,,,,,15.61648178100586,machine,Y,1.0
2025-08-07T10:18:10,scipy-benchmark,83226953-3713-4c0c-bf58-338c0e72b02c,scipy_LMC001_f7d9627c,1.0015091090463102,7.65030628669839e-08,7.638778536905585e-08,1.7000000000000002,0.0,10.0,2.365913280454051e-07,0.0,1.391133413805316e-06,1.627724741850721e-06,Canada,CAN,,gcp,northamerica-northeast2,Linux-6.8.0-1032-gcp-x86_64-with-glibc2.35,3.12.11,3.0.4,2,Intel(R) Xeon(R) CPU @ 2.60GHz,,,,,15.61648178100586,machine,Y,1.0
2025-08-07T10:18:12,scipy-benchmark,eb2ae0f9-a223-4fd5-a240-492a1175107f,scipy_LMC001_f7d9627c,1.0013974108733237,7.666646485020295e-08,7.655947980067349e-08,1.7272709000000002,0.0,10.0,2.403463881036762e-07,0.0,1.390854991687876e-06,1.631201379791552e-06,Canada,CAN,,gcp,northamerica-northeast2,Linux-6.8.0-1032-gcp-x86_64-with-glibc2.35,3.12.11,3.0.4,2,Intel(R) Xeon(R) CPU @ 2.60GHz,,,,,15.61648178100586,machine,Y,1.0
2025-08-07T10:18:14,scipy-benchmark,ac0f3220-83c9-41b7-9bfe-0bb2535e7b93,scipy_LMC001_f7d9627c,1.001396207138896,7.649176849100169e-08,7.638511904248914e-08,1.7000000000000002,0.0,10.0,2.365558717477446e-07,0.0,1.3909285642310148e-06,1.6274844359787591e-06,Canada,CAN,,gcp,northamerica-northeast2,Linux-6.8.0-1032-gcp-x86_64-with-glibc2.35,3.12.11,3.0.4,2,Intel(R) Xeon(R) CPU @ 2.60GHz,,,,,15.61648178100586,machine,Y,1.0
2025-08-07T10:18:17,scipy-benchmark,50ae1eff-b387-4816-ab55-7ce6ecea3505,scipy_LMC001_f7d9627c,1.0014192371163515,7.64924701067632e-08,7.638406300944245e-08,1.7000000000000002,0.0,10.0,2.365584661860744e-07,0.0,1.3909408977876107e-06,1.6274993639736851e-06,Canada,CAN,,gcp,northamerica-northeast2,Linux-6.8.0-1032-gcp-x86_64-with-glibc2.35,3.12.11,3.0.4,2,Intel(R) Xeon(R) CPU @ 2.60GHz,,,,,15.61648178100586,machine,Y,1.0
2025-08-07T10:18:19,scipy-benchmark,2f9b1da6-ff33-4c0e-8982-28656be32008,scipy_LMC001_f7d9627c,1.0014318050816655,7.649603614933504e-08,7.638666533373872e-08,1.7000000000000002,0.0,10.0,2.3657900399606053e-07,0.0,1.390996233223834e-06,1.6275752372198946e-06,Canada,CAN,,gcp,northamerica-northeast2,Linux-6.8.0-1032-gcp-x86_64-with-glibc2.35,3.12.11,3.0.4,2,Intel(R) Xeon(R) CPU @ 2.60GHz,,,,,15.61648178100586,machine,Y,1.0
2025-08-07T10:18:21,scipy-benchmark,1c2af954-2986-44fa-9331-9dd1b8ef7e63,scipy_LMC001_f7d9627c,1.0014938458334657,7.650399590585666e-08,7.638988120010694e-08,1.7000000000000002,0.0,10.0,2.3659508034405817e-07,0.0,1.3911495133975727e-06,1.627744593741631e-06,Canada,CAN,,gcp,northamerica-northeast2,Linux-6.8.0-1032-gcp-x86_64-with-glibc2.35,3.12.11,3.0.4,2,Intel(R) Xeon(R) CPU @ 2.60GHz,,,,,15.61648178100586,machine,Y,1.0
2025-08-07T10:18:23,scipy-benchmark,c381b777-c2b7-46c4-8d31-c5e3fa8c363b,scipy_LMC001_f7d9627c,1.0014646837953478,7.72347364554474e-08,7.71217774377659e-08,1.8123776000000005,0.0,10.0,2.522238652809329e-07,0.0,1.3910683997285863e-06,1.6432922650095192e-06,Canada,CAN,,gcp,northamerica-northeast2,Linux-6.8.0-1032-gcp-x86_64-with-glibc2.35,3.12.11,3.0.4,2,Intel(R) Xeon(R) CPU @ 2.60GHz,,,,,15.61648178100586,machine,Y,1.0
2025-08-07T10:18:25,scipy-benchmark,ffa832ec-3a70-4b69-b9c6-b07000073cc6,scipy_LMC001_f7d9627c,1.0013815120328218,7.649089386394998e-08,7.638536656091458e-08,1.7000000000000002,0.0,10.0,2.365517822391768e-07,0.0,1.390914044653376e-06,1.6274658268925527e-06,Canada,CAN,,gcp,northamerica-northeast2,Linux-6.8.0-1032-gcp-x86_64-with-glibc2.35,3.12.11,3.0.4,2,Intel(R) Xeon(R) CPU @ 2.60GHz,,,,,15.61648178100586,machine,Y,1.0
2025-08-07T10:18:27,scipy-benchmark,171d20d5-302a-418a-aa81-c2e3058469a0,scipy_LMC001_f7d9627c,1.001400737091899,7.649369876639685e-08,7.638670108086509e-08,1.7000000000000002,0.0,10.0,2.365622807151845e-07,0.0,1.3909632249528336e-06,1.6275255056680182e-06,Canada,CAN,,gcp,northamerica-northeast2,Linux-6.8.0-1032-gcp-x86_64-with-glibc2.35,3.12.11,3.0.4,2,Intel(R) Xeon(R) CPU @ 2.60GHz,,,,,15.61648178100586,machine,Y,1.0
2025-08-07T10:18:29,scipy-benchmark,0e7d14ff-abbc-4130-aabc-03b3e1b1a344,scipy_LMC001_f7d9627c,1.001374258892611,7.64877109800776e-08,7.638274131857857e-08,1.7000000000000002,0.0,10.0,2.3654121152746181e-07,0.0,1.390856894431636e-06,1.6273981059590978e-06,Canada,CAN,,gcp,northamerica-northeast2,Linux-6.8.0-1032-gcp-x86_64-with-glibc2.35,3.12.11,3.0.4,2,Intel(R) Xeon(R) CPU @ 2.60GHz,,,,,15.61648178100586,machine,Y,1.0
2025-08-07T10:18:32,scipy-benchmark,a98a3589-9978-48ad-a9ff-d44d612230ae,scipy_LMC001_f7d9627c,1.0014810080174357,7.632788635709632e-08,7.621501131429091e-08,1.6732691000000002,0.0,10.0,2.328688067643864e-07,0.0,1.391128775301493e-06,1.6239975820658792e-06,Canada,CAN,,gcp,northamerica-northeast2,Linux-6.8.0-1032-gcp-x86_64-with-glibc2.35,3.12.11,3.0.4,2,Intel(R) Xeon(R) CPU @ 2.60GHz,,,,,15.61648178100586,machine,Y,1.0
2025-08-07T10:18:34,scipy-benchmark,f6dbac13-4ca2-4479-9a0f-b186ee553188,scipy_LMC001_f7d9627c,1.0014575440436602,7.667834728729987e-08,7.656674787998497e-08,1.7272709000000002,0.0,10.0,2.403828532126477e-07,0.0,1.391071344389477e-06,1.6314541976021243e-06,Canada,CAN,,gcp,northamerica-northeast2,Linux-6.8.0-1032-gcp-x86_64-with-glibc2.35,3.12.11,3.0.4,2,Intel(R) Xeon(R) CPU @ 2.60GHz,,,,,15.61648178100586,machine,Y,1.0
2025-08-07T10:18:36,scipy-benchmark,f3cf0115-4ebb-4e58-8734-43aa6e6c7dcb,scipy_LMC001_f7d9627c,1.0015593690332023,7.668559148083399e-08,7.656619652498282e-08,1.7272709000000002,0.0,10.0,2.404087651545094e-07,0.0,1.3911995642249368e-06,1.6316083293794462e-06,Canada,CAN,,gcp,northamerica-northeast2,Linux-6.8.0-1032-gcp-x86_64-with-glibc2.35,3.12.11,3.0.4,2,Intel(R) Xeon(R) CPU @ 2.60GHz,,,,,15.61648178100586,machine,Y,1.0
2025-08-07T10:18:38,scipy-benchmark,c4f5d93a-832b-4469-9b10-127d613ed300,scipy_LMC001_f7d9627c,1.0014261789619925,7.649174597174474e-08,7.638281041447376e-08,1.7000000000000002,0.0,10.0,2.36562545689392e-07,0.0,1.3909214111562405e-06,1.6274839568456325e-06,Canada,CAN,,gcp,northamerica-northeast2,Linux-6.8.0-1032-gcp-x86_64-with-glibc2.35,3.12.11,3.0.4,2,Intel(R) Xeon(R) CPU @ 2.60GHz,,,,,15.61648178100586,machine,Y,1.0
2025-08-07T10:18:40,scipy-benchmark,32ac0a74-1799-4d19-8d00-c22e6cf66bdc,scipy_LMC001_f7d9627c,1.001390250166878,7.649022444109304e-08,7.63840315285137e-08,1.7000000000000002,0.0,10.0,2.365582003322844e-07,0.0,1.390893383520759e-06,1.6274515838530434e-06,Canada,CAN,,gcp,northamerica-northeast2,Linux-6.8.0-1032-gcp-x86_64-with-glibc2.35,3.12.11,3.0.4,2,Intel(R) Xeon(R) CPU @ 2.60GHz,,,,,15.61648178100586,machine,Y,1.0
2025-08-07T10:18:42,scipy-benchmark,8673e27e-ba6c-48e5-812c-c60133a9bd6a,scipy_LMC001_f7d9627c,1.0013839839957654,7.649205951507774e-08,7.638634204019902e-08,1.7000000000000002,0.0,10.0,2.3655843353157657e-07,0.0,1.3909321944488006e-06,1.6274906279803772e-06,Canada,CAN,,gcp,northamerica-northeast2,Linux-6.8.0-1032-gcp-x86_64-with-glibc2.35,3.12.11,3.0.4,2,Intel(R) Xeon(R) CPU @ 2.60GHz,,,,,15.61648178100586,machine,Y,1.0
2025-08-07T10:18:45,scipy-benchmark,377b0fe8-ae51-4f86-a378-9d68d86a50c1,scipy_LMC001_f7d9627c,1.0015005578752607,7.650338451971768e-08,7.63887587661697e-08,1.7000000000000002,0.0,10.0,2.365949159720913e-07,0.0,1.3911366695538164e-06,1.6277315855259075e-06,Canada,CAN,,gcp,northamerica-northeast2,Linux-6.8.0-1032-gcp-x86_64-with-glibc2.35,3.12.11,3.0.4,2,Intel(R) Xeon(R) CPU @ 2.60GHz,,,,,15.61648178100586,machine,Y,1.0
2025-08-07T10:18:47,scipy-benchmark,513bcf02-1cfb-4bbd-805f-fa2ad449feb6,scipy_LMC001_f7d9627c,1.0014826860278845,7.686272574131794e-08,7.674893117341207e-08,1.7550872000000004,0.0,10.0,2.442580681141184e-07,0.0,1.3911190753181775e-06,1.6353771434322962e-06,Canada,CAN,,gcp,northamerica-northeast2,Linux-6.8.0-1032-gcp-x86_64-with-glibc2.35,3.12.11,3.0.4,2,Intel(R) Xeon(R) CPU @ 2.60GHz,,,,,15.61648178100586,machine,Y,1.0
2025-08-07T10:18:49,scipy-benchmark,d801d73c-07a6-4391-9d29-9e2b98b9ae81,scipy_LMC001_f7d9627c,1.0014659960288554,7.65016608109258e-08,7.63896738524126e-08,1.7000000000000002,0.0,10.0,2.365865076038366e-07,0.0,1.391108403266925e-06,1.6276949108707616e-06,Canada,CAN,,gcp,northamerica-northeast2,Linux-6.8.0-1032-gcp-x86_64-with-glibc2.35,3.12.11,3.0.4,2,Intel(R) Xeon(R) CPU @ 2.60GHz,,,,,15.61648178100586,machine,Y,1.0
2025-08-07T10:18:51,scipy-benchmark,188ed29e-03be-4c1b-91c3-074f38bc5a15,scipy_LMC001_f7d9627c,1.001381355104968,7.649041524515877e-08,7.638490057281004e-08,1.7000000000000002,0.0,10.0,2.3654969037225885e-07,0.0,1.3909059531417573e-06,1.6274556435140162e-06,Canada,CAN,,gcp,northamerica-northeast2,Linux-6.8.0-1032-gcp-x86_64-with-glibc2.35,3.12.11,3.0.4,2,Intel(R) Xeon(R) CPU @ 2.60GHz,,,,,15.61648178100586,machine,Y,1.0
2025-08-07T10:18:53,scipy-benchmark,384a3d3d-5acd-43d8-a7ad-9dd048402310,scipy_LMC001_f7d9627c,1.0014645860064777,7.649790682285352e-08,7.638603290796618e-08,1.7000000000000002,0.0,10.0,2.365777465230268e-07,0.0,1.3910372922610906e-06,1.6276150387841177e-06,Canada,CAN,,gcp,northamerica-northeast2,Linux-6.8.0-1032-gcp-x86_64-with-glibc2.35,3.12.11,3.0.4,2,Intel(R) Xeon(R) CPU @ 2.60GHz,,,,,15.61648178100586,machine,Y,1.0
2025-08-07T10:18:55,scipy-benchmark,4aeeb25e-bfd4-4225-a63c-18cb173b5879,scipy_LMC001_f7d9627c,1.0013772379606962,7.648712061399904e-08,7.638192452802802e-08,1.7000000000000002,0.0,10.0,2.3654025586115002e-07,0.0,1.390845289117553e-06,1.627385544978703e-06,Canada,CAN,,gcp,northamerica-northeast2,Linux-6.8.0-1032-gcp-x86_64-with-glibc2.35,3.12.11,3.0.4,2,Intel(R) Xeon(R) CPU @ 2.60GHz,,,,,15.61648178100586,machine,Y,1.0
2025-08-07T10:18:58,scipy-benchmark,4fa42110-4d66-4e02-9f24-25daa8e36528,scipy_LMC001_f7d9627c,1.001476967940107,7.649967570299567e-08,7.638685476745852e-08,1.7000000000000002,0.0,10.0,2.365812796957067e-07,0.0,1.391071394836116e-06,1.6276526745318227e-06,Canada,CAN,,gcp,northamerica-northeast2,Linux-6.8.0-1032-gcp-x86_64-with-glibc2.35,3.12.11,3.0.4,2,Intel(R) Xeon(R) CPU @ 2.60GHz,,,,,15.61648178100586,machine,Y,1.0
2025-08-07T10:19:00,scipy-benchmark,df84c8d3-a4fd-4452-9b23-c5dbfe96875c,scipy_LMC001_f7d9627c,1.001441467087716,7.649466820729302e-08,7.638456237462044e-08,1.7000000000000002,0.0,10.0,2.3657546235739986e-07,0.0,1.3909706697126642e-06,1.627546132070064e-06,Canada,CAN,,gcp,northamerica-northeast2,Linux-6.8.0-1032-gcp-x86_64-with-glibc2.35,3.12.11,3.0.4,2,Intel(R) Xeon(R) CPU @ 2.60GHz,,,,,15.61648178100586,machine,Y,1.0
2025-08-07T10:19:02,scipy-benchmark,942360b4-84c6-4a55-8a8b-cc74df5fe670,scipy_LMC001_f7d9627c,1.0014674100093544,7.64969994949578e-08,7.638491151124255e-08,1.7000000000000002,0.0,10.0,2.3657256479297453e-07,0.0,1.3910231691422977e-06,1.6275957339352722e-06,Canada,CAN,,gcp,northamerica-northeast2,Linux-6.8.0-1032-gcp-x86_64-with-glibc2.35,3.12.11,3.0.4,2,Intel(R) Xeon(R) CPU @ 2.60GHz,,,,,15.61648178100586,machine,Y,1.0
2025-08-07T10:19:04,scipy-benchmark,4750c257-45ac-4d5e-824f-fdbe316bc1f5,scipy_LMC001_f7d9627c,1.0013388718944043,7.70307995808807e-08,7.692780310740195e-08,1.7834543000000005,0.0,10.0,2.48144680049322e-07,0.0,1.3908085025226077e-06,1.6389531825719297e-06,Canada,CAN,,gcp,northamerica-northeast2,Linux-6.8.0-1032-gcp-x86_64-with-glibc2.35,3.12.11,3.0.4,2,Intel(R) Xeon(R) CPU @ 2.60GHz,,,,,15.61648178100586,machine,Y,1.0
2025-08-07T10:19:06,scipy-benchmark,3bbc843d-11f2-466b-b33a-27b83facde5f,scipy_LMC001_f7d9627c,1.0014120158739388,7.649660469590324e-08,7.638874257879176e-08,1.7000000000000002,0.0,10.0,2.365703839782833e-07,0.0,1.3910169499771049e-06,1.627587333955388e-06,Canada,CAN,,gcp,northamerica-northeast2,Linux-6.8.0-1032-gcp-x86_64-with-glibc2.35,3.12.11,3.0.4,2,Intel(R) Xeon(R) CPU @ 2.60GHz,,,,,15.61648178100586,machine,Y,1.0
2025-08-07T10:19:08,scipy-benchmark,113b7339-db95-42a0-8ebc-bcae85a7bb91,scipy_LMC001_f7d9627c,1.0013192780315876,7.648509889065624e-08,7.638432672644843e-08,1.7000000000000002,0.0,10.0,2.3653073251221538e-07,0.0,1.3908117970762152e-06,1.6273425295884305e-06,Canada,CAN,,gcp,northamerica-northeast2,Linux-6.8.0-1032-gcp-x86_64-with-glibc2.35,3.12.11,3.0.4,2,Intel(R) Xeon(R) CPU @ 2.60GHz,,,,,15.61648178100586,machine,Y,1.0
2025-08-07T10:19:11,scipy-benchmark,58293fd1-1c88-445c-babd-c34dd12b044a,scipy_LMC001_f7d9627c,1.0014127250760794,7.667378553662187e-08,7.656561936617772e-08,1.7272709000000002,0.0,10.0,2.403626307402455e-07,0.0,1.3909945083368155e-06,1.6313571390770612e-06,Canada,CAN,,gcp,northamerica-northeast2,Linux-6.8.0-1032-gcp-x86_64-with-glibc2.35,3.12.11,3.0.4,2,Intel(R) Xeon(R) CPU @ 2.60GHz,,,,,15.61648178100586,machine,Y,1.0
2025-08-07T10:19:13,scipy-benchmark,43ddcd32-0f75-43aa-b394-674d555f5ee6,scipy_LMC001_f7d9627c,1.001438417006284,7.685981053092746e-08,7.67494128702326e-08,1.7550872000000004,0.0,10.0,2.442477061874534e-07,0.0,1.3910674114918544e-06,1.635315117679308e-06,Canada,CAN,,gcp,northamerica-northeast2,Linux-6.8.0-1032-gcp-x86_64-with-glibc2.35,3.12.11,3.0.4,2,Intel(R) Xeon(R) CPU @ 2.60GHz,,,,,15.61648178100586,machine,Y,1.0
2025-08-07T10:19:15,scipy-benchmark,b775b6a3-e946-4aee-ac55-2e084fb3387f,scipy_LMC001_f7d9627c,1.001453188015148,7.668108376543864e-08,7.656981343023969e-08,1.7272709000000002,0.0,10.0,2.403854729603071e-07,0.0,1.3911269475809402e-06,1.6315124205412474e-06,Canada,CAN,,gcp,northamerica-northeast2,Linux-6.8.0-1032-gcp-x86_64-with-glibc2.35,3.12.11,3.0.4,2,Intel(R) Xeon(R) CPU @ 2.60GHz,,,,,15.61648178100586,machine,Y,1.0
2025-08-07T10:19:17,scipy-benchmark,e4ff789c-82b0-4c94-88de-e4d682825247,scipy_LMC001_f7d9627c,1.0013634648639709,7.666506423706239e-08,7.65606764447681e-08,1.7272709000000002,0.0,10.0,2.4033282129396654e-07,0.0,1.3908387582179988e-06,1.6311715795119654e-06,Canada,CAN,,gcp,northamerica-northeast2,Linux-6.8.0-1032-gcp-x86_64-with-glibc2.35,3.12.11,3.0.4,2,Intel(R) Xeon(R) CPU @ 2.60GHz,,,,,15.61648178100586,machine,Y,1.0
2025-08-07T10:19:19,scipy-benchmark,80ffab78-62ff-47c9-a544-5924a41c96d5,scipy_LMC001_f7d9627c,1.0014596111141143,7.68609485742748e-08,7.674892499036255e-08,1.7550872000000004,0.0,10.0,2.442494788821572e-07,0.0,1.3910898524853915e-06,1.6353393313675489e-06,Canada,CAN,,gcp,northamerica-northeast2,Linux-6.8.0-1032-gcp-x86_64-with-glibc2.35,3.12.11,3.0.4,2,Intel(R) Xeon(R) CPU @ 2.60GHz,,,,,15.61648178100586,machine,Y,1.0
2025-08-07T10:19:21,scipy-benchmark,87717abf-28b8-45cc-9cb7-0bbc837cce26,scipy_LMC001_f7d9627c,1.0014967208262533,7.649745618602417e-08,7.638313196164274e-08,1.7000000000000002,0.0,10.0,2.366018510397731e-07,0.0,1.3910035997266985e-06,1.6276054507664716e-06,Canada,CAN,,gcp,northamerica-northeast2,Linux-6.8.0-1032-gcp-x86_64-with-glibc2.35,3.12.11,3.0.4,2,Intel(R) Xeon(R) CPU @ 2.60GHz,,,,,15.61648178100586,machine,Y,1.0
2025-08-07T10:19:24,scipy-benchmark,0f6eb330-3560-427d-a0e7-ed5a8a9bca69,scipy_LMC001_f7d9627c,1.0016307230107486,7.6503421857371e-08,7.63788690780305e-08,1.7000000000000002,0.0,10.0,2.366544632629181e-07,0.0,1.3910779166811458e-06,1.627732379944064e-06,Canada,CAN,,gcp,northamerica-northeast2,Linux-6.8.0-1032-gcp-x86_64-with-glibc2.35,3.12.11,3.0.4,2,Intel(R) Xeon(R) CPU @ 2.60GHz,,,,,15.61648178100586,machine,Y,1.0
2025-08-07T10:19:26,scipy-benchmark,7f8ee763-c48c-4ccd-8ce6-85cd2bfd1c32,scipy_LMC001_f7d9627c,1.00147284893319,7.667810131664872e-08,7.656533214887391e-08,1.7272709000000002,0.0,10.0,2.403741894230554e-07,0.0,1.39107477476096e-06,1.6314489641840153e-06,Canada,CAN,,gcp,northamerica-northeast2,Linux-6.8.0-1032-gcp-x86_64-with-glibc2.35,3.12.11,3.0.4,2,Intel(R) Xeon(R) CPU @ 2.60GHz,,,,,15.61648178100586,machine,Y,1.0
2025-08-07T10:19:28,scipy-benchmark,f28b4f47-9173-4156-bb93-b1753adacd27,scipy_LMC001_f7d9627c,1.0015735169872642,7.651669831735651e-08,7.63964871470633e-08,1.7000000000000002,0.0,10.0,2.366390692509918e-07,0.0,1.391375788565104e-06,1.6280148578160958e-06,Canada,CAN,,gcp,northamerica-northeast2,Linux-6.8.0-1032-gcp-x86_64-with-glibc2.35,3.12.11,3.0.4,2,Intel(R) Xeon(R) CPU @ 2.60GHz,,,,,15.61648178100586,machine,Y,1.0
2025-08-07T10:19:30,scipy-benchmark,07853628-6b36-476a-a364-379a62d4b739,scipy_LMC001_f7d9627c,1.0014086270239204,7.649004082326105e-08,7.638244644504542e-08,1.7000000000000002,0.0,10.0,2.365596376799254e-07,0.0,1.3908880394107352e-06,1.6274476770906606e-06,Canada,CAN,,gcp,northamerica-northeast2,Linux-6.8.0-1032-gcp-x86_64-with-glibc2.35,3.12.11,3.0.4,2,Intel(R) Xeon(R) CPU @ 2.60GHz,,,,,15.61648178100586,machine,Y,1.0
2025-08-07T10:19:32,scipy-benchmark,e208e501-5d56-42e5-997a-a77993a81681,scipy_LMC001_f7d9627c,1.0013708148617295,7.685016886803214e-08,7.674496572844863e-08,1.7550872000000004,0.0,10.0,2.442105763096873e-07,0.0,1.39089939960589e-06,1.6351099759155773e-06,Canada,CAN,,gcp,northamerica-northeast2,Linux-6.8.0-1032-gcp-x86_64-with-glibc2.35,3.12.11,3.0.4,2,Intel(R) Xeon(R) CPU @ 2.60GHz,,,,,15.61648178100586,machine,Y,1.0
2025-08-07T10:19:34,scipy-benchmark,8d0d52bc-e2cb-4368-a513-307812c7a3b2,scipy_LMC001_f7d9627c,1.0013485290110111,7.648629888590789e-08,7.638329379826433e-08,1.7000000000000002,0.0,10.0,2.365476366572289e-07,0.0,1.3908204247450663e-06,1.6273680614022953e-06,Canada,CAN,,gcp,northamerica-northeast2,Linux-6.8.0-1032-gcp-x86_64-with-glibc2.35,3.12.11,3.0.4,2,Intel(R) Xeon(R) CPU @ 2.60GHz,,,,,15.61648178100586,machine,Y,1.0
2025-08-07T10:19:37,scipy-benchmark,688436a1-0c04-4fe8-b6b1-b246986e33d5,scipy_LMC001_f7d9627c,1.0014533889479935,7.667707179805423e-08,7.656579192228e-08,1.7272709000000002,0.0,10.0,2.4038238201331176e-07,0.0,1.3910446775197569e-06,1.6314270595330685e-06,Canada,CAN,,gcp,northamerica-northeast2,Linux-6.8.0-1032-gcp-x86_64-with-glibc2.35,3.12.11,3.0.4,2,Intel(R) Xeon(R) CPU @ 2.60GHz,,,,,15.61648178100586,machine,Y,1.0
2025-08-07T10:19:39,scipy-benchmark,134918ff-9abd-48d5-88a5-1697f782b236,scipy_LMC001_f7d9627c,1.0014816028997302,7.63250336771652e-08,7.621211758276001e-08,1.6732691000000002,0.0,10.0,2.328582534660693e-07,0.0,1.3910786332821266e-06,1.623936886748196e-06,Canada,CAN,,gcp,northamerica-northeast2,Linux-6.8.0-1032-gcp-x86_64-with-glibc2.35,3.12.11,3.0.4,2,Intel(R) Xeon(R) CPU @ 2.60GHz,,,,,15.61648178100586,machine,Y,1.0
2025-08-07T10:19:41,scipy-benchmark,602bb814-999f-4834-8661-c3f32d4f4c5f,scipy_LMC001_f7d9627c,1.0014672379475087,7.649933546259611e-08,7.638725718015529e-08,1.7000000000000002,0.0,10.0,2.365790994307545e-07,0.0,1.391066335943631e-06,1.6276454353743854e-06,Canada,CAN,,gcp,northamerica-northeast2,Linux-6.8.0-1032-gcp-x86_64-with-glibc2.35,3.12.11,3.0.4,2,Intel(R) Xeon(R) CPU @ 2.60GHz,,,,,15.61648178100586,machine,Y,1.0
2025-08-07T10:19:43,scipy-benchmark,f2ddb9c6-5379-4412-8fd8-7bd598c68842,scipy_LMC001_f7d9627c,1.0013927810359746,7.649168709119679e-08,7.638529909518979e-08,1.7000000000000002,0.0,10.0,2.365548318614149e-07,0.0,1.390927872206602e-06,1.6274827040680168e-06,Canada,CAN,,gcp,northamerica-northeast2,Linux-6.8.0-1032-gcp-x86_64-with-glibc2.35,3.12.11,3.0.4,2,Intel(R) Xeon(R) CPU @ 2.60GHz,,,,,15.61648178100586,machine,Y,1.0
2025-08-07T10:19:45,scipy-benchmark,66f57178-3170-455b-86e0-8b1df718217b,scipy_LMC001_f7d9627c,1.0013445089571178,7.666423327583223e-08,7.656129592768891e-08,1.7272709000000002,0.0,10.0,2.403401272296165e-07,0.0,1.3908137722561757e-06,1.631153899485792e-06,Canada,CAN,,gcp,northamerica-northeast2,Linux-6.8.0-1032-gcp-x86_64-with-glibc2.35,3.12.11,3.0.4,2,Intel(R) Xeon(R) CPU @ 2.60GHz,,,,,15.61648178100586,machine,Y,1.0
2025-08-07T10:19:47,scipy-benchmark,559fdb62-8e75-4f79-b4f2-e934e769b40f,scipy_LMC001_f7d9627c,1.0013691920321437,7.648997223076488e-08,7.638538596892403e-08,1.7000000000000002,0.0,10.0,2.365480701814199e-07,0.0,1.3908981474944286e-06,1.6274462176758486e-06,Canada,CAN,,gcp,northamerica-northeast2,Linux-6.8.0-1032-gcp-x86_64-with-glibc2.35,3.12.11,3.0.4,2,Intel(R) Xeon(R) CPU @ 2.60GHz,,,,,15.61648178100586,machine,Y,1.0
2025-08-07T10:19:49,scipy-benchmark,49d26da6-3d2e-44b7-b22c-35a1255c3be7,scipy_LMC001_f7d9627c,1.0014320989139378,7.63245813010164e-08,7.621543326181687e-08,1.6732691000000002,0.0,10.0,2.3285676199211162e-07,0.0,1.3910704997316416e-06,1.6239272617237532e-06,Canada,CAN,,gcp,northamerica-northeast2,Linux-6.8.0-1032-gcp-x86_64-with-glibc2.35,3.12.11,3.0.4,2,Intel(R) Xeon(R) CPU @ 2.60GHz,,,,,15.61648178100586,machine,Y,1.0
2025-08-07T10:19:52,scipy-benchmark,0cd35884-8f4a-4b1a-8056-eee81003f101,scipy_LMC001_f7d9627c,1.001444995868951,7.649540345010529e-08,7.638502740106103e-08,1.7000000000000002,0.0,10.0,2.365636893664487e-07,0.0,1.3909980861677063e-06,1.6275617755341549e-06,Canada,CAN,,gcp,northamerica-northeast2,Linux-6.8.0-1032-gcp-x86_64-with-glibc2.35,3.12.11,3.0.4,2,Intel(R) Xeon(R) CPU @ 2.60GHz,,,,,15.61648178100586,machine,Y,1.0
2025-08-07T10:19:54,scipy-benchmark,ee760b05-1a61-48d6-9c7a-61ea9b3d9acc,scipy_LMC001_f7d9627c,1.0014316360466182,7.667813506697019e-08,7.656851681825707e-08,1.7272709000000002,0.0,10.0,2.4037649917115173e-07,0.0,1.3910731831048097e-06,1.6314496822759614e-06,Canada,CAN,,gcp,northamerica-northeast2,Linux-6.8.0-1032-gcp-x86_64-with-glibc2.35,3.12.11,3.0.4,2,Intel(R) Xeon(R) CPU @ 2.60GHz,,,,,15.61648178100586,machine,Y,1.0
2025-08-07T10:19:56,scipy-benchmark,08f92b82-bb3d-4214-a8a6-c2bbb2e2ce3d,scipy_LMC001_f7d9627c,1.0014261319302022,7.649687366033e-08,7.638793438801705e-08,1.7000000000000002,0.0,10.0,2.365714985191719e-07,0.0,1.391021558083594e-06,1.6275930566027657e-06,Canada,CAN,,gcp,northamerica-northeast2,Linux-6.8.0-1032-gcp-x86_64-with-glibc2.35,3.12.11,3.0.4,2,Intel(R) Xeon(R) CPU @ 2.60GHz,,,,,15.61648178100586,machine,Y,1.0
2025-08-07T10:19:58,scipy-benchmark,78345152-fc5b-4265-9e48-f1c7bbff00ca,scipy_LMC001_f7d9627c,1.0013641989789903,7.666598551743369e-08,7.656154034226884e-08,1.7272709000000002,0.0,10.0,2.403458306630203e-07,0.0,1.390845350558973e-06,1.6311911812219932e-06,Canada,CAN,,gcp,northamerica-northeast2,Linux-6.8.0-1032-gcp-x86_64-with-glibc2.35,3.12.11,3.0.4,2,Intel(R) Xeon(R) CPU @ 2.60GHz,,,,,15.61648178100586,machine,Y,1.0
2025-08-07T10:20:00,scipy-benchmark,ea4c9506-3730-446a-b751-b6615c122b86,scipy_LMC001_f7d9627c,1.001386784017086,7.6491738420439e-08,7.638580780304554e-08,1.7000000000000002,0.0,10.0,2.365538019803353e-07,0.0,1.390929994199218e-06,1.6274837961795532e-06,Canada,CAN,,gcp,northamerica-northeast2,Linux-6.8.0-1032-gcp-x86_64-with-glibc2.35,3.12.11,3.0.4,2,Intel(R) Xeon(R) CPU @ 2.60GHz,,,,,15.61648178100586,machine,Y,1.0
2025-08-07T10:20:02,scipy-benchmark,54ee77ec-7e4f-4fd0-8326-60eed5e79570,scipy_LMC001_f7d9627c,1.0015117649454623,7.65039041138112e-08,7.638842277402227e-08,1.7000000000000002,0.0,10.0,2.366017627516865e-07,0.0,1.3911408779677005e-06,1.627742640719387e-06,Canada,CAN,,gcp,northamerica-northeast2,Linux-6.8.0-1032-gcp-x86_64-with-glibc2.35,3.12.11,3.0.4,2,Intel(R) Xeon(R) CPU @ 2.60GHz,,,,,15.61648178100586,machine,Y,1.0
2025-08-07T10:20:05,scipy-benchmark,c09cb2ca-2ff7-43de-990b-456962fc5615,scipy_LMC001_f7d9627c,1.001538623822853,7.667874247498889e-08,7.656094398267704e-08,1.7272709000000002,0.0,10.0,2.4038359486565655e-07,0.0,1.3910790109851709e-06,1.6314626058508274e-06,Canada,CAN,,gcp,northamerica-northeast2,Linux-6.8.0-1032-gcp-x86_64-with-glibc2.35,3.12.11,3.0.4,2,Intel(R) Xeon(R) CPU @ 2.60GHz,,,,,15.61648178100586,machine,Y,1.0
2025-08-07T10:20:07,scipy-benchmark,33e35161-54a2-4864-854d-73bd596bee20,scipy_LMC001_f7d9627c,1.0015239301137626,7.650125757904285e-08,7.638485240223176e-08,1.7000000000000002,0.0,10.0,2.366277643078421e-07,0.0,1.3910585671611544e-06,1.6276863314689966e-06,Canada,CAN,,gcp,northamerica-northeast2,Linux-6.8.0-1032-gcp-x86_64-with-glibc2.35,3.12.11,3.0.4,2,Intel(R) Xeon(R) CPU @ 2.60GHz,,,,,15.61648178100586,machine,Y,1.0
2025-08-07T10:20:09,scipy-benchmark,4523e091-12f0-46ea-adf4-dd232da16dbf,scipy_LMC001_f7d9627c,1.00142958201468,8.076990930107548e-08,8.065460692561353e-08,2.3552,0.0,10.0,3.2769232534037697e-07,0.0,1.3908163831931438e-06,1.7185087085335206e-06,Canada,CAN,,gcp,northamerica-northeast2,Linux-6.8.0-1032-gcp-x86_64-with-glibc2.35,3.12.11,3.0.4,2,Intel(R) Xeon(R) CPU @ 2.60GHz,,,,,15.61648178100586,machine,Y,1.0
2025-08-07T10:20:11,scipy-benchmark,100bbeab-77bc-4ab4-92ae-4df6ad73c3fd,scipy_LMC001_f7d9627c,1.0014701909385622,7.667724526400645e-08,7.656468056442673e-08,1.7272709000000002,0.0,10.0,2.403773642654281e-07,0.0,1.3910533860325811e-06,1.6314307502980094e-06,Canada,CAN,,gcp,northamerica-northeast2,Linux-6.8.0-1032-gcp-x86_64-with-glibc2.35,3.12.11,3.0.4,2,Intel(R) Xeon(R) CPU @ 2.60GHz,,,,,15.61648178100586,machine,Y,1.0
2025-08-07T10:20:13,scipy-benchmark,f5184028-a15c-41b4-9ebc-08b66d42c5e5,scipy_LMC001_f7d9627c,1.0014289820101112,7.649425639424268e-08,7.63851034555642e-08,1.7000000000000002,0.0,10.0,2.3656317558036082e-07,0.0,1.3909741945099086e-06,1.6275373700902697e-06,Canada,CAN,,gcp,northamerica-northeast2,Linux-6.8.0-1032-gcp-x86_64-with-glibc2.35,3.12.11,3.0.4,2,Intel(R) Xeon(R) CPU @ 2.60GHz,,,,,15.61648178100586,machine,Y,1.0
2025-08-07T10:20:15,scipy-benchmark,23f2640a-c7b1-47cb-9cf8-81a53bfacbda,scipy_LMC001_f7d9627c,1.0014908141456544,7.668628502317378e-08,7.657213020829636e-08,1.7272709000000002,0.0,10.0,2.404015466890064e-07,0.0,1.3912215389104354e-06,1.6316230855994418e-06,Canada,CAN,,gcp,northamerica-northeast2,Linux-6.8.0-1032-gcp-x86_64-with-glibc2.35,3.12.11,3.0.4,2,Intel(R) Xeon(R) CPU @ 2.60GHz,,,,,15.61648178100586,machine,Y,1.0
2025-08-07T10:20:18,scipy-benchmark,a52e054e-0807-4688-8477-0cada255b78e,scipy_LMC001_f7d9627c,1.0014796198811382,7.650326347266996e-08,7.639023496229494e-08,1.7000000000000002,0.0,10.0,2.365915352970155e-07,0.0,1.3911374747597925e-06,1.6277290100568076e-06,Canada,CAN,,gcp,northamerica-northeast2,Linux-6.8.0-1032-gcp-x86_64-with-glibc2.35,3.12.11,3.0.4,2,Intel(R) Xeon(R) CPU @ 2.60GHz,,,,,15.61648178100586,machine,Y,1.0
2025-08-07T10:20:20,scipy-benchmark,38f0077f-812a-4e94-86be-0e04ade3b34b,scipy_LMC001_f7d9627c,1.0015921990852803,7.650480139964367e-08,7.638318416368743e-08,1.7000000000000002,0.0,10.0,2.366487347624369e-07,0.0,1.3911129971448748e-06,1.6277617319073115e-06,Canada,CAN,,gcp,northamerica-northeast2,Linux-6.8.0-1032-gcp-x86_64-with-glibc2.35,3.12.11,3.0.4,2,Intel(R) Xeon(R) CPU @ 2.60GHz,,,,,15.61648178100586,machine,Y,1.0
2025-08-07T10:20:22,scipy-benchmark,6e4d7efc-cf6b-4848-a686-ff7ed1200a85,scipy_LMC001_f7d9627c,1.0042792069725692,1.101129605462105e-07,1.096437721519191e-07,6.799310871199999,0.0,10.0,9.4847071444997e-07,0.0,1.3943582333417405e-06,2.34282894779171e-06,Canada,CAN,,gcp,northamerica-northeast2,Linux-6.8.0-1032-gcp-x86_64-with-glibc2.35,3.12.11,3.0.4,2,Intel(R) Xeon(R) CPU @ 2.60GHz,,,,,15.61648178100586,machine,Y,1.0
2025-08-07T10:20:24,scipy-benchmark,3beaf1dd-036b-40c8-a33b-2d8e2bd8a26b,scipy_LMC001_f7d9627c,1.0101036808919162,8.16609300155598e-08,8.084410695687559e-08,2.2787288,0.0,10.0,3.225639772223653e-07,0.0,1.4149026188533753e-06,1.7374665960757405e-06,Canada,CAN,,gcp,northamerica-northeast2,Linux-6.8.0-1032-gcp-x86_64-with-glibc2.35,3.12.11,3.0.4,2,Intel(R) Xeon(R) CPU @ 2.60GHz,,,,,15.61648178100586,machine,Y,1.0
2025-08-07T10:20:26,scipy-benchmark,2447abf3-5fc9-4220-8291-afc80c3457e3,scipy_LMC001_f7d9627c,1.0026249319780618,7.685588897370479e-08,7.665467566428566e-08,1.7272709000000002,0.0,10.0,2.4092944142614615e-07,0.0,1.3943022388654451e-06,1.6352316802915913e-06,Canada,CAN,,gcp,northamerica-northeast2,Linux-6.8.0-1032-gcp-x86_64-with-glibc2.35,3.12.11,3.0.4,2,Intel(R) Xeon(R) CPU @ 2.60GHz,,,,,15.61648178100586,machine,Y,1.0
2025-08-07T10:20:29,scipy-benchmark,26ef5386-eba7-42e2-bdde-8a9a0f249527,scipy_LMC001_f7d9627c,1.001447610091418,7.667583626963125e-08,7.656500000297749e-08,1.7272709000000002,0.0,10.0,2.4036655215093546e-07,0.0,1.391034219543346e-06,1.6314007716942817e-06,Canada,CAN,,gcp,northamerica-northeast2,Linux-6.8.0-1032-gcp-x86_64-with-glibc2.35,3.12.11,3.0.4,2,Intel(R) Xeon(R) CPU @ 2.60GHz,,,,,15.61648178100586,machine,Y,1.0
2025-08-07T10:20:31,scipy-benchmark,8b781541-5460-4a2a-a169-c28f7e372a9f,scipy_LMC001_f7d9627c,1.0014708919916302,7.650411101508911e-08,7.639174700619109e-08,1.7000000000000002,0.0,10.0,2.3659385398625293e-07,0.0,1.3911531888879835e-06,1.6277470428742363e-06,Canada,CAN,,gcp,northamerica-northeast2,Linux-6.8.0-1032-gcp-x86_64-with-glibc2.35,3.12.11,3.0.4,2,Intel(R) Xeon(R) CPU @ 2.60GHz,,,,,15.61648178100586,machine,Y,1.0
2025-08-07T10:20:33,scipy-benchmark,6eee3b5c-096c-49bd-8501-18d287cd42fc,scipy_LMC001_f7d9627c,1.0014541479758918,7.668212489093213e-08,7.657077964669643e-08,1.7272709000000002,0.0,10.0,2.4038655533355654e-07,0.0,1.3911480168139356e-06,1.6315345721474922e-06,Canada,CAN,,gcp,northamerica-northeast2,Linux-6.8.0-1032-gcp-x86_64-with-glibc2.35,3.12.11,3.0.4,2,Intel(R) Xeon(R) CPU @ 2.60GHz,,,,,15.61648178100586,machine,Y,1.0
2025-08-07T10:20:35,scipy-benchmark,ccbd2c65-700c-4eba-8649-37bfbd586c7f,scipy_LMC001_f7d9627c,1.0013811560347676,7.648708585647141e-08,7.638159096117025e-08,1.7000000000000002,0.0,10.0,2.365517638778935e-07,0.0,1.390833041578945e-06,1.6273848054568389e-06,Canada,CAN,,gcp,northamerica-northeast2,Linux-6.8.0-1032-gcp-x86_64-with-glibc2.35,3.12.11,3.0.4,2,Intel(R) Xeon(R) CPU @ 2.60GHz,,,,,15.61648178100586,machine,Y,1.0
2025-08-07T10:20:37,scipy-benchmark,e0f0a71a-f719-4fe7-8f24-a97ee494092a,scipy_LMC001_f7d9627c,1.0013844829518348,7.666843017432975e-08,7.656243079414424e-08,1.7272709000000002,0.0,10.0,2.403525506715681e-07,0.0,1.3908906445269371e-06,1.6312431951985052e-06,Canada,CAN,,gcp,northamerica-northeast2,Linux-6.8.0-1032-gcp-x86_64-with-glibc2.35,3.12.11,3.0.4,2,Intel(R) Xeon(R) CPU @ 2.60GHz,,,,,15.61648178100586,machine,Y,1.0
2025-08-07T10:20:39,scipy-benchmark,beaddd07-6122-4292-b4f7-0fdce4ca7f11,scipy_LMC001_f7d9627c,1.0024163220077753,7.685929156550586e-08,7.66740224376651e-08,1.7550872000000004,0.0,10.0,2.442909145566959e-07,0.0,1.391013161305131e-06,1.635304075861827e-06,Canada,CAN,,gcp,northamerica-northeast2,Linux-6.8.0-1032-gcp-x86_64-with-glibc2.35,3.12.11,3.0.4,2,Intel(R) Xeon(R) CPU @ 2.60GHz,,,,,15.61648178100586,machine,Y,1.0
2025-08-07T10:20:42,scipy-benchmark,94075bb8-db57-43a3-b755-7edc2f2153b0,scipy_LMC001_f7d9627c,1.0014522732235491,7.685881569094639e-08,7.67473575585859e-08,1.7550872000000004,0.0,10.0,2.442405337945325e-07,0.0,1.391053417076667e-06,1.6352939508711995e-06,Canada,CAN,,gcp,northamerica-northeast2,Linux-6.8.0-1032-gcp-x86_64-with-glibc2.35,3.12.11,3.0.4,2,Intel(R) Xeon(R) CPU @ 2.60GHz,,,,,15.61648178100586,machine,Y,1.0
2025-08-07T10:20:44,scipy-benchmark,6632a0e8-9e2d-4e20-9595-172d287c47b4,scipy_LMC001_f7d9627c,1.0014592248480767,7.632572092363484e-08,7.6214506821497e-08,1.6732691000000002,0.0,10.0,2.3286805096304257e-07,0.0,1.3910834580504646e-06,1.6239515090135072e-06,Canada,CAN,,gcp,northamerica-northeast2,Linux-6.8.0-1032-gcp-x86_64-with-glibc2.35,3.12.11,3.0.4,2,Intel(R) Xeon(R) CPU @ 2.60GHz,,,,,15.61648178100586,machine,Y,1.0
2025-08-07T10:20:46,scipy-benchmark,80c73a34-7507-4dc3-adf5-440a9c89d887,scipy_LMC001_f7d9627c,1.0014231810346246,7.7039896210964e-08,7.693041031002489e-08,1.7834543000000005,0.0,10.0,2.481754140154059e-07,0.0,1.3909713138774452e-06,1.639146727892851e-06,Canada,CAN,,gcp,northamerica-northeast2,Linux-6.8.0-1032-gcp-x86_64-with-glibc2.35,3.12.11,3.0.4,2,Intel(R) Xeon(R) CPU @ 2.60GHz,,,,,15.61648178100586,machine,Y,1.0
2025-08-07T10:20:48,scipy-benchmark,cbef3f3f-516b-49d6-a1ee-80079dab43de,scipy_LMC001_f7d9627c,1.0013876708690077,7.648876470700553e-08,7.638277056140338e-08,1.7000000000000002,0.0,10.0,2.365538316662425e-07,0.0,1.3908666940147265e-06,1.6274205256809689e-06,Canada,CAN,,gcp,northamerica-northeast2,Linux-6.8.0-1032-gcp-x86_64-with-glibc2.35,3.12.11,3.0.4,2,Intel(R) Xeon(R) CPU @ 2.60GHz,,,,,15.61648178100586,machine,Y,1.0
2025-08-07T10:20:50,scipy-benchmark,dc1ae185-57e0-49aa-a9dc-2e7f43822fa6,scipy_LMC001_f7d9627c,1.0014671320095658,7.7038681970044e-08,7.692582163476148e-08,1.7834543000000005,0.0,10.0,2.482005845352176e-07,0.0,1.390920308444442e-06,1.6391208929796591e-06,Canada,CAN,,gcp,northamerica-northeast2,Linux-6.8.0-1032-gcp-x86_64-with-glibc2.35,3.12.11,3.0.4,2,Intel(R) Xeon(R) CPU @ 2.60GHz,,,,,15.61648178100586,machine,Y,1.0
2025-08-07T10:20:52,scipy-benchmark,48675cea-bfaf-4968-b32a-b7d77b24dcf4,scipy_LMC001_f7d9627c,1.001367973862216,7.64861389627978e-08,7.638165086086722e-08,1.7000000000000002,0.0,10.0,2.3654474755878458e-07,0.0,1.390819911224147e-06,1.6273646587829316e-06,Canada,CAN,,gcp,northamerica-northeast2,Linux-6.8.0-1032-gcp-x86_64-with-glibc2.35,3.12.11,3.0.4,2,Intel(R) Xeon(R) CPU @ 2.60GHz,,,,,15.61648178100586,machine,Y,1.0
2025-08-07T10:20:55,scipy-benchmark,e5583419-2914-455d-8ee8-c8a0ef9fc8c2,scipy_LMC001_f7d9627c,1.0015098019503057,7.668902350253424e-08,7.65734128145253e-08,1.7272709000000002,0.0,10.0,2.40410292363168e-07,0.0,1.3912710587545816e-06,1.6316813511177496e-06,Canada,CAN,,gcp,northamerica-northeast2,Linux-6.8.0-1032-gcp-x86_64-with-glibc2.35,3.12.11,3.0.4,2,Intel(R) Xeon(R) CPU @ 2.60GHz,,,,,15.61648178100586,machine,Y,1.0
2025-08-07T10:20:57,scipy-benchmark,19abfdcc-f353-469d-9b4a-22c9d73cdcd7,scipy_LMC001_f7d9627c,1.0014737308956685,7.650117668048997e-08,7.638860043994477e-08,1.7000000000000002,0.0,10.0,2.3658495492094921e-07,0.0,1.3910996553022413e-06,1.6276846102231906e-06,Canada,CAN,,gcp,northamerica-northeast2,Linux-6.8.0-1032-gcp-x86_64-with-glibc2.35,3.12.11,3.0.4,2,Intel(R) Xeon(R) CPU @ 2.60GHz,,,,,15.61648178100586,machine,Y,1.0
2025-08-07T10:20:59,scipy-benchmark,99d8fd66-d778-4e10-8036-42b78f43ad4d,scipy_LMC001_f7d9627c,1.001444337889552,7.667966054734314e-08,7.65690689399055e-08,1.7272709000000002,0.0,10.0,2.403797896349831e-07,0.0,1.39110234967019e-06,1.6314821393051731e-06,Canada,CAN,,gcp,northamerica-northeast2,Linux-6.8.0-1032-gcp-x86_64-with-glibc2.35,3.12.11,3.0.4,2,Intel(R) Xeon(R) CPU @ 2.60GHz,,,,,15.61648178100586,machine,Y,1.0
2025-08-07T10:21:01,scipy-benchmark,d93604db-ede8-4705-a154-434ac997c35f,scipy_LMC001_f7d9627c,1.0013971128500998,7.667370131038617e-08,7.656672894948074e-08,1.7272709000000002,0.0,10.0,2.403610391857317e-07,0.0,1.3909943078437614e-06,1.6313553470294931e-06,Canada,CAN,,gcp,northamerica-northeast2,Linux-6.8.0-1032-gcp-x86_64-with-glibc2.35,3.12.11,3.0.4,2,Intel(R) Xeon(R) CPU @ 2.60GHz,,,,,15.61648178100586,machine,Y,1.0
2025-08-07T10:21:03,scipy-benchmark,4239d42f-328d-4c46-8893-aad75f58ba0f,scipy_LMC001_f7d9627c,1.0013920159544796,7.685356473004752e-08,7.674673205457339e-08,1.7550872000000004,0.0,10.0,2.442242562640712e-07,0.0,1.390957972034812e-06,1.6351822282988831e-06,Canada,CAN,,gcp,northamerica-northeast2,Linux-6.8.0-1032-gcp-x86_64-with-glibc2.35,3.12.11,3.0.4,2,Intel(R) Xeon(R) CPU @ 2.60GHz,,,,,15.61648178100586,machine,Y,1.0
2025-08-07T10:21:05,scipy-benchmark,2c41173d-3dd9-4e1f-838d-ee52a4858555,scipy_LMC001_f7d9627c,1.001345728058368,7.648801942577766e-08,7.63852256843295e-08,1.7000000000000002,0.0,10.0,2.365449265538094e-07,0.0,1.390859742079758e-06,1.6274046686335674e-06,Canada,CAN,,gcp,northamerica-northeast2,Linux-6.8.0-1032-gcp-x86_64-with-glibc2.35,3.12.11,3.0.4,2,Intel(R) Xeon(R) CPU @ 2.60GHz,,,,,15.61648178100586,machine,Y,1.0
2025-08-07T10:21:08,scipy-benchmark,2eb65ad5-ea72-4b03-a20a-c3dbfe3c242a,scipy_LMC001_f7d9627c,1.001448994036764,7.667675336585891e-08,7.656580996380137e-08,1.7272709000000002,0.0,10.0,2.403702317061104e-07,0.0,1.3910500526738664e-06,1.6314202843799767e-06,Canada,CAN,,gcp,northamerica-northeast2,Linux-6.8.0-1032-gcp-x86_64-with-glibc2.35,3.12.11,3.0.4,2,Intel(R) Xeon(R) CPU @ 2.60GHz,,,,,15.61648178100586,machine,Y,1.0
2025-08-07T10:21:10,scipy-benchmark,1332b62a-4589-4e79-8040-508cc99db8f4,scipy_LMC001_f7d9627c,1.0015534800477326,7.650496652556146e-08,7.638630192959375e-08,1.7000000000000002,0.0,10.0,2.365976227770767e-07,0.0,1.3911676224476349e-06,1.6277652452247114e-06,Canada,CAN,,gcp,northamerica-northeast2,Linux-6.8.0-1032-gcp-x86_64-with-glibc2.35,3.12.11,3.0.4,2,Intel(R) Xeon(R) CPU @ 2.60GHz,,,,,15.61648178100586,machine,Y,1.0
2025-08-07T10:21:12,scipy-benchmark,0b3116b6-b102-482b-b7de-6228f230edab,scipy_LMC001_f7d9627c,1.0014926649164408,7.650998853386329e-08,7.639595497211844e-08,1.7000000000000002,0.0,10.0,2.366101886016421e-07,0.0,1.3912619078635343e-06,1.6278720964651764e-06,Canada,CAN,,gcp,northamerica-northeast2,Linux-6.8.0-1032-gcp-x86_64-with-glibc2.35,3.12.11,3.0.4,2,Intel(R) Xeon(R) CPU @ 2.60GHz,,,,,15.61648178100586,machine,Y,1.0
2025-08-07T10:21:14,scipy-benchmark,bef4d190-ba5f-4ef1-8ae3-0778d368b381,scipy_LMC001_f7d9627c,1.0013743569143116,7.649029310350308e-08,7.63853124212251e-08,1.7000000000000002,0.0,10.0,2.3654976722577379e-07,0.0,1.3909032775296103e-06,1.6274530447553844e-06,Canada,CAN,,gcp,northamerica-northeast2,Linux-6.8.0-1032-gcp-x86_64-with-glibc2.35,3.12.11,3.0.4,2,Intel(R) Xeon(R) CPU @ 2.60GHz,,,,,15.61648178100586,machine,Y,1.0
2025-08-07T10:21:16,scipy-benchmark,a1aabcbd-d0cf-4ad5-a0d2-aaa4cca17679,scipy_LMC001_f7d9627c,1.0014240969903767,7.649597499719436e-08,7.638719222664107e-08,1.7000000000000002,0.0,10.0,2.3656724749728002e-07,0.0,1.3910066886132377e-06,1.6275739361105177e-06,Canada,CAN,,gcp,northamerica-northeast2,Linux-6.8.0-1032-gcp-x86_64-with-glibc2.35,3.12.11,3.0.4,2,Intel(R) Xeon(R) CPU @ 2.60GHz,,,,,15.61648178100586,machine,Y,1.0
2025-08-07T10:21:18,scipy-benchmark,cd7aa64d-dcc4-41e4-9864-4c427531bf87,scipy_LMC001_f7d9627c,1.0014133309014142,7.649382749637072e-08,7.63858689872996e-08,1.7000000000000002,0.0,10.0,2.3656437225225898e-07,0.0,1.3909638723513731e-06,1.6275282446036324e-06,Canada,CAN,,gcp,northamerica-northeast2,Linux-6.8.0-1032-gcp-x86_64-with-glibc2.35,3.12.11,3.0.4,2,Intel(R) Xeon(R) CPU @ 2.60GHz,,,,,15.61648178100586,machine,Y,1.0
2025-08-07T10:21:21,scipy-benchmark,fff29541-5523-464b-b9cf-333643d12ca1,scipy_LMC001_f7d9627c,1.001397251151502,7.6497497942234e-08,7.639076086365315e-08,1.7000000000000002,0.0,10.0,2.365681084985328e-07,0.0,1.391038230697935e-06,1.6276063391964675e-06,Canada,CAN,,gcp,northamerica-northeast2,Linux-6.8.0-1032-gcp-x86_64-with-glibc2.35,3.12.11,3.0.4,2,Intel(R) Xeon(R) CPU @ 2.60GHz,,,,,15.61648178100586,machine,Y,1.0
2025-08-07T10:21:23,scipy-benchmark,c2b520dd-0573-4864-b03e-e43ab95d1c2a,scipy_LMC001_f7d9627c,1.001400853972882,7.649578527132207e-08,7.638877575132721e-08,1.7000000000000002,0.0,10.0,2.365669826330205e-07,0.0,1.3910029167568105e-06,1.6275698993898309e-06,Canada,CAN,,gcp,northamerica-northeast2,Linux-6.8.0-1032-gcp-x86_64-with-glibc2.35,3.12.11,3.0.4,2,Intel(R) Xeon(R) CPU @ 2.60GHz,,,,,15.61648178100586,machine,Y,1.0
2025-08-07T10:21:25,scipy-benchmark,6c805bfb-dcf3-4d64-b50e-df9fa010af92,scipy_LMC001_f7d9627c,1.0015346379950645,7.65106120114538e-08,7.639337583432725e-08,1.7000000000000002,0.0,10.0,2.3661377608853706e-07,0.0,1.391271585857289e-06,1.6278853619458256e-06,Canada,CAN,,gcp,northamerica-northeast2,Linux-6.8.0-1032-gcp-x86_64-with-glibc2.35,3.12.11,3.0.4,2,Intel(R) Xeon(R) CPU @ 2.60GHz,,,,,15.61648178100586,machine,Y,1.0
2025-08-07T10:21:27,scipy-benchmark,170ac842-f941-4d64-8e98-0f3b7dd871be,scipy_LMC001_f7d9627c,1.0013910050038248,7.64954539154553e-08,7.63891961613567e-08,1.7000000000000002,0.0,10.0,2.36569418416669e-07,0.0,1.390993430848337e-06,1.627562849265006e-06,Canada,CAN,,gcp,northamerica-northeast2,Linux-6.8.0-1032-gcp-x86_64-with-glibc2.35,3.12.11,3.0.4,2,Intel(R) Xeon(R) CPU @ 2.60GHz,,,,,15.61648178100586,machine,Y,1.0
2025-08-07T10:21:29,scipy-benchmark,709e1bcf-9eca-4368-bbfb-1bbad13bb8c7,scipy_LMC001_f7d9627c,1.0014344910159707,7.65010733371536e-08,7.639149043043455e-08,1.7000000000000002,0.0,10.0,2.36582747718785e-07,0.0,1.3910996637100148e-06,1.6276824114287998e-06,Canada,CAN,,gcp,northamerica-northeast2,Linux-6.8.0-1032-gcp-x86_64-with-glibc2.35,3.12.11,3.0.4,2,Intel(R) Xeon(R) CPU @ 2.60GHz,,,,,15.61648178100586,machine,Y,1.0
2025-08-07T10:21:31,scipy-benchmark,85c781aa-0c8a-4e02-abe8-a2f63b0ae0f3,scipy_LMC001_f7d9627c,1.0014021981041878,7.649743817773157e-08,7.639032381050619e-08,1.7000000000000002,0.0,10.0,2.3656694492092361e-07,0.0,1.3910381226903864e-06,1.62760506761131e-06,Canada,CAN,,gcp,northamerica-northeast2,Linux-6.8.0-1032-gcp-x86_64-with-glibc2.35,3.12.11,3.0.4,2,Intel(R) Xeon(R) CPU @ 2.60GHz,,,,,15.61648178100586,machine,Y,1.0
2025-08-07T10:21:34,scipy-benchmark,47b5b624-c888-4044-887a-e417dc2a3e7f,scipy_LMC001_f7d9627c,1.0014296351000669,7.666964239873546e-08,7.656018926489464e-08,1.7272709000000002,0.0,10.0,2.403524978320029e-07,0.0,1.3909164893751345e-06,1.6312689872071377e-06,Canada,CAN,,gcp,northamerica-northeast2,Linux-6.8.0-1032-gcp-x86_64-with-glibc2.35,3.12.11,3.0.4,2,Intel(R) Xeon(R) CPU @ 2.60GHz,,,,,15.61648178100586,machine,Y,1.0
2025-08-07T10:21:36,scipy-benchmark,e0e410a0-a879-45d7-a71e-94acb9beec86,scipy_LMC001_f7d9627c,1.0014367608819157,7.667458207721589e-08,7.656457708791556e-08,1.7272709000000002,0.0,10.0,2.403735422780215e-07,0.0,1.3910005444712525e-06,1.631374086749274e-06,Canada,CAN,,gcp,northamerica-northeast2,Linux-6.8.0-1032-gcp-x86_64-with-glibc2.35,3.12.11,3.0.4,2,Intel(R) Xeon(R) CPU @ 2.60GHz,,,,,15.61648178100586,machine,Y,1.0
2025-08-07T10:21:38,scipy-benchmark,e3e8718a-62d8-4446-a69d-8af98205fb51,scipy_LMC001_f7d9627c,1.001526302890852,7.686902020185767e-08,7.675187359531082e-08,1.7550872000000004,0.0,10.0,2.44278759503423e-07,0.0,1.391232308621208e-06,1.635511068124631e-06,Canada,CAN,,gcp,northamerica-northeast2,Linux-6.8.0-1032-gcp-x86_64-with-glibc2.35,3.12.11,3.0.4,2,Intel(R) Xeon(R) CPU @ 2.60GHz,,,,,15.61648178100586,machine,Y,1.0
2025-08-07T10:21:41,scipy-benchmark,7487ad36-9dcb-43f4-ad53-debb83017d36,scipy_LMC001_f7d9627c,1.0014529889449475,7.685826478066274e-08,7.674675259757783e-08,1.7550872000000004,0.0,10.0,2.442525073443904e-07,0.0,1.3910297220314128e-06,1.6352822293758032e-06,Canada,CAN,,gcp,northamerica-northeast2,Linux-6.8.0-1032-gcp-x86_64-with-glibc2.35,3.12.11,3.0.4,2,Intel(R) Xeon(R) CPU @ 2.60GHz,,,,,15.61648178100586,machine,Y,1.0
2025-08-07T10:21:43,scipy-benchmark,701d3abb-95fa-4cb6-8daa-673151596b45,scipy_LMC001_f7d9627c,1.0019778090063485,7.723607988917192e-08,7.70836232049552e-08,1.8123776000000005,0.0,10.0,2.5222853727009564e-07,0.0,1.3910923114356897e-06,1.6433208487057854e-06,Canada,CAN,,gcp,northamerica-northeast2,Linux-6.8.0-1032-gcp-x86_64-with-glibc2.35,3.12.11,3.0.4,2,Intel(R) Xeon(R) CPU @ 2.60GHz,,,,,15.61648178100586,machine,Y,1.0
2025-08-07T10:21:45,scipy-benchmark,06a006c9-3a82-4296-b9ba-2f31b54f6589,scipy_LMC001_f7d9627c,1.001673124032095,7.652152501154017e-08,7.63937088613434e-08,1.7000000000000002,0.0,10.0,2.366802257925479e-07,0.0,1.3914373276444772e-06,1.6281175534370251e-06,Canada,CAN,,gcp,northamerica-northeast2,Linux-6.8.0-1032-gcp-x86_64-with-glibc2.35,3.12.11,3.0.4,2,Intel(R) Xeon(R) CPU @ 2.60GHz,,,,,15.61648178100586,machine,Y,1.0
2025-08-07T10:21:47,scipy-benchmark,98d9b57a-cef0-45d7-a6b2-f7f0961f5757,scipy_LMC001_f7d9627c,1.002213286003098,7.70465774393802e-08,7.687642791750223e-08,1.7834543000000005,0.0,10.0,2.4821240338377105e-07,0.0,1.3910764783051694e-06,1.6392888816889403e-06,Canada,CAN,,gcp,northamerica-northeast2,Linux-6.8.0-1032-gcp-x86_64-with-glibc2.35,3.12.11,3.0.4,2,Intel(R) Xeon(R) CPU @ 2.60GHz,,,,,15.61648178100586,machine,Y,1.0
2025-08-07T10:21:49,scipy-benchmark,ee02c77b-5932-4ed0-a8d0-0aef3f1d583b,scipy_LMC001_f7d9627c,1.0014888988807795,7.65071529361885e-08,7.639341087224187e-08,1.7000000000000002,0.0,10.0,2.366014119082441e-07,0.0,1.3912103526915111e-06,1.6278117645997557e-06,Canada,CAN,,gcp,northamerica-northeast2,Linux-6.8.0-1032-gcp-x86_64-with-glibc2.35,3.12.11,3.0.4,2,Intel(R) Xeon(R) CPU @ 2.60GHz,,,,,15.61648178100586,machine,Y,1.0
2025-08-07T10:21:51,scipy-benchmark,396e10e1-39a9-4aca-afe0-9491813edfa4,scipy_LMC001_f7d9627c,1.0014265889767555,7.64979174932297e-08,7.638894187081077e-08,1.7000000000000002,0.0,10.0,2.365718598076557e-07,0.0,1.391043406005742e-06,1.6276152658133978e-06,Canada,CAN,,gcp,northamerica-northeast2,Linux-6.8.0-1032-gcp-x86_64-with-glibc2.35,3.12.11,3.0.4,2,Intel(R) Xeon(R) CPU @ 2.60GHz,,,,,15.61648178100586,machine,Y,1.0
2025-08-07T10:21:54,scipy-benchmark,4494fded-2d40-4e07-bb02-09b58b6d3008,scipy_LMC001_f7d9627c,1.0014577209949491,7.649915325945605e-08,7.63878011579501e-08,1.7000000000000002,0.0,10.0,2.365796420231669e-07,0.0,1.391061916688664e-06,1.6276415587118309e-06,Canada,CAN,,gcp,northamerica-northeast2,Linux-6.8.0-1032-gcp-x86_64-with-glibc2.35,3.12.11,3.0.4,2,Intel(R) Xeon(R) CPU @ 2.60GHz,,,,,15.61648178100586,machine,Y,1.0
2025-08-07T10:21:56,scipy-benchmark,1e2a3926-6bfe-4845-a5f3-1877e8e799ed,scipy_LMC001_f7d9627c,1.0014382698573172,7.667604360509118e-08,7.65659211486054e-08,1.7272709000000002,0.0,10.0,2.403677136159653e-07,0.0,1.3910374694710803e-06,1.6314051830870458e-06,Canada,CAN,,gcp,northamerica-northeast2,Linux-6.8.0-1032-gcp-x86_64-with-glibc2.35,3.12.11,3.0.4,2,Intel(R) Xeon(R) CPU @ 2.60GHz,,,,,15.61648178100586,machine,Y,1.0
2025-08-07T10:21:58,scipy-benchmark,cfd3394c-ff33-4ca0-90d5-9510143bfd4d,scipy_LMC001_f7d9627c,1.0014820739161223,7.668375154369738e-08,7.657026874563898e-08,1.7272709000000002,0.0,10.0,2.403930623081703e-07,0.0,1.391176119472625e-06,1.631569181780795e-06,Canada,CAN,,gcp,northamerica-northeast2,Linux-6.8.0-1032-gcp-x86_64-with-glibc2.35,3.12.11,3.0.4,2,Intel(R) Xeon(R) CPU @ 2.60GHz,,,,,15.61648178100586,machine,Y,1.0
2025-08-07T10:22:00,scipy-benchmark,b3953049-3351-4865-af31-2e3d856e4b75,scipy_LMC001_f7d9627c,1.0015877839177847,7.651453426457656e-08,7.639323830936146e-08,1.7000000000000002,0.0,10.0,2.3663054752655122e-07,0.0,1.3913382666133758e-06,1.627968814139927e-06,Canada,CAN,,gcp,northamerica-northeast2,Linux-6.8.0-1032-gcp-x86_64-with-glibc2.35,3.12.11,3.0.4,2,Intel(R) Xeon(R) CPU @ 2.60GHz,,,,,15.61648178100586,machine,Y,1.0
2025-08-07T10:22:02,scipy-benchmark,50a97700-48c5-41cb-8aa6-9fe4fe687795,scipy_LMC001_f7d9627c,1.001497742952779,7.668584609693867e-08,7.657116217839985e-08,1.7272709000000002,0.0,10.0,2.404027854584318e-07,0.0,1.3912109612849438e-06,1.6316137467433757e-06,Canada,CAN,,gcp,northamerica-northeast2,Linux-6.8.0-1032-gcp-x86_64-with-glibc2.35,3.12.11,3.0.4,2,Intel(R) Xeon(R) CPU @ 2.60GHz,,,,,15.61648178100586,machine,Y,1.0
2025-08-07T10:22:04,scipy-benchmark,927e40cb-2ee8-4929-ac0e-a2506e38587a,scipy_LMC001_f7d9627c,1.0013614278286695,7.666776444355988e-08,7.656352872489268e-08,1.7272709000000002,0.0,10.0,2.4034978648086894e-07,0.0,1.3908792442331712e-06,1.63122903071404e-06,Canada,CAN,,gcp,northamerica-northeast2,Linux-6.8.0-1032-gcp-x86_64-with-glibc2.35,3.12.11,3.0.4,2,Intel(R) Xeon(R) CPU @ 2.60GHz,,,,,15.61648178100586,machine,Y,1.0
2025-08-07T10:22:07,scipy-benchmark,feef99c8-b518-4b3a-b5be-72666b0458a4,scipy_LMC001_f7d9627c,1.0014651210512966,7.650255778305778e-08,7.639063625376047e-08,1.7000000000000002,0.0,10.0,2.3658873129817146e-07,0.0,1.3911252640860364e-06,1.6277139953842075e-06,Canada,CAN,,gcp,northamerica-northeast2,Linux-6.8.0-1032-gcp-x86_64-with-glibc2.35,3.12.11,3.0.4,2,Intel(R) Xeon(R) CPU @ 2.60GHz,,,,,15.61648178100586,machine,Y,1.0
2025-08-07T10:22:09,scipy-benchmark,533f9547-0514-4d42-a091-04657d34ff33,scipy_LMC001_f7d9627c,1.0013996521010995,7.667580347419202e-08,7.656863402470104e-08,1.7272709000000002,0.0,10.0,2.40367193151834e-07,0.0,1.3910328807671452e-06,1.6314000739189792e-06,Canada,CAN,,gcp,northamerica-northeast2,Linux-6.8.0-1032-gcp-x86_64-with-glibc2.35,3.12.11,3.0.4,2,Intel(R) Xeon(R) CPU @ 2.60GHz,,,,,15.61648178100586,machine,Y,1.0
2025-08-07T10:22:11,scipy-benchmark,e5e2bf1b-c31d-4664-b974-a93758cde40c,scipy_LMC001_f7d9627c,1.0017609109636396,7.668340645201515e-08,7.654861116336618e-08,1.7272709000000002,0.0,10.0,2.405237975581645e-07,0.0,1.3910380418464128e-06,1.6315618394045774e-06,Canada,CAN,,gcp,northamerica-northeast2,Linux-6.8.0-1032-gcp-x86_64-with-glibc2.35,3.12.11,3.0.4,2,Intel(R) Xeon(R) CPU @ 2.60GHz,,,,,15.61648178100586,machine,Y,1.0
2025-08-07T10:22:13,scipy-benchmark,81f406ee-357c-4858-8e56-bb8187a4bc31,scipy_LMC001_f7d9627c,1.0013996697962284,7.649573017493824e-08,7.63888110633231e-08,1.7000000000000002,0.0,10.0,2.365670637744997e-07,0.0,1.3910016633518455e-06,1.6275687271263452e-06,Canada,CAN,,gcp,northamerica-northeast2,Linux-6.8.0-1032-gcp-x86_64-with-glibc2.35,3.12.11,3.0.4,2,Intel(R) Xeon(R) CPU @ 2.60GHz,,,,,15.61648178100586,machine,Y,1.0
2025-08-07T10:22:15,scipy-benchmark,0d8bcba4-fe7b-4a96-917d-76c60a57d103,scipy_LMC001_f7d9627c,1.0018183719366789,7.69155309259516e-08,7.677592374080871e-08,1.7550872000000004,0.0,10.0,2.444251299187056e-07,0.0,1.3920755280802648e-06,1.6365006579989704e-06,Canada,CAN,,gcp,northamerica-northeast2,Linux-6.8.0-1032-gcp-x86_64-with-glibc2.35,3.12.11,3.0.4,2,Intel(R) Xeon(R) CPU @ 2.60GHz,,,,,15.61648178100586,machine,Y,1.0
2025-08-07T10:22:17,scipy-benchmark,b816ea76-c64f-4df8-a4e0-e1247aaeb922,scipy_LMC001_f7d9627c,1.0015042161103338,7.65059916482941e-08,7.639108295063392e-08,1.7000000000000002,0.0,10.0,2.366000339324173e-07,0.0,1.3911870224142657e-06,1.627787056346683e-06,Canada,CAN,,gcp,northamerica-northeast2,Linux-6.8.0-1032-gcp-x86_64-with-glibc2.35,3.12.11,3.0.4,2,Intel(R) Xeon(R) CPU @ 2.60GHz,,,,,15.61648178100586,machine,Y,1.0
2025-08-07T10:22:20,scipy-benchmark,1444ba74-6857-4b77-9422-96ef91c1461d,scipy_LMC001_f7d9627c,1.0022326679900289,7.667375103686859e-08,7.650294535962122e-08,1.7272709000000002,0.0,10.0,2.403714240035292e-07,0.0,1.3909849810362278e-06,1.6313564050397569e-06,Canada,CAN,,gcp,northamerica-northeast2,Linux-6.8.0-1032-gcp-x86_64-with-glibc2.35,3.12.11,3.0.4,2,Intel(R) Xeon(R) CPU @ 2.60GHz,,,,,15.61648178100586,machine,Y,1.0
2025-08-07T10:22:22,scipy-benchmark,2bac7efb-d8a5-495c-afbd-70bcf9d23c1d,scipy_LMC001_f7d9627c,1.002086810069159,7.659527389471704e-08,7.643576696656734e-08,1.7000000000000002,0.0,10.0,2.36873328330047e-07,0.0,1.3928133502809538e-06,1.6296866786110009e-06,Canada,CAN,,gcp,northamerica-northeast2,Linux-6.8.0-1032-gcp-x86_64-with-glibc2.35,3.12.11,3.0.4,2,Intel(R) Xeon(R) CPU @ 2.60GHz,,,,,15.61648178100586,machine,Y,1.0
2025-08-07T10:22:24,scipy-benchmark,edb344d0-c348-45c1-9a5b-427781d1b34f,scipy_LMC001_f7d9627c,1.00141561916098,7.685605535809834e-08,7.674741025358779e-08,1.7550872000000004,0.0,10.0,2.442316730452675e-07,0.0,1.3910035473398035e-06,1.635235220385071e-06,Canada,CAN,,gcp,northamerica-northeast2,Linux-6.8.0-1032-gcp-x86_64-with-glibc2.35,3.12.11,3.0.4,2,Intel(R) Xeon(R) CPU @ 2.60GHz,,,,,15.61648178100586,machine,Y,1.0
2025-08-07T10:22:26,scipy-benchmark,c6f43177-da53-4e76-969e-34d0b2bb6c06,scipy_LMC001_f7d9627c,1.0020077470690012,7.6679820484323e-08,7.65261752802023e-08,1.7272709000000002,0.0,10.0,2.4037928358164215e-07,0.0,1.3911062586379964e-06,1.6314855422196384e-06,Canada,CAN,,gcp,northamerica-northeast2,Linux-6.8.0-1032-gcp-x86_64-with-glibc2.35,3.12.11,3.0.4,2,Intel(R) Xeon(R) CPU @ 2.60GHz,,,,,15.61648178100586,machine,Y,1.0
2025-08-07T10:22:28,scipy-benchmark,b7746309-5201-4e98-9345-f1cc0764f6e1,scipy_LMC001_f7d9627c,1.0014431870076803,7.667978069895178e-08,7.656927691332297e-08,1.7272709000000002,0.0,10.0,2.4037845389992855e-07,0.0,1.3911062418224495e-06,1.6314846957223783e-06,Canada,CAN,,gcp,northamerica-northeast2,Linux-6.8.0-1032-gcp-x86_64-with-glibc2.35,3.12.11,3.0.4,2,Intel(R) Xeon(R) CPU @ 2.60GHz,,,,,15.61648178100586,machine,Y,1.0
2025-08-07T10:22:30,scipy-benchmark,25ea0e06-e388-4ef0-aeae-7ad5ece9a50e,scipy_LMC001_f7d9627c,1.0014505900908262,7.667835226687615e-08,7.656728452266611e-08,1.7272709000000002,0.0,10.0,2.4038961164997017e-07,0.0,1.3910646919005862e-06,1.6314543035505565e-06,Canada,CAN,,gcp,northamerica-northeast2,Linux-6.8.0-1032-gcp-x86_64-with-glibc2.35,3.12.11,3.0.4,2,Intel(R) Xeon(R) CPU @ 2.60GHz,,,,,15.61648178100586,machine,Y,1.0
2025-08-07T10:22:33,scipy-benchmark,76a11ac2-7eb6-4959-9710-1495615b6aca,scipy_LMC001_f7d9627c,1.0013997801579535,7.667685385732683e-08,7.656967314815307e-08,1.7272709000000002,0.0,10.0,2.4036837483665505e-07,0.0,1.3910540476596603e-06,1.6314224224963155e-06,Canada,CAN,,gcp,northamerica-northeast2,Linux-6.8.0-1032-gcp-x86_64-with-glibc2.35,3.12.11,3.0.4,2,Intel(R) Xeon(R) CPU @ 2.60GHz,,,,,15.61648178100586,machine,Y,1.0
2025-08-07T10:22:35,scipy-benchmark,e0bbeb07-3720-4a33-b7b0-094bccaea2a2,scipy_LMC001_f7d9627c,1.0013843080960214,7.649412362628694e-08,7.638837857538309e-08,1.7000000000000002,0.0,10.0,2.365587254429961e-07,0.0,1.3909758197971516e-06,1.6275345452401475e-06,Canada,CAN,,gcp,northamerica-northeast2,Linux-6.8.0-1032-gcp-x86_64-with-glibc2.35,3.12.11,3.0.4,2,Intel(R) Xeon(R) CPU @ 2.60GHz,,,,,15.61648178100586,machine,Y,1.0
2025-08-07T10:22:37,scipy-benchmark,ac1a68f1-4d61-423f-a6fd-cc1d4529d9cf,scipy_LMC001_f7d9627c,1.0014396607875824,7.66789804971725e-08,7.656874747388004e-08,1.7272709000000002,0.0,10.0,2.403779457240681e-07,0.0,1.391089724428538e-06,1.631467670152606e-06,Canada,CAN,,gcp,northamerica-northeast2,Linux-6.8.0-1032-gcp-x86_64-with-glibc2.35,3.12.11,3.0.4,2,Intel(R) Xeon(R) CPU @ 2.60GHz,,,,,15.61648178100586,machine,Y,1.0
2025-08-07T10:22:39,scipy-benchmark,91143d6a-a83f-4c96-8b32-af6f629c815a,scipy_LMC001_f7d9627c,1.0014636050909758,7.667655514257746e-08,7.656449495796897e-08,1.7272709000000002,0.0,10.0,2.403824636744579e-07,0.0,1.391033603188892e-06,1.63141606686335e-06,Canada,CAN,,gcp,northamerica-northeast2,Linux-6.8.0-1032-gcp-x86_64-with-glibc2.35,3.12.11,3.0.4,2,Intel(R) Xeon(R) CPU @ 2.60GHz,,,,,15.61648178100586,machine,Y,1.0
2025-08-07T10:22:41,scipy-benchmark,736f6698-9a61-4dfa-8f53-5c25ef9e0bdd,scipy_LMC001_f7d9627c,1.0014132040087134,7.64966148714108e-08,7.638866210789966e-08,1.7000000000000002,0.0,10.0,2.365693697097919e-07,0.0,1.3910181807457572e-06,1.627587550455549e-06,Canada,CAN,,gcp,northamerica-northeast2,Linux-6.8.0-1032-gcp-x86_64-with-glibc2.35,3.12.11,3.0.4,2,Intel(R) Xeon(R) CPU @ 2.60GHz,,,,,15.61648178100586,machine,Y,1.0
2025-08-07T10:22:43,scipy-benchmark,9094ea1f-0ad9-4eb8-85a2-fbabebb11398,scipy_LMC001_f7d9627c,1.0017933428753167,7.64943892758844e-08,7.635745417945435e-08,1.7000000000000002,0.0,10.0,2.365611082318033e-07,0.0,1.3909790891274397e-06,1.6275401973592429e-06,Canada,CAN,,gcp,northamerica-northeast2,Linux-6.8.0-1032-gcp-x86_64-with-glibc2.35,3.12.11,3.0.4,2,Intel(R) Xeon(R) CPU @ 2.60GHz,,,,,15.61648178100586,machine,Y,1.0
2025-08-07T10:22:46,scipy-benchmark,d6743de4-12d0-4aa8-beac-d8b50a1efda6,scipy_LMC001_f7d9627c,1.00149610103108,7.668164040599348e-08,7.656708830623174e-08,1.7272709000000002,0.0,10.0,2.403879611117557e-07,0.0,1.3911363028455526e-06,1.6315242639573082e-06,Canada,CAN,,gcp,northamerica-northeast2,Linux-6.8.0-1032-gcp-x86_64-with-glibc2.35,3.12.11,3.0.4,2,Intel(R) Xeon(R) CPU @ 2.60GHz,,,,,15.61648178100586,machine,Y,1.0
2025-08-07T10:22:48,scipy-benchmark,57c3538e-5fa9-4493-8341-7baef0e19bd1,scipy_LMC001_f7d9627c,1.0014791321009398,7.72356616414678e-08,7.712158862405848e-08,1.8123776000000005,0.0,10.0,2.522176302184728e-07,0.0,1.391094319599991e-06,1.6433119498184638e-06,Canada,CAN,,gcp,northamerica-northeast2,Linux-6.8.0-1032-gcp-x86_64-with-glibc2.35,3.12.11,3.0.4,2,Intel(R) Xeon(R) CPU @ 2.60GHz,,,,,15.61648178100586,machine,Y,1.0
2025-08-07T10:22:50,scipy-benchmark,a2d7cec2-a68a-448a-83db-fb10477de6eb,scipy_LMC001_f7d9627c,1.001469706883654,7.68593514979709e-08,7.674655655550453e-08,1.7550872000000004,0.0,10.0,2.4424261489747786e-07,0.0,1.3910627361231796e-06,1.6353053510206575e-06,Canada,CAN,,gcp,northamerica-northeast2,Linux-6.8.0-1032-gcp-x86_64-with-glibc2.35,3.12.11,3.0.4,2,Intel(R) Xeon(R) CPU @ 2.60GHz,,,,,15.61648178100586,machine,Y,1.0
2025-08-07T10:22:52,scipy-benchmark,34850f22-c9cf-43e5-9be6-77c63cf2f547,scipy_LMC001_f7d9627c,1.0019422019831836,7.667526010582236e-08,7.652662993339935e-08,1.7272709000000002,0.0,10.0,2.403671158474384e-07,0.0,1.3910213970423988e-06,1.6313885128898371e-06,Canada,CAN,,gcp,northamerica-northeast2,Linux-6.8.0-1032-gcp-x86_64-with-glibc2.35,3.12.11,3.0.4,2,Intel(R) Xeon(R) CPU @ 2.60GHz,,,,,15.61648178100586,machine,Y,1.0
2025-08-07T10:22:54,scipy-benchmark,8413e2ac-cad1-4372-97ae-9bc6aad73bdb,scipy_LMC001_f7d9627c,1.001657210057601,7.152297494404577e-08,7.14046424524142e-08,0.9370459736,0.0,10.0,1.3045627708052296e-07,0.0,1.3913091472608762e-06,1.521765424341399e-06,Canada,CAN,,gcp,northamerica-northeast2,Linux-6.8.0-1032-gcp-x86_64-with-glibc2.35,3.12.11,3.0.4,2,Intel(R) Xeon(R) CPU @ 2.60GHz,,,,,15.61648178100586,machine,Y,1.0
2025-08-07T10:22:56,scipy-benchmark,16993a7d-9ea2-47d4-aaa8-dde2c89a58e9,scipy_LMC001_f7d9627c,1.0014163330197334,7.598213734031513e-08,7.587467353482629e-08,1.6214057,0.0,10.0,2.2563480367597009e-07,0.0,1.391006416330735e-06,1.616641220006705e-06,Canada,CAN,,gcp,northamerica-northeast2,Linux-6.8.0-1032-gcp-x86_64-with-glibc2.35,3.12.11,3.0.4,2,Intel(R) Xeon(R) CPU @ 2.60GHz,,,,,15.61648178100586,machine,Y,1.0
2025-08-07T10:22:59,scipy-benchmark,0f3a9dd2-3e13-424a-aae6-c73cbd22778d,scipy_LMC001_f7d9627c,1.0014566951431334,7.685900924542878e-08,7.674721195452557e-08,1.7550872000000004,0.0,10.0,2.442439269662543e-07,0.0,1.3910541420854214e-06,1.6352980690516757e-06,Canada,CAN,,gcp,northamerica-northeast2,Linux-6.8.0-1032-gcp-x86_64-with-glibc2.35,3.12.11,3.0.4,2,Intel(R) Xeon(R) CPU @ 2.60GHz,,,,,15.61648178100586,machine,Y,1.0
2025-08-07T10:23:01,scipy-benchmark,635c14a2-f4eb-4140-a936-d6717dcba5a4,scipy_LMC001_f7d9627c,1.0018352309707552,7.649410802637514e-08,7.635398083600442e-08,1.7000000000000002,0.0,10.0,2.365615884838109e-07,0.0,1.3909726248433192e-06,1.62753421332713e-06,Canada,CAN,,gcp,northamerica-northeast2,Linux-6.8.0-1032-gcp-x86_64-with-glibc2.35,3.12.11,3.0.4,2,Intel(R) Xeon(R) CPU @ 2.60GHz,,,,,15.61648178100586,machine,Y,1.0
2025-08-07T10:23:03,scipy-benchmark,972a8964-3106-417e-8059-70a85976d36f,scipy_LMC001_f7d9627c,1.0037423861213028,8.239285026019408e-08,8.208565404772779e-08,2.6003384,0.0,10.0,3.618956920689884e-07,0.0,1.3911436751691832e-06,1.7530393672381716e-06,Canada,CAN,,gcp,northamerica-northeast2,Linux-6.8.0-1032-gcp-x86_64-with-glibc2.35,3.12.11,3.0.4,2,Intel(R) Xeon(R) CPU @ 2.60GHz,,,,,15.61648178100586,machine,Y,1.0
2025-08-07T10:23:05,scipy-benchmark,8dfb86b5-12d6-40aa-a1a8-d09fd622891f,scipy_LMC001_f7d9627c,1.003217149991542,7.82922190406385e-08,7.804114895892536e-08,1.9337408000000005,0.0,10.0,2.700579858091636e-07,0.0,1.395733908672507e-06,1.6657918944816702e-06,Canada,CAN,,gcp,northamerica-northeast2,Linux-6.8.0-1032-gcp-x86_64-with-glibc2.35,3.12.11,3.0.4,2,Intel(R) Xeon(R) CPU @ 2.60GHz,,,,,15.61648178100586,machine,Y,1.0
2025-08-07T10:23:08,scipy-benchmark,4614460a-08b7-4ff6-a46e-40f2a1b1fbe9,scipy_LMC001_f7d9627c,1.004313820041716,7.998920347046765e-08,7.964562657033349e-08,2.2340722687999994,0.0,10.0,3.1088389041730816e-07,0.0,1.391014055762854e-06,1.7018979461801623e-06,Canada,CAN,,gcp,northamerica-northeast2,Linux-6.8.0-1032-gcp-x86_64-with-glibc2.35,3.12.11,3.0.4,2,Intel(R) Xeon(R) CPU @ 2.60GHz,,,,,15.61648178100586,machine,Y,1.0
2025-08-07T10:23:10,scipy-benchmark,27ee0e73-f44e-4697-8146-7f709cbd2956,scipy_LMC001_f7d9627c,1.0044172119814905,9.7140186018545e-08,9.671298426568097e-08,4.769849599999999,0.0,10.0,6.676964269528615e-07,0.0,1.3991160415268193e-06,2.066812468479681e-06,Canada,CAN,,gcp,northamerica-northeast2,Linux-6.8.0-1032-gcp-x86_64-with-glibc2.35,3.12.11,3.0.4,2,Intel(R) Xeon(R) CPU @ 2.60GHz,,,,,15.61648178100586,machine,Y,1.0
2025-08-07T10:23:12,scipy-benchmark,3ba56ae0-c610-4d24-957c-1c7a85c9fd8a,scipy_LMC001_f7d9627c,1.0050831271801144,1.1016679522079565e-07,1.0960963550336608e-07,6.780204799999999,0.0,10.0,9.488485964933336e-07,0.0,1.3951257699065738e-06,2.3439743663999074e-06,Canada,CAN,,gcp,northamerica-northeast2,Linux-6.8.0-1032-gcp-x86_64-with-glibc2.35,3.12.11,3.0.4,2,Intel(R) Xeon(R) CPU @ 2.60GHz,,,,,15.61648178100586,machine,Y,1.0
2025-08-07T10:23:14,scipy-benchmark,431498ca-210e-4799-a01c-2c574e77782a,scipy_LMC001_f7d9627c,1.0043119550682604,1.183658238682741e-07,1.1785762707587113e-07,8.0,0.0,10.0,1.1196729866787793e-06,0.0,1.398748797752584e-06,2.518421784431363e-06,Canada,CAN,,gcp,northamerica-northeast2,Linux-6.8.0-1032-gcp-x86_64-with-glibc2.35,3.12.11,3.0.4,2,Intel(R) Xeon(R) CPU @ 2.60GHz,,,,,15.61648178100586,machine,Y,1.0
2025-08-07T10:23:17,scipy-benchmark,21c87230-b286-4ff9-b3af-fbba506c3328,scipy_LMC001_f7d9627c,1.001448730006814,1.1228439482315944e-07,1.1212196037474177e-07,7.170099199999999,0.0,10.0,9.978710050388572e-07,0.0,1.3911586720496416e-06,2.3890296770884987e-06,Canada,CAN,,gcp,northamerica-northeast2,Linux-6.8.0-1032-gcp-x86_64-with-glibc2.35,3.12.11,3.0.4,2,Intel(R) Xeon(R) CPU @ 2.60GHz,,,,,15.61648178100586,machine,Y,1.0
2025-08-07T10:23:19,scipy-benchmark,9a8d5e6c-6f07-494e-b455-c5d3c84dc191,scipy_LMC001_f7d9627c,1.0042999340221286,1.078915613307965e-07,1.074296210482666e-07,6.4065536000000005,0.0,10.0,8.966135789661939e-07,0.0,1.3989515557316029e-06,2.2955651346977964e-06,Canada,CAN,,gcp,northamerica-northeast2,Linux-6.8.0-1032-gcp-x86_64-with-glibc2.35,3.12.11,3.0.4,2,Intel(R) Xeon(R) CPU @ 2.60GHz,,,,,15.61648178100586,machine,Y,1.0
2025-08-07T10:23:21,scipy-benchmark,9107e3c2-7de0-45a1-8203-93e7b49d6562,scipy_LMC001_f7d9627c,1.0014327079989016,9.472149392373136e-08,9.458597983383948e-08,4.486400000000001,0.0,10.0,6.243243596102629e-07,0.0,1.3910265749372129e-06,2.015350934547476e-06,Canada,CAN,,gcp,northamerica-northeast2,Linux-6.8.0-1032-gcp-x86_64-with-glibc2.35,3.12.11,3.0.4,2,Intel(R) Xeon(R) CPU @ 2.60GHz,,,,,15.61648178100586,machine,Y,1.0
2025-08-07T10:23:23,scipy-benchmark,0438b210-7598-461c-a4fe-e23f18ffd8be,scipy_LMC001_f7d9627c,1.006972644943744,1.084513898939557e-07,1.0770043301425981e-07,6.4065536000000005,0.0,10.0,9.013622390845882e-07,0.0,1.4061141416378735e-06,2.3074763807224617e-06,Canada,CAN,,gcp,northamerica-northeast2,Linux-6.8.0-1032-gcp-x86_64-with-glibc2.35,3.12.11,3.0.4,2,Intel(R) Xeon(R) CPU @ 2.60GHz,,,,,15.61648178100586,machine,Y,1.0
2025-08-07T10:23:26,scipy-benchmark,e21975ab-bd5a-4103-afb0-a2a0ab625b10,scipy_LMC001_f7d9627c,1.0035976800136268,9.318089691944988e-08,9.284686361389822e-08,4.190558854400001,0.0,10.0,5.856823801727144e-07,0.0,1.396889894709198e-06,1.9825722748819124e-06,Canada,CAN,,gcp,northamerica-northeast2,Linux-6.8.0-1032-gcp-x86_64-with-glibc2.35,3.12.11,3.0.4,2,Intel(R) Xeon(R) CPU @ 2.60GHz,,,,,15.61648178100586,machine,Y,1.0
2025-08-07T10:23:28,scipy-benchmark,d2c71c72-9630-49e3-8ff9-aba331e41590,scipy_LMC001_f7d9627c,1.0089202930685133,1.0280913082306052e-07,1.0190015160700017e-07,5.4923434136,0.0,10.0,7.757533902322612e-07,0.0,1.411674925152005e-06,2.1874283153842666e-06,Canada,CAN,,gcp,northamerica-northeast2,Linux-6.8.0-1032-gcp-x86_64-with-glibc2.35,3.12.11,3.0.4,2,Intel(R) Xeon(R) CPU @ 2.60GHz,,,,,15.61648178100586,machine,Y,1.0
2025-08-07T10:23:30,scipy-benchmark,4495136e-88b4-4fb0-8587-e009ca7133ec,scipy_LMC001_f7d9627c,1.0022822921164334,7.680224332130835e-08,7.662735730782158e-08,1.7272709000000002,0.0,10.0,2.407652580611269e-07,0.0,1.3933250253709654e-06,1.6340902834320922e-06,Canada,CAN,,gcp,northamerica-northeast2,Linux-6.8.0-1032-gcp-x86_64-with-glibc2.35,3.12.11,3.0.4,2,Intel(R) Xeon(R) CPU @ 2.60GHz,,,,,15.61648178100586,machine,Y,1.0
2025-08-07T10:23:32,scipy-benchmark,90b8177c-3ffa-4193-9547-ba0bb98c98f3,scipy_LMC001_f7d9627c,1.0015666079707444,7.632317308207862e-08,7.620379161473405e-08,1.6732691000000002,0.0,10.0,2.328539666959044e-07,0.0,1.3910433329227898e-06,1.623897299618694e-06,Canada,CAN,,gcp,northamerica-northeast2,Linux-6.8.0-1032-gcp-x86_64-with-glibc2.35,3.12.11,3.0.4,2,Intel(R) Xeon(R) CPU @ 2.60GHz,,,,,15.61648178100586,machine,Y,1.0
2025-08-07T10:23:34,scipy-benchmark,a7dd0ea9-0d92-47b9-a9ee-c23117eadfed,scipy_LMC001_f7d9627c,1.0071712478529662,1.04988583398062e-07,1.0424104502771605e-07,5.875776800000001,0.0,10.0,8.270409826948889e-07,0.0,1.406758664072388e-06,2.2337996467672766e-06,Canada,CAN,,gcp,northamerica-northeast2,Linux-6.8.0-1032-gcp-x86_64-with-glibc2.35,3.12.11,3.0.4,2,Intel(R) Xeon(R) CPU @ 2.60GHz,,,,,15.61648178100586,machine,Y,1.0
2025-08-07T10:23:37,scipy-benchmark,6f4a7dcd-a535-41ae-8f2c-88a087f37b98,scipy_LMC001_f7d9627c,1.0035357591696084,1.1274070102068857e-07,1.1234348152573821e-07,7.170099199999999,0.0,10.0,1.001989500200669e-06,0.0,1.3967488193884494e-06,2.3987383195891184e-06,Canada,CAN,,gcp,northamerica-northeast2,Linux-6.8.0-1032-gcp-x86_64-with-glibc2.35,3.12.11,3.0.4,2,Intel(R) Xeon(R) CPU @ 2.60GHz,,,,,15.61648178100586,machine,Y,1.0
2025-08-07T10:23:39,scipy-benchmark,ffa5c54f-11ea-4a74-9db2-7a89e87a1df7,scipy_LMC001_f7d9627c,1.0046286538708955,1.136129786075423e-07,1.1308952633371985e-07,7.371245600000002,0.0,10.0,1.0260047336343857e-06,0.0,1.3912926835473626e-06,2.417297417181748e-06,Canada,CAN,,gcp,northamerica-northeast2,Linux-6.8.0-1032-gcp-x86_64-with-glibc2.35,3.12.11,3.0.4,2,Intel(R) Xeon(R) CPU @ 2.60GHz,,,,,15.61648178100586,machine,Y,1.0
2025-08-07T10:23:41,scipy-benchmark,9251c908-c62b-4e4f-bbb1-89218e056bea,scipy_LMC001_f7d9627c,1.005668359110132,1.0895683706570869e-07,1.083427116690033e-07,6.591370400000001,0.0,10.0,9.212669204090344e-07,0.0,1.3969636554571076e-06,2.318230575866142e-06,Canada,CAN,,gcp,northamerica-northeast2,Linux-6.8.0-1032-gcp-x86_64-with-glibc2.35,3.12.11,3.0.4,2,Intel(R) Xeon(R) CPU @ 2.60GHz,,,,,15.61648178100586,machine,Y,1.0
2025-08-07T10:23:44,scipy-benchmark,d4264120-5b43-4c4d-9608-c2e10cc8e265,scipy_LMC001_f7d9627c,1.0024258350022135,1.0620925980612445e-07,1.0595223716065725e-07,6.243617823199998,0.0,10.0,8.688131801247072e-07,0.0,1.3909583051119828e-06,2.25977148523669e-06,Canada,CAN,,gcp,northamerica-northeast2,Linux-6.8.0-1032-gcp-x86_64-with-glibc2.35,3.12.11,3.0.4,2,Intel(R) Xeon(R) CPU @ 2.60GHz,,,,,15.61648178100586,machine,Y,1.0
2025-08-07T10:23:46,scipy-benchmark,d07734b1-09f3-4319-853c-d110c6dcebfe,scipy_LMC001_f7d9627c,1.0031122791115197,1.1769246909793261e-07,1.1732731375013737e-07,8.0,0.0,10.0,1.1132053979155092e-06,0.0,1.3908896892745463e-06,2.5040950871900555e-06,Canada,CAN,,gcp,northamerica-northeast2,Linux-6.8.0-1032-gcp-x86_64-with-glibc2.35,3.12.11,3.0.4,2,Intel(R) Xeon(R) CPU @ 2.60GHz,,,,,15.61648178100586,machine,Y,1.0
2025-08-07T10:23:48,scipy-benchmark,9249fbba-395d-4dee-8b12-a787408b3a65,scipy_LMC001_f7d9627c,1.0031739571131766,1.181125054113929e-07,1.1773880748587617e-07,8.0,0.0,10.0,1.1171639798622992e-06,0.0,1.395868050167337e-06,2.5130320300296363e-06,Canada,CAN,,gcp,northamerica-northeast2,Linux-6.8.0-1032-gcp-x86_64-with-glibc2.35,3.12.11,3.0.4,2,Intel(R) Xeon(R) CPU @ 2.60GHz,,,,,15.61648178100586,machine,Y,1.0
2025-08-07T10:23:51,scipy-benchmark,62991246-db41-41c1-8fe6-0ee1dd45cbfc,scipy_LMC001_f7d9627c,1.0025755790993571,1.0879306733857477e-07,1.0851358202471557e-07,6.610072335200001,0.0,10.0,9.213952498350524e-07,0.0,1.393350863751645e-06,2.3147461135866973e-06,Canada,CAN,,gcp,northamerica-northeast2,Linux-6.8.0-1032-gcp-x86_64-with-glibc2.35,3.12.11,3.0.4,2,Intel(R) Xeon(R) CPU @ 2.60GHz,,,,,15.61648178100586,machine,Y,1.0
2025-08-07T10:23:53,scipy-benchmark,1e10b28d-1878-4be4-acd1-a1264d300b4c,scipy_LMC001_f7d9627c,1.0034431100357324,1.0412397556857437e-07,1.0376669541820512e-07,5.8929053912,0.0,10.0,8.216565545425783e-07,0.0,1.3937471809590028e-06,2.215403735501581e-06,Canada,CAN,,gcp,northamerica-northeast2,Linux-6.8.0-1032-gcp-x86_64-with-glibc2.35,3.12.11,3.0.4,2,Intel(R) Xeon(R) CPU @ 2.60GHz,,,,,15.61648178100586,machine,Y,1.0
2025-08-07T10:23:55,scipy-benchmark,07c02631-09f8-4e50-abf6-fc5c7f432a03,scipy_LMC001_f7d9627c,1.0058696658816189,8.077555859309737e-08,8.030419977154759e-08,2.2787288,0.0,10.0,3.1992052012224666e-07,0.0,1.3987083861138673e-06,1.7186289062361138e-06,Canada,CAN,,gcp,northamerica-northeast2,Linux-6.8.0-1032-gcp-x86_64-with-glibc2.35,3.12.11,3.0.4,2,Intel(R) Xeon(R) CPU @ 2.60GHz,,,,,15.61648178100586,machine,Y,1.0
2025-08-07T10:23:58,scipy-benchmark,7b474650-f4b8-4404-99b1-201bfaaae70b,scipy_LMC001_f7d9627c,1.0062558359932154,7.897415687791259e-08,7.848317898197518e-08,1.9655261,0.0,10.0,2.761448101223516e-07,0.0,1.404156400046001e-06,1.6803012101683526e-06,Canada,CAN,,gcp,northamerica-northeast2,Linux-6.8.0-1032-gcp-x86_64-with-glibc2.35,3.12.11,3.0.4,2,Intel(R) Xeon(R) CPU @ 2.60GHz,,,,,15.61648178100586,machine,Y,1.0
2025-08-07T10:24:00,scipy-benchmark,179c30c5-9425-43f2-86ef-0f5a1be319a2,scipy_LMC001_f7d9627c,1.0064070678781718,1.1574980383431481e-07,1.1501290832381816e-07,7.576582399999999,0.0,10.0,1.061913350902609e-06,0.0,1.400848432806217e-06,2.462761783708826e-06,Canada,CAN,,gcp,northamerica-northeast2,Linux-6.8.0-1032-gcp-x86_64-with-glibc2.35,3.12.11,3.0.4,2,Intel(R) Xeon(R) CPU @ 2.60GHz,,,,,15.61648178100586,machine,Y,1.0
2025-08-07T10:24:02,scipy-benchmark,04e4ccf6-ed46-4e30-b8a7-4560ec8315be,scipy_LMC001_f7d9627c,1.0034609220456332,1.1770222239260977e-07,1.1729626914884201e-07,8.0,0.0,10.0,1.113266484397981e-06,0.0,1.391036119700099e-06,2.50430260409808e-06,Canada,CAN,,gcp,northamerica-northeast2,Linux-6.8.0-1032-gcp-x86_64-with-glibc2.35,3.12.11,3.0.4,2,Intel(R) Xeon(R) CPU @ 2.60GHz,,,,,15.61648178100586,machine,Y,1.0
2025-08-07T10:24:04,scipy-benchmark,b4cf8f00-4663-434a-8c84-4259dd183669,scipy_LMC001_f7d9627c,1.0062155320774764,1.072244615939745e-07,1.0656212131072373e-07,6.243617823199998,0.0,10.0,8.771840144690522e-07,0.0,1.4041875088070003e-06,2.2813715232760523e-06,Canada,CAN,,gcp,northamerica-northeast2,Linux-6.8.0-1032-gcp-x86_64-with-glibc2.35,3.12.11,3.0.4,2,Intel(R) Xeon(R) CPU @ 2.60GHz,,,,,15.61648178100586,machine,Y,1.0
2025-08-07T10:24:07,scipy-benchmark,beb477c2-1c69-4c27-a138-52cf527c94b6,scipy_LMC001_f7d9627c,1.005973424995318,8.245572004321572e-08,8.196610168265576e-08,2.4994090304,0.0,10.0,3.509554582977626e-07,0.0,1.4034215638983167e-06,1.7543770221960792e-06,Canada,CAN,,gcp,northamerica-northeast2,Linux-6.8.0-1032-gcp-x86_64-with-glibc2.35,3.12.11,3.0.4,2,Intel(R) Xeon(R) CPU @ 2.60GHz,,,,,15.61648178100586,machine,Y,1.0
2025-08-07T10:24:09,scipy-benchmark,8e026b92-7106-4285-9ca2-5e4ca467f3af,scipy_LMC001_f7d9627c,1.0035602969583124,1.1274878532341397e-07,1.1234879026715573e-07,7.170099199999999,0.0,10.0,1.0020584008248517e-06,0.0,1.3968519252052326e-06,2.398910326030084e-06,Canada,CAN,,gcp,northamerica-northeast2,Linux-6.8.0-1032-gcp-x86_64-with-glibc2.35,3.12.11,3.0.4,2,Intel(R) Xeon(R) CPU @ 2.60GHz,,,,,15.61648178100586,machine,Y,1.0
2025-08-07T10:24:11,scipy-benchmark,06cfbfa8-db11-4377-b14e-6c2fd879069b,scipy_LMC001_f7d9627c,1.0021114919800311,1.1494678088925217e-07,1.147045830820017e-07,7.576582399999999,0.0,10.0,1.0544923416232863e-06,0.0,1.3911838475097384e-06,2.445676189133025e-06,Canada,CAN,,gcp,northamerica-northeast2,Linux-6.8.0-1032-gcp-x86_64-with-glibc2.35,3.12.11,3.0.4,2,Intel(R) Xeon(R) CPU @ 2.60GHz,,,,,15.61648178100586,machine,Y,1.0
2025-08-07T10:24:13,scipy-benchmark,62a11d05-4423-40ba-bf4c-183aa9c2128e,scipy_LMC001_f7d9627c,1.0034967630635947,8.433653103048817e-08,8.40426537829734e-08,2.8983265784,0.0,10.0,4.033406661422256e-07,0.0,1.3910536111022035e-06,1.7943942772444292e-06,Canada,CAN,,gcp,northamerica-northeast2,Linux-6.8.0-1032-gcp-x86_64-with-glibc2.35,3.12.11,3.0.4,2,Intel(R) Xeon(R) CPU @ 2.60GHz,,,,,15.61648178100586,machine,Y,1.0
2025-08-07T10:24:15,scipy-benchmark,282268b3-7cc7-4bac-9246-f012ae53d704,scipy_LMC001_f7d9627c,1.003315984038636,9.6182870329361e-08,9.586498357396564e-08,4.654788761600001,0.0,10.0,6.501960081415599e-07,0.0,1.3962480414193124e-06,2.046444049560872e-06,Canada,CAN,,gcp,northamerica-northeast2,Linux-6.8.0-1032-gcp-x86_64-with-glibc2.35,3.12.11,3.0.4,2,Intel(R) Xeon(R) CPU @ 2.60GHz,,,,,15.61648178100586,machine,Y,1.0
2025-08-07T10:24:18,scipy-benchmark,3da06ea0-50fc-4dc4-88af-17f660e41078,scipy_LMC001_f7d9627c,1.002235057996586,9.83231745141947e-08,9.81039065932671e-08,5.037059398399999,0.0,10.0,7.009944448064269e-07,0.0,1.3909879916658004e-06,2.0919824364722275e-06,Canada,CAN,,gcp,northamerica-northeast2,Linux-6.8.0-1032-gcp-x86_64-with-glibc2.35,3.12.11,3.0.4,2,Intel(R) Xeon(R) CPU @ 2.60GHz,,,,,15.61648178100586,machine,Y,1.0
2025-08-07T10:24:20,scipy-benchmark,92310172-55fe-4d79-b572-ea7bd3f70949,scipy_LMC001_f7d9627c,1.0037937189918011,9.566669268262469e-08,9.530513179412121e-08,4.598101606399999,0.0,10.0,6.41307474527481e-07,0.0,1.3941540719113417e-06,2.0354615464388227e-06,Canada,CAN,,gcp,northamerica-northeast2,Linux-6.8.0-1032-gcp-x86_64-with-glibc2.35,3.12.11,3.0.4,2,Intel(R) Xeon(R) CPU @ 2.60GHz,,,,,15.61648178100586,machine,Y,1.0
2025-08-07T10:24:22,scipy-benchmark,87299dc5-299e-4a51-aac1-4054256f1779,scipy_LMC001_f7d9627c,1.0037703721318394,1.1006294928231793e-07,1.0964952975107518e-07,6.761139336800001,0.0,10.0,9.449039445363036e-07,0.0,1.3968609338108864e-06,2.34176487834719e-06,Canada,CAN,,gcp,northamerica-northeast2,Linux-6.8.0-1032-gcp-x86_64-with-glibc2.35,3.12.11,3.0.4,2,Intel(R) Xeon(R) CPU @ 2.60GHz,,,,,15.61648178100586,machine,Y,1.0
2025-08-07T10:24:25,scipy-benchmark,0200e616-324f-48bf-8918-34df97a14f61,scipy_LMC001_f7d9627c,1.002474837936461,1.0727803577565325e-07,1.0701319545982737e-07,6.4065536000000005,0.0,10.0,8.915080468144684e-07,0.0,1.3910033526675155e-06,2.282511399481984e-06,Canada,CAN,,gcp,northamerica-northeast2,Linux-6.8.0-1032-gcp-x86_64-with-glibc2.35,3.12.11,3.0.4,2,Intel(R) Xeon(R) CPU @ 2.60GHz,,,,,15.61648178100586,machine,Y,1.0
2025-08-07T10:24:27,scipy-benchmark,1991e0c1-004f-496d-9472-374736290248,scipy_LMC001_f7d9627c,1.0015148220118135,7.105809441287399e-08,7.09506168567077e-08,0.8666792000000002,0.0,10.0,1.206359992804259e-07,0.0,1.391238349929659e-06,1.5118743492100848e-06,Canada,CAN,,gcp,northamerica-northeast2,Linux-6.8.0-1032-gcp-x86_64-with-glibc2.35,3.12.11,3.0.4,2,Intel(R) Xeon(R) CPU @ 2.60GHz,,,,,15.61648178100586,machine,Y,1.0
2025-08-07T10:24:29,scipy-benchmark,a497f704-38d1-451c-a066-a608424d2f2c,scipy_LMC001_f7d9627c,1.0014777309261262,1.0056649066901105e-07,1.0041809973748613e-07,5.3796032,0.0,10.0,7.486754426733894e-07,0.0,1.3910371247523775e-06,2.139712567425767e-06,Canada,CAN,,gcp,northamerica-northeast2,Linux-6.8.0-1032-gcp-x86_64-with-glibc2.35,3.12.11,3.0.4,2,Intel(R) Xeon(R) CPU @ 2.60GHz,,,,,15.61648178100586,machine,Y,1.0
2025-08-07T10:24:31,scipy-benchmark,cb5cc1e6-c414-4df4-98fe-523ed7e9a4c6,scipy_LMC001_f7d9627c,1.006895293015987,1.175617730122588e-07,1.1675670134490565e-07,7.786152800000002,0.0,10.0,1.0953298359833248e-06,0.0,1.405984483426437e-06,2.5013143194097616e-06,Canada,CAN,,gcp,northamerica-northeast2,Linux-6.8.0-1032-gcp-x86_64-with-glibc2.35,3.12.11,3.0.4,2,Intel(R) Xeon(R) CPU @ 2.60GHz,,,,,15.61648178100586,machine,Y,1.0
2025-08-07T10:24:33,scipy-benchmark,779ec875-2949-4687-9720-e45e31c6dc61,scipy_LMC001_f7d9627c,1.001619921065867,7.181387686433654e-08,7.169773219757482e-08,0.9811070504,0.0,10.0,1.3658931586833517e-07,0.0,1.3913655110324425e-06,1.5279548269007777e-06,Canada,CAN,,gcp,northamerica-northeast2,Linux-6.8.0-1032-gcp-x86_64-with-glibc2.35,3.12.11,3.0.4,2,Intel(R) Xeon(R) CPU @ 2.60GHz,,,,,15.61648178100586,machine,Y,1.0
2025-08-07T10:24:36,scipy-benchmark,d98aaef0-6740-4568-96cf-42c350ab2cfa,scipy_LMC001_f7d9627c,1.001959142042324,7.670920549421408e-08,7.655921511715076e-08,1.7272709000000002,0.0,10.0,2.406029665312795e-07,0.0,1.3915077886647648e-06,1.6321107551960442e-06,Canada,CAN,,gcp,northamerica-northeast2,Linux-6.8.0-1032-gcp-x86_64-with-glibc2.35,3.12.11,3.0.4,2,Intel(R) Xeon(R) CPU @ 2.60GHz,,,,,15.61648178100586,machine,Y,1.0
2025-08-07T10:24:38,scipy-benchmark,92b9b725-3f77-42d2-a93b-9a1f39dd1112,scipy_LMC001_f7d9627c,1.0014830799773335,7.65032314679249e-08,7.638993907880739e-08,1.7000000000000002,0.0,10.0,2.365990267005853e-07,0.0,1.3911293024042e-06,1.6277283291047852e-06,Canada,CAN,,gcp,northamerica-northeast2,Linux-6.8.0-1032-gcp-x86_64-with-glibc2.35,3.12.11,3.0.4,2,Intel(R) Xeon(R) CPU @ 2.60GHz,,,,,15.61648178100586,machine,Y,1.0
2025-08-07T10:24:40,scipy-benchmark,78b2a9e6-cc11-444d-a203-4242c44aa0d5,scipy_LMC001_f7d9627c,1.0014736850280317,7.650064303796455e-08,7.638807108129183e-08,1.7000000000000002,0.0,10.0,2.365846337634139e-07,0.0,1.3910886223634912e-06,1.627673256126905e-06,Canada,CAN,,gcp,northamerica-northeast2,Linux-6.8.0-1032-gcp-x86_64-with-glibc2.35,3.12.11,3.0.4,2,Intel(R) Xeon(R) CPU @ 2.60GHz,,,,,15.61648178100586,machine,Y,1.0
2025-08-07T10:24:42,scipy-benchmark,bea08ae4-114a-4b86-a5f7-d9a7d38a375e,scipy_LMC001_f7d9627c,1.0015145749785006,7.63317182076436e-08,7.621628293255961e-08,1.6732691000000002,0.0,10.0,2.3288147195606334e-07,0.0,1.391197638844864e-06,1.6240791108009275e-06,Canada,CAN,,gcp,northamerica-northeast2,Linux-6.8.0-1032-gcp-x86_64-with-glibc2.35,3.12.11,3.0.4,2,Intel(R) Xeon(R) CPU @ 2.60GHz,,,,,15.61648178100586,machine,Y,1.0
2025-08-07T10:24:44,scipy-benchmark,c4dec86e-507b-4b40-b33f-66a9f81b39ae,scipy_LMC001_f7d9627c,1.0014776450116187,8.09924609652272e-08,8.087295944013565e-08,2.3865118208,0.0,10.0,3.321258589618017e-07,0.0,1.391117991362181e-06,1.7232438503239826e-06,Canada,CAN,,gcp,northamerica-northeast2,Linux-6.8.0-1032-gcp-x86_64-with-glibc2.35,3.12.11,3.0.4,2,Intel(R) Xeon(R) CPU @ 2.60GHz,,,,,15.61648178100586,machine,Y,1.0
2025-08-07T10:24:47,scipy-benchmark,6ed5ad67-02c3-4c27-a958-af07412405e4,scipy_LMC001_f7d9627c,1.001444899011403,7.844836877174769e-08,7.833518234422043e-08,1.9979000000000005,0.0,10.0,2.78035262180072e-07,0.0,1.3910789670060492e-06,1.6691142291861212e-06,Canada,CAN,,gcp,northamerica-northeast2,Linux-6.8.0-1032-gcp-x86_64-with-glibc2.35,3.12.11,3.0.4,2,Intel(R) Xeon(R) CPU @ 2.60GHz,,,,,15.61648178100586,machine,Y,1.0
2025-08-07T10:24:49,scipy-benchmark,c55e9b88-c4dc-49da-8621-16047256f047,scipy_LMC001_f7d9627c,1.0014142859727144,7.685900559108892e-08,7.675045849424112e-08,1.7550872000000004,0.0,10.0,2.44241016441512e-07,0.0,1.3910569748582524e-06,1.6352979912997644e-06,Canada,CAN,,gcp,northamerica-northeast2,Linux-6.8.0-1032-gcp-x86_64-with-glibc2.35,3.12.11,3.0.4,2,Intel(R) Xeon(R) CPU @ 2.60GHz,,,,,15.61648178100586,machine,Y,1.0
2025-08-07T10:24:51,scipy-benchmark,a2c4e2b3-80a8-4d95-bae7-1edb3b73ede6,scipy_LMC001_f7d9627c,1.001680648885667,7.063562323972264e-08,7.05171087394991e-08,0.8000576,0.0,10.0,1.113964037072932e-07,0.0,1.3914891971378693e-06,1.5028856008451624e-06,Canada,CAN,,gcp,northamerica-northeast2,Linux-6.8.0-1032-gcp-x86_64-with-glibc2.35,3.12.11,3.0.4,2,Intel(R) Xeon(R) CPU @ 2.60GHz,,,,,15.61648178100586,machine,Y,1.0
2025-08-07T10:24:53,scipy-benchmark,40a0a8b4-97b2-4948-984c-f96998605142,scipy_LMC001_f7d9627c,1.001707216957584,7.064653183807224e-08,7.052612843565413e-08,0.8016342632000001,0.0,10.0,1.1161870196142797e-07,0.0,1.3914989967209598e-06,1.5031176986823878e-06,Canada,CAN,,gcp,northamerica-northeast2,Linux-6.8.0-1032-gcp-x86_64-with-glibc2.35,3.12.11,3.0.4,2,Intel(R) Xeon(R) CPU @ 2.60GHz,,,,,15.61648178100586,machine,Y,1.0
2025-08-07T10:24:55,scipy-benchmark,9e2a6577-b4b4-442d-9600-8ef2ca9fb84e,scipy_LMC001_f7d9627c,1.0016364080365747,7.063588796273448e-08,7.052048766996818e-08,0.8014787288,0.0,10.0,1.1157901133079377e-07,0.0,1.391312221918876e-06,1.5028912332496698e-06,Canada,CAN,,gcp,northamerica-northeast2,Linux-6.8.0-1032-gcp-x86_64-with-glibc2.35,3.12.11,3.0.4,2,Intel(R) Xeon(R) CPU @ 2.60GHz,,,,,15.61648178100586,machine,Y,1.0
2025-08-07T10:24:57,scipy-benchmark,92fb0d04-70f2-4b3b-95c4-42af15bddc00,scipy_LMC001_f7d9627c,1.0015856819227338,7.06442570170312e-08,7.053241504153309e-08,0.8024696,0.0,10.0,1.1170726219962025e-07,0.0,1.391362036035086e-06,1.503069298234706e-06,Canada,CAN,,gcp,northamerica-northeast2,Linux-6.8.0-1032-gcp-x86_64-with-glibc2.35,3.12.11,3.0.4,2,Intel(R) Xeon(R) CPU @ 2.60GHz,,,,,15.61648178100586,machine,Y,1.0
2025-08-07T10:25:00,scipy-benchmark,885e357d-cd9b-46ae-8992-d2a96394e953,scipy_LMC001_f7d9627c,1.0034187890123576,7.065455588352595e-08,7.041382586932582e-08,0.8036864,0.0,10.0,1.118991510073642e-07,0.0,1.3913892720463788e-06,1.503288423053743e-06,Canada,CAN,,gcp,northamerica-northeast2,Linux-6.8.0-1032-gcp-x86_64-with-glibc2.35,3.12.11,3.0.4,2,Intel(R) Xeon(R) CPU @ 2.60GHz,,,,,15.61648178100586,machine,Y,1.0
2025-08-07T10:25:02,scipy-benchmark,a6b776b3-5a9d-4737-b6a1-e1b433cdac02,scipy_LMC001_f7d9627c,1.0017312408890575,7.078791752103187e-08,7.066557838228755e-08,0.8238172328000001,0.0,10.0,1.1469819684442196e-07,0.0,1.3914277078583838e-06,1.5061259047028057e-06,Canada,CAN,,gcp,northamerica-northeast2,Linux-6.8.0-1032-gcp-x86_64-with-glibc2.35,3.12.11,3.0.4,2,Intel(R) Xeon(R) CPU @ 2.60GHz,,,,,15.61648178100586,machine,Y,1.0
2025-08-07T10:25:04,scipy-benchmark,9e5f06aa-c5f6-4ca0-8e80-a873684901dc,scipy_LMC001_f7d9627c,1.0016691738273948,7.085976995959748e-08,7.074168978250683e-08,0.8353736,0.0,10.0,1.163004580114519e-07,0.0,1.391354221979984e-06,1.5076546799914358e-06,Canada,CAN,,gcp,northamerica-northeast2,Linux-6.8.0-1032-gcp-x86_64-with-glibc2.35,3.12.11,3.0.4,2,Intel(R) Xeon(R) CPU @ 2.60GHz,,,,,15.61648178100586,machine,Y,1.0
2025-08-07T10:25:06,scipy-benchmark,0833bc33-9b7a-4d70-853e-45644f9ab716,scipy_LMC001_f7d9627c,1.001648950856179,7.107950045916855e-08,7.096248680579353e-08,0.8686025216000001,0.0,10.0,1.209232081780854e-07,0.0,1.3914065888255006e-06,1.512329797003586e-06,Canada,CAN,,gcp,northamerica-northeast2,Linux-6.8.0-1032-gcp-x86_64-with-glibc2.35,3.12.11,3.0.4,2,Intel(R) Xeon(R) CPU @ 2.60GHz,,,,,15.61648178100586,machine,Y,1.0
2025-08-07T10:25:08,scipy-benchmark,fcb8166e-7825-46d0-ac12-ca0bbc5bc643,scipy_LMC001_f7d9627c,1.0016404851339755,7.128589807403955e-08,7.116914614778637e-08,0.8995328,0.0,10.0,1.2523232175727688e-07,0.0,1.391488913860586e-06,1.5167212356178628e-06,Canada,CAN,,gcp,northamerica-northeast2,Linux-6.8.0-1032-gcp-x86_64-with-glibc2.35,3.12.11,3.0.4,2,Intel(R) Xeon(R) CPU @ 2.60GHz,,,,,15.61648178100586,machine,Y,1.0
2025-08-07T10:25:10,scipy-benchmark,0cf1eed8-d964-492d-aa37-146b26284f7f,scipy_LMC001_f7d9627c,1.001743950182572,7.062827600792257e-08,7.05053182452964e-08,0.8,0.0,10.0,1.1137609023393861e-07,0.0,1.3913531865303715e-06,1.5027292767643102e-06,Canada,CAN,,gcp,northamerica-northeast2,Linux-6.8.0-1032-gcp-x86_64-with-glibc2.35,3.12.11,3.0.4,2,Intel(R) Xeon(R) CPU @ 2.60GHz,,,,,15.61648178100586,machine,Y,1.0
2025-08-07T10:25:13,scipy-benchmark,63f59935-3320-4147-ab84-3cc08a4db4fc,scipy_LMC001_f7d9627c,1.00175999593921,7.06312633655034e-08,7.0507171030804e-08,0.8,0.0,10.0,1.113804124502672e-07,0.0,1.391412425113635e-06,1.5027928375639022e-06,Canada,CAN,,gcp,northamerica-northeast2,Linux-6.8.0-1032-gcp-x86_64-with-glibc2.35,3.12.11,3.0.4,2,Intel(R) Xeon(R) CPU @ 2.60GHz,,,,,15.61648178100586,machine,Y,1.0
2025-08-07T10:25:15,scipy-benchmark,07c8a994-333a-42b4-b93e-b4b10966df5e,scipy_LMC001_f7d9627c,1.0017787858378142,7.063756481309733e-08,7.05121388191718e-08,0.8,0.0,10.0,1.113955248664651e-07,0.0,1.3915313860504991e-06,1.5029269109169645e-06,Canada,CAN,,gcp,northamerica-northeast2,Linux-6.8.0-1032-gcp-x86_64-with-glibc2.35,3.12.11,3.0.4,2,Intel(R) Xeon(R) CPU @ 2.60GHz,,,,,15.61648178100586,machine,Y,1.0
2025-08-07T10:25:17,scipy-benchmark,bab00e45-66c4-4cb3-b08f-ff8eea24f7fc,scipy_LMC001_f7d9627c,1.0017478929366916,7.063416804234914e-08,7.051092249895362e-08,0.8000576,0.0,10.0,1.113948505115977e-07,0.0,1.3914597886873202e-06,1.5028546391989178e-06,Canada,CAN,,gcp,northamerica-northeast2,Linux-6.8.0-1032-gcp-x86_64-with-glibc2.35,3.12.11,3.0.4,2,Intel(R) Xeon(R) CPU @ 2.60GHz,,,,,15.61648178100586,machine,Y,1.0
2025-08-07T10:25:19,scipy-benchmark,eb0c558b-2c1b-46e2-b87a-8af46d362249,scipy_LMC001_f7d9627c,1.001720832893625,7.062957327859479e-08,7.050824037927849e-08,0.8,0.0,10.0,1.113864286388789e-07,0.0,1.391370449629095e-06,1.5027568782679738e-06,Canada,CAN,,gcp,northamerica-northeast2,Linux-6.8.0-1032-gcp-x86_64-with-glibc2.35,3.12.11,3.0.4,2,Intel(R) Xeon(R) CPU @ 2.60GHz,,,,,15.61648178100586,machine,Y,1.0
2025-08-07T10:25:21,scipy-benchmark,b56e323a-be00-4ae5-b938-f0da1617cf0c,scipy_LMC001_f7d9627c,1.001686027040705,7.062812374012402e-08,7.050924324938591e-08,0.8000072,0.0,10.0,1.113825504768589e-07,0.0,1.3913434865470563e-06,1.5027260370239153e-06,Canada,CAN,,gcp,northamerica-northeast2,Linux-6.8.0-1032-gcp-x86_64-with-glibc2.35,3.12.11,3.0.4,2,Intel(R) Xeon(R) CPU @ 2.60GHz,,,,,15.61648178100586,machine,Y,1.0
2025-08-07T10:25:23,scipy-benchmark,e9829b09-964a-4140-9b5f-14f264adf8e0,scipy_LMC001_f7d9627c,1.0017099550459534,7.063010575216404e-08,7.050953761253565e-08,0.8000072,0.0,10.0,1.1138273575997865e-07,0.0,1.391385471732873e-06,1.5027682074928516e-06,Canada,CAN,,gcp,northamerica-northeast2,Linux-6.8.0-1032-gcp-x86_64-with-glibc2.35,3.12.11,3.0.4,2,Intel(R) Xeon(R) CPU @ 2.60GHz,,,,,15.61648178100586,machine,Y,1.0
2025-08-07T10:25:25,scipy-benchmark,6b42fa27-91ca-49a4-9a48-05e792d59de7,scipy_LMC001_f7d9627c,1.0016159899532795,7.063063285913733e-08,7.051667861495692e-08,0.8,0.0,10.0,1.1136965557105013e-07,0.0,1.391409766963787e-06,1.5027794225348369e-06,Canada,CAN,,gcp,northamerica-northeast2,Linux-6.8.0-1032-gcp-x86_64-with-glibc2.35,3.12.11,3.0.4,2,Intel(R) Xeon(R) CPU @ 2.60GHz,,,,,15.61648178100586,machine,Y,1.0
2025-08-07T10:25:28,scipy-benchmark,d1c4c070-4a36-4262-bfb4-8f167c4bbd53,scipy_LMC001_f7d9627c,1.0015994939021766,7.062563446014086e-08,7.051284958720105e-08,0.8,0.0,10.0,1.1136383775414693e-07,0.0,1.3913092358658712e-06,1.5026730736200182e-06,Canada,CAN,,gcp,northamerica-northeast2,Linux-6.8.0-1032-gcp-x86_64-with-glibc2.35,3.12.11,3.0.4,2,Intel(R) Xeon(R) CPU @ 2.60GHz,,,,,15.61648178100586,machine,Y,1.0
2025-08-07T10:25:30,scipy-benchmark,af640d95-edaf-4953-ba28-9b996952a2e9,scipy_LMC001_f7d9627c,1.0015823650173843,7.649872010747721e-08,7.6377862449834e-08,1.7000000000000002,0.0,10.0,2.365992840883943e-07,0.0,1.3910330586238867e-06,1.6276323427122811e-06,Canada,CAN,,gcp,northamerica-northeast2,Linux-6.8.0-1032-gcp-x86_64-with-glibc2.35,3.12.11,3.0.4,2,Intel(R) Xeon(R) CPU @ 2.60GHz,,,,,15.61648178100586,machine,Y,1.0
2025-08-07T10:25:32,scipy-benchmark,7f73183e-4342-4dc8-98be-fdccf73294b0,scipy_LMC001_f7d9627c,1.0062820329330862,1.1838056754799457e-07,1.1764153952241581e-07,8.0,0.0,10.0,1.1197015575857623e-06,0.0,1.3990339221588025e-06,2.518735479744565e-06,Canada,CAN,,gcp,northamerica-northeast2,Linux-6.8.0-1032-gcp-x86_64-with-glibc2.35,3.12.11,3.0.4,2,Intel(R) Xeon(R) CPU @ 2.60GHz,,,,,15.61648178100586,machine,Y,1.0
2025-08-07T10:25:34,scipy-benchmark,afd92bce-784a-4dc3-bf77-0364fe21968b,scipy_LMC001_f7d9627c,1.0014180708676577,7.667902191750343e-08,7.657043960777194e-08,1.7272709000000002,0.0,10.0,2.4037604338801026e-07,0.0,1.391092508048233e-06,1.6314685514362433e-06,Canada,CAN,,gcp,northamerica-northeast2,Linux-6.8.0-1032-gcp-x86_64-with-glibc2.35,3.12.11,3.0.4,2,Intel(R) Xeon(R) CPU @ 2.60GHz,,,,,15.61648178100586,machine,Y,1.0
2025-08-07T10:25:37,scipy-benchmark,625753c8-539e-4b25-911d-722f0c73dae8,scipy_LMC001_f7d9627c,1.0030676750466228,7.652913769981309e-08,7.629508915862132e-08,1.7000000000000002,0.0,10.0,2.3667216683841419e-07,0.0,1.3916073586895235e-06,1.6282795255279375e-06,Canada,CAN,,gcp,northamerica-northeast2,Linux-6.8.0-1032-gcp-x86_64-with-glibc2.35,3.12.11,3.0.4,2,Intel(R) Xeon(R) CPU @ 2.60GHz,,,,,15.61648178100586,machine,Y,1.0
2025-08-07T10:25:39,scipy-benchmark,24612577-cc24-449e-8276-da06e2e4a09a,scipy_LMC001_f7d9627c,1.0014717378653586,7.6680038545912e-08,7.65673514754953e-08,1.7272709000000002,0.0,10.0,2.4038569593656946e-07,0.0,1.3911044858913454e-06,1.6314901818279148e-06,Canada,CAN,,gcp,northamerica-northeast2,Linux-6.8.0-1032-gcp-x86_64-with-glibc2.35,3.12.11,3.0.4,2,Intel(R) Xeon(R) CPU @ 2.60GHz,,,,,15.61648178100586,machine,Y,1.0
2025-08-07T10:25:41,scipy-benchmark,1f27d21c-afc3-4faf-86fe-c92b085f95e4,scipy_LMC001_f7d9627c,1.0017191409133377,8.87033057697924e-08,8.855107399556664e-08,3.5665321976,0.0,10.0,4.963017478349209e-07,0.0,1.3910026302457684e-06,1.8873043780806887e-06,Canada,CAN,,gcp,northamerica-northeast2,Linux-6.8.0-1032-gcp-x86_64-with-glibc2.35,3.12.11,3.0.4,2,Intel(R) Xeon(R) CPU @ 2.60GHz,,,,,15.61648178100586,machine,Y,1.0
2025-08-07T10:25:43,scipy-benchmark,0e46b900-97dd-4dd4-9d6b-8b738e7303ab,scipy_LMC001_f7d9627c,1.001802606973797,7.704353236642524e-08,7.690490305186477e-08,1.7834543000000005,0.0,10.0,2.481849237678857e-07,0.0,1.391039169134779e-06,1.6392240929026649e-06,Canada,CAN,,gcp,northamerica-northeast2,Linux-6.8.0-1032-gcp-x86_64-with-glibc2.35,3.12.11,3.0.4,2,Intel(R) Xeon(R) CPU @ 2.60GHz,,,,,15.61648178100586,machine,Y,1.0
2025-08-07T10:25:45,scipy-benchmark,f8235210-b41a-4936-9ab7-94acf774c7b0,scipy_LMC001_f7d9627c,1.0014322709757837,7.685958316102366e-08,7.674965685510875e-08,1.7550872000000004,0.0,10.0,2.442441575062391e-07,0.0,1.391066122515541e-06,1.63531028002178e-06,Canada,CAN,,gcp,northamerica-northeast2,Linux-6.8.0-1032-gcp-x86_64-with-glibc2.35,3.12.11,3.0.4,2,Intel(R) Xeon(R) CPU @ 2.60GHz,,,,,15.61648178100586,machine,Y,1.0
2025-08-07T10:25:48,scipy-benchmark,da421e4a-d7f5-4636-81aa-9d43adc2faab,scipy_LMC001_f7d9627c,1.0014679939486086,7.650092400417069e-08,7.638878572897897e-08,1.7000000000000002,0.0,10.0,2.365847476693388e-07,0.0,1.3910944864619523e-06,1.6276792341312911e-06,Canada,CAN,,gcp,northamerica-northeast2,Linux-6.8.0-1032-gcp-x86_64-with-glibc2.35,3.12.11,3.0.4,2,Intel(R) Xeon(R) CPU @ 2.60GHz,,,,,15.61648178100586,machine,Y,1.0
2025-08-07T10:25:50,scipy-benchmark,b92c674f-94e5-4165-9e63-5daf7b0892e2,scipy_LMC001_f7d9627c,1.0018116920255125,7.66800203620617e-08,7.654135100682069e-08,1.7272709000000002,0.0,10.0,2.403834586892719e-07,0.0,1.391106336248211e-06,1.631489794937483e-06,Canada,CAN,,gcp,northamerica-northeast2,Linux-6.8.0-1032-gcp-x86_64-with-glibc2.35,3.12.11,3.0.4,2,Intel(R) Xeon(R) CPU @ 2.60GHz,,,,,15.61648178100586,machine,Y,1.0
2025-08-07T10:25:52,scipy-benchmark,b60788c2-cf30-48f1-9b85-bf52c69f33d9,scipy_LMC001_f7d9627c,1.0014226029161364,7.667744720159111e-08,7.656852060090003e-08,1.7272709000000002,0.0,10.0,2.403701803187954e-07,0.0,1.3910648665235688e-06,1.631435046842364e-06,Canada,CAN,,gcp,northamerica-northeast2,Linux-6.8.0-1032-gcp-x86_64-with-glibc2.35,3.12.11,3.0.4,2,Intel(R) Xeon(R) CPU @ 2.60GHz,,,,,15.61648178100586,machine,Y,1.0
2025-08-07T10:25:54,scipy-benchmark,c094dae6-6091-4981-853c-6db7dcc82fbd,scipy_LMC001_f7d9627c,1.001478570047766,7.686295286580095e-08,7.674947339325985e-08,1.7550872000000004,0.0,10.0,2.44261014621714e-07,0.0,1.3911209612463911e-06,1.635381975868105e-06,Canada,CAN,,gcp,northamerica-northeast2,Linux-6.8.0-1032-gcp-x86_64-with-glibc2.35,3.12.11,3.0.4,2,Intel(R) Xeon(R) CPU @ 2.60GHz,,,,,15.61648178100586,machine,Y,1.0
2025-08-07T10:25:56,scipy-benchmark,4002ca61-700b-4428-b06e-85628708114c,scipy_LMC001_f7d9627c,1.0014509160537273,7.667720601689518e-08,7.65661150114535e-08,1.7272709000000002,0.0,10.0,2.403830821096224e-07,0.0,1.391046833143466e-06,1.6314299152530883e-06,Canada,CAN,,gcp,northamerica-northeast2,Linux-6.8.0-1032-gcp-x86_64-with-glibc2.35,3.12.11,3.0.4,2,Intel(R) Xeon(R) CPU @ 2.60GHz,,,,,15.61648178100586,machine,Y,1.0
2025-08-07T10:25:58,scipy-benchmark,7da5ff3b-9374-43c7-ab23-b5fde5116d97,scipy_LMC001_f7d9627c,1.0014151080977172,7.723132766205832e-08,7.712219142445988e-08,1.8123776000000005,0.0,10.0,2.52205031742202e-07,0.0,1.3910147057484006e-06,1.6432197374906025e-06,Canada,CAN,,gcp,northamerica-northeast2,Linux-6.8.0-1032-gcp-x86_64-with-glibc2.35,3.12.11,3.0.4,2,Intel(R) Xeon(R) CPU @ 2.60GHz,,,,,15.61648178100586,machine,Y,1.0
2025-08-07T10:26:01,scipy-benchmark,c133cd3a-03b3-4a75-926a-daac16787f3c,scipy_LMC001_f7d9627c,1.0014582879375666,7.65034790532987e-08,7.639207740828853e-08,1.7000000000000002,0.0,10.0,2.3658910292174882e-07,0.0,1.3911444939569467e-06,1.6277335968786957e-06,Canada,CAN,,gcp,northamerica-northeast2,Linux-6.8.0-1032-gcp-x86_64-with-glibc2.35,3.12.11,3.0.4,2,Intel(R) Xeon(R) CPU @ 2.60GHz,,,,,15.61648178100586,machine,Y,1.0
2025-08-07T10:26:03,scipy-benchmark,9b949630-2210-4015-ab9d-abed2aee74c2,scipy_LMC001_f7d9627c,1.0014799539931118,7.68658029493522e-08,7.67522132049394e-08,1.7550872000000004,0.0,10.0,2.442663632401709e-07,0.0,1.391176252703493e-06,1.635442615943664e-06,Canada,CAN,,gcp,northamerica-northeast2,Linux-6.8.0-1032-gcp-x86_64-with-glibc2.35,3.12.11,3.0.4,2,Intel(R) Xeon(R) CPU @ 2.60GHz,,,,,15.61648178100586,machine,Y,1.0
2025-08-07T10:26:05,scipy-benchmark,d432c82e-78fd-4128-9aca-e74629ccc36f,scipy_LMC001_f7d9627c,1.0014667089562863,7.667620907413229e-08,7.656391209852905e-08,1.7272709000000002,0.0,10.0,2.403778647331913e-07,0.0,1.3910308389717509e-06,1.631408703704942e-06,Canada,CAN,,gcp,northamerica-northeast2,Linux-6.8.0-1032-gcp-x86_64-with-glibc2.35,3.12.11,3.0.4,2,Intel(R) Xeon(R) CPU @ 2.60GHz,,,,,15.61648178100586,machine,Y,1.0
2025-08-07T10:26:07,scipy-benchmark,a0ddd8e6-c585-4cb1-8b8f-b3a4b6e863a0,scipy_LMC001_f7d9627c,1.001703838119283,7.687710673585711e-08,7.674634339047282e-08,1.7550872000000004,0.0,10.0,2.4433785821854365e-07,0.0,1.3913452638209694e-06,1.635683122039513e-06,Canada,CAN,,gcp,northamerica-northeast2,Linux-6.8.0-1032-gcp-x86_64-with-glibc2.35,3.12.11,3.0.4,2,Intel(R) Xeon(R) CPU @ 2.60GHz,,,,,15.61648178100586,machine,Y,1.0
2025-08-07T10:26:09,scipy-benchmark,d81ab97d-1edb-4686-86f0-9ea3a4e5201f,scipy_LMC001_f7d9627c,1.00151463621296,7.650332874273752e-08,7.638762927321815e-08,1.7000000000000002,0.0,10.0,2.3659102063134522e-07,0.0,1.3911393781503043e-06,1.6277303987816497e-06,Canada,CAN,,gcp,northamerica-northeast2,Linux-6.8.0-1032-gcp-x86_64-with-glibc2.35,3.12.11,3.0.4,2,Intel(R) Xeon(R) CPU @ 2.60GHz,,,,,15.61648178100586,machine,Y,1.0
2025-08-07T10:26:11,scipy-benchmark,50a0474c-75ac-4407-87a6-06b2b18fc215,scipy_LMC001_f7d9627c,1.0016604298725724,7.65234511164211e-08,7.639659991975138e-08,1.7000000000000002,0.0,10.0,2.366587344052581e-07,0.0,1.3914997999866805e-06,1.6281585343919383e-06,Canada,CAN,,gcp,northamerica-northeast2,Linux-6.8.0-1032-gcp-x86_64-with-glibc2.35,3.12.11,3.0.4,2,Intel(R) Xeon(R) CPU @ 2.60GHz,,,,,15.61648178100586,machine,Y,1.0
2025-08-07T10:26:14,scipy-benchmark,b84fa020-7197-4293-b5f8-7c3a7a4d5448,scipy_LMC001_f7d9627c,1.001707196934149,7.652114877370575e-08,7.639073474555079e-08,1.7000000000000002,0.0,10.0,2.366507873779888e-07,0.0,1.3914587609987294e-06,1.6281095483767182e-06,Canada,CAN,,gcp,northamerica-northeast2,Linux-6.8.0-1032-gcp-x86_64-with-glibc2.35,3.12.11,3.0.4,2,Intel(R) Xeon(R) CPU @ 2.60GHz,,,,,15.61648178100586,machine,Y,1.0
2025-08-07T10:26:16,scipy-benchmark,1308a845-c6b5-4228-8fde-bf859770d28b,scipy_LMC001_f7d9627c,1.0016103349626064,7.651112127440543e-08,7.638811082881034e-08,1.7000000000000002,0.0,10.0,2.366184666817491e-07,0.0,1.391277730646026e-06,1.627896197327775e-06,Canada,CAN,,gcp,northamerica-northeast2,Linux-6.8.0-1032-gcp-x86_64-with-glibc2.35,3.12.11,3.0.4,2,Intel(R) Xeon(R) CPU @ 2.60GHz,,,,,15.61648178100586,machine,Y,1.0
2025-08-07T10:26:18,scipy-benchmark,d1de0253-707c-416b-b242-6b5ab2efe535,scipy_LMC001_f7d9627c,1.0015788790769875,7.650964553642555e-08,7.638903648500812e-08,1.7000000000000002,0.0,10.0,2.366148569853977e-07,0.0,1.391249941661954e-06,1.6278647986473518e-06,Canada,CAN,,gcp,northamerica-northeast2,Linux-6.8.0-1032-gcp-x86_64-with-glibc2.35,3.12.11,3.0.4,2,Intel(R) Xeon(R) CPU @ 2.60GHz,,,,,15.61648178100586,machine,Y,1.0
2025-08-07T10:26:20,scipy-benchmark,61aec2c6-62af-45ea-ae71-2ae94165e70b,scipy_LMC001_f7d9627c,1.001588320825249,7.651206006293392e-08,7.639072708025645e-08,1.7000000000000002,0.0,10.0,2.3662163570730225e-07,0.0,1.3912945358444837e-06,1.6279161715517857e-06,Canada,CAN,,gcp,northamerica-northeast2,Linux-6.8.0-1032-gcp-x86_64-with-glibc2.35,3.12.11,3.0.4,2,Intel(R) Xeon(R) CPU @ 2.60GHz,,,,,15.61648178100586,machine,Y,1.0
2025-08-07T10:26:22,scipy-benchmark,0f2c605d-403f-462e-bdce-2dbd7c8f5b67,scipy_LMC001_f7d9627c,1.00156472902745,7.651465928333993e-08,7.639512161898713e-08,1.7000000000000002,0.0,10.0,2.366337520652451e-07,0.0,1.3913377220483704e-06,1.6279714741136157e-06,Canada,CAN,,gcp,northamerica-northeast2,Linux-6.8.0-1032-gcp-x86_64-with-glibc2.35,3.12.11,3.0.4,2,Intel(R) Xeon(R) CPU @ 2.60GHz,,,,,15.61648178100586,machine,Y,1.0
2025-08-07T10:26:24,scipy-benchmark,8cbc3990-3a61-4cb2-9af9-291f92d4bb88,scipy_LMC001_f7d9627c,1.0014930260367692,7.566489404236845e-08,7.555209280068463e-08,1.5716375,0.0,10.0,2.187305789093549e-07,0.0,1.3911607836942291e-06,1.609891362603584e-06,Canada,CAN,,gcp,northamerica-northeast2,Linux-6.8.0-1032-gcp-x86_64-with-glibc2.35,3.12.11,3.0.4,2,Intel(R) Xeon(R) CPU @ 2.60GHz,,,,,15.61648178100586,machine,Y,1.0
2025-08-07T10:26:27,scipy-benchmark,852b0060-c5c1-40cf-a236-4564c258d3ea,scipy_LMC001_f7d9627c,1.0014983310829848,7.535008033463485e-08,7.523734987471616e-08,1.5239213,0.0,10.0,2.120814872069322e-07,0.0,1.39111171140232e-06,1.6031931986092522e-06,Canada,CAN,,gcp,northamerica-northeast2,Linux-6.8.0-1032-gcp-x86_64-with-glibc2.35,3.12.11,3.0.4,2,Intel(R) Xeon(R) CPU @ 2.60GHz,,,,,15.61648178100586,machine,Y,1.0
2025-08-07T10:26:29,scipy-benchmark,39c2bc2c-441a-4cb2-8fda-4aa202718705,scipy_LMC001_f7d9627c,1.0014875910710543,7.520157727345458e-08,7.508987424699815e-08,1.5008192,0.0,10.0,2.0887637254888733e-07,0.0,1.391157186460785e-06,1.600033559009672e-06,Canada,CAN,,gcp,northamerica-northeast2,Linux-6.8.0-1032-gcp-x86_64-with-glibc2.35,3.12.11,3.0.4,2,Intel(R) Xeon(R) CPU @ 2.60GHz,,,,,15.61648178100586,machine,Y,1.0
2025-08-07T10:26:31,scipy-benchmark,0a650c54-20c8-4f73-a8a8-23845728025d,scipy_LMC001_f7d9627c,1.0014789081178606,7.446540524520603e-08,7.435544038081974e-08,1.3885748288,0.0,10.0,1.9324875776002139e-07,0.0,1.3911215666060646e-06,1.584370324366086e-06,Canada,CAN,,gcp,northamerica-northeast2,Linux-6.8.0-1032-gcp-x86_64-with-glibc2.35,3.12.11,3.0.4,2,Intel(R) Xeon(R) CPU @ 2.60GHz,,,,,15.61648178100586,machine,Y,1.0
2025-08-07T10:26:33,scipy-benchmark,0d31d4ba-1d65-4cc3-8a15-726e111218b2,scipy_LMC001_f7d9627c,1.0015444608870894,7.386410479406096e-08,7.3750200493983e-08,1.2962311999999998,0.0,10.0,1.804030204081044e-07,0.0,1.3911736773378734e-06,1.571576697745978e-06,Canada,CAN,,gcp,northamerica-northeast2,Linux-6.8.0-1032-gcp-x86_64-with-glibc2.35,3.12.11,3.0.4,2,Intel(R) Xeon(R) CPU @ 2.60GHz,,,,,15.61648178100586,machine,Y,1.0
2025-08-07T10:26:35,scipy-benchmark,4eb99d75-2f51-49f9-945a-b539dc5a9c96,scipy_LMC001_f7d9627c,1.001454298151657,7.340751618119273e-08,7.330091479628971e-08,1.2270968,0.0,10.0,1.707694374668437e-07,0.0,1.391092608941512e-06,1.5618620464083556e-06,Canada,CAN,,gcp,northamerica-northeast2,Linux-6.8.0-1032-gcp-x86_64-with-glibc2.35,3.12.11,3.0.4,2,Intel(R) Xeon(R) CPU @ 2.60GHz,,,,,15.61648178100586,machine,Y,1.0
2025-08-07T10:26:37,scipy-benchmark,2e25c84c-bb0e-4a5e-ae09-6df80cbd1e9f,scipy_LMC001_f7d9627c,1.0015539461746812,7.30834432822962e-08,7.297005174951375e-08,1.1766580928000006,0.0,10.0,1.6376560022955217e-07,0.0,1.391201278117175e-06,1.5549668783467273e-06,Canada,CAN,,gcp,northamerica-northeast2,Linux-6.8.0-1032-gcp-x86_64-with-glibc2.35,3.12.11,3.0.4,2,Intel(R) Xeon(R) CPU @ 2.60GHz,,,,,15.61648178100586,machine,Y,1.0
2025-08-07T10:26:39,scipy-benchmark,c0eb5943-635c-427e-bd17-91f1de6be170,scipy_LMC001_f7d9627c,1.0015031970106063,7.27037982865897e-08,7.259467418936229e-08,1.1194054208000004,0.0,10.0,1.5579510330611837e-07,0.0,1.391094221940471e-06,1.5468893252465894e-06,Canada,CAN,,gcp,northamerica-northeast2,Linux-6.8.0-1032-gcp-x86_64-with-glibc2.35,3.12.11,3.0.4,2,Intel(R) Xeon(R) CPU @ 2.60GHz,,,,,15.61648178100586,machine,Y,1.0
2025-08-07T10:26:42,scipy-benchmark,7e7ed4c7-0e56-49e9-bb24-976906d33a4e,scipy_LMC001_f7d9627c,1.001514436211437,7.246762941285029e-08,7.235804776512587e-08,1.0829888,0.0,10.0,1.5072139419082225e-07,0.0,1.3911430614017364e-06,1.5418644555925588e-06,Canada,CAN,,gcp,northamerica-northeast2,Linux-6.8.0-1032-gcp-x86_64-with-glibc2.35,3.12.11,3.0.4,2,Intel(R) Xeon(R) CPU @ 2.60GHz,,,,,15.61648178100586,machine,Y,1.0
2025-08-07T10:26:44,scipy-benchmark,b23ca246-55d3-4bff-99da-5e6fbd23edc2,scipy_LMC001_f7d9627c,1.001564621925354,7.202413989439949e-08,7.191162538862858e-08,1.0144952,0.0,10.0,1.4119807793746253e-07,0.0,1.3912304304540158e-06,1.5324285083914783e-06,Canada,CAN,,gcp,northamerica-northeast2,Linux-6.8.0-1032-gcp-x86_64-with-glibc2.35,3.12.11,3.0.4,2,Intel(R) Xeon(R) CPU @ 2.60GHz,,,,,15.61648178100586,machine,Y,1.0
2025-08-07T10:26:46,scipy-benchmark,de16def7-253c-4bdb-8267-eb40118f5a83,scipy_LMC001_f7d9627c,1.001604198012501,7.189537809352194e-08,7.178022839379576e-08,0.9944,0.0,10.0,1.3840576458339478e-07,0.0,1.3912831310234552e-06,1.52968889560685e-06,Canada,CAN,,gcp,northamerica-northeast2,Linux-6.8.0-1032-gcp-x86_64-with-glibc2.35,3.12.11,3.0.4,2,Intel(R) Xeon(R) CPU @ 2.60GHz,,,,,15.61648178100586,machine,Y,1.0
2025-08-07T10:26:48,scipy-benchmark,6ac1179b-5faa-4fd9-901f-cfffed1fca38,scipy_LMC001_f7d9627c,1.0016585940029472,7.169274970719316e-08,7.15740374379319e-08,0.9631893464,0.0,10.0,1.3408481975075786e-07,0.0,1.3912928335937776e-06,1.5253776533445355e-06,Canada,CAN,,gcp,northamerica-northeast2,Linux-6.8.0-1032-gcp-x86_64-with-glibc2.35,3.12.11,3.0.4,2,Intel(R) Xeon(R) CPU @ 2.60GHz,,,,,15.61648178100586,machine,Y,1.0
2025-08-07T10:26:50,scipy-benchmark,54a1fbbf-dd78-4b66-b461-5d3eeda4f96d,scipy_LMC001_f7d9627c,1.0015354009810835,7.154652163230327e-08,7.14368374420093e-08,0.9417176000000004,0.0,10.0,1.310667655254002e-07,0.0,1.39119965218318e-06,1.5222664177085804e-06,Canada,CAN,,gcp,northamerica-northeast2,Linux-6.8.0-1032-gcp-x86_64-with-glibc2.35,3.12.11,3.0.4,2,Intel(R) Xeon(R) CPU @ 2.60GHz,,,,,15.61648178100586,machine,Y,1.0
2025-08-07T10:26:52,scipy-benchmark,12443252-6791-445a-a837-b7968a522f73,scipy_LMC001_f7d9627c,1.001467804890126,7.13478600585618e-08,7.124328881085656e-08,0.9125,0.0,10.0,1.2698471767443053e-07,0.0,1.3910548580396503e-06,1.518039575714081e-06,Canada,CAN,,gcp,northamerica-northeast2,Linux-6.8.0-1032-gcp-x86_64-with-glibc2.35,3.12.11,3.0.4,2,Intel(R) Xeon(R) CPU @ 2.60GHz,,,,,15.61648178100586,machine,Y,1.0
2025-08-07T10:26:55,scipy-benchmark,1db5dcf7-6aa9-4ac9-81ba-31196c4d34f3,scipy_LMC001_f7d9627c,1.0015547019429505,7.12690190654312e-08,7.115838897982704e-08,0.8995328,0.0,10.0,1.251916053417855e-07,0.0,1.3911705024333463e-06,1.5163621077751318e-06,Canada,CAN,,gcp,northamerica-northeast2,Linux-6.8.0-1032-gcp-x86_64-with-glibc2.35,3.12.11,3.0.4,2,Intel(R) Xeon(R) CPU @ 2.60GHz,,,,,15.61648178100586,machine,Y,1.0
2025-08-07T10:26:57,scipy-benchmark,8c3365e4-17e4-47eb-91a3-fc6413b4f516,scipy_LMC001_f7d9627c,1.0015137889422476,7.110535667813109e-08,7.099788087114534e-08,0.8745936704,0.0,10.0,1.217197658626734e-07,0.0,1.3911601634592646e-06,1.512879929321938e-06,Canada,CAN,,gcp,northamerica-northeast2,Linux-6.8.0-1032-gcp-x86_64-with-glibc2.35,3.12.11,3.0.4,2,Intel(R) Xeon(R) CPU @ 2.60GHz,,,,,15.61648178100586,machine,Y,1.0
2025-08-07T10:26:59,scipy-benchmark,8871465d-61ce-4380-bc71-0f159a79f836,scipy_LMC001_f7d9627c,1.0016563669778409,7.093888988734689e-08,7.082158335535869e-08,0.8493848,0.0,10.0,1.182479935129621e-07,0.0,1.3910900891965462e-06,1.5093380827095082e-06,Canada,CAN,,gcp,northamerica-northeast2,Linux-6.8.0-1032-gcp-x86_64-with-glibc2.35,3.12.11,3.0.4,2,Intel(R) Xeon(R) CPU @ 2.60GHz,,,,,15.61648178100586,machine,Y,1.0
2025-08-07T10:27:01,scipy-benchmark,dd0755dd-7d53-4afa-8e80-d1a8d31654e1,scipy_LMC001_f7d9627c,1.001529190922156,7.085239881481834e-08,7.074421739977559e-08,0.8353736,0.0,10.0,1.1626877808229249e-07,0.0,1.391229069041502e-06,1.5074978471237946e-06,Canada,CAN,,gcp,northamerica-northeast2,Linux-6.8.0-1032-gcp-x86_64-with-glibc2.35,3.12.11,3.0.4,2,Intel(R) Xeon(R) CPU @ 2.60GHz,,,,,15.61648178100586,machine,Y,1.0
2025-08-07T10:27:03,scipy-benchmark,9b9d9c55-375a-40e8-90c3-4fa78873b9fb,scipy_LMC001_f7d9627c,1.001502542058006,7.08123463089434e-08,7.070610740880379e-08,0.8294912000000001,0.0,10.0,1.1544534975046585e-07,0.0,1.3912003163972665e-06,1.506645666147732e-06,Canada,CAN,,gcp,northamerica-northeast2,Linux-6.8.0-1032-gcp-x86_64-with-glibc2.35,3.12.11,3.0.4,2,Intel(R) Xeon(R) CPU @ 2.60GHz,,,,,15.61648178100586,machine,Y,1.0
2025-08-07T10:27:05,scipy-benchmark,c0484b27-2e37-49b3-9738-f9df5c0bc16f,scipy_LMC001_f7d9627c,1.0015420110430568,7.074607633006211e-08,7.06371530599935e-08,0.8197568000000001,0.0,10.0,1.1408669194373285e-07,0.0,1.3911489746533336e-06,1.5052356665970663e-06,Canada,CAN,,gcp,northamerica-northeast2,Linux-6.8.0-1032-gcp-x86_64-with-glibc2.35,3.12.11,3.0.4,2,Intel(R) Xeon(R) CPU @ 2.60GHz,,,,,15.61648178100586,machine,Y,1.0
2025-08-07T10:27:08,scipy-benchmark,64cfbb7a-a703-4818-976c-2eb4ff7f8b3d,scipy_LMC001_f7d9627c,1.0014865880366417,7.070037415149745e-08,7.059542783303924e-08,0.8127552392,0.0,10.0,1.131118022363414e-07,0.0,1.3911514775827527e-06,1.504263279819094e-06,Canada,CAN,,gcp,northamerica-northeast2,Linux-6.8.0-1032-gcp-x86_64-with-glibc2.35,3.12.11,3.0.4,2,Intel(R) Xeon(R) CPU @ 2.60GHz,,,,,15.61648178100586,machine,Y,1.0
2025-08-07T10:27:10,scipy-benchmark,14812417-dd41-4d95-819a-dc0d4ecc55ea,scipy_LMC001_f7d9627c,1.0014757488388568,7.066307842382455e-08,7.055895113361816e-08,0.8072,0.0,10.0,1.1233767349526493e-07,0.0,1.3911320802031291e-06,1.5034697536983945e-06,Canada,CAN,,gcp,northamerica-northeast2,Linux-6.8.0-1032-gcp-x86_64-with-glibc2.35,3.12.11,3.0.4,2,Intel(R) Xeon(R) CPU @ 2.60GHz,,,,,15.61648178100586,machine,Y,1.0
2025-08-07T10:27:12,scipy-benchmark,a9189fd3-b23b-475b-90e5-8ccd485c4644,scipy_LMC001_f7d9627c,1.0014956188388169,7.063924229666767e-08,7.053375069036275e-08,0.8036864,0.0,10.0,1.1184760256834825e-07,0.0,1.3911149994884102e-06,1.5029626020567583e-06,Canada,CAN,,gcp,northamerica-northeast2,Linux-6.8.0-1032-gcp-x86_64-with-glibc2.35,3.12.11,3.0.4,2,Intel(R) Xeon(R) CPU @ 2.60GHz,,,,,15.61648178100586,machine,Y,1.0
2025-08-07T10:27:14,scipy-benchmark,11ba654e-c89f-44bb-92b5-087b63f5a9a0,scipy_LMC001_f7d9627c,1.0015854558441788,7.068606312606233e-08,7.057417089436978e-08,0.8095832000000001,0.0,10.0,1.126828093805319e-07,0.0,1.3912759805356876e-06,1.5039587899162197e-06,Canada,CAN,,gcp,northamerica-northeast2,Linux-6.8.0-1032-gcp-x86_64-with-glibc2.35,3.12.11,3.0.4,2,Intel(R) Xeon(R) CPU @ 2.60GHz,,,,,15.61648178100586,machine,Y,1.0
2025-08-07T10:27:16,scipy-benchmark,3c0f3be2-e943-4c5b-85c4-3741b84f0926,scipy_LMC001_f7d9627c,1.0016781277954578,7.083254196877564e-08,7.071387504953048e-08,0.8306110016,0.0,10.0,1.1562512552111829e-07,0.0,1.3914502355166606e-06,1.507075361037779e-06,Canada,CAN,,gcp,northamerica-northeast2,Linux-6.8.0-1032-gcp-x86_64-with-glibc2.35,3.12.11,3.0.4,2,Intel(R) Xeon(R) CPU @ 2.60GHz,,,,,15.61648178100586,machine,Y,1.0
2025-08-07T10:27:18,scipy-benchmark,6c6ed4c7-d084-4fc3-84d4-fd18ba64d5c3,scipy_LMC001_f7d9627c,1.0015040969010442,7.085272143261551e-08,7.074631212378981e-08,0.8366368256000001,0.0,10.0,1.1643932805399757e-07,0.0,1.3910653832782474e-06,1.5075047113322449e-06,Canada,CAN,,gcp,northamerica-northeast2,Linux-6.8.0-1032-gcp-x86_64-with-glibc2.35,3.12.11,3.0.4,2,Intel(R) Xeon(R) CPU @ 2.60GHz,,,,,15.61648178100586,machine,Y,1.0
2025-08-07T10:27:21,scipy-benchmark,c698bd72-fa27-4fb1-89cb-b305200748ad,scipy_LMC001_f7d9627c,1.001686055911705,7.099680606969839e-08,7.087730297401335e-08,0.8576,0.0,10.0,1.1939079206436873e-07,0.0,1.3911795498441077e-06,1.5105703419084764e-06,Canada,CAN,,gcp,northamerica-northeast2,Linux-6.8.0-1032-gcp-x86_64-with-glibc2.35,3.12.11,3.0.4,2,Intel(R) Xeon(R) CPU @ 2.60GHz,,,,,15.61648178100586,machine,Y,1.0
2025-08-07T10:27:23,scipy-benchmark,d2ff97dc-a55c-4a7c-a27b-e20105773a00,scipy_LMC001_f7d9627c,1.0015017399564383,7.106518554554809e-08,7.09586241444165e-08,0.8686025216000001,0.0,10.0,1.2088479977866648e-07,0.0,1.391140424594697e-06,1.5120252243733631e-06,Canada,CAN,,gcp,northamerica-northeast2,Linux-6.8.0-1032-gcp-x86_64-with-glibc2.35,3.12.11,3.0.4,2,Intel(R) Xeon(R) CPU @ 2.60GHz,,,,,15.61648178100586,machine,Y,1.0
2025-08-07T10:27:25,scipy-benchmark,bcb476ff-dde7-4887-8994-c17e3413b761,scipy_LMC001_f7d9627c,1.0014874709304422,7.11737247861031e-08,7.106801318240998e-08,0.8853369344,0.0,10.0,1.23213584094128e-07,0.0,1.3911209858229591e-06,1.5143345699170872e-06,Canada,CAN,,gcp,northamerica-northeast2,Linux-6.8.0-1032-gcp-x86_64-with-glibc2.35,3.12.11,3.0.4,2,Intel(R) Xeon(R) CPU @ 2.60GHz,,,,,15.61648178100586,machine,Y,1.0
2025-08-07T10:27:27,scipy-benchmark,cb766c9d-bfc7-4537-b819-990e4214103a,scipy_LMC001_f7d9627c,1.0015185179654509,7.112261286190117e-08,7.101477564926528e-08,0.8766656,0.0,10.0,1.220159234715808e-07,0.0,1.391231158696529e-06,1.51324708216811e-06,Canada,CAN,,gcp,northamerica-northeast2,Linux-6.8.0-1032-gcp-x86_64-with-glibc2.35,3.12.11,3.0.4,2,Intel(R) Xeon(R) CPU @ 2.60GHz,,,,,15.61648178100586,machine,Y,1.0
2025-08-07T10:27:29,scipy-benchmark,e959027e-a86a-4fe9-b9bc-4552155b0e1c,scipy_LMC001_f7d9627c,1.0015560509636998,7.11200663871443e-08,7.100957187439725e-08,0.8766656,0.0,10.0,1.2201109355278314e-07,0.0,1.391181808301351e-06,1.5131929018541342e-06,Canada,CAN,,gcp,northamerica-northeast2,Linux-6.8.0-1032-gcp-x86_64-with-glibc2.35,3.12.11,3.0.4,2,Intel(R) Xeon(R) CPU @ 2.60GHz,,,,,15.61648178100586,machine,Y,1.0
2025-08-07T10:27:31,scipy-benchmark,14226eeb-0fb9-413e-b955-aafa1d69d44b,scipy_LMC001_f7d9627c,1.0015345050487667,7.127099420115777e-08,7.116179606581549e-08,0.8995328,0.0,10.0,1.2519611531547374e-07,0.0,1.3912080166240534e-06,1.516404131939527e-06,Canada,CAN,,gcp,northamerica-northeast2,Linux-6.8.0-1032-gcp-x86_64-with-glibc2.35,3.12.11,3.0.4,2,Intel(R) Xeon(R) CPU @ 2.60GHz,,,,,15.61648178100586,machine,Y,1.0
2025-08-07T10:27:34,scipy-benchmark,1bb6ef47-231a-4720-94a7-475b3d11bade,scipy_LMC001_f7d9627c,1.001515989890322,7.144611399314326e-08,7.133796635734939e-08,0.9265472,0.0,10.0,1.289515239998707e-07,0.0,1.391178560960624e-06,1.5201300849604946e-06,Canada,CAN,,gcp,northamerica-northeast2,Linux-6.8.0-1032-gcp-x86_64-with-glibc2.35,3.12.11,3.0.4,2,Intel(R) Xeon(R) CPU @ 2.60GHz,,,,,15.61648178100586,machine,Y,1.0
2025-08-07T10:27:36,scipy-benchmark,5a3383f1-6c30-446f-8f14-acece90b2e6f,scipy_LMC001_f7d9627c,1.001543739112094,7.16523746387384e-08,7.154193255929183e-08,0.9580544,0.0,10.0,1.3333771748079197e-07,0.0,1.3911808918540675e-06,1.5245186093348597e-06,Canada,CAN,,gcp,northamerica-northeast2,Linux-6.8.0-1032-gcp-x86_64-with-glibc2.35,3.12.11,3.0.4,2,Intel(R) Xeon(R) CPU @ 2.60GHz,,,,,15.61648178100586,machine,Y,1.0
2025-08-07T10:27:38,scipy-benchmark,5b96c814-53c9-4eac-b357-1a44360a076e,scipy_LMC001_f7d9627c,1.0015736329369247,7.180595413131212e-08,7.169313545201343e-08,0.9811070504,0.0,10.0,1.3655083926246786e-07,0.0,1.391235418850556e-06,1.5277862581130238e-06,Canada,CAN,,gcp,northamerica-northeast2,Linux-6.8.0-1032-gcp-x86_64-with-glibc2.35,3.12.11,3.0.4,2,Intel(R) Xeon(R) CPU @ 2.60GHz,,,,,15.61648178100586,machine,Y,1.0
2025-08-07T10:27:40,scipy-benchmark,3b3bed32-9a91-4eea-91a7-e1ee6a19f140,scipy_LMC001_f7d9627c,1.0015453188680112,7.185232204753929e-08,7.174145861791837e-08,0.9886261256,0.0,10.0,1.375936043967078e-07,0.0,1.3911792051254049e-06,1.5287728095221126e-06,Canada,CAN,,gcp,northamerica-northeast2,Linux-6.8.0-1032-gcp-x86_64-with-glibc2.35,3.12.11,3.0.4,2,Intel(R) Xeon(R) CPU @ 2.60GHz,,,,,15.61648178100586,machine,Y,1.0
2025-08-07T10:27:42,scipy-benchmark,a4953678-732f-439d-9634-b6d527ed6d0b,scipy_LMC001_f7d9627c,1.0014768799301237,7.180234862939028e-08,7.169646156424516e-08,0.9811070504,0.0,10.0,1.3654608147253757e-07,0.0,1.3911634638336384e-06,1.527709545306176e-06,Canada,CAN,,gcp,northamerica-northeast2,Linux-6.8.0-1032-gcp-x86_64-with-glibc2.35,3.12.11,3.0.4,2,Intel(R) Xeon(R) CPU @ 2.60GHz,,,,,15.61648178100586,machine,Y,1.0
2025-08-07T10:27:44,scipy-benchmark,8bf1f143-31c8-4c72-85e6-43c4ee777d5c,scipy_LMC001_f7d9627c,1.001517144031823,7.19793695093984e-08,7.18703318643453e-08,1.0083279896,0.0,10.0,1.4033002502358237e-07,0.0,1.3911459219848945e-06,1.5314759470084766e-06,Canada,CAN,,gcp,northamerica-northeast2,Linux-6.8.0-1032-gcp-x86_64-with-glibc2.35,3.12.11,3.0.4,2,Intel(R) Xeon(R) CPU @ 2.60GHz,,,,,15.61648178100586,machine,Y,1.0
2025-08-07T10:27:46,scipy-benchmark,3ae6d2c7-c1ab-43b7-ba87-bd61ea52bbd2,scipy_LMC001_f7d9627c,1.001643150113523,7.272335056802693e-08,7.2604051213034e-08,1.1194054208000004,0.0,10.0,1.5583093953867593e-07,0.0,1.3914743916959395e-06,1.5473053312346156e-06,Canada,CAN,,gcp,northamerica-northeast2,Linux-6.8.0-1032-gcp-x86_64-with-glibc2.35,3.12.11,3.0.4,2,Intel(R) Xeon(R) CPU @ 2.60GHz,,,,,15.61648178100586,machine,Y,1.0
2025-08-07T10:27:49,scipy-benchmark,70906011-44cb-4893-92b5-eb4e89946f64,scipy_LMC001_f7d9627c,1.0015127591323107,7.188850052805024e-08,7.177991480641035e-08,0.9944,0.0,10.0,1.38392769692e-07,0.0,1.3911497947346004e-06,1.5295425644266005e-06,Canada,CAN,,gcp,northamerica-northeast2,Linux-6.8.0-1032-gcp-x86_64-with-glibc2.35,3.12.11,3.0.4,2,Intel(R) Xeon(R) CPU @ 2.60GHz,,,,,15.61648178100586,machine,Y,1.0
2025-08-07T10:27:51,scipy-benchmark,27cf1f11-95d3-4b10-8469-1805e90d9a4b,scipy_LMC001_f7d9627c,1.0015491591766477,7.165445961619337e-08,7.15436271496638e-08,0.9580544,0.0,10.0,1.3334331757508385e-07,0.0,1.3912196529822216e-06,1.5245629705573054e-06,Canada,CAN,,gcp,northamerica-northeast2,Linux-6.8.0-1032-gcp-x86_64-with-glibc2.35,3.12.11,3.0.4,2,Intel(R) Xeon(R) CPU @ 2.60GHz,,,,,15.61648178100586,machine,Y,1.0
2025-08-07T10:27:53,scipy-benchmark,bc3eb8ee-482b-4406-bace-51e198ffc7b1,scipy_LMC001_f7d9627c,1.0017212030943483,7.144432497406913e-08,7.132156607384905e-08,0.9265472,0.0,10.0,1.289902925831535e-07,0.0,1.3911017281417218e-06,1.5200920207248753e-06,Canada,CAN,,gcp,northamerica-northeast2,Linux-6.8.0-1032-gcp-x86_64-with-glibc2.35,3.12.11,3.0.4,2,Intel(R) Xeon(R) CPU @ 2.60GHz,,,,,15.61648178100586,machine,Y,1.0
2025-08-07T10:27:55,scipy-benchmark,0d0fcc1b-a72e-426f-aaa3-5b02c9006089,scipy_LMC001_f7d9627c,1.0015212479047475,7.126921521424167e-08,7.116096175027922e-08,0.8995328,0.0,10.0,1.2519129479058586e-07,0.0,1.391174986363492e-06,1.516366281154078e-06,Canada,CAN,,gcp,northamerica-northeast2,Linux-6.8.0-1032-gcp-x86_64-with-glibc2.35,3.12.11,3.0.4,2,Intel(R) Xeon(R) CPU @ 2.60GHz,,,,,15.61648178100586,machine,Y,1.0
2025-08-07T10:27:57,scipy-benchmark,d61cc1ba-744a-4f12-84c7-278c3acdafb9,scipy_LMC001_f7d9627c,1.0014870560262352,7.118973203123914e-08,7.108402610185532e-08,0.8876024,0.0,10.0,1.235296583526289e-07,0.0,1.3911454912482038e-06,1.5146751496008327e-06,Canada,CAN,,gcp,northamerica-northeast2,Linux-6.8.0-1032-gcp-x86_64-with-glibc2.35,3.12.11,3.0.4,2,Intel(R) Xeon(R) CPU @ 2.60GHz,,,,,15.61648178100586,machine,Y,1.0
2025-08-07T10:27:59,scipy-benchmark,791d9b8a-d960-4be6-a3d1-c855feb3f59f,scipy_LMC001_f7d9627c,1.0014954679645598,7.425597377907239e-08,7.414509216900431e-08,1.3566231872,0.0,10.0,1.8879900186586005e-07,0.0,1.3911153338590845e-06,1.5799143357249445e-06,Canada,CAN,,gcp,northamerica-northeast2,Linux-6.8.0-1032-gcp-x86_64-with-glibc2.35,3.12.11,3.0.4,2,Intel(R) Xeon(R) CPU @ 2.60GHz,,,,,15.61648178100586,machine,Y,1.0
2025-08-07T10:28:02,scipy-benchmark,34d1976b-2133-42ba-b281-6027b8dfe509,scipy_LMC001_f7d9627c,1.0014881379902365,7.386051494071333e-08,7.375076362755024e-08,1.2962311999999998,0.0,10.0,1.803919178543517e-07,0.0,1.391108400033166e-06,1.5715003178875176e-06,Canada,CAN,,gcp,northamerica-northeast2,Linux-6.8.0-1032-gcp-x86_64-with-glibc2.35,3.12.11,3.0.4,2,Intel(R) Xeon(R) CPU @ 2.60GHz,,,,,15.61648178100586,machine,Y,1.0
2025-08-07T10:28:04,scipy-benchmark,dd88de06-02a7-4569-8bc1-52462ad94c81,scipy_LMC001_f7d9627c,1.0016414890997112,7.308253102960466e-08,7.296276344871876e-08,1.1766580928000006,0.0,10.0,1.638021158716714e-07,0.0,1.3911453528433211e-06,1.5549474687149923e-06,Canada,CAN,,gcp,northamerica-northeast2,Linux-6.8.0-1032-gcp-x86_64-with-glibc2.35,3.12.11,3.0.4,2,Intel(R) Xeon(R) CPU @ 2.60GHz,,,,,15.61648178100586,machine,Y,1.0
2025-08-07T10:28:06,scipy-benchmark,f9ea3f00-4207-42da-b8eb-f18cb452e287,scipy_LMC001_f7d9627c,1.0015404699370265,7.281210930614926e-08,7.270011696155166e-08,1.1359232,0.0,10.0,1.5808307633682094e-07,0.0,1.3911107386876312e-06,1.5491938150244522e-06,Canada,CAN,,gcp,northamerica-northeast2,Linux-6.8.0-1032-gcp-x86_64-with-glibc2.35,3.12.11,3.0.4,2,Intel(R) Xeon(R) CPU @ 2.60GHz,,,,,15.61648178100586,machine,Y,1.0
2025-08-07T10:28:08,scipy-benchmark,07b6a4b4-37cb-450b-b8c1-637cc9419246,scipy_LMC001_f7d9627c,1.0015295478515327,7.26346246622372e-08,7.252369619853153e-08,1.1087,0.0,10.0,1.542959878067551e-07,0.0,1.3911215581982914e-06,1.5454175460050466e-06,Canada,CAN,,gcp,northamerica-northeast2,Linux-6.8.0-1032-gcp-x86_64-with-glibc2.35,3.12.11,3.0.4,2,Intel(R) Xeon(R) CPU @ 2.60GHz,,,,,15.61648178100586,machine,Y,1.0
2025-08-07T10:28:10,scipy-benchmark,416d90b1-4f69-4075-b6e4-087491f0e93e,scipy_LMC001_f7d9627c,1.0015008770860732,7.235713090537468e-08,7.224869449530797e-08,1.0658674664,0.0,10.0,1.483404679557323e-07,0.0,1.391172955562878e-06,1.5395134235186102e-06,Canada,CAN,,gcp,northamerica-northeast2,Linux-6.8.0-1032-gcp-x86_64-with-glibc2.35,3.12.11,3.0.4,2,Intel(R) Xeon(R) CPU @ 2.60GHz,,,,,15.61648178100586,machine,Y,1.0
2025-08-07T10:28:12,scipy-benchmark,ec26f8d5-63b1-4c70-965e-aa4b5a208b35,scipy_LMC001_f7d9627c,1.0014737730380148,7.219985031463794e-08,7.209360070969857e-08,1.0426275224,0.0,10.0,1.450980060672133e-07,0.0,1.3910690219038065e-06,1.5361670279710197e-06,Canada,CAN,,gcp,northamerica-northeast2,Linux-6.8.0-1032-gcp-x86_64-with-glibc2.35,3.12.11,3.0.4,2,Intel(R) Xeon(R) CPU @ 2.60GHz,,,,,15.61648178100586,machine,Y,1.0
2025-08-07T10:28:15,scipy-benchmark,8fbf9153-545c-4da6-83ab-27e40bed00e3,scipy_LMC001_f7d9627c,1.0017148470506072,7.193406600447596e-08,7.181092125795537e-08,1.0002905144,0.0,10.0,1.3926072857917644e-07,0.0,1.391251314069248e-06,1.5305120426484243e-06,Canada,CAN,,gcp,northamerica-northeast2,Linux-6.8.0-1032-gcp-x86_64-with-glibc2.35,3.12.11,3.0.4,2,Intel(R) Xeon(R) CPU @ 2.60GHz,,,,,15.61648178100586,machine,Y,1.0
2025-08-07T10:28:17,scipy-benchmark,2d3b1e18-8180-4dc5-9805-61a402c8fdd9,scipy_LMC001_f7d9627c,1.00354498391971,7.205434520298149e-08,7.179981600978867e-08,0.9756008,0.0,10.0,1.363236997400387e-07,0.0,1.396747474791482e-06,1.5330711745315208e-06,Canada,CAN,,gcp,northamerica-northeast2,Linux-6.8.0-1032-gcp-x86_64-with-glibc2.35,3.12.11,3.0.4,2,Intel(R) Xeon(R) CPU @ 2.60GHz,,,,,15.61648178100586,machine,Y,1.0
2025-08-07T10:28:19,scipy-benchmark,a423d84c-be2b-4772-b646-b16e5e4185d5,scipy_LMC001_f7d9627c,1.0025468689855188,7.14173625592256e-08,7.123593396834716e-08,0.9222170696,0.0,10.0,1.2834819913656814e-07,0.0,1.391170153187381e-06,1.5195183523239491e-06,Canada,CAN,,gcp,northamerica-northeast2,Linux-6.8.0-1032-gcp-x86_64-with-glibc2.35,3.12.11,3.0.4,2,Intel(R) Xeon(R) CPU @ 2.60GHz,,,,,15.61648178100586,machine,Y,1.0
2025-08-07T10:28:21,scipy-benchmark,71fa6b31-5a98-4b45-a48b-6f7096b93562,scipy_LMC001_f7d9627c,1.0016184968408195,7.36380793422148e-08,7.35190889290432e-08,1.2608,0.0,10.0,1.754883873052895e-07,0.0,1.391279258273749e-06,1.5667676455790383e-06,Canada,CAN,,gcp,northamerica-northeast2,Linux-6.8.0-1032-gcp-x86_64-with-glibc2.35,3.12.11,3.0.4,2,Intel(R) Xeon(R) CPU @ 2.60GHz,,,,,15.61648178100586,machine,Y,1.0
2025-08-07T10:28:23,scipy-benchmark,64fce031-828d-47b6-bb14-6c2b96593c1c,scipy_LMC001_f7d9627c,1.0014607410412282,7.686003978378552e-08,7.674793093124491e-08,1.7550872000000004,0.0,10.0,2.442573562892809e-07,0.0,1.3910626391104112e-06,1.635319995399692e-06,Canada,CAN,,gcp,northamerica-northeast2,Linux-6.8.0-1032-gcp-x86_64-with-glibc2.35,3.12.11,3.0.4,2,Intel(R) Xeon(R) CPU @ 2.60GHz,,,,,15.61648178100586,machine,Y,1.0
2025-08-07T10:28:25,scipy-benchmark,e21c5289-9b93-4efc-91b2-e92f0170c44c,scipy_LMC001_f7d9627c,1.0016730302013457,7.633638303826896e-08,7.620888327493918e-08,1.6732691000000002,0.0,10.0,2.329498761982197e-07,0.0,1.3912284863181412e-06,1.624178362516361e-06,Canada,CAN,,gcp,northamerica-northeast2,Linux-6.8.0-1032-gcp-x86_64-with-glibc2.35,3.12.11,3.0.4,2,Intel(R) Xeon(R) CPU @ 2.60GHz,,,,,15.61648178100586,machine,Y,1.0
2025-08-07T10:28:28,scipy-benchmark,d49379b8-d479-46f4-9d85-a1b526a867bc,scipy_LMC001_f7d9627c,1.001592949964106,7.651314575721822e-08,7.639145798695988e-08,1.7000000000000002,0.0,10.0,2.366219356449115e-07,0.0,1.391317335785263e-06,1.6279392714301743e-06,Canada,CAN,,gcp,northamerica-northeast2,Linux-6.8.0-1032-gcp-x86_64-with-glibc2.35,3.12.11,3.0.4,2,Intel(R) Xeon(R) CPU @ 2.60GHz,,,,,15.61648178100586,machine,Y,1.0
2025-08-07T10:28:30,scipy-benchmark,e4a7d5b9-bb5c-48f6-9739-be0d053d42b9,scipy_LMC001_f7d9627c,1.001462918939069,7.650342285197177e-08,7.639166803401774e-08,1.7000000000000002,0.0,10.0,2.365912010556915e-07,0.0,1.3911412000500908e-06,1.6277324011057824e-06,Canada,CAN,,gcp,northamerica-northeast2,Linux-6.8.0-1032-gcp-x86_64-with-glibc2.35,3.12.11,3.0.4,2,Intel(R) Xeon(R) CPU @ 2.60GHz,,,,,15.61648178100586,machine,Y,1.0
2025-08-07T10:28:32,scipy-benchmark,abae2f7e-3698-462f-983c-291c19391131,scipy_LMC001_f7d9627c,1.0015046179760247,7.650502208520064e-08,7.639008419133631e-08,1.7000000000000002,0.0,10.0,2.365991108106553e-07,0.0,1.3911673165340392e-06,1.6277664273446943e-06,Canada,CAN,,gcp,northamerica-northeast2,Linux-6.8.0-1032-gcp-x86_64-with-glibc2.35,3.12.11,3.0.4,2,Intel(R) Xeon(R) CPU @ 2.60GHz,,,,,15.61648178100586,machine,Y,1.0
2025-08-07T10:28:34,scipy-benchmark,84f04a13-aacf-4525-8079-ad4b3e8b6759,scipy_LMC001_f7d9627c,1.0016338990535587,7.633285263498483e-08,7.620833590707297e-08,1.6732691000000002,0.0,10.0,2.329185088191662e-07,0.0,1.3911847387337023e-06,1.6241032475528684e-06,Canada,CAN,,gcp,northamerica-northeast2,Linux-6.8.0-1032-gcp-x86_64-with-glibc2.35,3.12.11,3.0.4,2,Intel(R) Xeon(R) CPU @ 2.60GHz,,,,,15.61648178100586,machine,Y,1.0
2025-08-07T10:28:36,scipy-benchmark,0c7ba210-d6df-46a8-a37e-a25f39a60a3b,scipy_LMC001_f7d9627c,1.001525569939986,7.650737211221389e-08,7.639083255437843e-08,1.7000000000000002,0.0,10.0,2.366028809208527e-07,0.0,1.3912135469985918e-06,1.6278164279194444e-06,Canada,CAN,,gcp,northamerica-northeast2,Linux-6.8.0-1032-gcp-x86_64-with-glibc2.35,3.12.11,3.0.4,2,Intel(R) Xeon(R) CPU @ 2.60GHz,,,,,15.61648178100586,machine,Y,1.0
2025-08-07T10:28:38,scipy-benchmark,d5aee5d1-d015-4e4c-b650-f512e02e31b0,scipy_LMC001_f7d9627c,1.0015627772081643,7.66911678607671e-08,7.657150366005229e-08,1.7272709000000002,0.0,10.0,2.4041870614230174e-07,0.0,1.3913082696187e-06,1.6317269757610016e-06,Canada,CAN,,gcp,northamerica-northeast2,Linux-6.8.0-1032-gcp-x86_64-with-glibc2.35,3.12.11,3.0.4,2,Intel(R) Xeon(R) CPU @ 2.60GHz,,,,,15.61648178100586,machine,Y,1.0
2025-08-07T10:28:41,scipy-benchmark,fcea1b8c-c7b0-48dd-b125-7eea64d421ca,scipy_LMC001_f7d9627c,1.0014570150524378,7.649938063850601e-08,7.638808205312776e-08,1.7000000000000002,0.0,10.0,2.365820299795208e-07,0.0,1.3910643665844369e-06,1.6276463965639578e-06,Canada,CAN,,gcp,northamerica-northeast2,Linux-6.8.0-1032-gcp-x86_64-with-glibc2.35,3.12.11,3.0.4,2,Intel(R) Xeon(R) CPU @ 2.60GHz,,,,,15.61648178100586,machine,Y,1.0
2025-08-07T10:28:43,scipy-benchmark,bc7baef7-899d-455b-9a85-480a342129f9,scipy_LMC001_f7d9627c,1.001530973939225,7.705056570862959e-08,7.693278362183252e-08,1.7834543000000005,0.0,10.0,2.4821143621405337e-07,0.0,1.391162302267427e-06,1.6393737384814808e-06,Canada,CAN,,gcp,northamerica-northeast2,Linux-6.8.0-1032-gcp-x86_64-with-glibc2.35,3.12.11,3.0.4,2,Intel(R) Xeon(R) CPU @ 2.60GHz,,,,,15.61648178100586,machine,Y,1.0
2025-08-07T10:28:45,scipy-benchmark,2b39cb05-7d67-4aef-8409-e64160a6aea4,scipy_LMC001_f7d9627c,1.001538495067507,7.668544328391502e-08,7.656764434076611e-08,1.7272709000000002,0.0,10.0,2.4039699276749613e-07,0.0,1.3912081834860146e-06,1.6316051762535107e-06,Canada,CAN,,gcp,northamerica-northeast2,Linux-6.8.0-1032-gcp-x86_64-with-glibc2.35,3.12.11,3.0.4,2,Intel(R) Xeon(R) CPU @ 2.60GHz,,,,,15.61648178100586,machine,Y,1.0
2025-08-07T10:28:47,scipy-benchmark,3c3a4ecc-42f6-4968-bda4-4c1716f08530,scipy_LMC001_f7d9627c,1.0015133910346776,7.650512479414464e-08,7.638951758309104e-08,1.7000000000000002,0.0,10.0,2.365972157503065e-07,0.0,1.391171396891069e-06,1.6277686126413754e-06,Canada,CAN,,gcp,northamerica-northeast2,Linux-6.8.0-1032-gcp-x86_64-with-glibc2.35,3.12.11,3.0.4,2,Intel(R) Xeon(R) CPU @ 2.60GHz,,,,,15.61648178100586,machine,Y,1.0
2025-08-07T10:28:49,scipy-benchmark,5b7cb945-5529-41cf-b1b9-05dbacd63c17,scipy_LMC001_f7d9627c,1.0015269292052835,7.650488215624096e-08,7.638824271749535e-08,1.7000000000000002,0.0,10.0,2.366101551775097e-07,0.0,1.3911532949552769e-06,1.6277634501327865e-06,Canada,CAN,,gcp,northamerica-northeast2,Linux-6.8.0-1032-gcp-x86_64-with-glibc2.35,3.12.11,3.0.4,2,Intel(R) Xeon(R) CPU @ 2.60GHz,,,,,15.61648178100586,machine,Y,1.0
2025-08-07T10:28:51,scipy-benchmark,e9681062-ac55-45a2-8948-115b25cf1d48,scipy_LMC001_f7d9627c,1.0015330400783569,7.650749284525715e-08,7.63903833260173e-08,1.7000000000000002,0.0,10.0,2.366173829262457e-07,0.0,1.3912016137813529e-06,1.6278189967075984e-06,Canada,CAN,,gcp,northamerica-northeast2,Linux-6.8.0-1032-gcp-x86_64-with-glibc2.35,3.12.11,3.0.4,2,Intel(R) Xeon(R) CPU @ 2.60GHz,,,,,15.61648178100586,machine,Y,1.0
2025-08-07T10:28:54,scipy-benchmark,de52a410-3c30-461b-8308-648af1179d2a,scipy_LMC001_f7d9627c,1.0015628000255674,7.66778020619524e-08,7.655815697227873e-08,1.7272709000000002,0.0,10.0,2.4038231342241735e-07,0.0,1.3910602836403996e-06,1.631442597062817e-06,Canada,CAN,,gcp,northamerica-northeast2,Linux-6.8.0-1032-gcp-x86_64-with-glibc2.35,3.12.11,3.0.4,2,Intel(R) Xeon(R) CPU @ 2.60GHz,,,,,15.61648178100586,machine,Y,1.0
2025-08-07T10:28:56,scipy-benchmark,66e4e70e-798c-46b1-94a0-8e06c1408c08,scipy_LMC001_f7d9627c,1.0014709439128635,7.667643478701905e-08,7.656381371129477e-08,1.7272709000000002,0.0,10.0,2.4036735334620275e-07,0.0,1.3910461527605852e-06,1.631413506106788e-06,Canada,CAN,,gcp,northamerica-northeast2,Linux-6.8.0-1032-gcp-x86_64-with-glibc2.35,3.12.11,3.0.4,2,Intel(R) Xeon(R) CPU @ 2.60GHz,,,,,15.61648178100586,machine,Y,1.0
2025-08-07T10:28:58,scipy-benchmark,7e1ccac3-0878-431a-8cc6-c26458566cb0,scipy_LMC001_f7d9627c,1.0015346379950645,7.762875899733691e-08,7.750980949869003e-08,1.8719144,0.0,10.0,2.605261232852813e-07,0.0,1.3911496000623124e-06,1.651675723347594e-06,Canada,CAN,,gcp,northamerica-northeast2,Linux-6.8.0-1032-gcp-x86_64-with-glibc2.35,3.12.11,3.0.4,2,Intel(R) Xeon(R) CPU @ 2.60GHz,,,,,15.61648178100586,machine,Y,1.0
2025-08-07T10:29:00,scipy-benchmark,3982d4fc-0ec3-4341-b597-57d7faf1ec3c,scipy_LMC001_f7d9627c,1.0015221929643303,7.724107317929458e-08,7.71236760622094e-08,1.8123776000000005,0.0,10.0,2.522399552655883e-07,0.0,1.3911871336555731e-06,1.6434270889211617e-06,Canada,CAN,,gcp,northamerica-northeast2,Linux-6.8.0-1032-gcp-x86_64-with-glibc2.35,3.12.11,3.0.4,2,Intel(R) Xeon(R) CPU @ 2.60GHz,,,,,15.61648178100586,machine,Y,1.0
2025-08-07T10:29:02,scipy-benchmark,347299cd-f2d4-430b-85a1-4398941aa132,scipy_LMC001_f7d9627c,1.0015087290666995,7.704686354199934e-08,7.693079581423007e-08,1.7834543000000005,0.0,10.0,2.4820398791144765e-07,0.0,1.3910909810672615e-06,1.6392949689787094e-06,Canada,CAN,,gcp,northamerica-northeast2,Linux-6.8.0-1032-gcp-x86_64-with-glibc2.35,3.12.11,3.0.4,2,Intel(R) Xeon(R) CPU @ 2.60GHz,,,,,15.61648178100586,machine,Y,1.0
2025-08-07T10:29:04,scipy-benchmark,77b5a462-9a3e-4f70-a8a9-4ed68b4aba8b,scipy_LMC001_f7d9627c,1.001445734174922,7.704468757957246e-08,7.69334622440112e-08,1.7834543000000005,0.0,10.0,2.481909494024774e-07,0.0,1.3910577225033195e-06,1.6392486719057969e-06,Canada,CAN,,gcp,northamerica-northeast2,Linux-6.8.0-1032-gcp-x86_64-with-glibc2.35,3.12.11,3.0.4,2,Intel(R) Xeon(R) CPU @ 2.60GHz,,,,,15.61648178100586,machine,Y,1.0
2025-08-07T10:29:07,scipy-benchmark,d3db47cb-f04f-4fde-abd3-86e81bb67ccb,scipy_LMC001_f7d9627c,1.0015500509180129,7.633694786292712e-08,7.621880483452352e-08,1.6732691000000002,0.0,10.0,2.3290267973744245e-07,0.0,1.391287700324837e-06,1.624190380062279e-06,Canada,CAN,,gcp,northamerica-northeast2,Linux-6.8.0-1032-gcp-x86_64-with-glibc2.35,3.12.11,3.0.4,2,Intel(R) Xeon(R) CPU @ 2.60GHz,,,,,15.61648178100586,machine,Y,1.0
2025-08-07T10:29:09,scipy-benchmark,468f4579-6262-42c3-a26f-0f8529b2e365,scipy_LMC001_f7d9627c,1.0018946069758383,7.692061571845501e-08,7.677515697048762e-08,1.7550872000000004,0.0,10.0,2.444387644688581e-07,0.0,1.3921700806046526e-06,1.6366088450735107e-06,Canada,CAN,,gcp,northamerica-northeast2,Linux-6.8.0-1032-gcp-x86_64-with-glibc2.35,3.12.11,3.0.4,2,Intel(R) Xeon(R) CPU @ 2.60GHz,,,,,15.61648178100586,machine,Y,1.0
2025-08-07T10:29:11,scipy-benchmark,3e51ba42-ba0c-4324-bfaf-ed4af363f758,scipy_LMC001_f7d9627c,1.001481126062572,7.650113917230759e-08,7.638799891624503e-08,1.7000000000000002,0.0,10.0,2.3659104284080161e-07,0.0,1.3910927693359555e-06,1.6276838121767572e-06,Canada,CAN,,gcp,northamerica-northeast2,Linux-6.8.0-1032-gcp-x86_64-with-glibc2.35,3.12.11,3.0.4,2,Intel(R) Xeon(R) CPU @ 2.60GHz,,,,,15.61648178100586,machine,Y,1.0
2025-08-07T10:29:13,scipy-benchmark,4ea10851-2434-4dfe-b1a1-93a8575e2278,scipy_LMC001_f7d9627c,1.0014679280575365,7.667868586774436e-08,7.656629205936888e-08,1.7272709000000002,0.0,10.0,2.403769790839889e-07,0.0,1.3910844223573805e-06,1.6314614014413692e-06,Canada,CAN,,gcp,northamerica-northeast2,Linux-6.8.0-1032-gcp-x86_64-with-glibc2.35,3.12.11,3.0.4,2,Intel(R) Xeon(R) CPU @ 2.60GHz,,,,,15.61648178100586,machine,Y,1.0
2025-08-07T10:29:15,scipy-benchmark,f45fcc79-6d17-4ab8-88f0-69271d9077c4,scipy_LMC001_f7d9627c,1.001520702149719,7.650472419923042e-08,7.638855995189766e-08,1.7000000000000002,0.0,10.0,2.3659360000682585e-07,0.0,1.3911664893385023e-06,1.6277600893453282e-06,Canada,CAN,,gcp,northamerica-northeast2,Linux-6.8.0-1032-gcp-x86_64-with-glibc2.35,3.12.11,3.0.4,2,Intel(R) Xeon(R) CPU @ 2.60GHz,,,,,15.61648178100586,machine,Y,1.0
2025-08-07T10:29:17,scipy-benchmark,5d003e83-cf54-40d1-9e88-1fae334d446f,scipy_LMC001_f7d9627c,1.001561000011861,7.650837674805532e-08,7.638913331005227e-08,1.7000000000000002,0.0,10.0,2.3660908076756945e-07,0.0,1.3912287223825435e-06,1.6278378031501132e-06,Canada,CAN,,gcp,northamerica-northeast2,Linux-6.8.0-1032-gcp-x86_64-with-glibc2.35,3.12.11,3.0.4,2,Intel(R) Xeon(R) CPU @ 2.60GHz,,,,,15.61648178100586,machine,Y,1.0
2025-08-07T10:29:20,scipy-benchmark,c584b612-e222-4528-b195-2345a65efd0d,scipy_LMC001_f7d9627c,1.0014588551130146,7.668141060112233e-08,7.656970649330253e-08,1.7272709000000002,0.0,10.0,2.403863629662601e-07,0.0,1.391133011525704e-06,1.631519374491964e-06,Canada,CAN,,gcp,northamerica-northeast2,Linux-6.8.0-1032-gcp-x86_64-with-glibc2.35,3.12.11,3.0.4,2,Intel(R) Xeon(R) CPU @ 2.60GHz,,,,,15.61648178100586,machine,Y,1.0
2025-08-07T10:29:22,scipy-benchmark,8280c253-9421-425f-a4f9-a98377202c9a,scipy_LMC001_f7d9627c,1.002758759073913,7.701351599209969e-08,7.680163877423983e-08,1.7550872000000004,0.0,10.0,2.447330048876753e-07,0.0,1.3938524417527432e-06,1.6385854466404183e-06,Canada,CAN,,gcp,northamerica-northeast2,Linux-6.8.0-1032-gcp-x86_64-with-glibc2.35,3.12.11,3.0.4,2,Intel(R) Xeon(R) CPU @ 2.60GHz,,,,,15.61648178100586,machine,Y,1.0
2025-08-07T10:29:24,scipy-benchmark,636ff6bb-1cd2-4403-b974-7f46241857a5,scipy_LMC001_f7d9627c,1.0014441339299085,7.632313092234296e-08,7.621306904343489e-08,1.6732691000000002,0.0,10.0,2.328554219165043e-07,0.0,1.391040980686537e-06,1.6238964026030414e-06,Canada,CAN,,gcp,northamerica-northeast2,Linux-6.8.0-1032-gcp-x86_64-with-glibc2.35,3.12.11,3.0.4,2,Intel(R) Xeon(R) CPU @ 2.60GHz,,,,,15.61648178100586,machine,Y,1.0
2025-08-07T10:29:26,scipy-benchmark,3753c0c1-86ba-4e44-9bd6-1fe9440cc257,scipy_LMC001_f7d9627c,1.00147378211841,7.66792452632525e-08,7.656640306754057e-08,1.7272709000000002,0.0,10.0,2.403880532737879e-07,0.0,1.391085250199669e-06,1.631473303473457e-06,Canada,CAN,,gcp,northamerica-northeast2,Linux-6.8.0-1032-gcp-x86_64-with-glibc2.35,3.12.11,3.0.4,2,Intel(R) Xeon(R) CPU @ 2.60GHz,,,,,15.61648178100586,machine,Y,1.0
2025-08-07T10:29:28,scipy-benchmark,210477eb-441d-49c2-b41c-f4374ae41ca1,scipy_LMC001_f7d9627c,1.001448926050216,7.66761178797246e-08,7.656518059502098e-08,1.7272709000000002,0.0,10.0,2.4036511073675055e-07,0.0,1.3910416526616448e-06,1.6314067633983954e-06,Canada,CAN,,gcp,northamerica-northeast2,Linux-6.8.0-1032-gcp-x86_64-with-glibc2.35,3.12.11,3.0.4,2,Intel(R) Xeon(R) CPU @ 2.60GHz,,,,,15.61648178100586,machine,Y,1.0
2025-08-07T10:29:30,scipy-benchmark,585311dd-20a3-4ec2-8b7e-bd3972545f5d,scipy_LMC001_f7d9627c,1.0014399788342416,7.667969078879956e-08,7.656943242675512e-08,1.7272709000000002,0.0,10.0,2.403802358109309e-07,0.0,1.3911025469294853e-06,1.631482782740416e-06,Canada,CAN,,gcp,northamerica-northeast2,Linux-6.8.0-1032-gcp-x86_64-with-glibc2.35,3.12.11,3.0.4,2,Intel(R) Xeon(R) CPU @ 2.60GHz,,,,,15.61648178100586,machine,Y,1.0
2025-08-07T10:29:33,scipy-benchmark,4a26d456-2e81-4c23-9450-3dfcef259b69,scipy_LMC001_f7d9627c,1.0014583140145987,7.723722271172367e-08,7.7124750607041e-08,1.8123776000000005,0.0,10.0,2.5222775544040735e-07,0.0,1.39111740863882e-06,1.6433451640792272e-06,Canada,CAN,,gcp,northamerica-northeast2,Linux-6.8.0-1032-gcp-x86_64-with-glibc2.35,3.12.11,3.0.4,2,Intel(R) Xeon(R) CPU @ 2.60GHz,,,,,15.61648178100586,machine,Y,1.0
2025-08-07T10:29:35,scipy-benchmark,8301b4b7-bf65-455f-8999-8a8f3f4052e1,scipy_LMC001_f7d9627c,1.0015825708396733,7.650824378130104e-08,7.638735538015664e-08,1.7000000000000002,0.0,10.0,2.366318578844787e-07,0.0,1.3912031161857562e-06,1.6278349740702348e-06,Canada,CAN,,gcp,northamerica-northeast2,Linux-6.8.0-1032-gcp-x86_64-with-glibc2.35,3.12.11,3.0.4,2,Intel(R) Xeon(R) CPU @ 2.60GHz,,,,,15.61648178100586,machine,Y,1.0
2025-08-07T10:29:37,scipy-benchmark,cbada03a-9830-48bb-88de-947095b99c7c,scipy_LMC001_f7d9627c,1.0014841849915683,7.650050796224322e-08,7.638713532244876e-08,1.7000000000000002,0.0,10.0,2.3658979570286145e-07,0.0,1.3910805864725262e-06,1.6276703821753875e-06,Canada,CAN,,gcp,northamerica-northeast2,Linux-6.8.0-1032-gcp-x86_64-with-glibc2.35,3.12.11,3.0.4,2,Intel(R) Xeon(R) CPU @ 2.60GHz,,,,,15.61648178100586,machine,Y,1.0
2025-08-07T10:29:39,scipy-benchmark,e2df74f9-f355-42e4-9a90-9b87492b281a,scipy_LMC001_f7d9627c,1.001487408997491,7.650462578238997e-08,7.639100111999675e-08,1.7000000000000002,0.0,10.0,2.3660217549574254e-07,0.0,1.3911558198742568e-06,1.6277579953699991e-06,Canada,CAN,,gcp,northamerica-northeast2,Linux-6.8.0-1032-gcp-x86_64-with-glibc2.35,3.12.11,3.0.4,2,Intel(R) Xeon(R) CPU @ 2.60GHz,,,,,15.61648178100586,machine,Y,1.0
2025-08-07T10:29:41,scipy-benchmark,6ecd94dc-0d60-4785-9800-2960b1cea180,scipy_LMC001_f7d9627c,1.0015909019857645,7.651465971498207e-08,7.639312573954427e-08,1.7000000000000002,0.0,10.0,2.366306911183832e-07,0.0,1.3913407921791075e-06,1.6279714832974908e-06,Canada,CAN,,gcp,northamerica-northeast2,Linux-6.8.0-1032-gcp-x86_64-with-glibc2.35,3.12.11,3.0.4,2,Intel(R) Xeon(R) CPU @ 2.60GHz,,,,,15.61648178100586,machine,Y,1.0
2025-08-07T10:29:43,scipy-benchmark,fb2e6215-3cf9-43fd-89fc-7661dab52c9d,scipy_LMC001_f7d9627c,1.0014549968764186,7.649893405333732e-08,7.638779005740726e-08,1.7000000000000002,0.0,10.0,2.365764086781485e-07,0.0,1.3910604860737094e-06,1.6276368947518577e-06,Canada,CAN,,gcp,northamerica-northeast2,Linux-6.8.0-1032-gcp-x86_64-with-glibc2.35,3.12.11,3.0.4,2,Intel(R) Xeon(R) CPU @ 2.60GHz,,,,,15.61648178100586,machine,Y,1.0
2025-08-07T10:29:46,scipy-benchmark,890c1417-5915-4e5e-8ad7-41c36e6528b5,scipy_LMC001_f7d9627c,1.0014837828930467,7.686844626672464e-08,7.675455916487245e-08,1.7550872000000004,0.0,10.0,2.442727459399975e-07,0.0,1.3912261107988242e-06,1.635498856738822e-06,Canada,CAN,,gcp,northamerica-northeast2,Linux-6.8.0-1032-gcp-x86_64-with-glibc2.35,3.12.11,3.0.4,2,Intel(R) Xeon(R) CPU @ 2.60GHz,,,,,15.61648178100586,machine,Y,1.0
2025-08-07T10:29:48,scipy-benchmark,7ca47971-04ef-4e32-aefc-5c8d388d23dc,scipy_LMC001_f7d9627c,1.001448584953323,7.668002772715629e-08,7.656911086526753e-08,1.7272709000000002,0.0,10.0,2.403815102163421e-07,0.0,1.3911084414252806e-06,1.6314899516416226e-06,Canada,CAN,,gcp,northamerica-northeast2,Linux-6.8.0-1032-gcp-x86_64-with-glibc2.35,3.12.11,3.0.4,2,Intel(R) Xeon(R) CPU @ 2.60GHz,,,,,15.61648178100586,machine,Y,1.0
2025-08-07T10:29:50,scipy-benchmark,45724dbd-fde4-4740-bf85-8e7f3802839b,scipy_LMC001_f7d9627c,1.0017398709896952,7.670999525832252e-08,7.657676157237795e-08,1.7272709000000002,0.0,10.0,2.4048231715896355e-07,0.0,1.3916452415287494e-06,1.6321275586877129e-06,Canada,CAN,,gcp,northamerica-northeast2,Linux-6.8.0-1032-gcp-x86_64-with-glibc2.35,3.12.11,3.0.4,2,Intel(R) Xeon(R) CPU @ 2.60GHz,,,,,15.61648178100586,machine,Y,1.0
2025-08-07T10:29:52,scipy-benchmark,4214a7c5-e49f-4680-8ff3-9c859d3ad06f,scipy_LMC001_f7d9627c,1.0014702070038766,7.668258068490144e-08,7.657000692443423e-08,1.7272709000000002,0.0,10.0,2.403913332367331e-07,0.0,1.3911529366547864e-06,1.6315442698915197e-06,Canada,CAN,,gcp,northamerica-northeast2,Linux-6.8.0-1032-gcp-x86_64-with-glibc2.35,3.12.11,3.0.4,2,Intel(R) Xeon(R) CPU @ 2.60GHz,,,,,15.61648178100586,machine,Y,1.0
2025-08-07T10:29:54,scipy-benchmark,e3bc8f16-e79f-4e42-8659-e7c70345bfbe,scipy_LMC001_f7d9627c,1.0014093278441578,7.650082008146113e-08,7.639315707808785e-08,1.7000000000000002,0.0,10.0,2.365829343002083e-07,0.0,1.3910940887096028e-06,1.627677023009811e-06,Canada,CAN,,gcp,northamerica-northeast2,Linux-6.8.0-1032-gcp-x86_64-with-glibc2.35,3.12.11,3.0.4,2,Intel(R) Xeon(R) CPU @ 2.60GHz,,,,,15.61648178100586,machine,Y,1.0
2025-08-07T10:29:57,scipy-benchmark,3c101cbd-22e4-41aa-8e7c-5d257d5fc0a7,scipy_LMC001_f7d9627c,1.0014853791799396,7.650084049904642e-08,7.638737628070883e-08,1.7000000000000002,0.0,10.0,2.365850295755081e-07,0.0,1.391092427851011e-06,1.6276774574265194e-06,Canada,CAN,,gcp,northamerica-northeast2,Linux-6.8.0-1032-gcp-x86_64-with-glibc2.35,3.12.11,3.0.4,2,Intel(R) Xeon(R) CPU @ 2.60GHz,,,,,15.61648178100586,machine,Y,1.0
2025-08-07T10:29:59,scipy-benchmark,40f40deb-5890-4d42-8e5d-c791b6abdaff,scipy_LMC001_f7d9627c,1.001439125975594,7.667445916070118e-08,7.65642735258676e-08,1.7272709000000002,0.0,10.0,2.4036082671035544e-07,0.0,1.3910106447939244e-06,1.63137147150428e-06,Canada,CAN,,gcp,northamerica-northeast2,Linux-6.8.0-1032-gcp-x86_64-with-glibc2.35,3.12.11,3.0.4,2,Intel(R) Xeon(R) CPU @ 2.60GHz,,,,,15.61648178100586,machine,Y,1.0
2025-08-07T10:30:01,scipy-benchmark,17e2593c-4e20-4d67-8439-ecb09aa22df0,scipy_LMC001_f7d9627c,1.0015531170647591,7.094977964261126e-08,7.083975720682993e-08,0.8493848,0.0,10.0,1.1822827667070385e-07,0.0,1.3913415029593227e-06,1.5095697796300266e-06,Canada,CAN,,gcp,northamerica-northeast2,Linux-6.8.0-1032-gcp-x86_64-with-glibc2.35,3.12.11,3.0.4,2,Intel(R) Xeon(R) CPU @ 2.60GHz,,,,,15.61648178100586,machine,Y,1.0
2025-08-07T10:30:03,scipy-benchmark,509094e2-f9fd-4d72-a713-4907caf55dc6,scipy_LMC001_f7d9627c,1.001616531983018,7.089975385004078e-08,7.078532710484742e-08,0.8419904,0.0,10.0,1.1719748198546677e-07,0.0,1.3913079190792308e-06,1.5085054010646977e-06,Canada,CAN,,gcp,northamerica-northeast2,Linux-6.8.0-1032-gcp-x86_64-with-glibc2.35,3.12.11,3.0.4,2,Intel(R) Xeon(R) CPU @ 2.60GHz,,,,,15.61648178100586,machine,Y,1.0
2025-08-07T10:30:05,scipy-benchmark,1a7fa335-5bc2-4935-bef9-bacb0436105d,scipy_LMC001_f7d9627c,1.0015384869184345,7.078227495894997e-08,7.067354463504956e-08,0.8252850176000001,0.0,10.0,1.1485736124768429e-07,0.0,1.3911484889427407e-06,1.506005850190425e-06,Canada,CAN,,gcp,northamerica-northeast2,Linux-6.8.0-1032-gcp-x86_64-with-glibc2.35,3.12.11,3.0.4,2,Intel(R) Xeon(R) CPU @ 2.60GHz,,,,,15.61648178100586,machine,Y,1.0
2025-08-07T10:30:07,scipy-benchmark,d2683098-f43f-4d92-9133-55093a2dfce8,scipy_LMC001_f7d9627c,1.0014905401039869,7.164976217906335e-08,7.15431242831548e-08,0.9580544,0.0,10.0,1.3333326090147761e-07,0.0,1.3911297641849766e-06,1.5244630250864543e-06,Canada,CAN,,gcp,northamerica-northeast2,Linux-6.8.0-1032-gcp-x86_64-with-glibc2.35,3.12.11,3.0.4,2,Intel(R) Xeon(R) CPU @ 2.60GHz,,,,,15.61648178100586,machine,Y,1.0
2025-08-07T10:30:10,scipy-benchmark,2b8ac7fe-000a-4d2e-b007-fbfc43d524f5,scipy_LMC001_f7d9627c,1.001561386976391,7.144508379900914e-08,7.133370428216521e-08,0.9265472,0.0,10.0,1.2895176333874633e-07,0.0,1.391156402597618e-06,1.5201081659363642e-06,Canada,CAN,,gcp,northamerica-northeast2,Linux-6.8.0-1032-gcp-x86_64-with-glibc2.35,3.12.11,3.0.4,2,Intel(R) Xeon(R) CPU @ 2.60GHz,,,,,15.61648178100586,machine,Y,1.0
2025-08-07T10:30:12,scipy-benchmark,405bc73c-d39a-4030-baea-aff8135ffcf3,scipy_LMC001_f7d9627c,1.001642467919737,7.121718469353459e-08,7.110040455996451e-08,0.8899076096,0.0,10.0,1.238729214131197e-07,0.0,1.3913863273854887e-06,1.5152592487986084e-06,Canada,CAN,,gcp,northamerica-northeast2,Linux-6.8.0-1032-gcp-x86_64-with-glibc2.35,3.12.11,3.0.4,2,Intel(R) Xeon(R) CPU @ 2.60GHz,,,,,15.61648178100586,machine,Y,1.0
2025-08-07T10:30:14,scipy-benchmark,d92e790c-0a65-4800-a366-71843ec71e46,scipy_LMC001_f7d9627c,1.0016813438851386,7.27209950055851e-08,7.259893123648302e-08,1.1194054208000004,0.0,10.0,1.5582666618933636e-07,0.0,1.3914285466954527e-06,1.5472552128847892e-06,Canada,CAN,,gcp,northamerica-northeast2,Linux-6.8.0-1032-gcp-x86_64-with-glibc2.35,3.12.11,3.0.4,2,Intel(R) Xeon(R) CPU @ 2.60GHz,,,,,15.61648178100586,machine,Y,1.0
2025-08-07T10:30:16,scipy-benchmark,f43eb13a-fae0-4bb2-be10-41f62fffe8d3,scipy_LMC001_f7d9627c,1.0016469499096274,7.236787007964487e-08,7.224887979359812e-08,1.0658674664,0.0,10.0,1.4836686143961218e-07,0.0,1.3913750551485767e-06,1.5397419165881888e-06,Canada,CAN,,gcp,northamerica-northeast2,Linux-6.8.0-1032-gcp-x86_64-with-glibc2.35,3.12.11,3.0.4,2,Intel(R) Xeon(R) CPU @ 2.60GHz,,,,,15.61648178100586,machine,Y,1.0
2025-08-07T10:30:18,scipy-benchmark,d9b413b1-c551-4403-8341-41c3dd520fb3,scipy_LMC001_f7d9627c,1.0016081049107015,7.20300163818434e-08,7.1914370529445e-08,1.0144952,0.0,10.0,1.4121306800224873e-07,0.0,1.3913404720369728e-06,1.5325535400392214e-06,Canada,CAN,,gcp,northamerica-northeast2,Linux-6.8.0-1032-gcp-x86_64-with-glibc2.35,3.12.11,3.0.4,2,Intel(R) Xeon(R) CPU @ 2.60GHz,,,,,15.61648178100586,machine,Y,1.0
2025-08-07T10:30:20,scipy-benchmark,2e497a8f-6943-475e-8e17-334833d2a174,scipy_LMC001_f7d9627c,1.0017884310800582,7.43734943114105e-08,7.42407199005345e-08,1.3724504,0.0,10.0,1.911017752089326e-07,0.0,1.3913129973742695e-06,1.5824147725832022e-06,Canada,CAN,,gcp,northamerica-northeast2,Linux-6.8.0-1032-gcp-x86_64-with-glibc2.35,3.12.11,3.0.4,2,Intel(R) Xeon(R) CPU @ 2.60GHz,,,,,15.61648178100586,machine,Y,1.0
2025-08-07T10:30:23,scipy-benchmark,50018499-453d-47b6-8dca-cb78529b7623,scipy_LMC001_f7d9627c,1.0022608870640397,1.1789790145509569e-07,1.1763194890350197e-07,8.0,0.0,10.0,1.115184799871511e-06,0.0,1.3932811885347798e-06,2.508465988406291e-06,Canada,CAN,,gcp,northamerica-northeast2,Linux-6.8.0-1032-gcp-x86_64-with-glibc2.35,3.12.11,3.0.4,2,Intel(R) Xeon(R) CPU @ 2.60GHz,,,,,15.61648178100586,machine,Y,1.0
2025-08-07T10:30:25,scipy-benchmark,ed1c2e42-7811-4857-bc59-5cf6aee9d556,scipy_LMC001_f7d9627c,1.0016462388448415,7.687104101555804e-08,7.674470090778788e-08,1.7550872000000004,0.0,10.0,2.4430173404450266e-07,0.0,1.3912523301163067e-06,1.6355540641608095e-06,Canada,CAN,,gcp,northamerica-northeast2,Linux-6.8.0-1032-gcp-x86_64-with-glibc2.35,3.12.11,3.0.4,2,Intel(R) Xeon(R) CPU @ 2.60GHz,,,,,15.61648178100586,machine,Y,1.0
2025-08-07T10:30:27,scipy-benchmark,4d5766de-14f2-4937-b8fd-3cfe8a5edbab,scipy_LMC001_f7d9627c,1.001557650975883,7.65071332678975e-08,7.638814719587196e-08,1.7000000000000002,0.0,10.0,2.366030708007101e-07,0.0,1.3912082753247685e-06,1.6278113461254786e-06,Canada,CAN,,gcp,northamerica-northeast2,Linux-6.8.0-1032-gcp-x86_64-with-glibc2.35,3.12.11,3.0.4,2,Intel(R) Xeon(R) CPU @ 2.60GHz,,,,,15.61648178100586,machine,Y,1.0
2025-08-07T10:30:29,scipy-benchmark,e0f0d160-f609-45a5-b629-1da03879e23f,scipy_LMC001_f7d9627c,1.0015474651008844,7.650720327934124e-08,7.638899397707005e-08,1.7000000000000002,0.0,10.0,2.366162439769445e-07,0.0,1.3911965917537195e-06,1.627812835730664e-06,Canada,CAN,,gcp,northamerica-northeast2,Linux-6.8.0-1032-gcp-x86_64-with-glibc2.35,3.12.11,3.0.4,2,Intel(R) Xeon(R) CPU @ 2.60GHz,,,,,15.61648178100586,machine,Y,1.0
2025-08-07T10:30:31,scipy-benchmark,46b48ebb-9a5f-4520-98fc-af3d407fa492,scipy_LMC001_f7d9627c,1.0022331199143082,7.650614624244756e-08,7.633567951634737e-08,1.7000000000000002,0.0,10.0,2.365998067802543e-07,0.0,1.3911905388037363e-06,1.6277903455839906e-06,Canada,CAN,,gcp,northamerica-northeast2,Linux-6.8.0-1032-gcp-x86_64-with-glibc2.35,3.12.11,3.0.4,2,Intel(R) Xeon(R) CPU @ 2.60GHz,,,,,15.61648178100586,machine,Y,1.0
2025-08-07T10:30:33,scipy-benchmark,bdb011a3-b383-4581-964a-7a4dc63f2f72,scipy_LMC001_f7d9627c,1.0015107409562916,7.667848990002831e-08,7.656282330712892e-08,1.7272709000000002,0.0,10.0,2.4038753738983025e-07,0.0,1.3910696945256658e-06,1.631457231915496e-06,Canada,CAN,,gcp,northamerica-northeast2,Linux-6.8.0-1032-gcp-x86_64-with-glibc2.35,3.12.11,3.0.4,2,Intel(R) Xeon(R) CPU @ 2.60GHz,,,,,15.61648178100586,machine,Y,1.0
2025-08-07T10:30:36,scipy-benchmark,63ebff48-61cd-4e00-a9f3-4fbe897c6228,scipy_LMC001_f7d9627c,1.001562793040648,7.65078377948117e-08,7.638845844357023e-08,1.7000000000000002,0.0,10.0,2.366076971844046e-07,0.0,1.3912186388754185e-06,1.627826336059823e-06,Canada,CAN,,gcp,northamerica-northeast2,Linux-6.8.0-1032-gcp-x86_64-with-glibc2.35,3.12.11,3.0.4,2,Intel(R) Xeon(R) CPU @ 2.60GHz,,,,,15.61648178100586,machine,Y,1.0
2025-08-07T10:30:38,scipy-benchmark,936ccf52-21ae-44df-9011-759fae317e2e,scipy_LMC001_f7d9627c,1.0015329360030591,7.63307426919457e-08,7.62139116428544e-08,1.6732691000000002,0.0,10.0,2.328917468069496e-07,0.0,1.3911666083408311e-06,1.6240583551477806e-06,Canada,CAN,,gcp,northamerica-northeast2,Linux-6.8.0-1032-gcp-x86_64-with-glibc2.35,3.12.11,3.0.4,2,Intel(R) Xeon(R) CPU @ 2.60GHz,,,,,15.61648178100586,machine,Y,1.0
2025-08-07T10:30:40,scipy-benchmark,78b808fa-fab6-4a6b-a2e4-d766569c14bd,scipy_LMC001_f7d9627c,1.0016617090441289,7.669542810553738e-08,7.65681940450002e-08,1.7272709000000002,0.0,10.0,2.4043340805311444e-07,0.0,1.3913842112136386e-06,1.631817619266753e-06,Canada,CAN,,gcp,northamerica-northeast2,Linux-6.8.0-1032-gcp-x86_64-with-glibc2.35,3.12.11,3.0.4,2,Intel(R) Xeon(R) CPU @ 2.60GHz,,,,,15.61648178100586,machine,Y,1.0
2025-08-07T10:30:42,scipy-benchmark,b940aab3-fae4-4bf2-92ea-ec64636bdd3f,scipy_LMC001_f7d9627c,1.0015923590399325,7.669190738867212e-08,7.65699804880545e-08,1.7272709000000002,0.0,10.0,2.404185410326245e-07,0.0,1.3913241693646545e-06,1.631742710397279e-06,Canada,CAN,,gcp,northamerica-northeast2,Linux-6.8.0-1032-gcp-x86_64-with-glibc2.35,3.12.11,3.0.4,2,Intel(R) Xeon(R) CPU @ 2.60GHz,,,,,15.61648178100586,machine,Y,1.0
2025-08-07T10:30:44,scipy-benchmark,f91f5a6e-79e4-4115-8edb-414d9cd0873d,scipy_LMC001_f7d9627c,1.0015189689584076,7.61595852380078e-08,7.60440766461116e-08,1.6470728,0.0,10.0,2.292383208540145e-07,0.0,1.3911783863376412e-06,1.6204167071916555e-06,Canada,CAN,,gcp,northamerica-northeast2,Linux-6.8.0-1032-gcp-x86_64-with-glibc2.35,3.12.11,3.0.4,2,Intel(R) Xeon(R) CPU @ 2.60GHz,,,,,15.61648178100586,machine,Y,1.0
2025-08-07T10:30:46,scipy-benchmark,79bd963a-6b5f-4310-8f0a-c19e4bb7f5c2,scipy_LMC001_f7d9627c,1.001563784200698,7.824128606151649e-08,7.811912460868106e-08,1.9655261,0.0,10.0,2.735691334303377e-07,0.0,1.3911390806444815e-06,1.6647082140748191e-06,Canada,CAN,,gcp,northamerica-northeast2,Linux-6.8.0-1032-gcp-x86_64-with-glibc2.35,3.12.11,3.0.4,2,Intel(R) Xeon(R) CPU @ 2.60GHz,,,,,15.61648178100586,machine,Y,1.0
2025-08-07T10:30:49,scipy-benchmark,eb926a59-d954-4d3c-8dc2-eb3beb97f5c2,scipy_LMC001_f7d9627c,1.0014972379431129,7.65062196207e-08,7.639184285503314e-08,1.7000000000000002,0.0,10.0,2.365989427004631e-07,0.0,1.3911929641229411e-06,1.627791906823404e-06,Canada,CAN,,gcp,northamerica-northeast2,Linux-6.8.0-1032-gcp-x86_64-with-glibc2.35,3.12.11,3.0.4,2,Intel(R) Xeon(R) CPU @ 2.60GHz,,,,,15.61648178100586,machine,Y,1.0
2025-08-07T10:30:51,scipy-benchmark,a4c5d431-9295-411a-b1df-6227a79f3cbb,scipy_LMC001_f7d9627c,1.0015671208966523,7.66911617481039e-08,7.65711654746076e-08,1.7272709000000002,0.0,10.0,2.404194233304803e-07,0.0,1.3913074223738578e-06,1.631726845704338e-06,Canada,CAN,,gcp,northamerica-northeast2,Linux-6.8.0-1032-gcp-x86_64-with-glibc2.35,3.12.11,3.0.4,2,Intel(R) Xeon(R) CPU @ 2.60GHz,,,,,15.61648178100586,machine,Y,1.0
2025-08-07T10:30:53,scipy-benchmark,72176333-9303-4e9a-83b7-ef5d69c750b4,scipy_LMC001_f7d9627c,1.001511130016297,7.650284807303818e-08,7.638741675471273e-08,1.7000000000000002,0.0,10.0,2.3658997425809506e-07,0.0,1.3911301975086745e-06,1.6277201717667697e-06,Canada,CAN,,gcp,northamerica-northeast2,Linux-6.8.0-1032-gcp-x86_64-with-glibc2.35,3.12.11,3.0.4,2,Intel(R) Xeon(R) CPU @ 2.60GHz,,,,,15.61648178100586,machine,Y,1.0
2025-08-07T10:30:55,scipy-benchmark,f1fb44ba-03a5-481d-9694-f673251518b1,scipy_LMC001_f7d9627c,1.001617802772671,7.650723335537542e-08,7.638365965899237e-08,1.7000000000000002,0.0,10.0,2.3660485107555162e-07,0.0,1.391208624570734e-06,1.6278134756462857e-06,Canada,CAN,,gcp,northamerica-northeast2,Linux-6.8.0-1032-gcp-x86_64-with-glibc2.35,3.12.11,3.0.4,2,Intel(R) Xeon(R) CPU @ 2.60GHz,,,,,15.61648178100586,machine,Y,1.0
2025-08-07T10:30:57,scipy-benchmark,9588a691-8379-4a34-ac12-b115d64aacc5,scipy_LMC001_f7d9627c,1.0015137940645218,7.650498796267331e-08,7.638935021772105e-08,1.7000000000000002,0.0,10.0,2.3659698716882202e-07,0.0,1.3911687141646528e-06,1.6277657013334749e-06,Canada,CAN,,gcp,northamerica-northeast2,Linux-6.8.0-1032-gcp-x86_64-with-glibc2.35,3.12.11,3.0.4,2,Intel(R) Xeon(R) CPU @ 2.60GHz,,,,,15.61648178100586,machine,Y,1.0
2025-08-07T10:30:59,scipy-benchmark,8126bd32-8a08-4bfb-8c7c-be83f5fc8763,scipy_LMC001_f7d9627c,1.0015709497965872,7.633529363578222e-08,7.621556281288453e-08,1.6732691000000002,0.0,10.0,2.328921395336215e-07,0.0,1.3912630442064256e-06,1.6241551837400472e-06,Canada,CAN,,gcp,northamerica-northeast2,Linux-6.8.0-1032-gcp-x86_64-with-glibc2.35,3.12.11,3.0.4,2,Intel(R) Xeon(R) CPU @ 2.60GHz,,,,,15.61648178100586,machine,Y,1.0
2025-08-07T10:31:02,scipy-benchmark,8fab73e6-221c-495c-b299-66c6551f734b,scipy_LMC001_f7d9627c,1.001586893806234,7.669122920193586e-08,7.656972118564128e-08,1.7272709000000002,0.0,10.0,2.404262479010428e-07,0.0,1.391302032991209e-06,1.631728280892252e-06,Canada,CAN,,gcp,northamerica-northeast2,Linux-6.8.0-1032-gcp-x86_64-with-glibc2.35,3.12.11,3.0.4,2,Intel(R) Xeon(R) CPU @ 2.60GHz,,,,,15.61648178100586,machine,Y,1.0
2025-08-07T10:31:04,scipy-benchmark,180429f0-5290-428c-af0d-c6136a592add,scipy_LMC001_f7d9627c,1.001604429911822,7.651425043615746e-08,7.639168533119758e-08,1.7000000000000002,0.0,10.0,2.3662678907082105e-07,0.0,1.3913359861665716e-06,1.6279627752373927e-06,Canada,CAN,,gcp,northamerica-northeast2,Linux-6.8.0-1032-gcp-x86_64-with-glibc2.35,3.12.11,3.0.4,2,Intel(R) Xeon(R) CPU @ 2.60GHz,,,,,15.61648178100586,machine,Y,1.0
2025-08-07T10:31:06,scipy-benchmark,0f4db457-a3d5-4e70-84a6-d39f98dec7be,scipy_LMC001_f7d9627c,1.0015766269061714,7.669079741189846e-08,7.657007497149084e-08,1.7272709000000002,0.0,10.0,2.404217465956746e-07,0.0,1.3912973472745055e-06,1.63171909387018e-06,Canada,CAN,,gcp,northamerica-northeast2,Linux-6.8.0-1032-gcp-x86_64-with-glibc2.35,3.12.11,3.0.4,2,Intel(R) Xeon(R) CPU @ 2.60GHz,,,,,15.61648178100586,machine,Y,1.0
2025-08-07T10:31:08,scipy-benchmark,8cf10cba-c79f-4190-9e22-0eadb2ab630f,scipy_LMC001_f7d9627c,1.001592640997842,7.6512572307864e-08,7.639090901430542e-08,1.7000000000000002,0.0,10.0,2.3662617567202285e-07,0.0,1.3913008947080624e-06,1.6279270703800851e-06,Canada,CAN,,gcp,northamerica-northeast2,Linux-6.8.0-1032-gcp-x86_64-with-glibc2.35,3.12.11,3.0.4,2,Intel(R) Xeon(R) CPU @ 2.60GHz,,,,,15.61648178100586,machine,Y,1.0
2025-08-07T10:31:10,scipy-benchmark,6f52426f-55a9-46f0-a166-e9b72b0e28ae,scipy_LMC001_f7d9627c,1.0015285790432245,7.632816462082342e-08,7.621166906064815e-08,1.6732691000000002,0.0,10.0,2.3288392149263522e-07,0.0,1.3911195810780756e-06,1.6240035025707107e-06,Canada,CAN,,gcp,northamerica-northeast2,Linux-6.8.0-1032-gcp-x86_64-with-glibc2.35,3.12.11,3.0.4,2,Intel(R) Xeon(R) CPU @ 2.60GHz,,,,,15.61648178100586,machine,Y,1.0
2025-08-07T10:31:12,scipy-benchmark,cf69c5ca-28da-4b77-8c97-a3377dbd5f82,scipy_LMC001_f7d9627c,1.0015118189621717,7.668252825179578e-08,7.656677315227189e-08,1.7272709000000002,0.0,10.0,2.4038962650760685e-07,0.0,1.3911535277859206e-06,1.6315431542935274e-06,Canada,CAN,,gcp,northamerica-northeast2,Linux-6.8.0-1032-gcp-x86_64-with-glibc2.35,3.12.11,3.0.4,2,Intel(R) Xeon(R) CPU @ 2.60GHz,,,,,15.61648178100586,machine,Y,1.0
2025-08-07T10:31:15,scipy-benchmark,c58c56e1-d40e-4b11-b6ca-4d8bbda10002,scipy_LMC001_f7d9627c,1.0014936171937734,7.686285195937517e-08,7.674821949913974e-08,1.7550872000000004,0.0,10.0,2.44266150748368e-07,0.0,1.3911136781745074e-06,1.6353798289228754e-06,Canada,CAN,,gcp,northamerica-northeast2,Linux-6.8.0-1032-gcp-x86_64-with-glibc2.35,3.12.11,3.0.4,2,Intel(R) Xeon(R) CPU @ 2.60GHz,,,,,15.61648178100586,machine,Y,1.0
2025-08-07T10:31:17,scipy-benchmark,2ac9c461-6a10-4d42-a49e-955d2e533bfa,scipy_LMC001_f7d9627c,1.0015514879487455,7.650881834958111e-08,7.639029972016423e-08,1.7000000000000002,0.0,10.0,2.3661202648913282e-07,0.0,1.3912351724381248e-06,1.6278471989272578e-06,Canada,CAN,,gcp,northamerica-northeast2,Linux-6.8.0-1032-gcp-x86_64-with-glibc2.35,3.12.11,3.0.4,2,Intel(R) Xeon(R) CPU @ 2.60GHz,,,,,15.61648178100586,machine,Y,1.0
2025-08-07T10:31:19,scipy-benchmark,30e02698-4b6b-48f5-a442-5d14cec003ac,scipy_LMC001_f7d9627c,1.0014927620068192,7.63274058453237e-08,7.62136370235734e-08,1.6732691000000002,0.0,10.0,2.3288177821577169e-07,0.0,1.3911055801953707e-06,1.6239873584111423e-06,Canada,CAN,,gcp,northamerica-northeast2,Linux-6.8.0-1032-gcp-x86_64-with-glibc2.35,3.12.11,3.0.4,2,Intel(R) Xeon(R) CPU @ 2.60GHz,,,,,15.61648178100586,machine,Y,1.0
2025-08-07T10:31:21,scipy-benchmark,27d15f3e-7545-4002-94a6-49b1b1e2ff34,scipy_LMC001_f7d9627c,1.0015268339775505,7.633474722006388e-08,7.621837441629142e-08,1.6732691000000002,0.0,10.0,2.328930774675057e-07,0.0,1.3912504804061932e-06,1.624143557873699e-06,Canada,CAN,,gcp,northamerica-northeast2,Linux-6.8.0-1032-gcp-x86_64-with-glibc2.35,3.12.11,3.0.4,2,Intel(R) Xeon(R) CPU @ 2.60GHz,,,,,15.61648178100586,machine,Y,1.0
2025-08-07T10:31:23,scipy-benchmark,5dd8946b-dda2-402a-af72-a6458d22efd5,scipy_LMC001_f7d9627c,1.0014974288642406,7.63274191950406e-08,7.621329520695882e-08,1.6732691000000002,0.0,10.0,2.328773538992855e-07,0.0,1.3911102885483869e-06,1.6239876424476725e-06,Canada,CAN,,gcp,northamerica-northeast2,Linux-6.8.0-1032-gcp-x86_64-with-glibc2.35,3.12.11,3.0.4,2,Intel(R) Xeon(R) CPU @ 2.60GHz,,,,,15.61648178100586,machine,Y,1.0
2025-08-07T10:31:25,scipy-benchmark,d3487368-f308-44fb-8a89-2f6d5aaa363f,scipy_LMC001_f7d9627c,1.001631633145735,7.651965550619126e-08,7.639500688079593e-08,1.7000000000000002,0.0,10.0,2.366448573431828e-07,0.0,1.3914329193842908e-06,1.6280777767274736e-06,Canada,CAN,,gcp,northamerica-northeast2,Linux-6.8.0-1032-gcp-x86_64-with-glibc2.35,3.12.11,3.0.4,2,Intel(R) Xeon(R) CPU @ 2.60GHz,,,,,15.61648178100586,machine,Y,1.0
2025-08-07T10:31:28,scipy-benchmark,9b6b1181-44df-4ccf-a455-84d370340870,scipy_LMC001_f7d9627c,1.001421687193215,7.63199141063429e-08,7.6211565100265e-08,1.6732691000000002,0.0,10.0,2.328468009762621e-07,0.0,1.390981158733161e-06,1.623827959709423e-06,Canada,CAN,,gcp,northamerica-northeast2,Linux-6.8.0-1032-gcp-x86_64-with-glibc2.35,3.12.11,3.0.4,2,Intel(R) Xeon(R) CPU @ 2.60GHz,,,,,15.61648178100586,machine,Y,1.0
2025-08-07T10:31:30,scipy-benchmark,e472eb27-9575-4b1b-bc36-79eadbc02d72,scipy_LMC001_f7d9627c,1.001811129972339,7.650009032171996e-08,7.636178919656467e-08,1.7000000000000002,0.0,10.0,2.3657939310133882e-07,0.0,1.391082103105469e-06,1.6276614962068075e-06,Canada,CAN,,gcp,northamerica-northeast2,Linux-6.8.0-1032-gcp-x86_64-with-glibc2.35,3.12.11,3.0.4,2,Intel(R) Xeon(R) CPU @ 2.60GHz,,,,,15.61648178100586,machine,Y,1.0
2025-08-07T10:31:32,scipy-benchmark,0edfe100-ac75-4c43-8484-447cf6a69e7f,scipy_LMC001_f7d9627c,1.0014118580147624,7.667069560449147e-08,7.656260008393195e-08,1.7272709000000002,0.0,10.0,2.403574157097571e-07,0.0,1.390933980130487e-06,1.6312913958402442e-06,Canada,CAN,,gcp,northamerica-northeast2,Linux-6.8.0-1032-gcp-x86_64-with-glibc2.35,3.12.11,3.0.4,2,Intel(R) Xeon(R) CPU @ 2.60GHz,,,,,15.61648178100586,machine,Y,1.0
2025-08-07T10:31:34,scipy-benchmark,55df9f20-4a30-4a06-ba17-90aa3e313603,scipy_LMC001_f7d9627c,1.0014047611039132,7.685612888690837e-08,7.674831583802827e-08,1.7550872000000004,0.0,10.0,2.442291344946909e-07,0.0,1.3910076503331464e-06,1.6352367848278371e-06,Canada,CAN,,gcp,northamerica-northeast2,Linux-6.8.0-1032-gcp-x86_64-with-glibc2.35,3.12.11,3.0.4,2,Intel(R) Xeon(R) CPU @ 2.60GHz,,,,,15.61648178100586,machine,Y,1.0
2025-08-07T10:31:36,scipy-benchmark,c43535c2-08a0-4774-baf8-9de2567b937b,scipy_LMC001_f7d9627c,1.0013593330513686,7.666731915014797e-08,7.656324420178447e-08,1.7272709000000002,0.0,10.0,2.403351704762415e-07,0.0,1.3908843859098852e-06,1.631219556386127e-06,Canada,CAN,,gcp,northamerica-northeast2,Linux-6.8.0-1032-gcp-x86_64-with-glibc2.35,3.12.11,3.0.4,2,Intel(R) Xeon(R) CPU @ 2.60GHz,,,,,15.61648178100586,machine,Y,1.0
2025-08-07T10:31:39,scipy-benchmark,c6067261-3615-4316-951e-21fd5fbcec0a,scipy_LMC001_f7d9627c,1.001458405982703,7.667874228395293e-08,7.65670764016507e-08,1.7272709000000002,0.0,10.0,2.4038531310107294e-07,0.0,1.3910772886851598e-06,1.6314626017862326e-06,Canada,CAN,,gcp,northamerica-northeast2,Linux-6.8.0-1032-gcp-x86_64-with-glibc2.35,3.12.11,3.0.4,2,Intel(R) Xeon(R) CPU @ 2.60GHz,,,,,15.61648178100586,machine,Y,1.0
2025-08-07T10:31:41,scipy-benchmark,1888174d-c9f4-4a01-8c79-9753bb54d99d,scipy_LMC001_f7d9627c,1.0014300551265478,7.649723165064484e-08,7.638799261020589e-08,1.7000000000000002,0.0,10.0,2.3657131809482565e-07,0.0,1.3910293553231492e-06,1.6276006734179749e-06,Canada,CAN,,gcp,northamerica-northeast2,Linux-6.8.0-1032-gcp-x86_64-with-glibc2.35,3.12.11,3.0.4,2,Intel(R) Xeon(R) CPU @ 2.60GHz,,,,,15.61648178100586,machine,Y,1.0
2025-08-07T10:31:43,scipy-benchmark,f3048bf1-a8d4-4c4c-9ad3-0d41ced4429a,scipy_LMC001_f7d9627c,1.0014213640242815,7.63206712971567e-08,7.62123458106154e-08,1.6732691000000002,0.0,10.0,2.32844278500099e-07,0.0,1.3909997916521712e-06,1.6238440701522705e-06,Canada,CAN,,gcp,northamerica-northeast2,Linux-6.8.0-1032-gcp-x86_64-with-glibc2.35,3.12.11,3.0.4,2,Intel(R) Xeon(R) CPU @ 2.60GHz,,,,,15.61648178100586,machine,Y,1.0
2025-08-07T10:31:45,scipy-benchmark,f84d3516-cb23-4480-9ade-8a4a966b1eec,scipy_LMC001_f7d9627c,1.0014214841648936,7.649719358558327e-08,7.638860838838094e-08,1.7000000000000002,0.0,10.0,2.365680938754749e-07,0.0,1.3910317696475737e-06,1.6275998635230485e-06,Canada,CAN,,gcp,northamerica-northeast2,Linux-6.8.0-1032-gcp-x86_64-with-glibc2.35,3.12.11,3.0.4,2,Intel(R) Xeon(R) CPU @ 2.60GHz,,,,,15.61648178100586,machine,Y,1.0
2025-08-07T10:31:47,scipy-benchmark,82c9b77d-a673-408d-bf92-3b2624dfe3ed,scipy_LMC001_f7d9627c,1.001452496042475,7.667723492017475e-08,7.656602307467073e-08,1.7272709000000002,0.0,10.0,2.403752576089375e-07,0.0,1.3910552726075463e-06,1.631430530216484e-06,Canada,CAN,,gcp,northamerica-northeast2,Linux-6.8.0-1032-gcp-x86_64-with-glibc2.35,3.12.11,3.0.4,2,Intel(R) Xeon(R) CPU @ 2.60GHz,,,,,15.61648178100586,machine,Y,1.0
2025-08-07T10:31:49,scipy-benchmark,ea8bc129-c996-4996-91e1-6c35f35e33cb,scipy_LMC001_f7d9627c,1.0045183449983597,7.96319325137048e-08,7.927374637825539e-08,2.1055147712,0.0,10.0,2.9481262017753176e-07,0.0,1.3994838162842726e-06,1.6942964364618045e-06,Canada,CAN,,gcp,northamerica-northeast2,Linux-6.8.0-1032-gcp-x86_64-with-glibc2.35,3.12.11,3.0.4,2,Intel(R) Xeon(R) CPU @ 2.60GHz,,,,,15.61648178100586,machine,Y,1.0
2025-08-07T10:31:52,scipy-benchmark,174c369e-e4ab-4f3c-aa99-8ef8e683d8fc,scipy_LMC001_f7d9627c,1.001407406060025,8.968965169983902e-08,8.95635993473599e-08,3.7176128,0.0,10.0,5.173391867786547e-07,0.0,1.390951274920048e-06,1.9082904616987027e-06,Canada,CAN,,gcp,northamerica-northeast2,Linux-6.8.0-1032-gcp-x86_64-with-glibc2.35,3.12.11,3.0.4,2,Intel(R) Xeon(R) CPU @ 2.60GHz,,,,,15.61648178100586,machine,Y,1.0
2025-08-07T10:31:54,scipy-benchmark,fc6f4dfc-a8b4-439f-833e-af6c0ea2a253,scipy_LMC001_f7d9627c,1.001398746157065,7.649340588534768e-08,7.638656047742849e-08,1.7000000000000002,0.0,10.0,2.3655819318567722e-07,0.0,1.3909610809706563e-06,1.6275192741563336e-06,Canada,CAN,,gcp,northamerica-northeast2,Linux-6.8.0-1032-gcp-x86_64-with-glibc2.35,3.12.11,3.0.4,2,Intel(R) Xeon(R) CPU @ 2.60GHz,,,,,15.61648178100586,machine,Y,1.0
2025-08-07T10:31:56,scipy-benchmark,a07bdf84-e3f3-492f-8802-815eb1472797,scipy_LMC001_f7d9627c,1.0013611600734291,7.684640147458914e-08,7.674194340526853e-08,1.7550872000000004,0.0,10.0,2.442023908348536e-07,0.0,1.390827427773426e-06,1.6350298186082795e-06,Canada,CAN,,gcp,northamerica-northeast2,Linux-6.8.0-1032-gcp-x86_64-with-glibc2.35,3.12.11,3.0.4,2,Intel(R) Xeon(R) CPU @ 2.60GHz,,,,,15.61648178100586,machine,Y,1.0
2025-08-07T10:31:58,scipy-benchmark,61a8c606-e4b7-41f8-8959-c9053d06f012,scipy_LMC001_f7d9627c,1.001423142850399,7.667902208970004e-08,7.657005196768755e-08,1.7272709000000002,0.0,10.0,2.4037529681969297e-07,0.0,1.3910932582803071e-06,1.6314685551000002e-06,Canada,CAN,,gcp,northamerica-northeast2,Linux-6.8.0-1032-gcp-x86_64-with-glibc2.35,3.12.11,3.0.4,2,Intel(R) Xeon(R) CPU @ 2.60GHz,,,,,15.61648178100586,machine,Y,1.0
2025-08-07T10:32:00,scipy-benchmark,fe5b88ba-098c-412b-ba23-eb783661b76c,scipy_LMC001_f7d9627c,1.0014645729679614,9.129085279331105e-08,9.115734620822337e-08,3.9606272000000007,0.0,10.0,5.512126642543476e-07,0.0,1.3911459058160998e-06,1.9423585700704474e-06,Canada,CAN,,gcp,northamerica-northeast2,Linux-6.8.0-1032-gcp-x86_64-with-glibc2.35,3.12.11,3.0.4,2,Intel(R) Xeon(R) CPU @ 2.60GHz,,,,,15.61648178100586,machine,Y,1.0
2025-08-07T10:32:02,scipy-benchmark,e56d932f-d9d2-43c2-8463-4ae874e3577e,scipy_LMC001_f7d9627c,1.0015108801890165,7.581991882984619e-08,7.570553683404478e-08,1.5962624,0.0,10.0,2.221534149804248e-07,0.0,1.3910363473567285e-06,1.613189762337153e-06,Canada,CAN,,gcp,northamerica-northeast2,Linux-6.8.0-1032-gcp-x86_64-with-glibc2.35,3.12.11,3.0.4,2,Intel(R) Xeon(R) CPU @ 2.60GHz,,,,,15.61648178100586,machine,Y,1.0
2025-08-07T10:32:05,scipy-benchmark,3feeff0e-cb62-4da2-9b89-6b8bf3fbb591,scipy_LMC001_f7d9627c,1.0022631930187345,1.1500154221287308e-07,1.1474185923808885e-07,7.576582399999999,0.0,10.0,1.0549856905590295e-06,0.0,1.3918556331191213e-06,2.4468413236781508e-06,Canada,CAN,,gcp,northamerica-northeast2,Linux-6.8.0-1032-gcp-x86_64-with-glibc2.35,3.12.11,3.0.4,2,Intel(R) Xeon(R) CPU @ 2.60GHz,,,,,15.61648178100586,machine,Y,1.0
2025-08-07T10:32:07,scipy-benchmark,481a8318-3900-44b5-bbd2-eb71b0b83927,scipy_LMC001_f7d9627c,1.0014306230004877,7.566019017655056e-08,7.555210359940603e-08,1.5716375,0.0,10.0,2.187157805824253e-07,0.0,1.3910754997697142e-06,1.6097912803521395e-06,Canada,CAN,,gcp,northamerica-northeast2,Linux-6.8.0-1032-gcp-x86_64-with-glibc2.35,3.12.11,3.0.4,2,Intel(R) Xeon(R) CPU @ 2.60GHz,,,,,15.61648178100586,machine,Y,1.0
2025-08-07T10:32:09,scipy-benchmark,229f4edf-2e05-4c37-a5e2-6f363b02e37a,scipy_LMC001_f7d9627c,1.0021021061111242,7.649571475254685e-08,7.633524995711777e-08,1.7000000000000002,0.0,10.0,2.3657577076098986e-07,0.0,1.390992628229368e-06,1.627568398990358e-06,Canada,CAN,,gcp,northamerica-northeast2,Linux-6.8.0-1032-gcp-x86_64-with-glibc2.35,3.12.11,3.0.4,2,Intel(R) Xeon(R) CPU @ 2.60GHz,,,,,15.61648178100586,machine,Y,1.0
2025-08-07T10:32:11,scipy-benchmark,3c8d0810-df44-4e4c-a558-28b2d41c7c77,scipy_LMC001_f7d9627c,1.00675275712274,9.063565690455321e-08,9.002772156650095e-08,3.7176128,0.0,10.0,5.228340517239604e-07,0.0,1.40558418028781e-06,1.9284182320117705e-06,Canada,CAN,,gcp,northamerica-northeast2,Linux-6.8.0-1032-gcp-x86_64-with-glibc2.35,3.12.11,3.0.4,2,Intel(R) Xeon(R) CPU @ 2.60GHz,,,,,15.61648178100586,machine,Y,1.0
2025-08-07T10:32:13,scipy-benchmark,862edbb2-b389-4223-a4de-5568db2131e1,scipy_LMC001_f7d9627c,1.0054872510954738,9.788549914769137e-08,9.73513080758066e-08,4.916866399999999,0.0,10.0,6.867353608747727e-07,0.0,1.3959348337569585e-06,2.0826701946317312e-06,Canada,CAN,,gcp,northamerica-northeast2,Linux-6.8.0-1032-gcp-x86_64-with-glibc2.35,3.12.11,3.0.4,2,Intel(R) Xeon(R) CPU @ 2.60GHz,,,,,15.61648178100586,machine,Y,1.0
2025-08-07T10:32:16,scipy-benchmark,25339425-d5f5-4c5f-b07c-ffe494821bac,scipy_LMC001_f7d9627c,1.0033999970182776,7.84015279577578e-08,7.813586624550254e-08,1.9913778728,0.0,10.0,2.771127384142747e-07,0.0,1.3910048777082313e-06,1.668117616122506e-06,Canada,CAN,,gcp,northamerica-northeast2,Linux-6.8.0-1032-gcp-x86_64-with-glibc2.35,3.12.11,3.0.4,2,Intel(R) Xeon(R) CPU @ 2.60GHz,,,,,15.61648178100586,machine,Y,1.0
2025-08-07T10:32:18,scipy-benchmark,39bf7c67-3ba3-465a-8113-cbf0accc6f52,scipy_LMC001_f7d9627c,1.0071640638634562,1.162428551703685e-07,1.1541600752161837e-07,7.576582399999999,0.0,10.0,1.0664361963634064e-06,0.0,1.4068160413040055e-06,2.473252237667412e-06,Canada,CAN,,gcp,northamerica-northeast2,Linux-6.8.0-1032-gcp-x86_64-with-glibc2.35,3.12.11,3.0.4,2,Intel(R) Xeon(R) CPU @ 2.60GHz,,,,,15.61648178100586,machine,Y,1.0
2025-08-07T10:32:20,scipy-benchmark,c9948aec-221b-4137-bee1-bcb8133963b4,scipy_LMC001_f7d9627c,1.0014471891336143,7.685722048746856e-08,7.67461542869378e-08,1.7550872000000004,0.0,10.0,2.442374711656151e-07,0.0,1.3910225392060562e-06,1.635260010371671e-06,Canada,CAN,,gcp,northamerica-northeast2,Linux-6.8.0-1032-gcp-x86_64-with-glibc2.35,3.12.11,3.0.4,2,Intel(R) Xeon(R) CPU @ 2.60GHz,,,,,15.61648178100586,machine,Y,1.0
2025-08-07T10:32:22,scipy-benchmark,d7400198-e9bd-4e66-8652-a63d7d4e1f42,scipy_LMC001_f7d9627c,1.0014129569754004,7.649435728238639e-08,7.638642654816922e-08,1.7000000000000002,0.0,10.0,2.365702555592483e-07,0.0,1.39096926108727e-06,1.6275395166465183e-06,Canada,CAN,,gcp,northamerica-northeast2,Linux-6.8.0-1032-gcp-x86_64-with-glibc2.35,3.12.11,3.0.4,2,Intel(R) Xeon(R) CPU @ 2.60GHz,,,,,15.61648178100586,machine,Y,1.0
2025-08-07T10:32:25,scipy-benchmark,35e4887b-de0f-49fb-b8dc-f722aca9a5a9,scipy_LMC001_f7d9627c,1.0014319198671728,7.667562381739738e-08,7.656598745880539e-08,1.7272709000000002,0.0,10.0,2.403724290723831e-07,0.0,1.3910238223616034e-06,1.6313962514339865e-06,Canada,CAN,,gcp,northamerica-northeast2,Linux-6.8.0-1032-gcp-x86_64-with-glibc2.35,3.12.11,3.0.4,2,Intel(R) Xeon(R) CPU @ 2.60GHz,,,,,15.61648178100586,machine,Y,1.0
2025-08-07T10:32:27,scipy-benchmark,d1c46f6d-1eab-4624-b41e-eecc34388f66,scipy_LMC001_f7d9627c,1.0014665499329567,9.024843405982017e-08,9.01162740441624e-08,3.801195605600001,0.0,10.0,5.290270068383633e-07,0.0,1.3911524412429168e-06,1.9201794480812803e-06,Canada,CAN,,gcp,northamerica-northeast2,Linux-6.8.0-1032-gcp-x86_64-with-glibc2.35,3.12.11,3.0.4,2,Intel(R) Xeon(R) CPU @ 2.60GHz,,,,,15.61648178100586,machine,Y,1.0
2025-08-07T10:32:29,scipy-benchmark,e68ee26e-9073-48e2-97e2-bd33ba4f0391,scipy_LMC001_f7d9627c,1.0013666287995877,7.64932164297077e-08,7.638882126659824e-08,1.7000000000000002,0.0,10.0,2.365559071509375e-07,0.0,1.3909593360343328e-06,1.6275152431852705e-06,Canada,CAN,,gcp,northamerica-northeast2,Linux-6.8.0-1032-gcp-x86_64-with-glibc2.35,3.12.11,3.0.4,2,Intel(R) Xeon(R) CPU @ 2.60GHz,,,,,15.61648178100586,machine,Y,1.0
2025-08-07T10:32:31,scipy-benchmark,e49a1274-4dc0-40ff-a537-f943ff87857f,scipy_LMC001_f7d9627c,1.0014396000187844,1.162995260542451e-07,1.1613234193261745e-07,7.786152800000002,0.0,10.0,1.083569401656368e-06,0.0,1.3908885994977834e-06,2.474458001154152e-06,Canada,CAN,,gcp,northamerica-northeast2,Linux-6.8.0-1032-gcp-x86_64-with-glibc2.35,3.12.11,3.0.4,2,Intel(R) Xeon(R) CPU @ 2.60GHz,,,,,15.61648178100586,machine,Y,1.0
2025-08-07T10:32:34,scipy-benchmark,b3f779d2-58ec-44f9-ad13-08554b9fbfa9,scipy_LMC001_f7d9627c,1.0014321580529213,7.649967327029702e-08,7.639027032947984e-08,1.7000000000000002,0.0,10.0,2.365771061870167e-07,0.0,1.3910755165852606e-06,1.6276526227722772e-06,Canada,CAN,,gcp,northamerica-northeast2,Linux-6.8.0-1032-gcp-x86_64-with-glibc2.35,3.12.11,3.0.4,2,Intel(R) Xeon(R) CPU @ 2.60GHz,,,,,15.61648178100586,machine,Y,1.0
2025-08-07T10:32:36,scipy-benchmark,14eb96f8-1f1c-4e4b-b2e2-5a4388f6b8c6,scipy_LMC001_f7d9627c,1.0038593271747231,8.870265518874357e-08,8.836163871524672e-08,3.5665321976,0.0,10.0,4.963005354538597e-07,0.0,1.390990000476854e-06,1.8872905359307137e-06,Canada,CAN,,gcp,northamerica-northeast2,Linux-6.8.0-1032-gcp-x86_64-with-glibc2.35,3.12.11,3.0.4,2,Intel(R) Xeon(R) CPU @ 2.60GHz,,,,,15.61648178100586,machine,Y,1.0
2025-08-07T10:32:38,scipy-benchmark,1a8c1099-da92-474b-9222-8cc4c1bf9350,scipy_LMC001_f7d9627c,1.0013975470792502,7.667645074092867e-08,7.656944134182156e-08,1.7272709000000002,0.0,10.0,2.403672122545097e-07,0.0,1.3910466332971637e-06,1.6314138455516733e-06,Canada,CAN,,gcp,northamerica-northeast2,Linux-6.8.0-1032-gcp-x86_64-with-glibc2.35,3.12.11,3.0.4,2,Intel(R) Xeon(R) CPU @ 2.60GHz,,,,,15.61648178100586,machine,Y,1.0
2025-08-07T10:32:40,scipy-benchmark,3e0b09b8-0710-42a6-adb2-24f436444928,scipy_LMC001_f7d9627c,1.0014365599490702,7.64967057293462e-08,7.638697126579499e-08,1.7000000000000002,0.0,10.0,2.365675394086995e-07,0.0,1.3910219441944113e-06,1.6275894836031107e-06,Canada,CAN,,gcp,northamerica-northeast2,Linux-6.8.0-1032-gcp-x86_64-with-glibc2.35,3.12.11,3.0.4,2,Intel(R) Xeon(R) CPU @ 2.60GHz,,,,,15.61648178100586,machine,Y,1.0
2025-08-07T10:32:42,scipy-benchmark,032a18e4-37c4-4ebb-9818-f789f7666cbe,scipy_LMC001_f7d9627c,1.0028353070374578,9.400975466833569e-08,9.37439617538558e-08,4.376910233600002,0.0,10.0,6.091204210016999e-07,0.0,1.3910871251331022e-06,2.000207546134802e-06,Canada,CAN,,gcp,northamerica-northeast2,Linux-6.8.0-1032-gcp-x86_64-with-glibc2.35,3.12.11,3.0.4,2,Intel(R) Xeon(R) CPU @ 2.60GHz,,,,,15.61648178100586,machine,Y,1.0
2025-08-07T10:32:45,scipy-benchmark,c4748955-8b05-41cf-8359-6dc5f8197954,scipy_LMC001_f7d9627c,1.0014025559648871,7.704023392129765e-08,7.693233202013015e-08,1.7834543000000005,0.0,10.0,2.481734769076852e-07,0.0,1.390980436311414e-06,1.639153913219099e-06,Canada,CAN,,gcp,northamerica-northeast2,Linux-6.8.0-1032-gcp-x86_64-with-glibc2.35,3.12.11,3.0.4,2,Intel(R) Xeon(R) CPU @ 2.60GHz,,,,,15.61648178100586,machine,Y,1.0
2025-08-07T10:32:47,scipy-benchmark,63936a9f-28b6-4f08-a4c5-bd1d15f81973,scipy_LMC001_f7d9627c,1.0014356360770762,7.668089129601583e-08,7.657096325870517e-08,1.7272709000000002,0.0,10.0,2.403826474399647e-07,0.0,1.3911256780071806e-06,1.6315083254471453e-06,Canada,CAN,,gcp,northamerica-northeast2,Linux-6.8.0-1032-gcp-x86_64-with-glibc2.35,3.12.11,3.0.4,2,Intel(R) Xeon(R) CPU @ 2.60GHz,,,,,15.61648178100586,machine,Y,1.0
2025-08-07T10:32:49,scipy-benchmark,08912842-8742-4d36-bcca-3202c51e9a77,scipy_LMC001_f7d9627c,1.0013609090819957,7.666519231267353e-08,7.65609997527833e-08,1.7272709000000002,0.0,10.0,2.403320848914007e-07,0.0,1.3908422196335678e-06,1.6311743045249685e-06,Canada,CAN,,gcp,northamerica-northeast2,Linux-6.8.0-1032-gcp-x86_64-with-glibc2.35,3.12.11,3.0.4,2,Intel(R) Xeon(R) CPU @ 2.60GHz,,,,,15.61648178100586,machine,Y,1.0
2025-08-07T10:32:51,scipy-benchmark,d5d672c6-3535-4d96-a917-38f8822a9e2a,scipy_LMC001_f7d9627c,1.0013468510005623,7.666376655245686e-08,7.65606507633725e-08,1.7272709000000002,0.0,10.0,2.4032791067746343e-07,0.0,1.3908160585237462e-06,1.6311439692012096e-06,Canada,CAN,,gcp,northamerica-northeast2,Linux-6.8.0-1032-gcp-x86_64-with-glibc2.35,3.12.11,3.0.4,2,Intel(R) Xeon(R) CPU @ 2.60GHz,,,,,15.61648178100586,machine,Y,1.0
2025-08-07T10:32:54,scipy-benchmark,d5c9075f-8057-4272-aa87-018ab1ef417b,scipy_LMC001_f7d9627c,1.0013420421164485,7.66657492858204e-08,7.656299851724869e-08,1.7272709000000002,0.0,10.0,2.40336998970962e-07,0.0,1.3908491560464931e-06,1.6311861550174552e-06,Canada,CAN,,gcp,northamerica-northeast2,Linux-6.8.0-1032-gcp-x86_64-with-glibc2.35,3.12.11,3.0.4,2,Intel(R) Xeon(R) CPU @ 2.60GHz,,,,,15.61648178100586,machine,Y,1.0
2025-08-07T10:32:56,scipy-benchmark,f6a54731-e95c-4420-907c-7f39dfce44df,scipy_LMC001_f7d9627c,1.0048397509381175,9.358543642552736e-08,9.31346877331993e-08,4.2167744,0.0,10.0,5.908063376281345e-07,0.0,1.4003731607873406e-06,1.9911794984154752e-06,Canada,CAN,,gcp,northamerica-northeast2,Linux-6.8.0-1032-gcp-x86_64-with-glibc2.35,3.12.11,3.0.4,2,Intel(R) Xeon(R) CPU @ 2.60GHz,,,,,15.61648178100586,machine,Y,1.0
2025-08-07T10:32:58,scipy-benchmark,cf391cef-83ac-48b8-a6a3-66f608365bc1,scipy_LMC001_f7d9627c,1.0023040378000587,7.699710347262084e-08,7.682010704219108e-08,1.7550872000000004,0.0,10.0,2.44677599693267e-07,0.0,1.3935586444050488e-06,1.6382362440983158e-06,Canada,CAN,,gcp,northamerica-northeast2,Linux-6.8.0-1032-gcp-x86_64-with-glibc2.35,3.12.11,3.0.4,2,Intel(R) Xeon(R) CPU @ 2.60GHz,,,,,15.61648178100586,machine,Y,1.0
2025-08-07T10:33:00,scipy-benchmark,1452e2cf-1932-420b-a8a1-3dca131cceda,scipy_LMC001_f7d9627c,1.001522057922557,7.669189362711972e-08,7.657534152188384e-08,1.7272709000000002,0.0,10.0,2.4042108682723503e-07,0.0,1.391321330771057e-06,1.631742417598292e-06,Canada,CAN,,gcp,northamerica-northeast2,Linux-6.8.0-1032-gcp-x86_64-with-glibc2.35,3.12.11,3.0.4,2,Intel(R) Xeon(R) CPU @ 2.60GHz,,,,,15.61648178100586,machine,Y,1.0
2025-08-07T10:33:02,scipy-benchmark,893eb781-7238-47d8-903d-a9c58edb3f73,scipy_LMC001_f7d9627c,1.0014480010140687,7.668023230179903e-08,7.656935979117482e-08,1.7272709000000002,0.0,10.0,2.403808654172508e-07,0.0,1.3911134388763455e-06,1.6314943042935965e-06,Canada,CAN,,gcp,northamerica-northeast2,Linux-6.8.0-1032-gcp-x86_64-with-glibc2.35,3.12.11,3.0.4,2,Intel(R) Xeon(R) CPU @ 2.60GHz,,,,,15.61648178100586,machine,Y,1.0
2025-08-07T10:33:05,scipy-benchmark,b9515829-1e8d-4abc-a632-7d6720280f36,scipy_LMC001_f7d9627c,1.0015450639184564,7.65077991202836e-08,7.638977203976583e-08,1.7000000000000002,0.0,10.0,2.366348773810185e-07,0.0,1.3911906358165047e-06,1.6278255131975232e-06,Canada,CAN,,gcp,northamerica-northeast2,Linux-6.8.0-1032-gcp-x86_64-with-glibc2.35,3.12.11,3.0.4,2,Intel(R) Xeon(R) CPU @ 2.60GHz,,,,,15.61648178100586,machine,Y,1.0
2025-08-07T10:33:07,scipy-benchmark,ac7093e9-9dcb-43dc-b135-c7f080876e70,scipy_LMC001_f7d9627c,1.0014649520162493,7.66900728249494e-08,7.657788989075383e-08,1.7272709000000002,0.0,10.0,2.4041406888397195e-07,0.0,1.3912896082426111e-06,1.631703677126583e-06,Canada,CAN,,gcp,northamerica-northeast2,Linux-6.8.0-1032-gcp-x86_64-with-glibc2.35,3.12.11,3.0.4,2,Intel(R) Xeon(R) CPU @ 2.60GHz,,,,,15.61648178100586,machine,Y,1.0
2025-08-07T10:33:09,scipy-benchmark,d33d1610-f55a-4dfd-9a31-de94d85aa6eb,scipy_LMC001_f7d9627c,1.003569666063413,8.091611959651856e-08,8.062830347784314e-08,2.324302899200001,0.0,10.0,3.2483863785566053e-07,0.0,1.3967809280277126e-06,1.721619565883373e-06,Canada,CAN,,gcp,northamerica-northeast2,Linux-6.8.0-1032-gcp-x86_64-with-glibc2.35,3.12.11,3.0.4,2,Intel(R) Xeon(R) CPU @ 2.60GHz,,,,,15.61648178100586,machine,Y,1.0
2025-08-07T10:33:11,scipy-benchmark,c675fc91-8e4b-49d3-92c4-892c52919f22,scipy_LMC001_f7d9627c,1.0014139050617814,7.64983830065143e-08,7.639037426966305e-08,1.7000000000000002,0.0,10.0,2.365738590985227e-07,0.0,1.3910513112528457e-06,1.6276251703513682e-06,Canada,CAN,,gcp,northamerica-northeast2,Linux-6.8.0-1032-gcp-x86_64-with-glibc2.35,3.12.11,3.0.4,2,Intel(R) Xeon(R) CPU @ 2.60GHz,,,,,15.61648178100586,machine,Y,1.0
2025-08-07T10:33:13,scipy-benchmark,1af2ef2d-eb40-4990-959c-2aa2027e9f96,scipy_LMC001_f7d9627c,1.0014116240199655,7.649897390637005e-08,7.639113834057597e-08,1.7000000000000002,0.0,10.0,2.365781426649645e-07,0.0,1.3910596000237598e-06,1.6276377426887242e-06,Canada,CAN,,gcp,northamerica-northeast2,Linux-6.8.0-1032-gcp-x86_64-with-glibc2.35,3.12.11,3.0.4,2,Intel(R) Xeon(R) CPU @ 2.60GHz,,,,,15.61648178100586,machine,Y,1.0
2025-08-07T10:33:15,scipy-benchmark,4cb32ffb-9484-41c9-a302-fff2700161b1,scipy_LMC001_f7d9627c,1.0053406411316246,1.131453799631879e-07,1.1254432113261629e-07,7.170099199999999,0.0,10.0,1.0056060901614426e-06,0.0,1.401742419693619e-06,2.407348509855061e-06,Canada,CAN,,gcp,northamerica-northeast2,Linux-6.8.0-1032-gcp-x86_64-with-glibc2.35,3.12.11,3.0.4,2,Intel(R) Xeon(R) CPU @ 2.60GHz,,,,,15.61648178100586,machine,Y,1.0
2025-08-07T10:33:18,scipy-benchmark,aa725f3a-7009-474f-ad1a-b2e7814d46e7,scipy_LMC001_f7d9627c,1.0013841800391674,7.649174690038329e-08,7.638601490328262e-08,1.7000000000000002,0.0,10.0,2.365516515112379e-07,0.0,1.3909323250926615e-06,1.6274839766038995e-06,Canada,CAN,,gcp,northamerica-northeast2,Linux-6.8.0-1032-gcp-x86_64-with-glibc2.35,3.12.11,3.0.4,2,Intel(R) Xeon(R) CPU @ 2.60GHz,,,,,15.61648178100586,machine,Y,1.0
2025-08-07T10:33:20,scipy-benchmark,bd145c71-64e5-4ff6-8a4c-e68b2bff5538,scipy_LMC001_f7d9627c,1.0013800009619445,7.666997227900703e-08,7.656431345279154e-08,1.7272709000000002,0.0,10.0,2.403446781349148e-07,0.0,1.390931327801405e-06,1.6312760059363196e-06,Canada,CAN,,gcp,northamerica-northeast2,Linux-6.8.0-1032-gcp-x86_64-with-glibc2.35,3.12.11,3.0.4,2,Intel(R) Xeon(R) CPU @ 2.60GHz,,,,,15.61648178100586,machine,Y,1.0
2025-08-07T10:33:22,scipy-benchmark,f2c1604c-23a2-479f-8281-2e042b9f2f60,scipy_LMC001_f7d9627c,1.001398662105203,7.649598936479824e-08,7.63891467599763e-08,1.7000000000000002,0.0,10.0,2.365654111490585e-07,0.0,1.3910088306551592e-06,1.6275742418042177e-06,Canada,CAN,,gcp,northamerica-northeast2,Linux-6.8.0-1032-gcp-x86_64-with-glibc2.35,3.12.11,3.0.4,2,Intel(R) Xeon(R) CPU @ 2.60GHz,,,,,15.61648178100586,machine,Y,1.0
2025-08-07T10:33:24,scipy-benchmark,a5880ca0-565f-473f-b26b-97acc7555b0e,scipy_LMC001_f7d9627c,1.0013918289914727,7.685599434155869e-08,7.674917261803733e-08,1.7550872000000004,0.0,10.0,2.442308197862493e-07,0.0,1.3910031023745736e-06,1.6352339221608228e-06,Canada,CAN,,gcp,northamerica-northeast2,Linux-6.8.0-1032-gcp-x86_64-with-glibc2.35,3.12.11,3.0.4,2,Intel(R) Xeon(R) CPU @ 2.60GHz,,,,,15.61648178100586,machine,Y,1.0
2025-08-07T10:33:27,scipy-benchmark,c7534b0d-8109-4338-9cfa-27a71d085941,scipy_LMC001_f7d9627c,1.001402473077178,7.722906076348126e-08,7.712090077645456e-08,1.8123776000000005,0.0,10.0,2.52197822029988e-07,0.0,1.390973683575996e-06,1.643171505605984e-06,Canada,CAN,,gcp,northamerica-northeast2,Linux-6.8.0-1032-gcp-x86_64-with-glibc2.35,3.12.11,3.0.4,2,Intel(R) Xeon(R) CPU @ 2.60GHz,,,,,15.61648178100586,machine,Y,1.0
2025-08-07T10:33:29,scipy-benchmark,2176588e-e7f8-4dde-91b8-4cd000fbdcb8,scipy_LMC001_f7d9627c,1.0015322398394346,7.651703326770804e-08,7.639997018965182e-08,1.7000000000000002,0.0,10.0,2.3662996238433865e-07,0.0,1.3913920220349812e-06,1.62802198441932e-06,Canada,CAN,,gcp,northamerica-northeast2,Linux-6.8.0-1032-gcp-x86_64-with-glibc2.35,3.12.11,3.0.4,2,Intel(R) Xeon(R) CPU @ 2.60GHz,,,,,15.61648178100586,machine,Y,1.0
2025-08-07T10:33:31,scipy-benchmark,29a19f58-11ba-4987-a4ae-082869d3d90e,scipy_LMC001_f7d9627c,1.0019651299808174,7.960466394520054e-08,7.944853724273276e-08,2.1759414272000006,0.0,10.0,3.027790823026427e-07,0.0,1.3909371718505606e-06,1.6937162541532031e-06,Canada,CAN,,gcp,northamerica-northeast2,Linux-6.8.0-1032-gcp-x86_64-with-glibc2.35,3.12.11,3.0.4,2,Intel(R) Xeon(R) CPU @ 2.60GHz,,,,,15.61648178100586,machine,Y,1.0
2025-08-07T10:33:33,scipy-benchmark,303d6fbc-ef8a-42a9-9b92-cbc5cf62119e,scipy_LMC001_f7d9627c,1.0014096349477768,7.66709787726955e-08,7.656305281773516e-08,1.7272709000000002,0.0,10.0,2.403537793869536e-07,0.0,1.3909436413086951e-06,1.6312974206956488e-06,Canada,CAN,,gcp,northamerica-northeast2,Linux-6.8.0-1032-gcp-x86_64-with-glibc2.35,3.12.11,3.0.4,2,Intel(R) Xeon(R) CPU @ 2.60GHz,,,,,15.61648178100586,machine,Y,1.0
2025-08-07T10:33:35,scipy-benchmark,88a88251-7f0d-4576-b9b5-08d68b251b08,scipy_LMC001_f7d9627c,1.001315895933658,7.630926889290468e-08,7.62089857983844e-08,1.6732691000000002,0.0,10.0,2.328092323251003e-07,0.0,1.3907922334813824e-06,1.6236014658064826e-06,Canada,CAN,,gcp,northamerica-northeast2,Linux-6.8.0-1032-gcp-x86_64-with-glibc2.35,3.12.11,3.0.4,2,Intel(R) Xeon(R) CPU @ 2.60GHz,,,,,15.61648178100586,machine,Y,1.0
2025-08-07T10:33:37,scipy-benchmark,3b1446fd-0f46-41e3-b0f0-b437c03a51b9,scipy_LMC001_f7d9627c,1.0013917891774329,7.666744493797255e-08,7.656088832219108e-08,1.7272709000000002,0.0,10.0,2.403561156106883e-07,0.0,1.3908661171121316e-06,1.63122223272282e-06,Canada,CAN,,gcp,northamerica-northeast2,Linux-6.8.0-1032-gcp-x86_64-with-glibc2.35,3.12.11,3.0.4,2,Intel(R) Xeon(R) CPU @ 2.60GHz,,,,,15.61648178100586,machine,Y,1.0
2025-08-07T10:33:40,scipy-benchmark,23a1e757-61c6-4120-a08e-00397076fc1f,scipy_LMC001_f7d9627c,1.0013260319828987,7.648653590243259e-08,7.63852466223897e-08,1.7000000000000002,0.0,10.0,2.3653422126598245e-07,0.0,1.3908388830410938e-06,1.6273731043070765e-06,Canada,CAN,,gcp,northamerica-northeast2,Linux-6.8.0-1032-gcp-x86_64-with-glibc2.35,3.12.11,3.0.4,2,Intel(R) Xeon(R) CPU @ 2.60GHz,,,,,15.61648178100586,machine,Y,1.0
2025-08-07T10:33:42,scipy-benchmark,f683a651-caee-40f3-aff6-3910554922db,scipy_LMC001_f7d9627c,1.001426185015589,7.667801783846338e-08,7.656881653965314e-08,1.7272709000000002,0.0,10.0,2.40378163561599e-07,0.0,1.3910690244908134e-06,1.6314471880524123e-06,Canada,CAN,,gcp,northamerica-northeast2,Linux-6.8.0-1032-gcp-x86_64-with-glibc2.35,3.12.11,3.0.4,2,Intel(R) Xeon(R) CPU @ 2.60GHz,,,,,15.61648178100586,machine,Y,1.0
2025-08-07T10:33:44,scipy-benchmark,484e90c6-9d43-44b3-8c2a-ac14596b34ab,scipy_LMC001_f7d9627c,1.001404222799465,7.649711977751254e-08,7.638985140651975e-08,1.7000000000000002,0.0,10.0,2.365675020264462e-07,0.0,1.3910307911121185e-06,1.6275982931385644e-06,Canada,CAN,,gcp,northamerica-northeast2,Linux-6.8.0-1032-gcp-x86_64-with-glibc2.35,3.12.11,3.0.4,2,Intel(R) Xeon(R) CPU @ 2.60GHz,,,,,15.61648178100586,machine,Y,1.0
2025-08-07T10:33:46,scipy-benchmark,b6156129-6c12-4591-98bc-9b16afde6e07,scipy_LMC001_f7d9627c,1.0014134529046714,7.66755700487814e-08,7.656734571158238e-08,1.7272709000000002,0.0,10.0,2.403755161094741e-07,0.0,1.3910195913114067e-06,1.6313951074208808e-06,Canada,CAN,,gcp,northamerica-northeast2,Linux-6.8.0-1032-gcp-x86_64-with-glibc2.35,3.12.11,3.0.4,2,Intel(R) Xeon(R) CPU @ 2.60GHz,,,,,15.61648178100586,machine,Y,1.0
2025-08-07T10:33:48,scipy-benchmark,df1071fd-3d7e-4b93-8633-2118c29a4f50,scipy_LMC001_f7d9627c,1.00143654900603,7.68611724438914e-08,7.675091599181149e-08,1.7550872000000004,0.0,10.0,2.442483527437083e-07,0.0,1.3910957418071729e-06,1.635344094550881e-06,Canada,CAN,,gcp,northamerica-northeast2,Linux-6.8.0-1032-gcp-x86_64-with-glibc2.35,3.12.11,3.0.4,2,Intel(R) Xeon(R) CPU @ 2.60GHz,,,,,15.61648178100586,machine,Y,1.0
2025-08-07T10:33:51,scipy-benchmark,5cb4fd7b-3713-4826-859c-16640eb31f21,scipy_LMC001_f7d9627c,1.0013680728152394,7.761872173783275e-08,7.751267874919958e-08,1.8719144,0.0,10.0,2.604825095994856e-07,0.0,1.390979655035254e-06,1.6514621646347396e-06,Canada,CAN,,gcp,northamerica-northeast2,Linux-6.8.0-1032-gcp-x86_64-with-glibc2.35,3.12.11,3.0.4,2,Intel(R) Xeon(R) CPU @ 2.60GHz,,,,,15.61648178100586,machine,Y,1.0
2025-08-07T10:33:53,scipy-benchmark,45399734-f215-4144-9195-e0e38c53c9af,scipy_LMC001_f7d9627c,1.0014109399635345,7.632221613083537e-08,7.621468179048908e-08,1.6732691000000002,0.0,10.0,2.3285195825988774e-07,0.0,1.3910249806940555e-06,1.6238769389539436e-06,Canada,CAN,,gcp,northamerica-northeast2,Linux-6.8.0-1032-gcp-x86_64-with-glibc2.35,3.12.11,3.0.4,2,Intel(R) Xeon(R) CPU @ 2.60GHz,,,,,15.61648178100586,machine,Y,1.0
2025-08-07T10:33:55,scipy-benchmark,9cb91ccc-b400-4214-b1cc-fe3c5da51f1d,scipy_LMC001_f7d9627c,1.0014190529473126,7.64937866183399e-08,7.638539170311197e-08,1.7000000000000002,0.0,10.0,2.365590082287478e-07,0.0,1.3909683666295474e-06,1.6275273748582952e-06,Canada,CAN,,gcp,northamerica-northeast2,Linux-6.8.0-1032-gcp-x86_64-with-glibc2.35,3.12.11,3.0.4,2,Intel(R) Xeon(R) CPU @ 2.60GHz,,,,,15.61648178100586,machine,Y,1.0
2025-08-07T10:33:57,scipy-benchmark,b0881727-9fc0-400d-af18-c5d424417867,scipy_LMC001_f7d9627c,1.0023454648908228,7.7001803243964e-08,7.682162082945243e-08,1.7550872000000004,0.0,10.0,2.4469208648084255e-07,0.0,1.393644152752434e-06,1.6383362392332766e-06,Canada,CAN,,gcp,northamerica-northeast2,Linux-6.8.0-1032-gcp-x86_64-with-glibc2.35,3.12.11,3.0.4,2,Intel(R) Xeon(R) CPU @ 2.60GHz,,,,,15.61648178100586,machine,Y,1.0
2025-08-07T10:33:59,scipy-benchmark,a35ca4e8-c1a6-44d1-b8bd-8ef779750f7a,scipy_LMC001_f7d9627c,1.0018749609589577,7.667771529655586e-08,7.653421662835329e-08,1.7272709000000002,0.0,10.0,2.403727121494616e-07,0.0,1.391068038841089e-06,1.6314407509905504e-06,Canada,CAN,,gcp,northamerica-northeast2,Linux-6.8.0-1032-gcp-x86_64-with-glibc2.35,3.12.11,3.0.4,2,Intel(R) Xeon(R) CPU @ 2.60GHz,,,,,15.61648178100586,machine,Y,1.0
2025-08-07T10:34:01,scipy-benchmark,6faf89ff-1222-4f00-bbfb-20baa4d5d358,scipy_LMC001_f7d9627c,1.0014476431533694,7.743032721268021e-08,7.731839776352835e-08,1.8418625,0.0,10.0,2.563294532411391e-07,0.0,1.3911243172414187e-06,1.6474537704825578e-06,Canada,CAN,,gcp,northamerica-northeast2,Linux-6.8.0-1032-gcp-x86_64-with-glibc2.35,3.12.11,3.0.4,2,Intel(R) Xeon(R) CPU @ 2.60GHz,,,,,15.61648178100586,machine,Y,1.0
2025-08-07T10:34:04,scipy-benchmark,82942de2-acb2-4142-9dcf-3075c3a88bcc,scipy_LMC001_f7d9627c,1.0014498131349685,7.649876578767887e-08,7.638801743664505e-08,1.7000000000000002,0.0,10.0,2.365736201819447e-07,0.0,1.3910596944495206e-06,1.6276333146314652e-06,Canada,CAN,,gcp,northamerica-northeast2,Linux-6.8.0-1032-gcp-x86_64-with-glibc2.35,3.12.11,3.0.4,2,Intel(R) Xeon(R) CPU @ 2.60GHz,,,,,15.61648178100586,machine,Y,1.0
2025-08-07T10:34:06,scipy-benchmark,5ba5cf2b-6c0b-4990-9239-45eb7a44eba8,scipy_LMC001_f7d9627c,1.00139084411785,7.649538399641946e-08,7.638913861231287e-08,1.7000000000000002,0.0,10.0,2.365629753654099e-07,0.0,1.390998386260536e-06,1.6275613616259455e-06,Canada,CAN,,gcp,northamerica-northeast2,Linux-6.8.0-1032-gcp-x86_64-with-glibc2.35,3.12.11,3.0.4,2,Intel(R) Xeon(R) CPU @ 2.60GHz,,,,,15.61648178100586,machine,Y,1.0
2025-08-07T10:34:08,scipy-benchmark,11745fe5-0ebd-4a4a-b551-c0d4f19d579a,scipy_LMC001_f7d9627c,1.0014608949422836,7.667768116724198e-08,7.656582653850014e-08,1.7272709000000002,0.0,10.0,2.403730389057579e-07,0.0,1.391066985929178e-06,1.6314400248349355e-06,Canada,CAN,,gcp,northamerica-northeast2,Linux-6.8.0-1032-gcp-x86_64-with-glibc2.35,3.12.11,3.0.4,2,Intel(R) Xeon(R) CPU @ 2.60GHz,,,,,15.61648178100586,machine,Y,1.0
2025-08-07T10:34:10,scipy-benchmark,9e7e3b84-d947-4150-a297-d80c3eb72fbf,scipy_LMC001_f7d9627c,1.001458441838622,7.667790587674913e-08,7.656623847113689e-08,1.7272709000000002,0.0,10.0,2.4037346731956854e-07,0.0,1.3910713385687103e-06,1.6314448058882792e-06,Canada,CAN,,gcp,northamerica-northeast2,Linux-6.8.0-1032-gcp-x86_64-with-glibc2.35,3.12.11,3.0.4,2,Intel(R) Xeon(R) CPU @ 2.60GHz,,,,,15.61648178100586,machine,Y,1.0
2025-08-07T10:34:12,scipy-benchmark,a4adf95b-d0ea-454f-a462-bdd39ba9205d,scipy_LMC001_f7d9627c,1.0016356450505557,7.650845229576549e-08,7.638351597591546e-08,1.7000000000000002,0.0,10.0,2.366097296795084e-07,0.0,1.3912296808686937e-06,1.627839410548202e-06,Canada,CAN,,gcp,northamerica-northeast2,Linux-6.8.0-1032-gcp-x86_64-with-glibc2.35,3.12.11,3.0.4,2,Intel(R) Xeon(R) CPU @ 2.60GHz,,,,,15.61648178100586,machine,Y,1.0
2025-08-07T10:34:14,scipy-benchmark,7e3c18d7-fff1-4c1f-95df-50d6f659cf78,scipy_LMC001_f7d9627c,1.0014426428824663,7.685942373962104e-08,7.674870276983162e-08,1.7550872000000004,0.0,10.0,2.442426993493483e-07,0.0,1.3910641887276951e-06,1.6353068880770434e-06,Canada,CAN,,gcp,northamerica-northeast2,Linux-6.8.0-1032-gcp-x86_64-with-glibc2.35,3.12.11,3.0.4,2,Intel(R) Xeon(R) CPU @ 2.60GHz,,,,,15.61648178100586,machine,Y,1.0
2025-08-07T10:34:17,scipy-benchmark,7f7a28ab-b445-4994-a5a6-e002121538b0,scipy_LMC001_f7d9627c,1.003414938924834,1.089252465504326e-07,1.0855453942827153e-07,6.591370400000001,0.0,10.0,9.209310261004264e-07,0.0,1.3966274111428196e-06,2.3175584372432462e-06,Canada,CAN,,gcp,northamerica-northeast2,Linux-6.8.0-1032-gcp-x86_64-with-glibc2.35,3.12.11,3.0.4,2,Intel(R) Xeon(R) CPU @ 2.60GHz,,,,,15.61648178100586,machine,Y,1.0
2025-08-07T10:34:19,scipy-benchmark,f80c804e-5281-4597-94a2-bd16eea1934a,scipy_LMC001_f7d9627c,1.001335547072813,7.597147586780954e-08,7.587014771411604e-08,1.6214057,0.0,10.0,2.2559586657262698e-07,0.0,1.390818513593533e-06,1.61641438016616e-06,Canada,CAN,,gcp,northamerica-northeast2,Linux-6.8.0-1032-gcp-x86_64-with-glibc2.35,3.12.11,3.0.4,2,Intel(R) Xeon(R) CPU @ 2.60GHz,,,,,15.61648178100586,machine,Y,1.0
2025-08-07T10:34:21,scipy-benchmark,4a735fff-601d-4faa-aa57-f615a56d4ab8,scipy_LMC001_f7d9627c,1.001853487920016,7.651359203051028e-08,7.63720373817961e-08,1.7000000000000002,0.0,10.0,2.3677624178041402e-07,0.0,1.3911725248261874e-06,1.6279487666066014e-06,Canada,CAN,,gcp,northamerica-northeast2,Linux-6.8.0-1032-gcp-x86_64-with-glibc2.35,3.12.11,3.0.4,2,Intel(R) Xeon(R) CPU @ 2.60GHz,,,,,15.61648178100586,machine,Y,1.0
2025-08-07T10:34:23,scipy-benchmark,bb9a0236-09bf-41a8-b26d-0cad134b155f,scipy_LMC001_f7d9627c,1.0013897619210184,7.614031990200836e-08,7.60346498409814e-08,1.6470728,0.0,10.0,2.291999783434811e-07,0.0,1.3908068280822286e-06,1.6200068064257095e-06,Canada,CAN,,gcp,northamerica-northeast2,Linux-6.8.0-1032-gcp-x86_64-with-glibc2.35,3.12.11,3.0.4,2,Intel(R) Xeon(R) CPU @ 2.60GHz,,,,,15.61648178100586,machine,Y,1.0
2025-08-07T10:34:25,scipy-benchmark,c43e66e4-643c-4675-ac45-0ec69c5526ed,scipy_LMC001_f7d9627c,1.001532836118713,7.829340134764528e-08,7.817357406978225e-08,1.9719536192000005,0.0,10.0,2.744810385600081e-07,0.0,1.3913360113898914e-06,1.6658170499498995e-06,Canada,CAN,,gcp,northamerica-northeast2,Linux-6.8.0-1032-gcp-x86_64-with-glibc2.35,3.12.11,3.0.4,2,Intel(R) Xeon(R) CPU @ 2.60GHz,,,,,15.61648178100586,machine,Y,1.0
2025-08-07T10:34:28,scipy-benchmark,97a5c354-4ec2-4311-bd64-88cddea5ac5f,scipy_LMC001_f7d9627c,1.0014918309170753,7.56666688444723e-08,7.55539551183195e-08,1.5716375,0.0,10.0,2.187534304405265e-07,0.0,1.3911756939099482e-06,1.6099291243504743e-06,Canada,CAN,,gcp,northamerica-northeast2,Linux-6.8.0-1032-gcp-x86_64-with-glibc2.35,3.12.11,3.0.4,2,Intel(R) Xeon(R) CPU @ 2.60GHz,,,,,15.61648178100586,machine,Y,1.0
2025-08-07T10:34:30,scipy-benchmark,85331692-3225-4010-8044-80706552cb85,scipy_LMC001_f7d9627c,1.0015704829711467,7.767587752532404e-08,7.755408016308495e-08,1.8779932952,0.0,10.0,2.61431164787616e-07,0.0,1.3912470804320442e-06,1.6526782452196602e-06,Canada,CAN,,gcp,northamerica-northeast2,Linux-6.8.0-1032-gcp-x86_64-with-glibc2.35,3.12.11,3.0.4,2,Intel(R) Xeon(R) CPU @ 2.60GHz,,,,,15.61648178100586,machine,Y,1.0
2025-08-07T10:34:32,scipy-benchmark,50b6f8f8-eaf3-4085-aa72-163b709340e2,scipy_LMC001_f7d9627c,1.0015000000130383,7.668610396351667e-08,7.657124709188047e-08,1.7272709000000002,0.0,10.0,2.403989581088706e-07,0.0,1.3912202751574417e-06,1.6316192332663122e-06,Canada,CAN,,gcp,northamerica-northeast2,Linux-6.8.0-1032-gcp-x86_64-with-glibc2.35,3.12.11,3.0.4,2,Intel(R) Xeon(R) CPU @ 2.60GHz,,,,,15.61648178100586,machine,Y,1.0
2025-08-07T10:34:34,scipy-benchmark,94c30634-0369-4941-923e-84b25253aee8,scipy_LMC001_f7d9627c,1.0014037929940969,7.667374690407084e-08,7.656626371947726e-08,1.7272709000000002,0.0,10.0,2.403576061779571e-07,0.0,1.3909987109299334e-06,1.6313563171078904e-06,Canada,CAN,,gcp,northamerica-northeast2,Linux-6.8.0-1032-gcp-x86_64-with-glibc2.35,3.12.11,3.0.4,2,Intel(R) Xeon(R) CPU @ 2.60GHz,,,,,15.61648178100586,machine,Y,1.0
2025-08-07T10:34:36,scipy-benchmark,3b63caa1-0bf0-43b8-bfae-54916e74a896,scipy_LMC001_f7d9627c,1.001482053892687,7.650264673477635e-08,7.638943347753083e-08,1.7000000000000002,0.0,10.0,2.365885103030855e-07,0.0,1.3911273776708791e-06,1.6277158879739649e-06,Canada,CAN,,gcp,northamerica-northeast2,Linux-6.8.0-1032-gcp-x86_64-with-glibc2.35,3.12.11,3.0.4,2,Intel(R) Xeon(R) CPU @ 2.60GHz,,,,,15.61648178100586,machine,Y,1.0
2025-08-07T10:34:38,scipy-benchmark,4804e937-a793-41da-bfc2-ab312b76a230,scipy_LMC001_f7d9627c,1.0015173931606114,7.650372619639125e-08,7.638781584707086e-08,1.7000000000000002,0.0,10.0,2.3660045239375905e-07,0.0,1.391138402848608e-06,1.6277388552423672e-06,Canada,CAN,,gcp,northamerica-northeast2,Linux-6.8.0-1032-gcp-x86_64-with-glibc2.35,3.12.11,3.0.4,2,Intel(R) Xeon(R) CPU @ 2.60GHz,,,,,15.61648178100586,machine,Y,1.0
2025-08-07T10:34:41,scipy-benchmark,301afb7c-c979-4698-9a6c-10ec891c768d,scipy_LMC001_f7d9627c,1.0014495828654617,7.650020087895165e-08,7.638946801501535e-08,1.7000000000000002,0.0,10.0,2.365798406988486e-07,0.0,1.3910840077894845e-06,1.627663848488333e-06,Canada,CAN,,gcp,northamerica-northeast2,Linux-6.8.0-1032-gcp-x86_64-with-glibc2.35,3.12.11,3.0.4,2,Intel(R) Xeon(R) CPU @ 2.60GHz,,,,,15.61648178100586,machine,Y,1.0
2025-08-07T10:34:43,scipy-benchmark,87066259-8f5a-49cb-8f54-04b583fd1872,scipy_LMC001_f7d9627c,1.0014161861035973,7.64962079185902e-08,7.6388028254495e-08,1.7000000000000002,0.0,10.0,2.3656718900504842e-07,0.0,1.3910117028798495e-06,1.627578891884898e-06,Canada,CAN,,gcp,northamerica-northeast2,Linux-6.8.0-1032-gcp-x86_64-with-glibc2.35,3.12.11,3.0.4,2,Intel(R) Xeon(R) CPU @ 2.60GHz,,,,,15.61648178100586,machine,Y,1.0
2025-08-07T10:34:45,scipy-benchmark,9ed1f7e6-927c-49dd-b119-fb69698cdc7c,scipy_LMC001_f7d9627c,1.001387723023072,7.649378890361146e-08,7.638778381732672e-08,1.7000000000000002,0.0,10.0,2.3655813458349765e-07,0.0,1.3909692888975973e-06,1.627527423481095e-06,Canada,CAN,,gcp,northamerica-northeast2,Linux-6.8.0-1032-gcp-x86_64-with-glibc2.35,3.12.11,3.0.4,2,Intel(R) Xeon(R) CPU @ 2.60GHz,,,,,15.61648178100586,machine,Y,1.0
2025-08-07T10:34:47,scipy-benchmark,ca690b99-3f4f-4a5b-b97a-5e19dbfd3baa,scipy_LMC001_f7d9627c,1.001458893995732,7.649927256443255e-08,7.638783081670705e-08,1.7000000000000002,0.0,10.0,2.3658581064470737e-07,0.0,1.3910582864708783e-06,1.627644097115586e-06,Canada,CAN,,gcp,northamerica-northeast2,Linux-6.8.0-1032-gcp-x86_64-with-glibc2.35,3.12.11,3.0.4,2,Intel(R) Xeon(R) CPU @ 2.60GHz,,,,,15.61648178100586,machine,Y,1.0
2025-08-07T10:34:49,scipy-benchmark,a669b4e7-e1fb-409f-92a3-f8d40766748b,scipy_LMC001_f7d9627c,1.0014353080186993,7.650107440774769e-08,7.63914291768902e-08,1.7000000000000002,0.0,10.0,2.365826230379753e-07,0.0,1.3910998111694224e-06,1.6276824342073978e-06,Canada,CAN,,gcp,northamerica-northeast2,Linux-6.8.0-1032-gcp-x86_64-with-glibc2.35,3.12.11,3.0.4,2,Intel(R) Xeon(R) CPU @ 2.60GHz,,,,,15.61648178100586,machine,Y,1.0
2025-08-07T10:34:51,scipy-benchmark,670d8b5d-6235-4fa8-bd93-9eaa71838475,scipy_LMC001_f7d9627c,1.0014200790319592,7.649585011065937e-08,7.638737400253195e-08,1.7000000000000002,0.0,10.0,2.36566236967014e-07,0.0,1.3910050419831855e-06,1.6275712789501995e-06,Canada,CAN,,gcp,northamerica-northeast2,Linux-6.8.0-1032-gcp-x86_64-with-glibc2.35,3.12.11,3.0.4,2,Intel(R) Xeon(R) CPU @ 2.60GHz,,,,,15.61648178100586,machine,Y,1.0
2025-08-07T10:34:54,scipy-benchmark,7d6847c2-0f14-40b2-9af0-2492f213538b,scipy_LMC001_f7d9627c,1.0014097199309615,7.667415309335118e-08,7.656621617237466e-08,1.7272709000000002,0.0,10.0,2.403590100570597e-07,0.0,1.391005949375944e-06,1.631364959433004e-06,Canada,CAN,,gcp,northamerica-northeast2,Linux-6.8.0-1032-gcp-x86_64-with-glibc2.35,3.12.11,3.0.4,2,Intel(R) Xeon(R) CPU @ 2.60GHz,,,,,15.61648178100586,machine,Y,1.0
2025-08-07T10:34:56,scipy-benchmark,fd1c170a-0a26-4f69-8d58-8e5548604f7e,scipy_LMC001_f7d9627c,1.001383753027767,7.649319434118095e-08,7.63874929165741e-08,1.7000000000000002,0.0,10.0,2.365581063269121e-07,0.0,1.3909566668897038e-06,1.6275147732166158e-06,Canada,CAN,,gcp,northamerica-northeast2,Linux-6.8.0-1032-gcp-x86_64-with-glibc2.35,3.12.11,3.0.4,2,Intel(R) Xeon(R) CPU @ 2.60GHz,,,,,15.61648178100586,machine,Y,1.0
2025-08-07T10:34:58,scipy-benchmark,66de0ff8-c37d-4b17-b562-2d73385cf3bd,scipy_LMC001_f7d9627c,1.0013811860699209,7.649220749081966e-08,7.63867032403769e-08,1.7000000000000002,0.0,10.0,2.3656344330326346e-07,0.0,1.390930333097155e-06,1.6274937764004185e-06,Canada,CAN,,gcp,northamerica-northeast2,Linux-6.8.0-1032-gcp-x86_64-with-glibc2.35,3.12.11,3.0.4,2,Intel(R) Xeon(R) CPU @ 2.60GHz,,,,,15.61648178100586,machine,Y,1.0
2025-08-07T10:35:00,scipy-benchmark,866ebd5c-f97d-46d4-bff5-5b92e48de2a3,scipy_LMC001_f7d9627c,1.001366748008877,7.666859661368605e-08,7.656395298339423e-08,1.7272709000000002,0.0,10.0,2.403442673715297e-07,0.0,1.3909024690898755e-06,1.6312467364614052e-06,Canada,CAN,,gcp,northamerica-northeast2,Linux-6.8.0-1032-gcp-x86_64-with-glibc2.35,3.12.11,3.0.4,2,Intel(R) Xeon(R) CPU @ 2.60GHz,,,,,15.61648178100586,machine,Y,1.0
2025-08-07T10:35:02,scipy-benchmark,1f68a702-f288-451b-9f30-41a4ef52cdaa,scipy_LMC001_f7d9627c,1.0014066740404814,7.666872964179823e-08,7.656103322384981e-08,1.7272709000000002,0.0,10.0,2.4034461099627066e-07,0.0,1.3909049558505002e-06,1.631249566846771e-06,Canada,CAN,,gcp,northamerica-northeast2,Linux-6.8.0-1032-gcp-x86_64-with-glibc2.35,3.12.11,3.0.4,2,Intel(R) Xeon(R) CPU @ 2.60GHz,,,,,15.61648178100586,machine,Y,1.0
2025-08-07T10:35:05,scipy-benchmark,5f11de94-ab19-400b-adcc-ff8d7504f890,scipy_LMC001_f7d9627c,1.0013945719692856,7.685092569298748e-08,7.6743900800118e-08,1.7550872000000004,0.0,10.0,2.4422256756719544e-07,0.0,1.390903511007006e-06,1.6351260785742017e-06,Canada,CAN,,gcp,northamerica-northeast2,Linux-6.8.0-1032-gcp-x86_64-with-glibc2.35,3.12.11,3.0.4,2,Intel(R) Xeon(R) CPU @ 2.60GHz,,,,,15.61648178100586,machine,Y,1.0
2025-08-07T10:35:07,scipy-benchmark,f76c7321-a6d0-4fe5-a004-0ab452656eed,scipy_LMC001_f7d9627c,1.0013377000577748,7.666195336120549e-08,7.655953966057832e-08,1.7272709000000002,0.0,10.0,2.403324265053337e-07,0.0,1.390772964158613e-06,1.6311053906639466e-06,Canada,CAN,,gcp,northamerica-northeast2,Linux-6.8.0-1032-gcp-x86_64-with-glibc2.35,3.12.11,3.0.4,2,Intel(R) Xeon(R) CPU @ 2.60GHz,,,,,15.61648178100586,machine,Y,1.0
2025-08-07T10:35:09,scipy-benchmark,7b7c46a4-d666-4f11-9f3a-e7b361901493,scipy_LMC001_f7d9627c,1.001442037988454,7.65001763926832e-08,7.639001908322645e-08,1.7000000000000002,0.0,10.0,2.3657729408781362e-07,0.0,1.391086033416084e-06,1.6276633275038975e-06,Canada,CAN,,gcp,northamerica-northeast2,Linux-6.8.0-1032-gcp-x86_64-with-glibc2.35,3.12.11,3.0.4,2,Intel(R) Xeon(R) CPU @ 2.60GHz,,,,,15.61648178100586,machine,Y,1.0
2025-08-07T10:35:11,scipy-benchmark,f89d6e64-c0aa-46eb-bb97-5a9d7daebfd1,scipy_LMC001_f7d9627c,1.001389117911458,7.649612542995277e-08,7.639001069783596e-08,1.7000000000000002,0.0,10.0,2.3656291159568362e-07,0.0,1.3910142252118223e-06,1.627577136807506e-06,Canada,CAN,,gcp,northamerica-northeast2,Linux-6.8.0-1032-gcp-x86_64-with-glibc2.35,3.12.11,3.0.4,2,Intel(R) Xeon(R) CPU @ 2.60GHz,,,,,15.61648178100586,machine,Y,1.0
2025-08-07T10:35:13,scipy-benchmark,47d4fe19-e8ba-46bd-83ca-5a91dfe53955,scipy_LMC001_f7d9627c,1.0014540469273925,7.65014992904358e-08,7.63904240290941e-08,1.7000000000000002,0.0,10.0,2.3658239643555138e-07,0.0,1.39110907782904e-06,1.6276914742645914e-06,Canada,CAN,,gcp,northamerica-northeast2,Linux-6.8.0-1032-gcp-x86_64-with-glibc2.35,3.12.11,3.0.4,2,Intel(R) Xeon(R) CPU @ 2.60GHz,,,,,15.61648178100586,machine,Y,1.0
2025-08-07T10:35:15,scipy-benchmark,8144019a-426c-438b-903a-cdde9c85f054,scipy_LMC001_f7d9627c,1.0014064749702811,7.649935093544708e-08,7.639190762943425e-08,1.7000000000000002,0.0,10.0,2.365743063661891e-07,0.0,1.3910714582177914e-06,1.6276457645839804e-06,Canada,CAN,,gcp,northamerica-northeast2,Linux-6.8.0-1032-gcp-x86_64-with-glibc2.35,3.12.11,3.0.4,2,Intel(R) Xeon(R) CPU @ 2.60GHz,,,,,15.61648178100586,machine,Y,1.0
2025-08-07T10:35:18,scipy-benchmark,b0748371-ce23-4230-892a-33e48aaf1346,scipy_LMC001_f7d9627c,1.001415990991518,7.66743182707095e-08,7.656590164372456e-08,1.7272709000000002,0.0,10.0,2.403609567426047e-07,0.0,1.391007517102278e-06,1.6313684738448828e-06,Canada,CAN,,gcp,northamerica-northeast2,Linux-6.8.0-1032-gcp-x86_64-with-glibc2.35,3.12.11,3.0.4,2,Intel(R) Xeon(R) CPU @ 2.60GHz,,,,,15.61648178100586,machine,Y,1.0
2025-08-07T10:35:20,scipy-benchmark,bc086657-68a7-4cc4-8e89-9702bb90c7b1,scipy_LMC001_f7d9627c,1.0014024830888957,7.649801004976812e-08,7.639087314204045e-08,1.7000000000000002,0.0,10.0,2.36571740734184e-07,0.0,1.391045494367265e-06,1.627617235101449e-06,Canada,CAN,,gcp,northamerica-northeast2,Linux-6.8.0-1032-gcp-x86_64-with-glibc2.35,3.12.11,3.0.4,2,Intel(R) Xeon(R) CPU @ 2.60GHz,,,,,15.61648178100586,machine,Y,1.0
2025-08-07T10:35:22,scipy-benchmark,25f807ec-d21a-4d54-b5a5-49577178c209,scipy_LMC001_f7d9627c,1.0013851912226528,7.631675689922526e-08,7.621118982800757e-08,1.6732691000000002,0.0,10.0,2.3284142931084066e-07,0.0,1.3909193557790585e-06,1.6237607850898992e-06,Canada,CAN,,gcp,northamerica-northeast2,Linux-6.8.0-1032-gcp-x86_64-with-glibc2.35,3.12.11,3.0.4,2,Intel(R) Xeon(R) CPU @ 2.60GHz,,,,,15.61648178100586,machine,Y,1.0
2025-08-07T10:35:24,scipy-benchmark,871be0de-4cfd-41e7-a419-782ad0f5a5c5,scipy_LMC001_f7d9627c,1.0016169229056686,7.66898104427484e-08,7.65660091088247e-08,1.7272709000000002,0.0,10.0,2.4041710877878705e-07,0.0,1.3912809857477743e-06,1.6316980945265617e-06,Canada,CAN,,gcp,northamerica-northeast2,Linux-6.8.0-1032-gcp-x86_64-with-glibc2.35,3.12.11,3.0.4,2,Intel(R) Xeon(R) CPU @ 2.60GHz,,,,,15.61648178100586,machine,Y,1.0
2025-08-07T10:35:26,scipy-benchmark,d1675aad-96c8-4973-9213-37c0d095ca59,scipy_LMC001_f7d9627c,1.0018642279319463,7.650128377759313e-08,7.635893332124202e-08,1.7000000000000002,0.0,10.0,2.3658170838219426e-07,0.0,1.3911051805027658e-06,1.62768688888496e-06,Canada,CAN,,gcp,northamerica-northeast2,Linux-6.8.0-1032-gcp-x86_64-with-glibc2.35,3.12.11,3.0.4,2,Intel(R) Xeon(R) CPU @ 2.60GHz,,,,,15.61648178100586,machine,Y,1.0
2025-08-07T10:35:28,scipy-benchmark,29b8baef-0676-4981-b6af-ad415dd06552,scipy_LMC001_f7d9627c,1.0014497588854283,7.650419949747285e-08,7.639344741828969e-08,1.7000000000000002,0.0,10.0,2.3659135355329562e-07,0.0,1.3911575719248503e-06,1.627748925478146e-06,Canada,CAN,,gcp,northamerica-northeast2,Linux-6.8.0-1032-gcp-x86_64-with-glibc2.35,3.12.11,3.0.4,2,Intel(R) Xeon(R) CPU @ 2.60GHz,,,,,15.61648178100586,machine,Y,1.0
2025-08-07T10:35:31,scipy-benchmark,f38f3da4-31f5-46c6-a918-637878908093,scipy_LMC001_f7d9627c,1.0014498359523714,7.685817118864559e-08,7.67469007726723e-08,1.7550872000000004,0.0,10.0,2.442337522185332e-07,0.0,1.391046485837756e-06,1.635280238056289e-06,Canada,CAN,,gcp,northamerica-northeast2,Linux-6.8.0-1032-gcp-x86_64-with-glibc2.35,3.12.11,3.0.4,2,Intel(R) Xeon(R) CPU @ 2.60GHz,,,,,15.61648178100586,machine,Y,1.0
2025-08-07T10:35:33,scipy-benchmark,e862a9a8-f7d9-4609-9713-132bd2c33da6,scipy_LMC001_f7d9627c,1.0015191410202533,7.650426119828545e-08,7.638821672479484e-08,1.7000000000000002,0.0,10.0,2.366147606711214e-07,0.0,1.3911354775902712e-06,1.6277502382613925e-06,Canada,CAN,,gcp,northamerica-northeast2,Linux-6.8.0-1032-gcp-x86_64-with-glibc2.35,3.12.11,3.0.4,2,Intel(R) Xeon(R) CPU @ 2.60GHz,,,,,15.61648178100586,machine,Y,1.0
2025-08-07T10:35:35,scipy-benchmark,76a1d97a-29b5-498a-acfa-add374bad028,scipy_LMC001_f7d9627c,1.001399238128215,7.704173499615062e-08,7.693408588981422e-08,1.7834543000000005,0.0,10.0,2.4817768389410283e-07,0.0,1.391008167087825e-06,1.639185850981928e-06,Canada,CAN,,gcp,northamerica-northeast2,Linux-6.8.0-1032-gcp-x86_64-with-glibc2.35,3.12.11,3.0.4,2,Intel(R) Xeon(R) CPU @ 2.60GHz,,,,,15.61648178100586,machine,Y,1.0
2025-08-07T10:35:37,scipy-benchmark,b7d5e45f-c8eb-4f4d-92bd-8e4a740cb3a2,scipy_LMC001_f7d9627c,1.0014364761300385,7.650144855242172e-08,7.639171367918883e-08,1.7000000000000002,0.0,10.0,2.365831058187825e-07,0.0,1.3911072889135946e-06,1.627690394732377e-06,Canada,CAN,,gcp,northamerica-northeast2,Linux-6.8.0-1032-gcp-x86_64-with-glibc2.35,3.12.11,3.0.4,2,Intel(R) Xeon(R) CPU @ 2.60GHz,,,,,15.61648178100586,machine,Y,1.0
2025-08-07T10:35:39,scipy-benchmark,a778cdb2-12c6-4151-8f99-852b6bd912d6,scipy_LMC001_f7d9627c,1.001415504841134,7.649652858553845e-08,7.638840043491632e-08,1.7000000000000002,0.0,10.0,2.365639844663545e-07,0.0,1.3910217301195694e-06,1.627585714585924e-06,Canada,CAN,,gcp,northamerica-northeast2,Linux-6.8.0-1032-gcp-x86_64-with-glibc2.35,3.12.11,3.0.4,2,Intel(R) Xeon(R) CPU @ 2.60GHz,,,,,15.61648178100586,machine,Y,1.0
2025-08-07T10:35:42,scipy-benchmark,1fefea2c-e710-4acb-aaba-ddd24a860d35,scipy_LMC001_f7d9627c,1.001414317172021,7.649773005749256e-08,7.638969080602027e-08,1.7000000000000002,0.0,10.0,2.365716501371935e-07,0.0,1.391039627681797e-06,1.6276112778189905e-06,Canada,CAN,,gcp,northamerica-northeast2,Linux-6.8.0-1032-gcp-x86_64-with-glibc2.35,3.12.11,3.0.4,2,Intel(R) Xeon(R) CPU @ 2.60GHz,,,,,15.61648178100586,machine,Y,1.0
2025-08-07T10:35:44,scipy-benchmark,4df8e3d5-d48d-4d9b-85fe-b3cf4afb464b,scipy_LMC001_f7d9627c,1.0013607230503112,7.685018710278736e-08,7.67457573817045e-08,1.7550872000000004,0.0,10.0,2.442113193499339e-07,0.0,1.3908990445391583e-06,1.6351103638890924e-06,Canada,CAN,,gcp,northamerica-northeast2,Linux-6.8.0-1032-gcp-x86_64-with-glibc2.35,3.12.11,3.0.4,2,Intel(R) Xeon(R) CPU @ 2.60GHz,,,,,15.61648178100586,machine,Y,1.0
2025-08-07T10:35:46,scipy-benchmark,c52bba81-dbeb-4fbd-bb96-1dc30dc2fd87,scipy_LMC001_f7d9627c,1.0013379699084908,7.647972335923179e-08,7.637753251903654e-08,1.7000000000000002,0.0,10.0,2.365120787677977e-07,0.0,1.390716077811602e-06,1.6272281565793997e-06,Canada,CAN,,gcp,northamerica-northeast2,Linux-6.8.0-1032-gcp-x86_64-with-glibc2.35,3.12.11,3.0.4,2,Intel(R) Xeon(R) CPU @ 2.60GHz,,,,,15.61648178100586,machine,Y,1.0
2025-08-07T10:35:48,scipy-benchmark,50421e84-3710-415a-bcde-86ea0f8e0ba6,scipy_LMC001_f7d9627c,1.0012929141521454,7.64840206744201e-08,7.638526108934237e-08,1.7000000000000002,0.0,10.0,2.365282944196628e-07,0.0,1.3907912943977862e-06,1.627319588817449e-06,Canada,CAN,,gcp,northamerica-northeast2,Linux-6.8.0-1032-gcp-x86_64-with-glibc2.35,3.12.11,3.0.4,2,Intel(R) Xeon(R) CPU @ 2.60GHz,,,,,15.61648178100586,machine,Y,1.0
2025-08-07T10:35:50,scipy-benchmark,78607260-c17c-487e-a5d3-c04b9d8523b8,scipy_LMC001_f7d9627c,1.001319237984717,7.684489398340482e-08,7.67436508441254e-08,1.7550872000000004,0.0,10.0,2.441915746388536e-07,0.0,1.3908061696889083e-06,1.6349977443277622e-06,Canada,CAN,,gcp,northamerica-northeast2,Linux-6.8.0-1032-gcp-x86_64-with-glibc2.35,3.12.11,3.0.4,2,Intel(R) Xeon(R) CPU @ 2.60GHz,,,,,15.61648178100586,machine,Y,1.0
2025-08-07T10:35:52,scipy-benchmark,f5196090-b479-45bb-a2d3-95bc93244fae,scipy_LMC001_f7d9627c,1.001436899183318,7.686059193184355e-08,7.675030947483974e-08,1.7550872000000004,0.0,10.0,2.442462071667543e-07,0.0,1.3910855360639592e-06,1.6353317432307134e-06,Canada,CAN,,gcp,northamerica-northeast2,Linux-6.8.0-1032-gcp-x86_64-with-glibc2.35,3.12.11,3.0.4,2,Intel(R) Xeon(R) CPU @ 2.60GHz,,,,,15.61648178100586,machine,Y,1.0
2025-08-07T10:35:55,scipy-benchmark,7b3a58f7-541b-449a-8ef1-2600cfaf0b2e,scipy_LMC001_f7d9627c,1.0017095459625125,7.65438015403278e-08,7.641316971455947e-08,1.7000000000000002,0.0,10.0,2.367151612674611e-07,0.0,1.3918763608671724e-06,1.6285915221346337e-06,Canada,CAN,,gcp,northamerica-northeast2,Linux-6.8.0-1032-gcp-x86_64-with-glibc2.35,3.12.11,3.0.4,2,Intel(R) Xeon(R) CPU @ 2.60GHz,,,,,15.61648178100586,machine,Y,1.0
2025-08-07T10:35:57,scipy-benchmark,0046bb1b-cc3c-4545-987d-b4c9d7e5e27d,scipy_LMC001_f7d9627c,1.0014641280286014,7.668305605304053e-08,7.65709463842628e-08,1.7272709000000002,0.0,10.0,2.403916646849147e-07,0.0,1.3911627194223303e-06,1.6315543841072453e-06,Canada,CAN,,gcp,northamerica-northeast2,Linux-6.8.0-1032-gcp-x86_64-with-glibc2.35,3.12.11,3.0.4,2,Intel(R) Xeon(R) CPU @ 2.60GHz,,,,,15.61648178100586,machine,Y,1.0
2025-08-07T10:35:59,scipy-benchmark,083ecce8-4125-4727-8b0f-24e79b7f9f71,scipy_LMC001_f7d9627c,1.0014966840390116,7.650518575690997e-08,7.639085278681747e-08,1.7000000000000002,0.0,10.0,2.365970957972524e-07,0.0,1.3911728139242365e-06,1.6277699097214888e-06,Canada,CAN,,gcp,northamerica-northeast2,Linux-6.8.0-1032-gcp-x86_64-with-glibc2.35,3.12.11,3.0.4,2,Intel(R) Xeon(R) CPU @ 2.60GHz,,,,,15.61648178100586,machine,Y,1.0
2025-08-07T10:36:01,scipy-benchmark,a8979242-d9ad-4a0f-9740-6849cee9f316,scipy_LMC001_f7d9627c,1.001405152026564,7.64927985675879e-08,7.638546537611464e-08,1.7000000000000002,0.0,10.0,2.365655659555665e-07,0.0,1.3909407865463032e-06,1.6275063525018698e-06,Canada,CAN,,gcp,northamerica-northeast2,Linux-6.8.0-1032-gcp-x86_64-with-glibc2.35,3.12.11,3.0.4,2,Intel(R) Xeon(R) CPU @ 2.60GHz,,,,,15.61648178100586,machine,Y,1.0
2025-08-07T10:36:03,scipy-benchmark,62063061-cbe9-4d84-95ad-665b0e1002b4,scipy_LMC001_f7d9627c,1.001434127101675,7.63221192185149e-08,7.621282034735969e-08,1.6732691000000002,0.0,10.0,2.328605877494293e-07,0.0,1.3910142892402494e-06,1.6238748769896783e-06,Canada,CAN,,gcp,northamerica-northeast2,Linux-6.8.0-1032-gcp-x86_64-with-glibc2.35,3.12.11,3.0.4,2,Intel(R) Xeon(R) CPU @ 2.60GHz,,,,,15.61648178100586,machine,Y,1.0
2025-08-07T10:36:05,scipy-benchmark,3979c251-e620-4b6a-8496-49fedb82030b,scipy_LMC001_f7d9627c,1.001393010141328,7.649386578211692e-08,7.638745727945636e-08,1.7000000000000002,0.0,10.0,2.3655723696962625e-07,0.0,1.3909718222243504e-06,1.6275290591939766e-06,Canada,CAN,,gcp,northamerica-northeast2,Linux-6.8.0-1032-gcp-x86_64-with-glibc2.35,3.12.11,3.0.4,2,Intel(R) Xeon(R) CPU @ 2.60GHz,,,,,15.61648178100586,machine,Y,1.0
2025-08-07T10:36:08,scipy-benchmark,cb7847d3-6702-48c2-8f11-c911ba69ac11,scipy_LMC001_f7d9627c,1.0013539448846132,7.648917954854227e-08,7.638575744299504e-08,1.7000000000000002,0.0,10.0,2.365420331674009e-07,0.0,1.3908873189292437e-06,1.6274293520966442e-06,Canada,CAN,,gcp,northamerica-northeast2,Linux-6.8.0-1032-gcp-x86_64-with-glibc2.35,3.12.11,3.0.4,2,Intel(R) Xeon(R) CPU @ 2.60GHz,,,,,15.61648178100586,machine,Y,1.0
2025-08-07T10:36:10,scipy-benchmark,d950e9d8-973d-4b81-ab0b-4bbf520a8f8b,scipy_LMC001_f7d9627c,1.001376757165417,7.649394822333448e-08,7.638877942390517e-08,1.7000000000000002,0.0,10.0,2.365543932796249e-07,0.0,1.3909764199828109e-06,1.6275308132624355e-06,Canada,CAN,,gcp,northamerica-northeast2,Linux-6.8.0-1032-gcp-x86_64-with-glibc2.35,3.12.11,3.0.4,2,Intel(R) Xeon(R) CPU @ 2.60GHz,,,,,15.61648178100586,machine,Y,1.0
2025-08-07T10:36:12,scipy-benchmark,713b1f19-435c-4f10-97f0-9ff7850c436c,scipy_LMC001_f7d9627c,1.0013772679958493,7.631899476875896e-08,7.62140276276726e-08,1.6732691000000002,0.0,10.0,2.328381105594359e-07,0.0,1.3909702887758611e-06,1.623808399335297e-06,Canada,CAN,,gcp,northamerica-northeast2,Linux-6.8.0-1032-gcp-x86_64-with-glibc2.35,3.12.11,3.0.4,2,Intel(R) Xeon(R) CPU @ 2.60GHz,,,,,15.61648178100586,machine,Y,1.0
2025-08-07T10:36:14,scipy-benchmark,aafcf30b-a049-4811-9299-88fa989009d2,scipy_LMC001_f7d9627c,1.0014675299171358,7.64974274605435e-08,7.638532970397265e-08,1.7000000000000002,0.0,10.0,2.3657093371730297e-07,0.0,1.391033905868729e-06,1.627604839586032e-06,Canada,CAN,,gcp,northamerica-northeast2,Linux-6.8.0-1032-gcp-x86_64-with-glibc2.35,3.12.11,3.0.4,2,Intel(R) Xeon(R) CPU @ 2.60GHz,,,,,15.61648178100586,machine,Y,1.0
2025-08-07T10:36:16,scipy-benchmark,cc10221a-eabf-41ca-83fa-7ab50f5032d6,scipy_LMC001_f7d9627c,1.0014432379975915,7.667210824144663e-08,7.656161161440788e-08,1.7272709000000002,0.0,10.0,2.4036520479787925e-07,0.0,1.3909562471477936e-06,1.6313214519456728e-06,Canada,CAN,,gcp,northamerica-northeast2,Linux-6.8.0-1032-gcp-x86_64-with-glibc2.35,3.12.11,3.0.4,2,Intel(R) Xeon(R) CPU @ 2.60GHz,,,,,15.61648178100586,machine,Y,1.0
2025-08-07T10:36:19,scipy-benchmark,c7352bdb-4740-4cca-adf6-23649e055ad6,scipy_LMC001_f7d9627c,1.0015321988612411,7.685524368148343e-08,7.67376663165389e-08,1.7550872000000004,0.0,10.0,2.442265008222496e-07,0.0,1.3909914498476103e-06,1.63521795066986e-06,Canada,CAN,,gcp,northamerica-northeast2,Linux-6.8.0-1032-gcp-x86_64-with-glibc2.35,3.12.11,3.0.4,2,Intel(R) Xeon(R) CPU @ 2.60GHz,,,,,15.61648178100586,machine,Y,1.0
2025-08-07T10:36:21,scipy-benchmark,ce092701-3fb0-4d63-bd6e-c5eadcd428f7,scipy_LMC001_f7d9627c,1.0025762368459257,7.650755814632998e-08,7.631096303161987e-08,1.7000000000000002,0.0,10.0,2.367115779585827e-07,0.0,1.3911088081335444e-06,1.627820386092127e-06,Canada,CAN,,gcp,northamerica-northeast2,Linux-6.8.0-1032-gcp-x86_64-with-glibc2.35,3.12.11,3.0.4,2,Intel(R) Xeon(R) CPU @ 2.60GHz,,,,,15.61648178100586,machine,Y,1.0
2025-08-07T10:36:23,scipy-benchmark,eced408a-dbce-4141-9a5e-ddc70d180b25,scipy_LMC001_f7d9627c,1.001398563850671,7.66726278762996e-08,7.65655460713573e-08,1.7272709000000002,0.0,10.0,2.40356324734718e-07,0.0,1.3909761832716564e-06,1.6313325080063745e-06,Canada,CAN,,gcp,northamerica-northeast2,Linux-6.8.0-1032-gcp-x86_64-with-glibc2.35,3.12.11,3.0.4,2,Intel(R) Xeon(R) CPU @ 2.60GHz,,,,,15.61648178100586,machine,Y,1.0
2025-08-07T10:36:25,scipy-benchmark,0505352a-8f58-42a0-b644-14b22098725d,scipy_LMC001_f7d9627c,1.0014258651062846,7.667433495526901e-08,7.656516336047633e-08,1.7272709000000002,0.0,10.0,2.403717593616152e-07,0.0,1.3909970694738958e-06,1.631368828835511e-06,Canada,CAN,,gcp,northamerica-northeast2,Linux-6.8.0-1032-gcp-x86_64-with-glibc2.35,3.12.11,3.0.4,2,Intel(R) Xeon(R) CPU @ 2.60GHz,,,,,15.61648178100586,machine,Y,1.0
2025-08-07T10:36:27,scipy-benchmark,962b5c70-c7a9-479c-b34a-1afb9f4bfe43,scipy_LMC001_f7d9627c,1.0013417638838291,7.666345312013204e-08,7.656072670212344e-08,1.7272709000000002,0.0,10.0,2.4032563399598715e-07,0.0,1.3908116664323545e-06,1.631137300428341e-06,Canada,CAN,,gcp,northamerica-northeast2,Linux-6.8.0-1032-gcp-x86_64-with-glibc2.35,3.12.11,3.0.4,2,Intel(R) Xeon(R) CPU @ 2.60GHz,,,,,15.61648178100586,machine,Y,1.0
2025-08-07T10:36:29,scipy-benchmark,6d62bdfa-0016-4b70-94bb-c1dc0e6348cf,scipy_LMC001_f7d9627c,1.0013548778370025,7.666927736575472e-08,7.656554041197244e-08,1.7272709000000002,0.0,10.0,2.403461928318793e-07,0.0,1.3909150277160936e-06,1.6312612205479728e-06,Canada,CAN,,gcp,northamerica-northeast2,Linux-6.8.0-1032-gcp-x86_64-with-glibc2.35,3.12.11,3.0.4,2,Intel(R) Xeon(R) CPU @ 2.60GHz,,,,,15.61648178100586,machine,Y,1.0
2025-08-07T10:36:32,scipy-benchmark,c4e02008-4466-4cb3-b32d-b95b417b6958,scipy_LMC001_f7d9627c,1.0013319607824087,7.703216434459797e-08,7.692969700518449e-08,1.7834543000000005,0.0,10.0,2.481468954850725e-07,0.0,1.3908353246127569e-06,1.6389822200978291e-06,Canada,CAN,,gcp,northamerica-northeast2,Linux-6.8.0-1032-gcp-x86_64-with-glibc2.35,3.12.11,3.0.4,2,Intel(R) Xeon(R) CPU @ 2.60GHz,,,,,15.61648178100586,machine,Y,1.0
2025-08-07T10:36:34,scipy-benchmark,6c0bbf68-ab07-43c2-8cf0-94928821b5ef,scipy_LMC001_f7d9627c,1.0012934268452227,7.647970060621931e-08,7.638090749000928e-08,1.7000000000000002,0.0,10.0,2.3651389774426614e-07,0.0,1.3907137747284853e-06,1.6272276724727514e-06,Canada,CAN,,gcp,northamerica-northeast2,Linux-6.8.0-1032-gcp-x86_64-with-glibc2.35,3.12.11,3.0.4,2,Intel(R) Xeon(R) CPU @ 2.60GHz,,,,,15.61648178100586,machine,Y,1.0
2025-08-07T10:36:36,scipy-benchmark,5459228a-27d1-4676-8f58-b0c740d9cf04,scipy_LMC001_f7d9627c,1.002893793163821,7.689555159770655e-08,7.667367384449032e-08,1.7272709000000002,0.0,10.0,2.410871570273072e-07,0.0,1.394988408881343e-06,1.63607556590865e-06,Canada,CAN,,gcp,northamerica-northeast2,Linux-6.8.0-1032-gcp-x86_64-with-glibc2.35,3.12.11,3.0.4,2,Intel(R) Xeon(R) CPU @ 2.60GHz,,,,,15.61648178100586,machine,Y,1.0
2025-08-07T10:36:38,scipy-benchmark,45ae4520-c096-410c-975a-0d849b8b0abe,scipy_LMC001_f7d9627c,1.0014615908730775,7.686009626742482e-08,7.674792220480264e-08,1.7550872000000004,0.0,10.0,2.442475335378636e-07,0.0,1.391073663641388e-06,1.6353211971792516e-06,Canada,CAN,,gcp,northamerica-northeast2,Linux-6.8.0-1032-gcp-x86_64-with-glibc2.35,3.12.11,3.0.4,2,Intel(R) Xeon(R) CPU @ 2.60GHz,,,,,15.61648178100586,machine,Y,1.0
2025-08-07T10:36:40,scipy-benchmark,f929096f-ea0a-4b60-834d-7cab338ebeaa,scipy_LMC001_f7d9627c,1.001469527138397,7.650668977930522e-08,7.639442609693351e-08,1.7000000000000002,0.0,10.0,2.3659945175879534e-07,0.0,1.391202458439188e-06,1.6278019101979834e-06,Canada,CAN,,gcp,northamerica-northeast2,Linux-6.8.0-1032-gcp-x86_64-with-glibc2.35,3.12.11,3.0.4,2,Intel(R) Xeon(R) CPU @ 2.60GHz,,,,,15.61648178100586,machine,Y,1.0
2025-08-07T10:36:43,scipy-benchmark,d833d7fc-d37d-4369-a8c9-fb9d6f996b47,scipy_LMC001_f7d9627c,1.0014330288395286,7.667539350137819e-08,7.656567268430366e-08,1.7272709000000002,0.0,10.0,2.403747820528509e-07,0.0,1.3910165690403018e-06,1.631391351093153e-06,Canada,CAN,,gcp,northamerica-northeast2,Linux-6.8.0-1032-gcp-x86_64-with-glibc2.35,3.12.11,3.0.4,2,Intel(R) Xeon(R) CPU @ 2.60GHz,,,,,15.61648178100586,machine,Y,1.0
2025-08-07T10:36:45,scipy-benchmark,214bc6c4-0e2d-4137-aa1a-fc078f767fa4,scipy_LMC001_f7d9627c,1.0014379259664563,7.667717226250982e-08,7.656707447794238e-08,1.7272709000000002,0.0,10.0,2.403791385800447e-07,0.0,1.3910500584946323e-06,1.631429197074677e-06,Canada,CAN,,gcp,northamerica-northeast2,Linux-6.8.0-1032-gcp-x86_64-with-glibc2.35,3.12.11,3.0.4,2,Intel(R) Xeon(R) CPU @ 2.60GHz,,,,,15.61648178100586,machine,Y,1.0
2025-08-07T10:36:47,scipy-benchmark,1c8da278-ab34-433d-81ef-9b109e6ee96b,scipy_LMC001_f7d9627c,1.001416107872501,7.666939581994765e-08,7.656097721738374e-08,1.7272709000000002,0.0,10.0,2.4035321323279654e-07,0.0,1.3909105276171531e-06,1.6312637408499496e-06,Canada,CAN,,gcp,northamerica-northeast2,Linux-6.8.0-1032-gcp-x86_64-with-glibc2.35,3.12.11,3.0.4,2,Intel(R) Xeon(R) CPU @ 2.60GHz,,,,,15.61648178100586,machine,Y,1.0
2025-08-07T10:36:49,scipy-benchmark,10bbe776-0077-4944-bbfd-04d4543c861f,scipy_LMC001_f7d9627c,1.0014013689942658,7.723035337062929e-08,7.712227660343007e-08,1.8123776000000005,0.0,10.0,2.522000854679611e-07,0.0,1.390998922417768e-06,1.6431990078857291e-06,Canada,CAN,,gcp,northamerica-northeast2,Linux-6.8.0-1032-gcp-x86_64-with-glibc2.35,3.12.11,3.0.4,2,Intel(R) Xeon(R) CPU @ 2.60GHz,,,,,15.61648178100586,machine,Y,1.0
2025-08-07T10:36:51,scipy-benchmark,e0721981-a900-40ac-945f-7d42e9cee3b5,scipy_LMC001_f7d9627c,1.001580887939781,7.686843464626394e-08,7.674710607186184e-08,1.7550872000000004,0.0,10.0,2.4430613496314004e-07,0.0,1.3911924745318375e-06,1.6354986094949777e-06,Canada,CAN,,gcp,northamerica-northeast2,Linux-6.8.0-1032-gcp-x86_64-with-glibc2.35,3.12.11,3.0.4,2,Intel(R) Xeon(R) CPU @ 2.60GHz,,,,,15.61648178100586,machine,Y,1.0
2025-08-07T10:36:53,scipy-benchmark,2d47d806-9131-4c96-bb09-bc8f296d4f47,scipy_LMC001_f7d9627c,1.0014602600131184,7.705001419643802e-08,7.693766520044312e-08,1.7834543000000005,0.0,10.0,2.4821242610678056e-07,0.0,1.3911495780727516e-06,1.6393620041795322e-06,Canada,CAN,,gcp,northamerica-northeast2,Linux-6.8.0-1032-gcp-x86_64-with-glibc2.35,3.12.11,3.0.4,2,Intel(R) Xeon(R) CPU @ 2.60GHz,,,,,15.61648178100586,machine,Y,1.0
2025-08-07T10:36:56,scipy-benchmark,5625013f-61bb-47ab-8842-1f80cb64e411,scipy_LMC001_f7d9627c,1.0013568259309975,7.703505600687475e-08,7.693067447286081e-08,1.7834543000000005,0.0,10.0,2.4816500053308257e-07,0.0,1.3908787442940393e-06,1.639043744827122e-06,Canada,CAN,,gcp,northamerica-northeast2,Linux-6.8.0-1032-gcp-x86_64-with-glibc2.35,3.12.11,3.0.4,2,Intel(R) Xeon(R) CPU @ 2.60GHz,,,,,15.61648178100586,machine,Y,1.0
2025-08-07T10:36:58,scipy-benchmark,62d4509e-8d84-445c-b2e0-7480c30e9f21,scipy_LMC001_f7d9627c,1.0014762489590794,7.724203944481086e-08,7.712817905077146e-08,1.8123776000000005,0.0,10.0,2.522373810884092e-07,0.0,1.3912102666735236e-06,1.6434476477619328e-06,Canada,CAN,,gcp,northamerica-northeast2,Linux-6.8.0-1032-gcp-x86_64-with-glibc2.35,3.12.11,3.0.4,2,Intel(R) Xeon(R) CPU @ 2.60GHz,,,,,15.61648178100586,machine,Y,1.0
2025-08-07T10:37:00,scipy-benchmark,e0fc6188-cb73-4c7d-9738-84a36baf0230,scipy_LMC001_f7d9627c,1.0015431072097272,7.742566752781257e-08,7.730637550241693e-08,1.8418625,0.0,10.0,2.56311494528092e-07,0.0,1.3910431337232393e-06,1.6473546282513312e-06,Canada,CAN,,gcp,northamerica-northeast2,Linux-6.8.0-1032-gcp-x86_64-with-glibc2.35,3.12.11,3.0.4,2,Intel(R) Xeon(R) CPU @ 2.60GHz,,,,,15.61648178100586,machine,Y,1.0
2025-08-07T10:37:02,scipy-benchmark,175db3aa-9743-4976-a5a6-800e5c7df740,scipy_LMC001_f7d9627c,1.001790326088667,7.747630589263964e-08,7.733784592943089e-08,1.8418625,0.0,10.0,2.5649556770357925e-07,0.0,1.3919364725653495e-06,1.6484320402689289e-06,Canada,CAN,,gcp,northamerica-northeast2,Linux-6.8.0-1032-gcp-x86_64-with-glibc2.35,3.12.11,3.0.4,2,Intel(R) Xeon(R) CPU @ 2.60GHz,,,,,15.61648178100586,machine,Y,1.0
2025-08-07T10:37:04,scipy-benchmark,4760eb18-ea09-4bcb-8903-1ffe7125ee29,scipy_LMC001_f7d9627c,1.001425813883543,7.667526001199992e-08,7.65660910164201e-08,1.7272709000000002,0.0,10.0,2.403644414728289e-07,0.0,1.3910240694207863e-06,1.631388510893615e-06,Canada,CAN,,gcp,northamerica-northeast2,Linux-6.8.0-1032-gcp-x86_64-with-glibc2.35,3.12.11,3.0.4,2,Intel(R) Xeon(R) CPU @ 2.60GHz,,,,,15.61648178100586,machine,Y,1.0
2025-08-07T10:37:06,scipy-benchmark,c3250aed-4457-40e2-ad25-30f9e26ed3e2,scipy_LMC001_f7d9627c,1.001404508948326,7.68568679358871e-08,7.674907317583592e-08,1.7550872000000004,0.0,10.0,2.442323539952277e-07,0.0,1.391020155278966e-06,1.6352525092741937e-06,Canada,CAN,,gcp,northamerica-northeast2,Linux-6.8.0-1032-gcp-x86_64-with-glibc2.35,3.12.11,3.0.4,2,Intel(R) Xeon(R) CPU @ 2.60GHz,,,,,15.61648178100586,machine,Y,1.0
2025-08-07T10:37:09,scipy-benchmark,fd5c3bbe-64bc-45e5-85a8-4d33201e2f45,scipy_LMC001_f7d9627c,1.0014068118762225,7.667428130034134e-08,7.656656654520398e-08,1.7272709000000002,0.0,10.0,2.403614623490993e-07,0.0,1.3910062248922057e-06,1.631367687241305e-06,Canada,CAN,,gcp,northamerica-northeast2,Linux-6.8.0-1032-gcp-x86_64-with-glibc2.35,3.12.11,3.0.4,2,Intel(R) Xeon(R) CPU @ 2.60GHz,,,,,15.61648178100586,machine,Y,1.0
2025-08-07T10:37:11,scipy-benchmark,04957fde-3391-4788-b1d3-20b5adc337f5,scipy_LMC001_f7d9627c,1.0013290639035404,7.648427864048346e-08,7.638276106989272e-08,1.7000000000000002,0.0,10.0,2.365284913361797e-07,0.0,1.390796586120915e-06,1.6273250774570946e-06,Canada,CAN,,gcp,northamerica-northeast2,Linux-6.8.0-1032-gcp-x86_64-with-glibc2.35,3.12.11,3.0.4,2,Intel(R) Xeon(R) CPU @ 2.60GHz,,,,,15.61648178100586,machine,Y,1.0
2025-08-07T10:37:13,scipy-benchmark,85fd2696-e99c-48e1-8983-892d23917dbf,scipy_LMC001_f7d9627c,1.0014574329834431,7.650116556692068e-08,7.638983250542756e-08,1.7000000000000002,0.0,10.0,2.365794209181331e-07,0.0,1.3911049528461362e-06,1.6276843737642694e-06,Canada,CAN,,gcp,northamerica-northeast2,Linux-6.8.0-1032-gcp-x86_64-with-glibc2.35,3.12.11,3.0.4,2,Intel(R) Xeon(R) CPU @ 2.60GHz,,,,,15.61648178100586,machine,Y,1.0
2025-08-07T10:37:15,scipy-benchmark,5896bf5b-cf1f-4ecf-b28d-8504422a2396,scipy_LMC001_f7d9627c,1.001363323070109,7.666436210106525e-08,7.655998610576005e-08,1.7272709000000002,0.0,10.0,2.4033002370151265e-07,0.0,1.3908266167466838e-06,1.6311566404481965e-06,Canada,CAN,,gcp,northamerica-northeast2,Linux-6.8.0-1032-gcp-x86_64-with-glibc2.35,3.12.11,3.0.4,2,Intel(R) Xeon(R) CPU @ 2.60GHz,,,,,15.61648178100586,machine,Y,1.0
2025-08-07T10:37:17,scipy-benchmark,29d9522f-02c0-415c-8f67-8c7a07f0031a,scipy_LMC001_f7d9627c,1.00134248402901,7.666332028023357e-08,7.656053897940135e-08,1.7272709000000002,0.0,10.0,2.4033587135453305e-07,0.0,1.3907986026929895e-06,1.6311344740475228e-06,Canada,CAN,,gcp,northamerica-northeast2,Linux-6.8.0-1032-gcp-x86_64-with-glibc2.35,3.12.11,3.0.4,2,Intel(R) Xeon(R) CPU @ 2.60GHz,,,,,15.61648178100586,machine,Y,1.0
2025-08-07T10:37:20,scipy-benchmark,a76dd7c1-af50-417c-b1cf-07893bcd5e7c,scipy_LMC001_f7d9627c,1.001462826970965,7.650184435306842e-08,7.639009885614699e-08,1.7000000000000002,0.0,10.0,2.3658418000882697e-07,0.0,1.3911146360139052e-06,1.627698816022732e-06,Canada,CAN,,gcp,northamerica-northeast2,Linux-6.8.0-1032-gcp-x86_64-with-glibc2.35,3.12.11,3.0.4,2,Intel(R) Xeon(R) CPU @ 2.60GHz,,,,,15.61648178100586,machine,Y,1.0
2025-08-07T10:37:22,scipy-benchmark,d0db9c37-5ef9-4970-823e-fff96aa3c7af,scipy_LMC001_f7d9627c,1.0014145160093904,7.686111470218984e-08,7.67525469957029e-08,1.7550872000000004,0.0,10.0,2.442462743650168e-07,0.0,1.391096591639022e-06,1.6353428660040388e-06,Canada,CAN,,gcp,northamerica-northeast2,Linux-6.8.0-1032-gcp-x86_64-with-glibc2.35,3.12.11,3.0.4,2,Intel(R) Xeon(R) CPU @ 2.60GHz,,,,,15.61648178100586,machine,Y,1.0
2025-08-07T10:37:24,scipy-benchmark,20b805e8-963b-41e1-8a5c-fd3433fca6e7,scipy_LMC001_f7d9627c,1.0015293080359695,7.668674856509836e-08,7.656964998406636e-08,1.7272709000000002,0.0,10.0,2.404017481049388e-07,0.0,1.3912312000886437e-06,1.6316329481935822e-06,Canada,CAN,,gcp,northamerica-northeast2,Linux-6.8.0-1032-gcp-x86_64-with-glibc2.35,3.12.11,3.0.4,2,Intel(R) Xeon(R) CPU @ 2.60GHz,,,,,15.61648178100586,machine,Y,1.0
2025-08-07T10:37:26,scipy-benchmark,8d0dbc85-1d1d-4e9a-accb-8c11d28e0686,scipy_LMC001_f7d9627c,1.0014995029196143,7.668584217645733e-08,7.657102370285704e-08,1.7272709000000002,0.0,10.0,2.4039831900706854e-07,0.0,1.3912153443218106e-06,1.631613663328879e-06,Canada,CAN,,gcp,northamerica-northeast2,Linux-6.8.0-1032-gcp-x86_64-with-glibc2.35,3.12.11,3.0.4,2,Intel(R) Xeon(R) CPU @ 2.60GHz,,,,,15.61648178100586,machine,Y,1.0
2025-08-07T10:37:28,scipy-benchmark,5853c84e-a3b2-4b05-a147-ca025b27c882,scipy_LMC001_f7d9627c,1.0019108629785478,7.674586342977456e-08,7.659949229577102e-08,1.7272709000000002,0.0,10.0,2.406075668130847e-07,0.0,1.3922831444587146e-06,1.6328907112717993e-06,Canada,CAN,,gcp,northamerica-northeast2,Linux-6.8.0-1032-gcp-x86_64-with-glibc2.35,3.12.11,3.0.4,2,Intel(R) Xeon(R) CPU @ 2.60GHz,,,,,15.61648178100586,machine,Y,1.0
2025-08-07T10:37:30,scipy-benchmark,1ffadffa-e275-4e6d-ba71-67beffd68d9c,scipy_LMC001_f7d9627c,1.0013885139487684,7.667138495472678e-08,7.656507328248555e-08,1.7272709000000002,0.0,10.0,2.403620328600071e-07,0.0,1.3909440300065196e-06,1.631306062866527e-06,Canada,CAN,,gcp,northamerica-northeast2,Linux-6.8.0-1032-gcp-x86_64-with-glibc2.35,3.12.11,3.0.4,2,Intel(R) Xeon(R) CPU @ 2.60GHz,,,,,15.61648178100586,machine,Y,1.0
2025-08-07T10:37:33,scipy-benchmark,dff7c4b7-35ee-48f8-8680-f04583a747d6,scipy_LMC001_f7d9627c,1.0014472578186542,7.667544291371383e-08,7.65646341483103e-08,1.7272709000000002,0.0,10.0,2.403785801339849e-07,0.0,1.3910138222854584e-06,1.6313924024194432e-06,Canada,CAN,,gcp,northamerica-northeast2,Linux-6.8.0-1032-gcp-x86_64-with-glibc2.35,3.12.11,3.0.4,2,Intel(R) Xeon(R) CPU @ 2.60GHz,,,,,15.61648178100586,machine,Y,1.0
2025-08-07T10:37:35,scipy-benchmark,640dce03-6a3d-42b5-b7ee-6a1e561d380b,scipy_LMC001_f7d9627c,1.0014462459366769,7.667834173351645e-08,7.656760614424926e-08,1.7272709000000002,0.0,10.0,2.4037556839048145e-07,0.0,1.3910785110460386e-06,1.63145407943652e-06,Canada,CAN,,gcp,northamerica-northeast2,Linux-6.8.0-1032-gcp-x86_64-with-glibc2.35,3.12.11,3.0.4,2,Intel(R) Xeon(R) CPU @ 2.60GHz,,,,,15.61648178100586,machine,Y,1.0
2025-08-07T10:37:37,scipy-benchmark,f2386e4f-5d58-4f82-a4cf-2e51b254ed86,scipy_LMC001_f7d9627c,1.0014593719970435,7.649444803149932e-08,7.638297685402774e-08,1.7000000000000002,0.0,10.0,2.3657134173360346e-07,0.0,1.3909701057451054e-06,1.627541447478709e-06,Canada,CAN,,gcp,northamerica-northeast2,Linux-6.8.0-1032-gcp-x86_64-with-glibc2.35,3.12.11,3.0.4,2,Intel(R) Xeon(R) CPU @ 2.60GHz,,,,,15.61648178100586,machine,Y,1.0
2025-08-07T10:37:39,scipy-benchmark,8c3c6bfd-55e2-4b4c-9413-fc8af5f06459,scipy_LMC001_f7d9627c,1.0014046009164304,7.667182957061522e-08,7.656428730250427e-08,1.7272709000000002,0.0,10.0,2.403643118874259e-07,0.0,1.3909512108916211e-06,1.631315522779047e-06,Canada,CAN,,gcp,northamerica-northeast2,Linux-6.8.0-1032-gcp-x86_64-with-glibc2.35,3.12.11,3.0.4,2,Intel(R) Xeon(R) CPU @ 2.60GHz,,,,,15.61648178100586,machine,Y,1.0
2025-08-07T10:37:41,scipy-benchmark,6bb0ac9a-df1e-4989-b176-924f944826b8,scipy_LMC001_f7d9627c,1.001329343067482,7.684662004657667e-08,7.674460014440802e-08,1.7550872000000004,0.0,10.0,2.44197035405762e-07,0.0,1.390837433670337e-06,1.6350344690760991e-06,Canada,CAN,,gcp,northamerica-northeast2,Linux-6.8.0-1032-gcp-x86_64-with-glibc2.35,3.12.11,3.0.4,2,Intel(R) Xeon(R) CPU @ 2.60GHz,,,,,15.61648178100586,machine,Y,1.0
2025-08-07T10:37:44,scipy-benchmark,1d0c94c9-6890-4438-b066-510f65862b2f,scipy_LMC001_f7d9627c,1.0013834501150995,7.66689758555492e-08,7.656305468872771e-08,1.7272709000000002,0.0,10.0,2.4034930243470426e-07,0.0,1.3909055030025128e-06,1.631254805437217e-06,Canada,CAN,,gcp,northamerica-northeast2,Linux-6.8.0-1032-gcp-x86_64-with-glibc2.35,3.12.11,3.0.4,2,Intel(R) Xeon(R) CPU @ 2.60GHz,,,,,15.61648178100586,machine,Y,1.0
2025-08-07T10:37:46,scipy-benchmark,dafa6ca0-110d-4870-b49e-61be33adeb8c,scipy_LMC001_f7d9627c,1.0014052370097488,7.66694262048329e-08,7.656183867559152e-08,1.7272709000000002,0.0,10.0,2.403590427885452e-07,0.0,1.3909053445483249e-06,1.6312643873368697e-06,Canada,CAN,,gcp,northamerica-northeast2,Linux-6.8.0-1032-gcp-x86_64-with-glibc2.35,3.12.11,3.0.4,2,Intel(R) Xeon(R) CPU @ 2.60GHz,,,,,15.61648178100586,machine,Y,1.0
2025-08-07T10:37:48,scipy-benchmark,e1b6733d-2739-45a7-9559-23096d284395,scipy_LMC001_f7d9627c,1.00142993289046,7.686231266233758e-08,7.675256165000716e-08,1.7550872000000004,0.0,10.0,2.442522743071728e-07,0.0,1.3911160802106476e-06,1.6353683545178205e-06,Canada,CAN,,gcp,northamerica-northeast2,Linux-6.8.0-1032-gcp-x86_64-with-glibc2.35,3.12.11,3.0.4,2,Intel(R) Xeon(R) CPU @ 2.60GHz,,,,,15.61648178100586,machine,Y,1.0
2025-08-07T10:37:50,scipy-benchmark,19a4e4b2-616e-4c66-8c8f-29813c298569,scipy_LMC001_f7d9627c,1.0014080519322306,7.685631874907623e-08,7.67482532228305e-08,1.7550872000000004,0.0,10.0,2.4422995199787696e-07,0.0,1.3910108724505535e-06,1.6352408244484306e-06,Canada,CAN,,gcp,northamerica-northeast2,Linux-6.8.0-1032-gcp-x86_64-with-glibc2.35,3.12.11,3.0.4,2,Intel(R) Xeon(R) CPU @ 2.60GHz,,,,,15.61648178100586,machine,Y,1.0
2025-08-07T10:37:52,scipy-benchmark,9c44313b-8497-4c91-9e46-a87fd8a1c3d8,scipy_LMC001_f7d9627c,1.0014578111004084,7.650059971841984e-08,7.638923863838104e-08,1.7000000000000002,0.0,10.0,2.365847565751109e-07,0.0,1.3910875778593535e-06,1.6276723344344645e-06,Canada,CAN,,gcp,northamerica-northeast2,Linux-6.8.0-1032-gcp-x86_64-with-glibc2.35,3.12.11,3.0.4,2,Intel(R) Xeon(R) CPU @ 2.60GHz,,,,,15.61648178100586,machine,Y,1.0
2025-08-07T10:37:54,scipy-benchmark,d81d7e6b-1d0a-48e2-8298-d953c9b5234c,scipy_LMC001_f7d9627c,1.0013738311827185,7.648863079884581e-08,7.638369250023783e-08,1.7000000000000002,0.0,10.0,2.3654409270966426e-07,0.0,1.3908735838615232e-06,1.6274176765711874e-06,Canada,CAN,,gcp,northamerica-northeast2,Linux-6.8.0-1032-gcp-x86_64-with-glibc2.35,3.12.11,3.0.4,2,Intel(R) Xeon(R) CPU @ 2.60GHz,,,,,15.61648178100586,machine,Y,1.0
2025-08-07T10:37:57,scipy-benchmark,141d3af0-ffb9-4766-9044-516c8367a719,scipy_LMC001_f7d9627c,1.0013540568761528,7.64862720885301e-08,7.638284537153468e-08,1.7000000000000002,0.0,10.0,2.365354301420869e-07,0.0,1.3908320611032347e-06,1.6273674912453217e-06,Canada,CAN,,gcp,northamerica-northeast2,Linux-6.8.0-1032-gcp-x86_64-with-glibc2.35,3.12.11,3.0.4,2,Intel(R) Xeon(R) CPU @ 2.60GHz,,,,,15.61648178100586,machine,Y,1.0
2025-08-07T10:37:59,scipy-benchmark,7429993c-3a4d-47aa-aa06-e70bf9a117e7,scipy_LMC001_f7d9627c,1.0022033520508558,7.679547731070132e-08,7.662664184224804e-08,1.7272709000000002,0.0,10.0,2.407397807889229e-07,0.0,1.3932065449706795e-06,1.6339463257596026e-06,Canada,CAN,,gcp,northamerica-northeast2,Linux-6.8.0-1032-gcp-x86_64-with-glibc2.35,3.12.11,3.0.4,2,Intel(R) Xeon(R) CPU @ 2.60GHz,,,,,15.61648178100586,machine,Y,1.0
2025-08-07T10:38:01,scipy-benchmark,e53da49e-a54f-4f03-9330-c1e891d4eec9,scipy_LMC001_f7d9627c,1.0023209359496832,7.717778629604063e-08,7.69990763715974e-08,1.7834543000000005,0.0,10.0,2.4862402943146965e-07,0.0,1.3934565300587565e-06,1.642080559490226e-06,Canada,CAN,,gcp,northamerica-northeast2,Linux-6.8.0-1032-gcp-x86_64-with-glibc2.35,3.12.11,3.0.4,2,Intel(R) Xeon(R) CPU @ 2.60GHz,,,,,15.61648178100586,machine,Y,1.0
2025-08-07T10:38:03,scipy-benchmark,e274f070-ab63-4db4-abf0-80fe95fe60ee,scipy_LMC001_f7d9627c,1.0035142111591997,7.70544123083179e-08,7.678457509765533e-08,1.7834543000000005,0.0,10.0,2.482209421601408e-07,0.0,1.3912346388678998e-06,1.6394555810280404e-06,Canada,CAN,,gcp,northamerica-northeast2,Linux-6.8.0-1032-gcp-x86_64-with-glibc2.35,3.12.11,3.0.4,2,Intel(R) Xeon(R) CPU @ 2.60GHz,,,,,15.61648178100586,machine,Y,1.0
2025-08-07T10:38:05,scipy-benchmark,af425080-8041-4dbd-a3ff-429f428c7423,scipy_LMC001_f7d9627c,1.002301137894392,7.699334550644968e-08,7.681657996337836e-08,1.7550872000000004,0.0,10.0,2.446678433455381e-07,0.0,1.3934884440257317e-06,1.6381562873712698e-06,Canada,CAN,,gcp,northamerica-northeast2,Linux-6.8.0-1032-gcp-x86_64-with-glibc2.35,3.12.11,3.0.4,2,Intel(R) Xeon(R) CPU @ 2.60GHz,,,,,15.61648178100586,machine,Y,1.0
2025-08-07T10:38:07,scipy-benchmark,e90e4658-da37-4853-81df-50646d114fa1,scipy_LMC001_f7d9627c,1.0015160909388214,7.668609814091956e-08,7.657001104099486e-08,1.7272709000000002,0.0,10.0,2.404126068031496e-07,0.0,1.3912065025781178e-06,1.6316191093812673e-06,Canada,CAN,,gcp,northamerica-northeast2,Linux-6.8.0-1032-gcp-x86_64-with-glibc2.35,3.12.11,3.0.4,2,Intel(R) Xeon(R) CPU @ 2.60GHz,,,,,15.61648178100586,machine,Y,1.0
2025-08-07T10:38:10,scipy-benchmark,93652bb3-0e8a-44b6-8026-014986b36407,scipy_LMC001_f7d9627c,1.001437675207853,7.68620544997571e-08,7.675171046845623e-08,1.7550872000000004,0.0,10.0,2.442510448740976e-07,0.0,1.3911118168228616e-06,1.6353628616969591e-06,Canada,CAN,,gcp,northamerica-northeast2,Linux-6.8.0-1032-gcp-x86_64-with-glibc2.35,3.12.11,3.0.4,2,Intel(R) Xeon(R) CPU @ 2.60GHz,,,,,15.61648178100586,machine,Y,1.0
2025-08-07T10:38:12,scipy-benchmark,cc26fe93-8a4c-4cfa-aeb6-d85e7f797292,scipy_LMC001_f7d9627c,1.001427548006177,7.649751734424435e-08,7.63884691374323e-08,1.7000000000000002,0.0,10.0,2.3657489051887146e-07,0.0,1.391031861486327e-06,1.627606752005199e-06,Canada,CAN,,gcp,northamerica-northeast2,Linux-6.8.0-1032-gcp-x86_64-with-glibc2.35,3.12.11,3.0.4,2,Intel(R) Xeon(R) CPU @ 2.60GHz,,,,,15.61648178100586,machine,Y,1.0
2025-08-07T10:38:14,scipy-benchmark,15dbed79-1ddf-4d1e-a5b6-29fe8257b2fd,scipy_LMC001_f7d9627c,1.0014381899964064,7.66835079858897e-08,7.657338091546607e-08,1.7272709000000002,0.0,10.0,2.403930167298562e-07,0.0,1.3911709829699248e-06,1.631563999699781e-06,Canada,CAN,,gcp,northamerica-northeast2,Linux-6.8.0-1032-gcp-x86_64-with-glibc2.35,3.12.11,3.0.4,2,Intel(R) Xeon(R) CPU @ 2.60GHz,,,,,15.61648178100586,machine,Y,1.0
2025-08-07T10:38:16,scipy-benchmark,601de8ee-835f-4b9c-aa69-6ad899ba7d71,scipy_LMC001_f7d9627c,1.0013879500329494,7.649535025203498e-08,7.63893256849336e-08,1.7000000000000002,0.0,10.0,2.3656480236806805e-07,0.0,1.3909958412922509e-06,1.6275606436603189e-06,Canada,CAN,,gcp,northamerica-northeast2,Linux-6.8.0-1032-gcp-x86_64-with-glibc2.35,3.12.11,3.0.4,2,Intel(R) Xeon(R) CPU @ 2.60GHz,,,,,15.61648178100586,machine,Y,1.0
2025-08-07T10:38:18,scipy-benchmark,dbf59ce6-9d3f-4544-9149-b911cfdc45fb,scipy_LMC001_f7d9627c,1.0014429758302867,7.649753881205753e-08,7.638731376455476e-08,1.7000000000000002,0.0,10.0,2.3657074240812414e-07,0.0,1.3910364663590573e-06,1.6276072087671814e-06,Canada,CAN,,gcp,northamerica-northeast2,Linux-6.8.0-1032-gcp-x86_64-with-glibc2.35,3.12.11,3.0.4,2,Intel(R) Xeon(R) CPU @ 2.60GHz,,,,,15.61648178100586,machine,Y,1.0
2025-08-07T10:38:21,scipy-benchmark,3bad24dd-c923-468d-a4e6-8c6f7aa73e94,scipy_LMC001_f7d9627c,1.0014242858160287,7.649910905413304e-08,7.63903074227887e-08,1.7000000000000002,0.0,10.0,2.365758570700161e-07,0.0,1.3910647611030277e-06,1.6276406181730434e-06,Canada,CAN,,gcp,northamerica-northeast2,Linux-6.8.0-1032-gcp-x86_64-with-glibc2.35,3.12.11,3.0.4,2,Intel(R) Xeon(R) CPU @ 2.60GHz,,,,,15.61648178100586,machine,Y,1.0
2025-08-07T10:38:23,scipy-benchmark,8e1cfa61-4847-407d-9e2a-becac33a4b37,scipy_LMC001_f7d9627c,1.0021141159813851,7.631345745783705e-08,7.615246232022402e-08,1.6732691000000002,0.0,10.0,2.328342815555488e-07,0.0,1.3908563026537498e-06,1.6236905842092986e-06,Canada,CAN,,gcp,northamerica-northeast2,Linux-6.8.0-1032-gcp-x86_64-with-glibc2.35,3.12.11,3.0.4,2,Intel(R) Xeon(R) CPU @ 2.60GHz,,,,,15.61648178100586,machine,Y,1.0
2025-08-07T10:38:25,scipy-benchmark,0c4be6b2-a965-4772-ae79-92d0be3dbbd6,scipy_LMC001_f7d9627c,1.0014921149704603,7.65042574840352e-08,7.63902744119875e-08,1.7000000000000002,0.0,10.0,2.3660511747908059e-07,0.0,1.391145041755711e-06,1.6277501592347917e-06,Canada,CAN,,gcp,northamerica-northeast2,Linux-6.8.0-1032-gcp-x86_64-with-glibc2.35,3.12.11,3.0.4,2,Intel(R) Xeon(R) CPU @ 2.60GHz,,,,,15.61648178100586,machine,Y,1.0
2025-08-07T10:38:27,scipy-benchmark,fd553936-b123-49d6-a75f-a5456854e79b,scipy_LMC001_f7d9627c,1.0016062119975686,7.669200577763674e-08,7.656901969955325e-08,1.7272709000000002,0.0,10.0,2.40446748311792e-07,0.0,1.3912980554677131e-06,1.6317448037795051e-06,Canada,CAN,,gcp,northamerica-northeast2,Linux-6.8.0-1032-gcp-x86_64-with-glibc2.35,3.12.11,3.0.4,2,Intel(R) Xeon(R) CPU @ 2.60GHz,,,,,15.61648178100586,machine,Y,1.0
2025-08-07T10:38:29,scipy-benchmark,2b1f0539-6df6-43ff-ac28-3a91179225c6,scipy_LMC001_f7d9627c,1.0014928518794477,7.633061409349973e-08,7.621683365013957e-08,1.6732691000000002,0.0,10.0,2.328803416088361e-07,0.0,1.3911752774017968e-06,1.624055619010633e-06,Canada,CAN,,gcp,northamerica-northeast2,Linux-6.8.0-1032-gcp-x86_64-with-glibc2.35,3.12.11,3.0.4,2,Intel(R) Xeon(R) CPU @ 2.60GHz,,,,,15.61648178100586,machine,Y,1.0
2025-08-07T10:38:31,scipy-benchmark,43c27f19-af6f-423c-9b1f-006c5512aeb6,scipy_LMC001_f7d9627c,1.001428839052096,7.64948111452848e-08,7.638566831936962e-08,1.7000000000000002,0.0,10.0,2.365617844107975e-07,0.0,1.390987388893134e-06,1.6275491733039316e-06,Canada,CAN,,gcp,northamerica-northeast2,Linux-6.8.0-1032-gcp-x86_64-with-glibc2.35,3.12.11,3.0.4,2,Intel(R) Xeon(R) CPU @ 2.60GHz,,,,,15.61648178100586,machine,Y,1.0
2025-08-07T10:38:34,scipy-benchmark,4f94c738-ea47-4f52-ae3d-e44fc234cc0d,scipy_LMC001_f7d9627c,1.001438818871975,7.668097713078307e-08,7.657080561062815e-08,1.7272709000000002,0.0,10.0,2.40379487902075e-07,0.0,1.3911306638167137e-06,1.6315101517187884e-06,Canada,CAN,,gcp,northamerica-northeast2,Linux-6.8.0-1032-gcp-x86_64-with-glibc2.35,3.12.11,3.0.4,2,Intel(R) Xeon(R) CPU @ 2.60GHz,,,,,15.61648178100586,machine,Y,1.0
2025-08-07T10:38:36,scipy-benchmark,21093c60-4c70-46f2-9e5b-9828190874fe,scipy_LMC001_f7d9627c,1.0014157129917294,7.649734114336188e-08,7.638919596620478e-08,1.7000000000000002,0.0,10.0,2.3657105037192299e-07,0.0,1.3910319526783296e-06,1.6276030030502526e-06,Canada,CAN,,gcp,northamerica-northeast2,Linux-6.8.0-1032-gcp-x86_64-with-glibc2.35,3.12.11,3.0.4,2,Intel(R) Xeon(R) CPU @ 2.60GHz,,,,,15.61648178100586,machine,Y,1.0
2025-08-07T10:38:38,scipy-benchmark,f85da1ae-44f1-4404-b028-459926bb99f4,scipy_LMC001_f7d9627c,1.0013619880191982,7.666726801329139e-08,7.656299013800943e-08,1.7272709000000002,0.0,10.0,2.403402097844551e-07,0.0,1.3908782585834465e-06,1.6312184683679016e-06,Canada,CAN,,gcp,northamerica-northeast2,Linux-6.8.0-1032-gcp-x86_64-with-glibc2.35,3.12.11,3.0.4,2,Intel(R) Xeon(R) CPU @ 2.60GHz,,,,,15.61648178100586,machine,Y,1.0
2025-08-07T10:38:40,scipy-benchmark,a05fbb46-b11b-4435-85dd-4314b7535f4c,scipy_LMC001_f7d9627c,1.0013735031243414,7.64864366147085e-08,7.638152634962533e-08,1.7000000000000002,0.0,10.0,2.365359860381836e-07,0.0,1.390835005764125e-06,1.6273709918023083e-06,Canada,CAN,,gcp,northamerica-northeast2,Linux-6.8.0-1032-gcp-x86_64-with-glibc2.35,3.12.11,3.0.4,2,Intel(R) Xeon(R) CPU @ 2.60GHz,,,,,15.61648178100586,machine,Y,1.0
2025-08-07T10:38:42,scipy-benchmark,bf3eb489-6b71-474d-bae6-3290ac0d5092,scipy_LMC001_f7d9627c,1.0013662718702108,7.666792899718961e-08,7.65633226831178e-08,1.7272709000000002,0.0,10.0,2.403412321685999e-07,0.0,1.3908912996864982e-06,1.631232531855098e-06,Canada,CAN,,gcp,northamerica-northeast2,Linux-6.8.0-1032-gcp-x86_64-with-glibc2.35,3.12.11,3.0.4,2,Intel(R) Xeon(R) CPU @ 2.60GHz,,,,,15.61648178100586,machine,Y,1.0
2025-08-07T10:38:45,scipy-benchmark,f1a1f366-503d-4fae-a13b-465a6d00529b,scipy_LMC001_f7d9627c,1.0013729070778936,7.667056945753858e-08,7.656545220628244e-08,1.7272709000000002,0.0,10.0,2.40350873210869e-07,0.0,1.3909378386516535e-06,1.6312887118625228e-06,Canada,CAN,,gcp,northamerica-northeast2,Linux-6.8.0-1032-gcp-x86_64-with-glibc2.35,3.12.11,3.0.4,2,Intel(R) Xeon(R) CPU @ 2.60GHz,,,,,15.61648178100586,machine,Y,1.0
2025-08-07T10:38:47,scipy-benchmark,dca2f337-c35d-4046-bdd5-7e7dfdf28689,scipy_LMC001_f7d9627c,1.002098558936268,7.714935439900507e-08,7.69877909822557e-08,1.7834543000000005,0.0,10.0,2.485262426327338e-07,0.0,1.392949382878012e-06,1.6414756255107457e-06,Canada,CAN,,gcp,northamerica-northeast2,Linux-6.8.0-1032-gcp-x86_64-with-glibc2.35,3.12.11,3.0.4,2,Intel(R) Xeon(R) CPU @ 2.60GHz,,,,,15.61648178100586,machine,Y,1.0
2025-08-07T10:38:49,scipy-benchmark,adc69228-db26-4d89-9b96-4ef32c43fb2a,scipy_LMC001_f7d9627c,1.0014717020094397,7.650607030869127e-08,7.639364163279188e-08,1.7000000000000002,0.0,10.0,2.365987939410843e-07,0.0,1.39118993603107e-06,1.6277887299721543e-06,Canada,CAN,,gcp,northamerica-northeast2,Linux-6.8.0-1032-gcp-x86_64-with-glibc2.35,3.12.11,3.0.4,2,Intel(R) Xeon(R) CPU @ 2.60GHz,,,,,15.61648178100586,machine,Y,1.0
2025-08-07T10:38:51,scipy-benchmark,0001274b-c75f-4cb0-bc91-acbe178f0a29,scipy_LMC001_f7d9627c,1.001484622946009,7.650244756961994e-08,7.638903865001654e-08,1.7000000000000002,0.0,10.0,2.365984586002823e-07,0.0,1.3911131918171628e-06,1.627711650417445e-06,Canada,CAN,,gcp,northamerica-northeast2,Linux-6.8.0-1032-gcp-x86_64-with-glibc2.35,3.12.11,3.0.4,2,Intel(R) Xeon(R) CPU @ 2.60GHz,,,,,15.61648178100586,machine,Y,1.0
2025-08-07T10:38:53,scipy-benchmark,4976c81d-10d7-455b-9d39-4659679604af,scipy_LMC001_f7d9627c,1.00154409580864,7.651472843879472e-08,7.63967645149136e-08,1.7000000000000002,0.0,10.0,2.3662900946672177e-07,0.0,1.3913439360395489e-06,1.6279729455062709e-06,Canada,CAN,,gcp,northamerica-northeast2,Linux-6.8.0-1032-gcp-x86_64-with-glibc2.35,3.12.11,3.0.4,2,Intel(R) Xeon(R) CPU @ 2.60GHz,,,,,15.61648178100586,machine,Y,1.0
2025-08-07T10:38:55,scipy-benchmark,8440ec2c-1c7b-4392-8d91-f418c0ff8c2b,scipy_LMC001_f7d9627c,1.0014571088831872,7.686152040755289e-08,7.674968775574217e-08,1.7550872000000004,0.0,10.0,2.442498035224116e-07,0.0,1.3911016945106286e-06,1.6353514980330405e-06,Canada,CAN,,gcp,northamerica-northeast2,Linux-6.8.0-1032-gcp-x86_64-with-glibc2.35,3.12.11,3.0.4,2,Intel(R) Xeon(R) CPU @ 2.60GHz,,,,,15.61648178100586,machine,Y,1.0
2025-08-07T10:38:58,scipy-benchmark,c0482430-bd20-4b0e-9d0b-b5b4065f0a71,scipy_LMC001_f7d9627c,1.0015015040989963,7.649806595441704e-08,7.638337600225446e-08,1.7000000000000002,0.0,10.0,2.366180605345613e-07,0.0,1.3910003640275035e-06,1.6276184245620648e-06,Canada,CAN,,gcp,northamerica-northeast2,Linux-6.8.0-1032-gcp-x86_64-with-glibc2.35,3.12.11,3.0.4,2,Intel(R) Xeon(R) CPU @ 2.60GHz,,,,,15.61648178100586,machine,Y,1.0
2025-08-07T10:39:00,scipy-benchmark,479611ca-2ba8-4677-8fb4-c2f1158b99c5,scipy_LMC001_f7d9627c,1.0014524240978062,7.649759390570559e-08,7.63866480972585e-08,1.7000000000000002,0.0,10.0,2.3658140569589e-07,0.0,1.3910269752765694e-06,1.6276083809724597e-06,Canada,CAN,,gcp,northamerica-northeast2,Linux-6.8.0-1032-gcp-x86_64-with-glibc2.35,3.12.11,3.0.4,2,Intel(R) Xeon(R) CPU @ 2.60GHz,,,,,15.61648178100586,machine,Y,1.0
2025-08-07T10:39:02,scipy-benchmark,d5f9efe1-6d23-4644-9ee5-7d43fed98902,scipy_LMC001_f7d9627c,1.00142187718302,7.649697278937998e-08,7.638835792619636e-08,1.7000000000000002,0.0,10.0,2.365678463829682e-07,0.0,1.3910273193485208e-06,1.627595165731489e-06,Canada,CAN,,gcp,northamerica-northeast2,Linux-6.8.0-1032-gcp-x86_64-with-glibc2.35,3.12.11,3.0.4,2,Intel(R) Xeon(R) CPU @ 2.60GHz,,,,,15.61648178100586,machine,Y,1.0
2025-08-07T10:39:04,scipy-benchmark,d4a38d5e-de9d-4774-8d93-84d68ac0d193,scipy_LMC001_f7d9627c,1.0014378558844328,7.649726150356259e-08,7.638742739159091e-08,1.7000000000000002,0.0,10.0,2.365819365238875e-07,0.0,1.3910193720625507e-06,1.627601308586438e-06,Canada,CAN,,gcp,northamerica-northeast2,Linux-6.8.0-1032-gcp-x86_64-with-glibc2.35,3.12.11,3.0.4,2,Intel(R) Xeon(R) CPU @ 2.60GHz,,,,,15.61648178100586,machine,Y,1.0
2025-08-07T10:39:06,scipy-benchmark,dcb01b53-80c0-46a3-ae71-cdac75016a17,scipy_LMC001_f7d9627c,1.0014282572083175,7.650081954130049e-08,7.639171252722777e-08,1.7000000000000002,0.0,10.0,2.3658113324523179e-07,0.0,1.3910958782718e-06,1.6276770115170317e-06,Canada,CAN,,gcp,northamerica-northeast2,Linux-6.8.0-1032-gcp-x86_64-with-glibc2.35,3.12.11,3.0.4,2,Intel(R) Xeon(R) CPU @ 2.60GHz,,,,,15.61648178100586,machine,Y,1.0
2025-08-07T10:39:09,scipy-benchmark,995f5f62-48a0-4c7f-af3b-8aea754cada0,scipy_LMC001_f7d9627c,1.00141538400203,7.64957099221065e-08,7.638759214622913e-08,1.7000000000000002,0.0,10.0,2.365789237341637e-07,0.0,1.3909893724808677e-06,1.6275682962150317e-06,Canada,CAN,,gcp,northamerica-northeast2,Linux-6.8.0-1032-gcp-x86_64-with-glibc2.35,3.12.11,3.0.4,2,Intel(R) Xeon(R) CPU @ 2.60GHz,,,,,15.61648178100586,machine,Y,1.0
2025-08-07T10:39:11,scipy-benchmark,75511176-b3bf-4e44-9dd3-ba843258f17e,scipy_LMC001_f7d9627c,1.0014551510103047,7.650171590578976e-08,7.639055611088727e-08,1.7000000000000002,0.0,10.0,2.365853638168321e-07,0.0,1.3911107192850775e-06,1.6276960831019097e-06,Canada,CAN,,gcp,northamerica-northeast2,Linux-6.8.0-1032-gcp-x86_64-with-glibc2.35,3.12.11,3.0.4,2,Intel(R) Xeon(R) CPU @ 2.60GHz,,,,,15.61648178100586,machine,Y,1.0
2025-08-07T10:39:13,scipy-benchmark,c39d1c21-cf43-4d0a-af41-b80092ba1dbe,scipy_LMC001_f7d9627c,1.0021265868563205,7.660482221439532e-08,7.644226110665849e-08,1.7000000000000002,0.0,10.0,2.369008980717303e-07,0.0,1.3929889362771063e-06,1.6298898343488366e-06,Canada,CAN,,gcp,northamerica-northeast2,Linux-6.8.0-1032-gcp-x86_64-with-glibc2.35,3.12.11,3.0.4,2,Intel(R) Xeon(R) CPU @ 2.60GHz,,,,,15.61648178100586,machine,Y,1.0
2025-08-07T10:39:15,scipy-benchmark,4eabe6c0-26bd-4354-94c2-60b6098c5389,scipy_LMC001_f7d9627c,1.0014127870090306,7.649440643244371e-08,7.63864885936931e-08,1.7000000000000002,0.0,10.0,2.365719900958033e-07,0.0,1.390968572296616e-06,1.6275405623924194e-06,Canada,CAN,,gcp,northamerica-northeast2,Linux-6.8.0-1032-gcp-x86_64-with-glibc2.35,3.12.11,3.0.4,2,Intel(R) Xeon(R) CPU @ 2.60GHz,,,,,15.61648178100586,machine,Y,1.0
2025-08-07T10:39:17,scipy-benchmark,1f897537-5f8d-4d29-9e1a-1ce3a6a9ab42,scipy_LMC001_f7d9627c,1.0015115879941732,7.668509927262372e-08,7.656935795042433e-08,1.7272709000000002,0.0,10.0,2.4040183166518136e-07,0.0,1.3911960251991531e-06,1.631597856864335e-06,Canada,CAN,,gcp,northamerica-northeast2,Linux-6.8.0-1032-gcp-x86_64-with-glibc2.35,3.12.11,3.0.4,2,Intel(R) Xeon(R) CPU @ 2.60GHz,,,,,15.61648178100586,machine,Y,1.0
2025-08-07T10:39:19,scipy-benchmark,3c4daa55-4197-442b-92e8-70a5be30f87b,scipy_LMC001_f7d9627c,1.0013970469590276,7.649580686832391e-08,7.638908772561397e-08,1.7000000000000002,0.0,10.0,2.3656681738147098e-07,0.0,1.3910035415190376e-06,1.6275703589005086e-06,Canada,CAN,,gcp,northamerica-northeast2,Linux-6.8.0-1032-gcp-x86_64-with-glibc2.35,3.12.11,3.0.4,2,Intel(R) Xeon(R) CPU @ 2.60GHz,,,,,15.61648178100586,machine,Y,1.0
2025-08-07T10:39:22,scipy-benchmark,c8f573a8-f074-4b03-89a1-a686c5e1374a,scipy_LMC001_f7d9627c,1.001347895944491,7.648344249645665e-08,7.638048954436155e-08,1.7000000000000002,0.0,10.0,2.3654071808171775e-07,0.0,1.390766569076934e-06,1.6273072871586515e-06,Canada,CAN,,gcp,northamerica-northeast2,Linux-6.8.0-1032-gcp-x86_64-with-glibc2.35,3.12.11,3.0.4,2,Intel(R) Xeon(R) CPU @ 2.60GHz,,,,,15.61648178100586,machine,Y,1.0
2025-08-07T10:39:24,scipy-benchmark,27680a8f-53f0-44b1-bca5-dbc7d88ffb47,scipy_LMC001_f7d9627c,1.0013459518086163,7.648997591157808e-08,7.638716247209365e-08,1.7000000000000002,0.0,10.0,2.365490461880755e-07,0.0,1.390897249802947e-06,1.6274462959910224e-06,Canada,CAN,,gcp,northamerica-northeast2,Linux-6.8.0-1032-gcp-x86_64-with-glibc2.35,3.12.11,3.0.4,2,Intel(R) Xeon(R) CPU @ 2.60GHz,,,,,15.61648178100586,machine,Y,1.0
2025-08-07T10:39:26,scipy-benchmark,37af0433-2268-4093-be1e-afa5604bd2f6,scipy_LMC001_f7d9627c,1.001370915910229,7.649179816275136e-08,7.638707790231918e-08,1.7000000000000002,0.0,10.0,2.3655488100808322e-07,0.0,1.390930186284499e-06,1.627485067292582e-06,Canada,CAN,,gcp,northamerica-northeast2,Linux-6.8.0-1032-gcp-x86_64-with-glibc2.35,3.12.11,3.0.4,2,Intel(R) Xeon(R) CPU @ 2.60GHz,,,,,15.61648178100586,machine,Y,1.0
2025-08-07T10:39:28,scipy-benchmark,7c4471c1-0f5d-460f-921f-fade4e39f382,scipy_LMC001_f7d9627c,1.0021584981586784,7.648600847069044e-08,7.63212691517584e-08,1.7000000000000002,0.0,10.0,2.365544489132137e-07,0.0,1.3908074334419022e-06,1.627361882355116e-06,Canada,CAN,,gcp,northamerica-northeast2,Linux-6.8.0-1032-gcp-x86_64-with-glibc2.35,3.12.11,3.0.4,2,Intel(R) Xeon(R) CPU @ 2.60GHz,,,,,15.61648178100586,machine,Y,1.0
2025-08-07T10:39:30,scipy-benchmark,e1efe873-5932-40d8-aa62-9d9109ec1b7b,scipy_LMC001_f7d9627c,1.001497857971117,7.668022832850844e-08,7.656554401808803e-08,1.7272709000000002,0.0,10.0,2.403936447722144e-07,0.0,1.3911005749832838e-06,1.6314942197554982e-06,Canada,CAN,,gcp,northamerica-northeast2,Linux-6.8.0-1032-gcp-x86_64-with-glibc2.35,3.12.11,3.0.4,2,Intel(R) Xeon(R) CPU @ 2.60GHz,,,,,15.61648178100586,machine,Y,1.0
2025-08-07T10:39:33,scipy-benchmark,789ca1ce-f230-4c5f-af07-901041daf57e,scipy_LMC001_f7d9627c,1.0015295161865652,7.668556443404759e-08,7.656845174771923e-08,1.7272709000000002,0.0,10.0,2.4039900904933937e-07,0.0,1.3912087448665669e-06,1.631607753915906e-06,Canada,CAN,,gcp,northamerica-northeast2,Linux-6.8.0-1032-gcp-x86_64-with-glibc2.35,3.12.11,3.0.4,2,Intel(R) Xeon(R) CPU @ 2.60GHz,,,,,15.61648178100586,machine,Y,1.0
2025-08-07T10:39:35,scipy-benchmark,6ec92322-115b-499e-a714-e14c2b1f8c30,scipy_LMC001_f7d9627c,1.0015115120913831,7.650494005769078e-08,7.638947644039669e-08,1.7000000000000002,0.0,10.0,2.365915570666807e-07,0.0,1.3911731250118463e-06,1.6277646820785273e-06,Canada,CAN,,gcp,northamerica-northeast2,Linux-6.8.0-1032-gcp-x86_64-with-glibc2.35,3.12.11,3.0.4,2,Intel(R) Xeon(R) CPU @ 2.60GHz,,,,,15.61648178100586,machine,Y,1.0
2025-08-07T10:39:37,scipy-benchmark,1c7e3223-ca22-45d2-8928-c44aa088e1fd,scipy_LMC001_f7d9627c,1.0014537470415237,7.650279937742097e-08,7.639174510397925e-08,1.7000000000000002,0.0,10.0,2.365881995905915e-07,0.0,1.3911309360992165e-06,1.627719135689808e-06,Canada,CAN,,gcp,northamerica-northeast2,Linux-6.8.0-1032-gcp-x86_64-with-glibc2.35,3.12.11,3.0.4,2,Intel(R) Xeon(R) CPU @ 2.60GHz,,,,,15.61648178100586,machine,Y,1.0
2025-08-07T10:39:39,scipy-benchmark,b2ff4f4e-027e-457e-a660-db4b21484c78,scipy_LMC001_f7d9627c,1.0015075411647558,7.650491813209373e-08,7.6389757428205e-08,1.7000000000000002,0.0,10.0,2.365974183841092e-07,0.0,1.3911667971923532e-06,1.6277642155764625e-06,Canada,CAN,,gcp,northamerica-northeast2,Linux-6.8.0-1032-gcp-x86_64-with-glibc2.35,3.12.11,3.0.4,2,Intel(R) Xeon(R) CPU @ 2.60GHz,,,,,15.61648178100586,machine,Y,1.0
2025-08-07T10:39:41,scipy-benchmark,6081a1e0-5ac3-4ad2-b400-cbd3b71a1015,scipy_LMC001_f7d9627c,1.0014235109556466,7.6499247201201e-08,7.63905044811647e-08,1.7000000000000002,0.0,10.0,2.365770514330103e-07,0.0,1.3910665060393512e-06,1.6276435574723615e-06,Canada,CAN,,gcp,northamerica-northeast2,Linux-6.8.0-1032-gcp-x86_64-with-glibc2.35,3.12.11,3.0.4,2,Intel(R) Xeon(R) CPU @ 2.60GHz,,,,,15.61648178100586,machine,Y,1.0
2025-08-07T10:39:43,scipy-benchmark,04146308-98f7-4fca-a4ee-7b3e242512a7,scipy_LMC001_f7d9627c,1.0014103141147643,7.66735743677269e-08,7.656559283145142e-08,1.7272709000000002,0.0,10.0,2.403570156706812e-07,0.0,1.3909956304511678e-06,1.631352646121849e-06,Canada,CAN,,gcp,northamerica-northeast2,Linux-6.8.0-1032-gcp-x86_64-with-glibc2.35,3.12.11,3.0.4,2,Intel(R) Xeon(R) CPU @ 2.60GHz,,,,,15.61648178100586,machine,Y,1.0
2025-08-07T10:39:46,scipy-benchmark,4e51ae3e-8a30-4d6d-901d-ad8255d4cb51,scipy_LMC001_f7d9627c,1.0014166268520055,7.649941269705434e-08,7.639119487913176e-08,1.7000000000000002,0.0,10.0,2.3657790088974365e-07,0.0,1.3910691777709872e-06,1.6276470786607308e-06,Canada,CAN,,gcp,northamerica-northeast2,Linux-6.8.0-1032-gcp-x86_64-with-glibc2.35,3.12.11,3.0.4,2,Intel(R) Xeon(R) CPU @ 2.60GHz,,,,,15.61648178100586,machine,Y,1.0
2025-08-07T10:39:48,scipy-benchmark,dcc9ae50-34c3-46c7-904c-d74c5f7ab890,scipy_LMC001_f7d9627c,1.0013815548736602,7.64945440983219e-08,7.638900849134658e-08,1.7000000000000002,0.0,10.0,2.365628274856137e-07,0.0,1.3909806639680434e-06,1.6275434914536569e-06,Canada,CAN,,gcp,northamerica-northeast2,Linux-6.8.0-1032-gcp-x86_64-with-glibc2.35,3.12.11,3.0.4,2,Intel(R) Xeon(R) CPU @ 2.60GHz,,,,,15.61648178100586,machine,Y,1.0
2025-08-07T10:39:50,scipy-benchmark,bad4a67f-19f4-49b5-8098-706deb8a76d4,scipy_LMC001_f7d9627c,1.001404392067343,7.685927741157152e-08,7.675148823034405e-08,1.7550872000000004,0.0,10.0,2.4424238254132376e-07,0.0,1.3910613921729642e-06,1.6353037747142878e-06,Canada,CAN,,gcp,northamerica-northeast2,Linux-6.8.0-1032-gcp-x86_64-with-glibc2.35,3.12.11,3.0.4,2,Intel(R) Xeon(R) CPU @ 2.60GHz,,,,,15.61648178100586,machine,Y,1.0
2025-08-07T10:39:52,scipy-benchmark,75dec410-5bd5-4b56-985a-04bfd9fc0b7c,scipy_LMC001_f7d9627c,1.001409434946254,7.649855430521875e-08,7.639088632046337e-08,1.7000000000000002,0.0,10.0,2.365742874551668e-07,0.0,1.391054527549487e-06,1.627628815004654e-06,Canada,CAN,,gcp,northamerica-northeast2,Linux-6.8.0-1032-gcp-x86_64-with-glibc2.35,3.12.11,3.0.4,2,Intel(R) Xeon(R) CPU @ 2.60GHz,,,,,15.61648178100586,machine,Y,1.0
2025-08-07T10:39:54,scipy-benchmark,18f03ef8-f53d-4119-820e-9f42c3cfbf8c,scipy_LMC001_f7d9627c,1.001400145934895,7.649764776978152e-08,7.63906896561956e-08,1.7000000000000002,0.0,10.0,2.3657514966584537e-07,0.0,1.3910343773507824e-06,1.6276095270166275e-06,Canada,CAN,,gcp,northamerica-northeast2,Linux-6.8.0-1032-gcp-x86_64-with-glibc2.35,3.12.11,3.0.4,2,Intel(R) Xeon(R) CPU @ 2.60GHz,,,,,15.61648178100586,machine,Y,1.0
2025-08-07T10:39:57,scipy-benchmark,b67fc6ea-ba70-407d-8a80-d88b3b9e813e,scipy_LMC001_f7d9627c,1.0014114030636847,7.649545442339474e-08,7.638764067332077e-08,1.7000000000000002,0.0,10.0,2.365731965530561e-07,0.0,1.3909896635191723e-06,1.6275628600722285e-06,Canada,CAN,,gcp,northamerica-northeast2,Linux-6.8.0-1032-gcp-x86_64-with-glibc2.35,3.12.11,3.0.4,2,Intel(R) Xeon(R) CPU @ 2.60GHz,,,,,15.61648178100586,machine,Y,1.0
2025-08-07T10:39:59,scipy-benchmark,8298d148-86f2-4c09-a6aa-b8148336c195,scipy_LMC001_f7d9627c,1.0014276038855314,7.649509474481197e-08,7.63860457291287e-08,1.7000000000000002,0.0,10.0,2.3656142982912979e-07,0.0,1.3909937775072951e-06,1.6275552073364249e-06,Canada,CAN,,gcp,northamerica-northeast2,Linux-6.8.0-1032-gcp-x86_64-with-glibc2.35,3.12.11,3.0.4,2,Intel(R) Xeon(R) CPU @ 2.60GHz,,,,,15.61648178100586,machine,Y,1.0
2025-08-07T10:40:01,scipy-benchmark,bac39f68-7d7b-41ea-8191-b8f4fbdd19ca,scipy_LMC001_f7d9627c,1.001492986921221,7.65072923280273e-08,7.639323822249139e-08,1.7000000000000002,0.0,10.0,2.3660251116638802e-07,0.0,1.3912122192171715e-06,1.6278147303835596e-06,Canada,CAN,,gcp,northamerica-northeast2,Linux-6.8.0-1032-gcp-x86_64-with-glibc2.35,3.12.11,3.0.4,2,Intel(R) Xeon(R) CPU @ 2.60GHz,,,,,15.61648178100586,machine,Y,1.0
2025-08-07T10:40:03,scipy-benchmark,68bb7f5f-fc2a-4fb1-b96b-21cfbe9755d0,scipy_LMC001_f7d9627c,1.0014215200208127,7.649523949418089e-08,7.638665433571977e-08,1.7000000000000002,0.0,10.0,2.3657461509962258e-07,0.0,1.3909836720106088e-06,1.6275582871102317e-06,Canada,CAN,,gcp,northamerica-northeast2,Linux-6.8.0-1032-gcp-x86_64-with-glibc2.35,3.12.11,3.0.4,2,Intel(R) Xeon(R) CPU @ 2.60GHz,,,,,15.61648178100586,machine,Y,1.0
2025-08-07T10:40:05,scipy-benchmark,06cf1a24-d301-49af-bdf2-fcb644f09f08,scipy_LMC001_f7d9627c,1.001354289939627,7.648350369236949e-08,7.638006294153968e-08,1.7000000000000002,0.0,10.0,2.3652592570417457e-07,0.0,1.3907826634951763e-06,1.6273085891993509e-06,Canada,CAN,,gcp,northamerica-northeast2,Linux-6.8.0-1032-gcp-x86_64-with-glibc2.35,3.12.11,3.0.4,2,Intel(R) Xeon(R) CPU @ 2.60GHz,,,,,15.61648178100586,machine,Y,1.0
2025-08-07T10:40:07,scipy-benchmark,948f922e-33a5-4885-b167-60836faa8ebc,scipy_LMC001_f7d9627c,1.001341667957604,7.64884535960672e-08,7.638596898906405e-08,1.7000000000000002,0.0,10.0,2.3654344236840405e-07,0.0,1.390870463930898e-06,1.627413906299302e-06,Canada,CAN,,gcp,northamerica-northeast2,Linux-6.8.0-1032-gcp-x86_64-with-glibc2.35,3.12.11,3.0.4,2,Intel(R) Xeon(R) CPU @ 2.60GHz,,,,,15.61648178100586,machine,Y,1.0
2025-08-07T10:40:10,scipy-benchmark,76231e4a-bce9-4119-a665-dd4a6ccc77eb,scipy_LMC001_f7d9627c,1.0013893290888518,7.648873847988177e-08,7.638261788696874e-08,1.7000000000000002,0.0,10.0,2.365450366115613e-07,0.0,1.3908749310454974e-06,1.627419967657059e-06,Canada,CAN,,gcp,northamerica-northeast2,Linux-6.8.0-1032-gcp-x86_64-with-glibc2.35,3.12.11,3.0.4,2,Intel(R) Xeon(R) CPU @ 2.60GHz,,,,,15.61648178100586,machine,Y,1.0
2025-08-07T10:40:12,scipy-benchmark,3caf25a4-6f85-403f-ba18-d1136cd2e0a2,scipy_LMC001_f7d9627c,1.0013227260205897,7.666778519804249e-08,7.656650868469956e-08,1.7272709000000002,0.0,10.0,2.403384306662416e-07,0.0,1.3908910416325349e-06,1.6312294722987764e-06,Canada,CAN,,gcp,northamerica-northeast2,Linux-6.8.0-1032-gcp-x86_64-with-glibc2.35,3.12.11,3.0.4,2,Intel(R) Xeon(R) CPU @ 2.60GHz,,,,,15.61648178100586,machine,Y,1.0
2025-08-07T10:40:14,scipy-benchmark,191a1a8f-582a-480e-8dff-5adad43ac211,scipy_LMC001_f7d9627c,1.0014829100109637,7.65029402398828e-08,7.638966124648624e-08,1.7000000000000002,0.0,10.0,2.36588640701181e-07,0.0,1.3911334920622824e-06,1.6277221327634631e-06,Canada,CAN,,gcp,northamerica-northeast2,Linux-6.8.0-1032-gcp-x86_64-with-glibc2.35,3.12.11,3.0.4,2,Intel(R) Xeon(R) CPU @ 2.60GHz,,,,,15.61648178100586,machine,Y,1.0
2025-08-07T10:40:16,scipy-benchmark,202d7526-5852-43c5-af5e-c4c9cf4c8539,scipy_LMC001_f7d9627c,1.0014414340257645,7.668042767208706e-08,7.657005698659185e-08,1.7272709000000002,0.0,10.0,2.403810660512024e-07,0.0,1.3911173950570326e-06,1.631498461108235e-06,Canada,CAN,,gcp,northamerica-northeast2,Linux-6.8.0-1032-gcp-x86_64-with-glibc2.35,3.12.11,3.0.4,2,Intel(R) Xeon(R) CPU @ 2.60GHz,,,,,15.61648178100586,machine,Y,1.0
2025-08-07T10:40:18,scipy-benchmark,c915b9f7-0e50-42f0-bf15-0c48ec69d29c,scipy_LMC001_f7d9627c,1.001478445949033,7.686416598376071e-08,7.675069423078974e-08,1.7550872000000004,0.0,10.0,2.442571145117488e-07,0.0,1.3911506723767769e-06,1.6354077868885256e-06,Canada,CAN,,gcp,northamerica-northeast2,Linux-6.8.0-1032-gcp-x86_64-with-glibc2.35,3.12.11,3.0.4,2,Intel(R) Xeon(R) CPU @ 2.60GHz,,,,,15.61648178100586,machine,Y,1.0
2025-08-07T10:40:20,scipy-benchmark,bdac0e1d-d9eb-4b2c-9c2b-e48b89406b91,scipy_LMC001_f7d9627c,1.001414512982592,7.64983156803711e-08,7.6390260664917e-08,1.7000000000000002,0.0,10.0,2.3657209872423362e-07,0.0,1.3910516391560022e-06,1.627623737880236e-06,Canada,CAN,,gcp,northamerica-northeast2,Linux-6.8.0-1032-gcp-x86_64-with-glibc2.35,3.12.11,3.0.4,2,Intel(R) Xeon(R) CPU @ 2.60GHz,,,,,15.61648178100586,machine,Y,1.0
2025-08-07T10:40:23,scipy-benchmark,66f16c64-3720-4b4b-a6d1-1b0aabcd951d,scipy_LMC001_f7d9627c,1.0039607798680663,1.182748110402221e-07,1.1780819869852377e-07,8.0,0.0,10.0,1.118771866377857e-06,0.0,1.3977134749034626e-06,2.51648534128132e-06,Canada,CAN,,gcp,northamerica-northeast2,Linux-6.8.0-1032-gcp-x86_64-with-glibc2.35,3.12.11,3.0.4,2,Intel(R) Xeon(R) CPU @ 2.60GHz,,,,,15.61648178100586,machine,Y,1.0
2025-08-07T10:40:25,scipy-benchmark,a5dc903e-cc5f-44fc-af82-e266f304c399,scipy_LMC001_f7d9627c,1.0014396158512682,7.64983890029964e-08,7.638841902411597e-08,1.7000000000000002,0.0,10.0,2.365736646008575e-07,0.0,1.3910516333352365e-06,1.6276252979360937e-06,Canada,CAN,,gcp,northamerica-northeast2,Linux-6.8.0-1032-gcp-x86_64-with-glibc2.35,3.12.11,3.0.4,2,Intel(R) Xeon(R) CPU @ 2.60GHz,,,,,15.61648178100586,machine,Y,1.0
2025-08-07T10:40:27,scipy-benchmark,340c0d80-1077-421b-af94-b85d11bf1fad,scipy_LMC001_f7d9627c,1.0015164990909398,7.650868288933353e-08,7.63928332271902e-08,1.7000000000000002,0.0,10.0,2.366166997105918e-07,0.0,1.3912276170837383e-06,1.62784431679433e-06,Canada,CAN,,gcp,northamerica-northeast2,Linux-6.8.0-1032-gcp-x86_64-with-glibc2.35,3.12.11,3.0.4,2,Intel(R) Xeon(R) CPU @ 2.60GHz,,,,,15.61648178100586,machine,Y,1.0
2025-08-07T10:40:29,scipy-benchmark,05301253-b904-42d4-b96b-0262ee70bb59,scipy_LMC001_f7d9627c,1.001402413006872,7.685333688420015e-08,7.674570770549239e-08,1.7550872000000004,0.0,10.0,2.4422946935089736e-07,0.0,1.390947911163999e-06,1.6351773805148964e-06,Canada,CAN,,gcp,northamerica-northeast2,Linux-6.8.0-1032-gcp-x86_64-with-glibc2.35,3.12.11,3.0.4,2,Intel(R) Xeon(R) CPU @ 2.60GHz,,,,,15.61648178100586,machine,Y,1.0
2025-08-07T10:40:32,scipy-benchmark,27ef89eb-58fa-40d2-bf79-de693e6008f6,scipy_LMC001_f7d9627c,1.0014835228212178,7.704322164376659e-08,7.692909557486563e-08,1.7834543000000005,0.0,10.0,2.481845596230081e-07,0.0,1.3910329221592594e-06,1.6392174817822676e-06,Canada,CAN,,gcp,northamerica-northeast2,Linux-6.8.0-1032-gcp-x86_64-with-glibc2.35,3.12.11,3.0.4,2,Intel(R) Xeon(R) CPU @ 2.60GHz,,,,,15.61648178100586,machine,Y,1.0
2025-08-07T10:40:34,scipy-benchmark,67dbce24-e545-4758-8ed1-3f833aa1dd61,scipy_LMC001_f7d9627c,1.0014026588760316,7.649247652971987e-08,7.638533396303798e-08,1.7000000000000002,0.0,10.0,2.3656611745375105e-07,0.0,1.3909333831785867e-06,1.6274995006323378e-06,Canada,CAN,,gcp,northamerica-northeast2,Linux-6.8.0-1032-gcp-x86_64-with-glibc2.35,3.12.11,3.0.4,2,Intel(R) Xeon(R) CPU @ 2.60GHz,,,,,15.61648178100586,machine,Y,1.0
2025-08-07T10:40:36,scipy-benchmark,7f925447-0213-465e-a183-07606f21a3b0,scipy_LMC001_f7d9627c,1.0014420640654862,7.649630521924056e-08,7.638615149506872e-08,1.7000000000000002,0.0,10.0,2.3657906204850106e-07,0.0,1.3910019000629998e-06,1.627580962111501e-06,Canada,CAN,,gcp,northamerica-northeast2,Linux-6.8.0-1032-gcp-x86_64-with-glibc2.35,3.12.11,3.0.4,2,Intel(R) Xeon(R) CPU @ 2.60GHz,,,,,15.61648178100586,machine,Y,1.0
2025-08-07T10:40:38,scipy-benchmark,a7b50831-6e6a-4f9e-88ae-6d9ff160724c,scipy_LMC001_f7d9627c,1.001432111952454,7.649438532848662e-08,7.638499346635534e-08,1.7000000000000002,0.0,10.0,2.36562366254576e-07,0.0,1.3909777471174796e-06,1.6275401133720556e-06,Canada,CAN,,gcp,northamerica-northeast2,Linux-6.8.0-1032-gcp-x86_64-with-glibc2.35,3.12.11,3.0.4,2,Intel(R) Xeon(R) CPU @ 2.60GHz,,,,,15.61648178100586,machine,Y,1.0
2025-08-07T10:40:40,scipy-benchmark,4d34c735-6a43-4a28-b21f-8062122d4367,scipy_LMC001_f7d9627c,1.0014559619594363,7.667819365519043e-08,7.656671543016511e-08,1.7272709000000002,0.0,10.0,2.4037403984128426e-07,0.0,1.3910768889925546e-06,1.631450928833839e-06,Canada,CAN,,gcp,northamerica-northeast2,Linux-6.8.0-1032-gcp-x86_64-with-glibc2.35,3.12.11,3.0.4,2,Intel(R) Xeon(R) CPU @ 2.60GHz,,,,,15.61648178100586,machine,Y,1.0
2025-08-07T10:40:43,scipy-benchmark,39229827-df5b-44be-9a2d-381e5762bfb6,scipy_LMC001_f7d9627c,1.0015033730305731,7.615301764248471e-08,7.603870310695398e-08,1.6470728,0.0,10.0,2.292219261657785e-07,0.0,1.3910550449509174e-06,1.620276971116696e-06,Canada,CAN,,gcp,northamerica-northeast2,Linux-6.8.0-1032-gcp-x86_64-with-glibc2.35,3.12.11,3.0.4,2,Intel(R) Xeon(R) CPU @ 2.60GHz,,,,,15.61648178100586,machine,Y,1.0
2025-08-07T10:40:45,scipy-benchmark,24927366-acb2-44ca-8ba8-27b98d6904f3,scipy_LMC001_f7d9627c,1.00144137092866,7.650169782332765e-08,7.63915892074499e-08,1.7000000000000002,0.0,10.0,2.365843400928296e-07,0.0,1.391111358275844e-06,1.6276956983686734e-06,Canada,CAN,,gcp,northamerica-northeast2,Linux-6.8.0-1032-gcp-x86_64-with-glibc2.35,3.12.11,3.0.4,2,Intel(R) Xeon(R) CPU @ 2.60GHz,,,,,15.61648178100586,machine,Y,1.0
2025-08-07T10:40:47,scipy-benchmark,359a03f3-782d-4910-95ac-e254db83020b,scipy_LMC001_f7d9627c,1.0014605838805437,7.667577707613749e-08,7.6563949006388e-08,1.7272709000000002,0.0,10.0,2.4036526813833055e-07,0.0,1.391034244119914e-06,1.6313995122582446e-06,Canada,CAN,,gcp,northamerica-northeast2,Linux-6.8.0-1032-gcp-x86_64-with-glibc2.35,3.12.11,3.0.4,2,Intel(R) Xeon(R) CPU @ 2.60GHz,,,,,15.61648178100586,machine,Y,1.0
2025-08-07T10:40:49,scipy-benchmark,55c44d75-fa0a-409f-b6bd-aed615431266,scipy_LMC001_f7d9627c,1.0013659847900271,7.684973230915303e-08,7.674489994311857e-08,1.7550872000000004,0.0,10.0,2.4421135192746986e-07,0.0,1.390889335501318e-06,1.635100687428788e-06,Canada,CAN,,gcp,northamerica-northeast2,Linux-6.8.0-1032-gcp-x86_64-with-glibc2.35,3.12.11,3.0.4,2,Intel(R) Xeon(R) CPU @ 2.60GHz,,,,,15.61648178100586,machine,Y,1.0
2025-08-07T10:40:51,scipy-benchmark,4135d2c2-aa2b-42bd-9a2b-d21229e8c866,scipy_LMC001_f7d9627c,1.0014180100988597,7.649425335511721e-08,7.63859373245801e-08,1.7000000000000002,0.0,10.0,2.36564132785942e-07,0.0,1.3909731726420838e-06,1.627537305428026e-06,Canada,CAN,,gcp,northamerica-northeast2,Linux-6.8.0-1032-gcp-x86_64-with-glibc2.35,3.12.11,3.0.4,2,Intel(R) Xeon(R) CPU @ 2.60GHz,,,,,15.61648178100586,machine,Y,1.0
2025-08-07T10:40:53,scipy-benchmark,90319561-4597-4936-9b4a-8e337cd4bb06,scipy_LMC001_f7d9627c,1.0013398888986558,7.666275075941682e-08,7.65601686393777e-08,1.7272709000000002,0.0,10.0,2.4032392592632224e-07,0.0,1.390798430657014e-06,1.6311223565833365e-06,Canada,CAN,,gcp,northamerica-northeast2,Linux-6.8.0-1032-gcp-x86_64-with-glibc2.35,3.12.11,3.0.4,2,Intel(R) Xeon(R) CPU @ 2.60GHz,,,,,15.61648178100586,machine,Y,1.0
2025-08-07T10:40:56,scipy-benchmark,57dfa0a2-d10e-44e4-a0e1-2439c85d7d6b,scipy_LMC001_f7d9627c,1.0014232969842851,7.64867348523759e-08,7.637802623796575e-08,1.7000000000000002,0.0,10.0,2.365391682574733e-07,0.0,1.3908381690271198e-06,1.627377337284593e-06,Canada,CAN,,gcp,northamerica-northeast2,Linux-6.8.0-1032-gcp-x86_64-with-glibc2.35,3.12.11,3.0.4,2,Intel(R) Xeon(R) CPU @ 2.60GHz,,,,,15.61648178100586,machine,Y,1.0
2025-08-07T10:40:58,scipy-benchmark,85ad025e-a7cf-4b07-86f4-47d7705afb4f,scipy_LMC001_f7d9627c,1.0014618448913095,7.650408304315837e-08,7.639240919004906e-08,1.7000000000000002,0.0,10.0,2.365945452280964e-07,0.0,1.3911519024986774e-06,1.627746447726774e-06,Canada,CAN,,gcp,northamerica-northeast2,Linux-6.8.0-1032-gcp-x86_64-with-glibc2.35,3.12.11,3.0.4,2,Intel(R) Xeon(R) CPU @ 2.60GHz,,,,,15.61648178100586,machine,Y,1.0
2025-08-07T10:41:00,scipy-benchmark,12466d6c-bf82-4201-9d36-80d5aeed26b9,scipy_LMC001_f7d9627c,1.0015084820333868,7.650542123836931e-08,7.639018801222584e-08,1.7000000000000002,0.0,10.0,2.3659803409181125e-07,0.0,1.3911768858734932e-06,1.6277749199653044e-06,Canada,CAN,,gcp,northamerica-northeast2,Linux-6.8.0-1032-gcp-x86_64-with-glibc2.35,3.12.11,3.0.4,2,Intel(R) Xeon(R) CPU @ 2.60GHz,,,,,15.61648178100586,machine,Y,1.0
2025-08-07T10:41:02,scipy-benchmark,088c404b-c6c0-47a4-b43e-ee11651d98b9,scipy_LMC001_f7d9627c,1.0016200821846724,7.65091685332526e-08,7.638541787857875e-08,1.7000000000000002,0.0,10.0,2.3661210488191705e-07,0.0,1.3912425447617552e-06,1.6278546496436722e-06,Canada,CAN,,gcp,northamerica-northeast2,Linux-6.8.0-1032-gcp-x86_64-with-glibc2.35,3.12.11,3.0.4,2,Intel(R) Xeon(R) CPU @ 2.60GHz,,,,,15.61648178100586,machine,Y,1.0
2025-08-07T10:41:04,scipy-benchmark,0ac7f330-c603-410c-a229-9220065fefd1,scipy_LMC001_f7d9627c,1.0014917340595275,7.650420171313453e-08,7.639024777870729e-08,1.7000000000000002,0.0,10.0,2.3659318055595378e-07,0.0,1.39115579206393e-06,1.6277489726198836e-06,Canada,CAN,,gcp,northamerica-northeast2,Linux-6.8.0-1032-gcp-x86_64-with-glibc2.35,3.12.11,3.0.4,2,Intel(R) Xeon(R) CPU @ 2.60GHz,,,,,15.61648178100586,machine,Y,1.0
2025-08-07T10:41:07,scipy-benchmark,a0e71b0c-35e5-49c8-adcd-627434318917,scipy_LMC001_f7d9627c,1.0013783490285275,7.667206926994965e-08,7.656653386238269e-08,1.7272709000000002,0.0,10.0,2.403521591225704e-07,0.0,1.3909684636423158e-06,1.6313206227648862e-06,Canada,CAN,,gcp,northamerica-northeast2,Linux-6.8.0-1032-gcp-x86_64-with-glibc2.35,3.12.11,3.0.4,2,Intel(R) Xeon(R) CPU @ 2.60GHz,,,,,15.61648178100586,machine,Y,1.0
2025-08-07T10:41:09,scipy-benchmark,01e07758-4116-4b05-9207-3f7662639cb1,scipy_LMC001_f7d9627c,1.0013928948901594,7.667250903581511e-08,7.656586083949113e-08,1.7272709000000002,0.0,10.0,2.403542405322497e-07,0.0,1.3909757389531782e-06,1.631329979485428e-06,Canada,CAN,,gcp,northamerica-northeast2,Linux-6.8.0-1032-gcp-x86_64-with-glibc2.35,3.12.11,3.0.4,2,Intel(R) Xeon(R) CPU @ 2.60GHz,,,,,15.61648178100586,machine,Y,1.0
2025-08-07T10:41:11,scipy-benchmark,67d11cc0-dc8d-4b8e-b3d5-2e72ed3b6351,scipy_LMC001_f7d9627c,1.0013965498656034,7.649516612747944e-08,7.638848579790475e-08,1.7000000000000002,0.0,10.0,2.365675204976773e-07,0.0,1.3909892056189065e-06,1.6275567261165835e-06,Canada,CAN,,gcp,northamerica-northeast2,Linux-6.8.0-1032-gcp-x86_64-with-glibc2.35,3.12.11,3.0.4,2,Intel(R) Xeon(R) CPU @ 2.60GHz,,,,,15.61648178100586,machine,Y,1.0
2025-08-07T10:41:13,scipy-benchmark,8387d2af-9f93-4fe4-b139-36da0396c83b,scipy_LMC001_f7d9627c,1.0013896899763497,7.649438808096522e-08,7.638823212047633e-08,1.7000000000000002,0.0,10.0,2.3656118046751045e-07,0.0,1.3909789914679197e-06,1.6275401719354302e-06,Canada,CAN,,gcp,northamerica-northeast2,Linux-6.8.0-1032-gcp-x86_64-with-glibc2.35,3.12.11,3.0.4,2,Intel(R) Xeon(R) CPU @ 2.60GHz,,,,,15.61648178100586,machine,Y,1.0
2025-08-07T10:41:15,scipy-benchmark,6bd68e0d-f247-4f39-bbc9-6e2e29c5618f,scipy_LMC001_f7d9627c,1.0014292460400611,7.631786968670113e-08,7.620894834905603e-08,1.6732691000000002,0.0,10.0,2.328427506645647e-07,0.0,1.3909417107546083e-06,1.623784461419173e-06,Canada,CAN,,gcp,northamerica-northeast2,Linux-6.8.0-1032-gcp-x86_64-with-glibc2.35,3.12.11,3.0.4,2,Intel(R) Xeon(R) CPU @ 2.60GHz,,,,,15.61648178100586,machine,Y,1.0
2025-08-07T10:41:17,scipy-benchmark,461a844d-f749-4429-933d-5d308a1b2f91,scipy_LMC001_f7d9627c,1.0014130340423435,7.649673674648187e-08,7.638879677618348e-08,1.7000000000000002,0.0,10.0,2.3656892112275173e-07,0.0,1.3910212224194158e-06,1.6275901435421676e-06,Canada,CAN,,gcp,northamerica-northeast2,Linux-6.8.0-1032-gcp-x86_64-with-glibc2.35,3.12.11,3.0.4,2,Intel(R) Xeon(R) CPU @ 2.60GHz,,,,,15.61648178100586,machine,Y,1.0
2025-08-07T10:41:20,scipy-benchmark,653a403d-8212-4ec3-8470-d2a1dab56a50,scipy_LMC001_f7d9627c,1.001408491982147,7.667423286165829e-08,7.656638971564185e-08,1.7272709000000002,0.0,10.0,2.4036103192448066e-07,0.0,1.3910056247065466e-06,1.6313666566310272e-06,Canada,CAN,,gcp,northamerica-northeast2,Linux-6.8.0-1032-gcp-x86_64-with-glibc2.35,3.12.11,3.0.4,2,Intel(R) Xeon(R) CPU @ 2.60GHz,,,,,15.61648178100586,machine,Y,1.0
2025-08-07T10:41:22,scipy-benchmark,9bce2a38-6276-4703-aa09-2c93a09af866,scipy_LMC001_f7d9627c,1.001414808211848,7.649775610648795e-08,7.63896793608278e-08,1.7000000000000002,0.0,10.0,2.3657429273266138e-07,0.0,1.3910375393202738e-06,1.6276118320529351e-06,Canada,CAN,,gcp,northamerica-northeast2,Linux-6.8.0-1032-gcp-x86_64-with-glibc2.35,3.12.11,3.0.4,2,Intel(R) Xeon(R) CPU @ 2.60GHz,,,,,15.61648178100586,machine,Y,1.0
2025-08-07T10:41:24,scipy-benchmark,b85cf5ae-7606-48c2-b7ce-1a959cd785c3,scipy_LMC001_f7d9627c,1.001454460900277,7.649766988414599e-08,7.638656860680109e-08,1.7000000000000002,0.0,10.0,2.365727531335627e-07,0.0,1.3910372444014584e-06,1.627609997535021e-06,Canada,CAN,,gcp,northamerica-northeast2,Linux-6.8.0-1032-gcp-x86_64-with-glibc2.35,3.12.11,3.0.4,2,Intel(R) Xeon(R) CPU @ 2.60GHz,,,,,15.61648178100586,machine,Y,1.0
2025-08-07T10:41:26,scipy-benchmark,7fb22699-0567-4587-9d5f-22761fa11234,scipy_LMC001_f7d9627c,1.001468384871259,7.650104297204074e-08,7.638887470409271e-08,1.7000000000000002,0.0,10.0,2.3658149629288045e-07,0.0,1.3911002690696885e-06,1.6276817653625688e-06,Canada,CAN,,gcp,northamerica-northeast2,Linux-6.8.0-1032-gcp-x86_64-with-glibc2.35,3.12.11,3.0.4,2,Intel(R) Xeon(R) CPU @ 2.60GHz,,,,,15.61648178100586,machine,Y,1.0
2025-08-07T10:41:28,scipy-benchmark,0640d0d0-eddd-4ed4-bd56-0f8a2446ec98,scipy_LMC001_f7d9627c,1.0013870520051569,7.649115103937865e-08,7.63852007934538e-08,1.7000000000000002,0.0,10.0,2.365487628525848e-07,0.0,1.3909225358575997e-06,1.627471298710184e-06,Canada,CAN,,gcp,northamerica-northeast2,Linux-6.8.0-1032-gcp-x86_64-with-glibc2.35,3.12.11,3.0.4,2,Intel(R) Xeon(R) CPU @ 2.60GHz,,,,,15.61648178100586,machine,Y,1.0
2025-08-07T10:41:31,scipy-benchmark,0759d900-9215-4ba8-b936-cce1295a7c16,scipy_LMC001_f7d9627c,1.00153513206169,7.686727408766166e-08,7.674945354081396e-08,1.7550872000000004,0.0,10.0,2.442972113290147e-07,0.0,1.3911767054297445e-06,1.6354739167587589e-06,Canada,CAN,,gcp,northamerica-northeast2,Linux-6.8.0-1032-gcp-x86_64-with-glibc2.35,3.12.11,3.0.4,2,Intel(R) Xeon(R) CPU @ 2.60GHz,,,,,15.61648178100586,machine,Y,1.0
2025-08-07T10:41:33,scipy-benchmark,f2b9f562-a9bb-48b3-8942-d7d9f88924d3,scipy_LMC001_f7d9627c,1.0013036041054877,7.648059950341444e-08,7.638102888058438e-08,1.7000000000000002,0.0,10.0,2.3652520851464946e-07,0.0,1.3907215894303388e-06,1.6272467979449882e-06,Canada,CAN,,gcp,northamerica-northeast2,Linux-6.8.0-1032-gcp-x86_64-with-glibc2.35,3.12.11,3.0.4,2,Intel(R) Xeon(R) CPU @ 2.60GHz,,,,,15.61648178100586,machine,Y,1.0
2025-08-07T10:41:35,scipy-benchmark,780ecc5f-fa21-48b0-b542-faefca0af6d4,scipy_LMC001_f7d9627c,1.0013614930212498,7.648731937608683e-08,7.638332401350259e-08,1.7000000000000002,0.0,10.0,2.3653923774448538e-07,0.0,1.3908505362148089e-06,1.6273897739592942e-06,Canada,CAN,,gcp,northamerica-northeast2,Linux-6.8.0-1032-gcp-x86_64-with-glibc2.35,3.12.11,3.0.4,2,Intel(R) Xeon(R) CPU @ 2.60GHz,,,,,15.61648178100586,machine,Y,1.0
2025-08-07T10:41:37,scipy-benchmark,9a88da8e-54a2-4296-b172-277d9e57aaac,scipy_LMC001_f7d9627c,1.0013385661877692,7.64842273653485e-08,7.638198502284224e-08,1.7000000000000002,0.0,10.0,2.365394752317419e-07,0.0,1.3907845112650344e-06,1.6273239864967764e-06,Canada,CAN,,gcp,northamerica-northeast2,Linux-6.8.0-1032-gcp-x86_64-with-glibc2.35,3.12.11,3.0.4,2,Intel(R) Xeon(R) CPU @ 2.60GHz,,,,,15.61648178100586,machine,Y,1.0
2025-08-07T10:41:39,scipy-benchmark,d51d436e-419a-4cd6-ba9d-ab19f5bba699,scipy_LMC001_f7d9627c,1.001394582912326,7.631882771870697e-08,7.62125430085224e-08,1.6732691000000002,0.0,10.0,2.3283935908178745e-07,0.0,1.3909654859970844e-06,1.6238048450788718e-06,Canada,CAN,,gcp,northamerica-northeast2,Linux-6.8.0-1032-gcp-x86_64-with-glibc2.35,3.12.11,3.0.4,2,Intel(R) Xeon(R) CPU @ 2.60GHz,,,,,15.61648178100586,machine,Y,1.0
2025-08-07T10:41:41,scipy-benchmark,2128acce-e36a-4d42-9ae3-9d89a295ace4,scipy_LMC001_f7d9627c,1.0015496981795875,7.650594980545187e-08,7.63875721239882e-08,1.7000000000000002,0.0,10.0,2.36597163305204e-07,0.0,1.39118900276824e-06,1.627786166073444e-06,Canada,CAN,,gcp,northamerica-northeast2,Linux-6.8.0-1032-gcp-x86_64-with-glibc2.35,3.12.11,3.0.4,2,Intel(R) Xeon(R) CPU @ 2.60GHz,,,,,15.61648178100586,machine,Y,1.0
2025-08-07T10:41:44,scipy-benchmark,2510c262-ee59-4244-9cbe-78ec77684111,scipy_LMC001_f7d9627c,1.0015194618608805,7.66833968001968e-08,7.656705607868538e-08,1.7272709000000002,0.0,10.0,2.4039266506188325e-07,0.0,1.391168968984857e-06,1.6315616340467405e-06,Canada,CAN,,gcp,northamerica-northeast2,Linux-6.8.0-1032-gcp-x86_64-with-glibc2.35,3.12.11,3.0.4,2,Intel(R) Xeon(R) CPU @ 2.60GHz,,,,,15.61648178100586,machine,Y,1.0
2025-08-07T10:41:46,scipy-benchmark,ea700fe7-79cb-41a3-be1e-11ee8bc399a9,scipy_LMC001_f7d9627c,1.001459003891796,7.650463579010428e-08,7.639317784631983e-08,1.7000000000000002,0.0,10.0,2.3659376657774882e-07,0.0,1.3911644417223418e-06,1.6277582083000906e-06,Canada,CAN,,gcp,northamerica-northeast2,Linux-6.8.0-1032-gcp-x86_64-with-glibc2.35,3.12.11,3.0.4,2,Intel(R) Xeon(R) CPU @ 2.60GHz,,,,,15.61648178100586,machine,Y,1.0
2025-08-07T10:41:48,scipy-benchmark,4d38e1fd-9481-405b-9483-05e9aa8d28ed,scipy_LMC001_f7d9627c,1.0014735290315002,7.615775843568726e-08,7.60457028847657e-08,1.6470728,0.0,10.0,2.292245001227769e-07,0.0,1.3911533389343983e-06,1.6203778390571755e-06,Canada,CAN,,gcp,northamerica-northeast2,Linux-6.8.0-1032-gcp-x86_64-with-glibc2.35,3.12.11,3.0.4,2,Intel(R) Xeon(R) CPU @ 2.60GHz,,,,,15.61648178100586,machine,Y,1.0
2025-08-07T10:41:50,scipy-benchmark,8d9a0afc-d8f6-48da-bc29-f19f3ffd5e67,scipy_LMC001_f7d9627c,1.0019808111246675,7.66797881767699e-08,7.652820026633157e-08,1.7272709000000002,0.0,10.0,2.4038252455725497e-07,0.0,1.3911023302676365e-06,1.6314848548248914e-06,Canada,CAN,,gcp,northamerica-northeast2,Linux-6.8.0-1032-gcp-x86_64-with-glibc2.35,3.12.11,3.0.4,2,Intel(R) Xeon(R) CPU @ 2.60GHz,,,,,15.61648178100586,machine,Y,1.0
2025-08-07T10:41:52,scipy-benchmark,4afd2fe1-bb19-4186-bad5-4076f3e8b7c2,scipy_LMC001_f7d9627c,1.0014086060691625,7.649733221657678e-08,7.638972918043155e-08,1.7000000000000002,0.0,10.0,2.365714295818988e-07,0.0,1.3910313835367562e-06,1.627602813118655e-06,Canada,CAN,,gcp,northamerica-northeast2,Linux-6.8.0-1032-gcp-x86_64-with-glibc2.35,3.12.11,3.0.4,2,Intel(R) Xeon(R) CPU @ 2.60GHz,,,,,15.61648178100586,machine,Y,1.0
2025-08-07T10:41:55,scipy-benchmark,eb41eb1a-dfd2-481f-94b1-a08c0b3e867f,scipy_LMC001_f7d9627c,1.0014064849819988,7.66731237511931e-08,7.656543561585918e-08,1.7272709000000002,0.0,10.0,2.403701083765544e-07,0.0,1.3909729501594686e-06,1.631343058536023e-06,Canada,CAN,,gcp,northamerica-northeast2,Linux-6.8.0-1032-gcp-x86_64-with-glibc2.35,3.12.11,3.0.4,2,Intel(R) Xeon(R) CPU @ 2.60GHz,,,,,15.61648178100586,machine,Y,1.0
2025-08-07T10:41:57,scipy-benchmark,fef03642-6aae-4048-97b1-7d4138dee9d4,scipy_LMC001_f7d9627c,1.0015631639398634,7.687193130667049e-08,7.67519554176476e-08,1.7550872000000004,0.0,10.0,2.443074205839516e-07,0.0,1.391265585940952e-06,1.6355730065249035e-06,Canada,CAN,,gcp,northamerica-northeast2,Linux-6.8.0-1032-gcp-x86_64-with-glibc2.35,3.12.11,3.0.4,2,Intel(R) Xeon(R) CPU @ 2.60GHz,,,,,15.61648178100586,machine,Y,1.0
2025-08-07T10:41:59,scipy-benchmark,d433ee59-63d4-41a8-b9a3-ab10b0ae221c,scipy_LMC001_f7d9627c,1.0014164000749588,7.649535367963836e-08,7.638715890204363e-08,1.7000000000000002,0.0,10.0,2.365742279734049e-07,0.0,1.3909864886146452e-06,1.6275607165880502e-06,Canada,CAN,,gcp,northamerica-northeast2,Linux-6.8.0-1032-gcp-x86_64-with-glibc2.35,3.12.11,3.0.4,2,Intel(R) Xeon(R) CPU @ 2.60GHz,,,,,15.61648178100586,machine,Y,1.0
2025-08-07T10:42:01,scipy-benchmark,35f132d4-6bf3-4c12-a3aa-f2deb6d771c7,scipy_LMC001_f7d9627c,1.0014093830250204,7.6496957259686e-08,7.638929548333851e-08,1.7000000000000002,0.0,10.0,2.365687350910675e-07,0.0,1.3910261002214006e-06,1.627594835312468e-06,Canada,CAN,,gcp,northamerica-northeast2,Linux-6.8.0-1032-gcp-x86_64-with-glibc2.35,3.12.11,3.0.4,2,Intel(R) Xeon(R) CPU @ 2.60GHz,,,,,15.61648178100586,machine,Y,1.0
2025-08-07T10:42:03,scipy-benchmark,5cbfca8b-bb75-4b58-9ac4-1679efe638c7,scipy_LMC001_f7d9627c,1.001467651920393,7.667754172934703e-08,7.656517070951997e-08,1.7272709000000002,0.0,10.0,2.4037451338656285e-07,0.0,1.3910625446846504e-06,1.6314370580712132e-06,Canada,CAN,,gcp,northamerica-northeast2,Linux-6.8.0-1032-gcp-x86_64-with-glibc2.35,3.12.11,3.0.4,2,Intel(R) Xeon(R) CPU @ 2.60GHz,,,,,15.61648178100586,machine,Y,1.0
2025-08-07T10:42:05,scipy-benchmark,83d7349f-b9aa-40f6-a106-18eca4cb442c,scipy_LMC001_f7d9627c,1.0014267119113356,7.649990082200386e-08,7.63909129965139e-08,1.7000000000000002,0.0,10.0,2.3658000034306e-07,0.0,1.391077463954894e-06,1.627657464297954e-06,Canada,CAN,,gcp,northamerica-northeast2,Linux-6.8.0-1032-gcp-x86_64-with-glibc2.35,3.12.11,3.0.4,2,Intel(R) Xeon(R) CPU @ 2.60GHz,,,,,15.61648178100586,machine,Y,1.0
2025-08-07T10:42:08,scipy-benchmark,413bbdb8-19ec-4377-bb39-56e6014708be,scipy_LMC001_f7d9627c,1.0014745108783245,7.66804605716852e-08,7.656756087025526e-08,1.7272709000000002,0.0,10.0,2.4038084765511364e-07,0.0,1.3911183134445715e-06,1.6314991610996852e-06,Canada,CAN,,gcp,northamerica-northeast2,Linux-6.8.0-1032-gcp-x86_64-with-glibc2.35,3.12.11,3.0.4,2,Intel(R) Xeon(R) CPU @ 2.60GHz,,,,,15.61648178100586,machine,Y,1.0
2025-08-07T10:42:10,scipy-benchmark,d2b4175a-bee4-48f7-a99d-1e39e0c1184b,scipy_LMC001_f7d9627c,1.0014834080357105,7.650412430389163e-08,7.63908055690561e-08,1.7000000000000002,0.0,10.0,2.365926446703573e-07,0.0,1.3911546809443584e-06,1.6277473256147157e-06,Canada,CAN,,gcp,northamerica-northeast2,Linux-6.8.0-1032-gcp-x86_64-with-glibc2.35,3.12.11,3.0.4,2,Intel(R) Xeon(R) CPU @ 2.60GHz,,,,,15.61648178100586,machine,Y,1.0
2025-08-07T10:42:12,scipy-benchmark,ce5943c6-8bc2-4c0d-a8f2-a46a4bae8120,scipy_LMC001_f7d9627c,1.0014135469682517,7.649854153742651e-08,7.63905598930866e-08,1.7000000000000002,0.0,10.0,2.365760181435488e-07,0.0,1.3910525252059516e-06,1.6276285433495004e-06,Canada,CAN,,gcp,northamerica-northeast2,Linux-6.8.0-1032-gcp-x86_64-with-glibc2.35,3.12.11,3.0.4,2,Intel(R) Xeon(R) CPU @ 2.60GHz,,,,,15.61648178100586,machine,Y,1.0
2025-08-07T10:42:14,scipy-benchmark,9fc14d45-5088-4178-8b3b-f8a15840fdb7,scipy_LMC001_f7d9627c,1.0015932561364025,7.633884985810737e-08,7.621741599237678e-08,1.6732691000000002,0.0,10.0,2.3290592262734337e-07,0.0,1.3913249254174943e-06,1.6242308480448378e-06,Canada,CAN,,gcp,northamerica-northeast2,Linux-6.8.0-1032-gcp-x86_64-with-glibc2.35,3.12.11,3.0.4,2,Intel(R) Xeon(R) CPU @ 2.60GHz,,,,,15.61648178100586,machine,Y,1.0
2025-08-07T10:42:16,scipy-benchmark,7d0b7c59-14bf-4bcd-b0c8-65a1ecfb780d,scipy_LMC001_f7d9627c,1.0015070571098477,7.68663140869074e-08,7.675064647944514e-08,1.7550872000000004,0.0,10.0,2.4426996901720615e-07,0.0,1.391183522193589e-06,1.6354534912107952e-06,Canada,CAN,,gcp,northamerica-northeast2,Linux-6.8.0-1032-gcp-x86_64-with-glibc2.35,3.12.11,3.0.4,2,Intel(R) Xeon(R) CPU @ 2.60GHz,,,,,15.61648178100586,machine,Y,1.0
2025-08-07T10:42:19,scipy-benchmark,ca3fb285-a25d-471b-8208-72fe74e95d2a,scipy_LMC001_f7d9627c,1.0014186531770974,7.649604772160011e-08,7.638768009654005e-08,1.7000000000000002,0.0,10.0,2.365687469654303e-07,0.0,1.39100673647287e-06,1.6275754834383002e-06,Canada,CAN,,gcp,northamerica-northeast2,Linux-6.8.0-1032-gcp-x86_64-with-glibc2.35,3.12.11,3.0.4,2,Intel(R) Xeon(R) CPU @ 2.60GHz,,,,,15.61648178100586,machine,Y,1.0
2025-08-07T10:42:21,scipy-benchmark,c26e3d3e-ac4e-4e2e-ab1a-6ee03e8c646c,scipy_LMC001_f7d9627c,1.0013879879843444,7.666726648898384e-08,7.656100073988748e-08,1.7272709000000002,0.0,10.0,2.403406003280489e-07,0.0,1.3908778356077771e-06,1.631218435935826e-06,Canada,CAN,,gcp,northamerica-northeast2,Linux-6.8.0-1032-gcp-x86_64-with-glibc2.35,3.12.11,3.0.4,2,Intel(R) Xeon(R) CPU @ 2.60GHz,,,,,15.61648178100586,machine,Y,1.0
2025-08-07T10:42:23,scipy-benchmark,e7cf3538-d2a5-4fe6-942a-e69805f278c6,scipy_LMC001_f7d9627c,1.0013885989319533,7.66654412079913e-08,7.655913128006451e-08,1.7272709000000002,0.0,10.0,2.403373947649988e-07,0.0,1.3908422054050285e-06,1.631179600170027e-06,Canada,CAN,,gcp,northamerica-northeast2,Linux-6.8.0-1032-gcp-x86_64-with-glibc2.35,3.12.11,3.0.4,2,Intel(R) Xeon(R) CPU @ 2.60GHz,,,,,15.61648178100586,machine,Y,1.0
2025-08-07T10:42:25,scipy-benchmark,6c21b869-99b9-4488-9c49-aaae78304bc6,scipy_LMC001_f7d9627c,1.0015088270884007,7.650929224736238e-08,7.639402687022856e-08,1.7000000000000002,0.0,10.0,2.36608176446882e-07,0.0,1.391249105411892e-06,1.6278572818587742e-06,Canada,CAN,,gcp,northamerica-northeast2,Linux-6.8.0-1032-gcp-x86_64-with-glibc2.35,3.12.11,3.0.4,2,Intel(R) Xeon(R) CPU @ 2.60GHz,,,,,15.61648178100586,machine,Y,1.0
2025-08-07T10:42:27,scipy-benchmark,c0159505-ee0e-44a3-80fe-455138ab4273,scipy_LMC001_f7d9627c,1.001840927870944,7.65073442457619e-08,7.636675855153071e-08,1.7000000000000002,0.0,10.0,2.366012182901614e-07,0.0,1.391214616726049e-06,1.6278158350162104e-06,Canada,CAN,,gcp,northamerica-northeast2,Linux-6.8.0-1032-gcp-x86_64-with-glibc2.35,3.12.11,3.0.4,2,Intel(R) Xeon(R) CPU @ 2.60GHz,,,,,15.61648178100586,machine,Y,1.0
2025-08-07T10:42:30,scipy-benchmark,2649761c-f9d1-43c7-8007-287cfe19bfc1,scipy_LMC001_f7d9627c,1.0014833752065897,7.632531805707233e-08,7.621226667025568e-08,1.6732691000000002,0.0,10.0,2.3285515385809533e-07,0.0,1.3910877835264222e-06,1.6239429373845176e-06,Canada,CAN,,gcp,northamerica-northeast2,Linux-6.8.0-1032-gcp-x86_64-with-glibc2.35,3.12.11,3.0.4,2,Intel(R) Xeon(R) CPU @ 2.60GHz,,,,,15.61648178100586,machine,Y,1.0
2025-08-07T10:42:32,scipy-benchmark,a0e141ad-7187-47e5-91a2-a3c893bf1fa5,scipy_LMC001_f7d9627c,1.0014544799923897,7.650196226767084e-08,7.63908532999445e-08,1.7000000000000002,0.0,10.0,2.3658896086918605e-07,0.0,1.391112363974874e-06,1.62770132484406e-06,Canada,CAN,,gcp,northamerica-northeast2,Linux-6.8.0-1032-gcp-x86_64-with-glibc2.35,3.12.11,3.0.4,2,Intel(R) Xeon(R) CPU @ 2.60GHz,,,,,15.61648178100586,machine,Y,1.0
2025-08-07T10:42:34,scipy-benchmark,58bde981-5ef7-49f5-9ae3-3b7eb1c7827e,scipy_LMC001_f7d9627c,1.001418753992766,7.667709435281679e-08,7.656846254086698e-08,1.7272709000000002,0.0,10.0,2.4037245889936804e-07,0.0,1.391055080522266e-06,1.631427539421634e-06,Canada,CAN,,gcp,northamerica-northeast2,Linux-6.8.0-1032-gcp-x86_64-with-glibc2.35,3.12.11,3.0.4,2,Intel(R) Xeon(R) CPU @ 2.60GHz,,,,,15.61648178100586,machine,Y,1.0
2025-08-07T10:42:36,scipy-benchmark,64084acb-a42c-4781-abd0-707befa58ba7,scipy_LMC001_f7d9627c,1.0013730791397393,7.631987514010042e-08,7.621522560369346e-08,1.6732691000000002,0.0,10.0,2.328391415616413e-07,0.0,1.3909879890787932e-06,1.6238271306404344e-06,Canada,CAN,,gcp,northamerica-northeast2,Linux-6.8.0-1032-gcp-x86_64-with-glibc2.35,3.12.11,3.0.4,2,Intel(R) Xeon(R) CPU @ 2.60GHz,,,,,15.61648178100586,machine,Y,1.0
2025-08-07T10:42:38,scipy-benchmark,fca122ea-6caa-481f-9b0e-0129fb1faf58,scipy_LMC001_f7d9627c,1.0014559840783477,7.66790152449651e-08,7.656753413434713e-08,1.7272709000000002,0.0,10.0,2.4037699248937544e-07,0.0,1.3910914169779668e-06,1.6314684094673422e-06,Canada,CAN,,gcp,northamerica-northeast2,Linux-6.8.0-1032-gcp-x86_64-with-glibc2.35,3.12.11,3.0.4,2,Intel(R) Xeon(R) CPU @ 2.60GHz,,,,,15.61648178100586,machine,Y,1.0
2025-08-07T10:42:40,scipy-benchmark,bc3905ce-3604-40fe-9686-cde6cc2a753f,scipy_LMC001_f7d9627c,1.001753533957526,7.688759112798545e-08,7.67530021324042e-08,1.7550872000000004,0.0,10.0,2.443956025254422e-07,0.0,1.3915105916870135e-06,1.635906194212456e-06,Canada,CAN,,gcp,northamerica-northeast2,Linux-6.8.0-1032-gcp-x86_64-with-glibc2.35,3.12.11,3.0.4,2,Intel(R) Xeon(R) CPU @ 2.60GHz,,,,,15.61648178100586,machine,Y,1.0
2025-08-07T10:42:43,scipy-benchmark,a5622842-3a0f-445c-b46d-1262ec5e44db,scipy_LMC001_f7d9627c,1.0014368179254234,7.632757913871173e-08,7.621806765286698e-08,1.6732691000000002,0.0,10.0,2.3286712601543585e-07,0.0,1.3911239194890692e-06,1.623991045504505e-06,Canada,CAN,,gcp,northamerica-northeast2,Linux-6.8.0-1032-gcp-x86_64-with-glibc2.35,3.12.11,3.0.4,2,Intel(R) Xeon(R) CPU @ 2.60GHz,,,,,15.61648178100586,machine,Y,1.0
2025-08-07T10:42:45,scipy-benchmark,0e1e3417-96e1-435d-8aa9-51bee87eb030,scipy_LMC001_f7d9627c,1.001433195080608,7.66758526820341e-08,7.6566118497662e-08,1.7272709000000002,0.0,10.0,2.403654817308224e-07,0.0,1.3910356391635205e-06,1.6314011208943427e-06,Canada,CAN,,gcp,northamerica-northeast2,Linux-6.8.0-1032-gcp-x86_64-with-glibc2.35,3.12.11,3.0.4,2,Intel(R) Xeon(R) CPU @ 2.60GHz,,,,,15.61648178100586,machine,Y,1.0
2025-08-07T10:42:47,scipy-benchmark,976cf62f-09ac-4834-a6f4-b990a74e29d9,scipy_LMC001_f7d9627c,1.0014710579998791,8.753640278133793e-08,8.740782080728736e-08,3.3878631032,0.0,10.0,4.714416851466633e-07,0.0,1.39103496977542e-06,1.862476654922084e-06,Canada,CAN,,gcp,northamerica-northeast2,Linux-6.8.0-1032-gcp-x86_64-with-glibc2.35,3.12.11,3.0.4,2,Intel(R) Xeon(R) CPU @ 2.60GHz,,,,,15.61648178100586,machine,Y,1.0
2025-08-07T10:42:49,scipy-benchmark,a64d6a52-5af6-44cd-9c6c-bedc6f8216eb,scipy_LMC001_f7d9627c,1.0022237349767238,7.667566217336923e-08,7.650553414118656e-08,1.7272709000000002,0.0,10.0,2.403767175672404e-07,0.0,1.391020349951254e-06,1.6313970675184945e-06,Canada,CAN,,gcp,northamerica-northeast2,Linux-6.8.0-1032-gcp-x86_64-with-glibc2.35,3.12.11,3.0.4,2,Intel(R) Xeon(R) CPU @ 2.60GHz,,,,,15.61648178100586,machine,Y,1.0
2025-08-07T10:42:51,scipy-benchmark,66fe4b5a-cf7f-458a-90f5-699ca9593a9f,scipy_LMC001_f7d9627c,1.001463911961764,7.65019286685856e-08,7.639010028701509e-08,1.7000000000000002,0.0,10.0,2.365903628136342e-07,0.0,1.3911102471562722e-06,1.6277006099699064e-06,Canada,CAN,,gcp,northamerica-northeast2,Linux-6.8.0-1032-gcp-x86_64-with-glibc2.35,3.12.11,3.0.4,2,Intel(R) Xeon(R) CPU @ 2.60GHz,,,,,15.61648178100586,machine,Y,1.0
2025-08-07T10:42:54,scipy-benchmark,8eb23268-f0e0-499b-9cac-c0f2461b0737,scipy_LMC001_f7d9627c,1.0014596700202674,7.64980046442102e-08,7.638650555210281e-08,1.7000000000000002,0.0,10.0,2.365718837762769e-07,0.0,1.3910452363133017e-06,1.6276171200895783e-06,Canada,CAN,,gcp,northamerica-northeast2,Linux-6.8.0-1032-gcp-x86_64-with-glibc2.35,3.12.11,3.0.4,2,Intel(R) Xeon(R) CPU @ 2.60GHz,,,,,15.61648178100586,machine,Y,1.0
2025-08-07T10:42:56,scipy-benchmark,db5f053f-8b1f-4c15-9964-ea999a4fb3b4,scipy_LMC001_f7d9627c,1.0014569079503417,7.649956884785532e-08,7.638827815809388e-08,1.7000000000000002,0.0,10.0,2.3657837883284735e-07,0.0,1.3910720221853506e-06,1.627650401018198e-06,Canada,CAN,,gcp,northamerica-northeast2,Linux-6.8.0-1032-gcp-x86_64-with-glibc2.35,3.12.11,3.0.4,2,Intel(R) Xeon(R) CPU @ 2.60GHz,,,,,15.61648178100586,machine,Y,1.0
2025-08-07T10:42:58,scipy-benchmark,a179123a-1c9d-4bd4-a33a-dcbd04ca43f9,scipy_LMC001_f7d9627c,1.0014108489267528,7.66733813154524e-08,7.656535916065413e-08,1.7272709000000002,0.0,10.0,2.403663496178875e-07,0.0,1.3909821890087591e-06,1.6313485386266469e-06,Canada,CAN,,gcp,northamerica-northeast2,Linux-6.8.0-1032-gcp-x86_64-with-glibc2.35,3.12.11,3.0.4,2,Intel(R) Xeon(R) CPU @ 2.60GHz,,,,,15.61648178100586,machine,Y,1.0
2025-08-07T10:43:00,scipy-benchmark,46d15cce-157f-4ff9-a6dd-8ff5c154627a,scipy_LMC001_f7d9627c,1.0013553688768295,7.666554862913545e-08,7.656177917648491e-08,1.7272709000000002,0.0,10.0,2.403317278612732e-07,0.0,1.3908501578650123e-06,1.6311818857262858e-06,Canada,CAN,,gcp,northamerica-northeast2,Linux-6.8.0-1032-gcp-x86_64-with-glibc2.35,3.12.11,3.0.4,2,Intel(R) Xeon(R) CPU @ 2.60GHz,,,,,15.61648178100586,machine,Y,1.0
2025-08-07T10:43:02,scipy-benchmark,a1103819-4dbd-4915-9ef6-4dfc04d83250,scipy_LMC001_f7d9627c,1.00140552315861,7.64901224677645e-08,7.638276472302766e-08,1.7000000000000002,0.0,10.0,2.365600250260389e-07,0.0,1.3908893891817168e-06,1.6274494142077556e-06,Canada,CAN,,gcp,northamerica-northeast2,Linux-6.8.0-1032-gcp-x86_64-with-glibc2.35,3.12.11,3.0.4,2,Intel(R) Xeon(R) CPU @ 2.60GHz,,,,,15.61648178100586,machine,Y,1.0
2025-08-07T10:43:04,scipy-benchmark,eb8e21c3-ce97-4a16-b900-4a5101bcdfa1,scipy_LMC001_f7d9627c,1.0014005699194968,7.648734838669446e-08,7.638037233476244e-08,1.7000000000000002,0.0,10.0,2.3655110265180057e-07,0.0,1.390839288554465e-06,1.6273903912062653e-06,Canada,CAN,,gcp,northamerica-northeast2,Linux-6.8.0-1032-gcp-x86_64-with-glibc2.35,3.12.11,3.0.4,2,Intel(R) Xeon(R) CPU @ 2.60GHz,,,,,15.61648178100586,machine,Y,1.0
2025-08-07T10:43:07,scipy-benchmark,2405c267-7a12-4d4a-a7d9-7ab1aa21cabf,scipy_LMC001_f7d9627c,1.0013417040463537,7.648519811910551e-08,7.638271512115598e-08,1.7000000000000002,0.0,10.0,2.365311518531397e-07,0.0,1.3908134889788926e-06,1.6273446408320322e-06,Canada,CAN,,gcp,northamerica-northeast2,Linux-6.8.0-1032-gcp-x86_64-with-glibc2.35,3.12.11,3.0.4,2,Intel(R) Xeon(R) CPU @ 2.60GHz,,,,,15.61648178100586,machine,Y,1.0
2025-08-07T10:43:09,scipy-benchmark,cdb7d396-8e6b-4c77-8628-9c71015ca825,scipy_LMC001_f7d9627c,1.0014738019090146,7.650499325484918e-08,7.639240598108004e-08,1.7000000000000002,0.0,10.0,2.365942307773771e-07,0.0,1.391171583155584e-06,1.6277658139329611e-06,Canada,CAN,,gcp,northamerica-northeast2,Linux-6.8.0-1032-gcp-x86_64-with-glibc2.35,3.12.11,3.0.4,2,Intel(R) Xeon(R) CPU @ 2.60GHz,,,,,15.61648178100586,machine,Y,1.0
2025-08-07T10:43:11,scipy-benchmark,bbe1933d-3692-4e2d-b7ef-a45ef5b541cb,scipy_LMC001_f7d9627c,1.0015076741110531,7.668169377279568e-08,7.656625680962355e-08,1.7272709000000002,0.0,10.0,2.403852018363649e-07,0.0,1.3911401975848196e-06,1.6315253994211845e-06,Canada,CAN,,gcp,northamerica-northeast2,Linux-6.8.0-1032-gcp-x86_64-with-glibc2.35,3.12.11,3.0.4,2,Intel(R) Xeon(R) CPU @ 2.60GHz,,,,,15.61648178100586,machine,Y,1.0
2025-08-07T10:43:13,scipy-benchmark,175b1c7a-048d-4e39-8da2-1fa3cab50216,scipy_LMC001_f7d9627c,1.0014421811793,7.650463042649467e-08,7.639445578016565e-08,1.7000000000000002,0.0,10.0,2.3659134937527906e-07,0.0,1.3911667448054586e-06,1.6277580941807377e-06,Canada,CAN,,gcp,northamerica-northeast2,Linux-6.8.0-1032-gcp-x86_64-with-glibc2.35,3.12.11,3.0.4,2,Intel(R) Xeon(R) CPU @ 2.60GHz,,,,,15.61648178100586,machine,Y,1.0
2025-08-07T10:43:15,scipy-benchmark,2c2bb225-c2e5-47da-9daa-472ed4e8089a,scipy_LMC001_f7d9627c,1.0015032668597996,7.650779323687958e-08,7.639295424044775e-08,1.7000000000000002,0.0,10.0,2.366051018664924e-07,0.0,1.3912202861522222e-06,1.6278253880187146e-06,Canada,CAN,,gcp,northamerica-northeast2,Linux-6.8.0-1032-gcp-x86_64-with-glibc2.35,3.12.11,3.0.4,2,Intel(R) Xeon(R) CPU @ 2.60GHz,,,,,15.61648178100586,machine,Y,1.0
2025-08-07T10:43:18,scipy-benchmark,42f1064c-ebbc-4a7a-8b37-c5006226df34,scipy_LMC001_f7d9627c,1.0026997439563274,7.672408568453273e-08,7.65175080047437e-08,1.7272709000000002,0.0,10.0,2.409800964718771e-07,0.0,1.391447258518181e-06,1.632427354990058e-06,Canada,CAN,,gcp,northamerica-northeast2,Linux-6.8.0-1032-gcp-x86_64-with-glibc2.35,3.12.11,3.0.4,2,Intel(R) Xeon(R) CPU @ 2.60GHz,,,,,15.61648178100586,machine,Y,1.0
2025-08-07T10:43:20,scipy-benchmark,7626eee3-beae-4380-bc90-133cf47d78d2,scipy_LMC001_f7d9627c,1.0014519849792125,7.686073618782615e-08,7.674929736089305e-08,1.7550872000000004,0.0,10.0,2.442479874666668e-07,0.0,1.3910868250402729e-06,1.6353348125069394e-06,Canada,CAN,,gcp,northamerica-northeast2,Linux-6.8.0-1032-gcp-x86_64-with-glibc2.35,3.12.11,3.0.4,2,Intel(R) Xeon(R) CPU @ 2.60GHz,,,,,15.61648178100586,machine,Y,1.0
2025-08-07T10:43:22,scipy-benchmark,fe3a0a3d-08ae-4528-89e5-8c23a2c55097,scipy_LMC001_f7d9627c,1.001621289178729,7.669256114614245e-08,7.656842159278168e-08,1.7272709000000002,0.0,10.0,2.404670946723079e-07,0.0,1.3912895254583822e-06,1.63175662013069e-06,Canada,CAN,,gcp,northamerica-northeast2,Linux-6.8.0-1032-gcp-x86_64-with-glibc2.35,3.12.11,3.0.4,2,Intel(R) Xeon(R) CPU @ 2.60GHz,,,,,15.61648178100586,machine,Y,1.0
2025-08-07T10:43:24,scipy-benchmark,d7bdb74d-b84a-4220-9c2b-3ecfeb83ebb5,scipy_LMC001_f7d9627c,1.0014438650105149,7.64987494497198e-08,7.638845483257973e-08,1.7000000000000002,0.0,10.0,2.3657766142342659e-07,0.0,1.391055305591888e-06,1.6276329670153145e-06,Canada,CAN,,gcp,northamerica-northeast2,Linux-6.8.0-1032-gcp-x86_64-with-glibc2.35,3.12.11,3.0.4,2,Intel(R) Xeon(R) CPU @ 2.60GHz,,,,,15.61648178100586,machine,Y,1.0
2025-08-07T10:43:26,scipy-benchmark,8277ccc1-2e9d-4b34-a0ce-61477320bd3e,scipy_LMC001_f7d9627c,1.0014502010308206,7.65010324196062e-08,7.639025119857338e-08,1.7000000000000002,0.0,10.0,2.365836738091376e-07,0.0,1.3910978670335477e-06,1.6276815408426852e-06,Canada,CAN,,gcp,northamerica-northeast2,Linux-6.8.0-1032-gcp-x86_64-with-glibc2.35,3.12.11,3.0.4,2,Intel(R) Xeon(R) CPU @ 2.60GHz,,,,,15.61648178100586,machine,Y,1.0
2025-08-07T10:43:28,scipy-benchmark,72d81f7e-d11e-4730-82fc-296054dfec67,scipy_LMC001_f7d9627c,1.0014401611406356,7.649977152481573e-08,7.638975796385363e-08,1.7000000000000002,0.0,10.0,2.365832964682745e-07,0.0,1.3910714168256769e-06,1.6276547132939514e-06,Canada,CAN,,gcp,northamerica-northeast2,Linux-6.8.0-1032-gcp-x86_64-with-glibc2.35,3.12.11,3.0.4,2,Intel(R) Xeon(R) CPU @ 2.60GHz,,,,,15.61648178100586,machine,Y,1.0
2025-08-07T10:43:31,scipy-benchmark,007483f9-b0f3-4815-a8e3-9f777f1f90e4,scipy_LMC001_f7d9627c,1.0015204339288175,7.63264637457531e-08,7.621059057810295e-08,1.6732691000000002,0.0,10.0,2.328656056470109e-07,0.0,1.3911017080924163e-06,1.623967313739427e-06,Canada,CAN,,gcp,northamerica-northeast2,Linux-6.8.0-1032-gcp-x86_64-with-glibc2.35,3.12.11,3.0.4,2,Intel(R) Xeon(R) CPU @ 2.60GHz,,,,,15.61648178100586,machine,Y,1.0
2025-08-07T10:43:33,scipy-benchmark,7b239a1e-4677-4221-84bb-efe5b4498c7a,scipy_LMC001_f7d9627c,1.0014368961565197,7.667490764234669e-08,7.656489184353237e-08,1.7272709000000002,0.0,10.0,2.4036219651743405e-07,0.0,1.3910188171495166e-06,1.6313810136669506e-06,Canada,CAN,,gcp,northamerica-northeast2,Linux-6.8.0-1032-gcp-x86_64-with-glibc2.35,3.12.11,3.0.4,2,Intel(R) Xeon(R) CPU @ 2.60GHz,,,,,15.61648178100586,machine,Y,1.0
2025-08-07T10:43:35,scipy-benchmark,31f5d475-3c9e-4b38-a502-81d1db6c2fca,scipy_LMC001_f7d9627c,1.0014514250215143,7.685863027372585e-08,7.67472374130125e-08,1.7550872000000004,0.0,10.0,2.442397448960122e-07,0.0,1.391050260927942e-06,1.6352900058239542e-06,Canada,CAN,,gcp,northamerica-northeast2,Linux-6.8.0-1032-gcp-x86_64-with-glibc2.35,3.12.11,3.0.4,2,Intel(R) Xeon(R) CPU @ 2.60GHz,,,,,15.61648178100586,machine,Y,1.0
2025-08-07T10:43:37,scipy-benchmark,3307c0df-8595-4a2a-848e-813775fdf4bf,scipy_LMC001_f7d9627c,1.0014606870245188,7.632378570125605e-08,7.621246314523316e-08,1.6732691000000002,0.0,10.0,2.3286675926131865e-07,0.0,1.3910435748079585e-06,1.6239103340692772e-06,Canada,CAN,,gcp,northamerica-northeast2,Linux-6.8.0-1032-gcp-x86_64-with-glibc2.35,3.12.11,3.0.4,2,Intel(R) Xeon(R) CPU @ 2.60GHz,,,,,15.61648178100586,machine,Y,1.0
2025-08-07T10:43:39,scipy-benchmark,a323e7c5-cd79-4b75-89a5-2ca149f1c2fc,scipy_LMC001_f7d9627c,1.0014069031458348,7.722970582361275e-08,7.712120375943305e-08,1.8123776000000005,0.0,10.0,2.522000914459692e-07,0.0,1.390985138843664e-06,1.643185230289633e-06,Canada,CAN,,gcp,northamerica-northeast2,Linux-6.8.0-1032-gcp-x86_64-with-glibc2.35,3.12.11,3.0.4,2,Intel(R) Xeon(R) CPU @ 2.60GHz,,,,,15.61648178100586,machine,Y,1.0
2025-08-07T10:43:42,scipy-benchmark,8ceb8bcc-35cd-4de9-b7c8-6ecb692a4ca6,scipy_LMC001_f7d9627c,1.0015695688780395,7.759361687191145e-08,7.747201920165363e-08,1.8658584008000003,0.0,10.0,2.596927911392804e-07,0.0,1.3912352274120268e-06,1.6509280185513072e-06,Canada,CAN,,gcp,northamerica-northeast2,Linux-6.8.0-1032-gcp-x86_64-with-glibc2.35,3.12.11,3.0.4,2,Intel(R) Xeon(R) CPU @ 2.60GHz,,,,,15.61648178100586,machine,Y,1.0
2025-08-07T10:43:44,scipy-benchmark,c58b4059-0cdb-4727-a59d-b4aae97f5fb9,scipy_LMC001_f7d9627c,1.0013842198532077,7.649124923857421e-08,7.638551489236275e-08,1.7000000000000002,0.0,10.0,2.3655327686962362e-07,0.0,1.3909201111851469e-06,1.6274733880547703e-06,Canada,CAN,,gcp,northamerica-northeast2,Linux-6.8.0-1032-gcp-x86_64-with-glibc2.35,3.12.11,3.0.4,2,Intel(R) Xeon(R) CPU @ 2.60GHz,,,,,15.61648178100586,machine,Y,1.0
2025-08-07T10:43:46,scipy-benchmark,25b95487-baa8-4730-babd-ca21bca786c9,scipy_LMC001_f7d9627c,1.001374448882416,7.648818896994797e-08,7.638320416035444e-08,1.7000000000000002,0.0,10.0,2.3654241754492335e-07,0.0,1.3908658584114163e-06,1.62740827595634e-06,Canada,CAN,,gcp,northamerica-northeast2,Linux-6.8.0-1032-gcp-x86_64-with-glibc2.35,3.12.11,3.0.4,2,Intel(R) Xeon(R) CPU @ 2.60GHz,,,,,15.61648178100586,machine,Y,1.0
2025-08-07T10:43:48,scipy-benchmark,8cb65d37-642a-4e60-b3db-4b00d895280c,scipy_LMC001_f7d9627c,1.0013494198210535,7.666387034184825e-08,7.656055800736219e-08,1.7272709000000002,0.0,10.0,2.403353777011747e-07,0.0,1.3908107997849583e-06,1.631146177486133e-06,Canada,CAN,,gcp,northamerica-northeast2,Linux-6.8.0-1032-gcp-x86_64-with-glibc2.35,3.12.11,3.0.4,2,Intel(R) Xeon(R) CPU @ 2.60GHz,,,,,15.61648178100586,machine,Y,1.0
2025-08-07T10:43:50,scipy-benchmark,6bf88155-f91e-4dd4-9a6a-7b2b1ef407f3,scipy_LMC001_f7d9627c,1.0013328599743545,7.648771704069806e-08,7.638590532488566e-08,1.7000000000000002,0.0,10.0,2.365436099288572e-07,0.0,1.3908546249796118e-06,1.627398234908469e-06,Canada,CAN,,gcp,northamerica-northeast2,Linux-6.8.0-1032-gcp-x86_64-with-glibc2.35,3.12.11,3.0.4,2,Intel(R) Xeon(R) CPU @ 2.60GHz,,,,,15.61648178100586,machine,Y,1.0
2025-08-07T10:43:53,scipy-benchmark,6962c4d6-9249-44e7-923f-132f6511885e,scipy_LMC001_f7d9627c,1.0014619869180024,7.668266786825653e-08,7.6570722473698e-08,1.7272709000000002,0.0,10.0,2.4038713589850416e-07,0.0,1.3911589889580178e-06,1.6315461248565218e-06,Canada,CAN,,gcp,northamerica-northeast2,Linux-6.8.0-1032-gcp-x86_64-with-glibc2.35,3.12.11,3.0.4,2,Intel(R) Xeon(R) CPU @ 2.60GHz,,,,,15.61648178100586,machine,Y,1.0
2025-08-07T10:43:55,scipy-benchmark,3e31c5be-fc27-4dfa-97ca-3e9d24bdc318,scipy_LMC001_f7d9627c,1.0014698880258948,7.668245602170859e-08,7.656990683251159e-08,1.7272709000000002,0.0,10.0,2.4038846157951885e-07,0.0,1.3911531559036424e-06,1.6315416174831612e-06,Canada,CAN,,gcp,northamerica-northeast2,Linux-6.8.0-1032-gcp-x86_64-with-glibc2.35,3.12.11,3.0.4,2,Intel(R) Xeon(R) CPU @ 2.60GHz,,,,,15.61648178100586,machine,Y,1.0
2025-08-07T10:43:57,scipy-benchmark,9670e09e-f91c-4f8f-a0ad-7179c565e0c5,scipy_LMC001_f7d9627c,1.0024034639354795,7.669691546109629e-08,7.651301917890513e-08,1.7272709000000002,0.0,10.0,2.4080756266817537e-07,0.0,1.3910417024615326e-06,1.631849265129708e-06,Canada,CAN,,gcp,northamerica-northeast2,Linux-6.8.0-1032-gcp-x86_64-with-glibc2.35,3.12.11,3.0.4,2,Intel(R) Xeon(R) CPU @ 2.60GHz,,,,,15.61648178100586,machine,Y,1.0
2025-08-07T10:43:59,scipy-benchmark,f4d1fd7b-1bf6-49f2-a318-383d1e9b691a,scipy_LMC001_f7d9627c,1.0014564851298928,7.649904800868696e-08,7.638779032796892e-08,1.7000000000000002,0.0,10.0,2.3657317159490453e-07,0.0,1.3910661477388607e-06,1.6276393193337652e-06,Canada,CAN,,gcp,northamerica-northeast2,Linux-6.8.0-1032-gcp-x86_64-with-glibc2.35,3.12.11,3.0.4,2,Intel(R) Xeon(R) CPU @ 2.60GHz,,,,,15.61648178100586,machine,Y,1.0
2025-08-07T10:44:01,scipy-benchmark,822cfe82-24e9-4462-9191-6ef2bd1e276a,scipy_LMC001_f7d9627c,1.001477997051552,7.63280788337083e-08,7.621543264897036e-08,1.6732691000000002,0.0,10.0,2.328670075156547e-07,0.0,1.391134669797288e-06,1.6240016773129423e-06,Canada,CAN,,gcp,northamerica-northeast2,Linux-6.8.0-1032-gcp-x86_64-with-glibc2.35,3.12.11,3.0.4,2,Intel(R) Xeon(R) CPU @ 2.60GHz,,,,,15.61648178100586,machine,Y,1.0
2025-08-07T10:44:03,scipy-benchmark,40a544d3-c311-4d11-9296-44f8f3cb406a,scipy_LMC001_f7d9627c,1.0014383690431714,7.632539330637883e-08,7.621576690665873e-08,1.6732691000000002,0.0,10.0,2.32860266122626e-07,0.0,1.3910842723109655e-06,1.6239445384335915e-06,Canada,CAN,,gcp,northamerica-northeast2,Linux-6.8.0-1032-gcp-x86_64-with-glibc2.35,3.12.11,3.0.4,2,Intel(R) Xeon(R) CPU @ 2.60GHz,,,,,15.61648178100586,machine,Y,1.0
2025-08-07T10:44:06,scipy-benchmark,129c3b77-a8bf-4aba-909c-1042a90d25ed,scipy_LMC001_f7d9627c,1.0014678270090371,7.667885814249615e-08,7.656647180719086e-08,1.7272709000000002,0.0,10.0,2.403755338716112e-07,0.0,1.3910895329900088e-06,1.63146506686162e-06,Canada,CAN,,gcp,northamerica-northeast2,Linux-6.8.0-1032-gcp-x86_64-with-glibc2.35,3.12.11,3.0.4,2,Intel(R) Xeon(R) CPU @ 2.60GHz,,,,,15.61648178100586,machine,Y,1.0
2025-08-07T10:44:08,scipy-benchmark,4fb4fa5c-c9dc-4d00-9129-31119267898e,scipy_LMC001_f7d9627c,1.0014330870471897,7.649641513660837e-08,7.638694599373039e-08,1.7000000000000002,0.0,10.0,2.365817234450434e-07,0.0,1.3910015773338576e-06,1.627583300778901e-06,Canada,CAN,,gcp,northamerica-northeast2,Linux-6.8.0-1032-gcp-x86_64-with-glibc2.35,3.12.11,3.0.4,2,Intel(R) Xeon(R) CPU @ 2.60GHz,,,,,15.61648178100586,machine,Y,1.0
2025-08-07T10:44:10,scipy-benchmark,81aad08d-b57a-4e62-96c5-def6cbab92e2,scipy_LMC001_f7d9627c,1.0014340640045702,7.667659106107096e-08,7.656678938446918e-08,1.7272709000000002,0.0,10.0,2.4036783649867504e-07,0.0,1.3910489945879412e-06,1.6314168310866162e-06,Canada,CAN,,gcp,northamerica-northeast2,Linux-6.8.0-1032-gcp-x86_64-with-glibc2.35,3.12.11,3.0.4,2,Intel(R) Xeon(R) CPU @ 2.60GHz,,,,,15.61648178100586,machine,Y,1.0
2025-08-07T10:44:12,scipy-benchmark,a06187aa-f50d-4865-ba6c-e317a644fca5,scipy_LMC001_f7d9627c,1.0024152621626854,7.64999342180349e-08,7.631561200792995e-08,1.7000000000000002,0.0,10.0,2.365813576486997e-07,0.0,1.3910768172031062e-06,1.627658174851806e-06,Canada,CAN,,gcp,northamerica-northeast2,Linux-6.8.0-1032-gcp-x86_64-with-glibc2.35,3.12.11,3.0.4,2,Intel(R) Xeon(R) CPU @ 2.60GHz,,,,,15.61648178100586,machine,Y,1.0
2025-08-07T10:44:14,scipy-benchmark,fbc67201-e9b1-4b24-8248-d5be60ffcfdd,scipy_LMC001_f7d9627c,1.0014760149642823,7.667843946860447e-08,7.656542775149656e-08,1.7272709000000002,0.0,10.0,2.4038270351916497e-07,0.0,1.3910734553873124e-06,1.6314561589064777e-06,Canada,CAN,,gcp,northamerica-northeast2,Linux-6.8.0-1032-gcp-x86_64-with-glibc2.35,3.12.11,3.0.4,2,Intel(R) Xeon(R) CPU @ 2.60GHz,,,,,15.61648178100586,machine,Y,1.0
2025-08-07T10:44:17,scipy-benchmark,30dc743b-6592-4777-affe-d6a4858c888b,scipy_LMC001_f7d9627c,1.0013728782068938,7.666791025683144e-08,7.656279885881936e-08,1.7272709000000002,0.0,10.0,2.403381966305354e-07,0.0,1.3908939364935374e-06,1.631232133124073e-06,Canada,CAN,,gcp,northamerica-northeast2,Linux-6.8.0-1032-gcp-x86_64-with-glibc2.35,3.12.11,3.0.4,2,Intel(R) Xeon(R) CPU @ 2.60GHz,,,,,15.61648178100586,machine,Y,1.0
2025-08-07T10:44:19,scipy-benchmark,d25e333f-1132-40b1-855a-52155beed7f9,scipy_LMC001_f7d9627c,1.0014158480335027,7.667322098296378e-08,7.656481683760874e-08,1.7272709000000002,0.0,10.0,2.403626466032862e-07,0.0,1.3909824806938154e-06,1.6313451272971015e-06,Canada,CAN,,gcp,northamerica-northeast2,Linux-6.8.0-1032-gcp-x86_64-with-glibc2.35,3.12.11,3.0.4,2,Intel(R) Xeon(R) CPU @ 2.60GHz,,,,,15.61648178100586,machine,Y,1.0
2025-08-07T10:44:21,scipy-benchmark,53df7e65-fb66-4810-96d6-f17ecbc4c269,scipy_LMC001_f7d9627c,1.0015207449905574,7.668243136768837e-08,7.656599401584173e-08,1.7272709000000002,0.0,10.0,2.404020763134853e-07,0.0,1.3911390166160549e-06,1.6315410929295398e-06,Canada,CAN,,gcp,northamerica-northeast2,Linux-6.8.0-1032-gcp-x86_64-with-glibc2.35,3.12.11,3.0.4,2,Intel(R) Xeon(R) CPU @ 2.60GHz,,,,,15.61648178100586,machine,Y,1.0
2025-08-07T10:44:23,scipy-benchmark,2e009690-9516-40d5-a45a-20ffd5f8836a,scipy_LMC001_f7d9627c,1.0014438019134104,7.650042990097752e-08,7.639013767403805e-08,1.7000000000000002,0.0,10.0,2.3658068553777414e-07,0.0,1.3910880357596198e-06,1.627668721297394e-06,Canada,CAN,,gcp,northamerica-northeast2,Linux-6.8.0-1032-gcp-x86_64-with-glibc2.35,3.12.11,3.0.4,2,Intel(R) Xeon(R) CPU @ 2.60GHz,,,,,15.61648178100586,machine,Y,1.0
2025-08-07T10:44:25,scipy-benchmark,89721a7e-fbea-43fc-bbeb-b6af35a323fb,scipy_LMC001_f7d9627c,1.0014575889799744,7.649872973613673e-08,7.638738832071146e-08,1.7000000000000002,0.0,10.0,2.3657495571791922e-07,0.0,1.3910575918594582e-06,1.6276325475773774e-06,Canada,CAN,,gcp,northamerica-northeast2,Linux-6.8.0-1032-gcp-x86_64-with-glibc2.35,3.12.11,3.0.4,2,Intel(R) Xeon(R) CPU @ 2.60GHz,,,,,15.61648178100586,machine,Y,1.0
2025-08-07T10:44:27,scipy-benchmark,e76712f3-1250-4d30-b23e-d5158466557f,scipy_LMC001_f7d9627c,1.00140012614429,7.649432626373084e-08,7.638737430387434e-08,1.7000000000000002,0.0,10.0,2.365621928668893e-07,0.0,1.3909766638082349e-06,1.627538856675124e-06,Canada,CAN,,gcp,northamerica-northeast2,Linux-6.8.0-1032-gcp-x86_64-with-glibc2.35,3.12.11,3.0.4,2,Intel(R) Xeon(R) CPU @ 2.60GHz,,,,,15.61648178100586,machine,Y,1.0
2025-08-07T10:44:30,scipy-benchmark,17240f24-bfb7-4c1f-b6b3-a87172944d58,scipy_LMC001_f7d9627c,1.0014114030636847,7.631643782478052e-08,7.620887638317334e-08,1.6732691000000002,0.0,10.0,2.3284364909852175e-07,0.0,1.3909103471734042e-06,1.623753996271926e-06,Canada,CAN,,gcp,northamerica-northeast2,Linux-6.8.0-1032-gcp-x86_64-with-glibc2.35,3.12.11,3.0.4,2,Intel(R) Xeon(R) CPU @ 2.60GHz,,,,,15.61648178100586,machine,Y,1.0
2025-08-07T10:44:32,scipy-benchmark,1ca68817-54fb-43f0-a863-343f69a255bd,scipy_LMC001_f7d9627c,1.0013984928373247,7.666822601050217e-08,7.656115578252301e-08,1.7272709000000002,0.0,10.0,2.403441205825474e-07,0.0,1.390894730704733e-06,1.6312388512872805e-06,Canada,CAN,,gcp,northamerica-northeast2,Linux-6.8.0-1032-gcp-x86_64-with-glibc2.35,3.12.11,3.0.4,2,Intel(R) Xeon(R) CPU @ 2.60GHz,,,,,15.61648178100586,machine,Y,1.0
2025-08-07T10:44:34,scipy-benchmark,19fc96ce-4aba-41a1-b4d8-6f746303258c,scipy_LMC001_f7d9627c,1.0013790831435472,7.648781695886284e-08,7.6382479169378e-08,1.7000000000000002,0.0,10.0,2.3654244129364897e-07,0.0,1.3908579195332195e-06,1.6274003608268686e-06,Canada,CAN,,gcp,northamerica-northeast2,Linux-6.8.0-1032-gcp-x86_64-with-glibc2.35,3.12.11,3.0.4,2,Intel(R) Xeon(R) CPU @ 2.60GHz,,,,,15.61648178100586,machine,Y,1.0
2025-08-07T10:44:36,scipy-benchmark,ca09b6d5-4431-4011-a283-4308cf16e616,scipy_LMC001_f7d9627c,1.0014432659372687,7.649937759056534e-08,7.638912776448517e-08,1.7000000000000002,0.0,10.0,2.365893710844426e-07,0.0,1.3910569606297134e-06,1.6276463317141558e-06,Canada,CAN,,gcp,northamerica-northeast2,Linux-6.8.0-1032-gcp-x86_64-with-glibc2.35,3.12.11,3.0.4,2,Intel(R) Xeon(R) CPU @ 2.60GHz,,,,,15.61648178100586,machine,Y,1.0
2025-08-07T10:44:38,scipy-benchmark,448690e9-4835-4964-8cd8-e29aa7218274,scipy_LMC001_f7d9627c,1.0014648188371211,7.650019863319661e-08,7.638830360713717e-08,1.7000000000000002,0.0,10.0,2.3659187294672146e-07,0.0,1.3910719277595895e-06,1.627663800706311e-06,Canada,CAN,,gcp,northamerica-northeast2,Linux-6.8.0-1032-gcp-x86_64-with-glibc2.35,3.12.11,3.0.4,2,Intel(R) Xeon(R) CPU @ 2.60GHz,,,,,15.61648178100586,machine,Y,1.0
2025-08-07T10:44:41,scipy-benchmark,8b554f88-1d43-4277-90e1-a0a794d9d6ff,scipy_LMC001_f7d9627c,1.0014658230356872,7.704790563919134e-08,7.693513234993915e-08,1.7834543000000005,0.0,10.0,2.4819929347610604e-07,0.0,1.391117847783284e-06,1.63931714125939e-06,Canada,CAN,,gcp,northamerica-northeast2,Linux-6.8.0-1032-gcp-x86_64-with-glibc2.35,3.12.11,3.0.4,2,Intel(R) Xeon(R) CPU @ 2.60GHz,,,,,15.61648178100586,machine,Y,1.0
2025-08-07T10:44:43,scipy-benchmark,4d433802-02f0-4e9b-a2f9-6166860f0088,scipy_LMC001_f7d9627c,1.0016056061722338,7.688427598768476e-08,7.676102800732918e-08,1.7550872000000004,0.0,10.0,2.4432312284280133e-07,0.0,1.39151253646964e-06,1.6358356593124414e-06,Canada,CAN,,gcp,northamerica-northeast2,Linux-6.8.0-1032-gcp-x86_64-with-glibc2.35,3.12.11,3.0.4,2,Intel(R) Xeon(R) CPU @ 2.60GHz,,,,,15.61648178100586,machine,Y,1.0
2025-08-07T10:44:45,scipy-benchmark,0d257ad6-c2dd-47e1-8a6e-99f6ebf8d3f9,scipy_LMC001_f7d9627c,1.0013861909974366,7.649283721171865e-08,7.638695030887883e-08,1.7000000000000002,0.0,10.0,2.36553382639411e-07,0.0,1.3909537920780066e-06,1.6275071747174177e-06,Canada,CAN,,gcp,northamerica-northeast2,Linux-6.8.0-1032-gcp-x86_64-with-glibc2.35,3.12.11,3.0.4,2,Intel(R) Xeon(R) CPU @ 2.60GHz,,,,,15.61648178100586,machine,Y,1.0
2025-08-07T10:44:47,scipy-benchmark,8b5b5b4f-48f3-4699-b49d-095eb492a6a6,scipy_LMC001_f7d9627c,1.001416124869138,7.63236261642136e-08,7.621569522278997e-08,1.6732691000000002,0.0,10.0,2.328551672772486e-07,0.0,1.3910517723868703e-06,1.623906939664119e-06,Canada,CAN,,gcp,northamerica-northeast2,Linux-6.8.0-1032-gcp-x86_64-with-glibc2.35,3.12.11,3.0.4,2,Intel(R) Xeon(R) CPU @ 2.60GHz,,,,,15.61648178100586,machine,Y,1.0
2025-08-07T10:44:49,scipy-benchmark,a9063467-2bdb-4400-8f68-276250c250df,scipy_LMC001_f7d9627c,1.0014523600693792,7.66771695634375e-08,7.656596820853807e-08,1.7272709000000002,0.0,10.0,2.4038601174513343e-07,0.0,1.391043127902473e-06,1.6314291396476063e-06,Canada,CAN,,gcp,northamerica-northeast2,Linux-6.8.0-1032-gcp-x86_64-with-glibc2.35,3.12.11,3.0.4,2,Intel(R) Xeon(R) CPU @ 2.60GHz,,,,,15.61648178100586,machine,Y,1.0
2025-08-07T10:44:52,scipy-benchmark,d03a6e3c-d1bf-4d41-a0ec-7a033180abaa,scipy_LMC001_f7d9627c,1.0014186650514605,7.649706975991529e-08,7.63886997812092e-08,1.7000000000000002,0.0,10.0,2.3657370989935265e-07,0.0,1.3910235190350148e-06,1.6275972289343675e-06,Canada,CAN,,gcp,northamerica-northeast2,Linux-6.8.0-1032-gcp-x86_64-with-glibc2.35,3.12.11,3.0.4,2,Intel(R) Xeon(R) CPU @ 2.60GHz,,,,,15.61648178100586,machine,Y,1.0
2025-08-07T10:44:54,scipy-benchmark,d4af351f-3e1b-4a70-9fea-9d5a317f5ce6,scipy_LMC001_f7d9627c,1.001944337040186,7.693304129525294e-08,7.678374781030106e-08,1.7550872000000004,0.0,10.0,2.444752800273736e-07,0.0,1.392397939020561e-06,1.6368732190479343e-06,Canada,CAN,,gcp,northamerica-northeast2,Linux-6.8.0-1032-gcp-x86_64-with-glibc2.35,3.12.11,3.0.4,2,Intel(R) Xeon(R) CPU @ 2.60GHz,,,,,15.61648178100586,machine,Y,1.0
2025-08-07T10:44:56,scipy-benchmark,b4827928-c544-4160-95f1-9163ab8c8ba4,scipy_LMC001_f7d9627c,1.001837191171944,7.656026077414733e-08,7.641986287670907e-08,1.7000000000000002,0.0,10.0,2.3676614901180282e-07,0.0,1.3921755695870766e-06,1.6289417185988793e-06,Canada,CAN,,gcp,northamerica-northeast2,Linux-6.8.0-1032-gcp-x86_64-with-glibc2.35,3.12.11,3.0.4,2,Intel(R) Xeon(R) CPU @ 2.60GHz,,,,,15.61648178100586,machine,Y,1.0
2025-08-07T10:44:58,scipy-benchmark,88c9e774-78b1-45d3-a30d-e14a24d34499,scipy_LMC001_f7d9627c,1.0015541061293334,7.651193868485928e-08,7.639321552037956e-08,1.7000000000000002,0.0,10.0,2.36616977768588e-07,0.0,1.3912966112709707e-06,1.6279135890395587e-06,Canada,CAN,,gcp,northamerica-northeast2,Linux-6.8.0-1032-gcp-x86_64-with-glibc2.35,3.12.11,3.0.4,2,Intel(R) Xeon(R) CPU @ 2.60GHz,,,,,15.61648178100586,machine,Y,1.0
2025-08-07T10:45:00,scipy-benchmark,fd3619b8-f110-421d-abf3-cf0e3ae2b6a3,scipy_LMC001_f7d9627c,1.0030300181824714,7.67679251419309e-08,7.653601961089589e-08,1.7272709000000002,0.0,10.0,2.4065754834985493e-07,0.0,1.39270256105293e-06,1.6333601094027848e-06,Canada,CAN,,gcp,northamerica-northeast2,Linux-6.8.0-1032-gcp-x86_64-with-glibc2.35,3.12.11,3.0.4,2,Intel(R) Xeon(R) CPU @ 2.60GHz,,,,,15.61648178100586,machine,Y,1.0
2025-08-07T10:45:02,scipy-benchmark,7177ddc1-115f-4329-843c-1c717cf20869,scipy_LMC001_f7d9627c,1.0014615471009165,7.668235368750254e-08,7.6570442379427e-08,1.7272709000000002,0.0,10.0,2.403869122519725e-07,0.0,1.3911525279076563e-06,1.6315394401596287e-06,Canada,CAN,,gcp,northamerica-northeast2,Linux-6.8.0-1032-gcp-x86_64-with-glibc2.35,3.12.11,3.0.4,2,Intel(R) Xeon(R) CPU @ 2.60GHz,,,,,15.61648178100586,machine,Y,1.0
2025-08-07T10:45:05,scipy-benchmark,3efd862c-4468-4c0f-abc6-0d4647e20ede,scipy_LMC001_f7d9627c,1.0014716289006174,7.668447297961498e-08,7.657178772382867e-08,1.7272709000000002,0.0,10.0,2.4039384004401125e-07,0.0,1.3911906914371585e-06,1.63158453148117e-06,Canada,CAN,,gcp,northamerica-northeast2,Linux-6.8.0-1032-gcp-x86_64-with-glibc2.35,3.12.11,3.0.4,2,Intel(R) Xeon(R) CPU @ 2.60GHz,,,,,15.61648178100586,machine,Y,1.0
2025-08-07T10:45:07,scipy-benchmark,580fdad6-c498-4ae3-a4ee-9ad5442e40aa,scipy_LMC001_f7d9627c,1.0014897750224918,7.650396037167715e-08,7.639015622496894e-08,1.7000000000000002,0.0,10.0,2.3659285423087165e-07,0.0,1.3911509834643867e-06,1.6277438376952584e-06,Canada,CAN,,gcp,northamerica-northeast2,Linux-6.8.0-1032-gcp-x86_64-with-glibc2.35,3.12.11,3.0.4,2,Intel(R) Xeon(R) CPU @ 2.60GHz,,,,,15.61648178100586,machine,Y,1.0
2025-08-07T10:45:09,scipy-benchmark,9480f36f-2a30-4cd1-bcbd-3401011da3de,scipy_LMC001_f7d9627c,1.0014342940412462,7.68572627121488e-08,7.67471846824763e-08,1.7550872000000004,0.0,10.0,2.44238272550299e-07,0.0,1.3910226362188242e-06,1.6352609087691232e-06,Canada,CAN,,gcp,northamerica-northeast2,Linux-6.8.0-1032-gcp-x86_64-with-glibc2.35,3.12.11,3.0.4,2,Intel(R) Xeon(R) CPU @ 2.60GHz,,,,,15.61648178100586,machine,Y,1.0
2025-08-07T10:45:11,scipy-benchmark,64858b99-0d4c-469b-987b-460e9f6f65db,scipy_LMC001_f7d9627c,1.0014108340255916,7.667558163369546e-08,7.656755751829224e-08,1.7272709000000002,0.0,10.0,2.403656596873284e-07,0.0,1.3910296942210858e-06,1.6313953539084142e-06,Canada,CAN,,gcp,northamerica-northeast2,Linux-6.8.0-1032-gcp-x86_64-with-glibc2.35,3.12.11,3.0.4,2,Intel(R) Xeon(R) CPU @ 2.60GHz,,,,,15.61648178100586,machine,Y,1.0
2025-08-07T10:45:13,scipy-benchmark,e276c59b-f533-473c-a4cd-f0c507e320cb,scipy_LMC001_f7d9627c,1.0013698521070182,7.648914462565315e-08,7.638450914485752e-08,1.7000000000000002,0.0,10.0,2.365421140889845e-07,0.0,1.3908864949674656e-06,1.62742860905645e-06,Canada,CAN,,gcp,northamerica-northeast2,Linux-6.8.0-1032-gcp-x86_64-with-glibc2.35,3.12.11,3.0.4,2,Intel(R) Xeon(R) CPU @ 2.60GHz,,,,,15.61648178100586,machine,Y,1.0
2025-08-07T10:45:16,scipy-benchmark,ff785435-f136-48b1-8d87-d478078959ec,scipy_LMC001_f7d9627c,1.0013760859146714,7.632042327239556e-08,7.621554413563148e-08,1.6732691000000002,0.0,10.0,2.3284183221009653e-07,0.0,1.3909969608195955e-06,1.623838793029692e-06,Canada,CAN,,gcp,northamerica-northeast2,Linux-6.8.0-1032-gcp-x86_64-with-glibc2.35,3.12.11,3.0.4,2,Intel(R) Xeon(R) CPU @ 2.60GHz,,,,,15.61648178100586,machine,Y,1.0
2025-08-07T10:45:18,scipy-benchmark,b8ad6859-8bfc-4c3d-9e6c-73bed956226b,scipy_LMC001_f7d9627c,1.001384199829772,7.649460250558336e-08,7.638886505158245e-08,1.7000000000000002,0.0,10.0,2.365599620259471e-07,0.0,1.3909847721354005e-06,1.6275447341613474e-06,Canada,CAN,,gcp,northamerica-northeast2,Linux-6.8.0-1032-gcp-x86_64-with-glibc2.35,3.12.11,3.0.4,2,Intel(R) Xeon(R) CPU @ 2.60GHz,,,,,15.61648178100586,machine,Y,1.0
2025-08-07T10:45:20,scipy-benchmark,24236217-bfe9-4e10-9622-e7dd23c7a986,scipy_LMC001_f7d9627c,1.0014209360815585,7.685673155232709e-08,7.674767800747042e-08,1.7550872000000004,0.0,10.0,2.4423429638824626e-07,0.0,1.3910153111080745e-06,1.6352496074963203e-06,Canada,CAN,,gcp,northamerica-northeast2,Linux-6.8.0-1032-gcp-x86_64-with-glibc2.35,3.12.11,3.0.4,2,Intel(R) Xeon(R) CPU @ 2.60GHz,,,,,15.61648178100586,machine,Y,1.0
2025-08-07T10:45:22,scipy-benchmark,1ff276ea-ce56-46ef-83ed-49b7228568a3,scipy_LMC001_f7d9627c,1.0014366570394486,7.68598943380351e-08,7.674963143975209e-08,1.7550872000000004,0.0,10.0,2.4424415943591896e-07,0.0,1.391072741373339e-06,1.6353169008092575e-06,Canada,CAN,,gcp,northamerica-northeast2,Linux-6.8.0-1032-gcp-x86_64-with-glibc2.35,3.12.11,3.0.4,2,Intel(R) Xeon(R) CPU @ 2.60GHz,,,,,15.61648178100586,machine,Y,1.0
2025-08-07T10:45:24,scipy-benchmark,e8c38f4b-4d24-44b9-863c-4491b38d2bfa,scipy_LMC001_f7d9627c,1.0014804571401328,7.650068428015544e-08,7.638759571865619e-08,1.7000000000000002,0.0,10.0,2.3659650603723201e-07,0.0,1.3910776275830964e-06,1.6276741336203284e-06,Canada,CAN,,gcp,northamerica-northeast2,Linux-6.8.0-1032-gcp-x86_64-with-glibc2.35,3.12.11,3.0.4,2,Intel(R) Xeon(R) CPU @ 2.60GHz,,,,,15.61648178100586,machine,Y,1.0
2025-08-07T10:45:27,scipy-benchmark,b4068e44-7442-4558-a0ac-d23c63406fc3,scipy_LMC001_f7d9627c,1.0014201060403138,7.632208953234585e-08,7.62138577725674e-08,1.6732691000000002,0.0,10.0,2.328470482566273e-07,0.0,1.391027197112433e-06,1.6238742453690604e-06,Canada,CAN,,gcp,northamerica-northeast2,Linux-6.8.0-1032-gcp-x86_64-with-glibc2.35,3.12.11,3.0.4,2,Intel(R) Xeon(R) CPU @ 2.60GHz,,,,,15.61648178100586,machine,Y,1.0
2025-08-07T10:45:29,scipy-benchmark,f423d08b-d70b-46a3-bb88-bc33f512d955,scipy_LMC001_f7d9627c,1.0013599428348243,7.63190286733154e-08,7.621538011322698e-08,1.6732691000000002,0.0,10.0,2.328369434177559e-07,0.0,1.390972177291082e-06,1.623809120708838e-06,Canada,CAN,,gcp,northamerica-northeast2,Linux-6.8.0-1032-gcp-x86_64-with-glibc2.35,3.12.11,3.0.4,2,Intel(R) Xeon(R) CPU @ 2.60GHz,,,,,15.61648178100586,machine,Y,1.0
2025-08-07T10:45:31,scipy-benchmark,8b9306ee-f86f-4386-b889-d19bf58b7926,scipy_LMC001_f7d9627c,1.0013986849226058,7.667313523513588e-08,7.656604346455843e-08,1.7272709000000002,0.0,10.0,2.403679694354246e-07,0.0,1.3909753334398071e-06,1.6313433028752316e-06,Canada,CAN,,gcp,northamerica-northeast2,Linux-6.8.0-1032-gcp-x86_64-with-glibc2.35,3.12.11,3.0.4,2,Intel(R) Xeon(R) CPU @ 2.60GHz,,,,,15.61648178100586,machine,Y,1.0
2025-08-07T10:45:33,scipy-benchmark,9c51d1a4-dcb5-4baa-a247-eb8c22510958,scipy_LMC001_f7d9627c,1.001637236913666,7.30102043068423e-08,7.28908646924987e-08,1.1647016,0.0,10.0,1.621491966923739e-07,0.0,1.3912594055808668e-06,1.5534086022732406e-06,Canada,CAN,,gcp,northamerica-northeast2,Linux-6.8.0-1032-gcp-x86_64-with-glibc2.35,3.12.11,3.0.4,2,Intel(R) Xeon(R) CPU @ 2.60GHz,,,,,15.61648178100586,machine,Y,1.0
2025-08-07T10:45:35,scipy-benchmark,973ccccc-2c17-4cf4-b7a5-7353e2104ea2,scipy_LMC001_f7d9627c,1.0015890139620751,7.584369819269788e-08,7.572337269622816e-08,1.5962624,0.0,10.0,2.2220718688561849e-07,0.0,1.3914885193419954e-06,1.6136957062276138e-06,Canada,CAN,,gcp,northamerica-northeast2,Linux-6.8.0-1032-gcp-x86_64-with-glibc2.35,3.12.11,3.0.4,2,Intel(R) Xeon(R) CPU @ 2.60GHz,,,,,15.61648178100586,machine,Y,1.0
2025-08-07T10:45:37,scipy-benchmark,74e8e89a-a0c1-46fe-8df0-22c3233aee35,scipy_LMC001_f7d9627c,1.0019302379805597,7.656970125776327e-08,7.642218824745059e-08,1.7000000000000002,0.0,10.0,2.3681222131967338e-07,0.0,1.3923303586327368e-06,1.6291425799524102e-06,Canada,CAN,,gcp,northamerica-northeast2,Linux-6.8.0-1032-gcp-x86_64-with-glibc2.35,3.12.11,3.0.4,2,Intel(R) Xeon(R) CPU @ 2.60GHz,,,,,15.61648178100586,machine,Y,1.0
2025-08-07T10:45:40,scipy-benchmark,a7f4bd02-98f6-4fbf-84ed-63b49ee579d6,scipy_LMC001_f7d9627c,1.0018943259492517,7.67490346417897e-08,7.660392184482462e-08,1.7272709000000002,0.0,10.0,2.405925500991121e-07,0.0,1.392365633768754e-06,1.632958183867866e-06,Canada,CAN,,gcp,northamerica-northeast2,Linux-6.8.0-1032-gcp-x86_64-with-glibc2.35,3.12.11,3.0.4,2,Intel(R) Xeon(R) CPU @ 2.60GHz,,,,,15.61648178100586,machine,Y,1.0
2025-08-07T10:45:42,scipy-benchmark,1f5f977f-32a2-4291-b304-608771c10761,scipy_LMC001_f7d9627c,1.0045760942157358,1.179766020253818e-07,1.1743918923084184e-07,8.0,0.0,10.0,1.1158642602256603e-06,0.0,1.3942762083994845e-06,2.5101404686251448e-06,Canada,CAN,,gcp,northamerica-northeast2,Linux-6.8.0-1032-gcp-x86_64-with-glibc2.35,3.12.11,3.0.4,2,Intel(R) Xeon(R) CPU @ 2.60GHz,,,,,15.61648178100586,machine,Y,1.0
2025-08-07T10:45:44,scipy-benchmark,e99a8a61-8651-4c93-ad96-43e7ed7ac2e5,scipy_LMC001_f7d9627c,1.0048403050750494,9.82013765451245e-08,9.772834155750756e-08,4.916866399999999,0.0,10.0,6.889028040822227e-07,0.0,1.4004881862395751e-06,2.089390990321798e-06,Canada,CAN,,gcp,northamerica-northeast2,Linux-6.8.0-1032-gcp-x86_64-with-glibc2.35,3.12.11,3.0.4,2,Intel(R) Xeon(R) CPU @ 2.60GHz,,,,,15.61648178100586,machine,Y,1.0
2025-08-07T10:45:46,scipy-benchmark,0d63083b-c2c8-4d1d-b035-1510585ea7a6,scipy_LMC001_f7d9627c,1.0045140550937504,8.666950025407794e-08,8.628002745664833e-08,3.206638764800001,0.0,10.0,4.478756063927966e-07,0.0,1.396156313906734e-06,1.8440319202995303e-06,Canada,CAN,,gcp,northamerica-northeast2,Linux-6.8.0-1032-gcp-x86_64-with-glibc2.35,3.12.11,3.0.4,2,Intel(R) Xeon(R) CPU @ 2.60GHz,,,,,15.61648178100586,machine,Y,1.0
2025-08-07T10:45:49,scipy-benchmark,cb8e1161-3259-4022-a25c-c5c1584c51de,scipy_LMC001_f7d9627c,1.001744267065078,9.023673908810213e-08,9.007961618036385e-08,3.801195605600001,0.0,10.0,5.289488354004014e-07,0.0,1.3909817834953885e-06,1.9199306188957898e-06,Canada,CAN,,gcp,northamerica-northeast2,Linux-6.8.0-1032-gcp-x86_64-with-glibc2.35,3.12.11,3.0.4,2,Intel(R) Xeon(R) CPU @ 2.60GHz,,,,,15.61648178100586,machine,Y,1.0
2025-08-07T10:45:51,scipy-benchmark,6cd2c958-215e-4a2c-ae07-c6c51f9d9ec6,scipy_LMC001_f7d9627c,1.002019841922447,1.0976385684488018e-07,1.0954259811291796e-07,6.780204799999999,0.0,10.0,9.438754288127826e-07,0.0,1.391525780652753e-06,2.335401209465536e-06,Canada,CAN,,gcp,northamerica-northeast2,Linux-6.8.0-1032-gcp-x86_64-with-glibc2.35,3.12.11,3.0.4,2,Intel(R) Xeon(R) CPU @ 2.60GHz,,,,,15.61648178100586,machine,Y,1.0
2025-08-07T10:45:53,scipy-benchmark,385f0438-7d9d-461e-84e3-9c81d792ddee,scipy_LMC001_f7d9627c,1.0062067969702184,1.1881008919147365e-07,1.1807720793501077e-07,8.0,0.0,10.0,1.1238974824340808e-06,0.0,1.4039767556823791e-06,2.52787423811646e-06,Canada,CAN,,gcp,northamerica-northeast2,Linux-6.8.0-1032-gcp-x86_64-with-glibc2.35,3.12.11,3.0.4,2,Intel(R) Xeon(R) CPU @ 2.60GHz,,,,,15.61648178100586,machine,Y,1.0
2025-08-07T10:45:56,scipy-benchmark,175c0ded-b57e-4b18-8f73-0dccffd823e8,scipy_LMC001_f7d9627c,1.005264890147373,1.180846264296108e-07,1.1746617989642457e-07,8.0,0.0,10.0,1.11689989351564e-06,0.0,1.3955389666888448e-06,2.512438860204485e-06,Canada,CAN,,gcp,northamerica-northeast2,Linux-6.8.0-1032-gcp-x86_64-with-glibc2.35,3.12.11,3.0.4,2,Intel(R) Xeon(R) CPU @ 2.60GHz,,,,,15.61648178100586,machine,Y,1.0
2025-08-07T10:45:58,scipy-benchmark,0cc27e6d-662a-455d-96c0-80cb3ff92c64,scipy_LMC001_f7d9627c,1.0023417349439114,1.1769582746227064e-07,1.1742085893376137e-07,8.0,0.0,10.0,1.1132096556118792e-06,0.0,1.3909568861385602e-06,2.504166541750439e-06,Canada,CAN,,gcp,northamerica-northeast2,Linux-6.8.0-1032-gcp-x86_64-with-glibc2.35,3.12.11,3.0.4,2,Intel(R) Xeon(R) CPU @ 2.60GHz,,,,,15.61648178100586,machine,Y,1.0
2025-08-07T10:46:00,scipy-benchmark,d09a1c76-83f6-443b-a002-f5e04616a341,scipy_LMC001_f7d9627c,1.001509950030595,1.0369895056360545e-07,1.03542606401901e-07,5.858686656800001,0.0,10.0,8.153101196660396e-07,0.0,1.3910505306234377e-06,2.2063606502894773e-06,Canada,CAN,,gcp,northamerica-northeast2,Linux-6.8.0-1032-gcp-x86_64-with-glibc2.35,3.12.11,3.0.4,2,Intel(R) Xeon(R) CPU @ 2.60GHz,,,,,15.61648178100586,machine,Y,1.0
2025-08-07T10:46:03,scipy-benchmark,a0aaacf2-eb2e-4df2-a3c8-a79c258ed77c,scipy_LMC001_f7d9627c,1.002450441941619,8.888581040334088e-08,8.866853331041519e-08,3.5665321976,0.0,10.0,4.973291113806711e-07,0.0,1.39385834400956e-06,1.8911874553902312e-06,Canada,CAN,,gcp,northamerica-northeast2,Linux-6.8.0-1032-gcp-x86_64-with-glibc2.35,3.12.11,3.0.4,2,Intel(R) Xeon(R) CPU @ 2.60GHz,,,,,15.61648178100586,machine,Y,1.0
2025-08-07T10:46:05,scipy-benchmark,e10b0826-080c-471d-bb2a-838a30060cbd,scipy_LMC001_f7d9627c,1.0045210930984467,7.97058778433198e-08,7.934714202711952e-08,2.1903239744,0.0,10.0,3.048103437567795e-07,0.0,1.3910593975904505e-06,1.6958697413472297e-06,Canada,CAN,,gcp,northamerica-northeast2,Linux-6.8.0-1032-gcp-x86_64-with-glibc2.35,3.12.11,3.0.4,2,Intel(R) Xeon(R) CPU @ 2.60GHz,,,,,15.61648178100586,machine,Y,1.0
2025-08-07T10:46:07,scipy-benchmark,929dd0e4-0c98-4594-b417-256ba2e095e1,scipy_LMC001_f7d9627c,1.0054159329738468,1.17690240335004e-07,1.1705627141485273e-07,8.0,0.0,10.0,1.1131555333526598e-06,0.0,1.390892133349553e-06,2.5040476667022127e-06,Canada,CAN,,gcp,northamerica-northeast2,Linux-6.8.0-1032-gcp-x86_64-with-glibc2.35,3.12.11,3.0.4,2,Intel(R) Xeon(R) CPU @ 2.60GHz,,,,,15.61648178100586,machine,Y,1.0
2025-08-07T10:46:10,scipy-benchmark,3e90fdc6-1c2c-490d-a165-71e658e95f98,scipy_LMC001_f7d9627c,1.001413705991581,1.1769436222565777e-07,1.175282118883314e-07,8.0,0.0,10.0,1.1132002332144316e-06,0.0,1.3909351332889248e-06,2.504135366503356e-06,Canada,CAN,,gcp,northamerica-northeast2,Linux-6.8.0-1032-gcp-x86_64-with-glibc2.35,3.12.11,3.0.4,2,Intel(R) Xeon(R) CPU @ 2.60GHz,,,,,15.61648178100586,machine,Y,1.0
2025-08-07T10:46:12,scipy-benchmark,a25572e4-6e63-4a22-9865-a6f7f1e98875,scipy_LMC001_f7d9627c,1.0050517308991402,9.574987555949413e-08,9.526860420789913e-08,4.626375200000001,0.0,10.0,6.445568530576321e-07,0.0,1.3926745418252215e-06,2.037231394882854e-06,Canada,CAN,,gcp,northamerica-northeast2,Linux-6.8.0-1032-gcp-x86_64-with-glibc2.35,3.12.11,3.0.4,2,Intel(R) Xeon(R) CPU @ 2.60GHz,,,,,15.61648178100586,machine,Y,1.0
2025-08-07T10:46:14,scipy-benchmark,0ba7069d-5f5d-4c0e-b644-27e649504adb,scipy_LMC001_f7d9627c,1.0050424349028615,1.1835138392479469e-07,1.1775759889803404e-07,8.0,0.0,10.0,1.1213678018086483e-06,0.0,1.3967467497827277e-06,2.518114551591376e-06,Canada,CAN,,gcp,northamerica-northeast2,Linux-6.8.0-1032-gcp-x86_64-with-glibc2.35,3.12.11,3.0.4,2,Intel(R) Xeon(R) CPU @ 2.60GHz,,,,,15.61648178100586,machine,Y,1.0
2025-08-07T10:46:17,scipy-benchmark,e981720f-7b1b-477b-a016-77a67e636700,scipy_LMC001_f7d9627c,1.0025638251099735,9.795678131054349e-08,9.770627949776505e-08,4.946698649600001,0.0,10.0,6.899656471696566e-07,0.0,1.3942211892248856e-06,2.0841868363945424e-06,Canada,CAN,,gcp,northamerica-northeast2,Linux-6.8.0-1032-gcp-x86_64-with-glibc2.35,3.12.11,3.0.4,2,Intel(R) Xeon(R) CPU @ 2.60GHz,,,,,15.61648178100586,machine,Y,1.0
2025-08-07T10:46:19,scipy-benchmark,460889fe-8622-4fb7-9a2c-1195982f77a7,scipy_LMC001_f7d9627c,1.0034811838995663,1.181791444532832e-07,1.1776916832065997e-07,8.0,0.0,10.0,1.1178478241587678e-06,0.0,1.396602057825981e-06,2.5144498819847487e-06,Canada,CAN,,gcp,northamerica-northeast2,Linux-6.8.0-1032-gcp-x86_64-with-glibc2.35,3.12.11,3.0.4,2,Intel(R) Xeon(R) CPU @ 2.60GHz,,,,,15.61648178100586,machine,Y,1.0
2025-08-07T10:46:21,scipy-benchmark,4f53fc85-231f-4649-8467-c588455037c7,scipy_LMC001_f7d9627c,1.0027541539166125,1.0381006837519785e-07,1.0352494474316637e-07,5.875776800000001,0.0,10.0,8.176772595024278e-07,0.0,1.3910475995443348e-06,2.2087248590467624e-06,Canada,CAN,,gcp,northamerica-northeast2,Linux-6.8.0-1032-gcp-x86_64-with-glibc2.35,3.12.11,3.0.4,2,Intel(R) Xeon(R) CPU @ 2.60GHz,,,,,15.61648178100586,machine,Y,1.0
2025-08-07T10:46:24,scipy-benchmark,bdefd022-0558-4dca-ad73-7d3f5038930c,scipy_LMC001_f7d9627c,1.0035390169359744,1.1805009124632409e-07,1.1763378329500033e-07,8.0,0.0,10.0,1.1165806552809147e-06,0.0,1.3951234137898105e-06,2.511704069070725e-06,Canada,CAN,,gcp,northamerica-northeast2,Linux-6.8.0-1032-gcp-x86_64-with-glibc2.35,3.12.11,3.0.4,2,Intel(R) Xeon(R) CPU @ 2.60GHz,,,,,15.61648178100586,machine,Y,1.0
2025-08-07T10:46:26,scipy-benchmark,e247872f-e01b-47ee-abde-53152adadde5,scipy_LMC001_f7d9627c,1.0040796720422804,1.0881454492296817e-07,1.0837242098691358e-07,6.591370400000001,0.0,10.0,9.200885754497168e-07,0.0,1.3951145080176906e-06,2.315203083467408e-06,Canada,CAN,,gcp,northamerica-northeast2,Linux-6.8.0-1032-gcp-x86_64-with-glibc2.35,3.12.11,3.0.4,2,Intel(R) Xeon(R) CPU @ 2.60GHz,,,,,15.61648178100586,machine,Y,1.0
2025-08-07T10:46:29,scipy-benchmark,1dde320c-c590-4031-b315-b69d270ba928,scipy_LMC001_f7d9627c,1.0044077960774302,1.1840437626595505e-07,1.1788476426444145e-07,8.0,0.0,10.0,1.1199071620487503e-06,0.0,1.3993348861630591e-06,2.519242048211809e-06,Canada,CAN,,gcp,northamerica-northeast2,Linux-6.8.0-1032-gcp-x86_64-with-glibc2.35,3.12.11,3.0.4,2,Intel(R) Xeon(R) CPU @ 2.60GHz,,,,,15.61648178100586,machine,Y,1.0
2025-08-07T10:46:31,scipy-benchmark,73b79fb4-ae4b-4ea3-be14-10588311c595,scipy_LMC001_f7d9627c,1.0031919488683343,1.0171303431637873e-07,1.0138940452135569e-07,5.541221599999999,0.0,10.0,7.718018685003813e-07,0.0,1.39230524461406e-06,2.164107113114441e-06,Canada,CAN,,gcp,northamerica-northeast2,Linux-6.8.0-1032-gcp-x86_64-with-glibc2.35,3.12.11,3.0.4,2,Intel(R) Xeon(R) CPU @ 2.60GHz,,,,,15.61648178100586,machine,Y,1.0
2025-08-07T10:46:33,scipy-benchmark,fb5362c1-6c6d-4372-966b-53a711da2c6f,scipy_LMC001_f7d9627c,1.0084853291045874,1.1906371403524341e-07,1.1806191979109657e-07,8.0,0.0,10.0,1.1261916915989583e-06,0.0,1.4070788197891994e-06,2.5332705113881577e-06,Canada,CAN,,gcp,northamerica-northeast2,Linux-6.8.0-1032-gcp-x86_64-with-glibc2.35,3.12.11,3.0.4,2,Intel(R) Xeon(R) CPU @ 2.60GHz,,,,,15.61648178100586,machine,Y,1.0
2025-08-07T10:46:36,scipy-benchmark,ed227790-1bb9-4364-b3ad-26a59af9fdf7,scipy_LMC001_f7d9627c,1.003528021974489,1.053822796888514e-07,1.0501179576580906e-07,6.048800000000001,0.0,10.0,8.45304099830178e-07,0.0,1.396872063762405e-06,2.242176163592583e-06,Canada,CAN,,gcp,northamerica-northeast2,Linux-6.8.0-1032-gcp-x86_64-with-glibc2.35,3.12.11,3.0.4,2,Intel(R) Xeon(R) CPU @ 2.60GHz,,,,,15.61648178100586,machine,Y,1.0
2025-08-07T10:46:38,scipy-benchmark,e9082020-3294-4d6b-ab8f-667c0d4940f8,scipy_LMC001_f7d9627c,1.0055088680237532,1.1865634923956049e-07,1.1800626828162145e-07,8.0,0.0,10.0,1.1223554445637595e-06,0.0,1.4022477307460376e-06,2.5246031753097973e-06,Canada,CAN,,gcp,northamerica-northeast2,Linux-6.8.0-1032-gcp-x86_64-with-glibc2.35,3.12.11,3.0.4,2,Intel(R) Xeon(R) CPU @ 2.60GHz,,,,,15.61648178100586,machine,Y,1.0
2025-08-07T10:46:40,scipy-benchmark,f3a2a596-a944-4aef-9e38-2ad2443d10e5,scipy_LMC001_f7d9627c,1.003560370998457,9.512427381768718e-08,9.478679765228937e-08,4.486400000000001,0.0,10.0,6.269833364192811e-07,0.0,1.3969373831059783e-06,2.023920719525259e-06,Canada,CAN,,gcp,northamerica-northeast2,Linux-6.8.0-1032-gcp-x86_64-with-glibc2.35,3.12.11,3.0.4,2,Intel(R) Xeon(R) CPU @ 2.60GHz,,,,,15.61648178100586,machine,Y,1.0
2025-08-07T10:46:43,scipy-benchmark,317aa859-24ae-43de-94b9-3addb0ff69a3,scipy_LMC001_f7d9627c,1.00643867906183,1.1835965945915733e-07,1.1760245499456401e-07,8.0,0.0,10.0,1.1194967737214432e-06,0.0,1.3987938530691383e-06,2.5182906267905814e-06,Canada,CAN,,gcp,northamerica-northeast2,Linux-6.8.0-1032-gcp-x86_64-with-glibc2.35,3.12.11,3.0.4,2,Intel(R) Xeon(R) CPU @ 2.60GHz,,,,,15.61648178100586,machine,Y,1.0
2025-08-07T10:46:45,scipy-benchmark,74cae042-9273-47bb-9e25-358a353fc9db,scipy_LMC001_f7d9627c,1.0050798868760469,1.105143567838424e-07,1.0995579379002317e-07,6.780204799999999,0.0,10.0,9.503232570997568e-07,0.0,1.401046036173486e-06,2.3513692932732426e-06,Canada,CAN,,gcp,northamerica-northeast2,Linux-6.8.0-1032-gcp-x86_64-with-glibc2.35,3.12.11,3.0.4,2,Intel(R) Xeon(R) CPU @ 2.60GHz,,,,,15.61648178100586,machine,Y,1.0
2025-08-07T10:46:47,scipy-benchmark,38f9f95f-55cb-41bf-af19-12d736f0ae04,scipy_LMC001_f7d9627c,1.0034682389814409,9.290690483429985e-08,9.258579517036232e-08,4.151487500000001,0.0,10.0,5.800769811300846e-07,0.0,1.3966656749188483e-06,1.976742656048933e-06,Canada,CAN,,gcp,northamerica-northeast2,Linux-6.8.0-1032-gcp-x86_64-with-glibc2.35,3.12.11,3.0.4,2,Intel(R) Xeon(R) CPU @ 2.60GHz,,,,,15.61648178100586,machine,Y,1.0
2025-08-07T10:46:50,scipy-benchmark,3e8a0def-264a-40ad-898a-1d3eb4ad39b6,scipy_LMC001_f7d9627c,1.0079192938283086,1.1882964550478696e-07,1.1789599249900725e-07,8.0,0.0,10.0,1.1240571131929756e-06,0.0,1.4042332166961084e-06,2.528290329889084e-06,Canada,CAN,,gcp,northamerica-northeast2,Linux-6.8.0-1032-gcp-x86_64-with-glibc2.35,3.12.11,3.0.4,2,Intel(R) Xeon(R) CPU @ 2.60GHz,,,,,15.61648178100586,machine,Y,1.0
2025-08-07T10:46:52,scipy-benchmark,2f68181b-6828-44c7-8d40-f410b2f393eb,scipy_LMC001_f7d9627c,1.00515953800641,1.1796195942287645e-07,1.173564543364301e-07,8.0,0.0,10.0,1.1157352068564958e-06,0.0,1.3940937170344923e-06,2.509828923890988e-06,Canada,CAN,,gcp,northamerica-northeast2,Linux-6.8.0-1032-gcp-x86_64-with-glibc2.35,3.12.11,3.0.4,2,Intel(R) Xeon(R) CPU @ 2.60GHz,,,,,15.61648178100586,machine,Y,1.0
2025-08-07T10:46:54,scipy-benchmark,d73260f6-9934-4226-8ffe-e8043595c03c,scipy_LMC001_f7d9627c,1.0014352111611515,1.0849442842554705e-07,1.0833893917086169e-07,6.591370400000001,0.0,10.0,9.172954663034528e-07,0.0,1.3910966278571222e-06,2.308392094160575e-06,Canada,CAN,,gcp,northamerica-northeast2,Linux-6.8.0-1032-gcp-x86_64-with-glibc2.35,3.12.11,3.0.4,2,Intel(R) Xeon(R) CPU @ 2.60GHz,,,,,15.61648178100586,machine,Y,1.0
2025-08-07T10:46:57,scipy-benchmark,c4ed7544-108a-4a29-863b-06d54225df5c,scipy_LMC001_f7d9627c,1.0013745229225606,7.47269375928546e-08,7.462436469300255e-08,1.4302043648000002,0.0,10.0,1.99008786920332e-07,0.0,1.3909260554808295e-06,1.5899348424011616e-06,Canada,CAN,,gcp,northamerica-northeast2,Linux-6.8.0-1032-gcp-x86_64-with-glibc2.35,3.12.11,3.0.4,2,Intel(R) Xeon(R) CPU @ 2.60GHz,,,,,15.61648178100586,machine,Y,1.0
2025-08-07T10:46:59,scipy-benchmark,046eab0a-28ed-4ca9-8539-703d0807dbe7,scipy_LMC001_f7d9627c,1.0023086089640856,1.1493018492392029e-07,1.146654671984749e-07,7.576582399999999,0.0,10.0,1.054328855841126e-06,0.0,1.3909942276465396e-06,2.4453230834876658e-06,Canada,CAN,,gcp,northamerica-northeast2,Linux-6.8.0-1032-gcp-x86_64-with-glibc2.35,3.12.11,3.0.4,2,Intel(R) Xeon(R) CPU @ 2.60GHz,,,,,15.61648178100586,machine,Y,1.0
2025-08-07T10:47:01,scipy-benchmark,7dddd70e-7b72-4fbc-aa0a-042e17b57dba,scipy_LMC001_f7d9627c,1.0024575057905167,1.1770324398621197e-07,1.1741469668920645e-07,8.0,0.0,10.0,1.1132854264643456e-06,0.0,1.391038913667823e-06,2.504324340132169e-06,Canada,CAN,,gcp,northamerica-northeast2,Linux-6.8.0-1032-gcp-x86_64-with-glibc2.35,3.12.11,3.0.4,2,Intel(R) Xeon(R) CPU @ 2.60GHz,,,,,15.61648178100586,machine,Y,1.0
2025-08-07T10:47:04,scipy-benchmark,ae1244e4-3b7f-4b63-ad33-127174adb59b,scipy_LMC001_f7d9627c,1.0061357629019767,1.1785890254489565e-07,1.171401583072225e-07,8.0,0.0,10.0,1.1147637887754375e-06,0.0,1.3928724355840435e-06,2.507636224359481e-06,Canada,CAN,,gcp,northamerica-northeast2,Linux-6.8.0-1032-gcp-x86_64-with-glibc2.35,3.12.11,3.0.4,2,Intel(R) Xeon(R) CPU @ 2.60GHz,,,,,15.61648178100586,machine,Y,1.0
2025-08-07T10:47:06,scipy-benchmark,c90be1b2-37d6-474b-a3f1-0338ad6a9a89,scipy_LMC001_f7d9627c,1.0018333161715418,9.475970235074437e-08,9.458629576511197e-08,4.486400000000001,0.0,10.0,6.245713821761312e-07,0.0,1.3915924976269405e-06,2.016163879803072e-06,Canada,CAN,,gcp,northamerica-northeast2,Linux-6.8.0-1032-gcp-x86_64-with-glibc2.35,3.12.11,3.0.4,2,Intel(R) Xeon(R) CPU @ 2.60GHz,,,,,15.61648178100586,machine,Y,1.0
2025-08-07T10:47:08,scipy-benchmark,80da2476-39ad-423d-8f15-661c92b4f1a2,scipy_LMC001_f7d9627c,1.002331105992198,9.144186596895544e-08,9.122920103176685e-08,3.9606272000000007,0.0,10.0,5.521645414709648e-07,0.0,1.393407074889789e-06,1.945571616360754e-06,Canada,CAN,,gcp,northamerica-northeast2,Linux-6.8.0-1032-gcp-x86_64-with-glibc2.35,3.12.11,3.0.4,2,Intel(R) Xeon(R) CPU @ 2.60GHz,,,,,15.61648178100586,machine,Y,1.0
2025-08-07T10:47:11,scipy-benchmark,48a0a8c2-124a-446f-ac3c-a420ba1eb868,scipy_LMC001_f7d9627c,1.0049114311113954,9.653418605336929e-08,9.606238228040257e-08,4.7120371712,0.0,10.0,6.585151491196835e-07,0.0,1.3954037030796624e-06,2.053918852199346e-06,Canada,CAN,,gcp,northamerica-northeast2,Linux-6.8.0-1032-gcp-x86_64-with-glibc2.35,3.12.11,3.0.4,2,Intel(R) Xeon(R) CPU @ 2.60GHz,,,,,15.61648178100586,machine,Y,1.0
2025-08-07T10:47:13,scipy-benchmark,2db0a340-3123-446f-9952-37f750cee789,scipy_LMC001_f7d9627c,1.0056390741374344,7.847686204155055e-08,7.803680670310312e-08,1.9025387,0.0,10.0,2.669825857391102e-07,0.0,1.4027378832300506e-06,1.6697204689691607e-06,Canada,CAN,,gcp,northamerica-northeast2,Linux-6.8.0-1032-gcp-x86_64-with-glibc2.35,3.12.11,3.0.4,2,Intel(R) Xeon(R) CPU @ 2.60GHz,,,,,15.61648178100586,machine,Y,1.0
2025-08-07T10:47:15,scipy-benchmark,9bd5fe61-a542-46db-bae8-9ce897b2ad84,scipy_LMC001_f7d9627c,1.0018621638882903,1.1770523741298045e-07,1.1748645837283541e-07,8.0,0.0,10.0,1.113295339875751e-06,0.0,1.391071413591918e-06,2.504366753467669e-06,Canada,CAN,,gcp,northamerica-northeast2,Linux-6.8.0-1032-gcp-x86_64-with-glibc2.35,3.12.11,3.0.4,2,Intel(R) Xeon(R) CPU @ 2.60GHz,,,,,15.61648178100586,machine,Y,1.0
2025-08-07T10:47:17,scipy-benchmark,b06723d7-a4e3-43b9-99d3-59798de52818,scipy_LMC001_f7d9627c,1.0099605969153345,1.1923420310059254e-07,1.1805827223830597e-07,8.0,0.0,10.0,1.1323110997262927e-06,0.0,1.4045868385841863e-06,2.5368979383104792e-06,Canada,CAN,,gcp,northamerica-northeast2,Linux-6.8.0-1032-gcp-x86_64-with-glibc2.35,3.12.11,3.0.4,2,Intel(R) Xeon(R) CPU @ 2.60GHz,,,,,15.61648178100586,machine,Y,1.0
2025-08-07T10:47:20,scipy-benchmark,23a218d2-5737-4597-8a67-0464bfff28f1,scipy_LMC001_f7d9627c,1.0015279348008337,7.615826351362225e-08,7.604207617910056e-08,1.6470728,0.0,10.0,2.292579881949384e-07,0.0,1.3911305972012794e-06,1.6203885853962178e-06,Canada,CAN,,gcp,northamerica-northeast2,Linux-6.8.0-1032-gcp-x86_64-with-glibc2.35,3.12.11,3.0.4,2,Intel(R) Xeon(R) CPU @ 2.60GHz,,,,,15.61648178100586,machine,Y,1.0
2025-08-07T10:47:22,scipy-benchmark,7d2426ae-3562-4ecb-b86d-e5062e9cbde6,scipy_LMC001_f7d9627c,1.0013694129884243,7.684782230365046e-08,7.674272981267783e-08,1.7550872000000004,0.0,10.0,2.442030763252369e-07,0.0,1.3908569726886025e-06,1.6350600490138393e-06,Canada,CAN,,gcp,northamerica-northeast2,Linux-6.8.0-1032-gcp-x86_64-with-glibc2.35,3.12.11,3.0.4,2,Intel(R) Xeon(R) CPU @ 2.60GHz,,,,,15.61648178100586,machine,Y,1.0
2025-08-07T10:47:24,scipy-benchmark,1c8203bf-b1a6-4a29-a16a-01a68f0c5be4,scipy_LMC001_f7d9627c,1.0025300590787083,9.831798590496209e-08,9.80698633568285e-08,5.037059398399999,0.0,10.0,7.009134042822102e-07,0.0,1.390958636248898e-06,2.0918720405311083e-06,Canada,CAN,,gcp,northamerica-northeast2,Linux-6.8.0-1032-gcp-x86_64-with-glibc2.35,3.12.11,3.0.4,2,Intel(R) Xeon(R) CPU @ 2.60GHz,,,,,15.61648178100586,machine,Y,1.0
2025-08-07T10:47:26,scipy-benchmark,cf57b64a-ee56-4156-95c7-4347e1cd25d6,scipy_LMC001_f7d9627c,1.0014783430378884,7.667650670984328e-08,7.656331985897214e-08,1.7272709000000002,0.0,10.0,2.403957755584007e-07,0.0,1.3910192608212432e-06,1.6314150363796438e-06,Canada,CAN,,gcp,northamerica-northeast2,Linux-6.8.0-1032-gcp-x86_64-with-glibc2.35,3.12.11,3.0.4,2,Intel(R) Xeon(R) CPU @ 2.60GHz,,,,,15.61648178100586,machine,Y,1.0
2025-08-07T10:47:29,scipy-benchmark,8390035d-bad8-4f28-b4b4-1838b84b7d03,scipy_LMC001_f7d9627c,1.0014237880241126,7.63246613372873e-08,7.621614570179306e-08,1.6732691000000002,0.0,10.0,2.328615977571529e-07,0.0,1.391067366865981e-06,1.6239289646231338e-06,Canada,CAN,,gcp,northamerica-northeast2,Linux-6.8.0-1032-gcp-x86_64-with-glibc2.35,3.12.11,3.0.4,2,Intel(R) Xeon(R) CPU @ 2.60GHz,,,,,15.61648178100586,machine,Y,1.0
2025-08-07T10:47:31,scipy-benchmark,d5f84a18-d46e-4f0e-a38f-7b22ea161e12,scipy_LMC001_f7d9627c,1.0014106039889157,7.685662467439508e-08,7.674836312722509e-08,1.7550872000000004,0.0,10.0,2.442334530046483e-07,0.0,1.3910138804931191e-06,1.6352473334977677e-06,Canada,CAN,,gcp,northamerica-northeast2,Linux-6.8.0-1032-gcp-x86_64-with-glibc2.35,3.12.11,3.0.4,2,Intel(R) Xeon(R) CPU @ 2.60GHz,,,,,15.61648178100586,machine,Y,1.0
2025-08-07T10:47:33,scipy-benchmark,b0c12e7f-d947-4e50-ba00-f2a9f68db075,scipy_LMC001_f7d9627c,1.001433595083654,7.685812091980456e-08,7.674809522780617e-08,1.7550872000000004,0.0,10.0,2.442377182781444e-07,0.0,1.391041450228335e-06,1.6352791685064794e-06,Canada,CAN,,gcp,northamerica-northeast2,Linux-6.8.0-1032-gcp-x86_64-with-glibc2.35,3.12.11,3.0.4,2,Intel(R) Xeon(R) CPU @ 2.60GHz,,,,,15.61648178100586,machine,Y,1.0
2025-08-07T10:47:35,scipy-benchmark,3560bcdf-4a76-4b6d-a245-ea75fb823287,scipy_LMC001_f7d9627c,1.0015939502045512,7.650893986717955e-08,7.638718250200537e-08,1.7000000000000002,0.0,10.0,2.3664243717212242e-07,0.0,1.3912073472359529e-06,1.6278497844080751e-06,Canada,CAN,,gcp,northamerica-northeast2,Linux-6.8.0-1032-gcp-x86_64-with-glibc2.35,3.12.11,3.0.4,2,Intel(R) Xeon(R) CPU @ 2.60GHz,,,,,15.61648178100586,machine,Y,1.0
2025-08-07T10:47:37,scipy-benchmark,bfc2c29d-52b8-459c-aaea-e58343ed050f,scipy_LMC001_f7d9627c,1.0014417730271816,7.650007803298973e-08,7.638994107639777e-08,1.7000000000000002,0.0,10.0,2.365819624715692e-07,0.0,1.391079272272893e-06,1.6276612347444622e-06,Canada,CAN,,gcp,northamerica-northeast2,Linux-6.8.0-1032-gcp-x86_64-with-glibc2.35,3.12.11,3.0.4,2,Intel(R) Xeon(R) CPU @ 2.60GHz,,,,,15.61648178100586,machine,Y,1.0
2025-08-07T10:47:40,scipy-benchmark,ef086d97-b701-46bf-90bd-b0d43d0048db,scipy_LMC001_f7d9627c,1.0013829609379172,7.632274750591275e-08,7.621734189927416e-08,1.6732691000000002,0.0,10.0,2.328484030500157e-07,0.0,1.3910398417566383e-06,1.623888244806654e-06,Canada,CAN,,gcp,northamerica-northeast2,Linux-6.8.0-1032-gcp-x86_64-with-glibc2.35,3.12.11,3.0.4,2,Intel(R) Xeon(R) CPU @ 2.60GHz,,,,,15.61648178100586,machine,Y,1.0
2025-08-07T10:47:42,scipy-benchmark,d6aa8711-5f8f-4e9d-9e48-8972b0a9060c,scipy_LMC001_f7d9627c,1.001456543104723,7.723278708148054e-08,7.712045781042366e-08,1.8123776000000005,0.0,10.0,2.522093697834214e-07,0.0,1.3910414191842493e-06,1.6432507889676706e-06,Canada,CAN,,gcp,northamerica-northeast2,Linux-6.8.0-1032-gcp-x86_64-with-glibc2.35,3.12.11,3.0.4,2,Intel(R) Xeon(R) CPU @ 2.60GHz,,,,,15.61648178100586,machine,Y,1.0
2025-08-07T10:47:44,scipy-benchmark,c7f19010-3d7a-4517-a127-33bbaea9f5b3,scipy_LMC001_f7d9627c,1.0016084092203528,7.203066173578199e-08,7.191499299796248e-08,1.0144952,0.0,10.0,1.4122503201122745e-07,0.0,1.3913422389628571e-06,1.5325672709740847e-06,Canada,CAN,,gcp,northamerica-northeast2,Linux-6.8.0-1032-gcp-x86_64-with-glibc2.35,3.12.11,3.0.4,2,Intel(R) Xeon(R) CPU @ 2.60GHz,,,,,15.61648178100586,machine,Y,1.0
2025-08-07T10:47:46,scipy-benchmark,9000d348-900d-43d8-9287-22396161c084,scipy_LMC001_f7d9627c,1.0034307488240302,7.378563427234848e-08,7.353335978473998e-08,1.2818485952,0.0,10.0,1.7846461504610849e-07,0.0,1.3914424971315184e-06,1.569907112177627e-06,Canada,CAN,,gcp,northamerica-northeast2,Linux-6.8.0-1032-gcp-x86_64-with-glibc2.35,3.12.11,3.0.4,2,Intel(R) Xeon(R) CPU @ 2.60GHz,,,,,15.61648178100586,machine,Y,1.0
2025-08-07T10:47:48,scipy-benchmark,ff978332-6205-4631-bf8a-ccc3f4797fd1,scipy_LMC001_f7d9627c,1.001643699826673,7.43714401228217e-08,7.42493964028238e-08,1.3724504,0.0,10.0,1.9106734154912814e-07,0.0,1.3913037248938862e-06,1.5823710664430145e-06,Canada,CAN,,gcp,northamerica-northeast2,Linux-6.8.0-1032-gcp-x86_64-with-glibc2.35,3.12.11,3.0.4,2,Intel(R) Xeon(R) CPU @ 2.60GHz,,,,,15.61648178100586,machine,Y,1.0
2025-08-07T10:47:51,scipy-benchmark,d2abbff6-effa-4f1e-bbfc-77843e0eb81e,scipy_LMC001_f7d9627c,1.0016231590416282,7.616730925655514e-08,7.604387794850255e-08,1.6470728,0.0,10.0,2.2928898987342779e-07,0.0,1.3912920581383837e-06,1.6205810480118115e-06,Canada,CAN,,gcp,northamerica-northeast2,Linux-6.8.0-1032-gcp-x86_64-with-glibc2.35,3.12.11,3.0.4,2,Intel(R) Xeon(R) CPU @ 2.60GHz,,,,,15.61648178100586,machine,Y,1.0
2025-08-07T10:47:53,scipy-benchmark,ad90d503-4e74-479b-8109-0afa08ddc8ec,scipy_LMC001_f7d9627c,1.0013932900037616,7.685303612846242e-08,7.674610654538513e-08,1.7550872000000004,0.0,10.0,2.44218039857242e-07,0.0,1.3909529415994054e-06,1.6351709814566474e-06,Canada,CAN,,gcp,northamerica-northeast2,Linux-6.8.0-1032-gcp-x86_64-with-glibc2.35,3.12.11,3.0.4,2,Intel(R) Xeon(R) CPU @ 2.60GHz,,,,,15.61648178100586,machine,Y,1.0
2025-08-07T10:47:55,scipy-benchmark,3f6dbca2-4590-48a3-8622-8d897feaac13,scipy_LMC001_f7d9627c,1.001265591010451,7.683310464432497e-08,7.673598826739565e-08,1.7550872000000004,0.0,10.0,2.441549269540248e-07,0.0,1.3905919803720385e-06,1.634746907326063e-06,Canada,CAN,,gcp,northamerica-northeast2,Linux-6.8.0-1032-gcp-x86_64-with-glibc2.35,3.12.11,3.0.4,2,Intel(R) Xeon(R) CPU @ 2.60GHz,,,,,15.61648178100586,machine,Y,1.0
2025-08-07T10:47:57,scipy-benchmark,58246121-ae81-4c75-9f5b-5b88798b2d6a,scipy_LMC001_f7d9627c,1.001612724037841,7.633991895833473e-08,7.621700196717012e-08,1.6732691000000002,0.0,10.0,2.329376696385725e-07,0.0,1.3913159252196136e-06,1.624253594858186e-06,Canada,CAN,,gcp,northamerica-northeast2,Linux-6.8.0-1032-gcp-x86_64-with-glibc2.35,3.12.11,3.0.4,2,Intel(R) Xeon(R) CPU @ 2.60GHz,,,,,15.61648178100586,machine,Y,1.0
2025-08-07T10:47:59,scipy-benchmark,b4e48595-c0eb-4aa1-b859-fe440a7309c2,scipy_LMC001_f7d9627c,1.0014829749707133,7.667986295871539e-08,7.656631702696472e-08,1.7272709000000002,0.0,10.0,2.4038086832175125e-07,0.0,1.3911055776083631e-06,1.6314864459301146e-06,Canada,CAN,,gcp,northamerica-northeast2,Linux-6.8.0-1032-gcp-x86_64-with-glibc2.35,3.12.11,3.0.4,2,Intel(R) Xeon(R) CPU @ 2.60GHz,,,,,15.61648178100586,machine,Y,1.0
2025-08-07T10:48:02,scipy-benchmark,22bc138d-eb17-460e-b8bf-1851c30e4f14,scipy_LMC001_f7d9627c,1.0018851950298997,7.649898913573838e-08,7.635504498442596e-08,1.7000000000000002,0.0,10.0,2.365764662907977e-07,0.0,1.39106160042704e-06,1.6276380667178377e-06,Canada,CAN,,gcp,northamerica-northeast2,Linux-6.8.0-1032-gcp-x86_64-with-glibc2.35,3.12.11,3.0.4,2,Intel(R) Xeon(R) CPU @ 2.60GHz,,,,,15.61648178100586,machine,Y,1.0
2025-08-07T10:48:04,scipy-benchmark,f8f1d151-81c8-455e-a944-176e1e72483f,scipy_LMC001_f7d9627c,1.0030110829975456,7.065473601271317e-08,7.044262741500141e-08,0.8052488000000001,0.0,10.0,1.1209258077014924e-07,0.0,1.3911996748194923e-06,1.5032922555896417e-06,Canada,CAN,,gcp,northamerica-northeast2,Linux-6.8.0-1032-gcp-x86_64-with-glibc2.35,3.12.11,3.0.4,2,Intel(R) Xeon(R) CPU @ 2.60GHz,,,,,15.61648178100586,machine,Y,1.0
2025-08-07T10:48:06,scipy-benchmark,4caedf39-fe60-480a-b67b-7db6e63c6e21,scipy_LMC001_f7d9627c,1.0016258722171187,7.078565633889356e-08,7.06707547222279e-08,0.8252850176000001,0.0,10.0,1.148814277604465e-07,0.0,1.3911963666840975e-06,1.5060777944445438e-06,Canada,CAN,,gcp,northamerica-northeast2,Linux-6.8.0-1032-gcp-x86_64-with-glibc2.35,3.12.11,3.0.4,2,Intel(R) Xeon(R) CPU @ 2.60GHz,,,,,15.61648178100586,machine,Y,1.0
2025-08-07T10:48:08,scipy-benchmark,939bbbcc-2034-45de-8bef-4975363492b6,scipy_LMC001_f7d9627c,1.0016537599731237,7.104228251129365e-08,7.092498960239499e-08,0.8647921664,0.0,10.0,1.203770373041864e-07,0.0,1.3911608884680189e-06,1.5115379257722053e-06,Canada,CAN,,gcp,northamerica-northeast2,Linux-6.8.0-1032-gcp-x86_64-with-glibc2.35,3.12.11,3.0.4,2,Intel(R) Xeon(R) CPU @ 2.60GHz,,,,,15.61648178100586,machine,Y,1.0
2025-08-07T10:48:10,scipy-benchmark,9ddef58c-6177-4c60-ae3c-f152b1df1a08,scipy_LMC001_f7d9627c,1.001655288040638,7.138742306563932e-08,7.126945159475171e-08,0.9165987944,0.0,10.0,1.276014031654834e-07,0.0,1.39127993865663e-06,1.5188813418221132e-06,Canada,CAN,,gcp,northamerica-northeast2,Linux-6.8.0-1032-gcp-x86_64-with-glibc2.35,3.12.11,3.0.4,2,Intel(R) Xeon(R) CPU @ 2.60GHz,,,,,15.61648178100586,machine,Y,1.0
2025-08-07T10:48:12,scipy-benchmark,2bfd8483-2085-41e6-ae4a-64c65ff242f9,scipy_LMC001_f7d9627c,1.0016931782010945,7.189785435822679e-08,7.177632425065091e-08,0.9944,0.0,10.0,1.3843670145060044e-07,0.0,1.3913048806393314e-06,1.5297415820899318e-06,Canada,CAN,,gcp,northamerica-northeast2,Linux-6.8.0-1032-gcp-x86_64-with-glibc2.35,3.12.11,3.0.4,2,Intel(R) Xeon(R) CPU @ 2.60GHz,,,,,15.61648178100586,machine,Y,1.0
2025-08-07T10:48:15,scipy-benchmark,c294b747-3a92-4575-8f0d-09cd8d1c38b3,scipy_LMC001_f7d9627c,1.0016927300021052,7.272442436503386e-08,7.260152957771893e-08,1.1194054208000004,0.0,10.0,1.5584711956607406e-07,0.0,1.39148105841337e-06,1.547328177979444e-06,Canada,CAN,,gcp,northamerica-northeast2,Linux-6.8.0-1032-gcp-x86_64-with-glibc2.35,3.12.11,3.0.4,2,Intel(R) Xeon(R) CPU @ 2.60GHz,,,,,15.61648178100586,machine,Y,1.0
2025-08-07T10:48:17,scipy-benchmark,a8155278-fdfd-4e56-afc0-b86c0153f5f4,scipy_LMC001_f7d9627c,1.0015928100328892,7.349928609790722e-08,7.338240187196806e-08,1.2403734848,0.0,10.0,1.726593923677548e-07,0.0,1.3911552054600585e-06,1.5638145978278132e-06,Canada,CAN,,gcp,northamerica-northeast2,Linux-6.8.0-1032-gcp-x86_64-with-glibc2.35,3.12.11,3.0.4,2,Intel(R) Xeon(R) CPU @ 2.60GHz,,,,,15.61648178100586,machine,Y,1.0
2025-08-07T10:48:19,scipy-benchmark,34b6d012-63c6-4a61-af96-6b78a7dcd804,scipy_LMC001_f7d9627c,1.001637851120904,7.520903115361116e-08,7.508605138019385e-08,1.5008192,0.0,10.0,2.089325131462304e-07,0.0,1.391259639058262e-06,1.6001921522044924e-06,Canada,CAN,,gcp,northamerica-northeast2,Linux-6.8.0-1032-gcp-x86_64-with-glibc2.35,3.12.11,3.0.4,2,Intel(R) Xeon(R) CPU @ 2.60GHz,,,,,15.61648178100586,machine,Y,1.0
2025-08-07T10:48:21,scipy-benchmark,f93b0d92-3e7b-4af8-a0b7-a1c7c2952ac1,scipy_LMC001_f7d9627c,1.00159011897631,7.6866851188571e-08,7.674481779745783e-08,1.7550872000000004,0.0,10.0,2.443080500001092e-07,0.0,1.3911568689056569e-06,1.635464918905766e-06,Canada,CAN,,gcp,northamerica-northeast2,Linux-6.8.0-1032-gcp-x86_64-with-glibc2.35,3.12.11,3.0.4,2,Intel(R) Xeon(R) CPU @ 2.60GHz,,,,,15.61648178100586,machine,Y,1.0
2025-08-07T10:48:23,scipy-benchmark,d291ce9a-4fcf-4b39-963a-38c1ddfccb09,scipy_LMC001_f7d9627c,1.0015653718728572,7.567051376984144e-08,7.555224640838258e-08,1.5716375,0.0,10.0,2.1876663963488765e-07,0.0,1.3912442916383346e-06,1.610010931273222e-06,Canada,CAN,,gcp,northamerica-northeast2,Linux-6.8.0-1032-gcp-x86_64-with-glibc2.35,3.12.11,3.0.4,2,Intel(R) Xeon(R) CPU @ 2.60GHz,,,,,15.61648178100586,machine,Y,1.0
2025-08-07T10:48:26,scipy-benchmark,f7c6bead-e7a6-4113-96aa-3ef7efca835c,scipy_LMC001_f7d9627c,1.0063246181234715,1.1885120319073193e-07,1.1810423898041757e-07,8.0,0.0,10.0,1.1241617845371365e-06,0.0,1.4045872195209896e-06,2.5287490040581263e-06,Canada,CAN,,gcp,northamerica-northeast2,Linux-6.8.0-1032-gcp-x86_64-with-glibc2.35,3.12.11,3.0.4,2,Intel(R) Xeon(R) CPU @ 2.60GHz,,,,,15.61648178100586,machine,Y,1.0
2025-08-07T10:48:28,scipy-benchmark,652d80d2-34c1-4d77-a334-e5758e82fbdd,scipy_LMC001_f7d9627c,1.0013982709497211,7.649279180843669e-08,7.63859835067333e-08,1.7000000000000002,0.0,10.0,2.365572530220056e-07,0.0,1.3909489556681363e-06,1.627506208690142e-06,Canada,CAN,,gcp,northamerica-northeast2,Linux-6.8.0-1032-gcp-x86_64-with-glibc2.35,3.12.11,3.0.4,2,Intel(R) Xeon(R) CPU @ 2.60GHz,,,,,15.61648178100586,machine,Y,1.0
2025-08-07T10:48:30,scipy-benchmark,ff9361e6-3849-4256-85ac-5a3f7feaac65,scipy_LMC001_f7d9627c,1.0016294240485877,7.632941803421845e-08,7.62052473715227e-08,1.6732691000000002,0.0,10.0,2.329407679479185e-07,0.0,1.3910894029928992e-06,1.6240301709408177e-06,Canada,CAN,,gcp,northamerica-northeast2,Linux-6.8.0-1032-gcp-x86_64-with-glibc2.35,3.12.11,3.0.4,2,Intel(R) Xeon(R) CPU @ 2.60GHz,,,,,15.61648178100586,machine,Y,1.0
2025-08-07T10:48:32,scipy-benchmark,d1fa7878-d25d-4afb-af6d-ab332d7b0285,scipy_LMC001_f7d9627c,1.001441641012207,7.72321211271955e-08,7.7120940416591e-08,1.8123776000000005,0.0,10.0,2.522157116295166e-07,0.0,1.391020908098047e-06,1.6432366197275636e-06,Canada,CAN,,gcp,northamerica-northeast2,Linux-6.8.0-1032-gcp-x86_64-with-glibc2.35,3.12.11,3.0.4,2,Intel(R) Xeon(R) CPU @ 2.60GHz,,,,,15.61648178100586,machine,Y,1.0
2025-08-07T10:48:35,scipy-benchmark,32b253f3-c0b8-4d23-ae11-2af41b399999,scipy_LMC001_f7d9627c,1.002291755983606,7.699373846225192e-08,7.681769105912038e-08,1.7550872000000004,0.0,10.0,2.4467118725366884e-07,0.0,1.3934934608793507e-06,1.6381646481330197e-06,Canada,CAN,,gcp,northamerica-northeast2,Linux-6.8.0-1032-gcp-x86_64-with-glibc2.35,3.12.11,3.0.4,2,Intel(R) Xeon(R) CPU @ 2.60GHz,,,,,15.61648178100586,machine,Y,1.0
2025-08-07T10:48:37,scipy-benchmark,5ac078d2-7db2-4399-8623-c64550196b5e,scipy_LMC001_f7d9627c,1.0018089048098773,7.707911873423562e-08,7.693994170361629e-08,1.7834543000000005,0.0,10.0,2.483703306064717e-07,0.0,1.391610919058116e-06,1.6399812496645878e-06,Canada,CAN,,gcp,northamerica-northeast2,Linux-6.8.0-1032-gcp-x86_64-with-glibc2.35,3.12.11,3.0.4,2,Intel(R) Xeon(R) CPU @ 2.60GHz,,,,,15.61648178100586,machine,Y,1.0
2025-08-07T10:48:39,scipy-benchmark,907d684b-a7f9-4fd2-ab36-e8747debf138,scipy_LMC001_f7d9627c,1.0013994369655848,7.667325832917946e-08,7.656610888609328e-08,1.7272709000000002,0.0,10.0,2.4036161930383306e-07,0.0,1.3909843025936023e-06,1.6313459218974354e-06,Canada,CAN,,gcp,northamerica-northeast2,Linux-6.8.0-1032-gcp-x86_64-with-glibc2.35,3.12.11,3.0.4,2,Intel(R) Xeon(R) CPU @ 2.60GHz,,,,,15.61648178100586,machine,Y,1.0
2025-08-07T10:48:41,scipy-benchmark,37c9d92b-6d76-4197-8746-509e43e0a76f,scipy_LMC001_f7d9627c,1.001915556844324,7.65718501301146e-08,7.642545283086389e-08,1.7000000000000002,0.0,10.0,2.3679982877284706e-07,0.0,1.3923884718678892e-06,1.6291883006407365e-06,Canada,CAN,,gcp,northamerica-northeast2,Linux-6.8.0-1032-gcp-x86_64-with-glibc2.35,3.12.11,3.0.4,2,Intel(R) Xeon(R) CPU @ 2.60GHz,,,,,15.61648178100586,machine,Y,1.0
2025-08-07T10:48:43,scipy-benchmark,2f7a5aeb-8077-47ce-8ce5-06e0d391afe9,scipy_LMC001_f7d9627c,1.001388116972521,7.68471234560838e-08,7.674059852878457e-08,1.7550872000000004,0.0,10.0,2.44203896779698e-07,0.0,1.3908412831369788e-06,1.6350451799166767e-06,Canada,CAN,,gcp,northamerica-northeast2,Linux-6.8.0-1032-gcp-x86_64-with-glibc2.35,3.12.11,3.0.4,2,Intel(R) Xeon(R) CPU @ 2.60GHz,,,,,15.61648178100586,machine,Y,1.0
2025-08-07T10:48:46,scipy-benchmark,1c0ec87d-ded5-45a8-afcd-59cfca2f77f0,scipy_LMC001_f7d9627c,1.0013212740886956,7.68426565321509e-08,7.674126029339137e-08,1.7550872000000004,0.0,10.0,2.441944418025548e-07,0.0,1.3907556971793787e-06,1.6349501389819335e-06,Canada,CAN,,gcp,northamerica-northeast2,Linux-6.8.0-1032-gcp-x86_64-with-glibc2.35,3.12.11,3.0.4,2,Intel(R) Xeon(R) CPU @ 2.60GHz,,,,,15.61648178100586,machine,Y,1.0
2025-08-07T10:48:48,scipy-benchmark,bd3bd826-8b51-4633-a478-964e23cab74f,scipy_LMC001_f7d9627c,1.0013561667874455,7.684482056154873e-08,7.674074730880478e-08,1.7550872000000004,0.0,10.0,2.44194412970868e-07,0.0,1.3908017691897437e-06,1.6349961821606114e-06,Canada,CAN,,gcp,northamerica-northeast2,Linux-6.8.0-1032-gcp-x86_64-with-glibc2.35,3.12.11,3.0.4,2,Intel(R) Xeon(R) CPU @ 2.60GHz,,,,,15.61648178100586,machine,Y,1.0
2025-08-07T10:48:50,scipy-benchmark,e6d7002e-19d2-4c67-afba-ebf8a12fe76e,scipy_LMC001_f7d9627c,1.001323712989688,7.648516017836908e-08,7.638404961968252e-08,1.7000000000000002,0.0,10.0,2.36531311497351e-07,0.0,1.3908125220849697e-06,1.627343833582321e-06,Canada,CAN,,gcp,northamerica-northeast2,Linux-6.8.0-1032-gcp-x86_64-with-glibc2.35,3.12.11,3.0.4,2,Intel(R) Xeon(R) CPU @ 2.60GHz,,,,,15.61648178100586,machine,Y,1.0
2025-08-07T10:48:52,scipy-benchmark,fa9b36c1-76f7-4b46-8e89-42216786d0fb,scipy_LMC001_f7d9627c,1.001437928993255,7.704665058955277e-08,7.693602205281733e-08,1.7834543000000005,0.0,10.0,2.482021216256955e-07,0.0,1.3910883164498957e-06,1.6392904380755909e-06,Canada,CAN,,gcp,northamerica-northeast2,Linux-6.8.0-1032-gcp-x86_64-with-glibc2.35,3.12.11,3.0.4,2,Intel(R) Xeon(R) CPU @ 2.60GHz,,,,,15.61648178100586,machine,Y,1.0
2025-08-07T10:48:54,scipy-benchmark,09da31cd-a84a-4094-afde-b2c875b382e4,scipy_LMC001_f7d9627c,1.001420852029696,7.66739424967429e-08,7.656515474122483e-08,1.7272709000000002,0.0,10.0,2.403591981793172e-07,0.0,1.391001280474787e-06,1.6313604786541042e-06,Canada,CAN,,gcp,northamerica-northeast2,Linux-6.8.0-1032-gcp-x86_64-with-glibc2.35,3.12.11,3.0.4,2,Intel(R) Xeon(R) CPU @ 2.60GHz,,,,,15.61648178100586,machine,Y,1.0
2025-08-07T10:48:57,scipy-benchmark,b8953894-0b96-4e4f-b9c2-b6a7153a641e,scipy_LMC001_f7d9627c,1.001767398091033,7.703942343400547e-08,7.69035043272637e-08,1.7834543000000005,0.0,10.0,2.482094938004522e-07,0.0,1.3909271750081744e-06,1.6391366688086265e-06,Canada,CAN,,gcp,northamerica-northeast2,Linux-6.8.0-1032-gcp-x86_64-with-glibc2.35,3.12.11,3.0.4,2,Intel(R) Xeon(R) CPU @ 2.60GHz,,,,,15.61648178100586,machine,Y,1.0
2025-08-07T10:48:59,scipy-benchmark,620f6c89-e434-4ccd-b7af-145c472fca50,scipy_LMC001_f7d9627c,1.0013455951120704,7.703108852963052e-08,7.692757516051112e-08,1.7834543000000005,0.0,10.0,2.481427415574585e-07,0.0,1.390816588860212e-06,1.6389593304176706e-06,Canada,CAN,,gcp,northamerica-northeast2,Linux-6.8.0-1032-gcp-x86_64-with-glibc2.35,3.12.11,3.0.4,2,Intel(R) Xeon(R) CPU @ 2.60GHz,,,,,15.61648178100586,machine,Y,1.0
2025-08-07T10:49:01,scipy-benchmark,fdb1d322-6339-424f-bbd2-cc3b35833631,scipy_LMC001_f7d9627c,1.0016415601130575,7.289130490173725e-08,7.277184554274068e-08,1.1472455168,0.0,10.0,1.5971072471232313e-07,0.0,1.3911681029842134e-06,1.5508788276965366e-06,Canada,CAN,,gcp,northamerica-northeast2,Linux-6.8.0-1032-gcp-x86_64-with-glibc2.35,3.12.11,3.0.4,2,Intel(R) Xeon(R) CPU @ 2.60GHz,,,,,15.61648178100586,machine,Y,1.0
2025-08-07T10:49:03,scipy-benchmark,eaf0267e-ecdf-4a15-a7c6-8a4ad3be279c,scipy_LMC001_f7d9627c,1.0017065429128706,7.402168203211031e-08,7.389557606049178e-08,1.3183373312000006,0.0,10.0,1.835523603814409e-07,0.0,1.3913770445570765e-06,1.5749294049385177e-06,Canada,CAN,,gcp,northamerica-northeast2,Linux-6.8.0-1032-gcp-x86_64-with-glibc2.35,3.12.11,3.0.4,2,Intel(R) Xeon(R) CPU @ 2.60GHz,,,,,15.61648178100586,machine,Y,1.0
2025-08-07T10:49:05,scipy-benchmark,a1673b8e-c5bd-4ec6-8596-c6281728a87d,scipy_LMC001_f7d9627c,1.0016937900800258,7.568016343262055e-08,7.5552193876109e-08,1.5716375,0.0,10.0,2.188091738851662e-07,0.0,1.3914070693620791e-06,1.6102162432472455e-06,Canada,CAN,,gcp,northamerica-northeast2,Linux-6.8.0-1032-gcp-x86_64-with-glibc2.35,3.12.11,3.0.4,2,Intel(R) Xeon(R) CPU @ 2.60GHz,,,,,15.61648178100586,machine,Y,1.0
2025-08-07T10:49:08,scipy-benchmark,07fbb978-41fb-46b8-b604-d968ba7695dc,scipy_LMC001_f7d9627c,1.0014803549274802,7.723655453601191e-08,7.712238603183068e-08,1.8123776000000005,0.0,10.0,2.5221905896241137e-07,0.0,1.3911118886123102e-06,1.6433309475747215e-06,Canada,CAN,,gcp,northamerica-northeast2,Linux-6.8.0-1032-gcp-x86_64-with-glibc2.35,3.12.11,3.0.4,2,Intel(R) Xeon(R) CPU @ 2.60GHz,,,,,15.61648178100586,machine,Y,1.0
2025-08-07T10:49:10,scipy-benchmark,3737e3d8-9284-4209-9280-309dd10d20d7,scipy_LMC001_f7d9627c,1.0013704609591514,7.703117553239538e-08,7.692575179280998e-08,1.7834543000000005,0.0,10.0,2.481441787589711e-07,0.0,1.3908170027813565e-06,1.6389611815403274e-06,Canada,CAN,,gcp,northamerica-northeast2,Linux-6.8.0-1032-gcp-x86_64-with-glibc2.35,3.12.11,3.0.4,2,Intel(R) Xeon(R) CPU @ 2.60GHz,,,,,15.61648178100586,machine,Y,1.0
2025-08-07T10:49:12,scipy-benchmark,53af4c29-83f4-4f3b-93c1-34d0315fceef,scipy_LMC001_f7d9627c,1.001427388982847,7.667289301694338e-08,7.656360696787036e-08,1.7272709000000002,0.0,10.0,2.403583830201055e-07,0.0,1.3909797662765615e-06,1.631338149296667e-06,Canada,CAN,,gcp,northamerica-northeast2,Linux-6.8.0-1032-gcp-x86_64-with-glibc2.35,3.12.11,3.0.4,2,Intel(R) Xeon(R) CPU @ 2.60GHz,,,,,15.61648178100586,machine,Y,1.0
2025-08-07T10:49:14,scipy-benchmark,fdacc1fc-1735-4139-957f-c73b003e7590,scipy_LMC001_f7d9627c,1.0015084219630808,7.649704010549209e-08,7.638182408446292e-08,1.7000000000000002,0.0,10.0,2.365738453550473e-07,0.0,1.3910227526341463e-06,1.6275965979891934e-06,Canada,CAN,,gcp,northamerica-northeast2,Linux-6.8.0-1032-gcp-x86_64-with-glibc2.35,3.12.11,3.0.4,2,Intel(R) Xeon(R) CPU @ 2.60GHz,,,,,15.61648178100586,machine,Y,1.0
2025-08-07T10:49:16,scipy-benchmark,61efcebf-dd8d-4e15-ad90-a39cc0e6d45a,scipy_LMC001_f7d9627c,1.001496012089774,7.650498618594914e-08,7.639070476806975e-08,1.7000000000000002,0.0,10.0,2.365980553117374e-07,0.0,1.3911676082190954e-06,1.6277656635308328e-06,Canada,CAN,,gcp,northamerica-northeast2,Linux-6.8.0-1032-gcp-x86_64-with-glibc2.35,3.12.11,3.0.4,2,Intel(R) Xeon(R) CPU @ 2.60GHz,,,,,15.61648178100586,machine,Y,1.0
2025-08-07T10:49:18,scipy-benchmark,0e0c8230-6e8e-484b-88bd-459fe933af9f,scipy_LMC001_f7d9627c,1.0024785799905658,7.650248839445542e-08,7.631333967771699e-08,1.7000000000000002,0.0,10.0,2.3658922430412442e-07,0.0,1.391123294726842e-06,1.6277125190309663e-06,Canada,CAN,,gcp,northamerica-northeast2,Linux-6.8.0-1032-gcp-x86_64-with-glibc2.35,3.12.11,3.0.4,2,Intel(R) Xeon(R) CPU @ 2.60GHz,,,,,15.61648178100586,machine,Y,1.0
2025-08-07T10:49:21,scipy-benchmark,21918b80-2dcd-4d88-ad31-5bdaf7999564,scipy_LMC001_f7d9627c,1.0014750140253454,7.63244720479295e-08,7.62120581931941e-08,1.6732691000000002,0.0,10.0,2.328716229468564e-07,0.0,1.3910533142431327e-06,1.623924937189989e-06,Canada,CAN,,gcp,northamerica-northeast2,Linux-6.8.0-1032-gcp-x86_64-with-glibc2.35,3.12.11,3.0.4,2,Intel(R) Xeon(R) CPU @ 2.60GHz,,,,,15.61648178100586,machine,Y,1.0
2025-08-07T10:49:23,scipy-benchmark,22cea835-80c1-4cfb-a5ba-e92bf224e8cb,scipy_LMC001_f7d9627c,1.00152226886712,7.649905880642796e-08,7.638278367285879e-08,1.7000000000000002,0.0,10.0,2.3658042441173975e-07,0.0,1.3910591246611957e-06,1.6276395490729351e-06,Canada,CAN,,gcp,northamerica-northeast2,Linux-6.8.0-1032-gcp-x86_64-with-glibc2.35,3.12.11,3.0.4,2,Intel(R) Xeon(R) CPU @ 2.60GHz,,,,,15.61648178100586,machine,Y,1.0
2025-08-07T10:49:25,scipy-benchmark,fcc5a335-8fb6-40f5-b7dd-0f5aa46d477f,scipy_LMC001_f7d9627c,1.001433104975149,7.64919349157976e-08,7.638247081685577e-08,1.7000000000000002,0.0,10.0,2.365598072194391e-07,0.0,1.3909281697124245e-06,1.6274879769318634e-06,Canada,CAN,,gcp,northamerica-northeast2,Linux-6.8.0-1032-gcp-x86_64-with-glibc2.35,3.12.11,3.0.4,2,Intel(R) Xeon(R) CPU @ 2.60GHz,,,,,15.61648178100586,machine,Y,1.0
2025-08-07T10:49:27,scipy-benchmark,5b558700-1cae-4517-9259-a2b1afda272f,scipy_LMC001_f7d9627c,1.0014043841511011,7.666957627710767e-08,7.656205374225628e-08,1.7272709000000002,0.0,10.0,2.4034623841019346e-07,0.0,1.390921341953799e-06,1.6312675803639926e-06,Canada,CAN,,gcp,northamerica-northeast2,Linux-6.8.0-1032-gcp-x86_64-with-glibc2.35,3.12.11,3.0.4,2,Intel(R) Xeon(R) CPU @ 2.60GHz,,,,,15.61648178100586,machine,Y,1.0
2025-08-07T10:49:29,scipy-benchmark,725251f9-01d8-4af6-b521-f1b7383233ae,scipy_LMC001_f7d9627c,1.0015673888847232,7.650986576419867e-08,7.639013271927195e-08,1.7000000000000002,0.0,10.0,2.366129374066885e-07,0.0,1.391256546937964e-06,1.6278694843446526e-06,Canada,CAN,,gcp,northamerica-northeast2,Linux-6.8.0-1032-gcp-x86_64-with-glibc2.35,3.12.11,3.0.4,2,Intel(R) Xeon(R) CPU @ 2.60GHz,,,,,15.61648178100586,machine,Y,1.0
2025-08-07T10:49:32,scipy-benchmark,355aa035-5aa9-4688-bd7f-7b13278fe4cf,scipy_LMC001_f7d9627c,1.002889953088015,7.686348822737097e-08,7.664199645304983e-08,1.7550872000000004,0.0,10.0,2.442582026241539e-07,0.0,1.391135163915654e-06,1.635393366539808e-06,Canada,CAN,,gcp,northamerica-northeast2,Linux-6.8.0-1032-gcp-x86_64-with-glibc2.35,3.12.11,3.0.4,2,Intel(R) Xeon(R) CPU @ 2.60GHz,,,,,15.61648178100586,machine,Y,1.0
2025-08-07T10:49:34,scipy-benchmark,40cf605c-c94d-4d64-813a-9669fe4427c5,scipy_LMC001_f7d9627c,1.0015189261175692,7.63394214575766e-08,7.622364337487822e-08,1.6732691000000002,0.0,10.0,2.3291427042288458e-07,0.0,1.3913287393127878e-06,1.6242430097356724e-06,Canada,CAN,,gcp,northamerica-northeast2,Linux-6.8.0-1032-gcp-x86_64-with-glibc2.35,3.12.11,3.0.4,2,Intel(R) Xeon(R) CPU @ 2.60GHz,,,,,15.61648178100586,machine,Y,1.0
2025-08-07T10:49:36,scipy-benchmark,996902f9-f67d-49d1-8d56-07d1de1335cb,scipy_LMC001_f7d9627c,1.001438318984583,7.533977943878758e-08,7.523157243990721e-08,1.5239213,0.0,10.0,2.120661611451967e-07,0.0,1.3909078694673049e-06,1.6029740306125016e-06,Canada,CAN,,gcp,northamerica-northeast2,Linux-6.8.0-1032-gcp-x86_64-with-glibc2.35,3.12.11,3.0.4,2,Intel(R) Xeon(R) CPU @ 2.60GHz,,,,,15.61648178100586,machine,Y,1.0
2025-08-07T10:49:38,scipy-benchmark,7c2c66a0-475e-43b7-9406-c45ad4cd5645,scipy_LMC001_f7d9627c,1.0014121010899544,7.437768096503804e-08,7.427280026283294e-08,1.3764535352,0.0,10.0,1.9153683928215824e-07,0.0,1.3909670110378e-06,1.5825038503199583e-06,Canada,CAN,,gcp,northamerica-northeast2,Linux-6.8.0-1032-gcp-x86_64-with-glibc2.35,3.12.11,3.0.4,2,Intel(R) Xeon(R) CPU @ 2.60GHz,,,,,15.61648178100586,machine,Y,1.0
2025-08-07T10:49:40,scipy-benchmark,22b9dafb-bb77-4588-a79a-c4ec3a4fb6e8,scipy_LMC001_f7d9627c,1.0014729029498994,7.34015475865441e-08,7.329359323685684e-08,1.2270968,0.0,10.0,1.7075757179010329e-07,0.0,1.3909774832427502e-06,1.5617350550328537e-06,Canada,CAN,,gcp,northamerica-northeast2,Linux-6.8.0-1032-gcp-x86_64-with-glibc2.35,3.12.11,3.0.4,2,Intel(R) Xeon(R) CPU @ 2.60GHz,,,,,15.61648178100586,machine,Y,1.0
2025-08-07T10:49:42,scipy-benchmark,125c1eac-b6b8-4768-996b-f5dfb90b5212,scipy_LMC001_f7d9627c,1.0015277420170603,7.281494966137507e-08,7.270387689384114e-08,1.1359232,0.0,10.0,1.580978985503912e-07,0.0,1.3911563495639711e-06,1.5492542481143626e-06,Canada,CAN,,gcp,northamerica-northeast2,Linux-6.8.0-1032-gcp-x86_64-with-glibc2.35,3.12.11,3.0.4,2,Intel(R) Xeon(R) CPU @ 2.60GHz,,,,,15.61648178100586,machine,Y,1.0
2025-08-07T10:49:45,scipy-benchmark,26d4af37-27be-490f-a722-b7afcdc7e9fe,scipy_LMC001_f7d9627c,1.001545924926177,7.20632829761854e-08,7.195205050781583e-08,1.0207829384,0.0,10.0,1.4206905359177092e-07,0.0,1.3911922863270673e-06,1.533261339918838e-06,Canada,CAN,,gcp,northamerica-northeast2,Linux-6.8.0-1032-gcp-x86_64-with-glibc2.35,3.12.11,3.0.4,2,Intel(R) Xeon(R) CPU @ 2.60GHz,,,,,15.61648178100586,machine,Y,1.0
2025-08-07T10:49:47,scipy-benchmark,5a3e2a75-82f4-43cc-8ab0-375ae7067308,scipy_LMC001_f7d9627c,1.001477621961385,7.176439454016574e-08,7.165851035155016e-08,0.9756008,0.0,10.0,1.357748310813043e-07,0.0,1.391127180411584e-06,1.5269020114928882e-06,Canada,CAN,,gcp,northamerica-northeast2,Linux-6.8.0-1032-gcp-x86_64-with-glibc2.35,3.12.11,3.0.4,2,Intel(R) Xeon(R) CPU @ 2.60GHz,,,,,15.61648178100586,machine,Y,1.0
2025-08-07T10:49:49,scipy-benchmark,9c9a7dfd-e6ea-4416-b2c1-fd88b5170e75,scipy_LMC001_f7d9627c,1.0014582320582122,7.126069554381996e-08,7.115693222408677e-08,0.8995328,0.0,10.0,1.2517795301537714e-07,0.0,1.3910070585552605e-06,1.5161850115706376e-06,Canada,CAN,,gcp,northamerica-northeast2,Linux-6.8.0-1032-gcp-x86_64-with-glibc2.35,3.12.11,3.0.4,2,Intel(R) Xeon(R) CPU @ 2.60GHz,,,,,15.61648178100586,machine,Y,1.0
2025-08-07T10:49:51,scipy-benchmark,0feaaa8f-3e65-4302-ba5a-09a8310a5859,scipy_LMC001_f7d9627c,1.002590392017737,7.09588007026222e-08,7.07754645043186e-08,0.8509607936000003,0.0,10.0,1.1868390064244977e-07,0.0,1.3910778164346184e-06,1.5097617170770682e-06,Canada,CAN,,gcp,northamerica-northeast2,Linux-6.8.0-1032-gcp-x86_64-with-glibc2.35,3.12.11,3.0.4,2,Intel(R) Xeon(R) CPU @ 2.60GHz,,,,,15.61648178100586,machine,Y,1.0
2025-08-07T10:49:53,scipy-benchmark,046aadfb-67c7-4058-8b83-34ea5569489f,scipy_LMC001_f7d9627c,1.0014527579769492,7.076578323163092e-08,7.066312681048082e-08,0.8243,0.0,10.0,1.147043264458449e-07,0.0,1.3909506359292814e-06,1.505654962375126e-06,Canada,CAN,,gcp,northamerica-northeast2,Linux-6.8.0-1032-gcp-x86_64-with-glibc2.35,3.12.11,3.0.4,2,Intel(R) Xeon(R) CPU @ 2.60GHz,,,,,15.61648178100586,machine,Y,1.0
2025-08-07T10:49:56,scipy-benchmark,7257237a-cb0a-4da2-8797-3ed65f7c9b11,scipy_LMC001_f7d9627c,1.0014307601377368,7.068939094220667e-08,7.058839587919594e-08,0.8124416000000001,0.0,10.0,1.1305461937571897e-07,0.0,1.3909749751393169e-06,1.5040295945150355e-06,Canada,CAN,,gcp,northamerica-northeast2,Linux-6.8.0-1032-gcp-x86_64-with-glibc2.35,3.12.11,3.0.4,2,Intel(R) Xeon(R) CPU @ 2.60GHz,,,,,15.61648178100586,machine,Y,1.0
2025-08-07T10:49:58,scipy-benchmark,9a2f5d85-3b7b-43c0-99f1-6d3b473f936b,scipy_LMC001_f7d9627c,1.0014874150510875,7.064851134716472e-08,7.054358375892403e-08,0.8052488000000001,0.0,10.0,1.1206339629407509e-07,0.0,1.3910964196030463e-06,1.5031598158971217e-06,Canada,CAN,,gcp,northamerica-northeast2,Linux-6.8.0-1032-gcp-x86_64-with-glibc2.35,3.12.11,3.0.4,2,Intel(R) Xeon(R) CPU @ 2.60GHz,,,,,15.61648178100586,machine,Y,1.0
2025-08-07T10:50:00,scipy-benchmark,77e7c488-76ab-4ac2-8997-2b775f4bbc96,scipy_LMC001_f7d9627c,1.0015579420141876,7.06232626520214e-08,7.051340685292174e-08,0.8004608000000001,0.0,10.0,1.1140819597148897e-07,0.0,1.3912144136459878e-06,1.5026226096174768e-06,Canada,CAN,,gcp,northamerica-northeast2,Linux-6.8.0-1032-gcp-x86_64-with-glibc2.35,3.12.11,3.0.4,2,Intel(R) Xeon(R) CPU @ 2.60GHz,,,,,15.61648178100586,machine,Y,1.0
2025-08-07T10:50:02,scipy-benchmark,685055e6-fb22-4805-bf83-f78b172d6dbb,scipy_LMC001_f7d9627c,1.0016190758906305,7.061858046696417e-08,7.050442844668347e-08,0.8,0.0,10.0,1.11361644230783e-07,0.0,1.3911613444280291e-06,1.502522988658812e-06,Canada,CAN,,gcp,northamerica-northeast2,Linux-6.8.0-1032-gcp-x86_64-with-glibc2.35,3.12.11,3.0.4,2,Intel(R) Xeon(R) CPU @ 2.60GHz,,,,,15.61648178100586,machine,Y,1.0
2025-08-07T10:50:04,scipy-benchmark,8650df1e-722b-4541-a1a3-dfb5b166dfdc,scipy_LMC001_f7d9627c,1.0015257040504366,7.061644386145701e-08,7.05088681956592e-08,0.8,0.0,10.0,1.1134981757236856e-07,0.0,1.3911277113948018e-06,1.5024775289671704e-06,Canada,CAN,,gcp,northamerica-northeast2,Linux-6.8.0-1032-gcp-x86_64-with-glibc2.35,3.12.11,3.0.4,2,Intel(R) Xeon(R) CPU @ 2.60GHz,,,,,15.61648178100586,machine,Y,1.0
2025-08-07T10:50:06,scipy-benchmark,0200ba0e-1ec5-4560-84a9-9614ff51e453,scipy_LMC001_f7d9627c,1.0015852639917284,7.061934352029735e-08,7.050757040778563e-08,0.8,0.0,10.0,1.113643791112635e-07,0.0,1.3911748447248505e-06,1.502539223836114e-06,Canada,CAN,,gcp,northamerica-northeast2,Linux-6.8.0-1032-gcp-x86_64-with-glibc2.35,3.12.11,3.0.4,2,Intel(R) Xeon(R) CPU @ 2.60GHz,,,,,15.61648178100586,machine,Y,1.0
2025-08-07T10:50:09,scipy-benchmark,fa11f765-78a5-4973-8d1e-ea40b880c0a6,scipy_LMC001_f7d9627c,1.0016104928217828,7.062183002133308e-08,7.050827694743296e-08,0.8000072,0.0,10.0,1.1136093707935098e-07,0.0,1.3912311910341184e-06,1.5025921281134694e-06,Canada,CAN,,gcp,northamerica-northeast2,Linux-6.8.0-1032-gcp-x86_64-with-glibc2.35,3.12.11,3.0.4,2,Intel(R) Xeon(R) CPU @ 2.60GHz,,,,,15.61648178100586,machine,Y,1.0
2025-08-07T10:50:11,scipy-benchmark,e3933964-cef8-4a79-9cc3-e04986a7bba6,scipy_LMC001_f7d9627c,1.0014540520496666,7.061439309437344e-08,7.051186517229385e-08,0.8,0.0,10.0,1.1134162622814378e-07,0.0,1.3910922693968232e-06,1.502433895624967e-06,Canada,CAN,,gcp,northamerica-northeast2,Linux-6.8.0-1032-gcp-x86_64-with-glibc2.35,3.12.11,3.0.4,2,Intel(R) Xeon(R) CPU @ 2.60GHz,,,,,15.61648178100586,machine,Y,1.0
2025-08-07T10:50:13,scipy-benchmark,de3be5d6-6580-4585-ae74-ce9dc4c3e2ea,scipy_LMC001_f7d9627c,1.0015321669634432,7.061811074790442e-08,7.051007753651317e-08,0.8,0.0,10.0,1.113502778009409e-07,0.0,1.3911627168353231e-06,1.5025129946362642e-06,Canada,CAN,,gcp,northamerica-northeast2,Linux-6.8.0-1032-gcp-x86_64-with-glibc2.35,3.12.11,3.0.4,2,Intel(R) Xeon(R) CPU @ 2.60GHz,,,,,15.61648178100586,machine,Y,1.0
2025-08-07T10:50:15,scipy-benchmark,80c3a97a-be83-4907-a074-c7dd88f59c41,scipy_LMC001_f7d9627c,1.001497371122241,7.061050729494957e-08,7.050493524094429e-08,0.8,0.0,10.0,1.1134290514099933e-07,0.0,1.3910083139004806e-06,1.5023512190414798e-06,Canada,CAN,,gcp,northamerica-northeast2,Linux-6.8.0-1032-gcp-x86_64-with-glibc2.35,3.12.11,3.0.4,2,Intel(R) Xeon(R) CPU @ 2.60GHz,,,,,15.61648178100586,machine,Y,1.0
2025-08-07T10:50:17,scipy-benchmark,a9f36036-db07-4e08-8a31-9c63fa2095b1,scipy_LMC001_f7d9627c,1.001641737064347,7.062606750785683e-08,7.05103081215951e-08,0.8,0.0,10.0,1.1136780379133093e-07,0.0,1.3913144836098784e-06,1.5026822874012093e-06,Canada,CAN,,gcp,northamerica-northeast2,Linux-6.8.0-1032-gcp-x86_64-with-glibc2.35,3.12.11,3.0.4,2,Intel(R) Xeon(R) CPU @ 2.60GHz,,,,,15.61648178100586,machine,Y,1.0
2025-08-07T10:50:20,scipy-benchmark,39af4c99-3732-4e44-8056-1279a7bfa03f,scipy_LMC001_f7d9627c,1.0016164518892765,7.061960128847409e-08,7.050563232589624e-08,0.8,0.0,10.0,1.1136073334556489e-07,0.0,1.3911839749198407e-06,1.5025447082654057e-06,Canada,CAN,,gcp,northamerica-northeast2,Linux-6.8.0-1032-gcp-x86_64-with-glibc2.35,3.12.11,3.0.4,2,Intel(R) Xeon(R) CPU @ 2.60GHz,,,,,15.61648178100586,machine,Y,1.0
2025-08-07T10:50:22,scipy-benchmark,27d9590e-115c-44e6-9698-1ac28948f905,scipy_LMC001_f7d9627c,1.002105177147314,7.940739941504561e-08,7.924058394857725e-08,2.1404197592000003,0.0,10.0,2.982664642423294e-07,0.0,1.3912526722480027e-06,1.6895191364903322e-06,Canada,CAN,,gcp,northamerica-northeast2,Linux-6.8.0-1032-gcp-x86_64-with-glibc2.35,3.12.11,3.0.4,2,Intel(R) Xeon(R) CPU @ 2.60GHz,,,,,15.61648178100586,machine,Y,1.0
2025-08-07T10:50:24,scipy-benchmark,56042c53-812a-4b8c-8703-538e51f1c963,scipy_LMC001_f7d9627c,1.0044431290589273,7.185417310737304e-08,7.153632796980146e-08,0.9265472,0.0,10.0,1.29690260338287e-07,0.0,1.3991219334356074e-06,1.5288121937738944e-06,Canada,CAN,,gcp,northamerica-northeast2,Linux-6.8.0-1032-gcp-x86_64-with-glibc2.35,3.12.11,3.0.4,2,Intel(R) Xeon(R) CPU @ 2.60GHz,,,,,15.61648178100586,machine,Y,1.0
2025-08-07T10:50:26,scipy-benchmark,e3d5333c-647e-4f80-8d29-888686461ad3,scipy_LMC001_f7d9627c,1.0015221468638629,7.06264963341431e-08,7.051915582226596e-08,0.8009000000000002,0.0,10.0,1.1147028378844781e-07,0.0,1.3912211275762983e-06,1.5026914113647465e-06,Canada,CAN,,gcp,northamerica-northeast2,Linux-6.8.0-1032-gcp-x86_64-with-glibc2.35,3.12.11,3.0.4,2,Intel(R) Xeon(R) CPU @ 2.60GHz,,,,,15.61648178100586,machine,Y,1.0
2025-08-07T10:50:28,scipy-benchmark,96312bb9-d843-489b-9024-c320baae0c37,scipy_LMC001_f7d9627c,1.0028492480050772,7.080214312635986e-08,7.060098341520757e-08,0.8000576,0.0,10.0,1.1163697419756402e-07,0.0,1.3947916029590285e-06,1.5064285771565926e-06,Canada,CAN,,gcp,northamerica-northeast2,Linux-6.8.0-1032-gcp-x86_64-with-glibc2.35,3.12.11,3.0.4,2,Intel(R) Xeon(R) CPU @ 2.60GHz,,,,,15.61648178100586,machine,Y,1.0
2025-08-07T10:50:31,scipy-benchmark,3f68bf00-5fe4-4a36-b1d3-da791861d507,scipy_LMC001_f7d9627c,1.0014175530523062,7.060247339095337e-08,7.050253231108046e-08,0.8000576,0.0,10.0,1.113210434200267e-07,0.0,1.3908592414938742e-06,1.502180284913901e-06,Canada,CAN,,gcp,northamerica-northeast2,Linux-6.8.0-1032-gcp-x86_64-with-glibc2.35,3.12.11,3.0.4,2,Intel(R) Xeon(R) CPU @ 2.60GHz,,,,,15.61648178100586,machine,Y,1.0
2025-08-07T10:50:33,scipy-benchmark,0d3af157-75be-4b51-bc5f-bf09aa381359,scipy_LMC001_f7d9627c,1.0013927549589423,7.060158308416766e-08,7.050338913932162e-08,0.8000072,0.0,10.0,1.1131765316270313e-07,0.0,1.3908436890536298e-06,1.5021613422163328e-06,Canada,CAN,,gcp,northamerica-northeast2,Linux-6.8.0-1032-gcp-x86_64-with-glibc2.35,3.12.11,3.0.4,2,Intel(R) Xeon(R) CPU @ 2.60GHz,,,,,15.61648178100586,machine,Y,1.0
2025-08-07T10:50:35,scipy-benchmark,e1ddf0ab-085c-4c97-8f62-cd24c0dcbd0b,scipy_LMC001_f7d9627c,1.0014684260822833,7.06137719455227e-08,7.05102328804931e-08,0.8,0.0,10.0,1.1134630203661001e-07,0.0,1.391074377655362e-06,1.502420679691972e-06,Canada,CAN,,gcp,northamerica-northeast2,Linux-6.8.0-1032-gcp-x86_64-with-glibc2.35,3.12.11,3.0.4,2,Intel(R) Xeon(R) CPU @ 2.60GHz,,,,,15.61648178100586,machine,Y,1.0
2025-08-07T10:50:37,scipy-benchmark,310b30ea-8072-42e5-a84b-b7336cbe57d1,scipy_LMC001_f7d9627c,1.0018728419672698,7.06564485999859e-08,7.052436760462081e-08,0.8,0.0,10.0,1.1142506310716273e-07,0.0,1.3919036305095587e-06,1.5033286936167214e-06,Canada,CAN,,gcp,northamerica-northeast2,Linux-6.8.0-1032-gcp-x86_64-with-glibc2.35,3.12.11,3.0.4,2,Intel(R) Xeon(R) CPU @ 2.60GHz,,,,,15.61648178100586,machine,Y,1.0
2025-08-07T10:50:39,scipy-benchmark,68e9ccc5-2a98-4659-9dc5-5e50d062b1d6,scipy_LMC001_f7d9627c,1.0017179639544338,7.062838672109258e-08,7.050725779367707e-08,0.8,0.0,10.0,1.1137306291816965e-07,0.0,1.3913585694455024e-06,1.502731632363672e-06,Canada,CAN,,gcp,northamerica-northeast2,Linux-6.8.0-1032-gcp-x86_64-with-glibc2.35,3.12.11,3.0.4,2,Intel(R) Xeon(R) CPU @ 2.60GHz,,,,,15.61648178100586,machine,Y,1.0
2025-08-07T10:50:41,scipy-benchmark,19a9b728-312f-40d9-a612-862737822133,scipy_LMC001_f7d9627c,1.0015851540956646,7.061905930644005e-08,7.05072943799794e-08,0.8,0.0,10.0,1.1136150691244337e-07,0.0,1.3911716698203236e-06,1.502533176732767e-06,Canada,CAN,,gcp,northamerica-northeast2,Linux-6.8.0-1032-gcp-x86_64-with-glibc2.35,3.12.11,3.0.4,2,Intel(R) Xeon(R) CPU @ 2.60GHz,,,,,15.61648178100586,machine,Y,1.0
2025-08-07T10:50:44,scipy-benchmark,38df94fa-1735-4a72-89f0-68ba44babc70,scipy_LMC001_f7d9627c,1.0017423999961466,7.06212952747527e-08,7.049845876048011e-08,0.8,0.0,10.0,1.1138703358463117e-07,0.0,1.3911937169420222e-06,1.5025807505266534e-06,Canada,CAN,,gcp,northamerica-northeast2,Linux-6.8.0-1032-gcp-x86_64-with-glibc2.35,3.12.11,3.0.4,2,Intel(R) Xeon(R) CPU @ 2.60GHz,,,,,15.61648178100586,machine,Y,1.0
2025-08-07T10:50:46,scipy-benchmark,69aef8a3-a89d-4959-9175-0eebcf892b7b,scipy_LMC001_f7d9627c,1.0016481820493937,7.062006344832482e-08,7.050386025144541e-08,0.8,0.0,10.0,1.1137219958214297e-07,0.0,1.3911823418715765e-06,1.502554541453719e-06,Canada,CAN,,gcp,northamerica-northeast2,Linux-6.8.0-1032-gcp-x86_64-with-glibc2.35,3.12.11,3.0.4,2,Intel(R) Xeon(R) CPU @ 2.60GHz,,,,,15.61648178100586,machine,Y,1.0
2025-08-07T10:50:48,scipy-benchmark,09a227e0-680e-4a1b-b097-5277b9e27bdf,scipy_LMC001_f7d9627c,1.001588778104633,7.062434777625216e-08,7.051231934716648e-08,0.8,0.0,10.0,1.113602470917007e-07,0.0,1.3912854502753665e-06,1.5026456973670671e-06,Canada,CAN,,gcp,northamerica-northeast2,Linux-6.8.0-1032-gcp-x86_64-with-glibc2.35,3.12.11,3.0.4,2,Intel(R) Xeon(R) CPU @ 2.60GHz,,,,,15.61648178100586,machine,Y,1.0
2025-08-07T10:50:50,scipy-benchmark,01ac650e-32be-4f79-ba95-551acf109b96,scipy_LMC001_f7d9627c,1.0016444381326437,7.062352675885066e-08,7.050758140335051e-08,0.8,0.0,10.0,1.113699706685212e-07,0.0,1.391258258243195e-06,1.502628228911716e-06,Canada,CAN,,gcp,northamerica-northeast2,Linux-6.8.0-1032-gcp-x86_64-with-glibc2.35,3.12.11,3.0.4,2,Intel(R) Xeon(R) CPU @ 2.60GHz,,,,,15.61648178100586,machine,Y,1.0
2025-08-07T10:50:52,scipy-benchmark,f6d65e1b-a18c-4129-b044-4eba5252e1a4,scipy_LMC001_f7d9627c,1.0016154609620571,7.062743362362705e-08,7.051352178189124e-08,0.8,0.0,10.0,1.1136604266034233e-07,0.0,1.39134531103385e-06,1.5027113536941924e-06,Canada,CAN,,gcp,northamerica-northeast2,Linux-6.8.0-1032-gcp-x86_64-with-glibc2.35,3.12.11,3.0.4,2,Intel(R) Xeon(R) CPU @ 2.60GHz,,,,,15.61648178100586,machine,Y,1.0
2025-08-07T10:50:55,scipy-benchmark,b1b4e6dc-5bf6-47b3-b947-d619f1aeb298,scipy_LMC001_f7d9627c,1.001624635886401,7.062452052186968e-08,7.050996749832294e-08,0.8,0.0,10.0,1.1136995866480801e-07,0.0,1.39127941414093e-06,1.502649372805738e-06,Canada,CAN,,gcp,northamerica-northeast2,Linux-6.8.0-1032-gcp-x86_64-with-glibc2.35,3.12.11,3.0.4,2,Intel(R) Xeon(R) CPU @ 2.60GHz,,,,,15.61648178100586,machine,Y,1.0
2025-08-07T10:50:57,scipy-benchmark,cf04d2f4-9a2f-4dab-be4c-38d69480de55,scipy_LMC001_f7d9627c,1.0015522819012403,7.06188271316027e-08,7.050937670228002e-08,0.8,0.0,10.0,1.1135685935409533e-07,0.0,1.3911713774885154e-06,1.5025282368426107e-06,Canada,CAN,,gcp,northamerica-northeast2,Linux-6.8.0-1032-gcp-x86_64-with-glibc2.35,3.12.11,3.0.4,2,Intel(R) Xeon(R) CPU @ 2.60GHz,,,,,15.61648178100586,machine,Y,1.0
2025-08-07T10:50:59,scipy-benchmark,841e35c8-c3d7-42d1-8742-5b75bd7fcdfe,scipy_LMC001_f7d9627c,1.0017376239411533,7.06359402908064e-08,7.051341449360985e-08,0.8,0.0,10.0,1.1139072731344237e-07,0.0,1.3915016192994598e-06,1.5028923466129025e-06,Canada,CAN,,gcp,northamerica-northeast2,Linux-6.8.0-1032-gcp-x86_64-with-glibc2.35,3.12.11,3.0.4,2,Intel(R) Xeon(R) CPU @ 2.60GHz,,,,,15.61648178100586,machine,Y,1.0
2025-08-07T10:51:01,scipy-benchmark,8e09efcd-2d37-4690-a8b3-e498f8a49ce4,scipy_LMC001_f7d9627c,1.0017316269222647,7.063126164866197e-08,7.050916607841416e-08,0.8,0.0,10.0,1.1137961534162365e-07,0.0,1.3914131856937376e-06,1.5027928010353612e-06,Canada,CAN,,gcp,northamerica-northeast2,Linux-6.8.0-1032-gcp-x86_64-with-glibc2.35,3.12.11,3.0.4,2,Intel(R) Xeon(R) CPU @ 2.60GHz,,,,,15.61648178100586,machine,Y,1.0
2025-08-07T10:51:03,scipy-benchmark,f7f26c29-1df8-482e-9dca-a583a992f8e9,scipy_LMC001_f7d9627c,1.001701985951513,7.062879024448597e-08,7.050878528247695e-08,0.8,0.0,10.0,1.1137833197911581e-07,0.0,1.3913618859886709e-06,1.5027402179677867e-06,Canada,CAN,,gcp,northamerica-northeast2,Linux-6.8.0-1032-gcp-x86_64-with-glibc2.35,3.12.11,3.0.4,2,Intel(R) Xeon(R) CPU @ 2.60GHz,,,,,15.61648178100586,machine,Y,1.0
2025-08-07T10:51:05,scipy-benchmark,71d64aa9-926b-4dcf-a644-83c69a7f6798,scipy_LMC001_f7d9627c,1.001681269844994,7.063094802112839e-08,7.051239765325572e-08,0.8,0.0,10.0,1.113781448867586e-07,0.0,1.3914079832223554e-06,1.502786128109114e-06,Canada,CAN,,gcp,northamerica-northeast2,Linux-6.8.0-1032-gcp-x86_64-with-glibc2.35,3.12.11,3.0.4,2,Intel(R) Xeon(R) CPU @ 2.60GHz,,,,,15.61648178100586,machine,Y,1.0
2025-08-07T10:51:08,scipy-benchmark,cb27e1ae-df2e-4f26-a4bc-699bce2d8d8b,scipy_LMC001_f7d9627c,1.0016839811578393,7.062765700044064e-08,7.05089213055026e-08,0.8000072,0.0,10.0,1.1137496173352221e-07,0.0,1.391341144658832e-06,1.502716106392354e-06,Canada,CAN,,gcp,northamerica-northeast2,Linux-6.8.0-1032-gcp-x86_64-with-glibc2.35,3.12.11,3.0.4,2,Intel(R) Xeon(R) CPU @ 2.60GHz,,,,,15.61648178100586,machine,Y,1.0
2025-08-07T10:51:10,scipy-benchmark,f4141209-53d7-4bbd-a1a3-f6436ffa1a26,scipy_LMC001_f7d9627c,1.001592918066308,7.062263686230614e-08,7.051031970019455e-08,0.8,0.0,10.0,1.1136214466144645e-07,0.0,1.3912471502812372e-06,1.5026092949426836e-06,Canada,CAN,,gcp,northamerica-northeast2,Linux-6.8.0-1032-gcp-x86_64-with-glibc2.35,3.12.11,3.0.4,2,Intel(R) Xeon(R) CPU @ 2.60GHz,,,,,15.61648178100586,machine,Y,1.0
2025-08-07T10:51:12,scipy-benchmark,37401be7-b38a-4991-a279-34f9bab3802a,scipy_LMC001_f7d9627c,1.001537498086691,7.061469911770999e-08,7.05062958227828e-08,0.8,0.0,10.0,1.1135165957320069e-07,0.0,1.3910887471865864e-06,1.5024404067597871e-06,Canada,CAN,,gcp,northamerica-northeast2,Linux-6.8.0-1032-gcp-x86_64-with-glibc2.35,3.12.11,3.0.4,2,Intel(R) Xeon(R) CPU @ 2.60GHz,,,,,15.61648178100586,machine,Y,1.0
2025-08-07T10:51:14,scipy-benchmark,fc1721f9-aebe-4cdb-85ec-7478d4cfb763,scipy_LMC001_f7d9627c,1.0017265600617975,7.06286111060195e-08,7.050687674854338e-08,0.8000072,0.0,10.0,1.1137816173494814e-07,0.0,1.3913582447761048e-06,1.502736406511053e-06,Canada,CAN,,gcp,northamerica-northeast2,Linux-6.8.0-1032-gcp-x86_64-with-glibc2.35,3.12.11,3.0.4,2,Intel(R) Xeon(R) CPU @ 2.60GHz,,,,,15.61648178100586,machine,Y,1.0
2025-08-07T10:51:16,scipy-benchmark,b1209ec1-b588-4f57-a76b-69c37174669b,scipy_LMC001_f7d9627c,1.0017102018464357,7.063003743737419e-08,7.050945204230028e-08,0.8,0.0,10.0,1.1137991243352493e-07,0.0,1.39138684155316e-06,1.502766753986685e-06,Canada,CAN,,gcp,northamerica-northeast2,Linux-6.8.0-1032-gcp-x86_64-with-glibc2.35,3.12.11,3.0.4,2,Intel(R) Xeon(R) CPU @ 2.60GHz,,,,,15.61648178100586,machine,Y,1.0
2025-08-07T10:51:19,scipy-benchmark,3d05b17c-2cee-4a6c-9ef5-cf6db38087c7,scipy_LMC001_f7d9627c,1.0017393860034645,7.064100432119241e-08,7.051834569769838e-08,0.8000576,0.0,10.0,1.1139194162655209e-07,0.0,1.391608150313712e-06,1.503000091940264e-06,Canada,CAN,,gcp,northamerica-northeast2,Linux-6.8.0-1032-gcp-x86_64-with-glibc2.35,3.12.11,3.0.4,2,Intel(R) Xeon(R) CPU @ 2.60GHz,,,,,15.61648178100586,machine,Y,1.0
2025-08-07T10:51:21,scipy-benchmark,c9fdb60e-dd9b-40ef-85b2-9560b7a982f2,scipy_LMC001_f7d9627c,1.0016331060323864,7.062193986845928e-08,7.050679479655279e-08,0.8,0.0,10.0,1.1135936269743577e-07,0.0,1.3912351025889316e-06,1.5025944652863674e-06,Canada,CAN,,gcp,northamerica-northeast2,Linux-6.8.0-1032-gcp-x86_64-with-glibc2.35,3.12.11,3.0.4,2,Intel(R) Xeon(R) CPU @ 2.60GHz,,,,,15.61648178100586,machine,Y,1.0
2025-08-07T10:51:23,scipy-benchmark,5a06dcab-0158-4904-8f3b-7f26cd7b0502,scipy_LMC001_f7d9627c,1.0016432530246675,7.062281346108972e-08,7.050695269780896e-08,0.8,0.0,10.0,1.1136022489517928e-07,0.0,1.3912528274684317e-06,1.502613052363611e-06,Canada,CAN,,gcp,northamerica-northeast2,Linux-6.8.0-1032-gcp-x86_64-with-glibc2.35,3.12.11,3.0.4,2,Intel(R) Xeon(R) CPU @ 2.60GHz,,,,,15.61648178100586,machine,Y,1.0
2025-08-07T10:51:25,scipy-benchmark,eb6055eb-88ad-408c-905b-9ad3f7160d72,scipy_LMC001_f7d9627c,1.0017629370559007,7.062680067598448e-08,7.050250918999944e-08,0.8000072,0.0,10.0,1.113779703981772e-07,0.0,1.3913199163248968e-06,1.502697886723074e-06,Canada,CAN,,gcp,northamerica-northeast2,Linux-6.8.0-1032-gcp-x86_64-with-glibc2.35,3.12.11,3.0.4,2,Intel(R) Xeon(R) CPU @ 2.60GHz,,,,,15.61648178100586,machine,Y,1.0
2025-08-07T10:51:27,scipy-benchmark,cab01204-3358-4af4-9fa0-c830cb81f0d4,scipy_LMC001_f7d9627c,1.0017121399287134,7.063373478548602e-08,7.05130066513047e-08,0.8,0.0,10.0,1.1138349864631893e-07,0.0,1.3914619223214686e-06,1.5028454209677875e-06,Canada,CAN,,gcp,northamerica-northeast2,Linux-6.8.0-1032-gcp-x86_64-with-glibc2.35,3.12.11,3.0.4,2,Intel(R) Xeon(R) CPU @ 2.60GHz,,,,,15.61648178100586,machine,Y,1.0
2025-08-07T10:51:30,scipy-benchmark,7fa57410-3030-425c-9292-32daf4bbfb78,scipy_LMC001_f7d9627c,1.0016780539881438,7.063006527833021e-08,7.05117427671688e-08,0.8000576,0.0,10.0,1.1138533538339537e-07,0.0,1.391382010964056e-06,1.5027673463474514e-06,Canada,CAN,,gcp,northamerica-northeast2,Linux-6.8.0-1032-gcp-x86_64-with-glibc2.35,3.12.11,3.0.4,2,Intel(R) Xeon(R) CPU @ 2.60GHz,,,,,15.61648178100586,machine,Y,1.0
2025-08-07T10:51:32,scipy-benchmark,19849955-918f-4d07-96d9-cb0d5e19126a,scipy_LMC001_f7d9627c,1.001616978785023,7.062556460949904e-08,7.051154893077883e-08,0.8,0.0,10.0,1.1136911530047656e-07,0.0,1.391302472135673e-06,1.5026715874361495e-06,Canada,CAN,,gcp,northamerica-northeast2,Linux-6.8.0-1032-gcp-x86_64-with-glibc2.35,3.12.11,3.0.4,2,Intel(R) Xeon(R) CPU @ 2.60GHz,,,,,15.61648178100586,machine,Y,1.0
2025-08-07T10:51:34,scipy-benchmark,854c06e6-de35-43a8-832a-b7a1be9e961c,scipy_LMC001_f7d9627c,1.0016585448756814,7.06238170024312e-08,7.050687818092394e-08,0.8000072,0.0,10.0,1.1137191566040705e-07,0.0,1.3912624886466398e-06,1.5026344043070468e-06,Canada,CAN,,gcp,northamerica-northeast2,Linux-6.8.0-1032-gcp-x86_64-with-glibc2.35,3.12.11,3.0.4,2,Intel(R) Xeon(R) CPU @ 2.60GHz,,,,,15.61648178100586,machine,Y,1.0
2025-08-07T10:51:36,scipy-benchmark,c045fbd2-8296-4867-85c3-43e32718d4d4,scipy_LMC001_f7d9627c,1.001654407940805,7.062237156531773e-08,7.050572633180219e-08,0.8,0.0,10.0,1.1136739199153253e-07,0.0,1.3912362583343768e-06,1.5026036503259092e-06,Canada,CAN,,gcp,northamerica-northeast2,Linux-6.8.0-1032-gcp-x86_64-with-glibc2.35,3.12.11,3.0.4,2,Intel(R) Xeon(R) CPU @ 2.60GHz,,,,,15.61648178100586,machine,Y,1.0
2025-08-07T10:51:38,scipy-benchmark,e50a3a29-2754-43c6-ba54-4181d3379314,scipy_LMC001_f7d9627c,1.0016139019280672,7.061977666406893e-08,7.050598691584517e-08,0.8,0.0,10.0,1.1135681754805977e-07,0.0,1.3911916221129813e-06,1.502548439661041e-06,Canada,CAN,,gcp,northamerica-northeast2,Linux-6.8.0-1032-gcp-x86_64-with-glibc2.35,3.12.11,3.0.4,2,Intel(R) Xeon(R) CPU @ 2.60GHz,,,,,15.61648178100586,machine,Y,1.0
2025-08-07T10:51:40,scipy-benchmark,49a68442-1eac-43a6-93ab-045860ff19bf,scipy_LMC001_f7d9627c,1.001674786908552,7.06316527293588e-08,7.051355754630482e-08,0.8000072,0.0,10.0,1.1137919665060328e-07,0.0,1.3914219252506478e-06,1.502801121901251e-06,Canada,CAN,,gcp,northamerica-northeast2,Linux-6.8.0-1032-gcp-x86_64-with-glibc2.35,3.12.11,3.0.4,2,Intel(R) Xeon(R) CPU @ 2.60GHz,,,,,15.61648178100586,machine,Y,1.0
