timestamp,project_name,run_id,experiment_id,duration,emissions,emissions_rate,cpu_power,gpu_power,ram_power,cpu_energy,gpu_energy,ram_energy,energy_consumed,country_name,country_iso_code,region,cloud_provider,cloud_region,os,python_version,codecarbon_version,cpu_count,cpu_model,gpu_count,gpu_model,longitude,latitude,ram_total_size,tracking_mode,on_cloud,pue
2025-08-06T15:02:49,scipy-benchmark,098ab23b-e205-4cc2-aac4-0a2b19ec8276,scipy_R0913_83d99ed0,1.0020036029163748,7.649706061092568e-08,7.634409735481758e-08,1.7000000000000002,0.0,10.0,2.368316041279792e-07,0.0,1.3907654301470354e-06,1.6275970342750146e-06,Canada,CAN,,gcp,northamerica-northeast2,Linux-6.8.0-1032-gcp-x86_64-with-glibc2.35,3.12.11,3.0.4,2,Intel(R) Xeon(R) CPU @ 2.60GHz,,,,,15.61648178100586,machine,Y,1.0
2025-08-06T15:02:51,scipy-benchmark,7fe6b359-c37a-4525-85b7-56bad65f1054,scipy_R0913_83d99ed0,1.0013715461827817,7.647024473972853e-08,7.63655059215856e-08,1.7000000000000002,0.0,10.0,2.3652411673295625e-07,0.0,1.3905023670910546e-06,1.6270264838240109e-06,Canada,CAN,,gcp,northamerica-northeast2,Linux-6.8.0-1032-gcp-x86_64-with-glibc2.35,3.12.11,3.0.4,2,Intel(R) Xeon(R) CPU @ 2.60GHz,,,,,15.61648178100586,machine,Y,1.0
2025-08-06T15:02:51,scipy-benchmark,ecd8f216-c22e-4be0-bb12-d4bd2a9515bc,scipy_R0913_83d99ed0,5.273426794912666,8.178976899216412e-07,1.550979508638816e-07,3.12574878512,0.0,10.0,4.144216370409188e-06,0.0,1.3257862138561903e-05,1.740207850897109e-05,Canada,CAN,,gcp,northamerica-northeast2,Linux-6.8.0-1032-gcp-x86_64-with-glibc2.35,3.12.11,3.0.4,2,Intel(R) Xeon(R) CPU @ 2.60GHz,,,,,15.61648178100586,machine,Y,1.0
2025-08-06T15:02:55,scipy-benchmark,d58755de-8f5c-4549-ad08-c033d5e98cc7,scipy_R0913_83d99ed0,1.00121676386334,7.647062486629389e-08,7.63776912516136e-08,1.7000000000000002,0.0,10.0,2.364687995739385e-07,0.0,1.390565772049336e-06,1.6270345716232744e-06,Canada,CAN,,gcp,northamerica-northeast2,Linux-6.8.0-1032-gcp-x86_64-with-glibc2.35,3.12.11,3.0.4,2,Intel(R) Xeon(R) CPU @ 2.60GHz,,,,,15.61648178100586,machine,Y,1.0
2025-08-06T15:02:59,scipy-benchmark,2cab71ba-95d0-4eaf-bf2b-9622a47cc4c8,scipy_R0913_83d99ed0,1.001243602950126,7.64752738409443e-08,7.638028709058699e-08,1.7000000000000002,0.0,10.0,2.364854251112168e-07,0.0,1.3906480608663213e-06,1.627133485977538e-06,Canada,CAN,,gcp,northamerica-northeast2,Linux-6.8.0-1032-gcp-x86_64-with-glibc2.35,3.12.11,3.0.4,2,Intel(R) Xeon(R) CPU @ 2.60GHz,,,,,15.61648178100586,machine,Y,1.0
2025-08-06T15:03:03,scipy-benchmark,137d30b9-fc0d-47ae-a050-6f2107ae44d7,scipy_R0913_83d99ed0,1.001265972154215,7.665444908530677e-08,7.655752938490997e-08,1.7272709000000002,0.0,10.0,2.4029562514458377e-07,0.0,1.3906501000747086e-06,1.6309457252192925e-06,Canada,CAN,,gcp,northamerica-northeast2,Linux-6.8.0-1032-gcp-x86_64-with-glibc2.35,3.12.11,3.0.4,2,Intel(R) Xeon(R) CPU @ 2.60GHz,,,,,15.61648178100586,machine,Y,1.0
2025-08-06T15:03:05,scipy-benchmark,96a80560-15cc-41a2-b37a-2296e69b5925,scipy_R0913_83d99ed0,1.0011032570619136,7.646246130780655e-08,7.63781965231162e-08,1.7000000000000002,0.0,10.0,2.364453259376913e-07,0.0,1.3904155529518094e-06,1.6268608788895006e-06,Canada,CAN,,gcp,northamerica-northeast2,Linux-6.8.0-1032-gcp-x86_64-with-glibc2.35,3.12.11,3.0.4,2,Intel(R) Xeon(R) CPU @ 2.60GHz,,,,,15.61648178100586,machine,Y,1.0
2025-08-06T15:03:05,scipy-benchmark,a433630f-bc8f-4932-8cfe-f4a73c6c9464,scipy_R0913_83d99ed0,5.274744570953772,8.180712851609991e-07,1.55092113780417e-07,3.12477777152,0.0,10.0,4.144098227961233e-06,0.0,1.3261673796740878e-05,1.740577202470211e-05,Canada,CAN,,gcp,northamerica-northeast2,Linux-6.8.0-1032-gcp-x86_64-with-glibc2.35,3.12.11,3.0.4,2,Intel(R) Xeon(R) CPU @ 2.60GHz,,,,,15.61648178100586,machine,Y,1.0
2025-08-06T15:03:06,scipy-benchmark,faff45f5-8242-49dd-b541-70befc3964bd,scipy_R0913_83d99ed0,9.55361228180118,1.643537942587399e-06,1.720331424500238e-07,3.9055897824,0.0,10.0,9.821637129210213e-06,0.0,2.514725526626636e-05,3.4968892395476574e-05,Canada,CAN,,gcp,northamerica-northeast2,Linux-6.8.0-1032-gcp-x86_64-with-glibc2.35,3.12.11,3.0.4,2,Intel(R) Xeon(R) CPU @ 2.60GHz,,,,,15.61648178100586,machine,Y,1.0
2025-08-06T15:03:06,scipy-benchmark,c3594451-11dd-4151-adbb-69a6d5584120,scipy_R0913_83d99ed0,13.82590774889104,2.4686455557884743e-06,1.7855215011010625e-07,4.1900737195076925,0.0,10.0,1.550962817501264e-05,0.0,3.701474535240171e-05,5.252437352741435e-05,Canada,CAN,,gcp,northamerica-northeast2,Linux-6.8.0-1032-gcp-x86_64-with-glibc2.35,3.12.11,3.0.4,2,Intel(R) Xeon(R) CPU @ 2.60GHz,,,,,15.61648178100586,machine,Y,1.0
2025-08-06T15:03:07,scipy-benchmark,23cd442b-ee60-474a-b353-86e955cc1cda,scipy_R0913_83d99ed0,22.3708067771513,4.022471346674242e-06,1.7980895310323106e-07,3.3324632000000003,0.0,10.0,2.622513410167789e-05,0.0,5.935936263607194e-05,8.558449673774982e-05,Canada,CAN,,gcp,northamerica-northeast2,Linux-6.8.0-1032-gcp-x86_64-with-glibc2.35,3.12.11,3.0.4,2,Intel(R) Xeon(R) CPU @ 2.60GHz,,,,,15.61648178100586,machine,Y,1.0
2025-08-06T15:03:12,scipy-benchmark,b3202b60-978a-49a0-a88c-779008f916f2,scipy_R0913_83d99ed0,1.0012162330094725,7.682898564209334e-08,7.673565720279973e-08,1.7550872000000004,0.0,10.0,2.4413949133152385e-07,0.0,1.3905197776491857e-06,1.6346592689807094e-06,Canada,CAN,,gcp,northamerica-northeast2,Linux-6.8.0-1032-gcp-x86_64-with-glibc2.35,3.12.11,3.0.4,2,Intel(R) Xeon(R) CPU @ 2.60GHz,,,,,15.61648178100586,machine,Y,1.0
2025-08-06T15:03:14,scipy-benchmark,89680dce-1655-4f19-83e0-0511c1d7d95c,scipy_R0913_83d99ed0,1.0012645670212803,7.64769040849254e-08,7.63803160561658e-08,1.7000000000000002,0.0,10.0,2.36494286354476e-07,0.0,1.3906738856652132e-06,1.6271681720196893e-06,Canada,CAN,,gcp,northamerica-northeast2,Linux-6.8.0-1032-gcp-x86_64-with-glibc2.35,3.12.11,3.0.4,2,Intel(R) Xeon(R) CPU @ 2.60GHz,,,,,15.61648178100586,machine,Y,1.0
2025-08-06T15:03:15,scipy-benchmark,024c538b-adab-4af1-aa1c-cb326f66a8a8,scipy_R0913_83d99ed0,5.274626542115584,8.183256851757267e-07,1.5514381513871254e-07,3.1293629158400007,0.0,10.0,4.150028834806839e-06,0.0,1.3261155956166073e-05,1.741118479097291e-05,Canada,CAN,,gcp,northamerica-northeast2,Linux-6.8.0-1032-gcp-x86_64-with-glibc2.35,3.12.11,3.0.4,2,Intel(R) Xeon(R) CPU @ 2.60GHz,,,,,15.61648178100586,machine,Y,1.0
2025-08-06T15:03:19,scipy-benchmark,c1c32dac-6554-401f-b113-63b760cc2084,scipy_R0913_83d99ed0,1.0011772098951042,7.664496282930128e-08,7.655484171211962e-08,1.7272709000000002,0.0,10.0,2.4026730112684204e-07,0.0,1.3904765888582911e-06,1.6307438899851334e-06,Canada,CAN,,gcp,northamerica-northeast2,Linux-6.8.0-1032-gcp-x86_64-with-glibc2.35,3.12.11,3.0.4,2,Intel(R) Xeon(R) CPU @ 2.60GHz,,,,,15.61648178100586,machine,Y,1.0
2025-08-06T15:03:22,scipy-benchmark,1e47f770-c889-4678-a35f-55a7214dd842,scipy_R0913_83d99ed0,1.0012507648207247,7.665005286540241e-08,7.655430143828824e-08,1.7272709000000002,0.0,10.0,2.4026669129346725e-07,0.0,1.390585497332116e-06,1.6308521886255833e-06,Canada,CAN,,gcp,northamerica-northeast2,Linux-6.8.0-1032-gcp-x86_64-with-glibc2.35,3.12.11,3.0.4,2,Intel(R) Xeon(R) CPU @ 2.60GHz,,,,,15.61648178100586,machine,Y,1.0
2025-08-06T15:03:26,scipy-benchmark,44ad2b68-6d5b-4a45-9b0a-714d81001edf,scipy_R0913_83d99ed0,1.001321230083704,7.666349480666159e-08,7.656233834196548e-08,1.7272709000000002,0.0,10.0,2.403109316383283e-07,0.0,1.3908272557374504e-06,1.6311381873757786e-06,Canada,CAN,,gcp,northamerica-northeast2,Linux-6.8.0-1032-gcp-x86_64-with-glibc2.35,3.12.11,3.0.4,2,Intel(R) Xeon(R) CPU @ 2.60GHz,,,,,15.61648178100586,machine,Y,1.0
2025-08-06T15:03:28,scipy-benchmark,0d6bae86-fc94-4285-921a-0d4db4510195,scipy_R0913_83d99ed0,1.001055627828464,7.645695153081195e-08,7.637632655506458e-08,1.7000000000000002,0.0,10.0,2.364273969691972e-07,0.0,1.3903162526225465e-06,1.6267436495917436e-06,Canada,CAN,,gcp,northamerica-northeast2,Linux-6.8.0-1032-gcp-x86_64-with-glibc2.35,3.12.11,3.0.4,2,Intel(R) Xeon(R) CPU @ 2.60GHz,,,,,15.61648178100586,machine,Y,1.0
2025-08-06T15:03:29,scipy-benchmark,461f118a-f8d8-495e-9253-1b27b1106a4b,scipy_R0913_83d99ed0,5.27314145420678,8.162336416742246e-07,1.5479077296950837e-07,3.09977898128,0.0,10.0,4.1095391907173245e-06,0.0,1.3257134036393838e-05,1.7366673227111163e-05,Canada,CAN,,gcp,northamerica-northeast2,Linux-6.8.0-1032-gcp-x86_64-with-glibc2.35,3.12.11,3.0.4,2,Intel(R) Xeon(R) CPU @ 2.60GHz,,,,,15.61648178100586,machine,Y,1.0
2025-08-06T15:03:29,scipy-benchmark,21fcc40d-58fb-45bf-99ad-4e4f36512140,scipy_R0913_83d99ed0,9.545424609212205,1.6412981973782728e-06,1.719460646930542e-07,3.8992133736,0.0,10.0,9.796737311548788e-06,0.0,2.5124500930542125e-05,3.492123824209091e-05,Canada,CAN,,gcp,northamerica-northeast2,Linux-6.8.0-1032-gcp-x86_64-with-glibc2.35,3.12.11,3.0.4,2,Intel(R) Xeon(R) CPU @ 2.60GHz,,,,,15.61648178100586,machine,Y,1.0
2025-08-06T15:03:30,scipy-benchmark,64ae0e41-990d-47be-a0cf-11398f50a7e7,scipy_R0913_83d99ed0,13.8144740620628,2.464701670799304e-06,1.7841444123941334e-07,4.179575446584615,0.0,10.0,1.545749345585218e-05,0.0,3.6982967624984064e-05,5.244046108083624e-05,Canada,CAN,,gcp,northamerica-northeast2,Linux-6.8.0-1032-gcp-x86_64-with-glibc2.35,3.12.11,3.0.4,2,Intel(R) Xeon(R) CPU @ 2.60GHz,,,,,15.61648178100586,machine,Y,1.0
2025-08-06T15:03:30,scipy-benchmark,40569c48-816a-408f-965d-6e51d459e6fb,scipy_R0913_83d99ed0,22.36179915210232,4.012954963069068e-06,1.7945581819125648e-07,3.3244527500000003,0.0,10.0,2.6047928165533133e-05,0.0,5.9334092325298114e-05,8.538202049083123e-05,Canada,CAN,,gcp,northamerica-northeast2,Linux-6.8.0-1032-gcp-x86_64-with-glibc2.35,3.12.11,3.0.4,2,Intel(R) Xeon(R) CPU @ 2.60GHz,,,,,15.61648178100586,machine,Y,1.0
2025-08-06T15:03:36,scipy-benchmark,5780072c-4d8c-43c3-a655-ac3564d7fbb0,scipy_R0913_83d99ed0,1.001266901846975,7.66485994122197e-08,7.655161602848428e-08,1.7272709000000002,0.0,10.0,2.402602922322149e-07,0.0,1.390560971857566e-06,1.630821264089781e-06,Canada,CAN,,gcp,northamerica-northeast2,Linux-6.8.0-1032-gcp-x86_64-with-glibc2.35,3.12.11,3.0.4,2,Intel(R) Xeon(R) CPU @ 2.60GHz,,,,,15.61648178100586,machine,Y,1.0
2025-08-06T15:03:38,scipy-benchmark,1d6dac4f-9c62-49b6-b469-742411b29510,scipy_R0913_83d99ed0,1.0012953199911865,7.6479010515911e-08,7.638007387928686e-08,1.7000000000000002,0.0,10.0,2.36499192335436e-07,0.0,1.390713797364798e-06,1.6272129897002335e-06,Canada,CAN,,gcp,northamerica-northeast2,Linux-6.8.0-1032-gcp-x86_64-with-glibc2.35,3.12.11,3.0.4,2,Intel(R) Xeon(R) CPU @ 2.60GHz,,,,,15.61648178100586,machine,Y,1.0
2025-08-06T15:03:38,scipy-benchmark,01963bd6-3df3-4056-a71a-0c2177be8a52,scipy_R0913_83d99ed0,5.275643683969975,8.167527745738723e-07,1.5481575775399177e-07,3.10144198112,0.0,10.0,4.113841813582977e-06,0.0,1.3263876794371756e-05,1.737771860795473e-05,Canada,CAN,,gcp,northamerica-northeast2,Linux-6.8.0-1032-gcp-x86_64-with-glibc2.35,3.12.11,3.0.4,2,Intel(R) Xeon(R) CPU @ 2.60GHz,,,,,15.61648178100586,machine,Y,1.0
2025-08-06T15:03:42,scipy-benchmark,fb16d1f3-71f6-4de1-95ae-56252433290f,scipy_R0913_83d99ed0,1.0013094621244818,7.665099196567662e-08,7.655075165578277e-08,1.7272709000000002,0.0,10.0,2.4027654983813254e-07,0.0,1.390595619644349e-06,1.6308721694824817e-06,Canada,CAN,,gcp,northamerica-northeast2,Linux-6.8.0-1032-gcp-x86_64-with-glibc2.35,3.12.11,3.0.4,2,Intel(R) Xeon(R) CPU @ 2.60GHz,,,,,15.61648178100586,machine,Y,1.0
2025-08-06T15:03:46,scipy-benchmark,f3c7d581-b274-4d4e-9e91-51d26d2fbb21,scipy_R0913_83d99ed0,1.001297906041145,7.647919596518234e-08,7.638006182152113e-08,1.7000000000000002,0.0,10.0,2.365017158574321e-07,0.0,1.3907152195719797e-06,1.6272169354294116e-06,Canada,CAN,,gcp,northamerica-northeast2,Linux-6.8.0-1032-gcp-x86_64-with-glibc2.35,3.12.11,3.0.4,2,Intel(R) Xeon(R) CPU @ 2.60GHz,,,,,15.61648178100586,machine,Y,1.0
2025-08-06T15:03:50,scipy-benchmark,98df771f-1c11-40be-bc15-de47093a565d,scipy_R0913_83d99ed0,1.0013241309206933,7.64788097904594e-08,7.637767574835036e-08,1.7000000000000002,0.0,10.0,2.364991299950311e-07,0.0,1.3907095889509138e-06,1.627208718945945e-06,Canada,CAN,,gcp,northamerica-northeast2,Linux-6.8.0-1032-gcp-x86_64-with-glibc2.35,3.12.11,3.0.4,2,Intel(R) Xeon(R) CPU @ 2.60GHz,,,,,15.61648178100586,machine,Y,1.0
2025-08-06T15:03:52,scipy-benchmark,71514682-ccd2-4caa-bd07-3f3925c1ab07,scipy_R0913_83d99ed0,1.0012325569987297,7.665179899850475e-08,7.65574375929947e-08,1.7272709000000002,0.0,10.0,2.402782879582056e-07,0.0,1.3906110524355123e-06,1.630889340393718e-06,Canada,CAN,,gcp,northamerica-northeast2,Linux-6.8.0-1032-gcp-x86_64-with-glibc2.35,3.12.11,3.0.4,2,Intel(R) Xeon(R) CPU @ 2.60GHz,,,,,15.61648178100586,machine,Y,1.0
2025-08-06T15:03:52,scipy-benchmark,bdd2594f-3e10-4df9-9ecd-7a8ea9838c53,scipy_R0913_83d99ed0,5.27515643206425,8.197290261502645e-07,1.5539425924275237e-07,3.15049612976,0.0,10.0,4.178482126546867e-06,0.0,1.326256098303323e-05,1.7441043109580096e-05,Canada,CAN,,gcp,northamerica-northeast2,Linux-6.8.0-1032-gcp-x86_64-with-glibc2.35,3.12.11,3.0.4,2,Intel(R) Xeon(R) CPU @ 2.60GHz,,,,,15.61648178100586,machine,Y,1.0
2025-08-06T15:03:53,scipy-benchmark,5990a745-2332-4a28-a987-bb2e2cc51139,scipy_R0913_83d99ed0,9.54873970313929,1.6414054920299184e-06,1.7189760565892084e-07,3.8950698488,0.0,10.0,9.78988478418987e-06,0.0,2.513363632282967e-05,3.492352110701954e-05,Canada,CAN,,gcp,northamerica-northeast2,Linux-6.8.0-1032-gcp-x86_64-with-glibc2.35,3.12.11,3.0.4,2,Intel(R) Xeon(R) CPU @ 2.60GHz,,,,,15.61648178100586,machine,Y,1.0
2025-08-06T15:03:53,scipy-benchmark,4106eef5-5fd8-479e-9822-2dcad4ed3f28,scipy_R0913_83d99ed0,13.820798926986754,2.469469061144804e-06,1.7867773593919177e-07,4.2004249856,0.0,10.0,1.5541914559645262e-05,0.0,3.699998035832929e-05,5.254189491797455e-05,Canada,CAN,,gcp,northamerica-northeast2,Linux-6.8.0-1032-gcp-x86_64-with-glibc2.35,3.12.11,3.0.4,2,Intel(R) Xeon(R) CPU @ 2.60GHz,,,,,15.61648178100586,machine,Y,1.0
2025-08-06T15:03:54,scipy-benchmark,3eaa849e-384a-493b-acd1-a301d639710a,scipy_R0913_83d99ed0,22.371731866849583,4.016058015822202e-06,1.7951484667010486e-07,3.331967075,0.0,10.0,2.6086047637027617e-05,0.0,5.936199525280648e-05,8.544804288983409e-05,Canada,CAN,,gcp,northamerica-northeast2,Linux-6.8.0-1032-gcp-x86_64-with-glibc2.35,3.12.11,3.0.4,2,Intel(R) Xeon(R) CPU @ 2.60GHz,,,,,15.61648178100586,machine,Y,1.0
2025-08-06T15:03:59,scipy-benchmark,579f15db-e899-4d78-83ef-ae32ebf6740c,scipy_R0913_83d99ed0,1.0012987039517611,7.665908352626254e-08,7.65596551995095e-08,1.7272709000000002,0.0,10.0,2.4029861901423854e-07,0.0,1.390745711331773e-06,1.6310443303460117e-06,Canada,CAN,,gcp,northamerica-northeast2,Linux-6.8.0-1032-gcp-x86_64-with-glibc2.35,3.12.11,3.0.4,2,Intel(R) Xeon(R) CPU @ 2.60GHz,,,,,15.61648178100586,machine,Y,1.0
2025-08-06T15:04:01,scipy-benchmark,589a8916-ae06-48ed-834c-4d25f343fcdc,scipy_R0913_83d99ed0,1.0013209760654718,7.648016516776342e-08,7.637926998022134e-08,1.7000000000000002,0.0,10.0,2.365050734434691e-07,0.0,1.3907324833174549e-06,1.6272375567609235e-06,Canada,CAN,,gcp,northamerica-northeast2,Linux-6.8.0-1032-gcp-x86_64-with-glibc2.35,3.12.11,3.0.4,2,Intel(R) Xeon(R) CPU @ 2.60GHz,,,,,15.61648178100586,machine,Y,1.0
2025-08-06T15:04:02,scipy-benchmark,048d8fb9-2a95-49f7-a60b-b296bb00d807,scipy_R0913_83d99ed0,5.274772096192464,8.17305834484788e-07,1.5494618906374194e-07,3.1140468800000005,0.0,10.0,4.129387436937375e-06,0.0,1.3260098403164496e-05,1.7389485840101872e-05,Canada,CAN,,gcp,northamerica-northeast2,Linux-6.8.0-1032-gcp-x86_64-with-glibc2.35,3.12.11,3.0.4,2,Intel(R) Xeon(R) CPU @ 2.60GHz,,,,,15.61648178100586,machine,Y,1.0
2025-08-06T15:04:06,scipy-benchmark,d36d61c4-b01c-48cc-8645-57119660a04b,scipy_R0913_83d99ed0,1.0012523180339483,7.64697827291287e-08,7.637413801876051e-08,1.7000000000000002,0.0,10.0,2.364640231114916e-07,0.0,1.390552630699757e-06,1.6270166538112486e-06,Canada,CAN,,gcp,northamerica-northeast2,Linux-6.8.0-1032-gcp-x86_64-with-glibc2.35,3.12.11,3.0.4,2,Intel(R) Xeon(R) CPU @ 2.60GHz,,,,,15.61648178100586,machine,Y,1.0
2025-08-06T15:04:09,scipy-benchmark,3756589a-ad08-4ea7-a040-84e7281c942d,scipy_R0913_83d99ed0,1.0013330839574337,7.648205047121478e-08,7.638022921298586e-08,1.7000000000000002,0.0,10.0,2.3651256088891805e-07,0.0,1.3907651087113969e-06,1.6272776696003143e-06,Canada,CAN,,gcp,northamerica-northeast2,Linux-6.8.0-1032-gcp-x86_64-with-glibc2.35,3.12.11,3.0.4,2,Intel(R) Xeon(R) CPU @ 2.60GHz,,,,,15.61648178100586,machine,Y,1.0
2025-08-06T15:04:13,scipy-benchmark,17e78ee0-8cef-4155-aed1-cff33d808b32,scipy_R0913_83d99ed0,1.0012627369724214,7.665508310942084e-08,7.655840997459614e-08,1.7272709000000002,0.0,10.0,2.402822314877833e-07,0.0,1.3906769836062773e-06,1.6309592150940606e-06,Canada,CAN,,gcp,northamerica-northeast2,Linux-6.8.0-1032-gcp-x86_64-with-glibc2.35,3.12.11,3.0.4,2,Intel(R) Xeon(R) CPU @ 2.60GHz,,,,,15.61648178100586,machine,Y,1.0
2025-08-06T15:04:15,scipy-benchmark,6c330491-fdfa-4e12-afee-01e1feb32a7e,scipy_R0913_83d99ed0,1.0013570501469076,7.647735245593746e-08,7.637370950223758e-08,1.7000000000000002,0.0,10.0,2.365286892422269e-07,0.0,1.3906490225862298e-06,1.6271777118284569e-06,Canada,CAN,,gcp,northamerica-northeast2,Linux-6.8.0-1032-gcp-x86_64-with-glibc2.35,3.12.11,3.0.4,2,Intel(R) Xeon(R) CPU @ 2.60GHz,,,,,15.61648178100586,machine,Y,1.0
2025-08-06T15:04:16,scipy-benchmark,baa9422b-56da-4069-8e67-43823e19c263,scipy_R0913_83d99ed0,5.270117079140618,8.162599032837025e-07,1.5488458624847238e-07,3.1084836200000003,0.0,10.0,4.118474481557233e-06,0.0,1.3248757503202392e-05,1.7367231984759627e-05,Canada,CAN,,gcp,northamerica-northeast2,Linux-6.8.0-1032-gcp-x86_64-with-glibc2.35,3.12.11,3.0.4,2,Intel(R) Xeon(R) CPU @ 2.60GHz,,,,,15.61648178100586,machine,Y,1.0
2025-08-06T15:04:16,scipy-benchmark,96a3fc1d-6f00-43c9-a389-adb811c5336f,scipy_R0913_83d99ed0,9.54095056396909,1.6394497518826298e-06,1.7183295740719248e-07,3.890472372800001,0.0,10.0,9.769913564479556e-06,0.0,2.511199605004448e-05,3.488190961452404e-05,Canada,CAN,,gcp,northamerica-northeast2,Linux-6.8.0-1032-gcp-x86_64-with-glibc2.35,3.12.11,3.0.4,2,Intel(R) Xeon(R) CPU @ 2.60GHz,,,,,15.61648178100586,machine,Y,1.0
2025-08-06T15:04:17,scipy-benchmark,7801f49e-ee39-45e1-8481-99c74d213579,scipy_R0913_83d99ed0,13.810715185943993,2.4670798975078457e-06,1.7863520203636837e-07,4.1973650504,0.0,10.0,1.5518793043627674e-05,0.0,3.697226860547542e-05,5.2491061649103095e-05,Canada,CAN,,gcp,northamerica-northeast2,Linux-6.8.0-1032-gcp-x86_64-with-glibc2.35,3.12.11,3.0.4,2,Intel(R) Xeon(R) CPU @ 2.60GHz,,,,,15.61648178100586,machine,Y,1.0
2025-08-06T15:04:17,scipy-benchmark,cb9fb32c-eb06-4908-96b6-80552ae86b92,scipy_R0913_83d99ed0,22.36237728293053,4.014498436894132e-06,1.79520199757941e-07,3.3249441500000003,0.0,10.0,2.607866082369417e-05,0.0,5.933619953575545e-05,8.541486035944961e-05,Canada,CAN,,gcp,northamerica-northeast2,Linux-6.8.0-1032-gcp-x86_64-with-glibc2.35,3.12.11,3.0.4,2,Intel(R) Xeon(R) CPU @ 2.60GHz,,,,,15.61648178100586,machine,Y,1.0
2025-08-06T15:04:23,scipy-benchmark,93a3e559-c18b-4373-bf66-241665f61b97,scipy_R0913_83d99ed0,1.001201261067763,7.664588086837481e-08,7.655391962514447e-08,1.7272709000000002,0.0,10.0,2.4026590886574105e-07,0.0,1.390497513865638e-06,1.630763422731379e-06,Canada,CAN,,gcp,northamerica-northeast2,Linux-6.8.0-1032-gcp-x86_64-with-glibc2.35,3.12.11,3.0.4,2,Intel(R) Xeon(R) CPU @ 2.60GHz,,,,,15.61648178100586,machine,Y,1.0
2025-08-06T15:04:25,scipy-benchmark,3d17953e-f639-4b51-9be9-0ba560303db7,scipy_R0913_83d99ed0,1.001210699090734,7.646826812238174e-08,7.637580001075464e-08,1.7000000000000002,0.0,10.0,2.364605390854801e-07,0.0,1.3905238890503017e-06,1.6269844281357818e-06,Canada,CAN,,gcp,northamerica-northeast2,Linux-6.8.0-1032-gcp-x86_64-with-glibc2.35,3.12.11,3.0.4,2,Intel(R) Xeon(R) CPU @ 2.60GHz,,,,,15.61648178100586,machine,Y,1.0
2025-08-06T15:04:25,scipy-benchmark,6a551af6-1ef9-432c-a008-38ee3cfb9a83,scipy_R0913_83d99ed0,5.27353407186456,8.180806759939913e-07,1.551294947270044e-07,3.1283509572800003,0.0,10.0,4.147759796439963e-06,0.0,1.3258212033219428e-05,1.740597182965939e-05,Canada,CAN,,gcp,northamerica-northeast2,Linux-6.8.0-1032-gcp-x86_64-with-glibc2.35,3.12.11,3.0.4,2,Intel(R) Xeon(R) CPU @ 2.60GHz,,,,,15.61648178100586,machine,Y,1.0
2025-08-06T15:04:29,scipy-benchmark,bb04c295-a87d-4b8a-a26d-490729c0a181,scipy_R0913_83d99ed0,1.0011542830616236,7.646805003184517e-08,7.63798860231599e-08,1.7000000000000002,0.0,10.0,2.3645857123968506e-07,0.0,1.3905212166719135e-06,1.6269797879115988e-06,Canada,CAN,,gcp,northamerica-northeast2,Linux-6.8.0-1032-gcp-x86_64-with-glibc2.35,3.12.11,3.0.4,2,Intel(R) Xeon(R) CPU @ 2.60GHz,,,,,15.61648178100586,machine,Y,1.0
2025-08-06T15:04:33,scipy-benchmark,ffaf48b5-e3aa-4553-bd91-fa0a8c19b47a,scipy_R0913_83d99ed0,1.0012212609872222,7.647034701338272e-08,7.6377070676647e-08,1.7000000000000002,0.0,10.0,2.3648081576943205e-07,0.0,1.3905478440897749e-06,1.6270286598592066e-06,Canada,CAN,,gcp,northamerica-northeast2,Linux-6.8.0-1032-gcp-x86_64-with-glibc2.35,3.12.11,3.0.4,2,Intel(R) Xeon(R) CPU @ 2.60GHz,,,,,15.61648178100586,machine,Y,1.0
2025-08-06T15:04:37,scipy-benchmark,a588cf03-70e9-4930-9e71-7de4fac2f73a,scipy_R0913_83d99ed0,1.0012709570582956,7.648097616833144e-08,7.638389551718375e-08,1.7000000000000002,0.0,10.0,2.3650480374150602e-07,0.0,1.3907500083506522e-06,1.627254812092158e-06,Canada,CAN,,gcp,northamerica-northeast2,Linux-6.8.0-1032-gcp-x86_64-with-glibc2.35,3.12.11,3.0.4,2,Intel(R) Xeon(R) CPU @ 2.60GHz,,,,,15.61648178100586,machine,Y,1.0
2025-08-06T15:04:39,scipy-benchmark,84ed2c9e-bc13-4c25-a4eb-b1002ffa1c83,scipy_R0913_83d99ed0,1.0010018448811024,7.645090820917138e-08,7.637439291458259e-08,1.7000000000000002,0.0,10.0,2.364175101328229e-07,0.0,1.390197558147419e-06,1.6266150682802415e-06,Canada,CAN,,gcp,northamerica-northeast2,Linux-6.8.0-1032-gcp-x86_64-with-glibc2.35,3.12.11,3.0.4,2,Intel(R) Xeon(R) CPU @ 2.60GHz,,,,,15.61648178100586,machine,Y,1.0
2025-08-06T15:04:39,scipy-benchmark,868a9ad1-2973-4c60-bf5a-0aa59ba8a4e7,scipy_R0913_83d99ed0,5.275186013896018,8.19722053962583e-07,1.5539206613818966e-07,3.149984420000001,0.0,10.0,4.177930573780449e-06,0.0,1.3262964191380889e-05,1.744089476516134e-05,Canada,CAN,,gcp,northamerica-northeast2,Linux-6.8.0-1032-gcp-x86_64-with-glibc2.35,3.12.11,3.0.4,2,Intel(R) Xeon(R) CPU @ 2.60GHz,,,,,15.61648178100586,machine,Y,1.0
2025-08-06T15:04:40,scipy-benchmark,edd48bb1-d49d-406c-8b2d-72412a594cb1,scipy_R0913_83d99ed0,9.54698020685464,1.6411340341857535e-06,1.7190085227236936e-07,3.895416499200001,0.0,10.0,9.788884841571807e-06,0.0,2.512886056663572e-05,3.491774540820753e-05,Canada,CAN,,gcp,northamerica-northeast2,Linux-6.8.0-1032-gcp-x86_64-with-glibc2.35,3.12.11,3.0.4,2,Intel(R) Xeon(R) CPU @ 2.60GHz,,,,,15.61648178100586,machine,Y,1.0
2025-08-06T15:04:40,scipy-benchmark,0ede3021-16a5-4467-b9eb-e7e143b2864f,scipy_R0913_83d99ed0,13.817371306940911,2.4667389950865343e-06,1.7852447765136132e-07,4.188219877353847,0.0,10.0,1.5492809548053793e-05,0.0,3.699099885804268e-05,5.248380840609648e-05,Canada,CAN,,gcp,northamerica-northeast2,Linux-6.8.0-1032-gcp-x86_64-with-glibc2.35,3.12.11,3.0.4,2,Intel(R) Xeon(R) CPU @ 2.60GHz,,,,,15.61648178100586,machine,Y,1.0
2025-08-06T15:04:41,scipy-benchmark,49e9b68d-c0ac-4134-b08d-b5d243608c7d,scipy_R0913_83d99ed0,22.360737120034173,4.010790009014454e-06,1.7936752207604882e-07,3.3249441500000003,0.0,10.0,2.600463396069865e-05,0.0,5.933132367790677e-05,8.533595763860541e-05,Canada,CAN,,gcp,northamerica-northeast2,Linux-6.8.0-1032-gcp-x86_64-with-glibc2.35,3.12.11,3.0.4,2,Intel(R) Xeon(R) CPU @ 2.60GHz,,,,,15.61648178100586,machine,Y,1.0
2025-08-06T15:04:46,scipy-benchmark,88b4511f-cef0-4748-b1ec-7ab0fda8d6e6,scipy_R0913_83d99ed0,1.0014069469179958,7.683067836608706e-08,7.672273355257506e-08,1.7550872000000004,0.0,10.0,2.441299734695203e-07,0.0,1.390565310915311e-06,1.6346952843848312e-06,Canada,CAN,,gcp,northamerica-northeast2,Linux-6.8.0-1032-gcp-x86_64-with-glibc2.35,3.12.11,3.0.4,2,Intel(R) Xeon(R) CPU @ 2.60GHz,,,,,15.61648178100586,machine,Y,1.0
2025-08-06T15:04:48,scipy-benchmark,c03ddee3-f224-41d3-9687-8585c49bf9fe,scipy_R0913_83d99ed0,1.0013781490270048,7.664786988109165e-08,7.654238307033863e-08,1.7272709000000002,0.0,10.0,2.402675670003413e-07,0.0,1.390538175150545e-06,1.6308057421508862e-06,Canada,CAN,,gcp,northamerica-northeast2,Linux-6.8.0-1032-gcp-x86_64-with-glibc2.35,3.12.11,3.0.4,2,Intel(R) Xeon(R) CPU @ 2.60GHz,,,,,15.61648178100586,machine,Y,1.0
2025-08-06T15:04:49,scipy-benchmark,fd03be0d-95d6-464d-b37f-2f1d1dd9a7ed,scipy_R0913_83d99ed0,5.298987051006407,8.292532490661096e-07,1.5649278646729557e-07,3.2371495856,0.0,10.0,4.3148805942099885e-06,0.0,1.3328805556132769e-05,1.7643686150342758e-05,Canada,CAN,,gcp,northamerica-northeast2,Linux-6.8.0-1032-gcp-x86_64-with-glibc2.35,3.12.11,3.0.4,2,Intel(R) Xeon(R) CPU @ 2.60GHz,,,,,15.61648178100586,machine,Y,1.0
2025-08-06T15:04:53,scipy-benchmark,ab1efaac-e3cd-4989-a4a0-80560b9cb92f,scipy_R0913_83d99ed0,1.001211702125147,7.647202945384197e-08,7.63794802752748e-08,1.7000000000000002,0.0,10.0,2.364715952167495e-07,0.0,1.3905928612479733e-06,1.6270644564647228e-06,Canada,CAN,,gcp,northamerica-northeast2,Linux-6.8.0-1032-gcp-x86_64-with-glibc2.35,3.12.11,3.0.4,2,Intel(R) Xeon(R) CPU @ 2.60GHz,,,,,15.61648178100586,machine,Y,1.0
2025-08-06T15:04:56,scipy-benchmark,cccb686e-e8e4-47df-a78c-ac57ca70e83c,scipy_R0913_83d99ed0,1.0011879198718816,7.64710678496825e-08,7.638033413294503e-08,1.7000000000000002,0.0,10.0,2.3646834109159602e-07,0.0,1.3905756557101592e-06,1.6270439968017552e-06,Canada,CAN,,gcp,northamerica-northeast2,Linux-6.8.0-1032-gcp-x86_64-with-glibc2.35,3.12.11,3.0.4,2,Intel(R) Xeon(R) CPU @ 2.60GHz,,,,,15.61648178100586,machine,Y,1.0
2025-08-06T15:05:00,scipy-benchmark,0067f3fd-0e27-4694-a1d9-97458730beff,scipy_R0913_83d99ed0,1.0012682960368693,7.665945268159445e-08,7.656234895783781e-08,1.7272709000000002,0.0,10.0,2.4029541780793904e-07,0.0,1.3907567669068362e-06,1.6310521847147752e-06,Canada,CAN,,gcp,northamerica-northeast2,Linux-6.8.0-1032-gcp-x86_64-with-glibc2.35,3.12.11,3.0.4,2,Intel(R) Xeon(R) CPU @ 2.60GHz,,,,,15.61648178100586,machine,Y,1.0
2025-08-06T15:05:02,scipy-benchmark,bb1c998e-b7c0-48c5-ad32-aa3794f5c572,scipy_R0913_83d99ed0,1.001131341792643,7.64679119920798e-08,7.638149841074305e-08,1.7000000000000002,0.0,10.0,2.364588621615743e-07,0.0,1.3905179887337405e-06,1.6269768508953148e-06,Canada,CAN,,gcp,northamerica-northeast2,Linux-6.8.0-1032-gcp-x86_64-with-glibc2.35,3.12.11,3.0.4,2,Intel(R) Xeon(R) CPU @ 2.60GHz,,,,,15.61648178100586,machine,Y,1.0
2025-08-06T15:05:03,scipy-benchmark,0b241235-76e1-418e-b542-5af71ac228a0,scipy_R0913_83d99ed0,5.277261367999017,8.19606800630284e-07,1.553091165050737e-07,3.1425385400000003,0.0,10.0,4.1698333141280365e-06,0.0,1.3268609252473754e-05,1.743844256660179e-05,Canada,CAN,,gcp,northamerica-northeast2,Linux-6.8.0-1032-gcp-x86_64-with-glibc2.35,3.12.11,3.0.4,2,Intel(R) Xeon(R) CPU @ 2.60GHz,,,,,15.61648178100586,machine,Y,1.0
2025-08-06T15:05:03,scipy-benchmark,ea2e4754-7dff-4813-add6-49c802560472,scipy_R0913_83d99ed0,9.548440921120346,1.6403467594845938e-06,1.717921043901822e-07,3.8865603512,0.0,10.0,9.768171957555385e-06,0.0,2.5132822925095552e-05,3.4900994882650934e-05,Canada,CAN,,gcp,northamerica-northeast2,Linux-6.8.0-1032-gcp-x86_64-with-glibc2.35,3.12.11,3.0.4,2,Intel(R) Xeon(R) CPU @ 2.60GHz,,,,,15.61648178100586,machine,Y,1.0
2025-08-06T15:05:04,scipy-benchmark,9fbf1443-0f66-4564-97ba-0a54b8532e1f,scipy_R0913_83d99ed0,13.821967703988776,2.4687256505878496e-06,1.7860884234850436e-07,4.1947423928,0.0,10.0,1.552229605534239e-05,0.0,3.700378161673952e-05,5.252607767208191e-05,Canada,CAN,,gcp,northamerica-northeast2,Linux-6.8.0-1032-gcp-x86_64-with-glibc2.35,3.12.11,3.0.4,2,Intel(R) Xeon(R) CPU @ 2.60GHz,,,,,15.61648178100586,machine,Y,1.0
2025-08-06T15:05:04,scipy-benchmark,298c7b37-31c7-400c-9b5b-9b0a278da304,scipy_R0913_83d99ed0,22.39021849189885,4.01617826884869e-06,1.7937199988922884e-07,3.34019285,0.0,10.0,2.6037256789889213e-05,0.0,5.9413344674976544e-05,8.545060146486575e-05,Canada,CAN,,gcp,northamerica-northeast2,Linux-6.8.0-1032-gcp-x86_64-with-glibc2.35,3.12.11,3.0.4,2,Intel(R) Xeon(R) CPU @ 2.60GHz,,,,,15.61648178100586,machine,Y,1.0
2025-08-06T15:05:10,scipy-benchmark,b1a62d1f-ef70-4dc0-aa03-b4b604c29b52,scipy_R0913_83d99ed0,1.0011668410152197,7.646450836732725e-08,7.637539042922102e-08,1.7000000000000002,0.0,10.0,2.3644845582182626e-07,0.0,1.390455977525562e-06,1.6269044333473885e-06,Canada,CAN,,gcp,northamerica-northeast2,Linux-6.8.0-1032-gcp-x86_64-with-glibc2.35,3.12.11,3.0.4,2,Intel(R) Xeon(R) CPU @ 2.60GHz,,,,,15.61648178100586,machine,Y,1.0
2025-08-06T15:05:12,scipy-benchmark,eb9136c4-6872-4bef-823c-071ba30e14b8,scipy_R0913_83d99ed0,1.001210009912029,7.647413174319082e-08,7.638170911806026e-08,1.7000000000000002,0.0,10.0,2.364815670427763e-07,0.0,1.3906276189825602e-06,1.6271091860253366e-06,Canada,CAN,,gcp,northamerica-northeast2,Linux-6.8.0-1032-gcp-x86_64-with-glibc2.35,3.12.11,3.0.4,2,Intel(R) Xeon(R) CPU @ 2.60GHz,,,,,15.61648178100586,machine,Y,1.0
2025-08-06T15:05:12,scipy-benchmark,66bda5be-dc69-4f99-9ea0-d63e5dd9ac40,scipy_R0913_83d99ed0,5.277144440216944,8.208823969030753e-07,1.5555427868283417e-07,3.16336722704,0.0,10.0,4.197352640089815e-06,0.0,1.3268230272741576e-05,1.746558291283139e-05,Canada,CAN,,gcp,northamerica-northeast2,Linux-6.8.0-1032-gcp-x86_64-with-glibc2.35,3.12.11,3.0.4,2,Intel(R) Xeon(R) CPU @ 2.60GHz,,,,,15.61648178100586,machine,Y,1.0
2025-08-06T15:05:16,scipy-benchmark,a07db453-672d-46d2-aa54-75b59b2ddb1a,scipy_R0913_83d99ed0,1.001172527903691,7.646746439832756e-08,7.63779091686018e-08,1.7000000000000002,0.0,10.0,2.364586113706335e-07,0.0,1.3905087162533568e-06,1.6269673276239903e-06,Canada,CAN,,gcp,northamerica-northeast2,Linux-6.8.0-1032-gcp-x86_64-with-glibc2.35,3.12.11,3.0.4,2,Intel(R) Xeon(R) CPU @ 2.60GHz,,,,,15.61648178100586,machine,Y,1.0
2025-08-06T15:05:20,scipy-benchmark,d968da51-f1a4-46e3-a65d-3dc5178fc029,scipy_R0913_83d99ed0,1.0012071880046278,7.664850756450186e-08,7.655608997100766e-08,1.7272709000000002,0.0,10.0,2.402595351630116e-07,0.0,1.3905597747200069e-06,1.6308193098830185e-06,Canada,CAN,,gcp,northamerica-northeast2,Linux-6.8.0-1032-gcp-x86_64-with-glibc2.35,3.12.11,3.0.4,2,Intel(R) Xeon(R) CPU @ 2.60GHz,,,,,15.61648178100586,machine,Y,1.0
2025-08-06T15:05:24,scipy-benchmark,5c5102b1-39df-49a2-9350-3d691fb189da,scipy_R0913_83d99ed0,1.001373230945319,7.649244852222427e-08,7.638755077366473e-08,1.7000000000000002,0.0,10.0,2.3653773838628294e-07,0.0,1.3909611663418924e-06,1.6274989047281753e-06,Canada,CAN,,gcp,northamerica-northeast2,Linux-6.8.0-1032-gcp-x86_64-with-glibc2.35,3.12.11,3.0.4,2,Intel(R) Xeon(R) CPU @ 2.60GHz,,,,,15.61648178100586,machine,Y,1.0
2025-08-06T15:05:26,scipy-benchmark,5e2baaba-1cf8-480a-853e-0efc1d20a524,scipy_R0913_83d99ed0,1.001097891014069,7.66413047333104e-08,7.65572532129461e-08,1.7272709000000002,0.0,10.0,2.4023641377577577e-07,0.0,1.3904296443797647e-06,1.6306660581555405e-06,Canada,CAN,,gcp,northamerica-northeast2,Linux-6.8.0-1032-gcp-x86_64-with-glibc2.35,3.12.11,3.0.4,2,Intel(R) Xeon(R) CPU @ 2.60GHz,,,,,15.61648178100586,machine,Y,1.0
2025-08-06T15:05:26,scipy-benchmark,858ec4b6-e182-4278-a223-53c798a6e862,scipy_R0913_83d99ed0,5.27387388702482,8.170735726378574e-07,1.549285383270319e-07,3.11123706128,0.0,10.0,4.125368621309473e-06,0.0,1.3259175477368343e-05,1.7384544098677817e-05,Canada,CAN,,gcp,northamerica-northeast2,Linux-6.8.0-1032-gcp-x86_64-with-glibc2.35,3.12.11,3.0.4,2,Intel(R) Xeon(R) CPU @ 2.60GHz,,,,,15.61648178100586,machine,Y,1.0
2025-08-06T15:05:27,scipy-benchmark,1127c6e4-2494-4048-8187-d6af214d6e2b,scipy_R0913_83d99ed0,9.54687230521813,1.6403917777197789e-06,1.7182504649435537e-07,3.8893363584,0.0,10.0,9.773472169868687e-06,0.0,2.5128480547573417e-05,3.4901952717442105e-05,Canada,CAN,,gcp,northamerica-northeast2,Linux-6.8.0-1032-gcp-x86_64-with-glibc2.35,3.12.11,3.0.4,2,Intel(R) Xeon(R) CPU @ 2.60GHz,,,,,15.61648178100586,machine,Y,1.0
2025-08-06T15:05:27,scipy-benchmark,93c4bcb0-970e-46c0-8dd6-05fc41f6f4cc,scipy_R0913_83d99ed0,13.81771219195798,2.4679535660217656e-06,1.786079729941209e-07,4.194899350584615,0.0,10.0,1.5517854257787044e-05,0.0,3.699179608310159e-05,5.250965034088863e-05,Canada,CAN,,gcp,northamerica-northeast2,Linux-6.8.0-1032-gcp-x86_64-with-glibc2.35,3.12.11,3.0.4,2,Intel(R) Xeon(R) CPU @ 2.60GHz,,,,,15.61648178100586,machine,Y,1.0
2025-08-06T15:05:28,scipy-benchmark,cccc6e78-d8f6-43fd-b4a7-c56b68bc510f,scipy_R0913_83d99ed0,22.36532630398869,4.013267486244263e-06,1.7944149044355886e-07,3.3352281125000003,0.0,10.0,2.604452653455746e-05,0.0,5.934414338553325e-05,8.538866992009069e-05,Canada,CAN,,gcp,northamerica-northeast2,Linux-6.8.0-1032-gcp-x86_64-with-glibc2.35,3.12.11,3.0.4,2,Intel(R) Xeon(R) CPU @ 2.60GHz,,,,,15.61648178100586,machine,Y,1.0
2025-08-06T15:05:33,scipy-benchmark,28d0f8c1-780e-4c5f-98aa-c4b55fa3fda8,scipy_R0913_83d99ed0,1.0012665300164372,7.647462473779321e-08,7.637788984770896e-08,1.7000000000000002,0.0,10.0,2.364871364487853e-07,0.0,1.3906325388234108e-06,1.627119675272196e-06,Canada,CAN,,gcp,northamerica-northeast2,Linux-6.8.0-1032-gcp-x86_64-with-glibc2.35,3.12.11,3.0.4,2,Intel(R) Xeon(R) CPU @ 2.60GHz,,,,,15.61648178100586,machine,Y,1.0
2025-08-06T15:05:35,scipy-benchmark,52ffeb4e-3779-4c47-b979-500fac363f37,scipy_R0913_83d99ed0,1.001274293055758,7.66558942663776e-08,7.655833650980277e-08,1.7272709000000002,0.0,10.0,2.4028873466420417e-07,0.0,1.3906877390885105e-06,1.6309764737527146e-06,Canada,CAN,,gcp,northamerica-northeast2,Linux-6.8.0-1032-gcp-x86_64-with-glibc2.35,3.12.11,3.0.4,2,Intel(R) Xeon(R) CPU @ 2.60GHz,,,,,15.61648178100586,machine,Y,1.0
2025-08-06T15:05:36,scipy-benchmark,f77f81ca-03d8-447b-a61a-bbb3fa8c22c5,scipy_R0913_83d99ed0,5.276927527971566,8.180319420054047e-07,1.550204996504573e-07,3.1185440014400005,0.0,10.0,4.137603041875674e-06,0.0,1.3267331894409532e-05,1.7404934936285205e-05,Canada,CAN,,gcp,northamerica-northeast2,Linux-6.8.0-1032-gcp-x86_64-with-glibc2.35,3.12.11,3.0.4,2,Intel(R) Xeon(R) CPU @ 2.60GHz,,,,,15.61648178100586,machine,Y,1.0
2025-08-06T15:05:40,scipy-benchmark,1f7e5f24-c73f-43e2-8642-fdd4723e8d7b,scipy_R0913_83d99ed0,1.0011930998880416,7.646640410739929e-08,7.637528076846527e-08,1.7000000000000002,0.0,10.0,2.3645515186298226e-07,0.0,1.3904896163795556e-06,1.6269447682425375e-06,Canada,CAN,,gcp,northamerica-northeast2,Linux-6.8.0-1032-gcp-x86_64-with-glibc2.35,3.12.11,3.0.4,2,Intel(R) Xeon(R) CPU @ 2.60GHz,,,,,15.61648178100586,machine,Y,1.0
2025-08-06T15:05:43,scipy-benchmark,4d5dacad-5594-4a10-a2c5-2099afed9ae2,scipy_R0913_83d99ed0,1.0012981370091438,7.66545199767613e-08,7.655514091509918e-08,1.7272709000000002,0.0,10.0,2.402810138318416e-07,0.0,1.3906662197162708e-06,1.6309472335481123e-06,Canada,CAN,,gcp,northamerica-northeast2,Linux-6.8.0-1032-gcp-x86_64-with-glibc2.35,3.12.11,3.0.4,2,Intel(R) Xeon(R) CPU @ 2.60GHz,,,,,15.61648178100586,machine,Y,1.0
2025-08-06T15:05:47,scipy-benchmark,c16c6fce-97bd-4801-bd99-7757a4df3f75,scipy_R0913_83d99ed0,1.0012023099698126,7.66489933504964e-08,7.655694816845505e-08,1.7272709000000002,0.0,10.0,2.4026268174236095e-07,0.0,1.3905669640128811e-06,1.6308296457552423e-06,Canada,CAN,,gcp,northamerica-northeast2,Linux-6.8.0-1032-gcp-x86_64-with-glibc2.35,3.12.11,3.0.4,2,Intel(R) Xeon(R) CPU @ 2.60GHz,,,,,15.61648178100586,machine,Y,1.0
2025-08-06T15:05:49,scipy-benchmark,1fb3c820-f00e-4066-8eb4-c3c3e5cf6a0f,scipy_R0913_83d99ed0,1.001154944067821,7.645528830663534e-08,7.636708859069077e-08,1.7000000000000002,0.0,10.0,2.364182893329093e-07,0.0,1.390289972510396e-06,1.6267082618433052e-06,Canada,CAN,,gcp,northamerica-northeast2,Linux-6.8.0-1032-gcp-x86_64-with-glibc2.35,3.12.11,3.0.4,2,Intel(R) Xeon(R) CPU @ 2.60GHz,,,,,15.61648178100586,machine,Y,1.0
2025-08-06T15:05:50,scipy-benchmark,257ef53e-15d7-45bd-93aa-c4032bc0ea08,scipy_R0913_83d99ed0,5.278728106059134,8.208447897123558e-07,1.5550048671197092e-07,3.15858754736,0.0,10.0,4.192346479128392e-06,0.0,1.3272436280708964e-05,1.7464782759837356e-05,Canada,CAN,,gcp,northamerica-northeast2,Linux-6.8.0-1032-gcp-x86_64-with-glibc2.35,3.12.11,3.0.4,2,Intel(R) Xeon(R) CPU @ 2.60GHz,,,,,15.61648178100586,machine,Y,1.0
2025-08-06T15:05:50,scipy-benchmark,396fcbda-c038-4f0d-90e6-5453a9501c86,scipy_R0913_83d99ed0,9.552943888818843,1.6431942168873898e-06,1.720091980034188e-07,3.903743506400001,0.0,10.0,9.816257855229657e-06,0.0,2.514532122748076e-05,3.496157908271042e-05,Canada,CAN,,gcp,northamerica-northeast2,Linux-6.8.0-1032-gcp-x86_64-with-glibc2.35,3.12.11,3.0.4,2,Intel(R) Xeon(R) CPU @ 2.60GHz,,,,,15.61648178100586,machine,Y,1.0
2025-08-06T15:05:51,scipy-benchmark,20d56afb-329f-4d19-9a79-ff15982adb17,scipy_R0913_83d99ed0,13.824097871081904,2.4689593185655847e-06,1.7859822330470513e-07,4.193830346646154,0.0,10.0,1.5521392042358757e-05,0.0,3.70096572888239e-05,5.2531049331182655e-05,Canada,CAN,,gcp,northamerica-northeast2,Linux-6.8.0-1032-gcp-x86_64-with-glibc2.35,3.12.11,3.0.4,2,Intel(R) Xeon(R) CPU @ 2.60GHz,,,,,15.61648178100586,machine,Y,1.0
2025-08-06T15:05:51,scipy-benchmark,246e4970-4618-4c07-92d0-4053d13eac09,scipy_R0913_83d99ed0,22.37164970813319,4.01491122806831e-06,1.7946424516957696e-07,3.324589775,0.0,10.0,2.606158134165009e-05,0.0,5.936206180873948e-05,8.542364315038957e-05,Canada,CAN,,gcp,northamerica-northeast2,Linux-6.8.0-1032-gcp-x86_64-with-glibc2.35,3.12.11,3.0.4,2,Intel(R) Xeon(R) CPU @ 2.60GHz,,,,,15.61648178100586,machine,Y,1.0
2025-08-06T15:05:57,scipy-benchmark,f793c3e5-8698-471c-9cac-a95142dcc386,scipy_R0913_83d99ed0,1.001235304865986,7.629898578914519e-08,7.620484956766251e-08,1.6732691000000002,0.0,10.0,2.3276063496965002e-07,0.0,1.390622041395141e-06,1.623382676364791e-06,Canada,CAN,,gcp,northamerica-northeast2,Linux-6.8.0-1032-gcp-x86_64-with-glibc2.35,3.12.11,3.0.4,2,Intel(R) Xeon(R) CPU @ 2.60GHz,,,,,15.61648178100586,machine,Y,1.0
2025-08-06T15:05:59,scipy-benchmark,2e79ce3f-a996-424b-90e3-4d981813782b,scipy_R0913_83d99ed0,1.001190188108012,7.647000852204574e-08,7.637910302192841e-08,1.7000000000000002,0.0,10.0,2.364685271232803e-07,0.0,1.3905529307925863e-06,1.6270214579158667e-06,Canada,CAN,,gcp,northamerica-northeast2,Linux-6.8.0-1032-gcp-x86_64-with-glibc2.35,3.12.11,3.0.4,2,Intel(R) Xeon(R) CPU @ 2.60GHz,,,,,15.61648178100586,machine,Y,1.0
2025-08-06T15:05:59,scipy-benchmark,f9dc71c6-0b48-4951-a4f3-e58e2fd02a55,scipy_R0913_83d99ed0,5.274648562073708,8.173465804079003e-07,1.5495754281808756e-07,3.11357583152,0.0,10.0,4.129110180247349e-06,0.0,1.326124259438883e-05,1.7390352774636178e-05,Canada,CAN,,gcp,northamerica-northeast2,Linux-6.8.0-1032-gcp-x86_64-with-glibc2.35,3.12.11,3.0.4,2,Intel(R) Xeon(R) CPU @ 2.60GHz,,,,,15.61648178100586,machine,Y,1.0
2025-08-06T15:06:03,scipy-benchmark,20957c7c-bc65-44b4-8bd3-1ee35ba5c95b,scipy_R0913_83d99ed0,1.001237037125975,7.701627373359844e-08,7.692111945306347e-08,1.7834543000000005,0.0,10.0,2.480760022331302e-07,0.0,1.390568119758326e-06,1.6386441219914562e-06,Canada,CAN,,gcp,northamerica-northeast2,Linux-6.8.0-1032-gcp-x86_64-with-glibc2.35,3.12.11,3.0.4,2,Intel(R) Xeon(R) CPU @ 2.60GHz,,,,,15.61648178100586,machine,Y,1.0
2025-08-06T15:06:07,scipy-benchmark,286e0749-85e0-4f93-a6cf-36f20016a3ba,scipy_R0913_83d99ed0,1.0012573550920931,7.665475869592914e-08,7.655849747928056e-08,1.7272709000000002,0.0,10.0,2.402797903668991e-07,0.0,1.3906725223124443e-06,1.6309523126793437e-06,Canada,CAN,,gcp,northamerica-northeast2,Linux-6.8.0-1032-gcp-x86_64-with-glibc2.35,3.12.11,3.0.4,2,Intel(R) Xeon(R) CPU @ 2.60GHz,,,,,15.61648178100586,machine,Y,1.0
2025-08-06T15:06:11,scipy-benchmark,c242aeba-3bf3-43cf-a348-ce184b5a50d8,scipy_R0913_83d99ed0,1.001237088115886,7.665009784196488e-08,7.65553920762204e-08,1.7272709000000002,0.0,10.0,2.4028106510744505e-07,0.0,1.3905720804662756e-06,1.6308531455737205e-06,Canada,CAN,,gcp,northamerica-northeast2,Linux-6.8.0-1032-gcp-x86_64-with-glibc2.35,3.12.11,3.0.4,2,Intel(R) Xeon(R) CPU @ 2.60GHz,,,,,15.61648178100586,machine,Y,1.0
2025-08-06T15:06:13,scipy-benchmark,765efbbb-1531-4e82-9a0d-6c431dff5121,scipy_R0913_83d99ed0,1.0012614890001714,7.64817110737333e-08,7.638535179267263e-08,1.7000000000000002,0.0,10.0,2.36508101296042e-07,0.0,1.3907623470812622e-06,1.6272704483773045e-06,Canada,CAN,,gcp,northamerica-northeast2,Linux-6.8.0-1032-gcp-x86_64-with-glibc2.35,3.12.11,3.0.4,2,Intel(R) Xeon(R) CPU @ 2.60GHz,,,,,15.61648178100586,machine,Y,1.0
2025-08-06T15:06:13,scipy-benchmark,f3bea373-08b6-4e6c-bf6f-f74ab94212a6,scipy_R0913_83d99ed0,5.274863458005711,8.193080526306348e-07,1.55323082607411e-07,3.1443457400000003,0.0,10.0,4.1701396230711765e-06,0.0,1.3261946603112544e-05,1.743208622618372e-05,Canada,CAN,,gcp,northamerica-northeast2,Linux-6.8.0-1032-gcp-x86_64-with-glibc2.35,3.12.11,3.0.4,2,Intel(R) Xeon(R) CPU @ 2.60GHz,,,,,15.61648178100586,machine,Y,1.0
2025-08-06T15:06:14,scipy-benchmark,4c5fbed2-d614-4821-b6a9-82077c071d42,scipy_R0913_83d99ed0,9.554196496959776,1.6432890279263609e-06,1.7199657014059413e-07,3.9025918264,0.0,10.0,9.81475056636698e-06,0.0,2.514884577249177e-05,3.496359633885874e-05,Canada,CAN,,gcp,northamerica-northeast2,Linux-6.8.0-1032-gcp-x86_64-with-glibc2.35,3.12.11,3.0.4,2,Intel(R) Xeon(R) CPU @ 2.60GHz,,,,,15.61648178100586,machine,Y,1.0
2025-08-06T15:06:14,scipy-benchmark,ea8713e1-c033-4345-9697-b124d734f95d,scipy_R0913_83d99ed0,13.83251276006922,2.472291221929748e-06,1.787304493993741e-07,4.203996873476924,0.0,10.0,1.5568868514256787e-05,0.0,3.703307237786551e-05,5.26019408921223e-05,Canada,CAN,,gcp,northamerica-northeast2,Linux-6.8.0-1032-gcp-x86_64-with-glibc2.35,3.12.11,3.0.4,2,Intel(R) Xeon(R) CPU @ 2.60GHz,,,,,15.61648178100586,machine,Y,1.0
2025-08-06T15:06:15,scipy-benchmark,6fdc4d5f-3656-4067-beac-98856c04b8be,scipy_R0913_83d99ed0,22.38359991996549,4.022239890980552e-06,1.796958445184162e-07,3.34012535,0.0,10.0,2.61845704737788e-05,0.0,5.939500167474357e-05,8.557957214852237e-05,Canada,CAN,,gcp,northamerica-northeast2,Linux-6.8.0-1032-gcp-x86_64-with-glibc2.35,3.12.11,3.0.4,2,Intel(R) Xeon(R) CPU @ 2.60GHz,,,,,15.61648178100586,machine,Y,1.0
2025-08-06T15:06:20,scipy-benchmark,a6daf18f-b216-460c-b161-75f4074a563b,scipy_R0913_83d99ed0,1.0012627490796149,7.647199198669598e-08,7.63755488327024e-08,1.7000000000000002,0.0,10.0,2.3647368708366738e-07,0.0,1.3905899722077366e-06,1.627063659291404e-06,Canada,CAN,,gcp,northamerica-northeast2,Linux-6.8.0-1032-gcp-x86_64-with-glibc2.35,3.12.11,3.0.4,2,Intel(R) Xeon(R) CPU @ 2.60GHz,,,,,15.61648178100586,machine,Y,1.0
2025-08-06T15:06:22,scipy-benchmark,27fbee18-21fa-4446-9843-84c0cc48c863,scipy_R0913_83d99ed0,1.0012251019943506,7.647087928377248e-08,7.637730928983837e-08,1.7000000000000002,0.0,10.0,2.3647012653398445e-07,0.0,1.390569858227132e-06,1.6270399847611163e-06,Canada,CAN,,gcp,northamerica-northeast2,Linux-6.8.0-1032-gcp-x86_64-with-glibc2.35,3.12.11,3.0.4,2,Intel(R) Xeon(R) CPU @ 2.60GHz,,,,,15.61648178100586,machine,Y,1.0
2025-08-06T15:06:23,scipy-benchmark,1e707cea-3b17-4837-becb-58ea86111bc1,scipy_R0913_83d99ed0,5.280186295043677,8.177191429941801e-07,1.5486558566347253e-07,3.1045384664,0.0,10.0,4.121843671725808e-06,0.0,1.3276435966448238e-05,1.7398279638174045e-05,Canada,CAN,,gcp,northamerica-northeast2,Linux-6.8.0-1032-gcp-x86_64-with-glibc2.35,3.12.11,3.0.4,2,Intel(R) Xeon(R) CPU @ 2.60GHz,,,,,15.61648178100586,machine,Y,1.0
2025-08-06T15:06:27,scipy-benchmark,678294c6-8577-457f-8c0f-31bb1849b0fb,scipy_R0913_83d99ed0,1.0012631029821932,7.665560587871074e-08,7.655890409863034e-08,1.7272709000000002,0.0,10.0,2.40286093803061e-07,0.0,1.3906842440418484e-06,1.6309703378449094e-06,Canada,CAN,,gcp,northamerica-northeast2,Linux-6.8.0-1032-gcp-x86_64-with-glibc2.35,3.12.11,3.0.4,2,Intel(R) Xeon(R) CPU @ 2.60GHz,,,,,15.61648178100586,machine,Y,1.0
2025-08-06T15:06:30,scipy-benchmark,16ed525c-d226-4b83-8179-180e19d9068c,scipy_R0913_83d99ed0,1.0012113580014557,7.66532898734055e-08,7.656054764142424e-08,1.7272709000000002,0.0,10.0,2.402768607313881e-07,0.0,1.390644200404899e-06,1.6309210611362872e-06,Canada,CAN,,gcp,northamerica-northeast2,Linux-6.8.0-1032-gcp-x86_64-with-glibc2.35,3.12.11,3.0.4,2,Intel(R) Xeon(R) CPU @ 2.60GHz,,,,,15.61648178100586,machine,Y,1.0
2025-08-06T15:06:34,scipy-benchmark,cc096644-9e22-4388-ba94-131f3a6e64c8,scipy_R0913_83d99ed0,1.0012185480445623,7.664786329899865e-08,7.65545778678355e-08,1.7272709000000002,0.0,10.0,2.402613022163772e-07,0.0,1.3905442998899768e-06,1.630805602106354e-06,Canada,CAN,,gcp,northamerica-northeast2,Linux-6.8.0-1032-gcp-x86_64-with-glibc2.35,3.12.11,3.0.4,2,Intel(R) Xeon(R) CPU @ 2.60GHz,,,,,15.61648178100586,machine,Y,1.0
2025-08-06T15:06:36,scipy-benchmark,23b20242-fbb2-4e47-a74f-9c3a4b161853,scipy_R0913_83d99ed0,1.001089819939807,7.645602583836689e-08,7.637279324542923e-08,1.7000000000000002,0.0,10.0,2.3642175400810733e-07,0.0,1.3903021999996982e-06,1.6267239540078055e-06,Canada,CAN,,gcp,northamerica-northeast2,Linux-6.8.0-1032-gcp-x86_64-with-glibc2.35,3.12.11,3.0.4,2,Intel(R) Xeon(R) CPU @ 2.60GHz,,,,,15.61648178100586,machine,Y,1.0
2025-08-06T15:06:37,scipy-benchmark,08f2c086-572e-47bd-bacc-9f40074fbfeb,scipy_R0913_83d99ed0,5.278805712936446,8.202806657830613e-07,1.5539133478105658e-07,3.149173341440001,0.0,10.0,4.179971734340458e-06,0.0,1.32728083887034e-05,1.7452780123043857e-05,Canada,CAN,,gcp,northamerica-northeast2,Linux-6.8.0-1032-gcp-x86_64-with-glibc2.35,3.12.11,3.0.4,2,Intel(R) Xeon(R) CPU @ 2.60GHz,,,,,15.61648178100586,machine,Y,1.0
2025-08-06T15:06:37,scipy-benchmark,1ef6642a-c6c2-4999-bc4b-8fd65025765f,scipy_R0913_83d99ed0,9.556081449845806,1.6444184416748315e-06,1.720808314899164e-07,3.909317168,0.0,10.0,9.83364994931275e-06,0.0,2.515397646930069e-05,3.498762641861344e-05,Canada,CAN,,gcp,northamerica-northeast2,Linux-6.8.0-1032-gcp-x86_64-with-glibc2.35,3.12.11,3.0.4,2,Intel(R) Xeon(R) CPU @ 2.60GHz,,,,,15.61648178100586,machine,Y,1.0
2025-08-06T15:06:38,scipy-benchmark,79f1ab51-4cab-4056-8988-e38911f9af82,scipy_R0913_83d99ed0,13.838675241917372,2.4754048725313213e-06,1.7887585547446878e-07,4.215491692307692,0.0,10.0,1.561857674946223e-05,0.0,3.704961202779992e-05,5.266818877726215e-05,Canada,CAN,,gcp,northamerica-northeast2,Linux-6.8.0-1032-gcp-x86_64-with-glibc2.35,3.12.11,3.0.4,2,Intel(R) Xeon(R) CPU @ 2.60GHz,,,,,15.61648178100586,machine,Y,1.0
2025-08-06T15:06:38,scipy-benchmark,e6a56dfd-ff97-4cc2-ab90-fe9a4931af63,scipy_R0913_83d99ed0,22.39827006799169,4.018498714623208e-06,1.7941111980633968e-07,3.3446898125000004,0.0,10.0,2.606466640462192e-05,0.0,5.9435306246935705e-05,8.549997265155762e-05,Canada,CAN,,gcp,northamerica-northeast2,Linux-6.8.0-1032-gcp-x86_64-with-glibc2.35,3.12.11,3.0.4,2,Intel(R) Xeon(R) CPU @ 2.60GHz,,,,,15.61648178100586,machine,Y,1.0
2025-08-06T15:06:44,scipy-benchmark,19282cfe-d582-4d26-9181-ed6bf0cd4c16,scipy_R0913_83d99ed0,1.001297921873629,7.665887298870267e-08,7.655950473287566e-08,1.7272709000000002,0.0,10.0,2.403005817862472e-07,0.0,1.3907392690372137e-06,1.631039850823461e-06,Canada,CAN,,gcp,northamerica-northeast2,Linux-6.8.0-1032-gcp-x86_64-with-glibc2.35,3.12.11,3.0.4,2,Intel(R) Xeon(R) CPU @ 2.60GHz,,,,,15.61648178100586,machine,Y,1.0
2025-08-06T15:06:46,scipy-benchmark,39ae3f2d-028a-4f5e-a9e3-78ae63397992,scipy_R0913_83d99ed0,1.001295612892136,7.684057984693662e-08,7.674115301972689e-08,1.7550872000000004,0.0,10.0,2.4416702922487864e-07,0.0,1.3907389249652625e-06,1.634905954190141e-06,Canada,CAN,,gcp,northamerica-northeast2,Linux-6.8.0-1032-gcp-x86_64-with-glibc2.35,3.12.11,3.0.4,2,Intel(R) Xeon(R) CPU @ 2.60GHz,,,,,15.61648178100586,machine,Y,1.0
2025-08-06T15:06:46,scipy-benchmark,f0a0f951-5df0-4e84-8826-5302951894f4,scipy_R0913_83d99ed0,5.281896790023893,8.247627786882937e-07,1.5614897667937257e-07,3.2125577897599995,0.0,10.0,4.266832788577658e-06,0.0,1.3281311438832846e-05,1.7548144227410504e-05,Canada,CAN,,gcp,northamerica-northeast2,Linux-6.8.0-1032-gcp-x86_64-with-glibc2.35,3.12.11,3.0.4,2,Intel(R) Xeon(R) CPU @ 2.60GHz,,,,,15.61648178100586,machine,Y,1.0
2025-08-06T15:06:50,scipy-benchmark,8f528e3a-979d-4d2a-886a-f74c9a173fcb,scipy_R0913_83d99ed0,1.0011900321114808,7.683130790440689e-08,7.673998485819109e-08,1.7550872000000004,0.0,10.0,2.441312762304292e-07,0.0,1.3905774025867385e-06,1.6347086788171675e-06,Canada,CAN,,gcp,northamerica-northeast2,Linux-6.8.0-1032-gcp-x86_64-with-glibc2.35,3.12.11,3.0.4,2,Intel(R) Xeon(R) CPU @ 2.60GHz,,,,,15.61648178100586,machine,Y,1.0
2025-08-06T15:06:54,scipy-benchmark,984a43de-3dac-4100-8133-efff252ae2b4,scipy_R0913_83d99ed0,1.0013426840305328,7.667198228576308e-08,7.656917407849676e-08,1.7272709000000002,0.0,10.0,2.403355773297223e-07,0.0,1.3909831947077895e-06,1.6313187720375118e-06,Canada,CAN,,gcp,northamerica-northeast2,Linux-6.8.0-1032-gcp-x86_64-with-glibc2.35,3.12.11,3.0.4,2,Intel(R) Xeon(R) CPU @ 2.60GHz,,,,,15.61648178100586,machine,Y,1.0
2025-08-06T15:06:58,scipy-benchmark,78845821-8bb2-4964-a099-f3dd1617ad08,scipy_R0913_83d99ed0,1.0012315770145506,7.701809038812977e-08,7.692335335425651e-08,1.7834543000000005,0.0,10.0,2.480851127757837e-07,0.0,1.3905976614397433e-06,1.638682774215527e-06,Canada,CAN,,gcp,northamerica-northeast2,Linux-6.8.0-1032-gcp-x86_64-with-glibc2.35,3.12.11,3.0.4,2,Intel(R) Xeon(R) CPU @ 2.60GHz,,,,,15.61648178100586,machine,Y,1.0
2025-08-06T15:07:00,scipy-benchmark,8afeed4e-e448-4f6a-bbee-4bbc6236e8ce,scipy_R0913_83d99ed0,1.0012873047962785,7.647827361857183e-08,7.63799493434425e-08,1.7000000000000002,0.0,10.0,2.3649554195839706e-07,0.0,1.390701769075046e-06,1.6271973110334431e-06,Canada,CAN,,gcp,northamerica-northeast2,Linux-6.8.0-1032-gcp-x86_64-with-glibc2.35,3.12.11,3.0.4,2,Intel(R) Xeon(R) CPU @ 2.60GHz,,,,,15.61648178100586,machine,Y,1.0
2025-08-06T15:07:00,scipy-benchmark,4c12e3ed-f30f-400b-a650-98ce86c6ce87,scipy_R0913_83d99ed0,5.282770344056189,8.232022342524118e-07,1.558277533640323e-07,3.1850881985600004,0.0,10.0,4.231144671328451e-06,0.0,1.3283796482978182e-05,1.7514941154306634e-05,Canada,CAN,,gcp,northamerica-northeast2,Linux-6.8.0-1032-gcp-x86_64-with-glibc2.35,3.12.11,3.0.4,2,Intel(R) Xeon(R) CPU @ 2.60GHz,,,,,15.61648178100586,machine,Y,1.0
2025-08-06T15:07:01,scipy-benchmark,22b34d2b-2f5c-4e65-b7e2-e6652368e0ea,scipy_R0913_83d99ed0,9.564072641078385,1.6472538483029845e-06,1.72233514959716e-07,3.920934882400001,0.0,10.0,9.871637044293482e-06,0.0,2.5176317174918952e-05,3.504795421921243e-05,Canada,CAN,,gcp,northamerica-northeast2,Linux-6.8.0-1032-gcp-x86_64-with-glibc2.35,3.12.11,3.0.4,2,Intel(R) Xeon(R) CPU @ 2.60GHz,,,,,15.61648178100586,machine,Y,1.0
2025-08-06T15:07:01,scipy-benchmark,1938aeb1-2efd-498d-a793-a631e73a728d,scipy_R0913_83d99ed0,13.841327538946643,2.473040009099736e-06,1.7867072375399765e-07,4.198915913784616,0.0,10.0,1.556033648392877e-05,0.0,3.705753605010816e-05,5.2617872534036926e-05,Canada,CAN,,gcp,northamerica-northeast2,Linux-6.8.0-1032-gcp-x86_64-with-glibc2.35,3.12.11,3.0.4,2,Intel(R) Xeon(R) CPU @ 2.60GHz,,,,,15.61648178100586,machine,Y,1.0
2025-08-06T15:07:02,scipy-benchmark,69134d70-66ef-4cec-81dc-3fdac8296415,scipy_R0913_83d99ed0,22.39835355593823,4.022448463679559e-06,1.7958679211102693e-07,3.3363729125000003,0.0,10.0,2.61484698514466e-05,0.0,5.9435540014075946e-05,8.558400986552254e-05,Canada,CAN,,gcp,northamerica-northeast2,Linux-6.8.0-1032-gcp-x86_64-with-glibc2.35,3.12.11,3.0.4,2,Intel(R) Xeon(R) CPU @ 2.60GHz,,,,,15.61648178100586,machine,Y,1.0
2025-08-06T15:07:07,scipy-benchmark,8b1c1fd1-643a-43bc-bae1-a679e77d3bbe,scipy_R0913_83d99ed0,1.0012139368336648,7.64747220961985e-08,7.638199917397225e-08,1.7000000000000002,0.0,10.0,2.3648017213498762e-07,0.0,1.39064157459264e-06,1.6271217467276275e-06,Canada,CAN,,gcp,northamerica-northeast2,Linux-6.8.0-1032-gcp-x86_64-with-glibc2.35,3.12.11,3.0.4,2,Intel(R) Xeon(R) CPU @ 2.60GHz,,,,,15.61648178100586,machine,Y,1.0
2025-08-06T15:07:10,scipy-benchmark,ba9848b7-49c4-4bde-9adf-5f13da45c914,scipy_R0913_83d99ed0,1.0012297620996833,7.664964576880487e-08,7.655550071550268e-08,1.7272709000000002,0.0,10.0,2.4027831309330534e-07,0.0,1.390565213902543e-06,1.6308435269958484e-06,Canada,CAN,,gcp,northamerica-northeast2,Linux-6.8.0-1032-gcp-x86_64-with-glibc2.35,3.12.11,3.0.4,2,Intel(R) Xeon(R) CPU @ 2.60GHz,,,,,15.61648178100586,machine,Y,1.0
2025-08-06T15:07:10,scipy-benchmark,dfb11017-16de-499a-8299-b7eb85f2455f,scipy_R0913_83d99ed0,5.281691040843725,8.201482060232053e-07,1.5528136721382148e-07,3.13936839728,0.0,10.0,4.1694091612924685e-06,0.0,1.3280552668988495e-05,1.7449961830280964e-05,Canada,CAN,,gcp,northamerica-northeast2,Linux-6.8.0-1032-gcp-x86_64-with-glibc2.35,3.12.11,3.0.4,2,Intel(R) Xeon(R) CPU @ 2.60GHz,,,,,15.61648178100586,machine,Y,1.0
2025-08-06T15:07:14,scipy-benchmark,8cc056b0-c652-4435-8fa2-9635ec24790d,scipy_R0913_83d99ed0,1.0011633068788797,7.646516056006336e-08,7.637631147154504e-08,1.7000000000000002,0.0,10.0,2.3645858498316055e-07,0.0,1.3904597248054213e-06,1.6269183097885818e-06,Canada,CAN,,gcp,northamerica-northeast2,Linux-6.8.0-1032-gcp-x86_64-with-glibc2.35,3.12.11,3.0.4,2,Intel(R) Xeon(R) CPU @ 2.60GHz,,,,,15.61648178100586,machine,Y,1.0
2025-08-06T15:07:18,scipy-benchmark,0dc7fb64-8c95-4a50-b970-097279074d75,scipy_R0913_83d99ed0,1.0012642790097743,7.648111407769224e-08,7.638454270368077e-08,1.7000000000000002,0.0,10.0,2.3650566320348946e-07,0.0,1.3907520831303878e-06,1.6272577463338772e-06,Canada,CAN,,gcp,northamerica-northeast2,Linux-6.8.0-1032-gcp-x86_64-with-glibc2.35,3.12.11,3.0.4,2,Intel(R) Xeon(R) CPU @ 2.60GHz,,,,,15.61648178100586,machine,Y,1.0
2025-08-06T15:07:21,scipy-benchmark,b8884e0d-7966-46c1-9876-ab9c70c0ded2,scipy_R0913_83d99ed0,1.0012643248774111,7.648234127734192e-08,7.638576485455625e-08,1.7000000000000002,0.0,10.0,2.365089984701222e-07,0.0,1.3907748584945996e-06,1.6272838569647218e-06,Canada,CAN,,gcp,northamerica-northeast2,Linux-6.8.0-1032-gcp-x86_64-with-glibc2.35,3.12.11,3.0.4,2,Intel(R) Xeon(R) CPU @ 2.60GHz,,,,,15.61648178100586,machine,Y,1.0
2025-08-06T15:07:23,scipy-benchmark,e2b39a9c-f210-46c7-be7f-3bcbded61e3c,scipy_R0913_83d99ed0,1.001209125854075,7.720573478520683e-08,7.711249607253329e-08,1.8123776000000005,0.0,10.0,2.521012780195012e-07,0.0,1.3905739301763888e-06,1.64267520819589e-06,Canada,CAN,,gcp,northamerica-northeast2,Linux-6.8.0-1032-gcp-x86_64-with-glibc2.35,3.12.11,3.0.4,2,Intel(R) Xeon(R) CPU @ 2.60GHz,,,,,15.61648178100586,machine,Y,1.0
2025-08-06T15:07:24,scipy-benchmark,a61efc4a-9ae8-47fe-9612-6fe3f1aed7ee,scipy_R0913_83d99ed0,5.283758118981496,8.211107818200273e-07,1.554027953835074e-07,3.1488428614400004,0.0,10.0,4.183866430578211e-06,0.0,1.3286575735805348e-05,1.747044216638356e-05,Canada,CAN,,gcp,northamerica-northeast2,Linux-6.8.0-1032-gcp-x86_64-with-glibc2.35,3.12.11,3.0.4,2,Intel(R) Xeon(R) CPU @ 2.60GHz,,,,,15.61648178100586,machine,Y,1.0
2025-08-06T15:07:24,scipy-benchmark,533db9ec-a342-4ee3-956d-1390a9188da4,scipy_R0913_83d99ed0,9.565526555059478,1.6483142141581854e-06,1.723181891420651e-07,3.927675,0.0,10.0,9.890183286869687e-06,0.0,2.518033190798532e-05,3.507051519485501e-05,Canada,CAN,,gcp,northamerica-northeast2,Linux-6.8.0-1032-gcp-x86_64-with-glibc2.35,3.12.11,3.0.4,2,Intel(R) Xeon(R) CPU @ 2.60GHz,,,,,15.61648178100586,machine,Y,1.0
2025-08-06T15:07:25,scipy-benchmark,fdddbff8-9a30-4bad-9f22-ca552bf4b905,scipy_R0913_83d99ed0,13.844130220124498,2.4749760180110585e-06,1.7877439598287756e-07,4.207128760492308,0.0,10.0,1.5593946276807927e-05,0.0,3.706511793619332e-05,5.265906421300125e-05,Canada,CAN,,gcp,northamerica-northeast2,Linux-6.8.0-1032-gcp-x86_64-with-glibc2.35,3.12.11,3.0.4,2,Intel(R) Xeon(R) CPU @ 2.60GHz,,,,,15.61648178100586,machine,Y,1.0
2025-08-06T15:07:26,scipy-benchmark,e802f12b-6821-452a-9c64-ed12eaedf0e4,scipy_R0913_83d99ed0,22.403406255180016,4.021407513775072e-06,1.7949982551627657e-07,3.3537109301,0.0,10.0,2.6111806331223e-05,0.0,5.94500556639913e-05,8.55618619952143e-05,Canada,CAN,,gcp,northamerica-northeast2,Linux-6.8.0-1032-gcp-x86_64-with-glibc2.35,3.12.11,3.0.4,2,Intel(R) Xeon(R) CPU @ 2.60GHz,,,,,15.61648178100586,machine,Y,1.0
2025-08-06T15:07:31,scipy-benchmark,bb325182-a370-42f1-a22b-c5164f543560,scipy_R0913_83d99ed0,1.0012943469919264,7.629910767772962e-08,7.620047781848193e-08,1.6732691000000002,0.0,10.0,2.3276063680937265e-07,0.0,1.3906246329295554e-06,1.623385269738928e-06,Canada,CAN,,gcp,northamerica-northeast2,Linux-6.8.0-1032-gcp-x86_64-with-glibc2.35,3.12.11,3.0.4,2,Intel(R) Xeon(R) CPU @ 2.60GHz,,,,,15.61648178100586,machine,Y,1.0
2025-08-06T15:07:33,scipy-benchmark,410079bc-cc27-4a2b-8ded-211d8986fc72,scipy_R0913_83d99ed0,1.0011736429296434,7.664792832687903e-08,7.655807648170917e-08,1.7272709000000002,0.0,10.0,2.4026192456144605e-07,0.0,1.3905450611168312e-06,1.6308069856782772e-06,Canada,CAN,,gcp,northamerica-northeast2,Linux-6.8.0-1032-gcp-x86_64-with-glibc2.35,3.12.11,3.0.4,2,Intel(R) Xeon(R) CPU @ 2.60GHz,,,,,15.61648178100586,machine,Y,1.0
2025-08-06T15:07:34,scipy-benchmark,7ffa7323-2d2f-4829-99c2-48eefef2370f,scipy_R0913_83d99ed0,5.2864356841892,8.218351542909164e-07,1.5546110903209904e-07,3.1530836844800003,0.0,10.0,4.191843454596358e-06,0.0,1.3294010892018885e-05,1.7485854346615242e-05,Canada,CAN,,gcp,northamerica-northeast2,Linux-6.8.0-1032-gcp-x86_64-with-glibc2.35,3.12.11,3.0.4,2,Intel(R) Xeon(R) CPU @ 2.60GHz,,,,,15.61648178100586,machine,Y,1.0
2025-08-06T15:07:37,scipy-benchmark,ba041cd6-ee40-48ea-8377-a28647e17b71,scipy_R0913_83d99ed0,1.0011825398541987,7.629325374812455e-08,7.620314049747117e-08,1.6732691000000002,0.0,10.0,2.3274609888827778e-07,0.0,1.3905146191569252e-06,1.623260718045203e-06,Canada,CAN,,gcp,northamerica-northeast2,Linux-6.8.0-1032-gcp-x86_64-with-glibc2.35,3.12.11,3.0.4,2,Intel(R) Xeon(R) CPU @ 2.60GHz,,,,,15.61648178100586,machine,Y,1.0
2025-08-06T15:07:41,scipy-benchmark,d894880d-9a00-4ac4-abbc-4f22fadae7ff,scipy_R0913_83d99ed0,1.001162125961855,7.646565962106172e-08,7.637690004263616e-08,1.7000000000000002,0.0,10.0,2.364532058968003e-07,0.0,1.3904757222108958e-06,1.626928928107696e-06,Canada,CAN,,gcp,northamerica-northeast2,Linux-6.8.0-1032-gcp-x86_64-with-glibc2.35,3.12.11,3.0.4,2,Intel(R) Xeon(R) CPU @ 2.60GHz,,,,,15.61648178100586,machine,Y,1.0
2025-08-06T15:07:45,scipy-benchmark,2292f6f3-5421-4815-b9fc-68963a538179,scipy_R0913_83d99ed0,1.0012056990526617,7.647002274982191e-08,7.63779339472175e-08,1.7000000000000002,0.0,10.0,2.3647474115326385e-07,0.0,1.390547019481245e-06,1.6270217606345088e-06,Canada,CAN,,gcp,northamerica-northeast2,Linux-6.8.0-1032-gcp-x86_64-with-glibc2.35,3.12.11,3.0.4,2,Intel(R) Xeon(R) CPU @ 2.60GHz,,,,,15.61648178100586,machine,Y,1.0
2025-08-06T15:07:47,scipy-benchmark,3db9f65b-296c-4138-960f-577d7256af7a,scipy_R0913_83d99ed0,1.001178657868877,7.646801579259207e-08,7.637799227099283e-08,1.7000000000000002,0.0,10.0,2.364692288101651e-07,0.0,1.3905098306066875e-06,1.6269790594168529e-06,Canada,CAN,,gcp,northamerica-northeast2,Linux-6.8.0-1032-gcp-x86_64-with-glibc2.35,3.12.11,3.0.4,2,Intel(R) Xeon(R) CPU @ 2.60GHz,,,,,15.61648178100586,machine,Y,1.0
2025-08-06T15:07:48,scipy-benchmark,e111cc64-e030-4bf3-91b0-7e4591f165c4,scipy_R0913_83d99ed0,5.283112696139142,8.252450958789544e-07,1.5620433319206637e-07,3.2168178756800008,0.0,10.0,4.273608548065502e-06,0.0,1.32847977472314e-05,1.7558406295296903e-05,Canada,CAN,,gcp,northamerica-northeast2,Linux-6.8.0-1032-gcp-x86_64-with-glibc2.35,3.12.11,3.0.4,2,Intel(R) Xeon(R) CPU @ 2.60GHz,,,,,15.61648178100586,machine,Y,1.0
2025-08-06T15:07:48,scipy-benchmark,37bdcf59-94b9-4cbf-b4c3-7fc4b8db7cd0,scipy_R0913_83d99ed0,9.563845744822174,1.650403918474622e-06,1.725669738418924e-07,3.947957548,0.0,10.0,9.939386550131087e-06,0.0,2.517559043869065e-05,3.511497698882175e-05,Canada,CAN,,gcp,northamerica-northeast2,Linux-6.8.0-1032-gcp-x86_64-with-glibc2.35,3.12.11,3.0.4,2,Intel(R) Xeon(R) CPU @ 2.60GHz,,,,,15.61648178100586,machine,Y,1.0
2025-08-06T15:07:49,scipy-benchmark,7fc6349e-e3b5-43e7-9f40-ec5dcd995e34,scipy_R0913_83d99ed0,13.846249400172384,2.4752452632776134e-06,1.787664797693733e-07,4.206349468492308,0.0,10.0,1.5593621952104376e-05,0.0,3.707117088358953e-05,5.26647928356939e-05,Canada,CAN,,gcp,northamerica-northeast2,Linux-6.8.0-1032-gcp-x86_64-with-glibc2.35,3.12.11,3.0.4,2,Intel(R) Xeon(R) CPU @ 2.60GHz,,,,,15.61648178100586,machine,Y,1.0
2025-08-06T15:07:49,scipy-benchmark,c2578ff4-d70f-4588-b6fb-06307247fa30,scipy_R0913_83d99ed0,22.416069072904065,4.023856405021769e-06,1.795076733540983e-07,3.3895279016,0.0,10.0,2.612882233982616e-05,0.0,5.948514372446678e-05,8.561396606429294e-05,Canada,CAN,,gcp,northamerica-northeast2,Linux-6.8.0-1032-gcp-x86_64-with-glibc2.35,3.12.11,3.0.4,2,Intel(R) Xeon(R) CPU @ 2.60GHz,,,,,15.61648178100586,machine,Y,1.0
2025-08-06T15:07:54,scipy-benchmark,666977e9-bf7d-4f34-8329-2bb2f5e87bbf,scipy_R0913_83d99ed0,1.0011959148105234,7.66468906252952e-08,7.655533696399532e-08,1.7272709000000002,0.0,10.0,2.402539876789375e-07,0.0,1.3905309192422365e-06,1.630784906921174e-06,Canada,CAN,,gcp,northamerica-northeast2,Linux-6.8.0-1032-gcp-x86_64-with-glibc2.35,3.12.11,3.0.4,2,Intel(R) Xeon(R) CPU @ 2.60GHz,,,,,15.61648178100586,machine,Y,1.0
2025-08-06T15:07:57,scipy-benchmark,35bcb2f5-047d-4c87-baca-251c2956f68c,scipy_R0913_83d99ed0,1.001186192035675,7.646608310152079e-08,7.637548710699368e-08,1.7000000000000002,0.0,10.0,2.364661522507151e-07,0.0,1.3904717860795144e-06,1.6269379383302294e-06,Canada,CAN,,gcp,northamerica-northeast2,Linux-6.8.0-1032-gcp-x86_64-with-glibc2.35,3.12.11,3.0.4,2,Intel(R) Xeon(R) CPU @ 2.60GHz,,,,,15.61648178100586,machine,Y,1.0
2025-08-06T15:07:57,scipy-benchmark,45e84c79-da45-4c05-bed7-79bfde01d9d8,scipy_R0913_83d99ed0,5.28544263006188,8.213926832466269e-07,1.5540660276488713e-07,3.1487867792000004,0.0,10.0,4.1852500658253015e-06,0.0,1.3291190003251865e-05,1.7476440069077167e-05,Canada,CAN,,gcp,northamerica-northeast2,Linux-6.8.0-1032-gcp-x86_64-with-glibc2.35,3.12.11,3.0.4,2,Intel(R) Xeon(R) CPU @ 2.60GHz,,,,,15.61648178100586,machine,Y,1.0
2025-08-06T15:08:01,scipy-benchmark,50435130-9eca-4a95-b148-b51e718afe2b,scipy_R0913_83d99ed0,1.00125253200531,7.647183071212044e-08,7.637616711836178e-08,1.7000000000000002,0.0,10.0,2.364895948816817e-07,0.0,1.3905706330357742e-06,1.6270602279174558e-06,Canada,CAN,,gcp,northamerica-northeast2,Linux-6.8.0-1032-gcp-x86_64-with-glibc2.35,3.12.11,3.0.4,2,Intel(R) Xeon(R) CPU @ 2.60GHz,,,,,15.61648178100586,machine,Y,1.0
2025-08-06T15:08:05,scipy-benchmark,6d17ce46-7260-4e9d-8a1a-0e39b3348f0a,scipy_R0913_83d99ed0,1.001251022098586,7.664806745944666e-08,7.655229884189788e-08,1.7272709000000002,0.0,10.0,2.402598931985431e-07,0.0,1.3905500527471302e-06,1.6308099459456732e-06,Canada,CAN,,gcp,northamerica-northeast2,Linux-6.8.0-1032-gcp-x86_64-with-glibc2.35,3.12.11,3.0.4,2,Intel(R) Xeon(R) CPU @ 2.60GHz,,,,,15.61648178100586,machine,Y,1.0
2025-08-06T15:08:08,scipy-benchmark,ddd8a3f9-f454-4ded-9e0f-3af059843db0,scipy_R0913_83d99ed0,1.0013704381417483,7.648859564584886e-08,7.638391621365358e-08,1.7000000000000002,0.0,10.0,2.3653272575595321e-07,0.0,1.3908842028791291e-06,1.6274169286350823e-06,Canada,CAN,,gcp,northamerica-northeast2,Linux-6.8.0-1032-gcp-x86_64-with-glibc2.35,3.12.11,3.0.4,2,Intel(R) Xeon(R) CPU @ 2.60GHz,,,,,15.61648178100586,machine,Y,1.0
2025-08-06T15:08:11,scipy-benchmark,a9f4f4b8-e94d-40f8-8294-0a451f989d52,scipy_R0913_83d99ed0,1.0011387269478291,7.646830165550474e-08,7.63813241833463e-08,1.7000000000000002,0.0,10.0,2.364636778753872e-07,0.0,1.390521463731097e-06,1.626985141606484e-06,Canada,CAN,,gcp,northamerica-northeast2,Linux-6.8.0-1032-gcp-x86_64-with-glibc2.35,3.12.11,3.0.4,2,Intel(R) Xeon(R) CPU @ 2.60GHz,,,,,15.61648178100586,machine,Y,1.0
2025-08-06T15:08:11,scipy-benchmark,b744a7cf-bc67-49d7-85fc-3091fcff6b97,scipy_R0913_83d99ed0,5.279584089061245,8.20197366001884e-07,1.553526475127555e-07,3.145798338560001,0.0,10.0,4.176130914963715e-06,0.0,1.3274876872310414e-05,1.7451007787274128e-05,Canada,CAN,,gcp,northamerica-northeast2,Linux-6.8.0-1032-gcp-x86_64-with-glibc2.35,3.12.11,3.0.4,2,Intel(R) Xeon(R) CPU @ 2.60GHz,,,,,15.61648178100586,machine,Y,1.0
2025-08-06T15:08:12,scipy-benchmark,a2da03ec-f9a5-452a-abed-fef2783b8c24,scipy_R0913_83d99ed0,9.56414508097805,1.6477790005780815e-06,1.7228711888272362e-07,3.925315656,0.0,10.0,9.882717708122869e-06,0.0,2.517640996375121e-05,3.505912767187408e-05,Canada,CAN,,gcp,northamerica-northeast2,Linux-6.8.0-1032-gcp-x86_64-with-glibc2.35,3.12.11,3.0.4,2,Intel(R) Xeon(R) CPU @ 2.60GHz,,,,,15.61648178100586,machine,Y,1.0
2025-08-06T15:08:12,scipy-benchmark,d65bb0a5-45d8-4efa-9ca1-364892d4b6a0,scipy_R0913_83d99ed0,13.850018742028624,2.4774695728337457e-06,1.788784274576995e-07,4.215151676184616,0.0,10.0,1.563060075174491e-05,0.0,3.7081517819185845e-05,5.271211857093076e-05,Canada,CAN,,gcp,northamerica-northeast2,Linux-6.8.0-1032-gcp-x86_64-with-glibc2.35,3.12.11,3.0.4,2,Intel(R) Xeon(R) CPU @ 2.60GHz,,,,,15.61648178100586,machine,Y,1.0
2025-08-06T15:08:13,scipy-benchmark,12421b53-add3-4028-807f-35ac60256221,scipy_R0913_83d99ed0,22.418111865175888,4.0233605767937e-06,1.794691988776966e-07,3.3675628625000003,0.0,10.0,2.611262044337197e-05,0.0,5.949079608415357e-05,8.560341652752552e-05,Canada,CAN,,gcp,northamerica-northeast2,Linux-6.8.0-1032-gcp-x86_64-with-glibc2.35,3.12.11,3.0.4,2,Intel(R) Xeon(R) CPU @ 2.60GHz,,,,,15.61648178100586,machine,Y,1.0
2025-08-06T15:08:18,scipy-benchmark,34d684ff-c7ed-40c9-aca0-1cb153c84d3a,scipy_R0913_83d99ed0,1.0011926149018109,7.646825645497301e-08,7.637716790636978e-08,1.7000000000000002,0.0,10.0,2.3646114390834961e-07,0.0,1.3905230359846933e-06,1.6269841798930429e-06,Canada,CAN,,gcp,northamerica-northeast2,Linux-6.8.0-1032-gcp-x86_64-with-glibc2.35,3.12.11,3.0.4,2,Intel(R) Xeon(R) CPU @ 2.60GHz,,,,,15.61648178100586,machine,Y,1.0
2025-08-06T15:08:20,scipy-benchmark,000c6914-f27a-4863-9bc3-9f728e3ae4fe,scipy_R0913_83d99ed0,1.0012211930006742,7.664860061054585e-08,7.655511204355243e-08,1.7272709000000002,0.0,10.0,2.40280140024064e-07,0.0,1.390541149562018e-06,1.630821289586082e-06,Canada,CAN,,gcp,northamerica-northeast2,Linux-6.8.0-1032-gcp-x86_64-with-glibc2.35,3.12.11,3.0.4,2,Intel(R) Xeon(R) CPU @ 2.60GHz,,,,,15.61648178100586,machine,Y,1.0
2025-08-06T15:08:21,scipy-benchmark,e2cb7ad5-73a6-4115-899e-361d67e1d485,scipy_R0913_83d99ed0,5.285199180943891,8.211871694535261e-07,1.5537487639337544e-07,3.1462751758400005,0.0,10.0,4.181658924104457e-06,0.0,1.329040851107695e-05,1.7472067435181406e-05,Canada,CAN,,gcp,northamerica-northeast2,Linux-6.8.0-1032-gcp-x86_64-with-glibc2.35,3.12.11,3.0.4,2,Intel(R) Xeon(R) CPU @ 2.60GHz,,,,,15.61648178100586,machine,Y,1.0
2025-08-06T15:08:24,scipy-benchmark,b0d2fd01-948e-4e67-82a3-36218e047ac4,scipy_R0913_83d99ed0,1.001268174033612,7.647611736422794e-08,7.637925517610697e-08,1.7000000000000002,0.0,10.0,2.364922114195199e-07,0.0,1.3906592218619256e-06,1.6271514332814455e-06,Canada,CAN,,gcp,northamerica-northeast2,Linux-6.8.0-1032-gcp-x86_64-with-glibc2.35,3.12.11,3.0.4,2,Intel(R) Xeon(R) CPU @ 2.60GHz,,,,,15.61648178100586,machine,Y,1.0
2025-08-06T15:08:28,scipy-benchmark,4d1c8b75-66c9-44b1-ab52-965bfc82dee4,scipy_R0913_83d99ed0,1.0013005880173296,7.647548080970432e-08,7.637614690822566e-08,1.7000000000000002,0.0,10.0,2.3648415345491642e-07,0.0,1.3906537361132604e-06,1.6271378895681767e-06,Canada,CAN,,gcp,northamerica-northeast2,Linux-6.8.0-1032-gcp-x86_64-with-glibc2.35,3.12.11,3.0.4,2,Intel(R) Xeon(R) CPU @ 2.60GHz,,,,,15.61648178100586,machine,Y,1.0
2025-08-06T15:08:32,scipy-benchmark,afe8aa30-a35a-4259-b1ce-b978d9af4d95,scipy_R0913_83d99ed0,1.0012084669433534,7.647405177662021e-08,7.638174696034305e-08,1.7000000000000002,0.0,10.0,2.3648322032790426e-07,0.0,1.3906242642810362e-06,1.6271074846089406e-06,Canada,CAN,,gcp,northamerica-northeast2,Linux-6.8.0-1032-gcp-x86_64-with-glibc2.35,3.12.11,3.0.4,2,Intel(R) Xeon(R) CPU @ 2.60GHz,,,,,15.61648178100586,machine,Y,1.0
2025-08-06T15:08:34,scipy-benchmark,fd5f22c0-2528-48fe-bd4e-22b2d45a2cc1,scipy_R0913_83d99ed0,1.0010868350509554,7.681787208842892e-08,7.673447437206473e-08,1.7550872000000004,0.0,10.0,2.4408798499846444e-07,0.0,1.3903348253936404e-06,1.6344228103921048e-06,Canada,CAN,,gcp,northamerica-northeast2,Linux-6.8.0-1032-gcp-x86_64-with-glibc2.35,3.12.11,3.0.4,2,Intel(R) Xeon(R) CPU @ 2.60GHz,,,,,15.61648178100586,machine,Y,1.0
2025-08-06T15:08:35,scipy-benchmark,a426d72c-154f-4bb9-959b-3d8cb6bc7d59,scipy_R0913_83d99ed0,5.285265831975266,8.215875046070753e-07,1.554486625131631e-07,3.15252255248,0.0,10.0,4.190108829017049e-06,0.0,1.3290476375388807e-05,1.7480585204405858e-05,Canada,CAN,,gcp,northamerica-northeast2,Linux-6.8.0-1032-gcp-x86_64-with-glibc2.35,3.12.11,3.0.4,2,Intel(R) Xeon(R) CPU @ 2.60GHz,,,,,15.61648178100586,machine,Y,1.0
2025-08-06T15:08:35,scipy-benchmark,2ff18a8c-dd55-44d4-9f4b-fa56ca7236ee,scipy_R0913_83d99ed0,9.570049264002591,1.6484210101324774e-06,1.7224791269705956e-07,3.9216389,0.0,10.0,9.879902588730567e-06,0.0,2.519288486089661e-05,3.507278744962718e-05,Canada,CAN,,gcp,northamerica-northeast2,Linux-6.8.0-1032-gcp-x86_64-with-glibc2.35,3.12.11,3.0.4,2,Intel(R) Xeon(R) CPU @ 2.60GHz,,,,,15.61648178100586,machine,Y,1.0
2025-08-06T15:08:36,scipy-benchmark,d4f5c3f9-99cb-40e7-9c6a-8d0707e214f9,scipy_R0913_83d99ed0,13.852901597041637,2.477975034813348e-06,1.7887768980778245e-07,4.214981996553846,0.0,10.0,1.5633361169905514e-05,0.0,3.708951191122954e-05,5.272287308113506e-05,Canada,CAN,,gcp,northamerica-northeast2,Linux-6.8.0-1032-gcp-x86_64-with-glibc2.35,3.12.11,3.0.4,2,Intel(R) Xeon(R) CPU @ 2.60GHz,,,,,15.61648178100586,machine,Y,1.0
2025-08-06T15:08:36,scipy-benchmark,0d9da0c6-6762-405f-8f78-453864a5c670,scipy_R0913_83d99ed0,22.4207014341373,4.026499884084955e-06,1.7958848860786708e-07,3.3683316875,0.0,10.0,2.6172513513647548e-05,0.0,5.949769678603236e-05,8.56702102996799e-05,Canada,CAN,,gcp,northamerica-northeast2,Linux-6.8.0-1032-gcp-x86_64-with-glibc2.35,3.12.11,3.0.4,2,Intel(R) Xeon(R) CPU @ 2.60GHz,,,,,15.61648178100586,machine,Y,1.0
2025-08-06T15:08:42,scipy-benchmark,288c52ff-af9d-40e8-8731-29f252164922,scipy_R0913_83d99ed0,1.002045928966254,7.647185374174861e-08,7.631571720533779e-08,1.7000000000000002,0.0,10.0,2.364775210735389e-07,0.0,1.3905831968360062e-06,1.627060717909545e-06,Canada,CAN,,gcp,northamerica-northeast2,Linux-6.8.0-1032-gcp-x86_64-with-glibc2.35,3.12.11,3.0.4,2,Intel(R) Xeon(R) CPU @ 2.60GHz,,,,,15.61648178100586,machine,Y,1.0
2025-08-06T15:08:44,scipy-benchmark,ea1138a2-54d6-4a27-9806-b4a9a19ece60,scipy_R0913_83d99ed0,1.0011914821807295,7.64673872073375e-08,7.637638610426575e-08,1.7000000000000002,0.0,10.0,2.3645514581585306e-07,0.0,1.390510539446647e-06,1.6269656852625e-06,Canada,CAN,,gcp,northamerica-northeast2,Linux-6.8.0-1032-gcp-x86_64-with-glibc2.35,3.12.11,3.0.4,2,Intel(R) Xeon(R) CPU @ 2.60GHz,,,,,15.61648178100586,machine,Y,1.0
2025-08-06T15:08:44,scipy-benchmark,bbb022a1-27f2-41fb-9774-6def2446abbf,scipy_R0913_83d99ed0,5.290149582084268,8.229248715451915e-07,1.555579589530183e-07,3.1606614483200004,0.0,10.0,4.205136417116999e-06,0.0,1.3303903402993456e-05,1.7509039820110457e-05,Canada,CAN,,gcp,northamerica-northeast2,Linux-6.8.0-1032-gcp-x86_64-with-glibc2.35,3.12.11,3.0.4,2,Intel(R) Xeon(R) CPU @ 2.60GHz,,,,,15.61648178100586,machine,Y,1.0
2025-08-06T15:08:48,scipy-benchmark,f8684c51-dd45-46b2-bc11-cb1b0e871cd8,scipy_R0913_83d99ed0,1.0011986570898443,7.64715545173838e-08,7.638000108755789e-08,1.7000000000000002,0.0,10.0,2.364724985479067e-07,0.0,1.3905818528857912e-06,1.6270543514336978e-06,Canada,CAN,,gcp,northamerica-northeast2,Linux-6.8.0-1032-gcp-x86_64-with-glibc2.35,3.12.11,3.0.4,2,Intel(R) Xeon(R) CPU @ 2.60GHz,,,,,15.61648178100586,machine,Y,1.0
2025-08-06T15:08:52,scipy-benchmark,c7f4803e-d03b-4b36-a4a2-50539a268bac,scipy_R0913_83d99ed0,1.00135610694997,7.684610258054652e-08,7.674203217735596e-08,1.7550872000000004,0.0,10.0,2.4418312286820284e-07,0.0,1.3908403362923611e-06,1.635023459160564e-06,Canada,CAN,,gcp,northamerica-northeast2,Linux-6.8.0-1032-gcp-x86_64-with-glibc2.35,3.12.11,3.0.4,2,Intel(R) Xeon(R) CPU @ 2.60GHz,,,,,15.61648178100586,machine,Y,1.0
2025-08-06T15:08:56,scipy-benchmark,093e1076-09cc-48a5-b38e-5d9d21aab1b1,scipy_R0913_83d99ed0,1.001276786904782,7.665330693295957e-08,7.655556179417254e-08,1.7272709000000002,0.0,10.0,2.4028206593125984e-07,0.0,1.3906393581742628e-06,1.6309214241055226e-06,Canada,CAN,,gcp,northamerica-northeast2,Linux-6.8.0-1032-gcp-x86_64-with-glibc2.35,3.12.11,3.0.4,2,Intel(R) Xeon(R) CPU @ 2.60GHz,,,,,15.61648178100586,machine,Y,1.0
2025-08-06T15:08:58,scipy-benchmark,e1093141-eb74-4348-a041-aa4613188ce0,scipy_R0913_83d99ed0,1.001205321168527,7.645947893356465e-08,7.636743165160893e-08,1.7000000000000002,0.0,10.0,2.3643077918354217e-07,0.0,1.3903666449348546e-06,1.6267974241183968e-06,Canada,CAN,,gcp,northamerica-northeast2,Linux-6.8.0-1032-gcp-x86_64-with-glibc2.35,3.12.11,3.0.4,2,Intel(R) Xeon(R) CPU @ 2.60GHz,,,,,15.61648178100586,machine,Y,1.0
2025-08-06T15:08:58,scipy-benchmark,c4ee7325-d420-4704-afdb-812a272ea24d,scipy_R0913_83d99ed0,5.285140372114256,8.210572830544833e-07,1.553520295102454e-07,3.1445671400000004,0.0,10.0,4.179270052830802e-06,0.0,1.329003384194544e-05,1.746930389477624e-05,Canada,CAN,,gcp,northamerica-northeast2,Linux-6.8.0-1032-gcp-x86_64-with-glibc2.35,3.12.11,3.0.4,2,Intel(R) Xeon(R) CPU @ 2.60GHz,,,,,15.61648178100586,machine,Y,1.0
2025-08-06T15:08:59,scipy-benchmark,eefd123e-39f1-4cd9-a3a0-b6b988848f5f,scipy_R0913_83d99ed0,9.570254954043776,1.6476787136017168e-06,1.7216664775534676e-07,3.9151524656,0.0,10.0,9.86371307562125e-06,0.0,2.5193280830798257e-05,3.5056993906419505e-05,Canada,CAN,,gcp,northamerica-northeast2,Linux-6.8.0-1032-gcp-x86_64-with-glibc2.35,3.12.11,3.0.4,2,Intel(R) Xeon(R) CPU @ 2.60GHz,,,,,15.61648178100586,machine,Y,1.0
2025-08-06T15:08:59,scipy-benchmark,1656f998-abc4-4577-b28c-baecda1f18be,scipy_R0913_83d99ed0,13.854265053989366,2.478071918083973e-06,1.788670787246421e-07,4.214078073661539,0.0,10.0,1.563160142180148e-05,0.0,3.70933330055171e-05,5.272493442731858e-05,Canada,CAN,,gcp,northamerica-northeast2,Linux-6.8.0-1032-gcp-x86_64-with-glibc2.35,3.12.11,3.0.4,2,Intel(R) Xeon(R) CPU @ 2.60GHz,,,,,15.61648178100586,machine,Y,1.0
2025-08-06T15:09:00,scipy-benchmark,dc908da1-1a4a-42ef-b493-660396d4898f,scipy_R0913_83d99ed0,22.4312725791242,4.027277931394431e-06,1.7953854009791857e-07,3.373289675,0.0,10.0,2.615955010111237e-05,0.0,5.952721439664149e-05,8.568676449775386e-05,Canada,CAN,,gcp,northamerica-northeast2,Linux-6.8.0-1032-gcp-x86_64-with-glibc2.35,3.12.11,3.0.4,2,Intel(R) Xeon(R) CPU @ 2.60GHz,,,,,15.61648178100586,machine,Y,1.0
2025-08-06T15:09:05,scipy-benchmark,840431f8-da20-454a-97a2-656c31b3ad7b,scipy_R0913_83d99ed0,1.0011856041382998,7.683073940968833e-08,7.673975643688465e-08,1.7550872000000004,0.0,10.0,2.441307910862169e-07,0.0,1.3905657920986413e-06,1.6346965831848582e-06,Canada,CAN,,gcp,northamerica-northeast2,Linux-6.8.0-1032-gcp-x86_64-with-glibc2.35,3.12.11,3.0.4,2,Intel(R) Xeon(R) CPU @ 2.60GHz,,,,,15.61648178100586,machine,Y,1.0
2025-08-06T15:09:07,scipy-benchmark,51108d77-8e08-4bb3-bdc1-5143240fcc58,scipy_R0913_83d99ed0,1.0011898239608854,7.66444735935151e-08,7.655338853754618e-08,1.7272709000000002,0.0,10.0,2.402468891916438e-07,0.0,1.3904865915214437e-06,1.6307334807130874e-06,Canada,CAN,,gcp,northamerica-northeast2,Linux-6.8.0-1032-gcp-x86_64-with-glibc2.35,3.12.11,3.0.4,2,Intel(R) Xeon(R) CPU @ 2.60GHz,,,,,15.61648178100586,machine,Y,1.0
2025-08-06T15:09:08,scipy-benchmark,2af71114-4fb3-4fce-b0bd-d61066a2aa19,scipy_R0913_83d99ed0,5.282387416809797,8.217917519920736e-07,1.555720334667123e-07,3.1636139912,0.0,10.0,4.202251310062583e-06,0.0,1.3282679583385794e-05,1.7484930893448375e-05,Canada,CAN,,gcp,northamerica-northeast2,Linux-6.8.0-1032-gcp-x86_64-with-glibc2.35,3.12.11,3.0.4,2,Intel(R) Xeon(R) CPU @ 2.60GHz,,,,,15.61648178100586,machine,Y,1.0
2025-08-06T15:09:12,scipy-benchmark,9f96329b-97a4-47f8-9fd5-ad3a68e0ec25,scipy_R0913_83d99ed0,1.001351550919935,7.64766065567318e-08,7.637338403927495e-08,1.7000000000000002,0.0,10.0,2.365022640571826e-07,0.0,1.3906595775754088e-06,1.6271618416325915e-06,Canada,CAN,,gcp,northamerica-northeast2,Linux-6.8.0-1032-gcp-x86_64-with-glibc2.35,3.12.11,3.0.4,2,Intel(R) Xeon(R) CPU @ 2.60GHz,,,,,15.61648178100586,machine,Y,1.0
2025-08-06T15:09:15,scipy-benchmark,b1e9eff1-41f1-4445-8be6-49a7ebb5f79a,scipy_R0913_83d99ed0,1.0012528239749372,7.665378518702459e-08,7.655787164995138e-08,1.7272709000000002,0.0,10.0,2.402801136601372e-07,0.0,1.39065148606379e-06,1.6309315997239274e-06,Canada,CAN,,gcp,northamerica-northeast2,Linux-6.8.0-1032-gcp-x86_64-with-glibc2.35,3.12.11,3.0.4,2,Intel(R) Xeon(R) CPU @ 2.60GHz,,,,,15.61648178100586,machine,Y,1.0
2025-08-06T15:09:19,scipy-benchmark,e2c7a52b-407a-41ec-aac2-fae92d44faa8,scipy_R0913_83d99ed0,1.0012537981383502,7.64790446776509e-08,7.638327546906667e-08,1.7000000000000002,0.0,10.0,2.364916996124925e-07,0.0,1.3907220169332708e-06,1.6272137165457633e-06,Canada,CAN,,gcp,northamerica-northeast2,Linux-6.8.0-1032-gcp-x86_64-with-glibc2.35,3.12.11,3.0.4,2,Intel(R) Xeon(R) CPU @ 2.60GHz,,,,,15.61648178100586,machine,Y,1.0
2025-08-06T15:09:21,scipy-benchmark,2cd9c22a-682c-4761-996c-92011b53e74d,scipy_R0913_83d99ed0,1.0012557660229504,7.646860903669019e-08,7.637270279144381e-08,1.7000000000000002,0.0,10.0,2.365048404640725e-07,0.0,1.3904868411676336e-06,1.6269916816317062e-06,Canada,CAN,,gcp,northamerica-northeast2,Linux-6.8.0-1032-gcp-x86_64-with-glibc2.35,3.12.11,3.0.4,2,Intel(R) Xeon(R) CPU @ 2.60GHz,,,,,15.61648178100586,machine,Y,1.0
2025-08-06T15:09:22,scipy-benchmark,4c734fe2-4b1c-4237-97fe-b7e0dc493507,scipy_R0913_83d99ed0,5.290835025953129,8.239432356545273e-07,1.557302829539835e-07,3.174800239520001,0.0,10.0,4.224563902626268e-06,0.0,1.330614323895942e-05,1.7530707141585688e-05,Canada,CAN,,gcp,northamerica-northeast2,Linux-6.8.0-1032-gcp-x86_64-with-glibc2.35,3.12.11,3.0.4,2,Intel(R) Xeon(R) CPU @ 2.60GHz,,,,,15.61648178100586,machine,Y,1.0
2025-08-06T15:09:22,scipy-benchmark,12a882c0-8334-4288-8154-8e8fc2f6182f,scipy_R0913_83d99ed0,9.577778975944966,1.6522395446568267e-06,1.7250758749042994e-07,3.9421480512,0.0,10.0,9.93994993172327e-06,0.0,2.52140829333156e-05,3.5154032865038865e-05,Canada,CAN,,gcp,northamerica-northeast2,Linux-6.8.0-1032-gcp-x86_64-with-glibc2.35,3.12.11,3.0.4,2,Intel(R) Xeon(R) CPU @ 2.60GHz,,,,,15.61648178100586,machine,Y,1.0
2025-08-06T15:09:23,scipy-benchmark,ee939e63-d272-488a-a880-39ee65c1e961,scipy_R0913_83d99ed0,13.862232808023691,2.478380972221876e-06,1.787865639355983e-07,4.207299898953846,0.0,10.0,1.5615843258322973e-05,0.0,3.711566678895098e-05,5.273151004727396e-05,Canada,CAN,,gcp,northamerica-northeast2,Linux-6.8.0-1032-gcp-x86_64-with-glibc2.35,3.12.11,3.0.4,2,Intel(R) Xeon(R) CPU @ 2.60GHz,,,,,15.61648178100586,machine,Y,1.0
2025-08-06T15:09:23,scipy-benchmark,a66d7cd8-c9c6-4735-82b4-1f9ccc646153,scipy_R0913_83d99ed0,22.430735429981723,4.029971628951292e-06,1.796629290881247e-07,3.3728123159,0.0,10.0,2.621796849547724e-05,0.0,5.952610871625237e-05,8.574407721172962e-05,Canada,CAN,,gcp,northamerica-northeast2,Linux-6.8.0-1032-gcp-x86_64-with-glibc2.35,3.12.11,3.0.4,2,Intel(R) Xeon(R) CPU @ 2.60GHz,,,,,15.61648178100586,machine,Y,1.0
2025-08-06T15:09:29,scipy-benchmark,c1b6bd33-f4c9-458f-9a85-f2cde097c383,scipy_R0913_83d99ed0,1.0012183061335236,7.664960110758001e-08,7.655633205867286e-08,1.7272709000000002,0.0,10.0,2.402632487902105e-07,0.0,1.390579327966811e-06,1.6308425767570217e-06,Canada,CAN,,gcp,northamerica-northeast2,Linux-6.8.0-1032-gcp-x86_64-with-glibc2.35,3.12.11,3.0.4,2,Intel(R) Xeon(R) CPU @ 2.60GHz,,,,,15.61648178100586,machine,Y,1.0
2025-08-06T15:09:31,scipy-benchmark,462b18ee-6b42-464e-b407-e6766efeb54b,scipy_R0913_83d99ed0,1.0012632068246603,7.647085683686117e-08,7.637438019856512e-08,1.7000000000000002,0.0,10.0,2.364694465068169e-07,0.0,1.3905700606604416e-06,1.6270395071672586e-06,Canada,CAN,,gcp,northamerica-northeast2,Linux-6.8.0-1032-gcp-x86_64-with-glibc2.35,3.12.11,3.0.4,2,Intel(R) Xeon(R) CPU @ 2.60GHz,,,,,15.61648178100586,machine,Y,1.0
2025-08-06T15:09:31,scipy-benchmark,aa9e0a9c-5cf8-44eb-b0dc-7a7fef4dbf70,scipy_R0913_83d99ed0,5.288584615802392,8.219022278280009e-07,1.5541062260252796e-07,3.1483922897600007,0.0,10.0,4.1874505352708e-06,0.0,1.3299830907878156e-05,1.7487281443148955e-05,Canada,CAN,,gcp,northamerica-northeast2,Linux-6.8.0-1032-gcp-x86_64-with-glibc2.35,3.12.11,3.0.4,2,Intel(R) Xeon(R) CPU @ 2.60GHz,,,,,15.61648178100586,machine,Y,1.0
2025-08-06T15:09:35,scipy-benchmark,329bdf1c-a406-4f2a-baf3-e3e5b71223ee,scipy_R0913_83d99ed0,1.0012328538578004,7.665295818181354e-08,7.655857265017407e-08,1.7272709000000002,0.0,10.0,2.402718678951811e-07,0.0,1.390642135973192e-06,1.6309140038683729e-06,Canada,CAN,,gcp,northamerica-northeast2,Linux-6.8.0-1032-gcp-x86_64-with-glibc2.35,3.12.11,3.0.4,2,Intel(R) Xeon(R) CPU @ 2.60GHz,,,,,15.61648178100586,machine,Y,1.0
2025-08-06T15:09:39,scipy-benchmark,1ad90d0c-64f8-4c72-a4e5-070ebf723fff,scipy_R0913_83d99ed0,1.001253152964637,7.665645485850769e-08,7.656051282488708e-08,1.7272709000000002,0.0,10.0,2.4029279571433694e-07,0.0,1.390695605530507e-06,1.630988401244844e-06,Canada,CAN,,gcp,northamerica-northeast2,Linux-6.8.0-1032-gcp-x86_64-with-glibc2.35,3.12.11,3.0.4,2,Intel(R) Xeon(R) CPU @ 2.60GHz,,,,,15.61648178100586,machine,Y,1.0
2025-08-06T15:09:43,scipy-benchmark,7e68fe8e-221f-4c33-b442-fc137a4c0beb,scipy_R0913_83d99ed0,1.0012107398360968,7.664801757286828e-08,7.655532898639894e-08,1.7272709000000002,0.0,10.0,2.402736598602233e-07,0.0,1.3905352246688883e-06,1.6308088845291118e-06,Canada,CAN,,gcp,northamerica-northeast2,Linux-6.8.0-1032-gcp-x86_64-with-glibc2.35,3.12.11,3.0.4,2,Intel(R) Xeon(R) CPU @ 2.60GHz,,,,,15.61648178100586,machine,Y,1.0
2025-08-06T15:09:45,scipy-benchmark,5c133bd1-a4af-4703-8ca9-731edbe7c1d2,scipy_R0913_83d99ed0,1.001081442926079,7.664174176546454e-08,7.655894763311865e-08,1.7272709000000002,0.0,10.0,2.402361953796872e-07,0.0,1.3904391613323242e-06,1.6306753567120111e-06,Canada,CAN,,gcp,northamerica-northeast2,Linux-6.8.0-1032-gcp-x86_64-with-glibc2.35,3.12.11,3.0.4,2,Intel(R) Xeon(R) CPU @ 2.60GHz,,,,,15.61648178100586,machine,Y,1.0
2025-08-06T15:09:45,scipy-benchmark,8efad2f3-2546-45ff-ac9d-8b2994349dfa,scipy_R0913_83d99ed0,5.286030873889104,8.216982047718681e-07,1.554471066052095e-07,3.15217215584,0.0,10.0,4.190239574521183e-06,0.0,1.3292700952539844e-05,1.7482940527061025e-05,Canada,CAN,,gcp,northamerica-northeast2,Linux-6.8.0-1032-gcp-x86_64-with-glibc2.35,3.12.11,3.0.4,2,Intel(R) Xeon(R) CPU @ 2.60GHz,,,,,15.61648178100586,machine,Y,1.0
2025-08-06T15:09:46,scipy-benchmark,c08647c2-adfb-40c0-b33c-c1569172b8d4,scipy_R0913_83d99ed0,9.573169782059267,1.6485716927766898e-06,1.7220750600978777e-07,3.9181768,0.0,10.0,9.874538121966357e-06,0.0,2.5201455341367467e-05,3.507599346333383e-05,Canada,CAN,,gcp,northamerica-northeast2,Linux-6.8.0-1032-gcp-x86_64-with-glibc2.35,3.12.11,3.0.4,2,Intel(R) Xeon(R) CPU @ 2.60GHz,,,,,15.61648178100586,machine,Y,1.0
2025-08-06T15:09:46,scipy-benchmark,cc485c5e-c73b-4bd6-8e94-37b7e224373b,scipy_R0913_83d99ed0,13.861580352997407,2.481672328028751e-06,1.790324237807501e-07,4.226908388369231,0.0,10.0,1.5687812383277867e-05,0.0,3.711372651095088e-05,5.2801538894228745e-05,Canada,CAN,,gcp,northamerica-northeast2,Linux-6.8.0-1032-gcp-x86_64-with-glibc2.35,3.12.11,3.0.4,2,Intel(R) Xeon(R) CPU @ 2.60GHz,,,,,15.61648178100586,machine,Y,1.0
2025-08-06T15:09:47,scipy-benchmark,22c78662-3ac7-4031-b854-fc88af02a9ac,scipy_R0913_83d99ed0,22.432731637032703,4.029108791146956e-06,1.7960847819779417e-07,3.3992532044000003,0.0,10.0,2.61943819022208e-05,0.0,5.953133705835273e-05,8.572571896057353e-05,Canada,CAN,,gcp,northamerica-northeast2,Linux-6.8.0-1032-gcp-x86_64-with-glibc2.35,3.12.11,3.0.4,2,Intel(R) Xeon(R) CPU @ 2.60GHz,,,,,15.61648178100586,machine,Y,1.0
2025-08-06T15:09:52,scipy-benchmark,a78a8605-3fd3-43c7-97bc-a1462fe358c0,scipy_R0913_83d99ed0,1.0012089149095118,7.647423330493944e-08,7.638189409435203e-08,1.7000000000000002,0.0,10.0,2.3648208841526265e-07,0.0,1.3906292584983426e-06,1.6271113469136052e-06,Canada,CAN,,gcp,northamerica-northeast2,Linux-6.8.0-1032-gcp-x86_64-with-glibc2.35,3.12.11,3.0.4,2,Intel(R) Xeon(R) CPU @ 2.60GHz,,,,,15.61648178100586,machine,Y,1.0
2025-08-06T15:09:54,scipy-benchmark,0dbc9ef2-018c-4fca-ba88-845eb3ce0093,scipy_R0913_83d99ed0,1.0012339840177449,7.66533473451248e-08,7.655887491706065e-08,1.7272709000000002,0.0,10.0,2.4027620666023776e-07,0.0,1.3906460772785877e-06,1.6309222839388252e-06,Canada,CAN,,gcp,northamerica-northeast2,Linux-6.8.0-1032-gcp-x86_64-with-glibc2.35,3.12.11,3.0.4,2,Intel(R) Xeon(R) CPU @ 2.60GHz,,,,,15.61648178100586,machine,Y,1.0
2025-08-06T15:09:55,scipy-benchmark,81efa9da-0b6c-4254-a247-2312eb939c46,scipy_R0913_83d99ed0,5.283703963039443,8.204912607907078e-07,1.552871369270888e-07,3.1391129600000003,0.0,10.0,4.170875995648938e-06,0.0,1.3286384872238462e-05,1.74572608678874e-05,Canada,CAN,,gcp,northamerica-northeast2,Linux-6.8.0-1032-gcp-x86_64-with-glibc2.35,3.12.11,3.0.4,2,Intel(R) Xeon(R) CPU @ 2.60GHz,,,,,15.61648178100586,machine,Y,1.0
2025-08-06T15:09:59,scipy-benchmark,299701af-5d31-495f-960b-d15dce64dd79,scipy_R0913_83d99ed0,1.0013202200643718,7.647767566531872e-08,7.637684142681368e-08,1.7000000000000002,0.0,10.0,2.364898167563499e-07,0.0,1.3906947718674524e-06,1.6271845886238023e-06,Canada,CAN,,gcp,northamerica-northeast2,Linux-6.8.0-1032-gcp-x86_64-with-glibc2.35,3.12.11,3.0.4,2,Intel(R) Xeon(R) CPU @ 2.60GHz,,,,,15.61648178100586,machine,Y,1.0
2025-08-06T15:10:03,scipy-benchmark,a9b3b09e-fb3a-4c29-94f5-e9902d406ae4,scipy_R0913_83d99ed0,1.001381820999086,7.648821941622171e-08,7.638267223576004e-08,1.7000000000000002,0.0,10.0,2.365306347686177e-07,0.0,1.3908782889807804e-06,1.6274089237493982e-06,Canada,CAN,,gcp,northamerica-northeast2,Linux-6.8.0-1032-gcp-x86_64-with-glibc2.35,3.12.11,3.0.4,2,Intel(R) Xeon(R) CPU @ 2.60GHz,,,,,15.61648178100586,machine,Y,1.0
2025-08-06T15:10:06,scipy-benchmark,993eccf2-61dc-4876-9ae3-692d7e723a6a,scipy_R0913_83d99ed0,1.001341074006632,7.647906794863391e-08,7.637664122037942e-08,1.7000000000000002,0.0,10.0,2.365196338311459e-07,0.0,1.390694577841916e-06,1.627214211673062e-06,Canada,CAN,,gcp,northamerica-northeast2,Linux-6.8.0-1032-gcp-x86_64-with-glibc2.35,3.12.11,3.0.4,2,Intel(R) Xeon(R) CPU @ 2.60GHz,,,,,15.61648178100586,machine,Y,1.0
2025-08-06T15:10:08,scipy-benchmark,dbff85db-aad5-435a-874b-4db2029f67f9,scipy_R0913_83d99ed0,1.0013289479538798,7.665282074343805e-08,7.655108833123297e-08,1.7272709000000002,0.0,10.0,2.403081458872992e-07,0.0,1.3906029337603184e-06,1.6309110796476177e-06,Canada,CAN,,gcp,northamerica-northeast2,Linux-6.8.0-1032-gcp-x86_64-with-glibc2.35,3.12.11,3.0.4,2,Intel(R) Xeon(R) CPU @ 2.60GHz,,,,,15.61648178100586,machine,Y,1.0
2025-08-06T15:10:09,scipy-benchmark,788971e2-6a8c-4b36-b018-943660b28572,scipy_R0913_83d99ed0,5.286375196883455,8.203340212979229e-07,1.5517892520787118e-07,3.1294838859200005,0.0,10.0,4.160350180555631e-06,0.0,1.3293565166208686e-05,1.7453915346764318e-05,Canada,CAN,,gcp,northamerica-northeast2,Linux-6.8.0-1032-gcp-x86_64-with-glibc2.35,3.12.11,3.0.4,2,Intel(R) Xeon(R) CPU @ 2.60GHz,,,,,15.61648178100586,machine,Y,1.0
2025-08-06T15:10:10,scipy-benchmark,e2b0683a-0ed1-4b46-a8bd-1331576d89c3,scipy_R0913_83d99ed0,9.579417056869715,1.6515903744614883e-06,1.724103214899782e-07,3.934063768,0.0,10.0,9.92140824184058e-06,0.0,2.5218812491382576e-05,3.5140220733223155e-05,Canada,CAN,,gcp,northamerica-northeast2,Linux-6.8.0-1032-gcp-x86_64-with-glibc2.35,3.12.11,3.0.4,2,Intel(R) Xeon(R) CPU @ 2.60GHz,,,,,15.61648178100586,machine,Y,1.0
2025-08-06T15:10:10,scipy-benchmark,c752e27f-0dac-49c5-9c03-1f21f2792ae7,scipy_R0913_83d99ed0,13.864633468911052,2.479115749563805e-06,1.7880860356840849e-07,4.209015887692309,0.0,10.0,1.562496516915527e-05,0.0,3.712217843858525e-05,5.274714360774052e-05,Canada,CAN,,gcp,northamerica-northeast2,Linux-6.8.0-1032-gcp-x86_64-with-glibc2.35,3.12.11,3.0.4,2,Intel(R) Xeon(R) CPU @ 2.60GHz,,,,,15.61648178100586,machine,Y,1.0
2025-08-06T15:10:11,scipy-benchmark,66df01e9-09ab-4030-909b-0cafa5531267,scipy_R0913_83d99ed0,22.43510306905955,4.028556988490826e-06,1.79564897744849e-07,3.3751125062000003,0.0,10.0,2.61763351420442e-05,0.0,5.9537643336484e-05,8.571397847852821e-05,Canada,CAN,,gcp,northamerica-northeast2,Linux-6.8.0-1032-gcp-x86_64-with-glibc2.35,3.12.11,3.0.4,2,Intel(R) Xeon(R) CPU @ 2.60GHz,,,,,15.61648178100586,machine,Y,1.0
2025-08-06T15:10:16,scipy-benchmark,a6cfd5ad-16b2-4417-910b-f99dfd4bf074,scipy_R0913_83d99ed0,1.0014252099208534,7.647892018384947e-08,7.637007679274811e-08,1.7000000000000002,0.0,10.0,2.364966456144531e-07,0.0,1.390714422127025e-06,1.627211067741478e-06,Canada,CAN,,gcp,northamerica-northeast2,Linux-6.8.0-1032-gcp-x86_64-with-glibc2.35,3.12.11,3.0.4,2,Intel(R) Xeon(R) CPU @ 2.60GHz,,,,,15.61648178100586,machine,Y,1.0
2025-08-06T15:10:18,scipy-benchmark,6e121280-cd7f-4089-9819-387e63db57b7,scipy_R0913_83d99ed0,1.001311704982072,7.683494114636165e-08,7.673428839797426e-08,1.7550872000000004,0.0,10.0,2.441431790631968e-07,0.0,1.3906428027742854e-06,1.634785981837482e-06,Canada,CAN,,gcp,northamerica-northeast2,Linux-6.8.0-1032-gcp-x86_64-with-glibc2.35,3.12.11,3.0.4,2,Intel(R) Xeon(R) CPU @ 2.60GHz,,,,,15.61648178100586,machine,Y,1.0
2025-08-06T15:10:19,scipy-benchmark,35dadcbe-b7a1-491a-98e2-1b1c9636e8aa,scipy_R0913_83d99ed0,5.288373243995011,8.217055044990236e-07,1.5537963501953584e-07,3.145798338560001,0.0,10.0,4.183819076572769e-06,0.0,1.3299276763831988e-05,1.7483095840404757e-05,Canada,CAN,,gcp,northamerica-northeast2,Linux-6.8.0-1032-gcp-x86_64-with-glibc2.35,3.12.11,3.0.4,2,Intel(R) Xeon(R) CPU @ 2.60GHz,,,,,15.61648178100586,machine,Y,1.0
2025-08-06T15:10:22,scipy-benchmark,68f27237-6201-4c3c-89bb-3b17c5ee62c6,scipy_R0913_83d99ed0,1.002080347156152,7.943581177996927e-08,7.92709007869515e-08,2.1333896,0.0,10.0,2.972411325680351e-07,0.0,1.392882522324928e-06,1.690123654892963e-06,Canada,CAN,,gcp,northamerica-northeast2,Linux-6.8.0-1032-gcp-x86_64-with-glibc2.35,3.12.11,3.0.4,2,Intel(R) Xeon(R) CPU @ 2.60GHz,,,,,15.61648178100586,machine,Y,1.0
2025-08-06T15:10:26,scipy-benchmark,632451aa-b90c-4c2b-92aa-1a057fdfaa52,scipy_R0913_83d99ed0,1.0013426318764689,7.648563978963324e-08,7.638308542431952e-08,1.7000000000000002,0.0,10.0,2.365161465067003e-07,0.0,1.390837891570603e-06,1.6273540380773032e-06,Canada,CAN,,gcp,northamerica-northeast2,Linux-6.8.0-1032-gcp-x86_64-with-glibc2.35,3.12.11,3.0.4,2,Intel(R) Xeon(R) CPU @ 2.60GHz,,,,,15.61648178100586,machine,Y,1.0
2025-08-06T15:10:30,scipy-benchmark,89996fad-5b04-44af-86a9-5cb1573f956f,scipy_R0913_83d99ed0,1.0013490749988705,7.665808800106068e-08,7.655480982108778e-08,1.7272709000000002,0.0,10.0,2.403223991645099e-07,0.0,1.3907007497942282e-06,1.631023148958738e-06,Canada,CAN,,gcp,northamerica-northeast2,Linux-6.8.0-1032-gcp-x86_64-with-glibc2.35,3.12.11,3.0.4,2,Intel(R) Xeon(R) CPU @ 2.60GHz,,,,,15.61648178100586,machine,Y,1.0
2025-08-06T15:10:32,scipy-benchmark,1df90fa9-6deb-43c4-9b93-1cc9fdcc0770,scipy_R0913_83d99ed0,1.0012505210470408,7.64738552496484e-08,7.637834252478305e-08,1.7000000000000002,0.0,10.0,2.364793027777018e-07,0.0,1.3906240004063066e-06,1.6271033031840085e-06,Canada,CAN,,gcp,northamerica-northeast2,Linux-6.8.0-1032-gcp-x86_64-with-glibc2.35,3.12.11,3.0.4,2,Intel(R) Xeon(R) CPU @ 2.60GHz,,,,,15.61648178100586,machine,Y,1.0
2025-08-06T15:10:33,scipy-benchmark,7d1161c2-0b31-4ffa-8cae-bda9915a9220,scipy_R0913_83d99ed0,5.417013458209112,8.631099138196361e-07,1.59333167709165e-07,3.4469445708800004,0.0,10.0,4.707483038372528e-06,0.0,1.3656557681194196e-05,1.8364040719566725e-05,Canada,CAN,,gcp,northamerica-northeast2,Linux-6.8.0-1032-gcp-x86_64-with-glibc2.35,3.12.11,3.0.4,2,Intel(R) Xeon(R) CPU @ 2.60GHz,,,,,15.61648178100586,machine,Y,1.0
2025-08-06T15:10:33,scipy-benchmark,80ab8c5a-39e1-4a06-a933-cd6943c93b31,scipy_R0913_83d99ed0,9.735997656127438,1.7450208216339648e-06,1.7923389911004348e-07,4.4726471512,0.0,10.0,1.1474247362807775e-05,0.0,2.565385522514892e-05,3.71281025879567e-05,Canada,CAN,,gcp,northamerica-northeast2,Linux-6.8.0-1032-gcp-x86_64-with-glibc2.35,3.12.11,3.0.4,2,Intel(R) Xeon(R) CPU @ 2.60GHz,,,,,15.61648178100586,machine,Y,1.0
2025-08-06T15:10:34,scipy-benchmark,cf73a211-d610-4268-aca7-939e24598b16,scipy_R0913_83d99ed0,14.04579493496567,2.6135265434865e-06,1.860718140616146e-07,4.7790956342857145,0.0,10.0,1.7981679850665225e-05,0.0,3.76252678830901e-05,5.560694773375532e-05,Canada,CAN,,gcp,northamerica-northeast2,Linux-6.8.0-1032-gcp-x86_64-with-glibc2.35,3.12.11,3.0.4,2,Intel(R) Xeon(R) CPU @ 2.60GHz,,,,,15.61648178100586,machine,Y,1.0
2025-08-06T15:10:34,scipy-benchmark,16da0ece-8f81-45e4-96f2-a931b1be1ff4,scipy_R0913_83d99ed0,22.615815822035074,4.258527135901912e-06,1.882986300123977e-07,4.1042285000000005,0.0,10.0,3.056687944434684e-05,0.0,6.004008089399172e-05,9.060696033833856e-05,Canada,CAN,,gcp,northamerica-northeast2,Linux-6.8.0-1032-gcp-x86_64-with-glibc2.35,3.12.11,3.0.4,2,Intel(R) Xeon(R) CPU @ 2.60GHz,,,,,15.61648178100586,machine,Y,1.0
2025-08-06T15:10:40,scipy-benchmark,1200a9aa-67e5-4ff2-a8f5-1c602bca3da9,scipy_R0913_83d99ed0,1.0013343777973205,7.666086308718156e-08,7.655870485123644e-08,1.7272709000000002,0.0,10.0,2.403017462674891e-07,0.0,1.3907804470767992e-06,1.6310821933442882e-06,Canada,CAN,,gcp,northamerica-northeast2,Linux-6.8.0-1032-gcp-x86_64-with-glibc2.35,3.12.11,3.0.4,2,Intel(R) Xeon(R) CPU @ 2.60GHz,,,,,15.61648178100586,machine,Y,1.0
2025-08-06T15:10:42,scipy-benchmark,9b401b74-b9c8-4e05-a40e-3da181661c7e,scipy_R0913_83d99ed0,1.0013162069953978,7.647010875330306e-08,7.63695905639671e-08,1.7000000000000002,0.0,10.0,2.364686767622415e-07,0.0,1.3905549137335683e-06,1.62702359049581e-06,Canada,CAN,,gcp,northamerica-northeast2,Linux-6.8.0-1032-gcp-x86_64-with-glibc2.35,3.12.11,3.0.4,2,Intel(R) Xeon(R) CPU @ 2.60GHz,,,,,15.61648178100586,machine,Y,1.0
2025-08-06T15:10:42,scipy-benchmark,65420604-dddc-45fc-b0cf-401b3c901af8,scipy_R0913_83d99ed0,5.28964140987955,8.215033450491285e-07,1.553041655176839e-07,3.1391129600000003,0.0,10.0,4.176024172998062e-06,0.0,1.3302770402515309e-05,1.747879457551337e-05,Canada,CAN,,gcp,northamerica-northeast2,Linux-6.8.0-1032-gcp-x86_64-with-glibc2.35,3.12.11,3.0.4,2,Intel(R) Xeon(R) CPU @ 2.60GHz,,,,,15.61648178100586,machine,Y,1.0
2025-08-06T15:10:46,scipy-benchmark,19f531a4-de3a-4d9f-af98-3fc24a137c38,scipy_R0913_83d99ed0,1.001228926004842,7.647216077458063e-08,7.637829749857905e-08,1.7000000000000002,0.0,10.0,2.3647285323952226e-07,0.0,1.3905943972834695e-06,1.627067250522992e-06,Canada,CAN,,gcp,northamerica-northeast2,Linux-6.8.0-1032-gcp-x86_64-with-glibc2.35,3.12.11,3.0.4,2,Intel(R) Xeon(R) CPU @ 2.60GHz,,,,,15.61648178100586,machine,Y,1.0
2025-08-06T15:10:50,scipy-benchmark,49d07afa-8fb1-4977-a1a4-43ba6a90f163,scipy_R0913_83d99ed0,1.0012522339820862,7.683422115200069e-08,7.673812706157255e-08,1.7550872000000004,0.0,10.0,2.441563041778732e-07,0.0,1.3906143586306523e-06,1.6347706628085254e-06,Canada,CAN,,gcp,northamerica-northeast2,Linux-6.8.0-1032-gcp-x86_64-with-glibc2.35,3.12.11,3.0.4,2,Intel(R) Xeon(R) CPU @ 2.60GHz,,,,,15.61648178100586,machine,Y,1.0
2025-08-06T15:10:54,scipy-benchmark,0fdc274d-fc48-45b1-809e-549c59ee6f11,scipy_R0913_83d99ed0,1.0012333281338217,7.647659849870252e-08,7.638239394332357e-08,1.7000000000000002,0.0,10.0,2.3648831420966122e-07,0.0,1.3906733559754987e-06,1.62716167018516e-06,Canada,CAN,,gcp,northamerica-northeast2,Linux-6.8.0-1032-gcp-x86_64-with-glibc2.35,3.12.11,3.0.4,2,Intel(R) Xeon(R) CPU @ 2.60GHz,,,,,15.61648178100586,machine,Y,1.0
2025-08-06T15:10:56,scipy-benchmark,806a1033-00f3-4515-9746-04c6a4551ce6,scipy_R0913_83d99ed0,1.0010392668191344,7.645432602491928e-08,7.637495207141847e-08,1.7000000000000002,0.0,10.0,2.3641493218666362e-07,0.0,1.3902728555775765e-06,1.62668778776424e-06,Canada,CAN,,gcp,northamerica-northeast2,Linux-6.8.0-1032-gcp-x86_64-with-glibc2.35,3.12.11,3.0.4,2,Intel(R) Xeon(R) CPU @ 2.60GHz,,,,,15.61648178100586,machine,Y,1.0
2025-08-06T15:10:56,scipy-benchmark,c08be7a9-63d6-4cf2-b736-b657769ba492,scipy_R0913_83d99ed0,5.290952633833513,8.23193559590589e-07,1.5558513117781426e-07,3.1624860478400008,0.0,10.0,4.208300115188714e-06,0.0,1.3306456471845094e-05,1.751475658703381e-05,Canada,CAN,,gcp,northamerica-northeast2,Linux-6.8.0-1032-gcp-x86_64-with-glibc2.35,3.12.11,3.0.4,2,Intel(R) Xeon(R) CPU @ 2.60GHz,,,,,15.61648178100586,machine,Y,1.0
2025-08-06T15:10:57,scipy-benchmark,47cebe13-37d0-489e-aaf7-33243e490920,scipy_R0913_83d99ed0,9.577656914945692,1.6511649760577905e-06,1.7239759063421756e-07,3.9331393992,0.0,10.0,9.91719398402579e-06,0.0,2.521397571933145e-05,3.513116970335724e-05,Canada,CAN,,gcp,northamerica-northeast2,Linux-6.8.0-1032-gcp-x86_64-with-glibc2.35,3.12.11,3.0.4,2,Intel(R) Xeon(R) CPU @ 2.60GHz,,,,,15.61648178100586,machine,Y,1.0
2025-08-06T15:10:57,scipy-benchmark,45d1a9ce-cb14-464e-8444-d6ce424b83d0,scipy_R0913_83d99ed0,13.908521464793012,2.500601628041157e-06,1.797891770430806e-07,4.285213715876923,0.0,10.0,1.596010966397374e-05,0.0,3.724418029434875e-05,5.320428995832249e-05,Canada,CAN,,gcp,northamerica-northeast2,Linux-6.8.0-1032-gcp-x86_64-with-glibc2.35,3.12.11,3.0.4,2,Intel(R) Xeon(R) CPU @ 2.60GHz,,,,,15.61648178100586,machine,Y,1.0
2025-08-06T15:10:58,scipy-benchmark,403c4b1a-7afd-4dc9-8065-4bf1c24481da,scipy_R0913_83d99ed0,22.48670749505981,4.05566031311926e-06,1.8035812108154402e-07,3.4238018375,0.0,10.0,2.660922508182098e-05,0.0,5.968141987816327e-05,8.629064495998425e-05,Canada,CAN,,gcp,northamerica-northeast2,Linux-6.8.0-1032-gcp-x86_64-with-glibc2.35,3.12.11,3.0.4,2,Intel(R) Xeon(R) CPU @ 2.60GHz,,,,,15.61648178100586,machine,Y,1.0
2025-08-06T15:11:03,scipy-benchmark,406ccbd6-1b0b-4c15-b952-00129a76f89a,scipy_R0913_83d99ed0,1.0013472349382937,7.647942769409079e-08,7.63765305636498e-08,1.7000000000000002,0.0,10.0,2.3650298564462e-07,0.0,1.3907188801870992e-06,1.627221865831719e-06,Canada,CAN,,gcp,northamerica-northeast2,Linux-6.8.0-1032-gcp-x86_64-with-glibc2.35,3.12.11,3.0.4,2,Intel(R) Xeon(R) CPU @ 2.60GHz,,,,,15.61648178100586,machine,Y,1.0
2025-08-06T15:11:05,scipy-benchmark,46931df1-ca8f-4225-95d8-06471679b0a9,scipy_R0913_83d99ed0,1.0012663041707128,7.647963148724132e-08,7.638290749291188e-08,1.7000000000000002,0.0,10.0,2.365045516311916e-07,0.0,1.390721650225007e-06,1.6272262018561984e-06,Canada,CAN,,gcp,northamerica-northeast2,Linux-6.8.0-1032-gcp-x86_64-with-glibc2.35,3.12.11,3.0.4,2,Intel(R) Xeon(R) CPU @ 2.60GHz,,,,,15.61648178100586,machine,Y,1.0
2025-08-06T15:11:06,scipy-benchmark,5caa65f4-841f-4356-99ba-5f096162fd80,scipy_R0913_83d99ed0,5.289578913943842,8.232053342874309e-07,1.5562776313202968e-07,3.16644610832,0.0,10.0,4.212358292851834e-06,0.0,1.3302648819646697e-05,1.751500711249853e-05,Canada,CAN,,gcp,northamerica-northeast2,Linux-6.8.0-1032-gcp-x86_64-with-glibc2.35,3.12.11,3.0.4,2,Intel(R) Xeon(R) CPU @ 2.60GHz,,,,,15.61648178100586,machine,Y,1.0
2025-08-06T15:11:10,scipy-benchmark,12f0d7df-eb6b-4d35-8c99-21647868d3d4,scipy_R0913_83d99ed0,1.0011304221116006,7.68227337830784e-08,7.673598972353936e-08,1.7550872000000004,0.0,10.0,2.441045115711349e-07,0.0,1.3904217391326609e-06,1.6345262507037958e-06,Canada,CAN,,gcp,northamerica-northeast2,Linux-6.8.0-1032-gcp-x86_64-with-glibc2.35,3.12.11,3.0.4,2,Intel(R) Xeon(R) CPU @ 2.60GHz,,,,,15.61648178100586,machine,Y,1.0
2025-08-06T15:11:14,scipy-benchmark,7249371a-8ad4-4339-a206-55be93d25746,scipy_R0913_83d99ed0,1.001244260929525,7.70217010302627e-08,7.692598503262139e-08,1.7834543000000005,0.0,10.0,2.480988546599405e-07,0.0,1.3906607417286271e-06,1.6387595963885675e-06,Canada,CAN,,gcp,northamerica-northeast2,Linux-6.8.0-1032-gcp-x86_64-with-glibc2.35,3.12.11,3.0.4,2,Intel(R) Xeon(R) CPU @ 2.60GHz,,,,,15.61648178100586,machine,Y,1.0
2025-08-06T15:11:17,scipy-benchmark,acaeb125-1d4c-455a-811e-6d00100691ed,scipy_R0913_83d99ed0,1.0012023160234094,7.64698720295047e-08,7.637804148638899e-08,1.7000000000000002,0.0,10.0,2.3646567023954255e-07,0.0,1.3905528835797063e-06,1.627018553819249e-06,Canada,CAN,,gcp,northamerica-northeast2,Linux-6.8.0-1032-gcp-x86_64-with-glibc2.35,3.12.11,3.0.4,2,Intel(R) Xeon(R) CPU @ 2.60GHz,,,,,15.61648178100586,machine,Y,1.0
2025-08-06T15:11:19,scipy-benchmark,00d3273c-1020-42dc-b149-6928dbd17583,scipy_R0913_83d99ed0,1.001187768066302,7.629307967376394e-08,7.620256869609655e-08,1.6732691000000002,0.0,10.0,2.327413784846672e-07,0.0,1.390515635850736e-06,1.6232570143354031e-06,Canada,CAN,,gcp,northamerica-northeast2,Linux-6.8.0-1032-gcp-x86_64-with-glibc2.35,3.12.11,3.0.4,2,Intel(R) Xeon(R) CPU @ 2.60GHz,,,,,15.61648178100586,machine,Y,1.0
2025-08-06T15:11:20,scipy-benchmark,64fdf9a3-6374-445a-aa3a-a84dd9fb9c97,scipy_R0913_83d99ed0,5.2899522229563445,8.209662066753095e-07,1.551935012026449e-07,3.1294838859200005,0.0,10.0,4.163540454801925e-06,0.0,1.3303825644672746e-05,1.746736609947467e-05,Canada,CAN,,gcp,northamerica-northeast2,Linux-6.8.0-1032-gcp-x86_64-with-glibc2.35,3.12.11,3.0.4,2,Intel(R) Xeon(R) CPU @ 2.60GHz,,,,,15.61648178100586,machine,Y,1.0
2025-08-06T15:11:20,scipy-benchmark,3e314be1-49a2-4820-b064-fba5fb98017e,scipy_R0913_83d99ed0,9.582228817977011,1.653630921086972e-06,1.7257268141881888e-07,3.946902482400001,0.0,10.0,9.956912482716649e-06,0.0,2.52267241361551e-05,3.5183636618871746e-05,Canada,CAN,,gcp,northamerica-northeast2,Linux-6.8.0-1032-gcp-x86_64-with-glibc2.35,3.12.11,3.0.4,2,Intel(R) Xeon(R) CPU @ 2.60GHz,,,,,15.61648178100586,machine,Y,1.0
2025-08-06T15:11:21,scipy-benchmark,66092d78-ef7c-4055-98ec-9a4cc6095b8a,scipy_R0913_83d99ed0,13.871813968056813,2.4813827558658903e-06,1.7887947182537705e-07,4.2143132456000005,0.0,10.0,1.5653101717663048e-05,0.0,3.714227606671759e-05,5.279537778438064e-05,Canada,CAN,,gcp,northamerica-northeast2,Linux-6.8.0-1032-gcp-x86_64-with-glibc2.35,3.12.11,3.0.4,2,Intel(R) Xeon(R) CPU @ 2.60GHz,,,,,15.61648178100586,machine,Y,1.0
2025-08-06T15:11:22,scipy-benchmark,a14b2f9c-ddcb-49a9-a7bd-fbc6d49eb7a5,scipy_R0913_83d99ed0,22.451478527858853,4.032857352694665e-06,1.796254686608058e-07,3.36598865,0.0,10.0,2.622218559811528e-05,0.0,5.958328999113292e-05,8.580547558924818e-05,Canada,CAN,,gcp,northamerica-northeast2,Linux-6.8.0-1032-gcp-x86_64-with-glibc2.35,3.12.11,3.0.4,2,Intel(R) Xeon(R) CPU @ 2.60GHz,,,,,15.61648178100586,machine,Y,1.0
2025-08-06T15:11:27,scipy-benchmark,843fe0c5-c8ab-42a3-962f-3360d2e358d1,scipy_R0913_83d99ed0,1.0012656250037253,7.647694505809987e-08,7.638027627066028e-08,1.7000000000000002,0.0,10.0,2.364891491532844e-07,0.0,1.3906798946360747e-06,1.627169043789359e-06,Canada,CAN,,gcp,northamerica-northeast2,Linux-6.8.0-1032-gcp-x86_64-with-glibc2.35,3.12.11,3.0.4,2,Intel(R) Xeon(R) CPU @ 2.60GHz,,,,,15.61648178100586,machine,Y,1.0
2025-08-06T15:11:29,scipy-benchmark,14955bb6-f183-4224-9faa-f597fc9e5fa8,scipy_R0913_83d99ed0,1.0011912239715457,7.683194743552883e-08,7.6740532273895e-08,1.7550872000000004,0.0,10.0,2.441368997715072e-07,0.0,1.3905853860908085e-06,1.6347222858623156e-06,Canada,CAN,,gcp,northamerica-northeast2,Linux-6.8.0-1032-gcp-x86_64-with-glibc2.35,3.12.11,3.0.4,2,Intel(R) Xeon(R) CPU @ 2.60GHz,,,,,15.61648178100586,machine,Y,1.0
2025-08-06T15:11:30,scipy-benchmark,8f2698fe-3f39-41e7-8a1b-64279dd90ec9,scipy_R0913_83d99ed0,5.28980463091284,8.216719981026517e-07,1.553312561490308e-07,3.14131668128,0.0,10.0,4.179107380006994e-06,0.0,1.3303275558347295e-05,1.748238293835429e-05,Canada,CAN,,gcp,northamerica-northeast2,Linux-6.8.0-1032-gcp-x86_64-with-glibc2.35,3.12.11,3.0.4,2,Intel(R) Xeon(R) CPU @ 2.60GHz,,,,,15.61648178100586,machine,Y,1.0
2025-08-06T15:11:33,scipy-benchmark,a0ada484-9267-46d9-b18d-e83517182653,scipy_R0913_83d99ed0,1.0012356070801616,7.647483504752425e-08,7.638045881183037e-08,1.7000000000000002,0.0,10.0,2.3648200815336573e-07,0.0,1.3906421417939582e-06,1.627124149947324e-06,Canada,CAN,,gcp,northamerica-northeast2,Linux-6.8.0-1032-gcp-x86_64-with-glibc2.35,3.12.11,3.0.4,2,Intel(R) Xeon(R) CPU @ 2.60GHz,,,,,15.61648178100586,machine,Y,1.0
2025-08-06T15:11:37,scipy-benchmark,0cc31684-8a4a-4252-92bb-6c71f8094fe8,scipy_R0913_83d99ed0,1.001298835966736,7.665282527099771e-08,7.655339496823723e-08,1.7272709000000002,0.0,10.0,2.4027449859057284e-07,0.0,1.3906366773881018e-06,1.630911175978675e-06,Canada,CAN,,gcp,northamerica-northeast2,Linux-6.8.0-1032-gcp-x86_64-with-glibc2.35,3.12.11,3.0.4,2,Intel(R) Xeon(R) CPU @ 2.60GHz,,,,,15.61648178100586,machine,Y,1.0
2025-08-06T15:11:41,scipy-benchmark,6d1ee5c3-efc2-4d4b-b83e-866748096f54,scipy_R0913_83d99ed0,1.0012872191146016,7.647242355527771e-08,7.637411333672992e-08,1.7000000000000002,0.0,10.0,2.3648483293234482e-07,0.0,1.390588008669309e-06,1.6270728416016535e-06,Canada,CAN,,gcp,northamerica-northeast2,Linux-6.8.0-1032-gcp-x86_64-with-glibc2.35,3.12.11,3.0.4,2,Intel(R) Xeon(R) CPU @ 2.60GHz,,,,,15.61648178100586,machine,Y,1.0
2025-08-06T15:11:43,scipy-benchmark,5925b139-8d29-4bf1-8640-b949d2949033,scipy_R0913_83d99ed0,1.0011097819078714,7.738789359410683e-08,7.730210511640826e-08,1.8418625,0.0,10.0,2.561669056722951e-07,0.0,1.3903840218618929e-06,1.6465509275341877e-06,Canada,CAN,,gcp,northamerica-northeast2,Linux-6.8.0-1032-gcp-x86_64-with-glibc2.35,3.12.11,3.0.4,2,Intel(R) Xeon(R) CPU @ 2.60GHz,,,,,15.61648178100586,machine,Y,1.0
2025-08-06T15:11:44,scipy-benchmark,71e4f1eb-81ae-402c-819f-d514d0decc7e,scipy_R0913_83d99ed0,5.295213307021186,8.78821102650702e-07,1.659651937884031e-07,4.0393489688000015,0.0,10.0,5.379931255211693e-06,0.0,1.3318390077781969e-05,1.869832133299366e-05,Canada,CAN,,gcp,northamerica-northeast2,Linux-6.8.0-1032-gcp-x86_64-with-glibc2.35,3.12.11,3.0.4,2,Intel(R) Xeon(R) CPU @ 2.60GHz,,,,,15.61648178100586,machine,Y,1.0
2025-08-06T15:11:44,scipy-benchmark,35a9d516-4e3a-414b-9f2c-9ec9ed9c31a9,scipy_R0913_83d99ed0,9.585332009010015,1.7193640047597806e-06,1.793744862612598e-07,4.49635884,0.0,10.0,1.1346887847448616e-05,0.0,2.523532501978076e-05,3.6582212867229374e-05,Canada,CAN,,gcp,northamerica-northeast2,Linux-6.8.0-1032-gcp-x86_64-with-glibc2.35,3.12.11,3.0.4,2,Intel(R) Xeon(R) CPU @ 2.60GHz,,,,,15.61648178100586,machine,Y,1.0
2025-08-06T15:11:45,scipy-benchmark,fda36f4f-9feb-4375-a983-280f26a69207,scipy_R0913_83d99ed0,13.873454665997995,2.504835979164104e-06,1.805488279212189e-07,4.346965907692308,0.0,10.0,1.6147709268604687e-05,0.0,3.714667326680178e-05,5.329438253540646e-05,Canada,CAN,,gcp,northamerica-northeast2,Linux-6.8.0-1032-gcp-x86_64-with-glibc2.35,3.12.11,3.0.4,2,Intel(R) Xeon(R) CPU @ 2.60GHz,,,,,15.61648178100586,machine,Y,1.0
2025-08-06T15:11:45,scipy-benchmark,9dc976de-c9b5-415f-82f7-5425bd211b65,scipy_R0913_83d99ed0,22.45295908488333,4.049777095013765e-06,1.803671881155441e-07,3.6070952804,0.0,10.0,2.6578043956768667e-05,0.0,5.95874261499072e-05,8.616547010667586e-05,Canada,CAN,,gcp,northamerica-northeast2,Linux-6.8.0-1032-gcp-x86_64-with-glibc2.35,3.12.11,3.0.4,2,Intel(R) Xeon(R) CPU @ 2.60GHz,,,,,15.61648178100586,machine,Y,1.0
2025-08-06T15:11:49,scipy-benchmark,862e8463-bc5b-4142-9544-48c07251aa0f,scipy_R0913_83d99ed0,1.0013193879276514,7.666085964768675e-08,7.655984750914035e-08,1.7272709000000002,0.0,10.0,2.402997004937955e-07,0.0,1.3907824196697525e-06,1.6310821201635475e-06,Canada,CAN,,gcp,northamerica-northeast2,Linux-6.8.0-1032-gcp-x86_64-with-glibc2.35,3.12.11,3.0.4,2,Intel(R) Xeon(R) CPU @ 2.60GHz,,,,,15.61648178100586,machine,Y,1.0
2025-08-06T15:11:51,scipy-benchmark,bb376203-d167-4fd8-8f46-268b70358b30,scipy_R0913_83d99ed0,1.001283742953092,7.647994037856634e-08,7.63818856710922e-08,1.7000000000000002,0.0,10.0,2.364996465298141e-07,0.0,1.3907331274822354e-06,1.6272327740120494e-06,Canada,CAN,,gcp,northamerica-northeast2,Linux-6.8.0-1032-gcp-x86_64-with-glibc2.35,3.12.11,3.0.4,2,Intel(R) Xeon(R) CPU @ 2.60GHz,,,,,15.61648178100586,machine,Y,1.0
2025-08-06T15:11:52,scipy-benchmark,978f74df-0ced-4e9c-87d4-00f6e35e6815,scipy_R0913_83d99ed0,5.291783083928749,8.246605550363537e-07,1.5583793627914649e-07,3.183579768320001,0.0,10.0,4.237117278359975e-06,0.0,1.3308851977732657e-05,1.7545969256092632e-05,Canada,CAN,,gcp,northamerica-northeast2,Linux-6.8.0-1032-gcp-x86_64-with-glibc2.35,3.12.11,3.0.4,2,Intel(R) Xeon(R) CPU @ 2.60GHz,,,,,15.61648178100586,machine,Y,1.0
2025-08-06T15:11:57,scipy-benchmark,ca25a8b5-163a-4a29-9956-d3cd9f64969b,scipy_R0913_83d99ed0,1.001245680032298,7.665738091717197e-08,7.656200915113978e-08,1.7272709000000002,0.0,10.0,2.4028695174779784e-07,0.0,1.390721152872882e-06,1.6310081046206798e-06,Canada,CAN,,gcp,northamerica-northeast2,Linux-6.8.0-1032-gcp-x86_64-with-glibc2.35,3.12.11,3.0.4,2,Intel(R) Xeon(R) CPU @ 2.60GHz,,,,,15.61648178100586,machine,Y,1.0
2025-08-06T15:11:59,scipy-benchmark,fc7424f8-c374-4aa5-a54c-5a099480fb5b,scipy_R0913_83d99ed0,1.001203102990985,7.646666254310144e-08,7.637477582187436e-08,1.7000000000000002,0.0,10.0,2.364540057670739e-07,0.0,1.390496261107425e-06,1.626950266874499e-06,Canada,CAN,,gcp,northamerica-northeast2,Linux-6.8.0-1032-gcp-x86_64-with-glibc2.35,3.12.11,3.0.4,2,Intel(R) Xeon(R) CPU @ 2.60GHz,,,,,15.61648178100586,machine,Y,1.0
2025-08-06T15:12:00,scipy-benchmark,3a8f4763-dbfe-458b-9180-0ff811373603,scipy_R0913_83d99ed0,5.289594852831215,8.215279124352642e-07,1.5531017692130954e-07,3.13958979728,0.0,10.0,4.176626527590305e-06,0.0,1.3302690758266385e-05,1.7479317285856686e-05,Canada,CAN,,gcp,northamerica-northeast2,Linux-6.8.0-1032-gcp-x86_64-with-glibc2.35,3.12.11,3.0.4,2,Intel(R) Xeon(R) CPU @ 2.60GHz,,,,,15.61648178100586,machine,Y,1.0
2025-08-06T15:12:03,scipy-benchmark,75cecb92-cb67-4986-a68f-351ea809bfb6,scipy_R0913_83d99ed0,1.0012020559515804,7.646697577972536e-08,7.637516855381229e-08,1.7000000000000002,0.0,10.0,2.364557123768869e-07,0.0,1.3905012191066312e-06,1.626956931483518e-06,Canada,CAN,,gcp,northamerica-northeast2,Linux-6.8.0-1032-gcp-x86_64-with-glibc2.35,3.12.11,3.0.4,2,Intel(R) Xeon(R) CPU @ 2.60GHz,,,,,15.61648178100586,machine,Y,1.0
2025-08-06T15:12:07,scipy-benchmark,d6527a47-ee05-41a5-be8f-527f9d1d163c,scipy_R0913_83d99ed0,1.0012142730411142,7.665016922482616e-08,7.655720787120517e-08,1.7272709000000002,0.0,10.0,2.402649392094499e-07,0.0,1.3905897251485537e-06,1.6308546643580036e-06,Canada,CAN,,gcp,northamerica-northeast2,Linux-6.8.0-1032-gcp-x86_64-with-glibc2.35,3.12.11,3.0.4,2,Intel(R) Xeon(R) CPU @ 2.60GHz,,,,,15.61648178100586,machine,Y,1.0
2025-08-06T15:12:09,scipy-benchmark,d09aaa31-87a9-4685-8a6c-d81cf44d8499,scipy_R0913_83d99ed0,1.0011649751104414,7.665318109034968e-08,7.656398595235897e-08,1.7272709000000002,0.0,10.0,2.402736465665483e-07,0.0,1.390645100036636e-06,1.6309187466031842e-06,Canada,CAN,,gcp,northamerica-northeast2,Linux-6.8.0-1032-gcp-x86_64-with-glibc2.35,3.12.11,3.0.4,2,Intel(R) Xeon(R) CPU @ 2.60GHz,,,,,15.61648178100586,machine,Y,1.0
2025-08-06T15:12:10,scipy-benchmark,738df39b-6383-430f-bbaa-ab99dafa1710,scipy_R0913_83d99ed0,5.289478440070525,8.226406507447852e-07,1.5552396329151444e-07,3.1575261608,0.0,10.0,4.200443349813384e-06,0.0,1.33025492192246e-05,1.7502992569037984e-05,Canada,CAN,,gcp,northamerica-northeast2,Linux-6.8.0-1032-gcp-x86_64-with-glibc2.35,3.12.11,3.0.4,2,Intel(R) Xeon(R) CPU @ 2.60GHz,,,,,15.61648178100586,machine,Y,1.0
2025-08-06T15:12:10,scipy-benchmark,6d2d8d9c-c488-4c16-9991-c328d776cda0,scipy_R0913_83d99ed0,9.5787191898562,1.6518821425682672e-06,1.724533426470628e-07,3.9375421504,0.0,10.0,9.929466490266125e-06,0.0,2.521696207501616e-05,3.514642856528228e-05,Canada,CAN,,gcp,northamerica-northeast2,Linux-6.8.0-1032-gcp-x86_64-with-glibc2.35,3.12.11,3.0.4,2,Intel(R) Xeon(R) CPU @ 2.60GHz,,,,,15.61648178100586,machine,Y,1.0
2025-08-06T15:12:11,scipy-benchmark,ea2a9f6f-c6c9-4957-b93d-29be942f3b9f,scipy_R0913_83d99ed0,18.16007309197448,3.2525190872580834e-06,1.791027530993516e-07,1.9007741258,0.0,10.0,2.15399415966528e-05,0.0,4.766259217479577e-05,6.920253377144858e-05,Canada,CAN,,gcp,northamerica-northeast2,Linux-6.8.0-1032-gcp-x86_64-with-glibc2.35,3.12.11,3.0.4,2,Intel(R) Xeon(R) CPU @ 2.60GHz,,,,,15.61648178100586,machine,Y,1.0
2025-08-06T15:12:16,scipy-benchmark,6ca3889f-2b36-42b4-a487-e09a32112832,scipy_R0913_83d99ed0,1.0012777878437191,7.683152169938305e-08,7.673347260088728e-08,1.7550872000000004,0.0,10.0,2.441331998942023e-07,0.0,1.3905800277522457e-06,1.634713227646448e-06,Canada,CAN,,gcp,northamerica-northeast2,Linux-6.8.0-1032-gcp-x86_64-with-glibc2.35,3.12.11,3.0.4,2,Intel(R) Xeon(R) CPU @ 2.60GHz,,,,,15.61648178100586,machine,Y,1.0
2025-08-06T15:12:18,scipy-benchmark,6e2ec556-b415-424e-8eea-8b3a09f636fe,scipy_R0913_83d99ed0,1.0012287239078432,7.647011409077096e-08,7.63762687433741e-08,1.7000000000000002,0.0,10.0,2.364831598566121e-07,0.0,1.3905405442023445e-06,1.6270237040589563e-06,Canada,CAN,,gcp,northamerica-northeast2,Linux-6.8.0-1032-gcp-x86_64-with-glibc2.35,3.12.11,3.0.4,2,Intel(R) Xeon(R) CPU @ 2.60GHz,,,,,15.61648178100586,machine,Y,1.0
2025-08-06T15:12:19,scipy-benchmark,ad2436c3-8d85-448a-b0c5-87cc6f3cd0ad,scipy_R0913_83d99ed0,5.293708086013794,8.247555216190372e-07,1.5579920694873165e-07,3.1798838096,0.0,10.0,4.233883582623979e-06,0.0,1.3314106239057665e-05,1.7547989821681643e-05,Canada,CAN,,gcp,northamerica-northeast2,Linux-6.8.0-1032-gcp-x86_64-with-glibc2.35,3.12.11,3.0.4,2,Intel(R) Xeon(R) CPU @ 2.60GHz,,,,,15.61648178100586,machine,Y,1.0
2025-08-06T15:12:23,scipy-benchmark,35c39237-b989-4bc2-9cd8-80631548b405,scipy_R0913_83d99ed0,1.0012175689917058,7.647406162657233e-08,7.638106241342418e-08,1.7000000000000002,0.0,10.0,2.364823750491875e-07,0.0,1.3906253191332022e-06,1.6271076941823895e-06,Canada,CAN,,gcp,northamerica-northeast2,Linux-6.8.0-1032-gcp-x86_64-with-glibc2.35,3.12.11,3.0.4,2,Intel(R) Xeon(R) CPU @ 2.60GHz,,,,,15.61648178100586,machine,Y,1.0
2025-08-06T15:12:27,scipy-benchmark,41859f60-a78a-478b-8f7b-a6337a9322dc,scipy_R0913_83d99ed0,1.00120552117005,7.66475808367461e-08,7.655529181178762e-08,1.7272709000000002,0.0,10.0,2.402557476944752e-07,0.0,1.390543844576718e-06,1.6307995922711934e-06,Canada,CAN,,gcp,northamerica-northeast2,Linux-6.8.0-1032-gcp-x86_64-with-glibc2.35,3.12.11,3.0.4,2,Intel(R) Xeon(R) CPU @ 2.60GHz,,,,,15.61648178100586,machine,Y,1.0
2025-08-06T15:12:30,scipy-benchmark,e671a3bc-3ed8-4a66-b1bc-76e2f8c81974,scipy_R0913_83d99ed0,1.0012098429724574,7.683510172629796e-08,7.674225564761218e-08,1.7550872000000004,0.0,10.0,2.441453597149195e-07,0.0,1.390644038716952e-06,1.6347893984318717e-06,Canada,CAN,,gcp,northamerica-northeast2,Linux-6.8.0-1032-gcp-x86_64-with-glibc2.35,3.12.11,3.0.4,2,Intel(R) Xeon(R) CPU @ 2.60GHz,,,,,15.61648178100586,machine,Y,1.0
2025-08-06T15:12:32,scipy-benchmark,f481f2b7-a590-44ad-b2b6-f1c2a62def83,scipy_R0913_83d99ed0,1.0011899950914085,7.646981862473252e-08,7.637892807523593e-08,1.7000000000000002,0.0,10.0,2.364699343452231e-07,0.0,1.390547483202277e-06,1.6270174175475e-06,Canada,CAN,,gcp,northamerica-northeast2,Linux-6.8.0-1032-gcp-x86_64-with-glibc2.35,3.12.11,3.0.4,2,Intel(R) Xeon(R) CPU @ 2.60GHz,,,,,15.61648178100586,machine,Y,1.0
2025-08-06T15:12:33,scipy-benchmark,92694927-74bd-4533-9069-995fa07a2c67,scipy_R0913_83d99ed0,5.292654558084905,8.236368361630308e-07,1.5561885385186665e-07,3.16479171104,0.0,10.0,4.212884537013765e-06,0.0,1.3311303466454977e-05,1.752418800346874e-05,Canada,CAN,,gcp,northamerica-northeast2,Linux-6.8.0-1032-gcp-x86_64-with-glibc2.35,3.12.11,3.0.4,2,Intel(R) Xeon(R) CPU @ 2.60GHz,,,,,15.61648178100586,machine,Y,1.0
2025-08-06T15:12:33,scipy-benchmark,7c96131b-6cf1-4187-b036-8ad299f5f04d,scipy_R0913_83d99ed0,9.585124502889812,1.653010735679826e-06,1.724558439675417e-07,3.9371965824,0.0,10.0,9.935609598998974e-06,0.0,2.523483158567817e-05,3.517044118467715e-05,Canada,CAN,,gcp,northamerica-northeast2,Linux-6.8.0-1032-gcp-x86_64-with-glibc2.35,3.12.11,3.0.4,2,Intel(R) Xeon(R) CPU @ 2.60GHz,,,,,15.61648178100586,machine,Y,1.0
2025-08-06T15:12:34,scipy-benchmark,2ea204d3-fb9a-47c6-bd52-8b2419bd0e5b,scipy_R0913_83d99ed0,13.877092975191772,2.4907172666833297e-06,1.7948408006893177e-07,4.262184568492309,0.0,10.0,1.583712220304887e-05,0.0,3.715686219446878e-05,5.2993984397517655e-05,Canada,CAN,,gcp,northamerica-northeast2,Linux-6.8.0-1032-gcp-x86_64-with-glibc2.35,3.12.11,3.0.4,2,Intel(R) Xeon(R) CPU @ 2.60GHz,,,,,15.61648178100586,machine,Y,1.0
2025-08-06T15:12:35,scipy-benchmark,7e0f4ff4-b968-4801-b7bc-33868a34e716,scipy_R0913_83d99ed0,22.46555590396747,4.040638286735174e-06,1.798592611733052e-07,3.4234336169,0.0,10.0,2.634857414660053e-05,0.0,5.9622453230743605e-05,8.597102737734413e-05,Canada,CAN,,gcp,northamerica-northeast2,Linux-6.8.0-1032-gcp-x86_64-with-glibc2.35,3.12.11,3.0.4,2,Intel(R) Xeon(R) CPU @ 2.60GHz,,,,,15.61648178100586,machine,Y,1.0
2025-08-06T15:12:40,scipy-benchmark,8743b3ab-3c12-4f6f-9c46-c7a825595dd9,scipy_R0913_83d99ed0,1.001180695137009,7.664567879622957e-08,7.655529033721609e-08,1.7272709000000002,0.0,10.0,2.40250526073005e-07,0.0,1.390508597251028e-06,1.630759123324033e-06,Canada,CAN,,gcp,northamerica-northeast2,Linux-6.8.0-1032-gcp-x86_64-with-glibc2.35,3.12.11,3.0.4,2,Intel(R) Xeon(R) CPU @ 2.60GHz,,,,,15.61648178100586,machine,Y,1.0
2025-08-06T15:12:44,scipy-benchmark,c3c4378e-4ed6-4b1e-9b4b-04bb7a021ac1,scipy_R0913_83d99ed0,1.0011294789146632,7.663951761588145e-08,7.655305255716504e-08,1.7272709000000002,0.0,10.0,2.402445842471444e-07,0.0,1.390383450133312e-06,1.6306280343804564e-06,Canada,CAN,,gcp,northamerica-northeast2,Linux-6.8.0-1032-gcp-x86_64-with-glibc2.35,3.12.11,3.0.4,2,Intel(R) Xeon(R) CPU @ 2.60GHz,,,,,15.61648178100586,machine,Y,1.0
2025-08-06T15:12:46,scipy-benchmark,59a3addf-0e9a-42c4-a8b9-2aa76d6a1901,scipy_R0913_83d99ed0,1.001195119926706,7.646824301327191e-08,7.637696338239232e-08,1.7000000000000002,0.0,10.0,2.3645865249111213e-07,0.0,1.3905252414082903e-06,1.6269838938994024e-06,Canada,CAN,,gcp,northamerica-northeast2,Linux-6.8.0-1032-gcp-x86_64-with-glibc2.35,3.12.11,3.0.4,2,Intel(R) Xeon(R) CPU @ 2.60GHz,,,,,15.61648178100586,machine,Y,1.0
