timestamp,project_name,run_id,experiment_id,duration,emissions,emissions_rate,cpu_power,gpu_power,ram_power,cpu_energy,gpu_energy,ram_energy,energy_consumed,country_name,country_iso_code,region,cloud_provider,cloud_region,os,python_version,codecarbon_version,cpu_count,cpu_model,gpu_count,gpu_model,longitude,latitude,ram_total_size,tracking_mode,on_cloud,pue
2025-08-08T10:12:24,scikit-learn-benchmark,5ea94f0b-eaf3-4d6d-85ed-29d5b8db02eb,scikit-learn_SCL001_d880725b,1.0019546751864254,7.68895624008961e-08,7.673956148424567e-08,1.7550872000000004,0.0,10.0,2.443522909750839e-07,0.0,1.3915958452141947e-06,1.6359481361892786e-06,Canada,CAN,,gcp,northamerica-northeast2,Linux-6.8.0-1032-gcp-x86_64-with-glibc2.35,3.10.12,3.0.4,2,Intel(R) Xeon(R) CPU @ 2.60GHz,,,,,15.61648178100586,machine,Y,1.0
2025-08-08T10:12:26,scikit-learn-benchmark,15255635-56d4-45a5-8f96-ab7345f02735,scikit-learn_SCL001_d880725b,1.0021944688633084,7.653244248216248e-08,7.636486216987984e-08,1.7000000000000002,0.0,10.0,2.366898732725531e-07,0.0,1.3916599667734571e-06,1.62834984004601e-06,Canada,CAN,,gcp,northamerica-northeast2,Linux-6.8.0-1032-gcp-x86_64-with-glibc2.35,3.10.12,3.0.4,2,Intel(R) Xeon(R) CPU @ 2.60GHz,,,,,15.61648178100586,machine,Y,1.0
2025-08-08T10:12:28,scikit-learn-benchmark,b15ec13b-9a34-4446-b7ee-d7d238edabcc,scikit-learn_SCL001_d880725b,1.0016515599563718,7.645510512470113e-08,7.632904313355358e-08,1.7000000000000002,0.0,10.0,2.364472138514329e-07,0.0,1.3902571505039103e-06,1.6267043643553432e-06,Canada,CAN,,gcp,northamerica-northeast2,Linux-6.8.0-1032-gcp-x86_64-with-glibc2.35,3.10.12,3.0.4,2,Intel(R) Xeon(R) CPU @ 2.60GHz,,,,,15.61648178100586,machine,Y,1.0
2025-08-08T10:12:30,scikit-learn-benchmark,fa1f0412-67a3-45bb-b526-86fc95f35479,scikit-learn_SCL001_d880725b,1.0021750582382083,7.65298194165678e-08,7.636372386986437e-08,1.7000000000000002,0.0,10.0,2.366804742745849e-07,0.0,1.391613555865155e-06,1.6282940301397402e-06,Canada,CAN,,gcp,northamerica-northeast2,Linux-6.8.0-1032-gcp-x86_64-with-glibc2.35,3.10.12,3.0.4,2,Intel(R) Xeon(R) CPU @ 2.60GHz,,,,,15.61648178100586,machine,Y,1.0
2025-08-08T10:12:32,scikit-learn-benchmark,8e8124d4-1553-486c-b28d-6a19e3290491,scikit-learn_SCL001_d880725b,1.0021127220243216,7.670492811561154e-08,7.654321358246352e-08,1.7272709000000002,0.0,10.0,2.4046519702813534e-07,0.0,1.3915545501125356e-06,1.632019747140671e-06,Canada,CAN,,gcp,northamerica-northeast2,Linux-6.8.0-1032-gcp-x86_64-with-glibc2.35,3.10.12,3.0.4,2,Intel(R) Xeon(R) CPU @ 2.60GHz,,,,,15.61648178100586,machine,Y,1.0
2025-08-08T10:12:34,scikit-learn-benchmark,7aeaae2a-d0b7-439a-ba32-dc3645524d58,scikit-learn_SCL001_d880725b,1.0021434957161546,7.65316436311049e-08,7.636794925901669e-08,1.7000000000000002,0.0,10.0,2.366846188670025e-07,0.0,1.3916482243479954e-06,1.628332843214998e-06,Canada,CAN,,gcp,northamerica-northeast2,Linux-6.8.0-1032-gcp-x86_64-with-glibc2.35,3.10.12,3.0.4,2,Intel(R) Xeon(R) CPU @ 2.60GHz,,,,,15.61648178100586,machine,Y,1.0
2025-08-08T10:16:05,scikit-learn-benchmark,c1199971-62ef-48f4-b08f-3bf94b16fe91,scikit-learn_SCL001_d880725b,1.0021833209320905,7.635244749052406e-08,7.618610876452397e-08,1.6732691000000002,0.0,10.0,2.329481456685391e-07,0.0,1.3915720137043131e-06,1.6245201593728523e-06,Canada,CAN,,gcp,northamerica-northeast2,Linux-6.8.0-1032-gcp-x86_64-with-glibc2.35,3.10.12,3.0.4,2,Intel(R) Xeon(R) CPU @ 2.60GHz,,,,,15.61648178100586,machine,Y,1.0
2025-08-08T10:16:07,scikit-learn-benchmark,f202e8b5-afc8-41a3-942d-5a53922be61c,scikit-learn_SCL001_d880725b,1.0019382862374189,7.649729639696632e-08,7.63493095809691e-08,1.7000000000000002,0.0,10.0,2.365856113093389e-07,0.0,1.3910164396899445e-06,1.627602050999283e-06,Canada,CAN,,gcp,northamerica-northeast2,Linux-6.8.0-1032-gcp-x86_64-with-glibc2.35,3.10.12,3.0.4,2,Intel(R) Xeon(R) CPU @ 2.60GHz,,,,,15.61648178100586,machine,Y,1.0
2025-08-08T10:16:09,scikit-learn-benchmark,cab061cc-7a13-47ed-b7cd-d1be83eaa65e,scikit-learn_SCL001_d880725b,1.0028390088118613,7.983571510312078e-08,7.960970245633757e-08,2.2048064,0.0,10.0,3.069726859713064e-07,0.0,1.3916595502653055e-06,1.6986322362366118e-06,Canada,CAN,,gcp,northamerica-northeast2,Linux-6.8.0-1032-gcp-x86_64-with-glibc2.35,3.10.12,3.0.4,2,Intel(R) Xeon(R) CPU @ 2.60GHz,,,,,15.61648178100586,machine,Y,1.0
2025-08-08T10:16:11,scikit-learn-benchmark,5c67b103-29b4-4114-8729-5022db9bf571,scikit-learn_SCL001_d880725b,1.0021963301114738,7.653301698448034e-08,7.636529359069555e-08,1.7000000000000002,0.0,10.0,2.366916025316136e-07,0.0,1.3916704609679678e-06,1.6283620634995814e-06,Canada,CAN,,gcp,northamerica-northeast2,Linux-6.8.0-1032-gcp-x86_64-with-glibc2.35,3.10.12,3.0.4,2,Intel(R) Xeon(R) CPU @ 2.60GHz,,,,,15.61648178100586,machine,Y,1.0
2025-08-08T10:16:13,scikit-learn-benchmark,18f7ec59-5aa8-4f35-8712-66f58d0fc9cb,scikit-learn_SCL001_d880725b,1.0021124221384523,7.652754254317069e-08,7.636622483919031e-08,1.7000000000000002,0.0,10.0,2.366776248672977e-07,0.0,1.39156796115761e-06,1.6282455860249078e-06,Canada,CAN,,gcp,northamerica-northeast2,Linux-6.8.0-1032-gcp-x86_64-with-glibc2.35,3.10.12,3.0.4,2,Intel(R) Xeon(R) CPU @ 2.60GHz,,,,,15.61648178100586,machine,Y,1.0
2025-08-08T10:16:16,scikit-learn-benchmark,aa6d123c-1188-49b8-8b48-0c4fac73b06f,scikit-learn_SCL001_d880725b,1.002126487903297,7.65269606512609e-08,7.636457231199899e-08,1.7000000000000002,0.0,10.0,2.3667153837676685e-07,0.0,1.39156166696921e-06,1.6282332053459767e-06,Canada,CAN,,gcp,northamerica-northeast2,Linux-6.8.0-1032-gcp-x86_64-with-glibc2.35,3.10.12,3.0.4,2,Intel(R) Xeon(R) CPU @ 2.60GHz,,,,,15.61648178100586,machine,Y,1.0
2025-08-08T10:16:18,scikit-learn-benchmark,604600ec-6a1d-4368-9ef3-7671015d053e,scikit-learn_SCL001_d880725b,1.002107716165483,7.652725024787813e-08,7.636629178019501e-08,1.7000000000000002,0.0,10.0,2.366734857722703e-07,0.0,1.39156588120386e-06,1.6282393669761303e-06,Canada,CAN,,gcp,northamerica-northeast2,Linux-6.8.0-1032-gcp-x86_64-with-glibc2.35,3.10.12,3.0.4,2,Intel(R) Xeon(R) CPU @ 2.60GHz,,,,,15.61648178100586,machine,Y,1.0
2025-08-08T10:16:20,scikit-learn-benchmark,39bcba6e-446b-476e-8140-aea941f2b735,scikit-learn_SCL001_d880725b,1.0021799290552735,7.65292143527703e-08,7.636274897753361e-08,1.7000000000000002,0.0,10.0,2.3667689569346202e-07,0.0,1.3916042607484592e-06,1.6282811564419212e-06,Canada,CAN,,gcp,northamerica-northeast2,Linux-6.8.0-1032-gcp-x86_64-with-glibc2.35,3.10.12,3.0.4,2,Intel(R) Xeon(R) CPU @ 2.60GHz,,,,,15.61648178100586,machine,Y,1.0
2025-08-08T10:16:22,scikit-learn-benchmark,077e1242-1732-41c3-8443-8370c40f2673,scikit-learn_SCL001_d880725b,1.0021342211402953,7.653041051765389e-08,7.636742554362874e-08,1.7000000000000002,0.0,10.0,2.366799735722857e-07,0.0,1.3916266331863071e-06,1.628306606758593e-06,Canada,CAN,,gcp,northamerica-northeast2,Linux-6.8.0-1032-gcp-x86_64-with-glibc2.35,3.10.12,3.0.4,2,Intel(R) Xeon(R) CPU @ 2.60GHz,,,,,15.61648178100586,machine,Y,1.0
2025-08-08T10:16:24,scikit-learn-benchmark,cd8f5886-86e5-4264-bdc6-f776ef9ed4cc,scikit-learn_SCL001_d880725b,1.0020619248971343,7.65135199830531e-08,7.635607948172219e-08,1.7000000000000002,0.0,10.0,2.3663506803051053e-07,0.0,1.3913121656514703e-06,1.627947233681981e-06,Canada,CAN,,gcp,northamerica-northeast2,Linux-6.8.0-1032-gcp-x86_64-with-glibc2.35,3.10.12,3.0.4,2,Intel(R) Xeon(R) CPU @ 2.60GHz,,,,,15.61648178100586,machine,Y,1.0
2025-08-08T10:16:26,scikit-learn-benchmark,71522a18-9b80-4ee2-b81e-9d28b94315c2,scikit-learn_SCL001_d880725b,1.0017761434428394,7.64739857557385e-08,7.63383978110296e-08,1.7000000000000002,0.0,10.0,2.365036014622699e-07,0.0,1.39060247844706e-06,1.62710607990933e-06,Canada,CAN,,gcp,northamerica-northeast2,Linux-6.8.0-1032-gcp-x86_64-with-glibc2.35,3.10.12,3.0.4,2,Intel(R) Xeon(R) CPU @ 2.60GHz,,,,,15.61648178100586,machine,Y,1.0
2025-08-08T10:16:28,scikit-learn-benchmark,cb32bd17-e859-4e17-9672-458433ec8e16,scikit-learn_SCL001_d880725b,1.0022344761528077,7.671117366461966e-08,7.654014653246048e-08,1.7272709000000002,0.0,10.0,2.404872006295589e-07,0.0,1.3916654305325615e-06,1.6321526311621204e-06,Canada,CAN,,gcp,northamerica-northeast2,Linux-6.8.0-1032-gcp-x86_64-with-glibc2.35,3.10.12,3.0.4,2,Intel(R) Xeon(R) CPU @ 2.60GHz,,,,,15.61648178100586,machine,Y,1.0
2025-08-08T10:16:30,scikit-learn-benchmark,85db69e7-b746-4c6f-9735-e6ee85eeba0f,scikit-learn_SCL001_d880725b,1.0021589291281998,7.653358555019887e-08,7.636871091571982e-08,1.7000000000000002,0.0,10.0,2.3669411351956014e-07,0.0,1.3916800471229683e-06,1.6283741606425287e-06,Canada,CAN,,gcp,northamerica-northeast2,Linux-6.8.0-1032-gcp-x86_64-with-glibc2.35,3.10.12,3.0.4,2,Intel(R) Xeon(R) CPU @ 2.60GHz,,,,,15.61648178100586,machine,Y,1.0
2025-08-08T10:16:33,scikit-learn-benchmark,d64c1a96-1d5e-4721-bab2-2ea9015d709b,scikit-learn_SCL001_d880725b,1.0021977447904646,7.653173695274424e-08,7.636390857050389e-08,1.7000000000000002,0.0,10.0,2.3669800149380334e-07,0.0,1.3916368272879885e-06,1.6283348287817918e-06,Canada,CAN,,gcp,northamerica-northeast2,Linux-6.8.0-1032-gcp-x86_64-with-glibc2.35,3.10.12,3.0.4,2,Intel(R) Xeon(R) CPU @ 2.60GHz,,,,,15.61648178100586,machine,Y,1.0
2025-08-08T10:16:35,scikit-learn-benchmark,a32d70d1-d62c-4352-9cf4-a003cab6a40b,scikit-learn_SCL001_d880725b,1.0021248077973723,7.652721694030334e-08,7.636495608616548e-08,1.7000000000000002,0.0,10.0,2.3667192209460257e-07,0.0,1.391566736209724e-06,1.6282386583043264e-06,Canada,CAN,,gcp,northamerica-northeast2,Linux-6.8.0-1032-gcp-x86_64-with-glibc2.35,3.10.12,3.0.4,2,Intel(R) Xeon(R) CPU @ 2.60GHz,,,,,15.61648178100586,machine,Y,1.0
2025-08-08T10:16:37,scikit-learn-benchmark,bc2632b7-0609-4969-a0e9-662ec578e533,scikit-learn_SCL001_d880725b,1.0038831988349557,7.652959111252696e-08,7.623356103712307e-08,1.7000000000000002,0.0,10.0,2.366827284244614e-07,0.0,1.3916064441824952e-06,1.6282891726069563e-06,Canada,CAN,,gcp,northamerica-northeast2,Linux-6.8.0-1032-gcp-x86_64-with-glibc2.35,3.10.12,3.0.4,2,Intel(R) Xeon(R) CPU @ 2.60GHz,,,,,15.61648178100586,machine,Y,1.0
2025-08-08T10:16:39,scikit-learn-benchmark,8e9d4188-fbb2-4ebf-855f-c3f47a93aab3,scikit-learn_SCL001_d880725b,1.002731516957283,7.684909589574208e-08,7.663975311051872e-08,1.7550872000000004,0.0,10.0,2.442214959138243e-07,0.0,1.3908656508040924e-06,1.6350871467179167e-06,Canada,CAN,,gcp,northamerica-northeast2,Linux-6.8.0-1032-gcp-x86_64-with-glibc2.35,3.10.12,3.0.4,2,Intel(R) Xeon(R) CPU @ 2.60GHz,,,,,15.61648178100586,machine,Y,1.0
2025-08-08T10:16:41,scikit-learn-benchmark,63211409-0493-478a-8818-3db20e440c89,scikit-learn_SCL001_d880725b,1.0023103808052838,7.689348446773356e-08,7.671624073767969e-08,1.7550872000000004,0.0,10.0,2.444232957012683e-07,0.0,1.3916082887185943e-06,1.636031584419863e-06,Canada,CAN,,gcp,northamerica-northeast2,Linux-6.8.0-1032-gcp-x86_64-with-glibc2.35,3.10.12,3.0.4,2,Intel(R) Xeon(R) CPU @ 2.60GHz,,,,,15.61648178100586,machine,Y,1.0
2025-08-08T10:16:43,scikit-learn-benchmark,ab200e99-ea5f-4a1a-9227-bb268362ee7d,scikit-learn_SCL001_d880725b,1.0021559102460742,7.68890190991389e-08,7.672360988247748e-08,1.7550872000000004,0.0,10.0,2.443520598675461e-07,0.0,1.3915845167098774e-06,1.6359365765774236e-06,Canada,CAN,,gcp,northamerica-northeast2,Linux-6.8.0-1032-gcp-x86_64-with-glibc2.35,3.10.12,3.0.4,2,Intel(R) Xeon(R) CPU @ 2.60GHz,,,,,15.61648178100586,machine,Y,1.0
2025-08-08T10:16:45,scikit-learn-benchmark,d5182ccb-35f2-4df6-b7fe-2e49a64b37fd,scikit-learn_SCL001_d880725b,1.0023230370134115,7.708697888200853e-08,7.690831801262598e-08,1.7834543000000005,0.0,10.0,2.483810169955991e-07,0.0,1.3917674698556462e-06,1.6401484868512451e-06,Canada,CAN,,gcp,northamerica-northeast2,Linux-6.8.0-1032-gcp-x86_64-with-glibc2.35,3.10.12,3.0.4,2,Intel(R) Xeon(R) CPU @ 2.60GHz,,,,,15.61648178100586,machine,Y,1.0
2025-08-08T10:16:48,scikit-learn-benchmark,2eed53e8-cb0e-4e4c-a6cb-5874de070ed5,scikit-learn_SCL001_d880725b,1.0021582669578493,7.671206585084465e-08,7.654685729801114e-08,1.7272709000000002,0.0,10.0,2.404952338074273e-07,0.0,1.391676380040331e-06,1.6321716138477585e-06,Canada,CAN,,gcp,northamerica-northeast2,Linux-6.8.0-1032-gcp-x86_64-with-glibc2.35,3.10.12,3.0.4,2,Intel(R) Xeon(R) CPU @ 2.60GHz,,,,,15.61648178100586,machine,Y,1.0
2025-08-08T10:16:50,scikit-learn-benchmark,ea849784-bbae-45a7-8fd6-406e0990c7db,scikit-learn_SCL001_d880725b,1.0021167201921344,7.6704110573802e-08,7.654209238131029e-08,1.7272709000000002,0.0,10.0,2.4046487418174343e-07,0.0,1.3915374784523414e-06,1.632002352634085e-06,Canada,CAN,,gcp,northamerica-northeast2,Linux-6.8.0-1032-gcp-x86_64-with-glibc2.35,3.10.12,3.0.4,2,Intel(R) Xeon(R) CPU @ 2.60GHz,,,,,15.61648178100586,machine,Y,1.0
2025-08-08T10:16:52,scikit-learn-benchmark,5cbf21e8-c080-4755-920f-a09095919b96,scikit-learn_SCL001_d880725b,1.0020906468853354,7.653556147904602e-08,7.637588646988302e-08,1.7000000000000002,0.0,10.0,2.366965552403903e-07,0.0,1.3917196464414398e-06,1.62841620168183e-06,Canada,CAN,,gcp,northamerica-northeast2,Linux-6.8.0-1032-gcp-x86_64-with-glibc2.35,3.10.12,3.0.4,2,Intel(R) Xeon(R) CPU @ 2.60GHz,,,,,15.61648178100586,machine,Y,1.0
2025-08-08T10:16:54,scikit-learn-benchmark,b25fc19c-37c2-4f96-b5b1-a266c86e8111,scikit-learn_SCL001_d880725b,1.001847401726991,7.648646146118538e-08,7.634542079895357e-08,1.7000000000000002,0.0,10.0,2.3654574577489666e-07,0.0,1.390825774675856e-06,1.6273715204507527e-06,Canada,CAN,,gcp,northamerica-northeast2,Linux-6.8.0-1032-gcp-x86_64-with-glibc2.35,3.10.12,3.0.4,2,Intel(R) Xeon(R) CPU @ 2.60GHz,,,,,15.61648178100586,machine,Y,1.0
2025-08-08T10:16:56,scikit-learn-benchmark,b5d929e5-c920-45b3-ad25-4bead47137d7,scikit-learn_SCL001_d880725b,1.0022046486847105,7.653309941475487e-08,7.63647419867755e-08,1.7000000000000002,0.0,10.0,2.366949590181725e-07,0.0,1.3916688583170375e-06,1.62836381733521e-06,Canada,CAN,,gcp,northamerica-northeast2,Linux-6.8.0-1032-gcp-x86_64-with-glibc2.35,3.10.12,3.0.4,2,Intel(R) Xeon(R) CPU @ 2.60GHz,,,,,15.61648178100586,machine,Y,1.0
2025-08-08T10:16:58,scikit-learn-benchmark,df91e757-6b73-4d1d-a52c-76a49504d8d4,scikit-learn_SCL001_d880725b,1.0019574328325689,7.650382771588759e-08,7.63543691667705e-08,1.7000000000000002,0.0,10.0,2.3659924021922053e-07,0.0,1.3911417750124303e-06,1.627741015231651e-06,Canada,CAN,,gcp,northamerica-northeast2,Linux-6.8.0-1032-gcp-x86_64-with-glibc2.35,3.10.12,3.0.4,2,Intel(R) Xeon(R) CPU @ 2.60GHz,,,,,15.61648178100586,machine,Y,1.0
2025-08-08T10:17:00,scikit-learn-benchmark,1c4318b5-277c-4d66-a14b-dfcca4677645,scikit-learn_SCL001_d880725b,1.0021869880147278,7.63575408607507e-08,7.619091224883134e-08,1.6732691000000002,0.0,10.0,2.329694702181955e-07,0.0,1.3916590587339467e-06,1.624628528952142e-06,Canada,CAN,,gcp,northamerica-northeast2,Linux-6.8.0-1032-gcp-x86_64-with-glibc2.35,3.10.12,3.0.4,2,Intel(R) Xeon(R) CPU @ 2.60GHz,,,,,15.61648178100586,machine,Y,1.0
2025-08-08T10:17:02,scikit-learn-benchmark,d19aded8-5edd-40fc-bbf0-e13bc4d645c4,scikit-learn_SCL001_d880725b,1.002100890967995,7.746204195023197e-08,7.729964382668725e-08,1.8418625,0.0,10.0,2.5647539306845773e-07,0.0,1.3916531590641373e-06,1.6481285521325951e-06,Canada,CAN,,gcp,northamerica-northeast2,Linux-6.8.0-1032-gcp-x86_64-with-glibc2.35,3.10.12,3.0.4,2,Intel(R) Xeon(R) CPU @ 2.60GHz,,,,,15.61648178100586,machine,Y,1.0
2025-08-08T10:17:05,scikit-learn-benchmark,c698fe61-7dd0-4017-86f4-a2130d60df3e,scikit-learn_SCL001_d880725b,1.0029196231625974,7.710181602746965e-08,7.68773630974908e-08,1.7834543000000005,0.0,10.0,2.486795089855536e-07,0.0,1.391784661811673e-06,1.6404641707972266e-06,Canada,CAN,,gcp,northamerica-northeast2,Linux-6.8.0-1032-gcp-x86_64-with-glibc2.35,3.10.12,3.0.4,2,Intel(R) Xeon(R) CPU @ 2.60GHz,,,,,15.61648178100586,machine,Y,1.0
2025-08-08T10:17:07,scikit-learn-benchmark,f253c0b3-eb63-496e-958c-ee06fd2b9049,scikit-learn_SCL001_d880725b,1.0021030199714005,7.65262447387213e-08,7.636564625950863e-08,1.7000000000000002,0.0,10.0,2.36669422321332e-07,0.0,1.3915485508429507e-06,1.628217973164283e-06,Canada,CAN,,gcp,northamerica-northeast2,Linux-6.8.0-1032-gcp-x86_64-with-glibc2.35,3.10.12,3.0.4,2,Intel(R) Xeon(R) CPU @ 2.60GHz,,,,,15.61648178100586,machine,Y,1.0
2025-08-08T10:17:09,scikit-learn-benchmark,6ad5b9b5-e6a8-40f7-b289-0721e9cea4ea,scikit-learn_SCL001_d880725b,1.0021689250133932,7.653031593817286e-08,7.636468665913795e-08,1.7000000000000002,0.0,10.0,2.366836423106078e-07,0.0,1.391620952118602e-06,1.62830459442921e-06,Canada,CAN,,gcp,northamerica-northeast2,Linux-6.8.0-1032-gcp-x86_64-with-glibc2.35,3.10.12,3.0.4,2,Intel(R) Xeon(R) CPU @ 2.60GHz,,,,,15.61648178100586,machine,Y,1.0
2025-08-08T10:17:11,scikit-learn-benchmark,6a1f8dcb-416e-4d0f-aef1-c41050e69fd6,scikit-learn_SCL001_d880725b,1.002204141113907,7.652978240234208e-08,7.636147094471443e-08,1.7000000000000002,0.0,10.0,2.366923372028397e-07,0.0,1.3916009054001834e-06,1.628293242603023e-06,Canada,CAN,,gcp,northamerica-northeast2,Linux-6.8.0-1032-gcp-x86_64-with-glibc2.35,3.10.12,3.0.4,2,Intel(R) Xeon(R) CPU @ 2.60GHz,,,,,15.61648178100586,machine,Y,1.0
2025-08-08T10:17:13,scikit-learn-benchmark,a66584e4-fe2e-4e2e-b172-3ac7a1ab8a07,scikit-learn_SCL001_d880725b,1.0022042910568416,7.653055288417575e-08,7.636222830723764e-08,1.7000000000000002,0.0,10.0,2.3669497660982122e-07,0.0,1.3916146592237055e-06,1.6283096358335266e-06,Canada,CAN,,gcp,northamerica-northeast2,Linux-6.8.0-1032-gcp-x86_64-with-glibc2.35,3.10.12,3.0.4,2,Intel(R) Xeon(R) CPU @ 2.60GHz,,,,,15.61648178100586,machine,Y,1.0
2025-08-08T10:17:15,scikit-learn-benchmark,cd8bab4e-1d6d-45cc-ba01-02336cf7a70e,scikit-learn_SCL001_d880725b,1.0021004700101912,7.670528868643544e-08,7.654450924033135e-08,1.7272709000000002,0.0,10.0,2.404680465664619e-07,0.0,1.3915593722938666e-06,1.6320274188603283e-06,Canada,CAN,,gcp,northamerica-northeast2,Linux-6.8.0-1032-gcp-x86_64-with-glibc2.35,3.10.12,3.0.4,2,Intel(R) Xeon(R) CPU @ 2.60GHz,,,,,15.61648178100586,machine,Y,1.0
2025-08-08T10:17:17,scikit-learn-benchmark,30be7254-f240-4d97-ba7a-045e3ec7501f,scikit-learn_SCL001_d880725b,1.002188158687204,7.652804020832346e-08,7.636095033149244e-08,1.7000000000000002,0.0,10.0,2.366825505289146e-07,0.0,1.391573624116265e-06,1.6282561746451797e-06,Canada,CAN,,gcp,northamerica-northeast2,Linux-6.8.0-1032-gcp-x86_64-with-glibc2.35,3.10.12,3.0.4,2,Intel(R) Xeon(R) CPU @ 2.60GHz,,,,,15.61648178100586,machine,Y,1.0
2025-08-08T10:17:20,scikit-learn-benchmark,2c5f1ed7-ee49-4a6d-a30d-f5710c75aace,scikit-learn_SCL001_d880725b,1.002127778250724,7.652452654096608e-08,7.636204504234418e-08,1.7000000000000002,0.0,10.0,2.3667178773838613e-07,0.0,1.3915096280268496e-06,1.6281814157652358e-06,Canada,CAN,,gcp,northamerica-northeast2,Linux-6.8.0-1032-gcp-x86_64-with-glibc2.35,3.10.12,3.0.4,2,Intel(R) Xeon(R) CPU @ 2.60GHz,,,,,15.61648178100586,machine,Y,1.0
2025-08-08T10:17:22,scikit-learn-benchmark,cfde2218-7e54-4212-9a37-f8787509ad73,scikit-learn_SCL001_d880725b,1.0021231770515442,7.635250602976245e-08,7.619073959990374e-08,1.6732691000000002,0.0,10.0,2.329504078780596e-07,0.0,1.3915709970105029e-06,1.6245214048885623e-06,Canada,CAN,,gcp,northamerica-northeast2,Linux-6.8.0-1032-gcp-x86_64-with-glibc2.35,3.10.12,3.0.4,2,Intel(R) Xeon(R) CPU @ 2.60GHz,,,,,15.61648178100586,machine,Y,1.0
2025-08-08T10:17:24,scikit-learn-benchmark,d7c0c66e-ccf9-4ce2-86fa-14a8e0d16e2d,scikit-learn_SCL001_d880725b,1.002248287666589,7.671110191365234e-08,7.653902017857204e-08,1.7272709000000002,0.0,10.0,2.404870942801592e-07,0.0,1.3916640102656353e-06,1.6321511045457945e-06,Canada,CAN,,gcp,northamerica-northeast2,Linux-6.8.0-1032-gcp-x86_64-with-glibc2.35,3.10.12,3.0.4,2,Intel(R) Xeon(R) CPU @ 2.60GHz,,,,,15.61648178100586,machine,Y,1.0
2025-08-08T10:17:26,scikit-learn-benchmark,1dc60209-1c02-4b44-8122-d041903567ed,scikit-learn_SCL001_d880725b,1.002189558930695,7.653135035215463e-08,7.636414655308445e-08,1.7000000000000002,0.0,10.0,2.3668840612905722e-07,0.0,1.3916381971082757e-06,1.628326603237333e-06,Canada,CAN,,gcp,northamerica-northeast2,Linux-6.8.0-1032-gcp-x86_64-with-glibc2.35,3.10.12,3.0.4,2,Intel(R) Xeon(R) CPU @ 2.60GHz,,,,,15.61648178100586,machine,Y,1.0
2025-08-08T10:17:28,scikit-learn-benchmark,e2ad213c-6f88-4ef3-99b4-6264af91358b,scikit-learn_SCL001_d880725b,1.0021241758950057,7.652759212304633e-08,7.636537862655484e-08,1.7000000000000002,0.0,10.0,2.3667054620778402e-07,0.0,1.391576094708095e-06,1.628246640915879e-06,Canada,CAN,,gcp,northamerica-northeast2,Linux-6.8.0-1032-gcp-x86_64-with-glibc2.35,3.10.12,3.0.4,2,Intel(R) Xeon(R) CPU @ 2.60GHz,,,,,15.61648178100586,machine,Y,1.0
2025-08-08T10:17:30,scikit-learn-benchmark,7d828dee-244e-48cc-a80f-169759ca634f,scikit-learn_SCL001_d880725b,1.0021302653476596,7.671043749437815e-08,7.654737128188192e-08,1.7272709000000002,0.0,10.0,2.404845539594149e-07,0.0,1.3916524140060778e-06,1.6321369679654926e-06,Canada,CAN,,gcp,northamerica-northeast2,Linux-6.8.0-1032-gcp-x86_64-with-glibc2.35,3.10.12,3.0.4,2,Intel(R) Xeon(R) CPU @ 2.60GHz,,,,,15.61648178100586,machine,Y,1.0
2025-08-08T10:17:32,scikit-learn-benchmark,111b6d08-5196-4c70-bf66-aead5b70454c,scikit-learn_SCL001_d880725b,1.0021434570662675,7.63527104136474e-08,7.618940170219413e-08,1.6732691000000002,0.0,10.0,2.329511307808341e-07,0.0,1.3915746227010256e-06,1.6245257534818597e-06,Canada,CAN,,gcp,northamerica-northeast2,Linux-6.8.0-1032-gcp-x86_64-with-glibc2.35,3.10.12,3.0.4,2,Intel(R) Xeon(R) CPU @ 2.60GHz,,,,,15.61648178100586,machine,Y,1.0
2025-08-08T10:17:34,scikit-learn-benchmark,ae571f98-5501-454b-b237-75f97f9b88ac,scikit-learn_SCL001_d880725b,1.0021311761811376,7.652775686200605e-08,7.636500957253273e-08,1.7000000000000002,0.0,10.0,2.366769513270509e-07,0.0,1.391573194673078e-06,1.6282501460001289e-06,Canada,CAN,,gcp,northamerica-northeast2,Linux-6.8.0-1032-gcp-x86_64-with-glibc2.35,3.10.12,3.0.4,2,Intel(R) Xeon(R) CPU @ 2.60GHz,,,,,15.61648178100586,machine,Y,1.0
2025-08-08T10:17:37,scikit-learn-benchmark,df54e3ec-7f88-4c43-a8ea-1810e986888c,scikit-learn_SCL001_d880725b,1.001981428358704,9.129773324566937e-08,9.111719105933897e-08,3.9606272000000007,0.0,10.0,5.51260006174644e-07,0.0,1.3912449564991723e-06,1.9425049626738164e-06,Canada,CAN,,gcp,northamerica-northeast2,Linux-6.8.0-1032-gcp-x86_64-with-glibc2.35,3.10.12,3.0.4,2,Intel(R) Xeon(R) CPU @ 2.60GHz,,,,,15.61648178100586,machine,Y,1.0
2025-08-08T10:17:39,scikit-learn-benchmark,6764aef6-bf53-4cc9-976e-71100d2e24dd,scikit-learn_SCL001_d880725b,1.002090057823807,7.670589491490446e-08,7.65459095377946e-08,1.7272709000000002,0.0,10.0,2.404667035701564e-07,0.0,1.3915736137682365e-06,1.6320403173383929e-06,Canada,CAN,,gcp,northamerica-northeast2,Linux-6.8.0-1032-gcp-x86_64-with-glibc2.35,3.10.12,3.0.4,2,Intel(R) Xeon(R) CPU @ 2.60GHz,,,,,15.61648178100586,machine,Y,1.0
2025-08-08T10:17:41,scikit-learn-benchmark,b366cdff-a0d6-49eb-93cf-d96d87d2dfd4,scikit-learn_SCL001_d880725b,1.0021491013467312,7.689173254687326e-08,7.672683879429e-08,1.7550872000000004,0.0,10.0,2.443544088554568e-07,0.0,1.3916399006524846e-06,1.6359943095079412e-06,Canada,CAN,,gcp,northamerica-northeast2,Linux-6.8.0-1032-gcp-x86_64-with-glibc2.35,3.10.12,3.0.4,2,Intel(R) Xeon(R) CPU @ 2.60GHz,,,,,15.61648178100586,machine,Y,1.0
2025-08-08T10:17:43,scikit-learn-benchmark,f5228c7c-bfdf-4e73-a68d-58cd27da1bf4,scikit-learn_SCL001_d880725b,1.0018274718895557,7.669459599963612e-08,7.655469444751976e-08,1.7272709000000002,0.0,10.0,2.4043663126659013e-07,0.0,1.3913632836192849e-06,1.6317999148858748e-06,Canada,CAN,,gcp,northamerica-northeast2,Linux-6.8.0-1032-gcp-x86_64-with-glibc2.35,3.10.12,3.0.4,2,Intel(R) Xeon(R) CPU @ 2.60GHz,,,,,15.61648178100586,machine,Y,1.0
2025-08-08T10:17:45,scikit-learn-benchmark,0ece07f7-1c28-4e0d-b79b-16b1f8ee0f31,scikit-learn_SCL001_d880725b,1.001642230898142,7.652833777694548e-08,7.640286662866129e-08,1.7000000000000002,0.0,10.0,2.366777447104041e-07,0.0,1.391584761182053e-06,1.6282625058924572e-06,Canada,CAN,,gcp,northamerica-northeast2,Linux-6.8.0-1032-gcp-x86_64-with-glibc2.35,3.10.12,3.0.4,2,Intel(R) Xeon(R) CPU @ 2.60GHz,,,,,15.61648178100586,machine,Y,1.0
2025-08-08T10:17:47,scikit-learn-benchmark,a2c712f4-e20c-407b-bd1f-068b4fbef859,scikit-learn_SCL001_d880725b,1.002551549114287,7.676601683405527e-08,7.65706430775304e-08,1.7272709000000002,0.0,10.0,2.406575122670229e-07,0.0,1.3926619948405358e-06,1.6333195071075586e-06,Canada,CAN,,gcp,northamerica-northeast2,Linux-6.8.0-1032-gcp-x86_64-with-glibc2.35,3.10.12,3.0.4,2,Intel(R) Xeon(R) CPU @ 2.60GHz,,,,,15.61648178100586,machine,Y,1.0
2025-08-08T10:17:49,scikit-learn-benchmark,a70ac38e-0504-47b6-a783-33e5c0f81878,scikit-learn_SCL001_d880725b,1.0021704067476094,7.653208780728489e-08,7.63663417837871e-08,1.7000000000000002,0.0,10.0,2.3668778558365173e-07,0.0,1.391654508188367e-06,1.6283422937720188e-06,Canada,CAN,,gcp,northamerica-northeast2,Linux-6.8.0-1032-gcp-x86_64-with-glibc2.35,3.10.12,3.0.4,2,Intel(R) Xeon(R) CPU @ 2.60GHz,,,,,15.61648178100586,machine,Y,1.0
2025-08-08T10:17:52,scikit-learn-benchmark,d1c27abe-b09e-452f-9055-fcdb2f673986,scikit-learn_SCL001_d880725b,1.0021432740613818,7.652879325059864e-08,7.63651218657096e-08,1.7000000000000002,0.0,10.0,2.366801635620909e-07,0.0,1.3915920332591569e-06,1.6282721968212477e-06,Canada,CAN,,gcp,northamerica-northeast2,Linux-6.8.0-1032-gcp-x86_64-with-glibc2.35,3.10.12,3.0.4,2,Intel(R) Xeon(R) CPU @ 2.60GHz,,,,,15.61648178100586,machine,Y,1.0
2025-08-08T10:17:54,scikit-learn-benchmark,f302c614-6e26-4ca4-a715-1a5fdb3c6f72,scikit-learn_SCL001_d880725b,1.002172044944018,7.653468722436164e-08,7.636881073512373e-08,1.7000000000000002,0.0,10.0,2.3669761403774225e-07,0.0,1.3916999864805903e-06,1.6283976005183328e-06,Canada,CAN,,gcp,northamerica-northeast2,Linux-6.8.0-1032-gcp-x86_64-with-glibc2.35,3.10.12,3.0.4,2,Intel(R) Xeon(R) CPU @ 2.60GHz,,,,,15.61648178100586,machine,Y,1.0
2025-08-08T10:17:56,scikit-learn-benchmark,73340890-de43-4fbc-b68c-83a2cd584687,scikit-learn_SCL001_d880725b,1.0021476866677403,7.671017848029268e-08,7.6545782124552e-08,1.7272709000000002,0.0,10.0,2.404857653595095e-07,0.0,1.391645691667994e-06,1.6321314570275037e-06,Canada,CAN,,gcp,northamerica-northeast2,Linux-6.8.0-1032-gcp-x86_64-with-glibc2.35,3.10.12,3.0.4,2,Intel(R) Xeon(R) CPU @ 2.60GHz,,,,,15.61648178100586,machine,Y,1.0
2025-08-08T10:17:58,scikit-learn-benchmark,b3a3ffa1-be89-42dc-b2b6-953555659c8b,scikit-learn_SCL001_d880725b,1.0021772990003228,7.652893750175523e-08,7.636267312988755e-08,1.7000000000000002,0.0,10.0,2.366949686935793e-07,0.0,1.391580297301213e-06,1.6282752659947922e-06,Canada,CAN,,gcp,northamerica-northeast2,Linux-6.8.0-1032-gcp-x86_64-with-glibc2.35,3.10.12,3.0.4,2,Intel(R) Xeon(R) CPU @ 2.60GHz,,,,,15.61648178100586,machine,Y,1.0
2025-08-08T10:18:00,scikit-learn-benchmark,58627141-532e-45fa-8702-e2243118d863,scikit-learn_SCL001_d880725b,1.0021743262186646,7.689437957921448e-08,7.672754885803855e-08,1.7550872000000004,0.0,10.0,2.4436380685028946e-07,0.0,1.391686822494699e-06,1.6360506293449883e-06,Canada,CAN,,gcp,northamerica-northeast2,Linux-6.8.0-1032-gcp-x86_64-with-glibc2.35,3.10.12,3.0.4,2,Intel(R) Xeon(R) CPU @ 2.60GHz,,,,,15.61648178100586,machine,Y,1.0
2025-08-08T10:18:02,scikit-learn-benchmark,ddc2fa40-9fa5-4300-a5ab-2327dfb42c50,scikit-learn_SCL001_d880725b,1.0029407739639282,7.68780201271084e-08,7.665260215043705e-08,1.7272709000000002,0.0,10.0,2.410366226300548e-07,0.0,1.394665933265868e-06,1.635702555895923e-06,Canada,CAN,,gcp,northamerica-northeast2,Linux-6.8.0-1032-gcp-x86_64-with-glibc2.35,3.10.12,3.0.4,2,Intel(R) Xeon(R) CPU @ 2.60GHz,,,,,15.61648178100586,machine,Y,1.0
2025-08-08T10:18:04,scikit-learn-benchmark,7dd7e04f-f98b-463a-9d1f-be1d1c6ac523,scikit-learn_SCL001_d880725b,1.0015407050959766,7.64656555049587e-08,7.634802571267543e-08,1.7000000000000002,0.0,10.0,2.364778261786948e-07,0.0,1.3904510143523416e-06,1.6269288405310363e-06,Canada,CAN,,gcp,northamerica-northeast2,Linux-6.8.0-1032-gcp-x86_64-with-glibc2.35,3.10.12,3.0.4,2,Intel(R) Xeon(R) CPU @ 2.60GHz,,,,,15.61648178100586,machine,Y,1.0
2025-08-08T10:18:07,scikit-learn-benchmark,21c88491-a5a7-4d82-a7d2-014dd1885f25,scikit-learn_SCL001_d880725b,1.0021300879307091,7.652813721290377e-08,7.636547204258295e-08,1.7000000000000002,0.0,10.0,2.3667470751226778e-07,0.0,1.3915835310601525e-06,1.6282582385724205e-06,Canada,CAN,,gcp,northamerica-northeast2,Linux-6.8.0-1032-gcp-x86_64-with-glibc2.35,3.10.12,3.0.4,2,Intel(R) Xeon(R) CPU @ 2.60GHz,,,,,15.61648178100586,machine,Y,1.0
2025-08-08T10:18:09,scikit-learn-benchmark,89d6f6a3-09d0-474d-b47d-14025e218b74,scikit-learn_SCL001_d880725b,1.0021563251502812,7.65330747065859e-08,7.63683996058291e-08,1.7000000000000002,0.0,10.0,2.3669108313818778e-07,0.0,1.391672208491299e-06,1.6283632916294868e-06,Canada,CAN,,gcp,northamerica-northeast2,Linux-6.8.0-1032-gcp-x86_64-with-glibc2.35,3.10.12,3.0.4,2,Intel(R) Xeon(R) CPU @ 2.60GHz,,,,,15.61648178100586,machine,Y,1.0
2025-08-08T10:18:11,scikit-learn-benchmark,a6c486de-b7cd-447a-a063-37911173c8cd,scikit-learn_SCL001_d880725b,1.002158374991268,7.652874253933421e-08,7.636392056295597e-08,1.7000000000000002,0.0,10.0,2.3667788940171402e-07,0.0,1.3915932284564607e-06,1.6282711178581747e-06,Canada,CAN,,gcp,northamerica-northeast2,Linux-6.8.0-1032-gcp-x86_64-with-glibc2.35,3.10.12,3.0.4,2,Intel(R) Xeon(R) CPU @ 2.60GHz,,,,,15.61648178100586,machine,Y,1.0
2025-08-08T10:18:13,scikit-learn-benchmark,71a0c2f4-e78b-440e-9d3f-7070bd3b4e74,scikit-learn_SCL001_d880725b,1.0021113376133144,7.652444523600085e-08,7.636321670429938e-08,1.7000000000000002,0.0,10.0,2.3666148321030455e-07,0.0,1.391518202662054e-06,1.6281796858723586e-06,Canada,CAN,,gcp,northamerica-northeast2,Linux-6.8.0-1032-gcp-x86_64-with-glibc2.35,3.10.12,3.0.4,2,Intel(R) Xeon(R) CPU @ 2.60GHz,,,,,15.61648178100586,machine,Y,1.0
2025-08-08T10:18:15,scikit-learn-benchmark,c57f21f5-f78d-418d-8488-954e73c11ba8,scikit-learn_SCL001_d880725b,1.0020280401222408,7.653146985988133e-08,7.63765751011768e-08,1.7000000000000002,0.0,10.0,2.3668425625914505e-07,0.0,1.3916448896957768e-06,1.628329145954922e-06,Canada,CAN,,gcp,northamerica-northeast2,Linux-6.8.0-1032-gcp-x86_64-with-glibc2.35,3.10.12,3.0.4,2,Intel(R) Xeon(R) CPU @ 2.60GHz,,,,,15.61648178100586,machine,Y,1.0
2025-08-08T10:18:17,scikit-learn-benchmark,f6ccab67-9c2c-494a-a588-261a6fb1718e,scikit-learn_SCL001_d880725b,1.002160809002817,7.653203438275442e-08,7.636701983876854e-08,1.7000000000000002,0.0,10.0,2.36687723792986e-07,0.0,1.3916534332868957e-06,1.6283411570798814e-06,Canada,CAN,,gcp,northamerica-northeast2,Linux-6.8.0-1032-gcp-x86_64-with-glibc2.35,3.10.12,3.0.4,2,Intel(R) Xeon(R) CPU @ 2.60GHz,,,,,15.61648178100586,machine,Y,1.0
2025-08-08T10:18:19,scikit-learn-benchmark,2b7c9e56-f9ba-4374-821c-120ae5878f2f,scikit-learn_SCL001_d880725b,1.0028286091983318,7.681396198664677e-08,7.659729816449134e-08,1.7272709000000002,0.0,10.0,2.4083035506488377e-07,0.0,1.3935092616722817e-06,1.6343396167371657e-06,Canada,CAN,,gcp,northamerica-northeast2,Linux-6.8.0-1032-gcp-x86_64-with-glibc2.35,3.10.12,3.0.4,2,Intel(R) Xeon(R) CPU @ 2.60GHz,,,,,15.61648178100586,machine,Y,1.0
2025-08-08T10:18:22,scikit-learn-benchmark,2456c07b-1cef-4562-97d9-146aa772f6ad,scikit-learn_SCL001_d880725b,1.0015174117870629,7.683535160577316e-08,7.671893738589288e-08,1.7550872000000004,0.0,10.0,2.441806622993936e-07,0.0,1.3906140527170566e-06,1.6347947150164502e-06,Canada,CAN,,gcp,northamerica-northeast2,Linux-6.8.0-1032-gcp-x86_64-with-glibc2.35,3.10.12,3.0.4,2,Intel(R) Xeon(R) CPU @ 2.60GHz,,,,,15.61648178100586,machine,Y,1.0
2025-08-08T10:18:24,scikit-learn-benchmark,c2d6d762-6b54-4ad5-b60f-393d48b18fa7,scikit-learn_SCL001_d880725b,1.002026674337685,7.668577862046994e-08,7.653067586365137e-08,1.7272709000000002,0.0,10.0,2.404288438541412e-07,0.0,1.391183467219687e-06,1.6316123110738285e-06,Canada,CAN,,gcp,northamerica-northeast2,Linux-6.8.0-1032-gcp-x86_64-with-glibc2.35,3.10.12,3.0.4,2,Intel(R) Xeon(R) CPU @ 2.60GHz,,,,,15.61648178100586,machine,Y,1.0
2025-08-08T10:18:26,scikit-learn-benchmark,c677ece6-1612-403c-8141-e50d0d20d02b,scikit-learn_SCL001_d880725b,1.0032543339766562,7.687015551155494e-08,7.66208058198566e-08,1.7272709000000002,0.0,10.0,2.4099396601989885e-07,0.0,1.394541257630206e-06,1.6355352236501048e-06,Canada,CAN,,gcp,northamerica-northeast2,Linux-6.8.0-1032-gcp-x86_64-with-glibc2.35,3.10.12,3.0.4,2,Intel(R) Xeon(R) CPU @ 2.60GHz,,,,,15.61648178100586,machine,Y,1.0
2025-08-08T10:18:28,scikit-learn-benchmark,f534ab6c-9da3-462c-b84d-cc5baf0d26b7,scikit-learn_SCL001_d880725b,1.0020958981476724,7.652650873652766e-08,7.636645243033458e-08,1.7000000000000002,0.0,10.0,2.366697708558705e-07,0.0,1.3915538192830151e-06,1.6282235901388858e-06,Canada,CAN,,gcp,northamerica-northeast2,Linux-6.8.0-1032-gcp-x86_64-with-glibc2.35,3.10.12,3.0.4,2,Intel(R) Xeon(R) CPU @ 2.60GHz,,,,,15.61648178100586,machine,Y,1.0
2025-08-08T10:18:30,scikit-learn-benchmark,de45f349-3a26-4a80-b654-5ddd8cb370bd,scikit-learn_SCL001_d880725b,1.0021403962746265,7.652939956859015e-08,7.636594618187417e-08,1.7000000000000002,0.0,10.0,2.366814857943813e-07,0.0,1.391603611409664e-06,1.6282850972040451e-06,Canada,CAN,,gcp,northamerica-northeast2,Linux-6.8.0-1032-gcp-x86_64-with-glibc2.35,3.10.12,3.0.4,2,Intel(R) Xeon(R) CPU @ 2.60GHz,,,,,15.61648178100586,machine,Y,1.0
2025-08-08T10:18:32,scikit-learn-benchmark,60ef6575-2c90-4522-9be1-60f8d472795f,scikit-learn_SCL001_d880725b,1.002072622999549,7.65263958013125e-08,7.636811349285505e-08,1.7000000000000002,0.0,10.0,2.366668143594224e-07,0.0,1.3915543729025456e-06,1.628221187261968e-06,Canada,CAN,,gcp,northamerica-northeast2,Linux-6.8.0-1032-gcp-x86_64-with-glibc2.35,3.10.12,3.0.4,2,Intel(R) Xeon(R) CPU @ 2.60GHz,,,,,15.61648178100586,machine,Y,1.0
2025-08-08T10:18:34,scikit-learn-benchmark,e038f928-4315-4683-8cec-3c7dae9376f9,scikit-learn_SCL001_d880725b,1.002060867846012,7.634799209594902e-08,7.619097257042223e-08,1.6732691000000002,0.0,10.0,2.329331941345095e-07,0.0,1.3914921696090864e-06,1.624425363743596e-06,Canada,CAN,,gcp,northamerica-northeast2,Linux-6.8.0-1032-gcp-x86_64-with-glibc2.35,3.10.12,3.0.4,2,Intel(R) Xeon(R) CPU @ 2.60GHz,,,,,15.61648178100586,machine,Y,1.0
2025-08-08T10:18:37,scikit-learn-benchmark,1f95d9b2-f717-4b13-90b0-056b45c22892,scikit-learn_SCL001_d880725b,1.0020981719717383,7.670309846062294e-08,7.654249913429258e-08,1.7272709000000002,0.0,10.0,2.404583651963217e-07,0.0,1.3915224531148045e-06,1.631980818311126e-06,Canada,CAN,,gcp,northamerica-northeast2,Linux-6.8.0-1032-gcp-x86_64-with-glibc2.35,3.10.12,3.0.4,2,Intel(R) Xeon(R) CPU @ 2.60GHz,,,,,15.61648178100586,machine,Y,1.0
2025-08-08T10:18:39,scikit-learn-benchmark,f9908f1a-7f0a-4d2e-bd87-a69cafa78f55,scikit-learn_SCL001_d880725b,1.0021540853194892,7.670700709174944e-08,7.654212881574499e-08,1.7272709000000002,0.0,10.0,2.4048304697054764e-07,0.0,1.3915809337049723e-06,1.63206398067552e-06,Canada,CAN,,gcp,northamerica-northeast2,Linux-6.8.0-1032-gcp-x86_64-with-glibc2.35,3.10.12,3.0.4,2,Intel(R) Xeon(R) CPU @ 2.60GHz,,,,,15.61648178100586,machine,Y,1.0
2025-08-08T10:18:41,scikit-learn-benchmark,61ca3e61-63dd-4da1-bb1f-3ff74c2a7345,scikit-learn_SCL001_d880725b,1.0020492170006037,7.634577607336108e-08,7.618964695355386e-08,1.6732691000000002,0.0,10.0,2.329272596221823e-07,0.0,1.391450954704649e-06,1.6243782143268313e-06,Canada,CAN,,gcp,northamerica-northeast2,Linux-6.8.0-1032-gcp-x86_64-with-glibc2.35,3.10.12,3.0.4,2,Intel(R) Xeon(R) CPU @ 2.60GHz,,,,,15.61648178100586,machine,Y,1.0
2025-08-08T10:18:43,scikit-learn-benchmark,70ff6689-e76c-4d13-8716-ed05d10cd08a,scikit-learn_SCL001_d880725b,1.0027935728430748,7.635006056907752e-08,7.613736529305159e-08,1.6732691000000002,0.0,10.0,2.329424024873655e-07,0.0,1.3915269713227948e-06,1.6244693738101602e-06,Canada,CAN,,gcp,northamerica-northeast2,Linux-6.8.0-1032-gcp-x86_64-with-glibc2.35,3.10.12,3.0.4,2,Intel(R) Xeon(R) CPU @ 2.60GHz,,,,,15.61648178100586,machine,Y,1.0
2025-08-08T10:18:45,scikit-learn-benchmark,b37014af-3621-4d67-a329-d99d9d7894af,scikit-learn_SCL001_d880725b,1.002151357010007,7.65315814959144e-08,7.63672881951206e-08,1.7000000000000002,0.0,10.0,2.366838349391603e-07,0.0,1.3916476862505078e-06,1.628331521189668e-06,Canada,CAN,,gcp,northamerica-northeast2,Linux-6.8.0-1032-gcp-x86_64-with-glibc2.35,3.10.12,3.0.4,2,Intel(R) Xeon(R) CPU @ 2.60GHz,,,,,15.61648178100586,machine,Y,1.0
2025-08-08T10:18:47,scikit-learn-benchmark,f50c7a52-d30a-4346-8d9c-f3b8fb39fbcf,scikit-learn_SCL001_d880725b,1.0028420826420188,7.703279399346505e-08,7.681448089067e-08,1.7550872000000004,0.0,10.0,2.448017787904613e-07,0.0,1.394193838091774e-06,1.6389956168822353e-06,Canada,CAN,,gcp,northamerica-northeast2,Linux-6.8.0-1032-gcp-x86_64-with-glibc2.35,3.10.12,3.0.4,2,Intel(R) Xeon(R) CPU @ 2.60GHz,,,,,15.61648178100586,machine,Y,1.0
2025-08-08T10:18:49,scikit-learn-benchmark,52bfd9cf-91cd-45d8-9305-961939da8a9d,scikit-learn_SCL001_d880725b,1.0021566217765212,7.653041790724578e-08,7.636572591974742e-08,1.7000000000000002,0.0,10.0,2.3668087844271213e-07,0.0,1.3916258855412404e-06,1.6283067639839529e-06,Canada,CAN,,gcp,northamerica-northeast2,Linux-6.8.0-1032-gcp-x86_64-with-glibc2.35,3.10.12,3.0.4,2,Intel(R) Xeon(R) CPU @ 2.60GHz,,,,,15.61648178100586,machine,Y,1.0
2025-08-08T10:18:51,scikit-learn-benchmark,8f17b0b9-5b4f-4ffd-8a25-bcb22807871a,scikit-learn_SCL001_d880725b,1.002098798751831,7.652825024539037e-08,7.63679692468552e-08,1.7000000000000002,0.0,10.0,2.3667548264428565e-07,0.0,1.3915851608746582e-06,1.6282606435189438e-06,Canada,CAN,,gcp,northamerica-northeast2,Linux-6.8.0-1032-gcp-x86_64-with-glibc2.35,3.10.12,3.0.4,2,Intel(R) Xeon(R) CPU @ 2.60GHz,,,,,15.61648178100586,machine,Y,1.0
2025-08-08T10:18:54,scikit-learn-benchmark,38b3a2d4-0df3-415d-b9fd-a4597839bd44,scikit-learn_SCL001_d880725b,1.0022480487823486,7.439516419233177e-08,7.422829536332445e-08,1.3724504,0.0,10.0,1.911046089828721e-07,0.0,1.3917712248965272e-06,1.5828758338793994e-06,Canada,CAN,,gcp,northamerica-northeast2,Linux-6.8.0-1032-gcp-x86_64-with-glibc2.35,3.10.12,3.0.4,2,Intel(R) Xeon(R) CPU @ 2.60GHz,,,,,15.61648178100586,machine,Y,1.0
2025-08-08T10:18:56,scikit-learn-benchmark,1797217b-01d6-4a78-9450-188755f54c98,scikit-learn_SCL001_d880725b,1.0017029871232808,7.140382734153859e-08,7.128243427385409e-08,0.9265472,0.0,10.0,1.288789194673085e-07,0.0,1.3903514495015973e-06,1.5192303689689058e-06,Canada,CAN,,gcp,northamerica-northeast2,Linux-6.8.0-1032-gcp-x86_64-with-glibc2.35,3.10.12,3.0.4,2,Intel(R) Xeon(R) CPU @ 2.60GHz,,,,,15.61648178100586,machine,Y,1.0
2025-08-08T10:18:58,scikit-learn-benchmark,79fb867d-ea72-4351-9a9a-30cbac83d5b8,scikit-learn_SCL001_d880725b,1.0018466478213668,7.65340795579444e-08,7.639300857509155e-08,1.7000000000000002,0.0,10.0,2.366952684112928e-07,0.0,1.3916894030343327e-06,1.6283846714456254e-06,Canada,CAN,,gcp,northamerica-northeast2,Linux-6.8.0-1032-gcp-x86_64-with-glibc2.35,3.10.12,3.0.4,2,Intel(R) Xeon(R) CPU @ 2.60GHz,,,,,15.61648178100586,machine,Y,1.0
2025-08-08T10:19:00,scikit-learn-benchmark,7ee8f63c-535e-45ca-abbc-0a4c28bd9ba6,scikit-learn_SCL001_d880725b,1.001581920310855,7.664861803992527e-08,7.652755754230898e-08,1.7272709000000002,0.0,10.0,2.402836708911602e-07,0.0,1.390537989532782e-06,1.630821660423942e-06,Canada,CAN,,gcp,northamerica-northeast2,Linux-6.8.0-1032-gcp-x86_64-with-glibc2.35,3.10.12,3.0.4,2,Intel(R) Xeon(R) CPU @ 2.60GHz,,,,,15.61648178100586,machine,Y,1.0
2025-08-08T10:19:02,scikit-learn-benchmark,a93154ff-2c59-4fc0-a31d-fd01e3e4c081,scikit-learn_SCL001_d880725b,1.0073284269310534,1.1873129876666805e-07,1.178675152932965e-07,8.0,0.0,10.0,1.1231008047858874e-06,0.0,1.403097041313433e-06,2.52619784609932e-06,Canada,CAN,,gcp,northamerica-northeast2,Linux-6.8.0-1032-gcp-x86_64-with-glibc2.35,3.10.12,3.0.4,2,Intel(R) Xeon(R) CPU @ 2.60GHz,,,,,15.61648178100586,machine,Y,1.0
2025-08-08T10:19:04,scikit-learn-benchmark,839b18c6-faa3-4417-b6f1-b8b1736265a4,scikit-learn_SCL001_d880725b,1.003763490356505,9.979247842199832e-08,9.941831853891717e-08,5.221699999999999,0.0,10.0,7.293676710255029e-07,0.0,1.3938765507191422e-06,2.123244221744645e-06,Canada,CAN,,gcp,northamerica-northeast2,Linux-6.8.0-1032-gcp-x86_64-with-glibc2.35,3.10.12,3.0.4,2,Intel(R) Xeon(R) CPU @ 2.60GHz,,,,,15.61648178100586,machine,Y,1.0
2025-08-08T10:19:07,scikit-learn-benchmark,8d0a1daa-2227-451e-a712-e455b4f93c07,scikit-learn_SCL001_d880725b,1.0032489830628035,8.23231551125582e-08,8.205655475596408e-08,2.5493884928000003,0.0,10.0,3.55963203091541e-07,0.0,1.3955932886650164e-06,1.7515564917565577e-06,Canada,CAN,,gcp,northamerica-northeast2,Linux-6.8.0-1032-gcp-x86_64-with-glibc2.35,3.10.12,3.0.4,2,Intel(R) Xeon(R) CPU @ 2.60GHz,,,,,15.61648178100586,machine,Y,1.0
2025-08-08T10:19:09,scikit-learn-benchmark,c04bcdb7-38dd-4eb2-9a54-d4d5a11033be,scikit-learn_SCL001_d880725b,1.00652007618919,1.1335052050644777e-07,1.1261625395054897e-07,7.170099199999999,0.0,10.0,1.007391654149797e-06,0.0,1.404321548115048e-06,2.411713202264845e-06,Canada,CAN,,gcp,northamerica-northeast2,Linux-6.8.0-1032-gcp-x86_64-with-glibc2.35,3.10.12,3.0.4,2,Intel(R) Xeon(R) CPU @ 2.60GHz,,,,,15.61648178100586,machine,Y,1.0
2025-08-08T10:19:11,scikit-learn-benchmark,f74ffcd0-4b24-499d-9edd-75aba8c68917,scikit-learn_SCL001_d880725b,1.0034573688171804,1.0733228565562529e-07,1.0696247692330229e-07,6.4065536000000005,0.0,10.0,8.920307807367644e-07,0.0,1.3916348715105818e-06,2.2836656522473465e-06,Canada,CAN,,gcp,northamerica-northeast2,Linux-6.8.0-1032-gcp-x86_64-with-glibc2.35,3.10.12,3.0.4,2,Intel(R) Xeon(R) CPU @ 2.60GHz,,,,,15.61648178100586,machine,Y,1.0
2025-08-08T10:19:13,scikit-learn-benchmark,dd80e9e1-12c2-4c74-b3f5-56e3f911fd63,scikit-learn_SCL001_d880725b,1.0045654037967324,1.1766374012765785e-07,1.1712899895113885e-07,8.0,0.0,10.0,1.1129263912638028e-06,0.0,1.3905574412395557e-06,2.5034838325033583e-06,Canada,CAN,,gcp,northamerica-northeast2,Linux-6.8.0-1032-gcp-x86_64-with-glibc2.35,3.10.12,3.0.4,2,Intel(R) Xeon(R) CPU @ 2.60GHz,,,,,15.61648178100586,machine,Y,1.0
2025-08-08T10:19:16,scikit-learn-benchmark,e2938769-ce20-4988-9adc-49438f591d65,scikit-learn_SCL001_d880725b,1.0031343908049166,1.0419887556751321e-07,1.038732960634555e-07,5.8929053912,0.0,10.0,8.222674722981322e-07,0.0,1.3947298802021475e-06,2.21699735250028e-06,Canada,CAN,,gcp,northamerica-northeast2,Linux-6.8.0-1032-gcp-x86_64-with-glibc2.35,3.10.12,3.0.4,2,Intel(R) Xeon(R) CPU @ 2.60GHz,,,,,15.61648178100586,machine,Y,1.0
2025-08-08T10:19:18,scikit-learn-benchmark,8459672f-985b-4dbd-8fc6-48ce4a1ce4f7,scikit-learn_SCL001_d880725b,1.0050437892787158,8.127461507221645e-08,8.086674027461462e-08,2.3552,0.0,10.0,3.297908205588659e-07,0.0,1.3994563086372282e-06,1.729247129196094e-06,Canada,CAN,,gcp,northamerica-northeast2,Linux-6.8.0-1032-gcp-x86_64-with-glibc2.35,3.10.12,3.0.4,2,Intel(R) Xeon(R) CPU @ 2.60GHz,,,,,15.61648178100586,machine,Y,1.0
2025-08-08T10:19:20,scikit-learn-benchmark,e3fed0f5-0ca2-4d1b-84c2-b33cabe1fc5b,scikit-learn_SCL001_d880725b,1.0021294127218423,7.689057846704346e-08,7.672719460274507e-08,1.7550872000000004,0.0,10.0,2.443525497792028e-07,0.0,1.391617204838743e-06,1.6359697546179455e-06,Canada,CAN,,gcp,northamerica-northeast2,Linux-6.8.0-1032-gcp-x86_64-with-glibc2.35,3.10.12,3.0.4,2,Intel(R) Xeon(R) CPU @ 2.60GHz,,,,,15.61648178100586,machine,Y,1.0
2025-08-08T10:19:22,scikit-learn-benchmark,371926de-4028-42c3-8498-5b7288f94080,scikit-learn_SCL001_d880725b,1.0020996681414545,7.65288608719e-08,7.636851233953042e-08,1.7000000000000002,0.0,10.0,2.366759497025568e-07,0.0,1.391597685869783e-06,1.62827363557234e-06,Canada,CAN,,gcp,northamerica-northeast2,Linux-6.8.0-1032-gcp-x86_64-with-glibc2.35,3.10.12,3.0.4,2,Intel(R) Xeon(R) CPU @ 2.60GHz,,,,,15.61648178100586,machine,Y,1.0
2025-08-08T10:19:24,scikit-learn-benchmark,d6bd228a-0f10-4989-aaae-8460c05e76dd,scikit-learn_SCL001_d880725b,1.0025914548896253,8.766201696354983e-08,8.743543198580372e-08,3.4097630984,0.0,10.0,4.744178718652752e-07,0.0,1.3907314252315295e-06,1.8651492970968048e-06,Canada,CAN,,gcp,northamerica-northeast2,Linux-6.8.0-1032-gcp-x86_64-with-glibc2.35,3.10.12,3.0.4,2,Intel(R) Xeon(R) CPU @ 2.60GHz,,,,,15.61648178100586,machine,Y,1.0
2025-08-08T10:19:26,scikit-learn-benchmark,196b4830-d1d7-46a3-9513-53a19e201bcf,scikit-learn_SCL001_d880725b,1.0060949176549911,1.1178286104470353e-07,1.1110568106759485e-07,6.953626512800001,0.0,10.0,9.757670373605364e-07,0.0,1.4025917082714536e-06,2.37835874563199e-06,Canada,CAN,,gcp,northamerica-northeast2,Linux-6.8.0-1032-gcp-x86_64-with-glibc2.35,3.10.12,3.0.4,2,Intel(R) Xeon(R) CPU @ 2.60GHz,,,,,15.61648178100586,machine,Y,1.0
2025-08-08T10:19:29,scikit-learn-benchmark,2cc5f955-e184-4b4f-ac29-9bc8750e86de,scikit-learn_SCL001_d880725b,1.0030641267076137,1.1637104880711093e-07,1.160155624237894e-07,7.786152800000002,0.0,10.0,1.0841695624006528e-06,0.0,1.391810199452771e-06,2.475979761853424e-06,Canada,CAN,,gcp,northamerica-northeast2,Linux-6.8.0-1032-gcp-x86_64-with-glibc2.35,3.10.12,3.0.4,2,Intel(R) Xeon(R) CPU @ 2.60GHz,,,,,15.61648178100586,machine,Y,1.0
2025-08-08T10:19:31,scikit-learn-benchmark,235dd851-2e58-4f95-bed9-2cc7a15b0e2a,scikit-learn_SCL001_d880725b,1.0044406410306692,1.0848927474360469e-07,1.0800964269255618e-07,6.591370400000001,0.0,10.0,9.172732659794284e-07,0.0,1.3910091753738624e-06,2.308282441353291e-06,Canada,CAN,,gcp,northamerica-northeast2,Linux-6.8.0-1032-gcp-x86_64-with-glibc2.35,3.10.12,3.0.4,2,Intel(R) Xeon(R) CPU @ 2.60GHz,,,,,15.61648178100586,machine,Y,1.0
2025-08-08T10:19:33,scikit-learn-benchmark,98579e0a-a75a-4ac4-bff9-98c58ef458f1,scikit-learn_SCL001_d880725b,1.0084007591940465,8.63407234649916e-08,8.562143837931907e-08,3.0639104,0.0,10.0,4.310077742429442e-07,0.0,1.406028895224962e-06,1.8370366694679064e-06,Canada,CAN,,gcp,northamerica-northeast2,Linux-6.8.0-1032-gcp-x86_64-with-glibc2.35,3.10.12,3.0.4,2,Intel(R) Xeon(R) CPU @ 2.60GHz,,,,,15.61648178100586,machine,Y,1.0
2025-08-08T10:19:36,scikit-learn-benchmark,13c5e7bf-3345-43fb-a536-51cdefec1ac8,scikit-learn_SCL001_d880725b,1.0043147201649845,1.1387426299345265e-07,1.1338503828236821e-07,7.371245600000002,0.0,10.0,1.02837573986626e-06,0.0,1.394480919568903e-06,2.422856659435163e-06,Canada,CAN,,gcp,northamerica-northeast2,Linux-6.8.0-1032-gcp-x86_64-with-glibc2.35,3.10.12,3.0.4,2,Intel(R) Xeon(R) CPU @ 2.60GHz,,,,,15.61648178100586,machine,Y,1.0
2025-08-08T10:19:38,scikit-learn-benchmark,8dab1564-0044-4a67-8905-d0647a5d8788,scikit-learn_SCL001_d880725b,1.005424475762993,1.0684439961525268e-07,1.0626795168694397e-07,6.225711200000001,0.0,10.0,8.725038124547748e-07,0.0,1.4007812857420908e-06,2.273285098196865e-06,Canada,CAN,,gcp,northamerica-northeast2,Linux-6.8.0-1032-gcp-x86_64-with-glibc2.35,3.10.12,3.0.4,2,Intel(R) Xeon(R) CPU @ 2.60GHz,,,,,15.61648178100586,machine,Y,1.0
2025-08-08T10:19:40,scikit-learn-benchmark,0bc2b925-8469-4936-9507-8eeaca062d5d,scikit-learn_SCL001_d880725b,1.0042290366254747,1.0103033139288625e-07,1.0060486971416397e-07,5.3796032,0.0,10.0,7.521311692382693e-07,0.0,1.3974503497593106e-06,2.14958151899758e-06,Canada,CAN,,gcp,northamerica-northeast2,Linux-6.8.0-1032-gcp-x86_64-with-glibc2.35,3.10.12,3.0.4,2,Intel(R) Xeon(R) CPU @ 2.60GHz,,,,,15.61648178100586,machine,Y,1.0
2025-08-08T10:19:42,scikit-learn-benchmark,afa188e8-eaee-41d7-8b76-59907d7174b1,scikit-learn_SCL001_d880725b,1.0053663421422243,1.0264962424063104e-07,1.0210171152329037e-07,5.6898903608,0.0,10.0,7.922696858108323e-07,0.0,1.391764872500466e-06,2.184034558311298e-06,Canada,CAN,,gcp,northamerica-northeast2,Linux-6.8.0-1032-gcp-x86_64-with-glibc2.35,3.10.12,3.0.4,2,Intel(R) Xeon(R) CPU @ 2.60GHz,,,,,15.61648178100586,machine,Y,1.0
2025-08-08T10:19:45,scikit-learn-benchmark,d1f25a2b-ab9d-4784-88d0-5433a8502c81,scikit-learn_SCL001_d880725b,1.003899292089045,1.1793735786341133e-07,1.1747927186798969e-07,8.0,0.0,10.0,1.1155303308947218e-06,0.0,1.393775155560838e-06,2.50930548645556e-06,Canada,CAN,,gcp,northamerica-northeast2,Linux-6.8.0-1032-gcp-x86_64-with-glibc2.35,3.10.12,3.0.4,2,Intel(R) Xeon(R) CPU @ 2.60GHz,,,,,15.61648178100586,machine,Y,1.0
2025-08-08T10:19:47,scikit-learn-benchmark,a0debca7-4a89-49a8-a6e4-722474291aff,scikit-learn_SCL001_d880725b,1.0037137810140848,1.0770761850605817e-07,1.073090960226108e-07,6.4065536000000005,0.0,10.0,8.950967025287418e-07,0.0,1.3965547550469635e-06,2.291651457575705e-06,Canada,CAN,,gcp,northamerica-northeast2,Linux-6.8.0-1032-gcp-x86_64-with-glibc2.35,3.10.12,3.0.4,2,Intel(R) Xeon(R) CPU @ 2.60GHz,,,,,15.61648178100586,machine,Y,1.0
2025-08-08T10:19:49,scikit-learn-benchmark,c36d0a76-5fb0-4717-981c-49dfc26838f4,scikit-learn_SCL001_d880725b,1.0047890720888972,1.0670584672411344e-07,1.0619726038846969e-07,6.225711200000001,0.0,10.0,8.713697612521768e-07,0.0,1.3989674030906625e-06,2.27033716434284e-06,Canada,CAN,,gcp,northamerica-northeast2,Linux-6.8.0-1032-gcp-x86_64-with-glibc2.35,3.10.12,3.0.4,2,Intel(R) Xeon(R) CPU @ 2.60GHz,,,,,15.61648178100586,machine,Y,1.0
2025-08-08T10:19:51,scikit-learn-benchmark,f7b3c9f3-1f1a-4bcd-96da-a1f36fef3a05,scikit-learn_SCL001_d880725b,1.0044110701419413,8.336031885485212e-08,8.299422550477449e-08,2.6874368000000004,0.0,10.0,3.758416474193004e-07,0.0,1.3977821580030852e-06,1.7736238054223856e-06,Canada,CAN,,gcp,northamerica-northeast2,Linux-6.8.0-1032-gcp-x86_64-with-glibc2.35,3.10.12,3.0.4,2,Intel(R) Xeon(R) CPU @ 2.60GHz,,,,,15.61648178100586,machine,Y,1.0
2025-08-08T10:19:54,scikit-learn-benchmark,0d994e96-07d9-4f51-baed-2c9dc7860544,scikit-learn_SCL001_d880725b,1.0092491321265695,1.0419931219530725e-07,1.032443911799566e-07,5.706598400000002,0.0,10.0,8.057657815300492e-07,0.0,1.4112408609232967e-06,2.217006642453346e-06,Canada,CAN,,gcp,northamerica-northeast2,Linux-6.8.0-1032-gcp-x86_64-with-glibc2.35,3.10.12,3.0.4,2,Intel(R) Xeon(R) CPU @ 2.60GHz,,,,,15.61648178100586,machine,Y,1.0
2025-08-08T10:19:56,scikit-learn-benchmark,416fe446-343c-4b36-940f-e9ff82e10102,scikit-learn_SCL001_d880725b,1.006414547096938,8.35226703824792e-08,8.29903250339587e-08,2.6874368000000004,0.0,10.0,3.765663490707875e-07,0.0,1.4005117441734508e-06,1.7770780932442385e-06,Canada,CAN,,gcp,northamerica-northeast2,Linux-6.8.0-1032-gcp-x86_64-with-glibc2.35,3.10.12,3.0.4,2,Intel(R) Xeon(R) CPU @ 2.60GHz,,,,,15.61648178100586,machine,Y,1.0
2025-08-08T10:19:58,scikit-learn-benchmark,ce08f4b9-8baa-4750-9ebb-56cab0895ad9,scikit-learn_SCL001_d880725b,1.0070272162556648,1.1611100620449289e-07,1.153007628097854e-07,7.576582399999999,0.0,10.0,1.065189362771949e-06,0.0,1.4052575777491762e-06,2.470446940521125e-06,Canada,CAN,,gcp,northamerica-northeast2,Linux-6.8.0-1032-gcp-x86_64-with-glibc2.35,3.10.12,3.0.4,2,Intel(R) Xeon(R) CPU @ 2.60GHz,,,,,15.61648178100586,machine,Y,1.0
2025-08-08T10:20:00,scikit-learn-benchmark,4af78210-4e95-4efb-8a8e-1ca80bd92ddb,scikit-learn_SCL001_d880725b,1.003483165986836,8.440941905449804e-08,8.411642757503453e-08,2.8699712,0.0,10.0,4.006643830880333e-07,0.0,1.3952807031778826e-06,1.795945086265916e-06,Canada,CAN,,gcp,northamerica-northeast2,Linux-6.8.0-1032-gcp-x86_64-with-glibc2.35,3.10.12,3.0.4,2,Intel(R) Xeon(R) CPU @ 2.60GHz,,,,,15.61648178100586,machine,Y,1.0
2025-08-08T10:20:02,scikit-learn-benchmark,106eedd7-53ac-4c51-ae09-791ea9bec1a1,scikit-learn_SCL001_d880725b,1.005459608044475,9.650208932852573e-08,9.597808659485908e-08,4.654788761600001,0.0,10.0,6.523806599589671e-07,0.0,1.4008552832011548e-06,2.053235943160122e-06,Canada,CAN,,gcp,northamerica-northeast2,Linux-6.8.0-1032-gcp-x86_64-with-glibc2.35,3.10.12,3.0.4,2,Intel(R) Xeon(R) CPU @ 2.60GHz,,,,,15.61648178100586,machine,Y,1.0
2025-08-08T10:20:04,scikit-learn-benchmark,46627517-374f-4504-b164-6707616a7338,scikit-learn_SCL001_d880725b,1.0074935820885005,1.0621192802050664e-07,1.0542194005874745e-07,6.066315447199998,0.0,10.0,8.53535320232566e-07,0.0,1.406292935522894e-06,2.25982825575546e-06,Canada,CAN,,gcp,northamerica-northeast2,Linux-6.8.0-1032-gcp-x86_64-with-glibc2.35,3.10.12,3.0.4,2,Intel(R) Xeon(R) CPU @ 2.60GHz,,,,,15.61648178100586,machine,Y,1.0
2025-08-08T10:20:07,scikit-learn-benchmark,366e5243-1cf9-462c-bc32-b7edf63370f4,scikit-learn_SCL001_d880725b,1.001752568874508,9.642674408397572e-08,9.625804522998464e-08,4.7408727104,0.0,10.0,6.600324532102618e-07,0.0,1.3916003996402851e-06,2.051632852850547e-06,Canada,CAN,,gcp,northamerica-northeast2,Linux-6.8.0-1032-gcp-x86_64-with-glibc2.35,3.10.12,3.0.4,2,Intel(R) Xeon(R) CPU @ 2.60GHz,,,,,15.61648178100586,machine,Y,1.0
2025-08-08T10:20:09,scikit-learn-benchmark,afdf4c9e-4795-46d0-a685-629a43acd361,scikit-learn_SCL001_d880725b,1.0047887810505929,9.009017231106225e-08,8.966080634067716e-08,3.7532413304,0.0,10.0,5.232706655276769e-07,0.0,1.3935415113034347e-06,1.9168121768311114e-06,Canada,CAN,,gcp,northamerica-northeast2,Linux-6.8.0-1032-gcp-x86_64-with-glibc2.35,3.10.12,3.0.4,2,Intel(R) Xeon(R) CPU @ 2.60GHz,,,,,15.61648178100586,machine,Y,1.0
2025-08-08T10:20:11,scikit-learn-benchmark,00d07824-ca3b-445a-bffc-465a2604c67d,scikit-learn_SCL001_d880725b,1.0037200460210445,9.719066027967977e-08,9.683044656223001e-08,4.872386837600001,0.0,10.0,6.776680500002402e-07,0.0,1.3902183389291169e-06,2.067886388929357e-06,Canada,CAN,,gcp,northamerica-northeast2,Linux-6.8.0-1032-gcp-x86_64-with-glibc2.35,3.10.12,3.0.4,2,Intel(R) Xeon(R) CPU @ 2.60GHz,,,,,15.61648178100586,machine,Y,1.0
2025-08-08T10:20:13,scikit-learn-benchmark,d5cda10e-993b-420f-a214-ed2f7cbcf777,scikit-learn_SCL001_d880725b,1.004384649917483,8.56547813369101e-08,8.528085464462961e-08,3.0940063064,0.0,10.0,4.3078932817724827e-07,0.0,1.391652827927222e-06,1.8224421561044704e-06,Canada,CAN,,gcp,northamerica-northeast2,Linux-6.8.0-1032-gcp-x86_64-with-glibc2.35,3.10.12,3.0.4,2,Intel(R) Xeon(R) CPU @ 2.60GHz,,,,,15.61648178100586,machine,Y,1.0
2025-08-08T10:20:15,scikit-learn-benchmark,53c98349-379f-4cd4-a51d-12d10dca70d9,scikit-learn_SCL001_d880725b,1.0014419951476157,1.1763727597762941e-07,1.1746788785334417e-07,8.0,0.0,10.0,1.112676573296388e-06,0.0,1.3902441921850876e-06,2.502920765481476e-06,Canada,CAN,,gcp,northamerica-northeast2,Linux-6.8.0-1032-gcp-x86_64-with-glibc2.35,3.10.12,3.0.4,2,Intel(R) Xeon(R) CPU @ 2.60GHz,,,,,15.61648178100586,machine,Y,1.0
2025-08-08T10:20:18,scikit-learn-benchmark,cada39a5-51b2-4d98-b161-67c4d223ef6e,scikit-learn_SCL001_d880725b,1.0021703471429646,7.538058700757225e-08,7.521733927018579e-08,1.5239213,0.0,10.0,2.1217536904321082e-07,0.0,1.391666907713645e-06,1.6038422767568555e-06,Canada,CAN,,gcp,northamerica-northeast2,Linux-6.8.0-1032-gcp-x86_64-with-glibc2.35,3.10.12,3.0.4,2,Intel(R) Xeon(R) CPU @ 2.60GHz,,,,,15.61648178100586,machine,Y,1.0
2025-08-08T10:20:20,scikit-learn-benchmark,f3216653-2256-45f1-93bd-c2ea180c8979,scikit-learn_SCL001_d880725b,1.001545140054077,7.664805426089178e-08,7.652980499386505e-08,1.7272709000000002,0.0,10.0,2.402883346251283e-07,0.0,1.3905213305002284e-06,1.6308096651253566e-06,Canada,CAN,,gcp,northamerica-northeast2,Linux-6.8.0-1032-gcp-x86_64-with-glibc2.35,3.10.12,3.0.4,2,Intel(R) Xeon(R) CPU @ 2.60GHz,,,,,15.61648178100586,machine,Y,1.0
2025-08-08T10:20:22,scikit-learn-benchmark,528ac40f-bde9-4749-b66b-9e2f2f60164c,scikit-learn_SCL001_d880725b,1.0052663399837911,1.1676822313745033e-07,1.1615650349869776e-07,7.786152800000002,0.0,10.0,1.0881175687428805e-06,0.0,1.3963127107773389e-06,2.4844302795202194e-06,Canada,CAN,,gcp,northamerica-northeast2,Linux-6.8.0-1032-gcp-x86_64-with-glibc2.35,3.10.12,3.0.4,2,Intel(R) Xeon(R) CPU @ 2.60GHz,,,,,15.61648178100586,machine,Y,1.0
2025-08-08T10:20:24,scikit-learn-benchmark,1cac6fcc-3c4f-4869-b156-e24fb13a6582,scikit-learn_SCL001_d880725b,1.0062586553394794,1.170710594203345e-07,1.1634290925014549e-07,7.786152800000002,0.0,10.0,1.0907607576147569e-06,0.0,1.4001128470732106e-06,2.4908736046879675e-06,Canada,CAN,,gcp,northamerica-northeast2,Linux-6.8.0-1032-gcp-x86_64-with-glibc2.35,3.10.12,3.0.4,2,Intel(R) Xeon(R) CPU @ 2.60GHz,,,,,15.61648178100586,machine,Y,1.0
2025-08-08T10:20:27,scikit-learn-benchmark,0da58945-e314-40ff-859e-623baf98e71f,scikit-learn_SCL001_d880725b,1.0024069668725133,7.205164064243192e-08,7.187863115839208e-08,1.0124261288,0.0,10.0,1.4101385276618517e-07,0.0,1.3919997779238556e-06,1.5330136306900408e-06,Canada,CAN,,gcp,northamerica-northeast2,Linux-6.8.0-1032-gcp-x86_64-with-glibc2.35,3.10.12,3.0.4,2,Intel(R) Xeon(R) CPU @ 2.60GHz,,,,,15.61648178100586,machine,Y,1.0
2025-08-08T10:20:29,scikit-learn-benchmark,8c35e636-8f31-48a5-82cb-ad09b0da5b4a,scikit-learn_SCL001_d880725b,1.002434663940221,7.656819835976543e-08,7.638223329069902e-08,1.7000000000000002,0.0,10.0,2.368048679005976e-07,0.0,1.3923057354986669e-06,1.6291106033992645e-06,Canada,CAN,,gcp,northamerica-northeast2,Linux-6.8.0-1032-gcp-x86_64-with-glibc2.35,3.10.12,3.0.4,2,Intel(R) Xeon(R) CPU @ 2.60GHz,,,,,15.61648178100586,machine,Y,1.0
2025-08-08T10:20:31,scikit-learn-benchmark,3f92f830-c23a-4080-ab7d-dbb255955575,scikit-learn_SCL001_d880725b,1.0022077579051256,7.653226958151855e-08,7.636367706980323e-08,1.7000000000000002,0.0,10.0,2.3669823964074682e-07,0.0,1.3916479216681589e-06,1.6283461613089055e-06,Canada,CAN,,gcp,northamerica-northeast2,Linux-6.8.0-1032-gcp-x86_64-with-glibc2.35,3.10.12,3.0.4,2,Intel(R) Xeon(R) CPU @ 2.60GHz,,,,,15.61648178100586,machine,Y,1.0
2025-08-08T10:20:33,scikit-learn-benchmark,b7ce7a5d-671e-4b06-a56b-925c5b44893d,scikit-learn_SCL001_d880725b,1.0024120062589643,7.653582753171212e-08,7.635166683342752e-08,1.7000000000000002,0.0,10.0,2.3670951258908546e-07,0.0,1.3917123497877683e-06,1.6284218623768537e-06,Canada,CAN,,gcp,northamerica-northeast2,Linux-6.8.0-1032-gcp-x86_64-with-glibc2.35,3.10.12,3.0.4,2,Intel(R) Xeon(R) CPU @ 2.60GHz,,,,,15.61648178100586,machine,Y,1.0
2025-08-08T10:20:35,scikit-learn-benchmark,18b829b6-5501-4b54-b687-86d238d8a633,scikit-learn_SCL001_d880725b,1.0021535460837183,7.707717559646989e-08,7.69115430441544e-08,1.7834543000000005,0.0,10.0,2.483033635906678e-07,0.0,1.3916365427172018e-06,1.6399399063078697e-06,Canada,CAN,,gcp,northamerica-northeast2,Linux-6.8.0-1032-gcp-x86_64-with-glibc2.35,3.10.12,3.0.4,2,Intel(R) Xeon(R) CPU @ 2.60GHz,,,,,15.61648178100586,machine,Y,1.0
2025-08-08T10:20:37,scikit-learn-benchmark,cba14c51-9968-416b-8a8d-648741369b64,scikit-learn_SCL001_d880725b,1.0019268076866863,8.112476005698657e-08,8.096874884932229e-08,2.4023241152,0.0,10.0,3.344591579927524e-07,0.0,1.3915995666239826e-06,1.726058724616735e-06,Canada,CAN,,gcp,northamerica-northeast2,Linux-6.8.0-1032-gcp-x86_64-with-glibc2.35,3.10.12,3.0.4,2,Intel(R) Xeon(R) CPU @ 2.60GHz,,,,,15.61648178100586,machine,Y,1.0
2025-08-08T10:20:39,scikit-learn-benchmark,59c56fe7-ab29-4633-80ca-6197889a3fa6,scikit-learn_SCL001_d880725b,1.0021376139484346,7.653060576824162e-08,7.636736183038782e-08,1.7000000000000002,0.0,10.0,2.366825665812941e-07,0.0,1.3916281944451232e-06,1.6283107610264172e-06,Canada,CAN,,gcp,northamerica-northeast2,Linux-6.8.0-1032-gcp-x86_64-with-glibc2.35,3.10.12,3.0.4,2,Intel(R) Xeon(R) CPU @ 2.60GHz,,,,,15.61648178100586,machine,Y,1.0
2025-08-08T10:20:42,scikit-learn-benchmark,086f0a14-b0ac-43f6-965c-9933aaf09ce2,scikit-learn_SCL001_d880725b,1.0026366161182525,7.67762725492593e-08,7.657437531705325e-08,1.7272709000000002,0.0,10.0,2.40699446773692e-07,0.0,1.3928382670403355e-06,1.6335377138140277e-06,Canada,CAN,,gcp,northamerica-northeast2,Linux-6.8.0-1032-gcp-x86_64-with-glibc2.35,3.10.12,3.0.4,2,Intel(R) Xeon(R) CPU @ 2.60GHz,,,,,15.61648178100586,machine,Y,1.0
2025-08-08T10:20:44,scikit-learn-benchmark,64ac2817-0df6-430b-a738-90b6a1a074ed,scikit-learn_SCL001_d880725b,1.0017867018468678,7.686543866429846e-08,7.672834798324967e-08,1.7550872000000004,0.0,10.0,2.442689935072949e-07,0.0,1.3911658716905448e-06,1.6354348651978396e-06,Canada,CAN,,gcp,northamerica-northeast2,Linux-6.8.0-1032-gcp-x86_64-with-glibc2.35,3.10.12,3.0.4,2,Intel(R) Xeon(R) CPU @ 2.60GHz,,,,,15.61648178100586,machine,Y,1.0
2025-08-08T10:20:46,scikit-learn-benchmark,408a5b80-0647-4b2d-9785-c1af949c51ea,scikit-learn_SCL001_d880725b,1.002196518238634,7.653259270153164e-08,7.63648559027506e-08,1.7000000000000002,0.0,10.0,2.366995770458339e-07,0.0,1.3916534591569669e-06,1.6283530362028007e-06,Canada,CAN,,gcp,northamerica-northeast2,Linux-6.8.0-1032-gcp-x86_64-with-glibc2.35,3.10.12,3.0.4,2,Intel(R) Xeon(R) CPU @ 2.60GHz,,,,,15.61648178100586,machine,Y,1.0
2025-08-08T10:20:48,scikit-learn-benchmark,061150b8-b418-42d3-b053-b84334e4ad4c,scikit-learn_SCL001_d880725b,1.0026083709672091,7.65268864586639e-08,7.632779525353348e-08,1.7000000000000002,0.0,10.0,2.366765709076491e-07,0.0,1.3915550558724336e-06,1.6282316267800827e-06,Canada,CAN,,gcp,northamerica-northeast2,Linux-6.8.0-1032-gcp-x86_64-with-glibc2.35,3.10.12,3.0.4,2,Intel(R) Xeon(R) CPU @ 2.60GHz,,,,,15.61648178100586,machine,Y,1.0
2025-08-08T10:20:50,scikit-learn-benchmark,c1080029-21f8-4b4c-9936-b3c792cc46a6,scikit-learn_SCL001_d880725b,1.0043128272518516,7.89898259787998e-08,7.86506194438872e-08,2.0242265407999995,0.0,10.0,2.8305321103506095e-07,0.0,1.3975813842585515e-06,1.6806345952936126e-06,Canada,CAN,,gcp,northamerica-northeast2,Linux-6.8.0-1032-gcp-x86_64-with-glibc2.35,3.10.12,3.0.4,2,Intel(R) Xeon(R) CPU @ 2.60GHz,,,,,15.61648178100586,machine,Y,1.0
2025-08-08T10:20:52,scikit-learn-benchmark,33ce06ed-4e64-4137-9e81-c134b11ba5b5,scikit-learn_SCL001_d880725b,1.0021195467561483,8.896865034381952e-08,8.87804759739596e-08,3.6009224,0.0,10.0,5.013366105510932e-07,0.0,1.3916133967642154e-06,1.8929500073153088e-06,Canada,CAN,,gcp,northamerica-northeast2,Linux-6.8.0-1032-gcp-x86_64-with-glibc2.35,3.10.12,3.0.4,2,Intel(R) Xeon(R) CPU @ 2.60GHz,,,,,15.61648178100586,machine,Y,1.0
2025-08-08T10:20:55,scikit-learn-benchmark,a9d6788a-2cf1-4163-9002-b1df7645e5f8,scikit-learn_SCL001_d880725b,1.0019609401933849,7.706948032324603e-08,7.691864745582909e-08,1.7834543000000005,0.0,10.0,2.482718162100521e-07,0.0,1.3915043608802888e-06,1.639776177090341e-06,Canada,CAN,,gcp,northamerica-northeast2,Linux-6.8.0-1032-gcp-x86_64-with-glibc2.35,3.10.12,3.0.4,2,Intel(R) Xeon(R) CPU @ 2.60GHz,,,,,15.61648178100586,machine,Y,1.0
2025-08-08T10:20:57,scikit-learn-benchmark,f0d1825b-9b17-4621-8d61-52ff0430578a,scikit-learn_SCL001_d880725b,1.001523018348962,7.664377250214724e-08,7.652722014167641e-08,1.7272709000000002,0.0,10.0,2.402705465709171e-07,0.0,1.3904480173045565e-06,1.6307185638754734e-06,Canada,CAN,,gcp,northamerica-northeast2,Linux-6.8.0-1032-gcp-x86_64-with-glibc2.35,3.10.12,3.0.4,2,Intel(R) Xeon(R) CPU @ 2.60GHz,,,,,15.61648178100586,machine,Y,1.0
2025-08-08T10:20:59,scikit-learn-benchmark,c8934988-6d0e-428c-8087-c70f9cc0141a,scikit-learn_SCL001_d880725b,1.002349341288209,7.65399679458933e-08,7.636057090387761e-08,1.7000000000000002,0.0,10.0,2.367630389182725e-07,0.0,1.3917469173773297e-06,1.628509956295602e-06,Canada,CAN,,gcp,northamerica-northeast2,Linux-6.8.0-1032-gcp-x86_64-with-glibc2.35,3.10.12,3.0.4,2,Intel(R) Xeon(R) CPU @ 2.60GHz,,,,,15.61648178100586,machine,Y,1.0
2025-08-08T10:21:01,scikit-learn-benchmark,61557b4a-3b82-4577-84fe-a4ac2edc5670,scikit-learn_SCL001_d880725b,1.0014395690523088,7.645630697388615e-08,7.634640105766838e-08,1.7000000000000002,0.0,10.0,2.3645192995253539e-07,0.0,1.3902780056620638e-06,1.6267299356145992e-06,Canada,CAN,,gcp,northamerica-northeast2,Linux-6.8.0-1032-gcp-x86_64-with-glibc2.35,3.10.12,3.0.4,2,Intel(R) Xeon(R) CPU @ 2.60GHz,,,,,15.61648178100586,machine,Y,1.0
2025-08-08T10:21:03,scikit-learn-benchmark,fe0d8827-21c8-4d77-abc4-96b32fca27ce,scikit-learn_SCL001_d880725b,1.002138719893992,7.670751000053123e-08,7.654380424363353e-08,1.7272709000000002,0.0,10.0,2.404757014890075e-07,0.0,1.391598979373359e-06,1.6320746808623664e-06,Canada,CAN,,gcp,northamerica-northeast2,Linux-6.8.0-1032-gcp-x86_64-with-glibc2.35,3.10.12,3.0.4,2,Intel(R) Xeon(R) CPU @ 2.60GHz,,,,,15.61648178100586,machine,Y,1.0
2025-08-08T10:21:05,scikit-learn-benchmark,c5bfd7b0-66fd-423e-9054-b5a0b83b760a,scikit-learn_SCL001_d880725b,1.002215713262558,7.670821289482849e-08,7.653862524776907e-08,1.7272709000000002,0.0,10.0,2.4048355793919694e-07,0.0,1.3916060781209834e-06,1.6320896360601803e-06,Canada,CAN,,gcp,northamerica-northeast2,Linux-6.8.0-1032-gcp-x86_64-with-glibc2.35,3.10.12,3.0.4,2,Intel(R) Xeon(R) CPU @ 2.60GHz,,,,,15.61648178100586,machine,Y,1.0
2025-08-08T10:21:07,scikit-learn-benchmark,0016ae95-4757-466d-b316-96b64d7c9f00,scikit-learn_SCL001_d880725b,1.0020792069844902,7.653498449144216e-08,7.637618259913333e-08,1.7000000000000002,0.0,10.0,2.3669716479101533e-07,0.0,1.3917067605588172e-06,1.6284039253498323e-06,Canada,CAN,,gcp,northamerica-northeast2,Linux-6.8.0-1032-gcp-x86_64-with-glibc2.35,3.10.12,3.0.4,2,Intel(R) Xeon(R) CPU @ 2.60GHz,,,,,15.61648178100586,machine,Y,1.0
2025-08-08T10:21:10,scikit-learn-benchmark,6514fcbc-10ad-4da3-bc8f-024c0d618571,scikit-learn_SCL001_d880725b,1.0016261260025203,7.628172575796587e-08,7.615788344340164e-08,1.6732691000000002,0.0,10.0,2.327307253002332e-07,0.0,1.3902847163586152e-06,1.6230154416588484e-06,Canada,CAN,,gcp,northamerica-northeast2,Linux-6.8.0-1032-gcp-x86_64-with-glibc2.35,3.10.12,3.0.4,2,Intel(R) Xeon(R) CPU @ 2.60GHz,,,,,15.61648178100586,machine,Y,1.0
2025-08-08T10:21:12,scikit-learn-benchmark,f0a64770-1d75-4896-8aec-40a167fc744b,scikit-learn_SCL001_d880725b,1.002852228935808,7.667268025369668e-08,7.645461419082557e-08,1.7272709000000002,0.0,10.0,2.4036689465856085e-07,0.0,1.390966727760517e-06,1.6313336224190775e-06,Canada,CAN,,gcp,northamerica-northeast2,Linux-6.8.0-1032-gcp-x86_64-with-glibc2.35,3.10.12,3.0.4,2,Intel(R) Xeon(R) CPU @ 2.60GHz,,,,,15.61648178100586,machine,Y,1.0
2025-08-08T10:21:14,scikit-learn-benchmark,a1a2a771-4895-4ddf-8cbb-af51add4eeb3,scikit-learn_SCL001_d880725b,1.001484335400164,7.681522341608158e-08,7.670137285311453e-08,1.7550872000000004,0.0,10.0,2.441111522805063e-07,0.0,1.390255303380804e-06,1.6343664556613103e-06,Canada,CAN,,gcp,northamerica-northeast2,Linux-6.8.0-1032-gcp-x86_64-with-glibc2.35,3.10.12,3.0.4,2,Intel(R) Xeon(R) CPU @ 2.60GHz,,,,,15.61648178100586,machine,Y,1.0
2025-08-08T10:21:16,scikit-learn-benchmark,19d669fe-ae03-47c9-91f5-b2277c23acfd,scikit-learn_SCL001_d880725b,1.001972037833184,7.707120165278038e-08,7.691951346212297e-08,1.7834543000000005,0.0,10.0,2.482801254494227e-07,0.0,1.3915326756735642e-06,1.6398128011229868e-06,Canada,CAN,,gcp,northamerica-northeast2,Linux-6.8.0-1032-gcp-x86_64-with-glibc2.35,3.10.12,3.0.4,2,Intel(R) Xeon(R) CPU @ 2.60GHz,,,,,15.61648178100586,machine,Y,1.0
2025-08-08T10:21:18,scikit-learn-benchmark,a42389a1-a7f8-4d6a-bdbc-2ce876e144a3,scikit-learn_SCL001_d880725b,1.001707035116851,7.72245358659527e-08,7.709293551776272e-08,1.8123776000000005,0.0,10.0,2.521878171887265e-07,0.0,1.3908874140017563e-06,1.643075231190483e-06,Canada,CAN,,gcp,northamerica-northeast2,Linux-6.8.0-1032-gcp-x86_64-with-glibc2.35,3.10.12,3.0.4,2,Intel(R) Xeon(R) CPU @ 2.60GHz,,,,,15.61648178100586,machine,Y,1.0
2025-08-08T10:21:20,scikit-learn-benchmark,96f41fe1-8220-419d-8689-57b3f594e9d0,scikit-learn_SCL001_d880725b,1.0019495207816362,7.670812668492309e-08,7.655887356987996e-08,1.7272709000000002,0.0,10.0,2.404785300255619e-07,0.0,1.391609271781312e-06,1.632087801806874e-06,Canada,CAN,,gcp,northamerica-northeast2,Linux-6.8.0-1032-gcp-x86_64-with-glibc2.35,3.10.12,3.0.4,2,Intel(R) Xeon(R) CPU @ 2.60GHz,,,,,15.61648178100586,machine,Y,1.0
2025-08-08T10:21:22,scikit-learn-benchmark,fbc3d2b5-4679-4f34-ac68-ad1d7f8b0cfd,scikit-learn_SCL001_d880725b,1.002060339320451,7.688768571776513e-08,7.672959671261578e-08,1.7550872000000004,0.0,10.0,2.443394695012049e-07,0.0,1.3915687372597555e-06,1.6359082067609604e-06,Canada,CAN,,gcp,northamerica-northeast2,Linux-6.8.0-1032-gcp-x86_64-with-glibc2.35,3.10.12,3.0.4,2,Intel(R) Xeon(R) CPU @ 2.60GHz,,,,,15.61648178100586,machine,Y,1.0
2025-08-08T10:21:25,scikit-learn-benchmark,5a289916-1a4e-4f77-b205-20611e3efeda,scikit-learn_SCL001_d880725b,1.00222598714754,7.653505128289626e-08,7.636506363272871e-08,1.7000000000000002,0.0,10.0,2.366984824054978e-07,0.0,1.3917068640391031e-06,1.6284053464446009e-06,Canada,CAN,,gcp,northamerica-northeast2,Linux-6.8.0-1032-gcp-x86_64-with-glibc2.35,3.10.12,3.0.4,2,Intel(R) Xeon(R) CPU @ 2.60GHz,,,,,15.61648178100586,machine,Y,1.0
2025-08-08T10:21:27,scikit-learn-benchmark,f385c638-d26c-42fc-8be3-14cb9d03f58e,scikit-learn_SCL001_d880725b,1.0022076140157878,7.653782736745458e-08,7.636923357703493e-08,1.7000000000000002,0.0,10.0,2.367148727644235e-07,0.0,1.3917495393090778e-06,1.628464412073501e-06,Canada,CAN,,gcp,northamerica-northeast2,Linux-6.8.0-1032-gcp-x86_64-with-glibc2.35,3.10.12,3.0.4,2,Intel(R) Xeon(R) CPU @ 2.60GHz,,,,,15.61648178100586,machine,Y,1.0
2025-08-08T10:21:29,scikit-learn-benchmark,92b2ae93-6b17-4ad6-a4dc-b7b66115dba3,scikit-learn_SCL001_d880725b,1.0016376241110263,7.645379174465779e-08,7.632879387144835e-08,1.7000000000000002,0.0,10.0,2.364424944518962e-07,0.0,1.3902339256472058e-06,1.626676420099102e-06,Canada,CAN,,gcp,northamerica-northeast2,Linux-6.8.0-1032-gcp-x86_64-with-glibc2.35,3.10.12,3.0.4,2,Intel(R) Xeon(R) CPU @ 2.60GHz,,,,,15.61648178100586,machine,Y,1.0
2025-08-08T10:21:31,scikit-learn-benchmark,aa649b99-6aa5-4299-9f85-6a24f4bf4513,scikit-learn_SCL001_d880725b,1.0021850471384823,7.65330093705561e-08,7.636614574232491e-08,1.7000000000000002,0.0,10.0,2.366943573837893e-07,0.0,1.3916675441174044e-06,1.6283619015011938e-06,Canada,CAN,,gcp,northamerica-northeast2,Linux-6.8.0-1032-gcp-x86_64-with-glibc2.35,3.10.12,3.0.4,2,Intel(R) Xeon(R) CPU @ 2.60GHz,,,,,15.61648178100586,machine,Y,1.0
2025-08-08T10:21:33,scikit-learn-benchmark,69cfe221-6e4d-49ad-923e-6d2874ea5eb3,scikit-learn_SCL001_d880725b,1.0021383110433817,7.653075551584416e-08,7.636745813675534e-08,1.7000000000000002,0.0,10.0,2.366842599973705e-07,0.0,1.3916296871482498e-06,1.6283139471456202e-06,Canada,CAN,,gcp,northamerica-northeast2,Linux-6.8.0-1032-gcp-x86_64-with-glibc2.35,3.10.12,3.0.4,2,Intel(R) Xeon(R) CPU @ 2.60GHz,,,,,15.61648178100586,machine,Y,1.0
2025-08-08T10:21:35,scikit-learn-benchmark,f8fe3a51-491d-4d9a-9cd8-35e8e79da619,scikit-learn_SCL001_d880725b,1.0022006020881236,7.689667671087096e-08,7.672782928951926e-08,1.7550872000000004,0.0,10.0,2.443696458344453e-07,0.0,1.3917298586521712e-06,1.6360995044866164e-06,Canada,CAN,,gcp,northamerica-northeast2,Linux-6.8.0-1032-gcp-x86_64-with-glibc2.35,3.10.12,3.0.4,2,Intel(R) Xeon(R) CPU @ 2.60GHz,,,,,15.61648178100586,machine,Y,1.0
2025-08-08T10:21:37,scikit-learn-benchmark,90771c16-e069-42a9-ab73-7faf976f5f63,scikit-learn_SCL001_d880725b,1.0021109119988978,7.65345194718102e-08,7.63733021519023e-08,1.7000000000000002,0.0,10.0,2.3669821897055962e-07,0.0,1.3916958123445512e-06,1.6283940313151109e-06,Canada,CAN,,gcp,northamerica-northeast2,Linux-6.8.0-1032-gcp-x86_64-with-glibc2.35,3.10.12,3.0.4,2,Intel(R) Xeon(R) CPU @ 2.60GHz,,,,,15.61648178100586,machine,Y,1.0
2025-08-08T10:21:39,scikit-learn-benchmark,dd2900a1-d138-460b-b491-a332cb8270e7,scikit-learn_SCL001_d880725b,1.0021658199839294,7.652792638489822e-08,7.636253887218527e-08,1.7000000000000002,0.0,10.0,2.366814558885785e-07,0.0,1.3915722969815964e-06,1.6282537528701748e-06,Canada,CAN,,gcp,northamerica-northeast2,Linux-6.8.0-1032-gcp-x86_64-with-glibc2.35,3.10.12,3.0.4,2,Intel(R) Xeon(R) CPU @ 2.60GHz,,,,,15.61648178100586,machine,Y,1.0
2025-08-08T10:21:42,scikit-learn-benchmark,48aac4af-cfe5-4e0a-ad34-2aba814eedd4,scikit-learn_SCL001_d880725b,1.0021891901269555,7.653241059657497e-08,7.63652325833608e-08,1.7000000000000002,0.0,10.0,2.366906112422133e-07,0.0,1.3916585503870413e-06,1.6283491616292545e-06,Canada,CAN,,gcp,northamerica-northeast2,Linux-6.8.0-1032-gcp-x86_64-with-glibc2.35,3.10.12,3.0.4,2,Intel(R) Xeon(R) CPU @ 2.60GHz,,,,,15.61648178100586,machine,Y,1.0
2025-08-08T10:21:44,scikit-learn-benchmark,e10d2518-71b2-466d-bd9d-9b0292db14c5,scikit-learn_SCL001_d880725b,1.002154229208827,7.653135906646236e-08,7.636684737326484e-08,1.7000000000000002,0.0,10.0,2.366869332682756e-07,0.0,1.3916398553798595e-06,1.6283267886481351e-06,Canada,CAN,,gcp,northamerica-northeast2,Linux-6.8.0-1032-gcp-x86_64-with-glibc2.35,3.10.12,3.0.4,2,Intel(R) Xeon(R) CPU @ 2.60GHz,,,,,15.61648178100586,machine,Y,1.0
2025-08-08T10:21:46,scikit-learn-benchmark,64d776cf-8d70-4dcb-8076-e8d75b14c3f1,scikit-learn_SCL001_d880725b,1.0021876161918044,7.653296301036608e-08,7.636590372288014e-08,1.7000000000000002,0.0,10.0,2.3669551821270338e-07,0.0,1.3916653969014686e-06,1.628360915114172e-06,Canada,CAN,,gcp,northamerica-northeast2,Linux-6.8.0-1032-gcp-x86_64-with-glibc2.35,3.10.12,3.0.4,2,Intel(R) Xeon(R) CPU @ 2.60GHz,,,,,15.61648178100586,machine,Y,1.0
2025-08-08T10:21:48,scikit-learn-benchmark,65bec88b-eee7-4161-9782-7aedd97b9431,scikit-learn_SCL001_d880725b,1.0021616499871016,7.653092098737966e-08,7.63658447600391e-08,1.7000000000000002,0.0,10.0,2.36689074171914e-07,0.0,1.391628393644674e-06,1.628317467816588e-06,Canada,CAN,,gcp,northamerica-northeast2,Linux-6.8.0-1032-gcp-x86_64-with-glibc2.35,3.10.12,3.0.4,2,Intel(R) Xeon(R) CPU @ 2.60GHz,,,,,15.61648178100586,machine,Y,1.0
2025-08-08T10:21:50,scikit-learn-benchmark,70e51018-d289-44ae-9b5e-bbb7c02043c2,scikit-learn_SCL001_d880725b,1.001662390306592,7.700153072145996e-08,7.687373656695954e-08,1.7834543000000005,0.0,10.0,2.480616216824586e-07,0.0,1.390268819199668e-06,1.6383304408821267e-06,Canada,CAN,,gcp,northamerica-northeast2,Linux-6.8.0-1032-gcp-x86_64-with-glibc2.35,3.10.12,3.0.4,2,Intel(R) Xeon(R) CPU @ 2.60GHz,,,,,15.61648178100586,machine,Y,1.0
2025-08-08T10:21:52,scikit-learn-benchmark,f118b638-35cc-4188-bc56-8297e7f61348,scikit-learn_SCL001_d880725b,1.00213866494596,7.653075971614776e-08,7.636743535913232e-08,1.7000000000000002,0.0,10.0,2.366854863551756e-07,0.0,1.3916285501586065e-06,1.628314036513782e-06,Canada,CAN,,gcp,northamerica-northeast2,Linux-6.8.0-1032-gcp-x86_64-with-glibc2.35,3.10.12,3.0.4,2,Intel(R) Xeon(R) CPU @ 2.60GHz,,,,,15.61648178100586,machine,Y,1.0
2025-08-08T10:21:54,scikit-learn-benchmark,ecdebb40-8f16-4cfd-8443-71f0e7eeea19,scikit-learn_SCL001_d880725b,1.0021363631822169,7.635673842865144e-08,7.619396045682419e-08,1.6732691000000002,0.0,10.0,2.329677588432741e-07,0.0,1.3916436970854798e-06,1.624611455928754e-06,Canada,CAN,,gcp,northamerica-northeast2,Linux-6.8.0-1032-gcp-x86_64-with-glibc2.35,3.10.12,3.0.4,2,Intel(R) Xeon(R) CPU @ 2.60GHz,,,,,15.61648178100586,machine,Y,1.0
2025-08-08T10:21:57,scikit-learn-benchmark,355ae0f9-36b2-4851-81ca-17b9915e1f4d,scikit-learn_SCL001_d880725b,1.002189403399825,7.670993335342923e-08,7.654235126932957e-08,1.7272709000000002,0.0,10.0,2.404857329631588e-07,0.0,1.3916405085991654e-06,1.6321262415623242e-06,Canada,CAN,,gcp,northamerica-northeast2,Linux-6.8.0-1032-gcp-x86_64-with-glibc2.35,3.10.12,3.0.4,2,Intel(R) Xeon(R) CPU @ 2.60GHz,,,,,15.61648178100586,machine,Y,1.0
2025-08-08T10:21:59,scikit-learn-benchmark,0b9cd62f-628f-471f-bd6b-4da8bfed7cb7,scikit-learn_SCL001_d880725b,1.0021591731347144,7.670912605295804e-08,7.654385461843846e-08,1.7272709000000002,0.0,10.0,2.4048138403235066e-07,0.0,1.3916276809242036e-06,1.6321090649565542e-06,Canada,CAN,,gcp,northamerica-northeast2,Linux-6.8.0-1032-gcp-x86_64-with-glibc2.35,3.10.12,3.0.4,2,Intel(R) Xeon(R) CPU @ 2.60GHz,,,,,15.61648178100586,machine,Y,1.0
2025-08-08T10:22:01,scikit-learn-benchmark,b2d8f9be-5533-4fe9-be05-bb1330a01c06,scikit-learn_SCL001_d880725b,1.00227925600484,7.653627952365465e-08,7.63622304513554e-08,1.7000000000000002,0.0,10.0,2.3672272149835614e-07,0.0,1.3917087577283385e-06,1.6284314792266945e-06,Canada,CAN,,gcp,northamerica-northeast2,Linux-6.8.0-1032-gcp-x86_64-with-glibc2.35,3.10.12,3.0.4,2,Intel(R) Xeon(R) CPU @ 2.60GHz,,,,,15.61648178100586,machine,Y,1.0
2025-08-08T10:22:03,scikit-learn-benchmark,5df9f344-68e9-49a6-bf52-b0308d215ed5,scikit-learn_SCL001_d880725b,1.001908381935209,7.635600450509354e-08,7.621056563835725e-08,1.6732691000000002,0.0,10.0,2.329646981941324e-07,0.0,1.3916311423397727e-06,1.624595840533905e-06,Canada,CAN,,gcp,northamerica-northeast2,Linux-6.8.0-1032-gcp-x86_64-with-glibc2.35,3.10.12,3.0.4,2,Intel(R) Xeon(R) CPU @ 2.60GHz,,,,,15.61648178100586,machine,Y,1.0
2025-08-08T10:22:05,scikit-learn-benchmark,cd94ac35-556d-4b46-ba67-b1d6bd4f216f,scikit-learn_SCL001_d880725b,1.00159285729751,7.670234793386884e-08,7.65803663385006e-08,1.7272709000000002,0.0,10.0,2.4045829370092694e-07,0.0,1.391506555955857e-06,1.631964849656784e-06,Canada,CAN,,gcp,northamerica-northeast2,Linux-6.8.0-1032-gcp-x86_64-with-glibc2.35,3.10.12,3.0.4,2,Intel(R) Xeon(R) CPU @ 2.60GHz,,,,,15.61648178100586,machine,Y,1.0
2025-08-08T10:22:07,scikit-learn-benchmark,6cce130b-a0e4-46a7-b343-d211c0a44f7a,scikit-learn_SCL001_d880725b,1.0021272888407111,7.652831976652507e-08,7.636586750876248e-08,1.7000000000000002,0.0,10.0,2.366771674844333e-07,0.0,1.3915849552075897e-06,1.628262122692023e-06,Canada,CAN,,gcp,northamerica-northeast2,Linux-6.8.0-1032-gcp-x86_64-with-glibc2.35,3.10.12,3.0.4,2,Intel(R) Xeon(R) CPU @ 2.60GHz,,,,,15.61648178100586,machine,Y,1.0
2025-08-08T10:22:09,scikit-learn-benchmark,b521d2c3-7f0b-4e95-b2e6-d39c0465c6f9,scikit-learn_SCL001_d880725b,1.0018747597932816,7.670789996506085e-08,7.656436018099517e-08,1.7272709000000002,0.0,10.0,2.404778195400766e-07,0.0,1.3916051584399409e-06,1.6320829779800175e-06,Canada,CAN,,gcp,northamerica-northeast2,Linux-6.8.0-1032-gcp-x86_64-with-glibc2.35,3.10.12,3.0.4,2,Intel(R) Xeon(R) CPU @ 2.60GHz,,,,,15.61648178100586,machine,Y,1.0
2025-08-08T10:22:12,scikit-learn-benchmark,d9ba6004-3298-461e-ade8-1141e4a0d1e7,scikit-learn_SCL001_d880725b,1.0021926132030785,7.65309336211196e-08,7.636349800715585e-08,1.7000000000000002,0.0,10.0,2.366854883342361e-07,0.0,1.39163224828533e-06,1.6283177366195662e-06,Canada,CAN,,gcp,northamerica-northeast2,Linux-6.8.0-1032-gcp-x86_64-with-glibc2.35,3.10.12,3.0.4,2,Intel(R) Xeon(R) CPU @ 2.60GHz,,,,,15.61648178100586,machine,Y,1.0
2025-08-08T10:22:14,scikit-learn-benchmark,cd5a99e7-37aa-4ce9-a10b-4307b5364377,scikit-learn_SCL001_d880725b,1.0021099471487105,7.652358918992752e-08,7.636246841742167e-08,1.7000000000000002,0.0,10.0,2.3666012381565657e-07,0.0,1.3915013483104606e-06,1.6281614721261172e-06,Canada,CAN,,gcp,northamerica-northeast2,Linux-6.8.0-1032-gcp-x86_64-with-glibc2.35,3.10.12,3.0.4,2,Intel(R) Xeon(R) CPU @ 2.60GHz,,,,,15.61648178100586,machine,Y,1.0
2025-08-08T10:22:16,scikit-learn-benchmark,179e1316-453c-42aa-9289-db64db7a5563,scikit-learn_SCL001_d880725b,1.0021650148555636,7.653114641826444e-08,7.636581329801706e-08,1.7000000000000002,0.0,10.0,2.366946971225035e-07,0.0,1.3916275670958889e-06,1.6283222642183924e-06,Canada,CAN,,gcp,northamerica-northeast2,Linux-6.8.0-1032-gcp-x86_64-with-glibc2.35,3.10.12,3.0.4,2,Intel(R) Xeon(R) CPU @ 2.60GHz,,,,,15.61648178100586,machine,Y,1.0
2025-08-08T10:22:18,scikit-learn-benchmark,55ff18c7-9924-440a-a3e0-03a0b18d3755,scikit-learn_SCL001_d880725b,1.002818243112415,7.65274861202472e-08,7.63124191705281e-08,1.7000000000000002,0.0,10.0,2.366769042693907e-07,0.0,1.3915674812677834e-06,1.628244385537174e-06,Canada,CAN,,gcp,northamerica-northeast2,Linux-6.8.0-1032-gcp-x86_64-with-glibc2.35,3.10.12,3.0.4,2,Intel(R) Xeon(R) CPU @ 2.60GHz,,,,,15.61648178100586,machine,Y,1.0
2025-08-08T10:22:20,scikit-learn-benchmark,6a7f9b76-2483-4b96-a019-02e55bf0c727,scikit-learn_SCL001_d880725b,1.0021200915798545,7.6527316985225e-08,7.636541531123158e-08,1.7000000000000002,0.0,10.0,2.366730624732252e-07,0.0,1.3915677244464556e-06,1.6282407869196807e-06,Canada,CAN,,gcp,northamerica-northeast2,Linux-6.8.0-1032-gcp-x86_64-with-glibc2.35,3.10.12,3.0.4,2,Intel(R) Xeon(R) CPU @ 2.60GHz,,,,,15.61648178100586,machine,Y,1.0
2025-08-08T10:22:22,scikit-learn-benchmark,7db4f156-b3cd-41ff-a875-c6c98927e173,scikit-learn_SCL001_d880725b,1.0022024512290957,7.653330972722164e-08,7.636511927641127e-08,1.7000000000000002,0.0,10.0,2.366940062105037e-07,0.0,1.3916742858580418e-06,1.6283682920685454e-06,Canada,CAN,,gcp,northamerica-northeast2,Linux-6.8.0-1032-gcp-x86_64-with-glibc2.35,3.10.12,3.0.4,2,Intel(R) Xeon(R) CPU @ 2.60GHz,,,,,15.61648178100586,machine,Y,1.0
2025-08-08T10:22:24,scikit-learn-benchmark,8eb667b2-a32f-4c7e-b733-6ef5722dd964,scikit-learn_SCL001_d880725b,1.00217804312706,7.653224370669987e-08,7.636591544941365e-08,1.7000000000000002,0.0,10.0,2.366939444198377e-07,0.0,1.391651666361011e-06,1.6283456107808483e-06,Canada,CAN,,gcp,northamerica-northeast2,Linux-6.8.0-1032-gcp-x86_64-with-glibc2.35,3.10.12,3.0.4,2,Intel(R) Xeon(R) CPU @ 2.60GHz,,,,,15.61648178100586,machine,Y,1.0
2025-08-08T10:22:27,scikit-learn-benchmark,cf5fcfaf-9b63-437d-b7d0-6532ef443a08,scikit-learn_SCL001_d880725b,1.0046361759305,7.675448738648941e-08,7.64002822368993e-08,1.7272709000000002,0.0,10.0,2.41661621965484e-07,0.0,1.3914125777470567e-06,1.6330741997125408e-06,Canada,CAN,,gcp,northamerica-northeast2,Linux-6.8.0-1032-gcp-x86_64-with-glibc2.35,3.10.12,3.0.4,2,Intel(R) Xeon(R) CPU @ 2.60GHz,,,,,15.61648178100586,machine,Y,1.0
2025-08-08T10:22:29,scikit-learn-benchmark,98a96cb0-7b63-482f-b96d-94e2b6986270,scikit-learn_SCL001_d880725b,1.002171313855797,7.671215858421013e-08,7.654595329521503e-08,1.7272709000000002,0.0,10.0,2.404963958310149e-07,0.0,1.391677191067073e-06,1.632173586898088e-06,Canada,CAN,,gcp,northamerica-northeast2,Linux-6.8.0-1032-gcp-x86_64-with-glibc2.35,3.10.12,3.0.4,2,Intel(R) Xeon(R) CPU @ 2.60GHz,,,,,15.61648178100586,machine,Y,1.0
2025-08-08T10:22:31,scikit-learn-benchmark,97df4999-35e2-4ea1-b3e0-8b70f72007c3,scikit-learn_SCL001_d880725b,1.0020618168637156,7.652136300773257e-08,7.636391460082924e-08,1.7000000000000002,0.0,10.0,2.366490707629257e-07,0.0,1.3914650357845755e-06,1.6281141065475014e-06,Canada,CAN,,gcp,northamerica-northeast2,Linux-6.8.0-1032-gcp-x86_64-with-glibc2.35,3.10.12,3.0.4,2,Intel(R) Xeon(R) CPU @ 2.60GHz,,,,,15.61648178100586,machine,Y,1.0
2025-08-08T10:22:33,scikit-learn-benchmark,3da984db-9196-4890-887b-ee33a181bee4,scikit-learn_SCL001_d880725b,1.0021093366667628,7.670740739199829e-08,7.654594622094238e-08,1.7272709000000002,0.0,10.0,2.404725818321426e-07,0.0,1.391599915869948e-06,1.6320724977020909e-06,Canada,CAN,,gcp,northamerica-northeast2,Linux-6.8.0-1032-gcp-x86_64-with-glibc2.35,3.10.12,3.0.4,2,Intel(R) Xeon(R) CPU @ 2.60GHz,,,,,15.61648178100586,machine,Y,1.0
2025-08-08T10:22:35,scikit-learn-benchmark,4e5fd10b-822a-4810-be96-93a70e0b5edd,scikit-learn_SCL001_d880725b,1.001825923100114,7.633528953281066e-08,7.619616120193205e-08,1.6732691000000002,0.0,10.0,2.328995189857457e-07,0.0,1.391255577457034e-06,1.6241550964427797e-06,Canada,CAN,,gcp,northamerica-northeast2,Linux-6.8.0-1032-gcp-x86_64-with-glibc2.35,3.10.12,3.0.4,2,Intel(R) Xeon(R) CPU @ 2.60GHz,,,,,15.61648178100586,machine,Y,1.0
2025-08-08T10:22:37,scikit-learn-benchmark,f89f6b4c-30e6-4118-84f5-a2d153dc7d81,scikit-learn_SCL001_d880725b,1.0021884213201702,7.653393042254417e-08,7.636680767248038e-08,1.7000000000000002,0.0,10.0,2.367041236074228e-07,0.0,1.391677374744581e-06,1.6283814983520038e-06,Canada,CAN,,gcp,northamerica-northeast2,Linux-6.8.0-1032-gcp-x86_64-with-glibc2.35,3.10.12,3.0.4,2,Intel(R) Xeon(R) CPU @ 2.60GHz,,,,,15.61648178100586,machine,Y,1.0
2025-08-08T10:22:39,scikit-learn-benchmark,4c4ca3be-364a-40b2-a93d-38ac80bea306,scikit-learn_SCL001_d880725b,1.0016059260815382,7.665467659719221e-08,7.653177222810476e-08,1.7272709000000002,0.0,10.0,2.40306757424391e-07,0.0,1.3906438084733156e-06,1.6309505658977063e-06,Canada,CAN,,gcp,northamerica-northeast2,Linux-6.8.0-1032-gcp-x86_64-with-glibc2.35,3.10.12,3.0.4,2,Intel(R) Xeon(R) CPU @ 2.60GHz,,,,,15.61648178100586,machine,Y,1.0
2025-08-08T10:22:42,scikit-learn-benchmark,29625847-7980-49ff-a227-ed9a5ef0a977,scikit-learn_SCL001_d880725b,1.004429902881384,8.219811894261312e-08,8.183559520362082e-08,2.5662635072000004,0.0,10.0,3.573001899661668e-07,0.0,1.3915959577490058e-06,1.7488961477151726e-06,Canada,CAN,,gcp,northamerica-northeast2,Linux-6.8.0-1032-gcp-x86_64-with-glibc2.35,3.10.12,3.0.4,2,Intel(R) Xeon(R) CPU @ 2.60GHz,,,,,15.61648178100586,machine,Y,1.0
2025-08-08T10:22:44,scikit-learn-benchmark,f2b3028f-7b91-4a5e-9243-e0d6a205603b,scikit-learn_SCL001_d880725b,1.0018015140667558,7.65059900734082e-08,7.636841130618435e-08,1.7000000000000002,0.0,10.0,2.3660777502744977e-07,0.0,1.3911792478110227e-06,1.6277870228384725e-06,Canada,CAN,,gcp,northamerica-northeast2,Linux-6.8.0-1032-gcp-x86_64-with-glibc2.35,3.10.12,3.0.4,2,Intel(R) Xeon(R) CPU @ 2.60GHz,,,,,15.61648178100586,machine,Y,1.0
2025-08-08T10:22:46,scikit-learn-benchmark,75777b17-e616-4bcd-8948-9b5f05823bbb,scikit-learn_SCL001_d880725b,1.0016570300795138,8.83640072451281e-08,8.821782765116077e-08,3.5211180824,0.0,10.0,4.897699903280596e-07,0.0,1.3903152702065807e-06,1.8800852605346403e-06,Canada,CAN,,gcp,northamerica-northeast2,Linux-6.8.0-1032-gcp-x86_64-with-glibc2.35,3.10.12,3.0.4,2,Intel(R) Xeon(R) CPU @ 2.60GHz,,,,,15.61648178100586,machine,Y,1.0
2025-08-08T10:22:48,scikit-learn-benchmark,e101df8a-2443-471b-bee8-a31ed4c9c301,scikit-learn_SCL001_d880725b,1.0021504890173674,7.652597883500212e-08,7.63617637008167e-08,1.7000000000000002,0.0,10.0,2.366779014959725e-07,0.0,1.3915344141423702e-06,1.628212315638343e-06,Canada,CAN,,gcp,northamerica-northeast2,Linux-6.8.0-1032-gcp-x86_64-with-glibc2.35,3.10.12,3.0.4,2,Intel(R) Xeon(R) CPU @ 2.60GHz,,,,,15.61648178100586,machine,Y,1.0
2025-08-08T10:22:50,scikit-learn-benchmark,37bae195-121d-40b7-b42a-568b63fb7f0e,scikit-learn_SCL001_d880725b,1.001612809021026,9.021715033916905e-08,9.007188159599025e-08,3.801195605600001,0.0,10.0,5.288473922177037e-07,0.0,1.390666444785893e-06,1.9195138370035966e-06,Canada,CAN,,gcp,northamerica-northeast2,Linux-6.8.0-1032-gcp-x86_64-with-glibc2.35,3.10.12,3.0.4,2,Intel(R) Xeon(R) CPU @ 2.60GHz,,,,,15.61648178100586,machine,Y,1.0
2025-08-08T10:22:52,scikit-learn-benchmark,6dc656fc-a997-4d28-ab36-0e26a94089a3,scikit-learn_SCL001_d880725b,1.0022181998938322,7.602440406716225e-08,7.58561399854999e-08,1.6214057,0.0,10.0,2.2576718393394053e-07,0.0,1.3917733281333414e-06,1.617540512067282e-06,Canada,CAN,,gcp,northamerica-northeast2,Linux-6.8.0-1032-gcp-x86_64-with-glibc2.35,3.10.12,3.0.4,2,Intel(R) Xeon(R) CPU @ 2.60GHz,,,,,15.61648178100586,machine,Y,1.0
2025-08-08T10:22:54,scikit-learn-benchmark,3dd6536f-6842-4583-b109-a8dbc833b3f1,scikit-learn_SCL001_d880725b,1.0037912749685347,1.111382316378134e-07,1.1071846748348873e-07,6.973099999999999,0.0,10.0,9.717597047800143e-07,0.0,1.3928835215564404e-06,2.3646432263364547e-06,Canada,CAN,,gcp,northamerica-northeast2,Linux-6.8.0-1032-gcp-x86_64-with-glibc2.35,3.10.12,3.0.4,2,Intel(R) Xeon(R) CPU @ 2.60GHz,,,,,15.61648178100586,machine,Y,1.0
2025-08-08T10:22:57,scikit-learn-benchmark,0c57f2e1-0775-4511-9b98-b37758a32bd9,scikit-learn_SCL001_d880725b,1.0021063378080726,7.55350236755981e-08,7.537625581813742e-08,1.5475256,0.0,10.0,2.154624663162996e-07,0.0,1.391665696994298e-06,1.6071281633105977e-06,Canada,CAN,,gcp,northamerica-northeast2,Linux-6.8.0-1032-gcp-x86_64-with-glibc2.35,3.10.12,3.0.4,2,Intel(R) Xeon(R) CPU @ 2.60GHz,,,,,15.61648178100586,machine,Y,1.0
2025-08-08T10:22:59,scikit-learn-benchmark,3892fc62-3b61-477e-9ce4-8187021ecdbd,scikit-learn_SCL001_d880725b,1.0040390407666564,9.6618963750492e-08,9.623028570354837e-08,4.769849599999999,0.0,10.0,6.640845173716412e-07,0.0,1.3916381156175502e-06,2.055722632989192e-06,Canada,CAN,,gcp,northamerica-northeast2,Linux-6.8.0-1032-gcp-x86_64-with-glibc2.35,3.10.12,3.0.4,2,Intel(R) Xeon(R) CPU @ 2.60GHz,,,,,15.61648178100586,machine,Y,1.0
2025-08-08T10:23:01,scikit-learn-benchmark,344df523-2d4d-439e-98f8-5008825575e3,scikit-learn_SCL001_d880725b,1.0033910949714482,8.801643063356228e-08,8.77189672847025e-08,3.453933053600001,0.0,10.0,4.809352419490066e-07,0.0,1.391754771531042e-06,1.872690013480049e-06,Canada,CAN,,gcp,northamerica-northeast2,Linux-6.8.0-1032-gcp-x86_64-with-glibc2.35,3.10.12,3.0.4,2,Intel(R) Xeon(R) CPU @ 2.60GHz,,,,,15.61648178100586,machine,Y,1.0
2025-08-08T10:23:03,scikit-learn-benchmark,17bd03cc-cadc-46d3-ba21-97b2167d1daf,scikit-learn_SCL001_d880725b,1.0017716269940138,1.1227986183386462e-07,1.1208129558508209e-07,7.170099199999999,0.0,10.0,9.978557827216584e-07,0.0,1.3910774477860992e-06,2.388933230507758e-06,Canada,CAN,,gcp,northamerica-northeast2,Linux-6.8.0-1032-gcp-x86_64-with-glibc2.35,3.10.12,3.0.4,2,Intel(R) Xeon(R) CPU @ 2.60GHz,,,,,15.61648178100586,machine,Y,1.0
2025-08-08T10:23:06,scikit-learn-benchmark,22ae26ff-d8d0-4bde-8ce8-4533d421e109,scikit-learn_SCL001_d880725b,1.0028125420212746,7.873255935239422e-08,7.851174177947599e-08,2.0375332352000006,0.0,10.0,2.836618871301526e-07,0.0,1.391498950154831e-06,1.6751608372849836e-06,Canada,CAN,,gcp,northamerica-northeast2,Linux-6.8.0-1032-gcp-x86_64-with-glibc2.35,3.10.12,3.0.4,2,Intel(R) Xeon(R) CPU @ 2.60GHz,,,,,15.61648178100586,machine,Y,1.0
2025-08-08T10:23:08,scikit-learn-benchmark,7a60ec84-5591-49ff-b79b-efd89955192f,scikit-learn_SCL001_d880725b,1.0058577018789947,8.280094520707283e-08,8.231874653084263e-08,2.5662635072000004,0.0,10.0,3.59929338484188e-07,0.0,1.4017928999641702e-06,1.7617222384483582e-06,Canada,CAN,,gcp,northamerica-northeast2,Linux-6.8.0-1032-gcp-x86_64-with-glibc2.35,3.10.12,3.0.4,2,Intel(R) Xeon(R) CPU @ 2.60GHz,,,,,15.61648178100586,machine,Y,1.0
2025-08-08T10:23:11,scikit-learn-benchmark,767774cb-9ef5-4773-91c3-9c79f119e46c,scikit-learn_SCL001_d880725b,1.0028438069857657,7.666501752302671e-08,7.644761526070319e-08,1.7000000000000002,0.0,10.0,2.3709400489719377e-07,0.0,1.3940765806991193e-06,1.631170585596313e-06,Canada,CAN,,gcp,northamerica-northeast2,Linux-6.8.0-1032-gcp-x86_64-with-glibc2.35,3.10.12,3.0.4,2,Intel(R) Xeon(R) CPU @ 2.60GHz,,,,,15.61648178100586,machine,Y,1.0
2025-08-08T10:23:13,scikit-learn-benchmark,002a4c86-26e8-47a4-86d9-0d967305a390,scikit-learn_SCL001_d880725b,1.003942919895053,1.040203231455029e-07,1.0361179015673189e-07,5.875776800000001,0.0,10.0,8.193749900107954e-07,0.0,1.3938233747871386e-06,2.213198364797934e-06,Canada,CAN,,gcp,northamerica-northeast2,Linux-6.8.0-1032-gcp-x86_64-with-glibc2.35,3.10.12,3.0.4,2,Intel(R) Xeon(R) CPU @ 2.60GHz,,,,,15.61648178100586,machine,Y,1.0
2025-08-08T10:23:15,scikit-learn-benchmark,d8d09557-e406-47ef-a6b9-0d93ebc04c4e,scikit-learn_SCL001_d880725b,1.0037535349838436,8.434073799675708e-08,8.402534592131188e-08,2.8983265784,0.0,10.0,4.0336880966619497e-07,0.0,1.3911149774988494e-06,1.7944837871650445e-06,Canada,CAN,,gcp,northamerica-northeast2,Linux-6.8.0-1032-gcp-x86_64-with-glibc2.35,3.10.12,3.0.4,2,Intel(R) Xeon(R) CPU @ 2.60GHz,,,,,15.61648178100586,machine,Y,1.0
2025-08-08T10:23:17,scikit-learn-benchmark,af8fcaf7-b566-457b-bf89-16165bfb6efc,scikit-learn_SCL001_d880725b,1.0016136961057782,7.707076309239491e-08,7.694659467221947e-08,1.7834543000000005,0.0,10.0,2.482810117621371e-07,0.0,1.3915224582888186e-06,1.6398034700509556e-06,Canada,CAN,,gcp,northamerica-northeast2,Linux-6.8.0-1032-gcp-x86_64-with-glibc2.35,3.10.12,3.0.4,2,Intel(R) Xeon(R) CPU @ 2.60GHz,,,,,15.61648178100586,machine,Y,1.0
2025-08-08T10:23:19,scikit-learn-benchmark,9b561399-4cf1-4ee9-8bc1-0f91cae2d5e4,scikit-learn_SCL001_d880725b,1.0017621093429625,7.650398987168189e-08,7.636941860564026e-08,1.7000000000000002,0.0,10.0,2.3660179782503605e-07,0.0,1.3911426675298977e-06,1.6277444653549336e-06,Canada,CAN,,gcp,northamerica-northeast2,Linux-6.8.0-1032-gcp-x86_64-with-glibc2.35,3.10.12,3.0.4,2,Intel(R) Xeon(R) CPU @ 2.60GHz,,,,,15.61648178100586,machine,Y,1.0
2025-08-08T10:23:21,scikit-learn-benchmark,3d9f9198-a76d-4f30-b88e-f2299211ee89,scikit-learn_SCL001_d880725b,1.0042135613039136,1.1545989132147009e-07,1.1497543527648845e-07,7.576582399999999,0.0,10.0,1.0592439073356206e-06,0.0,1.397349525036083e-06,2.456593432371704e-06,Canada,CAN,,gcp,northamerica-northeast2,Linux-6.8.0-1032-gcp-x86_64-with-glibc2.35,3.10.12,3.0.4,2,Intel(R) Xeon(R) CPU @ 2.60GHz,,,,,15.61648178100586,machine,Y,1.0
2025-08-08T10:23:24,scikit-learn-benchmark,9801e40a-48e9-4e76-866d-e35e2992094d,scikit-learn_SCL001_d880725b,1.00204183999449,7.6523085695174e-08,7.636715618141731e-08,1.7000000000000002,0.0,10.0,2.36656381852097e-07,0.0,1.3914943776196903e-06,1.6281507594717871e-06,Canada,CAN,,gcp,northamerica-northeast2,Linux-6.8.0-1032-gcp-x86_64-with-glibc2.35,3.10.12,3.0.4,2,Intel(R) Xeon(R) CPU @ 2.60GHz,,,,,15.61648178100586,machine,Y,1.0
2025-08-08T10:23:26,scikit-learn-benchmark,9734ca60-2565-4cbf-b215-0a1982f7aa36,scikit-learn_SCL001_d880725b,1.0074308328330517,8.019117303487773e-08,7.959968111097785e-08,2.1333896,0.0,10.0,3.0014775922619493e-07,0.0,1.4060474117286505e-06,1.7061951709548451e-06,Canada,CAN,,gcp,northamerica-northeast2,Linux-6.8.0-1032-gcp-x86_64-with-glibc2.35,3.10.12,3.0.4,2,Intel(R) Xeon(R) CPU @ 2.60GHz,,,,,15.61648178100586,machine,Y,1.0
2025-08-08T10:23:28,scikit-learn-benchmark,755a43d4-384f-4444-83f4-aae52878dbcb,scikit-learn_SCL001_d880725b,1.0021263607777655,7.67056893215114e-08,7.654293143429429e-08,1.7272709000000002,0.0,10.0,2.404706322420973e-07,0.0,1.391565310768783e-06,1.6320359430108804e-06,Canada,CAN,,gcp,northamerica-northeast2,Linux-6.8.0-1032-gcp-x86_64-with-glibc2.35,3.10.12,3.0.4,2,Intel(R) Xeon(R) CPU @ 2.60GHz,,,,,15.61648178100586,machine,Y,1.0
2025-08-08T10:23:30,scikit-learn-benchmark,bcd5f74a-f687-4359-8a00-34d457eebb09,scikit-learn_SCL001_d880725b,1.005587061867118,9.05769836215073e-08,9.007373608539574e-08,3.7532413304,0.0,10.0,5.261265004922911e-07,0.0,1.4010433637950985e-06,1.9271698642873893e-06,Canada,CAN,,gcp,northamerica-northeast2,Linux-6.8.0-1032-gcp-x86_64-with-glibc2.35,3.10.12,3.0.4,2,Intel(R) Xeon(R) CPU @ 2.60GHz,,,,,15.61648178100586,machine,Y,1.0
2025-08-08T10:23:32,scikit-learn-benchmark,fcef7e61-bb88-4ddf-adea-2415331f4e45,scikit-learn_SCL001_d880725b,1.0056984797120094,7.947197381610971e-08,7.902167043035327e-08,2.064435200000001,0.0,10.0,2.894613320215081e-07,0.0,1.40143172789572e-06,1.690893059917228e-06,Canada,CAN,,gcp,northamerica-northeast2,Linux-6.8.0-1032-gcp-x86_64-with-glibc2.35,3.10.12,3.0.4,2,Intel(R) Xeon(R) CPU @ 2.60GHz,,,,,15.61648178100586,machine,Y,1.0
2025-08-08T10:23:34,scikit-learn-benchmark,0df88c07-901e-47d6-b137-2f2b5f347e36,scikit-learn_SCL001_d880725b,1.002378191333264,7.654905292113673e-08,7.636743654540088e-08,1.7000000000000002,0.0,10.0,2.367740583269754e-07,0.0,1.3919291953142315e-06,1.6287032536412071e-06,Canada,CAN,,gcp,northamerica-northeast2,Linux-6.8.0-1032-gcp-x86_64-with-glibc2.35,3.10.12,3.0.4,2,Intel(R) Xeon(R) CPU @ 2.60GHz,,,,,15.61648178100586,machine,Y,1.0
2025-08-08T10:23:36,scikit-learn-benchmark,8bc8ad7c-1a79-449c-b47e-27700023a44f,scikit-learn_SCL001_d880725b,1.0019916002638638,7.6690700468285e-08,7.653826683585901e-08,1.7272709000000002,0.0,10.0,2.404193955143032e-07,0.0,1.391297635725803e-06,1.631717031240106e-06,Canada,CAN,,gcp,northamerica-northeast2,Linux-6.8.0-1032-gcp-x86_64-with-glibc2.35,3.10.12,3.0.4,2,Intel(R) Xeon(R) CPU @ 2.60GHz,,,,,15.61648178100586,machine,Y,1.0
2025-08-08T10:23:39,scikit-learn-benchmark,83166130-6174-441b-9168-37efa571bdc8,scikit-learn_SCL001_d880725b,1.0042869709432125,9.87684488095802e-08,9.834683876941889e-08,5.098023353600001,0.0,10.0,7.097930575184703e-07,0.0,1.391663300132172e-06,2.101456357650642e-06,Canada,CAN,,gcp,northamerica-northeast2,Linux-6.8.0-1032-gcp-x86_64-with-glibc2.35,3.10.12,3.0.4,2,Intel(R) Xeon(R) CPU @ 2.60GHz,,,,,15.61648178100586,machine,Y,1.0
2025-08-08T10:23:41,scikit-learn-benchmark,1733ae9a-8209-42cf-8a16-2ffcfc08158a,scikit-learn_SCL001_d880725b,1.0020979470573366,7.670748918724461e-08,7.654689784815586e-08,1.7272709000000002,0.0,10.0,2.404748098073812e-07,0.0,1.3915994282191e-06,1.6320742380264812e-06,Canada,CAN,,gcp,northamerica-northeast2,Linux-6.8.0-1032-gcp-x86_64-with-glibc2.35,3.10.12,3.0.4,2,Intel(R) Xeon(R) CPU @ 2.60GHz,,,,,15.61648178100586,machine,Y,1.0
2025-08-08T10:23:43,scikit-learn-benchmark,0bd642a4-1ef6-4f06-a7e5-3b591c34a570,scikit-learn_SCL001_d880725b,1.0017928001470864,7.65064074367078e-08,7.636949219985897e-08,1.7000000000000002,0.0,10.0,2.366062333393428e-07,0.0,1.3911896695693334e-06,1.6277959029086765e-06,Canada,CAN,,gcp,northamerica-northeast2,Linux-6.8.0-1032-gcp-x86_64-with-glibc2.35,3.10.12,3.0.4,2,Intel(R) Xeon(R) CPU @ 2.60GHz,,,,,15.61648178100586,machine,Y,1.0
2025-08-08T10:23:45,scikit-learn-benchmark,11309b6c-126c-4d23-8dba-e73253c46091,scikit-learn_SCL001_d880725b,1.003409057855606,9.019843487400116e-08,8.989198788654048e-08,3.7532413304,0.0,10.0,5.23956357500339e-07,0.0,1.3951592781167064e-06,1.9191156356170453e-06,Canada,CAN,,gcp,northamerica-northeast2,Linux-6.8.0-1032-gcp-x86_64-with-glibc2.35,3.10.12,3.0.4,2,Intel(R) Xeon(R) CPU @ 2.60GHz,,,,,15.61648178100586,machine,Y,1.0
2025-08-08T10:23:47,scikit-learn-benchmark,d30f5425-cae1-412a-b532-89632634c244,scikit-learn_SCL001_d880725b,1.001647193916142,7.648209642164875e-08,7.635632275135376e-08,1.7000000000000002,0.0,10.0,2.365311528426699e-07,0.0,1.3907474944264525e-06,1.6272786472691225e-06,Canada,CAN,,gcp,northamerica-northeast2,Linux-6.8.0-1032-gcp-x86_64-with-glibc2.35,3.10.12,3.0.4,2,Intel(R) Xeon(R) CPU @ 2.60GHz,,,,,15.61648178100586,machine,Y,1.0
2025-08-08T10:23:49,scikit-learn-benchmark,55ffa02d-b26c-404d-b680-96d42e82733d,scikit-learn_SCL001_d880725b,1.002059591934085,7.707398630240068e-08,7.69155716115041e-08,1.7834543000000005,0.0,10.0,2.482935082638917e-07,0.0,1.3915785407233568e-06,1.6398720489872489e-06,Canada,CAN,,gcp,northamerica-northeast2,Linux-6.8.0-1032-gcp-x86_64-with-glibc2.35,3.10.12,3.0.4,2,Intel(R) Xeon(R) CPU @ 2.60GHz,,,,,15.61648178100586,machine,Y,1.0
2025-08-08T10:23:52,scikit-learn-benchmark,5a6f9e6f-feb3-4847-9efa-5cd596960c30,scikit-learn_SCL001_d880725b,1.0021222326904535,7.670869236986683e-08,7.654624342972886e-08,1.7272709000000002,0.0,10.0,2.404794766692728e-07,0.0,1.391620360987468e-06,1.6320998376567408e-06,Canada,CAN,,gcp,northamerica-northeast2,Linux-6.8.0-1032-gcp-x86_64-with-glibc2.35,3.10.12,3.0.4,2,Intel(R) Xeon(R) CPU @ 2.60GHz,,,,,15.61648178100586,machine,Y,1.0
2025-08-08T10:23:54,scikit-learn-benchmark,9701f8b4-fe95-4440-9c71-33ab1494d4a7,scikit-learn_SCL001_d880725b,1.002256371546537,7.65371522949491e-08,7.636484483191469e-08,1.7000000000000002,0.0,10.0,2.367172384013733e-07,0.0,1.3917328104273313e-06,1.6284500488287044e-06,Canada,CAN,,gcp,northamerica-northeast2,Linux-6.8.0-1032-gcp-x86_64-with-glibc2.35,3.10.12,3.0.4,2,Intel(R) Xeon(R) CPU @ 2.60GHz,,,,,15.61648178100586,machine,Y,1.0
2025-08-08T10:23:56,scikit-learn-benchmark,de559aef-6e36-482f-a20c-bb246050f49e,scikit-learn_SCL001_d880725b,1.002172897104174,7.653303500766764e-08,7.636709716338714e-08,1.7000000000000002,0.0,10.0,2.366932161255844e-07,0.0,1.3916692308460673e-06,1.6283624469716517e-06,Canada,CAN,,gcp,northamerica-northeast2,Linux-6.8.0-1032-gcp-x86_64-with-glibc2.35,3.10.12,3.0.4,2,Intel(R) Xeon(R) CPU @ 2.60GHz,,,,,15.61648178100586,machine,Y,1.0
2025-08-08T10:23:58,scikit-learn-benchmark,2ff5e45f-a76c-4e0b-8cc1-dd101fb30418,scikit-learn_SCL001_d880725b,1.0054762149229646,1.1176899131943801e-07,1.1116025387830908e-07,6.973099999999999,0.0,10.0,9.772889200024718e-07,0.0,1.400774725091954e-06,2.378063645094426e-06,Canada,CAN,,gcp,northamerica-northeast2,Linux-6.8.0-1032-gcp-x86_64-with-glibc2.35,3.10.12,3.0.4,2,Intel(R) Xeon(R) CPU @ 2.60GHz,,,,,15.61648178100586,machine,Y,1.0
2025-08-08T10:24:00,scikit-learn-benchmark,5b02948a-ddb4-49fa-b6ee-6cb9e40b2fd6,scikit-learn_SCL001_d880725b,1.0019950629211962,7.726926646463054e-08,7.711541635680446e-08,1.8123776000000005,0.0,10.0,2.523438410905467e-07,0.0,1.391683104965422e-06,1.6440269460559687e-06,Canada,CAN,,gcp,northamerica-northeast2,Linux-6.8.0-1032-gcp-x86_64-with-glibc2.35,3.10.12,3.0.4,2,Intel(R) Xeon(R) CPU @ 2.60GHz,,,,,15.61648178100586,machine,Y,1.0
2025-08-08T10:24:02,scikit-learn-benchmark,3f156fbf-bc87-4f55-9afc-c724533d515f,scikit-learn_SCL001_d880725b,1.0027481652796268,7.71511269038068e-08,7.693968393578899e-08,1.7834543000000005,0.0,10.0,2.485695266207571e-07,0.0,1.3929438117581108e-06,1.641513338378868e-06,Canada,CAN,,gcp,northamerica-northeast2,Linux-6.8.0-1032-gcp-x86_64-with-glibc2.35,3.10.12,3.0.4,2,Intel(R) Xeon(R) CPU @ 2.60GHz,,,,,15.61648178100586,machine,Y,1.0
2025-08-08T10:24:04,scikit-learn-benchmark,7f363e68-8966-4945-a254-667e77d4cd14,scikit-learn_SCL001_d880725b,1.0079574203118682,1.1231864675284625e-07,1.114319360019138e-07,6.973099999999999,0.0,10.0,9.821210823894036e-07,0.0,1.407637359160516e-06,2.3897584415499195e-06,Canada,CAN,,gcp,northamerica-northeast2,Linux-6.8.0-1032-gcp-x86_64-with-glibc2.35,3.10.12,3.0.4,2,Intel(R) Xeon(R) CPU @ 2.60GHz,,,,,15.61648178100586,machine,Y,1.0
2025-08-08T10:24:07,scikit-learn-benchmark,67492028-599b-4f5d-b9a8-b076102b02c1,scikit-learn_SCL001_d880725b,1.0017516571097076,7.670465668792426e-08,7.657053137225197e-08,1.7272709000000002,0.0,10.0,2.40464060474782e-07,0.0,1.3915499116087126e-06,1.6320139720834949e-06,Canada,CAN,,gcp,northamerica-northeast2,Linux-6.8.0-1032-gcp-x86_64-with-glibc2.35,3.10.12,3.0.4,2,Intel(R) Xeon(R) CPU @ 2.60GHz,,,,,15.61648178100586,machine,Y,1.0
2025-08-08T10:24:09,scikit-learn-benchmark,dfe1bdb5-04b9-4107-95c1-0a736cd3f450,scikit-learn_SCL001_d880725b,1.0021148049272597,7.652302915552478e-08,7.636153939575748e-08,1.7000000000000002,0.0,10.0,2.366653199488711e-07,0.0,1.3914842365516558e-06,1.628149556500527e-06,Canada,CAN,,gcp,northamerica-northeast2,Linux-6.8.0-1032-gcp-x86_64-with-glibc2.35,3.10.12,3.0.4,2,Intel(R) Xeon(R) CPU @ 2.60GHz,,,,,15.61648178100586,machine,Y,1.0
2025-08-08T10:24:11,scikit-learn-benchmark,b45ab143-1974-4c87-a20b-8feb12ce142f,scikit-learn_SCL001_d880725b,1.0018529277294874,7.669246396874943e-08,7.655062120001846e-08,1.7272709000000002,0.0,10.0,2.4042576664766694e-07,0.0,1.3913287858789166e-06,1.6317545525265835e-06,Canada,CAN,,gcp,northamerica-northeast2,Linux-6.8.0-1032-gcp-x86_64-with-glibc2.35,3.10.12,3.0.4,2,Intel(R) Xeon(R) CPU @ 2.60GHz,,,,,15.61648178100586,machine,Y,1.0
2025-08-08T10:24:13,scikit-learn-benchmark,8a8277cc-aff1-48bf-b2d5-5c0cb69f8ee4,scikit-learn_SCL001_d880725b,1.0021739709191024,7.689410686928597e-08,7.672730394181532e-08,1.7550872000000004,0.0,10.0,2.44376757726228e-07,0.0,1.391668069279856e-06,1.636044827006084e-06,Canada,CAN,,gcp,northamerica-northeast2,Linux-6.8.0-1032-gcp-x86_64-with-glibc2.35,3.10.12,3.0.4,2,Intel(R) Xeon(R) CPU @ 2.60GHz,,,,,15.61648178100586,machine,Y,1.0
2025-08-08T10:24:15,scikit-learn-benchmark,d3924b92-7e8d-40a4-a405-48d9f3804912,scikit-learn_SCL001_d880725b,1.00176523020491,7.707955732497825e-08,7.694373392178097e-08,1.7834543000000005,0.0,10.0,2.483157638945042e-07,0.0,1.3916748174880114e-06,1.6399905813825156e-06,Canada,CAN,,gcp,northamerica-northeast2,Linux-6.8.0-1032-gcp-x86_64-with-glibc2.35,3.10.12,3.0.4,2,Intel(R) Xeon(R) CPU @ 2.60GHz,,,,,15.61648178100586,machine,Y,1.0
2025-08-08T10:24:17,scikit-learn-benchmark,c585b984-ebfc-44f9-9eda-90e4439f1156,scikit-learn_SCL001_d880725b,1.0022067232057452,7.671050639506187e-08,7.654160026954219e-08,1.7272709000000002,0.0,10.0,2.404981698104969e-07,0.0,1.3916402641269896e-06,1.6321384339374863e-06,Canada,CAN,,gcp,northamerica-northeast2,Linux-6.8.0-1032-gcp-x86_64-with-glibc2.35,3.10.12,3.0.4,2,Intel(R) Xeon(R) CPU @ 2.60GHz,,,,,15.61648178100586,machine,Y,1.0
2025-08-08T10:24:20,scikit-learn-benchmark,ca7fb0e7-1428-4fed-9e03-17d0dd38026f,scikit-learn_SCL001_d880725b,1.0028275921940804,7.946343693848837e-08,7.923938028532981e-08,2.1333896,0.0,10.0,2.9739884882410896e-07,0.0,1.393312575399048e-06,1.6907114242231569e-06,Canada,CAN,,gcp,northamerica-northeast2,Linux-6.8.0-1032-gcp-x86_64-with-glibc2.35,3.10.12,3.0.4,2,Intel(R) Xeon(R) CPU @ 2.60GHz,,,,,15.61648178100586,machine,Y,1.0
2025-08-08T10:24:22,scikit-learn-benchmark,045624bb-5eba-4105-bd21-1e37bfddaca5,scikit-learn_SCL001_d880725b,1.0021515409462154,7.688997514055986e-08,7.672489838010085e-08,1.7550872000000004,0.0,10.0,2.443480522630632e-07,0.0,1.3916088656211892e-06,1.6359569178842524e-06,Canada,CAN,,gcp,northamerica-northeast2,Linux-6.8.0-1032-gcp-x86_64-with-glibc2.35,3.10.12,3.0.4,2,Intel(R) Xeon(R) CPU @ 2.60GHz,,,,,15.61648178100586,machine,Y,1.0
2025-08-08T10:24:24,scikit-learn-benchmark,edc8635e-40f5-49aa-a3d5-60bb4806249f,scikit-learn_SCL001_d880725b,1.002178182825446,7.671276203279533e-08,7.654603078318734e-08,1.7272709000000002,0.0,10.0,2.4049323193637457e-07,0.0,1.3916931942933134e-06,1.632186426229688e-06,Canada,CAN,,gcp,northamerica-northeast2,Linux-6.8.0-1032-gcp-x86_64-with-glibc2.35,3.10.12,3.0.4,2,Intel(R) Xeon(R) CPU @ 2.60GHz,,,,,15.61648178100586,machine,Y,1.0
2025-08-08T10:24:26,scikit-learn-benchmark,71de4f77-6299-4e6c-bda6-106f7eca52fd,scikit-learn_SCL001_d880725b,1.0020307977683842,7.635686097828898e-08,7.620210990355067e-08,1.6732691000000002,0.0,10.0,2.329650693852276e-07,0.0,1.391648993982623e-06,1.6246140633678505e-06,Canada,CAN,,gcp,northamerica-northeast2,Linux-6.8.0-1032-gcp-x86_64-with-glibc2.35,3.10.12,3.0.4,2,Intel(R) Xeon(R) CPU @ 2.60GHz,,,,,15.61648178100586,machine,Y,1.0
2025-08-08T10:24:28,scikit-learn-benchmark,3c342985-6cd1-469c-807b-933ca345a132,scikit-learn_SCL001_d880725b,1.0020735547877848,7.707026868559067e-08,7.69107899488599e-08,1.7834543000000005,0.0,10.0,2.482766120338472e-07,0.0,1.3915163387234012e-06,1.6397929507572483e-06,Canada,CAN,,gcp,northamerica-northeast2,Linux-6.8.0-1032-gcp-x86_64-with-glibc2.35,3.10.12,3.0.4,2,Intel(R) Xeon(R) CPU @ 2.60GHz,,,,,15.61648178100586,machine,Y,1.0
2025-08-08T10:24:30,scikit-learn-benchmark,db793a9b-1f3e-4c40-898b-bf1a603058af,scikit-learn_SCL001_d880725b,1.0021497928537428,7.652764628076046e-08,7.63634806158456e-08,1.7000000000000002,0.0,10.0,2.366773187726116e-07,0.0,1.391570474435058e-06,1.6282477932076694e-06,Canada,CAN,,gcp,northamerica-northeast2,Linux-6.8.0-1032-gcp-x86_64-with-glibc2.35,3.10.12,3.0.4,2,Intel(R) Xeon(R) CPU @ 2.60GHz,,,,,15.61648178100586,machine,Y,1.0
2025-08-08T10:24:32,scikit-learn-benchmark,7d437cb6-5127-4ad6-bf6a-8bebb245ce6f,scikit-learn_SCL001_d880725b,1.001761601306498,7.650019717321268e-08,7.63656713068669e-08,1.7000000000000002,0.0,10.0,2.365847968160072e-07,0.0,1.3910789728268154e-06,1.6276637696428225e-06,Canada,CAN,,gcp,northamerica-northeast2,Linux-6.8.0-1032-gcp-x86_64-with-glibc2.35,3.10.12,3.0.4,2,Intel(R) Xeon(R) CPU @ 2.60GHz,,,,,15.61648178100586,machine,Y,1.0
2025-08-08T10:24:34,scikit-learn-benchmark,df647174-b42a-4a93-98c6-0516571821b6,scikit-learn_SCL001_d880725b,1.0021230219863355,7.670599685078317e-08,7.65434933315294e-08,1.7272709000000002,0.0,10.0,2.40470711780724e-07,0.0,1.3915717744061517e-06,1.6320424861868758e-06,Canada,CAN,,gcp,northamerica-northeast2,Linux-6.8.0-1032-gcp-x86_64-with-glibc2.35,3.10.12,3.0.4,2,Intel(R) Xeon(R) CPU @ 2.60GHz,,,,,15.61648178100586,machine,Y,1.0
2025-08-08T10:24:37,scikit-learn-benchmark,ef6a4d02-8920-48ad-b306-315f3b25e4ad,scikit-learn_SCL001_d880725b,1.0015239911153913,7.66447095561106e-08,7.652808143991823e-08,1.7272709000000002,0.0,10.0,2.402752011445377e-07,0.0,1.3904633000493049e-06,1.6307385011938426e-06,Canada,CAN,,gcp,northamerica-northeast2,Linux-6.8.0-1032-gcp-x86_64-with-glibc2.35,3.10.12,3.0.4,2,Intel(R) Xeon(R) CPU @ 2.60GHz,,,,,15.61648178100586,machine,Y,1.0
2025-08-08T10:24:39,scikit-learn-benchmark,fd20c29d-d328-4758-9f61-634387c70ddc,scikit-learn_SCL001_d880725b,1.001496004872024,7.645942806636192e-08,7.63452152523886e-08,1.7000000000000002,0.0,10.0,2.364605230331007e-07,0.0,1.3903358188043865e-06,1.626796341837487e-06,Canada,CAN,,gcp,northamerica-northeast2,Linux-6.8.0-1032-gcp-x86_64-with-glibc2.35,3.10.12,3.0.4,2,Intel(R) Xeon(R) CPU @ 2.60GHz,,,,,15.61648178100586,machine,Y,1.0
2025-08-08T10:24:41,scikit-learn-benchmark,9e99cefe-2501-418d-920b-dbd5608c36bc,scikit-learn_SCL001_d880725b,1.0021907570771873,7.67018883456024e-08,7.653422046048158e-08,1.7272709000000002,0.0,10.0,2.4045667723473653e-07,0.0,1.3914983939482931e-06,1.6319550711830298e-06,Canada,CAN,,gcp,northamerica-northeast2,Linux-6.8.0-1032-gcp-x86_64-with-glibc2.35,3.10.12,3.0.4,2,Intel(R) Xeon(R) CPU @ 2.60GHz,,,,,15.61648178100586,machine,Y,1.0
2025-08-08T10:24:43,scikit-learn-benchmark,54246a80-20b2-45e6-8ad2-261c4fb1cb91,scikit-learn_SCL001_d880725b,1.0016372152604165,7.645691308213604e-08,7.6331941263043e-08,1.7000000000000002,0.0,10.0,2.3645325548325975e-07,0.0,1.3902895760515495e-06,1.6267428315348097e-06,Canada,CAN,,gcp,northamerica-northeast2,Linux-6.8.0-1032-gcp-x86_64-with-glibc2.35,3.10.12,3.0.4,2,Intel(R) Xeon(R) CPU @ 2.60GHz,,,,,15.61648178100586,machine,Y,1.0
2025-08-08T10:24:45,scikit-learn-benchmark,09bddb60-24de-41f5-bf84-e57e9122d101,scikit-learn_SCL001_d880725b,1.0025718929246068,7.680143531868924e-08,7.660441696071435e-08,1.7272709000000002,0.0,10.0,2.4076585348371124e-07,0.0,1.3933072384032938e-06,1.6340730918870051e-06,Canada,CAN,,gcp,northamerica-northeast2,Linux-6.8.0-1032-gcp-x86_64-with-glibc2.35,3.10.12,3.0.4,2,Intel(R) Xeon(R) CPU @ 2.60GHz,,,,,15.61648178100586,machine,Y,1.0
2025-08-08T10:24:47,scikit-learn-benchmark,14f308af-ae7c-4a0a-8ca6-560a93c03372,scikit-learn_SCL001_d880725b,1.0019625802524388,7.70691571145117e-08,7.691819897614794e-08,1.7834543000000005,0.0,10.0,2.482721144928058e-07,0.0,1.3914971858159536e-06,1.6397693003087594e-06,Canada,CAN,,gcp,northamerica-northeast2,Linux-6.8.0-1032-gcp-x86_64-with-glibc2.35,3.10.12,3.0.4,2,Intel(R) Xeon(R) CPU @ 2.60GHz,,,,,15.61648178100586,machine,Y,1.0
2025-08-08T10:24:49,scikit-learn-benchmark,e1894e3b-fcf9-40b0-b5da-297204999f1b,scikit-learn_SCL001_d880725b,1.002018733881414,7.668890704470425e-08,7.653440444934854e-08,1.7272709000000002,0.0,10.0,2.4042375114780463e-07,0.0,1.3912551221437751e-06,1.63167887329158e-06,Canada,CAN,,gcp,northamerica-northeast2,Linux-6.8.0-1032-gcp-x86_64-with-glibc2.35,3.10.12,3.0.4,2,Intel(R) Xeon(R) CPU @ 2.60GHz,,,,,15.61648178100586,machine,Y,1.0
2025-08-08T10:24:52,scikit-learn-benchmark,715b2651-dbe8-4cfe-b6b0-6f8b67e6e7a6,scikit-learn_SCL001_d880725b,1.0021327501162889,7.72647007632677e-08,7.710026516377377e-08,1.8123776000000005,0.0,10.0,2.5232676508620053e-07,0.0,1.3916030383875802e-06,1.6439298034737807e-06,Canada,CAN,,gcp,northamerica-northeast2,Linux-6.8.0-1032-gcp-x86_64-with-glibc2.35,3.10.12,3.0.4,2,Intel(R) Xeon(R) CPU @ 2.60GHz,,,,,15.61648178100586,machine,Y,1.0
2025-08-08T10:24:54,scikit-learn-benchmark,788145b3-2b25-4c54-8b51-ad8f98c86050,scikit-learn_SCL001_d880725b,1.0034409519284964,7.69211523518834e-08,7.66573779992235e-08,1.7550872000000004,0.0,10.0,2.4497913203164424e-07,0.0,1.3916411307743855e-06,1.6366202628060295e-06,Canada,CAN,,gcp,northamerica-northeast2,Linux-6.8.0-1032-gcp-x86_64-with-glibc2.35,3.10.12,3.0.4,2,Intel(R) Xeon(R) CPU @ 2.60GHz,,,,,15.61648178100586,machine,Y,1.0
2025-08-08T10:24:56,scikit-learn-benchmark,a6612f27-7c77-4f57-9e0a-711ab6ce35a0,scikit-learn_SCL001_d880725b,1.0020817201584578,7.652558386055493e-08,7.636660994919062e-08,1.7000000000000002,0.0,10.0,2.3666577249403213e-07,0.0,1.3915381394326686e-06,1.6282039119267009e-06,Canada,CAN,,gcp,northamerica-northeast2,Linux-6.8.0-1032-gcp-x86_64-with-glibc2.35,3.10.12,3.0.4,2,Intel(R) Xeon(R) CPU @ 2.60GHz,,,,,15.61648178100586,machine,Y,1.0
2025-08-08T10:24:58,scikit-learn-benchmark,2ab88076-7e57-4128-aeb2-88dc632d7595,scikit-learn_SCL001_d880725b,1.0021318518556654,7.670195160831598e-08,7.653878226331755e-08,1.7272709000000002,0.0,10.0,2.4046106168981893e-07,0.0,1.3914953555083935e-06,1.6319564171982125e-06,Canada,CAN,,gcp,northamerica-northeast2,Linux-6.8.0-1032-gcp-x86_64-with-glibc2.35,3.10.12,3.0.4,2,Intel(R) Xeon(R) CPU @ 2.60GHz,,,,,15.61648178100586,machine,Y,1.0
2025-08-08T10:25:00,scikit-learn-benchmark,accbfaa0-a937-43b9-9dab-d07abb0b20b4,scikit-learn_SCL001_d880725b,1.0022109947167337,7.653643482241833e-08,7.636758649215447e-08,1.7000000000000002,0.0,10.0,2.36706942669116e-07,0.0,1.3917278407865928e-06,1.6284347834557088e-06,Canada,CAN,,gcp,northamerica-northeast2,Linux-6.8.0-1032-gcp-x86_64-with-glibc2.35,3.10.12,3.0.4,2,Intel(R) Xeon(R) CPU @ 2.60GHz,,,,,15.61648178100586,machine,Y,1.0
2025-08-08T10:25:02,scikit-learn-benchmark,f4022e9f-a0e5-4340-ab37-906be4934d31,scikit-learn_SCL001_d880725b,1.0022262162528932,7.653037017674392e-08,7.636037546780048e-08,1.7000000000000002,0.0,10.0,2.366937900531209e-07,0.0,1.3916119583882392e-06,1.62830574844136e-06,Canada,CAN,,gcp,northamerica-northeast2,Linux-6.8.0-1032-gcp-x86_64-with-glibc2.35,3.10.12,3.0.4,2,Intel(R) Xeon(R) CPU @ 2.60GHz,,,,,15.61648178100586,machine,Y,1.0
2025-08-08T10:25:04,scikit-learn-benchmark,314013f5-0559-4837-9eac-8c3a2586ccaa,scikit-learn_SCL001_d880725b,1.0053378059528768,7.794182688325058e-08,7.75279974768043e-08,1.8418625,0.0,10.0,2.580658807267836e-07,0.0,1.400270861470037e-06,1.6583367421968208e-06,Canada,CAN,,gcp,northamerica-northeast2,Linux-6.8.0-1032-gcp-x86_64-with-glibc2.35,3.10.12,3.0.4,2,Intel(R) Xeon(R) CPU @ 2.60GHz,,,,,15.61648178100586,machine,Y,1.0
2025-08-08T10:25:07,scikit-learn-benchmark,95754193-05f6-4ffa-865f-86b2435615f6,scikit-learn_SCL001_d880725b,1.006240660790354,1.1323558910955453e-07,1.1253330691349061e-07,7.170099199999999,0.0,10.0,1.0064395762543348e-06,0.0,1.4028282771404418e-06,2.4092678533947768e-06,Canada,CAN,,gcp,northamerica-northeast2,Linux-6.8.0-1032-gcp-x86_64-with-glibc2.35,3.10.12,3.0.4,2,Intel(R) Xeon(R) CPU @ 2.60GHz,,,,,15.61648178100586,machine,Y,1.0
2025-08-08T10:25:09,scikit-learn-benchmark,eff08fad-2ff2-4439-85ae-193e1ffb50bd,scikit-learn_SCL001_d880725b,1.0034477771259844,7.542580528586844e-08,7.51666474381941e-08,1.5008192,0.0,10.0,2.0953085389942685e-07,0.0,1.395273513885008e-06,1.6048043677844348e-06,Canada,CAN,,gcp,northamerica-northeast2,Linux-6.8.0-1032-gcp-x86_64-with-glibc2.35,3.10.12,3.0.4,2,Intel(R) Xeon(R) CPU @ 2.60GHz,,,,,15.61648178100586,machine,Y,1.0
2025-08-08T10:25:11,scikit-learn-benchmark,e6c1dfbc-9db5-46f9-821b-d38148db9ab7,scikit-learn_SCL001_d880725b,1.0014683711342514,7.6281295490823e-08,7.616945046844334e-08,1.6732691000000002,0.0,10.0,2.327334954896374e-07,0.0,1.3902727915491496e-06,1.623006287038787e-06,Canada,CAN,,gcp,northamerica-northeast2,Linux-6.8.0-1032-gcp-x86_64-with-glibc2.35,3.10.12,3.0.4,2,Intel(R) Xeon(R) CPU @ 2.60GHz,,,,,15.61648178100586,machine,Y,1.0
2025-08-08T10:25:13,scikit-learn-benchmark,20a2971d-63a9-4d77-b001-b8c80a24b7ed,scikit-learn_SCL001_d880725b,1.0019036401063204,7.650003997583149e-08,7.635468812920315e-08,1.7000000000000002,0.0,10.0,2.3658665207525094e-07,0.0,1.3910737729424405e-06,1.6276604250176914e-06,Canada,CAN,,gcp,northamerica-northeast2,Linux-6.8.0-1032-gcp-x86_64-with-glibc2.35,3.10.12,3.0.4,2,Intel(R) Xeon(R) CPU @ 2.60GHz,,,,,15.61648178100586,machine,Y,1.0
2025-08-08T10:25:15,scikit-learn-benchmark,1be56c6b-edcb-405e-924d-bd2c51a0df22,scikit-learn_SCL001_d880725b,1.0029548038728535,7.773225688571252e-08,7.750324998250548e-08,1.8779932952,0.0,10.0,2.617257310441132e-07,0.0,1.3921520750348769e-06,1.6538778060789898e-06,Canada,CAN,,gcp,northamerica-northeast2,Linux-6.8.0-1032-gcp-x86_64-with-glibc2.35,3.10.12,3.0.4,2,Intel(R) Xeon(R) CPU @ 2.60GHz,,,,,15.61648178100586,machine,Y,1.0
2025-08-08T10:25:17,scikit-learn-benchmark,fbfb321c-fa76-4a34-99d8-705ab3be92fb,scikit-learn_SCL001_d880725b,1.002369849011302,7.621791946236745e-08,7.603772154314675e-08,1.6470728,0.0,10.0,2.2943427969538093e-07,0.0,1.3922235812060536e-06,1.6216578609014346e-06,Canada,CAN,,gcp,northamerica-northeast2,Linux-6.8.0-1032-gcp-x86_64-with-glibc2.35,3.10.12,3.0.4,2,Intel(R) Xeon(R) CPU @ 2.60GHz,,,,,15.61648178100586,machine,Y,1.0
2025-08-08T10:25:19,scikit-learn-benchmark,02825220-266a-4189-be7f-8ba771fb737a,scikit-learn_SCL001_d880725b,1.0019224658608437,7.704213509790951e-08,7.689430841508834e-08,1.7834543000000005,0.0,10.0,2.481862309753288e-07,0.0,1.39100813280998e-06,1.639194363785309e-06,Canada,CAN,,gcp,northamerica-northeast2,Linux-6.8.0-1032-gcp-x86_64-with-glibc2.35,3.10.12,3.0.4,2,Intel(R) Xeon(R) CPU @ 2.60GHz,,,,,15.61648178100586,machine,Y,1.0
2025-08-08T10:25:22,scikit-learn-benchmark,188813f5-ecf9-46cc-95f6-a2f69320ef89,scikit-learn_SCL001_d880725b,1.0021118107251823,7.652640172332113e-08,7.636513301638715e-08,1.7000000000000002,0.0,10.0,2.366702387937241e-07,0.0,1.3915510744684271e-06,1.6282213132621517e-06,Canada,CAN,,gcp,northamerica-northeast2,Linux-6.8.0-1032-gcp-x86_64-with-glibc2.35,3.10.12,3.0.4,2,Intel(R) Xeon(R) CPU @ 2.60GHz,,,,,15.61648178100586,machine,Y,1.0
2025-08-08T10:25:24,scikit-learn-benchmark,93f60fda-97d8-4edc-a7a3-960a20462141,scikit-learn_SCL001_d880725b,1.0021439921110868,7.653104998393813e-08,7.636731905434078e-08,1.7000000000000002,0.0,10.0,2.366839180597001e-07,0.0,1.3916362943645154e-06,1.6283202124242157e-06,Canada,CAN,,gcp,northamerica-northeast2,Linux-6.8.0-1032-gcp-x86_64-with-glibc2.35,3.10.12,3.0.4,2,Intel(R) Xeon(R) CPU @ 2.60GHz,,,,,15.61648178100586,machine,Y,1.0
2025-08-08T10:25:26,scikit-learn-benchmark,2bfb81ea-9ebe-44f9-9942-75c144a7f54a,scikit-learn_SCL001_d880725b,1.0021433173678815,7.670726324882158e-08,7.654320686415629e-08,1.7272709000000002,0.0,10.0,2.4047507702141906e-07,0.0,1.3915943538045715e-06,1.6320694308259908e-06,Canada,CAN,,gcp,northamerica-northeast2,Linux-6.8.0-1032-gcp-x86_64-with-glibc2.35,3.10.12,3.0.4,2,Intel(R) Xeon(R) CPU @ 2.60GHz,,,,,15.61648178100586,machine,Y,1.0
2025-08-08T10:25:28,scikit-learn-benchmark,8f8014eb-3ca5-46d2-b611-8bf8cb57d1e7,scikit-learn_SCL001_d880725b,1.0021915691904724,7.652954529036975e-08,7.636219226249036e-08,1.7000000000000002,0.0,10.0,2.3669767780746853e-07,0.0,1.391590519859973e-06,1.6282881976674416e-06,Canada,CAN,,gcp,northamerica-northeast2,Linux-6.8.0-1032-gcp-x86_64-with-glibc2.35,3.10.12,3.0.4,2,Intel(R) Xeon(R) CPU @ 2.60GHz,,,,,15.61648178100586,machine,Y,1.0
2025-08-08T10:25:30,scikit-learn-benchmark,93fd93b3-3933-4e1a-91a9-aab8ec6438c9,scikit-learn_SCL001_d880725b,1.0021111350506544,7.688828701834177e-08,7.67263074214371e-08,1.7550872000000004,0.0,10.0,2.44342918860663e-07,0.0,1.3915780815295876e-06,1.6359210003902506e-06,Canada,CAN,,gcp,northamerica-northeast2,Linux-6.8.0-1032-gcp-x86_64-with-glibc2.35,3.10.12,3.0.4,2,Intel(R) Xeon(R) CPU @ 2.60GHz,,,,,15.61648178100586,machine,Y,1.0
2025-08-08T10:25:32,scikit-learn-benchmark,5c595bf8-9c58-44d4-9312-f78d2beade8b,scikit-learn_SCL001_d880725b,1.002105887979269,7.652259169654767e-08,7.63617823370485e-08,1.7000000000000002,0.0,10.0,2.366535546542663e-07,0.0,1.3914866942084497e-06,1.628140248862716e-06,Canada,CAN,,gcp,northamerica-northeast2,Linux-6.8.0-1032-gcp-x86_64-with-glibc2.35,3.10.12,3.0.4,2,Intel(R) Xeon(R) CPU @ 2.60GHz,,,,,15.61648178100586,machine,Y,1.0
2025-08-08T10:25:34,scikit-learn-benchmark,ff99da49-0d41-4774-b069-72bd99c1c1b8,scikit-learn_SCL001_d880725b,1.002117495983839,7.63533193925836e-08,7.619198317421149e-08,1.6732691000000002,0.0,10.0,2.3295254455356538e-07,0.0,1.3915861659269366e-06,1.624538710480502e-06,Canada,CAN,,gcp,northamerica-northeast2,Linux-6.8.0-1032-gcp-x86_64-with-glibc2.35,3.10.12,3.0.4,2,Intel(R) Xeon(R) CPU @ 2.60GHz,,,,,15.61648178100586,machine,Y,1.0
2025-08-08T10:25:37,scikit-learn-benchmark,8e821b86-edff-498a-b540-b2bb39da4139,scikit-learn_SCL001_d880725b,1.0021636318415403,7.653313399354616e-08,7.636790196917402e-08,1.7000000000000002,0.0,10.0,2.3669439476604266e-07,0.0,1.391670158288131e-06,1.6283645530541737e-06,Canada,CAN,,gcp,northamerica-northeast2,Linux-6.8.0-1032-gcp-x86_64-with-glibc2.35,3.10.12,3.0.4,2,Intel(R) Xeon(R) CPU @ 2.60GHz,,,,,15.61648178100586,machine,Y,1.0
2025-08-08T10:25:39,scikit-learn-benchmark,78d1e436-a06a-4129-9cba-a16980bab7c4,scikit-learn_SCL001_d880725b,1.0021750340238214,7.653354695409588e-08,7.636744516255503e-08,1.7000000000000002,0.0,10.0,2.366991803541573e-07,0.0,1.3916741590946912e-06,1.6283733394488486e-06,Canada,CAN,,gcp,northamerica-northeast2,Linux-6.8.0-1032-gcp-x86_64-with-glibc2.35,3.10.12,3.0.4,2,Intel(R) Xeon(R) CPU @ 2.60GHz,,,,,15.61648178100586,machine,Y,1.0
2025-08-08T10:25:41,scikit-learn-benchmark,75027a75-15f0-4b8d-a268-beaecd0f19de,scikit-learn_SCL001_d880725b,1.002127654850483,7.635190282585676e-08,7.618979723421407e-08,1.6732691000000002,0.0,10.0,2.329505760503517e-07,0.0,1.3915579947125582e-06,1.62450857076291e-06,Canada,CAN,,gcp,northamerica-northeast2,Linux-6.8.0-1032-gcp-x86_64-with-glibc2.35,3.10.12,3.0.4,2,Intel(R) Xeon(R) CPU @ 2.60GHz,,,,,15.61648178100586,machine,Y,1.0
2025-08-08T10:25:43,scikit-learn-benchmark,20352ca0-5277-45d7-b9f5-f4d70843a6da,scikit-learn_SCL001_d880725b,1.0020896471105516,7.652437122396402e-08,7.636479574917889e-08,1.7000000000000002,0.0,10.0,2.3666496349809082e-07,0.0,1.3915131476500797e-06,1.6281781111481705e-06,Canada,CAN,,gcp,northamerica-northeast2,Linux-6.8.0-1032-gcp-x86_64-with-glibc2.35,3.10.12,3.0.4,2,Intel(R) Xeon(R) CPU @ 2.60GHz,,,,,15.61648178100586,machine,Y,1.0
2025-08-08T10:25:45,scikit-learn-benchmark,a03defe2-b7fd-409c-84c0-05ac27cb03ef,scikit-learn_SCL001_d880725b,1.002114525064826,7.652747679130539e-08,7.63659989723778e-08,1.7000000000000002,0.0,10.0,2.366712342611411e-07,0.0,1.3915729527879093e-06,1.6282441870490504e-06,Canada,CAN,,gcp,northamerica-northeast2,Linux-6.8.0-1032-gcp-x86_64-with-glibc2.35,3.10.12,3.0.4,2,Intel(R) Xeon(R) CPU @ 2.60GHz,,,,,15.61648178100586,machine,Y,1.0
2025-08-08T10:25:47,scikit-learn-benchmark,8a0c7fb0-f250-4467-884e-e2b4f6ee8a7c,scikit-learn_SCL001_d880725b,1.0017996048554778,7.688783539662277e-08,7.67497162346304e-08,1.7550872000000004,0.0,10.0,2.4434345871697414e-07,0.0,1.3915679327005317e-06,1.6359113914175055e-06,Canada,CAN,,gcp,northamerica-northeast2,Linux-6.8.0-1032-gcp-x86_64-with-glibc2.35,3.10.12,3.0.4,2,Intel(R) Xeon(R) CPU @ 2.60GHz,,,,,15.61648178100586,machine,Y,1.0
2025-08-08T10:25:49,scikit-learn-benchmark,5066b5fd-114d-4743-b5ae-bdbcaa9232ba,scikit-learn_SCL001_d880725b,1.002108933404088,7.652789565927299e-08,7.63668430729517e-08,1.7000000000000002,0.0,10.0,2.3667331535317425e-07,0.0,1.3915797837802933e-06,1.6282530991334676e-06,Canada,CAN,,gcp,northamerica-northeast2,Linux-6.8.0-1032-gcp-x86_64-with-glibc2.35,3.10.12,3.0.4,2,Intel(R) Xeon(R) CPU @ 2.60GHz,,,,,15.61648178100586,machine,Y,1.0
2025-08-08T10:25:52,scikit-learn-benchmark,73fb782e-5c78-45d7-b9f0-cca195ede6c1,scikit-learn_SCL001_d880725b,1.0020816763862967,7.652426297844958e-08,7.63652951468099e-08,1.7000000000000002,0.0,10.0,2.366605209471244e-07,0.0,1.3915152871049942e-06,1.6281758080521186e-06,Canada,CAN,,gcp,northamerica-northeast2,Linux-6.8.0-1032-gcp-x86_64-with-glibc2.35,3.10.12,3.0.4,2,Intel(R) Xeon(R) CPU @ 2.60GHz,,,,,15.61648178100586,machine,Y,1.0
2025-08-08T10:25:54,scikit-learn-benchmark,d9adb46d-c700-4fdf-9040-df6c22240822,scikit-learn_SCL001_d880725b,1.0016574137844143,7.645858343752725e-08,7.63320696131575e-08,1.7000000000000002,0.0,10.0,2.3645684154083333e-07,0.0,1.3903215294703842e-06,1.6267783710112175e-06,Canada,CAN,,gcp,northamerica-northeast2,Linux-6.8.0-1032-gcp-x86_64-with-glibc2.35,3.10.12,3.0.4,2,Intel(R) Xeon(R) CPU @ 2.60GHz,,,,,15.61648178100586,machine,Y,1.0
2025-08-08T10:25:56,scikit-learn-benchmark,b50b70d7-f59b-43da-bddb-79738ca39fef,scikit-learn_SCL001_d880725b,1.0020976280793548,7.652544901798119e-08,7.636526309781986e-08,1.7000000000000002,0.0,10.0,2.3666465102643202e-07,0.0,1.3915363919093376e-06,1.6282010429357695e-06,Canada,CAN,,gcp,northamerica-northeast2,Linux-6.8.0-1032-gcp-x86_64-with-glibc2.35,3.10.12,3.0.4,2,Intel(R) Xeon(R) CPU @ 2.60GHz,,,,,15.61648178100586,machine,Y,1.0
2025-08-08T10:25:58,scikit-learn-benchmark,44dbb755-7c33-4fc5-be74-abc567d04f20,scikit-learn_SCL001_d880725b,1.0021306802518666,7.652610813978955e-08,7.636340214686987e-08,1.7000000000000002,0.0,10.0,2.3667850027171285e-07,0.0,1.3915365665323204e-06,1.628215066804033e-06,Canada,CAN,,gcp,northamerica-northeast2,Linux-6.8.0-1032-gcp-x86_64-with-glibc2.35,3.10.12,3.0.4,2,Intel(R) Xeon(R) CPU @ 2.60GHz,,,,,15.61648178100586,machine,Y,1.0
2025-08-08T10:26:00,scikit-learn-benchmark,af0d3bf2-531c-4140-b271-985e562afad7,scikit-learn_SCL001_d880725b,1.002151481807232,7.670744263064897e-08,7.654276227014948e-08,1.7272709000000002,0.0,10.0,2.404867064176428e-07,0.0,1.3915865410429735e-06,1.6320732474606164e-06,Canada,CAN,,gcp,northamerica-northeast2,Linux-6.8.0-1032-gcp-x86_64-with-glibc2.35,3.10.12,3.0.4,2,Intel(R) Xeon(R) CPU @ 2.60GHz,,,,,15.61648178100586,machine,Y,1.0
2025-08-08T10:26:02,scikit-learn-benchmark,c44a7191-3bce-4807-b092-a006ab18e1b5,scikit-learn_SCL001_d880725b,1.0023223687894642,7.654567711237665e-08,7.636832170554394e-08,1.7000000000000002,0.0,10.0,2.367338587711048e-07,0.0,1.3918975691518024e-06,1.6286314279229071e-06,Canada,CAN,,gcp,northamerica-northeast2,Linux-6.8.0-1032-gcp-x86_64-with-glibc2.35,3.10.12,3.0.4,2,Intel(R) Xeon(R) CPU @ 2.60GHz,,,,,15.61648178100586,machine,Y,1.0
2025-08-08T10:26:04,scikit-learn-benchmark,a18a4b41-2c62-434d-b0c6-9140ed27947d,scikit-learn_SCL001_d880725b,1.0021076039411128,7.6528803542528e-08,7.636785036013466e-08,1.7000000000000002,0.0,10.0,2.366768072954277e-07,0.0,1.3915956085030405e-06,1.6282724157984678e-06,Canada,CAN,,gcp,northamerica-northeast2,Linux-6.8.0-1032-gcp-x86_64-with-glibc2.35,3.10.12,3.0.4,2,Intel(R) Xeon(R) CPU @ 2.60GHz,,,,,15.61648178100586,machine,Y,1.0
2025-08-08T10:26:07,scikit-learn-benchmark,c96c6385-4e62-4701-a8b8-e811cac4998e,scikit-learn_SCL001_d880725b,1.002167432103306,7.65294807112336e-08,7.636396699762715e-08,1.7000000000000002,0.0,10.0,2.366897780577549e-07,0.0,1.3915970455855131e-06,1.628286823643268e-06,Canada,CAN,,gcp,northamerica-northeast2,Linux-6.8.0-1032-gcp-x86_64-with-glibc2.35,3.10.12,3.0.4,2,Intel(R) Xeon(R) CPU @ 2.60GHz,,,,,15.61648178100586,machine,Y,1.0
2025-08-08T10:26:09,scikit-learn-benchmark,d2d27c04-1ea0-4297-a05c-8f7d477e9266,scikit-learn_SCL001_d880725b,1.0021619768813252,7.67071414982572e-08,7.65416601984499e-08,1.7272709000000002,0.0,10.0,2.404830959002084e-07,0.0,1.3915837444882423e-06,1.632066840388451e-06,Canada,CAN,,gcp,northamerica-northeast2,Linux-6.8.0-1032-gcp-x86_64-with-glibc2.35,3.10.12,3.0.4,2,Intel(R) Xeon(R) CPU @ 2.60GHz,,,,,15.61648178100586,machine,Y,1.0
2025-08-08T10:26:11,scikit-learn-benchmark,fefd678f-508d-419d-b55f-f3b344b8f738,scikit-learn_SCL001_d880725b,1.0020802547223866,7.652737042677796e-08,7.63685044846821e-08,1.7000000000000002,0.0,10.0,2.366708997999215e-07,0.0,1.3915710241740778e-06,1.6282419239739992e-06,Canada,CAN,,gcp,northamerica-northeast2,Linux-6.8.0-1032-gcp-x86_64-with-glibc2.35,3.10.12,3.0.4,2,Intel(R) Xeon(R) CPU @ 2.60GHz,,,,,15.61648178100586,machine,Y,1.0
2025-08-08T10:26:13,scikit-learn-benchmark,ed3bc6f3-b78f-4fc0-97ed-9546874c4bbe,scikit-learn_SCL001_d880725b,1.001771800685674,7.665260366113271e-08,7.651703073361317e-08,1.7272709000000002,0.0,10.0,2.4030300324589784e-07,0.0,1.3906034576292663e-06,1.6309064608751642e-06,Canada,CAN,,gcp,northamerica-northeast2,Linux-6.8.0-1032-gcp-x86_64-with-glibc2.35,3.10.12,3.0.4,2,Intel(R) Xeon(R) CPU @ 2.60GHz,,,,,15.61648178100586,machine,Y,1.0
2025-08-08T10:26:15,scikit-learn-benchmark,5f67c409-c3ca-4620-90af-b937929e93e4,scikit-learn_SCL001_d880725b,1.0023114359937608,7.653842320505322e-08,7.63619175203441e-08,1.7000000000000002,0.0,10.0,2.367290001776484e-07,0.0,1.391748089291569e-06,1.6284770894692177e-06,Canada,CAN,,gcp,northamerica-northeast2,Linux-6.8.0-1032-gcp-x86_64-with-glibc2.35,3.10.12,3.0.4,2,Intel(R) Xeon(R) CPU @ 2.60GHz,,,,,15.61648178100586,machine,Y,1.0
2025-08-08T10:26:17,scikit-learn-benchmark,4773ac3d-bd70-44ad-a845-87aef9a6cc55,scikit-learn_SCL001_d880725b,1.002169281244278,7.670703182388902e-08,7.654099288360818e-08,1.7272709000000002,0.0,10.0,2.404766930407633e-07,0.0,1.3915878138504923e-06,1.6320645068912557e-06,Canada,CAN,,gcp,northamerica-northeast2,Linux-6.8.0-1032-gcp-x86_64-with-glibc2.35,3.10.12,3.0.4,2,Intel(R) Xeon(R) CPU @ 2.60GHz,,,,,15.61648178100586,machine,Y,1.0
2025-08-08T10:26:19,scikit-learn-benchmark,10c30f01-f87d-40f5-b88d-266d7bc7f1c4,scikit-learn_SCL001_d880725b,1.002169826067984,7.65306578504258e-08,7.63649591713353e-08,1.7000000000000002,0.0,10.0,2.3668858226543922e-07,0.0,1.3916232868925569e-06,1.628311869157996e-06,Canada,CAN,,gcp,northamerica-northeast2,Linux-6.8.0-1032-gcp-x86_64-with-glibc2.35,3.10.12,3.0.4,2,Intel(R) Xeon(R) CPU @ 2.60GHz,,,,,15.61648178100586,machine,Y,1.0
2025-08-08T10:26:22,scikit-learn-benchmark,51150921-4264-4be3-a767-06c156b18ee8,scikit-learn_SCL001_d880725b,1.0024785767309368,7.671410126531735e-08,7.652442959477556e-08,1.7272709000000002,0.0,10.0,2.406368597051368e-07,0.0,1.3915780608335304e-06,1.6322149205386671e-06,Canada,CAN,,gcp,northamerica-northeast2,Linux-6.8.0-1032-gcp-x86_64-with-glibc2.35,3.10.12,3.0.4,2,Intel(R) Xeon(R) CPU @ 2.60GHz,,,,,15.61648178100586,machine,Y,1.0
2025-08-08T10:26:24,scikit-learn-benchmark,df729583-c9e5-41de-9e22-f27261c6d11c,scikit-learn_SCL001_d880725b,1.002176254987717,7.671039421176398e-08,7.654381535182571e-08,1.7272709000000002,0.0,10.0,2.4048709964231384e-07,0.0,1.3916489474164943e-06,1.6321360470588082e-06,Canada,CAN,,gcp,northamerica-northeast2,Linux-6.8.0-1032-gcp-x86_64-with-glibc2.35,3.10.12,3.0.4,2,Intel(R) Xeon(R) CPU @ 2.60GHz,,,,,15.61648178100586,machine,Y,1.0
2025-08-08T10:26:26,scikit-learn-benchmark,1072553e-1925-40ee-8779-525540d16e8d,scikit-learn_SCL001_d880725b,1.0021340348757803,7.65258852112133e-08,7.636292406803552e-08,1.7000000000000002,0.0,10.0,2.3666842399527217e-07,0.0,1.3915418996475637e-06,1.6282103236428355e-06,Canada,CAN,,gcp,northamerica-northeast2,Linux-6.8.0-1032-gcp-x86_64-with-glibc2.35,3.10.12,3.0.4,2,Intel(R) Xeon(R) CPU @ 2.60GHz,,,,,15.61648178100586,machine,Y,1.0
2025-08-08T10:26:28,scikit-learn-benchmark,777e9c53-0080-4d4d-bad9-34de7d9c20f6,scikit-learn_SCL001_d880725b,1.0021686959080398,7.65334564575848e-08,7.636783784015499e-08,1.7000000000000002,0.0,10.0,2.3669219471048565e-07,0.0,1.39167921928068e-06,1.6283714139911657e-06,Canada,CAN,,gcp,northamerica-northeast2,Linux-6.8.0-1032-gcp-x86_64-with-glibc2.35,3.10.12,3.0.4,2,Intel(R) Xeon(R) CPU @ 2.60GHz,,,,,15.61648178100586,machine,Y,1.0
2025-08-08T10:26:30,scikit-learn-benchmark,770c19d9-490f-452b-846b-ed2c7e8b287c,scikit-learn_SCL001_d880725b,1.0021783881820738,7.65305001654714e-08,7.636414940487372e-08,1.7000000000000002,0.0,10.0,2.366931189317257e-07,0.0,1.3916153952272405e-06,1.628308514158966e-06,Canada,CAN,,gcp,northamerica-northeast2,Linux-6.8.0-1032-gcp-x86_64-with-glibc2.35,3.10.12,3.0.4,2,Intel(R) Xeon(R) CPU @ 2.60GHz,,,,,15.61648178100586,machine,Y,1.0
2025-08-08T10:26:32,scikit-learn-benchmark,55c4ab7b-3121-483a-b12a-e059f2b1f181,scikit-learn_SCL001_d880725b,1.0021208398975432,7.65289781162412e-08,7.636701590205978e-08,1.7000000000000002,0.0,10.0,2.366855391301215e-07,0.0,1.3915905910026696e-06,1.6282761301327912e-06,Canada,CAN,,gcp,northamerica-northeast2,Linux-6.8.0-1032-gcp-x86_64-with-glibc2.35,3.10.12,3.0.4,2,Intel(R) Xeon(R) CPU @ 2.60GHz,,,,,15.61648178100586,machine,Y,1.0
2025-08-08T10:26:34,scikit-learn-benchmark,524fc174-e9a1-4c2b-8e00-b109a69b79ba,scikit-learn_SCL001_d880725b,1.002181821037084,7.653624557955968e-08,7.636962073444714e-08,1.7000000000000002,0.0,10.0,2.3670209485054442e-07,0.0,1.3917286621613635e-06,1.6284307570119078e-06,Canada,CAN,,gcp,northamerica-northeast2,Linux-6.8.0-1032-gcp-x86_64-with-glibc2.35,3.10.12,3.0.4,2,Intel(R) Xeon(R) CPU @ 2.60GHz,,,,,15.61648178100586,machine,Y,1.0
2025-08-08T10:26:36,scikit-learn-benchmark,5d27f268-738b-4fd2-bbed-46abac9c6eef,scikit-learn_SCL001_d880725b,1.0019723535515368,7.650709988372141e-08,7.63564978739568e-08,1.7000000000000002,0.0,10.0,2.3660841668283362e-07,0.0,1.3912022191410263e-06,1.62781063582386e-06,Canada,CAN,,gcp,northamerica-northeast2,Linux-6.8.0-1032-gcp-x86_64-with-glibc2.35,3.10.12,3.0.4,2,Intel(R) Xeon(R) CPU @ 2.60GHz,,,,,15.61648178100586,machine,Y,1.0
2025-08-08T10:26:39,scikit-learn-benchmark,b3430aa2-ef65-4b33-b41a-fe800f5fffb3,scikit-learn_SCL001_d880725b,1.0014618658460677,7.64534659429919e-08,7.634186437883136e-08,1.7000000000000002,0.0,10.0,2.3644146863888534e-07,0.0,1.3902280195098784e-06,1.626669488148764e-06,Canada,CAN,,gcp,northamerica-northeast2,Linux-6.8.0-1032-gcp-x86_64-with-glibc2.35,3.10.12,3.0.4,2,Intel(R) Xeon(R) CPU @ 2.60GHz,,,,,15.61648178100586,machine,Y,1.0
2025-08-08T10:26:41,scikit-learn-benchmark,6741b9a2-eec6-49e5-98d4-0d63b5df0d6b,scikit-learn_SCL001_d880725b,1.0029904819093645,7.68372041500247e-08,7.660810898599147e-08,1.7272709000000002,0.0,10.0,2.4087940336332946e-07,0.0,1.3939547274882595e-06,1.634834130851589e-06,Canada,CAN,,gcp,northamerica-northeast2,Linux-6.8.0-1032-gcp-x86_64-with-glibc2.35,3.10.12,3.0.4,2,Intel(R) Xeon(R) CPU @ 2.60GHz,,,,,15.61648178100586,machine,Y,1.0
2025-08-08T10:26:43,scikit-learn-benchmark,e6c92fb3-1995-4c5c-9b6e-531576dacb27,scikit-learn_SCL001_d880725b,1.0020010028965771,7.786541022114985e-08,7.77099124612222e-08,1.9025387,0.0,10.0,2.649408726360515e-07,0.0,1.3917699831330943e-06,1.6567108557691458e-06,Canada,CAN,,gcp,northamerica-northeast2,Linux-6.8.0-1032-gcp-x86_64-with-glibc2.35,3.10.12,3.0.4,2,Intel(R) Xeon(R) CPU @ 2.60GHz,,,,,15.61648178100586,machine,Y,1.0
2025-08-08T10:26:45,scikit-learn-benchmark,1dadc29c-56b3-404c-b848-6fe985297cdb,scikit-learn_SCL001_d880725b,1.0021693101152778,7.670738005138503e-08,7.654133815229437e-08,1.7272709000000002,0.0,10.0,2.404755106856727e-07,0.0,1.391596405301243e-06,1.6320719159869157e-06,Canada,CAN,,gcp,northamerica-northeast2,Linux-6.8.0-1032-gcp-x86_64-with-glibc2.35,3.10.12,3.0.4,2,Intel(R) Xeon(R) CPU @ 2.60GHz,,,,,15.61648178100586,machine,Y,1.0
2025-08-08T10:26:47,scikit-learn-benchmark,e6422b3d-9a4c-41d6-a9e7-50a020fca921,scikit-learn_SCL001_d880725b,1.0021688248962164,7.652619343592477e-08,7.636058070739701e-08,1.7000000000000002,0.0,10.0,2.366827455763188e-07,0.0,1.3915341360391017e-06,1.6282168816154203e-06,Canada,CAN,,gcp,northamerica-northeast2,Linux-6.8.0-1032-gcp-x86_64-with-glibc2.35,3.10.12,3.0.4,2,Intel(R) Xeon(R) CPU @ 2.60GHz,,,,,15.61648178100586,machine,Y,1.0
2025-08-08T10:26:49,scikit-learn-benchmark,82bea8e7-6b22-4ed5-98fc-0286ce7a4259,scikit-learn_SCL001_d880725b,1.0021166950464249,7.65287348603597e-08,7.636708902131839e-08,1.7000000000000002,0.0,10.0,2.3667926528853265e-07,0.0,1.3915916891872057e-06,1.6282709544757382e-06,Canada,CAN,,gcp,northamerica-northeast2,Linux-6.8.0-1032-gcp-x86_64-with-glibc2.35,3.10.12,3.0.4,2,Intel(R) Xeon(R) CPU @ 2.60GHz,,,,,15.61648178100586,machine,Y,1.0
2025-08-08T10:26:52,scikit-learn-benchmark,c4eb4440-36a2-4cae-9e30-20967b5503f9,scikit-learn_SCL001_d880725b,1.0021863356232643,7.671469672927312e-08,7.65473385561218e-08,1.7272709000000002,0.0,10.0,2.405018938268704e-07,0.0,1.3917256961576642e-06,1.6322275899845346e-06,Canada,CAN,,gcp,northamerica-northeast2,Linux-6.8.0-1032-gcp-x86_64-with-glibc2.35,3.10.12,3.0.4,2,Intel(R) Xeon(R) CPU @ 2.60GHz,,,,,15.61648178100586,machine,Y,1.0
2025-08-08T10:26:54,scikit-learn-benchmark,c7cdd1d1-11f5-4147-bb5a-b36ae68a7850,scikit-learn_SCL001_d880725b,1.0021166950464249,7.68862107769074e-08,7.672380986861569e-08,1.7550872000000004,0.0,10.0,2.443474025285121e-07,0.0,1.391529422512071e-06,1.635876825040583e-06,Canada,CAN,,gcp,northamerica-northeast2,Linux-6.8.0-1032-gcp-x86_64-with-glibc2.35,3.10.12,3.0.4,2,Intel(R) Xeon(R) CPU @ 2.60GHz,,,,,15.61648178100586,machine,Y,1.0
2025-08-08T10:26:56,scikit-learn-benchmark,850a6491-39d6-48f1-a478-2724152161ef,scikit-learn_SCL001_d880725b,1.0020750681869686,7.652349187103877e-08,7.636502922829021e-08,1.7000000000000002,0.0,10.0,2.366573456545464e-07,0.0,1.3915020558569166e-06,1.628159401511463e-06,Canada,CAN,,gcp,northamerica-northeast2,Linux-6.8.0-1032-gcp-x86_64-with-glibc2.35,3.10.12,3.0.4,2,Intel(R) Xeon(R) CPU @ 2.60GHz,,,,,15.61648178100586,machine,Y,1.0
2025-08-08T10:26:58,scikit-learn-benchmark,a4f0250e-b2c5-4b4b-a1b7-33f8d34d1530,scikit-learn_SCL001_d880725b,1.002123254351318,7.653007677012485e-08,7.636792823420044e-08,1.7000000000000002,0.0,10.0,2.366825298587275e-07,0.0,1.3916169758886098e-06,1.6282995057473371e-06,Canada,CAN,,gcp,northamerica-northeast2,Linux-6.8.0-1032-gcp-x86_64-with-glibc2.35,3.10.12,3.0.4,2,Intel(R) Xeon(R) CPU @ 2.60GHz,,,,,15.61648178100586,machine,Y,1.0
2025-08-08T10:27:00,scikit-learn-benchmark,715db7f0-5314-4673-aa5c-3d9e32c5232a,scikit-learn_SCL001_d880725b,1.0023230006918311,7.672583279676323e-08,7.654801171259655e-08,1.7272709000000002,0.0,10.0,2.405625838098109e-07,0.0,1.391901943780896e-06,1.6324645275907068e-06,Canada,CAN,,gcp,northamerica-northeast2,Linux-6.8.0-1032-gcp-x86_64-with-glibc2.35,3.10.12,3.0.4,2,Intel(R) Xeon(R) CPU @ 2.60GHz,,,,,15.61648178100586,machine,Y,1.0
2025-08-08T10:27:02,scikit-learn-benchmark,6f6a6d12-de8b-42e2-8e4e-5cd42f6bda97,scikit-learn_SCL001_d880725b,1.0021249712444842,7.670787533329498e-08,7.654521894413594e-08,1.7272709000000002,0.0,10.0,2.404773588416268e-07,0.0,1.3916050950582658e-06,1.6320824538998929e-06,Canada,CAN,,gcp,northamerica-northeast2,Linux-6.8.0-1032-gcp-x86_64-with-glibc2.35,3.10.12,3.0.4,2,Intel(R) Xeon(R) CPU @ 2.60GHz,,,,,15.61648178100586,machine,Y,1.0
2025-08-08T10:27:04,scikit-learn-benchmark,2fe680d1-ebd0-4e01-af70-50242902fac4,scikit-learn_SCL001_d880725b,1.0021424749866128,7.707484270343691e-08,7.691006481335555e-08,1.7834543000000005,0.0,10.0,2.4830368655729977e-07,0.0,1.3915865837285918e-06,1.6398902702858916e-06,Canada,CAN,,gcp,northamerica-northeast2,Linux-6.8.0-1032-gcp-x86_64-with-glibc2.35,3.10.12,3.0.4,2,Intel(R) Xeon(R) CPU @ 2.60GHz,,,,,15.61648178100586,machine,Y,1.0
2025-08-08T10:27:07,scikit-learn-benchmark,b123c9d4-de89-4a92-b237-85f560ab8611,scikit-learn_SCL001_d880725b,1.002176770940423,7.653091454496868e-08,7.636468611535823e-08,1.7000000000000002,0.0,10.0,2.36693573016156e-07,0.0,1.3916237577278582e-06,1.6283173307440142e-06,Canada,CAN,,gcp,northamerica-northeast2,Linux-6.8.0-1032-gcp-x86_64-with-glibc2.35,3.10.12,3.0.4,2,Intel(R) Xeon(R) CPU @ 2.60GHz,,,,,15.61648178100586,machine,Y,1.0
2025-08-08T10:27:09,scikit-learn-benchmark,6f14ead3-e05a-4870-850c-ddfd639903ed,scikit-learn_SCL001_d880725b,1.0020902678370476,7.725234106944095e-08,7.709119981395044e-08,1.8123776000000005,0.0,10.0,2.52284830648674e-07,0.0,1.3913820006160272e-06,1.6436668312647013e-06,Canada,CAN,,gcp,northamerica-northeast2,Linux-6.8.0-1032-gcp-x86_64-with-glibc2.35,3.10.12,3.0.4,2,Intel(R) Xeon(R) CPU @ 2.60GHz,,,,,15.61648178100586,machine,Y,1.0
2025-08-08T10:27:11,scikit-learn-benchmark,048d748b-4f04-4e37-84ab-9003f597e3dc,scikit-learn_SCL001_d880725b,1.0020024017430842,7.689360920336416e-08,7.673994500372453e-08,1.7550872000000004,0.0,10.0,2.4435996156593365e-07,0.0,1.3916742768035166e-06,1.6360342383694503e-06,Canada,CAN,,gcp,northamerica-northeast2,Linux-6.8.0-1032-gcp-x86_64-with-glibc2.35,3.10.12,3.0.4,2,Intel(R) Xeon(R) CPU @ 2.60GHz,,,,,15.61648178100586,machine,Y,1.0
2025-08-08T10:27:13,scikit-learn-benchmark,461c75cf-7514-44ef-a249-8bed6f1d0a36,scikit-learn_SCL001_d880725b,1.0020329970866442,7.671406858973188e-08,7.655842553366388e-08,1.7272709000000002,0.0,10.0,2.40494558175947e-07,0.0,1.3917196671374972e-06,1.6322142253134442e-06,Canada,CAN,,gcp,northamerica-northeast2,Linux-6.8.0-1032-gcp-x86_64-with-glibc2.35,3.10.12,3.0.4,2,Intel(R) Xeon(R) CPU @ 2.60GHz,,,,,15.61648178100586,machine,Y,1.0
2025-08-08T10:27:15,scikit-learn-benchmark,8cc8f490-43eb-4d44-96b6-d9facc6d800f,scikit-learn_SCL001_d880725b,1.002861427143216,7.703869995908292e-08,7.68188883069697e-08,1.7550872000000004,0.0,10.0,2.448421258985526e-07,0.0,1.394279149826616e-06,1.6391212757251687e-06,Canada,CAN,,gcp,northamerica-northeast2,Linux-6.8.0-1032-gcp-x86_64-with-glibc2.35,3.10.12,3.0.4,2,Intel(R) Xeon(R) CPU @ 2.60GHz,,,,,15.61648178100586,machine,Y,1.0
2025-08-08T10:27:17,scikit-learn-benchmark,9ce87163-ce1a-46dc-bb31-b34ac50ff08a,scikit-learn_SCL001_d880725b,1.0021422249265015,7.653032333566807e-08,7.636672862604997e-08,1.7000000000000002,0.0,10.0,2.366893604759955e-07,0.0,1.3916153913467295e-06,1.628304751822725e-06,Canada,CAN,,gcp,northamerica-northeast2,Linux-6.8.0-1032-gcp-x86_64-with-glibc2.35,3.10.12,3.0.4,2,Intel(R) Xeon(R) CPU @ 2.60GHz,,,,,15.61648178100586,machine,Y,1.0
2025-08-08T10:27:19,scikit-learn-benchmark,4882f63f-8776-4c52-98d8-1606d9cc94d5,scikit-learn_SCL001_d880725b,1.0027186311781406,7.722891327296944e-08,7.701952558937653e-08,1.8123776000000005,0.0,10.0,2.522047609735993e-07,0.0,1.3909636065363885e-06,1.6431683675099874e-06,Canada,CAN,,gcp,northamerica-northeast2,Linux-6.8.0-1032-gcp-x86_64-with-glibc2.35,3.10.12,3.0.4,2,Intel(R) Xeon(R) CPU @ 2.60GHz,,,,,15.61648178100586,machine,Y,1.0
2025-08-08T10:27:22,scikit-learn-benchmark,287cf9f9-984e-4832-a062-3ef3a91f9444,scikit-learn_SCL001_d880725b,1.0021747089922428,7.652994368269315e-08,7.636387447818296e-08,1.7000000000000002,0.0,10.0,2.3669036056122017e-07,0.0,1.391606313538634e-06,1.6282966740998543e-06,Canada,CAN,,gcp,northamerica-northeast2,Linux-6.8.0-1032-gcp-x86_64-with-glibc2.35,3.10.12,3.0.4,2,Intel(R) Xeon(R) CPU @ 2.60GHz,,,,,15.61648178100586,machine,Y,1.0
2025-08-08T10:27:24,scikit-learn-benchmark,1b0685b5-997e-43af-84c8-cf7ac028b0f9,scikit-learn_SCL001_d880725b,1.002165705896914,7.65293216328654e-08,7.636393979813299e-08,1.7000000000000002,0.0,10.0,2.366804006095562e-07,0.0,1.3916030383875802e-06,1.6282834389971365e-06,Canada,CAN,,gcp,northamerica-northeast2,Linux-6.8.0-1032-gcp-x86_64-with-glibc2.35,3.10.12,3.0.4,2,Intel(R) Xeon(R) CPU @ 2.60GHz,,,,,15.61648178100586,machine,Y,1.0
2025-08-08T10:27:26,scikit-learn-benchmark,1eda4d19-83ee-4947-bea1-d32bff912d15,scikit-learn_SCL001_d880725b,1.0031382660381496,7.652557754581279e-08,7.628617124541285e-08,1.7000000000000002,0.0,10.0,2.3667128945493865e-07,0.0,1.3915324881155455e-06,1.6282037775704845e-06,Canada,CAN,,gcp,northamerica-northeast2,Linux-6.8.0-1032-gcp-x86_64-with-glibc2.35,3.10.12,3.0.4,2,Intel(R) Xeon(R) CPU @ 2.60GHz,,,,,15.61648178100586,machine,Y,1.0
2025-08-08T10:27:28,scikit-learn-benchmark,b16c1741-09f0-4d33-8bd1-6ab63e07e0f6,scikit-learn_SCL001_d880725b,1.003235544078052,7.670767176798063e-08,7.646028115807343e-08,1.7272709000000002,0.0,10.0,2.404752486103664e-07,0.0,1.391602874112626e-06,1.6320781227229922e-06,Canada,CAN,,gcp,northamerica-northeast2,Linux-6.8.0-1032-gcp-x86_64-with-glibc2.35,3.10.12,3.0.4,2,Intel(R) Xeon(R) CPU @ 2.60GHz,,,,,15.61648178100586,machine,Y,1.0
2025-08-08T10:27:30,scikit-learn-benchmark,8d0d5c11-d211-46e0-a7ec-09f689d822d4,scikit-learn_SCL001_d880725b,1.0021899682469666,7.652968531568896e-08,7.636245396624244e-08,1.7000000000000002,0.0,10.0,2.3669513251580722e-07,0.0,1.3915960444137453e-06,1.6282911769295525e-06,Canada,CAN,,gcp,northamerica-northeast2,Linux-6.8.0-1032-gcp-x86_64-with-glibc2.35,3.10.12,3.0.4,2,Intel(R) Xeon(R) CPU @ 2.60GHz,,,,,15.61648178100586,machine,Y,1.0
2025-08-08T10:27:32,scikit-learn-benchmark,e59ae17f-03ec-439c-837c-362522612eb4,scikit-learn_SCL001_d880725b,1.0020797802135348,7.688639684599513e-08,7.672682191991867e-08,1.7550872000000004,0.0,10.0,2.443344566470391e-07,0.0,1.391546327310304e-06,1.635880783957343e-06,Canada,CAN,,gcp,northamerica-northeast2,Linux-6.8.0-1032-gcp-x86_64-with-glibc2.35,3.10.12,3.0.4,2,Intel(R) Xeon(R) CPU @ 2.60GHz,,,,,15.61648178100586,machine,Y,1.0
2025-08-08T10:27:34,scikit-learn-benchmark,15ffab69-8068-4ab3-9e76-6f8d7fc70825,scikit-learn_SCL001_d880725b,1.0016634268686175,7.685147732565624e-08,7.67238528074325e-08,1.7550872000000004,0.0,10.0,2.442282747655697e-07,0.0,1.3909095406739248e-06,1.6351378154394946e-06,Canada,CAN,,gcp,northamerica-northeast2,Linux-6.8.0-1032-gcp-x86_64-with-glibc2.35,3.10.12,3.0.4,2,Intel(R) Xeon(R) CPU @ 2.60GHz,,,,,15.61648178100586,machine,Y,1.0
2025-08-08T10:27:37,scikit-learn-benchmark,70a95640-5ec0-498a-be1a-b3819a6048aa,scikit-learn_SCL001_d880725b,1.0021427031606436,7.72651293729382e-08,7.70999271154226e-08,1.8123776000000005,0.0,10.0,2.5232723090196986e-07,0.0,1.3916116919265027e-06,1.6439389228284723e-06,Canada,CAN,,gcp,northamerica-northeast2,Linux-6.8.0-1032-gcp-x86_64-with-glibc2.35,3.10.12,3.0.4,2,Intel(R) Xeon(R) CPU @ 2.60GHz,,,,,15.61648178100586,machine,Y,1.0
2025-08-08T10:27:39,scikit-learn-benchmark,517670be-4a40-4610-a7b6-70f109601439,scikit-learn_SCL001_d880725b,1.0022039515897632,7.671176971734274e-08,7.654307249104073e-08,1.7272709000000002,0.0,10.0,2.405045469762846e-07,0.0,1.3916607661586668e-06,1.6321653131349517e-06,Canada,CAN,,gcp,northamerica-northeast2,Linux-6.8.0-1032-gcp-x86_64-with-glibc2.35,3.10.12,3.0.4,2,Intel(R) Xeon(R) CPU @ 2.60GHz,,,,,15.61648178100586,machine,Y,1.0
2025-08-08T10:27:41,scikit-learn-benchmark,59f8630a-3ac9-40d4-b7b7-ee1c1b83ab29,scikit-learn_SCL001_d880725b,1.0023133303038776,7.6717568925196e-08,7.65405054544541e-08,1.7272709000000002,0.0,10.0,2.405147554015379e-07,0.0,1.3917739451345472e-06,1.6322887005360852e-06,Canada,CAN,,gcp,northamerica-northeast2,Linux-6.8.0-1032-gcp-x86_64-with-glibc2.35,3.10.12,3.0.4,2,Intel(R) Xeon(R) CPU @ 2.60GHz,,,,,15.61648178100586,machine,Y,1.0
2025-08-08T10:27:43,scikit-learn-benchmark,6de883b1-58a4-462d-862f-1d837d16ef59,scikit-learn_SCL001_d880725b,1.0022656908258796,7.691094874965195e-08,7.673708623735924e-08,1.7550872000000004,0.0,10.0,2.444242757516027e-07,0.0,1.3919788891346091e-06,1.6364031648862118e-06,Canada,CAN,,gcp,northamerica-northeast2,Linux-6.8.0-1032-gcp-x86_64-with-glibc2.35,3.10.12,3.0.4,2,Intel(R) Xeon(R) CPU @ 2.60GHz,,,,,15.61648178100586,machine,Y,1.0
2025-08-08T10:27:45,scikit-learn-benchmark,48994516-e4bf-4039-aa28-8612fcc7112c,scikit-learn_SCL001_d880725b,1.0016055349260569,7.821422362647056e-08,7.808884925166144e-08,1.9655261,0.0,10.0,2.734866287571896e-07,0.0,1.3906457888272902e-06,1.66413241758448e-06,Canada,CAN,,gcp,northamerica-northeast2,Linux-6.8.0-1032-gcp-x86_64-with-glibc2.35,3.10.12,3.0.4,2,Intel(R) Xeon(R) CPU @ 2.60GHz,,,,,15.61648178100586,machine,Y,1.0
2025-08-08T10:27:47,scikit-learn-benchmark,1c2b0f61-5caa-4917-97f1-3bce17a10f86,scikit-learn_SCL001_d880725b,1.0021889596246183,7.671347712507364e-08,7.654592119415041e-08,1.7272709000000002,0.0,10.0,2.404938494778466e-07,0.0,1.391707791481167e-06,1.6322016409590137e-06,Canada,CAN,,gcp,northamerica-northeast2,Linux-6.8.0-1032-gcp-x86_64-with-glibc2.35,3.10.12,3.0.4,2,Intel(R) Xeon(R) CPU @ 2.60GHz,,,,,15.61648178100586,machine,Y,1.0
2025-08-08T10:27:49,scikit-learn-benchmark,ac842bac-9b48-46e8-9d45-b033bf003980,scikit-learn_SCL001_d880725b,1.0017767501994967,7.686340778755216e-08,7.672708292765365e-08,1.7550872000000004,0.0,10.0,2.4426235200334933e-07,0.0,1.3911293030509518e-06,1.6353916550543011e-06,Canada,CAN,,gcp,northamerica-northeast2,Linux-6.8.0-1032-gcp-x86_64-with-glibc2.35,3.10.12,3.0.4,2,Intel(R) Xeon(R) CPU @ 2.60GHz,,,,,15.61648178100586,machine,Y,1.0
2025-08-08T10:27:52,scikit-learn-benchmark,2d2652a1-4a1a-4c78-9437-8f5bf28e676a,scikit-learn_SCL001_d880725b,1.0021672956645489,7.653078211472733e-08,7.636527598316693e-08,1.7000000000000002,0.0,10.0,2.366869770275015e-07,0.0,1.3916275360518031e-06,1.628314513079305e-06,Canada,CAN,,gcp,northamerica-northeast2,Linux-6.8.0-1032-gcp-x86_64-with-glibc2.35,3.10.12,3.0.4,2,Intel(R) Xeon(R) CPU @ 2.60GHz,,,,,15.61648178100586,machine,Y,1.0
2025-08-08T10:27:54,scikit-learn-benchmark,f6f6047f-b050-4c1e-afbd-0ce108038fe3,scikit-learn_SCL001_d880725b,1.0021015307866037,7.652606189693326e-08,7.636557728523158e-08,1.7000000000000002,0.0,10.0,2.3666895856149498e-07,0.0,1.3915451243519783e-06,1.6282140829134731e-06,Canada,CAN,,gcp,northamerica-northeast2,Linux-6.8.0-1032-gcp-x86_64-with-glibc2.35,3.10.12,3.0.4,2,Intel(R) Xeon(R) CPU @ 2.60GHz,,,,,15.61648178100586,machine,Y,1.0
2025-08-08T10:27:56,scikit-learn-benchmark,aef20b8a-246f-4d7f-8492-4fd059edf5cd,scikit-learn_SCL001_d880725b,1.0021018655970693,7.652717955766195e-08,7.63666670873482e-08,1.7000000000000002,0.0,10.0,2.366715768584982e-07,0.0,1.3915662860704791e-06,1.6282378629289775e-06,Canada,CAN,,gcp,northamerica-northeast2,Linux-6.8.0-1032-gcp-x86_64-with-glibc2.35,3.10.12,3.0.4,2,Intel(R) Xeon(R) CPU @ 2.60GHz,,,,,15.61648178100586,machine,Y,1.0
2025-08-08T10:27:58,scikit-learn-benchmark,8df51ca7-e8e9-4441-87d9-80737a859a8b,scikit-learn_SCL001_d880725b,1.0021194028668106,7.652845130247687e-08,7.636659971211841e-08,1.7000000000000002,0.0,10.0,2.366769328558197e-07,0.0,1.3915879884734749e-06,1.6282649213292945e-06,Canada,CAN,,gcp,northamerica-northeast2,Linux-6.8.0-1032-gcp-x86_64-with-glibc2.35,3.10.12,3.0.4,2,Intel(R) Xeon(R) CPU @ 2.60GHz,,,,,15.61648178100586,machine,Y,1.0
2025-08-08T10:28:00,scikit-learn-benchmark,1d043984-ff63-4b49-afdf-74497c7180e2,scikit-learn_SCL001_d880725b,1.002219102345407,7.670861147806086e-08,7.653876412707192e-08,1.7272709000000002,0.0,10.0,2.404921742513787e-07,0.0,1.391605942303108e-06,1.6320981165544866e-06,Canada,CAN,,gcp,northamerica-northeast2,Linux-6.8.0-1032-gcp-x86_64-with-glibc2.35,3.10.12,3.0.4,2,Intel(R) Xeon(R) CPU @ 2.60GHz,,,,,15.61648178100586,machine,Y,1.0
2025-08-08T10:28:02,scikit-learn-benchmark,6199e007-8bac-428b-adb5-39eba173a055,scikit-learn_SCL001_d880725b,1.0021649980917573,7.653076463261258e-08,7.636543361456084e-08,1.7000000000000002,0.0,10.0,2.366887432290241e-07,0.0,1.3916253978903922e-06,1.6283141411194165e-06,Canada,CAN,,gcp,northamerica-northeast2,Linux-6.8.0-1032-gcp-x86_64-with-glibc2.35,3.10.12,3.0.4,2,Intel(R) Xeon(R) CPU @ 2.60GHz,,,,,15.61648178100586,machine,Y,1.0
2025-08-08T10:28:04,scikit-learn-benchmark,e37f97ec-6961-4db7-9f70-a1ea9f80444b,scikit-learn_SCL001_d880725b,1.002185108140111,7.6535183947805e-08,7.636831092994545e-08,1.7000000000000002,0.0,10.0,2.367009351211083e-07,0.0,1.391707233981126e-06,1.6284081691022342e-06,Canada,CAN,,gcp,northamerica-northeast2,Linux-6.8.0-1032-gcp-x86_64-with-glibc2.35,3.10.12,3.0.4,2,Intel(R) Xeon(R) CPU @ 2.60GHz,,,,,15.61648178100586,machine,Y,1.0
2025-08-08T10:28:07,scikit-learn-benchmark,89e97b73-3b7d-4dcc-9814-ed05780a9021,scikit-learn_SCL001_d880725b,1.0022237417288125,7.65343177854989e-08,7.636450285390265e-08,1.7000000000000002,0.0,10.0,2.367027158357411e-07,0.0,1.3916870242812568e-06,1.6283897401169977e-06,Canada,CAN,,gcp,northamerica-northeast2,Linux-6.8.0-1032-gcp-x86_64-with-glibc2.35,3.10.12,3.0.4,2,Intel(R) Xeon(R) CPU @ 2.60GHz,,,,,15.61648178100586,machine,Y,1.0
2025-08-08T10:28:09,scikit-learn-benchmark,56e48293-b543-48a7-ac33-4f445d3f58d9,scikit-learn_SCL001_d880725b,1.0021857121028006,7.653136039968943e-08,7.636444969776133e-08,1.7000000000000002,0.0,10.0,2.366959773547327e-07,0.0,1.391630839659936e-06,1.6283268170146686e-06,Canada,CAN,,gcp,northamerica-northeast2,Linux-6.8.0-1032-gcp-x86_64-with-glibc2.35,3.10.12,3.0.4,2,Intel(R) Xeon(R) CPU @ 2.60GHz,,,,,15.61648178100586,machine,Y,1.0
2025-08-08T10:28:11,scikit-learn-benchmark,f4595733-d43c-4150-ab97-374f852e769c,scikit-learn_SCL001_d880725b,1.0018227780237794,7.648308480373172e-08,7.634392677176313e-08,1.7000000000000002,0.0,10.0,2.365368180132161e-07,0.0,1.3907628586619264e-06,1.6272996766751426e-06,Canada,CAN,,gcp,northamerica-northeast2,Linux-6.8.0-1032-gcp-x86_64-with-glibc2.35,3.10.12,3.0.4,2,Intel(R) Xeon(R) CPU @ 2.60GHz,,,,,15.61648178100586,machine,Y,1.0
2025-08-08T10:28:13,scikit-learn-benchmark,a3312dd2-8b3d-4e30-8f0d-0712e58e3a00,scikit-learn_SCL001_d880725b,1.0021290266886351,7.653108470073336e-08,7.63684941385415e-08,1.7000000000000002,0.0,10.0,2.3668659308977015e-07,0.0,1.3916343579896624e-06,1.6283209510794329e-06,Canada,CAN,,gcp,northamerica-northeast2,Linux-6.8.0-1032-gcp-x86_64-with-glibc2.35,3.10.12,3.0.4,2,Intel(R) Xeon(R) CPU @ 2.60GHz,,,,,15.61648178100586,machine,Y,1.0
2025-08-08T10:28:15,scikit-learn-benchmark,42fb13d6-2248-4ff6-bb2f-f0346389936b,scikit-learn_SCL001_d880725b,1.0021361052058635,7.688942029901627e-08,7.67255265024318e-08,1.7550872000000004,0.0,10.0,2.443464864981439e-07,0.0,1.3915986262468828e-06,1.6359451127450267e-06,Canada,CAN,,gcp,northamerica-northeast2,Linux-6.8.0-1032-gcp-x86_64-with-glibc2.35,3.10.12,3.0.4,2,Intel(R) Xeon(R) CPU @ 2.60GHz,,,,,15.61648178100586,machine,Y,1.0
2025-08-08T10:28:17,scikit-learn-benchmark,50bf0f8c-f5e8-44ef-9db1-525023ae1acc,scikit-learn_SCL001_d880725b,1.0021314220502973,7.653052389849392e-08,7.636775198797512e-08,1.7000000000000002,0.0,10.0,2.3668219319855174e-07,0.0,1.39162682591834e-06,1.628309019116892e-06,Canada,CAN,,gcp,northamerica-northeast2,Linux-6.8.0-1032-gcp-x86_64-with-glibc2.35,3.10.12,3.0.4,2,Intel(R) Xeon(R) CPU @ 2.60GHz,,,,,15.61648178100586,machine,Y,1.0
2025-08-08T10:28:19,scikit-learn-benchmark,19bc7829-98b4-4de5-99dd-4f6b68583b52,scikit-learn_SCL001_d880725b,1.0021193702705204,7.6888578787705e-08,7.67259680520386e-08,1.7550872000000004,0.0,10.0,2.443419969277448e-07,0.0,1.3915852113212976e-06,1.6359272082490424e-06,Canada,CAN,,gcp,northamerica-northeast2,Linux-6.8.0-1032-gcp-x86_64-with-glibc2.35,3.10.12,3.0.4,2,Intel(R) Xeon(R) CPU @ 2.60GHz,,,,,15.61648178100586,machine,Y,1.0
2025-08-08T10:28:22,scikit-learn-benchmark,9406677b-72a2-443c-a102-b108cd7f077c,scikit-learn_SCL001_d880725b,1.0021940493024886,7.671176568243983e-08,7.654382475712168e-08,1.7272709000000002,0.0,10.0,2.4048930773289577e-07,0.0,1.391675919553058e-06,1.632165227285954e-06,Canada,CAN,,gcp,northamerica-northeast2,Linux-6.8.0-1032-gcp-x86_64-with-glibc2.35,3.10.12,3.0.4,2,Intel(R) Xeon(R) CPU @ 2.60GHz,,,,,15.61648178100586,machine,Y,1.0
2025-08-08T10:28:24,scikit-learn-benchmark,92fd8251-a3c1-4aa8-8fef-0b466bd958af,scikit-learn_SCL001_d880725b,1.0023321411572397,7.68980462561904e-08,7.671912642390974e-08,1.7550872000000004,0.0,10.0,2.443871021722639e-07,0.0,1.391741541576468e-06,1.636128643748732e-06,Canada,CAN,,gcp,northamerica-northeast2,Linux-6.8.0-1032-gcp-x86_64-with-glibc2.35,3.10.12,3.0.4,2,Intel(R) Xeon(R) CPU @ 2.60GHz,,,,,15.61648178100586,machine,Y,1.0
2025-08-08T10:28:26,scikit-learn-benchmark,2373f3e8-274a-4932-9e36-99dc5f38c6cf,scikit-learn_SCL001_d880725b,1.0030933218076823,7.670936515662416e-08,7.647281014530695e-08,1.7272709000000002,0.0,10.0,2.404835027536891e-07,0.0,1.3916306495149103e-06,1.6321141522685991e-06,Canada,CAN,,gcp,northamerica-northeast2,Linux-6.8.0-1032-gcp-x86_64-with-glibc2.35,3.10.12,3.0.4,2,Intel(R) Xeon(R) CPU @ 2.60GHz,,,,,15.61648178100586,machine,Y,1.0
2025-08-08T10:28:28,scikit-learn-benchmark,65e5b639-f130-4e0a-b00f-a304fdeb411d,scikit-learn_SCL001_d880725b,1.0022054729051888,7.652771644814251e-08,7.635930806315027e-08,1.7000000000000002,0.0,10.0,2.3668433366239898e-07,0.0,1.3915649524682926e-06,1.6282492861306917e-06,Canada,CAN,,gcp,northamerica-northeast2,Linux-6.8.0-1032-gcp-x86_64-with-glibc2.35,3.10.12,3.0.4,2,Intel(R) Xeon(R) CPU @ 2.60GHz,,,,,15.61648178100586,machine,Y,1.0
2025-08-08T10:28:30,scikit-learn-benchmark,2bea583e-5f53-4f52-9112-0f080a511013,scikit-learn_SCL001_d880725b,1.0023312671110034,7.654661949782168e-08,7.636858392979224e-08,1.7000000000000002,0.0,10.0,2.367636845317773e-07,0.0,1.3918877941452794e-06,1.6286514786770569e-06,Canada,CAN,,gcp,northamerica-northeast2,Linux-6.8.0-1032-gcp-x86_64-with-glibc2.35,3.10.12,3.0.4,2,Intel(R) Xeon(R) CPU @ 2.60GHz,,,,,15.61648178100586,machine,Y,1.0
2025-08-08T10:28:32,scikit-learn-benchmark,090070ec-9a8e-4bbb-a03c-272d7cd5036d,scikit-learn_SCL001_d880725b,1.002111482899636,7.65282190911627e-08,7.636697153666603e-08,1.7000000000000002,0.0,10.0,2.366755299218413e-07,0.0,1.391584450741195e-06,1.6282599806630362e-06,Canada,CAN,,gcp,northamerica-northeast2,Linux-6.8.0-1032-gcp-x86_64-with-glibc2.35,3.10.12,3.0.4,2,Intel(R) Xeon(R) CPU @ 2.60GHz,,,,,15.61648178100586,machine,Y,1.0
2025-08-08T10:28:34,scikit-learn-benchmark,5f1fc5ba-00b2-4245-914a-4a3325b221aa,scikit-learn_SCL001_d880725b,1.0023502451367676,7.68886603752308e-08,7.67083768855063e-08,1.7550872000000004,0.0,10.0,2.44346768685442e-07,0.0,1.391582175468405e-06,1.6359289441538469e-06,Canada,CAN,,gcp,northamerica-northeast2,Linux-6.8.0-1032-gcp-x86_64-with-glibc2.35,3.10.12,3.0.4,2,Intel(R) Xeon(R) CPU @ 2.60GHz,,,,,15.61648178100586,machine,Y,1.0
2025-08-08T10:28:37,scikit-learn-benchmark,5a31a32f-c357-45f5-906d-0babddb31279,scikit-learn_SCL001_d880725b,1.0021246979013083,7.688434825504692e-08,7.672133858796348e-08,1.7550872000000004,0.0,10.0,2.443312502002188e-07,0.0,1.3915059467156729e-06,1.6358371969158915e-06,Canada,CAN,,gcp,northamerica-northeast2,Linux-6.8.0-1032-gcp-x86_64-with-glibc2.35,3.10.12,3.0.4,2,Intel(R) Xeon(R) CPU @ 2.60GHz,,,,,15.61648178100586,machine,Y,1.0
2025-08-08T10:28:39,scikit-learn-benchmark,ba50ecd0-2d5a-478a-a34b-f3891f374046,scikit-learn_SCL001_d880725b,1.002105271909386,7.652697449299094e-08,7.63662028712596e-08,1.7000000000000002,0.0,10.0,2.366696701436821e-07,0.0,1.3915638297071888e-06,1.6282334998508709e-06,Canada,CAN,,gcp,northamerica-northeast2,Linux-6.8.0-1032-gcp-x86_64-with-glibc2.35,3.10.12,3.0.4,2,Intel(R) Xeon(R) CPU @ 2.60GHz,,,,,15.61648178100586,machine,Y,1.0
2025-08-08T10:28:41,scikit-learn-benchmark,7385bdc4-2ce1-4f00-99b2-da07808b7bfa,scikit-learn_SCL001_d880725b,1.0021997191943228,7.653626110408612e-08,7.63682723495615e-08,1.7000000000000002,0.0,10.0,2.3670405368061946e-07,0.0,1.3917270336403614e-06,1.628431087320981e-06,Canada,CAN,,gcp,northamerica-northeast2,Linux-6.8.0-1032-gcp-x86_64-with-glibc2.35,3.10.12,3.0.4,2,Intel(R) Xeon(R) CPU @ 2.60GHz,,,,,15.61648178100586,machine,Y,1.0
2025-08-08T10:28:43,scikit-learn-benchmark,a43dbfee-2b15-47c8-b7ca-003bcd09e2db,scikit-learn_SCL001_d880725b,1.001852816902101,7.652951965325825e-08,7.63879867003823e-08,1.7000000000000002,0.0,10.0,2.3667971013734738e-07,0.0,1.3916079420596364e-06,1.6282876521969837e-06,Canada,CAN,,gcp,northamerica-northeast2,Linux-6.8.0-1032-gcp-x86_64-with-glibc2.35,3.10.12,3.0.4,2,Intel(R) Xeon(R) CPU @ 2.60GHz,,,,,15.61648178100586,machine,Y,1.0
2025-08-08T10:28:45,scikit-learn-benchmark,57ccbd50-127b-4c75-9e4e-97da347bb5f2,scikit-learn_SCL001_d880725b,1.0021398519165814,7.652915932630036e-08,7.636574793422213e-08,1.7000000000000002,0.0,10.0,2.366770636937064e-07,0.0,1.3916029219722584e-06,1.628279985665965e-06,Canada,CAN,,gcp,northamerica-northeast2,Linux-6.8.0-1032-gcp-x86_64-with-glibc2.35,3.10.12,3.0.4,2,Intel(R) Xeon(R) CPU @ 2.60GHz,,,,,15.61648178100586,machine,Y,1.0
2025-08-08T10:28:47,scikit-learn-benchmark,c78afef4-6e76-411b-a964-b95aa9969d80,scikit-learn_SCL001_d880725b,1.002572318073362,7.652950948595793e-08,7.633315632833777e-08,1.7000000000000002,0.0,10.0,2.366896115967797e-07,0.0,1.3915978242746658e-06,1.6282874358714457e-06,Canada,CAN,,gcp,northamerica-northeast2,Linux-6.8.0-1032-gcp-x86_64-with-glibc2.35,3.10.12,3.0.4,2,Intel(R) Xeon(R) CPU @ 2.60GHz,,,,,15.61648178100586,machine,Y,1.0
2025-08-08T10:28:49,scikit-learn-benchmark,4eeb821b-9059-486c-8c24-5792a29310d1,scikit-learn_SCL001_d880725b,1.0022569010034204,7.654519110581734e-08,7.637282519998943e-08,1.7000000000000002,0.0,10.0,2.367513143043552e-07,0.0,1.3918697730534608e-06,1.6286210873578158e-06,Canada,CAN,,gcp,northamerica-northeast2,Linux-6.8.0-1032-gcp-x86_64-with-glibc2.35,3.10.12,3.0.4,2,Intel(R) Xeon(R) CPU @ 2.60GHz,,,,,15.61648178100586,machine,Y,1.0
2025-08-08T10:28:52,scikit-learn-benchmark,7a452386-7d57-432a-a19f-e0478d737ce4,scikit-learn_SCL001_d880725b,1.0018056957051158,7.668296765850113e-08,7.65447511301363e-08,1.7272709000000002,0.0,10.0,2.4039563446670764e-07,0.0,1.3911568689056569e-06,1.6315525033723643e-06,Canada,CAN,,gcp,northamerica-northeast2,Linux-6.8.0-1032-gcp-x86_64-with-glibc2.35,3.10.12,3.0.4,2,Intel(R) Xeon(R) CPU @ 2.60GHz,,,,,15.61648178100586,machine,Y,1.0
2025-08-08T10:28:54,scikit-learn-benchmark,f82bd4e0-55a9-4b5d-befc-043b44a581b7,scikit-learn_SCL001_d880725b,1.002401378005743,7.066231657871895e-08,7.049303615214512e-08,0.8001944000000001,0.0,10.0,1.1145593033568937e-07,0.0,1.391997613892373e-06,1.5034535442280625e-06,Canada,CAN,,gcp,northamerica-northeast2,Linux-6.8.0-1032-gcp-x86_64-with-glibc2.35,3.10.12,3.0.4,2,Intel(R) Xeon(R) CPU @ 2.60GHz,,,,,15.61648178100586,machine,Y,1.0
2025-08-08T10:28:56,scikit-learn-benchmark,8846ac3f-a3a2-417f-b06d-e96fb876ea95,scikit-learn_SCL001_d880725b,1.0023009800352156,7.077452848087408e-08,7.061205155998891e-08,0.8185137416,0.0,10.0,1.139950227021936e-07,0.0,1.391846008805765e-06,1.5058410315079586e-06,Canada,CAN,,gcp,northamerica-northeast2,Linux-6.8.0-1032-gcp-x86_64-with-glibc2.35,3.10.12,3.0.4,2,Intel(R) Xeon(R) CPU @ 2.60GHz,,,,,15.61648178100586,machine,Y,1.0
2025-08-08T10:28:58,scikit-learn-benchmark,97c98ecc-8c5d-46ef-94c3-ab69163cb6d7,scikit-learn_SCL001_d880725b,1.0021405927836895,7.652437015033017e-08,7.636091253200824e-08,1.7000000000000002,0.0,10.0,2.366718466704091e-07,0.0,1.391506241634488e-06,1.6281780883048972e-06,Canada,CAN,,gcp,northamerica-northeast2,Linux-6.8.0-1032-gcp-x86_64-with-glibc2.35,3.10.12,3.0.4,2,Intel(R) Xeon(R) CPU @ 2.60GHz,,,,,15.61648178100586,machine,Y,1.0
2025-08-08T10:29:00,scikit-learn-benchmark,59394c61-ba0c-4fcf-a75a-ab90b8e91e25,scikit-learn_SCL001_d880725b,1.0023053418844938,7.653764899225079e-08,7.636160937578941e-08,1.7000000000000002,0.0,10.0,2.3671348346397282e-07,0.0,1.391747133392427e-06,1.6284606168563997e-06,Canada,CAN,,gcp,northamerica-northeast2,Linux-6.8.0-1032-gcp-x86_64-with-glibc2.35,3.10.12,3.0.4,2,Intel(R) Xeon(R) CPU @ 2.60GHz,,,,,15.61648178100586,machine,Y,1.0
2025-08-08T10:29:02,scikit-learn-benchmark,a870064d-d440-448a-a5fb-20854b8e4b91,scikit-learn_SCL001_d880725b,1.002173398155719,7.653474902274967e-08,7.636876928044102e-08,1.7000000000000002,0.0,10.0,2.366977466347938e-07,0.0,1.3917011687428586e-06,1.6283989153776523e-06,Canada,CAN,,gcp,northamerica-northeast2,Linux-6.8.0-1032-gcp-x86_64-with-glibc2.35,3.10.12,3.0.4,2,Intel(R) Xeon(R) CPU @ 2.60GHz,,,,,15.61648178100586,machine,Y,1.0
2025-08-08T10:29:04,scikit-learn-benchmark,2025f270-7daf-4779-ad19-11e6e12456be,scikit-learn_SCL001_d880725b,1.0017602159641683,7.650671392086791e-08,7.637228221050102e-08,1.7000000000000002,0.0,10.0,2.366095075849444e-07,0.0,1.391192916263309e-06,1.6278024238482534e-06,Canada,CAN,,gcp,northamerica-northeast2,Linux-6.8.0-1032-gcp-x86_64-with-glibc2.35,3.10.12,3.0.4,2,Intel(R) Xeon(R) CPU @ 2.60GHz,,,,,15.61648178100586,machine,Y,1.0
2025-08-08T10:29:07,scikit-learn-benchmark,c1521960-ecb0-4cf3-9a21-a5766213b855,scikit-learn_SCL001_d880725b,1.0016165343113244,7.647089162569806e-08,7.63474733155006e-08,1.7000000000000002,0.0,10.0,2.364966466039833e-07,0.0,1.390543600751294e-06,1.6270402473552774e-06,Canada,CAN,,gcp,northamerica-northeast2,Linux-6.8.0-1032-gcp-x86_64-with-glibc2.35,3.10.12,3.0.4,2,Intel(R) Xeon(R) CPU @ 2.60GHz,,,,,15.61648178100586,machine,Y,1.0
2025-08-08T10:29:09,scikit-learn-benchmark,05db11ff-769d-4346-907f-835036f89193,scikit-learn_SCL001_d880725b,1.0021220738999546,7.652494285981325e-08,7.636289515308393e-08,1.7000000000000002,0.0,10.0,2.366683210841277e-07,0.0,1.3915219525289203e-06,1.628190273613048e-06,Canada,CAN,,gcp,northamerica-northeast2,Linux-6.8.0-1032-gcp-x86_64-with-glibc2.35,3.10.12,3.0.4,2,Intel(R) Xeon(R) CPU @ 2.60GHz,,,,,15.61648178100586,machine,Y,1.0
2025-08-08T10:29:11,scikit-learn-benchmark,0d8e57fe-b6ff-4a2e-aa17-3b181c5b44e3,scikit-learn_SCL001_d880725b,1.002135833259672,7.635771438542852e-08,7.619497462440586e-08,1.6732691000000002,0.0,10.0,2.329662820870974e-07,0.0,1.3916659388794667e-06,1.6246322209665642e-06,Canada,CAN,,gcp,northamerica-northeast2,Linux-6.8.0-1032-gcp-x86_64-with-glibc2.35,3.10.12,3.0.4,2,Intel(R) Xeon(R) CPU @ 2.60GHz,,,,,15.61648178100586,machine,Y,1.0
2025-08-08T10:29:13,scikit-learn-benchmark,f1a6e5d2-3b22-4977-9ee8-99ead3e7f291,scikit-learn_SCL001_d880725b,1.002207817044109,7.67128574761679e-08,7.654386263162785e-08,1.7272709000000002,0.0,10.0,2.4050102649836293e-07,0.0,1.3916874304413794e-06,1.6321884569397425e-06,Canada,CAN,,gcp,northamerica-northeast2,Linux-6.8.0-1032-gcp-x86_64-with-glibc2.35,3.10.12,3.0.4,2,Intel(R) Xeon(R) CPU @ 2.60GHz,,,,,15.61648178100586,machine,Y,1.0
2025-08-08T10:29:15,scikit-learn-benchmark,e0d2843c-cdfd-4282-8081-ea52bef00afc,scikit-learn_SCL001_d880725b,1.00213453033939,7.653150140197897e-08,7.636849054194379e-08,1.7000000000000002,0.0,10.0,2.3668691677610494e-07,0.0,1.3916429002872773e-06,1.6283298170633822e-06,Canada,CAN,,gcp,northamerica-northeast2,Linux-6.8.0-1032-gcp-x86_64-with-glibc2.35,3.10.12,3.0.4,2,Intel(R) Xeon(R) CPU @ 2.60GHz,,,,,15.61648178100586,machine,Y,1.0
2025-08-08T10:29:17,scikit-learn-benchmark,a08da216-ea69-403d-ba06-5015c0d5a277,scikit-learn_SCL001_d880725b,1.0021374695934355,7.670940855695509e-08,7.654579424924194e-08,1.7272709000000002,0.0,10.0,2.404810345986088e-07,0.0,1.3916340410812862e-06,1.632115075679895e-06,Canada,CAN,,gcp,northamerica-northeast2,Linux-6.8.0-1032-gcp-x86_64-with-glibc2.35,3.10.12,3.0.4,2,Intel(R) Xeon(R) CPU @ 2.60GHz,,,,,15.61648178100586,machine,Y,1.0
2025-08-08T10:29:19,scikit-learn-benchmark,d17ff23e-51f1-42bf-9645-075eedef7209,scikit-learn_SCL001_d880725b,1.002082115970552,7.652559019779114e-08,7.636658610923656e-08,1.7000000000000002,0.0,10.0,2.3666055481104802e-07,0.0,1.3915434919504657e-06,1.6282040467615135e-06,Canada,CAN,,gcp,northamerica-northeast2,Linux-6.8.0-1032-gcp-x86_64-with-glibc2.35,3.10.12,3.0.4,2,Intel(R) Xeon(R) CPU @ 2.60GHz,,,,,15.61648178100586,machine,Y,1.0
2025-08-08T10:29:21,scikit-learn-benchmark,1b0e97a8-b17d-4cba-9bd7-022bbe722053,scikit-learn_SCL001_d880725b,1.0021482417359948,7.653070045289738e-08,7.636664643578606e-08,1.7000000000000002,0.0,10.0,2.3668550988400562e-07,0.0,1.3916272657095555e-06,1.628312775593561e-06,Canada,CAN,,gcp,northamerica-northeast2,Linux-6.8.0-1032-gcp-x86_64-with-glibc2.35,3.10.12,3.0.4,2,Intel(R) Xeon(R) CPU @ 2.60GHz,,,,,15.61648178100586,machine,Y,1.0
2025-08-08T10:29:24,scikit-learn-benchmark,0f7c7361-7398-4296-b842-81fefa02c8ba,scikit-learn_SCL001_d880725b,1.002135636750609,7.670721822770278e-08,7.654374858519489e-08,1.7272709000000002,0.0,10.0,2.404731399430678e-07,0.0,1.3915953329867787e-06,1.6320684729298465e-06,Canada,CAN,,gcp,northamerica-northeast2,Linux-6.8.0-1032-gcp-x86_64-with-glibc2.35,3.10.12,3.0.4,2,Intel(R) Xeon(R) CPU @ 2.60GHz,,,,,15.61648178100586,machine,Y,1.0
2025-08-08T10:29:26,scikit-learn-benchmark,3a3e96b3-7b75-4989-99d5-868e601e9ab7,scikit-learn_SCL001_d880725b,1.002144122030586,7.653416410691312e-08,7.637041661416567e-08,1.7000000000000002,0.0,10.0,2.3669260085767345e-07,0.0,1.39169386950218e-06,1.6283864703598537e-06,Canada,CAN,,gcp,northamerica-northeast2,Linux-6.8.0-1032-gcp-x86_64-with-glibc2.35,3.10.12,3.0.4,2,Intel(R) Xeon(R) CPU @ 2.60GHz,,,,,15.61648178100586,machine,Y,1.0
2025-08-08T10:29:28,scikit-learn-benchmark,f18cb6a7-4af0-43ee-bd82-8937ba549fea,scikit-learn_SCL001_d880725b,1.0021100579760969,7.652704015366422e-08,7.63659036695245e-08,1.7000000000000002,0.0,10.0,2.3666929895989602e-07,0.0,1.391565597926577e-06,1.6282348968864728e-06,Canada,CAN,,gcp,northamerica-northeast2,Linux-6.8.0-1032-gcp-x86_64-with-glibc2.35,3.10.12,3.0.4,2,Intel(R) Xeon(R) CPU @ 2.60GHz,,,,,15.61648178100586,machine,Y,1.0
2025-08-08T10:29:30,scikit-learn-benchmark,982faab4-5b20-46c2-b866-4079d70cade7,scikit-learn_SCL001_d880725b,1.0021356851793826,7.652816230894273e-08,7.636507055952627e-08,1.7000000000000002,0.0,10.0,2.366749581932608e-07,0.0,1.3915838143374358e-06,1.6282587725306963e-06,Canada,CAN,,gcp,northamerica-northeast2,Linux-6.8.0-1032-gcp-x86_64-with-glibc2.35,3.10.12,3.0.4,2,Intel(R) Xeon(R) CPU @ 2.60GHz,,,,,15.61648178100586,machine,Y,1.0
2025-08-08T10:29:32,scikit-learn-benchmark,58ba0b1a-48ae-4da8-ad6d-3f43eab5abf5,scikit-learn_SCL001_d880725b,1.002109230030328,7.652671854561454e-08,7.636564583214e-08,1.7000000000000002,0.0,10.0,2.366706467000768e-07,0.0,1.3915574074619346e-06,1.6282280541620114e-06,Canada,CAN,,gcp,northamerica-northeast2,Linux-6.8.0-1032-gcp-x86_64-with-glibc2.35,3.10.12,3.0.4,2,Intel(R) Xeon(R) CPU @ 2.60GHz,,,,,15.61648178100586,machine,Y,1.0
2025-08-08T10:29:34,scikit-learn-benchmark,f3a6a479-5dc0-46f2-a611-72b4351d1d24,scikit-learn_SCL001_d880725b,1.002110400237143,7.670630087769476e-08,7.654476079635805e-08,1.7272709000000002,0.0,10.0,2.4047148772918e-07,0.0,1.391577467115389e-06,1.632048954844569e-06,Canada,CAN,,gcp,northamerica-northeast2,Linux-6.8.0-1032-gcp-x86_64-with-glibc2.35,3.10.12,3.0.4,2,Intel(R) Xeon(R) CPU @ 2.60GHz,,,,,15.61648178100586,machine,Y,1.0
2025-08-08T10:29:37,scikit-learn-benchmark,bc3894f8-910a-4127-8131-d03d6f0bd839,scikit-learn_SCL001_d880725b,1.0022385972552,7.671398500088215e-08,7.65426368640924e-08,1.7272709000000002,0.0,10.0,2.405066770922016e-07,0.0,1.391705769735078e-06,1.6322124468272796e-06,Canada,CAN,,gcp,northamerica-northeast2,Linux-6.8.0-1032-gcp-x86_64-with-glibc2.35,3.10.12,3.0.4,2,Intel(R) Xeon(R) CPU @ 2.60GHz,,,,,15.61648178100586,machine,Y,1.0
2025-08-08T10:29:39,scikit-learn-benchmark,9ee9b988-171b-486c-91d2-0c250f389659,scikit-learn_SCL001_d880725b,1.0021586967632174,7.653201642036178e-08,7.636716287305163e-08,1.7000000000000002,0.0,10.0,2.366915416205302e-07,0.0,1.3916492332807846e-06,1.6283407749013149e-06,Canada,CAN,,gcp,northamerica-northeast2,Linux-6.8.0-1032-gcp-x86_64-with-glibc2.35,3.10.12,3.0.4,2,Intel(R) Xeon(R) CPU @ 2.60GHz,,,,,15.61648178100586,machine,Y,1.0
2025-08-08T10:29:41,scikit-learn-benchmark,701d26b1-e5f2-4f50-b3e3-13ea63fc3bd5,scikit-learn_SCL001_d880725b,1.0021218359470367,7.652701460774474e-08,7.636498064671376e-08,1.7000000000000002,0.0,10.0,2.3668252348175485e-07,0.0,1.3915518298745156e-06,1.6282343533562705e-06,Canada,CAN,,gcp,northamerica-northeast2,Linux-6.8.0-1032-gcp-x86_64-with-glibc2.35,3.10.12,3.0.4,2,Intel(R) Xeon(R) CPU @ 2.60GHz,,,,,15.61648178100586,machine,Y,1.0
2025-08-08T10:29:43,scikit-learn-benchmark,b00c8738-b029-4987-a85d-a35ed6bc5cc4,scikit-learn_SCL001_d880725b,1.002156007103622,7.653141246849879e-08,7.636676518028946e-08,1.7000000000000002,0.0,10.0,2.366818800672061e-07,0.0,1.3916460447944702e-06,1.6283279248616765e-06,Canada,CAN,,gcp,northamerica-northeast2,Linux-6.8.0-1032-gcp-x86_64-with-glibc2.35,3.10.12,3.0.4,2,Intel(R) Xeon(R) CPU @ 2.60GHz,,,,,15.61648178100586,machine,Y,1.0
2025-08-08T10:29:45,scikit-learn-benchmark,61816d64-ba53-452a-8d44-35fce1a9f184,scikit-learn_SCL001_d880725b,1.0022933729924262,7.635461084385669e-08,7.617990191424089e-08,1.6732691000000002,0.0,10.0,2.330035213196897e-07,0.0,1.391562666847474e-06,1.6245661881671637e-06,Canada,CAN,,gcp,northamerica-northeast2,Linux-6.8.0-1032-gcp-x86_64-with-glibc2.35,3.10.12,3.0.4,2,Intel(R) Xeon(R) CPU @ 2.60GHz,,,,,15.61648178100586,machine,Y,1.0
2025-08-08T10:29:47,scikit-learn-benchmark,a315f6e4-5502-45a0-9552-940fe9c1e0c5,scikit-learn_SCL001_d880725b,1.0022548562847078,7.671078585476006e-08,7.653820320624024e-08,1.7272709000000002,0.0,10.0,2.405340629563105e-07,0.0,1.3916103169322014e-06,1.632144379888512e-06,Canada,CAN,,gcp,northamerica-northeast2,Linux-6.8.0-1032-gcp-x86_64-with-glibc2.35,3.10.12,3.0.4,2,Intel(R) Xeon(R) CPU @ 2.60GHz,,,,,15.61648178100586,machine,Y,1.0
2025-08-08T10:29:49,scikit-learn-benchmark,7f212814-7dc0-4d1a-9d42-78b9fd8ebd0a,scikit-learn_SCL001_d880725b,1.0021060220897198,7.65262507269961e-08,7.636542345830211e-08,1.7000000000000002,0.0,10.0,2.366678720572965e-07,0.0,1.3915502285170886e-06,1.628218100574385e-06,Canada,CAN,,gcp,northamerica-northeast2,Linux-6.8.0-1032-gcp-x86_64-with-glibc2.35,3.10.12,3.0.4,2,Intel(R) Xeon(R) CPU @ 2.60GHz,,,,,15.61648178100586,machine,Y,1.0
2025-08-08T10:29:52,scikit-learn-benchmark,ff7e499b-ca84-4d24-9610-fb98acf16bf8,scikit-learn_SCL001_d880725b,1.0021656206808984,7.653300357378451e-08,7.63676202759639e-08,1.7000000000000002,0.0,10.0,2.366901013042985e-07,0.0,1.3916716768613293e-06,1.6283617781656278e-06,Canada,CAN,,gcp,northamerica-northeast2,Linux-6.8.0-1032-gcp-x86_64-with-glibc2.35,3.10.12,3.0.4,2,Intel(R) Xeon(R) CPU @ 2.60GHz,,,,,15.61648178100586,machine,Y,1.0
2025-08-08T10:29:54,scikit-learn-benchmark,75c3d4fe-2e11-4557-85c1-d9f2ca7178c5,scikit-learn_SCL001_d880725b,1.002154508139938,7.652508421288805e-08,7.636056475455407e-08,1.7000000000000002,0.0,10.0,2.366698333062233e-07,0.0,1.391523447819054e-06,1.6281932811252772e-06,Canada,CAN,,gcp,northamerica-northeast2,Linux-6.8.0-1032-gcp-x86_64-with-glibc2.35,3.10.12,3.0.4,2,Intel(R) Xeon(R) CPU @ 2.60GHz,,,,,15.61648178100586,machine,Y,1.0
2025-08-08T10:29:56,scikit-learn-benchmark,a0cf6c3e-c881-4e27-bb5b-3ca9f17e2d51,scikit-learn_SCL001_d880725b,1.0021186522208154,7.652686192315175e-08,7.636507089610499e-08,1.7000000000000002,0.0,10.0,2.366694080281175e-07,0.0,1.3915616967197922e-06,1.6282311047479097e-06,Canada,CAN,,gcp,northamerica-northeast2,Linux-6.8.0-1032-gcp-x86_64-with-glibc2.35,3.10.12,3.0.4,2,Intel(R) Xeon(R) CPU @ 2.60GHz,,,,,15.61648178100586,machine,Y,1.0
2025-08-08T10:29:58,scikit-learn-benchmark,dc0a95e0-3ae6-4737-bf46-cb7bff7614b0,scikit-learn_SCL001_d880725b,1.0017570671625435,7.670770545323583e-08,7.657316126604313e-08,1.7272709000000002,0.0,10.0,2.404745450509976e-07,0.0,1.391604294379552e-06,1.6320788394305496e-06,Canada,CAN,,gcp,northamerica-northeast2,Linux-6.8.0-1032-gcp-x86_64-with-glibc2.35,3.10.12,3.0.4,2,Intel(R) Xeon(R) CPU @ 2.60GHz,,,,,15.61648178100586,machine,Y,1.0
2025-08-08T10:30:00,scikit-learn-benchmark,948303c7-7587-4f0c-8615-2d58464802f9,scikit-learn_SCL001_d880725b,1.0022942340001464,7.654039595008362e-08,7.636519632025784e-08,1.7000000000000002,0.0,10.0,2.3672582114684506e-07,0.0,1.3917932416208918e-06,1.6285190627677368e-06,Canada,CAN,,gcp,northamerica-northeast2,Linux-6.8.0-1032-gcp-x86_64-with-glibc2.35,3.10.12,3.0.4,2,Intel(R) Xeon(R) CPU @ 2.60GHz,,,,,15.61648178100586,machine,Y,1.0
2025-08-08T10:30:02,scikit-learn-benchmark,9e5d90de-8a64-433f-b928-9276d3722b70,scikit-learn_SCL001_d880725b,1.0022134073078632,7.671099068659623e-08,7.654157300954157e-08,1.7272709000000002,0.0,10.0,2.4048497868674424e-07,0.0,1.3916637593259411e-06,1.6321487380126856e-06,Canada,CAN,,gcp,northamerica-northeast2,Linux-6.8.0-1032-gcp-x86_64-with-glibc2.35,3.10.12,3.0.4,2,Intel(R) Xeon(R) CPU @ 2.60GHz,,,,,15.61648178100586,machine,Y,1.0
2025-08-08T10:30:04,scikit-learn-benchmark,3612db8e-6ab1-4fee-912b-af9bba0ae36b,scikit-learn_SCL001_d880725b,1.0021369820460675,7.670756225322398e-08,7.654398912273428e-08,1.7272709000000002,0.0,10.0,2.404711114846652e-07,0.0,1.3916046811371214e-06,1.6320757926217866e-06,Canada,CAN,,gcp,northamerica-northeast2,Linux-6.8.0-1032-gcp-x86_64-with-glibc2.35,3.10.12,3.0.4,2,Intel(R) Xeon(R) CPU @ 2.60GHz,,,,,15.61648178100586,machine,Y,1.0
2025-08-08T10:30:07,scikit-learn-benchmark,f215c660-a8cb-4917-8734-0ecd442c7ae1,scikit-learn_SCL001_d880725b,1.002151845023036,7.670697174308812e-08,7.654226465184515e-08,1.7272709000000002,0.0,10.0,2.404694762509336e-07,0.0,1.391593752325409e-06,1.6320632285763426e-06,Canada,CAN,,gcp,northamerica-northeast2,Linux-6.8.0-1032-gcp-x86_64-with-glibc2.35,3.10.12,3.0.4,2,Intel(R) Xeon(R) CPU @ 2.60GHz,,,,,15.61648178100586,machine,Y,1.0
2025-08-08T10:30:09,scikit-learn-benchmark,c523ba71-b771-4426-89c9-db637e9dd079,scikit-learn_SCL001_d880725b,1.0023720683529973,7.654246631189665e-08,7.636133201283627e-08,1.7000000000000002,0.0,10.0,2.367885676988711e-07,0.0,1.3917745453202062e-06,1.6285631130190774e-06,Canada,CAN,,gcp,northamerica-northeast2,Linux-6.8.0-1032-gcp-x86_64-with-glibc2.35,3.10.12,3.0.4,2,Intel(R) Xeon(R) CPU @ 2.60GHz,,,,,15.61648178100586,machine,Y,1.0
2025-08-08T10:30:11,scikit-learn-benchmark,cbc361b8-9001-44fe-beb9-08416d85ec43,scikit-learn_SCL001_d880725b,1.0021159839816391,7.65291096734711e-08,7.636751723029425e-08,1.7000000000000002,0.0,10.0,2.3667616893847785e-07,0.0,1.391602760284311e-06,1.628278929222789e-06,Canada,CAN,,gcp,northamerica-northeast2,Linux-6.8.0-1032-gcp-x86_64-with-glibc2.35,3.10.12,3.0.4,2,Intel(R) Xeon(R) CPU @ 2.60GHz,,,,,15.61648178100586,machine,Y,1.0
2025-08-08T10:30:13,scikit-learn-benchmark,7b3e9bf7-9813-4273-a590-f926f0a859b2,scikit-learn_SCL001_d880725b,1.0021370649337769,7.670857089663434e-08,7.65449892841788e-08,1.7272709000000002,0.0,10.0,2.404786500037712e-07,0.0,1.3916186031161085e-06,1.6320972531198794e-06,Canada,CAN,,gcp,northamerica-northeast2,Linux-6.8.0-1032-gcp-x86_64-with-glibc2.35,3.10.12,3.0.4,2,Intel(R) Xeon(R) CPU @ 2.60GHz,,,,,15.61648178100586,machine,Y,1.0
2025-08-08T10:30:15,scikit-learn-benchmark,8ae6b12b-98c6-46bb-86e6-fa078181fcde,scikit-learn_SCL001_d880725b,1.0020973458886149,7.652681877231226e-08,7.63666514897829e-08,1.7000000000000002,0.0,10.0,2.366672675642703e-07,0.0,1.3915629190806714e-06,1.6282301866449416e-06,Canada,CAN,,gcp,northamerica-northeast2,Linux-6.8.0-1032-gcp-x86_64-with-glibc2.35,3.10.12,3.0.4,2,Intel(R) Xeon(R) CPU @ 2.60GHz,,,,,15.61648178100586,machine,Y,1.0
2025-08-08T10:30:17,scikit-learn-benchmark,6c936f84-2460-474a-b787-61033bd6a6c8,scikit-learn_SCL001_d880725b,1.0021121208555996,7.652645425356201e-08,7.636516180267735e-08,1.7000000000000002,0.0,10.0,2.366676479836719e-07,0.0,1.3915547829431797e-06,1.6282224309268514e-06,Canada,CAN,,gcp,northamerica-northeast2,Linux-6.8.0-1032-gcp-x86_64-with-glibc2.35,3.10.12,3.0.4,2,Intel(R) Xeon(R) CPU @ 2.60GHz,,,,,15.61648178100586,machine,Y,1.0
2025-08-08T10:30:19,scikit-learn-benchmark,89431e7f-fa76-4efe-a104-11a7f27fc6e1,scikit-learn_SCL001_d880725b,1.0016168719157577,7.670382115599125e-08,7.65800011028993e-08,1.7272709000000002,0.0,10.0,2.404612399814596e-07,0.0,1.391534954826865e-06,1.6319961948083246e-06,Canada,CAN,,gcp,northamerica-northeast2,Linux-6.8.0-1032-gcp-x86_64-with-glibc2.35,3.10.12,3.0.4,2,Intel(R) Xeon(R) CPU @ 2.60GHz,,,,,15.61648178100586,machine,Y,1.0
2025-08-08T10:30:22,scikit-learn-benchmark,5afdaa50-8978-4cd1-9974-c2f2ddbfa53f,scikit-learn_SCL001_d880725b,1.0025787209160626,1.1786053132524509e-07,1.1755738364121189e-07,8.0,0.0,10.0,1.114807754961981e-06,0.0,1.3928631242985523e-06,2.507670879260533e-06,Canada,CAN,,gcp,northamerica-northeast2,Linux-6.8.0-1032-gcp-x86_64-with-glibc2.35,3.10.12,3.0.4,2,Intel(R) Xeon(R) CPU @ 2.60GHz,,,,,15.61648178100586,machine,Y,1.0
2025-08-08T10:30:24,scikit-learn-benchmark,583879ea-9051-4ea0-bb54-01535b602bd9,scikit-learn_SCL001_d880725b,1.005175651051104,1.1847133612130873e-07,1.1786132702023197e-07,8.0,0.0,10.0,1.1206321397589313e-06,0.0,1.400034586226361e-06,2.520666725985292e-06,Canada,CAN,,gcp,northamerica-northeast2,Linux-6.8.0-1032-gcp-x86_64-with-glibc2.35,3.10.12,3.0.4,2,Intel(R) Xeon(R) CPU @ 2.60GHz,,,,,15.61648178100586,machine,Y,1.0
2025-08-08T10:30:26,scikit-learn-benchmark,0836a234-81a8-4c24-a9f8-1d4cd485d53b,scikit-learn_SCL001_d880725b,1.0021239249035716,7.65287793985335e-08,7.636658251213534e-08,1.7000000000000002,0.0,10.0,2.366774357570749e-07,0.0,1.3915944663393828e-06,1.6282719020964576e-06,Canada,CAN,,gcp,northamerica-northeast2,Linux-6.8.0-1032-gcp-x86_64-with-glibc2.35,3.10.12,3.0.4,2,Intel(R) Xeon(R) CPU @ 2.60GHz,,,,,15.61648178100586,machine,Y,1.0
2025-08-08T10:30:28,scikit-learn-benchmark,4a590ff6-1713-4a92-862f-ace8528c5e3a,scikit-learn_SCL001_d880725b,1.0021448177285492,7.65306994631602e-08,7.636690636850658e-08,1.7000000000000002,0.0,10.0,2.3668549141277457e-07,0.0,1.3916272631225486e-06,1.6283127545353232e-06,Canada,CAN,,gcp,northamerica-northeast2,Linux-6.8.0-1032-gcp-x86_64-with-glibc2.35,3.10.12,3.0.4,2,Intel(R) Xeon(R) CPU @ 2.60GHz,,,,,15.61648178100586,machine,Y,1.0
2025-08-08T10:30:30,scikit-learn-benchmark,ffa6bb8d-7c5c-4c21-adb9-126a61bc21bf,scikit-learn_SCL001_d880725b,1.0021572238765657,7.65326861781974e-08,7.636794342723196e-08,1.7000000000000002,0.0,10.0,2.366924247212916e-07,0.0,1.3916626003467376e-06,1.6283550250680292e-06,Canada,CAN,,gcp,northamerica-northeast2,Linux-6.8.0-1032-gcp-x86_64-with-glibc2.35,3.10.12,3.0.4,2,Intel(R) Xeon(R) CPU @ 2.60GHz,,,,,15.61648178100586,machine,Y,1.0
2025-08-08T10:30:33,scikit-learn-benchmark,6f5efbf8-f48a-44d6-81a1-97fa0f2f5ee8,scikit-learn_SCL001_d880725b,1.0021686390973628,7.67085126138716e-08,7.654251951344408e-08,1.7272709000000002,0.0,10.0,2.404790488140199e-07,0.0,1.391616964247078e-06,1.6320960130610978e-06,Canada,CAN,,gcp,northamerica-northeast2,Linux-6.8.0-1032-gcp-x86_64-with-glibc2.35,3.10.12,3.0.4,2,Intel(R) Xeon(R) CPU @ 2.60GHz,,,,,15.61648178100586,machine,Y,1.0
2025-08-08T10:30:35,scikit-learn-benchmark,5813aa93-d352-4408-88bf-3cfc665b3b2e,scikit-learn_SCL001_d880725b,1.0021218452602625,7.652830354711558e-08,7.63662661472471e-08,1.7000000000000002,0.0,10.0,2.366749054183149e-07,0.0,1.391586872179889e-06,1.628261777598204e-06,Canada,CAN,,gcp,northamerica-northeast2,Linux-6.8.0-1032-gcp-x86_64-with-glibc2.35,3.10.12,3.0.4,2,Intel(R) Xeon(R) CPU @ 2.60GHz,,,,,15.61648178100586,machine,Y,1.0
2025-08-08T10:30:37,scikit-learn-benchmark,6b1191df-d577-4e30-8f8b-e2cc207b260a,scikit-learn_SCL001_d880725b,1.002069320064038,7.652332567908646e-08,7.636530142864387e-08,1.7000000000000002,0.0,10.0,2.3665831363501242e-07,0.0,1.3914975518774654e-06,1.6281558655124778e-06,Canada,CAN,,gcp,northamerica-northeast2,Linux-6.8.0-1032-gcp-x86_64-with-glibc2.35,3.10.12,3.0.4,2,Intel(R) Xeon(R) CPU @ 2.60GHz,,,,,15.61648178100586,machine,Y,1.0
2025-08-08T10:30:39,scikit-learn-benchmark,909fcd33-5bcb-44ef-a9b8-916d22b74e8c,scikit-learn_SCL001_d880725b,1.0022111400030551,7.653351112597414e-08,7.636465817546274e-08,1.7000000000000002,0.0,10.0,2.366928585753259e-07,0.0,1.3916797185730602e-06,1.628372577148386e-06,Canada,CAN,,gcp,northamerica-northeast2,Linux-6.8.0-1032-gcp-x86_64-with-glibc2.35,3.10.12,3.0.4,2,Intel(R) Xeon(R) CPU @ 2.60GHz,,,,,15.61648178100586,machine,Y,1.0
2025-08-08T10:30:41,scikit-learn-benchmark,f52c284f-41f9-4935-a573-eafb7ed52e2a,scikit-learn_SCL001_d880725b,1.0021144370548427,7.653010243884962e-08,7.636862578665889e-08,1.7000000000000002,0.0,10.0,2.366818407058925e-07,0.0,1.391618211184525e-06,1.6283000518904171e-06,Canada,CAN,,gcp,northamerica-northeast2,Linux-6.8.0-1032-gcp-x86_64-with-glibc2.35,3.10.12,3.0.4,2,Intel(R) Xeon(R) CPU @ 2.60GHz,,,,,15.61648178100586,machine,Y,1.0
2025-08-08T10:30:43,scikit-learn-benchmark,721f8ea1-7818-4d36-a721-642b48e2a03f,scikit-learn_SCL001_d880725b,1.002236290834844,7.653735866244986e-08,7.636658077776816e-08,1.7000000000000002,0.0,10.0,2.367247918155045e-07,0.0,1.3917296478110885e-06,1.6284544396265928e-06,Canada,CAN,,gcp,northamerica-northeast2,Linux-6.8.0-1032-gcp-x86_64-with-glibc2.35,3.10.12,3.0.4,2,Intel(R) Xeon(R) CPU @ 2.60GHz,,,,,15.61648178100586,machine,Y,1.0
2025-08-08T10:30:45,scikit-learn-benchmark,b4c716dc-1c7a-489c-818d-bcaeafa7f108,scikit-learn_SCL001_d880725b,1.0021089119836688,7.670624587245369e-08,7.654481958514282e-08,1.7272709000000002,0.0,10.0,2.404691429036556e-07,0.0,1.3915786416166358e-06,1.6320477845202914e-06,Canada,CAN,,gcp,northamerica-northeast2,Linux-6.8.0-1032-gcp-x86_64-with-glibc2.35,3.10.12,3.0.4,2,Intel(R) Xeon(R) CPU @ 2.60GHz,,,,,15.61648178100586,machine,Y,1.0
2025-08-08T10:30:48,scikit-learn-benchmark,d4d6cb15-9946-4195-963b-16aef7e1de25,scikit-learn_SCL001_d880725b,1.0021310760639608,7.65274262824872e-08,7.636468732519662e-08,1.7000000000000002,0.0,10.0,2.366710159048025e-07,0.0,1.391572096488542e-06,1.6282431123933446e-06,Canada,CAN,,gcp,northamerica-northeast2,Linux-6.8.0-1032-gcp-x86_64-with-glibc2.35,3.10.12,3.0.4,2,Intel(R) Xeon(R) CPU @ 2.60GHz,,,,,15.61648178100586,machine,Y,1.0
2025-08-08T10:30:50,scikit-learn-benchmark,1fc86850-d309-4899-9574-e8f76dec748e,scikit-learn_SCL001_d880725b,1.00208527315408,7.670129616545536e-08,7.654168584279935e-08,1.7272709000000002,0.0,10.0,2.404513380927112e-07,0.0,1.3914911335127222e-06,1.6319424716054331e-06,Canada,CAN,,gcp,northamerica-northeast2,Linux-6.8.0-1032-gcp-x86_64-with-glibc2.35,3.10.12,3.0.4,2,Intel(R) Xeon(R) CPU @ 2.60GHz,,,,,15.61648178100586,machine,Y,1.0
2025-08-08T10:30:52,scikit-learn-benchmark,f1291de3-becd-4503-8527-1d8360eee390,scikit-learn_SCL001_d880725b,1.0021132780238986,7.670495962602116e-08,7.654320255817613e-08,1.7272709000000002,0.0,10.0,2.40465589359114e-07,0.0,1.3915548282158045e-06,1.6320204175749182e-06,Canada,CAN,,gcp,northamerica-northeast2,Linux-6.8.0-1032-gcp-x86_64-with-glibc2.35,3.10.12,3.0.4,2,Intel(R) Xeon(R) CPU @ 2.60GHz,,,,,15.61648178100586,machine,Y,1.0
2025-08-08T10:30:54,scikit-learn-benchmark,6119d4cc-8245-45f8-83b3-3f16fc46dd45,scikit-learn_SCL001_d880725b,1.0020775562152269,7.652486965087398e-08,7.636621454720809e-08,1.7000000000000002,0.0,10.0,2.3666212882380934e-07,0.0,1.3915265871522327e-06,1.628188715976042e-06,Canada,CAN,,gcp,northamerica-northeast2,Linux-6.8.0-1032-gcp-x86_64-with-glibc2.35,3.10.12,3.0.4,2,Intel(R) Xeon(R) CPU @ 2.60GHz,,,,,15.61648178100586,machine,Y,1.0
2025-08-08T10:30:56,scikit-learn-benchmark,53212ef7-6e8d-4542-a405-13c4d670cd26,scikit-learn_SCL001_d880725b,1.002089399844408,7.6528025812754e-08,7.636846156105066e-08,1.7000000000000002,0.0,10.0,2.3667424133357906e-07,0.0,1.3915816270228888e-06,1.6282558683564678e-06,Canada,CAN,,gcp,northamerica-northeast2,Linux-6.8.0-1032-gcp-x86_64-with-glibc2.35,3.10.12,3.0.4,2,Intel(R) Xeon(R) CPU @ 2.60GHz,,,,,15.61648178100586,machine,Y,1.0
2025-08-08T10:30:58,scikit-learn-benchmark,d2228ddb-e8ca-426a-9904-bb983b5a63ba,scikit-learn_SCL001_d880725b,1.0021570543758571,7.671067223913903e-08,7.65455593054867e-08,1.7272709000000002,0.0,10.0,2.4048521529181626e-07,0.0,1.3916567472430566e-06,1.632141962534873e-06,Canada,CAN,,gcp,northamerica-northeast2,Linux-6.8.0-1032-gcp-x86_64-with-glibc2.35,3.10.12,3.0.4,2,Intel(R) Xeon(R) CPU @ 2.60GHz,,,,,15.61648178100586,machine,Y,1.0
2025-08-08T10:31:00,scikit-learn-benchmark,011e4658-9b71-415c-a75e-97bb382967df,scikit-learn_SCL001_d880725b,1.0021681492216885,7.653088388378577e-08,7.636531249094453e-08,1.7000000000000002,0.0,10.0,2.366906699543405e-07,0.0,1.3916260084240802e-06,1.6283166783784207e-06,Canada,CAN,,gcp,northamerica-northeast2,Linux-6.8.0-1032-gcp-x86_64-with-glibc2.35,3.10.12,3.0.4,2,Intel(R) Xeon(R) CPU @ 2.60GHz,,,,,15.61648178100586,machine,Y,1.0
2025-08-08T10:31:03,scikit-learn-benchmark,7b542340-c70f-4ef5-8942-58e16f76a66a,scikit-learn_SCL001_d880725b,1.0022710971534252,7.654428338913974e-08,7.637083779681467e-08,1.7000000000000002,0.0,10.0,2.367300376451264e-07,0.0,1.3918717365918888e-06,1.6286017742370151e-06,Canada,CAN,,gcp,northamerica-northeast2,Linux-6.8.0-1032-gcp-x86_64-with-glibc2.35,3.10.12,3.0.4,2,Intel(R) Xeon(R) CPU @ 2.60GHz,,,,,15.61648178100586,machine,Y,1.0
2025-08-08T10:31:05,scikit-learn-benchmark,57675d2f-dc14-42bc-a067-2f62397be4c5,scikit-learn_SCL001_d880725b,1.002095639239997,7.652703038882466e-08,7.636699272223538e-08,1.7000000000000002,0.0,10.0,2.3667002769394054e-07,0.0,1.391564661429988e-06,1.6282346891239284e-06,Canada,CAN,,gcp,northamerica-northeast2,Linux-6.8.0-1032-gcp-x86_64-with-glibc2.35,3.10.12,3.0.4,2,Intel(R) Xeon(R) CPU @ 2.60GHz,,,,,15.61648178100586,machine,Y,1.0
2025-08-08T10:31:07,scikit-learn-benchmark,a80d4013-0041-4394-a13a-5f4f1563a7a7,scikit-learn_SCL001_d880725b,1.002121982164681,7.670472134025467e-08,7.654229994492789e-08,1.7272709000000002,0.0,10.0,2.404647776629605e-07,0.0,1.3915505700020329e-06,1.6320153476649932e-06,Canada,CAN,,gcp,northamerica-northeast2,Linux-6.8.0-1032-gcp-x86_64-with-glibc2.35,3.10.12,3.0.4,2,Intel(R) Xeon(R) CPU @ 2.60GHz,,,,,15.61648178100586,machine,Y,1.0
2025-08-08T10:31:09,scikit-learn-benchmark,ee66fc53-efae-4154-8c7f-487aafdaada3,scikit-learn_SCL001_d880725b,1.0020629740320146,7.68907952342098e-08,7.673249808325244e-08,1.7550872000000004,0.0,10.0,2.44353347304527e-07,0.0,1.391621019380788e-06,1.635974366685315e-06,Canada,CAN,,gcp,northamerica-northeast2,Linux-6.8.0-1032-gcp-x86_64-with-glibc2.35,3.10.12,3.0.4,2,Intel(R) Xeon(R) CPU @ 2.60GHz,,,,,15.61648178100586,machine,Y,1.0
2025-08-08T10:31:11,scikit-learn-benchmark,8d2bda38-941b-44be-967a-5e09cf60ce65,scikit-learn_SCL001_d880725b,1.0018023108132184,7.647828779132883e-08,7.634069812560839e-08,1.7000000000000002,0.0,10.0,2.365175342678817e-07,0.0,1.3906800783135826e-06,1.6271976125814645e-06,Canada,CAN,,gcp,northamerica-northeast2,Linux-6.8.0-1032-gcp-x86_64-with-glibc2.35,3.10.12,3.0.4,2,Intel(R) Xeon(R) CPU @ 2.60GHz,,,,,15.61648178100586,machine,Y,1.0
2025-08-08T10:31:13,scikit-learn-benchmark,3c1cf64b-b1ac-4d6e-ae45-27de176b620c,scikit-learn_SCL001_d880725b,1.002014578320086,7.651449882280497e-08,7.636066428403098e-08,1.7000000000000002,0.0,10.0,2.3663035676711138e-07,0.0,1.3913377032925684e-06,1.6279680600596795e-06,Canada,CAN,,gcp,northamerica-northeast2,Linux-6.8.0-1032-gcp-x86_64-with-glibc2.35,3.10.12,3.0.4,2,Intel(R) Xeon(R) CPU @ 2.60GHz,,,,,15.61648178100586,machine,Y,1.0
2025-08-08T10:31:16,scikit-learn-benchmark,b1b2b487-3f35-445e-89ea-9ce54b29c80a,scikit-learn_SCL001_d880725b,1.002120585180819,7.670386045574506e-08,7.654154758422101e-08,1.7272709000000002,0.0,10.0,2.404638611813692e-07,0.0,1.39153316979193e-06,1.6319970309732991e-06,Canada,CAN,,gcp,northamerica-northeast2,Linux-6.8.0-1032-gcp-x86_64-with-glibc2.35,3.10.12,3.0.4,2,Intel(R) Xeon(R) CPU @ 2.60GHz,,,,,15.61648178100586,machine,Y,1.0
2025-08-08T10:31:18,scikit-learn-benchmark,48221020-a179-4b58-9472-e1c98c6fe5b0,scikit-learn_SCL001_d880725b,1.0022304533049464,7.653489803716851e-08,7.636457042867506e-08,1.7000000000000002,0.0,10.0,2.367010413306869e-07,0.0,1.3917010445665157e-06,1.6284020858972025e-06,Canada,CAN,,gcp,northamerica-northeast2,Linux-6.8.0-1032-gcp-x86_64-with-glibc2.35,3.10.12,3.0.4,2,Intel(R) Xeon(R) CPU @ 2.60GHz,,,,,15.61648178100586,machine,Y,1.0
2025-08-08T10:31:20,scikit-learn-benchmark,8a4d42d6-1865-4500-a410-2894e709ff8e,scikit-learn_SCL001_d880725b,1.0022165048867464,7.653492846064425e-08,7.636566359410829e-08,1.7000000000000002,0.0,10.0,2.3669736445622729e-07,0.0,1.3917053687489696e-06,1.628402733205197e-06,Canada,CAN,,gcp,northamerica-northeast2,Linux-6.8.0-1032-gcp-x86_64-with-glibc2.35,3.10.12,3.0.4,2,Intel(R) Xeon(R) CPU @ 2.60GHz,,,,,15.61648178100586,machine,Y,1.0
2025-08-08T10:31:22,scikit-learn-benchmark,1371c099-4217-4945-b797-f5a501439b4b,scikit-learn_SCL001_d880725b,1.0020925449207423,7.652621041040402e-08,7.636641026648555e-08,1.7000000000000002,0.0,10.0,2.366672018154835e-07,0.0,1.3915500409590702e-06,1.6282172427745536e-06,Canada,CAN,,gcp,northamerica-northeast2,Linux-6.8.0-1032-gcp-x86_64-with-glibc2.35,3.10.12,3.0.4,2,Intel(R) Xeon(R) CPU @ 2.60GHz,,,,,15.61648178100586,machine,Y,1.0
2025-08-08T10:31:24,scikit-learn-benchmark,c63d63ce-6741-42bc-90cd-1431befeccec,scikit-learn_SCL001_d880725b,1.002265122719109,7.654268497998258e-08,7.636969824144439e-08,1.7000000000000002,0.0,10.0,2.367222689531951e-07,0.0,1.3918454965783493e-06,1.6285677655315443e-06,Canada,CAN,,gcp,northamerica-northeast2,Linux-6.8.0-1032-gcp-x86_64-with-glibc2.35,3.10.12,3.0.4,2,Intel(R) Xeon(R) CPU @ 2.60GHz,,,,,15.61648178100586,machine,Y,1.0
2025-08-08T10:31:26,scikit-learn-benchmark,35f2f9c1-4920-4ea8-98b9-e16adc396130,scikit-learn_SCL001_d880725b,1.001920698210597,7.6496495216865e-08,7.634985019621378e-08,1.7000000000000002,0.0,10.0,2.365739045069657e-07,0.0,1.3910111001071833e-06,1.627585004614149e-06,Canada,CAN,,gcp,northamerica-northeast2,Linux-6.8.0-1032-gcp-x86_64-with-glibc2.35,3.10.12,3.0.4,2,Intel(R) Xeon(R) CPU @ 2.60GHz,,,,,15.61648178100586,machine,Y,1.0
2025-08-08T10:31:28,scikit-learn-benchmark,9810f0e0-5125-414c-ad1a-2ed40b50d05f,scikit-learn_SCL001_d880725b,1.0021167919039726,7.652694611464785e-08,7.636529667290617e-08,1.7000000000000002,0.0,10.0,2.366667264011792e-07,0.0,1.3915661696551577e-06,1.6282328960563366e-06,Canada,CAN,,gcp,northamerica-northeast2,Linux-6.8.0-1032-gcp-x86_64-with-glibc2.35,3.10.12,3.0.4,2,Intel(R) Xeon(R) CPU @ 2.60GHz,,,,,15.61648178100586,machine,Y,1.0
2025-08-08T10:31:31,scikit-learn-benchmark,2d81da63-6cd6-4b0e-ad01-f8c84810f3af,scikit-learn_SCL001_d880725b,1.001471757888794,7.663778969508686e-08,7.65251631824818e-08,1.7272709000000002,0.0,10.0,2.402575674756945e-07,0.0,1.3903337026325366e-06,1.6305912701082311e-06,Canada,CAN,,gcp,northamerica-northeast2,Linux-6.8.0-1032-gcp-x86_64-with-glibc2.35,3.10.12,3.0.4,2,Intel(R) Xeon(R) CPU @ 2.60GHz,,,,,15.61648178100586,machine,Y,1.0
2025-08-08T10:31:33,scikit-learn-benchmark,0fe52e85-66a8-48f5-9b1b-5103f3f3eece,scikit-learn_SCL001_d880725b,1.0019887536764145,7.652814212632883e-08,7.63762485811723e-08,1.7000000000000002,0.0,10.0,2.366735521807439e-07,0.0,1.3915847909326356e-06,1.6282583431133795e-06,Canada,CAN,,gcp,northamerica-northeast2,Linux-6.8.0-1032-gcp-x86_64-with-glibc2.35,3.10.12,3.0.4,2,Intel(R) Xeon(R) CPU @ 2.60GHz,,,,,15.61648178100586,machine,Y,1.0
2025-08-08T10:31:35,scikit-learn-benchmark,8b6baa39-e069-4e67-81fb-12ebf0a0ae07,scikit-learn_SCL001_d880725b,1.0019669369794428,7.670807280695272e-08,7.655748905068562e-08,1.7272709000000002,0.0,10.0,2.404800884017441e-07,0.0,1.391606567065335e-06,1.632086655467079e-06,Canada,CAN,,gcp,northamerica-northeast2,Linux-6.8.0-1032-gcp-x86_64-with-glibc2.35,3.10.12,3.0.4,2,Intel(R) Xeon(R) CPU @ 2.60GHz,,,,,15.61648178100586,machine,Y,1.0
2025-08-08T10:31:37,scikit-learn-benchmark,57d0e759-6a40-4960-bad8-a4a0be3a8e14,scikit-learn_SCL001_d880725b,1.0020264508202672,7.671052601970878e-08,7.65553902862673e-08,1.7272709000000002,0.0,10.0,2.404844791126736e-07,0.0,1.3916543723704916e-06,1.6321388514831652e-06,Canada,CAN,,gcp,northamerica-northeast2,Linux-6.8.0-1032-gcp-x86_64-with-glibc2.35,3.10.12,3.0.4,2,Intel(R) Xeon(R) CPU @ 2.60GHz,,,,,15.61648178100586,machine,Y,1.0
2025-08-08T10:31:39,scikit-learn-benchmark,41aae18f-a8cd-4d6f-830e-3886d8282530,scikit-learn_SCL001_d880725b,1.0021734917536378,7.653249924128048e-08,7.636651724579274e-08,1.7000000000000002,0.0,10.0,2.366951256990433e-07,0.0,1.3916559219877751e-06,1.6283510476868187e-06,Canada,CAN,,gcp,northamerica-northeast2,Linux-6.8.0-1032-gcp-x86_64-with-glibc2.35,3.10.12,3.0.4,2,Intel(R) Xeon(R) CPU @ 2.60GHz,,,,,15.61648178100586,machine,Y,1.0
2025-08-08T10:31:41,scikit-learn-benchmark,2e89a4f8-857d-47bc-b9ce-4bccf8cab052,scikit-learn_SCL001_d880725b,1.0021599689498544,7.65307097441465e-08,7.636576206924496e-08,1.7000000000000002,0.0,10.0,2.366858395075219e-07,0.0,1.391627133772191e-06,1.6283129732797128e-06,Canada,CAN,,gcp,northamerica-northeast2,Linux-6.8.0-1032-gcp-x86_64-with-glibc2.35,3.10.12,3.0.4,2,Intel(R) Xeon(R) CPU @ 2.60GHz,,,,,15.61648178100586,machine,Y,1.0
2025-08-08T10:31:43,scikit-learn-benchmark,1b7c7862-22c7-4de3-8b36-a9f264e7caa4,scikit-learn_SCL001_d880725b,1.0021009277552366,7.67032472378249e-08,7.65424371072528e-08,1.7272709000000002,0.0,10.0,2.404596201639225e-07,0.0,1.391524363619586e-06,1.6319839837835085e-06,Canada,CAN,,gcp,northamerica-northeast2,Linux-6.8.0-1032-gcp-x86_64-with-glibc2.35,3.10.12,3.0.4,2,Intel(R) Xeon(R) CPU @ 2.60GHz,,,,,15.61648178100586,machine,Y,1.0
2025-08-08T10:31:46,scikit-learn-benchmark,0f8ba411-670c-41a7-ac44-d623c11d463e,scikit-learn_SCL001_d880725b,1.0021891058422625,7.670707005511993e-08,7.653951695139769e-08,1.7272709000000002,0.0,10.0,2.404832315180353e-07,0.0,1.3915820888036657e-06,1.6320653203217008e-06,Canada,CAN,,gcp,northamerica-northeast2,Linux-6.8.0-1032-gcp-x86_64-with-glibc2.35,3.10.12,3.0.4,2,Intel(R) Xeon(R) CPU @ 2.60GHz,,,,,15.61648178100586,machine,Y,1.0
2025-08-08T10:31:48,scikit-learn-benchmark,6459ed8e-966e-4a09-9a82-8c40f755b56e,scikit-learn_SCL001_d880725b,1.0020903181284666,7.652518047759723e-08,7.63655521794861e-08,1.7000000000000002,0.0,10.0,2.366609345707629e-07,0.0,1.3915343947398163e-06,1.6281953293105797e-06,Canada,CAN,,gcp,northamerica-northeast2,Linux-6.8.0-1032-gcp-x86_64-with-glibc2.35,3.10.12,3.0.4,2,Intel(R) Xeon(R) CPU @ 2.60GHz,,,,,15.61648178100586,machine,Y,1.0
2025-08-08T10:31:50,scikit-learn-benchmark,a5ec95ba-6478-4746-b441-008ec53808ee,scikit-learn_SCL001_d880725b,1.002124893013388,7.65269337459726e-08,7.636466699859758e-08,1.7000000000000002,0.0,10.0,2.366693244677865e-07,0.0,1.3915633084252476e-06,1.6282326328930342e-06,Canada,CAN,,gcp,northamerica-northeast2,Linux-6.8.0-1032-gcp-x86_64-with-glibc2.35,3.10.12,3.0.4,2,Intel(R) Xeon(R) CPU @ 2.60GHz,,,,,15.61648178100586,machine,Y,1.0
2025-08-08T10:31:52,scikit-learn-benchmark,5677bada-5cd0-4a7f-b2fd-66278092e00f,scikit-learn_SCL001_d880725b,1.002125971019268,7.652966019472417e-08,7.636730551637678e-08,1.7000000000000002,0.0,10.0,2.3668132021298842e-07,0.0,1.3916093222279517e-06,1.6282906424409398e-06,Canada,CAN,,gcp,northamerica-northeast2,Linux-6.8.0-1032-gcp-x86_64-with-glibc2.35,3.10.12,3.0.4,2,Intel(R) Xeon(R) CPU @ 2.60GHz,,,,,15.61648178100586,machine,Y,1.0
2025-08-08T10:31:54,scikit-learn-benchmark,6b683df3-5c60-40d6-a293-04fc3511a89f,scikit-learn_SCL001_d880725b,1.0021444633603096,7.652949958858598e-08,7.636573606561021e-08,1.7000000000000002,0.0,10.0,2.3667880592660773e-07,0.0,1.3916084193624557e-06,1.6282872252890634e-06,Canada,CAN,,gcp,northamerica-northeast2,Linux-6.8.0-1032-gcp-x86_64-with-glibc2.35,3.10.12,3.0.4,2,Intel(R) Xeon(R) CPU @ 2.60GHz,,,,,15.61648178100586,machine,Y,1.0
2025-08-08T10:31:56,scikit-learn-benchmark,eff918cf-cb90-43bb-802d-e10f70fc6826,scikit-learn_SCL001_d880725b,1.0021635191515088,7.652862093479945e-08,7.636340724075957e-08,1.7000000000000002,0.0,10.0,2.36685074490702e-07,0.0,1.391583456036945e-06,1.6282685305276472e-06,Canada,CAN,,gcp,northamerica-northeast2,Linux-6.8.0-1032-gcp-x86_64-with-glibc2.35,3.10.12,3.0.4,2,Intel(R) Xeon(R) CPU @ 2.60GHz,,,,,15.61648178100586,machine,Y,1.0
2025-08-08T10:31:59,scikit-learn-benchmark,0c96f389-ee58-4b29-b110-64332436f8b6,scikit-learn_SCL001_d880725b,1.0020986078307033,7.652861142164976e-08,7.636834421645927e-08,1.7000000000000002,0.0,10.0,2.3667459778435946e-07,0.0,1.3915937303358482e-06,1.6282683281202076e-06,Canada,CAN,,gcp,northamerica-northeast2,Linux-6.8.0-1032-gcp-x86_64-with-glibc2.35,3.10.12,3.0.4,2,Intel(R) Xeon(R) CPU @ 2.60GHz,,,,,15.61648178100586,machine,Y,1.0
2025-08-08T10:32:01,scikit-learn-benchmark,a67b91ea-c89a-4684-8807-be46c9b44456,scikit-learn_SCL001_d880725b,1.0022410722449422,7.65328571577298e-08,7.636172501522228e-08,1.7000000000000002,0.0,10.0,2.36699323506198e-07,0.0,1.3916593394242228e-06,1.628358662930421e-06,Canada,CAN,,gcp,northamerica-northeast2,Linux-6.8.0-1032-gcp-x86_64-with-glibc2.35,3.10.12,3.0.4,2,Intel(R) Xeon(R) CPU @ 2.60GHz,,,,,15.61648178100586,machine,Y,1.0
2025-08-08T10:32:03,scikit-learn-benchmark,352d06e6-626c-4448-b627-29b256ef074d,scikit-learn_SCL001_d880725b,1.0021532638929784,7.670939757749471e-08,7.654457690384437e-08,1.7272709000000002,0.0,10.0,2.404798942470627e-07,0.0,1.3916349478272928e-06,1.6321148420743556e-06,Canada,CAN,,gcp,northamerica-northeast2,Linux-6.8.0-1032-gcp-x86_64-with-glibc2.35,3.10.12,3.0.4,2,Intel(R) Xeon(R) CPU @ 2.60GHz,,,,,15.61648178100586,machine,Y,1.0
2025-08-08T10:32:05,scikit-learn-benchmark,8b3b27f1-ab33-4cd9-b9c9-61114b20db08,scikit-learn_SCL001_d880725b,1.0021939259022474,7.689363610771832e-08,7.672530647049483e-08,1.7550872000000004,0.0,10.0,2.443746745800921e-07,0.0,1.3916601362224255e-06,1.6360348108025175e-06,Canada,CAN,,gcp,northamerica-northeast2,Linux-6.8.0-1032-gcp-x86_64-with-glibc2.35,3.10.12,3.0.4,2,Intel(R) Xeon(R) CPU @ 2.60GHz,,,,,15.61648178100586,machine,Y,1.0
2025-08-08T10:32:07,scikit-learn-benchmark,c6eda418-ca52-420c-aa9c-663be487f6d9,scikit-learn_SCL001_d880725b,1.0021348902955651,7.653052340909685e-08,7.636748720177307e-08,1.7000000000000002,0.0,10.0,2.366807495838861e-07,0.0,1.391628259120302e-06,1.628309008704188e-06,Canada,CAN,,gcp,northamerica-northeast2,Linux-6.8.0-1032-gcp-x86_64-with-glibc2.35,3.10.12,3.0.4,2,Intel(R) Xeon(R) CPU @ 2.60GHz,,,,,15.61648178100586,machine,Y,1.0
2025-08-08T10:32:09,scikit-learn-benchmark,74a1f543-f319-44e2-ac4c-1342805e5d39,scikit-learn_SCL001_d880725b,1.002147471997887,7.652798916572809e-08,7.636399961490844e-08,1.7000000000000002,0.0,10.0,2.3667997181312082e-07,0.0,1.3915751168193916e-06,1.6282550886325124e-06,Canada,CAN,,gcp,northamerica-northeast2,Linux-6.8.0-1032-gcp-x86_64-with-glibc2.35,3.10.12,3.0.4,2,Intel(R) Xeon(R) CPU @ 2.60GHz,,,,,15.61648178100586,machine,Y,1.0
2025-08-08T10:32:11,scikit-learn-benchmark,99c944d0-3a9d-4e93-bdf5-731e6413bb78,scikit-learn_SCL001_d880725b,1.0020934189669788,7.652349745138136e-08,7.636363636662398e-08,1.7000000000000002,0.0,10.0,2.366573427959035e-07,0.0,1.3915021774462528e-06,1.6281595202421564e-06,Canada,CAN,,gcp,northamerica-northeast2,Linux-6.8.0-1032-gcp-x86_64-with-glibc2.35,3.10.12,3.0.4,2,Intel(R) Xeon(R) CPU @ 2.60GHz,,,,,15.61648178100586,machine,Y,1.0
2025-08-08T10:32:14,scikit-learn-benchmark,88fb34da-0922-4f70-af31-8ca75c5f55dd,scikit-learn_SCL001_d880725b,1.0021116938441992,7.65284152992665e-08,7.636715125606006e-08,1.7000000000000002,0.0,10.0,2.3667525879055682e-07,0.0,1.3915888965129853e-06,1.628264155303542e-06,Canada,CAN,,gcp,northamerica-northeast2,Linux-6.8.0-1032-gcp-x86_64-with-glibc2.35,3.10.12,3.0.4,2,Intel(R) Xeon(R) CPU @ 2.60GHz,,,,,15.61648178100586,machine,Y,1.0
2025-08-08T10:32:16,scikit-learn-benchmark,f95c13a5-8e6a-4c69-8738-5e242dc037ae,scikit-learn_SCL001_d880725b,1.0021365629509091,7.65304665423723e-08,7.636730299213842e-08,1.7000000000000002,0.0,10.0,2.366791516025034e-07,0.0,1.3916286471713749e-06,1.6283077987738782e-06,Canada,CAN,,gcp,northamerica-northeast2,Linux-6.8.0-1032-gcp-x86_64-with-glibc2.35,3.10.12,3.0.4,2,Intel(R) Xeon(R) CPU @ 2.60GHz,,,,,15.61648178100586,machine,Y,1.0
2025-08-08T10:32:18,scikit-learn-benchmark,7986c7ad-adab-41b3-b9da-a60d2dcc3709,scikit-learn_SCL001_d880725b,1.0025366600602863,7.66192064705667e-08,7.642534135954618e-08,1.7000000000000002,0.0,10.0,2.369583728464529e-07,0.0,1.3932375095060305e-06,1.630195882352483e-06,Canada,CAN,,gcp,northamerica-northeast2,Linux-6.8.0-1032-gcp-x86_64-with-glibc2.35,3.10.12,3.0.4,2,Intel(R) Xeon(R) CPU @ 2.60GHz,,,,,15.61648178100586,machine,Y,1.0
2025-08-08T10:32:20,scikit-learn-benchmark,adbbe452-f36b-488b-be2a-1ebf2cb6b644,scikit-learn_SCL001_d880725b,1.0021261470392346,7.670687856963858e-08,7.654413448473309e-08,1.7272709000000002,0.0,10.0,2.404713652933165e-07,0.0,1.3915898808692064e-06,1.632061246162523e-06,Canada,CAN,,gcp,northamerica-northeast2,Linux-6.8.0-1032-gcp-x86_64-with-glibc2.35,3.10.12,3.0.4,2,Intel(R) Xeon(R) CPU @ 2.60GHz,,,,,15.61648178100586,machine,Y,1.0
2025-08-08T10:32:22,scikit-learn-benchmark,c983984d-097d-4107-aa4d-0367b99a7500,scikit-learn_SCL001_d880725b,1.0021431799978018,7.653009384491534e-08,7.636642684639454e-08,1.7000000000000002,0.0,10.0,2.3668269653959825e-07,0.0,1.3916171725011534e-06,1.6282998690407516e-06,Canada,CAN,,gcp,northamerica-northeast2,Linux-6.8.0-1032-gcp-x86_64-with-glibc2.35,3.10.12,3.0.4,2,Intel(R) Xeon(R) CPU @ 2.60GHz,,,,,15.61648178100586,machine,Y,1.0
2025-08-08T10:32:24,scikit-learn-benchmark,2ec313a3-af43-4f19-b7cb-2ea32240f34e,scikit-learn_SCL001_d880725b,1.0021070949733255,7.652674731425943e-08,7.6365837242472e-08,1.7000000000000002,0.0,10.0,2.366693741641939e-07,0.0,1.3915592920966448e-06,1.6282286662608389e-06,Canada,CAN,,gcp,northamerica-northeast2,Linux-6.8.0-1032-gcp-x86_64-with-glibc2.35,3.10.12,3.0.4,2,Intel(R) Xeon(R) CPU @ 2.60GHz,,,,,15.61648178100586,machine,Y,1.0
2025-08-08T10:32:26,scikit-learn-benchmark,c3a3fc13-f5b9-422d-a8a1-88754bb6caf7,scikit-learn_SCL001_d880725b,1.0022856779396534,7.653606709188577e-08,7.636152922908861e-08,1.7000000000000002,0.0,10.0,2.367278395686299e-07,0.0,1.3916991198331946e-06,1.6284269594018244e-06,Canada,CAN,,gcp,northamerica-northeast2,Linux-6.8.0-1032-gcp-x86_64-with-glibc2.35,3.10.12,3.0.4,2,Intel(R) Xeon(R) CPU @ 2.60GHz,,,,,15.61648178100586,machine,Y,1.0
2025-08-08T10:32:29,scikit-learn-benchmark,2cd37cd5-1963-403f-a9f3-7a5a437f915a,scikit-learn_SCL001_d880725b,1.0021170023828745,7.652808763120427e-08,7.636641973864597e-08,1.7000000000000002,0.0,10.0,2.36681949114427e-07,0.0,1.391575234528217e-06,1.628257183642644e-06,Canada,CAN,,gcp,northamerica-northeast2,Linux-6.8.0-1032-gcp-x86_64-with-glibc2.35,3.10.12,3.0.4,2,Intel(R) Xeon(R) CPU @ 2.60GHz,,,,,15.61648178100586,machine,Y,1.0
2025-08-08T10:32:31,scikit-learn-benchmark,80e6070e-3808-4d41-87e8-33c7d3bdb189,scikit-learn_SCL001_d880725b,1.0016772192902863,7.645890521033045e-08,7.633088158329439e-08,1.7000000000000002,0.0,10.0,2.364583662969785e-07,0.0,1.3903268509440951e-06,1.6267852172410735e-06,Canada,CAN,,gcp,northamerica-northeast2,Linux-6.8.0-1032-gcp-x86_64-with-glibc2.35,3.10.12,3.0.4,2,Intel(R) Xeon(R) CPU @ 2.60GHz,,,,,15.61648178100586,machine,Y,1.0
2025-08-08T10:32:33,scikit-learn-benchmark,54fc738d-0fb9-4519-94ee-051ef1a4c712,scikit-learn_SCL001_d880725b,1.0021928469650447,7.671235774767347e-08,7.654450735702477e-08,1.7272709000000002,0.0,10.0,2.404937661410272e-07,0.0,1.3916840582775574e-06,1.6321778244185845e-06,Canada,CAN,,gcp,northamerica-northeast2,Linux-6.8.0-1032-gcp-x86_64-with-glibc2.35,3.10.12,3.0.4,2,Intel(R) Xeon(R) CPU @ 2.60GHz,,,,,15.61648178100586,machine,Y,1.0
2025-08-08T10:32:35,scikit-learn-benchmark,13a64363-fe8f-4df7-abdd-c34d9819b211,scikit-learn_SCL001_d880725b,1.0020997989922762,7.652757356061035e-08,7.636721775372813e-08,1.7000000000000002,0.0,10.0,2.3667370192965285e-07,0.0,1.3915725440407794e-06,1.6282462459704324e-06,Canada,CAN,,gcp,northamerica-northeast2,Linux-6.8.0-1032-gcp-x86_64-with-glibc2.35,3.10.12,3.0.4,2,Intel(R) Xeon(R) CPU @ 2.60GHz,,,,,15.61648178100586,machine,Y,1.0
2025-08-08T10:32:37,scikit-learn-benchmark,04ff4f71-70dd-42aa-841b-3cb1cd2c033f,scikit-learn_SCL001_d880725b,1.0023008431307971,7.672831174873444e-08,7.65521771976816e-08,1.7272709000000002,0.0,10.0,2.405364819583069e-07,0.0,1.391980789291362e-06,1.632517271249669e-06,Canada,CAN,,gcp,northamerica-northeast2,Linux-6.8.0-1032-gcp-x86_64-with-glibc2.35,3.10.12,3.0.4,2,Intel(R) Xeon(R) CPU @ 2.60GHz,,,,,15.61648178100586,machine,Y,1.0
2025-08-08T10:32:39,scikit-learn-benchmark,52757d7d-3514-4728-a152-aed9ab3f1907,scikit-learn_SCL001_d880725b,1.0021231821738183,7.670562867129068e-08,7.654311369676116e-08,1.7272709000000002,0.0,10.0,2.404666461504174e-07,0.0,1.391568006430235e-06,1.6320346525806524e-06,Canada,CAN,,gcp,northamerica-northeast2,Linux-6.8.0-1032-gcp-x86_64-with-glibc2.35,3.10.12,3.0.4,2,Intel(R) Xeon(R) CPU @ 2.60GHz,,,,,15.61648178100586,machine,Y,1.0
2025-08-08T10:32:41,scikit-learn-benchmark,245b2b1c-cead-4d31-9a9c-7840f41aa282,scikit-learn_SCL001_d880725b,1.0044242306612432,7.68772364710587e-08,7.653861199709215e-08,1.7000000000000002,0.0,10.0,2.3776019073557125e-07,0.0,1.3979256916273798e-06,1.635685882362951e-06,Canada,CAN,,gcp,northamerica-northeast2,Linux-6.8.0-1032-gcp-x86_64-with-glibc2.35,3.10.12,3.0.4,2,Intel(R) Xeon(R) CPU @ 2.60GHz,,,,,15.61648178100586,machine,Y,1.0
2025-08-08T10:32:44,scikit-learn-benchmark,6e266df5-509a-4788-8fcd-403f80b9580c,scikit-learn_SCL001_d880725b,1.0021500713191926,7.670776070997267e-08,7.65431873980685e-08,1.7272709000000002,0.0,10.0,2.4047634807548364e-07,0.0,1.391603667030318e-06,1.6320800151058014e-06,Canada,CAN,,gcp,northamerica-northeast2,Linux-6.8.0-1032-gcp-x86_64-with-glibc2.35,3.10.12,3.0.4,2,Intel(R) Xeon(R) CPU @ 2.60GHz,,,,,15.61648178100586,machine,Y,1.0
2025-08-08T10:32:46,scikit-learn-benchmark,787378a6-f740-4996-9a30-58e0dfd116e1,scikit-learn_SCL001_d880725b,1.0021097911521792,7.653097012953367e-08,7.636984570477246e-08,1.7000000000000002,0.0,10.0,2.3668037708072615e-07,0.0,1.3916381363136074e-06,1.6283185133943335e-06,Canada,CAN,,gcp,northamerica-northeast2,Linux-6.8.0-1032-gcp-x86_64-with-glibc2.35,3.10.12,3.0.4,2,Intel(R) Xeon(R) CPU @ 2.60GHz,,,,,15.61648178100586,machine,Y,1.0
2025-08-08T10:32:48,scikit-learn-benchmark,695b560b-2303-45c3-a090-d9b0de38a12f,scikit-learn_SCL001_d880725b,1.0017526587471366,7.68845226528154e-08,7.675000608331068e-08,1.7550872000000004,0.0,10.0,2.443270044505423e-07,0.0,1.391513903056168e-06,1.6358409075067105e-06,Canada,CAN,,gcp,northamerica-northeast2,Linux-6.8.0-1032-gcp-x86_64-with-glibc2.35,3.10.12,3.0.4,2,Intel(R) Xeon(R) CPU @ 2.60GHz,,,,,15.61648178100586,machine,Y,1.0
2025-08-08T10:32:50,scikit-learn-benchmark,11ac16e4-a9b9-4403-8b55-da9190d697c6,scikit-learn_SCL001_d880725b,1.0021530790254474,7.65327931318251e-08,7.636836600477254e-08,1.7000000000000002,0.0,10.0,2.3668905548078733e-07,0.0,1.3916682451963423e-06,1.6283573006771298e-06,Canada,CAN,,gcp,northamerica-northeast2,Linux-6.8.0-1032-gcp-x86_64-with-glibc2.35,3.10.12,3.0.4,2,Intel(R) Xeon(R) CPU @ 2.60GHz,,,,,15.61648178100586,machine,Y,1.0
2025-08-08T10:32:52,scikit-learn-benchmark,34dfb71b-be85-4bc1-a603-43a1e04f975d,scikit-learn_SCL001_d880725b,1.0021951319649816,7.670743275152456e-08,7.653941862711507e-08,1.7272709000000002,0.0,10.0,2.404754070173504e-07,0.0,1.3915976302491296e-06,1.63207303726648e-06,Canada,CAN,,gcp,northamerica-northeast2,Linux-6.8.0-1032-gcp-x86_64-with-glibc2.35,3.10.12,3.0.4,2,Intel(R) Xeon(R) CPU @ 2.60GHz,,,,,15.61648178100586,machine,Y,1.0
2025-08-08T10:32:54,scikit-learn-benchmark,fbafc830-b7c1-44cd-9d86-16599ed881b7,scikit-learn_SCL001_d880725b,1.0021366639994085,7.653071566372334e-08,7.636754388198745e-08,1.7000000000000002,0.0,10.0,2.366836319755142e-07,0.0,1.391629467252642e-06,1.6283130992281565e-06,Canada,CAN,,gcp,northamerica-northeast2,Linux-6.8.0-1032-gcp-x86_64-with-glibc2.35,3.10.12,3.0.4,2,Intel(R) Xeon(R) CPU @ 2.60GHz,,,,,15.61648178100586,machine,Y,1.0
2025-08-08T10:32:57,scikit-learn-benchmark,c0ceb962-3fc1-4370-a9bb-e0323f11f62e,scikit-learn_SCL001_d880725b,1.0021521020680666,7.653230098682818e-08,7.636794936506561e-08,1.7000000000000002,0.0,10.0,2.366898119216785e-07,0.0,1.391657017585304e-06,1.6283468295069823e-06,Canada,CAN,,gcp,northamerica-northeast2,Linux-6.8.0-1032-gcp-x86_64-with-glibc2.35,3.10.12,3.0.4,2,Intel(R) Xeon(R) CPU @ 2.60GHz,,,,,15.61648178100586,machine,Y,1.0
2025-08-08T10:32:59,scikit-learn-benchmark,7b4187a8-8188-4a56-82df-e14ff2b79068,scikit-learn_SCL001_d880725b,1.002235698979348,7.671498823542327e-08,7.654385920751766e-08,1.7272709000000002,0.0,10.0,2.404991139965537e-07,0.0,1.3917346782464946e-06,1.6322337922430485e-06,Canada,CAN,,gcp,northamerica-northeast2,Linux-6.8.0-1032-gcp-x86_64-with-glibc2.35,3.10.12,3.0.4,2,Intel(R) Xeon(R) CPU @ 2.60GHz,,,,,15.61648178100586,machine,Y,1.0
2025-08-08T10:33:01,scikit-learn-benchmark,4981ef9e-33e8-4e84-8135-5ef3dc13be24,scikit-learn_SCL001_d880725b,1.002237157896161,7.653928293345962e-08,7.636843468678261e-08,1.7000000000000002,0.0,10.0,2.3671244269806065e-07,0.0,1.39178293886491e-06,1.6284953815629703e-06,Canada,CAN,,gcp,northamerica-northeast2,Linux-6.8.0-1032-gcp-x86_64-with-glibc2.35,3.10.12,3.0.4,2,Intel(R) Xeon(R) CPU @ 2.60GHz,,,,,15.61648178100586,machine,Y,1.0
2025-08-08T10:33:03,scikit-learn-benchmark,b25b429c-bef1-4645-a332-b807a4a112c8,scikit-learn_SCL001_d880725b,1.002208759076893,7.707972429287575e-08,7.690984896586989e-08,1.7834543000000005,0.0,10.0,2.48313253751702e-07,0.0,1.3916808801392715e-06,1.6399941338909736e-06,Canada,CAN,,gcp,northamerica-northeast2,Linux-6.8.0-1032-gcp-x86_64-with-glibc2.35,3.10.12,3.0.4,2,Intel(R) Xeon(R) CPU @ 2.60GHz,,,,,15.61648178100586,machine,Y,1.0
2025-08-08T10:33:05,scikit-learn-benchmark,003a1b2f-6f19-4ac0-a593-bf30a7dd008e,scikit-learn_SCL001_d880725b,1.0021514128893614,7.65318102212623e-08,7.636751217124858e-08,1.7000000000000002,0.0,10.0,2.366891295856072e-07,0.0,1.3916472581008245e-06,1.6283363876864314e-06,Canada,CAN,,gcp,northamerica-northeast2,Linux-6.8.0-1032-gcp-x86_64-with-glibc2.35,3.10.12,3.0.4,2,Intel(R) Xeon(R) CPU @ 2.60GHz,,,,,15.61648178100586,machine,Y,1.0
2025-08-08T10:33:07,scikit-learn-benchmark,96dcada3-a81d-4606-8de9-5d0d586c2735,scikit-learn_SCL001_d880725b,1.0021603419445455,7.652616087977207e-08,7.636119458816764e-08,1.7000000000000002,0.0,10.0,2.366659009130673e-07,0.0,1.3915502880182532e-06,1.6282161889313203e-06,Canada,CAN,,gcp,northamerica-northeast2,Linux-6.8.0-1032-gcp-x86_64-with-glibc2.35,3.10.12,3.0.4,2,Intel(R) Xeon(R) CPU @ 2.60GHz,,,,,15.61648178100586,machine,Y,1.0
2025-08-08T10:33:09,scikit-learn-benchmark,5d9859d6-9b06-4596-b7d0-d79b700ac3ce,scikit-learn_SCL001_d880725b,1.0021548941731453,7.652870502659224e-08,7.636414836823631e-08,1.7000000000000002,0.0,10.0,2.366832082366778e-07,0.0,1.3915871114780505e-06,1.6282703197147285e-06,Canada,CAN,,gcp,northamerica-northeast2,Linux-6.8.0-1032-gcp-x86_64-with-glibc2.35,3.10.12,3.0.4,2,Intel(R) Xeon(R) CPU @ 2.60GHz,,,,,15.61648178100586,machine,Y,1.0
2025-08-08T10:33:12,scikit-learn-benchmark,10535a74-96aa-45c4-bc60-4ed06456794a,scikit-learn_SCL001_d880725b,1.0021063932217658,7.652500389522822e-08,7.636415096524912e-08,1.7000000000000002,0.0,10.0,2.366662074475446e-07,0.0,1.3915253647913537e-06,1.6281915722388985e-06,Canada,CAN,,gcp,northamerica-northeast2,Linux-6.8.0-1032-gcp-x86_64-with-glibc2.35,3.10.12,3.0.4,2,Intel(R) Xeon(R) CPU @ 2.60GHz,,,,,15.61648178100586,machine,Y,1.0
2025-08-08T10:33:14,scikit-learn-benchmark,9bedf02c-512c-4335-ab94-f761b725de8e,scikit-learn_SCL001_d880725b,1.0017876806668935,7.647353814101209e-08,7.633707183352802e-08,1.7000000000000002,0.0,10.0,2.3651763761881745e-07,0.0,1.3905789185729291e-06,1.6270965561917467e-06,Canada,CAN,,gcp,northamerica-northeast2,Linux-6.8.0-1032-gcp-x86_64-with-glibc2.35,3.10.12,3.0.4,2,Intel(R) Xeon(R) CPU @ 2.60GHz,,,,,15.61648178100586,machine,Y,1.0
2025-08-08T10:33:16,scikit-learn-benchmark,9e618175-7f86-4811-bb96-0e7bc3fd97f3,scikit-learn_SCL001_d880725b,1.0017774840816855,7.650297614004619e-08,7.63672345961891e-08,1.7000000000000002,0.0,10.0,2.365934629019143e-07,0.0,1.391129433694813e-06,1.6277228965967272e-06,Canada,CAN,,gcp,northamerica-northeast2,Linux-6.8.0-1032-gcp-x86_64-with-glibc2.35,3.10.12,3.0.4,2,Intel(R) Xeon(R) CPU @ 2.60GHz,,,,,15.61648178100586,machine,Y,1.0
2025-08-08T10:33:18,scikit-learn-benchmark,62a6f6ca-b1b1-4d0c-b6bd-8d5458b15647,scikit-learn_SCL001_d880725b,1.0021685608662665,7.670950982802735e-08,7.65435205448076e-08,1.7272709000000002,0.0,10.0,2.404837118777188e-07,0.0,1.3916335185058417e-06,1.6321172303835605e-06,Canada,CAN,,gcp,northamerica-northeast2,Linux-6.8.0-1032-gcp-x86_64-with-glibc2.35,3.10.12,3.0.4,2,Intel(R) Xeon(R) CPU @ 2.60GHz,,,,,15.61648178100586,machine,Y,1.0
2025-08-08T10:33:20,scikit-learn-benchmark,ba36da5a-78d5-48ec-b06f-0360a064d5b0,scikit-learn_SCL001_d880725b,1.002121984027326,7.652916212224713e-08,7.636711232967055e-08,1.7000000000000002,0.0,10.0,2.366777117260629e-07,0.0,1.3916023334281314e-06,1.6282800451541942e-06,Canada,CAN,,gcp,northamerica-northeast2,Linux-6.8.0-1032-gcp-x86_64-with-glibc2.35,3.10.12,3.0.4,2,Intel(R) Xeon(R) CPU @ 2.60GHz,,,,,15.61648178100586,machine,Y,1.0
2025-08-08T10:33:22,scikit-learn-benchmark,e09a8ef6-0578-4036-b83c-49182f1ff3e6,scikit-learn_SCL001_d880725b,1.002172248903662,7.653475208436917e-08,7.636885991215107e-08,1.7000000000000002,0.0,10.0,2.3669915572584921e-07,0.0,1.3916998247926434e-06,1.6283989805184926e-06,Canada,CAN,,gcp,northamerica-northeast2,Linux-6.8.0-1032-gcp-x86_64-with-glibc2.35,3.10.12,3.0.4,2,Intel(R) Xeon(R) CPU @ 2.60GHz,,,,,15.61648178100586,machine,Y,1.0
2025-08-08T10:33:24,scikit-learn-benchmark,94a9a20f-9bdd-4c3a-b836-efce0b5ba379,scikit-learn_SCL001_d880725b,1.001980827189982,7.654118936913761e-08,7.638987422922509e-08,1.7000000000000002,0.0,10.0,2.367185074189264e-07,0.0,1.391817436605278e-06,1.6285359440242045e-06,Canada,CAN,,gcp,northamerica-northeast2,Linux-6.8.0-1032-gcp-x86_64-with-glibc2.35,3.10.12,3.0.4,2,Intel(R) Xeon(R) CPU @ 2.60GHz,,,,,15.61648178100586,machine,Y,1.0
2025-08-08T10:33:27,scikit-learn-benchmark,729a0b2e-0957-4415-b39a-b89a018f5b29,scikit-learn_SCL001_d880725b,1.0021238457411528,7.670732770836368e-08,7.654475844912393e-08,1.7272709000000002,0.0,10.0,2.40473852439361e-07,0.0,1.3915969498662487e-06,1.6320708023056097e-06,Canada,CAN,,gcp,northamerica-northeast2,Linux-6.8.0-1032-gcp-x86_64-with-glibc2.35,3.10.12,3.0.4,2,Intel(R) Xeon(R) CPU @ 2.60GHz,,,,,15.61648178100586,machine,Y,1.0
2025-08-08T10:33:29,scikit-learn-benchmark,554c3b79-940a-4a26-a2e8-3777329dbe37,scikit-learn_SCL001_d880725b,1.0031352848745885,7.653826703510195e-08,7.62990477846373e-08,1.7000000000000002,0.0,10.0,2.3671136608916442e-07,0.0,1.3917624006151326e-06,1.628473766704297e-06,Canada,CAN,,gcp,northamerica-northeast2,Linux-6.8.0-1032-gcp-x86_64-with-glibc2.35,3.10.12,3.0.4,2,Intel(R) Xeon(R) CPU @ 2.60GHz,,,,,15.61648178100586,machine,Y,1.0
2025-08-08T10:33:31,scikit-learn-benchmark,c9ff684d-695c-4548-a2e3-f0dc048c1581,scikit-learn_SCL001_d880725b,1.0025857919827104,7.664415618528924e-08,7.644648148635539e-08,1.7000000000000002,0.0,10.0,2.3705836861497825e-07,0.0,1.393668358731601e-06,1.6307267273465794e-06,Canada,CAN,,gcp,northamerica-northeast2,Linux-6.8.0-1032-gcp-x86_64-with-glibc2.35,3.10.12,3.0.4,2,Intel(R) Xeon(R) CPU @ 2.60GHz,,,,,15.61648178100586,machine,Y,1.0
2025-08-08T10:33:33,scikit-learn-benchmark,c0ef65a0-3d7b-40af-b090-3aedc89208b6,scikit-learn_SCL001_d880725b,1.0016366429626942,7.652169028792479e-08,7.639665623811932e-08,1.7000000000000002,0.0,10.0,2.366488862705107e-07,0.0,1.391472183685336e-06,1.6281210699558466e-06,Canada,CAN,,gcp,northamerica-northeast2,Linux-6.8.0-1032-gcp-x86_64-with-glibc2.35,3.10.12,3.0.4,2,Intel(R) Xeon(R) CPU @ 2.60GHz,,,,,15.61648178100586,machine,Y,1.0
2025-08-08T10:33:35,scikit-learn-benchmark,3bc06f82-1e6e-4e24-9ffe-eaba331dae09,scikit-learn_SCL001_d880725b,1.002140549942851,7.652748145364847e-08,7.636402045402971e-08,1.7000000000000002,0.0,10.0,2.3667164260728495e-07,0.0,1.3915726436405546e-06,1.6282442862478396e-06,Canada,CAN,,gcp,northamerica-northeast2,Linux-6.8.0-1032-gcp-x86_64-with-glibc2.35,3.10.12,3.0.4,2,Intel(R) Xeon(R) CPU @ 2.60GHz,,,,,15.61648178100586,machine,Y,1.0
2025-08-08T10:33:37,scikit-learn-benchmark,48872077-2777-4fe5-b2d6-6a59a80deace,scikit-learn_SCL001_d880725b,1.004153340589255,7.701339576991538e-08,7.669485591186955e-08,1.7272709000000002,0.0,10.0,2.414401147100779e-07,0.0,1.397142774011526e-06,1.638582888721604e-06,Canada,CAN,,gcp,northamerica-northeast2,Linux-6.8.0-1032-gcp-x86_64-with-glibc2.35,3.10.12,3.0.4,2,Intel(R) Xeon(R) CPU @ 2.60GHz,,,,,15.61648178100586,machine,Y,1.0
2025-08-08T10:33:40,scikit-learn-benchmark,6cbe066c-78b5-4e8a-a2c5-97dca85dc298,scikit-learn_SCL001_d880725b,1.0017879707738755,7.647973289517945e-08,7.634323342503234e-08,1.7000000000000002,0.0,10.0,2.365221459185705e-07,0.0,1.3907062135533328e-06,1.6272283594719034e-06,Canada,CAN,,gcp,northamerica-northeast2,Linux-6.8.0-1032-gcp-x86_64-with-glibc2.35,3.10.12,3.0.4,2,Intel(R) Xeon(R) CPU @ 2.60GHz,,,,,15.61648178100586,machine,Y,1.0
2025-08-08T10:33:42,scikit-learn-benchmark,69405d23-00b7-4b66-997a-7b77d0be8fec,scikit-learn_SCL001_d880725b,1.0020491681061685,7.652110998275585e-08,7.636462602666253e-08,1.7000000000000002,0.0,10.0,2.366490953912338e-07,0.0,1.391459627646125e-06,1.6281087230373587e-06,Canada,CAN,,gcp,northamerica-northeast2,Linux-6.8.0-1032-gcp-x86_64-with-glibc2.35,3.10.12,3.0.4,2,Intel(R) Xeon(R) CPU @ 2.60GHz,,,,,15.61648178100586,machine,Y,1.0
2025-08-08T10:33:44,scikit-learn-benchmark,92bf1534-c67b-4f03-a6a6-55da300e6d2c,scikit-learn_SCL001_d880725b,1.002087544184178,7.634996370763196e-08,7.619091181278995e-08,1.6732691000000002,0.0,10.0,2.329422094247083e-07,0.0,1.3915251035036312e-06,1.6244673129283395e-06,Canada,CAN,,gcp,northamerica-northeast2,Linux-6.8.0-1032-gcp-x86_64-with-glibc2.35,3.10.12,3.0.4,2,Intel(R) Xeon(R) CPU @ 2.60GHz,,,,,15.61648178100586,machine,Y,1.0
2025-08-08T10:33:46,scikit-learn-benchmark,e098541a-9f05-4e47-9cb4-97964ae986cc,scikit-learn_SCL001_d880725b,1.0021465639583766,7.65298533478959e-08,7.636592899706285e-08,1.7000000000000002,0.0,10.0,2.366870467344093e-07,0.0,1.391607705348482e-06,1.6282947520828912e-06,Canada,CAN,,gcp,northamerica-northeast2,Linux-6.8.0-1032-gcp-x86_64-with-glibc2.35,3.10.12,3.0.4,2,Intel(R) Xeon(R) CPU @ 2.60GHz,,,,,15.61648178100586,machine,Y,1.0
2025-08-08T10:33:48,scikit-learn-benchmark,4b0666b1-a8f0-4663-9b98-282330e4a349,scikit-learn_SCL001_d880725b,1.0021170191466808,7.652786806214136e-08,7.63661993559456e-08,1.7000000000000002,0.0,10.0,2.366748585805504e-07,0.0,1.391577653379904e-06,1.6282525119604544e-06,Canada,CAN,,gcp,northamerica-northeast2,Linux-6.8.0-1032-gcp-x86_64-with-glibc2.35,3.10.12,3.0.4,2,Intel(R) Xeon(R) CPU @ 2.60GHz,,,,,15.61648178100586,machine,Y,1.0
2025-08-08T10:33:50,scikit-learn-benchmark,b3cf5530-0658-4df0-acae-c92963382615,scikit-learn_SCL001_d880725b,1.0021245507523415,7.652662679977302e-08,7.636438678437815e-08,1.7000000000000002,0.0,10.0,2.36670452532255e-07,0.0,1.391555649590575e-06,1.62822610212283e-06,Canada,CAN,,gcp,northamerica-northeast2,Linux-6.8.0-1032-gcp-x86_64-with-glibc2.35,3.10.12,3.0.4,2,Intel(R) Xeon(R) CPU @ 2.60GHz,,,,,15.61648178100586,machine,Y,1.0
2025-08-08T10:33:52,scikit-learn-benchmark,f088afc0-ae09-4e26-8fc9-88eafba5c80d,scikit-learn_SCL001_d880725b,1.0021038143895566,7.670691021817769e-08,7.654587191138937e-08,1.7272709000000002,0.0,10.0,2.404725664159481e-07,0.0,1.3915893531197476e-06,1.6320619195356957e-06,Canada,CAN,,gcp,northamerica-northeast2,Linux-6.8.0-1032-gcp-x86_64-with-glibc2.35,3.10.12,3.0.4,2,Intel(R) Xeon(R) CPU @ 2.60GHz,,,,,15.61648178100586,machine,Y,1.0
2025-08-08T10:33:55,scikit-learn-benchmark,6f088fe6-4f4f-47c5-8cdc-fce4d1ea323c,scikit-learn_SCL001_d880725b,1.002135992050171,7.670616569291284e-08,7.654267115582514e-08,1.7272709000000002,0.0,10.0,2.40473498313734e-07,0.0,1.3915725802588795e-06,1.6320460785726134e-06,Canada,CAN,,gcp,northamerica-northeast2,Linux-6.8.0-1032-gcp-x86_64-with-glibc2.35,3.10.12,3.0.4,2,Intel(R) Xeon(R) CPU @ 2.60GHz,,,,,15.61648178100586,machine,Y,1.0
2025-08-08T10:33:57,scikit-learn-benchmark,86a85816-7f00-4e34-b611-cd61760a462a,scikit-learn_SCL001_d880725b,1.002172301057726,7.635667817915776e-08,7.619116802426925e-08,1.6732691000000002,0.0,10.0,2.3297397667288615e-07,0.0,1.391636197351747e-06,1.6246101740246331e-06,Canada,CAN,,gcp,northamerica-northeast2,Linux-6.8.0-1032-gcp-x86_64-with-glibc2.35,3.10.12,3.0.4,2,Intel(R) Xeon(R) CPU @ 2.60GHz,,,,,15.61648178100586,machine,Y,1.0
2025-08-08T10:33:59,scikit-learn-benchmark,0af3268e-cd79-4cc1-b31d-90e5a586bbc7,scikit-learn_SCL001_d880725b,1.0021909279748795,7.652899133300202e-08,7.636168837373494e-08,1.7000000000000002,0.0,10.0,2.3667591210040786e-07,0.0,1.3916004992400603e-06,1.6282764113404683e-06,Canada,CAN,,gcp,northamerica-northeast2,Linux-6.8.0-1032-gcp-x86_64-with-glibc2.35,3.10.12,3.0.4,2,Intel(R) Xeon(R) CPU @ 2.60GHz,,,,,15.61648178100586,machine,Y,1.0
2025-08-08T10:34:01,scikit-learn-benchmark,45584e3f-0504-4382-90a0-8be20d73bcf4,scikit-learn_SCL001_d880725b,1.0021355608478189,7.652707752597053e-08,7.636399756259291e-08,1.7000000000000002,0.0,10.0,2.3666951203874002e-07,0.0,1.391566180003186e-06,1.628235692041926e-06,Canada,CAN,,gcp,northamerica-northeast2,Linux-6.8.0-1032-gcp-x86_64-with-glibc2.35,3.10.12,3.0.4,2,Intel(R) Xeon(R) CPU @ 2.60GHz,,,,,15.61648178100586,machine,Y,1.0
2025-08-08T10:34:03,scikit-learn-benchmark,e33ef7a0-4cdc-40d8-ba65-396d99567722,scikit-learn_SCL001_d880725b,1.002110123168677,7.652719009155409e-08,7.636604832368595e-08,1.7000000000000002,0.0,10.0,2.366705281763441e-07,0.0,1.391567558877998e-06,1.628238087054342e-06,Canada,CAN,,gcp,northamerica-northeast2,Linux-6.8.0-1032-gcp-x86_64-with-glibc2.35,3.10.12,3.0.4,2,Intel(R) Xeon(R) CPU @ 2.60GHz,,,,,15.61648178100586,machine,Y,1.0
2025-08-08T10:34:05,scikit-learn-benchmark,72d86132-0e47-465c-8db8-f74fbd01f840,scikit-learn_SCL001_d880725b,1.0022250059992075,7.671343051626808e-08,7.654312161148445e-08,1.7272709000000002,0.0,10.0,2.404998220243847e-07,0.0,1.3917008272579148e-06,1.6322006492822995e-06,Canada,CAN,,gcp,northamerica-northeast2,Linux-6.8.0-1032-gcp-x86_64-with-glibc2.35,3.10.12,3.0.4,2,Intel(R) Xeon(R) CPU @ 2.60GHz,,,,,15.61648178100586,machine,Y,1.0
2025-08-08T10:34:08,scikit-learn-benchmark,637c4e86-61f5-40c7-aca1-64bc7a9fa21e,scikit-learn_SCL001_d880725b,1.0018563806079328,7.685018015548058e-08,7.670778131776474e-08,1.7550872000000004,0.0,10.0,2.442221579075178e-07,0.0,1.3908880581665372e-06,1.635110216074055e-06,Canada,CAN,,gcp,northamerica-northeast2,Linux-6.8.0-1032-gcp-x86_64-with-glibc2.35,3.10.12,3.0.4,2,Intel(R) Xeon(R) CPU @ 2.60GHz,,,,,15.61648178100586,machine,Y,1.0
2025-08-08T10:34:10,scikit-learn-benchmark,0f168acd-7176-45b9-94f4-9088e1b65db1,scikit-learn_SCL001_d880725b,1.0018520429730415,7.670875846021985e-08,7.65669531726293e-08,1.7272709000000002,0.0,10.0,2.404811518957408e-07,0.0,1.391620091938724e-06,1.632101243834465e-06,Canada,CAN,,gcp,northamerica-northeast2,Linux-6.8.0-1032-gcp-x86_64-with-glibc2.35,3.10.12,3.0.4,2,Intel(R) Xeon(R) CPU @ 2.60GHz,,,,,15.61648178100586,machine,Y,1.0
2025-08-08T10:34:12,scikit-learn-benchmark,6fb54908-bda6-41ab-9e3b-0cecb92e959c,scikit-learn_SCL001_d880725b,1.0026862928643825,7.678198458538206e-08,7.65762782754697e-08,1.7272709000000002,0.0,10.0,2.407412724733072e-07,0.0,1.3929179740241832e-06,1.6336592464974905e-06,Canada,CAN,,gcp,northamerica-northeast2,Linux-6.8.0-1032-gcp-x86_64-with-glibc2.35,3.10.12,3.0.4,2,Intel(R) Xeon(R) CPU @ 2.60GHz,,,,,15.61648178100586,machine,Y,1.0
2025-08-08T10:34:14,scikit-learn-benchmark,b3972e76-3318-4221-803a-b3c5e4300c4e,scikit-learn_SCL001_d880725b,1.0041005010716617,7.65255910671549e-08,7.621307925399923e-08,1.7000000000000002,0.0,10.0,2.366638510462104e-07,0.0,1.3915402142124044e-06,1.6282040652586148e-06,Canada,CAN,,gcp,northamerica-northeast2,Linux-6.8.0-1032-gcp-x86_64-with-glibc2.35,3.10.12,3.0.4,2,Intel(R) Xeon(R) CPU @ 2.60GHz,,,,,15.61648178100586,machine,Y,1.0
2025-08-08T10:34:16,scikit-learn-benchmark,e06f3a4b-4a7b-49f7-99ae-6a5af715cfb3,scikit-learn_SCL001_d880725b,1.0022193510085344,7.65339675711261e-08,7.636448796773869e-08,1.7000000000000002,0.0,10.0,2.366937808175055e-07,0.0,1.3916885079298582e-06,1.6283822887473635e-06,Canada,CAN,,gcp,northamerica-northeast2,Linux-6.8.0-1032-gcp-x86_64-with-glibc2.35,3.10.12,3.0.4,2,Intel(R) Xeon(R) CPU @ 2.60GHz,,,,,15.61648178100586,machine,Y,1.0
2025-08-08T10:34:18,scikit-learn-benchmark,c3baaa16-359a-4ac6-b4e0-85b2a36f8010,scikit-learn_SCL001_d880725b,1.001818091608584,7.64837699985494e-08,7.6344967853138e-08,1.7000000000000002,0.0,10.0,2.365367282958081e-07,0.0,1.3907775269924766e-06,1.6273142552882847e-06,Canada,CAN,,gcp,northamerica-northeast2,Linux-6.8.0-1032-gcp-x86_64-with-glibc2.35,3.10.12,3.0.4,2,Intel(R) Xeon(R) CPU @ 2.60GHz,,,,,15.61648178100586,machine,Y,1.0
2025-08-08T10:34:20,scikit-learn-benchmark,33e18069-1c44-45af-9dc0-2d005e3f087c,scikit-learn_SCL001_d880725b,1.0014853440225124,7.64551324932448e-08,7.634173874792735e-08,1.7000000000000002,0.0,10.0,2.364457084461013e-07,0.0,1.3902592382186817e-06,1.6267049466647828e-06,Canada,CAN,,gcp,northamerica-northeast2,Linux-6.8.0-1032-gcp-x86_64-with-glibc2.35,3.10.12,3.0.4,2,Intel(R) Xeon(R) CPU @ 2.60GHz,,,,,15.61648178100586,machine,Y,1.0
2025-08-08T10:34:23,scikit-learn-benchmark,ade3c685-be4f-4269-8aa5-053ad9c4901d,scikit-learn_SCL001_d880725b,1.0018888441845777,7.652478481799417e-08,7.63805139284454e-08,1.7000000000000002,0.0,10.0,2.366623663110659e-07,0.0,1.3915245447100866e-06,1.6281869110211523e-06,Canada,CAN,,gcp,northamerica-northeast2,Linux-6.8.0-1032-gcp-x86_64-with-glibc2.35,3.10.12,3.0.4,2,Intel(R) Xeon(R) CPU @ 2.60GHz,,,,,15.61648178100586,machine,Y,1.0
2025-08-08T10:34:25,scikit-learn-benchmark,7b0af03b-fe24-43d7-8e0e-f980e9e2e277,scikit-learn_SCL001_d880725b,1.0030036657117307,7.635846087140816e-08,7.61297924242622e-08,1.6732691000000002,0.0,10.0,2.3296845880362525e-07,0.0,1.3916796448433566e-06,1.6246481036469815e-06,Canada,CAN,,gcp,northamerica-northeast2,Linux-6.8.0-1032-gcp-x86_64-with-glibc2.35,3.10.12,3.0.4,2,Intel(R) Xeon(R) CPU @ 2.60GHz,,,,,15.61648178100586,machine,Y,1.0
2025-08-08T10:34:27,scikit-learn-benchmark,b6110397-62ff-4b87-8fb4-7d2a78e893df,scikit-learn_SCL001_d880725b,1.0028365473262966,7.687176941501321e-08,7.665433576385323e-08,1.7550872000000004,0.0,10.0,2.442909925384633e-07,0.0,1.3912785694830949e-06,1.6355695620215578e-06,Canada,CAN,,gcp,northamerica-northeast2,Linux-6.8.0-1032-gcp-x86_64-with-glibc2.35,3.10.12,3.0.4,2,Intel(R) Xeon(R) CPU @ 2.60GHz,,,,,15.61648178100586,machine,Y,1.0
2025-08-08T10:34:29,scikit-learn-benchmark,64a4a804-fb6e-4a4d-9353-9e348635cd32,scikit-learn_SCL001_d880725b,1.0018105446361003,7.687514431726148e-08,7.673620998388047e-08,1.7550872000000004,0.0,10.0,2.443006111978606e-07,0.0,1.3913407572545112e-06,1.6356413684523717e-06,Canada,CAN,,gcp,northamerica-northeast2,Linux-6.8.0-1032-gcp-x86_64-with-glibc2.35,3.10.12,3.0.4,2,Intel(R) Xeon(R) CPU @ 2.60GHz,,,,,15.61648178100586,machine,Y,1.0
2025-08-08T10:34:31,scikit-learn-benchmark,62c0fbe3-652c-44f8-8192-a939f52cd4ee,scikit-learn_SCL001_d880725b,1.002089693211019,7.745127107095915e-08,7.728975918590705e-08,1.8418625,0.0,10.0,2.564020343975847e-07,0.0,1.3914973500909077e-06,1.6478993844884924e-06,Canada,CAN,,gcp,northamerica-northeast2,Linux-6.8.0-1032-gcp-x86_64-with-glibc2.35,3.10.12,3.0.4,2,Intel(R) Xeon(R) CPU @ 2.60GHz,,,,,15.61648178100586,machine,Y,1.0
2025-08-08T10:34:33,scikit-learn-benchmark,50e699f6-cf95-4d0a-9532-4f9beed51d5c,scikit-learn_SCL001_d880725b,1.0021917377598584,7.653098406002391e-08,7.636361504145825e-08,1.7000000000000002,0.0,10.0,2.3669362403193693e-07,0.0,1.391625185755806e-06,1.6283188097877428e-06,Canada,CAN,,gcp,northamerica-northeast2,Linux-6.8.0-1032-gcp-x86_64-with-glibc2.35,3.10.12,3.0.4,2,Intel(R) Xeon(R) CPU @ 2.60GHz,,,,,15.61648178100586,machine,Y,1.0
2025-08-08T10:34:35,scikit-learn-benchmark,7c28e424-7237-451d-ad97-61085b4ffe7f,scikit-learn_SCL001_d880725b,1.002131356857717,7.670630810326978e-08,7.654316729873623e-08,1.7272709000000002,0.0,10.0,2.404744561286004e-07,0.0,1.3915746524516078e-06,1.632049108580208e-06,Canada,CAN,,gcp,northamerica-northeast2,Linux-6.8.0-1032-gcp-x86_64-with-glibc2.35,3.10.12,3.0.4,2,Intel(R) Xeon(R) CPU @ 2.60GHz,,,,,15.61648178100586,machine,Y,1.0
2025-08-08T10:34:38,scikit-learn-benchmark,c3f5bf9c-d3ca-41ec-b448-3f91b1f64010,scikit-learn_SCL001_d880725b,1.0021574897691607,7.652802314751575e-08,7.636327017337702e-08,1.7000000000000002,0.0,10.0,2.366764068655256e-07,0.0,1.3915794047837456e-06,1.6282558116492711e-06,Canada,CAN,,gcp,northamerica-northeast2,Linux-6.8.0-1032-gcp-x86_64-with-glibc2.35,3.10.12,3.0.4,2,Intel(R) Xeon(R) CPU @ 2.60GHz,,,,,15.61648178100586,machine,Y,1.0
2025-08-08T10:34:40,scikit-learn-benchmark,05584cfd-8dc4-4b6b-9bb7-da9a04dddec7,scikit-learn_SCL001_d880725b,1.0025707567110658,7.692304757499875e-08,7.67258041989424e-08,1.7550872000000004,0.0,10.0,2.446514399318453e-07,0.0,1.3920091467702557e-06,1.6366605867021008e-06,Canada,CAN,,gcp,northamerica-northeast2,Linux-6.8.0-1032-gcp-x86_64-with-glibc2.35,3.10.12,3.0.4,2,Intel(R) Xeon(R) CPU @ 2.60GHz,,,,,15.61648178100586,machine,Y,1.0
2025-08-08T10:34:42,scikit-learn-benchmark,f73c7204-d17c-467e-9ff3-e230bd035d50,scikit-learn_SCL001_d880725b,1.0021712607704103,7.635636474135166e-08,7.619093435452676e-08,1.6732691000000002,0.0,10.0,2.329631000162621e-07,0.0,1.3916404051188792e-06,1.6246035051351411e-06,Canada,CAN,,gcp,northamerica-northeast2,Linux-6.8.0-1032-gcp-x86_64-with-glibc2.35,3.10.12,3.0.4,2,Intel(R) Xeon(R) CPU @ 2.60GHz,,,,,15.61648178100586,machine,Y,1.0
2025-08-08T10:34:44,scikit-learn-benchmark,197790f1-4256-425b-b1b7-191f05132f4e,scikit-learn_SCL001_d880725b,1.0020561572164297,7.652505966460903e-08,7.636803497838366e-08,1.7000000000000002,0.0,10.0,2.3666167803781322e-07,0.0,1.3915310807836552e-06,1.6281927588214684e-06,Canada,CAN,,gcp,northamerica-northeast2,Linux-6.8.0-1032-gcp-x86_64-with-glibc2.35,3.10.12,3.0.4,2,Intel(R) Xeon(R) CPU @ 2.60GHz,,,,,15.61648178100586,machine,Y,1.0
2025-08-08T10:34:46,scikit-learn-benchmark,2074584f-f746-405b-b0d6-b0e59f2e36e6,scikit-learn_SCL001_d880725b,1.002178996335715,7.745687945226456e-08,7.728846816334362e-08,1.8418625,0.0,10.0,2.564346425926698e-07,0.0,1.39158406915764e-06,1.6480187117503098e-06,Canada,CAN,,gcp,northamerica-northeast2,Linux-6.8.0-1032-gcp-x86_64-with-glibc2.35,3.10.12,3.0.4,2,Intel(R) Xeon(R) CPU @ 2.60GHz,,,,,15.61648178100586,machine,Y,1.0
2025-08-08T10:34:48,scikit-learn-benchmark,1a59a5b1-5251-4ee3-a822-4ab742913056,scikit-learn_SCL001_d880725b,1.0021617342717946,7.653286337337664e-08,7.636777653358325e-08,1.7000000000000002,0.0,10.0,2.366941058232139e-07,0.0,1.3916646893550123e-06,1.6283587951782264e-06,Canada,CAN,,gcp,northamerica-northeast2,Linux-6.8.0-1032-gcp-x86_64-with-glibc2.35,3.10.12,3.0.4,2,Intel(R) Xeon(R) CPU @ 2.60GHz,,,,,15.61648178100586,machine,Y,1.0
2025-08-08T10:34:51,scikit-learn-benchmark,331abddd-cbbd-4a00-b2f1-db410f7707a6,scikit-learn_SCL001_d880725b,1.0021211300045252,7.635458666490706e-08,7.61929714669945e-08,1.6732691000000002,0.0,10.0,2.329562454261823e-07,0.0,1.3916094282952448e-06,1.624565673721427e-06,Canada,CAN,,gcp,northamerica-northeast2,Linux-6.8.0-1032-gcp-x86_64-with-glibc2.35,3.10.12,3.0.4,2,Intel(R) Xeon(R) CPU @ 2.60GHz,,,,,15.61648178100586,machine,Y,1.0
2025-08-08T10:34:53,scikit-learn-benchmark,13929212-8b09-4f9b-a22c-edd87de56195,scikit-learn_SCL001_d880725b,1.0021116053685546,7.635397484109835e-08,7.619308511352588e-08,1.6732691000000002,0.0,10.0,2.3295517211035645e-07,0.0,1.3915974840832254e-06,1.6245526561935816e-06,Canada,CAN,,gcp,northamerica-northeast2,Linux-6.8.0-1032-gcp-x86_64-with-glibc2.35,3.10.12,3.0.4,2,Intel(R) Xeon(R) CPU @ 2.60GHz,,,,,15.61648178100586,machine,Y,1.0
2025-08-08T10:34:55,scikit-learn-benchmark,8352c21c-897f-4dbc-924d-4903c5dc5b8b,scikit-learn_SCL001_d880725b,1.002137501258403,7.6529854361343e-08,7.636662061368128e-08,1.7000000000000002,0.0,10.0,2.3668426527486493e-07,0.0,1.3916105083707306e-06,1.6282947736455955e-06,Canada,CAN,,gcp,northamerica-northeast2,Linux-6.8.0-1032-gcp-x86_64-with-glibc2.35,3.10.12,3.0.4,2,Intel(R) Xeon(R) CPU @ 2.60GHz,,,,,15.61648178100586,machine,Y,1.0
2025-08-08T10:34:57,scikit-learn-benchmark,23a36fdf-b502-41b7-9605-23c5bb77a18f,scikit-learn_SCL001_d880725b,1.0022046617232263,7.670686189083916e-08,7.653812122460764e-08,1.7272709000000002,0.0,10.0,2.404947746729392e-07,0.0,1.391566116621511e-06,1.6320608912944502e-06,Canada,CAN,,gcp,northamerica-northeast2,Linux-6.8.0-1032-gcp-x86_64-with-glibc2.35,3.10.12,3.0.4,2,Intel(R) Xeon(R) CPU @ 2.60GHz,,,,,15.61648178100586,machine,Y,1.0
2025-08-08T10:34:59,scikit-learn-benchmark,10aaa237-f864-4bbd-b54d-c06e863c54a6,scikit-learn_SCL001_d880725b,1.0021417797543108,7.652961896195646e-08,7.636605968141431e-08,1.7000000000000002,0.0,10.0,2.3667482911453893e-07,0.0,1.3916149360334708e-06,1.62828976514801e-06,Canada,CAN,,gcp,northamerica-northeast2,Linux-6.8.0-1032-gcp-x86_64-with-glibc2.35,3.10.12,3.0.4,2,Intel(R) Xeon(R) CPU @ 2.60GHz,,,,,15.61648178100586,machine,Y,1.0
2025-08-08T10:35:01,scikit-learn-benchmark,f23a1828-29a5-44ab-9130-b79ca1a521a1,scikit-learn_SCL001_d880725b,1.0021606306545436,7.65286552722359e-08,7.636366160408093e-08,1.7000000000000002,0.0,10.0,2.3668201640248298e-07,0.0,1.391587244708919e-06,1.628269261111402e-06,Canada,CAN,,gcp,northamerica-northeast2,Linux-6.8.0-1032-gcp-x86_64-with-glibc2.35,3.10.12,3.0.4,2,Intel(R) Xeon(R) CPU @ 2.60GHz,,,,,15.61648178100586,machine,Y,1.0
2025-08-08T10:35:03,scikit-learn-benchmark,fef7118c-8269-49d6-8736-74a9575b800d,scikit-learn_SCL001_d880725b,1.0021511330269277,7.652990034582197e-08,7.636562772190734e-08,1.7000000000000002,0.0,10.0,2.366796182209833e-07,0.0,1.391616133817782e-06,1.6282957520387653e-06,Canada,CAN,,gcp,northamerica-northeast2,Linux-6.8.0-1032-gcp-x86_64-with-glibc2.35,3.10.12,3.0.4,2,Intel(R) Xeon(R) CPU @ 2.60GHz,,,,,15.61648178100586,machine,Y,1.0
2025-08-08T10:35:06,scikit-learn-benchmark,03735ecf-6a7f-4972-b376-232507034b1d,scikit-learn_SCL001_d880725b,1.0017953091301024,7.652806380212618e-08,7.63909184887065e-08,1.7000000000000002,0.0,10.0,2.366722763464269e-07,0.0,1.3915844002945556e-06,1.6282566766409826e-06,Canada,CAN,,gcp,northamerica-northeast2,Linux-6.8.0-1032-gcp-x86_64-with-glibc2.35,3.10.12,3.0.4,2,Intel(R) Xeon(R) CPU @ 2.60GHz,,,,,15.61648178100586,machine,Y,1.0
2025-08-08T10:35:08,scikit-learn-benchmark,989b10b8-b0e0-4eb3-a2a8-4cf546794d15,scikit-learn_SCL001_d880725b,1.0018121991306543,7.688507503694625e-08,7.674599600969628e-08,1.7550872000000004,0.0,10.0,2.443299886436499e-07,0.0,1.391522671716909e-06,1.6358526603605583e-06,Canada,CAN,,gcp,northamerica-northeast2,Linux-6.8.0-1032-gcp-x86_64-with-glibc2.35,3.10.12,3.0.4,2,Intel(R) Xeon(R) CPU @ 2.60GHz,,,,,15.61648178100586,machine,Y,1.0
2025-08-08T10:35:10,scikit-learn-benchmark,357ee1cc-deaf-431f-92ec-57b87798ff14,scikit-learn_SCL001_d880725b,1.00206477381289,7.65306178566534e-08,7.63729250410149e-08,1.7000000000000002,0.0,10.0,2.366838094312698e-07,0.0,1.3916272087953984e-06,1.6283110182266682e-06,Canada,CAN,,gcp,northamerica-northeast2,Linux-6.8.0-1032-gcp-x86_64-with-glibc2.35,3.10.12,3.0.4,2,Intel(R) Xeon(R) CPU @ 2.60GHz,,,,,15.61648178100586,machine,Y,1.0
2025-08-08T10:35:12,scikit-learn-benchmark,381d3bdf-d40c-440c-8f00-81d7513be39a,scikit-learn_SCL001_d880725b,1.0030617290176451,7.670185236304098e-08,7.646772889855886e-08,1.7272709000000002,0.0,10.0,2.404537696064017e-07,0.0,1.391500535990215e-06,1.6319543055966167e-06,Canada,CAN,,gcp,northamerica-northeast2,Linux-6.8.0-1032-gcp-x86_64-with-glibc2.35,3.10.12,3.0.4,2,Intel(R) Xeon(R) CPU @ 2.60GHz,,,,,15.61648178100586,machine,Y,1.0
2025-08-08T10:35:14,scikit-learn-benchmark,49ff7898-0f34-4fd8-8efe-67887ef214ad,scikit-learn_SCL001_d880725b,1.002118675969541,7.652970317108299e-08,7.636790432734044e-08,1.7000000000000002,0.0,10.0,2.3667840065900242e-07,0.0,1.3916131561725506e-06,1.628291556831553e-06,Canada,CAN,,gcp,northamerica-northeast2,Linux-6.8.0-1032-gcp-x86_64-with-glibc2.35,3.10.12,3.0.4,2,Intel(R) Xeon(R) CPU @ 2.60GHz,,,,,15.61648178100586,machine,Y,1.0
2025-08-08T10:35:16,scikit-learn-benchmark,a639a335-47d8-4e46-a072-be4e84b8e7df,scikit-learn_SCL001_d880725b,1.003144535701722,7.722809754316426e-08,7.698601227901968e-08,1.7834543000000005,0.0,10.0,2.4879617883584693e-07,0.0,1.3943548327208392e-06,1.6431510115566862e-06,Canada,CAN,,gcp,northamerica-northeast2,Linux-6.8.0-1032-gcp-x86_64-with-glibc2.35,3.10.12,3.0.4,2,Intel(R) Xeon(R) CPU @ 2.60GHz,,,,,15.61648178100586,machine,Y,1.0
2025-08-08T10:35:18,scikit-learn-benchmark,fe8a9921-5849-4092-b0b5-344b2b2c71c8,scikit-learn_SCL001_d880725b,1.0020983768627048,7.65281435246062e-08,7.63678949008927e-08,1.7000000000000002,0.0,10.0,2.3667161709939442e-07,0.0,1.3915867557645672e-06,1.6282583728639617e-06,Canada,CAN,,gcp,northamerica-northeast2,Linux-6.8.0-1032-gcp-x86_64-with-glibc2.35,3.10.12,3.0.4,2,Intel(R) Xeon(R) CPU @ 2.60GHz,,,,,15.61648178100586,machine,Y,1.0
2025-08-08T10:35:21,scikit-learn-benchmark,6a207d24-40a0-4c2d-8cd6-2e9f7f4a9414,scikit-learn_SCL001_d880725b,1.0021513160318136,7.653156040198842e-08,7.636727026915255e-08,1.7000000000000002,0.0,10.0,2.366872782844844e-07,0.0,1.3916437940982482e-06,1.6283310723827325e-06,Canada,CAN,,gcp,northamerica-northeast2,Linux-6.8.0-1032-gcp-x86_64-with-glibc2.35,3.10.12,3.0.4,2,Intel(R) Xeon(R) CPU @ 2.60GHz,,,,,15.61648178100586,machine,Y,1.0
2025-08-08T10:35:23,scikit-learn-benchmark,1f77edb6-66c8-4f8a-9712-a3bd0b12de56,scikit-learn_SCL001_d880725b,1.002169453073293,7.653065064625764e-08,7.636498040482644e-08,1.7000000000000002,0.0,10.0,2.3667781837543266e-07,0.0,1.3916338975023894e-06,1.628311715877822e-06,Canada,CAN,,gcp,northamerica-northeast2,Linux-6.8.0-1032-gcp-x86_64-with-glibc2.35,3.10.12,3.0.4,2,Intel(R) Xeon(R) CPU @ 2.60GHz,,,,,15.61648178100586,machine,Y,1.0
2025-08-08T10:35:25,scikit-learn-benchmark,b0214540-fa0d-429f-ae5a-6ed6c2f3f3cd,scikit-learn_SCL001_d880725b,1.0021992488764226,7.65330485648786e-08,7.636510269857087e-08,1.7000000000000002,0.0,10.0,2.3669169884588985e-07,0.0,1.3916710365770591e-06,1.628362735422949e-06,Canada,CAN,,gcp,northamerica-northeast2,Linux-6.8.0-1032-gcp-x86_64-with-glibc2.35,3.10.12,3.0.4,2,Intel(R) Xeon(R) CPU @ 2.60GHz,,,,,15.61648178100586,machine,Y,1.0
2025-08-08T10:35:27,scikit-learn-benchmark,cb2bf95f-6daa-40c1-8a12-9f678949ce16,scikit-learn_SCL001_d880725b,1.0021900841966271,7.653189506812486e-08,7.636465005485876e-08,1.7000000000000002,0.0,10.0,2.3669025962913613e-07,0.0,1.3916479333096908e-06,1.628338192938827e-06,Canada,CAN,,gcp,northamerica-northeast2,Linux-6.8.0-1032-gcp-x86_64-with-glibc2.35,3.10.12,3.0.4,2,Intel(R) Xeon(R) CPU @ 2.60GHz,,,,,15.61648178100586,machine,Y,1.0
2025-08-08T10:35:29,scikit-learn-benchmark,df155c0c-f099-44e1-96fb-14d7866381c5,scikit-learn_SCL001_d880725b,1.0021042972803116,7.652737973869728e-08,7.636668153842953e-08,1.7000000000000002,0.0,10.0,2.366720654665389e-07,0.0,1.391570056633403e-06,1.628242122099942e-06,Canada,CAN,,gcp,northamerica-northeast2,Linux-6.8.0-1032-gcp-x86_64-with-glibc2.35,3.10.12,3.0.4,2,Intel(R) Xeon(R) CPU @ 2.60GHz,,,,,15.61648178100586,machine,Y,1.0
2025-08-08T10:35:31,scikit-learn-benchmark,2851aa06-0e45-4de6-8b08-395edbe81e56,scikit-learn_SCL001_d880725b,1.0019970368593931,7.688992054171233e-08,7.673667457412056e-08,1.7550872000000004,0.0,10.0,2.44348114239839e-07,0.0,1.3916076419668064e-06,1.6359557562066454e-06,Canada,CAN,,gcp,northamerica-northeast2,Linux-6.8.0-1032-gcp-x86_64-with-glibc2.35,3.10.12,3.0.4,2,Intel(R) Xeon(R) CPU @ 2.60GHz,,,,,15.61648178100586,machine,Y,1.0
2025-08-08T10:35:34,scikit-learn-benchmark,dbc35df0-b075-4088-be00-a95546756774,scikit-learn_SCL001_d880725b,1.0021870229393244,7.692895119397951e-08,7.67610729665545e-08,1.7550872000000004,0.0,10.0,2.444719152332964e-07,0.0,1.392314280383289e-06,1.6367861956165855e-06,Canada,CAN,,gcp,northamerica-northeast2,Linux-6.8.0-1032-gcp-x86_64-with-glibc2.35,3.10.12,3.0.4,2,Intel(R) Xeon(R) CPU @ 2.60GHz,,,,,15.61648178100586,machine,Y,1.0
2025-08-08T10:35:36,scikit-learn-benchmark,2b90e0b4-2025-4744-b6b2-a2e54e12d767,scikit-learn_SCL001_d880725b,1.0020639556460085,7.652187172596394e-08,7.63642592818659e-08,1.7000000000000002,0.0,10.0,2.366495529939938e-07,0.0,1.3914753773456647e-06,1.6281249303396585e-06,Canada,CAN,,gcp,northamerica-northeast2,Linux-6.8.0-1032-gcp-x86_64-with-glibc2.35,3.10.12,3.0.4,2,Intel(R) Xeon(R) CPU @ 2.60GHz,,,,,15.61648178100586,machine,Y,1.0
2025-08-08T10:35:38,scikit-learn-benchmark,965b0154-79b9-4d2a-8633-56d6fd950215,scikit-learn_SCL001_d880725b,1.0021240781061351,7.670473847790975e-08,7.654215695811865e-08,1.7272709000000002,0.0,10.0,2.4046093970080164e-07,0.0,1.3915547725951503e-06,1.632015712295952e-06,Canada,CAN,,gcp,northamerica-northeast2,Linux-6.8.0-1032-gcp-x86_64-with-glibc2.35,3.10.12,3.0.4,2,Intel(R) Xeon(R) CPU @ 2.60GHz,,,,,15.61648178100586,machine,Y,1.0
2025-08-08T10:35:40,scikit-learn-benchmark,44318fb9-d591-47dc-ab70-c73454d433fc,scikit-learn_SCL001_d880725b,1.0020966292358937,7.652600041163774e-08,7.6365889455181e-08,1.7000000000000002,0.0,10.0,2.366739264430685e-07,0.0,1.3915388482726282e-06,1.6282127747156968e-06,Canada,CAN,,gcp,northamerica-northeast2,Linux-6.8.0-1032-gcp-x86_64-with-glibc2.35,3.10.12,3.0.4,2,Intel(R) Xeon(R) CPU @ 2.60GHz,,,,,15.61648178100586,machine,Y,1.0
2025-08-08T10:35:42,scikit-learn-benchmark,b644bf34-8180-4256-a291-18b5da86fa16,scikit-learn_SCL001_d880725b,1.0021404889412224,7.688704915084415e-08,7.672282479283573e-08,1.7550872000000004,0.0,10.0,2.443459541335309e-07,0.0,1.391548708650387e-06,1.635894662783918e-06,Canada,CAN,,gcp,northamerica-northeast2,Linux-6.8.0-1032-gcp-x86_64-with-glibc2.35,3.10.12,3.0.4,2,Intel(R) Xeon(R) CPU @ 2.60GHz,,,,,15.61648178100586,machine,Y,1.0
2025-08-08T10:35:44,scikit-learn-benchmark,1376f060-b26a-4422-9f05-643968d28bda,scikit-learn_SCL001_d880725b,1.0020877989009025,7.652610043345746e-08,7.636666220005059e-08,1.7000000000000002,0.0,10.0,2.366668836265389e-07,0.0,1.391548019212981e-06,1.62821490283952e-06,Canada,CAN,,gcp,northamerica-northeast2,Linux-6.8.0-1032-gcp-x86_64-with-glibc2.35,3.10.12,3.0.4,2,Intel(R) Xeon(R) CPU @ 2.60GHz,,,,,15.61648178100586,machine,Y,1.0
2025-08-08T10:35:46,scikit-learn-benchmark,3d0d02a5-20d1-430f-a34e-7076b5896a9b,scikit-learn_SCL001_d880725b,1.0020850240252912,7.80565089548169e-08,7.789409788928936e-08,1.9337408000000005,0.0,10.0,2.6921111332291535e-07,0.0,1.3915656729497843e-06,1.6607767862726998e-06,Canada,CAN,,gcp,northamerica-northeast2,Linux-6.8.0-1032-gcp-x86_64-with-glibc2.35,3.10.12,3.0.4,2,Intel(R) Xeon(R) CPU @ 2.60GHz,,,,,15.61648178100586,machine,Y,1.0
2025-08-08T10:35:49,scikit-learn-benchmark,c6df363b-fd00-45e7-95bc-1bacf43a208b,scikit-learn_SCL001_d880725b,1.0026619541458786,7.652595173760267e-08,7.632278398634523e-08,1.7000000000000002,0.0,10.0,2.366632749197177e-07,0.0,1.3915484641782113e-06,1.628211739097929e-06,Canada,CAN,,gcp,northamerica-northeast2,Linux-6.8.0-1032-gcp-x86_64-with-glibc2.35,3.10.12,3.0.4,2,Intel(R) Xeon(R) CPU @ 2.60GHz,,,,,15.61648178100586,machine,Y,1.0
2025-08-08T10:35:51,scikit-learn-benchmark,0a145ec9-de17-475d-8261-e19c853bc7ce,scikit-learn_SCL001_d880725b,1.0023023877292871,7.689711575292504e-08,7.672047547161413e-08,1.7550872000000004,0.0,10.0,2.443956604158372e-07,0.0,1.3917131853910783e-06,1.6361088458069157e-06,Canada,CAN,,gcp,northamerica-northeast2,Linux-6.8.0-1032-gcp-x86_64-with-glibc2.35,3.10.12,3.0.4,2,Intel(R) Xeon(R) CPU @ 2.60GHz,,,,,15.61648178100586,machine,Y,1.0
2025-08-08T10:35:53,scikit-learn-benchmark,e231a81e-7acd-4d0e-9cca-026e4567b752,scikit-learn_SCL001_d880725b,1.0021716402843597,7.652989504513489e-08,7.636405977664666e-08,1.7000000000000002,0.0,10.0,2.36691425075858e-07,0.0,1.3916042141823306e-06,1.6282956392581889e-06,Canada,CAN,,gcp,northamerica-northeast2,Linux-6.8.0-1032-gcp-x86_64-with-glibc2.35,3.10.12,3.0.4,2,Intel(R) Xeon(R) CPU @ 2.60GHz,,,,,15.61648178100586,machine,Y,1.0
2025-08-08T10:35:55,scikit-learn-benchmark,062583ff-6e8d-42d0-bfa0-c6ed2bc9c5f9,scikit-learn_SCL001_d880725b,1.0017028818838298,7.671038176546438e-08,7.657997511318004e-08,1.7272709000000002,0.0,10.0,2.4048655672416e-07,0.0,1.391649225519763e-06,1.632135782243923e-06,Canada,CAN,,gcp,northamerica-northeast2,Linux-6.8.0-1032-gcp-x86_64-with-glibc2.35,3.10.12,3.0.4,2,Intel(R) Xeon(R) CPU @ 2.60GHz,,,,,15.61648178100586,machine,Y,1.0
2025-08-08T10:35:57,scikit-learn-benchmark,26bcb31c-d9ef-4754-bc86-c1c0514022b6,scikit-learn_SCL001_d880725b,1.003503521904349,7.67300083400009e-08,7.646212162204505e-08,1.7000000000000002,0.0,10.0,2.373044005750368e-07,0.0,1.3952489683611526e-06,1.6325533689361894e-06,Canada,CAN,,gcp,northamerica-northeast2,Linux-6.8.0-1032-gcp-x86_64-with-glibc2.35,3.10.12,3.0.4,2,Intel(R) Xeon(R) CPU @ 2.60GHz,,,,,15.61648178100586,machine,Y,1.0
2025-08-08T10:35:59,scikit-learn-benchmark,de194bed-dff4-418c-bf8a-7cdc084fd863,scikit-learn_SCL001_d880725b,1.0021449397318063,7.653070325978722e-08,7.63669008599378e-08,1.7000000000000002,0.0,10.0,2.3669784624750418e-07,0.0,1.3916149890671174e-06,1.6283128353146215e-06,Canada,CAN,,gcp,northamerica-northeast2,Linux-6.8.0-1032-gcp-x86_64-with-glibc2.35,3.10.12,3.0.4,2,Intel(R) Xeon(R) CPU @ 2.60GHz,,,,,15.61648178100586,machine,Y,1.0
2025-08-08T10:36:01,scikit-learn-benchmark,2a2d0437-a494-487f-ab7d-3d337c255a3d,scikit-learn_SCL001_d880725b,1.0020961659029126,7.652854799943615e-08,7.636846702280522e-08,1.7000000000000002,0.0,10.0,2.3667343981408826e-07,0.0,1.391593538897319e-06,1.628266978711407e-06,Canada,CAN,,gcp,northamerica-northeast2,Linux-6.8.0-1032-gcp-x86_64-with-glibc2.35,3.10.12,3.0.4,2,Intel(R) Xeon(R) CPU @ 2.60GHz,,,,,15.61648178100586,machine,Y,1.0
2025-08-08T10:36:04,scikit-learn-benchmark,bb551677-d2aa-4329-be4c-6c930a87bd98,scikit-learn_SCL001_d880725b,1.0020789746195078,7.65245803320884e-08,7.63658177352189e-08,1.7000000000000002,0.0,10.0,2.366586687664191e-07,0.0,1.3915238914907803e-06,1.6281825602571996e-06,Canada,CAN,,gcp,northamerica-northeast2,Linux-6.8.0-1032-gcp-x86_64-with-glibc2.35,3.10.12,3.0.4,2,Intel(R) Xeon(R) CPU @ 2.60GHz,,,,,15.61648178100586,machine,Y,1.0
2025-08-08T10:36:06,scikit-learn-benchmark,adab23d5-c820-47c5-9f46-7af84304a2da,scikit-learn_SCL001_d880725b,1.0020986841991544,7.688656675405854e-08,7.672554406705349e-08,1.7550872000000004,0.0,10.0,2.44334784919632e-07,0.0,1.39154961410289e-06,1.635884399022522e-06,Canada,CAN,,gcp,northamerica-northeast2,Linux-6.8.0-1032-gcp-x86_64-with-glibc2.35,3.10.12,3.0.4,2,Intel(R) Xeon(R) CPU @ 2.60GHz,,,,,15.61648178100586,machine,Y,1.0
2025-08-08T10:36:08,scikit-learn-benchmark,e8a9be97-8d0f-40c6-bba5-ce2a64e23ef4,scikit-learn_SCL001_d880725b,1.0020532477647066,7.670223378494636e-08,7.654506779559575e-08,1.7272709000000002,0.0,10.0,2.404532327206718e-07,0.0,1.391509188235634e-06,1.6319624209563058e-06,Canada,CAN,,gcp,northamerica-northeast2,Linux-6.8.0-1032-gcp-x86_64-with-glibc2.35,3.10.12,3.0.4,2,Intel(R) Xeon(R) CPU @ 2.60GHz,,,,,15.61648178100586,machine,Y,1.0
2025-08-08T10:36:10,scikit-learn-benchmark,8901d177-72ea-4b45-a0c9-6fb42b0a8d8b,scikit-learn_SCL001_d880725b,1.0021007000468671,7.652777810974255e-08,7.636735320728088e-08,1.7000000000000002,0.0,10.0,2.3667175079592402e-07,0.0,1.3915788472837046e-06,1.6282505980796286e-06,Canada,CAN,,gcp,northamerica-northeast2,Linux-6.8.0-1032-gcp-x86_64-with-glibc2.35,3.10.12,3.0.4,2,Intel(R) Xeon(R) CPU @ 2.60GHz,,,,,15.61648178100586,machine,Y,1.0
2025-08-08T10:36:12,scikit-learn-benchmark,700f2824-df86-4c3e-a89e-c9a3ad02b26b,scikit-learn_SCL001_d880725b,1.0042927479371428,7.686220280502716e-08,7.653366308071542e-08,1.7000000000000002,0.0,10.0,2.3771134554408493e-07,0.0,1.3976546715841524e-06,1.635366017128237e-06,Canada,CAN,,gcp,northamerica-northeast2,Linux-6.8.0-1032-gcp-x86_64-with-glibc2.35,3.10.12,3.0.4,2,Intel(R) Xeon(R) CPU @ 2.60GHz,,,,,15.61648178100586,machine,Y,1.0
2025-08-08T10:36:14,scikit-learn-benchmark,c50158e2-e262-481b-9a97-85d4edb2d451,scikit-learn_SCL001_d880725b,1.0017603021115065,7.647819311153661e-08,7.634380495048185e-08,1.7000000000000002,0.0,10.0,2.3651890619657938e-07,0.0,1.3906766919212209e-06,1.6271955981178002e-06,Canada,CAN,,gcp,northamerica-northeast2,Linux-6.8.0-1032-gcp-x86_64-with-glibc2.35,3.10.12,3.0.4,2,Intel(R) Xeon(R) CPU @ 2.60GHz,,,,,15.61648178100586,machine,Y,1.0
2025-08-08T10:36:17,scikit-learn-benchmark,b222a5be-f2c5-4b87-9ba7-cfc1d2347629,scikit-learn_SCL001_d880725b,1.0024760230444372,7.652294415606755e-08,7.633393956263777e-08,1.7000000000000002,0.0,10.0,2.366684552204485e-07,0.0,1.3914792927809887e-06,1.6281477480014371e-06,Canada,CAN,,gcp,northamerica-northeast2,Linux-6.8.0-1032-gcp-x86_64-with-glibc2.35,3.10.12,3.0.4,2,Intel(R) Xeon(R) CPU @ 2.60GHz,,,,,15.61648178100586,machine,Y,1.0
2025-08-08T10:36:19,scikit-learn-benchmark,f090d691-6ed4-40d9-a4a4-cce437be9d2e,scikit-learn_SCL001_d880725b,1.002067414112389,7.652465979497517e-08,7.63667780403369e-08,1.7000000000000002,0.0,10.0,2.3666101527245093e-07,0.0,1.3915232356844677e-06,1.6281842509569187e-06,Canada,CAN,,gcp,northamerica-northeast2,Linux-6.8.0-1032-gcp-x86_64-with-glibc2.35,3.10.12,3.0.4,2,Intel(R) Xeon(R) CPU @ 2.60GHz,,,,,15.61648178100586,machine,Y,1.0
2025-08-08T10:36:21,scikit-learn-benchmark,fedeeedc-bdbc-420d-bc1a-26c23f4906ba,scikit-learn_SCL001_d880725b,1.0018911780789497,7.092125432029181e-08,7.078738277372393e-08,0.8493848,0.0,10.0,1.181809161583678e-07,0.0,1.3907819417201812e-06,1.508962857878549e-06,Canada,CAN,,gcp,northamerica-northeast2,Linux-6.8.0-1032-gcp-x86_64-with-glibc2.35,3.10.12,3.0.4,2,Intel(R) Xeon(R) CPU @ 2.60GHz,,,,,15.61648178100586,machine,Y,1.0
2025-08-08T10:36:23,scikit-learn-benchmark,28a4ef5a-75ef-486f-93c3-28997767368e,scikit-learn_SCL001_d880725b,1.0021257223561406,7.06988876025705e-08,7.054892018573011e-08,0.8093242088,0.0,10.0,1.1267346755444089e-07,0.0,1.3915581835640803e-06,1.5042316511185212e-06,Canada,CAN,,gcp,northamerica-northeast2,Linux-6.8.0-1032-gcp-x86_64-with-glibc2.35,3.10.12,3.0.4,2,Intel(R) Xeon(R) CPU @ 2.60GHz,,,,,15.61648178100586,machine,Y,1.0
2025-08-08T10:36:25,scikit-learn-benchmark,b5739ffb-8767-4461-9cba-4ef7667037b5,scikit-learn_SCL001_d880725b,1.0023303371854126,7.068140157250788e-08,7.051707301505444e-08,0.8025769592,0.0,10.0,1.1177428802336561e-07,0.0,1.392085319902334e-06,1.5038596079256997e-06,Canada,CAN,,gcp,northamerica-northeast2,Linux-6.8.0-1032-gcp-x86_64-with-glibc2.35,3.10.12,3.0.4,2,Intel(R) Xeon(R) CPU @ 2.60GHz,,,,,15.61648178100586,machine,Y,1.0
2025-08-08T10:36:27,scikit-learn-benchmark,a9ffb19d-c9d6-449f-93db-f437c12ff807,scikit-learn_SCL001_d880725b,1.0021049659699202,7.688922174338752e-08,7.672771251958397e-08,1.7550872000000004,0.0,10.0,2.4434584879571415e-07,0.0,1.391595039361467e-06,1.6359408881571811e-06,Canada,CAN,,gcp,northamerica-northeast2,Linux-6.8.0-1032-gcp-x86_64-with-glibc2.35,3.10.12,3.0.4,2,Intel(R) Xeon(R) CPU @ 2.60GHz,,,,,15.61648178100586,machine,Y,1.0
2025-08-08T10:36:29,scikit-learn-benchmark,0aba8c77-753d-42c1-bdc9-52070c31ad07,scikit-learn_SCL001_d880725b,1.0025192857719958,8.095273019050484e-08,8.074929962885125e-08,2.3865118208,0.0,10.0,3.319705428119508e-07,0.0,1.3904279718796414e-06,1.7223985146915922e-06,Canada,CAN,,gcp,northamerica-northeast2,Linux-6.8.0-1032-gcp-x86_64-with-glibc2.35,3.10.12,3.0.4,2,Intel(R) Xeon(R) CPU @ 2.60GHz,,,,,15.61648178100586,machine,Y,1.0
2025-08-08T10:36:32,scikit-learn-benchmark,925a1479-1592-4206-b263-1ba43fd41a11,scikit-learn_SCL001_d880725b,1.0028990707360208,7.722443635421898e-08,7.700120441585862e-08,1.7834543000000005,0.0,10.0,2.4880298628037853e-07,0.0,1.3942701276391743e-06,1.643073113919553e-06,Canada,CAN,,gcp,northamerica-northeast2,Linux-6.8.0-1032-gcp-x86_64-with-glibc2.35,3.10.12,3.0.4,2,Intel(R) Xeon(R) CPU @ 2.60GHz,,,,,15.61648178100586,machine,Y,1.0
2025-08-08T10:36:34,scikit-learn-benchmark,667e70cf-3cd6-48f6-ada4-6bdcda63f269,scikit-learn_SCL001_d880725b,1.0031870920211077,7.726664382327387e-08,7.702117026606253e-08,1.8123776000000005,0.0,10.0,2.5233343701211613e-07,0.0,1.3916377081639237e-06,1.6439711451760398e-06,Canada,CAN,,gcp,northamerica-northeast2,Linux-6.8.0-1032-gcp-x86_64-with-glibc2.35,3.10.12,3.0.4,2,Intel(R) Xeon(R) CPU @ 2.60GHz,,,,,15.61648178100586,machine,Y,1.0
2025-08-08T10:36:36,scikit-learn-benchmark,772e1758-e04c-4d83-a602-62f982b474f8,scikit-learn_SCL001_d880725b,1.0051138210110366,1.0676617570230236e-07,1.0622297044419013e-07,6.225711200000001,0.0,10.0,8.719241710554786e-07,0.0,1.3996965885679756e-06,2.2716207596234544e-06,Canada,CAN,,gcp,northamerica-northeast2,Linux-6.8.0-1032-gcp-x86_64-with-glibc2.35,3.10.12,3.0.4,2,Intel(R) Xeon(R) CPU @ 2.60GHz,,,,,15.61648178100586,machine,Y,1.0
2025-08-08T10:36:38,scikit-learn-benchmark,4433a531-f081-4437-a846-d78a6aeec8c0,scikit-learn_SCL001_d880725b,1.0037935026921332,1.0863874679063285e-07,1.082281828874845e-07,6.591370400000001,0.0,10.0,9.186163009627296e-07,0.0,1.3928463967103095e-06,2.311462697673039e-06,Canada,CAN,,gcp,northamerica-northeast2,Linux-6.8.0-1032-gcp-x86_64-with-glibc2.35,3.10.12,3.0.4,2,Intel(R) Xeon(R) CPU @ 2.60GHz,,,,,15.61648178100586,machine,Y,1.0
2025-08-08T10:36:41,scikit-learn-benchmark,09d6c593-c1c1-4a92-86ec-bbcee3f332d9,scikit-learn_SCL001_d880725b,1.005944303702563,1.1803862160873705e-07,1.1734111041165417e-07,8.0,0.0,10.0,1.1175223822808928e-06,0.0,1.3939376519475546e-06,2.5114600342284474e-06,Canada,CAN,,gcp,northamerica-northeast2,Linux-6.8.0-1032-gcp-x86_64-with-glibc2.35,3.10.12,3.0.4,2,Intel(R) Xeon(R) CPU @ 2.60GHz,,,,,15.61648178100586,machine,Y,1.0
2025-08-08T10:36:43,scikit-learn-benchmark,bbd558e8-7a45-4a52-bd89-ff0f8c648854,scikit-learn_SCL001_d880725b,1.0021577421575785,8.65912774867794e-08,8.640483812493846e-08,3.237983885600001,0.0,10.0,4.508141386516465e-07,0.0,1.3915534674500426e-06,1.8423676061016888e-06,Canada,CAN,,gcp,northamerica-northeast2,Linux-6.8.0-1032-gcp-x86_64-with-glibc2.35,3.10.12,3.0.4,2,Intel(R) Xeon(R) CPU @ 2.60GHz,,,,,15.61648178100586,machine,Y,1.0
2025-08-08T10:36:45,scikit-learn-benchmark,d090af68-2253-4a45-90ee-1b6fd737c134,scikit-learn_SCL001_d880725b,1.003768424037844,8.276154606872324e-08,8.245083635506246e-08,2.6003384,0.0,10.0,3.635368307350476e-07,0.0,1.397347128173957e-06,1.7608839589090046e-06,Canada,CAN,,gcp,northamerica-northeast2,Linux-6.8.0-1032-gcp-x86_64-with-glibc2.35,3.10.12,3.0.4,2,Intel(R) Xeon(R) CPU @ 2.60GHz,,,,,15.61648178100586,machine,Y,1.0
2025-08-08T10:36:47,scikit-learn-benchmark,f53ddfd5-b189-431e-855e-5aa1863b4846,scikit-learn_SCL001_d880725b,1.002227313350886,7.6530508128965e-08,7.6360429524805e-08,1.7000000000000002,0.0,10.0,2.3671769160622122e-07,0.0,1.3915909919887782e-06,1.6283086835949991e-06,Canada,CAN,,gcp,northamerica-northeast2,Linux-6.8.0-1032-gcp-x86_64-with-glibc2.35,3.10.12,3.0.4,2,Intel(R) Xeon(R) CPU @ 2.60GHz,,,,,15.61648178100586,machine,Y,1.0
2025-08-08T10:36:49,scikit-learn-benchmark,8bae6923-0108-4512-93f5-cdebc6d62aca,scikit-learn_SCL001_d880725b,1.002178798429668,7.68931023410461e-08,7.672593200088778e-08,1.7550872000000004,0.0,10.0,2.443825612950833e-07,0.0,1.3916408927697277e-06,1.6360234540648108e-06,Canada,CAN,,gcp,northamerica-northeast2,Linux-6.8.0-1032-gcp-x86_64-with-glibc2.35,3.10.12,3.0.4,2,Intel(R) Xeon(R) CPU @ 2.60GHz,,,,,15.61648178100586,machine,Y,1.0
2025-08-08T10:36:52,scikit-learn-benchmark,e439c35f-f786-4511-84cd-a8fdf167cbc1,scikit-learn_SCL001_d880725b,1.0062025608494878,8.564786017097166e-08,8.51198988190443e-08,3.0940063064,0.0,10.0,4.307428280820388e-07,0.0,1.391552069172677e-06,1.822294897254716e-06,Canada,CAN,,gcp,northamerica-northeast2,Linux-6.8.0-1032-gcp-x86_64-with-glibc2.35,3.10.12,3.0.4,2,Intel(R) Xeon(R) CPU @ 2.60GHz,,,,,15.61648178100586,machine,Y,1.0
2025-08-08T10:36:54,scikit-learn-benchmark,194b2ea7-c38b-42c7-b595-3fea4fa98784,scikit-learn_SCL001_d880725b,1.0046909898519516,1.115378180841442e-07,1.1101703828415946e-07,6.973099999999999,0.0,10.0,9.752197930878673e-07,0.0,1.3979252725322217e-06,2.3731450656200888e-06,Canada,CAN,,gcp,northamerica-northeast2,Linux-6.8.0-1032-gcp-x86_64-with-glibc2.35,3.10.12,3.0.4,2,Intel(R) Xeon(R) CPU @ 2.60GHz,,,,,15.61648178100586,machine,Y,1.0
2025-08-08T10:36:56,scikit-learn-benchmark,5e1fd387-4e35-4193-9504-4df4cafa9e37,scikit-learn_SCL001_d880725b,1.0032745799981058,7.706535072752133e-08,7.681381773638363e-08,1.7550872000000004,0.0,10.0,2.449323599977911e-07,0.0,1.3947559533537262e-06,1.6396883133515174e-06,Canada,CAN,,gcp,northamerica-northeast2,Linux-6.8.0-1032-gcp-x86_64-with-glibc2.35,3.10.12,3.0.4,2,Intel(R) Xeon(R) CPU @ 2.60GHz,,,,,15.61648178100586,machine,Y,1.0
2025-08-08T10:36:58,scikit-learn-benchmark,f23dbafa-2a9e-402d-bea3-377f82942a93,scikit-learn_SCL001_d880725b,1.0050560520030558,9.75894593543141e-08,9.709852416670726e-08,4.916866399999999,0.0,10.0,6.846038169165363e-07,0.0,1.3917676587071685e-06,2.0763714756237044e-06,Canada,CAN,,gcp,northamerica-northeast2,Linux-6.8.0-1032-gcp-x86_64-with-glibc2.35,3.10.12,3.0.4,2,Intel(R) Xeon(R) CPU @ 2.60GHz,,,,,15.61648178100586,machine,Y,1.0
2025-08-08T10:37:01,scikit-learn-benchmark,693ad3a8-4dcb-4d83-aac1-7b1c0ffb99b7,scikit-learn_SCL001_d880725b,1.005159833934158,1.1043363318052928e-07,1.098667390521328e-07,6.780204799999999,0.0,10.0,9.497615114076252e-07,0.0,1.3998902583908703e-06,2.3496517697984954e-06,Canada,CAN,,gcp,northamerica-northeast2,Linux-6.8.0-1032-gcp-x86_64-with-glibc2.35,3.10.12,3.0.4,2,Intel(R) Xeon(R) CPU @ 2.60GHz,,,,,15.61648178100586,machine,Y,1.0
2025-08-08T10:37:03,scikit-learn-benchmark,f523a3cc-ce1e-49a9-ac74-337a2fc4c9a5,scikit-learn_SCL001_d880725b,1.001979939173907,1.1775296920367209e-07,1.1752028618532501e-07,8.0,0.0,10.0,1.1137783485982154e-06,0.0,1.391603974884169e-06,2.5053823234823845e-06,Canada,CAN,,gcp,northamerica-northeast2,Linux-6.8.0-1032-gcp-x86_64-with-glibc2.35,3.10.12,3.0.4,2,Intel(R) Xeon(R) CPU @ 2.60GHz,,,,,15.61648178100586,machine,Y,1.0
2025-08-08T10:37:05,scikit-learn-benchmark,92d170d7-4bb6-4edd-9c1a-84f4006a8c96,scikit-learn_SCL001_d880725b,1.0014644879847765,1.0616568550019057e-07,1.060104344926152e-07,6.243617823199998,0.0,10.0,8.684777888510453e-07,0.0,1.3903665834934349e-06,2.25884437234448e-06,Canada,CAN,,gcp,northamerica-northeast2,Linux-6.8.0-1032-gcp-x86_64-with-glibc2.35,3.10.12,3.0.4,2,Intel(R) Xeon(R) CPU @ 2.60GHz,,,,,15.61648178100586,machine,Y,1.0
2025-08-08T10:37:08,scikit-learn-benchmark,ce33d579-cfba-4f9c-9269-0dcef1d2b370,scikit-learn_SCL001_d880725b,1.0063845328986645,1.1276653270516261e-07,1.1205113852491749e-07,7.170099199999999,0.0,10.0,1.0022096473868358e-06,0.0,1.397078282510241e-06,2.3992879298970767e-06,Canada,CAN,,gcp,northamerica-northeast2,Linux-6.8.0-1032-gcp-x86_64-with-glibc2.35,3.10.12,3.0.4,2,Intel(R) Xeon(R) CPU @ 2.60GHz,,,,,15.61648178100586,machine,Y,1.0
2025-08-08T10:37:10,scikit-learn-benchmark,2d29d46c-87ed-43b0-8b5e-33e3334f9878,scikit-learn_SCL001_d880725b,1.0050014788284898,1.1796758877811957e-07,1.1738051262932669e-07,8.0,0.0,10.0,1.115863508441382e-06,0.0,1.3940851889654166e-06,2.509948697406799e-06,Canada,CAN,,gcp,northamerica-northeast2,Linux-6.8.0-1032-gcp-x86_64-with-glibc2.35,3.10.12,3.0.4,2,Intel(R) Xeon(R) CPU @ 2.60GHz,,,,,15.61648178100586,machine,Y,1.0
2025-08-08T10:37:12,scikit-learn-benchmark,baede8f9-821b-4930-b760-45824ce57496,scikit-learn_SCL001_d880725b,1.004132536239922,1.0515674224892622e-07,1.0472396666150917e-07,6.066315447199998,0.0,10.0,8.45017733395485e-07,0.0,1.3923597612625197e-06,2.2373774946580047e-06,Canada,CAN,,gcp,northamerica-northeast2,Linux-6.8.0-1032-gcp-x86_64-with-glibc2.35,3.10.12,3.0.4,2,Intel(R) Xeon(R) CPU @ 2.60GHz,,,,,15.61648178100586,machine,Y,1.0
2025-08-08T10:37:14,scikit-learn-benchmark,bbf6c0d1-5491-4b0a-ab2a-ff6b294b6ecc,scikit-learn_SCL001_d880725b,1.007296061143279,1.0133906341541661e-07,1.0060504287130536e-07,5.3955971432,0.0,10.0,7.558996155551777e-07,0.0,1.400250669879218e-06,2.156150285434396e-06,Canada,CAN,,gcp,northamerica-northeast2,Linux-6.8.0-1032-gcp-x86_64-with-glibc2.35,3.10.12,3.0.4,2,Intel(R) Xeon(R) CPU @ 2.60GHz,,,,,15.61648178100586,machine,Y,1.0
2025-08-08T10:37:17,scikit-learn-benchmark,2e6d3f7b-0392-4bf0-a33d-72de991ef8f6,scikit-learn_SCL001_d880725b,1.010965481866151,1.1958365431184776e-07,1.1828658491000813e-07,8.0,0.0,10.0,1.1334332016607125e-06,0.0,1.4108998688041335e-06,2.544333070464846e-06,Canada,CAN,,gcp,northamerica-northeast2,Linux-6.8.0-1032-gcp-x86_64-with-glibc2.35,3.10.12,3.0.4,2,Intel(R) Xeon(R) CPU @ 2.60GHz,,,,,15.61648178100586,machine,Y,1.0
2025-08-08T10:37:19,scikit-learn-benchmark,8e784ca4-7108-4a10-b74b-6ddd9afc23f2,scikit-learn_SCL001_d880725b,1.005239815916866,1.0071390370182364e-07,1.0018893214050004e-07,5.3955971432,0.0,10.0,7.512127852430816e-07,0.0,1.3916362296893363e-06,2.142849014932418e-06,Canada,CAN,,gcp,northamerica-northeast2,Linux-6.8.0-1032-gcp-x86_64-with-glibc2.35,3.10.12,3.0.4,2,Intel(R) Xeon(R) CPU @ 2.60GHz,,,,,15.61648178100586,machine,Y,1.0
2025-08-08T10:37:21,scikit-learn-benchmark,4e5b5c28-0d93-4c48-a755-741321ed3386,scikit-learn_SCL001_d880725b,1.0044061900116503,1.1786665010188401e-07,1.1734958553024929e-07,8.0,0.0,10.0,1.114846593182948e-06,0.0,1.3929544728145832e-06,2.507801065997531e-06,Canada,CAN,,gcp,northamerica-northeast2,Linux-6.8.0-1032-gcp-x86_64-with-glibc2.35,3.10.12,3.0.4,2,Intel(R) Xeon(R) CPU @ 2.60GHz,,,,,15.61648178100586,machine,Y,1.0
2025-08-08T10:37:24,scikit-learn-benchmark,80650caa-2a80-4765-b415-4f89542f80af,scikit-learn_SCL001_d880725b,1.0029305713251233,9.777179974773509e-08,9.748610974990417e-08,4.946698649600001,0.0,10.0,6.886719498910218e-07,0.0,1.3915791085714266e-06,2.080251058462448e-06,Canada,CAN,,gcp,northamerica-northeast2,Linux-6.8.0-1032-gcp-x86_64-with-glibc2.35,3.10.12,3.0.4,2,Intel(R) Xeon(R) CPU @ 2.60GHz,,,,,15.61648178100586,machine,Y,1.0
2025-08-08T10:37:26,scikit-learn-benchmark,3cd707bd-5433-4100-86cc-0f3375ac6b13,scikit-learn_SCL001_d880725b,1.0060692010447383,1.1442176638928754e-07,1.1373150700813412e-07,7.3915899992,0.0,10.0,1.0349580430415124e-06,0.0,1.3995476248156693e-06,2.4345056678571817e-06,Canada,CAN,,gcp,northamerica-northeast2,Linux-6.8.0-1032-gcp-x86_64-with-glibc2.35,3.10.12,3.0.4,2,Intel(R) Xeon(R) CPU @ 2.60GHz,,,,,15.61648178100586,machine,Y,1.0
2025-08-08T10:37:28,scikit-learn-benchmark,bca7d5da-debf-4064-bd65-b2c3515fbd95,scikit-learn_SCL001_d880725b,1.0022597522474823,8.755698910146137e-08,8.735957809851414e-08,3.376959200000001,0.0,10.0,4.704448194358852e-07,0.0,1.3924698422973351e-06,1.8629146617332209e-06,Canada,CAN,,gcp,northamerica-northeast2,Linux-6.8.0-1032-gcp-x86_64-with-glibc2.35,3.10.12,3.0.4,2,Intel(R) Xeon(R) CPU @ 2.60GHz,,,,,15.61648178100586,machine,Y,1.0
2025-08-08T10:37:30,scikit-learn-benchmark,a08accfd-e770-4893-9974-66e05bea0dce,scikit-learn_SCL001_d880725b,1.003198079764843,1.1801019934756269e-07,1.176339964438779e-07,8.0,0.0,10.0,1.1162182688713074e-06,0.0,1.3946370363959835e-06,2.510855305267291e-06,Canada,CAN,,gcp,northamerica-northeast2,Linux-6.8.0-1032-gcp-x86_64-with-glibc2.35,3.10.12,3.0.4,2,Intel(R) Xeon(R) CPU @ 2.60GHz,,,,,15.61648178100586,machine,Y,1.0
2025-08-08T10:37:32,scikit-learn-benchmark,68176e6c-22d2-43f5-b8c2-cf5e3f4cb92e,scikit-learn_SCL001_d880725b,1.0021186326630414,1.0071035937193929e-07,1.0049744220832461e-07,5.3955971432,0.0,10.0,7.511800233688487e-07,0.0,1.3915935802894336e-06,2.1427736036582824e-06,Canada,CAN,,gcp,northamerica-northeast2,Linux-6.8.0-1032-gcp-x86_64-with-glibc2.35,3.10.12,3.0.4,2,Intel(R) Xeon(R) CPU @ 2.60GHz,,,,,15.61648178100586,machine,Y,1.0
2025-08-08T10:37:35,scikit-learn-benchmark,2dcf8fba-ce23-4f80-b1dc-e22e19a9fc94,scikit-learn_SCL001_d880725b,1.0032094698399303,1.0276134250876497e-07,1.0243258820629085e-07,5.706598400000002,0.0,10.0,7.946293515198364e-07,0.0,1.3917821912198432e-06,2.18641154273968e-06,Canada,CAN,,gcp,northamerica-northeast2,Linux-6.8.0-1032-gcp-x86_64-with-glibc2.35,3.10.12,3.0.4,2,Intel(R) Xeon(R) CPU @ 2.60GHz,,,,,15.61648178100586,machine,Y,1.0
2025-08-08T10:37:37,scikit-learn-benchmark,d7a18fb2-19e1-4d5d-b174-3d1743a9449f,scikit-learn_SCL001_d880725b,1.001917835325003,9.448878859292562e-08,9.43079215295886e-08,4.458821062399999,0.0,10.0,6.201611853842393e-07,0.0,1.3902385719120504e-06,2.0103997572962897e-06,Canada,CAN,,gcp,northamerica-northeast2,Linux-6.8.0-1032-gcp-x86_64-with-glibc2.35,3.10.12,3.0.4,2,Intel(R) Xeon(R) CPU @ 2.60GHz,,,,,15.61648178100586,machine,Y,1.0
2025-08-08T10:37:39,scikit-learn-benchmark,cce130f7-68dd-4179-8344-28cd6a8e43f2,scikit-learn_SCL001_d880725b,1.002766735851765,9.570309992884809e-08,9.543904530055685e-08,4.598101606399999,0.0,10.0,6.415883186130179e-07,0.0,1.3946478500858776e-06,2.036236168698896e-06,Canada,CAN,,gcp,northamerica-northeast2,Linux-6.8.0-1032-gcp-x86_64-with-glibc2.35,3.10.12,3.0.4,2,Intel(R) Xeon(R) CPU @ 2.60GHz,,,,,15.61648178100586,machine,Y,1.0
2025-08-08T10:37:41,scikit-learn-benchmark,b58bbd07-5038-40aa-8ea7-1eb8fbec4133,scikit-learn_SCL001_d880725b,1.005434999242425,1.0200987591639005e-07,1.0145844932119177e-07,5.541221599999999,0.0,10.0,7.740952216918927e-07,0.0,1.3963276701461935e-06,2.1704228918380863e-06,Canada,CAN,,gcp,northamerica-northeast2,Linux-6.8.0-1032-gcp-x86_64-with-glibc2.35,3.10.12,3.0.4,2,Intel(R) Xeon(R) CPU @ 2.60GHz,,,,,15.61648178100586,machine,Y,1.0
2025-08-08T10:37:43,scikit-learn-benchmark,2ce31bae-7a78-4b24-ac29-533778420a8b,scikit-learn_SCL001_d880725b,1.0031350259669125,9.642644701507136e-08,9.612509235446821e-08,4.7408727104,0.0,10.0,6.600372437909916e-07,0.0,1.3915892884445689e-06,2.0516265322355604e-06,Canada,CAN,,gcp,northamerica-northeast2,Linux-6.8.0-1032-gcp-x86_64-with-glibc2.35,3.10.12,3.0.4,2,Intel(R) Xeon(R) CPU @ 2.60GHz,,,,,15.61648178100586,machine,Y,1.0
2025-08-08T10:37:46,scikit-learn-benchmark,029a76c3-b078-4010-9f2f-5f7fe2d76f65,scikit-learn_SCL001_d880725b,1.0093226130120456,1.1944266119014678e-07,1.1833942849422845e-07,8.0,0.0,10.0,1.1297852483888468e-06,0.0,1.411547968422787e-06,2.5413332168116337e-06,Canada,CAN,,gcp,northamerica-northeast2,Linux-6.8.0-1032-gcp-x86_64-with-glibc2.35,3.10.12,3.0.4,2,Intel(R) Xeon(R) CPU @ 2.60GHz,,,,,15.61648178100586,machine,Y,1.0
2025-08-08T10:37:48,scikit-learn-benchmark,294d7a86-8744-4fa0-ac20-aa65914ea28a,scikit-learn_SCL001_d880725b,1.0022666491568089,7.165449818561485e-08,7.149244988436627e-08,0.9530283176,0.0,10.0,1.3272063325941073e-07,0.0,1.3918431579238835e-06,1.5245637911832944e-06,Canada,CAN,,gcp,northamerica-northeast2,Linux-6.8.0-1032-gcp-x86_64-with-glibc2.35,3.10.12,3.0.4,2,Intel(R) Xeon(R) CPU @ 2.60GHz,,,,,15.61648178100586,machine,Y,1.0
2025-08-08T10:37:50,scikit-learn-benchmark,2111429c-68d0-4aa0-84a9-566816fd2b42,scikit-learn_SCL001_d880725b,1.003185734152794,9.778039695647233e-08,9.746988381872217e-08,4.916866399999999,0.0,10.0,6.860037855581147e-07,0.0,1.3944301922391686e-06,2.0804339777972832e-06,Canada,CAN,,gcp,northamerica-northeast2,Linux-6.8.0-1032-gcp-x86_64-with-glibc2.35,3.10.12,3.0.4,2,Intel(R) Xeon(R) CPU @ 2.60GHz,,,,,15.61648178100586,machine,Y,1.0
2025-08-08T10:37:52,scikit-learn-benchmark,387737b4-bc47-4149-a3cb-a6cedc86a776,scikit-learn_SCL001_d880725b,1.0030842330306768,1.1635562466105305e-07,1.1599786022904677e-07,7.786152800000002,0.0,10.0,1.0840211459787051e-06,0.0,1.391630442554338e-06,2.475651588533043e-06,Canada,CAN,,gcp,northamerica-northeast2,Linux-6.8.0-1032-gcp-x86_64-with-glibc2.35,3.10.12,3.0.4,2,Intel(R) Xeon(R) CPU @ 2.60GHz,,,,,15.61648178100586,machine,Y,1.0
2025-08-08T10:37:54,scikit-learn-benchmark,598a8963-fff3-4d8c-9a10-b16382a9228f,scikit-learn_SCL001_d880725b,1.0019724052399397,7.159206834278226e-08,7.145113774429574e-08,0.9464942024,0.0,10.0,1.3175757628124676e-07,0.0,1.3914779203736947e-06,1.5232354966549414e-06,Canada,CAN,,gcp,northamerica-northeast2,Linux-6.8.0-1032-gcp-x86_64-with-glibc2.35,3.10.12,3.0.4,2,Intel(R) Xeon(R) CPU @ 2.60GHz,,,,,15.61648178100586,machine,Y,1.0
2025-08-08T10:37:57,scikit-learn-benchmark,edd25ef9-e635-422c-a1aa-5125e322d203,scikit-learn_SCL001_d880725b,1.0021732207387686,7.653103140812729e-08,7.636507324722886e-08,1.7000000000000002,0.0,10.0,2.366878728822081e-07,0.0,1.3916319443119895e-06,1.6283198171941977e-06,Canada,CAN,,gcp,northamerica-northeast2,Linux-6.8.0-1032-gcp-x86_64-with-glibc2.35,3.10.12,3.0.4,2,Intel(R) Xeon(R) CPU @ 2.60GHz,,,,,15.61648178100586,machine,Y,1.0
2025-08-08T10:37:59,scikit-learn-benchmark,e36202fa-43bd-4bee-aeac-9d2cd51acc0f,scikit-learn_SCL001_d880725b,1.001998559106141,7.671100947537605e-08,7.655800377977399e-08,1.7272709000000002,0.0,10.0,2.404867624968431e-07,0.0,1.3916623752771152e-06,1.6321491377739584e-06,Canada,CAN,,gcp,northamerica-northeast2,Linux-6.8.0-1032-gcp-x86_64-with-glibc2.35,3.10.12,3.0.4,2,Intel(R) Xeon(R) CPU @ 2.60GHz,,,,,15.61648178100586,machine,Y,1.0
2025-08-08T10:38:01,scikit-learn-benchmark,0e6bf6a8-73d6-4fb3-8e19-e3e0f275d8af,scikit-learn_SCL001_d880725b,1.0021537807770071,7.671157385052335e-08,7.65467090200927e-08,1.7272709000000002,0.0,10.0,2.404866568177127e-07,0.0,1.3916744889381031e-06,1.632161145755816e-06,Canada,CAN,,gcp,northamerica-northeast2,Linux-6.8.0-1032-gcp-x86_64-with-glibc2.35,3.10.12,3.0.4,2,Intel(R) Xeon(R) CPU @ 2.60GHz,,,,,15.61648178100586,machine,Y,1.0
2025-08-08T10:38:03,scikit-learn-benchmark,0738917a-f0c8-4300-a9d5-3365bbcc47e9,scikit-learn_SCL001_d880725b,1.0023294929414988,7.65454920290892e-08,7.636759425730756e-08,1.7000000000000002,0.0,10.0,2.367431559574066e-07,0.0,1.391884334023214e-06,1.6286274899806209e-06,Canada,CAN,,gcp,northamerica-northeast2,Linux-6.8.0-1032-gcp-x86_64-with-glibc2.35,3.10.12,3.0.4,2,Intel(R) Xeon(R) CPU @ 2.60GHz,,,,,15.61648178100586,machine,Y,1.0
2025-08-08T10:38:05,scikit-learn-benchmark,12296968-e8d2-40ef-834b-eff23df0327e,scikit-learn_SCL001_d880725b,1.0020907940343022,8.081272812969652e-08,8.06441178891124e-08,2.3552,0.0,10.0,3.278753008842468e-07,0.0,1.3915444465561049e-06,1.7194197474403514e-06,Canada,CAN,,gcp,northamerica-northeast2,Linux-6.8.0-1032-gcp-x86_64-with-glibc2.35,3.10.12,3.0.4,2,Intel(R) Xeon(R) CPU @ 2.60GHz,,,,,15.61648178100586,machine,Y,1.0
2025-08-08T10:38:07,scikit-learn-benchmark,07422a31-b048-4787-aa9e-f7c89b0d343d,scikit-learn_SCL001_d880725b,1.0022396100685,7.671131213229778e-08,7.653989261814826e-08,1.7272709000000002,0.0,10.0,2.404966246162781e-07,0.0,1.3916589526666534e-06,1.6321555772829314e-06,Canada,CAN,,gcp,northamerica-northeast2,Linux-6.8.0-1032-gcp-x86_64-with-glibc2.35,3.10.12,3.0.4,2,Intel(R) Xeon(R) CPU @ 2.60GHz,,,,,15.61648178100586,machine,Y,1.0
2025-08-08T10:38:09,scikit-learn-benchmark,83e6ee46-b0d4-4fba-a045-a8c674102a53,scikit-learn_SCL001_d880725b,1.0029031299054625,7.737813079500907e-08,7.715414229717586e-08,1.8123776000000005,0.0,10.0,2.5271650566200414e-07,0.0,1.3936267027424445e-06,1.6463432084044483e-06,Canada,CAN,,gcp,northamerica-northeast2,Linux-6.8.0-1032-gcp-x86_64-with-glibc2.35,3.10.12,3.0.4,2,Intel(R) Xeon(R) CPU @ 2.60GHz,,,,,15.61648178100586,machine,Y,1.0
2025-08-08T10:38:12,scikit-learn-benchmark,3dcc0b3a-8a4c-4128-aa1f-6c8d50ba702d,scikit-learn_SCL001_d880725b,1.002081276383251,7.670299554906125e-08,7.654368698106061e-08,1.7272709000000002,0.0,10.0,2.404584780249916e-07,0.0,1.3915201506784393e-06,1.6319786287034308e-06,Canada,CAN,,gcp,northamerica-northeast2,Linux-6.8.0-1032-gcp-x86_64-with-glibc2.35,3.10.12,3.0.4,2,Intel(R) Xeon(R) CPU @ 2.60GHz,,,,,15.61648178100586,machine,Y,1.0
2025-08-08T10:38:14,scikit-learn-benchmark,e782d6fd-03b0-4978-a60c-44dbd36f3a41,scikit-learn_SCL001_d880725b,1.002203246112913,7.67120589819319e-08,7.654341500036328e-08,1.7272709000000002,0.0,10.0,2.404996705435171e-07,0.0,1.3916717971571617e-06,1.6321714677006787e-06,Canada,CAN,,gcp,northamerica-northeast2,Linux-6.8.0-1032-gcp-x86_64-with-glibc2.35,3.10.12,3.0.4,2,Intel(R) Xeon(R) CPU @ 2.60GHz,,,,,15.61648178100586,machine,Y,1.0
2025-08-08T10:38:16,scikit-learn-benchmark,660f8369-fce6-43bd-a4db-75af2130db8c,scikit-learn_SCL001_d880725b,1.0022031157277524,7.652874265849176e-08,7.636051161437493e-08,1.7000000000000002,0.0,10.0,2.366759516816173e-07,0.0,1.3915951687118249e-06,1.628271120393442e-06,Canada,CAN,,gcp,northamerica-northeast2,Linux-6.8.0-1032-gcp-x86_64-with-glibc2.35,3.10.12,3.0.4,2,Intel(R) Xeon(R) CPU @ 2.60GHz,,,,,15.61648178100586,machine,Y,1.0
2025-08-08T10:38:18,scikit-learn-benchmark,040fc218-e5b8-41c8-9b9e-5bb2be237073,scikit-learn_SCL001_d880725b,1.002189285121858,7.689787920804118e-08,7.672989558922599e-08,1.7550872000000004,0.0,10.0,2.443778229094962e-07,0.0,1.391747266623295e-06,1.636125089532791e-06,Canada,CAN,,gcp,northamerica-northeast2,Linux-6.8.0-1032-gcp-x86_64-with-glibc2.35,3.10.12,3.0.4,2,Intel(R) Xeon(R) CPU @ 2.60GHz,,,,,15.61648178100586,machine,Y,1.0
2025-08-08T10:38:20,scikit-learn-benchmark,6e192f20-c16e-4ee7-b010-afc39b442989,scikit-learn_SCL001_d880725b,1.0078921485692265,8.710160774391392e-08,8.64195716452011e-08,3.165264800000001,0.0,10.0,4.4574122834766613e-07,0.0,1.4074844683313536e-06,1.85322569667902e-06,Canada,CAN,,gcp,northamerica-northeast2,Linux-6.8.0-1032-gcp-x86_64-with-glibc2.35,3.10.12,3.0.4,2,Intel(R) Xeon(R) CPU @ 2.60GHz,,,,,15.61648178100586,machine,Y,1.0
2025-08-08T10:38:22,scikit-learn-benchmark,cfa7691a-71ec-44dc-ba33-dad9d8bf472d,scikit-learn_SCL001_d880725b,1.001980328001082,7.68937459737615e-08,7.674177209363186e-08,1.7550872000000004,0.0,10.0,2.443568089231276e-07,0.0,1.3916803394547767e-06,1.6360371483779043e-06,Canada,CAN,,gcp,northamerica-northeast2,Linux-6.8.0-1032-gcp-x86_64-with-glibc2.35,3.10.12,3.0.4,2,Intel(R) Xeon(R) CPU @ 2.60GHz,,,,,15.61648178100586,machine,Y,1.0
2025-08-08T10:38:25,scikit-learn-benchmark,cbb1a05e-0256-4388-bec5-678c1983155c,scikit-learn_SCL001_d880725b,1.002043975982815,7.635170006856262e-08,7.619595736172766e-08,1.6732691000000002,0.0,10.0,2.329462762939095e-07,0.0,1.3915579804840187e-06,1.6245042567779282e-06,Canada,CAN,,gcp,northamerica-northeast2,Linux-6.8.0-1032-gcp-x86_64-with-glibc2.35,3.10.12,3.0.4,2,Intel(R) Xeon(R) CPU @ 2.60GHz,,,,,15.61648178100586,machine,Y,1.0
2025-08-08T10:38:27,scikit-learn-benchmark,cf041a02-0779-4c7a-af80-338ac527fccd,scikit-learn_SCL001_d880725b,1.00217924406752,7.65334562818882e-08,7.636703387635905e-08,1.7000000000000002,0.0,10.0,2.366918831184093e-07,0.0,1.391679527134531e-06,1.6283714102529403e-06,Canada,CAN,,gcp,northamerica-northeast2,Linux-6.8.0-1032-gcp-x86_64-with-glibc2.35,3.10.12,3.0.4,2,Intel(R) Xeon(R) CPU @ 2.60GHz,,,,,15.61648178100586,machine,Y,1.0
2025-08-08T10:38:29,scikit-learn-benchmark,dacc198a-633c-4f46-8c7b-a80589eed784,scikit-learn_SCL001_d880725b,1.0017408491112292,7.670295566443631e-08,7.656965944085158e-08,1.7272709000000002,0.0,10.0,2.404586111851642e-07,0.0,1.3915191689092253e-06,1.6319777800943896e-06,Canada,CAN,,gcp,northamerica-northeast2,Linux-6.8.0-1032-gcp-x86_64-with-glibc2.35,3.10.12,3.0.4,2,Intel(R) Xeon(R) CPU @ 2.60GHz,,,,,15.61648178100586,machine,Y,1.0
2025-08-08T10:38:31,scikit-learn-benchmark,431d082e-6cec-4145-904b-08b70309725c,scikit-learn_SCL001_d880725b,1.0020862789824605,7.652659640608665e-08,7.636727296954246e-08,1.7000000000000002,0.0,10.0,2.3666660831723779e-07,0.0,1.3915588471314145e-06,1.6282254554486522e-06,Canada,CAN,,gcp,northamerica-northeast2,Linux-6.8.0-1032-gcp-x86_64-with-glibc2.35,3.10.12,3.0.4,2,Intel(R) Xeon(R) CPU @ 2.60GHz,,,,,15.61648178100586,machine,Y,1.0
2025-08-08T10:38:33,scikit-learn-benchmark,d10f87f4-5905-42ae-8fcd-1a1c9fc7f28f,scikit-learn_SCL001_d880725b,1.003812959883362,7.686876945451533e-08,7.657678524438167e-08,1.7550872000000004,0.0,10.0,2.4427465586899064e-07,0.0,1.3912310772058037e-06,1.6355057330747945e-06,Canada,CAN,,gcp,northamerica-northeast2,Linux-6.8.0-1032-gcp-x86_64-with-glibc2.35,3.10.12,3.0.4,2,Intel(R) Xeon(R) CPU @ 2.60GHz,,,,,15.61648178100586,machine,Y,1.0
2025-08-08T10:38:35,scikit-learn-benchmark,3462882f-80f6-40fc-9d8b-522e18c9a3f6,scikit-learn_SCL001_d880725b,1.0020530349574983,7.65228044414091e-08,7.63660223280046e-08,1.7000000000000002,0.0,10.0,2.3665333915657053e-07,0.0,1.391491436192559e-06,1.6281447753491294e-06,Canada,CAN,,gcp,northamerica-northeast2,Linux-6.8.0-1032-gcp-x86_64-with-glibc2.35,3.10.12,3.0.4,2,Intel(R) Xeon(R) CPU @ 2.60GHz,,,,,15.61648178100586,machine,Y,1.0
2025-08-08T10:38:37,scikit-learn-benchmark,e2158bc4-4c4f-4aad-a95f-ef35462ca815,scikit-learn_SCL001_d880725b,1.0017561428248882,7.652495795512934e-08,7.63908047914075e-08,1.7000000000000002,0.0,10.0,2.366605785597737e-07,0.0,1.3915300162302123e-06,1.628190594789986e-06,Canada,CAN,,gcp,northamerica-northeast2,Linux-6.8.0-1032-gcp-x86_64-with-glibc2.35,3.10.12,3.0.4,2,Intel(R) Xeon(R) CPU @ 2.60GHz,,,,,15.61648178100586,machine,Y,1.0
2025-08-08T10:38:40,scikit-learn-benchmark,1c6187e0-c0b2-4c06-969a-12c3f815d73e,scikit-learn_SCL001_d880725b,1.00304854195565,7.67106236707057e-08,7.647747886771515e-08,1.7000000000000002,0.0,10.0,2.3725364251165762e-07,0.0,1.3948872866522935e-06,1.632140929163951e-06,Canada,CAN,,gcp,northamerica-northeast2,Linux-6.8.0-1032-gcp-x86_64-with-glibc2.35,3.10.12,3.0.4,2,Intel(R) Xeon(R) CPU @ 2.60GHz,,,,,15.61648178100586,machine,Y,1.0
2025-08-08T10:38:42,scikit-learn-benchmark,9887a938-0430-44ae-87d1-d5f0002ca7c0,scikit-learn_SCL001_d880725b,1.0025288299657404,7.693411546011421e-08,7.674005291473093e-08,1.7550872000000004,0.0,10.0,2.445286625767844e-07,0.0,1.392367411042667e-06,1.6368960736194513e-06,Canada,CAN,,gcp,northamerica-northeast2,Linux-6.8.0-1032-gcp-x86_64-with-glibc2.35,3.10.12,3.0.4,2,Intel(R) Xeon(R) CPU @ 2.60GHz,,,,,15.61648178100586,machine,Y,1.0
2025-08-08T10:38:44,scikit-learn-benchmark,f34195b7-8e71-40cc-86d9-e3513674e576,scikit-learn_SCL001_d880725b,1.0021533109247684,7.689032750395983e-08,7.672511447675291e-08,1.7550872000000004,0.0,10.0,2.443474649593302e-07,0.0,1.3916169500185384e-06,1.6359644149778686e-06,Canada,CAN,,gcp,northamerica-northeast2,Linux-6.8.0-1032-gcp-x86_64-with-glibc2.35,3.10.12,3.0.4,2,Intel(R) Xeon(R) CPU @ 2.60GHz,,,,,15.61648178100586,machine,Y,1.0
2025-08-08T10:38:46,scikit-learn-benchmark,2e635752-e2cb-4fca-a700-175b671fba1d,scikit-learn_SCL001_d880725b,1.002216484863311,7.70824978735687e-08,7.6912023537591e-08,1.7834543000000005,0.0,10.0,2.483434054550864e-07,0.0,1.3917097407910558e-06,1.6400531462461423e-06,Canada,CAN,,gcp,northamerica-northeast2,Linux-6.8.0-1032-gcp-x86_64-with-glibc2.35,3.10.12,3.0.4,2,Intel(R) Xeon(R) CPU @ 2.60GHz,,,,,15.61648178100586,machine,Y,1.0
2025-08-08T10:38:48,scikit-learn-benchmark,da414929-d2d6-49c8-bd32-c964546603d8,scikit-learn_SCL001_d880725b,1.0019929367117584,7.689292355471392e-08,7.673998562011178e-08,1.7550872000000004,0.0,10.0,2.44357917694458e-07,0.0,1.391661732405838e-06,1.636019650100296e-06,Canada,CAN,,gcp,northamerica-northeast2,Linux-6.8.0-1032-gcp-x86_64-with-glibc2.35,3.10.12,3.0.4,2,Intel(R) Xeon(R) CPU @ 2.60GHz,,,,,15.61648178100586,machine,Y,1.0
2025-08-08T10:38:50,scikit-learn-benchmark,1c3590b0-4396-4a21-a1a6-3018853fff46,scikit-learn_SCL001_d880725b,1.00221625296399,7.65310433299617e-08,7.636180625052335e-08,1.7000000000000002,0.0,10.0,2.3668473497188345e-07,0.0,1.3916353358783654e-06,1.6283200708502488e-06,Canada,CAN,,gcp,northamerica-northeast2,Linux-6.8.0-1032-gcp-x86_64-with-glibc2.35,3.10.12,3.0.4,2,Intel(R) Xeon(R) CPU @ 2.60GHz,,,,,15.61648178100586,machine,Y,1.0
2025-08-08T10:38:53,scikit-learn-benchmark,b3183b98-1926-438a-b350-4379f67473dc,scikit-learn_SCL001_d880725b,1.0019448739476502,7.649544103245717e-08,7.634695582708668e-08,1.7000000000000002,0.0,10.0,2.365861694043917e-07,0.0,1.3909764057542716e-06,1.6275625751586632e-06,Canada,CAN,,gcp,northamerica-northeast2,Linux-6.8.0-1032-gcp-x86_64-with-glibc2.35,3.10.12,3.0.4,2,Intel(R) Xeon(R) CPU @ 2.60GHz,,,,,15.61648178100586,machine,Y,1.0
2025-08-08T10:38:55,scikit-learn-benchmark,3b1484ab-f93f-4ad6-81de-8101a9c5fc5c,scikit-learn_SCL001_d880725b,1.0021751467138529,7.653157889937412e-08,7.636547279217839e-08,1.7000000000000002,0.0,10.0,2.366873614050241e-07,0.0,1.3916441045391062e-06,1.6283314659441305e-06,Canada,CAN,,gcp,northamerica-northeast2,Linux-6.8.0-1032-gcp-x86_64-with-glibc2.35,3.10.12,3.0.4,2,Intel(R) Xeon(R) CPU @ 2.60GHz,,,,,15.61648178100586,machine,Y,1.0
2025-08-08T10:38:57,scikit-learn-benchmark,c2d89745-c0f1-41d2-a779-e331ea96eb6f,scikit-learn_SCL001_d880725b,1.0021400512196124,7.670265294489543e-08,7.65388558730366e-08,1.7272709000000002,0.0,10.0,2.404632116903926e-07,0.0,1.3915081275627016e-06,1.6319713392530942e-06,Canada,CAN,,gcp,northamerica-northeast2,Linux-6.8.0-1032-gcp-x86_64-with-glibc2.35,3.10.12,3.0.4,2,Intel(R) Xeon(R) CPU @ 2.60GHz,,,,,15.61648178100586,machine,Y,1.0
2025-08-08T10:38:59,scikit-learn-benchmark,a4da516f-9580-4985-941c-14c463e67fc5,scikit-learn_SCL001_d880725b,1.002136436291039,7.670932061363848e-08,7.654578541974166e-08,1.7272709000000002,0.0,10.0,2.4048023965918853e-07,0.0,1.391632964886311e-06,1.6321132045454994e-06,Canada,CAN,,gcp,northamerica-northeast2,Linux-6.8.0-1032-gcp-x86_64-with-glibc2.35,3.10.12,3.0.4,2,Intel(R) Xeon(R) CPU @ 2.60GHz,,,,,15.61648178100586,machine,Y,1.0
2025-08-08T10:39:01,scikit-learn-benchmark,6b462493-a5ec-446e-a239-5a1042e41a3e,scikit-learn_SCL001_d880725b,1.0022495239973068,7.689705660000441e-08,7.672446307912744e-08,1.7550872000000004,0.0,10.0,2.44378693535633e-07,0.0,1.3917288936985034e-06,1.6361075872341364e-06,Canada,CAN,,gcp,northamerica-northeast2,Linux-6.8.0-1032-gcp-x86_64-with-glibc2.35,3.10.12,3.0.4,2,Intel(R) Xeon(R) CPU @ 2.60GHz,,,,,15.61648178100586,machine,Y,1.0
2025-08-08T10:39:03,scikit-learn-benchmark,f161ec72-9794-4bac-9fdb-7e7c3c37c74f,scikit-learn_SCL001_d880725b,1.0022225300781429,7.635555960548166e-08,7.61862334101871e-08,1.6732691000000002,0.0,10.0,2.329643475646429e-07,0.0,1.3916220270200735e-06,1.6245863745847164e-06,Canada,CAN,,gcp,northamerica-northeast2,Linux-6.8.0-1032-gcp-x86_64-with-glibc2.35,3.10.12,3.0.4,2,Intel(R) Xeon(R) CPU @ 2.60GHz,,,,,15.61648178100586,machine,Y,1.0
2025-08-08T10:39:05,scikit-learn-benchmark,79f87335-0364-457d-b5d8-3e93141a5b49,scikit-learn_SCL001_d880725b,1.0018753679469228,7.66684618961508e-08,7.652494945879589e-08,1.7272709000000002,0.0,10.0,2.4034714807738e-07,0.0,1.3908967220534885e-06,1.631243870130868e-06,Canada,CAN,,gcp,northamerica-northeast2,Linux-6.8.0-1032-gcp-x86_64-with-glibc2.35,3.10.12,3.0.4,2,Intel(R) Xeon(R) CPU @ 2.60GHz,,,,,15.61648178100586,machine,Y,1.0
2025-08-08T10:39:08,scikit-learn-benchmark,dce276e3-6fe8-41f4-9c53-f2a7521267bc,scikit-learn_SCL001_d880725b,1.0021326062269509,7.652756499950515e-08,7.636470914526268e-08,1.7000000000000002,0.0,10.0,2.366750331776631e-07,0.0,1.3915710306415956e-06,1.6282460638192586e-06,Canada,CAN,,gcp,northamerica-northeast2,Linux-6.8.0-1032-gcp-x86_64-with-glibc2.35,3.10.12,3.0.4,2,Intel(R) Xeon(R) CPU @ 2.60GHz,,,,,15.61648178100586,machine,Y,1.0
2025-08-08T10:39:10,scikit-learn-benchmark,18e2b318-46fe-4988-a042-ec698000012d,scikit-learn_SCL001_d880725b,1.0021438607946038,7.652938390666774e-08,7.636566654810148e-08,1.7000000000000002,0.0,10.0,2.366801694992723e-07,0.0,1.391604594472382e-06,1.6282847639716542e-06,Canada,CAN,,gcp,northamerica-northeast2,Linux-6.8.0-1032-gcp-x86_64-with-glibc2.35,3.10.12,3.0.4,2,Intel(R) Xeon(R) CPU @ 2.60GHz,,,,,15.61648178100586,machine,Y,1.0
2025-08-08T10:39:12,scikit-learn-benchmark,a63f0720-aa37-4612-a382-7ce242008b58,scikit-learn_SCL001_d880725b,1.0021982891485095,7.653563878736976e-08,7.636776036845581e-08,1.7000000000000002,0.0,10.0,2.3670032403121402e-07,0.0,1.3917175225085683e-06,1.6284178465397822e-06,Canada,CAN,,gcp,northamerica-northeast2,Linux-6.8.0-1032-gcp-x86_64-with-glibc2.35,3.10.12,3.0.4,2,Intel(R) Xeon(R) CPU @ 2.60GHz,,,,,15.61648178100586,machine,Y,1.0
2025-08-08T10:39:14,scikit-learn-benchmark,4acbeb12-81b7-46ca-83f1-796e9c3c72d8,scikit-learn_SCL001_d880725b,1.0022117597982287,7.653716106822766e-08,7.636825283674238e-08,1.7000000000000002,0.0,10.0,2.367050216610855e-07,0.0,1.3917452138331202e-06,1.6284502354942056e-06,Canada,CAN,,gcp,northamerica-northeast2,Linux-6.8.0-1032-gcp-x86_64-with-glibc2.35,3.10.12,3.0.4,2,Intel(R) Xeon(R) CPU @ 2.60GHz,,,,,15.61648178100586,machine,Y,1.0
2025-08-08T10:39:16,scikit-learn-benchmark,d1c84267-2a54-4833-8fbc-d46e5ab42773,scikit-learn_SCL001_d880725b,1.002117841038853,7.652924869203061e-08,7.636751443592301e-08,1.7000000000000002,0.0,10.0,2.366777427313436e-07,0.0,1.3916041443331376e-06,1.6282818870644812e-06,Canada,CAN,,gcp,northamerica-northeast2,Linux-6.8.0-1032-gcp-x86_64-with-glibc2.35,3.10.12,3.0.4,2,Intel(R) Xeon(R) CPU @ 2.60GHz,,,,,15.61648178100586,machine,Y,1.0
2025-08-08T10:39:18,scikit-learn-benchmark,35ea5733-8e55-42b6-b3d4-49777b58147e,scikit-learn_SCL001_d880725b,1.0021482449956238,7.653007204637915e-08,7.636601912795183e-08,1.7000000000000002,0.0,10.0,2.366806805366651e-07,0.0,1.3916187247054445e-06,1.6282994052421095e-06,Canada,CAN,,gcp,northamerica-northeast2,Linux-6.8.0-1032-gcp-x86_64-with-glibc2.35,3.10.12,3.0.4,2,Intel(R) Xeon(R) CPU @ 2.60GHz,,,,,15.61648178100586,machine,Y,1.0
2025-08-08T10:39:20,scikit-learn-benchmark,a35008dc-c067-4837-aac5-bb07db33751a,scikit-learn_SCL001_d880725b,1.0020604613237083,7.652076309871498e-08,7.636341922685193e-08,1.7000000000000002,0.0,10.0,2.3664493958414013e-07,0.0,1.3914564029417104e-06,1.6281013425258509e-06,Canada,CAN,,gcp,northamerica-northeast2,Linux-6.8.0-1032-gcp-x86_64-with-glibc2.35,3.10.12,3.0.4,2,Intel(R) Xeon(R) CPU @ 2.60GHz,,,,,15.61648178100586,machine,Y,1.0
2025-08-08T10:39:23,scikit-learn-benchmark,2d2ccb3c-81df-468b-a3ae-8281ee33a630,scikit-learn_SCL001_d880725b,1.0021162508055568,7.652780881044197e-08,7.636619878075488e-08,1.7000000000000002,0.0,10.0,2.3668134857952186e-07,0.0,1.3915699027064774e-06,1.6282512512859992e-06,Canada,CAN,,gcp,northamerica-northeast2,Linux-6.8.0-1032-gcp-x86_64-with-glibc2.35,3.10.12,3.0.4,2,Intel(R) Xeon(R) CPU @ 2.60GHz,,,,,15.61648178100586,machine,Y,1.0
2025-08-08T10:39:25,scikit-learn-benchmark,fc666d1a-f756-4c61-99d0-d579c999ee41,scikit-learn_SCL001_d880725b,1.0021438053809106,7.652808516658843e-08,7.636437480896309e-08,1.7000000000000002,0.0,10.0,2.366710946274301e-07,0.0,1.3915860365765788e-06,1.628257131204009e-06,Canada,CAN,,gcp,northamerica-northeast2,Linux-6.8.0-1032-gcp-x86_64-with-glibc2.35,3.10.12,3.0.4,2,Intel(R) Xeon(R) CPU @ 2.60GHz,,,,,15.61648178100586,machine,Y,1.0
2025-08-08T10:39:27,scikit-learn-benchmark,5eb94207-e178-46d0-9936-0a51ebb43f64,scikit-learn_SCL001_d880725b,1.0022618724033237,7.654120447418083e-08,7.636846874224866e-08,1.7000000000000002,0.0,10.0,2.3672047284586977e-07,0.0,1.391815792562233e-06,1.6285362654081027e-06,Canada,CAN,,gcp,northamerica-northeast2,Linux-6.8.0-1032-gcp-x86_64-with-glibc2.35,3.10.12,3.0.4,2,Intel(R) Xeon(R) CPU @ 2.60GHz,,,,,15.61648178100586,machine,Y,1.0
2025-08-08T10:39:29,scikit-learn-benchmark,a44cfb51-c976-4d12-973f-0c5258020971,scikit-learn_SCL001_d880725b,1.0021286429837346,7.652706492445172e-08,7.636451214147545e-08,1.7000000000000002,0.0,10.0,2.3667035116037975e-07,0.0,1.391565072764125e-06,1.628235423924505e-06,Canada,CAN,,gcp,northamerica-northeast2,Linux-6.8.0-1032-gcp-x86_64-with-glibc2.35,3.10.12,3.0.4,2,Intel(R) Xeon(R) CPU @ 2.60GHz,,,,,15.61648178100586,machine,Y,1.0
2025-08-08T10:39:31,scikit-learn-benchmark,aeba3967-5671-4eb9-bfbd-9117c8effb32,scikit-learn_SCL001_d880725b,1.002084992825985,7.670181870322963e-08,7.654222870549377e-08,1.7272709000000002,0.0,10.0,2.40454058492481e-07,0.0,1.3914995309379364e-06,1.6319535894304176e-06,Canada,CAN,,gcp,northamerica-northeast2,Linux-6.8.0-1032-gcp-x86_64-with-glibc2.35,3.10.12,3.0.4,2,Intel(R) Xeon(R) CPU @ 2.60GHz,,,,,15.61648178100586,machine,Y,1.0
2025-08-08T10:39:33,scikit-learn-benchmark,88c2c3bb-c004-4bc7-a2a1-ce53b7f5e205,scikit-learn_SCL001_d880725b,1.0021054237149656,7.652533456837087e-08,7.636455482366233e-08,1.7000000000000002,0.0,10.0,2.3666461408396978e-07,0.0,1.3915339937537082e-06,1.628198607837678e-06,Canada,CAN,,gcp,northamerica-northeast2,Linux-6.8.0-1032-gcp-x86_64-with-glibc2.35,3.10.12,3.0.4,2,Intel(R) Xeon(R) CPU @ 2.60GHz,,,,,15.61648178100586,machine,Y,1.0
2025-08-08T10:39:36,scikit-learn-benchmark,cf345198-e8ed-4ea5-a57e-562bf96b7db4,scikit-learn_SCL001_d880725b,1.002193524967879,7.653055622849046e-08,7.636305196737656e-08,1.7000000000000002,0.0,10.0,2.366934929741547e-07,0.0,1.3916162140150038e-06,1.6283097069891585e-06,Canada,CAN,,gcp,northamerica-northeast2,Linux-6.8.0-1032-gcp-x86_64-with-glibc2.35,3.10.12,3.0.4,2,Intel(R) Xeon(R) CPU @ 2.60GHz,,,,,15.61648178100586,machine,Y,1.0
2025-08-08T10:39:38,scikit-learn-benchmark,df240a05-e76d-40a7-85b3-291a6f56aa3b,scikit-learn_SCL001_d880725b,1.0022143898531797,7.635773243370949e-08,7.618902024036557e-08,1.6732691000000002,0.0,10.0,2.329813745222367e-07,0.0,1.3916512304503057e-06,1.6246326049725422e-06,Canada,CAN,,gcp,northamerica-northeast2,Linux-6.8.0-1032-gcp-x86_64-with-glibc2.35,3.10.12,3.0.4,2,Intel(R) Xeon(R) CPU @ 2.60GHz,,,,,15.61648178100586,machine,Y,1.0
2025-08-08T10:39:40,scikit-learn-benchmark,52f98dbf-0e45-49aa-8499-e116a26b4097,scikit-learn_SCL001_d880725b,1.001805274747312,7.647482514346484e-08,7.633701585645402e-08,1.7000000000000002,0.0,10.0,2.365115900498091e-07,0.0,1.3906123491728471e-06,1.627123939222656e-06,Canada,CAN,,gcp,northamerica-northeast2,Linux-6.8.0-1032-gcp-x86_64-with-glibc2.35,3.10.12,3.0.4,2,Intel(R) Xeon(R) CPU @ 2.60GHz,,,,,15.61648178100586,machine,Y,1.0
2025-08-08T10:39:42,scikit-learn-benchmark,6be2e0e7-47b1-4289-8783-a9cb1e06ddae,scikit-learn_SCL001_d880725b,1.0021004742011428,7.67072420648511e-08,7.654645820420431e-08,1.7272709000000002,0.0,10.0,2.404708945408268e-07,0.0,1.391598085562388e-06,1.632068980103215e-06,Canada,CAN,,gcp,northamerica-northeast2,Linux-6.8.0-1032-gcp-x86_64-with-glibc2.35,3.10.12,3.0.4,2,Intel(R) Xeon(R) CPU @ 2.60GHz,,,,,15.61648178100586,machine,Y,1.0
2025-08-08T10:39:45,scikit-learn-benchmark,02aa1abe-7ac2-4cd1-b106-ed25149daf93,scikit-learn_SCL001_d880725b,1.0021873898804188,7.670788368444816e-08,7.654045985711411e-08,1.7272709000000002,0.0,10.0,2.404849237246596e-07,0.0,1.391597707859344e-06,1.6320826315840036e-06,Canada,CAN,,gcp,northamerica-northeast2,Linux-6.8.0-1032-gcp-x86_64-with-glibc2.35,3.10.12,3.0.4,2,Intel(R) Xeon(R) CPU @ 2.60GHz,,,,,15.61648178100586,machine,Y,1.0
2025-08-08T10:39:47,scikit-learn-benchmark,6d701cf3-2ea8-4839-b15e-dfff747f1b9a,scikit-learn_SCL001_d880725b,1.0021523809991777,7.688637944484328e-08,7.67212460925205e-08,1.7550872000000004,0.0,10.0,2.443487689688555e-07,0.0,1.3915316447512144e-06,1.63588041372007e-06,Canada,CAN,,gcp,northamerica-northeast2,Linux-6.8.0-1032-gcp-x86_64-with-glibc2.35,3.10.12,3.0.4,2,Intel(R) Xeon(R) CPU @ 2.60GHz,,,,,15.61648178100586,machine,Y,1.0
2025-08-08T10:39:49,scikit-learn-benchmark,7cbba8d4-2351-461f-831b-9983d9a9ae15,scikit-learn_SCL001_d880725b,1.0022801770828664,7.654167928600995e-08,7.636754775374715e-08,1.7000000000000002,0.0,10.0,2.367380814264632e-07,0.0,1.3918082863609823e-06,1.6285463677874458e-06,Canada,CAN,,gcp,northamerica-northeast2,Linux-6.8.0-1032-gcp-x86_64-with-glibc2.35,3.10.12,3.0.4,2,Intel(R) Xeon(R) CPU @ 2.60GHz,,,,,15.61648178100586,machine,Y,1.0
2025-08-08T10:39:51,scikit-learn-benchmark,113b81b2-578b-47f1-9487-cb24fd9737d1,scikit-learn_SCL001_d880725b,1.0020521902479231,7.652343892131467e-08,7.636671988350388e-08,1.7000000000000002,0.0,10.0,2.3665539122238346e-07,0.0,1.3915028836992053e-06,1.6281582749215888e-06,Canada,CAN,,gcp,northamerica-northeast2,Linux-6.8.0-1032-gcp-x86_64-with-glibc2.35,3.10.12,3.0.4,2,Intel(R) Xeon(R) CPU @ 2.60GHz,,,,,15.61648178100586,machine,Y,1.0
2025-08-08T10:39:53,scikit-learn-benchmark,22fe84d2-9cd7-42e4-8413-7f7c58bc5e17,scikit-learn_SCL001_d880725b,1.0017036432400346,7.687765494723788e-08,7.674690560031831e-08,1.7550872000000004,0.0,10.0,2.4433304434842186e-07,0.0,1.3913617417630225e-06,1.635694786111444e-06,Canada,CAN,,gcp,northamerica-northeast2,Linux-6.8.0-1032-gcp-x86_64-with-glibc2.35,3.10.12,3.0.4,2,Intel(R) Xeon(R) CPU @ 2.60GHz,,,,,15.61648178100586,machine,Y,1.0
2025-08-08T10:39:55,scikit-learn-benchmark,a7f200e1-5760-4177-a0d5-1966ca460455,scikit-learn_SCL001_d880725b,1.002158361952752,7.634965543958286e-08,7.618522015902958e-08,1.6732691000000002,0.0,10.0,2.3294549538576265e-07,0.0,1.3915152586479152e-06,1.6244607540336778e-06,Canada,CAN,,gcp,northamerica-northeast2,Linux-6.8.0-1032-gcp-x86_64-with-glibc2.35,3.10.12,3.0.4,2,Intel(R) Xeon(R) CPU @ 2.60GHz,,,,,15.61648178100586,machine,Y,1.0
2025-08-08T10:39:58,scikit-learn-benchmark,26efc519-88a2-4d41-92e8-6804c315fc04,scikit-learn_SCL001_d880725b,1.0021178862079978,7.635390879253848e-08,7.619254165940571e-08,1.6732691000000002,0.0,10.0,2.329545972511441e-07,0.0,1.3915966536539295e-06,1.6245512509050738e-06,Canada,CAN,,gcp,northamerica-northeast2,Linux-6.8.0-1032-gcp-x86_64-with-glibc2.35,3.10.12,3.0.4,2,Intel(R) Xeon(R) CPU @ 2.60GHz,,,,,15.61648178100586,machine,Y,1.0
2025-08-08T10:40:00,scikit-learn-benchmark,117f6775-2e8e-4778-8661-9efaeee135d1,scikit-learn_SCL001_d880725b,1.002175393048674,7.670750667833463e-08,7.65409999191719e-08,1.7272709000000002,0.0,10.0,2.404765931706337e-07,0.0,1.3915980170066986e-06,1.6320746101773323e-06,Canada,CAN,,gcp,northamerica-northeast2,Linux-6.8.0-1032-gcp-x86_64-with-glibc2.35,3.10.12,3.0.4,2,Intel(R) Xeon(R) CPU @ 2.60GHz,,,,,15.61648178100586,machine,Y,1.0
2025-08-08T10:40:02,scikit-learn-benchmark,33b34968-709f-4bad-b323-56285f161df2,scikit-learn_SCL001_d880725b,1.002598642371595,7.664627116467039e-08,7.644761116309475e-08,1.7272709000000002,0.0,10.0,2.4028150904916174e-07,0.0,1.3904902178587189e-06,1.6307717269078805e-06,Canada,CAN,,gcp,northamerica-northeast2,Linux-6.8.0-1032-gcp-x86_64-with-glibc2.35,3.10.12,3.0.4,2,Intel(R) Xeon(R) CPU @ 2.60GHz,,,,,15.61648178100586,machine,Y,1.0
2025-08-08T10:40:04,scikit-learn-benchmark,a425d862-17da-42a8-8222-5105b80d51fd,scikit-learn_SCL001_d880725b,1.002156533766538,7.670888889697105e-08,7.654381956545838e-08,1.7272709000000002,0.0,10.0,2.404784802022086e-07,0.0,1.3916255388822818e-06,1.6321040190844906e-06,Canada,CAN,,gcp,northamerica-northeast2,Linux-6.8.0-1032-gcp-x86_64-with-glibc2.35,3.10.12,3.0.4,2,Intel(R) Xeon(R) CPU @ 2.60GHz,,,,,15.61648178100586,machine,Y,1.0
2025-08-08T10:40:06,scikit-learn-benchmark,39f25c87-5f99-4186-9203-38fe0f4f3d08,scikit-learn_SCL001_d880725b,1.0021812710911036,7.635725388079633e-08,7.619106052307682e-08,1.6732691000000002,0.0,10.0,2.3296608967375415e-07,0.0,1.3916563333219124e-06,1.6246224229956666e-06,Canada,CAN,,gcp,northamerica-northeast2,Linux-6.8.0-1032-gcp-x86_64-with-glibc2.35,3.10.12,3.0.4,2,Intel(R) Xeon(R) CPU @ 2.60GHz,,,,,15.61648178100586,machine,Y,1.0
2025-08-08T10:40:08,scikit-learn-benchmark,88699482-de3a-4d04-b142-4af8d2e978d9,scikit-learn_SCL001_d880725b,1.004906577989459,8.2315535825784e-08,8.191362025958145e-08,2.5159616,0.0,10.0,3.522139775345085e-07,0.0,1.3991804017374913e-06,1.7513943792719998e-06,Canada,CAN,,gcp,northamerica-northeast2,Linux-6.8.0-1032-gcp-x86_64-with-glibc2.35,3.10.12,3.0.4,2,Intel(R) Xeon(R) CPU @ 2.60GHz,,,,,15.61648178100586,machine,Y,1.0
2025-08-08T10:40:11,scikit-learn-benchmark,f0398d04-e70a-4f36-997f-8e435a32ec16,scikit-learn_SCL001_d880725b,1.0021315701305866,7.67051385077935e-08,7.65419839011739e-08,1.7272709000000002,0.0,10.0,2.404748203082673e-07,0.0,1.3915494032618072e-06,1.6320242235700744e-06,Canada,CAN,,gcp,northamerica-northeast2,Linux-6.8.0-1032-gcp-x86_64-with-glibc2.35,3.10.12,3.0.4,2,Intel(R) Xeon(R) CPU @ 2.60GHz,,,,,15.61648178100586,machine,Y,1.0
2025-08-08T10:40:13,scikit-learn-benchmark,9bffc49a-2393-460a-a35f-04fef91d90a4,scikit-learn_SCL001_d880725b,1.002843088936061,7.982025012635454e-08,7.959395742661764e-08,2.2048064,0.0,10.0,3.0691193854364335e-07,0.0,1.3913912556341124e-06,1.6983031941777558e-06,Canada,CAN,,gcp,northamerica-northeast2,Linux-6.8.0-1032-gcp-x86_64-with-glibc2.35,3.10.12,3.0.4,2,Intel(R) Xeon(R) CPU @ 2.60GHz,,,,,15.61648178100586,machine,Y,1.0
2025-08-08T10:40:15,scikit-learn-benchmark,509285ef-be44-4ee9-8e61-2d9e30b571d2,scikit-learn_SCL001_d880725b,1.0015771626494825,7.66457903551763e-08,7.65250978291322e-08,1.7272709000000002,0.0,10.0,2.402802896058352e-07,0.0,1.3904812073128092e-06,1.6307614969186445e-06,Canada,CAN,,gcp,northamerica-northeast2,Linux-6.8.0-1032-gcp-x86_64-with-glibc2.35,3.10.12,3.0.4,2,Intel(R) Xeon(R) CPU @ 2.60GHz,,,,,15.61648178100586,machine,Y,1.0
2025-08-08T10:40:17,scikit-learn-benchmark,953e6c9c-2b37-4fc8-93db-a47bb8be81e8,scikit-learn_SCL001_d880725b,1.004865518771112,9.119609257433964e-08,9.075452473069906e-08,3.8618648576,0.0,10.0,5.407886896227358e-07,0.0,1.3995537055759794e-06,1.9403423951987152e-06,Canada,CAN,,gcp,northamerica-northeast2,Linux-6.8.0-1032-gcp-x86_64-with-glibc2.35,3.10.12,3.0.4,2,Intel(R) Xeon(R) CPU @ 2.60GHz,,,,,15.61648178100586,machine,Y,1.0
2025-08-08T10:40:19,scikit-learn-benchmark,852327c4-628f-4ed8-b06e-6a72ca69723e,scikit-learn_SCL001_d880725b,1.0022041071206331,7.553659112041797e-08,7.537046653843518e-08,1.5475256,0.0,10.0,2.1546739017150106e-07,0.0,1.3916941230288812e-06,1.6071615132003822e-06,Canada,CAN,,gcp,northamerica-northeast2,Linux-6.8.0-1032-gcp-x86_64-with-glibc2.35,3.10.12,3.0.4,2,Intel(R) Xeon(R) CPU @ 2.60GHz,,,,,15.61648178100586,machine,Y,1.0
2025-08-08T10:40:21,scikit-learn-benchmark,8f15a332-ad91-4c42-bd76-121efc61c5a3,scikit-learn_SCL001_d880725b,1.0055565810762346,1.1832390044272569e-07,1.1767005722948489e-07,8.0,0.0,10.0,1.1192358419713049e-06,0.0,1.3982939546824327e-06,2.5175297966537376e-06,Canada,CAN,,gcp,northamerica-northeast2,Linux-6.8.0-1032-gcp-x86_64-with-glibc2.35,3.10.12,3.0.4,2,Intel(R) Xeon(R) CPU @ 2.60GHz,,,,,15.61648178100586,machine,Y,1.0
2025-08-08T10:40:24,scikit-learn-benchmark,f5d941cb-e7dc-4d44-a9b6-63b16f7cd97a,scikit-learn_SCL001_d880725b,1.0062149721197784,1.187200293806383e-07,1.179867450496513e-07,8.0,0.0,10.0,1.1229463242408303e-06,0.0,1.4030117476876411e-06,2.5259580719284714e-06,Canada,CAN,,gcp,northamerica-northeast2,Linux-6.8.0-1032-gcp-x86_64-with-glibc2.35,3.10.12,3.0.4,2,Intel(R) Xeon(R) CPU @ 2.60GHz,,,,,15.61648178100586,machine,Y,1.0
2025-08-08T10:40:26,scikit-learn-benchmark,28d4b978-46c0-48c7-9fb2-2667fb7afb5f,scikit-learn_SCL001_d880725b,1.0022101728245616,7.586055252160377e-08,7.569325734122564e-08,1.5962624,0.0,10.0,2.2226533073718682e-07,0.0,1.3917889782331058e-06,1.6140543089702923e-06,Canada,CAN,,gcp,northamerica-northeast2,Linux-6.8.0-1032-gcp-x86_64-with-glibc2.35,3.10.12,3.0.4,2,Intel(R) Xeon(R) CPU @ 2.60GHz,,,,,15.61648178100586,machine,Y,1.0
2025-08-08T10:40:28,scikit-learn-benchmark,e5b03da4-db44-49fe-ae3d-c2a1bd151a6e,scikit-learn_SCL001_d880725b,1.0020376150496304,1.1105081491218384e-07,1.1082499623198632e-07,6.973099999999999,0.0,10.0,9.709573817761977e-07,0.0,1.3918259142277142e-06,2.362783296003912e-06,Canada,CAN,,gcp,northamerica-northeast2,Linux-6.8.0-1032-gcp-x86_64-with-glibc2.35,3.10.12,3.0.4,2,Intel(R) Xeon(R) CPU @ 2.60GHz,,,,,15.61648178100586,machine,Y,1.0
2025-08-08T10:40:31,scikit-learn-benchmark,f46a9f7a-a60b-4d90-8a17-ffcf64a170a7,scikit-learn_SCL001_d880725b,1.0054577407427132,1.1175635898096265e-07,1.111497325570444e-07,6.973099999999999,0.0,10.0,9.772285807161304e-07,0.0,1.4005662912192443e-06,2.377794871935375e-06,Canada,CAN,,gcp,northamerica-northeast2,Linux-6.8.0-1032-gcp-x86_64-with-glibc2.35,3.10.12,3.0.4,2,Intel(R) Xeon(R) CPU @ 2.60GHz,,,,,15.61648178100586,machine,Y,1.0
2025-08-08T10:40:33,scikit-learn-benchmark,95d3f62f-1e18-4fa9-a7bf-5ae0a8567646,scikit-learn_SCL001_d880725b,1.007623142097145,1.0624539981526229e-07,1.0544160348891545e-07,6.066315447199998,0.0,10.0,8.538379046386543e-07,0.0,1.4067025169626708e-06,2.260540421601325e-06,Canada,CAN,,gcp,northamerica-northeast2,Linux-6.8.0-1032-gcp-x86_64-with-glibc2.35,3.10.12,3.0.4,2,Intel(R) Xeon(R) CPU @ 2.60GHz,,,,,15.61648178100586,machine,Y,1.0
2025-08-08T10:40:35,scikit-learn-benchmark,d86571c8-67e7-4e01-b39c-37b981abdc46,scikit-learn_SCL001_d880725b,1.004208582919091,9.148166967351065e-08,9.109827502926384e-08,3.9856452416000008,0.0,10.0,5.548716318164065e-07,0.0,1.3915468718753093e-06,1.946418503691716e-06,Canada,CAN,,gcp,northamerica-northeast2,Linux-6.8.0-1032-gcp-x86_64-with-glibc2.35,3.10.12,3.0.4,2,Intel(R) Xeon(R) CPU @ 2.60GHz,,,,,15.61648178100586,machine,Y,1.0
2025-08-08T10:40:37,scikit-learn-benchmark,55a622a3-3f5d-49bd-be0c-50676ea2278e,scikit-learn_SCL001_d880725b,1.00216758903116,7.689271588158392e-08,7.67264045686406e-08,1.7550872000000004,0.0,10.0,2.443654924823796e-07,0.0,1.3916497390406828e-06,1.6360152315230625e-06,Canada,CAN,,gcp,northamerica-northeast2,Linux-6.8.0-1032-gcp-x86_64-with-glibc2.35,3.10.12,3.0.4,2,Intel(R) Xeon(R) CPU @ 2.60GHz,,,,,15.61648178100586,machine,Y,1.0
2025-08-08T10:40:39,scikit-learn-benchmark,4602b8b6-3242-417f-b6c6-398bc15b053a,scikit-learn_SCL001_d880725b,1.0042015668004751,7.670811174993059e-08,7.638716596941111e-08,1.7272709000000002,0.0,10.0,2.4047759008454414e-07,0.0,1.391609893956532e-06,1.6320874840410762e-06,Canada,CAN,,gcp,northamerica-northeast2,Linux-6.8.0-1032-gcp-x86_64-with-glibc2.35,3.10.12,3.0.4,2,Intel(R) Xeon(R) CPU @ 2.60GHz,,,,,15.61648178100586,machine,Y,1.0
2025-08-08T10:40:41,scikit-learn-benchmark,8fb48f66-0eff-4950-9a94-21239973bcae,scikit-learn_SCL001_d880725b,1.0032259291037915,9.965907731342529e-08,9.933861797457065e-08,5.221699999999999,0.0,10.0,7.285715330120615e-07,0.0,1.3918343672735823e-06,2.120405900285644e-06,Canada,CAN,,gcp,northamerica-northeast2,Linux-6.8.0-1032-gcp-x86_64-with-glibc2.35,3.10.12,3.0.4,2,Intel(R) Xeon(R) CPU @ 2.60GHz,,,,,15.61648178100586,machine,Y,1.0
2025-08-08T10:40:44,scikit-learn-benchmark,067b5028-0eeb-4dde-a78e-e5ade2b16782,scikit-learn_SCL001_d880725b,1.0020919139496982,9.115239494169005e-08,9.096211003481425e-08,3.9357404864,0.0,10.0,5.479081642226738e-07,0.0,1.3915044941111571e-06,1.939412658333831e-06,Canada,CAN,,gcp,northamerica-northeast2,Linux-6.8.0-1032-gcp-x86_64-with-glibc2.35,3.10.12,3.0.4,2,Intel(R) Xeon(R) CPU @ 2.60GHz,,,,,15.61648178100586,machine,Y,1.0
2025-08-08T10:40:46,scikit-learn-benchmark,8992b0e8-7474-46df-ac80-8c5ef7696280,scikit-learn_SCL001_d880725b,1.0018672398291528,7.687752726284581e-08,7.673424602241275e-08,1.7550872000000004,0.0,10.0,2.4430421311553616e-07,0.0,1.3913878563067152e-06,1.6356920694222514e-06,Canada,CAN,,gcp,northamerica-northeast2,Linux-6.8.0-1032-gcp-x86_64-with-glibc2.35,3.10.12,3.0.4,2,Intel(R) Xeon(R) CPU @ 2.60GHz,,,,,15.61648178100586,machine,Y,1.0
2025-08-08T10:40:48,scikit-learn-benchmark,5045ebaa-51dd-4e5c-b476-8d5f94251de4,scikit-learn_SCL001_d880725b,1.0014693709090352,7.645465818053992e-08,7.634248275725289e-08,1.7000000000000002,0.0,10.0,2.36446771861261e-07,0.0,1.3902480830438436e-06,1.6266948549051045e-06,Canada,CAN,,gcp,northamerica-northeast2,Linux-6.8.0-1032-gcp-x86_64-with-glibc2.35,3.10.12,3.0.4,2,Intel(R) Xeon(R) CPU @ 2.60GHz,,,,,15.61648178100586,machine,Y,1.0
2025-08-08T10:40:50,scikit-learn-benchmark,d139e70d-54f7-4946-80b2-0f36075e481a,scikit-learn_SCL001_d880725b,1.0057012778706849,1.0895878686133161e-07,1.0834110412191577e-07,6.572708640800003,0.0,10.0,9.197457140510206e-07,0.0,1.3985263468283748e-06,2.318272060879396e-06,Canada,CAN,,gcp,northamerica-northeast2,Linux-6.8.0-1032-gcp-x86_64-with-glibc2.35,3.10.12,3.0.4,2,Intel(R) Xeon(R) CPU @ 2.60GHz,,,,,15.61648178100586,machine,Y,1.0
2025-08-08T10:40:52,scikit-learn-benchmark,da7165e4-bfb7-4e2c-9236-4e73657f4205,scikit-learn_SCL001_d880725b,1.0027729608118534,7.666453521886271e-08,7.645253533441354e-08,1.7000000000000002,0.0,10.0,2.371132569775606e-07,0.0,1.394047066828029e-06,1.6311603238055896e-06,Canada,CAN,,gcp,northamerica-northeast2,Linux-6.8.0-1032-gcp-x86_64-with-glibc2.35,3.10.12,3.0.4,2,Intel(R) Xeon(R) CPU @ 2.60GHz,,,,,15.61648178100586,machine,Y,1.0
2025-08-08T10:40:54,scikit-learn-benchmark,d3d1f54f-bd37-4049-874e-461db825f9b2,scikit-learn_SCL001_d880725b,1.0021541556343436,7.652950469108248e-08,7.63650025904855e-08,1.7000000000000002,0.0,10.0,2.366877840443825e-07,0.0,1.391599549808436e-06,1.6282873338528184e-06,Canada,CAN,,gcp,northamerica-northeast2,Linux-6.8.0-1032-gcp-x86_64-with-glibc2.35,3.10.12,3.0.4,2,Intel(R) Xeon(R) CPU @ 2.60GHz,,,,,15.61648178100586,machine,Y,1.0
2025-08-08T10:40:57,scikit-learn-benchmark,4220d99b-6c50-47f8-9ac5-1e3cc6b79331,scikit-learn_SCL001_d880725b,1.0019791377708316,7.688775408466138e-08,7.673588319984246e-08,1.7550872000000004,0.0,10.0,2.443377420972219e-07,0.0,1.3915719192785523e-06,1.6359096613757742e-06,Canada,CAN,,gcp,northamerica-northeast2,Linux-6.8.0-1032-gcp-x86_64-with-glibc2.35,3.10.12,3.0.4,2,Intel(R) Xeon(R) CPU @ 2.60GHz,,,,,15.61648178100586,machine,Y,1.0
2025-08-08T10:40:59,scikit-learn-benchmark,d19a6a22-2ff1-421d-8d21-96ca0fbc9321,scikit-learn_SCL001_d880725b,1.0033715800382197,9.115100036863585e-08,9.084471015729165e-08,3.9357404864,0.0,10.0,5.479085974577866e-07,0.0,1.3914743891089328e-06,1.93938298656672e-06,Canada,CAN,,gcp,northamerica-northeast2,Linux-6.8.0-1032-gcp-x86_64-with-glibc2.35,3.10.12,3.0.4,2,Intel(R) Xeon(R) CPU @ 2.60GHz,,,,,15.61648178100586,machine,Y,1.0
2025-08-08T10:41:01,scikit-learn-benchmark,d6c0257d-03d7-42ad-a676-933ba3254f48,scikit-learn_SCL001_d880725b,1.0017388532869518,7.685812688966383e-08,7.67247138687627e-08,1.7550872000000004,0.0,10.0,2.442481538731748e-07,0.0,1.3910311416515874e-06,1.635279295524762e-06,Canada,CAN,,gcp,northamerica-northeast2,Linux-6.8.0-1032-gcp-x86_64-with-glibc2.35,3.10.12,3.0.4,2,Intel(R) Xeon(R) CPU @ 2.60GHz,,,,,15.61648178100586,machine,Y,1.0
2025-08-08T10:41:03,scikit-learn-benchmark,345db36d-513d-4286-9e38-210c3f22976f,scikit-learn_SCL001_d880725b,1.0025219577364624,7.658942362107338e-08,7.639675423568808e-08,1.7000000000000002,0.0,10.0,2.368608407883181e-07,0.0,1.3927013639153705e-06,1.6295622047036889e-06,Canada,CAN,,gcp,northamerica-northeast2,Linux-6.8.0-1032-gcp-x86_64-with-glibc2.35,3.10.12,3.0.4,2,Intel(R) Xeon(R) CPU @ 2.60GHz,,,,,15.61648178100586,machine,Y,1.0
2025-08-08T10:41:05,scikit-learn-benchmark,e4eeafa8-85e6-4c84-a191-8d20476916d4,scikit-learn_SCL001_d880725b,1.0022055301815271,7.67151346677455e-08,7.654630947192067e-08,1.7272709000000002,0.0,10.0,2.405087410748785e-07,0.0,1.391728166749494e-06,1.6322369078243724e-06,Canada,CAN,,gcp,northamerica-northeast2,Linux-6.8.0-1032-gcp-x86_64-with-glibc2.35,3.10.12,3.0.4,2,Intel(R) Xeon(R) CPU @ 2.60GHz,,,,,15.61648178100586,machine,Y,1.0
2025-08-08T10:41:07,scikit-learn-benchmark,f6aa7877-8fd6-4406-a198-78405db6e527,scikit-learn_SCL001_d880725b,1.0032103890553117,1.1363215671990888e-07,1.1326852070073989e-07,7.371245600000002,0.0,10.0,1.0262044734092535e-06,0.0,1.3915009887164663e-06,2.4177054621257203e-06,Canada,CAN,,gcp,northamerica-northeast2,Linux-6.8.0-1032-gcp-x86_64-with-glibc2.35,3.10.12,3.0.4,2,Intel(R) Xeon(R) CPU @ 2.60GHz,,,,,15.61648178100586,machine,Y,1.0
2025-08-08T10:41:10,scikit-learn-benchmark,517c80c3-8f88-4626-81a2-32c04decb60f,scikit-learn_SCL001_d880725b,1.001794870942831,7.651029733430026e-08,7.63732172658193e-08,1.7000000000000002,0.0,10.0,2.3661947259420738e-07,0.0,1.391259194093032e-06,1.6278786666872394e-06,Canada,CAN,,gcp,northamerica-northeast2,Linux-6.8.0-1032-gcp-x86_64-with-glibc2.35,3.10.12,3.0.4,2,Intel(R) Xeon(R) CPU @ 2.60GHz,,,,,15.61648178100586,machine,Y,1.0
2025-08-08T10:41:12,scikit-learn-benchmark,d01e17ed-d3b4-4dce-b500-85bfb00c2317,scikit-learn_SCL001_d880725b,1.0014281156472862,7.699185004400069e-08,7.688205358028716e-08,1.7834543000000005,0.0,10.0,2.480225311854617e-07,0.0,1.3901019378358292e-06,1.6381244690212908e-06,Canada,CAN,,gcp,northamerica-northeast2,Linux-6.8.0-1032-gcp-x86_64-with-glibc2.35,3.10.12,3.0.4,2,Intel(R) Xeon(R) CPU @ 2.60GHz,,,,,15.61648178100586,machine,Y,1.0
2025-08-08T10:41:14,scikit-learn-benchmark,dd845eb4-18bd-422a-a09e-3b5906720990,scikit-learn_SCL001_d880725b,1.003145287744701,1.0840565374678157e-07,1.0806575584928696e-07,6.572708640800003,0.0,10.0,9.150195766344608e-07,0.0,1.3914836945736574e-06,2.306503271208118e-06,Canada,CAN,,gcp,northamerica-northeast2,Linux-6.8.0-1032-gcp-x86_64-with-glibc2.35,3.10.12,3.0.4,2,Intel(R) Xeon(R) CPU @ 2.60GHz,,,,,15.61648178100586,machine,Y,1.0
2025-08-08T10:41:16,scikit-learn-benchmark,50d4713b-8434-47bd-b424-f6a4e175457e,scikit-learn_SCL001_d880725b,1.0021282993257046,7.652748160563514e-08,7.636495412526287e-08,1.7000000000000002,0.0,10.0,2.3667985570823985e-07,0.0,1.3915644337733586e-06,1.6282442894815983e-06,Canada,CAN,,gcp,northamerica-northeast2,Linux-6.8.0-1032-gcp-x86_64-with-glibc2.35,3.10.12,3.0.4,2,Intel(R) Xeon(R) CPU @ 2.60GHz,,,,,15.61648178100586,machine,Y,1.0
2025-08-08T10:41:18,scikit-learn-benchmark,67ff09ea-45bf-4c81-ae2e-796c14148d2b,scikit-learn_SCL001_d880725b,1.0016431966796515,7.684274423758253e-08,7.671668363775507e-08,1.7550872000000004,0.0,10.0,2.441970859179694e-07,0.0,1.390754919136978e-06,1.6349520050549475e-06,Canada,CAN,,gcp,northamerica-northeast2,Linux-6.8.0-1032-gcp-x86_64-with-glibc2.35,3.10.12,3.0.4,2,Intel(R) Xeon(R) CPU @ 2.60GHz,,,,,15.61648178100586,machine,Y,1.0
2025-08-08T10:41:20,scikit-learn-benchmark,e12623a1-fa3f-42b8-8e08-ad336f8e5ef7,scikit-learn_SCL001_d880725b,1.0021115592680871,7.68880499818521e-08,7.672603840435578e-08,1.7550872000000004,0.0,10.0,2.443462018136132e-07,0.0,1.3915697552470698e-06,1.635915957060683e-06,Canada,CAN,,gcp,northamerica-northeast2,Linux-6.8.0-1032-gcp-x86_64-with-glibc2.35,3.10.12,3.0.4,2,Intel(R) Xeon(R) CPU @ 2.60GHz,,,,,15.61648178100586,machine,Y,1.0
2025-08-08T10:41:23,scikit-learn-benchmark,50997733-b3b5-452d-abf5-ed4adb5fea03,scikit-learn_SCL001_d880725b,1.0021666600368917,7.636287147499293e-08,7.619777679710664e-08,1.6732691000000002,0.0,10.0,2.3298327095161085e-07,0.0,1.3917586753248345e-06,1.624741946276445e-06,Canada,CAN,,gcp,northamerica-northeast2,Linux-6.8.0-1032-gcp-x86_64-with-glibc2.35,3.10.12,3.0.4,2,Intel(R) Xeon(R) CPU @ 2.60GHz,,,,,15.61648178100586,machine,Y,1.0
2025-08-08T10:41:25,scikit-learn-benchmark,69949a60-5a06-4cf9-bd28-de245397c0bf,scikit-learn_SCL001_d880725b,1.0020165517926216,7.653311009333832e-08,7.637908770710376e-08,1.7000000000000002,0.0,10.0,2.3669327571729405e-07,0.0,1.3916707688218191e-06,1.6283640445391131e-06,Canada,CAN,,gcp,northamerica-northeast2,Linux-6.8.0-1032-gcp-x86_64-with-glibc2.35,3.10.12,3.0.4,2,Intel(R) Xeon(R) CPU @ 2.60GHz,,,,,15.61648178100586,machine,Y,1.0
2025-08-08T10:41:27,scikit-learn-benchmark,a32af500-83a7-44b8-a045-25bbfc435418,scikit-learn_SCL001_d880725b,1.0017488482408226,7.668452523044967e-08,7.65506497612808e-08,1.7272709000000002,0.0,10.0,2.403988309811218e-07,0.0,1.3911868122199344e-06,1.6315856432010565e-06,Canada,CAN,,gcp,northamerica-northeast2,Linux-6.8.0-1032-gcp-x86_64-with-glibc2.35,3.10.12,3.0.4,2,Intel(R) Xeon(R) CPU @ 2.60GHz,,,,,15.61648178100586,machine,Y,1.0
2025-08-08T10:41:29,scikit-learn-benchmark,3ae10611-dcbe-45ee-9d76-95c1f899d06b,scikit-learn_SCL001_d880725b,1.0021906588226557,7.65311437736964e-08,7.636385661746534e-08,1.7000000000000002,0.0,10.0,2.3669072800678098e-07,0.0,1.391631479944206e-06,1.6283222079509869e-06,Canada,CAN,,gcp,northamerica-northeast2,Linux-6.8.0-1032-gcp-x86_64-with-glibc2.35,3.10.12,3.0.4,2,Intel(R) Xeon(R) CPU @ 2.60GHz,,,,,15.61648178100586,machine,Y,1.0
2025-08-08T10:41:31,scikit-learn-benchmark,7bc02e4a-928d-424c-a9d8-551bc5e0aae8,scikit-learn_SCL001_d880725b,1.002046694047749,7.70689849589446e-08,7.69115705053882e-08,1.7834543000000005,0.0,10.0,2.482716814868285e-07,0.0,1.3914939559375248e-06,1.6397656374243533e-06,Canada,CAN,,gcp,northamerica-northeast2,Linux-6.8.0-1032-gcp-x86_64-with-glibc2.35,3.10.12,3.0.4,2,Intel(R) Xeon(R) CPU @ 2.60GHz,,,,,15.61648178100586,machine,Y,1.0
2025-08-08T10:41:34,scikit-learn-benchmark,ec2eca54-2b9a-4f3b-83a5-c3cd91ee2b52,scikit-learn_SCL001_d880725b,1.0087010613642633,8.511059631137589e-08,8.437643180058145e-08,2.8699712,0.0,10.0,4.048044703884076e-07,0.0,1.4060592809174623e-06,1.8108637513058704e-06,Canada,CAN,,gcp,northamerica-northeast2,Linux-6.8.0-1032-gcp-x86_64-with-glibc2.35,3.10.12,3.0.4,2,Intel(R) Xeon(R) CPU @ 2.60GHz,,,,,15.61648178100586,machine,Y,1.0
2025-08-08T10:41:36,scikit-learn-benchmark,c762b163-1372-4478-94d9-93d54187445c,scikit-learn_SCL001_d880725b,1.0015533328987658,7.665254577192776e-08,7.653366351452758e-08,1.7272709000000002,0.0,10.0,2.403023872683876e-07,0.0,1.3906028419215643e-06,1.6309052291899522e-06,Canada,CAN,,gcp,northamerica-northeast2,Linux-6.8.0-1032-gcp-x86_64-with-glibc2.35,3.10.12,3.0.4,2,Intel(R) Xeon(R) CPU @ 2.60GHz,,,,,15.61648178100586,machine,Y,1.0
2025-08-08T10:41:38,scikit-learn-benchmark,40751e24-bbf0-4aec-a5a3-060a59369aee,scikit-learn_SCL001_d880725b,1.0045471652410924,9.015849415617477e-08,8.975038432818296e-08,3.7176128,0.0,10.0,5.200841441900242e-07,0.0,1.3981816889200775e-06,1.918265833110101e-06,Canada,CAN,,gcp,northamerica-northeast2,Linux-6.8.0-1032-gcp-x86_64-with-glibc2.35,3.10.12,3.0.4,2,Intel(R) Xeon(R) CPU @ 2.60GHz,,,,,15.61648178100586,machine,Y,1.0
2025-08-08T10:41:40,scikit-learn-benchmark,674fcae6-6dfd-4de9-b232-e37fe8f908f9,scikit-learn_SCL001_d880725b,1.004358088131994,9.517695116806404e-08,9.476396147223117e-08,4.486400000000001,0.0,10.0,6.273690336727434e-07,0.0,1.3976724805413848e-06,2.0250415142141284e-06,Canada,CAN,,gcp,northamerica-northeast2,Linux-6.8.0-1032-gcp-x86_64-with-glibc2.35,3.10.12,3.0.4,2,Intel(R) Xeon(R) CPU @ 2.60GHz,,,,,15.61648178100586,machine,Y,1.0
2025-08-08T10:41:42,scikit-learn-benchmark,a507dd29-a135-4e97-926b-0b52a49a1fba,scikit-learn_SCL001_d880725b,1.0020819688215852,7.68829617962806e-08,7.672322643095995e-08,1.7550872000000004,0.0,10.0,2.443278371641458e-07,0.0,1.391479860629059e-06,1.6358076977932044e-06,Canada,CAN,,gcp,northamerica-northeast2,Linux-6.8.0-1032-gcp-x86_64-with-glibc2.35,3.10.12,3.0.4,2,Intel(R) Xeon(R) CPU @ 2.60GHz,,,,,15.61648178100586,machine,Y,1.0
2025-08-08T10:41:45,scikit-learn-benchmark,3e90fd41-d3b9-4c37-a56e-4d6749809dd5,scikit-learn_SCL001_d880725b,1.0016313041560352,7.66559389629979e-08,7.653109347215086e-08,1.7272709000000002,0.0,10.0,2.403088741349216e-07,0.0,1.3906685506097144e-06,1.630977424744636e-06,Canada,CAN,,gcp,northamerica-northeast2,Linux-6.8.0-1032-gcp-x86_64-with-glibc2.35,3.10.12,3.0.4,2,Intel(R) Xeon(R) CPU @ 2.60GHz,,,,,15.61648178100586,machine,Y,1.0
2025-08-08T10:41:47,scikit-learn-benchmark,05655117-5f39-4712-9ef0-9d80eadcf380,scikit-learn_SCL001_d880725b,1.0021136268042028,7.72640745038239e-08,7.710111152786478e-08,1.8123776000000005,0.0,10.0,2.5233151842316e-07,0.0,1.391584960381604e-06,1.643916478804764e-06,Canada,CAN,,gcp,northamerica-northeast2,Linux-6.8.0-1032-gcp-x86_64-with-glibc2.35,3.10.12,3.0.4,2,Intel(R) Xeon(R) CPU @ 2.60GHz,,,,,15.61648178100586,machine,Y,1.0
2025-08-08T10:41:49,scikit-learn-benchmark,e582bf7a-a81a-4f11-9851-27378b61d920,scikit-learn_SCL001_d880725b,1.0018064440228045,7.706833858014526e-08,7.692936997956757e-08,1.7834543000000005,0.0,10.0,2.482810708188926e-07,0.0,1.3914708138650492e-06,1.6397518846839415e-06,Canada,CAN,,gcp,northamerica-northeast2,Linux-6.8.0-1032-gcp-x86_64-with-glibc2.35,3.10.12,3.0.4,2,Intel(R) Xeon(R) CPU @ 2.60GHz,,,,,15.61648178100586,machine,Y,1.0
2025-08-08T10:41:51,scikit-learn-benchmark,736aa5f5-ef55-40fb-ad82-06d6960f90c9,scikit-learn_SCL001_d880725b,1.002054206095636,7.652161832892389e-08,7.63647493952245e-08,1.7000000000000002,0.0,10.0,2.366482723219735e-07,0.0,1.3914712665913005e-06,1.628119538913274e-06,Canada,CAN,,gcp,northamerica-northeast2,Linux-6.8.0-1032-gcp-x86_64-with-glibc2.35,3.10.12,3.0.4,2,Intel(R) Xeon(R) CPU @ 2.60GHz,,,,,15.61648178100586,machine,Y,1.0
2025-08-08T10:41:53,scikit-learn-benchmark,d17edb53-a5b8-4647-8e88-562bd3e5dfc4,scikit-learn_SCL001_d880725b,1.0020470833405852,7.670694426519226e-08,7.655023954510166e-08,1.7272709000000002,0.0,10.0,2.404656798454729e-07,0.0,1.3915969640947878e-06,1.6320626439402607e-06,Canada,CAN,,gcp,northamerica-northeast2,Linux-6.8.0-1032-gcp-x86_64-with-glibc2.35,3.10.12,3.0.4,2,Intel(R) Xeon(R) CPU @ 2.60GHz,,,,,15.61648178100586,machine,Y,1.0
2025-08-08T10:41:55,scikit-learn-benchmark,55101c77-a1b1-4dbe-8fde-76303b2a52c7,scikit-learn_SCL001_d880725b,1.0021186820231378,7.670545946233633e-08,7.654328857284519e-08,1.7272709000000002,0.0,10.0,2.40471876708812e-07,0.0,1.3915591756813228e-06,1.6320310523901349e-06,Canada,CAN,,gcp,northamerica-northeast2,Linux-6.8.0-1032-gcp-x86_64-with-glibc2.35,3.10.12,3.0.4,2,Intel(R) Xeon(R) CPU @ 2.60GHz,,,,,15.61648178100586,machine,Y,1.0
2025-08-08T10:41:57,scikit-learn-benchmark,a50a6777-cd13-4f3f-af94-2092ec2a4079,scikit-learn_SCL001_d880725b,1.001594329252839,7.663136395605948e-08,7.650938280893054e-08,1.7272709000000002,0.0,10.0,2.402274627757775e-07,0.0,1.3902270894808072e-06,1.630454552256585e-06,Canada,CAN,,gcp,northamerica-northeast2,Linux-6.8.0-1032-gcp-x86_64-with-glibc2.35,3.10.12,3.0.4,2,Intel(R) Xeon(R) CPU @ 2.60GHz,,,,,15.61648178100586,machine,Y,1.0
2025-08-08T10:42:00,scikit-learn-benchmark,1747f660-fad1-4116-8390-e8b7ae27d35f,scikit-learn_SCL001_d880725b,1.0021729851141572,7.653092868824025e-08,7.63649887045425e-08,1.7000000000000002,0.0,10.0,2.3668180684196866e-07,0.0,1.3916358248227177e-06,1.628317631664686e-06,Canada,CAN,,gcp,northamerica-northeast2,Linux-6.8.0-1032-gcp-x86_64-with-glibc2.35,3.10.12,3.0.4,2,Intel(R) Xeon(R) CPU @ 2.60GHz,,,,,15.61648178100586,machine,Y,1.0
2025-08-08T10:42:02,scikit-learn-benchmark,11c82c73-ec9d-4f52-95d4-384c30ca9681,scikit-learn_SCL001_d880725b,1.001656532753259,7.670760874708807e-08,7.658075022606946e-08,1.7272709000000002,0.0,10.0,2.4047593854092564e-07,0.0,1.391600843312012e-06,1.6320767818529376e-06,Canada,CAN,,gcp,northamerica-northeast2,Linux-6.8.0-1032-gcp-x86_64-with-glibc2.35,3.10.12,3.0.4,2,Intel(R) Xeon(R) CPU @ 2.60GHz,,,,,15.61648178100586,machine,Y,1.0
2025-08-08T10:42:04,scikit-learn-benchmark,8ab2f383-8b1e-4ebe-8ef7-ffbe1a4c5db9,scikit-learn_SCL001_d880725b,1.003024045843631,7.652716127731322e-08,7.629643735305186e-08,1.7000000000000002,0.0,10.0,2.366695412848559e-07,0.0,1.3915679327005317e-06,1.6282374739853871e-06,Canada,CAN,,gcp,northamerica-northeast2,Linux-6.8.0-1032-gcp-x86_64-with-glibc2.35,3.10.12,3.0.4,2,Intel(R) Xeon(R) CPU @ 2.60GHz,,,,,15.61648178100586,machine,Y,1.0
2025-08-08T10:42:06,scikit-learn-benchmark,bd73f08d-8c94-4bcc-81b0-e11c9deaa197,scikit-learn_SCL001_d880725b,1.0020940508693457,7.634878141976146e-08,7.618923728119799e-08,1.6732691000000002,0.0,10.0,2.3294350004424245e-07,0.0,1.3914986578230228e-06,1.6244421578672652e-06,Canada,CAN,,gcp,northamerica-northeast2,Linux-6.8.0-1032-gcp-x86_64-with-glibc2.35,3.10.12,3.0.4,2,Intel(R) Xeon(R) CPU @ 2.60GHz,,,,,15.61648178100586,machine,Y,1.0
2025-08-08T10:42:08,scikit-learn-benchmark,80158f59-8f63-48a2-833b-b86b1a0c3de3,scikit-learn_SCL001_d880725b,1.002036098856479,7.63484057019363e-08,7.619326867471634e-08,1.6732691000000002,0.0,10.0,2.329343393077369e-07,0.0,1.3914998245632485e-06,1.6244341638709851e-06,Canada,CAN,,gcp,northamerica-northeast2,Linux-6.8.0-1032-gcp-x86_64-with-glibc2.35,3.10.12,3.0.4,2,Intel(R) Xeon(R) CPU @ 2.60GHz,,,,,15.61648178100586,machine,Y,1.0
2025-08-08T10:42:10,scikit-learn-benchmark,839bc859-2ba7-4fb1-90f0-7eb105c9929f,scikit-learn_SCL001_d880725b,1.0020931102335453,7.670254130402033e-08,7.654232977027879e-08,1.7272709000000002,0.0,10.0,2.404583321297016e-07,0.0,1.3915106317856246e-06,1.6319689639153262e-06,Canada,CAN,,gcp,northamerica-northeast2,Linux-6.8.0-1032-gcp-x86_64-with-glibc2.35,3.10.12,3.0.4,2,Intel(R) Xeon(R) CPU @ 2.60GHz,,,,,15.61648178100586,machine,Y,1.0
2025-08-08T10:42:13,scikit-learn-benchmark,047fc48e-b2ba-4082-8c09-517271b34b19,scikit-learn_SCL001_d880725b,1.0021866341121497,7.636081519091861e-08,7.619420634018702e-08,1.6732691000000002,0.0,10.0,2.3298542537502905e-07,0.0,1.3917127701764307e-06,1.6246981955514595e-06,Canada,CAN,,gcp,northamerica-northeast2,Linux-6.8.0-1032-gcp-x86_64-with-glibc2.35,3.10.12,3.0.4,2,Intel(R) Xeon(R) CPU @ 2.60GHz,,,,,15.61648178100586,machine,Y,1.0
2025-08-08T10:42:15,scikit-learn-benchmark,201d3286-c191-41c8-b56b-782b8bb0d615,scikit-learn_SCL001_d880725b,1.001852481160313,7.65366573892663e-08,7.639513683753524e-08,1.7000000000000002,0.0,10.0,2.3670192641050866e-07,0.0,1.3917375925100512e-06,1.6284395189205598e-06,Canada,CAN,,gcp,northamerica-northeast2,Linux-6.8.0-1032-gcp-x86_64-with-glibc2.35,3.10.12,3.0.4,2,Intel(R) Xeon(R) CPU @ 2.60GHz,,,,,15.61648178100586,machine,Y,1.0
2025-08-08T10:42:17,scikit-learn-benchmark,cf31c15f-08a1-4364-879b-ce6669335187,scikit-learn_SCL001_d880725b,1.002119495999068,7.652522917108664e-08,7.63633772984273e-08,1.7000000000000002,0.0,10.0,2.3666795693700099e-07,0.0,1.3915284084052676e-06,1.6281963653422686e-06,Canada,CAN,,gcp,northamerica-northeast2,Linux-6.8.0-1032-gcp-x86_64-with-glibc2.35,3.10.12,3.0.4,2,Intel(R) Xeon(R) CPU @ 2.60GHz,,,,,15.61648178100586,machine,Y,1.0
2025-08-08T10:42:19,scikit-learn-benchmark,c44ea104-40e8-4369-aa34-2886605bbebe,scikit-learn_SCL001_d880725b,1.0021378421224654,7.652707304722736e-08,7.63638192577857e-08,1.7000000000000002,0.0,10.0,2.36680055813243e-07,0.0,1.3915555409362749e-06,1.6282355967495175e-06,Canada,CAN,,gcp,northamerica-northeast2,Linux-6.8.0-1032-gcp-x86_64-with-glibc2.35,3.10.12,3.0.4,2,Intel(R) Xeon(R) CPU @ 2.60GHz,,,,,15.61648178100586,machine,Y,1.0
2025-08-08T10:42:21,scikit-learn-benchmark,42ec6003-bad1-40db-9a94-a423eaa130bf,scikit-learn_SCL001_d880725b,1.0022183912806213,7.653920872870367e-08,7.636979065102057e-08,1.7000000000000002,0.0,10.0,2.3671097511477362e-07,0.0,1.3917828276236024e-06,1.628493802738376e-06,Canada,CAN,,gcp,northamerica-northeast2,Linux-6.8.0-1032-gcp-x86_64-with-glibc2.35,3.10.12,3.0.4,2,Intel(R) Xeon(R) CPU @ 2.60GHz,,,,,15.61648178100586,machine,Y,1.0
2025-08-08T10:42:23,scikit-learn-benchmark,3001d5a8-cbbd-4b1b-a8fc-1eca25f71f3c,scikit-learn_SCL001_d880725b,1.0021229214034977,7.653027005157329e-08,7.636814647886789e-08,1.7000000000000002,0.0,10.0,2.3668084215993682e-07,0.0,1.391622775958644e-06,1.6283036181185807e-06,Canada,CAN,,gcp,northamerica-northeast2,Linux-6.8.0-1032-gcp-x86_64-with-glibc2.35,3.10.12,3.0.4,2,Intel(R) Xeon(R) CPU @ 2.60GHz,,,,,15.61648178100586,machine,Y,1.0
2025-08-08T10:42:25,scikit-learn-benchmark,128cab5e-b8f7-4457-aeb9-f67e786b04fa,scikit-learn_SCL001_d880725b,1.0021704877726734,7.671215763383166e-08,7.654601544326518e-08,1.7272709000000002,0.0,10.0,2.404917888465164e-07,0.0,1.391681777830753e-06,1.6321735666772694e-06,Canada,CAN,,gcp,northamerica-northeast2,Linux-6.8.0-1032-gcp-x86_64-with-glibc2.35,3.10.12,3.0.4,2,Intel(R) Xeon(R) CPU @ 2.60GHz,,,,,15.61648178100586,machine,Y,1.0
2025-08-08T10:42:28,scikit-learn-benchmark,422b3cbd-53cc-47e6-af26-c5e6ac615fb8,scikit-learn_SCL001_d880725b,1.0017953249625862,7.689013935581646e-08,7.675234395677387e-08,1.7550872000000004,0.0,10.0,2.443494895340076e-07,0.0,1.3916109222918748e-06,1.6359604118258825e-06,Canada,CAN,,gcp,northamerica-northeast2,Linux-6.8.0-1032-gcp-x86_64-with-glibc2.35,3.10.12,3.0.4,2,Intel(R) Xeon(R) CPU @ 2.60GHz,,,,,15.61648178100586,machine,Y,1.0
2025-08-08T10:42:30,scikit-learn-benchmark,8d1a45b5-3d74-473b-97a8-10412dd24080,scikit-learn_SCL001_d880725b,1.0028711999766529,7.681697477735475e-08,7.65970493311036e-08,1.7272709000000002,0.0,10.0,2.408223855626014e-07,0.0,1.3935813331045211e-06,1.6344037186671224e-06,Canada,CAN,,gcp,northamerica-northeast2,Linux-6.8.0-1032-gcp-x86_64-with-glibc2.35,3.10.12,3.0.4,2,Intel(R) Xeon(R) CPU @ 2.60GHz,,,,,15.61648178100586,machine,Y,1.0
2025-08-08T10:42:32,scikit-learn-benchmark,39f8707f-bcb2-4932-b440-b2864f1f9af9,scikit-learn_SCL001_d880725b,1.0017068549059331,7.670386879412685e-08,7.657316950409593e-08,1.7272709000000002,0.0,10.0,2.404615136747676e-07,0.0,1.3915356947109103e-06,1.631997208385678e-06,Canada,CAN,,gcp,northamerica-northeast2,Linux-6.8.0-1032-gcp-x86_64-with-glibc2.35,3.10.12,3.0.4,2,Intel(R) Xeon(R) CPU @ 2.60GHz,,,,,15.61648178100586,machine,Y,1.0
2025-08-08T10:42:34,scikit-learn-benchmark,0504399a-e2e5-4cf7-ad5d-855db360cb3e,scikit-learn_SCL001_d880725b,1.00231111375615,7.636413812476417e-08,7.618805885389257e-08,1.6732691000000002,0.0,10.0,2.330151944679933e-07,0.0,1.3917537018035849e-06,1.6247688962715782e-06,Canada,CAN,,gcp,northamerica-northeast2,Linux-6.8.0-1032-gcp-x86_64-with-glibc2.35,3.10.12,3.0.4,2,Intel(R) Xeon(R) CPU @ 2.60GHz,,,,,15.61648178100586,machine,Y,1.0
2025-08-08T10:42:36,scikit-learn-benchmark,610ba2b8-02de-4bbc-9b21-628256ccafb7,scikit-learn_SCL001_d880725b,1.0016940687783062,7.550709266340375e-08,7.537939478417229e-08,1.5475256,0.0,10.0,2.1538132879716045e-07,0.0,1.3911525576582385e-06,1.6065338864553989e-06,Canada,CAN,,gcp,northamerica-northeast2,Linux-6.8.0-1032-gcp-x86_64-with-glibc2.35,3.10.12,3.0.4,2,Intel(R) Xeon(R) CPU @ 2.60GHz,,,,,15.61648178100586,machine,Y,1.0
2025-08-08T10:42:38,scikit-learn-benchmark,6fff7102-b826-426f-b0c4-c8b670ff8a46,scikit-learn_SCL001_d880725b,1.0018160077743232,7.705181470887285e-08,7.69121416616754e-08,1.7834543000000005,0.0,10.0,2.482171988615305e-07,0.0,1.3911831140932112e-06,1.6394003129547417e-06,Canada,CAN,,gcp,northamerica-northeast2,Linux-6.8.0-1032-gcp-x86_64-with-glibc2.35,3.10.12,3.0.4,2,Intel(R) Xeon(R) CPU @ 2.60GHz,,,,,15.61648178100586,machine,Y,1.0
2025-08-08T10:42:41,scikit-learn-benchmark,33e80ab0-fb77-4558-a750-e73358f76929,scikit-learn_SCL001_d880725b,1.002167741768062,7.569315030792819e-08,7.552942202508682e-08,1.5716375,0.0,10.0,2.188384266708229e-07,0.0,1.39165413307233e-06,1.6104925597431527e-06,Canada,CAN,,gcp,northamerica-northeast2,Linux-6.8.0-1032-gcp-x86_64-with-glibc2.35,3.10.12,3.0.4,2,Intel(R) Xeon(R) CPU @ 2.60GHz,,,,,15.61648178100586,machine,Y,1.0
2025-08-08T10:42:43,scikit-learn-benchmark,0e2b670d-2586-4715-9700-d922a86f245b,scikit-learn_SCL001_d880725b,1.002449661958963,7.773862999488895e-08,7.754866198764935e-08,1.8779932952,0.0,10.0,2.616321034625089e-07,0.0,1.3923813006840646e-06,1.6540134041465734e-06,Canada,CAN,,gcp,northamerica-northeast2,Linux-6.8.0-1032-gcp-x86_64-with-glibc2.35,3.10.12,3.0.4,2,Intel(R) Xeon(R) CPU @ 2.60GHz,,,,,15.61648178100586,machine,Y,1.0
2025-08-08T10:42:45,scikit-learn-benchmark,9464807b-ab17-4131-ac7f-26fc7dcd76b5,scikit-learn_SCL001_d880725b,1.0021766042336822,7.769814424625801e-08,7.752939344026115e-08,1.8779932952,0.0,10.0,2.6150160780552935e-07,0.0,1.3916503974340029e-06,1.6531520052395322e-06,Canada,CAN,,gcp,northamerica-northeast2,Linux-6.8.0-1032-gcp-x86_64-with-glibc2.35,3.10.12,3.0.4,2,Intel(R) Xeon(R) CPU @ 2.60GHz,,,,,15.61648178100586,machine,Y,1.0
2025-08-08T10:42:47,scikit-learn-benchmark,4f101450-8578-48fd-bbcc-c0536762a9c0,scikit-learn_SCL001_d880725b,1.0027203052304683,7.649399507626529e-08,7.628647258587595e-08,1.7000000000000002,0.0,10.0,2.3656279933897574e-07,0.0,1.3909690107943284e-06,1.627531810133304e-06,Canada,CAN,,gcp,northamerica-northeast2,Linux-6.8.0-1032-gcp-x86_64-with-glibc2.35,3.10.12,3.0.4,2,Intel(R) Xeon(R) CPU @ 2.60GHz,,,,,15.61648178100586,machine,Y,1.0
2025-08-08T10:42:49,scikit-learn-benchmark,358d9216-93b2-4875-9adc-49beb2152fd8,scikit-learn_SCL001_d880725b,1.002084102947265,7.67030559094499e-08,7.654353131025216e-08,1.7272709000000002,0.0,10.0,2.404559412790169e-07,0.0,1.3915239716880025e-06,1.6319799129670192e-06,Canada,CAN,,gcp,northamerica-northeast2,Linux-6.8.0-1032-gcp-x86_64-with-glibc2.35,3.10.12,3.0.4,2,Intel(R) Xeon(R) CPU @ 2.60GHz,,,,,15.61648178100586,machine,Y,1.0
2025-08-08T10:42:51,scikit-learn-benchmark,a1359247-756d-4a24-ac2c-5dad35a5d025,scikit-learn_SCL001_d880725b,1.0021225409582255,7.65290067888305e-08,7.63669148841356e-08,1.7000000000000002,0.0,10.0,2.366761801531539e-07,0.0,1.3916005600347288e-06,1.6282767401878828e-06,Canada,CAN,,gcp,northamerica-northeast2,Linux-6.8.0-1032-gcp-x86_64-with-glibc2.35,3.10.12,3.0.4,2,Intel(R) Xeon(R) CPU @ 2.60GHz,,,,,15.61648178100586,machine,Y,1.0
2025-08-08T10:42:54,scikit-learn-benchmark,2e1c9f2c-3cf1-4bb3-92e1-6696a8f05888,scikit-learn_SCL001_d880725b,1.0020059472881258,7.65089214737527e-08,7.635575585236786e-08,1.7000000000000002,0.0,10.0,2.3661614535376442e-07,0.0,1.391233247704804e-06,1.6278493930585683e-06,Canada,CAN,,gcp,northamerica-northeast2,Linux-6.8.0-1032-gcp-x86_64-with-glibc2.35,3.10.12,3.0.4,2,Intel(R) Xeon(R) CPU @ 2.60GHz,,,,,15.61648178100586,machine,Y,1.0
2025-08-08T10:42:56,scikit-learn-benchmark,585fae44-e289-407f-8106-ee66c122a1fe,scikit-learn_SCL001_d880725b,1.0021409150213003,7.652752420689083e-08,7.636403529663716e-08,1.7000000000000002,0.0,10.0,2.3667858515141738e-07,0.0,1.3915666107398769e-06,1.6282451958912943e-06,Canada,CAN,,gcp,northamerica-northeast2,Linux-6.8.0-1032-gcp-x86_64-with-glibc2.35,3.10.12,3.0.4,2,Intel(R) Xeon(R) CPU @ 2.60GHz,,,,,15.61648178100586,machine,Y,1.0
2025-08-08T10:42:58,scikit-learn-benchmark,42d5ce5f-39a9-473e-b757-161e239a0f0d,scikit-learn_SCL001_d880725b,1.0020733368583024,7.652532857705631e-08,7.6366994073486e-08,1.7000000000000002,0.0,10.0,2.3666562230533202e-07,0.0,1.3915328580575685e-06,1.6281984803629004e-06,Canada,CAN,,gcp,northamerica-northeast2,Linux-6.8.0-1032-gcp-x86_64-with-glibc2.35,3.10.12,3.0.4,2,Intel(R) Xeon(R) CPU @ 2.60GHz,,,,,15.61648178100586,machine,Y,1.0
2025-08-08T10:43:00,scikit-learn-benchmark,23a66c4b-f868-4129-a1e2-025400041cbb,scikit-learn_SCL001_d880725b,1.0021551959216597,7.652789993374609e-08,7.636332201357805e-08,1.7000000000000002,0.0,10.0,2.3667374261034045e-07,0.0,1.3915794474693636e-06,1.628253190079704e-06,Canada,CAN,,gcp,northamerica-northeast2,Linux-6.8.0-1032-gcp-x86_64-with-glibc2.35,3.10.12,3.0.4,2,Intel(R) Xeon(R) CPU @ 2.60GHz,,,,,15.61648178100586,machine,Y,1.0
2025-08-08T10:43:02,scikit-learn-benchmark,9a52ee59-10c1-42e7-b9d9-e9e26b2ce036,scikit-learn_SCL001_d880725b,1.0021675191819668,7.653159575287201e-08,7.636607082949764e-08,1.7000000000000002,0.0,10.0,2.3668805759451882e-07,0.0,1.391643766934673e-06,1.6283318245291918e-06,Canada,CAN,,gcp,northamerica-northeast2,Linux-6.8.0-1032-gcp-x86_64-with-glibc2.35,3.10.12,3.0.4,2,Intel(R) Xeon(R) CPU @ 2.60GHz,,,,,15.61648178100586,machine,Y,1.0
2025-08-08T10:43:04,scikit-learn-benchmark,d079b8b5-d9e1-4890-bf3f-61960590f982,scikit-learn_SCL001_d880725b,1.0021583097986877,7.653223298495223e-08,7.636740845897483e-08,1.7000000000000002,0.0,10.0,2.366888630721305e-07,0.0,1.3916565195864277e-06,1.628345382658558e-06,Canada,CAN,,gcp,northamerica-northeast2,Linux-6.8.0-1032-gcp-x86_64-with-glibc2.35,3.10.12,3.0.4,2,Intel(R) Xeon(R) CPU @ 2.60GHz,,,,,15.61648178100586,machine,Y,1.0
2025-08-08T10:43:07,scikit-learn-benchmark,4ad53b31-c5a9-42c1-b79f-7ea86fbea69a,scikit-learn_SCL001_d880725b,1.002091975416988,7.652814192570643e-08,7.636838114970606e-08,1.7000000000000002,0.0,10.0,2.366750936489553e-07,0.0,1.3915832451958624e-06,1.6282583388448175e-06,Canada,CAN,,gcp,northamerica-northeast2,Linux-6.8.0-1032-gcp-x86_64-with-glibc2.35,3.10.12,3.0.4,2,Intel(R) Xeon(R) CPU @ 2.60GHz,,,,,15.61648178100586,machine,Y,1.0
2025-08-08T10:43:09,scikit-learn-benchmark,d90c0bd9-9f49-4d01-8690-cb8170a20058,scikit-learn_SCL001_d880725b,1.002165457699448,7.635908209223733e-08,7.61940870198478e-08,1.6732691000000002,0.0,10.0,2.329713579900514e-07,0.0,1.3916899631213812e-06,1.6246613211114323e-06,Canada,CAN,,gcp,northamerica-northeast2,Linux-6.8.0-1032-gcp-x86_64-with-glibc2.35,3.10.12,3.0.4,2,Intel(R) Xeon(R) CPU @ 2.60GHz,,,,,15.61648178100586,machine,Y,1.0
2025-08-08T10:43:11,scikit-learn-benchmark,133de442-8670-4987-9d70-4189423e18a5,scikit-learn_SCL001_d880725b,1.0021020988933742,7.652771890059942e-08,7.636718752022306e-08,1.7000000000000002,0.0,10.0,2.3667338330091706e-07,0.0,1.3915759550097088e-06,1.6282493383106258e-06,Canada,CAN,,gcp,northamerica-northeast2,Linux-6.8.0-1032-gcp-x86_64-with-glibc2.35,3.10.12,3.0.4,2,Intel(R) Xeon(R) CPU @ 2.60GHz,,,,,15.61648178100586,machine,Y,1.0
2025-08-08T10:43:13,scikit-learn-benchmark,b196582f-8ed4-4a2b-abdb-aed97d5c0c27,scikit-learn_SCL001_d880725b,1.0020890557207167,7.652463984885255e-08,7.636510888128094e-08,1.7000000000000002,0.0,10.0,2.366648465136273e-07,0.0,1.3915189800577032e-06,1.6281838265713306e-06,Canada,CAN,,gcp,northamerica-northeast2,Linux-6.8.0-1032-gcp-x86_64-with-glibc2.35,3.10.12,3.0.4,2,Intel(R) Xeon(R) CPU @ 2.60GHz,,,,,15.61648178100586,machine,Y,1.0
2025-08-08T10:43:15,scikit-learn-benchmark,6f06f8e3-8967-4dc7-9f68-45999bed0258,scikit-learn_SCL001_d880725b,1.0022151609882712,7.652937824242851e-08,7.636022804420949e-08,1.7000000000000002,0.0,10.0,2.366843912750483e-07,0.0,1.3916002521808775e-06,1.628284643455926e-06,Canada,CAN,,gcp,northamerica-northeast2,Linux-6.8.0-1032-gcp-x86_64-with-glibc2.35,3.10.12,3.0.4,2,Intel(R) Xeon(R) CPU @ 2.60GHz,,,,,15.61648178100586,machine,Y,1.0
2025-08-08T10:43:17,scikit-learn-benchmark,0d31e330-5050-424d-970f-86a0fb26b3cd,scikit-learn_SCL001_d880725b,1.002085151616484,7.652587552783856e-08,7.636663950602713e-08,1.7000000000000002,0.0,10.0,2.366638536849577e-07,0.0,1.3915462639286288e-06,1.6282101176135863e-06,Canada,CAN,,gcp,northamerica-northeast2,Linux-6.8.0-1032-gcp-x86_64-with-glibc2.35,3.10.12,3.0.4,2,Intel(R) Xeon(R) CPU @ 2.60GHz,,,,,15.61648178100586,machine,Y,1.0
2025-08-08T10:43:19,scikit-learn-benchmark,7b43c474-2d0b-458a-8b3b-2946c978b9f4,scikit-learn_SCL001_d880725b,1.0020947689190507,7.652533842032104e-08,7.636537061546397e-08,1.7000000000000002,0.0,10.0,2.366712347009323e-07,0.0,1.3915274550931322e-06,1.6281986897940643e-06,Canada,CAN,,gcp,northamerica-northeast2,Linux-6.8.0-1032-gcp-x86_64-with-glibc2.35,3.10.12,3.0.4,2,Intel(R) Xeon(R) CPU @ 2.60GHz,,,,,15.61648178100586,machine,Y,1.0
2025-08-08T10:43:22,scikit-learn-benchmark,ad830a52-dc21-4ee4-84d9-49f04e14bf20,scikit-learn_SCL001_d880725b,1.0021134628914297,7.707457275607246e-08,7.691202205156168e-08,1.7834543000000005,0.0,10.0,2.482955849393356e-07,0.0,1.3915889417856103e-06,1.639884526724946e-06,Canada,CAN,,gcp,northamerica-northeast2,Linux-6.8.0-1032-gcp-x86_64-with-glibc2.35,3.10.12,3.0.4,2,Intel(R) Xeon(R) CPU @ 2.60GHz,,,,,15.61648178100586,machine,Y,1.0
2025-08-08T10:43:24,scikit-learn-benchmark,b13d25a2-c780-47ca-80b1-1dbf2bd57817,scikit-learn_SCL001_d880725b,1.002176161389798,7.652456137995857e-08,7.635839319290516e-08,1.7000000000000002,0.0,10.0,2.366671958783021e-07,0.0,1.391514961142093e-06,1.6281821570203952e-06,Canada,CAN,,gcp,northamerica-northeast2,Linux-6.8.0-1032-gcp-x86_64-with-glibc2.35,3.10.12,3.0.4,2,Intel(R) Xeon(R) CPU @ 2.60GHz,,,,,15.61648178100586,machine,Y,1.0
2025-08-08T10:43:26,scikit-learn-benchmark,ac818cd8-fe62-40b4-b1c6-164c8215f9b2,scikit-learn_SCL001_d880725b,1.0019498909823596,7.652842280983976e-08,7.63794911288504e-08,1.7000000000000002,0.0,10.0,2.366743928416529e-07,0.0,1.391589922261321e-06,1.6282643151029738e-06,Canada,CAN,,gcp,northamerica-northeast2,Linux-6.8.0-1032-gcp-x86_64-with-glibc2.35,3.10.12,3.0.4,2,Intel(R) Xeon(R) CPU @ 2.60GHz,,,,,15.61648178100586,machine,Y,1.0
2025-08-08T10:43:28,scikit-learn-benchmark,de053034-050f-43a1-b864-70d8fce39fb1,scikit-learn_SCL001_d880725b,1.0022674249485135,7.652777981503298e-08,7.63546513735735e-08,1.7000000000000002,0.0,10.0,2.366737661391704e-07,0.0,1.3915768682232335e-06,1.628250634362404e-06,Canada,CAN,,gcp,northamerica-northeast2,Linux-6.8.0-1032-gcp-x86_64-with-glibc2.35,3.10.12,3.0.4,2,Intel(R) Xeon(R) CPU @ 2.60GHz,,,,,15.61648178100586,machine,Y,1.0
2025-08-08T10:43:30,scikit-learn-benchmark,9d6c86d8-7b25-4595-be28-71c96d97c62b,scikit-learn_SCL001_d880725b,1.0021392200142143,7.652597357869512e-08,7.63626171397719e-08,1.7000000000000002,0.0,10.0,2.366658428606267e-07,0.0,1.3915463609413968e-06,1.6282122038020236e-06,Canada,CAN,,gcp,northamerica-northeast2,Linux-6.8.0-1032-gcp-x86_64-with-glibc2.35,3.10.12,3.0.4,2,Intel(R) Xeon(R) CPU @ 2.60GHz,,,,,15.61648178100586,machine,Y,1.0
2025-08-08T10:43:32,scikit-learn-benchmark,d79243aa-51a5-4078-8bdf-6d77d89bc66d,scikit-learn_SCL001_d880725b,1.0021440139971671,7.653057877966462e-08,7.636684719036893e-08,1.7000000000000002,0.0,10.0,2.3668315392246266e-07,0.0,1.3916270328789125e-06,1.628310186801375e-06,Canada,CAN,,gcp,northamerica-northeast2,Linux-6.8.0-1032-gcp-x86_64-with-glibc2.35,3.10.12,3.0.4,2,Intel(R) Xeon(R) CPU @ 2.60GHz,,,,,15.61648178100586,machine,Y,1.0
2025-08-08T10:43:35,scikit-learn-benchmark,cfa972a9-3d95-4676-92ce-a59466ec0447,scikit-learn_SCL001_d880725b,1.0021314779296515,7.670420219934906e-08,7.654105662643759e-08,1.7272709000000002,0.0,10.0,2.404710663531972e-07,0.0,1.3915332357606126e-06,1.6320043021138098e-06,Canada,CAN,,gcp,northamerica-northeast2,Linux-6.8.0-1032-gcp-x86_64-with-glibc2.35,3.10.12,3.0.4,2,Intel(R) Xeon(R) CPU @ 2.60GHz,,,,,15.61648178100586,machine,Y,1.0
2025-08-08T10:43:37,scikit-learn-benchmark,2d45a8aa-6ff8-4b92-bc8c-ca3acc267235,scikit-learn_SCL001_d880725b,1.0021722093224523,7.65310710815118e-08,7.636518990409126e-08,1.7000000000000002,0.0,10.0,2.366866357495181e-07,0.0,1.3916340255592431e-06,1.6283206613087611e-06,Canada,CAN,,gcp,northamerica-northeast2,Linux-6.8.0-1032-gcp-x86_64-with-glibc2.35,3.10.12,3.0.4,2,Intel(R) Xeon(R) CPU @ 2.60GHz,,,,,15.61648178100586,machine,Y,1.0
2025-08-08T10:43:39,scikit-learn-benchmark,5a59cacf-86bf-4645-874b-df7b1c7c991a,scikit-learn_SCL001_d880725b,1.002130136359483,7.635557806969145e-08,7.619327600213118e-08,1.6732691000000002,0.0,10.0,2.3297091948675174e-07,0.0,1.3916158479534918e-06,1.6245867674402435e-06,Canada,CAN,,gcp,northamerica-northeast2,Linux-6.8.0-1032-gcp-x86_64-with-glibc2.35,3.10.12,3.0.4,2,Intel(R) Xeon(R) CPU @ 2.60GHz,,,,,15.61648178100586,machine,Y,1.0
2025-08-08T10:43:41,scikit-learn-benchmark,fc710976-6029-45aa-ac8c-2ffbb3e73f71,scikit-learn_SCL001_d880725b,1.0018023760057986,7.647943467544652e-08,7.634183797843563e-08,1.7000000000000002,0.0,10.0,2.365256844786928e-07,0.0,1.3906963298925095e-06,1.6272220143712023e-06,Canada,CAN,,gcp,northamerica-northeast2,Linux-6.8.0-1032-gcp-x86_64-with-glibc2.35,3.10.12,3.0.4,2,Intel(R) Xeon(R) CPU @ 2.60GHz,,,,,15.61648178100586,machine,Y,1.0
2025-08-08T10:43:43,scikit-learn-benchmark,cec1e5e7-77d7-412a-a7cf-2c9698ae4477,scikit-learn_SCL001_d880725b,1.002229304984212,7.639891948817893e-08,7.62289818390238e-08,1.6732691000000002,0.0,10.0,2.3309263661811481e-07,0.0,1.392416288662288e-06,1.6255089252804029e-06,Canada,CAN,,gcp,northamerica-northeast2,Linux-6.8.0-1032-gcp-x86_64-with-glibc2.35,3.10.12,3.0.4,2,Intel(R) Xeon(R) CPU @ 2.60GHz,,,,,15.61648178100586,machine,Y,1.0
2025-08-08T10:43:45,scikit-learn-benchmark,79b2b47c-6fd2-49f1-b650-fd22ae29edf0,scikit-learn_SCL001_d880725b,1.0018848828040063,7.631664869098175e-08,7.617307137861189e-08,1.6732691000000002,0.0,10.0,2.328421460451333e-07,0.0,1.3909163367417123e-06,1.6237584827868455e-06,Canada,CAN,,gcp,northamerica-northeast2,Linux-6.8.0-1032-gcp-x86_64-with-glibc2.35,3.10.12,3.0.4,2,Intel(R) Xeon(R) CPU @ 2.60GHz,,,,,15.61648178100586,machine,Y,1.0
2025-08-08T10:43:47,scikit-learn-benchmark,e3138427-5441-45f5-ad4a-5e293f3de50b,scikit-learn_SCL001_d880725b,1.0020106271840632,7.707060804016864e-08,7.691595872267255e-08,1.7834543000000005,0.0,10.0,2.482783465953516e-07,0.0,1.3915218244720664e-06,1.639800171067418e-06,Canada,CAN,,gcp,northamerica-northeast2,Linux-6.8.0-1032-gcp-x86_64-with-glibc2.35,3.10.12,3.0.4,2,Intel(R) Xeon(R) CPU @ 2.60GHz,,,,,15.61648178100586,machine,Y,1.0
2025-08-08T10:43:50,scikit-learn-benchmark,e72fe6fe-0b96-4197-9bbc-558cb56f1ac6,scikit-learn_SCL001_d880725b,1.0021687489934266,7.653245932471733e-08,7.63668388198955e-08,1.7000000000000002,0.0,10.0,2.3669491152072122e-07,0.0,1.3916552868775195e-06,1.6283501983982407e-06,Canada,CAN,,gcp,northamerica-northeast2,Linux-6.8.0-1032-gcp-x86_64-with-glibc2.35,3.10.12,3.0.4,2,Intel(R) Xeon(R) CPU @ 2.60GHz,,,,,15.61648178100586,machine,Y,1.0
2025-08-08T10:43:52,scikit-learn-benchmark,08ecff42-2c9c-45de-b250-409d54b1c980,scikit-learn_SCL001_d880725b,1.0020885872654617,7.65261182621018e-08,7.636661991224672e-08,1.7000000000000002,0.0,10.0,2.366673185800513e-07,0.0,1.3915479635923271e-06,1.6282152821723787e-06,Canada,CAN,,gcp,northamerica-northeast2,Linux-6.8.0-1032-gcp-x86_64-with-glibc2.35,3.10.12,3.0.4,2,Intel(R) Xeon(R) CPU @ 2.60GHz,,,,,15.61648178100586,machine,Y,1.0
2025-08-08T10:43:54,scikit-learn-benchmark,b9048de6-2a31-4b61-98f8-df4c25319370,scikit-learn_SCL001_d880725b,1.0021305559203029,7.652398133377496e-08,7.63612893366967e-08,1.7000000000000002,0.0,10.0,2.3666834571243575e-07,0.0,1.3915014698997968e-06,1.6281698156122329e-06,Canada,CAN,,gcp,northamerica-northeast2,Linux-6.8.0-1032-gcp-x86_64-with-glibc2.35,3.10.12,3.0.4,2,Intel(R) Xeon(R) CPU @ 2.60GHz,,,,,15.61648178100586,machine,Y,1.0
2025-08-08T10:43:56,scikit-learn-benchmark,b41a2746-a521-4c46-ab72-7631d6746fbf,scikit-learn_SCL001_d880725b,1.00220991903916,7.653131968853997e-08,7.636256460314438e-08,1.7000000000000002,0.0,10.0,2.3669548368909293e-07,0.0,1.391630467130906e-06,1.6283259508199989e-06,Canada,CAN,,gcp,northamerica-northeast2,Linux-6.8.0-1032-gcp-x86_64-with-glibc2.35,3.10.12,3.0.4,2,Intel(R) Xeon(R) CPU @ 2.60GHz,,,,,15.61648178100586,machine,Y,1.0
2025-08-08T10:43:58,scikit-learn-benchmark,6ad54839-9cb3-4968-82ec-f831e6dd88c4,scikit-learn_SCL001_d880725b,1.0021708109416068,7.671194518474571e-08,7.654577877065656e-08,1.7272709000000002,0.0,10.0,2.404899319770611e-07,0.0,1.3916791145068903e-06,1.6321690464839514e-06,Canada,CAN,,gcp,northamerica-northeast2,Linux-6.8.0-1032-gcp-x86_64-with-glibc2.35,3.10.12,3.0.4,2,Intel(R) Xeon(R) CPU @ 2.60GHz,,,,,15.61648178100586,machine,Y,1.0
2025-08-08T10:44:00,scikit-learn-benchmark,1a755c06-5fef-4548-a197-b6947d801cd5,scikit-learn_SCL001_d880725b,1.0021337745711207,7.652897278272496e-08,7.63660249006943e-08,1.7000000000000002,0.0,10.0,2.366782234231424e-07,0.0,1.39159779323058e-06,1.6282760166537224e-06,Canada,CAN,,gcp,northamerica-northeast2,Linux-6.8.0-1032-gcp-x86_64-with-glibc2.35,3.10.12,3.0.4,2,Intel(R) Xeon(R) CPU @ 2.60GHz,,,,,15.61648178100586,machine,Y,1.0
2025-08-08T10:44:03,scikit-learn-benchmark,0a5646ef-0f11-4074-87dc-a658678ea213,scikit-learn_SCL001_d880725b,1.0018607969395816,7.689246516364649e-08,7.674964965046293e-08,1.7550872000000004,0.0,10.0,2.443548327039567e-07,0.0,1.3916550643949043e-06,1.6360098970988611e-06,Canada,CAN,,gcp,northamerica-northeast2,Linux-6.8.0-1032-gcp-x86_64-with-glibc2.35,3.10.12,3.0.4,2,Intel(R) Xeon(R) CPU @ 2.60GHz,,,,,15.61648178100586,machine,Y,1.0
2025-08-08T10:44:05,scikit-learn-benchmark,b206634d-bfc5-40aa-a18a-d5c151e41ecd,scikit-learn_SCL001_d880725b,1.0021198634058237,7.635436584711255e-08,7.619284741808543e-08,1.6732691000000002,0.0,10.0,2.3295618309205082e-07,0.0,1.3916047923784289e-06,1.6245609754704797e-06,Canada,CAN,,gcp,northamerica-northeast2,Linux-6.8.0-1032-gcp-x86_64-with-glibc2.35,3.10.12,3.0.4,2,Intel(R) Xeon(R) CPU @ 2.60GHz,,,,,15.61648178100586,machine,Y,1.0
2025-08-08T10:44:07,scikit-learn-benchmark,7b3d7a11-d23c-4e8a-ab0d-0a21562e7201,scikit-learn_SCL001_d880725b,1.0025632898323238,7.652860511177119e-08,7.633294165854646e-08,1.7000000000000002,0.0,10.0,2.3668884987839402e-07,0.0,1.3915793439890777e-06,1.6282681938674715e-06,Canada,CAN,,gcp,northamerica-northeast2,Linux-6.8.0-1032-gcp-x86_64-with-glibc2.35,3.10.12,3.0.4,2,Intel(R) Xeon(R) CPU @ 2.60GHz,,,,,15.61648178100586,machine,Y,1.0
2025-08-08T10:44:09,scikit-learn-benchmark,83712b5b-d5e2-485b-96be-3c2fbb73943b,scikit-learn_SCL001_d880725b,1.0016248561441898,7.648015057278747e-08,7.635608292230489e-08,1.7000000000000002,0.0,10.0,2.3655002648269562e-07,0.0,1.390687219746825e-06,1.6272372462295204e-06,Canada,CAN,,gcp,northamerica-northeast2,Linux-6.8.0-1032-gcp-x86_64-with-glibc2.35,3.10.12,3.0.4,2,Intel(R) Xeon(R) CPU @ 2.60GHz,,,,,15.61648178100586,machine,Y,1.0
2025-08-08T10:44:11,scikit-learn-benchmark,57035697-0928-49e6-804d-271ca18fdb73,scikit-learn_SCL001_d880725b,1.002183513250202,7.653004289898348e-08,7.63633026158925e-08,1.7000000000000002,0.0,10.0,2.366823007275041e-07,0.0,1.391616484357251e-06,1.628298785084755e-06,Canada,CAN,,gcp,northamerica-northeast2,Linux-6.8.0-1032-gcp-x86_64-with-glibc2.35,3.10.12,3.0.4,2,Intel(R) Xeon(R) CPU @ 2.60GHz,,,,,15.61648178100586,machine,Y,1.0
2025-08-08T10:44:13,scikit-learn-benchmark,7c3ea7ac-f304-4b99-b914-33c3b48fb2d7,scikit-learn_SCL001_d880725b,1.0021519102156162,7.670672061068937e-08,7.654200907942754e-08,1.7272709000000002,0.0,10.0,2.404720078581768e-07,0.0,1.3915858774756391e-06,1.632057885333816e-06,Canada,CAN,,gcp,northamerica-northeast2,Linux-6.8.0-1032-gcp-x86_64-with-glibc2.35,3.10.12,3.0.4,2,Intel(R) Xeon(R) CPU @ 2.60GHz,,,,,15.61648178100586,machine,Y,1.0
2025-08-08T10:44:16,scikit-learn-benchmark,6a693c0f-4659-4168-bd78-3fdef2b743c2,scikit-learn_SCL001_d880725b,1.0022341678850353,7.653122541364026e-08,7.636062296213695e-08,1.7000000000000002,0.0,10.0,2.366861902410165e-07,0.0,1.3916377547300525e-06,1.6283239449710688e-06,Canada,CAN,,gcp,northamerica-northeast2,Linux-6.8.0-1032-gcp-x86_64-with-glibc2.35,3.10.12,3.0.4,2,Intel(R) Xeon(R) CPU @ 2.60GHz,,,,,15.61648178100586,machine,Y,1.0
2025-08-08T10:44:18,scikit-learn-benchmark,a2cd8ed6-19ab-412e-b934-a789363a2149,scikit-learn_SCL001_d880725b,1.0021266248077154,7.653206839007583e-08,7.636965877915934e-08,1.7000000000000002,0.0,10.0,2.366844724165276e-07,0.0,1.3916574082233838e-06,1.6283418806399114e-06,Canada,CAN,,gcp,northamerica-northeast2,Linux-6.8.0-1032-gcp-x86_64-with-glibc2.35,3.10.12,3.0.4,2,Intel(R) Xeon(R) CPU @ 2.60GHz,,,,,15.61648178100586,machine,Y,1.0
2025-08-08T10:44:20,scikit-learn-benchmark,def0a0ef-3385-4de3-97bf-299e5e9e1502,scikit-learn_SCL001_d880725b,1.0020616962574422,7.688479695336494e-08,7.6726609988705e-08,1.7550872000000004,0.0,10.0,2.443277041297478e-07,0.0,1.3915190395588675e-06,1.6358467436886157e-06,Canada,CAN,,gcp,northamerica-northeast2,Linux-6.8.0-1032-gcp-x86_64-with-glibc2.35,3.10.12,3.0.4,2,Intel(R) Xeon(R) CPU @ 2.60GHz,,,,,15.61648178100586,machine,Y,1.0
2025-08-08T10:44:22,scikit-learn-benchmark,c4591a77-6823-4d18-9c14-6d1e5af6208f,scikit-learn_SCL001_d880725b,1.0020478330552578,7.653158990564084e-08,7.637518627458629e-08,1.7000000000000002,0.0,10.0,2.366883975531285e-07,0.0,1.3916433025668894e-06,1.628331700120018e-06,Canada,CAN,,gcp,northamerica-northeast2,Linux-6.8.0-1032-gcp-x86_64-with-glibc2.35,3.10.12,3.0.4,2,Intel(R) Xeon(R) CPU @ 2.60GHz,,,,,15.61648178100586,machine,Y,1.0
2025-08-08T10:44:24,scikit-learn-benchmark,bcfaf24e-206d-4e7d-9caa-c39236f09c70,scikit-learn_SCL001_d880725b,1.002199602779001,7.653233221340148e-08,7.636436095283299e-08,1.7000000000000002,0.0,10.0,2.3669029393285098e-07,0.0,1.3916571999693083e-06,1.6283474939021593e-06,Canada,CAN,,gcp,northamerica-northeast2,Linux-6.8.0-1032-gcp-x86_64-with-glibc2.35,3.10.12,3.0.4,2,Intel(R) Xeon(R) CPU @ 2.60GHz,,,,,15.61648178100586,machine,Y,1.0
2025-08-08T10:44:27,scikit-learn-benchmark,c3af0ec3-54f6-4d5a-b36f-8f7b7b5f7874,scikit-learn_SCL001_d880725b,1.0021562473848462,7.671052949049052e-08,7.654547850264739e-08,1.7272709000000002,0.0,10.0,2.404853057781752e-07,0.0,1.3916536195514103e-06,1.6321389253295857e-06,Canada,CAN,,gcp,northamerica-northeast2,Linux-6.8.0-1032-gcp-x86_64-with-glibc2.35,3.10.12,3.0.4,2,Intel(R) Xeon(R) CPU @ 2.60GHz,,,,,15.61648178100586,machine,Y,1.0
2025-08-08T10:44:29,scikit-learn-benchmark,9f434256-534e-48ac-ade0-784137f14c5e,scikit-learn_SCL001_d880725b,1.0022580660879612,7.67245456336789e-08,7.65516868655915e-08,1.7272709000000002,0.0,10.0,2.405319247971616e-07,0.0,1.3919052163449426e-06,1.6324371411421042e-06,Canada,CAN,,gcp,northamerica-northeast2,Linux-6.8.0-1032-gcp-x86_64-with-glibc2.35,3.10.12,3.0.4,2,Intel(R) Xeon(R) CPU @ 2.60GHz,,,,,15.61648178100586,machine,Y,1.0
2025-08-08T10:44:31,scikit-learn-benchmark,ca30f518-f4ad-4751-b1ef-370f323d9426,scikit-learn_SCL001_d880725b,1.0022084582597015,7.653357998687877e-08,7.636493122376609e-08,1.7000000000000002,0.0,10.0,2.3670605319138205e-07,0.0,1.3916679890826344e-06,1.6283740422740164e-06,Canada,CAN,,gcp,northamerica-northeast2,Linux-6.8.0-1032-gcp-x86_64-with-glibc2.35,3.10.12,3.0.4,2,Intel(R) Xeon(R) CPU @ 2.60GHz,,,,,15.61648178100586,machine,Y,1.0
2025-08-08T10:44:33,scikit-learn-benchmark,3bf496e4-270b-4597-8599-162061f2367a,scikit-learn_SCL001_d880725b,1.0021421322599051,7.671067179473024e-08,7.654669864217957e-08,1.7272709000000002,0.0,10.0,2.404863221298961e-07,0.0,1.3916556309494707e-06,1.6321419530793668e-06,Canada,CAN,,gcp,northamerica-northeast2,Linux-6.8.0-1032-gcp-x86_64-with-glibc2.35,3.10.12,3.0.4,2,Intel(R) Xeon(R) CPU @ 2.60GHz,,,,,15.61648178100586,machine,Y,1.0
2025-08-08T10:44:35,scikit-learn-benchmark,9863d7c7-0956-4b34-ad75-bb20f8682261,scikit-learn_SCL001_d880725b,1.0020354529842734,7.741723416856555e-08,7.725997512163931e-08,1.8359203328,0.0,10.0,2.5559844844196545e-07,0.0,1.391576746633897e-06,1.6471751950758626e-06,Canada,CAN,,gcp,northamerica-northeast2,Linux-6.8.0-1032-gcp-x86_64-with-glibc2.35,3.10.12,3.0.4,2,Intel(R) Xeon(R) CPU @ 2.60GHz,,,,,15.61648178100586,machine,Y,1.0
2025-08-08T10:44:38,scikit-learn-benchmark,875479a2-095a-4713-be76-36ae60897aa4,scikit-learn_SCL001_d880725b,1.002790665719658,7.686876064469344e-08,7.66548426031949e-08,1.7550872000000004,0.0,10.0,2.443041375174909e-07,0.0,1.3912014081142842e-06,1.6355055456317751e-06,Canada,CAN,,gcp,northamerica-northeast2,Linux-6.8.0-1032-gcp-x86_64-with-glibc2.35,3.10.12,3.0.4,2,Intel(R) Xeon(R) CPU @ 2.60GHz,,,,,15.61648178100586,machine,Y,1.0
2025-08-08T10:44:40,scikit-learn-benchmark,b928f542-4ead-49dc-ab55-33060a100923,scikit-learn_SCL001_d880725b,1.0017578406259418,7.652316106779554e-08,7.638888158836924e-08,1.7000000000000002,0.0,10.0,2.3665396014176725e-07,0.0,1.3914984030028185e-06,1.6281523631445858e-06,Canada,CAN,,gcp,northamerica-northeast2,Linux-6.8.0-1032-gcp-x86_64-with-glibc2.35,3.10.12,3.0.4,2,Intel(R) Xeon(R) CPU @ 2.60GHz,,,,,15.61648178100586,machine,Y,1.0
2025-08-08T10:44:42,scikit-learn-benchmark,7b1988d6-5cac-48f9-8336-1ca4c2da6f29,scikit-learn_SCL001_d880725b,1.0020759818144145,7.634936513020555e-08,7.619119359787783e-08,1.6732691000000002,0.0,10.0,2.3294006106155285e-07,0.0,1.3915145161768629e-06,1.6244545772384158e-06,Canada,CAN,,gcp,northamerica-northeast2,Linux-6.8.0-1032-gcp-x86_64-with-glibc2.35,3.10.12,3.0.4,2,Intel(R) Xeon(R) CPU @ 2.60GHz,,,,,15.61648178100586,machine,Y,1.0
2025-08-08T10:44:44,scikit-learn-benchmark,43eb156b-c1d8-4876-b22b-0f2fe0bc742e,scikit-learn_SCL001_d880725b,1.0020712749101222,7.688397717488497e-08,7.672505848626469e-08,1.7550872000000004,0.0,10.0,2.4433669348649814e-07,0.0,1.3914926081067986e-06,1.6358293015932968e-06,Canada,CAN,,gcp,northamerica-northeast2,Linux-6.8.0-1032-gcp-x86_64-with-glibc2.35,3.10.12,3.0.4,2,Intel(R) Xeon(R) CPU @ 2.60GHz,,,,,15.61648178100586,machine,Y,1.0
2025-08-08T10:44:46,scikit-learn-benchmark,171f766e-bd75-4aac-84fd-cd0166da6015,scikit-learn_SCL001_d880725b,1.0023287739604712,7.065815969598981e-08,7.049399511579457e-08,0.8004608000000001,0.0,10.0,1.1147915030549633e-07,0.0,1.3918859496091803e-06,1.5033650999146768e-06,Canada,CAN,,gcp,northamerica-northeast2,Linux-6.8.0-1032-gcp-x86_64-with-glibc2.35,3.10.12,3.0.4,2,Intel(R) Xeon(R) CPU @ 2.60GHz,,,,,15.61648178100586,machine,Y,1.0
2025-08-08T10:44:48,scikit-learn-benchmark,2428490a-6d0c-4256-9671-34eea8035755,scikit-learn_SCL001_d880725b,1.0020376681350172,7.670398786480599e-08,7.654800842723477e-08,1.7272709000000002,0.0,10.0,2.404635193440131e-07,0.0,1.3915362224603694e-06,1.6319997418043823e-06,Canada,CAN,,gcp,northamerica-northeast2,Linux-6.8.0-1032-gcp-x86_64-with-glibc2.35,3.10.12,3.0.4,2,Intel(R) Xeon(R) CPU @ 2.60GHz,,,,,15.61648178100586,machine,Y,1.0
2025-08-08T10:44:51,scikit-learn-benchmark,981e5043-de71-460a-9991-76874d619a3a,scikit-learn_SCL001_d880725b,1.0015812702476978,7.647508629608072e-08,7.63543494350368e-08,1.7000000000000002,0.0,10.0,2.365097308324444e-07,0.0,1.3906197648288476e-06,1.627129495661292e-06,Canada,CAN,,gcp,northamerica-northeast2,Linux-6.8.0-1032-gcp-x86_64-with-glibc2.35,3.10.12,3.0.4,2,Intel(R) Xeon(R) CPU @ 2.60GHz,,,,,15.61648178100586,machine,Y,1.0
2025-08-08T10:44:53,scikit-learn-benchmark,abae235a-6b76-415c-84e7-014bca3b180c,scikit-learn_SCL001_d880725b,1.0019440026953816,7.63524370519722e-08,7.620429569574002e-08,1.6732691000000002,0.0,10.0,2.329484073420284e-07,0.0,1.3915715299339757e-06,1.624519937276004e-06,Canada,CAN,,gcp,northamerica-northeast2,Linux-6.8.0-1032-gcp-x86_64-with-glibc2.35,3.10.12,3.0.4,2,Intel(R) Xeon(R) CPU @ 2.60GHz,,,,,15.61648178100586,machine,Y,1.0
2025-08-08T10:44:55,scikit-learn-benchmark,4273528a-4929-443d-a1ac-73362ced132e,scikit-learn_SCL001_d880725b,1.0015232260338962,7.646182894872294e-08,7.63455374385248e-08,1.7000000000000002,0.0,10.0,2.364647885681027e-07,0.0,1.3903826358728112e-06,1.6268474244409138e-06,Canada,CAN,,gcp,northamerica-northeast2,Linux-6.8.0-1032-gcp-x86_64-with-glibc2.35,3.10.12,3.0.4,2,Intel(R) Xeon(R) CPU @ 2.60GHz,,,,,15.61648178100586,machine,Y,1.0
2025-08-08T10:44:57,scikit-learn-benchmark,4de1cab9-0186-4f67-9c16-2f3b4c2767f7,scikit-learn_SCL001_d880725b,1.0021135052666068,7.652658426660737e-08,7.636518604371854e-08,1.7000000000000002,0.0,10.0,2.3667203885917042e-07,0.0,1.391553158302688e-06,1.6282251971618584e-06,Canada,CAN,,gcp,northamerica-northeast2,Linux-6.8.0-1032-gcp-x86_64-with-glibc2.35,3.10.12,3.0.4,2,Intel(R) Xeon(R) CPU @ 2.60GHz,,,,,15.61648178100586,machine,Y,1.0
2025-08-08T10:44:59,scikit-learn-benchmark,ace2594a-815d-44d3-916f-aa6e29c258ac,scikit-learn_SCL001_d880725b,1.00148225389421,7.66337339161689e-08,7.652031138662991e-08,1.7272709000000002,0.0,10.0,2.402404651070034e-07,0.0,1.3902645118327604e-06,1.6305049769397635e-06,Canada,CAN,,gcp,northamerica-northeast2,Linux-6.8.0-1032-gcp-x86_64-with-glibc2.35,3.10.12,3.0.4,2,Intel(R) Xeon(R) CPU @ 2.60GHz,,,,,15.61648178100586,machine,Y,1.0
2025-08-08T10:45:01,scikit-learn-benchmark,4277d5ef-1117-4a1a-8c84-bd09194f386a,scikit-learn_SCL001_d880725b,1.0021169390529394,7.670573543767966e-08,7.654369709604067e-08,1.7272709000000002,0.0,10.0,2.404798077823197e-07,0.0,1.39155711642363e-06,1.6320369242059496e-06,Canada,CAN,,gcp,northamerica-northeast2,Linux-6.8.0-1032-gcp-x86_64-with-glibc2.35,3.10.12,3.0.4,2,Intel(R) Xeon(R) CPU @ 2.60GHz,,,,,15.61648178100586,machine,Y,1.0
2025-08-08T10:45:04,scikit-learn-benchmark,02b3aa81-572c-4cd9-bc96-e97b648b1dc0,scikit-learn_SCL001_d880725b,1.0021736389026046,7.707642039559666e-08,7.690924746334031e-08,1.7834543000000005,0.0,10.0,2.482998411781647e-07,0.0,1.3916239970260196e-06,1.6399238382041843e-06,Canada,CAN,,gcp,northamerica-northeast2,Linux-6.8.0-1032-gcp-x86_64-with-glibc2.35,3.10.12,3.0.4,2,Intel(R) Xeon(R) CPU @ 2.60GHz,,,,,15.61648178100586,machine,Y,1.0
2025-08-08T10:45:06,scikit-learn-benchmark,fff7ed55-f646-4a1a-8deb-59cb58c972f8,scikit-learn_SCL001_d880725b,1.0025044521316886,7.712666059848882e-08,7.69339831204635e-08,1.7834543000000005,0.0,10.0,2.484852643957728e-07,0.0,1.3925075142954787e-06,1.6409927786912516e-06,Canada,CAN,,gcp,northamerica-northeast2,Linux-6.8.0-1032-gcp-x86_64-with-glibc2.35,3.10.12,3.0.4,2,Intel(R) Xeon(R) CPU @ 2.60GHz,,,,,15.61648178100586,machine,Y,1.0
2025-08-08T10:45:08,scikit-learn-benchmark,09e9929d-7651-4528-87a2-f2cbb2b03ae5,scikit-learn_SCL001_d880725b,1.00283860322088,7.887315701803617e-08,7.864990115529485e-08,2.0375332352000006,0.0,10.0,2.841484377474649e-07,0.0,1.3940038392320277e-06,1.6781522769794924e-06,Canada,CAN,,gcp,northamerica-northeast2,Linux-6.8.0-1032-gcp-x86_64-with-glibc2.35,3.10.12,3.0.4,2,Intel(R) Xeon(R) CPU @ 2.60GHz,,,,,15.61648178100586,machine,Y,1.0
2025-08-08T10:45:10,scikit-learn-benchmark,8dceddcb-5cb5-48b1-a079-c9c7409c9363,scikit-learn_SCL001_d880725b,1.0021515749394894,7.652907274496588e-08,7.63647682233965e-08,1.7000000000000002,0.0,10.0,2.366747002557129e-07,0.0,1.3916034432541993e-06,1.628278143509912e-06,Canada,CAN,,gcp,northamerica-northeast2,Linux-6.8.0-1032-gcp-x86_64-with-glibc2.35,3.10.12,3.0.4,2,Intel(R) Xeon(R) CPU @ 2.60GHz,,,,,15.61648178100586,machine,Y,1.0
2025-08-08T10:45:12,scikit-learn-benchmark,87af9e26-65be-4cac-b9af-e5f96c266993,scikit-learn_SCL001_d880725b,1.001777053810656,7.802505615270277e-08,7.788664738916066e-08,1.9337408000000005,0.0,10.0,2.691029813458763e-07,0.0,1.3910045963712038e-06,1.6601075777170802e-06,Canada,CAN,,gcp,northamerica-northeast2,Linux-6.8.0-1032-gcp-x86_64-with-glibc2.35,3.10.12,3.0.4,2,Intel(R) Xeon(R) CPU @ 2.60GHz,,,,,15.61648178100586,machine,Y,1.0
2025-08-08T10:45:14,scikit-learn-benchmark,6ed79df4-b24d-4c70-8cb3-10f6f79a1897,scikit-learn_SCL001_d880725b,1.001991375349462,7.745349106236556e-08,7.729955862679188e-08,1.8418625,0.0,10.0,2.564143488347618e-07,0.0,1.3915322695134415e-06,1.6479466183482032e-06,Canada,CAN,,gcp,northamerica-northeast2,Linux-6.8.0-1032-gcp-x86_64-with-glibc2.35,3.10.12,3.0.4,2,Intel(R) Xeon(R) CPU @ 2.60GHz,,,,,15.61648178100586,machine,Y,1.0
2025-08-08T10:45:17,scikit-learn-benchmark,44026fbc-2bdb-430a-9298-78fc08e2c711,scikit-learn_SCL001_d880725b,1.002114150673151,7.688878936433032e-08,7.672657781818742e-08,1.7550872000000004,0.0,10.0,2.443438087835981e-07,0.0,1.3915878798191748e-06,1.6359316886027728e-06,Canada,CAN,,gcp,northamerica-northeast2,Linux-6.8.0-1032-gcp-x86_64-with-glibc2.35,3.10.12,3.0.4,2,Intel(R) Xeon(R) CPU @ 2.60GHz,,,,,15.61648178100586,machine,Y,1.0
2025-08-08T10:45:19,scikit-learn-benchmark,e09082e7-154c-456b-b018-de7056846a88,scikit-learn_SCL001_d880725b,1.0020869206637144,7.707230468981918e-08,7.691179587372693e-08,1.7834543000000005,0.0,10.0,2.482907291360232e-07,0.0,1.3915455408601295e-06,1.6398362699961528e-06,Canada,CAN,,gcp,northamerica-northeast2,Linux-6.8.0-1032-gcp-x86_64-with-glibc2.35,3.10.12,3.0.4,2,Intel(R) Xeon(R) CPU @ 2.60GHz,,,,,15.61648178100586,machine,Y,1.0
2025-08-08T10:45:21,scikit-learn-benchmark,2a67985c-3959-4a78-a04d-6b06252249c0,scikit-learn_SCL001_d880725b,1.0021191472187638,7.652767695774997e-08,7.636584648655946e-08,1.7000000000000002,0.0,10.0,2.3667379604497305e-07,0.0,1.3915746498646008e-06,1.6282484459095738e-06,Canada,CAN,,gcp,northamerica-northeast2,Linux-6.8.0-1032-gcp-x86_64-with-glibc2.35,3.10.12,3.0.4,2,Intel(R) Xeon(R) CPU @ 2.60GHz,,,,,15.61648178100586,machine,Y,1.0
2025-08-08T10:45:23,scikit-learn-benchmark,a968a17f-04a3-4157-b023-0eede1ee6b85,scikit-learn_SCL001_d880725b,1.0021123550832272,7.65273885168394e-08,7.636607624749189e-08,1.7000000000000002,0.0,10.0,2.3666972731654019e-07,0.0,1.391572581552383e-06,1.6282423088689231e-06,Canada,CAN,,gcp,northamerica-northeast2,Linux-6.8.0-1032-gcp-x86_64-with-glibc2.35,3.10.12,3.0.4,2,Intel(R) Xeon(R) CPU @ 2.60GHz,,,,,15.61648178100586,machine,Y,1.0
2025-08-08T10:45:25,scikit-learn-benchmark,238c3c45-d7d0-410d-94a9-e936d23deb6f,scikit-learn_SCL001_d880725b,1.00212891260162,7.653062923072786e-08,7.636804833027641e-08,1.7000000000000002,0.0,10.0,2.366821551566116e-07,0.0,1.3916291050716407e-06,1.6283112602282524e-06,Canada,CAN,,gcp,northamerica-northeast2,Linux-6.8.0-1032-gcp-x86_64-with-glibc2.35,3.10.12,3.0.4,2,Intel(R) Xeon(R) CPU @ 2.60GHz,,,,,15.61648178100586,machine,Y,1.0
2025-08-08T10:45:27,scikit-learn-benchmark,095fc82d-4b82-48ec-a599-d0288a66333e,scikit-learn_SCL001_d880725b,1.002179117873311,7.653229594026279e-08,7.636588567387963e-08,1.7000000000000002,0.0,10.0,2.3669433011673405e-07,0.0,1.391652392016517e-06,1.628346722133251e-06,Canada,CAN,,gcp,northamerica-northeast2,Linux-6.8.0-1032-gcp-x86_64-with-glibc2.35,3.10.12,3.0.4,2,Intel(R) Xeon(R) CPU @ 2.60GHz,,,,,15.61648178100586,machine,Y,1.0
2025-08-08T10:45:30,scikit-learn-benchmark,21f18285-570c-4499-8724-d487d31f3ece,scikit-learn_SCL001_d880725b,1.0021203625947237,7.652985918965552e-08,7.63679314842998e-08,1.7000000000000002,0.0,10.0,2.366819181091463e-07,0.0,1.3916129582665032e-06,1.6282948763756496e-06,Canada,CAN,,gcp,northamerica-northeast2,Linux-6.8.0-1032-gcp-x86_64-with-glibc2.35,3.10.12,3.0.4,2,Intel(R) Xeon(R) CPU @ 2.60GHz,,,,,15.61648178100586,machine,Y,1.0
2025-08-08T10:45:32,scikit-learn-benchmark,ceeab5f6-485d-4c7f-89fe-2e78e793e486,scikit-learn_SCL001_d880725b,1.002052971161902,7.652551639428e-08,7.636873358655586e-08,1.7000000000000002,0.0,10.0,2.366615456606572e-07,0.0,1.3915409308133854e-06,1.6282024764740426e-06,Canada,CAN,,gcp,northamerica-northeast2,Linux-6.8.0-1032-gcp-x86_64-with-glibc2.35,3.10.12,3.0.4,2,Intel(R) Xeon(R) CPU @ 2.60GHz,,,,,15.61648178100586,machine,Y,1.0
2025-08-08T10:45:34,scikit-learn-benchmark,b20d9ba7-eaa1-4411-bb3d-bb3664203a4c,scikit-learn_SCL001_d880725b,1.0020646071061492,7.670386542865457e-08,7.654582836746105e-08,1.7272709000000002,0.0,10.0,2.404657584904071e-07,0.0,1.3915313782894776e-06,1.6319971367798846e-06,Canada,CAN,,gcp,northamerica-northeast2,Linux-6.8.0-1032-gcp-x86_64-with-glibc2.35,3.10.12,3.0.4,2,Intel(R) Xeon(R) CPU @ 2.60GHz,,,,,15.61648178100586,machine,Y,1.0
2025-08-08T10:45:36,scikit-learn-benchmark,103c64ab-d8bf-40a4-aa3b-a5245a64c7a8,scikit-learn_SCL001_d880725b,1.00209376309067,7.652804610662214e-08,7.63681492943269e-08,1.7000000000000002,0.0,10.0,2.366727664937369e-07,0.0,1.3915835336471597e-06,1.6282563001408963e-06,Canada,CAN,,gcp,northamerica-northeast2,Linux-6.8.0-1032-gcp-x86_64-with-glibc2.35,3.10.12,3.0.4,2,Intel(R) Xeon(R) CPU @ 2.60GHz,,,,,15.61648178100586,machine,Y,1.0
2025-08-08T10:45:38,scikit-learn-benchmark,df1626bc-f748-4d41-a284-3212b42983d1,scikit-learn_SCL001_d880725b,1.0021454491652548,7.688939684186062e-08,7.67247877101136e-08,1.7550872000000004,0.0,10.0,2.443517111630492e-07,0.0,1.3915929024935596e-06,1.6359446136566087e-06,Canada,CAN,,gcp,northamerica-northeast2,Linux-6.8.0-1032-gcp-x86_64-with-glibc2.35,3.10.12,3.0.4,2,Intel(R) Xeon(R) CPU @ 2.60GHz,,,,,15.61648178100586,machine,Y,1.0
2025-08-08T10:45:40,scikit-learn-benchmark,4c6c3869-46d8-48df-ae7c-b1b1c3e280c2,scikit-learn_SCL001_d880725b,1.0021307710558176,7.652738715260706e-08,7.63646715208434e-08,1.7000000000000002,0.0,10.0,2.366753496074429e-07,0.0,1.39156693023526e-06,1.628242279842703e-06,Canada,CAN,,gcp,northamerica-northeast2,Linux-6.8.0-1032-gcp-x86_64-with-glibc2.35,3.10.12,3.0.4,2,Intel(R) Xeon(R) CPU @ 2.60GHz,,,,,15.61648178100586,machine,Y,1.0
2025-08-08T10:45:42,scikit-learn-benchmark,14daadfb-56d5-49c5-aef5-573678158ead,scikit-learn_SCL001_d880725b,1.00210388796404,7.652643515248526e-08,7.636577012784862e-08,1.7000000000000002,0.0,10.0,2.3666782236088895e-07,0.0,1.3915542021600736e-06,1.6282220245209623e-06,Canada,CAN,,gcp,northamerica-northeast2,Linux-6.8.0-1032-gcp-x86_64-with-glibc2.35,3.10.12,3.0.4,2,Intel(R) Xeon(R) CPU @ 2.60GHz,,,,,15.61648178100586,machine,Y,1.0
2025-08-08T10:45:45,scikit-learn-benchmark,d0a1b6b3-9303-4af7-a8e3-4b709ff1bf00,scikit-learn_SCL001_d880725b,1.0031273788772523,7.704090992239096e-08,7.680072495740149e-08,1.7550872000000004,0.0,10.0,2.4482663783416454e-07,0.0,1.3943416583869192e-06,1.6391682962210835e-06,Canada,CAN,,gcp,northamerica-northeast2,Linux-6.8.0-1032-gcp-x86_64-with-glibc2.35,3.10.12,3.0.4,2,Intel(R) Xeon(R) CPU @ 2.60GHz,,,,,15.61648178100586,machine,Y,1.0
2025-08-08T10:45:47,scikit-learn-benchmark,e7f041b9-f2ba-4a6a-8005-51ddf52c864e,scikit-learn_SCL001_d880725b,1.0022307271137834,7.70759324912101e-08,7.690437980600816e-08,1.7834543000000005,0.0,10.0,2.4832446761454664e-07,0.0,1.3915889896452427e-06,1.6399134572597894e-06,Canada,CAN,,gcp,northamerica-northeast2,Linux-6.8.0-1032-gcp-x86_64-with-glibc2.35,3.10.12,3.0.4,2,Intel(R) Xeon(R) CPU @ 2.60GHz,,,,,15.61648178100586,machine,Y,1.0
2025-08-08T10:45:49,scikit-learn-benchmark,b9e4f681-fb51-42cc-a59a-fd9178b05ff8,scikit-learn_SCL001_d880725b,1.0021554352715611,7.653074489379975e-08,7.636614261645117e-08,1.7000000000000002,0.0,10.0,2.366799685146867e-07,0.0,1.3916337526299888e-06,1.6283137211446754e-06,Canada,CAN,,gcp,northamerica-northeast2,Linux-6.8.0-1032-gcp-x86_64-with-glibc2.35,3.10.12,3.0.4,2,Intel(R) Xeon(R) CPU @ 2.60GHz,,,,,15.61648178100586,machine,Y,1.0
2025-08-08T10:45:51,scikit-learn-benchmark,762d15c2-cff2-4512-91e3-5bb56f6a0499,scikit-learn_SCL001_d880725b,1.0022386712953448,7.689046726559652e-08,7.671871927094903e-08,1.7550872000000004,0.0,10.0,2.443608138033568e-07,0.0,1.3916065748263563e-06,1.6359673886297133e-06,Canada,CAN,,gcp,northamerica-northeast2,Linux-6.8.0-1032-gcp-x86_64-with-glibc2.35,3.10.12,3.0.4,2,Intel(R) Xeon(R) CPU @ 2.60GHz,,,,,15.61648178100586,machine,Y,1.0
2025-08-08T10:45:53,scikit-learn-benchmark,f5f967c6-915b-431d-9b3f-d9d8f7aac097,scikit-learn_SCL001_d880725b,1.002066781744361,7.652427142647665e-08,7.636643866516163e-08,1.7000000000000002,0.0,10.0,2.3666025443364765e-07,0.0,1.3915157333637275e-06,1.6281759877973754e-06,Canada,CAN,,gcp,northamerica-northeast2,Linux-6.8.0-1032-gcp-x86_64-with-glibc2.35,3.10.12,3.0.4,2,Intel(R) Xeon(R) CPU @ 2.60GHz,,,,,15.61648178100586,machine,Y,1.0
2025-08-08T10:45:55,scikit-learn-benchmark,1e40925b-000e-4838-b77a-12751f4462ca,scikit-learn_SCL001_d880725b,1.0024558282457292,7.681519039669003e-08,7.6627007626974e-08,1.7550872000000004,0.0,10.0,2.4411226581928096e-07,0.0,1.3902534873017834e-06,1.6343657531210644e-06,Canada,CAN,,gcp,northamerica-northeast2,Linux-6.8.0-1032-gcp-x86_64-with-glibc2.35,3.10.12,3.0.4,2,Intel(R) Xeon(R) CPU @ 2.60GHz,,,,,15.61648178100586,machine,Y,1.0
2025-08-08T10:45:58,scikit-learn-benchmark,9a61656e-4a8c-4011-8f07-2c6d6b17daf4,scikit-learn_SCL001_d880725b,1.0020518926903603,7.65220872035457e-08,7.63653936105996e-08,1.7000000000000002,0.0,10.0,2.366498509525425e-07,0.0,1.3914796640165149e-06,1.6281295149690574e-06,Canada,CAN,,gcp,northamerica-northeast2,Linux-6.8.0-1032-gcp-x86_64-with-glibc2.35,3.10.12,3.0.4,2,Intel(R) Xeon(R) CPU @ 2.60GHz,,,,,15.61648178100586,machine,Y,1.0
2025-08-08T10:46:00,scikit-learn-benchmark,d4b67805-a916-41db-94ca-567c69599ffa,scikit-learn_SCL001_d880725b,1.0021003358997405,7.634989441642616e-08,7.618987009706476e-08,1.6732691000000002,0.0,10.0,2.329415785080653e-07,0.0,1.3915242601392995e-06,1.624465838647365e-06,Canada,CAN,,gcp,northamerica-northeast2,Linux-6.8.0-1032-gcp-x86_64-with-glibc2.35,3.10.12,3.0.4,2,Intel(R) Xeon(R) CPU @ 2.60GHz,,,,,15.61648178100586,machine,Y,1.0
2025-08-08T10:46:02,scikit-learn-benchmark,a69f03ef-0a55-44b1-a306-eda6c1bd1a53,scikit-learn_SCL001_d880725b,1.0021421150304377,7.652815774447905e-08,7.63645760383543e-08,1.7000000000000002,0.0,10.0,2.3667495291576618e-07,0.0,1.3915837224986815e-06,1.628258675414448e-06,Canada,CAN,,gcp,northamerica-northeast2,Linux-6.8.0-1032-gcp-x86_64-with-glibc2.35,3.10.12,3.0.4,2,Intel(R) Xeon(R) CPU @ 2.60GHz,,,,,15.61648178100586,machine,Y,1.0
2025-08-08T10:46:04,scikit-learn-benchmark,378f3a24-12e8-49f6-8832-b21aede8d534,scikit-learn_SCL001_d880725b,1.0018275678157806,7.688583452319421e-08,7.674557677707291e-08,1.7550872000000004,0.0,10.0,2.443354868690491e-07,0.0,1.3915333327733808e-06,1.63586881964243e-06,Canada,CAN,,gcp,northamerica-northeast2,Linux-6.8.0-1032-gcp-x86_64-with-glibc2.35,3.10.12,3.0.4,2,Intel(R) Xeon(R) CPU @ 2.60GHz,,,,,15.61648178100586,machine,Y,1.0
2025-08-08T10:46:06,scikit-learn-benchmark,93425d5e-8f1c-4d60-8e09-40cb2b02e4f7,scikit-learn_SCL001_d880725b,1.0021478622220457,7.653341277600783e-08,7.636938186577738e-08,1.7000000000000002,0.0,10.0,2.3669023697988855e-07,0.0,1.391680247616023e-06,1.6283704845959114e-06,Canada,CAN,,gcp,northamerica-northeast2,Linux-6.8.0-1032-gcp-x86_64-with-glibc2.35,3.10.12,3.0.4,2,Intel(R) Xeon(R) CPU @ 2.60GHz,,,,,15.61648178100586,machine,Y,1.0
2025-08-08T10:46:08,scikit-learn-benchmark,27d03549-3bc8-4d92-9931-6da44dd0d014,scikit-learn_SCL001_d880725b,1.0021342751570046,7.670844703909705e-08,7.654507877906793e-08,1.7272709000000002,0.0,10.0,2.4047879835671525e-07,0.0,1.3916158194964132e-06,1.6320946178531285e-06,Canada,CAN,,gcp,northamerica-northeast2,Linux-6.8.0-1032-gcp-x86_64-with-glibc2.35,3.10.12,3.0.4,2,Intel(R) Xeon(R) CPU @ 2.60GHz,,,,,15.61648178100586,machine,Y,1.0
2025-08-08T10:46:10,scikit-learn-benchmark,a32b820b-4e44-48c4-8544-d1f7fff4c09d,scikit-learn_SCL001_d880725b,1.002124140970409,7.670807662902961e-08,7.65454832319968e-08,1.7272709000000002,0.0,10.0,2.40473994536458e-07,0.0,1.3916127422514062e-06,1.632086736787864e-06,Canada,CAN,,gcp,northamerica-northeast2,Linux-6.8.0-1032-gcp-x86_64-with-glibc2.35,3.10.12,3.0.4,2,Intel(R) Xeon(R) CPU @ 2.60GHz,,,,,15.61648178100586,machine,Y,1.0
2025-08-08T10:46:13,scikit-learn-benchmark,9e632e90-0c9c-42ff-a281-b1b77c589c0e,scikit-learn_SCL001_d880725b,1.002139049116522,7.652939260760065e-08,7.63660418931568e-08,1.7000000000000002,0.0,10.0,2.36678418250651e-07,0.0,1.391606530847235e-06,1.6282849490978862e-06,Canada,CAN,,gcp,northamerica-northeast2,Linux-6.8.0-1032-gcp-x86_64-with-glibc2.35,3.10.12,3.0.4,2,Intel(R) Xeon(R) CPU @ 2.60GHz,,,,,15.61648178100586,machine,Y,1.0
2025-08-08T10:46:15,scikit-learn-benchmark,d9e76bf6-fb54-4055-a30b-89e2dca043ce,scikit-learn_SCL001_d880725b,1.002858566120267,7.670646823489673e-08,7.648782273621002e-08,1.7272709000000002,0.0,10.0,2.40471856153886e-07,0.0,1.3915806594822144e-06,1.6320525156361004e-06,Canada,CAN,,gcp,northamerica-northeast2,Linux-6.8.0-1032-gcp-x86_64-with-glibc2.35,3.10.12,3.0.4,2,Intel(R) Xeon(R) CPU @ 2.60GHz,,,,,15.61648178100586,machine,Y,1.0
2025-08-08T10:46:17,scikit-learn-benchmark,aa4313a2-86e4-4c32-9e14-b05f5d9022cf,scikit-learn_SCL001_d880725b,1.0026800050400198,7.682686285889852e-08,7.662151680767998e-08,1.7272709000000002,0.0,10.0,2.408645669518054e-07,0.0,1.3937495364290144e-06,1.6346141033808197e-06,Canada,CAN,,gcp,northamerica-northeast2,Linux-6.8.0-1032-gcp-x86_64-with-glibc2.35,3.10.12,3.0.4,2,Intel(R) Xeon(R) CPU @ 2.60GHz,,,,,15.61648178100586,machine,Y,1.0
2025-08-08T10:46:19,scikit-learn-benchmark,bb19e9df-97ff-4b9e-9d5d-48c4633f5df5,scikit-learn_SCL001_d880725b,1.002997110132128,7.68396402166277e-08,7.66100315149516e-08,1.7272709000000002,0.0,10.0,2.4090292624189135e-07,0.0,1.3939830358140172e-06,1.6348859620559083e-06,Canada,CAN,,gcp,northamerica-northeast2,Linux-6.8.0-1032-gcp-x86_64-with-glibc2.35,3.10.12,3.0.4,2,Intel(R) Xeon(R) CPU @ 2.60GHz,,,,,15.61648178100586,machine,Y,1.0
2025-08-08T10:46:21,scikit-learn-benchmark,bffef26d-22bf-47b1-880a-1081368e8a65,scikit-learn_SCL001_d880725b,1.0021541491150856,7.652934987138078e-08,7.63648486003447e-08,1.7000000000000002,0.0,10.0,2.3668576540270202e-07,0.0,1.39159827441391e-06,1.628284039816612e-06,Canada,CAN,,gcp,northamerica-northeast2,Linux-6.8.0-1032-gcp-x86_64-with-glibc2.35,3.10.12,3.0.4,2,Intel(R) Xeon(R) CPU @ 2.60GHz,,,,,15.61648178100586,machine,Y,1.0
2025-08-08T10:46:23,scikit-learn-benchmark,a82cea96-5f3f-4de9-ac3b-0b3bf0252ea9,scikit-learn_SCL001_d880725b,1.0024134190753102,7.065880377326781e-08,7.048868503620789e-08,0.8,0.0,10.0,1.1142081756972605e-07,0.0,1.3919579861168232e-06,1.5033788036865492e-06,Canada,CAN,,gcp,northamerica-northeast2,Linux-6.8.0-1032-gcp-x86_64-with-glibc2.35,3.10.12,3.0.4,2,Intel(R) Xeon(R) CPU @ 2.60GHz,,,,,15.61648178100586,machine,Y,1.0
2025-08-08T10:46:26,scikit-learn-benchmark,101c8fbf-cc20-4318-9cce-5ff3877f4673,scikit-learn_SCL001_d880725b,1.002144723199308,7.653125028960254e-08,7.636746321956323e-08,1.7000000000000002,0.0,10.0,2.366862460945009e-07,0.0,1.3916382281523612e-06,1.628324474246862e-06,Canada,CAN,,gcp,northamerica-northeast2,Linux-6.8.0-1032-gcp-x86_64-with-glibc2.35,3.10.12,3.0.4,2,Intel(R) Xeon(R) CPU @ 2.60GHz,,,,,15.61648178100586,machine,Y,1.0
2025-08-08T10:46:28,scikit-learn-benchmark,c474810d-2b69-4f6c-a7ca-c2e9d8f65a7c,scikit-learn_SCL001_d880725b,1.0022200010716915,7.67141176897453e-08,7.654418950700799e-08,1.7272709000000002,0.0,10.0,2.4050509458632364e-07,0.0,1.3917101754082573e-06,1.632215269994581e-06,Canada,CAN,,gcp,northamerica-northeast2,Linux-6.8.0-1032-gcp-x86_64-with-glibc2.35,3.10.12,3.0.4,2,Intel(R) Xeon(R) CPU @ 2.60GHz,,,,,15.61648178100586,machine,Y,1.0
2025-08-08T10:46:30,scikit-learn-benchmark,f082565e-8f6b-468c-94ff-792459b55f85,scikit-learn_SCL001_d880725b,1.0021701748482883,7.653012707224117e-08,7.636440296562064e-08,1.7000000000000002,0.0,10.0,2.3668342549353842e-07,0.0,1.3916171505115928e-06,1.6283005760051312e-06,Canada,CAN,,gcp,northamerica-northeast2,Linux-6.8.0-1032-gcp-x86_64-with-glibc2.35,3.10.12,3.0.4,2,Intel(R) Xeon(R) CPU @ 2.60GHz,,,,,15.61648178100586,machine,Y,1.0
2025-08-08T10:46:32,scikit-learn-benchmark,4b51686a-0b67-438d-ba5a-aa7107b439e8,scikit-learn_SCL001_d880725b,1.004099782090634,7.682790674784014e-08,7.651421513893461e-08,1.7000000000000002,0.0,10.0,2.376081027970132e-07,0.0,1.3970282109868196e-06,1.6346363137838327e-06,Canada,CAN,,gcp,northamerica-northeast2,Linux-6.8.0-1032-gcp-x86_64-with-glibc2.35,3.10.12,3.0.4,2,Intel(R) Xeon(R) CPU @ 2.60GHz,,,,,15.61648178100586,machine,Y,1.0
2025-08-08T10:46:34,scikit-learn-benchmark,52a5f45e-53a4-41b5-bf46-72fadafbb759,scikit-learn_SCL001_d880725b,1.0021597109735012,7.671008096792538e-08,7.65447663959759e-08,1.7272709000000002,0.0,10.0,2.404843658371575e-07,0.0,1.3916450164591272e-06,1.6321293822962846e-06,Canada,CAN,,gcp,northamerica-northeast2,Linux-6.8.0-1032-gcp-x86_64-with-glibc2.35,3.10.12,3.0.4,2,Intel(R) Xeon(R) CPU @ 2.60GHz,,,,,15.61648178100586,machine,Y,1.0
2025-08-08T10:46:36,scikit-learn-benchmark,a0eee6e2-e596-470c-b00f-e766b7aff25b,scikit-learn_SCL001_d880725b,1.0022104769013822,7.65403835303409e-08,7.637156594789068e-08,1.7000000000000002,0.0,10.0,2.367148841989951e-07,0.0,1.391803914318896e-06,1.6285187985178911e-06,Canada,CAN,,gcp,northamerica-northeast2,Linux-6.8.0-1032-gcp-x86_64-with-glibc2.35,3.10.12,3.0.4,2,Intel(R) Xeon(R) CPU @ 2.60GHz,,,,,15.61648178100586,machine,Y,1.0
2025-08-08T10:46:38,scikit-learn-benchmark,dedf4594-8ce0-4f33-8da5-51fb210f4490,scikit-learn_SCL001_d880725b,1.0021482538431885,7.670947275499782e-08,7.654503459026231e-08,1.7272709000000002,0.0,10.0,2.404814640178235e-07,0.0,1.391634977577875e-06,1.6321164415956984e-06,Canada,CAN,,gcp,northamerica-northeast2,Linux-6.8.0-1032-gcp-x86_64-with-glibc2.35,3.10.12,3.0.4,2,Intel(R) Xeon(R) CPU @ 2.60GHz,,,,,15.61648178100586,machine,Y,1.0
2025-08-08T10:46:41,scikit-learn-benchmark,670f2780-3d59-4c0b-b8e1-12d0b8174ea9,scikit-learn_SCL001_d880725b,1.0019889269024134,7.650712987251527e-08,7.635526483214972e-08,1.7000000000000002,0.0,10.0,2.3662149695317365e-07,0.0,1.39118977693013e-06,1.6278112738833038e-06,Canada,CAN,,gcp,northamerica-northeast2,Linux-6.8.0-1032-gcp-x86_64-with-glibc2.35,3.10.12,3.0.4,2,Intel(R) Xeon(R) CPU @ 2.60GHz,,,,,15.61648178100586,machine,Y,1.0
2025-08-08T10:46:43,scikit-learn-benchmark,302c62b2-4ffe-47a3-ae4a-b62dae937897,scikit-learn_SCL001_d880725b,1.001704161055386,7.652765400897869e-08,7.639746043217976e-08,1.7000000000000002,0.0,10.0,2.3667119160139325e-07,0.0,1.391576766036451e-06,1.628247957637844e-06,Canada,CAN,,gcp,northamerica-northeast2,Linux-6.8.0-1032-gcp-x86_64-with-glibc2.35,3.10.12,3.0.4,2,Intel(R) Xeon(R) CPU @ 2.60GHz,,,,,15.61648178100586,machine,Y,1.0
2025-08-08T10:46:45,scikit-learn-benchmark,5b11831a-a2a8-4a69-8af9-7f512b79fa8a,scikit-learn_SCL001_d880725b,1.0020688762888312,7.652449303824042e-08,7.636650019672238e-08,1.7000000000000002,0.0,10.0,2.366593143799239e-07,0.0,1.3915213885613614e-06,1.6281807029412853e-06,Canada,CAN,,gcp,northamerica-northeast2,Linux-6.8.0-1032-gcp-x86_64-with-glibc2.35,3.10.12,3.0.4,2,Intel(R) Xeon(R) CPU @ 2.60GHz,,,,,15.61648178100586,machine,Y,1.0
2025-08-08T10:46:47,scikit-learn-benchmark,17759eb5-7bd7-406e-bf98-cf029635870d,scikit-learn_SCL001_d880725b,1.0021047918125987,7.653055476637869e-08,7.636981221090749e-08,1.7000000000000002,0.0,10.0,2.366837592950712e-07,0.0,1.3916259165853264e-06,1.6283096758803976e-06,Canada,CAN,,gcp,northamerica-northeast2,Linux-6.8.0-1032-gcp-x86_64-with-glibc2.35,3.10.12,3.0.4,2,Intel(R) Xeon(R) CPU @ 2.60GHz,,,,,15.61648178100586,machine,Y,1.0
2025-08-08T10:46:49,scikit-learn-benchmark,a7d9b162-0e3d-4fa2-9305-355b28a65a1e,scikit-learn_SCL001_d880725b,1.0020738360472023,7.670382656248848e-08,7.654508460679475e-08,1.7272709000000002,0.0,10.0,2.4045735420675546e-07,0.0,1.391538955633425e-06,1.6319963098401803e-06,Canada,CAN,,gcp,northamerica-northeast2,Linux-6.8.0-1032-gcp-x86_64-with-glibc2.35,3.10.12,3.0.4,2,Intel(R) Xeon(R) CPU @ 2.60GHz,,,,,15.61648178100586,machine,Y,1.0
2025-08-08T10:46:51,scikit-learn-benchmark,f37db94c-28e2-4291-ada5-4d626e96082b,scikit-learn_SCL001_d880725b,1.0021122233010828,7.652810671647442e-08,7.636680297579972e-08,1.7000000000000002,0.0,10.0,2.366724560011385e-07,0.0,1.391585133711083e-06,1.6282575897122214e-06,Canada,CAN,,gcp,northamerica-northeast2,Linux-6.8.0-1032-gcp-x86_64-with-glibc2.35,3.10.12,3.0.4,2,Intel(R) Xeon(R) CPU @ 2.60GHz,,,,,15.61648178100586,machine,Y,1.0
2025-08-08T10:46:54,scikit-learn-benchmark,66954a17-b88a-47a3-981e-72e04c1d35ba,scikit-learn_SCL001_d880725b,1.0028956746682525,7.664720805634799e-08,7.642590350357435e-08,1.7000000000000002,0.0,10.0,2.370487031035333e-07,0.0,1.3937429576698277e-06,1.630791660773361e-06,Canada,CAN,,gcp,northamerica-northeast2,Linux-6.8.0-1032-gcp-x86_64-with-glibc2.35,3.10.12,3.0.4,2,Intel(R) Xeon(R) CPU @ 2.60GHz,,,,,15.61648178100586,machine,Y,1.0
2025-08-08T10:46:56,scikit-learn-benchmark,fc58ca48-4857-43e2-ae59-bf7498387e6b,scikit-learn_SCL001_d880725b,1.002156713977456,7.653064365183108e-08,7.636594415267539e-08,1.7000000000000002,0.0,10.0,2.36686599906534e-07,0.0,1.3916249671537015e-06,1.6283115670602358e-06,Canada,CAN,,gcp,northamerica-northeast2,Linux-6.8.0-1032-gcp-x86_64-with-glibc2.35,3.10.12,3.0.4,2,Intel(R) Xeon(R) CPU @ 2.60GHz,,,,,15.61648178100586,machine,Y,1.0
2025-08-08T10:46:58,scikit-learn-benchmark,00f9bce7-f52d-4438-b13d-807afcd04b2b,scikit-learn_SCL001_d880725b,1.0021273153834045,7.670920548297545e-08,7.65463672184479e-08,1.7272709000000002,0.0,10.0,2.404788597980701e-07,0.0,1.391631895158854e-06,1.632110754956924e-06,Canada,CAN,,gcp,northamerica-northeast2,Linux-6.8.0-1032-gcp-x86_64-with-glibc2.35,3.10.12,3.0.4,2,Intel(R) Xeon(R) CPU @ 2.60GHz,,,,,15.61648178100586,machine,Y,1.0
2025-08-08T10:47:00,scikit-learn-benchmark,d957a0ec-295a-4a13-a9ea-c92c9038b1fd,scikit-learn_SCL001_d880725b,1.0021458589471877,7.670809366689268e-08,7.654384138001526e-08,1.7272709000000002,0.0,10.0,2.4047638784479696e-07,0.0,1.391610711450792e-06,1.632087099295589e-06,Canada,CAN,,gcp,northamerica-northeast2,Linux-6.8.0-1032-gcp-x86_64-with-glibc2.35,3.10.12,3.0.4,2,Intel(R) Xeon(R) CPU @ 2.60GHz,,,,,15.61648178100586,machine,Y,1.0
2025-08-08T10:47:02,scikit-learn-benchmark,34126076-2fed-4024-9d22-27b989ccacef,scikit-learn_SCL001_d880725b,1.0022591329179704,7.654363600313405e-08,7.637110352916957e-08,1.7000000000000002,0.0,10.0,2.367245030925713e-07,0.0,1.3918634969741104e-06,1.6285880000666817e-06,Canada,CAN,,gcp,northamerica-northeast2,Linux-6.8.0-1032-gcp-x86_64-with-glibc2.35,3.10.12,3.0.4,2,Intel(R) Xeon(R) CPU @ 2.60GHz,,,,,15.61648178100586,machine,Y,1.0
2025-08-08T10:47:04,scikit-learn-benchmark,880f864f-7e74-4351-ae64-5c64f23561b3,scikit-learn_SCL001_d880725b,1.0020799110643566,7.65254682151135e-08,7.636663241141335e-08,1.7000000000000002,0.0,10.0,2.36663745276423e-07,0.0,1.3915377061089707e-06,1.6282014513853936e-06,Canada,CAN,,gcp,northamerica-northeast2,Linux-6.8.0-1032-gcp-x86_64-with-glibc2.35,3.10.12,3.0.4,2,Intel(R) Xeon(R) CPU @ 2.60GHz,,,,,15.61648178100586,machine,Y,1.0
2025-08-08T10:47:06,scikit-learn-benchmark,1319315b-3f21-482e-8959-7c560817df03,scikit-learn_SCL001_d880725b,1.0021535092964768,7.653172698971403e-08,7.636726936518954e-08,1.7000000000000002,0.0,10.0,2.366866188175563e-07,0.0,1.3916479979848697e-06,1.628334616802426e-06,Canada,CAN,,gcp,northamerica-northeast2,Linux-6.8.0-1032-gcp-x86_64-with-glibc2.35,3.10.12,3.0.4,2,Intel(R) Xeon(R) CPU @ 2.60GHz,,,,,15.61648178100586,machine,Y,1.0
2025-08-08T10:47:09,scikit-learn-benchmark,ed254d1d-a2ae-4108-83a7-80d022854540,scikit-learn_SCL001_d880725b,1.0021067592315376,7.652838102992005e-08,7.636749310882364e-08,1.7000000000000002,0.0,10.0,2.366732232169145e-07,0.0,1.3915902029515968e-06,1.628263426168511e-06,Canada,CAN,,gcp,northamerica-northeast2,Linux-6.8.0-1032-gcp-x86_64-with-glibc2.35,3.10.12,3.0.4,2,Intel(R) Xeon(R) CPU @ 2.60GHz,,,,,15.61648178100586,machine,Y,1.0
2025-08-08T10:47:11,scikit-learn-benchmark,1f21d399-8331-4aa9-aae6-84c7fb81929e,scikit-learn_SCL001_d880725b,1.002178472932428,7.670173356464196e-08,7.653500412976197e-08,1.7272709000000002,0.0,10.0,2.404555972074297e-07,0.0,1.3914961807636752e-06,1.631951777971105e-06,Canada,CAN,,gcp,northamerica-northeast2,Linux-6.8.0-1032-gcp-x86_64-with-glibc2.35,3.10.12,3.0.4,2,Intel(R) Xeon(R) CPU @ 2.60GHz,,,,,15.61648178100586,machine,Y,1.0
2025-08-08T10:47:13,scikit-learn-benchmark,31d905f0-63e8-4451-b9e6-e45efc1ebdaa,scikit-learn_SCL001_d880725b,1.0021122540347278,7.652740341518074e-08,7.636609881484267e-08,1.7000000000000002,0.0,10.0,2.366711825856732e-07,0.0,1.3915714432692362e-06,1.6282426258549094e-06,Canada,CAN,,gcp,northamerica-northeast2,Linux-6.8.0-1032-gcp-x86_64-with-glibc2.35,3.10.12,3.0.4,2,Intel(R) Xeon(R) CPU @ 2.60GHz,,,,,15.61648178100586,machine,Y,1.0
2025-08-08T10:47:15,scikit-learn-benchmark,79b7112d-764a-49bd-aff8-c754da44acbd,scikit-learn_SCL001_d880725b,1.0021142782643435,7.652779690684596e-08,7.636633721993433e-08,1.7000000000000002,0.0,10.0,2.366716643769501e-07,0.0,1.391579333641049e-06,1.628250998017999e-06,Canada,CAN,,gcp,northamerica-northeast2,Linux-6.8.0-1032-gcp-x86_64-with-glibc2.35,3.10.12,3.0.4,2,Intel(R) Xeon(R) CPU @ 2.60GHz,,,,,15.61648178100586,machine,Y,1.0
2025-08-08T10:47:17,scikit-learn-benchmark,7649d2b5-f78a-4ced-8edd-388224fed8f2,scikit-learn_SCL001_d880725b,1.002066147979349,7.652562937752291e-08,7.636784211485009e-08,1.7000000000000002,0.0,10.0,2.3666201447809322e-07,0.0,1.3915428658947348e-06,1.628204880372828e-06,Canada,CAN,,gcp,northamerica-northeast2,Linux-6.8.0-1032-gcp-x86_64-with-glibc2.35,3.10.12,3.0.4,2,Intel(R) Xeon(R) CPU @ 2.60GHz,,,,,15.61648178100586,machine,Y,1.0
2025-08-08T10:47:19,scikit-learn-benchmark,1d361a01-1c4f-489e-82db-1fea49ab623a,scikit-learn_SCL001_d880725b,1.0021337801590562,7.65271218550107e-08,7.636417748822369e-08,1.7000000000000002,0.0,10.0,2.366690828025135e-07,0.0,1.3915675524104802e-06,1.6282366352129936e-06,Canada,CAN,,gcp,northamerica-northeast2,Linux-6.8.0-1032-gcp-x86_64-with-glibc2.35,3.10.12,3.0.4,2,Intel(R) Xeon(R) CPU @ 2.60GHz,,,,,15.61648178100586,machine,Y,1.0
2025-08-08T10:47:22,scikit-learn-benchmark,43bc98f1-b295-4f19-8355-3ce07651272f,scikit-learn_SCL001_d880725b,1.0021059610880911,7.652725781742225e-08,7.636643308091754e-08,1.7000000000000002,0.0,10.0,2.3666882464506973e-07,0.0,1.3915707033851908e-06,1.6282395280302606e-06,Canada,CAN,,gcp,northamerica-northeast2,Linux-6.8.0-1032-gcp-x86_64-with-glibc2.35,3.10.12,3.0.4,2,Intel(R) Xeon(R) CPU @ 2.60GHz,,,,,15.61648178100586,machine,Y,1.0
2025-08-08T10:47:24,scikit-learn-benchmark,19d66728-201f-4ab7-ab1c-15f990a6efb9,scikit-learn_SCL001_d880725b,1.002141545061022,7.65273839937161e-08,7.636384737353267e-08,1.7000000000000002,0.0,10.0,2.3667777109787697e-07,0.0,1.3915644415343802e-06,1.6282422126322571e-06,Canada,CAN,,gcp,northamerica-northeast2,Linux-6.8.0-1032-gcp-x86_64-with-glibc2.35,3.10.12,3.0.4,2,Intel(R) Xeon(R) CPU @ 2.60GHz,,,,,15.61648178100586,machine,Y,1.0
2025-08-08T10:47:26,scikit-learn-benchmark,2ea3cc71-6e88-40e8-a7d8-25049b24d501,scikit-learn_SCL001_d880725b,1.0021586590446532,7.653206738939562e-08,7.63672166065529e-08,1.7000000000000002,0.0,10.0,2.366831446868471e-07,0.0,1.3916587146619955e-06,1.628341859348843e-06,Canada,CAN,,gcp,northamerica-northeast2,Linux-6.8.0-1032-gcp-x86_64-with-glibc2.35,3.10.12,3.0.4,2,Intel(R) Xeon(R) CPU @ 2.60GHz,,,,,15.61648178100586,machine,Y,1.0
2025-08-08T10:47:28,scikit-learn-benchmark,359363c4-65eb-48f7-9089-5488d86d9b9a,scikit-learn_SCL001_d880725b,1.0021425583399832,7.65324720484334e-08,7.636884733765522e-08,1.7000000000000002,0.0,10.0,2.3668931231885735e-07,0.0,1.391661156796747e-06,1.6283504691156045e-06,Canada,CAN,,gcp,northamerica-northeast2,Linux-6.8.0-1032-gcp-x86_64-with-glibc2.35,3.10.12,3.0.4,2,Intel(R) Xeon(R) CPU @ 2.60GHz,,,,,15.61648178100586,machine,Y,1.0
2025-08-08T10:47:30,scikit-learn-benchmark,b0b66faf-5d2b-4ee9-a027-18aa8de6f0c4,scikit-learn_SCL001_d880725b,1.0020840759389102,7.652538180886769e-08,7.636622878890342e-08,1.7000000000000002,0.0,10.0,2.36664760314549e-07,0.0,1.3915348526400824e-06,1.6281996129546311e-06,Canada,CAN,,gcp,northamerica-northeast2,Linux-6.8.0-1032-gcp-x86_64-with-glibc2.35,3.10.12,3.0.4,2,Intel(R) Xeon(R) CPU @ 2.60GHz,,,,,15.61648178100586,machine,Y,1.0
2025-08-08T10:47:32,scikit-learn-benchmark,f6fd7ef7-366f-42b3-b572-32298df29478,scikit-learn_SCL001_d880725b,1.0021579070016742,7.65298108341845e-08,7.636502221805715e-08,1.7000000000000002,0.0,10.0,2.366887201399853e-07,0.0,1.3916051273958551e-06,1.6282938475358404e-06,Canada,CAN,,gcp,northamerica-northeast2,Linux-6.8.0-1032-gcp-x86_64-with-glibc2.35,3.10.12,3.0.4,2,Intel(R) Xeon(R) CPU @ 2.60GHz,,,,,15.61648178100586,machine,Y,1.0
2025-08-08T10:47:35,scikit-learn-benchmark,30c325db-151c-4b6e-9784-116a274480b5,scikit-learn_SCL001_d880725b,1.0020824945531783,7.652660693025165e-08,7.63675718777767e-08,1.7000000000000002,0.0,10.0,2.366683857334364e-07,0.0,1.39155729363362e-06,1.6282256793670562e-06,Canada,CAN,,gcp,northamerica-northeast2,Linux-6.8.0-1032-gcp-x86_64-with-glibc2.35,3.10.12,3.0.4,2,Intel(R) Xeon(R) CPU @ 2.60GHz,,,,,15.61648178100586,machine,Y,1.0
2025-08-08T10:47:37,scikit-learn-benchmark,268179b9-610c-4153-b484-a8f1cfd827ff,scikit-learn_SCL001_d880725b,1.0020734127610922,7.65302302110035e-08,7.63718797808772e-08,1.7000000000000002,0.0,10.0,2.366833381949821e-07,0.0,1.3916194322519003e-06,1.6283027704468823e-06,Canada,CAN,,gcp,northamerica-northeast2,Linux-6.8.0-1032-gcp-x86_64-with-glibc2.35,3.10.12,3.0.4,2,Intel(R) Xeon(R) CPU @ 2.60GHz,,,,,15.61648178100586,machine,Y,1.0
2025-08-08T10:47:39,scikit-learn-benchmark,b4ade64c-4ca7-4210-9a2c-4e7a0b0e4178,scikit-learn_SCL001_d880725b,1.002169941086322,7.671038783442787e-08,7.654429123196022e-08,1.7272709000000002,0.0,10.0,2.4048660565382084e-07,0.0,1.3916493057169848e-06,1.6321359113708056e-06,Canada,CAN,,gcp,northamerica-northeast2,Linux-6.8.0-1032-gcp-x86_64-with-glibc2.35,3.10.12,3.0.4,2,Intel(R) Xeon(R) CPU @ 2.60GHz,,,,,15.61648178100586,machine,Y,1.0
2025-08-08T10:47:41,scikit-learn-benchmark,e1ddc624-2465-4317-95dd-925e67ee7273,scikit-learn_SCL001_d880725b,1.0020833159796894,7.65259977099227e-08,7.63669013240749e-08,1.7000000000000002,0.0,10.0,2.366667947887133e-07,0.0,1.3915459224436846e-06,1.628212717232398e-06,Canada,CAN,,gcp,northamerica-northeast2,Linux-6.8.0-1032-gcp-x86_64-with-glibc2.35,3.10.12,3.0.4,2,Intel(R) Xeon(R) CPU @ 2.60GHz,,,,,15.61648178100586,machine,Y,1.0
2025-08-08T10:47:43,scikit-learn-benchmark,9c66e30c-3080-4105-9960-b0a1c2343a50,scikit-learn_SCL001_d880725b,1.002150435000658,7.670871489266667e-08,7.654411175565301e-08,1.7272709000000002,0.0,10.0,2.4047880595310095e-07,0.0,1.3916215109121467e-06,1.6321003168652476e-06,Canada,CAN,,gcp,northamerica-northeast2,Linux-6.8.0-1032-gcp-x86_64-with-glibc2.35,3.10.12,3.0.4,2,Intel(R) Xeon(R) CPU @ 2.60GHz,,,,,15.61648178100586,machine,Y,1.0
2025-08-08T10:47:45,scikit-learn-benchmark,8fb70250-99bb-4ed8-b1a7-cbba2ddd1dc6,scikit-learn_SCL001_d880725b,1.0015486339107156,7.664719211516746e-08,7.652867721049707e-08,1.7272709000000002,0.0,10.0,2.402874521038495e-07,0.0,1.390503869495458e-06,1.6307913215993074e-06,Canada,CAN,,gcp,northamerica-northeast2,Linux-6.8.0-1032-gcp-x86_64-with-glibc2.35,3.10.12,3.0.4,2,Intel(R) Xeon(R) CPU @ 2.60GHz,,,,,15.61648178100586,machine,Y,1.0
2025-08-08T10:47:47,scikit-learn-benchmark,b7879456-d41b-491a-bdea-8c43dc645a32,scikit-learn_SCL001_d880725b,1.002218856010586,7.672093887061968e-08,7.655108303989973e-08,1.7272709000000002,0.0,10.0,2.405207619083885e-07,0.0,1.3918396395941577e-06,1.6323604015025462e-06,Canada,CAN,,gcp,northamerica-northeast2,Linux-6.8.0-1032-gcp-x86_64-with-glibc2.35,3.10.12,3.0.4,2,Intel(R) Xeon(R) CPU @ 2.60GHz,,,,,15.61648178100586,machine,Y,1.0
2025-08-08T10:47:50,scikit-learn-benchmark,ffd9097d-e249-494d-b4ca-fb65d796fdbc,scikit-learn_SCL001_d880725b,1.0021519549190998,7.670629237166417e-08,7.654157834562764e-08,1.7272709000000002,0.0,10.0,2.404775983511992e-07,0.0,1.391571175513996e-06,1.632048773865195e-06,Canada,CAN,,gcp,northamerica-northeast2,Linux-6.8.0-1032-gcp-x86_64-with-glibc2.35,3.10.12,3.0.4,2,Intel(R) Xeon(R) CPU @ 2.60GHz,,,,,15.61648178100586,machine,Y,1.0
2025-08-08T10:47:52,scikit-learn-benchmark,4f4e4e1c-2ead-4490-bcf6-d77861da6188,scikit-learn_SCL001_d880725b,1.0020989417098465,7.65289650812564e-08,7.636867169091879e-08,1.7000000000000002,0.0,10.0,2.366750780363671e-07,0.0,1.3916007747563225e-06,1.6282758527926894e-06,Canada,CAN,,gcp,northamerica-northeast2,Linux-6.8.0-1032-gcp-x86_64-with-glibc2.35,3.10.12,3.0.4,2,Intel(R) Xeon(R) CPU @ 2.60GHz,,,,,15.61648178100586,machine,Y,1.0
2025-08-08T10:47:54,scikit-learn-benchmark,9f0ed9ce-4632-4b27-91b8-3b7fcb8ea67a,scikit-learn_SCL001_d880725b,1.0020709689706564,7.652212702709306e-08,7.636397959487621e-08,1.7000000000000002,0.0,10.0,2.366519102749105e-07,0.0,1.3914784520036646e-06,1.628130362278575e-06,Canada,CAN,,gcp,northamerica-northeast2,Linux-6.8.0-1032-gcp-x86_64-with-glibc2.35,3.10.12,3.0.4,2,Intel(R) Xeon(R) CPU @ 2.60GHz,,,,,15.61648178100586,machine,Y,1.0
2025-08-08T10:47:56,scikit-learn-benchmark,1058efca-7a22-413c-9b12-f683dcf1578d,scikit-learn_SCL001_d880725b,1.002098164986819,7.652748009123998e-08,7.636724900324166e-08,1.7000000000000002,0.0,10.0,2.366705490664269e-07,0.0,1.3915737081939975e-06,1.6282442572604246e-06,Canada,CAN,,gcp,northamerica-northeast2,Linux-6.8.0-1032-gcp-x86_64-with-glibc2.35,3.10.12,3.0.4,2,Intel(R) Xeon(R) CPU @ 2.60GHz,,,,,15.61648178100586,machine,Y,1.0
2025-08-08T10:47:58,scikit-learn-benchmark,d5b8e1e4-4a0f-4b09-9997-15a277e348ca,scikit-learn_SCL001_d880725b,1.002152503002435,7.652339125829492e-08,7.635902822078665e-08,1.7000000000000002,0.0,10.0,2.3665662263778765e-07,0.0,1.3915006381769976e-06,1.6281572608147852e-06,Canada,CAN,,gcp,northamerica-northeast2,Linux-6.8.0-1032-gcp-x86_64-with-glibc2.35,3.10.12,3.0.4,2,Intel(R) Xeon(R) CPU @ 2.60GHz,,,,,15.61648178100586,machine,Y,1.0
2025-08-08T10:48:00,scikit-learn-benchmark,63f54d61-538d-4b79-be83-b34ff4ab2a09,scikit-learn_SCL001_d880725b,1.002150832209736,7.65342227591771e-08,7.636996378122006e-08,1.7000000000000002,0.0,10.0,2.3669731278075946e-07,0.0,1.391690405499604e-06,1.6283877182803635e-06,Canada,CAN,,gcp,northamerica-northeast2,Linux-6.8.0-1032-gcp-x86_64-with-glibc2.35,3.10.12,3.0.4,2,Intel(R) Xeon(R) CPU @ 2.60GHz,,,,,15.61648178100586,machine,Y,1.0
2025-08-08T10:48:03,scikit-learn-benchmark,7929b558-1ced-4a31-b756-1d9dc5fb38cf,scikit-learn_SCL001_d880725b,1.0021545449271798,7.653576348817704e-08,7.63712182672767e-08,1.7000000000000002,0.0,10.0,2.3669873066763922e-07,0.0,1.3917217690808078e-06,1.628420499748447e-06,Canada,CAN,,gcp,northamerica-northeast2,Linux-6.8.0-1032-gcp-x86_64-with-glibc2.35,3.10.12,3.0.4,2,Intel(R) Xeon(R) CPU @ 2.60GHz,,,,,15.61648178100586,machine,Y,1.0
2025-08-08T10:48:05,scikit-learn-benchmark,29effb8a-efc9-45be-9609-eb3e86057f8b,scikit-learn_SCL001_d880725b,1.0021026567555964,7.67054733933449e-08,7.654452652753785e-08,1.7272709000000002,0.0,10.0,2.404681218600495e-07,0.0,1.3915632269345223e-06,1.6320313487945718e-06,Canada,CAN,,gcp,northamerica-northeast2,Linux-6.8.0-1032-gcp-x86_64-with-glibc2.35,3.10.12,3.0.4,2,Intel(R) Xeon(R) CPU @ 2.60GHz,,,,,15.61648178100586,machine,Y,1.0
2025-08-08T10:48:07,scikit-learn-benchmark,a16d462d-bcd7-492e-9c94-4f6d10eda1ba,scikit-learn_SCL001_d880725b,1.0021557910367846,7.652581858512068e-08,7.636119979504439e-08,1.7000000000000002,0.0,10.0,2.3668061148944414e-07,0.0,1.391528294576953e-06,1.628208906066397e-06,Canada,CAN,,gcp,northamerica-northeast2,Linux-6.8.0-1032-gcp-x86_64-with-glibc2.35,3.10.12,3.0.4,2,Intel(R) Xeon(R) CPU @ 2.60GHz,,,,,15.61648178100586,machine,Y,1.0
2025-08-08T10:48:09,scikit-learn-benchmark,43f15776-afa8-4e73-9a91-6d92b008418e,scikit-learn_SCL001_d880725b,1.002127969171852,7.652809259630481e-08,7.63655889771711e-08,1.7000000000000002,0.0,10.0,2.366737142438069e-07,0.0,1.391583575039274e-06,1.628257289283081e-06,Canada,CAN,,gcp,northamerica-northeast2,Linux-6.8.0-1032-gcp-x86_64-with-glibc2.35,3.10.12,3.0.4,2,Intel(R) Xeon(R) CPU @ 2.60GHz,,,,,15.61648178100586,machine,Y,1.0
2025-08-08T10:48:11,scikit-learn-benchmark,bafbc5ea-8916-4eb2-8caa-f7b8b36a65d4,scikit-learn_SCL001_d880725b,1.002141528762877,7.653094488211596e-08,7.636740189441288e-08,1.7000000000000002,0.0,10.0,2.366840851803621e-07,0.0,1.3916338910348712e-06,1.6283179762152331e-06,Canada,CAN,,gcp,northamerica-northeast2,Linux-6.8.0-1032-gcp-x86_64-with-glibc2.35,3.10.12,3.0.4,2,Intel(R) Xeon(R) CPU @ 2.60GHz,,,,,15.61648178100586,machine,Y,1.0
2025-08-08T10:48:13,scikit-learn-benchmark,74d21af7-947f-4d93-a88b-8bc04543b868,scikit-learn_SCL001_d880725b,1.0021521099843085,7.652816968272805e-08,7.6363826329644e-08,1.7000000000000002,0.0,10.0,2.366831024668904e-07,0.0,1.391575826952855e-06,1.6282589294197454e-06,Canada,CAN,,gcp,northamerica-northeast2,Linux-6.8.0-1032-gcp-x86_64-with-glibc2.35,3.10.12,3.0.4,2,Intel(R) Xeon(R) CPU @ 2.60GHz,,,,,15.61648178100586,machine,Y,1.0
2025-08-08T10:48:16,scikit-learn-benchmark,09cca12f-2088-4077-90a7-0d77a3887d8a,scikit-learn_SCL001_d880725b,1.0020723729394376,7.65258008695544e-08,7.636753884859312e-08,1.7000000000000002,0.0,10.0,2.366622897873944e-07,0.0,1.3915462393520608e-06,1.6282085291394551e-06,Canada,CAN,,gcp,northamerica-northeast2,Linux-6.8.0-1032-gcp-x86_64-with-glibc2.35,3.10.12,3.0.4,2,Intel(R) Xeon(R) CPU @ 2.60GHz,,,,,15.61648178100586,machine,Y,1.0
2025-08-08T10:48:18,scikit-learn-benchmark,2bd097c5-872c-4ffb-9162-79cdf007b1ba,scikit-learn_SCL001_d880725b,1.0021688770502806,7.653434430170131e-08,7.636870995931103e-08,1.7000000000000002,0.0,10.0,2.3669513999225785e-07,0.0,1.3916951642992597e-06,1.6283903042915171e-06,Canada,CAN,,gcp,northamerica-northeast2,Linux-6.8.0-1032-gcp-x86_64-with-glibc2.35,3.10.12,3.0.4,2,Intel(R) Xeon(R) CPU @ 2.60GHz,,,,,15.61648178100586,machine,Y,1.0
2025-08-08T10:48:20,scikit-learn-benchmark,17fdfcc9-95b2-4b21-9bfd-7e730f039816,scikit-learn_SCL001_d880725b,1.0020548203028738,7.652342289705605e-08,7.636650345529664e-08,1.7000000000000002,0.0,10.0,2.366555508665948e-07,0.0,1.3915023831133214e-06,1.628157933979916e-06,Canada,CAN,,gcp,northamerica-northeast2,Linux-6.8.0-1032-gcp-x86_64-with-glibc2.35,3.10.12,3.0.4,2,Intel(R) Xeon(R) CPU @ 2.60GHz,,,,,15.61648178100586,machine,Y,1.0
2025-08-08T10:48:22,scikit-learn-benchmark,bc9400a8-1288-49f4-8378-f77c97b471ea,scikit-learn_SCL001_d880725b,1.0020888769067824,7.65237266880124e-08,7.636421125062632e-08,1.7000000000000002,0.0,10.0,2.36667645125029e-07,0.0,1.3914967524922555e-06,1.6281643976172848e-06,Canada,CAN,,gcp,northamerica-northeast2,Linux-6.8.0-1032-gcp-x86_64-with-glibc2.35,3.10.12,3.0.4,2,Intel(R) Xeon(R) CPU @ 2.60GHz,,,,,15.61648178100586,machine,Y,1.0
2025-08-08T10:48:24,scikit-learn-benchmark,b88692f0-122c-4933-ac1e-987ea1fec074,scikit-learn_SCL001_d880725b,1.003074121195823,7.68890564049754e-08,7.665341451867137e-08,1.7550872000000004,0.0,10.0,2.4434645335305496e-07,0.0,1.3915909169655706e-06,1.6359373703186255e-06,Canada,CAN,,gcp,northamerica-northeast2,Linux-6.8.0-1032-gcp-x86_64-with-glibc2.35,3.10.12,3.0.4,2,Intel(R) Xeon(R) CPU @ 2.60GHz,,,,,15.61648178100586,machine,Y,1.0
2025-08-08T10:48:26,scikit-learn-benchmark,65604a27-d99d-4bd7-b2de-bcee42568e60,scikit-learn_SCL001_d880725b,1.002121270634234,7.652750535264042e-08,7.636551343152995e-08,1.7000000000000002,0.0,10.0,2.366717927959852e-07,0.0,1.391573001941045e-06,1.6282447947370305e-06,Canada,CAN,,gcp,northamerica-northeast2,Linux-6.8.0-1032-gcp-x86_64-with-glibc2.35,3.10.12,3.0.4,2,Intel(R) Xeon(R) CPU @ 2.60GHz,,,,,15.61648178100586,machine,Y,1.0
2025-08-08T10:48:28,scikit-learn-benchmark,2e6b08c5-b313-416d-9170-847cde54bc58,scikit-learn_SCL001_d880725b,1.0020973500795662,7.652764315652247e-08,7.636747382921052e-08,1.7000000000000002,0.0,10.0,2.366715647642398e-07,0.0,1.391576161970281e-06,1.6282477267345208e-06,Canada,CAN,,gcp,northamerica-northeast2,Linux-6.8.0-1032-gcp-x86_64-with-glibc2.35,3.10.12,3.0.4,2,Intel(R) Xeon(R) CPU @ 2.60GHz,,,,,15.61648178100586,machine,Y,1.0
2025-08-08T10:48:31,scikit-learn-benchmark,c3a479b9-21ca-4b9c-8748-e516a4cff89b,scikit-learn_SCL001_d880725b,1.0017152819782495,7.647103188142905e-08,7.634008710579847e-08,1.7000000000000002,0.0,10.0,2.36497242960872e-07,0.0,1.390545988558895e-06,1.627043231519767e-06,Canada,CAN,,gcp,northamerica-northeast2,Linux-6.8.0-1032-gcp-x86_64-with-glibc2.35,3.10.12,3.0.4,2,Intel(R) Xeon(R) CPU @ 2.60GHz,,,,,15.61648178100586,machine,Y,1.0
2025-08-08T10:48:33,scikit-learn-benchmark,567a24c7-7dac-4780-a796-8e754d3f5700,scikit-learn_SCL001_d880725b,1.001905336976051,7.66751481923831e-08,7.652933402251742e-08,1.7272709000000002,0.0,10.0,2.403752321387031e-07,0.0,1.391010899614129e-06,1.6313861317528318e-06,Canada,CAN,,gcp,northamerica-northeast2,Linux-6.8.0-1032-gcp-x86_64-with-glibc2.35,3.10.12,3.0.4,2,Intel(R) Xeon(R) CPU @ 2.60GHz,,,,,15.61648178100586,machine,Y,1.0
2025-08-08T10:48:35,scikit-learn-benchmark,cc4f4f32-84e3-4c6c-83a1-dd82fcf83833,scikit-learn_SCL001_d880725b,1.0020668897777796,7.652509885042026e-08,7.636725614932815e-08,1.7000000000000002,0.0,10.0,2.3666536524736645e-07,0.0,1.391528227314767e-06,1.6281935925621332e-06,Canada,CAN,,gcp,northamerica-northeast2,Linux-6.8.0-1032-gcp-x86_64-with-glibc2.35,3.10.12,3.0.4,2,Intel(R) Xeon(R) CPU @ 2.60GHz,,,,,15.61648178100586,machine,Y,1.0
2025-08-08T10:48:37,scikit-learn-benchmark,941ab4b6-25e3-4811-9672-6ef3b4b0d21b,scikit-learn_SCL001_d880725b,1.002152585890144,7.653024284231168e-08,7.636585877222982e-08,1.7000000000000002,0.0,10.0,2.3668029945757654e-07,0.0,1.391622739740544e-06,1.6283030391981206e-06,Canada,CAN,,gcp,northamerica-northeast2,Linux-6.8.0-1032-gcp-x86_64-with-glibc2.35,3.10.12,3.0.4,2,Intel(R) Xeon(R) CPU @ 2.60GHz,,,,,15.61648178100586,machine,Y,1.0
2025-08-08T10:48:39,scikit-learn-benchmark,777e5d4f-d24f-42c0-aca1-01257bd7e0c1,scikit-learn_SCL001_d880725b,1.002090184018016,7.652555306379995e-08,7.63659342085963e-08,1.7000000000000002,0.0,10.0,2.366639207531181e-07,0.0,1.3915393359234762e-06,1.6282032566765943e-06,Canada,CAN,,gcp,northamerica-northeast2,Linux-6.8.0-1032-gcp-x86_64-with-glibc2.35,3.10.12,3.0.4,2,Intel(R) Xeon(R) CPU @ 2.60GHz,,,,,15.61648178100586,machine,Y,1.0
2025-08-08T10:48:41,scikit-learn-benchmark,4b483570-6c76-4e71-9d6d-9eb4051f2649,scikit-learn_SCL001_d880725b,1.0021340087987485,7.652780878247641e-08,7.636484553019993e-08,1.7000000000000002,0.0,10.0,2.36675359062954e-07,0.0,1.3915758916280337e-06,1.6282512506909876e-06,Canada,CAN,,gcp,northamerica-northeast2,Linux-6.8.0-1032-gcp-x86_64-with-glibc2.35,3.10.12,3.0.4,2,Intel(R) Xeon(R) CPU @ 2.60GHz,,,,,15.61648178100586,machine,Y,1.0
2025-08-08T10:48:44,scikit-learn-benchmark,08651a13-f9f5-43a1-af72-fcf9bc78d425,scikit-learn_SCL001_d880725b,1.0020828722044826,7.652633216814138e-08,7.636726890640399e-08,1.7000000000000002,0.0,10.0,2.36667505491318e-07,0.0,1.3915523278733923e-06,1.6282198333647103e-06,Canada,CAN,,gcp,northamerica-northeast2,Linux-6.8.0-1032-gcp-x86_64-with-glibc2.35,3.10.12,3.0.4,2,Intel(R) Xeon(R) CPU @ 2.60GHz,,,,,15.61648178100586,machine,Y,1.0
2025-08-08T10:48:46,scikit-learn-benchmark,18cedf5b-2077-4b1c-a51b-b5f0b4ae628f,scikit-learn_SCL001_d880725b,1.0021091378293931,7.65297270068485e-08,7.63686549876342e-08,1.7000000000000002,0.0,10.0,2.366752277852761e-07,0.0,1.3916168361902235e-06,1.6282920639754995e-06,Canada,CAN,,gcp,northamerica-northeast2,Linux-6.8.0-1032-gcp-x86_64-with-glibc2.35,3.10.12,3.0.4,2,Intel(R) Xeon(R) CPU @ 2.60GHz,,,,,15.61648178100586,machine,Y,1.0
2025-08-08T10:48:48,scikit-learn-benchmark,ee2c397b-f38b-4a7d-af99-eb0998979506,scikit-learn_SCL001_d880725b,1.0021868902258575,7.653111187959766e-08,7.636411194956884e-08,1.7000000000000002,0.0,10.0,2.3668518971600055e-07,0.0,1.3916363396371409e-06,1.6283215293531412e-06,Canada,CAN,,gcp,northamerica-northeast2,Linux-6.8.0-1032-gcp-x86_64-with-glibc2.35,3.10.12,3.0.4,2,Intel(R) Xeon(R) CPU @ 2.60GHz,,,,,15.61648178100586,machine,Y,1.0
2025-08-08T10:48:50,scikit-learn-benchmark,2b65470b-c316-4b33-bd6d-55b7d4aacafd,scikit-learn_SCL001_d880725b,1.0022145649418237,7.671547948002295e-08,7.654596347287782e-08,1.7272709000000002,0.0,10.0,2.4051190854428856e-07,0.0,1.391732335711519e-06,1.6322442442558075e-06,Canada,CAN,,gcp,northamerica-northeast2,Linux-6.8.0-1032-gcp-x86_64-with-glibc2.35,3.10.12,3.0.4,2,Intel(R) Xeon(R) CPU @ 2.60GHz,,,,,15.61648178100586,machine,Y,1.0
2025-08-08T10:48:52,scikit-learn-benchmark,8dc0e983-01fc-4220-97db-f2fc4dccbb6f,scikit-learn_SCL001_d880725b,1.001611583866179,7.66331829817782e-08,7.650988089212918e-08,1.7272709000000002,0.0,10.0,2.402373358429449e-07,0.0,1.3902559190885062e-06,1.630493254931451e-06,Canada,CAN,,gcp,northamerica-northeast2,Linux-6.8.0-1032-gcp-x86_64-with-glibc2.35,3.10.12,3.0.4,2,Intel(R) Xeon(R) CPU @ 2.60GHz,,,,,15.61648178100586,machine,Y,1.0
2025-08-08T10:48:54,scikit-learn-benchmark,4ec35c90-db75-4d67-a9b1-fa9b6b39756f,scikit-learn_SCL001_d880725b,1.0022264351136982,7.670718488198317e-08,7.653678070593007e-08,1.7272709000000002,0.0,10.0,2.4048112151019805e-07,0.0,1.3915866419362525e-06,1.6320677634464506e-06,Canada,CAN,,gcp,northamerica-northeast2,Linux-6.8.0-1032-gcp-x86_64-with-glibc2.35,3.10.12,3.0.4,2,Intel(R) Xeon(R) CPU @ 2.60GHz,,,,,15.61648178100586,machine,Y,1.0
2025-08-08T10:48:57,scikit-learn-benchmark,b87645fb-8368-4819-997d-463a4793a1f4,scikit-learn_SCL001_d880725b,1.0045341341756284,7.669823970326191e-08,7.63520492672998e-08,1.7272709000000002,0.0,10.0,2.404575376371276e-07,0.0,1.391419902857807e-06,1.6318774404949344e-06,Canada,CAN,,gcp,northamerica-northeast2,Linux-6.8.0-1032-gcp-x86_64-with-glibc2.35,3.10.12,3.0.4,2,Intel(R) Xeon(R) CPU @ 2.60GHz,,,,,15.61648178100586,machine,Y,1.0
2025-08-08T10:48:59,scikit-learn-benchmark,48ef011d-fdfa-490f-bf4a-6b78f481a528,scikit-learn_SCL001_d880725b,1.003003841266036,7.653081845048453e-08,7.63016204941787e-08,1.7000000000000002,0.0,10.0,2.366825580053653e-07,0.0,1.3916327281751563e-06,1.628315286180522e-06,Canada,CAN,,gcp,northamerica-northeast2,Linux-6.8.0-1032-gcp-x86_64-with-glibc2.35,3.10.12,3.0.4,2,Intel(R) Xeon(R) CPU @ 2.60GHz,,,,,15.61648178100586,machine,Y,1.0
2025-08-08T10:49:01,scikit-learn-benchmark,8e3493ba-855a-4b7e-b5a8-e0af70463565,scikit-learn_SCL001_d880725b,1.0022238711826503,7.6892785786769e-08,7.672216557367918e-08,1.7550872000000004,0.0,10.0,2.443711073966535e-07,0.0,1.391645611470772e-06,1.6360167188674256e-06,Canada,CAN,,gcp,northamerica-northeast2,Linux-6.8.0-1032-gcp-x86_64-with-glibc2.35,3.10.12,3.0.4,2,Intel(R) Xeon(R) CPU @ 2.60GHz,,,,,15.61648178100586,machine,Y,1.0
2025-08-08T10:49:03,scikit-learn-benchmark,1c47dadc-95e1-441b-82b6-5464dd98124d,scikit-learn_SCL001_d880725b,1.0018102931790054,7.66995582043912e-08,7.656096041996483e-08,1.7272709000000002,0.0,10.0,2.404538120567923e-07,0.0,1.3914516816536586e-06,1.631905493710451e-06,Canada,CAN,,gcp,northamerica-northeast2,Linux-6.8.0-1032-gcp-x86_64-with-glibc2.35,3.10.12,3.0.4,2,Intel(R) Xeon(R) CPU @ 2.60GHz,,,,,15.61648178100586,machine,Y,1.0
2025-08-08T10:49:05,scikit-learn-benchmark,dc00a2f6-9c64-4019-a080-cc0cfa7ad75e,scikit-learn_SCL001_d880725b,1.0021843663416805,7.671181345035605e-08,7.6544611976318e-08,1.7272709000000002,0.0,10.0,2.404915710089855e-07,0.0,1.3916746726156108e-06,1.6321662436245964e-06,Canada,CAN,,gcp,northamerica-northeast2,Linux-6.8.0-1032-gcp-x86_64-with-glibc2.35,3.10.12,3.0.4,2,Intel(R) Xeon(R) CPU @ 2.60GHz,,,,,15.61648178100586,machine,Y,1.0
2025-08-08T10:49:07,scikit-learn-benchmark,ec234a8b-d478-4f5a-b644-2aaed5e27146,scikit-learn_SCL001_d880725b,1.0021427189931271,7.653035509905832e-08,7.636672267194624e-08,1.7000000000000002,0.0,10.0,2.366825197435295e-07,0.0,1.391622907896009e-06,1.6283054276395385e-06,Canada,CAN,,gcp,northamerica-northeast2,Linux-6.8.0-1032-gcp-x86_64-with-glibc2.35,3.10.12,3.0.4,2,Intel(R) Xeon(R) CPU @ 2.60GHz,,,,,15.61648178100586,machine,Y,1.0
2025-08-08T10:49:09,scikit-learn-benchmark,bda57374-794e-44ec-92b6-eda1ab7be371,scikit-learn_SCL001_d880725b,1.0021398100070655,7.65295211518468e-08,7.636611218080162e-08,1.7000000000000002,0.0,10.0,2.3667972003264975e-07,0.0,1.391607964049197e-06,1.6282876840818466e-06,Canada,CAN,,gcp,northamerica-northeast2,Linux-6.8.0-1032-gcp-x86_64-with-glibc2.35,3.10.12,3.0.4,2,Intel(R) Xeon(R) CPU @ 2.60GHz,,,,,15.61648178100586,machine,Y,1.0
2025-08-08T10:49:12,scikit-learn-benchmark,368e04df-82bd-457c-9471-1a2cac734497,scikit-learn_SCL001_d880725b,1.0021747769787908,7.652924224232428e-08,7.636316937953018e-08,1.7000000000000002,0.0,10.0,2.3668522423961093e-07,0.0,1.3915965255970756e-06,1.6282817498366866e-06,Canada,CAN,,gcp,northamerica-northeast2,Linux-6.8.0-1032-gcp-x86_64-with-glibc2.35,3.10.12,3.0.4,2,Intel(R) Xeon(R) CPU @ 2.60GHz,,,,,15.61648178100586,machine,Y,1.0
2025-08-08T10:49:14,scikit-learn-benchmark,15f738de-399a-42b0-ac82-befb9652c0d8,scikit-learn_SCL001_d880725b,1.0028725150041282,7.652817663642216e-08,7.630897795230447e-08,1.7000000000000002,0.0,10.0,2.3667587097992921e-07,0.0,1.391583206390755e-06,1.628259077370684e-06,Canada,CAN,,gcp,northamerica-northeast2,Linux-6.8.0-1032-gcp-x86_64-with-glibc2.35,3.10.12,3.0.4,2,Intel(R) Xeon(R) CPU @ 2.60GHz,,,,,15.61648178100586,machine,Y,1.0
2025-08-08T10:49:16,scikit-learn-benchmark,5af6874b-6ada-4c86-9163-5cf155646431,scikit-learn_SCL001_d880725b,1.002082662191242,7.65256793446606e-08,7.636663344451327e-08,1.7000000000000002,0.0,10.0,2.366638769938921e-07,0.0,1.3915420665095251e-06,1.628205943503417e-06,Canada,CAN,,gcp,northamerica-northeast2,Linux-6.8.0-1032-gcp-x86_64-with-glibc2.35,3.10.12,3.0.4,2,Intel(R) Xeon(R) CPU @ 2.60GHz,,,,,15.61648178100586,machine,Y,1.0
2025-08-08T10:49:18,scikit-learn-benchmark,30acd8e3-4064-4e0a-b72f-581af7a8c681,scikit-learn_SCL001_d880725b,1.0022305492311716,7.65315550058537e-08,7.636122752849867e-08,1.7000000000000002,0.0,10.0,2.367184093454853e-07,0.0,1.3916125482258695e-06,1.628330957571355e-06,Canada,CAN,,gcp,northamerica-northeast2,Linux-6.8.0-1032-gcp-x86_64-with-glibc2.35,3.10.12,3.0.4,2,Intel(R) Xeon(R) CPU @ 2.60GHz,,,,,15.61648178100586,machine,Y,1.0
2025-08-08T10:49:20,scikit-learn-benchmark,324d082f-98b3-440c-938d-439f8cd60aab,scikit-learn_SCL001_d880725b,1.0021375389769671,7.652707115104167e-08,7.636384046561549e-08,1.7000000000000002,0.0,10.0,2.366816595119114e-07,0.0,1.39155389689323e-06,1.628235556405141e-06,Canada,CAN,,gcp,northamerica-northeast2,Linux-6.8.0-1032-gcp-x86_64-with-glibc2.35,3.10.12,3.0.4,2,Intel(R) Xeon(R) CPU @ 2.60GHz,,,,,15.61648178100586,machine,Y,1.0
2025-08-08T10:49:22,scikit-learn-benchmark,aed323c9-9779-4c32-8af9-ac3315bf919f,scikit-learn_SCL001_d880725b,1.0021123997867107,7.670786542554333e-08,7.65461693138113e-08,1.7272709000000002,0.0,10.0,2.40474920625243e-07,0.0,1.3916073224714234e-06,1.6320822430966664e-06,Canada,CAN,,gcp,northamerica-northeast2,Linux-6.8.0-1032-gcp-x86_64-with-glibc2.35,3.10.12,3.0.4,2,Intel(R) Xeon(R) CPU @ 2.60GHz,,,,,15.61648178100586,machine,Y,1.0
2025-08-08T10:49:25,scikit-learn-benchmark,811d7222-4ce7-4cb2-8ea5-c16ab1367103,scikit-learn_SCL001_d880725b,1.0022105840034785,7.653659416159565e-08,7.636777677587369e-08,1.7000000000000002,0.0,10.0,2.3670183713289186e-07,0.0,1.391736336518079e-06,1.628438173650971e-06,Canada,CAN,,gcp,northamerica-northeast2,Linux-6.8.0-1032-gcp-x86_64-with-glibc2.35,3.10.12,3.0.4,2,Intel(R) Xeon(R) CPU @ 2.60GHz,,,,,15.61648178100586,machine,Y,1.0
2025-08-08T10:49:27,scikit-learn-benchmark,065b697a-646e-4190-b592-c0f95a571a49,scikit-learn_SCL001_d880725b,1.0021477108821273,7.653075107904929e-08,7.636673740608965e-08,1.7000000000000002,0.0,10.0,2.3668553671126978e-07,0.0,1.3916283160344594e-06,1.628313852745729e-06,Canada,CAN,,gcp,northamerica-northeast2,Linux-6.8.0-1032-gcp-x86_64-with-glibc2.35,3.10.12,3.0.4,2,Intel(R) Xeon(R) CPU @ 2.60GHz,,,,,15.61648178100586,machine,Y,1.0
2025-08-08T10:49:29,scikit-learn-benchmark,652ea7e6-1005-4fd6-9b08-f962937f822c,scikit-learn_SCL001_d880725b,1.002112118061632,7.652404751971415e-08,7.636276035433369e-08,1.7000000000000002,0.0,10.0,2.3665743976986658e-07,0.0,1.3915137840538389e-06,1.6281712238237057e-06,Canada,CAN,,gcp,northamerica-northeast2,Linux-6.8.0-1032-gcp-x86_64-with-glibc2.35,3.10.12,3.0.4,2,Intel(R) Xeon(R) CPU @ 2.60GHz,,,,,15.61648178100586,machine,Y,1.0
2025-08-08T10:49:31,scikit-learn-benchmark,351eeed7-9641-425a-8f6a-a594de107825,scikit-learn_SCL001_d880725b,1.0020748092792928,7.65239635756524e-08,7.636551968678822e-08,1.7000000000000002,0.0,10.0,2.366582678967261e-07,0.0,1.3915111698831122e-06,1.6281694377798382e-06,Canada,CAN,,gcp,northamerica-northeast2,Linux-6.8.0-1032-gcp-x86_64-with-glibc2.35,3.10.12,3.0.4,2,Intel(R) Xeon(R) CPU @ 2.60GHz,,,,,15.61648178100586,machine,Y,1.0
2025-08-08T10:49:33,scikit-learn-benchmark,836e8240-6e41-41ea-ae08-284f08f0bfb7,scikit-learn_SCL001_d880725b,1.0020337137393651,7.671419640455981e-08,7.655849833463149e-08,1.7272709000000002,0.0,10.0,2.404921889973038e-07,0.0,1.3917247557805644e-06,1.6322169447778683e-06,Canada,CAN,,gcp,northamerica-northeast2,Linux-6.8.0-1032-gcp-x86_64-with-glibc2.35,3.10.12,3.0.4,2,Intel(R) Xeon(R) CPU @ 2.60GHz,,,,,15.61648178100586,machine,Y,1.0
2025-08-08T10:49:35,scikit-learn-benchmark,5731b7d5-211a-4e12-80cf-527f479a111d,scikit-learn_SCL001_d880725b,1.0021991236135364,7.653199480846525e-08,7.636406079913633e-08,1.7000000000000002,0.0,10.0,2.3669824909625785e-07,0.0,1.391642065977471e-06,1.6283403150737285e-06,Canada,CAN,,gcp,northamerica-northeast2,Linux-6.8.0-1032-gcp-x86_64-with-glibc2.35,3.10.12,3.0.4,2,Intel(R) Xeon(R) CPU @ 2.60GHz,,,,,15.61648178100586,machine,Y,1.0
2025-08-08T10:49:38,scikit-learn-benchmark,6a8211ca-e108-48ed-8a81-081e50564e7b,scikit-learn_SCL001_d880725b,1.0021501570008695,7.652606437492391e-08,7.636187435617747e-08,1.7000000000000002,0.0,10.0,2.366771448351857e-07,0.0,1.3915369908014934e-06,1.628214135636679e-06,Canada,CAN,,gcp,northamerica-northeast2,Linux-6.8.0-1032-gcp-x86_64-with-glibc2.35,3.10.12,3.0.4,2,Intel(R) Xeon(R) CPU @ 2.60GHz,,,,,15.61648178100586,machine,Y,1.0
2025-08-08T10:49:40,scikit-learn-benchmark,fd0a8040-9c43-4f73-b534-c1089294486d,scikit-learn_SCL001_d880725b,1.0021388279274106,7.653424886015194e-08,7.637090463647384e-08,1.7000000000000002,0.0,10.0,2.366952125578085e-07,0.0,1.3916930610624453e-06,1.6283882736202535e-06,Canada,CAN,,gcp,northamerica-northeast2,Linux-6.8.0-1032-gcp-x86_64-with-glibc2.35,3.10.12,3.0.4,2,Intel(R) Xeon(R) CPU @ 2.60GHz,,,,,15.61648178100586,machine,Y,1.0
2025-08-08T10:49:42,scikit-learn-benchmark,7c59b29e-0f87-43f9-8425-5f04746602e1,scikit-learn_SCL001_d880725b,1.0021584569476545,7.65302702977917e-08,7.636543878588362e-08,1.7000000000000002,0.0,10.0,2.366887946845964e-07,0.0,1.391614828672674e-06,1.6283036233572705e-06,Canada,CAN,,gcp,northamerica-northeast2,Linux-6.8.0-1032-gcp-x86_64-with-glibc2.35,3.10.12,3.0.4,2,Intel(R) Xeon(R) CPU @ 2.60GHz,,,,,15.61648178100586,machine,Y,1.0
2025-08-08T10:49:44,scikit-learn-benchmark,0aa5cc74-4fb7-4f2f-b6f7-7f0481c824af,scikit-learn_SCL001_d880725b,1.002124376129359,7.652495772836524e-08,7.636273455789786e-08,1.7000000000000002,0.0,10.0,2.3667171209429706e-07,0.0,1.3915188778709209e-06,1.6281905899652175e-06,Canada,CAN,,gcp,northamerica-northeast2,Linux-6.8.0-1032-gcp-x86_64-with-glibc2.35,3.10.12,3.0.4,2,Intel(R) Xeon(R) CPU @ 2.60GHz,,,,,15.61648178100586,machine,Y,1.0
2025-08-08T10:49:46,scikit-learn-benchmark,f6f5fdd0-2f2e-4fc4-a8ce-5faccb227f38,scikit-learn_SCL001_d880725b,1.002051454037428,7.784940005829141e-08,7.769002254786774e-08,1.9025387,0.0,10.0,2.6485210576990706e-07,0.0,1.3915181082362932e-06,1.6563702140062002e-06,Canada,CAN,,gcp,northamerica-northeast2,Linux-6.8.0-1032-gcp-x86_64-with-glibc2.35,3.10.12,3.0.4,2,Intel(R) Xeon(R) CPU @ 2.60GHz,,,,,15.61648178100586,machine,Y,1.0
2025-08-08T10:49:48,scikit-learn-benchmark,25fda8b2-77bf-4371-a206-7b40b56d9987,scikit-learn_SCL001_d880725b,1.0030741631053388,7.666958236606378e-08,7.643460990831269e-08,1.7000000000000002,0.0,10.0,2.3712269511694722e-07,0.0,1.3941450147993034e-06,1.6312677099162506e-06,Canada,CAN,,gcp,northamerica-northeast2,Linux-6.8.0-1032-gcp-x86_64-with-glibc2.35,3.10.12,3.0.4,2,Intel(R) Xeon(R) CPU @ 2.60GHz,,,,,15.61648178100586,machine,Y,1.0
2025-08-08T10:49:51,scikit-learn-benchmark,03971c8b-9426-4f84-a625-d0224eedc00e,scikit-learn_SCL001_d880725b,1.0021265358664095,7.652779968394638e-08,7.636540590932728e-08,1.7000000000000002,0.0,10.0,2.3667527154450205e-07,0.0,1.3915757855607403e-06,1.6282510571052423e-06,Canada,CAN,,gcp,northamerica-northeast2,Linux-6.8.0-1032-gcp-x86_64-with-glibc2.35,3.10.12,3.0.4,2,Intel(R) Xeon(R) CPU @ 2.60GHz,,,,,15.61648178100586,machine,Y,1.0
2025-08-08T10:49:53,scikit-learn-benchmark,56433272-6c7a-44f9-b39a-66da7059042a,scikit-learn_SCL001_d880725b,1.0021387790329754,7.67085005500191e-08,7.654478816201465e-08,1.7272709000000002,0.0,10.0,2.404786395028851e-07,0.0,1.3916171168804996e-06,1.6320957563833848e-06,Canada,CAN,,gcp,northamerica-northeast2,Linux-6.8.0-1032-gcp-x86_64-with-glibc2.35,3.10.12,3.0.4,2,Intel(R) Xeon(R) CPU @ 2.60GHz,,,,,15.61648178100586,machine,Y,1.0
2025-08-08T10:49:55,scikit-learn-benchmark,6a334967-eb59-42ad-94cf-12c02f524a4d,scikit-learn_SCL001_d880725b,1.0021030427888036,7.68868735490919e-08,7.672551650488906e-08,1.7550872000000004,0.0,10.0,2.443402129954938e-07,0.0,1.3915507135809297e-06,1.6358909265764233e-06,Canada,CAN,,gcp,northamerica-northeast2,Linux-6.8.0-1032-gcp-x86_64-with-glibc2.35,3.10.12,3.0.4,2,Intel(R) Xeon(R) CPU @ 2.60GHz,,,,,15.61648178100586,machine,Y,1.0
2025-08-08T10:49:57,scikit-learn-benchmark,0e5d40c3-b8f9-40e1-8b89-03b8dd6718b0,scikit-learn_SCL001_d880725b,1.001794235315174,7.665760143193322e-08,7.652030599658623e-08,1.7272709000000002,0.0,10.0,2.403189927440852e-07,0.0,1.3906938036800255e-06,1.6310127964241108e-06,Canada,CAN,,gcp,northamerica-northeast2,Linux-6.8.0-1032-gcp-x86_64-with-glibc2.35,3.10.12,3.0.4,2,Intel(R) Xeon(R) CPU @ 2.60GHz,,,,,15.61648178100586,machine,Y,1.0
2025-08-08T10:49:59,scikit-learn-benchmark,6173b7cb-3ea2-4abf-97b3-b9f33ec0400c,scikit-learn_SCL001_d880725b,1.0021800831891596,7.65358856228413e-08,7.636939399083558e-08,1.7000000000000002,0.0,10.0,2.367018622009913e-07,0.0,1.3917212361573344e-06,1.6284230983583255e-06,Canada,CAN,,gcp,northamerica-northeast2,Linux-6.8.0-1032-gcp-x86_64-with-glibc2.35,3.10.12,3.0.4,2,Intel(R) Xeon(R) CPU @ 2.60GHz,,,,,15.61648178100586,machine,Y,1.0
2025-08-08T10:50:01,scikit-learn-benchmark,1049189a-5f84-4a0c-929b-c0b2103e78d6,scikit-learn_SCL001_d880725b,1.0021280436776578,7.671119180398449e-08,7.654829369155868e-08,1.7272709000000002,0.0,10.0,2.404893340968226e-07,0.0,1.3916636830092306e-06,1.6321530171060531e-06,Canada,CAN,,gcp,northamerica-northeast2,Linux-6.8.0-1032-gcp-x86_64-with-glibc2.35,3.10.12,3.0.4,2,Intel(R) Xeon(R) CPU @ 2.60GHz,,,,,15.61648178100586,machine,Y,1.0
2025-08-08T10:50:03,scikit-learn-benchmark,80837bd9-bc88-4333-b4db-57a2745c7625,scikit-learn_SCL001_d880725b,1.0028358129784465,7.652453982156133e-08,7.630814419588946e-08,1.7000000000000002,0.0,10.0,2.366624168870557e-07,0.0,1.3915192814440364e-06,1.628181698331092e-06,Canada,CAN,,gcp,northamerica-northeast2,Linux-6.8.0-1032-gcp-x86_64-with-glibc2.35,3.10.12,3.0.4,2,Intel(R) Xeon(R) CPU @ 2.60GHz,,,,,15.61648178100586,machine,Y,1.0
2025-08-08T10:50:06,scikit-learn-benchmark,9cdc77bd-268b-4cf2-a159-fd840812f90e,scikit-learn_SCL001_d880725b,1.0021585482172668,7.68852841043282e-08,7.671968097373304e-08,1.7550872000000004,0.0,10.0,2.443419081624724e-07,0.0,1.3915152004402547e-06,1.6358571086027272e-06,Canada,CAN,,gcp,northamerica-northeast2,Linux-6.8.0-1032-gcp-x86_64-with-glibc2.35,3.10.12,3.0.4,2,Intel(R) Xeon(R) CPU @ 2.60GHz,,,,,15.61648178100586,machine,Y,1.0
2025-08-08T10:50:08,scikit-learn-benchmark,8b327f1d-b5bb-4e28-beb9-40bc2fcad449,scikit-learn_SCL001_d880725b,1.001701622735709,7.64651282066609e-08,7.633523443620855e-08,1.7000000000000002,0.0,10.0,2.3648183289656626e-07,0.0,1.39043578852175e-06,1.6269176214183164e-06,Canada,CAN,,gcp,northamerica-northeast2,Linux-6.8.0-1032-gcp-x86_64-with-glibc2.35,3.10.12,3.0.4,2,Intel(R) Xeon(R) CPU @ 2.60GHz,,,,,15.61648178100586,machine,Y,1.0
2025-08-08T10:50:10,scikit-learn-benchmark,634bf8f6-dafd-4b48-a717-e87dcf9fd265,scikit-learn_SCL001_d880725b,1.0021201618947089,7.653128942191447e-08,7.636937398526813e-08,1.7000000000000002,0.0,10.0,2.3668349827898458e-07,0.0,1.3916418085702592e-06,1.6283253068492435e-06,Canada,CAN,,gcp,northamerica-northeast2,Linux-6.8.0-1032-gcp-x86_64-with-glibc2.35,3.10.12,3.0.4,2,Intel(R) Xeon(R) CPU @ 2.60GHz,,,,,15.61648178100586,machine,Y,1.0
2025-08-08T10:50:12,scikit-learn-benchmark,e7cba07d-a243-4a91-8826-4417b71b4708,scikit-learn_SCL001_d880725b,1.0017472933977842,7.652670507716377e-08,7.639322370175425e-08,1.7000000000000002,0.0,10.0,2.366671367263836e-07,0.0,1.3915606308728457e-06,1.6282277675992292e-06,Canada,CAN,,gcp,northamerica-northeast2,Linux-6.8.0-1032-gcp-x86_64-with-glibc2.35,3.10.12,3.0.4,2,Intel(R) Xeon(R) CPU @ 2.60GHz,,,,,15.61648178100586,machine,Y,1.0
2025-08-08T10:50:14,scikit-learn-benchmark,a78aa6b1-3c85-4e95-afeb-a96318a6952d,scikit-learn_SCL001_d880725b,1.0021462249569597,7.708241943637913e-08,7.69173375269559e-08,1.7834543000000005,0.0,10.0,2.483204222267901e-07,0.0,1.3917310551429788e-06,1.6400514773697689e-06,Canada,CAN,,gcp,northamerica-northeast2,Linux-6.8.0-1032-gcp-x86_64-with-glibc2.35,3.10.12,3.0.4,2,Intel(R) Xeon(R) CPU @ 2.60GHz,,,,,15.61648178100586,machine,Y,1.0
2025-08-08T10:50:16,scikit-learn-benchmark,7c3e6573-bde7-4998-8e1e-36d390083504,scikit-learn_SCL001_d880725b,1.0020968969911337,7.688548411752922e-08,7.672460053352457e-08,1.7550872000000004,0.0,10.0,2.443325832684522e-07,0.0,1.3915287809342974e-06,1.6358613642027495e-06,Canada,CAN,,gcp,northamerica-northeast2,Linux-6.8.0-1032-gcp-x86_64-with-glibc2.35,3.10.12,3.0.4,2,Intel(R) Xeon(R) CPU @ 2.60GHz,,,,,15.61648178100586,machine,Y,1.0
2025-08-08T10:50:19,scikit-learn-benchmark,f29cd76b-b1c1-42f3-80a6-c821d260eec1,scikit-learn_SCL001_d880725b,1.002090148627758,7.670316065135038e-08,7.6543174041164e-08,1.7272709000000002,0.0,10.0,2.4045851131503466e-07,0.0,1.3915236302030585e-06,1.6319821415180931e-06,Canada,CAN,,gcp,northamerica-northeast2,Linux-6.8.0-1032-gcp-x86_64-with-glibc2.35,3.10.12,3.0.4,2,Intel(R) Xeon(R) CPU @ 2.60GHz,,,,,15.61648178100586,machine,Y,1.0
2025-08-08T10:50:21,scikit-learn-benchmark,df8563df-aa97-4f6b-b653-f6ed5a3ff45a,scikit-learn_SCL001_d880725b,1.0021577859297397,7.653091091613493e-08,7.6366129157131e-08,1.7000000000000002,0.0,10.0,2.366821698896173e-07,0.0,1.3916350836451683e-06,1.6283172535347856e-06,Canada,CAN,,gcp,northamerica-northeast2,Linux-6.8.0-1032-gcp-x86_64-with-glibc2.35,3.10.12,3.0.4,2,Intel(R) Xeon(R) CPU @ 2.60GHz,,,,,15.61648178100586,machine,Y,1.0
2025-08-08T10:50:23,scikit-learn-benchmark,c46b62ea-3dab-4399-a6a3-bfdc1a8d8bbf,scikit-learn_SCL001_d880725b,1.0041815391741693,1.1800981086963377e-07,1.1751840306353777e-07,8.0,0.0,10.0,1.1162319955312543e-06,0.0,1.394615044248187e-06,2.510847039779441e-06,Canada,CAN,,gcp,northamerica-northeast2,Linux-6.8.0-1032-gcp-x86_64-with-glibc2.35,3.10.12,3.0.4,2,Intel(R) Xeon(R) CPU @ 2.60GHz,,,,,15.61648178100586,machine,Y,1.0
2025-08-08T10:50:25,scikit-learn-benchmark,546dfd90-1cde-42ec-b4fe-8b6a0c3b5330,scikit-learn_SCL001_d880725b,1.0071690161712468,1.184850781845551e-07,1.1764170291395189e-07,8.0,0.0,10.0,1.1207688910265763e-06,0.0,1.400190219283104e-06,2.5209591103096805e-06,Canada,CAN,,gcp,northamerica-northeast2,Linux-6.8.0-1032-gcp-x86_64-with-glibc2.35,3.10.12,3.0.4,2,Intel(R) Xeon(R) CPU @ 2.60GHz,,,,,15.61648178100586,machine,Y,1.0
2025-08-08T10:50:28,scikit-learn-benchmark,89928115-d50f-4b69-901c-50945ea3615e,scikit-learn_SCL001_d880725b,1.0022805649787188,7.845167956067467e-08,7.827317250468727e-08,1.9913778728,0.0,10.0,2.77307124493765e-07,0.0,1.3918775470099515e-06,1.6691846715037163e-06,Canada,CAN,,gcp,northamerica-northeast2,Linux-6.8.0-1032-gcp-x86_64-with-glibc2.35,3.10.12,3.0.4,2,Intel(R) Xeon(R) CPU @ 2.60GHz,,,,,15.61648178100586,machine,Y,1.0
2025-08-08T10:50:30,scikit-learn-benchmark,70e927fa-8973-4081-9b19-656bd62379f0,scikit-learn_SCL001_d880725b,1.0021682898513973,7.652469050661765e-08,7.635912179776197e-08,1.7000000000000002,0.0,10.0,2.3666301654237842e-07,0.0,1.3915218878537417e-06,1.62818490439612e-06,Canada,CAN,,gcp,northamerica-northeast2,Linux-6.8.0-1032-gcp-x86_64-with-glibc2.35,3.10.12,3.0.4,2,Intel(R) Xeon(R) CPU @ 2.60GHz,,,,,15.61648178100586,machine,Y,1.0
2025-08-08T10:50:32,scikit-learn-benchmark,6d46d3df-dc69-4fbc-a3d1-e76298694db4,scikit-learn_SCL001_d880725b,1.0023956908844411,7.653504722546012e-08,7.635213112092608e-08,1.7000000000000002,0.0,10.0,2.3679118555608322e-07,0.0,1.3916140745600893e-06,1.6284052601161724e-06,Canada,CAN,,gcp,northamerica-northeast2,Linux-6.8.0-1032-gcp-x86_64-with-glibc2.35,3.10.12,3.0.4,2,Intel(R) Xeon(R) CPU @ 2.60GHz,,,,,15.61648178100586,machine,Y,1.0
2025-08-08T10:50:34,scikit-learn-benchmark,7c89266f-dff5-4d8c-91d7-2eb63d030fea,scikit-learn_SCL001_d880725b,1.0019781896844506,7.650745674963886e-08,7.635640928844279e-08,1.7000000000000002,0.0,10.0,2.366045038603868e-07,0.0,1.3912137248553336e-06,1.6278182287157203e-06,Canada,CAN,,gcp,northamerica-northeast2,Linux-6.8.0-1032-gcp-x86_64-with-glibc2.35,3.10.12,3.0.4,2,Intel(R) Xeon(R) CPU @ 2.60GHz,,,,,15.61648178100586,machine,Y,1.0
2025-08-08T10:50:36,scikit-learn-benchmark,246559e2-4b86-413d-9028-a8c9a090e542,scikit-learn_SCL001_d880725b,1.0021452410146594,7.652627459194304e-08,7.636245871353056e-08,1.7000000000000002,0.0,10.0,2.366697664579584e-07,0.0,1.3915488418812552e-06,1.6282186083392137e-06,Canada,CAN,,gcp,northamerica-northeast2,Linux-6.8.0-1032-gcp-x86_64-with-glibc2.35,3.10.12,3.0.4,2,Intel(R) Xeon(R) CPU @ 2.60GHz,,,,,15.61648178100586,machine,Y,1.0
2025-08-08T10:50:38,scikit-learn-benchmark,9fe9bf9a-682c-43a6-8f0b-a4348f45b5fa,scikit-learn_SCL001_d880725b,1.0021578907035291,7.670959851982625e-08,7.654442401882904e-08,1.7272709000000002,0.0,10.0,2.4048138470262e-07,0.0,1.3916377327404917e-06,1.6321191174431115e-06,Canada,CAN,,gcp,northamerica-northeast2,Linux-6.8.0-1032-gcp-x86_64-with-glibc2.35,3.10.12,3.0.4,2,Intel(R) Xeon(R) CPU @ 2.60GHz,,,,,15.61648178100586,machine,Y,1.0
2025-08-08T10:50:41,scikit-learn-benchmark,2fc5d867-4e6f-4529-acd1-60205d7df9e3,scikit-learn_SCL001_d880725b,1.002161483746022,7.653077945131292e-08,7.63657161969998e-08,1.7000000000000002,0.0,10.0,2.366892654810929e-07,0.0,1.3916251909298203e-06,1.6283144564109131e-06,Canada,CAN,,gcp,northamerica-northeast2,Linux-6.8.0-1032-gcp-x86_64-with-glibc2.35,3.10.12,3.0.4,2,Intel(R) Xeon(R) CPU @ 2.60GHz,,,,,15.61648178100586,machine,Y,1.0
2025-08-08T10:50:43,scikit-learn-benchmark,01a51271-8929-48d1-b83b-6262c998e998,scikit-learn_SCL001_d880725b,1.0021073608659208,7.65258352258372e-08,7.636490680969675e-08,1.7000000000000002,0.0,10.0,2.366650683882957e-07,0.0,1.3915441917359e-06,1.6282092601241958e-06,Canada,CAN,,gcp,northamerica-northeast2,Linux-6.8.0-1032-gcp-x86_64-with-glibc2.35,3.10.12,3.0.4,2,Intel(R) Xeon(R) CPU @ 2.60GHz,,,,,15.61648178100586,machine,Y,1.0
2025-08-08T10:50:45,scikit-learn-benchmark,f03a69a6-fefc-49ee-ac0b-e7ad1322eb44,scikit-learn_SCL001_d880725b,1.0020673838444054,7.652309005293585e-08,7.636521384356109e-08,1.7000000000000002,0.0,10.0,2.3665394189043179e-07,0.0,1.391496910299692e-06,1.628150852190124e-06,Canada,CAN,,gcp,northamerica-northeast2,Linux-6.8.0-1032-gcp-x86_64-with-glibc2.35,3.10.12,3.0.4,2,Intel(R) Xeon(R) CPU @ 2.60GHz,,,,,15.61648178100586,machine,Y,1.0
2025-08-08T10:50:47,scikit-learn-benchmark,94e5b33a-cc48-4982-bf27-8c2ffda331b2,scikit-learn_SCL001_d880725b,1.0021664896048603,7.67095231416527e-08,7.65436920285552e-08,1.7272709000000002,0.0,10.0,2.404807807899575e-07,0.0,1.3916367328622274e-06,1.632117513652185e-06,Canada,CAN,,gcp,northamerica-northeast2,Linux-6.8.0-1032-gcp-x86_64-with-glibc2.35,3.10.12,3.0.4,2,Intel(R) Xeon(R) CPU @ 2.60GHz,,,,,15.61648178100586,machine,Y,1.0
2025-08-08T10:50:49,scikit-learn-benchmark,efa740a6-11fb-41df-8d35-e1eeafbf76e7,scikit-learn_SCL001_d880725b,1.0022237389348447,7.6531966876355e-08,7.636215737385402e-08,1.7000000000000002,0.0,10.0,2.366993738622923e-07,0.0,1.3916403469112183e-06,1.6283397207735107e-06,Canada,CAN,,gcp,northamerica-northeast2,Linux-6.8.0-1032-gcp-x86_64-with-glibc2.35,3.10.12,3.0.4,2,Intel(R) Xeon(R) CPU @ 2.60GHz,,,,,15.61648178100586,machine,Y,1.0
2025-08-08T10:50:51,scikit-learn-benchmark,c2f5c1c6-c438-447e-975c-5488feb3e6a8,scikit-learn_SCL001_d880725b,1.0021647373214364,7.652926751102011e-08,7.63639595976664e-08,1.7000000000000002,0.0,10.0,2.366762067605224e-07,0.0,1.3916060807079906e-06,1.628282287468513e-06,Canada,CAN,,gcp,northamerica-northeast2,Linux-6.8.0-1032-gcp-x86_64-with-glibc2.35,3.10.12,3.0.4,2,Intel(R) Xeon(R) CPU @ 2.60GHz,,,,,15.61648178100586,machine,Y,1.0
2025-08-08T10:50:53,scikit-learn-benchmark,b5fa985e-1210-493c-b7f8-8d99b2c8f021,scikit-learn_SCL001_d880725b,1.002037985716015,7.651881149077478e-08,7.63631844117143e-08,1.7000000000000002,0.0,10.0,2.366439854570976e-07,0.0,1.3914158334955571e-06,1.6280598189526548e-06,Canada,CAN,,gcp,northamerica-northeast2,Linux-6.8.0-1032-gcp-x86_64-with-glibc2.35,3.10.12,3.0.4,2,Intel(R) Xeon(R) CPU @ 2.60GHz,,,,,15.61648178100586,machine,Y,1.0
2025-08-08T10:50:56,scikit-learn-benchmark,f2d367e0-4933-42b1-96fb-bd914aadb8ec,scikit-learn_SCL001_d880725b,1.0020837760530412,7.635126748648925e-08,7.619249938085805e-08,1.6732691000000002,0.0,10.0,2.3294344809913285e-07,0.0,1.3915516048048932e-06,1.624495052904026e-06,Canada,CAN,,gcp,northamerica-northeast2,Linux-6.8.0-1032-gcp-x86_64-with-glibc2.35,3.10.12,3.0.4,2,Intel(R) Xeon(R) CPU @ 2.60GHz,,,,,15.61648178100586,machine,Y,1.0
2025-08-08T10:50:58,scikit-learn-benchmark,feef5523-8f8d-4941-aee8-20a7ff130a48,scikit-learn_SCL001_d880725b,1.0020941593684256,7.726342357667613e-08,7.710195978526784e-08,1.8123776000000005,0.0,10.0,2.52321632204334e-07,0.0,1.3915809970866476e-06,1.6439026292909816e-06,Canada,CAN,,gcp,northamerica-northeast2,Linux-6.8.0-1032-gcp-x86_64-with-glibc2.35,3.10.12,3.0.4,2,Intel(R) Xeon(R) CPU @ 2.60GHz,,,,,15.61648178100586,machine,Y,1.0
2025-08-08T10:51:00,scikit-learn-benchmark,79873abf-04b8-44d0-8311-a73a922dbd3f,scikit-learn_SCL001_d880725b,1.002129269763827,7.670672303416261e-08,7.654374076134926e-08,1.7272709000000002,0.0,10.0,2.404724759295892e-07,0.0,1.3915854609674875e-06,1.6320579368970768e-06,Canada,CAN,,gcp,northamerica-northeast2,Linux-6.8.0-1032-gcp-x86_64-with-glibc2.35,3.10.12,3.0.4,2,Intel(R) Xeon(R) CPU @ 2.60GHz,,,,,15.61648178100586,machine,Y,1.0
2025-08-08T10:51:02,scikit-learn-benchmark,89a46804-6d94-48ed-aaa0-f6ae78c81c5d,scikit-learn_SCL001_d880725b,1.002030089031905,7.6674633272791e-08,7.651929229677022e-08,1.7272709000000002,0.0,10.0,2.4041581605268094e-07,0.0,1.390959359964149e-06,1.63137517601683e-06,Canada,CAN,,gcp,northamerica-northeast2,Linux-6.8.0-1032-gcp-x86_64-with-glibc2.35,3.10.12,3.0.4,2,Intel(R) Xeon(R) CPU @ 2.60GHz,,,,,15.61648178100586,machine,Y,1.0
2025-08-08T10:51:04,scikit-learn-benchmark,2d57e384-027f-4ebf-8b11-34b4ad2f88c4,scikit-learn_SCL001_d880725b,1.002149011939764,7.635114309672802e-08,7.618741543130637e-08,1.6732691000000002,0.0,10.0,2.3294550339396706e-07,0.0,1.391546902919395e-06,1.624492406313362e-06,Canada,CAN,,gcp,northamerica-northeast2,Linux-6.8.0-1032-gcp-x86_64-with-glibc2.35,3.10.12,3.0.4,2,Intel(R) Xeon(R) CPU @ 2.60GHz,,,,,15.61648178100586,machine,Y,1.0
2025-08-08T10:51:07,scikit-learn-benchmark,b3ddea7e-538c-4ff5-9c88-7cb6968107e0,scikit-learn_SCL001_d880725b,1.0021572900004685,7.652715916287464e-08,7.636242327074114e-08,1.7000000000000002,0.0,10.0,2.3668044063055682e-07,0.0,1.3915569883667758e-06,1.6282374289973328e-06,Canada,CAN,,gcp,northamerica-northeast2,Linux-6.8.0-1032-gcp-x86_64-with-glibc2.35,3.10.12,3.0.4,2,Intel(R) Xeon(R) CPU @ 2.60GHz,,,,,15.61648178100586,machine,Y,1.0
2025-08-08T10:51:09,scikit-learn-benchmark,9d726517-685b-4d9f-97e9-0350b0386b60,scikit-learn_SCL001_d880725b,1.0021010870113969,7.652636266457073e-08,7.636591124035013e-08,1.7000000000000002,0.0,10.0,2.3666720621339565e-07,0.0,1.3915532760115134e-06,1.628220482224909e-06,Canada,CAN,,gcp,northamerica-northeast2,Linux-6.8.0-1032-gcp-x86_64-with-glibc2.35,3.10.12,3.0.4,2,Intel(R) Xeon(R) CPU @ 2.60GHz,,,,,15.61648178100586,machine,Y,1.0
2025-08-08T10:51:11,scikit-learn-benchmark,5ba0e268-948b-452b-b7a7-021e3d500d05,scikit-learn_SCL001_d880725b,1.0021381401456892,7.670821454883228e-08,7.654455157018629e-08,1.7272709000000002,0.0,10.0,2.40475737683551e-07,0.0,1.3916139335681994e-06,1.6320896712517504e-06,Canada,CAN,,gcp,northamerica-northeast2,Linux-6.8.0-1032-gcp-x86_64-with-glibc2.35,3.10.12,3.0.4,2,Intel(R) Xeon(R) CPU @ 2.60GHz,,,,,15.61648178100586,machine,Y,1.0
2025-08-08T10:51:13,scikit-learn-benchmark,36a8d45a-2d66-4181-b801-1044c580e97f,scikit-learn_SCL001_d880725b,1.0020796917378902,7.652447665346941e-08,7.63656596220948e-08,1.7000000000000002,0.0,10.0,2.3666122681202574e-07,0.0,1.3915191275171108e-06,1.6281803543291365e-06,Canada,CAN,,gcp,northamerica-northeast2,Linux-6.8.0-1032-gcp-x86_64-with-glibc2.35,3.10.12,3.0.4,2,Intel(R) Xeon(R) CPU @ 2.60GHz,,,,,15.61648178100586,machine,Y,1.0
2025-08-08T10:51:15,scikit-learn-benchmark,276fad32-cb7e-4d67-8aed-eb0e6ce60d29,scikit-learn_SCL001_d880725b,1.0021337736397982,7.652911422516789e-08,7.636616611294364e-08,1.7000000000000002,0.0,10.0,2.366816687475269e-07,0.0,1.391597357319875e-06,1.628279026067402e-06,Canada,CAN,,gcp,northamerica-northeast2,Linux-6.8.0-1032-gcp-x86_64-with-glibc2.35,3.10.12,3.0.4,2,Intel(R) Xeon(R) CPU @ 2.60GHz,,,,,15.61648178100586,machine,Y,1.0
2025-08-08T10:51:17,scikit-learn-benchmark,ab6e02a4-23d2-4451-b8db-561ed7da6603,scikit-learn_SCL001_d880725b,1.0017428458668292,7.66537508702425e-08,7.652038762893525e-08,1.7272709000000002,0.0,10.0,2.403048855855875e-07,0.0,1.3906259839940402e-06,1.6309308695796276e-06,Canada,CAN,,gcp,northamerica-northeast2,Linux-6.8.0-1032-gcp-x86_64-with-glibc2.35,3.10.12,3.0.4,2,Intel(R) Xeon(R) CPU @ 2.60GHz,,,,,15.61648178100586,machine,Y,1.0
2025-08-08T10:51:19,scikit-learn-benchmark,d59ce59f-b4f1-49a5-b9ad-055ec0f1222e,scikit-learn_SCL001_d880725b,1.0020350846461952,7.652042657347759e-08,7.636501729926541e-08,1.7000000000000002,0.0,10.0,2.366430854243744e-07,0.0,1.3914510969900422e-06,1.6280941824144166e-06,Canada,CAN,,gcp,northamerica-northeast2,Linux-6.8.0-1032-gcp-x86_64-with-glibc2.35,3.10.12,3.0.4,2,Intel(R) Xeon(R) CPU @ 2.60GHz,,,,,15.61648178100586,machine,Y,1.0
2025-08-08T10:51:22,scikit-learn-benchmark,51e1ef7e-d105-4bf8-99d6-052f208eb753,scikit-learn_SCL001_d880725b,1.0021181092597544,7.670243841528738e-08,7.654031765970782e-08,1.7272709000000002,0.0,10.0,2.404661637799261e-07,0.0,1.3915006110134224e-06,1.6319667747933486e-06,Canada,CAN,,gcp,northamerica-northeast2,Linux-6.8.0-1032-gcp-x86_64-with-glibc2.35,3.10.12,3.0.4,2,Intel(R) Xeon(R) CPU @ 2.60GHz,,,,,15.61648178100586,machine,Y,1.0
2025-08-08T10:51:24,scikit-learn-benchmark,18764755-8b9b-47ee-86ca-11b60054a8d2,scikit-learn_SCL001_d880725b,1.0021015661768615,7.670774194672957e-08,7.654687362617234e-08,1.7272709000000002,0.0,10.0,2.4047228177490777e-07,0.0,1.3916073341129555e-06,1.6320796158878632e-06,Canada,CAN,,gcp,northamerica-northeast2,Linux-6.8.0-1032-gcp-x86_64-with-glibc2.35,3.10.12,3.0.4,2,Intel(R) Xeon(R) CPU @ 2.60GHz,,,,,15.61648178100586,machine,Y,1.0
2025-08-08T10:51:26,scikit-learn-benchmark,20c0b6d2-411b-47a9-846d-cd15b61da247,scikit-learn_SCL001_d880725b,1.0021917619742453,7.67161195626889e-08,7.654834381352696e-08,1.7272709000000002,0.0,10.0,2.405023270442779e-07,0.0,1.3917555359916557e-06,1.6322578630359334e-06,Canada,CAN,,gcp,northamerica-northeast2,Linux-6.8.0-1032-gcp-x86_64-with-glibc2.35,3.10.12,3.0.4,2,Intel(R) Xeon(R) CPU @ 2.60GHz,,,,,15.61648178100586,machine,Y,1.0
2025-08-08T10:51:28,scikit-learn-benchmark,cb6ae72c-553c-419b-8e36-f20090a84b50,scikit-learn_SCL001_d880725b,1.002192800398916,7.635215874201216e-08,7.618510002428742e-08,1.6732691000000002,0.0,10.0,2.329561543058026e-07,0.0,1.3915578614816895e-06,1.6245140157874922e-06,Canada,CAN,,gcp,northamerica-northeast2,Linux-6.8.0-1032-gcp-x86_64-with-glibc2.35,3.10.12,3.0.4,2,Intel(R) Xeon(R) CPU @ 2.60GHz,,,,,15.61648178100586,machine,Y,1.0
2025-08-08T10:51:30,scikit-learn-benchmark,073cbe0f-df95-4a7b-9905-d12657f0cbbe,scikit-learn_SCL001_d880725b,1.002116003073752,7.653046000694547e-08,7.636886325755354e-08,1.7000000000000002,0.0,10.0,2.366854736012303e-07,0.0,1.3916221861210134e-06,1.6283076597222437e-06,Canada,CAN,,gcp,northamerica-northeast2,Linux-6.8.0-1032-gcp-x86_64-with-glibc2.35,3.10.12,3.0.4,2,Intel(R) Xeon(R) CPU @ 2.60GHz,,,,,15.61648178100586,machine,Y,1.0
2025-08-08T10:51:32,scikit-learn-benchmark,b4b3e209-e3cd-4318-99e3-58e90559fe36,scikit-learn_SCL001_d880725b,1.0031901407055557,7.671573412315279e-08,7.647177839008432e-08,1.7272709000000002,0.0,10.0,2.405070573583324e-07,0.0,1.3917426048364077e-06,1.6322496621947398e-06,Canada,CAN,,gcp,northamerica-northeast2,Linux-6.8.0-1032-gcp-x86_64-with-glibc2.35,3.10.12,3.0.4,2,Intel(R) Xeon(R) CPU @ 2.60GHz,,,,,15.61648178100586,machine,Y,1.0
2025-08-08T10:51:35,scikit-learn-benchmark,88f8abd7-5fa7-4de6-83d8-49b5eb8bbaf6,scikit-learn_SCL001_d880725b,1.0021550226956606,7.670753330266716e-08,7.654258230062486e-08,1.7272709000000002,0.0,10.0,2.404738443961291e-07,0.0,1.3916013322563635e-06,1.6320751766524923e-06,Canada,CAN,,gcp,northamerica-northeast2,Linux-6.8.0-1032-gcp-x86_64-with-glibc2.35,3.10.12,3.0.4,2,Intel(R) Xeon(R) CPU @ 2.60GHz,,,,,15.61648178100586,machine,Y,1.0
2025-08-08T10:51:37,scikit-learn-benchmark,04c33af4-3843-4114-89a0-6c77b26a6add,scikit-learn_SCL001_d880725b,1.0020961249247191,7.65252506346442e-08,7.636517967814017e-08,1.7000000000000002,0.0,10.0,2.366627157251869e-07,0.0,1.391534106288519e-06,1.628196822013706e-06,Canada,CAN,,gcp,northamerica-northeast2,Linux-6.8.0-1032-gcp-x86_64-with-glibc2.35,3.10.12,3.0.4,2,Intel(R) Xeon(R) CPU @ 2.60GHz,,,,,15.61648178100586,machine,Y,1.0
2025-08-08T10:51:39,scikit-learn-benchmark,5d800a10-9733-462d-a30a-2b6f07c3a176,scikit-learn_SCL001_d880725b,1.0029054656624794,7.672834301803126e-08,7.650605729558725e-08,1.7272709000000002,0.0,10.0,2.4082879222023934e-07,0.0,1.3916891443336174e-06,1.6325179365538567e-06,Canada,CAN,,gcp,northamerica-northeast2,Linux-6.8.0-1032-gcp-x86_64-with-glibc2.35,3.10.12,3.0.4,2,Intel(R) Xeon(R) CPU @ 2.60GHz,,,,,15.61648178100586,machine,Y,1.0
2025-08-08T10:51:41,scikit-learn-benchmark,50ba98c7-d76f-4b1b-ac7b-8bbfdfb1bcd8,scikit-learn_SCL001_d880725b,1.0026663593016565,7.676520059524414e-08,7.656106129730936e-08,1.7272709000000002,0.0,10.0,2.407060404364719e-07,0.0,1.392596099887871e-06,1.633302140324343e-06,Canada,CAN,,gcp,northamerica-northeast2,Linux-6.8.0-1032-gcp-x86_64-with-glibc2.35,3.10.12,3.0.4,2,Intel(R) Xeon(R) CPU @ 2.60GHz,,,,,15.61648178100586,machine,Y,1.0
2025-08-08T10:51:43,scikit-learn-benchmark,0322d5b3-0bc6-4f40-b9d3-90ac93527c62,scikit-learn_SCL001_d880725b,1.002072428818792,7.670216044610162e-08,7.654352942981919e-08,1.7272709000000002,0.0,10.0,2.4045375486047655e-07,0.0,1.3915071056948768e-06,1.6319608605553537e-06,Canada,CAN,,gcp,northamerica-northeast2,Linux-6.8.0-1032-gcp-x86_64-with-glibc2.35,3.10.12,3.0.4,2,Intel(R) Xeon(R) CPU @ 2.60GHz,,,,,15.61648178100586,machine,Y,1.0
2025-08-08T10:51:45,scikit-learn-benchmark,6f8159e0-b985-4f2f-8638-299c0f9555c3,scikit-learn_SCL001_d880725b,1.0021170149557292,7.670568060493881e-08,7.654363658152981e-08,1.7272709000000002,0.0,10.0,2.4046505157969164e-07,0.0,1.391570705972198e-06,1.6320357575518896e-06,Canada,CAN,,gcp,northamerica-northeast2,Linux-6.8.0-1032-gcp-x86_64-with-glibc2.35,3.10.12,3.0.4,2,Intel(R) Xeon(R) CPU @ 2.60GHz,,,,,15.61648178100586,machine,Y,1.0
2025-08-08T10:51:48,scikit-learn-benchmark,4a68f9fc-895f-4e47-a73b-7c4c9cc14f30,scikit-learn_SCL001_d880725b,1.002166992984712,7.670839965690174e-08,7.654253252588605e-08,1.7272709000000002,0.0,10.0,2.404775185891494e-07,0.0,1.3916160911321642e-06,1.6320936097213136e-06,Canada,CAN,,gcp,northamerica-northeast2,Linux-6.8.0-1032-gcp-x86_64-with-glibc2.35,3.10.12,3.0.4,2,Intel(R) Xeon(R) CPU @ 2.60GHz,,,,,15.61648178100586,machine,Y,1.0
2025-08-08T10:51:50,scikit-learn-benchmark,886539ce-e51e-4006-bf71-4f0f80796760,scikit-learn_SCL001_d880725b,1.001717158127576,7.6469206765307e-08,7.63381221384331e-08,1.7000000000000002,0.0,10.0,2.364917572251418e-07,0.0,1.3905126420367091e-06,1.6270043992618511e-06,Canada,CAN,,gcp,northamerica-northeast2,Linux-6.8.0-1032-gcp-x86_64-with-glibc2.35,3.10.12,3.0.4,2,Intel(R) Xeon(R) CPU @ 2.60GHz,,,,,15.61648178100586,machine,Y,1.0
2025-08-08T10:51:52,scikit-learn-benchmark,d3358025-a448-4961-9e65-97b613c7b8b7,scikit-learn_SCL001_d880725b,1.0018150699324906,7.65266259036596e-08,7.638797638452028e-08,1.7000000000000002,0.0,10.0,2.366666654900959e-07,0.0,1.3915594175664914e-06,1.6282260830565873e-06,Canada,CAN,,gcp,northamerica-northeast2,Linux-6.8.0-1032-gcp-x86_64-with-glibc2.35,3.10.12,3.0.4,2,Intel(R) Xeon(R) CPU @ 2.60GHz,,,,,15.61648178100586,machine,Y,1.0
2025-08-08T10:51:54,scikit-learn-benchmark,be3cdfe3-208c-4228-9dc7-4e027e50b72d,scikit-learn_SCL001_d880725b,1.0019434578716755,7.670579821103456e-08,7.655701288171764e-08,1.7272709000000002,0.0,10.0,2.404667466908163e-07,0.0,1.3915715131184294e-06,1.6320382598092455e-06,Canada,CAN,,gcp,northamerica-northeast2,Linux-6.8.0-1032-gcp-x86_64-with-glibc2.35,3.10.12,3.0.4,2,Intel(R) Xeon(R) CPU @ 2.60GHz,,,,,15.61648178100586,machine,Y,1.0
2025-08-08T10:51:56,scikit-learn-benchmark,b8c9fd48-5ecb-4be0-aafa-be5d3dc13876,scikit-learn_SCL001_d880725b,1.0021397066302598,7.652546230161615e-08,7.636206987440552e-08,1.7000000000000002,0.0,10.0,2.366635845327336e-07,0.0,1.3915377410335674e-06,1.628201325566301e-06,Canada,CAN,,gcp,northamerica-northeast2,Linux-6.8.0-1032-gcp-x86_64-with-glibc2.35,3.10.12,3.0.4,2,Intel(R) Xeon(R) CPU @ 2.60GHz,,,,,15.61648178100586,machine,Y,1.0
2025-08-08T10:51:58,scikit-learn-benchmark,7c0d6e4c-8f48-4245-8013-e6fcf5d480a1,scikit-learn_SCL001_d880725b,1.0018745106644928,7.72581188707848e-08,7.711356866394715e-08,1.8123776000000005,0.0,10.0,2.523005246782038e-07,0.0,1.3914892385299835e-06,1.6437897632081872e-06,Canada,CAN,,gcp,northamerica-northeast2,Linux-6.8.0-1032-gcp-x86_64-with-glibc2.35,3.10.12,3.0.4,2,Intel(R) Xeon(R) CPU @ 2.60GHz,,,,,15.61648178100586,machine,Y,1.0
2025-08-08T10:52:01,scikit-learn-benchmark,07403e5b-7162-4c51-a810-838eddda79fd,scikit-learn_SCL001_d880725b,1.0021677929908035,7.726514724129135e-08,7.709801470540809e-08,1.8123776000000005,0.0,10.0,2.523278167467648e-07,0.0,1.391611486259434e-06,1.6439393030061988e-06,Canada,CAN,,gcp,northamerica-northeast2,Linux-6.8.0-1032-gcp-x86_64-with-glibc2.35,3.10.12,3.0.4,2,Intel(R) Xeon(R) CPU @ 2.60GHz,,,,,15.61648178100586,machine,Y,1.0
2025-08-08T10:52:03,scikit-learn-benchmark,1fb4d19f-ef96-4632-8214-b18e414f950e,scikit-learn_SCL001_d880725b,1.0018156110309064,7.650927816214973e-08,7.63706188241754e-08,1.7000000000000002,0.0,10.0,2.3661859279188018e-07,0.0,1.3912383893815182e-06,1.6278569821733984e-06,Canada,CAN,,gcp,northamerica-northeast2,Linux-6.8.0-1032-gcp-x86_64-with-glibc2.35,3.10.12,3.0.4,2,Intel(R) Xeon(R) CPU @ 2.60GHz,,,,,15.61648178100586,machine,Y,1.0
2025-08-08T10:52:05,scikit-learn-benchmark,57b46ca5-3cef-4e57-98a5-17ee81d108b8,scikit-learn_SCL001_d880725b,1.0021093520335853,7.652515919946342e-08,7.636408047102898e-08,1.7000000000000002,0.0,10.0,2.366651345768737e-07,0.0,1.3915297420074544e-06,1.628194876584328e-06,Canada,CAN,,gcp,northamerica-northeast2,Linux-6.8.0-1032-gcp-x86_64-with-glibc2.35,3.10.12,3.0.4,2,Intel(R) Xeon(R) CPU @ 2.60GHz,,,,,15.61648178100586,machine,Y,1.0
2025-08-08T10:52:07,scikit-learn-benchmark,a4aabf97-bb78-4980-9d65-96710cca3ce6,scikit-learn_SCL001_d880725b,1.0020699561573565,7.652447348910697e-08,7.636639839253918e-08,1.7000000000000002,0.0,10.0,2.366620921012428e-07,0.0,1.3915181949010326e-06,1.6281802870022754e-06,Canada,CAN,,gcp,northamerica-northeast2,Linux-6.8.0-1032-gcp-x86_64-with-glibc2.35,3.10.12,3.0.4,2,Intel(R) Xeon(R) CPU @ 2.60GHz,,,,,15.61648178100586,machine,Y,1.0
2025-08-08T10:52:09,scikit-learn-benchmark,3329b846-25ca-4918-93e6-0b2edcaaa03d,scikit-learn_SCL001_d880725b,1.0026300018653274,7.713878845213258e-08,7.693644545706883e-08,1.7834543000000005,0.0,10.0,2.485320151999003e-07,0.0,1.39271880293058e-06,1.6412508181304803e-06,Canada,CAN,,gcp,northamerica-northeast2,Linux-6.8.0-1032-gcp-x86_64-with-glibc2.35,3.10.12,3.0.4,2,Intel(R) Xeon(R) CPU @ 2.60GHz,,,,,15.61648178100586,machine,Y,1.0
2025-08-08T10:52:11,scikit-learn-benchmark,96a02990-7401-4831-aba9-1dadf1a1556e,scikit-learn_SCL001_d880725b,1.001938907429576,7.650025737087709e-08,7.635221748912284e-08,1.7000000000000002,0.0,10.0,2.3659199927674814e-07,0.0,1.391073051167445e-06,1.6276650504441931e-06,Canada,CAN,,gcp,northamerica-northeast2,Linux-6.8.0-1032-gcp-x86_64-with-glibc2.35,3.10.12,3.0.4,2,Intel(R) Xeon(R) CPU @ 2.60GHz,,,,,15.61648178100586,machine,Y,1.0
2025-08-08T10:52:13,scikit-learn-benchmark,e64da33f-0548-4a82-ad6e-805a9a91a8f0,scikit-learn_SCL001_d880725b,1.0021824059076607,7.653454250204635e-08,7.636787679657e-08,1.7000000000000002,0.0,10.0,2.3669299557028962e-07,0.0,1.3917015257498455e-06,1.6283945213201351e-06,Canada,CAN,,gcp,northamerica-northeast2,Linux-6.8.0-1032-gcp-x86_64-with-glibc2.35,3.10.12,3.0.4,2,Intel(R) Xeon(R) CPU @ 2.60GHz,,,,,15.61648178100586,machine,Y,1.0
2025-08-08T10:52:16,scikit-learn-benchmark,c2ef4231-87b5-4568-a862-cf934e454243,scikit-learn_SCL001_d880725b,1.0019852449186146,7.652762831532811e-08,7.63760032429859e-08,1.7000000000000002,0.0,10.0,2.36672480409551e-07,0.0,1.391574930554877e-06,1.628247410964428e-06,Canada,CAN,,gcp,northamerica-northeast2,Linux-6.8.0-1032-gcp-x86_64-with-glibc2.35,3.10.12,3.0.4,2,Intel(R) Xeon(R) CPU @ 2.60GHz,,,,,15.61648178100586,machine,Y,1.0
2025-08-08T10:52:18,scikit-learn-benchmark,7c0fbc74-0373-46a3-b883-48c6167b71a7,scikit-learn_SCL001_d880725b,1.0020857341587543,7.65239279888855e-08,7.636465162646681e-08,1.7000000000000002,0.0,10.0,2.366574085446903e-07,0.0,1.3915112720698948e-06,1.6281686806145851e-06,Canada,CAN,,gcp,northamerica-northeast2,Linux-6.8.0-1032-gcp-x86_64-with-glibc2.35,3.10.12,3.0.4,2,Intel(R) Xeon(R) CPU @ 2.60GHz,,,,,15.61648178100586,machine,Y,1.0
2025-08-08T10:52:20,scikit-learn-benchmark,479eb78b-6ac8-45fa-ba52-7f5cb83e0f51,scikit-learn_SCL001_d880725b,1.0020967056043446,7.652650152931974e-08,7.636638370462271e-08,1.7000000000000002,0.0,10.0,2.366684701733499e-07,0.0,1.391554966620687e-06,1.6282234367940369e-06,Canada,CAN,,gcp,northamerica-northeast2,Linux-6.8.0-1032-gcp-x86_64-with-glibc2.35,3.10.12,3.0.4,2,Intel(R) Xeon(R) CPU @ 2.60GHz,,,,,15.61648178100586,machine,Y,1.0
2025-08-08T10:52:22,scikit-learn-benchmark,cb2a0fbf-447b-4451-a359-0044db275d0d,scikit-learn_SCL001_d880725b,1.0020694555714726,7.652136228792372e-08,7.636333176554528e-08,1.7000000000000002,0.0,10.0,2.366491912657189e-07,0.0,1.3914648999667005e-06,1.6281140912324192e-06,Canada,CAN,,gcp,northamerica-northeast2,Linux-6.8.0-1032-gcp-x86_64-with-glibc2.35,3.10.12,3.0.4,2,Intel(R) Xeon(R) CPU @ 2.60GHz,,,,,15.61648178100586,machine,Y,1.0
2025-08-08T10:52:24,scikit-learn-benchmark,a9edb165-08fc-4921-9389-27ea47a72638,scikit-learn_SCL001_d880725b,1.002698466181755,7.65282393856388e-08,7.632228627720555e-08,1.7000000000000002,0.0,10.0,2.366750782562627e-07,0.0,1.3915853342041374e-06,1.6282604124604e-06,Canada,CAN,,gcp,northamerica-northeast2,Linux-6.8.0-1032-gcp-x86_64-with-glibc2.35,3.10.12,3.0.4,2,Intel(R) Xeon(R) CPU @ 2.60GHz,,,,,15.61648178100586,machine,Y,1.0
2025-08-08T10:52:26,scikit-learn-benchmark,7752e6fe-a33a-4ea9-8114-7d4cdc3c6759,scikit-learn_SCL001_d880725b,1.0020951610058546,7.652689989610937e-08,7.636689894729695e-08,1.7000000000000002,0.0,10.0,2.366654571637305e-07,0.0,1.3915664555194475e-06,1.628231912683178e-06,Canada,CAN,,gcp,northamerica-northeast2,Linux-6.8.0-1032-gcp-x86_64-with-glibc2.35,3.10.12,3.0.4,2,Intel(R) Xeon(R) CPU @ 2.60GHz,,,,,15.61648178100586,machine,Y,1.0
2025-08-08T10:52:29,scikit-learn-benchmark,f06c105c-e49d-494a-90a8-ed355d3a21fd,scikit-learn_SCL001_d880725b,1.0021072831004858,7.65269543243598e-08,7.636602948098334e-08,1.7000000000000002,0.0,10.0,2.366677405597229e-07,0.0,1.3915653301713367e-06,1.6282330707310596e-06,Canada,CAN,,gcp,northamerica-northeast2,Linux-6.8.0-1032-gcp-x86_64-with-glibc2.35,3.10.12,3.0.4,2,Intel(R) Xeon(R) CPU @ 2.60GHz,,,,,15.61648178100586,machine,Y,1.0
2025-08-08T10:52:31,scikit-learn-benchmark,f8581ebb-c166-41a5-9147-0e084d44ba66,scikit-learn_SCL001_d880725b,1.002510323189199,7.658481239960788e-08,7.639304117684821e-08,1.7000000000000002,0.0,10.0,2.368502455582429e-07,0.0,1.3926138480504356e-06,1.6294640936086784e-06,Canada,CAN,,gcp,northamerica-northeast2,Linux-6.8.0-1032-gcp-x86_64-with-glibc2.35,3.10.12,3.0.4,2,Intel(R) Xeon(R) CPU @ 2.60GHz,,,,,15.61648178100586,machine,Y,1.0
2025-08-08T10:52:33,scikit-learn-benchmark,e99e174d-e88a-494e-ae95-b26e5aac1982,scikit-learn_SCL001_d880725b,1.0022302893921733,7.65289316654671e-08,7.635862982337115e-08,1.7000000000000002,0.0,10.0,2.3667520007842946e-07,0.0,1.3915999417400197e-06,1.628275141818449e-06,Canada,CAN,,gcp,northamerica-northeast2,Linux-6.8.0-1032-gcp-x86_64-with-glibc2.35,3.10.12,3.0.4,2,Intel(R) Xeon(R) CPU @ 2.60GHz,,,,,15.61648178100586,machine,Y,1.0
2025-08-08T10:52:35,scikit-learn-benchmark,1d0ddc85-88c1-44aa-bfcd-1a72981c4186,scikit-learn_SCL001_d880725b,1.0021350090391934,7.635204311666455e-08,7.618937810571829e-08,1.6732691000000002,0.0,10.0,2.329567882525769e-07,0.0,1.3915547674211364e-06,1.6245115556737132e-06,Canada,CAN,,gcp,northamerica-northeast2,Linux-6.8.0-1032-gcp-x86_64-with-glibc2.35,3.10.12,3.0.4,2,Intel(R) Xeon(R) CPU @ 2.60GHz,,,,,15.61648178100586,machine,Y,1.0
2025-08-08T10:52:37,scikit-learn-benchmark,cab60754-dced-4eb8-acb5-c26348b4169b,scikit-learn_SCL001_d880725b,1.002137125004083,7.670806577982035e-08,7.654448065628526e-08,1.7272709000000002,0.0,10.0,2.404764968752739e-07,0.0,1.3916100090783505e-06,1.6320865059536245e-06,Canada,CAN,,gcp,northamerica-northeast2,Linux-6.8.0-1032-gcp-x86_64-with-glibc2.35,3.10.12,3.0.4,2,Intel(R) Xeon(R) CPU @ 2.60GHz,,,,,15.61648178100586,machine,Y,1.0
2025-08-08T10:52:39,scikit-learn-benchmark,35a3ba4b-8d9f-437c-9147-60a86ba75dbd,scikit-learn_SCL001_d880725b,1.0024019409902394,7.689730275328392e-08,7.671304255189256e-08,1.7550872000000004,0.0,10.0,2.4447388237162106e-07,0.0,1.391638942166335e-06,1.636112824537956e-06,Canada,CAN,,gcp,northamerica-northeast2,Linux-6.8.0-1032-gcp-x86_64-with-glibc2.35,3.10.12,3.0.4,2,Intel(R) Xeon(R) CPU @ 2.60GHz,,,,,15.61648178100586,machine,Y,1.0
2025-08-08T10:52:42,scikit-learn-benchmark,f1ce7651-0b9b-436c-ac55-95f3a0c5940d,scikit-learn_SCL001_d880725b,1.0021844380535183,7.635287127867908e-08,7.61864467053336e-08,1.6732691000000002,0.0,10.0,2.329509794907025e-07,0.0,1.391578196651406e-06,1.6245291761421082e-06,Canada,CAN,,gcp,northamerica-northeast2,Linux-6.8.0-1032-gcp-x86_64-with-glibc2.35,3.10.12,3.0.4,2,Intel(R) Xeon(R) CPU @ 2.60GHz,,,,,15.61648178100586,machine,Y,1.0
2025-08-08T10:52:44,scikit-learn-benchmark,ec574474-6952-42ac-8764-5fe92576b99d,scikit-learn_SCL001_d880725b,1.0015754089690745,7.646557601471434e-08,7.634530094286226e-08,1.7000000000000002,0.0,10.0,2.3647660443869734e-07,0.0,1.3904505448105434e-06,1.6269271492492409e-06,Canada,CAN,,gcp,northamerica-northeast2,Linux-6.8.0-1032-gcp-x86_64-with-glibc2.35,3.10.12,3.0.4,2,Intel(R) Xeon(R) CPU @ 2.60GHz,,,,,15.61648178100586,machine,Y,1.0
2025-08-08T10:52:46,scikit-learn-benchmark,fc73c702-74bf-4d98-915c-51580f78b00a,scikit-learn_SCL001_d880725b,1.0021246881224215,7.652908639944831e-08,7.636683070131026e-08,1.7000000000000002,0.0,10.0,2.366774005737777e-07,0.0,1.3916010334570376e-06,1.6282784340308151e-06,Canada,CAN,,gcp,northamerica-northeast2,Linux-6.8.0-1032-gcp-x86_64-with-glibc2.35,3.10.12,3.0.4,2,Intel(R) Xeon(R) CPU @ 2.60GHz,,,,,15.61648178100586,machine,Y,1.0
2025-08-08T10:52:48,scikit-learn-benchmark,b423e21d-553b-49e2-8e5b-329495339db8,scikit-learn_SCL001_d880725b,1.002247794996947,7.653834029632465e-08,7.636668364688974e-08,1.7000000000000002,0.0,10.0,2.367135690033643e-07,0.0,1.3917617564503517e-06,1.628475325453716e-06,Canada,CAN,,gcp,northamerica-northeast2,Linux-6.8.0-1032-gcp-x86_64-with-glibc2.35,3.10.12,3.0.4,2,Intel(R) Xeon(R) CPU @ 2.60GHz,,,,,15.61648178100586,machine,Y,1.0
2025-08-08T10:52:50,scikit-learn-benchmark,485065f5-6ab5-41dd-8951-b63f6d37e9c3,scikit-learn_SCL001_d880725b,1.0021225321106613,7.6524985267134e-08,7.636290255439898e-08,1.7000000000000002,0.0,10.0,2.366723264826255e-07,0.0,1.391518849413842e-06,1.6281911758964677e-06,Canada,CAN,,gcp,northamerica-northeast2,Linux-6.8.0-1032-gcp-x86_64-with-glibc2.35,3.10.12,3.0.4,2,Intel(R) Xeon(R) CPU @ 2.60GHz,,,,,15.61648178100586,machine,Y,1.0
2025-08-08T10:52:52,scikit-learn-benchmark,71a23097-03d6-465a-8621-ca9f9d91e4c6,scikit-learn_SCL001_d880725b,1.002174959983677,7.652939800373536e-08,7.636331085839729e-08,1.7000000000000002,0.0,10.0,2.367003919789569e-07,0.0,1.3915846719303064e-06,1.628285063909263e-06,Canada,CAN,,gcp,northamerica-northeast2,Linux-6.8.0-1032-gcp-x86_64-with-glibc2.35,3.10.12,3.0.4,2,Intel(R) Xeon(R) CPU @ 2.60GHz,,,,,15.61648178100586,machine,Y,1.0
2025-08-08T10:52:54,scikit-learn-benchmark,7af9a479-4632-430c-953d-ec4ba812ab9f,scikit-learn_SCL001_d880725b,1.001968469005078,7.652770046096862e-08,7.637735400691615e-08,1.7000000000000002,0.0,10.0,2.3667018535909138e-07,0.0,1.3915787606189646e-06,1.628248945978056e-06,Canada,CAN,,gcp,northamerica-northeast2,Linux-6.8.0-1032-gcp-x86_64-with-glibc2.35,3.10.12,3.0.4,2,Intel(R) Xeon(R) CPU @ 2.60GHz,,,,,15.61648178100586,machine,Y,1.0
2025-08-08T10:52:57,scikit-learn-benchmark,f9ed5ea1-c76c-4de2-a637-0a00d2ee21cd,scikit-learn_SCL001_d880725b,1.0021876697428524,7.635527993854517e-08,7.618860443387505e-08,1.6732691000000002,0.0,10.0,2.329710606042993e-07,0.0,1.3916093636200662e-06,1.6245804242243657e-06,Canada,CAN,,gcp,northamerica-northeast2,Linux-6.8.0-1032-gcp-x86_64-with-glibc2.35,3.10.12,3.0.4,2,Intel(R) Xeon(R) CPU @ 2.60GHz,,,,,15.61648178100586,machine,Y,1.0
2025-08-08T10:52:59,scikit-learn-benchmark,de74c52d-53b8-4ebe-8d90-22f33f2c0a22,scikit-learn_SCL001_d880725b,1.002120146062225,7.68892293024276e-08,7.672655779305457e-08,1.7550872000000004,0.0,10.0,2.443429647189367e-07,0.0,1.3915980842688844e-06,1.6359410489878212e-06,Canada,CAN,,gcp,northamerica-northeast2,Linux-6.8.0-1032-gcp-x86_64-with-glibc2.35,3.10.12,3.0.4,2,Intel(R) Xeon(R) CPU @ 2.60GHz,,,,,15.61648178100586,machine,Y,1.0
2025-08-08T10:53:01,scikit-learn-benchmark,03c084a9-6045-49bf-81a7-107a85e1fbfe,scikit-learn_SCL001_d880725b,1.0020197201520205,7.689836027804085e-08,7.674336016697785e-08,1.7550872000000004,0.0,10.0,2.443701938635181e-07,0.0,1.3917651312011811e-06,1.6361353250646991e-06,Canada,CAN,,gcp,northamerica-northeast2,Linux-6.8.0-1032-gcp-x86_64-with-glibc2.35,3.10.12,3.0.4,2,Intel(R) Xeon(R) CPU @ 2.60GHz,,,,,15.61648178100586,machine,Y,1.0
2025-08-08T10:53:03,scikit-learn-benchmark,c0cb6201-8ffe-4af3-b1be-b26b3d63be43,scikit-learn_SCL001_d880725b,1.0020994790829718,7.067806166865759e-08,7.052998543950505e-08,0.8,0.0,10.0,1.114536395503415e-07,0.0,1.3923349065913094e-06,1.5037885461416509e-06,Canada,CAN,,gcp,northamerica-northeast2,Linux-6.8.0-1032-gcp-x86_64-with-glibc2.35,3.10.12,3.0.4,2,Intel(R) Xeon(R) CPU @ 2.60GHz,,,,,15.61648178100586,machine,Y,1.0
2025-08-08T10:53:05,scikit-learn-benchmark,b0f19b70-0ca3-419a-88a5-b22bbbc17dbd,scikit-learn_SCL001_d880725b,1.0023148525506258,7.065760074091011e-08,7.049441656092918e-08,0.8000072,0.0,10.0,1.114188327508569e-07,0.0,1.3919343745025497e-06,1.5033532072534065e-06,Canada,CAN,,gcp,northamerica-northeast2,Linux-6.8.0-1032-gcp-x86_64-with-glibc2.35,3.10.12,3.0.4,2,Intel(R) Xeon(R) CPU @ 2.60GHz,,,,,15.61648178100586,machine,Y,1.0
2025-08-08T10:53:07,scikit-learn-benchmark,9e310de7-e359-4690-b30b-77bfa5397109,scikit-learn_SCL001_d880725b,1.002424102742225,7.06578168754436e-08,7.048694926843092e-08,0.8000576,0.0,10.0,1.1143373152692701e-07,0.0,1.3919240743335752e-06,1.503357805860502e-06,Canada,CAN,,gcp,northamerica-northeast2,Linux-6.8.0-1032-gcp-x86_64-with-glibc2.35,3.10.12,3.0.4,2,Intel(R) Xeon(R) CPU @ 2.60GHz,,,,,15.61648178100586,machine,Y,1.0
2025-08-08T10:53:10,scikit-learn-benchmark,ae8a88cd-ac0b-47f5-acd6-ea1e8061fdce,scikit-learn_SCL001_d880725b,1.0024872510693967,7.066757753331007e-08,7.049224562000753e-08,0.8,0.0,10.0,1.114373484419452e-07,0.0,1.392128130990184e-06,1.5035654794321292e-06,Canada,CAN,,gcp,northamerica-northeast2,Linux-6.8.0-1032-gcp-x86_64-with-glibc2.35,3.10.12,3.0.4,2,Intel(R) Xeon(R) CPU @ 2.60GHz,,,,,15.61648178100586,machine,Y,1.0
2025-08-08T10:53:12,scikit-learn-benchmark,2851bea6-91e3-4dfb-93de-783fb23b5553,scikit-learn_SCL001_d880725b,1.0024829749017954,7.067230144632566e-08,7.049725852276824e-08,0.8009000000000002,0.0,10.0,1.1155964112323197e-07,0.0,1.3921063470964629e-06,1.503665988219695e-06,Canada,CAN,,gcp,northamerica-northeast2,Linux-6.8.0-1032-gcp-x86_64-with-glibc2.35,3.10.12,3.0.4,2,Intel(R) Xeon(R) CPU @ 2.60GHz,,,,,15.61648178100586,machine,Y,1.0
2025-08-08T10:53:14,scikit-learn-benchmark,de0978e0-9780-4d3b-a22a-1cb2fbc17c00,scikit-learn_SCL001_d880725b,1.0024560717865825,7.06602716337786e-08,7.048715013302028e-08,0.8,0.0,10.0,1.1142860777262185e-07,0.0,1.3919814269886248e-06,1.5034100347612466e-06,Canada,CAN,,gcp,northamerica-northeast2,Linux-6.8.0-1032-gcp-x86_64-with-glibc2.35,3.10.12,3.0.4,2,Intel(R) Xeon(R) CPU @ 2.60GHz,,,,,15.61648178100586,machine,Y,1.0
2025-08-08T10:53:16,scikit-learn-benchmark,4fdfcc41-2859-4d76-afe0-7111c42401ec,scikit-learn_SCL001_d880725b,1.0023875441402197,7.065976928257279e-08,7.04914677917112e-08,0.8,0.0,10.0,1.1142231865475577e-07,0.0,1.3919770277829631e-06,1.5033993464377191e-06,Canada,CAN,,gcp,northamerica-northeast2,Linux-6.8.0-1032-gcp-x86_64-with-glibc2.35,3.10.12,3.0.4,2,Intel(R) Xeon(R) CPU @ 2.60GHz,,,,,15.61648178100586,machine,Y,1.0
2025-08-08T10:53:18,scikit-learn-benchmark,2b7bfe5f-fffa-4dd7-a342-d8ebd42805ed,scikit-learn_SCL001_d880725b,1.002357000019401,7.065882417109485e-08,7.049267293960856e-08,0.8,0.0,10.0,1.1142061774929369e-07,0.0,1.3919586199335757e-06,1.5033792376828691e-06,Canada,CAN,,gcp,northamerica-northeast2,Linux-6.8.0-1032-gcp-x86_64-with-glibc2.35,3.10.12,3.0.4,2,Intel(R) Xeon(R) CPU @ 2.60GHz,,,,,15.61648178100586,machine,Y,1.0
2025-08-08T10:53:20,scikit-learn-benchmark,85b42ce5-ebb1-476e-953f-7267f3b1fca1,scikit-learn_SCL001_d880725b,1.0023643509484828,7.065754580026909e-08,7.049088061981622e-08,0.8,0.0,10.0,1.1141790180570549e-07,0.0,1.3919341364978916e-06,1.503352038303597e-06,Canada,CAN,,gcp,northamerica-northeast2,Linux-6.8.0-1032-gcp-x86_64-with-glibc2.35,3.10.12,3.0.4,2,Intel(R) Xeon(R) CPU @ 2.60GHz,,,,,15.61648178100586,machine,Y,1.0
2025-08-08T10:53:22,scikit-learn-benchmark,f7bfb306-1d3a-47bc-94cd-de863ebbf602,scikit-learn_SCL001_d880725b,1.0023994464427233,7.06593487488313e-08,7.049021126217147e-08,0.8,0.0,10.0,1.114198515812556e-07,0.0,1.3919705473300485e-06,1.503390398911304e-06,Canada,CAN,,gcp,northamerica-northeast2,Linux-6.8.0-1032-gcp-x86_64-with-glibc2.35,3.10.12,3.0.4,2,Intel(R) Xeon(R) CPU @ 2.60GHz,,,,,15.61648178100586,machine,Y,1.0
2025-08-08T10:53:25,scikit-learn-benchmark,0894554e-620d-4ebb-81cd-1252ed426987,scikit-learn_SCL001_d880725b,1.0023845857940614,7.066213043561828e-08,7.049403136984762e-08,0.8,0.0,10.0,1.1142705825881828e-07,0.0,1.3920225254777406e-06,1.503449583736559e-06,Canada,CAN,,gcp,northamerica-northeast2,Linux-6.8.0-1032-gcp-x86_64-with-glibc2.35,3.10.12,3.0.4,2,Intel(R) Xeon(R) CPU @ 2.60GHz,,,,,15.61648178100586,machine,Y,1.0
2025-08-08T10:53:27,scikit-learn-benchmark,7ae7ede6-a9a5-4f42-9b77-58c0131c6541,scikit-learn_SCL001_d880725b,1.0024327337741852,7.065845614935582e-08,7.04869800922451e-08,0.8,0.0,10.0,1.1142788527326453e-07,0.0,1.391943522159838e-06,1.5033714074331024e-06,Canada,CAN,,gcp,northamerica-northeast2,Linux-6.8.0-1032-gcp-x86_64-with-glibc2.35,3.10.12,3.0.4,2,Intel(R) Xeon(R) CPU @ 2.60GHz,,,,,15.61648178100586,machine,Y,1.0
2025-08-08T10:53:29,scikit-learn-benchmark,0011b5d7-654c-4ae1-83ed-6cd8f060fb44,scikit-learn_SCL001_d880725b,1.0023553068749609,7.06643446451891e-08,7.049829951566684e-08,0.8009000000000002,0.0,10.0,1.1154725852030489e-07,0.0,1.3919494360581869e-06,1.5034966945784917e-06,Canada,CAN,,gcp,northamerica-northeast2,Linux-6.8.0-1032-gcp-x86_64-with-glibc2.35,3.10.12,3.0.4,2,Intel(R) Xeon(R) CPU @ 2.60GHz,,,,,15.61648178100586,machine,Y,1.0
2025-08-08T10:53:31,scikit-learn-benchmark,95eec16a-42a6-4ca4-a30c-e8eb416b0108,scikit-learn_SCL001_d880725b,1.002322178799659,7.065721173113625e-08,7.04935131892946e-08,0.8,0.0,10.0,1.1141783061126869e-07,0.0,1.3919270998384389e-06,1.5033449304497076e-06,Canada,CAN,,gcp,northamerica-northeast2,Linux-6.8.0-1032-gcp-x86_64-with-glibc2.35,3.10.12,3.0.4,2,Intel(R) Xeon(R) CPU @ 2.60GHz,,,,,15.61648178100586,machine,Y,1.0
2025-08-08T10:53:33,scikit-learn-benchmark,40363eca-7e09-4c15-bbc9-b64bc0a34216,scikit-learn_SCL001_d880725b,1.0023015523329375,7.06534945554514e-08,7.049125524249631e-08,0.8,0.0,10.0,1.114104406701194e-07,0.0,1.3918554009352294e-06,1.5032658416053488e-06,Canada,CAN,,gcp,northamerica-northeast2,Linux-6.8.0-1032-gcp-x86_64-with-glibc2.35,3.10.12,3.0.4,2,Intel(R) Xeon(R) CPU @ 2.60GHz,,,,,15.61648178100586,machine,Y,1.0
2025-08-08T10:53:35,scikit-learn-benchmark,2305bc71-0eb8-41a4-a9f8-ec0d79630818,scikit-learn_SCL001_d880725b,1.0023904386907816,7.065970244734653e-08,7.049119756133639e-08,0.8,0.0,10.0,1.1142269459863505e-07,0.0,1.391975229812993e-06,1.503397924411628e-06,Canada,CAN,,gcp,northamerica-northeast2,Linux-6.8.0-1032-gcp-x86_64-with-glibc2.35,3.10.12,3.0.4,2,Intel(R) Xeon(R) CPU @ 2.60GHz,,,,,15.61648178100586,machine,Y,1.0
2025-08-08T10:53:37,scikit-learn-benchmark,2b1b0a6f-b61a-4808-988a-6ccc7af61028,scikit-learn_SCL001_d880725b,1.0024276850745082,7.065935373399409e-08,7.048823050885924e-08,0.8,0.0,10.0,1.1142375796205469e-07,0.0,1.3919667470165427e-06,1.5033905049785974e-06,Canada,CAN,,gcp,northamerica-northeast2,Linux-6.8.0-1032-gcp-x86_64-with-glibc2.35,3.10.12,3.0.4,2,Intel(R) Xeon(R) CPU @ 2.60GHz,,,,,15.61648178100586,machine,Y,1.0
2025-08-08T10:53:40,scikit-learn-benchmark,a2019cf1-3d8b-4883-bab0-83a4b9f7d670,scikit-learn_SCL001_d880725b,1.002451715990901,7.066327129376846e-08,7.049044873340299e-08,0.8,0.0,10.0,1.1143373242682885e-07,0.0,1.3920401248873937e-06,1.5034738573142223e-06,Canada,CAN,,gcp,northamerica-northeast2,Linux-6.8.0-1032-gcp-x86_64-with-glibc2.35,3.10.12,3.0.4,2,Intel(R) Xeon(R) CPU @ 2.60GHz,,,,,15.61648178100586,machine,Y,1.0
2025-08-08T10:53:42,scikit-learn-benchmark,3ab7ce1d-1b21-46d5-8903-f4a953068f3b,scikit-learn_SCL001_d880725b,1.002372093964368,7.065953956077167e-08,7.04923251417686e-08,0.8000072,0.0,10.0,1.1142477029614833e-07,0.0,1.391969688443674e-06,1.5033944587398224e-06,Canada,CAN,,gcp,northamerica-northeast2,Linux-6.8.0-1032-gcp-x86_64-with-glibc2.35,3.10.12,3.0.4,2,Intel(R) Xeon(R) CPU @ 2.60GHz,,,,,15.61648178100586,machine,Y,1.0
2025-08-08T10:53:44,scikit-learn-benchmark,e25d7f36-024e-48ff-b6d3-2e01bb57bad2,scikit-learn_SCL001_d880725b,1.0023776642046869,7.06593498844757e-08,7.049174418759489e-08,0.8,0.0,10.0,1.1142201131830613e-07,0.0,1.3919684117556447e-06,1.5033904230739508e-06,Canada,CAN,,gcp,northamerica-northeast2,Linux-6.8.0-1032-gcp-x86_64-with-glibc2.35,3.10.12,3.0.4,2,Intel(R) Xeon(R) CPU @ 2.60GHz,,,,,15.61648178100586,machine,Y,1.0
2025-08-08T10:53:46,scikit-learn-benchmark,17726e60-d9b0-4cb8-a184-46e449a927d8,scikit-learn_SCL001_d880725b,1.0023282459005711,7.06655343220308e-08,7.050138975035995e-08,0.8014787288,0.0,10.0,1.1162209904545162e-07,0.0,1.3918999078062675e-06,1.5035220068517192e-06,Canada,CAN,,gcp,northamerica-northeast2,Linux-6.8.0-1032-gcp-x86_64-with-glibc2.35,3.10.12,3.0.4,2,Intel(R) Xeon(R) CPU @ 2.60GHz,,,,,15.61648178100586,machine,Y,1.0
2025-08-08T10:53:48,scikit-learn-benchmark,3294cb3b-b39d-4cef-ad87-1e4e38493776,scikit-learn_SCL001_d880725b,1.0024407752789557,7.0666611124244e-08,7.04945497698646e-08,0.8,0.0,10.0,1.1143315583467485e-07,0.0,1.3921117617024317e-06,1.5035449175371064e-06,Canada,CAN,,gcp,northamerica-northeast2,Linux-6.8.0-1032-gcp-x86_64-with-glibc2.35,3.10.12,3.0.4,2,Intel(R) Xeon(R) CPU @ 2.60GHz,,,,,15.61648178100586,machine,Y,1.0
2025-08-08T10:53:50,scikit-learn-benchmark,3f1b44ee-e138-4955-a402-507fcdeeb2e3,scikit-learn_SCL001_d880725b,1.0024000429548323,7.066409396235314e-08,7.049490316665642e-08,0.8,0.0,10.0,1.1143089955051741e-07,0.0,1.3920604613506132e-06,1.5034913609011307e-06,Canada,CAN,,gcp,northamerica-northeast2,Linux-6.8.0-1032-gcp-x86_64-with-glibc2.35,3.10.12,3.0.4,2,Intel(R) Xeon(R) CPU @ 2.60GHz,,,,,15.61648178100586,machine,Y,1.0
2025-08-08T10:53:53,scikit-learn-benchmark,85b6f48f-eda3-4f74-8168-9cff10897a7a,scikit-learn_SCL001_d880725b,1.0024401959963145,7.066672043792078e-08,7.049469955430695e-08,0.8,0.0,10.0,1.1143410795678697e-07,0.0,1.3921131354032293e-06,1.5035472433600162e-06,Canada,CAN,,gcp,northamerica-northeast2,Linux-6.8.0-1032-gcp-x86_64-with-glibc2.35,3.10.12,3.0.4,2,Intel(R) Xeon(R) CPU @ 2.60GHz,,,,,15.61648178100586,machine,Y,1.0
2025-08-08T10:53:55,scikit-learn-benchmark,e24d9568-a849-4d54-b383-35859b49066b,scikit-learn_SCL001_d880725b,1.002486133016646,7.066820749495592e-08,7.049295263796186e-08,0.8,0.0,10.0,1.1143912199056813e-07,0.0,1.3921397608808344e-06,1.5035788828714029e-06,Canada,CAN,,gcp,northamerica-northeast2,Linux-6.8.0-1032-gcp-x86_64-with-glibc2.35,3.10.12,3.0.4,2,Intel(R) Xeon(R) CPU @ 2.60GHz,,,,,15.61648178100586,machine,Y,1.0
2025-08-08T10:53:57,scikit-learn-benchmark,7e50a57b-d8ed-4e3a-aafd-88052bb8d977,scikit-learn_SCL001_d880725b,1.0024691610597074,7.066041882253357e-08,7.048637660617771e-08,0.8,0.0,10.0,1.1143304976738164e-07,0.0,1.3919801166695023e-06,1.503413166436884e-06,Canada,CAN,,gcp,northamerica-northeast2,Linux-6.8.0-1032-gcp-x86_64-with-glibc2.35,3.10.12,3.0.4,2,Intel(R) Xeon(R) CPU @ 2.60GHz,,,,,15.61648178100586,machine,Y,1.0
2025-08-08T10:53:59,scikit-learn-benchmark,b4ec3811-87e3-46a9-a210-f06ec7ee9d36,scikit-learn_SCL001_d880725b,1.0024107052013278,7.066303693518663e-08,7.04930988551189e-08,0.8,0.0,10.0,1.114261732954118e-07,0.0,1.392042697666006e-06,1.5034688709614176e-06,Canada,CAN,,gcp,northamerica-northeast2,Linux-6.8.0-1032-gcp-x86_64-with-glibc2.35,3.10.12,3.0.4,2,Intel(R) Xeon(R) CPU @ 2.60GHz,,,,,15.61648178100586,machine,Y,1.0
2025-08-08T10:54:01,scikit-learn-benchmark,31926123-4e69-4d6e-bae9-f930bd5c9652,scikit-learn_SCL001_d880725b,1.0023717670701444,7.06621760340511e-08,7.049497836575266e-08,0.8,0.0,10.0,1.1142762357162105e-07,0.0,1.3920229303443597e-06,1.5034505539159808e-06,Canada,CAN,,gcp,northamerica-northeast2,Linux-6.8.0-1032-gcp-x86_64-with-glibc2.35,3.10.12,3.0.4,2,Intel(R) Xeon(R) CPU @ 2.60GHz,,,,,15.61648178100586,machine,Y,1.0
2025-08-08T10:54:03,scikit-learn-benchmark,0db64120-c3a7-43a9-96bf-a7b80101f0d6,scikit-learn_SCL001_d880725b,1.0024091619998217,7.066876447470687e-08,7.049892115283703e-08,0.8009000000000002,0.0,10.0,1.1155239235843897e-07,0.0,1.3920383411459629e-06,1.5035907335044016e-06,Canada,CAN,,gcp,northamerica-northeast2,Linux-6.8.0-1032-gcp-x86_64-with-glibc2.35,3.10.12,3.0.4,2,Intel(R) Xeon(R) CPU @ 2.60GHz,,,,,15.61648178100586,machine,Y,1.0
2025-08-08T10:54:05,scikit-learn-benchmark,2876d37b-61e6-4a14-b62a-0ec1f74c96a1,scikit-learn_SCL001_d880725b,1.0024525858461857,7.066364980863803e-08,7.049076515573029e-08,0.8000072,0.0,10.0,1.1143195530751545e-07,0.0,1.39204995551457e-06,1.5034819108220854e-06,Canada,CAN,,gcp,northamerica-northeast2,Linux-6.8.0-1032-gcp-x86_64-with-glibc2.35,3.10.12,3.0.4,2,Intel(R) Xeon(R) CPU @ 2.60GHz,,,,,15.61648178100586,machine,Y,1.0
2025-08-08T10:54:08,scikit-learn-benchmark,bc36bb4f-aac7-4769-8b58-2a4836b2df9a,scikit-learn_SCL001_d880725b,1.0024231490679083,7.065612671896817e-08,7.048533025665551e-08,0.8,0.0,10.0,1.114200862745444e-07,0.0,1.3919017588098844e-06,1.5033218450844289e-06,Canada,CAN,,gcp,northamerica-northeast2,Linux-6.8.0-1032-gcp-x86_64-with-glibc2.35,3.10.12,3.0.4,2,Intel(R) Xeon(R) CPU @ 2.60GHz,,,,,15.61648178100586,machine,Y,1.0
2025-08-08T10:54:10,scikit-learn-benchmark,717563a6-8364-4c99-80c5-b60471c50e81,scikit-learn_SCL001_d880725b,1.002384371124208,7.065870654557109e-08,7.049063072115235e-08,0.8,0.0,10.0,1.1142176534566616e-07,0.0,1.3919549696664845e-06,1.5033767350121503e-06,Canada,CAN,,gcp,northamerica-northeast2,Linux-6.8.0-1032-gcp-x86_64-with-glibc2.35,3.10.12,3.0.4,2,Intel(R) Xeon(R) CPU @ 2.60GHz,,,,,15.61648178100586,machine,Y,1.0
2025-08-08T10:54:12,scikit-learn-benchmark,3dec65b2-cca2-44fd-ab6f-ea191edcb419,scikit-learn_SCL001_d880725b,1.0023263078182936,7.06569849986376e-08,7.049299658953642e-08,0.8,0.0,10.0,1.114178170553512e-07,0.0,1.3919222892986403e-06,1.5033401063539917e-06,Canada,CAN,,gcp,northamerica-northeast2,Linux-6.8.0-1032-gcp-x86_64-with-glibc2.35,3.10.12,3.0.4,2,Intel(R) Xeon(R) CPU @ 2.60GHz,,,,,15.61648178100586,machine,Y,1.0
2025-08-08T10:54:14,scikit-learn-benchmark,eb967fc4-8c83-4d9e-a5a2-5e2eea81af0e,scikit-learn_SCL001_d880725b,1.0023984839208424,7.06629675830611e-08,7.049388912348078e-08,0.8,0.0,10.0,1.114260002763735e-07,0.0,1.3920413951079051e-06,1.5034673953842786e-06,Canada,CAN,,gcp,northamerica-northeast2,Linux-6.8.0-1032-gcp-x86_64-with-glibc2.35,3.10.12,3.0.4,2,Intel(R) Xeon(R) CPU @ 2.60GHz,,,,,15.61648178100586,machine,Y,1.0
2025-08-08T10:54:16,scikit-learn-benchmark,ec1aae62-d0d1-4ed8-8ce5-3230dbf7de26,scikit-learn_SCL001_d880725b,1.002407434862107,7.066364293886969e-08,7.049393338606903e-08,0.8,0.0,10.0,1.114289401513007e-07,0.0,1.3920528245055014e-06,1.503481764656802e-06,Canada,CAN,,gcp,northamerica-northeast2,Linux-6.8.0-1032-gcp-x86_64-with-glibc2.35,3.10.12,3.0.4,2,Intel(R) Xeon(R) CPU @ 2.60GHz,,,,,15.61648178100586,machine,Y,1.0
2025-08-08T10:54:18,scikit-learn-benchmark,7999c803-c6a2-4378-8c40-7181691b3d42,scikit-learn_SCL001_d880725b,1.0024500656872988,7.066775940597547e-08,7.049504192263613e-08,0.8000072,0.0,10.0,1.1143620445326394e-07,0.0,1.392133144610044e-06,1.503569349063308e-06,Canada,CAN,,gcp,northamerica-northeast2,Linux-6.8.0-1032-gcp-x86_64-with-glibc2.35,3.10.12,3.0.4,2,Intel(R) Xeon(R) CPU @ 2.60GHz,,,,,15.61648178100586,machine,Y,1.0
2025-08-08T10:54:20,scikit-learn-benchmark,d513baf6-0b1f-457a-83c5-17d2572d5d9e,scikit-learn_SCL001_d880725b,1.0023439596407115,7.066636411793944e-08,7.050111235595183e-08,0.8009550872000001,0.0,10.0,1.115576180939873e-07,0.0,1.3919820439898306e-06,1.503539662083818e-06,Canada,CAN,,gcp,northamerica-northeast2,Linux-6.8.0-1032-gcp-x86_64-with-glibc2.35,3.10.12,3.0.4,2,Intel(R) Xeon(R) CPU @ 2.60GHz,,,,,15.61648178100586,machine,Y,1.0
2025-08-08T10:54:23,scikit-learn-benchmark,f056391a-2da4-4d1f-9ff8-a2e7b1e1f7cc,scikit-learn_SCL001_d880725b,1.002417841926217,7.066253834246898e-08,7.049209958861657e-08,0.8000072,0.0,10.0,1.114295321913291e-07,0.0,1.392028730414394e-06,1.5034582626057229e-06,Canada,CAN,,gcp,northamerica-northeast2,Linux-6.8.0-1032-gcp-x86_64-with-glibc2.35,3.10.12,3.0.4,2,Intel(R) Xeon(R) CPU @ 2.60GHz,,,,,15.61648178100586,machine,Y,1.0
2025-08-08T10:54:25,scikit-learn-benchmark,130ec18f-8850-478b-a4bc-d621fe884054,scikit-learn_SCL001_d880725b,1.002467218786478,7.066497832536697e-08,7.049106145426823e-08,0.8,0.0,10.0,1.1143679627113881e-07,0.0,1.3920733808643287e-06,1.5035101771354675e-06,Canada,CAN,,gcp,northamerica-northeast2,Linux-6.8.0-1032-gcp-x86_64-with-glibc2.35,3.10.12,3.0.4,2,Intel(R) Xeon(R) CPU @ 2.60GHz,,,,,15.61648178100586,machine,Y,1.0
2025-08-08T10:54:27,scikit-learn-benchmark,b2303d8a-cee0-4df7-b5f7-73097b5673da,scikit-learn_SCL001_d880725b,1.0024684784002602,7.066244349678573e-08,7.04884442945766e-08,0.8000576,0.0,10.0,1.1144055271411277e-07,0.0,1.3920156918983492e-06,1.503456244612462e-06,Canada,CAN,,gcp,northamerica-northeast2,Linux-6.8.0-1032-gcp-x86_64-with-glibc2.35,3.10.12,3.0.4,2,Intel(R) Xeon(R) CPU @ 2.60GHz,,,,,15.61648178100586,machine,Y,1.0
2025-08-08T10:54:29,scikit-learn-benchmark,d7e86f48-8a15-4875-83bb-f69a53a1e4f0,scikit-learn_SCL001_d880725b,1.0023893229663372,7.065913044093419e-08,7.049070537965726e-08,0.8000072,0.0,10.0,1.1141688699352628e-07,0.0,1.3919688670689034e-06,1.5033857540624296e-06,Canada,CAN,,gcp,northamerica-northeast2,Linux-6.8.0-1032-gcp-x86_64-with-glibc2.35,3.10.12,3.0.4,2,Intel(R) Xeon(R) CPU @ 2.60GHz,,,,,15.61648178100586,machine,Y,1.0
2025-08-08T10:54:31,scikit-learn-benchmark,16a2cd27-fad5-497e-b880-e7faf849b7c7,scikit-learn_SCL001_d880725b,1.0024487688206136,7.066515820463083e-08,7.049253827481755e-08,0.8,0.0,10.0,1.1143128180669417e-07,0.0,1.3920827225471536e-06,1.5035140043538477e-06,Canada,CAN,,gcp,northamerica-northeast2,Linux-6.8.0-1032-gcp-x86_64-with-glibc2.35,3.10.12,3.0.4,2,Intel(R) Xeon(R) CPU @ 2.60GHz,,,,,15.61648178100586,machine,Y,1.0
2025-08-08T10:54:33,scikit-learn-benchmark,c243ba42-7a27-4105-a1b0-b786e02c3d29,scikit-learn_SCL001_d880725b,1.0024362541735172,7.06655200471998e-08,7.049377928321407e-08,0.8,0.0,10.0,1.1143203317705129e-07,0.0,1.3920896699548597e-06,1.5035217031319107e-06,Canada,CAN,,gcp,northamerica-northeast2,Linux-6.8.0-1032-gcp-x86_64-with-glibc2.35,3.10.12,3.0.4,2,Intel(R) Xeon(R) CPU @ 2.60GHz,,,,,15.61648178100586,machine,Y,1.0
2025-08-08T10:54:35,scikit-learn-benchmark,d2e4cdce-80eb-47a0-a974-b2ac48a0df1a,scikit-learn_SCL001_d880725b,1.0024342369288206,7.066816079735549e-08,7.049655547865469e-08,0.8,0.0,10.0,1.1143698626094397e-07,0.0,1.392140903044492e-06,1.503577889305436e-06,Canada,CAN,,gcp,northamerica-northeast2,Linux-6.8.0-1032-gcp-x86_64-with-glibc2.35,3.10.12,3.0.4,2,Intel(R) Xeon(R) CPU @ 2.60GHz,,,,,15.61648178100586,machine,Y,1.0
2025-08-08T10:54:38,scikit-learn-benchmark,98392fac-c4cd-4423-8f8f-c8c803f85f59,scikit-learn_SCL001_d880725b,1.0023622550070286,7.066126450797957e-08,7.049473796026379e-08,0.8,0.0,10.0,1.1142511220855849e-07,0.0,1.3920060475356878e-06,1.5034311597442465e-06,Canada,CAN,,gcp,northamerica-northeast2,Linux-6.8.0-1032-gcp-x86_64-with-glibc2.35,3.10.12,3.0.4,2,Intel(R) Xeon(R) CPU @ 2.60GHz,,,,,15.61648178100586,machine,Y,1.0
2025-08-08T10:54:40,scikit-learn-benchmark,d2c8d293-d9c9-48fe-bf6c-24911cb7b3b8,scikit-learn_SCL001_d880725b,1.002476898021996,7.066950815067526e-08,7.049489947360827e-08,0.8,0.0,10.0,1.1143806421508393e-07,0.0,1.3921684921822616e-06,1.5036065563973456e-06,Canada,CAN,,gcp,northamerica-northeast2,Linux-6.8.0-1032-gcp-x86_64-with-glibc2.35,3.10.12,3.0.4,2,Intel(R) Xeon(R) CPU @ 2.60GHz,,,,,15.61648178100586,machine,Y,1.0
2025-08-08T10:54:42,scikit-learn-benchmark,dde4fce4-f567-4722-97c5-d3f56ba8e1a9,scikit-learn_SCL001_d880725b,1.0023785908706486,7.065993601316586e-08,7.04922637581394e-08,0.8,0.0,10.0,1.1142215246541633e-07,0.0,1.3919807414317296e-06,1.503402893897146e-06,Canada,CAN,,gcp,northamerica-northeast2,Linux-6.8.0-1032-gcp-x86_64-with-glibc2.35,3.10.12,3.0.4,2,Intel(R) Xeon(R) CPU @ 2.60GHz,,,,,15.61648178100586,machine,Y,1.0
2025-08-08T10:54:44,scikit-learn-benchmark,756792b4-7395-4071-a2b7-2c1d4d1401b2,scikit-learn_SCL001_d880725b,1.0023988489992917,7.066319124178134e-08,7.04940865727503e-08,0.8,0.0,10.0,1.1142820688999365e-07,0.0,1.3920439471904605e-06,1.5034721540804538e-06,Canada,CAN,,gcp,northamerica-northeast2,Linux-6.8.0-1032-gcp-x86_64-with-glibc2.35,3.10.12,3.0.4,2,Intel(R) Xeon(R) CPU @ 2.60GHz,,,,,15.61648178100586,machine,Y,1.0
2025-08-08T10:54:46,scikit-learn-benchmark,78972263-9c6a-4f25-8079-ecc310ae4ede,scikit-learn_SCL001_d880725b,1.0023907949216664,7.066478108222042e-08,7.049623903194626e-08,0.8001944000000001,0.0,10.0,1.1146036078219117e-07,0.0,1.3920456196905838e-06,1.503505980472775e-06,Canada,CAN,,gcp,northamerica-northeast2,Linux-6.8.0-1032-gcp-x86_64-with-glibc2.35,3.10.12,3.0.4,2,Intel(R) Xeon(R) CPU @ 2.60GHz,,,,,15.61648178100586,machine,Y,1.0
2025-08-08T10:54:48,scikit-learn-benchmark,85d5466e-c605-4d32-b4bb-98a5a415aa87,scikit-learn_SCL001_d880725b,1.0024159741587937,7.065767694166345e-08,7.048738125004232e-08,0.8,0.0,10.0,1.1142516757051153e-07,0.0,1.3919296609755194e-06,1.5033548285460308e-06,Canada,CAN,,gcp,northamerica-northeast2,Linux-6.8.0-1032-gcp-x86_64-with-glibc2.35,3.10.12,3.0.4,2,Intel(R) Xeon(R) CPU @ 2.60GHz,,,,,15.61648178100586,machine,Y,1.0
2025-08-08T10:54:51,scikit-learn-benchmark,2b5915e0-920e-47b5-b839-b4b3342e7be6,scikit-learn_SCL001_d880725b,1.0019382638856769,7.066161402382164e-08,7.052491812198546e-08,0.8,0.0,10.0,1.1142431685907977e-07,0.0,1.3920142793924443e-06,1.503438596251524e-06,Canada,CAN,,gcp,northamerica-northeast2,Linux-6.8.0-1032-gcp-x86_64-with-glibc2.35,3.10.12,3.0.4,2,Intel(R) Xeon(R) CPU @ 2.60GHz,,,,,15.61648178100586,machine,Y,1.0
2025-08-08T10:54:53,scikit-learn-benchmark,fc10d6ec-f03b-4cca-983e-f6f431c1f991,scikit-learn_SCL001_d880725b,1.0023923269473016,7.065961398324659e-08,7.049097652057481e-08,0.8000576,0.0,10.0,1.1143097285433117e-07,0.0,1.3919650693424046e-06,1.5033960421967358e-06,Canada,CAN,,gcp,northamerica-northeast2,Linux-6.8.0-1032-gcp-x86_64-with-glibc2.35,3.10.12,3.0.4,2,Intel(R) Xeon(R) CPU @ 2.60GHz,,,,,15.61648178100586,machine,Y,1.0
2025-08-08T10:54:55,scikit-learn-benchmark,70fdae13-826f-4f30-a3ee-fb8f11cdf58d,scikit-learn_SCL001_d880725b,1.0023911278694868,7.066003022544707e-08,7.049147609240126e-08,0.8,0.0,10.0,1.1142359818849298e-07,0.0,1.3919813002252742e-06,1.5034048984137672e-06,Canada,CAN,,gcp,northamerica-northeast2,Linux-6.8.0-1032-gcp-x86_64-with-glibc2.35,3.10.12,3.0.4,2,Intel(R) Xeon(R) CPU @ 2.60GHz,,,,,15.61648178100586,machine,Y,1.0
2025-08-08T10:54:57,scikit-learn-benchmark,0b7e8d2b-5aa7-4e87-93ed-6c26c1750996,scikit-learn_SCL001_d880725b,1.002329094801098,7.065986306929135e-08,7.049567196621491e-08,0.8,0.0,10.0,1.114213455261457e-07,0.0,1.39197999637367e-06,1.5034013418998158e-06,Canada,CAN,,gcp,northamerica-northeast2,Linux-6.8.0-1032-gcp-x86_64-with-glibc2.35,3.10.12,3.0.4,2,Intel(R) Xeon(R) CPU @ 2.60GHz,,,,,15.61648178100586,machine,Y,1.0
2025-08-08T10:54:59,scikit-learn-benchmark,983a03ce-ba4a-4c63-9bc2-8eb030915644,scikit-learn_SCL001_d880725b,1.002410916145891,7.06610440251728e-08,7.049109590391648e-08,0.8,0.0,10.0,1.1142428736719821e-07,0.0,1.3920021812534995e-06,1.5034264686206977e-06,Canada,CAN,,gcp,northamerica-northeast2,Linux-6.8.0-1032-gcp-x86_64-with-glibc2.35,3.10.12,3.0.4,2,Intel(R) Xeon(R) CPU @ 2.60GHz,,,,,15.61648178100586,machine,Y,1.0
2025-08-08T10:55:01,scikit-learn-benchmark,4d42a769-a492-4065-b1bb-66ddabacb816,scikit-learn_SCL001_d880725b,1.0024343710392714,7.06608770805825e-08,7.048928001872582e-08,0.8,0.0,10.0,1.1142767758833041e-07,0.0,1.3919952390198078e-06,1.5034229166081383e-06,Canada,CAN,,gcp,northamerica-northeast2,Linux-6.8.0-1032-gcp-x86_64-with-glibc2.35,3.10.12,3.0.4,2,Intel(R) Xeon(R) CPU @ 2.60GHz,,,,,15.61648178100586,machine,Y,1.0
2025-08-08T10:55:03,scikit-learn-benchmark,9634c178-bd00-4dc6-b036-ecfbd7e216ae,scikit-learn_SCL001_d880725b,1.0024378970265388,7.065600001801633e-08,7.048416687716841e-08,0.8,0.0,10.0,1.1142364330589772e-07,0.0,1.3918955060135989e-06,1.5033191493194964e-06,Canada,CAN,,gcp,northamerica-northeast2,Linux-6.8.0-1032-gcp-x86_64-with-glibc2.35,3.10.12,3.0.4,2,Intel(R) Xeon(R) CPU @ 2.60GHz,,,,,15.61648178100586,machine,Y,1.0
2025-08-08T10:55:06,scikit-learn-benchmark,9d8b6dc5-05f6-40c7-9505-2942c828efcc,scikit-learn_SCL001_d880725b,1.002407779917121,7.066078867540799e-08,7.049106171267968e-08,0.8,0.0,10.0,1.1142376841356357e-07,0.0,1.3919972672334149e-06,1.5034210356469784e-06,Canada,CAN,,gcp,northamerica-northeast2,Linux-6.8.0-1032-gcp-x86_64-with-glibc2.35,3.10.12,3.0.4,2,Intel(R) Xeon(R) CPU @ 2.60GHz,,,,,15.61648178100586,machine,Y,1.0
2025-08-08T10:55:08,scikit-learn-benchmark,f8d2ed5f-0853-41f0-a51a-be7784edbd15,scikit-learn_SCL001_d880725b,1.002339235972613,7.065076043198093e-08,7.048587733216433e-08,0.8,0.0,10.0,1.1140674114641217e-07,0.0,1.3918009276191394e-06,1.5032076687655517e-06,Canada,CAN,,gcp,northamerica-northeast2,Linux-6.8.0-1032-gcp-x86_64-with-glibc2.35,3.10.12,3.0.4,2,Intel(R) Xeon(R) CPU @ 2.60GHz,,,,,15.61648178100586,machine,Y,1.0
2025-08-08T10:55:10,scikit-learn-benchmark,3ca7ecd7-d219-4352-b6ef-672e673ea09b,scikit-learn_SCL001_d880725b,1.002031747251749,7.060481931662394e-08,7.046165903452688e-08,0.8,0.0,10.0,1.1133611491984792e-07,0.0,1.3908940833061932e-06,1.5022301982260412e-06,Canada,CAN,,gcp,northamerica-northeast2,Linux-6.8.0-1032-gcp-x86_64-with-glibc2.35,3.10.12,3.0.4,2,Intel(R) Xeon(R) CPU @ 2.60GHz,,,,,15.61648178100586,machine,Y,1.0
2025-08-08T10:55:12,scikit-learn-benchmark,d0564678-c5d3-42f3-92d0-c40b3d41c08a,scikit-learn_SCL001_d880725b,1.0023820041678846,7.066123464077504e-08,7.049331926048853e-08,0.8,0.0,10.0,1.1142594874319105e-07,0.0,1.3920045755286184e-06,1.5034305242718091e-06,Canada,CAN,,gcp,northamerica-northeast2,Linux-6.8.0-1032-gcp-x86_64-with-glibc2.35,3.10.12,3.0.4,2,Intel(R) Xeon(R) CPU @ 2.60GHz,,,,,15.61648178100586,machine,Y,1.0
2025-08-08T10:55:14,scikit-learn-benchmark,78a21879-9d51-4575-bcdd-266d6b6dd34f,scikit-learn_SCL001_d880725b,1.0024450258351862,7.066575208828887e-08,7.049339391894708e-08,0.8,0.0,10.0,1.1143255161328449e-07,0.0,1.3920940885630746e-06,1.503526640176359e-06,Canada,CAN,,gcp,northamerica-northeast2,Linux-6.8.0-1032-gcp-x86_64-with-glibc2.35,3.10.12,3.0.4,2,Intel(R) Xeon(R) CPU @ 2.60GHz,,,,,15.61648178100586,machine,Y,1.0
2025-08-08T10:55:16,scikit-learn-benchmark,d81cc30f-d690-4940-a2eb-a18c430ae325,scikit-learn_SCL001_d880725b,1.0023513929918408,7.065960774627618e-08,7.049384900376087e-08,0.8,0.0,10.0,1.1142203915450308e-07,0.0,1.3919738703407347e-06,1.503395909495238e-06,Canada,CAN,,gcp,northamerica-northeast2,Linux-6.8.0-1032-gcp-x86_64-with-glibc2.35,3.10.12,3.0.4,2,Intel(R) Xeon(R) CPU @ 2.60GHz,,,,,15.61648178100586,machine,Y,1.0
2025-08-08T10:55:18,scikit-learn-benchmark,570fc3b5-20c3-4f90-a5dc-76ebaa11fbad,scikit-learn_SCL001_d880725b,1.0024167490191758,7.065827782400369e-08,7.048792619750211e-08,0.8,0.0,10.0,1.1142512980020708e-07,0.0,1.3919424834764666e-06,1.5033676132766738e-06,Canada,CAN,,gcp,northamerica-northeast2,Linux-6.8.0-1032-gcp-x86_64-with-glibc2.35,3.10.12,3.0.4,2,Intel(R) Xeon(R) CPU @ 2.60GHz,,,,,15.61648178100586,machine,Y,1.0
2025-08-08T10:55:21,scikit-learn-benchmark,a804c9c1-7990-4753-80c1-cdb7ad226a9e,scikit-learn_SCL001_d880725b,1.0023435531184075,7.065821145324866e-08,7.049300734605685e-08,0.8,0.0,10.0,1.1141966510978009e-07,0.0,1.3919465360231695e-06,1.5033662011329498e-06,Canada,CAN,,gcp,northamerica-northeast2,Linux-6.8.0-1032-gcp-x86_64-with-glibc2.35,3.10.12,3.0.4,2,Intel(R) Xeon(R) CPU @ 2.60GHz,,,,,15.61648178100586,machine,Y,1.0
2025-08-08T10:55:23,scikit-learn-benchmark,879fdd8f-494a-439f-8fab-5169ac3a9f36,scikit-learn_SCL001_d880725b,1.0024012182839217,7.06615704802486e-08,7.04923030732334e-08,0.8,0.0,10.0,1.1142555313805741e-07,0.0,1.3920121166544656e-06,1.503437669792523e-06,Canada,CAN,,gcp,northamerica-northeast2,Linux-6.8.0-1032-gcp-x86_64-with-glibc2.35,3.10.12,3.0.4,2,Intel(R) Xeon(R) CPU @ 2.60GHz,,,,,15.61648178100586,machine,Y,1.0
2025-08-08T10:55:25,scikit-learn-benchmark,9624a2e2-dc57-4844-bff3-351588bf9516,scikit-learn_SCL001_d880725b,1.002467310987413,7.067147831899991e-08,7.049753896652226e-08,0.8001944000000001,0.0,10.0,1.1146643841413433e-07,0.0,1.3921820364582044e-06,1.5036484748723389e-06,Canada,CAN,,gcp,northamerica-northeast2,Linux-6.8.0-1032-gcp-x86_64-with-glibc2.35,3.10.12,3.0.4,2,Intel(R) Xeon(R) CPU @ 2.60GHz,,,,,15.61648178100586,machine,Y,1.0
2025-08-08T10:55:27,scikit-learn-benchmark,7da1ec72-fa7d-464b-81c0-4eec68024372,scikit-learn_SCL001_d880725b,1.0023426772095263,7.06598978754547e-08,7.049475142789335e-08,0.8,0.0,10.0,1.1142261512577536e-07,0.0,1.3919794673307074e-06,1.5034020824564828e-06,Canada,CAN,,gcp,northamerica-northeast2,Linux-6.8.0-1032-gcp-x86_64-with-glibc2.35,3.10.12,3.0.4,2,Intel(R) Xeon(R) CPU @ 2.60GHz,,,,,15.61648178100586,machine,Y,1.0
2025-08-08T10:55:29,scikit-learn-benchmark,8dae3433-6725-4e23-a2c6-fdec3d5cb912,scikit-learn_SCL001_d880725b,1.0024154847487807,7.065580754209724e-08,7.048555076920484e-08,0.8,0.0,10.0,1.1142081570708093e-07,0.0,1.3918942383800944e-06,1.5033150540871754e-06,Canada,CAN,,gcp,northamerica-northeast2,Linux-6.8.0-1032-gcp-x86_64-with-glibc2.35,3.10.12,3.0.4,2,Intel(R) Xeon(R) CPU @ 2.60GHz,,,,,15.61648178100586,machine,Y,1.0
2025-08-08T10:55:31,scikit-learn-benchmark,d620cc0d-44df-43c2-8c68-b0e01973118a,scikit-learn_SCL001_d880725b,1.002414060756564,7.066184374741798e-08,7.049167256700938e-08,0.8,0.0,10.0,1.1143161439233357e-07,0.0,1.3920118695952828e-06,1.5034434839876164e-06,Canada,CAN,,gcp,northamerica-northeast2,Linux-6.8.0-1032-gcp-x86_64-with-glibc2.35,3.10.12,3.0.4,2,Intel(R) Xeon(R) CPU @ 2.60GHz,,,,,15.61648178100586,machine,Y,1.0
2025-08-08T10:55:33,scikit-learn-benchmark,b490fd7d-4045-4e10-af80-d83cb723e265,scikit-learn_SCL001_d880725b,1.0024182805791495,7.065883652213961e-08,7.04883758517615e-08,0.8,0.0,10.0,1.1142578420953618e-07,0.0,1.3919537162615195e-06,1.5033795004710556e-06,Canada,CAN,,gcp,northamerica-northeast2,Linux-6.8.0-1032-gcp-x86_64-with-glibc2.35,3.10.12,3.0.4,2,Intel(R) Xeon(R) CPU @ 2.60GHz,,,,,15.61648178100586,machine,Y,1.0
2025-08-08T10:55:36,scikit-learn-benchmark,1c3a9ceb-6452-4c29-b677-47e7155d8472,scikit-learn_SCL001_d880725b,1.0024810219183564,7.066084547465047e-08,7.048596824250425e-08,0.8,0.0,10.0,1.1143835302856237e-07,0.0,1.391983891112937e-06,1.5034222441414993e-06,Canada,CAN,,gcp,northamerica-northeast2,Linux-6.8.0-1032-gcp-x86_64-with-glibc2.35,3.10.12,3.0.4,2,Intel(R) Xeon(R) CPU @ 2.60GHz,,,,,15.61648178100586,machine,Y,1.0
2025-08-08T10:55:38,scikit-learn-benchmark,cd7c9593-9902-47c9-ae69-8958c2218635,scikit-learn_SCL001_d880725b,1.0024500810541213,7.066983084147796e-08,7.049710721472083e-08,0.8,0.0,10.0,1.1144015824215281e-07,0.0,1.3921732639169526e-06,1.5036134221591057e-06,Canada,CAN,,gcp,northamerica-northeast2,Linux-6.8.0-1032-gcp-x86_64-with-glibc2.35,3.10.12,3.0.4,2,Intel(R) Xeon(R) CPU @ 2.60GHz,,,,,15.61648178100586,machine,Y,1.0
2025-08-08T10:55:40,scikit-learn-benchmark,4e60d7a2-bd9e-46f0-ae79-2afe12ca36f0,scikit-learn_SCL001_d880725b,1.0025400561280549,7.066591232357961e-08,7.048687171313724e-08,0.8,0.0,10.0,1.114314568953382e-07,0.0,1.3920985925425258e-06,1.503530049437864e-06,Canada,CAN,,gcp,northamerica-northeast2,Linux-6.8.0-1032-gcp-x86_64-with-glibc2.35,3.10.12,3.0.4,2,Intel(R) Xeon(R) CPU @ 2.60GHz,,,,,15.61648178100586,machine,Y,1.0
2025-08-08T10:55:42,scikit-learn-benchmark,2659345d-e8b9-4474-8542-bd29e1448f0b,scikit-learn_SCL001_d880725b,1.0024303230457008,7.06580822922714e-08,7.048677665455067e-08,0.8000576,0.0,10.0,1.1143213636695429e-07,0.0,1.3919313166600964e-06,1.5033634530270508e-06,Canada,CAN,,gcp,northamerica-northeast2,Linux-6.8.0-1032-gcp-x86_64-with-glibc2.35,3.10.12,3.0.4,2,Intel(R) Xeon(R) CPU @ 2.60GHz,,,,,15.61648178100586,machine,Y,1.0
2025-08-08T10:55:44,scikit-learn-benchmark,48b67f77-9fc5-455d-b0b4-c177d4d6c812,scikit-learn_SCL001_d880725b,1.0024032699875534,7.06612541676453e-08,7.049184323642789e-08,0.8000072,0.0,10.0,1.114253837328051e-07,0.0,1.392005556004329e-06,1.503430939737134e-06,Canada,CAN,,gcp,northamerica-northeast2,Linux-6.8.0-1032-gcp-x86_64-with-glibc2.35,3.10.12,3.0.4,2,Intel(R) Xeon(R) CPU @ 2.60GHz,,,,,15.61648178100586,machine,Y,1.0
2025-08-08T10:55:46,scikit-learn-benchmark,0cad83a2-f7ef-42b1-955e-be3e88433bbc,scikit-learn_SCL001_d880725b,1.0025720037519932,7.06812265114946e-08,7.049990050288605e-08,0.8009000000000002,0.0,10.0,1.1158113101577493e-07,0.0,1.3922747522075145e-06,1.5038558832232894e-06,Canada,CAN,,gcp,northamerica-northeast2,Linux-6.8.0-1032-gcp-x86_64-with-glibc2.35,3.10.12,3.0.4,2,Intel(R) Xeon(R) CPU @ 2.60GHz,,,,,15.61648178100586,machine,Y,1.0
2025-08-08T10:55:49,scikit-learn-benchmark,097d55a1-f130-4849-8f39-913f8c45e187,scikit-learn_SCL001_d880725b,1.002326851245016,7.065602268226858e-08,7.049199828828782e-08,0.8,0.0,10.0,1.1141526243752905e-07,0.0,1.3919043691001005e-06,1.5033196315376294e-06,Canada,CAN,,gcp,northamerica-northeast2,Linux-6.8.0-1032-gcp-x86_64-with-glibc2.35,3.10.12,3.0.4,2,Intel(R) Xeon(R) CPU @ 2.60GHz,,,,,15.61648178100586,machine,Y,1.0
2025-08-08T10:55:51,scikit-learn-benchmark,a123ce9b-79e6-41d0-b588-bc13fc8eb416,scikit-learn_SCL001_d880725b,1.0023261909373105,7.065873006338048e-08,7.049474582451547e-08,0.8,0.0,10.0,1.114218013568057e-07,0.0,1.391955434034268e-06,1.5033772353910738e-06,Canada,CAN,,gcp,northamerica-northeast2,Linux-6.8.0-1032-gcp-x86_64-with-glibc2.35,3.10.12,3.0.4,2,Intel(R) Xeon(R) CPU @ 2.60GHz,,,,,15.61648178100586,machine,Y,1.0
2025-08-08T10:55:53,scikit-learn-benchmark,f970f6b6-339f-4a7b-ac1c-182e6c38e0a7,scikit-learn_SCL001_d880725b,1.002338611986488,7.065430435988431e-08,7.048945687112446e-08,0.8,0.0,10.0,1.1141831852081749e-07,0.0,1.3918647529660828e-06,1.5032830714869003e-06,Canada,CAN,,gcp,northamerica-northeast2,Linux-6.8.0-1032-gcp-x86_64-with-glibc2.35,3.10.12,3.0.4,2,Intel(R) Xeon(R) CPU @ 2.60GHz,,,,,15.61648178100586,machine,Y,1.0
2025-08-08T10:55:55,scikit-learn-benchmark,32074e10-8587-4a56-a279-6ca53d042eb2,scikit-learn_SCL001_d880725b,1.0023869993165135,7.065952360957872e-08,7.049126101770927e-08,0.8000072,0.0,10.0,1.1142216081028941e-07,0.0,1.3919719585424495e-06,1.5033941193527389e-06,Canada,CAN,,gcp,northamerica-northeast2,Linux-6.8.0-1032-gcp-x86_64-with-glibc2.35,3.10.12,3.0.4,2,Intel(R) Xeon(R) CPU @ 2.60GHz,,,,,15.61648178100586,machine,Y,1.0
2025-08-08T10:55:57,scikit-learn-benchmark,abfca14c-6fdc-4699-a818-5ebdb44627f4,scikit-learn_SCL001_d880725b,1.0023705679923296,7.06632167439287e-08,7.049610094344813e-08,0.8,0.0,10.0,1.1142700196554265e-07,0.0,1.3920456947137914e-06,1.503472696679334e-06,Canada,CAN,,gcp,northamerica-northeast2,Linux-6.8.0-1032-gcp-x86_64-with-glibc2.35,3.10.12,3.0.4,2,Intel(R) Xeon(R) CPU @ 2.60GHz,,,,,15.61648178100586,machine,Y,1.0
2025-08-08T10:55:59,scikit-learn-benchmark,846ae96c-7e6a-43b3-871c-7e8e397d2056,scikit-learn_SCL001_d880725b,1.0021330029703677,7.062257412129885e-08,7.04722565886667e-08,0.8001756008000003,0.0,10.0,1.1138796556046905e-07,0.0,1.3912199944671658e-06,1.5026079600276348e-06,Canada,CAN,,gcp,northamerica-northeast2,Linux-6.8.0-1032-gcp-x86_64-with-glibc2.35,3.10.12,3.0.4,2,Intel(R) Xeon(R) CPU @ 2.60GHz,,,,,15.61648178100586,machine,Y,1.0
2025-08-08T10:56:01,scikit-learn-benchmark,56fd45e9-c3e5-4e1b-bce3-3757e6b46022,scikit-learn_SCL001_d880725b,1.0020811771973968,7.060437192773385e-08,7.045773689233334e-08,0.8000072,0.0,10.0,1.1134359652479036e-07,0.0,1.390877082788696e-06,1.5022206793134862e-06,Canada,CAN,,gcp,northamerica-northeast2,Linux-6.8.0-1032-gcp-x86_64-with-glibc2.35,3.10.12,3.0.4,2,Intel(R) Xeon(R) CPU @ 2.60GHz,,,,,15.61648178100586,machine,Y,1.0
2025-08-08T10:56:04,scikit-learn-benchmark,2a934b9d-d0c1-4f6c-9420-73deea99f4e5,scikit-learn_SCL001_d880725b,1.0024989978410304,7.06613843756107e-08,7.048524190825748e-08,0.8,0.0,10.0,1.1143280555390653e-07,0.0,1.3920009045654702e-06,1.5034337101193768e-06,Canada,CAN,,gcp,northamerica-northeast2,Linux-6.8.0-1032-gcp-x86_64-with-glibc2.35,3.10.12,3.0.4,2,Intel(R) Xeon(R) CPU @ 2.60GHz,,,,,15.61648178100586,machine,Y,1.0
2025-08-08T10:56:06,scikit-learn-benchmark,d6c954c3-98d1-49e6-a7a8-a863f5913a0b,scikit-learn_SCL001_d880725b,1.0023494088090956,7.06599402396112e-08,7.049432026259504e-08,0.8,0.0,10.0,1.1142167842222585e-07,0.0,1.3919813053992888e-06,1.5034029838215146e-06,Canada,CAN,,gcp,northamerica-northeast2,Linux-6.8.0-1032-gcp-x86_64-with-glibc2.35,3.10.12,3.0.4,2,Intel(R) Xeon(R) CPU @ 2.60GHz,,,,,15.61648178100586,machine,Y,1.0
2025-08-08T10:56:08,scikit-learn-benchmark,eb04f3c6-7a80-4eaa-b6b4-d205301bbb53,scikit-learn_SCL001_d880725b,1.0023599909618497,7.065570234543541e-08,7.048934812096326e-08,0.8,0.0,10.0,1.1141525705655417e-07,0.0,1.3918975588037737e-06,1.5033128158603278e-06,Canada,CAN,,gcp,northamerica-northeast2,Linux-6.8.0-1032-gcp-x86_64-with-glibc2.35,3.10.12,3.0.4,2,Intel(R) Xeon(R) CPU @ 2.60GHz,,,,,15.61648178100586,machine,Y,1.0
2025-08-08T10:56:10,scikit-learn-benchmark,b1b86c74-e37a-40c7-8a8b-79842f068c42,scikit-learn_SCL001_d880725b,1.0023744320496917,7.065476871199077e-08,7.048740116755905e-08,0.8,0.0,10.0,1.114205757362975e-07,0.0,1.3918723755826551e-06,1.5032929513189526e-06,Canada,CAN,,gcp,northamerica-northeast2,Linux-6.8.0-1032-gcp-x86_64-with-glibc2.35,3.10.12,3.0.4,2,Intel(R) Xeon(R) CPU @ 2.60GHz,,,,,15.61648178100586,machine,Y,1.0
2025-08-08T10:56:12,scikit-learn-benchmark,5b5cc4b8-7a5d-42bd-b304-25f23f140151,scikit-learn_SCL001_d880725b,1.0023633111268282,7.06596762788896e-08,7.04930792004508e-08,0.8,0.0,10.0,1.1142398623956577e-07,0.0,1.3919733813963831e-06,1.503397367635949e-06,Canada,CAN,,gcp,northamerica-northeast2,Linux-6.8.0-1032-gcp-x86_64-with-glibc2.35,3.10.12,3.0.4,2,Intel(R) Xeon(R) CPU @ 2.60GHz,,,,,15.61648178100586,machine,Y,1.0
2025-08-08T10:56:14,scikit-learn-benchmark,1900445a-745d-4a8e-b03b-3d8af3c61925,scikit-learn_SCL001_d880725b,1.0024294857867062,7.065785190871812e-08,7.048660570201193e-08,0.8,0.0,10.0,1.11425227071676e-07,0.0,1.3919333241776458e-06,1.5033585512493218e-06,Canada,CAN,,gcp,northamerica-northeast2,Linux-6.8.0-1032-gcp-x86_64-with-glibc2.35,3.10.12,3.0.4,2,Intel(R) Xeon(R) CPU @ 2.60GHz,,,,,15.61648178100586,machine,Y,1.0
2025-08-08T10:56:17,scikit-learn-benchmark,ce7b4e28-35e8-432a-a937-eb1f4f77f6d9,scikit-learn_SCL001_d880725b,1.002417576033622,7.065880328729957e-08,7.048839223957265e-08,0.8000576,0.0,10.0,1.1143197275284265e-07,0.0,1.3919468205939566e-06,1.5033787933467991e-06,Canada,CAN,,gcp,northamerica-northeast2,Linux-6.8.0-1032-gcp-x86_64-with-glibc2.35,3.10.12,3.0.4,2,Intel(R) Xeon(R) CPU @ 2.60GHz,,,,,15.61648178100586,machine,Y,1.0
2025-08-08T10:56:19,scikit-learn-benchmark,c6b6a2a6-0abc-4181-8516-896270eb837b,scikit-learn_SCL001_d880725b,1.0023582838475704,7.066009707092943e-08,7.049385255709103e-08,0.8001944000000001,0.0,10.0,1.1144707078825633e-07,0.0,1.3919592498698167e-06,1.503406320658073e-06,Canada,CAN,,gcp,northamerica-northeast2,Linux-6.8.0-1032-gcp-x86_64-with-glibc2.35,3.10.12,3.0.4,2,Intel(R) Xeon(R) CPU @ 2.60GHz,,,,,15.61648178100586,machine,Y,1.0
2025-08-08T10:56:21,scikit-learn-benchmark,4dbcceef-3f88-40f0-b1a6-0a8b39c77883,scikit-learn_SCL001_d880725b,1.002378369215876,7.065935410848922e-08,7.04916988220361e-08,0.8,0.0,10.0,1.114223844682177e-07,0.0,1.3919681284783614e-06,1.5033905129465792e-06,Canada,CAN,,gcp,northamerica-northeast2,Linux-6.8.0-1032-gcp-x86_64-with-glibc2.35,3.10.12,3.0.4,2,Intel(R) Xeon(R) CPU @ 2.60GHz,,,,,15.61648178100586,machine,Y,1.0
2025-08-08T10:56:23,scikit-learn-benchmark,2190ac3f-4c0e-43c2-b93d-7fcc597945bb,scikit-learn_SCL001_d880725b,1.0024348571896553,7.066090301315612e-08,7.048927170315611e-08,0.8,0.0,10.0,1.114287182895674e-07,0.0,1.3919947500754562e-06,1.5034234683650236e-06,Canada,CAN,,gcp,northamerica-northeast2,Linux-6.8.0-1032-gcp-x86_64-with-glibc2.35,3.10.12,3.0.4,2,Intel(R) Xeon(R) CPU @ 2.60GHz,,,,,15.61648178100586,machine,Y,1.0
2025-08-08T10:56:25,scikit-learn-benchmark,db3ab12f-e000-4b9f-821a-0c03ab5921c9,scikit-learn_SCL001_d880725b,1.002508383244276,7.066281276579118e-08,7.048600684725959e-08,0.8,0.0,10.0,1.114352558636003e-07,0.0,1.3920288455362122e-06,1.5034641013998125e-06,Canada,CAN,,gcp,northamerica-northeast2,Linux-6.8.0-1032-gcp-x86_64-with-glibc2.35,3.10.12,3.0.4,2,Intel(R) Xeon(R) CPU @ 2.60GHz,,,,,15.61648178100586,machine,Y,1.0
2025-08-08T10:56:27,scikit-learn-benchmark,801df085-93d4-458e-8e1e-f2fab9f8c477,scikit-learn_SCL001_d880725b,1.002353976946324,7.065976949900182e-08,7.049382865149807e-08,0.8,0.0,10.0,1.1142242285940385e-07,0.0,1.3919769281831882e-06,1.503399351042592e-06,Canada,CAN,,gcp,northamerica-northeast2,Linux-6.8.0-1032-gcp-x86_64-with-glibc2.35,3.10.12,3.0.4,2,Intel(R) Xeon(R) CPU @ 2.60GHz,,,,,15.61648178100586,machine,Y,1.0
2025-08-08T10:56:29,scikit-learn-benchmark,5ad6d16d-c989-4fea-b8ac-da18bc35f6e7,scikit-learn_SCL001_d880725b,1.0024016317911446,7.066341599966917e-08,7.049411509177615e-08,0.8,0.0,10.0,1.1142807753963605e-07,0.0,1.3920488586235378e-06,1.5034769361631738e-06,Canada,CAN,,gcp,northamerica-northeast2,Linux-6.8.0-1032-gcp-x86_64-with-glibc2.35,3.10.12,3.0.4,2,Intel(R) Xeon(R) CPU @ 2.60GHz,,,,,15.61648178100586,machine,Y,1.0
2025-08-08T10:56:32,scikit-learn-benchmark,3675afc0-0f62-4a8e-a205-0e75a37baaa9,scikit-learn_SCL001_d880725b,1.002332827076316,7.065807445124828e-08,7.04936250141077e-08,0.8,0.0,10.0,1.114195467283329e-07,0.0,1.3919437394684388e-06,1.5033632861967716e-06,Canada,CAN,,gcp,northamerica-northeast2,Linux-6.8.0-1032-gcp-x86_64-with-glibc2.35,3.10.12,3.0.4,2,Intel(R) Xeon(R) CPU @ 2.60GHz,,,,,15.61648178100586,machine,Y,1.0
2025-08-08T10:56:34,scikit-learn-benchmark,702c1d9a-e62c-4a9e-be21-9d31a92d88a0,scikit-learn_SCL001_d880725b,1.0019095158204436,7.059464275822198e-08,7.046009808621634e-08,0.8000576,0.0,10.0,1.1132756190558277e-07,0.0,1.3906861138012671e-06,1.5020136757068502e-06,Canada,CAN,,gcp,northamerica-northeast2,Linux-6.8.0-1032-gcp-x86_64-with-glibc2.35,3.10.12,3.0.4,2,Intel(R) Xeon(R) CPU @ 2.60GHz,,,,,15.61648178100586,machine,Y,1.0
2025-08-08T10:56:36,scikit-learn-benchmark,47952572-6759-4e39-9040-b7a408c58957,scikit-learn_SCL001_d880725b,1.0022939946502447,7.066327580867218e-08,7.050154564013973e-08,0.8000072,0.0,10.0,1.1142983932358225e-07,0.0,1.3920441140524215e-06,1.5034739533760038e-06,Canada,CAN,,gcp,northamerica-northeast2,Linux-6.8.0-1032-gcp-x86_64-with-glibc2.35,3.10.12,3.0.4,2,Intel(R) Xeon(R) CPU @ 2.60GHz,,,,,15.61648178100586,machine,Y,1.0
2025-08-08T10:56:38,scikit-learn-benchmark,6799c7b7-e15d-4838-9085-8c32a9ca1e00,scikit-learn_SCL001_d880725b,1.0023537511005998,7.065779202840188e-08,7.049187170778634e-08,0.8,0.0,10.0,1.1141835473891765e-07,0.0,1.3919389224611223e-06,1.50335727720004e-06,Canada,CAN,,gcp,northamerica-northeast2,Linux-6.8.0-1032-gcp-x86_64-with-glibc2.35,3.10.12,3.0.4,2,Intel(R) Xeon(R) CPU @ 2.60GHz,,,,,15.61648178100586,machine,Y,1.0
2025-08-08T10:56:40,scikit-learn-benchmark,592c9e2f-db17-44dc-b938-663cfebcfbe0,scikit-learn_SCL001_d880725b,1.002374359872192,7.065955126073418e-08,7.049217746326196e-08,0.8,0.0,10.0,1.1142346314671969e-07,0.0,1.3919712445284758e-06,1.5033947076751954e-06,Canada,CAN,,gcp,northamerica-northeast2,Linux-6.8.0-1032-gcp-x86_64-with-glibc2.35,3.10.12,3.0.4,2,Intel(R) Xeon(R) CPU @ 2.60GHz,,,,,15.61648178100586,machine,Y,1.0
2025-08-08T10:56:42,scikit-learn-benchmark,64f4d196-ff19-43bc-8101-e0d0a97d0b7f,scikit-learn_SCL001_d880725b,1.0024847299791873,7.06617800929687e-08,7.048663982586124e-08,0.8,0.0,10.0,1.1143248228149285e-07,0.0,1.3920096473561394e-06,1.503442129637632e-06,Canada,CAN,,gcp,northamerica-northeast2,Linux-6.8.0-1032-gcp-x86_64-with-glibc2.35,3.10.12,3.0.4,2,Intel(R) Xeon(R) CPU @ 2.60GHz,,,,,15.61648178100586,machine,Y,1.0
2025-08-08T10:56:44,scikit-learn-benchmark,93e67789-ae47-4244-a837-736c853689b9,scikit-learn_SCL001_d880725b,1.0024153999984264,7.06617629488723e-08,7.049149778523277e-08,0.8,0.0,10.0,1.1142620102812849e-07,0.0,1.392015563841495e-06,1.5034417648696237e-06,Canada,CAN,,gcp,northamerica-northeast2,Linux-6.8.0-1032-gcp-x86_64-with-glibc2.35,3.10.12,3.0.4,2,Intel(R) Xeon(R) CPU @ 2.60GHz,,,,,15.61648178100586,machine,Y,1.0
2025-08-08T10:56:47,scikit-learn-benchmark,9b91e738-ff8d-4f72-b721-b4aeb51dea34,scikit-learn_SCL001_d880725b,1.0024739038199186,7.066603301034094e-08,7.049164346430227e-08,0.8004608000000001,0.0,10.0,1.1149357372289237e-07,0.0,1.392039043518404e-06,1.5035326172412963e-06,Canada,CAN,,gcp,northamerica-northeast2,Linux-6.8.0-1032-gcp-x86_64-with-glibc2.35,3.10.12,3.0.4,2,Intel(R) Xeon(R) CPU @ 2.60GHz,,,,,15.61648178100586,machine,Y,1.0
2025-08-08T10:56:49,scikit-learn-benchmark,dccf59f8-4dc0-4a13-81df-35cf2f72e15c,scikit-learn_SCL001_d880725b,1.0025031180121005,7.0664777000176e-08,7.048833637575086e-08,0.8,0.0,10.0,1.1144183503670825e-07,0.0,1.3920640585840576e-06,1.503505893620766e-06,Canada,CAN,,gcp,northamerica-northeast2,Linux-6.8.0-1032-gcp-x86_64-with-glibc2.35,3.10.12,3.0.4,2,Intel(R) Xeon(R) CPU @ 2.60GHz,,,,,15.61648178100586,machine,Y,1.0
2025-08-08T10:56:51,scikit-learn-benchmark,81311606-dce7-4c66-b99b-83f29c19300f,scikit-learn_SCL001_d880725b,1.0025610122829676,7.066899437424962e-08,7.048847253029193e-08,0.8000576,0.0,10.0,1.114568083608101e-07,0.0,1.3921388166232244e-06,1.5035956249840345e-06,Canada,CAN,,gcp,northamerica-northeast2,Linux-6.8.0-1032-gcp-x86_64-with-glibc2.35,3.10.12,3.0.4,2,Intel(R) Xeon(R) CPU @ 2.60GHz,,,,,15.61648178100586,machine,Y,1.0
2025-08-08T10:56:53,scikit-learn-benchmark,0b72de15-857a-41c5-927d-692ca74bb37d,scikit-learn_SCL001_d880725b,1.0024460549466312,7.066437072214872e-08,7.049194355491856e-08,0.8000576,0.0,10.0,1.1143921596301845e-07,0.0,1.3920580334444012e-06,1.5034972494074196e-06,Canada,CAN,,gcp,northamerica-northeast2,Linux-6.8.0-1032-gcp-x86_64-with-glibc2.35,3.10.12,3.0.4,2,Intel(R) Xeon(R) CPU @ 2.60GHz,,,,,15.61648178100586,machine,Y,1.0
2025-08-08T10:56:55,scikit-learn-benchmark,bfe48a1a-0ecf-48d4-a241-7d817ec5d945,scikit-learn_SCL001_d880725b,1.0023860200308263,7.065879356462716e-08,7.04906015772788e-08,0.8,0.0,10.0,1.1141936377518709e-07,0.0,1.3919592227062415e-06,1.5033785864814289e-06,Canada,CAN,,gcp,northamerica-northeast2,Linux-6.8.0-1032-gcp-x86_64-with-glibc2.35,3.10.12,3.0.4,2,Intel(R) Xeon(R) CPU @ 2.60GHz,,,,,15.61648178100586,machine,Y,1.0
2025-08-08T10:56:57,scikit-learn-benchmark,9e7d2363-3947-4df6-8a4d-52907396f2e5,scikit-learn_SCL001_d880725b,1.002571809105575,7.06737219823214e-08,7.049242891177199e-08,0.8,0.0,10.0,1.1145454024275145e-07,0.0,1.3922416721470654e-06,1.5036962123898168e-06,Canada,CAN,,gcp,northamerica-northeast2,Linux-6.8.0-1032-gcp-x86_64-with-glibc2.35,3.10.12,3.0.4,2,Intel(R) Xeon(R) CPU @ 2.60GHz,,,,,15.61648178100586,machine,Y,1.0
2025-08-08T10:57:00,scikit-learn-benchmark,1de5fef9-f878-42d0-9375-e3be88cc31fb,scikit-learn_SCL001_d880725b,1.00217178883031,7.066175585535045e-08,7.050862600894372e-08,0.8,0.0,10.0,1.1142466734680864e-07,0.0,1.392016946596818e-06,1.5034416139436266e-06,Canada,CAN,,gcp,northamerica-northeast2,Linux-6.8.0-1032-gcp-x86_64-with-glibc2.35,3.10.12,3.0.4,2,Intel(R) Xeon(R) CPU @ 2.60GHz,,,,,15.61648178100586,machine,Y,1.0
2025-08-08T10:57:02,scikit-learn-benchmark,7c36465e-bafd-402f-84a6-e4e721bde3c4,scikit-learn_SCL001_d880725b,1.0024811648763716,7.066630044160413e-08,7.049139965668966e-08,0.8,0.0,10.0,1.114364318135712e-07,0.0,1.3921018754546014e-06,1.5035383072681726e-06,Canada,CAN,,gcp,northamerica-northeast2,Linux-6.8.0-1032-gcp-x86_64-with-glibc2.35,3.10.12,3.0.4,2,Intel(R) Xeon(R) CPU @ 2.60GHz,,,,,15.61648178100586,machine,Y,1.0
2025-08-08T10:57:04,scikit-learn-benchmark,057ca745-4065-4a04-8eea-a8de060e84fe,scikit-learn_SCL001_d880725b,1.0024755881167948,7.0671088113488e-08,7.049656764834292e-08,0.8000072,0.0,10.0,1.1144202299515541e-07,0.0,1.3921981496322486e-06,1.503640172627404e-06,Canada,CAN,,gcp,northamerica-northeast2,Linux-6.8.0-1032-gcp-x86_64-with-glibc2.35,3.10.12,3.0.4,2,Intel(R) Xeon(R) CPU @ 2.60GHz,,,,,15.61648178100586,machine,Y,1.0
2025-08-08T10:57:06,scikit-learn-benchmark,8871f9a0-d4aa-4e34-b157-1cb776b3e6a3,scikit-learn_SCL001_d880725b,1.0024557108990848,7.06691951481108e-08,7.049607716307871e-08,0.8,0.0,10.0,1.1143718266652692e-07,0.0,1.3921627141017882e-06,1.5035998967683151e-06,Canada,CAN,,gcp,northamerica-northeast2,Linux-6.8.0-1032-gcp-x86_64-with-glibc2.35,3.10.12,3.0.4,2,Intel(R) Xeon(R) CPU @ 2.60GHz,,,,,15.61648178100586,machine,Y,1.0
2025-08-08T10:57:08,scikit-learn-benchmark,e4ea6a6a-547f-4498-86d2-bfa8891207d5,scikit-learn_SCL001_d880725b,1.0024221083149314,7.06665476667258e-08,7.04957992053029e-08,0.8001944000000001,0.0,10.0,1.11458308269479e-07,0.0,1.392085259107666e-06,1.5035435673771449e-06,Canada,CAN,,gcp,northamerica-northeast2,Linux-6.8.0-1032-gcp-x86_64-with-glibc2.35,3.10.12,3.0.4,2,Intel(R) Xeon(R) CPU @ 2.60GHz,,,,,15.61648178100586,machine,Y,1.0
2025-08-08T10:57:10,scikit-learn-benchmark,c2b347b0-4264-48c3-ae53-fb0849b5416f,scikit-learn_SCL001_d880725b,1.0023781661875546,7.066121681603996e-08,7.049357138812475e-08,0.8000576,0.0,10.0,1.114304977421322e-07,0.0,1.3919996472799942e-06,1.5034301450221265e-06,Canada,CAN,,gcp,northamerica-northeast2,Linux-6.8.0-1032-gcp-x86_64-with-glibc2.35,3.10.12,3.0.4,2,Intel(R) Xeon(R) CPU @ 2.60GHz,,,,,15.61648178100586,machine,Y,1.0
2025-08-08T10:57:12,scikit-learn-benchmark,c95dd924-6a4c-44b7-b0e8-e4781aeb08fc,scikit-learn_SCL001_d880725b,1.0025067692622542,7.066423300462259e-08,7.048753701346522e-08,0.8,0.0,10.0,1.114325113594532e-07,0.0,1.3920618078878356e-06,1.5034943192472889e-06,Canada,CAN,,gcp,northamerica-northeast2,Linux-6.8.0-1032-gcp-x86_64-with-glibc2.35,3.10.12,3.0.4,2,Intel(R) Xeon(R) CPU @ 2.60GHz,,,,,15.61648178100586,machine,Y,1.0
2025-08-08T10:57:15,scikit-learn-benchmark,dba4357e-8f4d-4be3-b89b-d5ea2b21409b,scikit-learn_SCL001_d880725b,1.002401204779744,7.065315519723298e-08,7.048390889829134e-08,0.8000072,0.0,10.0,1.114148967392722e-07,0.0,1.39184372447845e-06,1.5032586212177224e-06,Canada,CAN,,gcp,northamerica-northeast2,Linux-6.8.0-1032-gcp-x86_64-with-glibc2.35,3.10.12,3.0.4,2,Intel(R) Xeon(R) CPU @ 2.60GHz,,,,,15.61648178100586,machine,Y,1.0
2025-08-08T10:57:17,scikit-learn-benchmark,a08cfef8-f750-4a4a-b718-f4299c73311f,scikit-learn_SCL001_d880725b,1.002372570335865,7.065464698404282e-08,7.048741064449574e-08,0.8,0.0,10.0,1.1141347533298865e-07,0.0,1.3918768860296243e-06,1.5032903613626128e-06,Canada,CAN,,gcp,northamerica-northeast2,Linux-6.8.0-1032-gcp-x86_64-with-glibc2.35,3.10.12,3.0.4,2,Intel(R) Xeon(R) CPU @ 2.60GHz,,,,,15.61648178100586,machine,Y,1.0
2025-08-08T10:57:19,scikit-learn-benchmark,a9c023f0-d851-4088-a2fd-66cfb28073d9,scikit-learn_SCL001_d880725b,1.0024588191881776,7.066500763587253e-08,7.049168133719377e-08,0.8000072,0.0,10.0,1.114324502581783e-07,0.0,1.3920783505050671e-06,1.5035108007632454e-06,Canada,CAN,,gcp,northamerica-northeast2,Linux-6.8.0-1032-gcp-x86_64-with-glibc2.35,3.10.12,3.0.4,2,Intel(R) Xeon(R) CPU @ 2.60GHz,,,,,15.61648178100586,machine,Y,1.0
2025-08-08T10:57:21,scikit-learn-benchmark,e37e8e4c-9a2c-4e45-8456-983015a7de1d,scikit-learn_SCL001_d880725b,1.0024890382774174,7.06685893170846e-08,7.049312922016068e-08,0.8,0.0,10.0,1.1143879540678529e-07,0.0,1.3921482113396954e-06,1.5035870067464808e-06,Canada,CAN,,gcp,northamerica-northeast2,Linux-6.8.0-1032-gcp-x86_64-with-glibc2.35,3.10.12,3.0.4,2,Intel(R) Xeon(R) CPU @ 2.60GHz,,,,,15.61648178100586,machine,Y,1.0
2025-08-08T10:57:23,scikit-learn-benchmark,ca967cb7-6bd4-4f97-b013-317f556e0a7c,scikit-learn_SCL001_d880725b,1.0024565919302404,7.065720938689389e-08,7.048405881679393e-08,0.8,0.0,10.0,1.1142206999162837e-07,0.0,1.3919228105805817e-06,1.5033448805722098e-06,Canada,CAN,,gcp,northamerica-northeast2,Linux-6.8.0-1032-gcp-x86_64-with-glibc2.35,3.10.12,3.0.4,2,Intel(R) Xeon(R) CPU @ 2.60GHz,,,,,15.61648178100586,machine,Y,1.0
2025-08-08T10:57:25,scikit-learn-benchmark,dfeb1eb4-d32d-4149-b63d-a22cbf8cbb6f,scikit-learn_SCL001_d880725b,1.0023838859051466,7.066065844209666e-08,7.04926120977e-08,0.8001944000000001,0.0,10.0,1.114488181669556e-07,0.0,1.3919694465585052e-06,1.503418264725461e-06,Canada,CAN,,gcp,northamerica-northeast2,Linux-6.8.0-1032-gcp-x86_64-with-glibc2.35,3.10.12,3.0.4,2,Intel(R) Xeon(R) CPU @ 2.60GHz,,,,,15.61648178100586,machine,Y,1.0
2025-08-08T10:57:27,scikit-learn-benchmark,5f67a9da-0b08-4f3e-b5c3-200d712fe7a7,scikit-learn_SCL001_d880725b,1.00236286688596,7.065967387324355e-08,7.049310804256137e-08,0.8001944000000001,0.0,10.0,1.1144761005155589e-07,0.0,1.3919497064004345e-06,1.5033973164519902e-06,Canada,CAN,,gcp,northamerica-northeast2,Linux-6.8.0-1032-gcp-x86_64-with-glibc2.35,3.10.12,3.0.4,2,Intel(R) Xeon(R) CPU @ 2.60GHz,,,,,15.61648178100586,machine,Y,1.0
2025-08-08T10:57:30,scikit-learn-benchmark,54f7a4c7-0cc6-4e58-958c-254294a09536,scikit-learn_SCL001_d880725b,1.0025778249837458,7.067983429880404e-08,7.04981025287986e-08,0.8000072,0.0,10.0,1.1145762309912081e-07,0.0,1.3923686385775606e-06,1.5038262616766813e-06,Canada,CAN,,gcp,northamerica-northeast2,Linux-6.8.0-1032-gcp-x86_64-with-glibc2.35,3.10.12,3.0.4,2,Intel(R) Xeon(R) CPU @ 2.60GHz,,,,,15.61648178100586,machine,Y,1.0
2025-08-08T10:57:32,scikit-learn-benchmark,57f6f2cd-99de-43ef-af38-a5efe7387ed1,scikit-learn_SCL001_d880725b,1.0029610507190228,7.074738803914647e-08,7.053851990406572e-08,0.8,0.0,10.0,1.1155352306862673e-07,0.0,1.3937100522323616e-06,1.5052635753009884e-06,Canada,CAN,,gcp,northamerica-northeast2,Linux-6.8.0-1032-gcp-x86_64-with-glibc2.35,3.10.12,3.0.4,2,Intel(R) Xeon(R) CPU @ 2.60GHz,,,,,15.61648178100586,machine,Y,1.0
2025-08-08T10:57:34,scikit-learn-benchmark,0e41ba1c-a48a-44f7-8ced-49527f81e8cd,scikit-learn_SCL001_d880725b,1.0023760669864714,7.06603413020364e-08,7.049284557887403e-08,0.8,0.0,10.0,1.1143011465254757e-07,0.0,1.3919814024120568e-06,1.5034115170646043e-06,Canada,CAN,,gcp,northamerica-northeast2,Linux-6.8.0-1032-gcp-x86_64-with-glibc2.35,3.10.12,3.0.4,2,Intel(R) Xeon(R) CPU @ 2.60GHz,,,,,15.61648178100586,machine,Y,1.0
2025-08-08T10:57:36,scikit-learn-benchmark,7a0927d2-8090-4ea7-a82c-4a1e0a6ac894,scikit-learn_SCL001_d880725b,1.0025493502616882,7.067803662854972e-08,7.049831173906915e-08,0.8,0.0,10.0,1.114533848853575e-07,0.0,1.3923346284880407e-06,1.5037880133733983e-06,Canada,CAN,,gcp,northamerica-northeast2,Linux-6.8.0-1032-gcp-x86_64-with-glibc2.35,3.10.12,3.0.4,2,Intel(R) Xeon(R) CPU @ 2.60GHz,,,,,15.61648178100586,machine,Y,1.0
2025-08-08T10:57:38,scikit-learn-benchmark,8501b2f0-4661-4551-b372-2ec03df3932c,scikit-learn_SCL001_d880725b,1.0023777121677997,7.066289282750544e-08,7.049527535352499e-08,0.8,0.0,10.0,1.1142844417028957e-07,0.0,1.3920373606702518e-06,1.5034658048405414e-06,Canada,CAN,,gcp,northamerica-northeast2,Linux-6.8.0-1032-gcp-x86_64-with-glibc2.35,3.10.12,3.0.4,2,Intel(R) Xeon(R) CPU @ 2.60GHz,,,,,15.61648178100586,machine,Y,1.0
2025-08-08T10:57:40,scikit-learn-benchmark,1d484a5a-b95a-47f5-bd99-5e69db08de67,scikit-learn_SCL001_d880725b,1.0024180221371353,7.066032397312425e-08,7.048987788794721e-08,0.8,0.0,10.0,1.1142199269185465e-07,0.0,1.3919891556724907e-06,1.5034111483643454e-06,Canada,CAN,,gcp,northamerica-northeast2,Linux-6.8.0-1032-gcp-x86_64-with-glibc2.35,3.10.12,3.0.4,2,Intel(R) Xeon(R) CPU @ 2.60GHz,,,,,15.61648178100586,machine,Y,1.0
2025-08-08T10:57:43,scikit-learn-benchmark,7af90551-197a-4bd1-b51f-5909c252de7d,scikit-learn_SCL001_d880725b,1.0024122041650116,7.06579325398168e-08,7.04879013306441e-08,0.8000072,0.0,10.0,1.114270939668849e-07,0.0,1.3919331728377277e-06,1.5033602668046124e-06,Canada,CAN,,gcp,northamerica-northeast2,Linux-6.8.0-1032-gcp-x86_64-with-glibc2.35,3.10.12,3.0.4,2,Intel(R) Xeon(R) CPU @ 2.60GHz,,,,,15.61648178100586,machine,Y,1.0
2025-08-08T10:57:45,scikit-learn-benchmark,67573f91-8859-47b4-8f4e-f08c93fbed82,scikit-learn_SCL001_d880725b,1.002401947043836,7.06637368143324e-08,7.049441296749818e-08,0.8001756008000003,0.0,10.0,1.1145088462021457e-07,0.0,1.392032877386858e-06,1.5034837620070726e-06,Canada,CAN,,gcp,northamerica-northeast2,Linux-6.8.0-1032-gcp-x86_64-with-glibc2.35,3.10.12,3.0.4,2,Intel(R) Xeon(R) CPU @ 2.60GHz,,,,,15.61648178100586,machine,Y,1.0
2025-08-08T10:57:47,scikit-learn-benchmark,10770d88-9ffd-4465-9338-db93807afda7,scikit-learn_SCL001_d880725b,1.0024146377108991,7.065918654865688e-08,7.048898119645705e-08,0.8,0.0,10.0,1.114232172775601e-07,0.0,1.3919637305662035e-06,1.5033869478437637e-06,Canada,CAN,,gcp,northamerica-northeast2,Linux-6.8.0-1032-gcp-x86_64-with-glibc2.35,3.10.12,3.0.4,2,Intel(R) Xeon(R) CPU @ 2.60GHz,,,,,15.61648178100586,machine,Y,1.0
2025-08-08T10:57:49,scikit-learn-benchmark,070cc0b9-0c3d-47ce-aa56-cffce0364a9f,scikit-learn_SCL001_d880725b,1.0024812631309032,7.067188110274989e-08,7.04969595960634e-08,0.8,0.0,10.0,1.114408662542701e-07,0.0,1.392216178485089e-06,1.503657044739359e-06,Canada,CAN,,gcp,northamerica-northeast2,Linux-6.8.0-1032-gcp-x86_64-with-glibc2.35,3.10.12,3.0.4,2,Intel(R) Xeon(R) CPU @ 2.60GHz,,,,,15.61648178100586,machine,Y,1.0
2025-08-08T10:57:51,scikit-learn-benchmark,ecc89463-4ff2-467b-a182-066f60831d5c,scikit-learn_SCL001_d880725b,1.0024002948775887,7.065857979149223e-08,7.048938448299332e-08,0.8000072,0.0,10.0,1.114271554347281e-07,0.0,1.391946882682128e-06,1.5033740381168562e-06,Canada,CAN,,gcp,northamerica-northeast2,Linux-6.8.0-1032-gcp-x86_64-with-glibc2.35,3.10.12,3.0.4,2,Intel(R) Xeon(R) CPU @ 2.60GHz,,,,,15.61648178100586,machine,Y,1.0
2025-08-08T10:57:53,scikit-learn-benchmark,aa9d1c30-825e-453f-9e81-3b86c439c8ad,scikit-learn_SCL001_d880725b,1.0023899469524622,7.066581378271804e-08,7.04973289063416e-08,0.8,0.0,10.0,1.1142576692832842e-07,0.0,1.3921021858954597e-06,1.503527952823788e-06,Canada,CAN,,gcp,northamerica-northeast2,Linux-6.8.0-1032-gcp-x86_64-with-glibc2.35,3.10.12,3.0.4,2,Intel(R) Xeon(R) CPU @ 2.60GHz,,,,,15.61648178100586,machine,Y,1.0
2025-08-08T10:57:55,scikit-learn-benchmark,1ce7de8d-feeb-439e-8b5c-ab7013c00b84,scikit-learn_SCL001_d880725b,1.0024133580736816,7.066323420658914e-08,7.049310909262155e-08,0.8,0.0,10.0,1.1142877954989673e-07,0.0,1.3920442886754045e-06,1.503473068225301e-06,Canada,CAN,,gcp,northamerica-northeast2,Linux-6.8.0-1032-gcp-x86_64-with-glibc2.35,3.10.12,3.0.4,2,Intel(R) Xeon(R) CPU @ 2.60GHz,,,,,15.61648178100586,machine,Y,1.0
2025-08-08T10:57:58,scikit-learn-benchmark,d0787dc1-49a7-4ad7-9e48-cb2baa9f35d9,scikit-learn_SCL001_d880725b,1.002433435060084,7.066175805125385e-08,7.049022466715561e-08,0.8,0.0,10.0,1.1142624686989521e-07,0.0,1.3920154137950805e-06,1.5034416606649755e-06,Canada,CAN,,gcp,northamerica-northeast2,Linux-6.8.0-1032-gcp-x86_64-with-glibc2.35,3.10.12,3.0.4,2,Intel(R) Xeon(R) CPU @ 2.60GHz,,,,,15.61648178100586,machine,Y,1.0
2025-08-08T10:58:00,scikit-learn-benchmark,78ccbda9-d65d-4aca-8ce1-ea976c49b498,scikit-learn_SCL001_d880725b,1.0023094322532415,7.065768229148322e-08,7.049487914389992e-08,0.8000072,0.0,10.0,1.114202638960934e-07,0.0,1.3919346784758898e-06,1.503354942371983e-06,Canada,CAN,,gcp,northamerica-northeast2,Linux-6.8.0-1032-gcp-x86_64-with-glibc2.35,3.10.12,3.0.4,2,Intel(R) Xeon(R) CPU @ 2.60GHz,,,,,15.61648178100586,machine,Y,1.0
2025-08-08T10:58:02,scikit-learn-benchmark,1eb5f1ad-c8e0-4354-8452-689685c7deb7,scikit-learn_SCL001_d880725b,1.0023771743290126,7.065868427825116e-08,7.049111461017635e-08,0.8000576,0.0,10.0,1.1142770864414177e-07,0.0,1.3919485525952445e-06,1.5033762612393862e-06,Canada,CAN,,gcp,northamerica-northeast2,Linux-6.8.0-1032-gcp-x86_64-with-glibc2.35,3.10.12,3.0.4,2,Intel(R) Xeon(R) CPU @ 2.60GHz,,,,,15.61648178100586,machine,Y,1.0
2025-08-08T10:58:04,scikit-learn-benchmark,2e179e2b-73c8-4fe5-95d5-b456f086f5ab,scikit-learn_SCL001_d880725b,1.0024328748695552,7.066756887128578e-08,7.049606077661968e-08,0.8,0.0,10.0,1.1143696494400505e-07,0.0,1.3921283301897346e-06,1.5035652951337396e-06,Canada,CAN,,gcp,northamerica-northeast2,Linux-6.8.0-1032-gcp-x86_64-with-glibc2.35,3.10.12,3.0.4,2,Intel(R) Xeon(R) CPU @ 2.60GHz,,,,,15.61648178100586,machine,Y,1.0
2025-08-08T10:58:06,scikit-learn-benchmark,8aab1395-a8d5-412f-8143-77f91ae47255,scikit-learn_SCL001_d880725b,1.0023493389599023,7.065944500138156e-08,7.049383109755128e-08,0.8,0.0,10.0,1.1142096171776453e-07,0.0,1.3919714851201408e-06,1.503392446837905e-06,Canada,CAN,,gcp,northamerica-northeast2,Linux-6.8.0-1032-gcp-x86_64-with-glibc2.35,3.10.12,3.0.4,2,Intel(R) Xeon(R) CPU @ 2.60GHz,,,,,15.61648178100586,machine,Y,1.0
2025-08-08T10:58:08,scikit-learn-benchmark,249db243-d3b5-4866-a067-3c7f1bb235f3,scikit-learn_SCL001_d880725b,1.0021201851777732,7.063855200907629e-08,7.048910205969478e-08,0.8,0.0,10.0,1.1137435047162904e-07,0.0,1.391573564615101e-06,1.5029479150867295e-06,Canada,CAN,,gcp,northamerica-northeast2,Linux-6.8.0-1032-gcp-x86_64-with-glibc2.35,3.10.12,3.0.4,2,Intel(R) Xeon(R) CPU @ 2.60GHz,,,,,15.61648178100586,machine,Y,1.0
2025-08-08T10:58:11,scikit-learn-benchmark,626a9b1b-557a-4167-8e49-51b1285fd17b,scikit-learn_SCL001_d880725b,1.0024666348472238,7.066450004641795e-08,7.049062541337073e-08,0.8,0.0,10.0,1.1143071018159389e-07,0.0,1.392069290806022e-06,1.503500000987616e-06,Canada,CAN,,gcp,northamerica-northeast2,Linux-6.8.0-1032-gcp-x86_64-with-glibc2.35,3.10.12,3.0.4,2,Intel(R) Xeon(R) CPU @ 2.60GHz,,,,,15.61648178100586,machine,Y,1.0
2025-08-08T10:58:13,scikit-learn-benchmark,53269957-dfd2-4e3d-98f1-dc71b83ed055,scikit-learn_SCL001_d880725b,1.002487366553396,7.066396428489436e-08,7.04886332162377e-08,0.8,0.0,10.0,1.1143566864646145e-07,0.0,1.3920529331598017e-06,1.503488601806263e-06,Canada,CAN,,gcp,northamerica-northeast2,Linux-6.8.0-1032-gcp-x86_64-with-glibc2.35,3.10.12,3.0.4,2,Intel(R) Xeon(R) CPU @ 2.60GHz,,,,,15.61648178100586,machine,Y,1.0
2025-08-08T10:58:15,scikit-learn-benchmark,6e0ddbb4-f088-42fc-8260-61652108caf3,scikit-learn_SCL001_d880725b,1.0024277288466692,7.066452305112035e-08,7.049338422872892e-08,0.8,0.0,10.0,1.114292542139689e-07,0.0,1.3920712362354e-06,1.503500490449369e-06,Canada,CAN,,gcp,northamerica-northeast2,Linux-6.8.0-1032-gcp-x86_64-with-glibc2.35,3.10.12,3.0.4,2,Intel(R) Xeon(R) CPU @ 2.60GHz,,,,,15.61648178100586,machine,Y,1.0
2025-08-08T10:58:17,scikit-learn-benchmark,8d9ce61a-407e-4f35-b5a2-307a6595977a,scikit-learn_SCL001_d880725b,1.0024631870910523,7.066907971362689e-08,7.049543626504074e-08,0.8,0.0,10.0,1.1143745719972585e-07,0.0,1.3921599835157395e-06,1.5035974407154654e-06,Canada,CAN,,gcp,northamerica-northeast2,Linux-6.8.0-1032-gcp-x86_64-with-glibc2.35,3.10.12,3.0.4,2,Intel(R) Xeon(R) CPU @ 2.60GHz,,,,,15.61648178100586,machine,Y,1.0
2025-08-08T10:58:19,scikit-learn-benchmark,00d9d68e-a60b-44d0-bc0a-9cd6d1054e6c,scikit-learn_SCL001_d880725b,1.0025010579265654,7.066295929988259e-08,7.048666806001391e-08,0.8000576,0.0,10.0,1.1143961149314793e-07,0.0,1.39202760765329e-06,1.503467219146438e-06,Canada,CAN,,gcp,northamerica-northeast2,Linux-6.8.0-1032-gcp-x86_64-with-glibc2.35,3.10.12,3.0.4,2,Intel(R) Xeon(R) CPU @ 2.60GHz,,,,,15.61648178100586,machine,Y,1.0
2025-08-08T10:58:21,scikit-learn-benchmark,6773e666-43fd-4e65-9282-c089e26a5f0c,scikit-learn_SCL001_d880725b,1.0024574380367994,7.066600796331963e-08,7.049277633343824e-08,0.8,0.0,10.0,1.1143337666160533e-07,0.0,1.392098707664344e-06,1.5035320843259493e-06,Canada,CAN,,gcp,northamerica-northeast2,Linux-6.8.0-1032-gcp-x86_64-with-glibc2.35,3.10.12,3.0.4,2,Intel(R) Xeon(R) CPU @ 2.60GHz,,,,,15.61648178100586,machine,Y,1.0
2025-08-08T10:58:23,scikit-learn-benchmark,514545ea-ff09-477e-b7ea-82ab9fa1f9d5,scikit-learn_SCL001_d880725b,1.002489433158189,7.066411663146899e-08,7.048863987409077e-08,0.8,0.0,10.0,1.1143352650105953e-07,0.0,1.3920583167216843e-06,1.503491843222744e-06,Canada,CAN,,gcp,northamerica-northeast2,Linux-6.8.0-1032-gcp-x86_64-with-glibc2.35,3.10.12,3.0.4,2,Intel(R) Xeon(R) CPU @ 2.60GHz,,,,,15.61648178100586,machine,Y,1.0
2025-08-08T10:58:26,scikit-learn-benchmark,06fde6ba-3c64-4d5d-8b51-bc1cbc67cf82,scikit-learn_SCL001_d880725b,1.0025355867110193,7.066950343238404e-08,7.049076797784986e-08,0.8001944000000001,0.0,10.0,1.1147210067877972e-07,0.0,1.392134355329391e-06,1.5036064560081707e-06,Canada,CAN,,gcp,northamerica-northeast2,Linux-6.8.0-1032-gcp-x86_64-with-glibc2.35,3.10.12,3.0.4,2,Intel(R) Xeon(R) CPU @ 2.60GHz,,,,,15.61648178100586,machine,Y,1.0
2025-08-08T10:58:28,scikit-learn-benchmark,84d35fdc-1ab4-4eed-8cd4-25f5f851323d,scikit-learn_SCL001_d880725b,1.0024374229833484,7.066458918599206e-08,7.049276849191003e-08,0.8,0.0,10.0,1.114299550859465e-07,0.0,1.3920719424883525e-06,1.503501897574299e-06,Canada,CAN,,gcp,northamerica-northeast2,Linux-6.8.0-1032-gcp-x86_64-with-glibc2.35,3.10.12,3.0.4,2,Intel(R) Xeon(R) CPU @ 2.60GHz,,,,,15.61648178100586,machine,Y,1.0
2025-08-08T10:58:30,scikit-learn-benchmark,b1849237-3275-4620-9144-c3006abc9e68,scikit-learn_SCL001_d880725b,1.0025174380280075,7.067420562092837e-08,7.04967344607465e-08,0.8,0.0,10.0,1.1144470868425237e-07,0.0,1.3922617938886913e-06,1.5037065025729436e-06,Canada,CAN,,gcp,northamerica-northeast2,Linux-6.8.0-1032-gcp-x86_64-with-glibc2.35,3.10.12,3.0.4,2,Intel(R) Xeon(R) CPU @ 2.60GHz,,,,,15.61648178100586,machine,Y,1.0
2025-08-08T10:58:32,scikit-learn-benchmark,6d4f303f-57fa-43a2-a5e6-f68fabf5872e,scikit-learn_SCL001_d880725b,1.0024589081294837,7.06667485056031e-08,7.049341168254189e-08,0.8,0.0,10.0,1.1143276229914693e-07,0.0,1.3921150782456e-06,1.503547840544747e-06,Canada,CAN,,gcp,northamerica-northeast2,Linux-6.8.0-1032-gcp-x86_64-with-glibc2.35,3.10.12,3.0.4,2,Intel(R) Xeon(R) CPU @ 2.60GHz,,,,,15.61648178100586,machine,Y,1.0
2025-08-08T10:58:34,scikit-learn-benchmark,7ddb2d45-de0e-4c7f-929f-8066af7ee187,scikit-learn_SCL001_d880725b,1.0020955931395292,7.066456398295445e-08,7.051678948269289e-08,0.8,0.0,10.0,1.1142749670479033e-07,0.0,1.3920738646346662e-06,1.5035013613394566e-06,Canada,CAN,,gcp,northamerica-northeast2,Linux-6.8.0-1032-gcp-x86_64-with-glibc2.35,3.10.12,3.0.4,2,Intel(R) Xeon(R) CPU @ 2.60GHz,,,,,15.61648178100586,machine,Y,1.0
2025-08-08T10:58:36,scikit-learn-benchmark,aad87cf5-7061-40d1-8433-70fdf3f762fa,scikit-learn_SCL001_d880725b,1.0024545229971409,7.0664103703979e-08,7.049108172279703e-08,0.8000072,0.0,10.0,1.1143176003845825e-07,0.0,1.3920598081313071e-06,1.5034915681697655e-06,Canada,CAN,,gcp,northamerica-northeast2,Linux-6.8.0-1032-gcp-x86_64-with-glibc2.35,3.10.12,3.0.4,2,Intel(R) Xeon(R) CPU @ 2.60GHz,,,,,15.61648178100586,machine,Y,1.0
2025-08-08T10:58:39,scikit-learn-benchmark,14fc2146-e6b8-498c-80bd-b7ef42386022,scikit-learn_SCL001_d880725b,1.0025406330823898,7.067828929605376e-08,7.049917675530799e-08,0.8,0.0,10.0,1.1145370577772458e-07,0.0,1.392339683500015e-06,1.5037933892777395e-06,Canada,CAN,,gcp,northamerica-northeast2,Linux-6.8.0-1032-gcp-x86_64-with-glibc2.35,3.10.12,3.0.4,2,Intel(R) Xeon(R) CPU @ 2.60GHz,,,,,15.61648178100586,machine,Y,1.0
2025-08-08T10:58:41,scikit-learn-benchmark,bf94d43c-c43b-4ee9-be76-f8715ac34485,scikit-learn_SCL001_d880725b,1.002340259030461,7.065522584412249e-08,7.049026037571865e-08,0.8,0.0,10.0,1.1141334670699305e-07,0.0,1.3918893308275277e-06,1.5033026775345207e-06,Canada,CAN,,gcp,northamerica-northeast2,Linux-6.8.0-1032-gcp-x86_64-with-glibc2.35,3.10.12,3.0.4,2,Intel(R) Xeon(R) CPU @ 2.60GHz,,,,,15.61648178100586,machine,Y,1.0
2025-08-08T10:58:43,scikit-learn-benchmark,e681d141-0949-4ce8-b48f-b4636a82aac2,scikit-learn_SCL001_d880725b,1.0023489333689213,7.066029643324879e-08,7.049470905880816e-08,0.8000576,0.0,10.0,1.1142757804261813e-07,0.0,1.3919829843669303e-06,1.5034105624095483e-06,Canada,CAN,,gcp,northamerica-northeast2,Linux-6.8.0-1032-gcp-x86_64-with-glibc2.35,3.10.12,3.0.4,2,Intel(R) Xeon(R) CPU @ 2.60GHz,,,,,15.61648178100586,machine,Y,1.0
2025-08-08T10:58:45,scikit-learn-benchmark,68177aaa-c299-4702-a853-10657ed668c2,scikit-learn_SCL001_d880725b,1.002446104772389,7.066198846304583e-08,7.048956360510777e-08,0.8,0.0,10.0,1.1143298861053257e-07,0.0,1.3920135744329957e-06,1.503446563043528e-06,Canada,CAN,,gcp,northamerica-northeast2,Linux-6.8.0-1032-gcp-x86_64-with-glibc2.35,3.10.12,3.0.4,2,Intel(R) Xeon(R) CPU @ 2.60GHz,,,,,15.61648178100586,machine,Y,1.0
2025-08-08T10:58:47,scikit-learn-benchmark,8a17cc11-ec3c-4729-bd69-ce17fd525116,scikit-learn_SCL001_d880725b,1.0025007599033415,7.066491575063103e-08,7.048864058461595e-08,0.8,0.0,10.0,1.1143807000997996e-07,0.0,1.392070775748127e-06,1.5035088457581069e-06,Canada,CAN,,gcp,northamerica-northeast2,Linux-6.8.0-1032-gcp-x86_64-with-glibc2.35,3.10.12,3.0.4,2,Intel(R) Xeon(R) CPU @ 2.60GHz,,,,,15.61648178100586,machine,Y,1.0
2025-08-08T10:58:49,scikit-learn-benchmark,b9104f7e-f117-475a-9e3b-facad08415a6,scikit-learn_SCL001_d880725b,1.0025061531923711,7.067297814496691e-08,7.049630360862778e-08,0.8,0.0,10.0,1.114436693282591e-07,0.0,1.3922367167348665e-06,1.5036803860631257e-06,Canada,CAN,,gcp,northamerica-northeast2,Linux-6.8.0-1032-gcp-x86_64-with-glibc2.35,3.10.12,3.0.4,2,Intel(R) Xeon(R) CPU @ 2.60GHz,,,,,15.61648178100586,machine,Y,1.0
2025-08-08T10:58:51,scikit-learn-benchmark,dade81ce-3d90-4223-9120-54039bebe33c,scikit-learn_SCL001_d880725b,1.0024318508803844,7.066392957600249e-08,7.04925023221698e-08,0.8,0.0,10.0,1.11429227102134e-07,0.0,1.3920586362170675e-06,1.5034878633192016e-06,Canada,CAN,,gcp,northamerica-northeast2,Linux-6.8.0-1032-gcp-x86_64-with-glibc2.35,3.10.12,3.0.4,2,Intel(R) Xeon(R) CPU @ 2.60GHz,,,,,15.61648178100586,machine,Y,1.0
2025-08-08T10:58:54,scikit-learn-benchmark,71ef78ee-e504-44b7-adbf-bb4e419ebd91,scikit-learn_SCL001_d880725b,1.002554747276008,7.068407267560659e-08,7.050395289400286e-08,0.8000072,0.0,10.0,1.1146605060946508e-07,0.0,1.3924503892970582e-06,1.5039164399065232e-06,Canada,CAN,,gcp,northamerica-northeast2,Linux-6.8.0-1032-gcp-x86_64-with-glibc2.35,3.10.12,3.0.4,2,Intel(R) Xeon(R) CPU @ 2.60GHz,,,,,15.61648178100586,machine,Y,1.0
2025-08-08T10:58:56,scikit-learn-benchmark,f0f1bbd4-c45a-43a1-b27b-323382c50075,scikit-learn_SCL001_d880725b,1.0024833418428898,7.066196817243754e-08,7.048692504210383e-08,0.8000072,0.0,10.0,1.1142679563053513e-07,0.0,1.3920193356979229e-06,1.5034461313284578e-06,Canada,CAN,,gcp,northamerica-northeast2,Linux-6.8.0-1032-gcp-x86_64-with-glibc2.35,3.10.12,3.0.4,2,Intel(R) Xeon(R) CPU @ 2.60GHz,,,,,15.61648178100586,machine,Y,1.0
2025-08-08T10:58:58,scikit-learn-benchmark,f4838758-17dc-4ff6-b571-a51463b6a2a5,scikit-learn_SCL001_d880725b,1.0024217762984335,7.066346645681188e-08,7.049274878858425e-08,0.8,0.0,10.0,1.1142867896705869e-07,0.0,1.392049330752343e-06,1.5034780097194016e-06,Canada,CAN,,gcp,northamerica-northeast2,Linux-6.8.0-1032-gcp-x86_64-with-glibc2.35,3.10.12,3.0.4,2,Intel(R) Xeon(R) CPU @ 2.60GHz,,,,,15.61648178100586,machine,Y,1.0
2025-08-08T10:59:00,scikit-learn-benchmark,f7b098b3-7f7f-4c68-893c-f6fa8718a9c5,scikit-learn_SCL001_d880725b,1.0024750540032985,7.067575268666747e-08,7.050125826516071e-08,0.8001944000000001,0.0,10.0,1.114744545993092e-07,0.0,1.3922649642659558e-06,1.503739418865265e-06,Canada,CAN,,gcp,northamerica-northeast2,Linux-6.8.0-1032-gcp-x86_64-with-glibc2.35,3.10.12,3.0.4,2,Intel(R) Xeon(R) CPU @ 2.60GHz,,,,,15.61648178100586,machine,Y,1.0
2025-08-08T10:59:02,scikit-learn-benchmark,f83acc86-43be-45e4-a966-9476fdf007c0,scikit-learn_SCL001_d880725b,1.0023691290989518,7.066009832277066e-08,7.049309108939573e-08,0.8,0.0,10.0,1.1142400062332553e-07,0.0,1.391982346669667e-06,1.5034063472929928e-06,Canada,CAN,,gcp,northamerica-northeast2,Linux-6.8.0-1032-gcp-x86_64-with-glibc2.35,3.10.12,3.0.4,2,Intel(R) Xeon(R) CPU @ 2.60GHz,,,,,15.61648178100586,machine,Y,1.0
2025-08-08T10:59:04,scikit-learn-benchmark,796a576f-9145-4856-a45c-f09455918663,scikit-learn_SCL001_d880725b,1.0024787881411612,7.066886059505244e-08,7.04941206048755e-08,0.8,0.0,10.0,1.1143784494035777e-07,0.0,1.3921549336777791e-06,1.503592778618137e-06,Canada,CAN,,gcp,northamerica-northeast2,Linux-6.8.0-1032-gcp-x86_64-with-glibc2.35,3.10.12,3.0.4,2,Intel(R) Xeon(R) CPU @ 2.60GHz,,,,,15.61648178100586,machine,Y,1.0
2025-08-08T10:59:07,scikit-learn-benchmark,2796781e-4540-4cdf-97a8-09cb12c3c63f,scikit-learn_SCL001_d880725b,1.002432735171169,7.066392722932828e-08,7.049243779659906e-08,0.8,0.0,10.0,1.1142945527616476e-07,0.0,1.3920583581137988e-06,1.5034878133899636e-06,Canada,CAN,,gcp,northamerica-northeast2,Linux-6.8.0-1032-gcp-x86_64-with-glibc2.35,3.10.12,3.0.4,2,Intel(R) Xeon(R) CPU @ 2.60GHz,,,,,15.61648178100586,machine,Y,1.0
2025-08-08T10:59:09,scikit-learn-benchmark,981b396f-0a41-4fe5-8e2a-75f88fbb6d8f,scikit-learn_SCL001_d880725b,1.0024465499445796,7.066203093420095e-08,7.048957466920058e-08,0.8,0.0,10.0,1.1142710265186101e-07,0.0,1.3920203640332657e-06,1.5034474666851263e-06,Canada,CAN,,gcp,northamerica-northeast2,Linux-6.8.0-1032-gcp-x86_64-with-glibc2.35,3.10.12,3.0.4,2,Intel(R) Xeon(R) CPU @ 2.60GHz,,,,,15.61648178100586,machine,Y,1.0
2025-08-08T10:59:11,scikit-learn-benchmark,889c92ec-a3c9-4ca4-8cae-5afac1a9e488,scikit-learn_SCL001_d880725b,1.002348535694182,7.066399805501534e-08,7.04984299758333e-08,0.8000072,0.0,10.0,1.114317848739504e-07,0.0,1.3920575354455247e-06,1.503489320319475e-06,Canada,CAN,,gcp,northamerica-northeast2,Linux-6.8.0-1032-gcp-x86_64-with-glibc2.35,3.10.12,3.0.4,2,Intel(R) Xeon(R) CPU @ 2.60GHz,,,,,15.61648178100586,machine,Y,1.0
2025-08-08T10:59:13,scikit-learn-benchmark,519c7ee7-fe32-49c0-b84e-4df54d3bba70,scikit-learn_SCL001_d880725b,1.0023603257723153,7.065952485153038e-08,7.049313808094655e-08,0.8,0.0,10.0,1.114234626293183e-07,0.0,1.391970683147924e-06,1.5033941457772422e-06,Canada,CAN,,gcp,northamerica-northeast2,Linux-6.8.0-1032-gcp-x86_64-with-glibc2.35,3.10.12,3.0.4,2,Intel(R) Xeon(R) CPU @ 2.60GHz,,,,,15.61648178100586,machine,Y,1.0
2025-08-08T10:59:15,scikit-learn-benchmark,eea60c29-f846-4274-ac3c-1ed2582a1fa0,scikit-learn_SCL001_d880725b,1.0023768031969666,7.066023990382544e-08,7.049269264658026e-08,0.8,0.0,10.0,1.1142304581072597e-07,0.0,1.3919863138451343e-06,1.5034093596558604e-06,Canada,CAN,,gcp,northamerica-northeast2,Linux-6.8.0-1032-gcp-x86_64-with-glibc2.35,3.10.12,3.0.4,2,Intel(R) Xeon(R) CPU @ 2.60GHz,,,,,15.61648178100586,machine,Y,1.0
2025-08-08T10:59:17,scikit-learn-benchmark,8a6a1c76-95f4-410e-bf86-fff5d3c7e926,scikit-learn_SCL001_d880725b,1.0025910683907568,7.067502694069477e-08,7.049237637248669e-08,0.8001944000000001,0.0,10.0,1.114873486849675e-07,0.0,1.3922366287766232e-06,1.5037239774615908e-06,Canada,CAN,,gcp,northamerica-northeast2,Linux-6.8.0-1032-gcp-x86_64-with-glibc2.35,3.10.12,3.0.4,2,Intel(R) Xeon(R) CPU @ 2.60GHz,,,,,15.61648178100586,machine,Y,1.0
2025-08-08T10:59:19,scikit-learn-benchmark,8e0f1264-fab5-4c01-b858-042a0282c83b,scikit-learn_SCL001_d880725b,1.0024172328412533,7.06582495617784e-08,7.04878639820512e-08,0.8,0.0,10.0,1.1141823170085748e-07,0.0,1.391948780251874e-06,1.5033670119527316e-06,Canada,CAN,,gcp,northamerica-northeast2,Linux-6.8.0-1032-gcp-x86_64-with-glibc2.35,3.10.12,3.0.4,2,Intel(R) Xeon(R) CPU @ 2.60GHz,,,,,15.61648178100586,machine,Y,1.0
2025-08-08T10:59:22,scikit-learn-benchmark,903696b2-d64e-4adb-ba17-d69de68029ca,scikit-learn_SCL001_d880725b,1.0025605359114709,7.067576588690281e-08,7.049526024146606e-08,0.8,0.0,10.0,1.1145626939833165e-07,0.0,1.3922834303230048e-06,1.5037396997213364e-06,Canada,CAN,,gcp,northamerica-northeast2,Linux-6.8.0-1032-gcp-x86_64-with-glibc2.35,3.10.12,3.0.4,2,Intel(R) Xeon(R) CPU @ 2.60GHz,,,,,15.61648178100586,machine,Y,1.0
2025-08-08T10:59:24,scikit-learn-benchmark,3efd3880-5313-4252-96f0-3440db9d66dc,scikit-learn_SCL001_d880725b,1.0024986607022583,7.066068434446223e-08,7.048456732596913e-08,0.8,0.0,10.0,1.1143477726727725e-07,0.0,1.3919840385723445e-06,1.5034188158396217e-06,Canada,CAN,,gcp,northamerica-northeast2,Linux-6.8.0-1032-gcp-x86_64-with-glibc2.35,3.10.12,3.0.4,2,Intel(R) Xeon(R) CPU @ 2.60GHz,,,,,15.61648178100586,machine,Y,1.0
2025-08-08T10:59:26,scikit-learn-benchmark,d11b13ad-0609-4245-a57e-1108cd7db0b4,scikit-learn_SCL001_d880725b,1.0024928329512477,7.066525139069805e-08,7.048953276071408e-08,0.8,0.0,10.0,1.114310370758176e-07,0.0,1.3920849499603112e-06,1.5035159870361289e-06,Canada,CAN,,gcp,northamerica-northeast2,Linux-6.8.0-1032-gcp-x86_64-with-glibc2.35,3.10.12,3.0.4,2,Intel(R) Xeon(R) CPU @ 2.60GHz,,,,,15.61648178100586,machine,Y,1.0
2025-08-08T10:59:28,scikit-learn-benchmark,7175743e-25c5-4429-8aea-3f3b583c9b5c,scikit-learn_SCL001_d880725b,1.0022147810086608,7.066722839340445e-08,7.051106183275676e-08,0.8000072,0.0,10.0,1.114354315520513e-07,0.0,1.3921226193714474e-06,1.5035580509234986e-06,Canada,CAN,,gcp,northamerica-northeast2,Linux-6.8.0-1032-gcp-x86_64-with-glibc2.35,3.10.12,3.0.4,2,Intel(R) Xeon(R) CPU @ 2.60GHz,,,,,15.61648178100586,machine,Y,1.0
2025-08-08T10:59:30,scikit-learn-benchmark,d5a8b841-952c-4e43-bf18-47c91d48b683,scikit-learn_SCL001_d880725b,1.002400295808911,7.066220485558733e-08,7.049300080120662e-08,0.8,0.0,10.0,1.1142752019481529e-07,0.0,1.3920236469453406e-06,1.503451167140156e-06,Canada,CAN,,gcp,northamerica-northeast2,Linux-6.8.0-1032-gcp-x86_64-with-glibc2.35,3.10.12,3.0.4,2,Intel(R) Xeon(R) CPU @ 2.60GHz,,,,,15.61648178100586,machine,Y,1.0
2025-08-08T10:59:32,scikit-learn-benchmark,06b3614e-babf-46e9-bd67-8b448fb46e8c,scikit-learn_SCL001_d880725b,1.002542451955378,7.06608979599033e-08,7.048170161980166e-08,0.8,0.0,10.0,1.114279717827837e-07,0.0,1.3919953890662228e-06,1.5034233608490064e-06,Canada,CAN,,gcp,northamerica-northeast2,Linux-6.8.0-1032-gcp-x86_64-with-glibc2.35,3.10.12,3.0.4,2,Intel(R) Xeon(R) CPU @ 2.60GHz,,,,,15.61648178100586,machine,Y,1.0
2025-08-08T10:59:35,scikit-learn-benchmark,b60d1b1b-8b9f-4eb8-a5e7-86e65b15c724,scikit-learn_SCL001_d880725b,1.0024596089497209,7.067012318925775e-08,7.0496728804165e-08,0.8004608000000001,0.0,10.0,1.1149667370722029e-07,0.0,1.3921229686174128e-06,1.503619642324633e-06,Canada,CAN,,gcp,northamerica-northeast2,Linux-6.8.0-1032-gcp-x86_64-with-glibc2.35,3.10.12,3.0.4,2,Intel(R) Xeon(R) CPU @ 2.60GHz,,,,,15.61648178100586,machine,Y,1.0
2025-08-08T10:59:37,scikit-learn-benchmark,b2198f0a-ca50-44fc-ab64-56e1bdb7d387,scikit-learn_SCL001_d880725b,1.002167521044612,7.063566322785348e-08,7.048289008031932e-08,0.8001944000000001,0.0,10.0,1.1139625075981312e-07,0.0,1.391490200896644e-06,1.5028864516564572e-06,Canada,CAN,,gcp,northamerica-northeast2,Linux-6.8.0-1032-gcp-x86_64-with-glibc2.35,3.10.12,3.0.4,2,Intel(R) Xeon(R) CPU @ 2.60GHz,,,,,15.61648178100586,machine,Y,1.0
2025-08-08T10:59:39,scikit-learn-benchmark,7f13b3d1-1fd3-41fc-8c3c-006ea6e88992,scikit-learn_SCL001_d880725b,1.0024060341529548,7.06606528285063e-08,7.049104895723758e-08,0.8,0.0,10.0,1.1142440026419033e-07,0.0,1.3919937450231778e-06,1.503418145287368e-06,Canada,CAN,,gcp,northamerica-northeast2,Linux-6.8.0-1032-gcp-x86_64-with-glibc2.35,3.10.12,3.0.4,2,Intel(R) Xeon(R) CPU @ 2.60GHz,,,,,15.61648178100586,machine,Y,1.0
2025-08-08T10:59:41,scikit-learn-benchmark,2c54d5b9-3ddc-457c-9adc-d012c5178dda,scikit-learn_SCL001_d880725b,1.0023947251029313,7.06598854417292e-08,7.049107868606697e-08,0.8,0.0,10.0,1.1142295981860824e-07,0.0,1.3919788580905234e-06,1.5034018179091317e-06,Canada,CAN,,gcp,northamerica-northeast2,Linux-6.8.0-1032-gcp-x86_64-with-glibc2.35,3.10.12,3.0.4,2,Intel(R) Xeon(R) CPU @ 2.60GHz,,,,,15.61648178100586,machine,Y,1.0
2025-08-08T10:59:43,scikit-learn-benchmark,f70eae33-9b76-4c3a-9736-a957666f5dc5,scikit-learn_SCL001_d880725b,1.0023673987016082,7.066318049085225e-08,7.049628767095182e-08,0.8,0.0,10.0,1.1142727060036529e-07,0.0,1.3920446547369165e-06,1.5034719253372815e-06,Canada,CAN,,gcp,northamerica-northeast2,Linux-6.8.0-1032-gcp-x86_64-with-glibc2.35,3.10.12,3.0.4,2,Intel(R) Xeon(R) CPU @ 2.60GHz,,,,,15.61648178100586,machine,Y,1.0
2025-08-08T10:59:45,scikit-learn-benchmark,bc41b8d2-3aaf-4a7b-837f-452047a2cf51,scikit-learn_SCL001_d880725b,1.0024613589048386,7.066056714206936e-08,7.048707315687868e-08,0.8,0.0,10.0,1.114310495969322e-07,0.0,1.391985272574756e-06,1.5034163221716885e-06,Canada,CAN,,gcp,northamerica-northeast2,Linux-6.8.0-1032-gcp-x86_64-with-glibc2.35,3.10.12,3.0.4,2,Intel(R) Xeon(R) CPU @ 2.60GHz,,,,,15.61648178100586,machine,Y,1.0
2025-08-08T10:59:47,scikit-learn-benchmark,509dca4a-97cd-4a0f-a4a4-76672f4bfd84,scikit-learn_SCL001_d880725b,1.002418822608888,7.066545479993025e-08,7.049494004513685e-08,0.8,0.0,10.0,1.1143165775057345e-07,0.0,1.3920886571415598e-06,1.503520314892133e-06,Canada,CAN,,gcp,northamerica-northeast2,Linux-6.8.0-1032-gcp-x86_64-with-glibc2.35,3.10.12,3.0.4,2,Intel(R) Xeon(R) CPU @ 2.60GHz,,,,,15.61648178100586,machine,Y,1.0
2025-08-08T10:59:50,scikit-learn-benchmark,4b2b1095-8aa4-4929-abb4-431b455b12db,scikit-learn_SCL001_d880725b,1.002429636195302,7.065814661208919e-08,7.048688911500114e-08,0.8000072,0.0,10.0,1.1142627936274154e-07,0.0,1.391938542171071e-06,1.5033648215338125e-06,Canada,CAN,,gcp,northamerica-northeast2,Linux-6.8.0-1032-gcp-x86_64-with-glibc2.35,3.10.12,3.0.4,2,Intel(R) Xeon(R) CPU @ 2.60GHz,,,,,15.61648178100586,machine,Y,1.0
2025-08-08T10:59:52,scikit-learn-benchmark,07afcf92-ffdf-42b4-9416-7f0128e0996d,scikit-learn_SCL001_d880725b,1.0024657589383423,7.06660968475561e-08,7.04922798783619e-08,0.8,0.0,10.0,1.1143322537342709e-07,0.0,1.3921007501064902e-06,1.5035339754799172e-06,Canada,CAN,,gcp,northamerica-northeast2,Linux-6.8.0-1032-gcp-x86_64-with-glibc2.35,3.10.12,3.0.4,2,Intel(R) Xeon(R) CPU @ 2.60GHz,,,,,15.61648178100586,machine,Y,1.0
2025-08-08T10:59:54,scikit-learn-benchmark,3fc72c1f-83c0-4a9a-9a1e-f3ebfe83f17d,scikit-learn_SCL001_d880725b,1.0024813138879836,7.066100188474067e-08,7.048610373662914e-08,0.8,0.0,10.0,1.114345446435942e-07,0.0,1.3919910273721648e-06,1.503425572015759e-06,Canada,CAN,,gcp,northamerica-northeast2,Linux-6.8.0-1032-gcp-x86_64-with-glibc2.35,3.10.12,3.0.4,2,Intel(R) Xeon(R) CPU @ 2.60GHz,,,,,15.61648178100586,machine,Y,1.0
2025-08-08T10:59:56,scikit-learn-benchmark,4a7fdc81-84ce-40bd-9ad3-3cb0385723a9,scikit-learn_SCL001_d880725b,1.0024071759544313,7.065898945720658e-08,7.048930928684682e-08,0.8,0.0,10.0,1.1142414352960057e-07,0.0,1.3919586108790503e-06,1.5033827544086508e-06,Canada,CAN,,gcp,northamerica-northeast2,Linux-6.8.0-1032-gcp-x86_64-with-glibc2.35,3.10.12,3.0.4,2,Intel(R) Xeon(R) CPU @ 2.60GHz,,,,,15.61648178100586,machine,Y,1.0
2025-08-08T10:59:58,scikit-learn-benchmark,7192b4e9-4a08-4f1a-99ae-44e7aacb1fab,scikit-learn_SCL001_d880725b,1.0023394348099828,7.065400102367213e-08,7.048909637788147e-08,0.8,0.0,10.0,1.114134710902971e-07,0.0,1.3918631464346415e-06,1.5032766175249386e-06,Canada,CAN,,gcp,northamerica-northeast2,Linux-6.8.0-1032-gcp-x86_64-with-glibc2.35,3.10.12,3.0.4,2,Intel(R) Xeon(R) CPU @ 2.60GHz,,,,,15.61648178100586,machine,Y,1.0
2025-08-08T11:00:00,scikit-learn-benchmark,cbfb6424-9beb-49df-a1f9-589fb393ae43,scikit-learn_SCL001_d880725b,1.0025914860889316,7.067266893112618e-08,7.048999508944305e-08,0.8,0.0,10.0,1.1145439350770581e-07,0.0,1.3922194135375322e-06,1.503673807045238e-06,Canada,CAN,,gcp,northamerica-northeast2,Linux-6.8.0-1032-gcp-x86_64-with-glibc2.35,3.10.12,3.0.4,2,Intel(R) Xeon(R) CPU @ 2.60GHz,,,,,15.61648178100586,machine,Y,1.0
2025-08-08T11:00:03,scikit-learn-benchmark,179cb71d-4f5e-4d56-8fd2-13c0486b3e8f,scikit-learn_SCL001_d880725b,1.0024154908023777,7.066473644040525e-08,7.049445772614914e-08,0.8,0.0,10.0,1.114314790401195e-07,0.0,1.3920735516068007e-06,1.50350503064692e-06,Canada,CAN,,gcp,northamerica-northeast2,Linux-6.8.0-1032-gcp-x86_64-with-glibc2.35,3.10.12,3.0.4,2,Intel(R) Xeon(R) CPU @ 2.60GHz,,,,,15.61648178100586,machine,Y,1.0
2025-08-08T11:00:05,scikit-learn-benchmark,79b0aa5f-129c-47f5-9301-17e39b374f4d,scikit-learn_SCL001_d880725b,1.0024680150672791,7.066726074202194e-08,7.049328225926409e-08,0.8,0.0,10.0,1.1143570331235728e-07,0.0,1.3921230358795986e-06,1.503558739191956e-06,Canada,CAN,,gcp,northamerica-northeast2,Linux-6.8.0-1032-gcp-x86_64-with-glibc2.35,3.10.12,3.0.4,2,Intel(R) Xeon(R) CPU @ 2.60GHz,,,,,15.61648178100586,machine,Y,1.0
2025-08-08T11:00:07,scikit-learn-benchmark,081539b9-98db-4891-b2d4-1892ca6f4c8b,scikit-learn_SCL001_d880725b,1.0024429252371192,7.0660868272651e-08,7.048866972245505e-08,0.8,0.0,10.0,1.1142292670491669e-07,0.0,1.3919998025004236e-06,1.5034227292053403e-06,Canada,CAN,,gcp,northamerica-northeast2,Linux-6.8.0-1032-gcp-x86_64-with-glibc2.35,3.10.12,3.0.4,2,Intel(R) Xeon(R) CPU @ 2.60GHz,,,,,15.61648178100586,machine,Y,1.0
2025-08-08T11:00:09,scikit-learn-benchmark,eeb520a7-4d85-42f6-b229-997376a7bc18,scikit-learn_SCL001_d880725b,1.0022644787095487,7.067165557913779e-08,7.051198269555561e-08,0.8004608000000001,0.0,10.0,1.1150276609792977e-07,0.0,1.3921494802667037e-06,1.5036522463646332e-06,Canada,CAN,,gcp,northamerica-northeast2,Linux-6.8.0-1032-gcp-x86_64-with-glibc2.35,3.10.12,3.0.4,2,Intel(R) Xeon(R) CPU @ 2.60GHz,,,,,15.61648178100586,machine,Y,1.0
2025-08-08T11:00:11,scikit-learn-benchmark,5728755b-849e-48e3-a892-ccf42df6a1d7,scikit-learn_SCL001_d880725b,1.0023959996178746,7.067699246292438e-08,7.050805518963294e-08,0.8024696,0.0,10.0,1.1176806418879536e-07,0.0,1.391997732894702e-06,1.5037657970834974e-06,Canada,CAN,,gcp,northamerica-northeast2,Linux-6.8.0-1032-gcp-x86_64-with-glibc2.35,3.10.12,3.0.4,2,Intel(R) Xeon(R) CPU @ 2.60GHz,,,,,15.61648178100586,machine,Y,1.0
2025-08-08T11:00:13,scikit-learn-benchmark,0072cdad-f3d9-4f17-82e7-6f75d7f5dfa8,scikit-learn_SCL001_d880725b,1.0024572196416557,7.066356244407337e-08,7.04903521661834e-08,0.8000576,0.0,10.0,1.1143969687053065e-07,0.0,1.3920403551310302e-06,1.5034800520015608e-06,Canada,CAN,,gcp,northamerica-northeast2,Linux-6.8.0-1032-gcp-x86_64-with-glibc2.35,3.10.12,3.0.4,2,Intel(R) Xeon(R) CPU @ 2.60GHz,,,,,15.61648178100586,machine,Y,1.0
2025-08-08T11:00:15,scikit-learn-benchmark,d0bc27bb-43c0-404a-af77-0b892117ee45,scikit-learn_SCL001_d880725b,1.002513999119401,7.067601377550976e-08,7.049877990490997e-08,0.8000072,0.0,10.0,1.1144823993973385e-07,0.0,1.3922967340072824e-06,1.5037449739470162e-06,Canada,CAN,,gcp,northamerica-northeast2,Linux-6.8.0-1032-gcp-x86_64-with-glibc2.35,3.10.12,3.0.4,2,Intel(R) Xeon(R) CPU @ 2.60GHz,,,,,15.61648178100586,machine,Y,1.0
2025-08-08T11:00:18,scikit-learn-benchmark,0f0e5b48-05ec-4d87-a0b9-a09801ba3577,scikit-learn_SCL001_d880725b,1.002475244924426,7.066265300956246e-08,7.048817750595878e-08,0.8,0.0,10.0,1.11431904654536e-07,0.0,1.3920287976765798e-06,1.5034607023311158e-06,Canada,CAN,,gcp,northamerica-northeast2,Linux-6.8.0-1032-gcp-x86_64-with-glibc2.35,3.10.12,3.0.4,2,Intel(R) Xeon(R) CPU @ 2.60GHz,,,,,15.61648178100586,machine,Y,1.0
2025-08-08T11:00:20,scikit-learn-benchmark,31cd67a9-e98d-448c-a67b-c65552fb7097,scikit-learn_SCL001_d880725b,1.00242045102641,7.065858669496245e-08,7.048797400593025e-08,0.8,0.0,10.0,1.114255159886347e-07,0.0,1.3919486690105663e-06,1.5033741849992012e-06,Canada,CAN,,gcp,northamerica-northeast2,Linux-6.8.0-1032-gcp-x86_64-with-glibc2.35,3.10.12,3.0.4,2,Intel(R) Xeon(R) CPU @ 2.60GHz,,,,,15.61648178100586,machine,Y,1.0
2025-08-08T11:00:22,scikit-learn-benchmark,5e3acdd9-37a0-4de4-bcc1-3ca9b83d2cd1,scikit-learn_SCL001_d880725b,1.0021283482201395,7.254137177578634e-08,7.238730638108941e-08,1.0905459704,0.0,10.0,1.5182998326176446e-07,0.0,1.3916034587762422e-06,1.5434334420380069e-06,Canada,CAN,,gcp,northamerica-northeast2,Linux-6.8.0-1032-gcp-x86_64-with-glibc2.35,3.10.12,3.0.4,2,Intel(R) Xeon(R) CPU @ 2.60GHz,,,,,15.61648178100586,machine,Y,1.0
2025-08-08T11:00:24,scikit-learn-benchmark,7f6c9835-03f3-429f-8c31-9690dc073b25,scikit-learn_SCL001_d880725b,1.0022297529503703,7.343978277475682e-08,7.327639451788805e-08,1.2270968,0.0,10.0,1.708537028822398e-07,0.0,1.3916948667934371e-06,1.5625485696756769e-06,Canada,CAN,,gcp,northamerica-northeast2,Linux-6.8.0-1032-gcp-x86_64-with-glibc2.35,3.10.12,3.0.4,2,Intel(R) Xeon(R) CPU @ 2.60GHz,,,,,15.61648178100586,machine,Y,1.0
2025-08-08T11:00:26,scikit-learn-benchmark,3e3ec740-3115-45fd-9031-71d9245bde01,scikit-learn_SCL001_d880725b,1.0024836617521942,7.066199956172043e-08,7.048693386006277e-08,0.8,0.0,10.0,1.1143270217710073e-07,0.0,1.3920140970084404e-06,1.5034467991855412e-06,Canada,CAN,,gcp,northamerica-northeast2,Linux-6.8.0-1032-gcp-x86_64-with-glibc2.35,3.10.12,3.0.4,2,Intel(R) Xeon(R) CPU @ 2.60GHz,,,,,15.61648178100586,machine,Y,1.0
2025-08-08T11:00:28,scikit-learn-benchmark,a8363cf2-0d5d-4bfc-828c-b5bdc30c62d3,scikit-learn_SCL001_d880725b,1.0024127052165568,7.06809263645003e-08,7.051080457847021e-08,0.8024696,0.0,10.0,1.117752276157422e-07,0.0,1.3920742695012857e-06,1.5038494971170278e-06,Canada,CAN,,gcp,northamerica-northeast2,Linux-6.8.0-1032-gcp-x86_64-with-glibc2.35,3.10.12,3.0.4,2,Intel(R) Xeon(R) CPU @ 2.60GHz,,,,,15.61648178100586,machine,Y,1.0
2025-08-08T11:00:31,scikit-learn-benchmark,253cef55-d195-4ea4-9671-6c23e3882766,scikit-learn_SCL001_d880725b,1.002475141081959,7.066742624894158e-08,7.049294626166102e-08,0.8000072,0.0,10.0,1.1143662738099945e-07,0.0,1.392125633234779e-06,1.5035622606157783e-06,Canada,CAN,,gcp,northamerica-northeast2,Linux-6.8.0-1032-gcp-x86_64-with-glibc2.35,3.10.12,3.0.4,2,Intel(R) Xeon(R) CPU @ 2.60GHz,,,,,15.61648178100586,machine,Y,1.0
2025-08-08T11:00:33,scikit-learn-benchmark,683f66cb-3f9d-4b03-938a-d1c32297b896,scikit-learn_SCL001_d880725b,1.001746913883835,7.057784934450759e-08,7.04547709269928e-08,0.8000072,0.0,10.0,1.1128084354842134e-07,0.0,1.3903755254836549e-06,1.501656369032076e-06,Canada,CAN,,gcp,northamerica-northeast2,Linux-6.8.0-1032-gcp-x86_64-with-glibc2.35,3.10.12,3.0.4,2,Intel(R) Xeon(R) CPU @ 2.60GHz,,,,,15.61648178100586,machine,Y,1.0
2025-08-08T11:00:35,scikit-learn-benchmark,c317dfba-7e32-4afc-94e8-9f19a29cddef,scikit-learn_SCL001_d880725b,1.0024292338639498,7.066259849619947e-08,7.049135850101298e-08,0.8,0.0,10.0,1.1142864285243885e-07,0.0,1.3920308996198904e-06,1.5034595424723292e-06,Canada,CAN,,gcp,northamerica-northeast2,Linux-6.8.0-1032-gcp-x86_64-with-glibc2.35,3.10.12,3.0.4,2,Intel(R) Xeon(R) CPU @ 2.60GHz,,,,,15.61648178100586,machine,Y,1.0
2025-08-08T11:00:37,scikit-learn-benchmark,165b4e3f-3b0c-40a7-9bf6-390747c68a57,scikit-learn_SCL001_d880725b,1.002426750957966,7.065913454732963e-08,7.048807753763999e-08,0.8,0.0,10.0,1.11425429996517e-07,0.0,1.391960411436028e-06,1.503385841432545e-06,Canada,CAN,,gcp,northamerica-northeast2,Linux-6.8.0-1032-gcp-x86_64-with-glibc2.35,3.10.12,3.0.4,2,Intel(R) Xeon(R) CPU @ 2.60GHz,,,,,15.61648178100586,machine,Y,1.0
2025-08-08T11:00:39,scikit-learn-benchmark,8ed39f45-3661-49df-8c96-dd3fabc5539e,scikit-learn_SCL001_d880725b,1.0024727969430387,7.066645269090724e-08,7.049213994274855e-08,0.8,0.0,10.0,1.1143457734336457e-07,0.0,1.392106969271683e-06,1.5035415466150476e-06,Canada,CAN,,gcp,northamerica-northeast2,Linux-6.8.0-1032-gcp-x86_64-with-glibc2.35,3.10.12,3.0.4,2,Intel(R) Xeon(R) CPU @ 2.60GHz,,,,,15.61648178100586,machine,Y,1.0
2025-08-08T11:00:41,scikit-learn-benchmark,5838b20f-4c93-406e-89cd-8473d89ca97b,scikit-learn_SCL001_d880725b,1.0024614785797894,7.06604448475151e-08,7.048694274778656e-08,0.8,0.0,10.0,1.1142940995179945e-07,0.0,1.3919843102080957e-06,1.5034137201598951e-06,Canada,CAN,,gcp,northamerica-northeast2,Linux-6.8.0-1032-gcp-x86_64-with-glibc2.35,3.10.12,3.0.4,2,Intel(R) Xeon(R) CPU @ 2.60GHz,,,,,15.61648178100586,machine,Y,1.0
2025-08-08T11:00:43,scikit-learn-benchmark,cc2a9113-f901-43fd-b9cb-0bdb309d755f,scikit-learn_SCL001_d880725b,1.0024155220016835,7.0663804342061e-08,7.049352567980517e-08,0.8000072,0.0,10.0,1.114277952590951e-07,0.0,1.39205740350816e-06,1.5034851987672551e-06,Canada,CAN,,gcp,northamerica-northeast2,Linux-6.8.0-1032-gcp-x86_64-with-glibc2.35,3.10.12,3.0.4,2,Intel(R) Xeon(R) CPU @ 2.60GHz,,,,,15.61648178100586,machine,Y,1.0
2025-08-08T11:00:46,scikit-learn-benchmark,d27b8849-1314-470c-ad8e-ccf9592bc156,scikit-learn_SCL001_d880725b,1.0022927531972528,7.06642259974982e-08,7.05025809795428e-08,0.8009550872000001,0.0,10.0,1.1155108908441736e-07,0.0,1.3919430810751188e-06,1.503494170159536e-06,Canada,CAN,,gcp,northamerica-northeast2,Linux-6.8.0-1032-gcp-x86_64-with-glibc2.35,3.10.12,3.0.4,2,Intel(R) Xeon(R) CPU @ 2.60GHz,,,,,15.61648178100586,machine,Y,1.0
2025-08-08T11:00:48,scikit-learn-benchmark,741cdf37-064b-4bee-95f2-1675d376330c,scikit-learn_SCL001_d880725b,1.0023787328973413,7.065968411804164e-08,7.049200247276023e-08,0.8000576,0.0,10.0,1.1142870874962877e-07,0.0,1.391968825676789e-06,1.5033975344264176e-06,Canada,CAN,,gcp,northamerica-northeast2,Linux-6.8.0-1032-gcp-x86_64-with-glibc2.35,3.10.12,3.0.4,2,Intel(R) Xeon(R) CPU @ 2.60GHz,,,,,15.61648178100586,machine,Y,1.0
2025-08-08T11:00:50,scikit-learn-benchmark,a2b6d258-c218-4b47-b1d4-e1a7e89d9b3a,scikit-learn_SCL001_d880725b,1.002387982327491,7.066366992683874e-08,7.049532832861933e-08,0.8,0.0,10.0,1.114269635743565e-07,0.0,1.392055375294553e-06,1.5034823388689097e-06,Canada,CAN,,gcp,northamerica-northeast2,Linux-6.8.0-1032-gcp-x86_64-with-glibc2.35,3.10.12,3.0.4,2,Intel(R) Xeon(R) CPU @ 2.60GHz,,,,,15.61648178100586,machine,Y,1.0
2025-08-08T11:00:52,scikit-learn-benchmark,64e3cd53-e7de-4f26-9136-82e0b041d8cf,scikit-learn_SCL001_d880725b,1.0024082399904728,7.06650162225871e-08,7.049524675022497e-08,0.8000072,0.0,10.0,1.1143262907372189e-07,0.0,1.392078354385578e-06,1.5035109834592998e-06,Canada,CAN,,gcp,northamerica-northeast2,Linux-6.8.0-1032-gcp-x86_64-with-glibc2.35,3.10.12,3.0.4,2,Intel(R) Xeon(R) CPU @ 2.60GHz,,,,,15.61648178100586,machine,Y,1.0
2025-08-08T11:00:54,scikit-learn-benchmark,6767a448-1569-48e0-ab63-d6d42c8457a7,scikit-learn_SCL001_d880725b,1.0022998596541584,7.065019439957624e-08,7.048808170436534e-08,0.8,0.0,10.0,1.114058763616615e-07,0.0,1.3917897491612369e-06,1.5031956255228984e-06,Canada,CAN,,gcp,northamerica-northeast2,Linux-6.8.0-1032-gcp-x86_64-with-glibc2.35,3.10.12,3.0.4,2,Intel(R) Xeon(R) CPU @ 2.60GHz,,,,,15.61648178100586,machine,Y,1.0
2025-08-08T11:00:56,scikit-learn-benchmark,6dd2032b-07f6-4bfb-98b5-3433f61694a5,scikit-learn_SCL001_d880725b,1.0024972520768642,7.066711061695489e-08,7.049107662944162e-08,0.8000072,0.0,10.0,1.1143506512506049e-07,0.0,1.3921204799165329e-06,1.5035555450415934e-06,Canada,CAN,,gcp,northamerica-northeast2,Linux-6.8.0-1032-gcp-x86_64-with-glibc2.35,3.10.12,3.0.4,2,Intel(R) Xeon(R) CPU @ 2.60GHz,,,,,15.61648178100586,machine,Y,1.0
2025-08-08T11:00:59,scikit-learn-benchmark,4002faf1-22e9-4486-923d-5de7da02f4d3,scikit-learn_SCL001_d880725b,1.0024846801534295,7.066108947769845e-08,7.048595442564151e-08,0.8,0.0,10.0,1.114326390541262e-07,0.0,1.391994796641585e-06,1.5034274356957111e-06,Canada,CAN,,gcp,northamerica-northeast2,Linux-6.8.0-1032-gcp-x86_64-with-glibc2.35,3.10.12,3.0.4,2,Intel(R) Xeon(R) CPU @ 2.60GHz,,,,,15.61648178100586,machine,Y,1.0
2025-08-08T11:01:01,scikit-learn-benchmark,e8d5a746-1f2b-438a-871f-a0b792dbb17d,scikit-learn_SCL001_d880725b,1.0025275330990553,7.066282906848938e-08,7.048467671511572e-08,0.8,0.0,10.0,1.114301700145007e-07,0.0,1.3920342782512308e-06,1.5034644482657317e-06,Canada,CAN,,gcp,northamerica-northeast2,Linux-6.8.0-1032-gcp-x86_64-with-glibc2.35,3.10.12,3.0.4,2,Intel(R) Xeon(R) CPU @ 2.60GHz,,,,,15.61648178100586,machine,Y,1.0
2025-08-08T11:01:03,scikit-learn-benchmark,e97f0198-833d-4651-8796-d7c6f9de43dc,scikit-learn_SCL001_d880725b,1.002353390213102,7.066235285899085e-08,7.049644721006821e-08,0.8,0.0,10.0,1.114320429041982e-07,0.0,1.3920222732445433e-06,1.5034543161487417e-06,Canada,CAN,,gcp,northamerica-northeast2,Linux-6.8.0-1032-gcp-x86_64-with-glibc2.35,3.10.12,3.0.4,2,Intel(R) Xeon(R) CPU @ 2.60GHz,,,,,15.61648178100586,machine,Y,1.0
2025-08-08T11:01:05,scikit-learn-benchmark,f261d95c-0e7b-4931-bb91-228ab6cba0d7,scikit-learn_SCL001_d880725b,1.0023563029244542,7.067051407848673e-08,7.050438439135852e-08,0.8000576,0.0,10.0,1.1144975919014053e-07,0.0,1.392178199926598e-06,1.5036279591167387e-06,Canada,CAN,,gcp,northamerica-northeast2,Linux-6.8.0-1032-gcp-x86_64-with-glibc2.35,3.10.12,3.0.4,2,Intel(R) Xeon(R) CPU @ 2.60GHz,,,,,15.61648178100586,machine,Y,1.0
2025-08-08T11:01:07,scikit-learn-benchmark,d6589ae2-aa58-4d48-b5bf-e7a1dc96f00a,scikit-learn_SCL001_d880725b,1.0023767431266606,7.06589260847839e-08,7.049138616722216e-08,0.8000072,0.0,10.0,1.114203827960122e-07,0.0,1.3919610232632194e-06,1.5033814060592315e-06,Canada,CAN,,gcp,northamerica-northeast2,Linux-6.8.0-1032-gcp-x86_64-with-glibc2.35,3.10.12,3.0.4,2,Intel(R) Xeon(R) CPU @ 2.60GHz,,,,,15.61648178100586,machine,Y,1.0
2025-08-08T11:01:09,scikit-learn-benchmark,03ff1931-0128-4b20-9f50-836c45f178f1,scikit-learn_SCL001_d880725b,1.0024016830138862,7.065588146111825e-08,7.04865950031924e-08,0.8,0.0,10.0,1.1141505816744437e-07,0.0,1.3919015686648588e-06,1.503316626832303e-06,Canada,CAN,,gcp,northamerica-northeast2,Linux-6.8.0-1032-gcp-x86_64-with-glibc2.35,3.10.12,3.0.4,2,Intel(R) Xeon(R) CPU @ 2.60GHz,,,,,15.61648178100586,machine,Y,1.0
2025-08-08T11:01:11,scikit-learn-benchmark,8d832a35-3fc4-4fb8-a4f7-d32d4a1a3702,scikit-learn_SCL001_d880725b,1.002504418604076,7.067329279472657e-08,7.0496739448924e-08,0.8000072,0.0,10.0,1.1144559226930569e-07,0.0,1.3922414884695575e-06,1.5036870807388633e-06,Canada,CAN,,gcp,northamerica-northeast2,Linux-6.8.0-1032-gcp-x86_64-with-glibc2.35,3.10.12,3.0.4,2,Intel(R) Xeon(R) CPU @ 2.60GHz,,,,,15.61648178100586,machine,Y,1.0
2025-08-08T11:01:14,scikit-learn-benchmark,50639065-3777-4c13-9d71-52613237f5f8,scikit-learn_SCL001_d880725b,1.0023310808464885,7.065814427757222e-08,7.049381748982583e-08,0.8,0.0,10.0,1.1141913870556489e-07,0.0,1.391945633157674e-06,1.5033647718632389e-06,Canada,CAN,,gcp,northamerica-northeast2,Linux-6.8.0-1032-gcp-x86_64-with-glibc2.35,3.10.12,3.0.4,2,Intel(R) Xeon(R) CPU @ 2.60GHz,,,,,15.61648178100586,machine,Y,1.0
2025-08-08T11:01:16,scikit-learn-benchmark,be3778c6-12cf-41c9-b5a6-086a0c89b19d,scikit-learn_SCL001_d880725b,1.002369191031903,7.066246312835978e-08,7.049544595002499e-08,0.8,0.0,10.0,1.1142069732563365e-07,0.0,1.3920359649798937e-06,1.5034566623055271e-06,Canada,CAN,,gcp,northamerica-northeast2,Linux-6.8.0-1032-gcp-x86_64-with-glibc2.35,3.10.12,3.0.4,2,Intel(R) Xeon(R) CPU @ 2.60GHz,,,,,15.61648178100586,machine,Y,1.0
2025-08-08T11:01:18,scikit-learn-benchmark,a67ab889-f1e2-47b6-98c0-a21e04eae4ff,scikit-learn_SCL001_d880725b,1.002443199045956,7.06658519398835e-08,7.04936219898918e-08,0.8,0.0,10.0,1.1143296739707393e-07,0.0,1.3920957972812985e-06,1.5035287646783724e-06,Canada,CAN,,gcp,northamerica-northeast2,Linux-6.8.0-1032-gcp-x86_64-with-glibc2.35,3.10.12,3.0.4,2,Intel(R) Xeon(R) CPU @ 2.60GHz,,,,,15.61648178100586,machine,Y,1.0
2025-08-08T11:01:20,scikit-learn-benchmark,2038da1e-49a0-4975-91a7-78c1f8305baa,scikit-learn_SCL001_d880725b,1.0024668918922544,7.066516602302386e-08,7.049127167645051e-08,0.8000072,0.0,10.0,1.1143824292976537e-07,0.0,1.3920759277728695e-06,1.503514170702635e-06,Canada,CAN,,gcp,northamerica-northeast2,Linux-6.8.0-1032-gcp-x86_64-with-glibc2.35,3.10.12,3.0.4,2,Intel(R) Xeon(R) CPU @ 2.60GHz,,,,,15.61648178100586,machine,Y,1.0
2025-08-08T11:01:22,scikit-learn-benchmark,15d67862-a291-469e-8d4e-935563c4d412,scikit-learn_SCL001_d880725b,1.002439966890961,7.066526846727603e-08,7.049326722920113e-08,0.8000072,0.0,10.0,1.1143337558722413e-07,0.0,1.392082974780351e-06,1.5035163503675751e-06,Canada,CAN,,gcp,northamerica-northeast2,Linux-6.8.0-1032-gcp-x86_64-with-glibc2.35,3.10.12,3.0.4,2,Intel(R) Xeon(R) CPU @ 2.60GHz,,,,,15.61648178100586,machine,Y,1.0
2025-08-08T11:01:24,scikit-learn-benchmark,e008a98a-461c-49be-a1c4-897155110514,scikit-learn_SCL001_d880725b,1.0025239349342885,7.066745458740316e-08,7.048954356589517e-08,0.8000072,0.0,10.0,1.1143863895238429e-07,0.0,1.392124224609385e-06,1.5035628635617691e-06,Canada,CAN,,gcp,northamerica-northeast2,Linux-6.8.0-1032-gcp-x86_64-with-glibc2.35,3.10.12,3.0.4,2,Intel(R) Xeon(R) CPU @ 2.60GHz,,,,,15.61648178100586,machine,Y,1.0
2025-08-08T11:01:26,scikit-learn-benchmark,ef8effe7-d134-4e00-bf53-662a207ae327,scikit-learn_SCL001_d880725b,1.002481902949512,7.066018343287416e-08,7.048524589319476e-08,0.8,0.0,10.0,1.1143167492830092e-07,0.0,1.391976483217958e-06,1.503408158146259e-06,Canada,CAN,,gcp,northamerica-northeast2,Linux-6.8.0-1032-gcp-x86_64-with-glibc2.35,3.10.12,3.0.4,2,Intel(R) Xeon(R) CPU @ 2.60GHz,,,,,15.61648178100586,machine,Y,1.0
2025-08-08T11:01:29,scikit-learn-benchmark,0643b11f-4a8f-4907-8ed5-c0b054f3ab2f,scikit-learn_SCL001_d880725b,1.0024245497770607,7.066563999021633e-08,7.049472202764025e-08,0.8,0.0,10.0,1.1143131129857566e-07,0.0,1.3920929438124102e-06,1.5035242551109858e-06,Canada,CAN,,gcp,northamerica-northeast2,Linux-6.8.0-1032-gcp-x86_64-with-glibc2.35,3.10.12,3.0.4,2,Intel(R) Xeon(R) CPU @ 2.60GHz,,,,,15.61648178100586,machine,Y,1.0
2025-08-08T11:01:31,scikit-learn-benchmark,f344cd95-3eac-4d6b-a035-515e2327a1e6,scikit-learn_SCL001_d880725b,1.002351771108806,7.06586391072617e-08,7.049285604503775e-08,0.8,0.0,10.0,1.114203744671411e-07,0.0,1.3919549256873628e-06,1.503375300154504e-06,Canada,CAN,,gcp,northamerica-northeast2,Linux-6.8.0-1032-gcp-x86_64-with-glibc2.35,3.10.12,3.0.4,2,Intel(R) Xeon(R) CPU @ 2.60GHz,,,,,15.61648178100586,machine,Y,1.0
2025-08-08T11:01:33,scikit-learn-benchmark,fca3051b-ac91-428e-a710-c4c2cf62c421,scikit-learn_SCL001_d880725b,1.002446801867336,7.065894434513111e-08,7.048647789938495e-08,0.8,0.0,10.0,1.1142512266006736e-07,0.0,1.3919566719171904e-06,1.5033817945772575e-06,Canada,CAN,,gcp,northamerica-northeast2,Linux-6.8.0-1032-gcp-x86_64-with-glibc2.35,3.10.12,3.0.4,2,Intel(R) Xeon(R) CPU @ 2.60GHz,,,,,15.61648178100586,machine,Y,1.0
2025-08-08T11:01:35,scikit-learn-benchmark,f697e9c7-f0d4-4704-92ad-4cd08e2d4013,scikit-learn_SCL001_d880725b,1.0024585369974377,7.066143883547435e-08,7.04881411326192e-08,0.8,0.0,10.0,1.1143170452366273e-07,0.0,1.3920031643162171e-06,1.50343486883988e-06,Canada,CAN,,gcp,northamerica-northeast2,Linux-6.8.0-1032-gcp-x86_64-with-glibc2.35,3.10.12,3.0.4,2,Intel(R) Xeon(R) CPU @ 2.60GHz,,,,,15.61648178100586,machine,Y,1.0
2025-08-08T11:01:37,scikit-learn-benchmark,120ee503-8172-4398-b7e5-5a8c3e5c5aba,scikit-learn_SCL001_d880725b,1.0023960401304066,7.066084182697038e-08,7.04919403091195e-08,0.8,0.0,10.0,1.1142517998814585e-07,0.0,1.3919969865431388e-06,1.5034221665312845e-06,Canada,CAN,,gcp,northamerica-northeast2,Linux-6.8.0-1032-gcp-x86_64-with-glibc2.35,3.10.12,3.0.4,2,Intel(R) Xeon(R) CPU @ 2.60GHz,,,,,15.61648178100586,machine,Y,1.0
2025-08-08T11:01:39,scikit-learn-benchmark,040f209c-5323-49f6-befc-b7c274e0e2f5,scikit-learn_SCL001_d880725b,1.0023164050653577,7.065917415715871e-08,7.049587715024105e-08,0.8000576,0.0,10.0,1.1142924523005552e-07,0.0,1.3919574389648107e-06,1.503386684194866e-06,Canada,CAN,,gcp,northamerica-northeast2,Linux-6.8.0-1032-gcp-x86_64-with-glibc2.35,3.10.12,3.0.4,2,Intel(R) Xeon(R) CPU @ 2.60GHz,,,,,15.61648178100586,machine,Y,1.0
2025-08-08T11:01:42,scikit-learn-benchmark,7012e07e-285d-46c1-9bf9-000e504e9c67,scikit-learn_SCL001_d880725b,1.0024860589765012,7.065942981973705e-08,7.048420193681052e-08,0.8,0.0,10.0,1.1142919005619157e-07,0.0,1.3919629337680008e-06,1.5033921238241925e-06,Canada,CAN,,gcp,northamerica-northeast2,Linux-6.8.0-1032-gcp-x86_64-with-glibc2.35,3.10.12,3.0.4,2,Intel(R) Xeon(R) CPU @ 2.60GHz,,,,,15.61648178100586,machine,Y,1.0
2025-08-08T11:01:44,scikit-learn-benchmark,c1dd6f61-1780-475d-8040-36b20ce4f166,scikit-learn_SCL001_d880725b,1.002504741307348,7.06613534432836e-08,7.048480723506149e-08,0.8,0.0,10.0,1.114345817930169e-07,0.0,1.3919984701917404e-06,1.5034330519847571e-06,Canada,CAN,,gcp,northamerica-northeast2,Linux-6.8.0-1032-gcp-x86_64-with-glibc2.35,3.10.12,3.0.4,2,Intel(R) Xeon(R) CPU @ 2.60GHz,,,,,15.61648178100586,machine,Y,1.0
2025-08-08T11:01:46,scikit-learn-benchmark,93fd3e5b-907c-4c44-81a9-429df5052994,scikit-learn_SCL001_d880725b,1.002537780907005,7.066457407730113e-08,7.04856968216901e-08,0.8,0.0,10.0,1.1144304596301582e-07,0.0,1.3920585301497744e-06,1.50350157611279e-06,Canada,CAN,,gcp,northamerica-northeast2,Linux-6.8.0-1032-gcp-x86_64-with-glibc2.35,3.10.12,3.0.4,2,Intel(R) Xeon(R) CPU @ 2.60GHz,,,,,15.61648178100586,machine,Y,1.0
2025-08-08T11:01:48,scikit-learn-benchmark,0d0f7663-ba3a-4511-9abb-939c128d0672,scikit-learn_SCL001_d880725b,1.0023995148949325,7.065272897306002e-08,7.048360251896726e-08,0.8,0.0,10.0,1.1141528623799484e-07,0.0,1.3918342663803036e-06,1.5032495526182983e-06,Canada,CAN,,gcp,northamerica-northeast2,Linux-6.8.0-1032-gcp-x86_64-with-glibc2.35,3.10.12,3.0.4,2,Intel(R) Xeon(R) CPU @ 2.60GHz,,,,,15.61648178100586,machine,Y,1.0
2025-08-08T11:01:50,scikit-learn-benchmark,a1b25600-3179-442e-b7b0-a9f6edb0a1ae,scikit-learn_SCL001_d880725b,1.0025403420440853,7.066897800171542e-08,7.048990952087577e-08,0.8,0.0,10.0,1.1144209953231945e-07,0.0,1.3921531770999233e-06,1.5035952766322429e-06,Canada,CAN,,gcp,northamerica-northeast2,Linux-6.8.0-1032-gcp-x86_64-with-glibc2.35,3.10.12,3.0.4,2,Intel(R) Xeon(R) CPU @ 2.60GHz,,,,,15.61648178100586,machine,Y,1.0
2025-08-08T11:01:52,scikit-learn-benchmark,ac94c17b-e557-45a1-bc89-b038c4810f6b,scikit-learn_SCL001_d880725b,1.002407287247479,7.066228365763607e-08,7.049258775010345e-08,0.8,0.0,10.0,1.1142486489067477e-07,0.0,1.3920279788888165e-06,1.503452843779491e-06,Canada,CAN,,gcp,northamerica-northeast2,Linux-6.8.0-1032-gcp-x86_64-with-glibc2.35,3.10.12,3.0.4,2,Intel(R) Xeon(R) CPU @ 2.60GHz,,,,,15.61648178100586,machine,Y,1.0
2025-08-08T11:01:54,scikit-learn-benchmark,c353a869-56c9-4a6d-8d9e-075703bfa18c,scikit-learn_SCL001_d880725b,1.0024313619360328,7.065634068458653e-08,7.048496622065508e-08,0.8,0.0,10.0,1.114153837164243e-07,0.0,1.3919110138279698e-06,1.5033263975443942e-06,Canada,CAN,,gcp,northamerica-northeast2,Linux-6.8.0-1032-gcp-x86_64-with-glibc2.35,3.10.12,3.0.4,2,Intel(R) Xeon(R) CPU @ 2.60GHz,,,,,15.61648178100586,machine,Y,1.0
2025-08-08T11:01:57,scikit-learn-benchmark,e102b1e2-39ee-4723-b542-2791bd2fcc6f,scikit-learn_SCL001_d880725b,1.0023434096947312,7.065966882303151e-08,7.049447139533874e-08,0.8,0.0,10.0,1.1142855924036769e-07,0.0,1.3919686497603028e-06,1.5033972090006704e-06,Canada,CAN,,gcp,northamerica-northeast2,Linux-6.8.0-1032-gcp-x86_64-with-glibc2.35,3.10.12,3.0.4,2,Intel(R) Xeon(R) CPU @ 2.60GHz,,,,,15.61648178100586,machine,Y,1.0
2025-08-08T11:01:59,scikit-learn-benchmark,4eced19f-b69a-4ffd-b040-e3fe374284e0,scikit-learn_SCL001_d880725b,1.0023809745907784,7.065875129774212e-08,7.049091422209856e-08,0.8,0.0,10.0,1.1142130372011001e-07,0.0,1.3919563834658927e-06,1.5033776871860026e-06,Canada,CAN,,gcp,northamerica-northeast2,Linux-6.8.0-1032-gcp-x86_64-with-glibc2.35,3.10.12,3.0.4,2,Intel(R) Xeon(R) CPU @ 2.60GHz,,,,,15.61648178100586,machine,Y,1.0
2025-08-08T11:02:01,scikit-learn-benchmark,a6aadbc9-493f-4648-b8c6-a3c755773106,scikit-learn_SCL001_d880725b,1.0025185719132423,7.067143458536722e-08,7.049389065231514e-08,0.8,0.0,10.0,1.1144303975419869e-07,0.0,1.3922045046153167e-06,1.5036475443695151e-06,Canada,CAN,,gcp,northamerica-northeast2,Linux-6.8.0-1032-gcp-x86_64-with-glibc2.35,3.10.12,3.0.4,2,Intel(R) Xeon(R) CPU @ 2.60GHz,,,,,15.61648178100586,machine,Y,1.0
2025-08-08T11:02:03,scikit-learn-benchmark,b9b1922b-26b6-4f40-88b0-7df3308360de,scikit-learn_SCL001_d880725b,1.0026085074059663,7.067615667259735e-08,7.049227704585977e-08,0.8,0.0,10.0,1.1145556697414984e-07,0.0,1.392292447336432e-06,1.5037480143105818e-06,Canada,CAN,,gcp,northamerica-northeast2,Linux-6.8.0-1032-gcp-x86_64-with-glibc2.35,3.10.12,3.0.4,2,Intel(R) Xeon(R) CPU @ 2.60GHz,,,,,15.61648178100586,machine,Y,1.0
2025-08-08T11:02:05,scikit-learn-benchmark,3c59db89-0a80-445e-aac2-878fdf73de1c,scikit-learn_SCL001_d880725b,1.0023692548274994,7.064810554098546e-08,7.048111781236097e-08,0.8,0.0,10.0,1.1140553974029093e-07,0.0,1.3917456419828037e-06,1.5031511817230946e-06,Canada,CAN,,gcp,northamerica-northeast2,Linux-6.8.0-1032-gcp-x86_64-with-glibc2.35,3.10.12,3.0.4,2,Intel(R) Xeon(R) CPU @ 2.60GHz,,,,,15.61648178100586,machine,Y,1.0
2025-08-08T11:02:07,scikit-learn-benchmark,8c6b64b1-4a04-4073-8929-1e3304b27d11,scikit-learn_SCL001_d880725b,1.0024633524008095,7.066045206992164e-08,7.048681819709042e-08,0.8,0.0,10.0,1.1142804245981905e-07,0.0,1.3919858313683009e-06,1.50341387382812e-06,Canada,CAN,,gcp,northamerica-northeast2,Linux-6.8.0-1032-gcp-x86_64-with-glibc2.35,3.10.12,3.0.4,2,Intel(R) Xeon(R) CPU @ 2.60GHz,,,,,15.61648178100586,machine,Y,1.0
2025-08-08T11:02:10,scikit-learn-benchmark,90cb2533-8347-4a7d-afa2-1d33f68cd29a,scikit-learn_SCL001_d880725b,1.0024978341534734,7.066917373379695e-08,7.049309367682697e-08,0.8,0.0,10.0,1.1144478557010493e-07,0.0,1.3921546555745106e-06,1.5035994411446155e-06,Canada,CAN,,gcp,northamerica-northeast2,Linux-6.8.0-1032-gcp-x86_64-with-glibc2.35,3.10.12,3.0.4,2,Intel(R) Xeon(R) CPU @ 2.60GHz,,,,,15.61648178100586,machine,Y,1.0
2025-08-08T11:02:12,scikit-learn-benchmark,c7272106-c0fd-4ac1-b008-bec0744ac73c,scikit-learn_SCL001_d880725b,1.0024578208103776,7.065850625632124e-08,7.048526610246958e-08,0.8,0.0,10.0,1.1142773419204689e-07,0.0,1.391944739346703e-06,1.50337247353875e-06,Canada,CAN,,gcp,northamerica-northeast2,Linux-6.8.0-1032-gcp-x86_64-with-glibc2.35,3.10.12,3.0.4,2,Intel(R) Xeon(R) CPU @ 2.60GHz,,,,,15.61648178100586,machine,Y,1.0
2025-08-08T11:02:14,scikit-learn-benchmark,554f13ce-edeb-4aee-a60d-1fae721da606,scikit-learn_SCL001_d880725b,1.0024953670799732,7.067145183403048e-08,7.049553958526446e-08,0.8,0.0,10.0,1.1144132808678685e-07,0.0,1.3922065832755634e-06,1.5036479113623505e-06,Canada,CAN,,gcp,northamerica-northeast2,Linux-6.8.0-1032-gcp-x86_64-with-glibc2.35,3.10.12,3.0.4,2,Intel(R) Xeon(R) CPU @ 2.60GHz,,,,,15.61648178100586,machine,Y,1.0
2025-08-08T11:02:16,scikit-learn-benchmark,5b1fb48a-b83e-4df3-ad2e-72e4d5612595,scikit-learn_SCL001_d880725b,1.002436156384647,7.066962142086899e-08,7.04978775663317e-08,0.8,0.0,10.0,1.1143741249624229e-07,0.0,1.3921715539052254e-06,1.5036089664014676e-06,Canada,CAN,,gcp,northamerica-northeast2,Linux-6.8.0-1032-gcp-x86_64-with-glibc2.35,3.10.12,3.0.4,2,Intel(R) Xeon(R) CPU @ 2.60GHz,,,,,15.61648178100586,machine,Y,1.0
2025-08-08T11:02:18,scikit-learn-benchmark,e55a4148-ae1b-42ff-b053-8647686c7d64,scikit-learn_SCL001_d880725b,1.0022044298239052,7.064196775993332e-08,7.04865850297086e-08,0.8,0.0,10.0,1.1138199642300609e-07,0.0,1.391638594213873e-06,1.5030205906368792e-06,Canada,CAN,,gcp,northamerica-northeast2,Linux-6.8.0-1032-gcp-x86_64-with-glibc2.35,3.10.12,3.0.4,2,Intel(R) Xeon(R) CPU @ 2.60GHz,,,,,15.61648178100586,machine,Y,1.0
2025-08-08T11:02:20,scikit-learn-benchmark,388546b7-08cb-4b43-9d0f-0a9ca6426940,scikit-learn_SCL001_d880725b,1.002358753699809,7.065924782238694e-08,7.049297226325044e-08,0.8,0.0,10.0,1.114207659330633e-07,0.0,1.3919674856070845e-06,1.5033882515401475e-06,Canada,CAN,,gcp,northamerica-northeast2,Linux-6.8.0-1032-gcp-x86_64-with-glibc2.35,3.10.12,3.0.4,2,Intel(R) Xeon(R) CPU @ 2.60GHz,,,,,15.61648178100586,machine,Y,1.0
2025-08-08T11:02:23,scikit-learn-benchmark,7b7e7ade-7616-4dd8-a5f0-8edd740ba9d6,scikit-learn_SCL001_d880725b,1.0022468999959528,7.06405853899445e-08,7.048221889259996e-08,0.8000072,0.0,10.0,1.113827888975838e-07,0.0,1.3916083896118735e-06,1.502991178509457e-06,Canada,CAN,,gcp,northamerica-northeast2,Linux-6.8.0-1032-gcp-x86_64-with-glibc2.35,3.10.12,3.0.4,2,Intel(R) Xeon(R) CPU @ 2.60GHz,,,,,15.61648178100586,machine,Y,1.0
2025-08-08T11:02:25,scikit-learn-benchmark,ad712ce1-3132-4d52-9f99-88d8f04f2af7,scikit-learn_SCL001_d880725b,1.002458794042468,7.066150329213311e-08,7.048818735699538e-08,0.8000072,0.0,10.0,1.1143136204969613e-07,0.0,1.3920048782084551e-06,1.5034362402581511e-06,Canada,CAN,,gcp,northamerica-northeast2,Linux-6.8.0-1032-gcp-x86_64-with-glibc2.35,3.10.12,3.0.4,2,Intel(R) Xeon(R) CPU @ 2.60GHz,,,,,15.61648178100586,machine,Y,1.0
2025-08-08T11:02:27,scikit-learn-benchmark,5d90fa6e-2acb-46b4-b240-4084d9a0f06d,scikit-learn_SCL001_d880725b,1.0024260221980512,7.066522683937932e-08,7.049420632998875e-08,0.8,0.0,10.0,1.1143029222471849e-07,0.0,1.3920851724429264e-06,1.5035154646676448e-06,Canada,CAN,,gcp,northamerica-northeast2,Linux-6.8.0-1032-gcp-x86_64-with-glibc2.35,3.10.12,3.0.4,2,Intel(R) Xeon(R) CPU @ 2.60GHz,,,,,15.61648178100586,machine,Y,1.0
2025-08-08T11:02:29,scikit-learn-benchmark,d5f93ff5-1b3b-40eb-8b54-1adba7b216dd,scikit-learn_SCL001_d880725b,1.0023594410158694,7.065897884488934e-08,7.049265558199164e-08,0.8,0.0,10.0,1.1142034507873989e-07,0.0,1.3919621835359268e-06,1.5033825286146666e-06,Canada,CAN,,gcp,northamerica-northeast2,Linux-6.8.0-1032-gcp-x86_64-with-glibc2.35,3.10.12,3.0.4,2,Intel(R) Xeon(R) CPU @ 2.60GHz,,,,,15.61648178100586,machine,Y,1.0
2025-08-08T11:02:31,scikit-learn-benchmark,270a26f8-ff3d-4aa5-8523-a236f70afb06,scikit-learn_SCL001_d880725b,1.002388610970229,7.065916276821456e-08,7.049078769941563e-08,0.8,0.0,10.0,1.1142188993593057e-07,0.0,1.3919645519409744e-06,1.503386441876905e-06,Canada,CAN,,gcp,northamerica-northeast2,Linux-6.8.0-1032-gcp-x86_64-with-glibc2.35,3.10.12,3.0.4,2,Intel(R) Xeon(R) CPU @ 2.60GHz,,,,,15.61648178100586,machine,Y,1.0
2025-08-08T11:02:33,scikit-learn-benchmark,c1022ed2-ef87-4d46-8e54-46d1068611ad,scikit-learn_SCL001_d880725b,1.0023280512541533,7.065549799023818e-08,7.049139042036305e-08,0.8,0.0,10.0,1.1141453735116454e-07,0.0,1.3918939305262435e-06,1.5033084678774082e-06,Canada,CAN,,gcp,northamerica-northeast2,Linux-6.8.0-1032-gcp-x86_64-with-glibc2.35,3.10.12,3.0.4,2,Intel(R) Xeon(R) CPU @ 2.60GHz,,,,,15.61648178100586,machine,Y,1.0
2025-08-08T11:02:35,scikit-learn-benchmark,e962f0f2-bbce-42f3-b704-23c975847b16,scikit-learn_SCL001_d880725b,1.0024010017514229,7.065491867541981e-08,7.048568242845884e-08,0.8000072,0.0,10.0,1.1142053915613165e-07,0.0,1.391875602874077e-06,1.5032961420302086e-06,Canada,CAN,,gcp,northamerica-northeast2,Linux-6.8.0-1032-gcp-x86_64-with-glibc2.35,3.10.12,3.0.4,2,Intel(R) Xeon(R) CPU @ 2.60GHz,,,,,15.61648178100586,machine,Y,1.0
2025-08-08T11:02:38,scikit-learn-benchmark,f6b42e67-9749-42c0-9b53-b2e99a29f80d,scikit-learn_SCL001_d880725b,1.0023943400010469,7.066285112965854e-08,7.04940643714975e-08,0.8,0.0,10.0,1.1142828781157733e-07,0.0,1.3920366298407318e-06,1.5034649176523092e-06,Canada,CAN,,gcp,northamerica-northeast2,Linux-6.8.0-1032-gcp-x86_64-with-glibc2.35,3.10.12,3.0.4,2,Intel(R) Xeon(R) CPU @ 2.60GHz,,,,,15.61648178100586,machine,Y,1.0
2025-08-08T11:02:40,scikit-learn-benchmark,85f34eea-aab0-47c2-a87c-1199757f505b,scikit-learn_SCL001_d880725b,1.00238905986771,7.066673143793838e-08,7.049830676251057e-08,0.8009000000000002,0.0,10.0,1.1154981694444241e-07,0.0,1.391997660458502e-06,1.5035474774029442e-06,Canada,CAN,,gcp,northamerica-northeast2,Linux-6.8.0-1032-gcp-x86_64-with-glibc2.35,3.10.12,3.0.4,2,Intel(R) Xeon(R) CPU @ 2.60GHz,,,,,15.61648178100586,machine,Y,1.0
2025-08-08T11:02:42,scikit-learn-benchmark,2f224246-81be-4825-bbe0-04b6712f5a81,scikit-learn_SCL001_d880725b,1.002375477924943,7.06597137697455e-08,7.04922609599558e-08,0.8,0.0,10.0,1.1142154110388625e-07,0.0,1.3919766242098476e-06,1.503398165313734e-06,Canada,CAN,,gcp,northamerica-northeast2,Linux-6.8.0-1032-gcp-x86_64-with-glibc2.35,3.10.12,3.0.4,2,Intel(R) Xeon(R) CPU @ 2.60GHz,,,,,15.61648178100586,machine,Y,1.0
2025-08-08T11:02:44,scikit-learn-benchmark,efdfa6f7-7587-467d-a2ef-0a007679bd7b,scikit-learn_SCL001_d880725b,1.0024066087789834,7.065747721658813e-08,7.04878405606832e-08,0.8,0.0,10.0,1.114222128979034e-07,0.0,1.3919283661784395e-06,1.5033505790763431e-06,Canada,CAN,,gcp,northamerica-northeast2,Linux-6.8.0-1032-gcp-x86_64-with-glibc2.35,3.10.12,3.0.4,2,Intel(R) Xeon(R) CPU @ 2.60GHz,,,,,15.61648178100586,machine,Y,1.0
2025-08-08T11:02:46,scikit-learn-benchmark,2b4ba0d8-f126-41ca-8ef9-5256122ac827,scikit-learn_SCL001_d880725b,1.0023352159187198,7.066053292130165e-08,7.049590975064732e-08,0.8001944000000001,0.0,10.0,1.114463273087399e-07,0.0,1.391969266761508e-06,1.503415594070248e-06,Canada,CAN,,gcp,northamerica-northeast2,Linux-6.8.0-1032-gcp-x86_64-with-glibc2.35,3.10.12,3.0.4,2,Intel(R) Xeon(R) CPU @ 2.60GHz,,,,,15.61648178100586,machine,Y,1.0
2025-08-08T11:02:48,scikit-learn-benchmark,6dab2efb-7985-4894-ba8c-005dbfaad30d,scikit-learn_SCL001_d880725b,1.002338133752346,7.065609626327127e-08,7.049127822640408e-08,0.8,0.0,10.0,1.1141446087923316e-07,0.0,1.3919067362116444e-06,1.5033211970908775e-06,Canada,CAN,,gcp,northamerica-northeast2,Linux-6.8.0-1032-gcp-x86_64-with-glibc2.35,3.10.12,3.0.4,2,Intel(R) Xeon(R) CPU @ 2.60GHz,,,,,15.61648178100586,machine,Y,1.0
2025-08-08T11:02:51,scikit-learn-benchmark,08abc115-e609-4a4d-bf2e-9110be9eb9de,scikit-learn_SCL001_d880725b,1.0023136222735047,7.066810566199605e-08,7.050498376117312e-08,0.8014787288,0.0,10.0,1.116258883446473e-07,0.0,1.3919508278680345e-06,1.5035767162126818e-06,Canada,CAN,,gcp,northamerica-northeast2,Linux-6.8.0-1032-gcp-x86_64-with-glibc2.35,3.10.12,3.0.4,2,Intel(R) Xeon(R) CPU @ 2.60GHz,,,,,15.61648178100586,machine,Y,1.0
2025-08-08T11:02:53,scikit-learn-benchmark,7f0dcc0d-c78c-4750-8c78-4a6b7bd44d39,scikit-learn_SCL001_d880725b,1.0023677293211222,7.066582939988598e-08,7.049890707050806e-08,0.8004608000000001,0.0,10.0,1.1148919243241685e-07,0.0,1.39203909267154e-06,1.5035282851039569e-06,Canada,CAN,,gcp,northamerica-northeast2,Linux-6.8.0-1032-gcp-x86_64-with-glibc2.35,3.10.12,3.0.4,2,Intel(R) Xeon(R) CPU @ 2.60GHz,,,,,15.61648178100586,machine,Y,1.0
2025-08-08T11:02:55,scikit-learn-benchmark,db9c2949-6442-42cf-869e-551e75ec62af,scikit-learn_SCL001_d880725b,1.002485274337232,7.06886780780118e-08,7.05134328529123e-08,0.8024696,0.0,10.0,1.1179065713416464e-07,0.0,1.3922237700575756e-06,1.50401442719174e-06,Canada,CAN,,gcp,northamerica-northeast2,Linux-6.8.0-1032-gcp-x86_64-with-glibc2.35,3.10.12,3.0.4,2,Intel(R) Xeon(R) CPU @ 2.60GHz,,,,,15.61648178100586,machine,Y,1.0
2025-08-08T11:02:57,scikit-learn-benchmark,a61b366b-583a-4897-a211-a584b97f733b,scikit-learn_SCL001_d880725b,1.0023927623406053,7.065869996670559e-08,7.049003406780019e-08,0.8000576,0.0,10.0,1.114315969888709e-07,0.0,1.3919449980474183e-06,1.5033765950362892e-06,Canada,CAN,,gcp,northamerica-northeast2,Linux-6.8.0-1032-gcp-x86_64-with-glibc2.35,3.10.12,3.0.4,2,Intel(R) Xeon(R) CPU @ 2.60GHz,,,,,15.61648178100586,machine,Y,1.0
2025-08-08T11:02:59,scikit-learn-benchmark,58594514-6450-40e6-be96-d5512962febe,scikit-learn_SCL001_d880725b,1.002406571060419,7.0658137515512e-08,7.048850192668294e-08,0.8000072,0.0,10.0,1.1142227257000425e-07,0.0,1.391942355419613e-06,1.503364627989617e-06,Canada,CAN,,gcp,northamerica-northeast2,Linux-6.8.0-1032-gcp-x86_64-with-glibc2.35,3.10.12,3.0.4,2,Intel(R) Xeon(R) CPU @ 2.60GHz,,,,,15.61648178100586,machine,Y,1.0
2025-08-08T11:03:01,scikit-learn-benchmark,34db9eca-7ac5-430d-8e26-7da501e24b94,scikit-learn_SCL001_d880725b,1.002391568850726,7.066275869258166e-08,7.049416703853442e-08,0.8,0.0,10.0,1.1142515691204205e-07,0.0,1.39203779399395e-06,1.503462950905992e-06,Canada,CAN,,gcp,northamerica-northeast2,Linux-6.8.0-1032-gcp-x86_64-with-glibc2.35,3.10.12,3.0.4,2,Intel(R) Xeon(R) CPU @ 2.60GHz,,,,,15.61648178100586,machine,Y,1.0
2025-08-08T11:03:03,scikit-learn-benchmark,19ec3c3e-46a8-41cf-beef-7cd59877f803,scikit-learn_SCL001_d880725b,1.002463393844664,7.066094249321356e-08,7.04873045011784e-08,0.8,0.0,10.0,1.1143127218302761e-07,0.0,1.3919930361832182e-06,1.5034243083662458e-06,Canada,CAN,,gcp,northamerica-northeast2,Linux-6.8.0-1032-gcp-x86_64-with-glibc2.35,3.10.12,3.0.4,2,Intel(R) Xeon(R) CPU @ 2.60GHz,,,,,15.61648178100586,machine,Y,1.0
2025-08-08T11:03:06,scikit-learn-benchmark,f66b63b4-5c2d-463d-b50d-64e4522446f7,scikit-learn_SCL001_d880725b,1.0024983980692923,7.066096620556589e-08,7.04848669500635e-08,0.8,0.0,10.0,1.1143830760071677e-07,0.0,1.3919865052836635e-06,1.5034248128843802e-06,Canada,CAN,,gcp,northamerica-northeast2,Linux-6.8.0-1032-gcp-x86_64-with-glibc2.35,3.10.12,3.0.4,2,Intel(R) Xeon(R) CPU @ 2.60GHz,,,,,15.61648178100586,machine,Y,1.0
2025-08-08T11:03:08,scikit-learn-benchmark,fa71a104-eb48-498e-a776-872a779b83a4,scikit-learn_SCL001_d880725b,1.0021667047403753,7.066432870515726e-08,7.05115509933687e-08,0.8,0.0,10.0,1.114292648724384e-07,0.0,1.3920670905564393e-06,1.5034963554288777e-06,Canada,CAN,,gcp,northamerica-northeast2,Linux-6.8.0-1032-gcp-x86_64-with-glibc2.35,3.10.12,3.0.4,2,Intel(R) Xeon(R) CPU @ 2.60GHz,,,,,15.61648178100586,machine,Y,1.0
2025-08-08T11:03:10,scikit-learn-benchmark,e57ec0a1-8d47-4076-8b7d-05b7e012102b,scikit-learn_SCL001_d880725b,1.002356955781579,7.066286784236015e-08,7.049671021363982e-08,0.8004608000000001,0.0,10.0,1.114877099482616e-07,0.0,1.3919775632934438e-06,1.503465273241705e-06,Canada,CAN,,gcp,northamerica-northeast2,Linux-6.8.0-1032-gcp-x86_64-with-glibc2.35,3.10.12,3.0.4,2,Intel(R) Xeon(R) CPU @ 2.60GHz,,,,,15.61648178100586,machine,Y,1.0
2025-08-08T11:03:12,scikit-learn-benchmark,a03b3881-62d5-46f6-95de-f1e816fdb304,scikit-learn_SCL001_d880725b,1.0022664950229228,7.066690363865977e-08,7.050709964822633e-08,0.8024696,0.0,10.0,1.117492331532303e-07,0.0,1.3918019080948498e-06,1.50355114124808e-06,Canada,CAN,,gcp,northamerica-northeast2,Linux-6.8.0-1032-gcp-x86_64-with-glibc2.35,3.10.12,3.0.4,2,Intel(R) Xeon(R) CPU @ 2.60GHz,,,,,15.61648178100586,machine,Y,1.0
2025-08-08T11:03:14,scikit-learn-benchmark,002c5511-d3b8-428a-89a4-3c072fd4390c,scikit-learn_SCL001_d880725b,1.002379854209721,7.066030869131002e-08,7.049254670727475e-08,0.8001944000000001,0.0,10.0,1.1144740956153453e-07,0.0,1.3919634136578275e-06,1.503410823219362e-06,Canada,CAN,,gcp,northamerica-northeast2,Linux-6.8.0-1032-gcp-x86_64-with-glibc2.35,3.10.12,3.0.4,2,Intel(R) Xeon(R) CPU @ 2.60GHz,,,,,15.61648178100586,machine,Y,1.0
2025-08-08T11:03:16,scikit-learn-benchmark,cca2ad9b-42dc-4110-9b77-8eb6aeb1a1c5,scikit-learn_SCL001_d880725b,1.0024177879095078,7.06589007188773e-08,7.048847453738118e-08,0.8,0.0,10.0,1.1142638304995168e-07,0.0,1.3919544833091398e-06,1.5033808663590917e-06,Canada,CAN,,gcp,northamerica-northeast2,Linux-6.8.0-1032-gcp-x86_64-with-glibc2.35,3.10.12,3.0.4,2,Intel(R) Xeon(R) CPU @ 2.60GHz,,,,,15.61648178100586,machine,Y,1.0
2025-08-08T11:03:19,scikit-learn-benchmark,69a26393-4f7a-450c-b5bc-4673b80a0a45,scikit-learn_SCL001_d880725b,1.0024151541292667,7.066046844314162e-08,7.049022368832783e-08,0.8,0.0,10.0,1.1142953557686677e-07,0.0,1.391984686617636e-06,1.5034142221945027e-06,Canada,CAN,,gcp,northamerica-northeast2,Linux-6.8.0-1032-gcp-x86_64-with-glibc2.35,3.10.12,3.0.4,2,Intel(R) Xeon(R) CPU @ 2.60GHz,,,,,15.61648178100586,machine,Y,1.0
2025-08-08T11:03:21,scikit-learn-benchmark,0904bd7a-9d61-41b1-8f56-3a594dadedee,scikit-learn_SCL001_d880725b,1.002395014744252,7.06641335664317e-08,7.049529629241095e-08,0.8,0.0,10.0,1.1142997267759509e-07,0.0,1.3920622308635047e-06,1.5034922035410998e-06,Canada,CAN,,gcp,northamerica-northeast2,Linux-6.8.0-1032-gcp-x86_64-with-glibc2.35,3.10.12,3.0.4,2,Intel(R) Xeon(R) CPU @ 2.60GHz,,,,,15.61648178100586,machine,Y,1.0
2025-08-08T11:03:23,scikit-learn-benchmark,26632c6b-ec60-48ac-8377-486d92b698d2,scikit-learn_SCL001_d880725b,1.0023974422365427,7.065583797590808e-08,7.048684982501674e-08,0.8,0.0,10.0,1.114244240646561e-07,0.0,1.3918912775504094e-06,1.5033157016150655e-06,Canada,CAN,,gcp,northamerica-northeast2,Linux-6.8.0-1032-gcp-x86_64-with-glibc2.35,3.10.12,3.0.4,2,Intel(R) Xeon(R) CPU @ 2.60GHz,,,,,15.61648178100586,machine,Y,1.0
2025-08-08T11:03:25,scikit-learn-benchmark,7687f70c-cf63-47b0-b96c-eaa2b870733b,scikit-learn_SCL001_d880725b,1.0024559809826314,7.066839782847091e-08,7.049526280365952e-08,0.8,0.0,10.0,1.114317771668237e-07,0.0,1.3921511553538342e-06,1.5035829325206578e-06,Canada,CAN,,gcp,northamerica-northeast2,Linux-6.8.0-1032-gcp-x86_64-with-glibc2.35,3.10.12,3.0.4,2,Intel(R) Xeon(R) CPU @ 2.60GHz,,,,,15.61648178100586,machine,Y,1.0
2025-08-08T11:03:27,scikit-learn-benchmark,a52b445f-6b23-47c4-9228-f0ab96bc8266,scikit-learn_SCL001_d880725b,1.0025513600558045,7.066918668975307e-08,7.0489342995674e-08,0.8001944000000001,0.0,10.0,1.1146997281411325e-07,0.0,1.392129743989143e-06,1.5035997168032565e-06,Canada,CAN,,gcp,northamerica-northeast2,Linux-6.8.0-1032-gcp-x86_64-with-glibc2.35,3.10.12,3.0.4,2,Intel(R) Xeon(R) CPU @ 2.60GHz,,,,,15.61648178100586,machine,Y,1.0
2025-08-08T11:03:29,scikit-learn-benchmark,b8d7ad91-0614-4620-bfbb-c30dd6aba533,scikit-learn_SCL001_d880725b,1.0024138200096786,7.068523203392427e-08,7.051502146413124e-08,0.8036864,0.0,10.0,1.1193819631525545e-07,0.0,1.3920029107895164e-06,1.503941107104772e-06,Canada,CAN,,gcp,northamerica-northeast2,Linux-6.8.0-1032-gcp-x86_64-with-glibc2.35,3.10.12,3.0.4,2,Intel(R) Xeon(R) CPU @ 2.60GHz,,,,,15.61648178100586,machine,Y,1.0
2025-08-08T11:03:31,scikit-learn-benchmark,41175284-cf61-4d11-99fe-c1cb35f8abd2,scikit-learn_SCL001_d880725b,1.00242358725518,7.066218907654504e-08,7.049134714600151e-08,0.8000072,0.0,10.0,1.1142821797986816e-07,0.0,1.3920226134359837e-06,1.5034508314158518e-06,Canada,CAN,,gcp,northamerica-northeast2,Linux-6.8.0-1032-gcp-x86_64-with-glibc2.35,3.10.12,3.0.4,2,Intel(R) Xeon(R) CPU @ 2.60GHz,,,,,15.61648178100586,machine,Y,1.0
2025-08-08T11:03:34,scikit-learn-benchmark,26d17a85-5238-4940-b287-4912df5bb817,scikit-learn_SCL001_d880725b,1.0024461401626468,7.066778953890835e-08,7.049534803679577e-08,0.8,0.0,10.0,1.1143426245285408e-07,0.0,1.3921357277366852e-06,1.5035699901895392e-06,Canada,CAN,,gcp,northamerica-northeast2,Linux-6.8.0-1032-gcp-x86_64-with-glibc2.35,3.10.12,3.0.4,2,Intel(R) Xeon(R) CPU @ 2.60GHz,,,,,15.61648178100586,machine,Y,1.0
2025-08-08T11:03:36,scikit-learn-benchmark,e165a5e1-2016-4306-9205-3a91cdf076a5,scikit-learn_SCL001_d880725b,1.0024213562719524,7.066168882071765e-08,7.049100498368418e-08,0.8,0.0,10.0,1.1142567027774125e-07,0.0,1.3920145173971024e-06,1.5034401876748435e-06,Canada,CAN,,gcp,northamerica-northeast2,Linux-6.8.0-1032-gcp-x86_64-with-glibc2.35,3.10.12,3.0.4,2,Intel(R) Xeon(R) CPU @ 2.60GHz,,,,,15.61648178100586,machine,Y,1.0
2025-08-08T11:03:38,scikit-learn-benchmark,56982210-1af1-4e22-a033-d4e80f217741,scikit-learn_SCL001_d880725b,1.0024296338669956,7.066448441732467e-08,7.049321172272986e-08,0.8,0.0,10.0,1.1142869997355672e-07,0.0,1.3920709684801598e-06,1.5034996684537163e-06,Canada,CAN,,gcp,northamerica-northeast2,Linux-6.8.0-1032-gcp-x86_64-with-glibc2.35,3.10.12,3.0.4,2,Intel(R) Xeon(R) CPU @ 2.60GHz,,,,,15.61648178100586,machine,Y,1.0
2025-08-08T11:03:40,scikit-learn-benchmark,24128760-eb05-486f-bdcc-a4dee14a1f3b,scikit-learn_SCL001_d880725b,1.0024190521799028,7.066433532204894e-08,7.049380712425535e-08,0.8,0.0,10.0,1.114346404663391e-07,0.0,1.392061855747468e-06,1.503496496213807e-06,Canada,CAN,,gcp,northamerica-northeast2,Linux-6.8.0-1032-gcp-x86_64-with-glibc2.35,3.10.12,3.0.4,2,Intel(R) Xeon(R) CPU @ 2.60GHz,,,,,15.61648178100586,machine,Y,1.0
2025-08-08T11:03:42,scikit-learn-benchmark,d4387027-a073-44ea-8900-28b9e97bea01,scikit-learn_SCL001_d880725b,1.002440424170345,7.065866444891111e-08,7.048664713156468e-08,0.8,0.0,10.0,1.1142835517724356e-07,0.0,1.3919474841612908e-06,1.5033758393385345e-06,Canada,CAN,,gcp,northamerica-northeast2,Linux-6.8.0-1032-gcp-x86_64-with-glibc2.35,3.10.12,3.0.4,2,Intel(R) Xeon(R) CPU @ 2.60GHz,,,,,15.61648178100586,machine,Y,1.0
2025-08-08T11:03:44,scikit-learn-benchmark,f2420bb1-48c3-4761-95b3-55d2353df6a3,scikit-learn_SCL001_d880725b,1.0024144081398845,7.066603712401115e-08,7.049583141481528e-08,0.8001944000000001,0.0,10.0,1.1145947653528749e-07,0.0,1.392073228230907e-06,1.5035327047661944e-06,Canada,CAN,,gcp,northamerica-northeast2,Linux-6.8.0-1032-gcp-x86_64-with-glibc2.35,3.10.12,3.0.4,2,Intel(R) Xeon(R) CPU @ 2.60GHz,,,,,15.61648178100586,machine,Y,1.0
2025-08-08T11:03:47,scikit-learn-benchmark,8d5c0dfe-ca6c-4de6-9f36-cc4b8f84fcc7,scikit-learn_SCL001_d880725b,1.0024517667479813,7.074692142491722e-08,7.057389070640759e-08,0.8121331448000003,0.0,10.0,1.1312488641223889e-07,0.0,1.3921287609264257e-06,1.5052536473386644e-06,Canada,CAN,,gcp,northamerica-northeast2,Linux-6.8.0-1032-gcp-x86_64-with-glibc2.35,3.10.12,3.0.4,2,Intel(R) Xeon(R) CPU @ 2.60GHz,,,,,15.61648178100586,machine,Y,1.0
2025-08-08T11:03:49,scikit-learn-benchmark,61097f22-609a-4cd4-af76-694bdfb8be56,scikit-learn_SCL001_d880725b,1.002502319868654,7.06627693835659e-08,7.048638988967528e-08,0.8000072,0.0,10.0,1.1142828441480972e-07,0.0,1.392034893958933e-06,1.5034631783737426e-06,Canada,CAN,,gcp,northamerica-northeast2,Linux-6.8.0-1032-gcp-x86_64-with-glibc2.35,3.10.12,3.0.4,2,Intel(R) Xeon(R) CPU @ 2.60GHz,,,,,15.61648178100586,machine,Y,1.0
2025-08-08T11:03:51,scikit-learn-benchmark,6f043644-e761-402d-ab77-ec2b3b3d65f5,scikit-learn_SCL001_d880725b,1.001667242962867,7.061570342981982e-08,7.049816585889656e-08,0.8,0.0,10.0,1.1135317716333605e-07,0.0,1.3911085979392133e-06,1.5024617751025494e-06,Canada,CAN,,gcp,northamerica-northeast2,Linux-6.8.0-1032-gcp-x86_64-with-glibc2.35,3.10.12,3.0.4,2,Intel(R) Xeon(R) CPU @ 2.60GHz,,,,,15.61648178100586,machine,Y,1.0
2025-08-08T11:03:53,scikit-learn-benchmark,ba63ff42-4b4f-49dc-b483-b77e2b21c3a3,scikit-learn_SCL001_d880725b,1.0025014420971274,7.066353017935117e-08,7.048721050368815e-08,0.8,0.0,10.0,1.1143327111171353e-07,0.0,1.392046094406396e-06,1.5034793655181096e-06,Canada,CAN,,gcp,northamerica-northeast2,Linux-6.8.0-1032-gcp-x86_64-with-glibc2.35,3.10.12,3.0.4,2,Intel(R) Xeon(R) CPU @ 2.60GHz,,,,,15.61648178100586,machine,Y,1.0
2025-08-08T11:03:55,scikit-learn-benchmark,14bf55f6-7d51-4d67-a044-500d7747da87,scikit-learn_SCL001_d880725b,1.002512854989618,7.066379807470367e-08,7.048667528102217e-08,0.8,0.0,10.0,1.1143694021221665e-07,0.0,1.3920481252070104e-06,1.503485065419227e-06,Canada,CAN,,gcp,northamerica-northeast2,Linux-6.8.0-1032-gcp-x86_64-with-glibc2.35,3.10.12,3.0.4,2,Intel(R) Xeon(R) CPU @ 2.60GHz,,,,,15.61648178100586,machine,Y,1.0
2025-08-08T11:03:57,scikit-learn-benchmark,ffbec20e-b787-4637-b64d-761b125ab584,scikit-learn_SCL001_d880725b,1.0024214256554842,7.06646850032525e-08,7.049398904961037e-08,0.8,0.0,10.0,1.114311426257094e-07,0.0,1.3920727936137055e-06,1.5035039362394149e-06,Canada,CAN,,gcp,northamerica-northeast2,Linux-6.8.0-1032-gcp-x86_64-with-glibc2.35,3.10.12,3.0.4,2,Intel(R) Xeon(R) CPU @ 2.60GHz,,,,,15.61648178100586,machine,Y,1.0
2025-08-08T11:03:59,scikit-learn-benchmark,10ed82cb-6fd3-4212-9927-7482a8bf9a0c,scikit-learn_SCL001_d880725b,1.002400865778327,7.065901840762756e-08,7.0489781902536e-08,0.8,0.0,10.0,1.114235604181886e-07,0.0,1.3919598099568651e-06,1.5033833703750538e-06,Canada,CAN,,gcp,northamerica-northeast2,Linux-6.8.0-1032-gcp-x86_64-with-glibc2.35,3.10.12,3.0.4,2,Intel(R) Xeon(R) CPU @ 2.60GHz,,,,,15.61648178100586,machine,Y,1.0
2025-08-08T11:04:02,scikit-learn-benchmark,c1f0fbd6-5817-4534-a50f-4de344f12139,scikit-learn_SCL001_d880725b,1.0024225623346863,7.066405090713495e-08,7.049327655051505e-08,0.8001944000000001,0.0,10.0,1.1145358862880081e-07,0.0,1.3920368562038574e-06,1.503490444832658e-06,Canada,CAN,,gcp,northamerica-northeast2,Linux-6.8.0-1032-gcp-x86_64-with-glibc2.35,3.10.12,3.0.4,2,Intel(R) Xeon(R) CPU @ 2.60GHz,,,,,15.61648178100586,machine,Y,1.0
2025-08-08T11:04:04,scikit-learn-benchmark,088f5bed-fa35-4ec9-850e-e002573fa364,scikit-learn_SCL001_d880725b,1.0024628331884742,7.068938862819752e-08,7.051572017224814e-08,0.8035498808000002,0.0,10.0,1.1192588349775877e-07,0.0,1.3921036617830396e-06,1.5040295452807985e-06,Canada,CAN,,gcp,northamerica-northeast2,Linux-6.8.0-1032-gcp-x86_64-with-glibc2.35,3.10.12,3.0.4,2,Intel(R) Xeon(R) CPU @ 2.60GHz,,,,,15.61648178100586,machine,Y,1.0
2025-08-08T11:04:06,scikit-learn-benchmark,7c8b27cd-bbd3-4524-a5d9-a8a7e51ff2f1,scikit-learn_SCL001_d880725b,1.0024338131770492,7.066686263860701e-08,7.04952902722226e-08,0.8000072,0.0,10.0,1.1143665231997285e-07,0.0,1.3921136165865591e-06,1.5035502689065325e-06,Canada,CAN,,gcp,northamerica-northeast2,Linux-6.8.0-1032-gcp-x86_64-with-glibc2.35,3.10.12,3.0.4,2,Intel(R) Xeon(R) CPU @ 2.60GHz,,,,,15.61648178100586,machine,Y,1.0
2025-08-08T11:04:08,scikit-learn-benchmark,cb80ca2b-b1e0-4087-adc7-cfa0cf820bdc,scikit-learn_SCL001_d880725b,1.0024587553925812,7.066191230678105e-08,7.04885980861213e-08,0.8,0.0,10.0,1.1142472871061829e-07,0.0,1.3920202139868505e-06,1.5034449426974688e-06,Canada,CAN,,gcp,northamerica-northeast2,Linux-6.8.0-1032-gcp-x86_64-with-glibc2.35,3.10.12,3.0.4,2,Intel(R) Xeon(R) CPU @ 2.60GHz,,,,,15.61648178100586,machine,Y,1.0
2025-08-08T11:04:10,scikit-learn-benchmark,ad60b692-7811-49ea-a86d-dacc1958d878,scikit-learn_SCL001_d880725b,1.0024236207827926,7.065832026597735e-08,7.048748533160089e-08,0.8,0.0,10.0,1.1142126108623213e-07,0.0,1.391947255211158e-06,1.5033685162973903e-06,Canada,CAN,,gcp,northamerica-northeast2,Linux-6.8.0-1032-gcp-x86_64-with-glibc2.35,3.10.12,3.0.4,2,Intel(R) Xeon(R) CPU @ 2.60GHz,,,,,15.61648178100586,machine,Y,1.0
2025-08-08T11:04:12,scikit-learn-benchmark,c07ce874-0221-45a8-a8b6-3f4665d1b98d,scikit-learn_SCL001_d880725b,1.0023365044035015,7.065372516664988e-08,7.04890272440955e-08,0.8,0.0,10.0,1.1141184448368021e-07,0.0,1.3918589037429128e-06,1.503270748226593e-06,Canada,CAN,,gcp,northamerica-northeast2,Linux-6.8.0-1032-gcp-x86_64-with-glibc2.35,3.10.12,3.0.4,2,Intel(R) Xeon(R) CPU @ 2.60GHz,,,,,15.61648178100586,machine,Y,1.0
2025-08-08T11:04:15,scikit-learn-benchmark,7a221555-7a6e-4a2d-b777-9d4f1ab086e3,scikit-learn_SCL001_d880725b,1.0020169708877802,7.06616637222469e-08,7.051942808876896e-08,0.8,0.0,10.0,1.1141895978815028e-07,0.0,1.3920206938766772e-06,1.5034396536648275e-06,Canada,CAN,,gcp,northamerica-northeast2,Linux-6.8.0-1032-gcp-x86_64-with-glibc2.35,3.10.12,3.0.4,2,Intel(R) Xeon(R) CPU @ 2.60GHz,,,,,15.61648178100586,machine,Y,1.0
2025-08-08T11:04:17,scikit-learn-benchmark,2cac33c2-0728-4695-ab6e-e09bb05a09dd,scikit-learn_SCL001_d880725b,1.0024962481111288,7.067057053749967e-08,7.049459852907669e-08,0.8,0.0,10.0,1.1144091250995797e-07,0.0,1.3921882478623757e-06,1.5036291603723334e-06,Canada,CAN,,gcp,northamerica-northeast2,Linux-6.8.0-1032-gcp-x86_64-with-glibc2.35,3.10.12,3.0.4,2,Intel(R) Xeon(R) CPU @ 2.60GHz,,,,,15.61648178100586,machine,Y,1.0
2025-08-08T11:04:19,scikit-learn-benchmark,7a9bfd72-fda0-402b-9c85-952d14407023,scikit-learn_SCL001_d880725b,1.002453495748341,7.066164608761183e-08,7.048870235607512e-08,0.8001944000000001,0.0,10.0,1.1145794589696237e-07,0.0,1.391981332562864e-06,1.5034392784598265e-06,Canada,CAN,,gcp,northamerica-northeast2,Linux-6.8.0-1032-gcp-x86_64-with-glibc2.35,3.10.12,3.0.4,2,Intel(R) Xeon(R) CPU @ 2.60GHz,,,,,15.61648178100586,machine,Y,1.0
2025-08-08T11:04:21,scikit-learn-benchmark,457ddd05-4047-4cad-a7ce-a55c4155e6dc,scikit-learn_SCL001_d880725b,1.0026027159765365,7.110016258840034e-08,7.091558945075139e-08,0.8666792000000002,0.0,10.0,1.2071635297081272e-07,0.0,1.3920530638036628e-06,1.5127694167744754e-06,Canada,CAN,,gcp,northamerica-northeast2,Linux-6.8.0-1032-gcp-x86_64-with-glibc2.35,3.10.12,3.0.4,2,Intel(R) Xeon(R) CPU @ 2.60GHz,,,,,15.61648178100586,machine,Y,1.0
2025-08-08T11:04:23,scikit-learn-benchmark,1cb531c3-cfb9-4268-b330-b2acd5c2791c,scikit-learn_SCL001_d880725b,1.0024209506809711,7.065634811126319e-08,7.04857056940644e-08,0.8,0.0,10.0,1.1142480062941713e-07,0.0,1.3919017549293738e-06,1.503326555558791e-06,Canada,CAN,,gcp,northamerica-northeast2,Linux-6.8.0-1032-gcp-x86_64-with-glibc2.35,3.10.12,3.0.4,2,Intel(R) Xeon(R) CPU @ 2.60GHz,,,,,15.61648178100586,machine,Y,1.0
2025-08-08T11:04:25,scikit-learn-benchmark,454e94fc-f050-4ca5-ad80-3d9fe524cd6e,scikit-learn_SCL001_d880725b,1.0024549490772188,7.06742208408565e-08,7.050114412215096e-08,0.8009000000000002,0.0,10.0,1.1155977662771737e-07,0.0,1.3921470497734843e-06,1.503706826401202e-06,Canada,CAN,,gcp,northamerica-northeast2,Linux-6.8.0-1032-gcp-x86_64-with-glibc2.35,3.10.12,3.0.4,2,Intel(R) Xeon(R) CPU @ 2.60GHz,,,,,15.61648178100586,machine,Y,1.0
2025-08-08T11:04:27,scikit-learn-benchmark,5ba3e070-b3e3-41b4-8723-6104919818cb,scikit-learn_SCL001_d880725b,1.0025190329179168,7.067278034476182e-08,7.049520061386036e-08,0.8000072,0.0,10.0,1.1144665916065696e-07,0.0,1.3922295183874669e-06,1.5036761775481237e-06,Canada,CAN,,gcp,northamerica-northeast2,Linux-6.8.0-1032-gcp-x86_64-with-glibc2.35,3.10.12,3.0.4,2,Intel(R) Xeon(R) CPU @ 2.60GHz,,,,,15.61648178100586,machine,Y,1.0
2025-08-08T11:04:30,scikit-learn-benchmark,1e1fd834-c5e7-4c42-9069-645c563fcafd,scikit-learn_SCL001_d880725b,1.0024176416918635,7.0659697135275e-08,7.048927931477418e-08,0.8009000000000002,0.0,10.0,1.1154604778565573e-07,0.0,1.391851763603174e-06,1.5033978113888295e-06,Canada,CAN,,gcp,northamerica-northeast2,Linux-6.8.0-1032-gcp-x86_64-with-glibc2.35,3.10.12,3.0.4,2,Intel(R) Xeon(R) CPU @ 2.60GHz,,,,,15.61648178100586,machine,Y,1.0
2025-08-08T11:04:32,scikit-learn-benchmark,9c4998c7-2dc3-49bb-bab5-c02c70b286d6,scikit-learn_SCL001_d880725b,1.0022874362766745,7.065140114455587e-08,7.049015939680309e-08,0.8,0.0,10.0,1.1140651473154625e-07,0.0,1.391814786216451e-06,1.5032213009479972e-06,Canada,CAN,,gcp,northamerica-northeast2,Linux-6.8.0-1032-gcp-x86_64-with-glibc2.35,3.10.12,3.0.4,2,Intel(R) Xeon(R) CPU @ 2.60GHz,,,,,15.61648178100586,machine,Y,1.0
2025-08-08T11:04:34,scikit-learn-benchmark,1f59f5eb-22eb-469f-b259-422bd40cac61,scikit-learn_SCL001_d880725b,1.0023650377988815,7.065985496171439e-08,7.04931360304407e-08,0.8,0.0,10.0,1.1142170336097481e-07,0.0,1.3919794660372038e-06,1.5034011693981783e-06,Canada,CAN,,gcp,northamerica-northeast2,Linux-6.8.0-1032-gcp-x86_64-with-glibc2.35,3.10.12,3.0.4,2,Intel(R) Xeon(R) CPU @ 2.60GHz,,,,,15.61648178100586,machine,Y,1.0
2025-08-08T11:04:36,scikit-learn-benchmark,535c00d5-527a-4a28-a4ca-793ba758fc7c,scikit-learn_SCL001_d880725b,1.0023418772034347,7.065612502158102e-08,7.049104365340279e-08,0.8,0.0,10.0,1.114154918533233e-07,0.0,1.3919063171164858e-06,1.503321808969809e-06,Canada,CAN,,gcp,northamerica-northeast2,Linux-6.8.0-1032-gcp-x86_64-with-glibc2.35,3.10.12,3.0.4,2,Intel(R) Xeon(R) CPU @ 2.60GHz,,,,,15.61648178100586,machine,Y,1.0
2025-08-08T11:04:38,scikit-learn-benchmark,3bc63dcd-20cb-4c9f-ab07-82c0387e0ebf,scikit-learn_SCL001_d880725b,1.0024143541231751,7.066622143285349e-08,7.049601907852382e-08,0.8,0.0,10.0,1.1143278465088873e-07,0.0,1.3921038415800366e-06,1.5035366262309253e-06,Canada,CAN,,gcp,northamerica-northeast2,Linux-6.8.0-1032-gcp-x86_64-with-glibc2.35,3.10.12,3.0.4,2,Intel(R) Xeon(R) CPU @ 2.60GHz,,,,,15.61648178100586,machine,Y,1.0
2025-08-08T11:04:40,scikit-learn-benchmark,94d81d23-df63-4ab1-a720-eb23f2c6fb2a,scikit-learn_SCL001_d880725b,1.0024437918327749,7.066360424856859e-08,7.049133809225736e-08,0.8000072,0.0,10.0,1.1143066644895285e-07,0.0,1.3920502750099534e-06,1.5034809414589062e-06,Canada,CAN,,gcp,northamerica-northeast2,Linux-6.8.0-1032-gcp-x86_64-with-glibc2.35,3.10.12,3.0.4,2,Intel(R) Xeon(R) CPU @ 2.60GHz,,,,,15.61648178100586,machine,Y,1.0
2025-08-08T11:04:43,scikit-learn-benchmark,b60d59db-1cf2-4bc2-9892-f5b64eb97cb0,scikit-learn_SCL001_d880725b,1.0021829530596733,7.063508919098727e-08,7.04812319700088e-08,0.8,0.0,10.0,1.1138149288793409e-07,0.0,1.3914927452181777e-06,1.5028742381061118e-06,Canada,CAN,,gcp,northamerica-northeast2,Linux-6.8.0-1032-gcp-x86_64-with-glibc2.35,3.10.12,3.0.4,2,Intel(R) Xeon(R) CPU @ 2.60GHz,,,,,15.61648178100586,machine,Y,1.0
2025-08-08T11:04:45,scikit-learn-benchmark,8efa5698-8985-48d8-9369-845f7eb55d8f,scikit-learn_SCL001_d880725b,1.002185528166592,7.064091136728022e-08,7.048686034861366e-08,0.8000576,0.0,10.0,1.1138580915025374e-07,0.0,1.3916123050471975e-06,1.5029981141974512e-06,Canada,CAN,,gcp,northamerica-northeast2,Linux-6.8.0-1032-gcp-x86_64-with-glibc2.35,3.10.12,3.0.4,2,Intel(R) Xeon(R) CPU @ 2.60GHz,,,,,15.61648178100586,machine,Y,1.0
2025-08-08T11:04:47,scikit-learn-benchmark,71535d42-f6d3-4dc6-8b13-87da0e2d1f15,scikit-learn_SCL001_d880725b,1.0018755639903247,7.05888486181179e-08,7.0456702563912e-08,0.8,0.0,10.0,1.1130729307317073e-07,0.0,1.3905831030569971e-06,1.501890396130168e-06,Canada,CAN,,gcp,northamerica-northeast2,Linux-6.8.0-1032-gcp-x86_64-with-glibc2.35,3.10.12,3.0.4,2,Intel(R) Xeon(R) CPU @ 2.60GHz,,,,,15.61648178100586,machine,Y,1.0
2025-08-08T11:04:49,scikit-learn-benchmark,e5d7ed5f-5034-4e36-a059-26f1f036e951,scikit-learn_SCL001_d880725b,1.0024704579263926,7.065907864298467e-08,7.048494854316481e-08,0.8,0.0,10.0,1.1143024110545716e-07,0.0,1.3919544108729396e-06,1.5033846519783967e-06,Canada,CAN,,gcp,northamerica-northeast2,Linux-6.8.0-1032-gcp-x86_64-with-glibc2.35,3.10.12,3.0.4,2,Intel(R) Xeon(R) CPU @ 2.60GHz,,,,,15.61648178100586,machine,Y,1.0
2025-08-08T11:04:51,scikit-learn-benchmark,f76d67d7-eb73-4f0b-9f7b-3dec86186c87,scikit-learn_SCL001_d880725b,1.002413332927972,7.06641752934601e-08,7.049404968213608e-08,0.8,0.0,10.0,1.1142849984268349e-07,0.0,1.392064591507531e-06,1.5034930913502146e-06,Canada,CAN,,gcp,northamerica-northeast2,Linux-6.8.0-1032-gcp-x86_64-with-glibc2.35,3.10.12,3.0.4,2,Intel(R) Xeon(R) CPU @ 2.60GHz,,,,,15.61648178100586,machine,Y,1.0
2025-08-08T11:04:54,scikit-learn-benchmark,0452b413-18a2-4c8f-af55-1d01b575a2d6,scikit-learn_SCL001_d880725b,1.002552238292992,7.067493519342195e-08,7.049501511637686e-08,0.8,0.0,10.0,1.1145145249449549e-07,0.0,1.3922705728974606e-06,1.503722025391956e-06,Canada,CAN,,gcp,northamerica-northeast2,Linux-6.8.0-1032-gcp-x86_64-with-glibc2.35,3.10.12,3.0.4,2,Intel(R) Xeon(R) CPU @ 2.60GHz,,,,,15.61648178100586,machine,Y,1.0
2025-08-08T11:04:56,scikit-learn-benchmark,993166db-69c2-45c2-b287-4301aff7fa32,scikit-learn_SCL001_d880725b,1.0024875928647816,7.067349470996608e-08,7.049812407952538e-08,0.8,0.0,10.0,1.1144821842511497e-07,0.0,1.392243158382674e-06,1.503691376807789e-06,Canada,CAN,,gcp,northamerica-northeast2,Linux-6.8.0-1032-gcp-x86_64-with-glibc2.35,3.10.12,3.0.4,2,Intel(R) Xeon(R) CPU @ 2.60GHz,,,,,15.61648178100586,machine,Y,1.0
2025-08-08T11:04:58,scikit-learn-benchmark,ce6c8081-133f-460a-a69e-44e5d9cbd4a6,scikit-learn_SCL001_d880725b,1.0024331342428925,7.06666532797988e-08,7.04951291670653e-08,0.8009000000000002,0.0,10.0,1.1154856404593581e-07,0.0,1.3919972504178684e-06,1.5035458144638042e-06,Canada,CAN,,gcp,northamerica-northeast2,Linux-6.8.0-1032-gcp-x86_64-with-glibc2.35,3.10.12,3.0.4,2,Intel(R) Xeon(R) CPU @ 2.60GHz,,,,,15.61648178100586,machine,Y,1.0
2025-08-08T11:05:00,scikit-learn-benchmark,3b524142-8662-461a-9813-814212cc7914,scikit-learn_SCL001_d880725b,1.0023608449846506,7.06567198901127e-08,7.049030321130979e-08,0.8,0.0,10.0,1.1141704002188313e-07,0.0,1.3919174257251953e-06,1.5033344657470785e-06,Canada,CAN,,gcp,northamerica-northeast2,Linux-6.8.0-1032-gcp-x86_64-with-glibc2.35,3.10.12,3.0.4,2,Intel(R) Xeon(R) CPU @ 2.60GHz,,,,,15.61648178100586,machine,Y,1.0
2025-08-08T11:05:02,scikit-learn-benchmark,3287ffb3-b0cb-4d26-badf-f070b88d6942,scikit-learn_SCL001_d880725b,1.0026687690988183,7.069521530541636e-08,7.05070482737345e-08,0.8004608000000001,0.0,10.0,1.1154645351233749e-07,0.0,1.3926070636241802e-06,1.5041535171365178e-06,Canada,CAN,,gcp,northamerica-northeast2,Linux-6.8.0-1032-gcp-x86_64-with-glibc2.35,3.10.12,3.0.4,2,Intel(R) Xeon(R) CPU @ 2.60GHz,,,,,15.61648178100586,machine,Y,1.0
2025-08-08T11:05:04,scikit-learn-benchmark,8696f659-097b-4632-b226-d32172dc2aba,scikit-learn_SCL001_d880725b,1.0024905363097787,7.066831721724045e-08,7.049275245766837e-08,0.8000072,0.0,10.0,1.1143793300351925e-07,0.0,1.3921432843845753e-06,1.5035812173880944e-06,Canada,CAN,,gcp,northamerica-northeast2,Linux-6.8.0-1032-gcp-x86_64-with-glibc2.35,3.10.12,3.0.4,2,Intel(R) Xeon(R) CPU @ 2.60GHz,,,,,15.61648178100586,machine,Y,1.0
2025-08-08T11:05:06,scikit-learn-benchmark,b3523f0d-47de-4b5b-90d2-1e82327f77ed,scikit-learn_SCL001_d880725b,1.002381679136306,7.06585302021251e-08,7.049064410575365e-08,0.8,0.0,10.0,1.1141940516730153e-07,0.0,1.3919535778566366e-06,1.5033729830239382e-06,Canada,CAN,,gcp,northamerica-northeast2,Linux-6.8.0-1032-gcp-x86_64-with-glibc2.35,3.10.12,3.0.4,2,Intel(R) Xeon(R) CPU @ 2.60GHz,,,,,15.61648178100586,machine,Y,1.0
2025-08-08T11:05:09,scikit-learn-benchmark,ee6a9762-f6c9-469c-ac6d-fdb9094a771e,scikit-learn_SCL001_d880725b,1.0024216929450631,7.06601703158166e-08,7.04894664721597e-08,0.8,0.0,10.0,1.1142024066713125e-07,0.0,1.391987638392796e-06,1.5034078790599271e-06,Canada,CAN,,gcp,northamerica-northeast2,Linux-6.8.0-1032-gcp-x86_64-with-glibc2.35,3.10.12,3.0.4,2,Intel(R) Xeon(R) CPU @ 2.60GHz,,,,,15.61648178100586,machine,Y,1.0
2025-08-08T11:05:11,scikit-learn-benchmark,28bcc972-b00c-4f57-ac1f-36234035bcb7,scikit-learn_SCL001_d880725b,1.0025692828930914,7.06681428288834e-08,7.048704167851417e-08,0.8,0.0,10.0,1.1145797133859661e-07,0.0,1.3921195356589224e-06,1.503577506997519e-06,Canada,CAN,,gcp,northamerica-northeast2,Linux-6.8.0-1032-gcp-x86_64-with-glibc2.35,3.10.12,3.0.4,2,Intel(R) Xeon(R) CPU @ 2.60GHz,,,,,15.61648178100586,machine,Y,1.0
2025-08-08T11:05:13,scikit-learn-benchmark,b4f22e52-1681-409e-a716-2eca184124bd,scikit-learn_SCL001_d880725b,1.002469553146511,7.067724343966232e-08,7.050313220767994e-08,0.8000576,0.0,10.0,1.1146466421838686e-07,0.0,1.392306472795705e-06,1.503771137014092e-06,Canada,CAN,,gcp,northamerica-northeast2,Linux-6.8.0-1032-gcp-x86_64-with-glibc2.35,3.10.12,3.0.4,2,Intel(R) Xeon(R) CPU @ 2.60GHz,,,,,15.61648178100586,machine,Y,1.0
2025-08-08T11:05:15,scikit-learn-benchmark,5551161c-ff40-441b-a68d-31f92d49efcf,scikit-learn_SCL001_d880725b,1.0024117156863213,7.066362703255273e-08,7.049361647192188e-08,0.8,0.0,10.0,1.1142791486862633e-07,0.0,1.3920535113559e-06,1.5034814262245265e-06,Canada,CAN,,gcp,northamerica-northeast2,Linux-6.8.0-1032-gcp-x86_64-with-glibc2.35,3.10.12,3.0.4,2,Intel(R) Xeon(R) CPU @ 2.60GHz,,,,,15.61648178100586,machine,Y,1.0
2025-08-08T11:05:17,scikit-learn-benchmark,907deb44-11d9-4764-b810-b1ad72abce72,scikit-learn_SCL001_d880725b,1.0024167727679014,7.06664058506607e-08,7.04960329579628e-08,0.8000576,0.0,10.0,1.114400081616425e-07,0.0,1.3921005418524147e-06,1.5035405500140572e-06,Canada,CAN,,gcp,northamerica-northeast2,Linux-6.8.0-1032-gcp-x86_64-with-glibc2.35,3.10.12,3.0.4,2,Intel(R) Xeon(R) CPU @ 2.60GHz,,,,,15.61648178100586,machine,Y,1.0
2025-08-08T11:05:19,scikit-learn-benchmark,b7c5d48d-715a-4eef-8143-9a8ddf064e7e,scikit-learn_SCL001_d880725b,1.0025371410883963,7.066699796514765e-08,7.048815955928435e-08,0.8000072,0.0,10.0,1.1144249890527418e-07,0.0,1.3921106492893564e-06,1.5035531481946306e-06,Canada,CAN,,gcp,northamerica-northeast2,Linux-6.8.0-1032-gcp-x86_64-with-glibc2.35,3.10.12,3.0.4,2,Intel(R) Xeon(R) CPU @ 2.60GHz,,,,,15.61648178100586,machine,Y,1.0
2025-08-08T11:05:22,scikit-learn-benchmark,d03c324b-e98a-41e1-b47a-3321e2dda095,scikit-learn_SCL001_d880725b,1.0021461676806211,7.063514676579154e-08,7.048387654793944e-08,0.8000576,0.0,10.0,1.1137503059201853e-07,0.0,1.3915004325099289e-06,1.5028754631019477e-06,Canada,CAN,,gcp,northamerica-northeast2,Linux-6.8.0-1032-gcp-x86_64-with-glibc2.35,3.10.12,3.0.4,2,Intel(R) Xeon(R) CPU @ 2.60GHz,,,,,15.61648178100586,machine,Y,1.0
2025-08-08T11:05:24,scikit-learn-benchmark,15cabadb-a8c4-4ccd-80a2-a71cff5d194a,scikit-learn_SCL001_d880725b,1.002562548033893,7.068137698672297e-08,7.050071551678739e-08,0.8,0.0,10.0,1.1145758090747729e-07,0.0,1.3924015039164158e-06,1.503859084823893e-06,Canada,CAN,,gcp,northamerica-northeast2,Linux-6.8.0-1032-gcp-x86_64-with-glibc2.35,3.10.12,3.0.4,2,Intel(R) Xeon(R) CPU @ 2.60GHz,,,,,15.61648178100586,machine,Y,1.0
2025-08-08T11:05:26,scikit-learn-benchmark,a1eec404-5fd1-4b84-9d35-b5f116401363,scikit-learn_SCL001_d880725b,1.002507173921913,7.066640120755055e-08,7.048967134179815e-08,0.8,0.0,10.0,1.1143712316536241e-07,0.0,1.392103328059117e-06,1.5035404512244794e-06,Canada,CAN,,gcp,northamerica-northeast2,Linux-6.8.0-1032-gcp-x86_64-with-glibc2.35,3.10.12,3.0.4,2,Intel(R) Xeon(R) CPU @ 2.60GHz,,,,,15.61648178100586,machine,Y,1.0
2025-08-08T11:05:28,scikit-learn-benchmark,7208327d-c490-49a3-8876-77ea00141f8e,scikit-learn_SCL001_d880725b,1.0024352339096367,7.066567567425468e-08,7.049400627973614e-08,0.8,0.0,10.0,1.1143314155439537e-07,0.0,1.392091872791449e-06,1.5035250143458444e-06,Canada,CAN,,gcp,northamerica-northeast2,Linux-6.8.0-1032-gcp-x86_64-with-glibc2.35,3.10.12,3.0.4,2,Intel(R) Xeon(R) CPU @ 2.60GHz,,,,,15.61648178100586,machine,Y,1.0
2025-08-08T11:05:30,scikit-learn-benchmark,83821e1e-534d-421f-928b-d81a1f0157c5,scikit-learn_SCL001_d880725b,1.0025599459186196,7.067484786625685e-08,7.049438605040155e-08,0.8004608000000001,0.0,10.0,1.1151275883632237e-07,0.0,1.3922074085308446e-06,1.503720167367167e-06,Canada,CAN,,gcp,northamerica-northeast2,Linux-6.8.0-1032-gcp-x86_64-with-glibc2.35,3.10.12,3.0.4,2,Intel(R) Xeon(R) CPU @ 2.60GHz,,,,,15.61648178100586,machine,Y,1.0
2025-08-08T11:05:32,scikit-learn-benchmark,6340f392-c042-4fce-b733-465e3f4c2415,scikit-learn_SCL001_d880725b,1.0024942918680608,7.06691954231232e-08,7.049336439755415e-08,0.8000072,0.0,10.0,1.114382944634116e-07,0.0,1.3921616081562308e-06,1.5035999026196425e-06,Canada,CAN,,gcp,northamerica-northeast2,Linux-6.8.0-1032-gcp-x86_64-with-glibc2.35,3.10.12,3.0.4,2,Intel(R) Xeon(R) CPU @ 2.60GHz,,,,,15.61648178100586,machine,Y,1.0
2025-08-08T11:05:35,scikit-learn-benchmark,45951ec6-62b0-4a92-8922-b6fd5885f348,scikit-learn_SCL001_d880725b,1.002498300280422,7.066773610271017e-08,7.049162685157949e-08,0.8009000000000002,0.0,10.0,1.1156259487238198e-07,0.0,1.3920062583767706e-06,1.5035688532491527e-06,Canada,CAN,,gcp,northamerica-northeast2,Linux-6.8.0-1032-gcp-x86_64-with-glibc2.35,3.10.12,3.0.4,2,Intel(R) Xeon(R) CPU @ 2.60GHz,,,,,15.61648178100586,machine,Y,1.0
2025-08-08T11:05:37,scikit-learn-benchmark,2f676c06-baa6-4031-b751-2d0bf694cfea,scikit-learn_SCL001_d880725b,1.0024055619724097,7.065901326033112e-08,7.048944652830642e-08,0.8000072,0.0,10.0,1.114224083373614e-07,0.0,1.3919608525207472e-06,1.5033832608581089e-06,Canada,CAN,,gcp,northamerica-northeast2,Linux-6.8.0-1032-gcp-x86_64-with-glibc2.35,3.10.12,3.0.4,2,Intel(R) Xeon(R) CPU @ 2.60GHz,,,,,15.61648178100586,machine,Y,1.0
2025-08-08T11:05:39,scikit-learn-benchmark,5555c701-082b-48e3-9ba7-d9417ba7a822,scikit-learn_SCL001_d880725b,1.0023659602738917,7.06604945702582e-08,7.049370925460255e-08,0.8,0.0,10.0,1.1142292805016045e-07,0.0,1.391991850040439e-06,1.5034147780905996e-06,Canada,CAN,,gcp,northamerica-northeast2,Linux-6.8.0-1032-gcp-x86_64-with-glibc2.35,3.10.12,3.0.4,2,Intel(R) Xeon(R) CPU @ 2.60GHz,,,,,15.61648178100586,machine,Y,1.0
2025-08-08T11:05:41,scikit-learn-benchmark,9e7d565b-a1d9-480b-a736-585f9b57abef,scikit-learn_SCL001_d880725b,1.0024355119094253,7.066109030207414e-08,7.048941249844579e-08,0.8,0.0,10.0,1.1142676468524669e-07,0.0,1.392000688550373e-06,1.5034274532356196e-06,Canada,CAN,,gcp,northamerica-northeast2,Linux-6.8.0-1032-gcp-x86_64-with-glibc2.35,3.10.12,3.0.4,2,Intel(R) Xeon(R) CPU @ 2.60GHz,,,,,15.61648178100586,machine,Y,1.0
2025-08-08T11:05:43,scikit-learn-benchmark,41d96827-e729-4a69-90f2-d8f56edbfc25,scikit-learn_SCL001_d880725b,1.0024062357842922,7.065876761746282e-08,7.048915409248102e-08,0.8,0.0,10.0,1.114201181464725e-07,0.0,1.39195791626763e-06,1.5033780344141026e-06,Canada,CAN,,gcp,northamerica-northeast2,Linux-6.8.0-1032-gcp-x86_64-with-glibc2.35,3.10.12,3.0.4,2,Intel(R) Xeon(R) CPU @ 2.60GHz,,,,,15.61648178100586,machine,Y,1.0
2025-08-08T11:05:45,scikit-learn-benchmark,96098b54-5728-436d-9407-ab056244ed13,scikit-learn_SCL001_d880725b,1.0025263619609175,7.067560115280666e-08,7.049749895311168e-08,0.8,0.0,10.0,1.1144727220137914e-07,0.0,1.3922889225391878e-06,1.503736194740567e-06,Canada,CAN,,gcp,northamerica-northeast2,Linux-6.8.0-1032-gcp-x86_64-with-glibc2.35,3.10.12,3.0.4,2,Intel(R) Xeon(R) CPU @ 2.60GHz,,,,,15.61648178100586,machine,Y,1.0
2025-08-08T11:05:48,scikit-learn-benchmark,f014d368-9a9e-4d10-ad77-5fa8817c36f5,scikit-learn_SCL001_d880725b,1.0023065758869052,7.064756233333094e-08,7.048498337030008e-08,0.8,0.0,10.0,1.1140632991575536e-07,0.0,1.3917332941976687e-06,1.503139624113424e-06,Canada,CAN,,gcp,northamerica-northeast2,Linux-6.8.0-1032-gcp-x86_64-with-glibc2.35,3.10.12,3.0.4,2,Intel(R) Xeon(R) CPU @ 2.60GHz,,,,,15.61648178100586,machine,Y,1.0
2025-08-08T11:05:50,scikit-learn-benchmark,ff6e0d5c-020b-4f70-9bfc-444d646a5e97,scikit-learn_SCL001_d880725b,1.0024294690229,7.066947105051557e-08,7.049819786263803e-08,0.8000072,0.0,10.0,1.1143583129999404e-07,0.0,1.3921699357322522e-06,1.5036057670322465e-06,Canada,CAN,,gcp,northamerica-northeast2,Linux-6.8.0-1032-gcp-x86_64-with-glibc2.35,3.10.12,3.0.4,2,Intel(R) Xeon(R) CPU @ 2.60GHz,,,,,15.61648178100586,machine,Y,1.0
2025-08-08T11:05:52,scikit-learn-benchmark,5faa0039-bb6a-4615-81bd-507b42b378ca,scikit-learn_SCL001_d880725b,1.0024518719874322,7.066576601513145e-08,7.049292638361933e-08,0.8,0.0,10.0,1.1143218177474208e-07,0.0,1.3920947547174164e-06,1.5035269364921583e-06,Canada,CAN,,gcp,northamerica-northeast2,Linux-6.8.0-1032-gcp-x86_64-with-glibc2.35,3.10.12,3.0.4,2,Intel(R) Xeon(R) CPU @ 2.60GHz,,,,,15.61648178100586,machine,Y,1.0
2025-08-08T11:05:54,scikit-learn-benchmark,a073290d-cba5-4e35-a0a0-73d638db79ed,scikit-learn_SCL001_d880725b,1.002447900827974,7.066143624865301e-08,7.048888644516093e-08,0.8000576,0.0,10.0,1.1143922165484397e-07,0.0,1.391995592146284e-06,1.503434813801128e-06,Canada,CAN,,gcp,northamerica-northeast2,Linux-6.8.0-1032-gcp-x86_64-with-glibc2.35,3.10.12,3.0.4,2,Intel(R) Xeon(R) CPU @ 2.60GHz,,,,,15.61648178100586,machine,Y,1.0
2025-08-08T11:05:56,scikit-learn-benchmark,c16ade5c-7168-46e4-9c20-85ae876df8d5,scikit-learn_SCL001_d880725b,1.00213463883847,7.062907391346859e-08,7.047862749792943e-08,0.8000072,0.0,10.0,1.1136842053054905e-07,0.0,1.391377832947506e-06,1.5027462534780548e-06,Canada,CAN,,gcp,northamerica-northeast2,Linux-6.8.0-1032-gcp-x86_64-with-glibc2.35,3.10.12,3.0.4,2,Intel(R) Xeon(R) CPU @ 2.60GHz,,,,,15.61648178100586,machine,Y,1.0
2025-08-08T11:05:58,scikit-learn-benchmark,8e13b32b-57e2-4bf2-9e2f-86021c5bda9c,scikit-learn_SCL001_d880725b,1.002396286930889,7.066614748465103e-08,7.049721592746002e-08,0.8,0.0,10.0,1.1143134710275465e-07,0.0,1.392103705762161e-06,1.5035350528649157e-06,Canada,CAN,,gcp,northamerica-northeast2,Linux-6.8.0-1032-gcp-x86_64-with-glibc2.35,3.10.12,3.0.4,2,Intel(R) Xeon(R) CPU @ 2.60GHz,,,,,15.61648178100586,machine,Y,1.0
2025-08-08T11:06:00,scikit-learn-benchmark,603d6c6b-cb1f-46fa-babb-c555c6f68f35,scikit-learn_SCL001_d880725b,1.0022929213009777,7.63669813343068e-08,7.619227843611062e-08,1.6732691000000002,0.0,10.0,2.330059335207139e-07,0.0,1.3918234565709198e-06,1.6248293900916337e-06,Canada,CAN,,gcp,northamerica-northeast2,Linux-6.8.0-1032-gcp-x86_64-with-glibc2.35,3.10.12,3.0.4,2,Intel(R) Xeon(R) CPU @ 2.60GHz,,,,,15.61648178100586,machine,Y,1.0
2025-08-08T11:06:03,scikit-learn-benchmark,c142fd20-4747-48a1-ac59-19dcecfe62db,scikit-learn_SCL001_d880725b,1.002530146855861,7.066587398403017e-08,7.048753018116488e-08,0.8,0.0,10.0,1.114405675066842e-07,0.0,1.392088666196085e-06,1.503529233702769e-06,Canada,CAN,,gcp,northamerica-northeast2,Linux-6.8.0-1032-gcp-x86_64-with-glibc2.35,3.10.12,3.0.4,2,Intel(R) Xeon(R) CPU @ 2.60GHz,,,,,15.61648178100586,machine,Y,1.0
2025-08-08T11:06:05,scikit-learn-benchmark,1493c84b-4ddd-4476-b1f1-9affb62b9ffe,scikit-learn_SCL001_d880725b,1.002341020386666,7.065892765334703e-08,7.049389999632004e-08,0.8,0.0,10.0,1.1141984961513017e-07,0.0,1.3919615898177854e-06,1.5033814394329156e-06,Canada,CAN,,gcp,northamerica-northeast2,Linux-6.8.0-1032-gcp-x86_64-with-glibc2.35,3.10.12,3.0.4,2,Intel(R) Xeon(R) CPU @ 2.60GHz,,,,,15.61648178100586,machine,Y,1.0
2025-08-08T11:06:07,scikit-learn-benchmark,422747b4-9687-4923-a051-69c65cfe27fc,scikit-learn_SCL001_d880725b,1.002387163694948,7.06600538940068e-08,7.049177847962794e-08,0.8000072,0.0,10.0,1.1142622700124557e-07,0.0,1.3919791749988992e-06,1.5034054020001448e-06,Canada,CAN,,gcp,northamerica-northeast2,Linux-6.8.0-1032-gcp-x86_64-with-glibc2.35,3.10.12,3.0.4,2,Intel(R) Xeon(R) CPU @ 2.60GHz,,,,,15.61648178100586,machine,Y,1.0
2025-08-08T11:06:09,scikit-learn-benchmark,77cb6e8a-586e-476a-b7ed-9140b2759023,scikit-learn_SCL001_d880725b,1.0023961570113895,7.068712887809534e-08,7.05181563034386e-08,0.8038263752,0.0,10.0,1.119592038883795e-07,0.0,1.392022261603011e-06,1.5039814654913904e-06,Canada,CAN,,gcp,northamerica-northeast2,Linux-6.8.0-1032-gcp-x86_64-with-glibc2.35,3.10.12,3.0.4,2,Intel(R) Xeon(R) CPU @ 2.60GHz,,,,,15.61648178100586,machine,Y,1.0
2025-08-08T11:06:11,scikit-learn-benchmark,f5807da4-e060-4f8b-b673-f926c31b97b1,scikit-learn_SCL001_d880725b,1.002483612857759,7.067359352805134e-08,7.049850254068853e-08,0.8,0.0,10.0,1.1144346795562241e-07,0.0,1.392250011364619e-06,1.5036934793202414e-06,Canada,CAN,,gcp,northamerica-northeast2,Linux-6.8.0-1032-gcp-x86_64-with-glibc2.35,3.10.12,3.0.4,2,Intel(R) Xeon(R) CPU @ 2.60GHz,,,,,15.61648178100586,machine,Y,1.0
2025-08-08T11:06:13,scikit-learn-benchmark,e82da6ae-05b3-4f91-a7ce-714ac8639d95,scikit-learn_SCL001_d880725b,1.0025900197215378,7.067547031945678e-08,7.049289233807291e-08,0.8000576,0.0,10.0,1.11463963502922e-07,0.0,1.3922694475493498e-06,1.5037334110522715e-06,Canada,CAN,,gcp,northamerica-northeast2,Linux-6.8.0-1032-gcp-x86_64-with-glibc2.35,3.10.12,3.0.4,2,Intel(R) Xeon(R) CPU @ 2.60GHz,,,,,15.61648178100586,machine,Y,1.0
2025-08-08T11:06:16,scikit-learn-benchmark,19824846-c52d-4e88-88c8-2e1ad58c6fa5,scikit-learn_SCL001_d880725b,1.0024390709586442,7.06620973487281e-08,7.049016682994322e-08,0.8,0.0,10.0,1.1142646293673253e-07,0.0,1.39202241682344e-06,1.5034488797601723e-06,Canada,CAN,,gcp,northamerica-northeast2,Linux-6.8.0-1032-gcp-x86_64-with-glibc2.35,3.10.12,3.0.4,2,Intel(R) Xeon(R) CPU @ 2.60GHz,,,,,15.61648178100586,machine,Y,1.0
2025-08-08T11:06:18,scikit-learn-benchmark,db258ca2-280e-4304-a188-3081d567813c,scikit-learn_SCL001_d880725b,1.0024235509335997,7.066359840964346e-08,7.049275562593423e-08,0.8000072,0.0,10.0,1.1143018132900585e-07,0.0,1.3920506358974508e-06,1.5034808172264569e-06,Canada,CAN,,gcp,northamerica-northeast2,Linux-6.8.0-1032-gcp-x86_64-with-glibc2.35,3.10.12,3.0.4,2,Intel(R) Xeon(R) CPU @ 2.60GHz,,,,,15.61648178100586,machine,Y,1.0
2025-08-08T11:06:20,scikit-learn-benchmark,8326007a-30f5-42e8-b282-521087fd6a69,scikit-learn_SCL001_d880725b,1.0024429480545225,7.066438792159574e-08,7.04921791895855e-08,0.8,0.0,10.0,1.1142913428031737e-07,0.0,1.3920684810727835e-06,1.503497615353101e-06,Canada,CAN,,gcp,northamerica-northeast2,Linux-6.8.0-1032-gcp-x86_64-with-glibc2.35,3.10.12,3.0.4,2,Intel(R) Xeon(R) CPU @ 2.60GHz,,,,,15.61648178100586,machine,Y,1.0
2025-08-08T11:06:22,scikit-learn-benchmark,49a5fd7c-2090-4d44-9544-939711c59e9b,scikit-learn_SCL001_d880725b,1.0024482677690685,7.066389403300775e-08,7.049131242479876e-08,0.8,0.0,10.0,1.1142738173819252e-07,0.0,1.3920597253470784e-06,1.5034871070852708e-06,Canada,CAN,,gcp,northamerica-northeast2,Linux-6.8.0-1032-gcp-x86_64-with-glibc2.35,3.10.12,3.0.4,2,Intel(R) Xeon(R) CPU @ 2.60GHz,,,,,15.61648178100586,machine,Y,1.0
2025-08-08T11:06:24,scikit-learn-benchmark,8a53bb6a-795b-44bf-b556-6499ebab2ff5,scikit-learn_SCL001_d880725b,1.00243563298136,7.066329663784968e-08,7.049160495990035e-08,0.8,0.0,10.0,1.1142900451603865e-07,0.0,1.3920453920339545e-06,1.503474396549993e-06,Canada,CAN,,gcp,northamerica-northeast2,Linux-6.8.0-1032-gcp-x86_64-with-glibc2.35,3.10.12,3.0.4,2,Intel(R) Xeon(R) CPU @ 2.60GHz,,,,,15.61648178100586,machine,Y,1.0
2025-08-08T11:06:26,scikit-learn-benchmark,ba328d41-2a9f-4f58-bf99-17e3da08b2bd,scikit-learn_SCL001_d880725b,1.0024678641930225,7.066311999286216e-08,7.04891623131933e-08,0.8,0.0,10.0,1.1143266823556689e-07,0.0,1.3920379699104365e-06,1.5034706381460032e-06,Canada,CAN,,gcp,northamerica-northeast2,Linux-6.8.0-1032-gcp-x86_64-with-glibc2.35,3.10.12,3.0.4,2,Intel(R) Xeon(R) CPU @ 2.60GHz,,,,,15.61648178100586,machine,Y,1.0
2025-08-08T11:06:29,scikit-learn-benchmark,d4d3142e-46bc-4c19-943b-0e2e712aed64,scikit-learn_SCL001_d880725b,1.002437240909785,7.065930490858028e-08,7.04875098659062e-08,0.8,0.0,10.0,1.1143082421686916e-07,0.0,1.3919586419231365e-06,1.5033894661400054e-06,Canada,CAN,,gcp,northamerica-northeast2,Linux-6.8.0-1032-gcp-x86_64-with-glibc2.35,3.10.12,3.0.4,2,Intel(R) Xeon(R) CPU @ 2.60GHz,,,,,15.61648178100586,machine,Y,1.0
2025-08-08T11:06:31,scikit-learn-benchmark,91c6c091-d8df-49ab-9fe6-1839bf8ad484,scikit-learn_SCL001_d880725b,1.0023493668995798,7.087724408025144e-08,7.071111772084578e-08,0.8335337336,0.0,10.0,1.160872692281926e-07,0.0,1.391939200564391e-06,1.5080264697925835e-06,Canada,CAN,,gcp,northamerica-northeast2,Linux-6.8.0-1032-gcp-x86_64-with-glibc2.35,3.10.12,3.0.4,2,Intel(R) Xeon(R) CPU @ 2.60GHz,,,,,15.61648178100586,machine,Y,1.0
2025-08-08T11:06:33,scikit-learn-benchmark,4f5fea4e-03cc-4360-bd88-0d19664df3f2,scikit-learn_SCL001_d880725b,1.0023534893989563,7.065988511830155e-08,7.049397828771116e-08,0.8,0.0,10.0,1.1142155465980373e-07,0.0,1.3919802563678888e-06,1.5034018110276925e-06,Canada,CAN,,gcp,northamerica-northeast2,Linux-6.8.0-1032-gcp-x86_64-with-glibc2.35,3.10.12,3.0.4,2,Intel(R) Xeon(R) CPU @ 2.60GHz,,,,,15.61648178100586,machine,Y,1.0
2025-08-08T11:06:35,scikit-learn-benchmark,0590e401-f0a2-4cfa-b0af-22b4a1c72030,scikit-learn_SCL001_d880725b,1.002312410157174,7.065396001402082e-08,7.049095601135129e-08,0.8,0.0,10.0,1.114114887184567e-07,0.0,1.39186425626071e-06,1.5032757449791665e-06,Canada,CAN,,gcp,northamerica-northeast2,Linux-6.8.0-1032-gcp-x86_64-with-glibc2.35,3.10.12,3.0.4,2,Intel(R) Xeon(R) CPU @ 2.60GHz,,,,,15.61648178100586,machine,Y,1.0
2025-08-08T11:06:37,scikit-learn-benchmark,110ebb1f-2be1-4a05-9881-ed8ce0b97208,scikit-learn_SCL001_d880725b,1.0024307589046657,7.066424800388308e-08,7.049289676735016e-08,0.8,0.0,10.0,1.1142951912350124e-07,0.0,1.3920651192569898e-06,1.503494638380491e-06,Canada,CAN,,gcp,northamerica-northeast2,Linux-6.8.0-1032-gcp-x86_64-with-glibc2.35,3.10.12,3.0.4,2,Intel(R) Xeon(R) CPU @ 2.60GHz,,,,,15.61648178100586,machine,Y,1.0
2025-08-08T11:06:40,scikit-learn-benchmark,74814dba-71f5-458b-a3db-d1b54a23dd2d,scikit-learn_SCL001_d880725b,1.0023386189714074,7.065402844693099e-08,7.048918111070653e-08,0.8,0.0,10.0,1.1141807089249297e-07,0.0,1.3918591301060387e-06,1.5032772009985315e-06,Canada,CAN,,gcp,northamerica-northeast2,Linux-6.8.0-1032-gcp-x86_64-with-glibc2.35,3.10.12,3.0.4,2,Intel(R) Xeon(R) CPU @ 2.60GHz,,,,,15.61648178100586,machine,Y,1.0
2025-08-08T11:06:42,scikit-learn-benchmark,ce45e7b3-a39f-457c-bfaf-2c341e3c1e40,scikit-learn_SCL001_d880725b,1.0024782791733742,7.066196647239849e-08,7.048727931608164e-08,0.8,0.0,10.0,1.1143645685580045e-07,0.0,1.3920096383016142e-06,1.5034460951574146e-06,Canada,CAN,,gcp,northamerica-northeast2,Linux-6.8.0-1032-gcp-x86_64-with-glibc2.35,3.10.12,3.0.4,2,Intel(R) Xeon(R) CPU @ 2.60GHz,,,,,15.61648178100586,machine,Y,1.0
2025-08-08T11:06:44,scikit-learn-benchmark,dccc5409-f7b1-4577-b9f5-182fc8112e3b,scikit-learn_SCL001_d880725b,1.0023997267708182,7.065558731782875e-08,7.04864391228859e-08,0.8000072,0.0,10.0,1.114223440755254e-07,0.0,1.391888024388916e-06,1.5033103684644413e-06,Canada,CAN,,gcp,northamerica-northeast2,Linux-6.8.0-1032-gcp-x86_64-with-glibc2.35,3.10.12,3.0.4,2,Intel(R) Xeon(R) CPU @ 2.60GHz,,,,,15.61648178100586,machine,Y,1.0
2025-08-08T11:06:46,scikit-learn-benchmark,226dc11a-dc65-490a-ad85-249035dff93a,scikit-learn_SCL001_d880725b,1.0023938668891788,7.066376997634139e-08,7.04950142957666e-08,0.8000072,0.0,10.0,1.114284817534913e-07,0.0,1.3920559858282403e-06,1.5034844675817318e-06,Canada,CAN,,gcp,northamerica-northeast2,Linux-6.8.0-1032-gcp-x86_64-with-glibc2.35,3.10.12,3.0.4,2,Intel(R) Xeon(R) CPU @ 2.60GHz,,,,,15.61648178100586,machine,Y,1.0
2025-08-08T11:06:48,scikit-learn-benchmark,9973f488-535b-414d-833d-e47092b3e0aa,scikit-learn_SCL001_d880725b,1.0023407014086845,7.065800750305924e-08,7.049300442829155e-08,0.8000576,0.0,10.0,1.1142506453247041e-07,0.0,1.391936797234747e-06,1.5033618617672174e-06,Canada,CAN,,gcp,northamerica-northeast2,Linux-6.8.0-1032-gcp-x86_64-with-glibc2.35,3.10.12,3.0.4,2,Intel(R) Xeon(R) CPU @ 2.60GHz,,,,,15.61648178100586,machine,Y,1.0
2025-08-08T11:06:50,scikit-learn-benchmark,b77397b1-3d8d-4bc2-b845-a45e7d7f7d32,scikit-learn_SCL001_d880725b,1.00241908011958,7.0661719305596e-08,7.049119545606281e-08,0.8,0.0,10.0,1.114248831032051e-07,0.0,1.3920159531860717e-06,1.5034408362892768e-06,Canada,CAN,,gcp,northamerica-northeast2,Linux-6.8.0-1032-gcp-x86_64-with-glibc2.35,3.10.12,3.0.4,2,Intel(R) Xeon(R) CPU @ 2.60GHz,,,,,15.61648178100586,machine,Y,1.0
2025-08-08T11:06:53,scikit-learn-benchmark,4895136e-714c-42d0-926f-1b91fa00a680,scikit-learn_SCL001_d880725b,1.0023993030190468,7.069646484374715e-08,7.052724860324832e-08,0.8050757768000001,0.0,10.0,1.1212342520579617e-07,0.0,1.392056677852654e-06,1.50418010305845e-06,Canada,CAN,,gcp,northamerica-northeast2,Linux-6.8.0-1032-gcp-x86_64-with-glibc2.35,3.10.12,3.0.4,2,Intel(R) Xeon(R) CPU @ 2.60GHz,,,,,15.61648178100586,machine,Y,1.0
2025-08-08T11:06:55,scikit-learn-benchmark,1ccaa636-aceb-4367-b74e-cc762419f196,scikit-learn_SCL001_d880725b,1.0023999609984455,7.065924569700533e-08,7.049007227277305e-08,0.8,0.0,10.0,1.1142426491197616e-07,0.0,1.3919639414072864e-06,1.5033882063192625e-06,Canada,CAN,,gcp,northamerica-northeast2,Linux-6.8.0-1032-gcp-x86_64-with-glibc2.35,3.10.12,3.0.4,2,Intel(R) Xeon(R) CPU @ 2.60GHz,,,,,15.61648178100586,machine,Y,1.0
2025-08-08T11:06:57,scikit-learn-benchmark,f74ab5b9-4287-4009-acca-cab1385bd9b3,scikit-learn_SCL001_d880725b,1.0024184910580516,7.066270046101679e-08,7.049221566776204e-08,0.8,0.0,10.0,1.1142749577346777e-07,0.0,1.3920342161630591e-06,1.5034617119365269e-06,Canada,CAN,,gcp,northamerica-northeast2,Linux-6.8.0-1032-gcp-x86_64-with-glibc2.35,3.10.12,3.0.4,2,Intel(R) Xeon(R) CPU @ 2.60GHz,,,,,15.61648178100586,machine,Y,1.0
2025-08-08T11:06:59,scikit-learn-benchmark,d0c52467-b9ad-4e78-8064-0d0acb7dff5d,scikit-learn_SCL001_d880725b,1.002465959172696,7.06598934033989e-08,7.04860776137599e-08,0.8,0.0,10.0,1.114281402486894e-07,0.0,1.3919738470576703e-06,1.5034019873063595e-06,Canada,CAN,,gcp,northamerica-northeast2,Linux-6.8.0-1032-gcp-x86_64-with-glibc2.35,3.10.12,3.0.4,2,Intel(R) Xeon(R) CPU @ 2.60GHz,,,,,15.61648178100586,machine,Y,1.0
2025-08-08T11:07:01,scikit-learn-benchmark,8cdc94ba-cb60-42aa-ab77-ea3559e88347,scikit-learn_SCL001_d880725b,1.0024695489555595,7.06635919661882e-08,7.048951465888443e-08,0.8,0.0,10.0,1.1143526093413433e-07,0.0,1.3920454191975294e-06,1.5034806801316635e-06,Canada,CAN,,gcp,northamerica-northeast2,Linux-6.8.0-1032-gcp-x86_64-with-glibc2.35,3.10.12,3.0.4,2,Intel(R) Xeon(R) CPU @ 2.60GHz,,,,,15.61648178100586,machine,Y,1.0
2025-08-08T11:07:03,scikit-learn-benchmark,e7efa2d9-b91e-4d12-85b5-cec697a40841,scikit-learn_SCL001_d880725b,1.0023897783830762,7.06616645271135e-08,7.04932013982581e-08,0.8000576,0.0,10.0,1.114311229115493e-07,0.0,1.3920085478780995e-06,1.503439670789649e-06,Canada,CAN,,gcp,northamerica-northeast2,Linux-6.8.0-1032-gcp-x86_64-with-glibc2.35,3.10.12,3.0.4,2,Intel(R) Xeon(R) CPU @ 2.60GHz,,,,,15.61648178100586,machine,Y,1.0
2025-08-08T11:07:05,scikit-learn-benchmark,753d6806-7fd2-4c20-80e9-3b828230b09c,scikit-learn_SCL001_d880725b,1.002384033985436,7.06623748301839e-08,7.049431398985209e-08,0.8,0.0,10.0,1.1142256462739577e-07,0.0,1.392032218993538e-06,1.503454783620934e-06,Canada,CAN,,gcp,northamerica-northeast2,Linux-6.8.0-1032-gcp-x86_64-with-glibc2.35,3.10.12,3.0.4,2,Intel(R) Xeon(R) CPU @ 2.60GHz,,,,,15.61648178100586,machine,Y,1.0
2025-08-08T11:07:08,scikit-learn-benchmark,c31ae6a9-8c02-47ec-9dbc-4f74c7af1cd3,scikit-learn_SCL001_d880725b,1.0024279272183776,7.065697984958611e-08,7.04858453471574e-08,0.8000072,0.0,10.0,1.1142400815698225e-07,0.0,1.3919159886427224e-06,1.5033399967997049e-06,Canada,CAN,,gcp,northamerica-northeast2,Linux-6.8.0-1032-gcp-x86_64-with-glibc2.35,3.10.12,3.0.4,2,Intel(R) Xeon(R) CPU @ 2.60GHz,,,,,15.61648178100586,machine,Y,1.0
2025-08-08T11:07:10,scikit-learn-benchmark,413146e9-691b-43ec-af74-e5281ac2e1c0,scikit-learn_SCL001_d880725b,1.0023530959151683,7.066088483566452e-08,7.049500333128588e-08,0.8000576,0.0,10.0,1.1143045417379509e-07,0.0,1.3919926274360884e-06,1.5034230816098837e-06,Canada,CAN,,gcp,northamerica-northeast2,Linux-6.8.0-1032-gcp-x86_64-with-glibc2.35,3.10.12,3.0.4,2,Intel(R) Xeon(R) CPU @ 2.60GHz,,,,,15.61648178100586,machine,Y,1.0
2025-08-08T11:07:12,scikit-learn-benchmark,a5dfd875-722b-478b-b858-ddd526ce42f6,scikit-learn_SCL001_d880725b,1.0023926980793476,7.065548176292537e-08,7.048682806479545e-08,0.8,0.0,10.0,1.1142232175916437e-07,0.0,1.3918858008562691e-06,1.5033081226154337e-06,Canada,CAN,,gcp,northamerica-northeast2,Linux-6.8.0-1032-gcp-x86_64-with-glibc2.35,3.10.12,3.0.4,2,Intel(R) Xeon(R) CPU @ 2.60GHz,,,,,15.61648178100586,machine,Y,1.0
2025-08-08T11:07:14,scikit-learn-benchmark,bfc1faab-aeba-4598-9320-f71531d58b74,scikit-learn_SCL001_d880725b,1.00220295926556,7.065287109590427e-08,7.049756782566326e-08,0.8024696,0.0,10.0,1.1172039883391321e-07,0.0,1.3915321776746877e-06,1.503252576508601e-06,Canada,CAN,,gcp,northamerica-northeast2,Linux-6.8.0-1032-gcp-x86_64-with-glibc2.35,3.10.12,3.0.4,2,Intel(R) Xeon(R) CPU @ 2.60GHz,,,,,15.61648178100586,machine,Y,1.0
2025-08-08T11:07:16,scikit-learn-benchmark,9c32eb83-6562-420c-a18e-349185d141c9,scikit-learn_SCL001_d880725b,1.002406601794064,7.065562239071975e-08,7.048599067909506e-08,0.8,0.0,10.0,1.1142126129319273e-07,0.0,1.3918898534029722e-06,1.5033111146961649e-06,Canada,CAN,,gcp,northamerica-northeast2,Linux-6.8.0-1032-gcp-x86_64-with-glibc2.35,3.10.12,3.0.4,2,Intel(R) Xeon(R) CPU @ 2.60GHz,,,,,15.61648178100586,machine,Y,1.0
2025-08-08T11:07:18,scikit-learn-benchmark,c7b33cc7-001d-43b2-8064-8c925a442514,scikit-learn_SCL001_d880725b,1.00239890627563,7.066249077047946e-08,7.049338374981165e-08,0.8,0.0,10.0,1.1142731447600657e-07,0.0,1.392029935959727e-06,1.5034572504357333e-06,Canada,CAN,,gcp,northamerica-northeast2,Linux-6.8.0-1032-gcp-x86_64-with-glibc2.35,3.10.12,3.0.4,2,Intel(R) Xeon(R) CPU @ 2.60GHz,,,,,15.61648178100586,machine,Y,1.0
2025-08-08T11:07:21,scikit-learn-benchmark,09f09bf7-45f1-4664-900a-879e9fb67ffa,scikit-learn_SCL001_d880725b,1.002424601931125,7.068853480310311e-08,7.051755779629201e-08,0.8036864,0.0,10.0,1.1194336984545005e-07,0.0,1.3920680089439782e-06,1.504011378789428e-06,Canada,CAN,,gcp,northamerica-northeast2,Linux-6.8.0-1032-gcp-x86_64-with-glibc2.35,3.10.12,3.0.4,2,Intel(R) Xeon(R) CPU @ 2.60GHz,,,,,15.61648178100586,machine,Y,1.0
2025-08-08T11:07:23,scikit-learn-benchmark,19605a0e-e1c1-4af1-9e16-93d7dac78f67,scikit-learn_SCL001_d880725b,1.0023493492044508,7.065542454784738e-08,7.048981934684298e-08,0.8,0.0,10.0,1.1141514912661581e-07,0.0,1.3918917561467325e-06,1.503306905273348e-06,Canada,CAN,,gcp,northamerica-northeast2,Linux-6.8.0-1032-gcp-x86_64-with-glibc2.35,3.10.12,3.0.4,2,Intel(R) Xeon(R) CPU @ 2.60GHz,,,,,15.61648178100586,machine,Y,1.0
2025-08-08T11:07:25,scikit-learn-benchmark,a2ec363d-d617-41f9-b772-ca4e108e3f6b,scikit-learn_SCL001_d880725b,1.0024585081264377,7.066251324018877e-08,7.048921493245115e-08,0.8,0.0,10.0,1.1142779772894253e-07,0.0,1.3920299307857123e-06,1.5034577285146547e-06,Canada,CAN,,gcp,northamerica-northeast2,Linux-6.8.0-1032-gcp-x86_64-with-glibc2.35,3.10.12,3.0.4,2,Intel(R) Xeon(R) CPU @ 2.60GHz,,,,,15.61648178100586,machine,Y,1.0
2025-08-08T11:07:28,scikit-learn-benchmark,e4d5d983-3bd9-413f-a79c-300aa58c35cd,scikit-learn_SCL001_d880725b,1.0024909540079534,7.066386167565362e-08,7.048827861552254e-08,0.8,0.0,10.0,1.1143414903846053e-07,0.0,1.392052269592467e-06,1.503486418630928e-06,Canada,CAN,,gcp,northamerica-northeast2,Linux-6.8.0-1032-gcp-x86_64-with-glibc2.35,3.10.12,3.0.4,2,Intel(R) Xeon(R) CPU @ 2.60GHz,,,,,15.61648178100586,machine,Y,1.0
2025-08-08T11:07:30,scikit-learn-benchmark,aa95bd15-1f88-44e0-bed3-3f98eef07297,scikit-learn_SCL001_d880725b,1.0023543750867248,7.06570986676444e-08,7.049113609299213e-08,0.8,0.0,10.0,1.1142096896138457e-07,0.0,1.391921555882113e-06,1.5033425248434976e-06,Canada,CAN,,gcp,northamerica-northeast2,Linux-6.8.0-1032-gcp-x86_64-with-glibc2.35,3.10.12,3.0.4,2,Intel(R) Xeon(R) CPU @ 2.60GHz,,,,,15.61648178100586,machine,Y,1.0
2025-08-08T11:07:32,scikit-learn-benchmark,7de741b5-8a54-47f1-a600-a5c5fd77fc1e,scikit-learn_SCL001_d880725b,1.0023560100235045,7.065901155242075e-08,7.049292950392331e-08,0.8,0.0,10.0,1.1142119620409281e-07,0.0,1.3919620283154978e-06,1.5033832245195906e-06,Canada,CAN,,gcp,northamerica-northeast2,Linux-6.8.0-1032-gcp-x86_64-with-glibc2.35,3.10.12,3.0.4,2,Intel(R) Xeon(R) CPU @ 2.60GHz,,,,,15.61648178100586,machine,Y,1.0
2025-08-08T11:07:34,scikit-learn-benchmark,a3c7a427-db76-4ae5-941f-6391981465c8,scikit-learn_SCL001_d880725b,1.0023900531232357,7.066024887955025e-08,7.049176980496548e-08,0.8,0.0,10.0,1.1142340623256237e-07,0.0,1.391986144396166e-06,1.5034095506287284e-06,Canada,CAN,,gcp,northamerica-northeast2,Linux-6.8.0-1032-gcp-x86_64-with-glibc2.35,3.10.12,3.0.4,2,Intel(R) Xeon(R) CPU @ 2.60GHz,,,,,15.61648178100586,machine,Y,1.0
2025-08-08T11:07:36,scikit-learn-benchmark,1a4c7203-cdcc-4ed9-a836-69f9459f9f07,scikit-learn_SCL001_d880725b,1.002413366921246,7.065893154906936e-08,7.048881617180255e-08,0.8,0.0,10.0,1.114268967260917e-07,0.0,1.391954625594533e-06,1.5033815223206248e-06,Canada,CAN,,gcp,northamerica-northeast2,Linux-6.8.0-1032-gcp-x86_64-with-glibc2.35,3.10.12,3.0.4,2,Intel(R) Xeon(R) CPU @ 2.60GHz,,,,,15.61648178100586,machine,Y,1.0
2025-08-08T11:07:38,scikit-learn-benchmark,114083ef-81f6-43f1-a968-9d80237fbba5,scikit-learn_SCL001_d880725b,1.0023279944434762,7.065539986076511e-08,7.04912965141667e-08,0.8000072,0.0,10.0,1.1141576215269325e-07,0.0,1.3918906178635858e-06,1.503306380016279e-06,Canada,CAN,,gcp,northamerica-northeast2,Linux-6.8.0-1032-gcp-x86_64-with-glibc2.35,3.10.12,3.0.4,2,Intel(R) Xeon(R) CPU @ 2.60GHz,,,,,15.61648178100586,machine,Y,1.0
2025-08-08T11:07:40,scikit-learn-benchmark,574834f6-22fc-470a-88c3-2a6cc8d33e08,scikit-learn_SCL001_d880725b,1.0024084872566164,7.06563577411386e-08,7.048659168330702e-08,0.8,0.0,10.0,1.1142026094926729e-07,0.0,1.39190649950049e-06,1.503326760449757e-06,Canada,CAN,,gcp,northamerica-northeast2,Linux-6.8.0-1032-gcp-x86_64-with-glibc2.35,3.10.12,3.0.4,2,Intel(R) Xeon(R) CPU @ 2.60GHz,,,,,15.61648178100586,machine,Y,1.0
2025-08-08T11:07:43,scikit-learn-benchmark,344cdd4e-bb28-407a-859d-6c3a298715de,scikit-learn_SCL001_d880725b,1.0023386310786009,7.065705726899195e-08,7.049220201456166e-08,0.8000576,0.0,10.0,1.1142900813965089e-07,0.0,1.391912635881454e-06,1.5033416440211048e-06,Canada,CAN,,gcp,northamerica-northeast2,Linux-6.8.0-1032-gcp-x86_64-with-glibc2.35,3.10.12,3.0.4,2,Intel(R) Xeon(R) CPU @ 2.60GHz,,,,,15.61648178100586,machine,Y,1.0
2025-08-08T11:07:45,scikit-learn-benchmark,8c458ba7-29ce-426d-a7a1-ab3f5ebdc00e,scikit-learn_SCL001_d880725b,1.0023446530103683,7.065110881704218e-08,7.04858439707877e-08,0.8,0.0,10.0,1.1140659306612281e-07,0.0,1.3918084881475405e-06,1.503215081213663e-06,Canada,CAN,,gcp,northamerica-northeast2,Linux-6.8.0-1032-gcp-x86_64-with-glibc2.35,3.10.12,3.0.4,2,Intel(R) Xeon(R) CPU @ 2.60GHz,,,,,15.61648178100586,machine,Y,1.0
2025-08-08T11:07:47,scikit-learn-benchmark,1750ec13-ea7a-40dd-b207-1552a21f5944,scikit-learn_SCL001_d880725b,1.0025217640213668,7.067278969365483e-08,7.049501789384452e-08,0.8,0.0,10.0,1.1144778422183461e-07,0.0,1.3922285922389064e-06,1.503676376460741e-06,Canada,CAN,,gcp,northamerica-northeast2,Linux-6.8.0-1032-gcp-x86_64-with-glibc2.35,3.10.12,3.0.4,2,Intel(R) Xeon(R) CPU @ 2.60GHz,,,,,15.61648178100586,machine,Y,1.0
2025-08-08T11:07:49,scikit-learn-benchmark,f5c9039c-501a-43b8-80e0-3421addc187c,scikit-learn_SCL001_d880725b,1.0024726795963943,7.066769781677675e-08,7.049339024902732e-08,0.8,0.0,10.0,1.1143580596480105e-07,0.0,1.3921322326900231e-06,1.5035680386548242e-06,Canada,CAN,,gcp,northamerica-northeast2,Linux-6.8.0-1032-gcp-x86_64-with-glibc2.35,3.10.12,3.0.4,2,Intel(R) Xeon(R) CPU @ 2.60GHz,,,,,15.61648178100586,machine,Y,1.0
2025-08-08T11:07:51,scikit-learn-benchmark,cf5f6792-eaa4-4a6b-9806-c3f13f3df5c7,scikit-learn_SCL001_d880725b,1.002420738339424,7.066092470712546e-08,7.049028616883959e-08,0.8,0.0,10.0,1.1142430982242029e-07,0.0,1.3919996201164192e-06,1.5034239299388396e-06,Canada,CAN,,gcp,northamerica-northeast2,Linux-6.8.0-1032-gcp-x86_64-with-glibc2.35,3.10.12,3.0.4,2,Intel(R) Xeon(R) CPU @ 2.60GHz,,,,,15.61648178100586,machine,Y,1.0
2025-08-08T11:07:53,scikit-learn-benchmark,1093457a-735b-434b-b768-c37c481f431d,scikit-learn_SCL001_d880725b,1.0024655018933115,7.066854218419434e-08,7.049473727597192e-08,0.8,0.0,10.0,1.1143748731248909e-07,0.0,1.3921485166065395e-06,1.5035860039190289e-06,Canada,CAN,,gcp,northamerica-northeast2,Linux-6.8.0-1032-gcp-x86_64-with-glibc2.35,3.10.12,3.0.4,2,Intel(R) Xeon(R) CPU @ 2.60GHz,,,,,15.61648178100586,machine,Y,1.0
2025-08-08T11:07:56,scikit-learn-benchmark,ee37ac5d-25a7-4651-bf7c-1c700f49bd73,scikit-learn_SCL001_d880725b,1.0025358349084854,7.068915643379894e-08,7.051035381717969e-08,0.8036864,0.0,10.0,1.1195770844354233e-07,0.0,1.392066896530903e-06,1.5040246049744454e-06,Canada,CAN,,gcp,northamerica-northeast2,Linux-6.8.0-1032-gcp-x86_64-with-glibc2.35,3.10.12,3.0.4,2,Intel(R) Xeon(R) CPU @ 2.60GHz,,,,,15.61648178100586,machine,Y,1.0
2025-08-08T11:07:58,scikit-learn-benchmark,c1e608f6-995a-44a7-806b-f49e28964da2,scikit-learn_SCL001_d880725b,1.0024287020787597,7.066134909768072e-08,7.049014952499728e-08,0.8,0.0,10.0,1.1142616305086349e-07,0.0,1.3920067964742585e-06,1.5034329595251218e-06,Canada,CAN,,gcp,northamerica-northeast2,Linux-6.8.0-1032-gcp-x86_64-with-glibc2.35,3.10.12,3.0.4,2,Intel(R) Xeon(R) CPU @ 2.60GHz,,,,,15.61648178100586,machine,Y,1.0
2025-08-08T11:08:00,scikit-learn-benchmark,630bea75-07b1-4b00-90c6-9e3094e61b63,scikit-learn_SCL001_d880725b,1.0024064159952104,7.066330034757149e-08,7.049366326872065e-08,0.8001944000000001,0.0,10.0,1.1145352290285162e-07,0.0,1.3920209525773922e-06,1.503474475480244e-06,Canada,CAN,,gcp,northamerica-northeast2,Linux-6.8.0-1032-gcp-x86_64-with-glibc2.35,3.10.12,3.0.4,2,Intel(R) Xeon(R) CPU @ 2.60GHz,,,,,15.61648178100586,machine,Y,1.0
2025-08-08T11:08:02,scikit-learn-benchmark,b3157f6b-4260-4e16-9e2c-1260766fc82f,scikit-learn_SCL001_d880725b,1.002501614857465,7.066911402248646e-08,7.049276826604827e-08,0.8000072,0.0,10.0,1.1144063965824133e-07,0.0,1.3921575310329595e-06,1.5035981706912011e-06,Canada,CAN,,gcp,northamerica-northeast2,Linux-6.8.0-1032-gcp-x86_64-with-glibc2.35,3.10.12,3.0.4,2,Intel(R) Xeon(R) CPU @ 2.60GHz,,,,,15.61648178100586,machine,Y,1.0
2025-08-08T11:08:04,scikit-learn-benchmark,bf4407ee-83fa-44f4-993a-6687a7ae83ab,scikit-learn_SCL001_d880725b,1.0024549327790735,7.066979106434261e-08,7.049672634003309e-08,0.8000072,0.0,10.0,1.1144257672314969e-07,0.0,1.392169999113927e-06,1.503612575837077e-06,Canada,CAN,,gcp,northamerica-northeast2,Linux-6.8.0-1032-gcp-x86_64-with-glibc2.35,3.10.12,3.0.4,2,Intel(R) Xeon(R) CPU @ 2.60GHz,,,,,15.61648178100586,machine,Y,1.0
2025-08-08T11:08:06,scikit-learn-benchmark,40020187-c802-4ed6-91f3-1f876711cbf4,scikit-learn_SCL001_d880725b,1.0024055489338934,7.065584692881095e-08,7.048628871214533e-08,0.8000072,0.0,10.0,1.1141831389603289e-07,0.0,1.3918975782063271e-06,1.5033158921023602e-06,Canada,CAN,,gcp,northamerica-northeast2,Linux-6.8.0-1032-gcp-x86_64-with-glibc2.35,3.10.12,3.0.4,2,Intel(R) Xeon(R) CPU @ 2.60GHz,,,,,15.61648178100586,machine,Y,1.0
2025-08-08T11:08:09,scikit-learn-benchmark,7334d3fe-6b8f-4664-98e5-494a4532e460,scikit-learn_SCL001_d880725b,1.00245413929224,7.066440814919772e-08,7.049141240425095e-08,0.8,0.0,10.0,1.114305891096592e-07,0.0,1.3920674566179517e-06,1.5034980457276107e-06,Canada,CAN,,gcp,northamerica-northeast2,Linux-6.8.0-1032-gcp-x86_64-with-glibc2.35,3.10.12,3.0.4,2,Intel(R) Xeon(R) CPU @ 2.60GHz,,,,,15.61648178100586,machine,Y,1.0
2025-08-08T11:08:11,scikit-learn-benchmark,f1e8822b-1016-4334-a3c2-3bbf8063cf27,scikit-learn_SCL001_d880725b,1.002430479042232,7.066242811792634e-08,7.049110097434434e-08,0.8,0.0,10.0,1.114300120001038e-07,0.0,1.3920259054025844e-06,1.503455917402688e-06,Canada,CAN,,gcp,northamerica-northeast2,Linux-6.8.0-1032-gcp-x86_64-with-glibc2.35,3.10.12,3.0.4,2,Intel(R) Xeon(R) CPU @ 2.60GHz,,,,,15.61648178100586,machine,Y,1.0
2025-08-08T11:08:13,scikit-learn-benchmark,f10cb483-93fc-4fee-8679-6ef88459e975,scikit-learn_SCL001_d880725b,1.002511037979275,7.067348605766893e-08,7.049646675224933e-08,0.8,0.0,10.0,1.1144671754704581e-07,0.0,1.3922444751693143e-06,1.5036911927163602e-06,Canada,CAN,,gcp,northamerica-northeast2,Linux-6.8.0-1032-gcp-x86_64-with-glibc2.35,3.10.12,3.0.4,2,Intel(R) Xeon(R) CPU @ 2.60GHz,,,,,15.61648178100586,machine,Y,1.0
2025-08-08T11:08:15,scikit-learn-benchmark,eedc4903-a1e2-43ae-95c6-198647f7610e,scikit-learn_SCL001_d880725b,1.0024876021780074,7.066923269976138e-08,7.049387199026225e-08,0.8,0.0,10.0,1.1144211308823693e-07,0.0,1.392158582651367e-06,1.503600695739604e-06,Canada,CAN,,gcp,northamerica-northeast2,Linux-6.8.0-1032-gcp-x86_64-with-glibc2.35,3.10.12,3.0.4,2,Intel(R) Xeon(R) CPU @ 2.60GHz,,,,,15.61648178100586,machine,Y,1.0
2025-08-08T11:08:17,scikit-learn-benchmark,47c69aa2-0f20-460d-8ada-e73a0632740b,scikit-learn_SCL001_d880725b,1.00240737805143,7.082259912945096e-08,7.065251182320938e-08,0.8243,0.0,10.0,1.148143382271778e-07,0.0,1.3920494730377363e-06,1.506863811264914e-06,Canada,CAN,,gcp,northamerica-northeast2,Linux-6.8.0-1032-gcp-x86_64-with-glibc2.35,3.10.12,3.0.4,2,Intel(R) Xeon(R) CPU @ 2.60GHz,,,,,15.61648178100586,machine,Y,1.0
2025-08-08T11:08:19,scikit-learn-benchmark,1b63ae4d-42ec-491b-9beb-16f847a3a902,scikit-learn_SCL001_d880725b,1.0024507609196007,7.066617502591573e-08,7.049341252540917e-08,0.8000072,0.0,10.0,1.1143505043072761e-07,0.0,1.3921005884185431e-06,1.503535638849271e-06,Canada,CAN,,gcp,northamerica-northeast2,Linux-6.8.0-1032-gcp-x86_64-with-glibc2.35,3.10.12,3.0.4,2,Intel(R) Xeon(R) CPU @ 2.60GHz,,,,,15.61648178100586,machine,Y,1.0
2025-08-08T11:08:22,scikit-learn-benchmark,a039dc7a-6f49-4c49-8138-70416ed40f25,scikit-learn_SCL001_d880725b,1.0024550762027502,7.066603975226347e-08,7.049297412901825e-08,0.8000072,0.0,10.0,1.1143350845710729e-07,0.0,1.3920992522293494e-06,1.5035327606864568e-06,Canada,CAN,,gcp,northamerica-northeast2,Linux-6.8.0-1032-gcp-x86_64-with-glibc2.35,3.10.12,3.0.4,2,Intel(R) Xeon(R) CPU @ 2.60GHz,,,,,15.61648178100586,machine,Y,1.0
2025-08-08T11:08:24,scikit-learn-benchmark,c249d2c7-b281-44c0-ad54-81cdca7545db,scikit-learn_SCL001_d880725b,1.0023250291123986,7.065242453768024e-08,7.048853663790672e-08,0.8,0.0,10.0,1.1140808711449305e-07,0.0,1.3918349881552989e-06,1.5032430752697918e-06,Canada,CAN,,gcp,northamerica-northeast2,Linux-6.8.0-1032-gcp-x86_64-with-glibc2.35,3.10.12,3.0.4,2,Intel(R) Xeon(R) CPU @ 2.60GHz,,,,,15.61648178100586,machine,Y,1.0
2025-08-08T11:08:26,scikit-learn-benchmark,f4917ef5-12bc-47fe-8a45-6709feec84da,scikit-learn_SCL001_d880725b,1.002483787946403,7.067274368668182e-08,7.049764249201036e-08,0.8,0.0,10.0,1.1144372551805445e-07,0.0,1.3922316720709205e-06,1.503675397588975e-06,Canada,CAN,,gcp,northamerica-northeast2,Linux-6.8.0-1032-gcp-x86_64-with-glibc2.35,3.10.12,3.0.4,2,Intel(R) Xeon(R) CPU @ 2.60GHz,,,,,15.61648178100586,machine,Y,1.0
2025-08-08T11:08:28,scikit-learn-benchmark,d39437a4-fd9c-47a5-82c9-ed8fe24ed21a,scikit-learn_SCL001_d880725b,1.0024801213294268,7.066170770597334e-08,7.048689166251614e-08,0.8,0.0,10.0,1.114301000618273e-07,0.0,1.3920104894269673e-06,1.5034405894887946e-06,Canada,CAN,,gcp,northamerica-northeast2,Linux-6.8.0-1032-gcp-x86_64-with-glibc2.35,3.10.12,3.0.4,2,Intel(R) Xeon(R) CPU @ 2.60GHz,,,,,15.61648178100586,machine,Y,1.0
2025-08-08T11:08:30,scikit-learn-benchmark,2cfc01e2-9808-40e5-a9e8-3fb75afc5188,scikit-learn_SCL001_d880725b,1.0023695351555943,7.066307165866925e-08,7.049602884000307e-08,0.8,0.0,10.0,1.1142104088018338e-07,0.0,1.3920485688787367e-06,1.5034696097589202e-06,Canada,CAN,,gcp,northamerica-northeast2,Linux-6.8.0-1032-gcp-x86_64-with-glibc2.35,3.10.12,3.0.4,2,Intel(R) Xeon(R) CPU @ 2.60GHz,,,,,15.61648178100586,machine,Y,1.0
2025-08-08T11:08:32,scikit-learn-benchmark,309d5201-2875-41cb-9785-aaa733476142,scikit-learn_SCL001_d880725b,1.0024727191776035,7.06676970167189e-08,7.049338666761168e-08,0.8,0.0,10.0,1.1143660514305037e-07,0.0,1.3921314164892668e-06,1.5035680216323171e-06,Canada,CAN,,gcp,northamerica-northeast2,Linux-6.8.0-1032-gcp-x86_64-with-glibc2.35,3.10.12,3.0.4,2,Intel(R) Xeon(R) CPU @ 2.60GHz,,,,,15.61648178100586,machine,Y,1.0
2025-08-08T11:08:34,scikit-learn-benchmark,88d7b1dc-2369-4b6b-a573-3200e4b32735,scikit-learn_SCL001_d880725b,1.002555545885116,7.06618961208086e-08,7.048177670637098e-08,0.8,0.0,10.0,1.1143179351670876e-07,0.0,1.392012804798368e-06,1.5034445983150766e-06,Canada,CAN,,gcp,northamerica-northeast2,Linux-6.8.0-1032-gcp-x86_64-with-glibc2.35,3.10.12,3.0.4,2,Intel(R) Xeon(R) CPU @ 2.60GHz,,,,,15.61648178100586,machine,Y,1.0
2025-08-08T11:08:37,scikit-learn-benchmark,0e3603e2-5d70-4fd3-8e62-db072d0edd9f,scikit-learn_SCL001_d880725b,1.002465716097504,7.065921365587361e-08,7.04854166294511e-08,0.8000072,0.0,10.0,1.1142648839480068e-07,0.0,1.3919610361982551e-06,1.5033875245930558e-06,Canada,CAN,,gcp,northamerica-northeast2,Linux-6.8.0-1032-gcp-x86_64-with-glibc2.35,3.10.12,3.0.4,2,Intel(R) Xeon(R) CPU @ 2.60GHz,,,,,15.61648178100586,machine,Y,1.0
2025-08-08T11:08:39,scikit-learn-benchmark,b0a89d23-b54b-4693-8d3c-4749ba2fd333,scikit-learn_SCL001_d880725b,1.0024200729094446,7.068890310363342e-08,7.0518243812162e-08,0.8052488000000001,0.0,10.0,1.1215150634917041e-07,0.0,1.3918677086217537e-06,1.504019214970924e-06,Canada,CAN,,gcp,northamerica-northeast2,Linux-6.8.0-1032-gcp-x86_64-with-glibc2.35,3.10.12,3.0.4,2,Intel(R) Xeon(R) CPU @ 2.60GHz,,,,,15.61648178100586,machine,Y,1.0
2025-08-08T11:08:41,scikit-learn-benchmark,c9a50847-f8e4-45b8-a477-c5893980377f,scikit-learn_SCL001_d880725b,1.0023815496824682,7.066071031973345e-08,7.04928281472431e-08,0.8000072,0.0,10.0,1.1142373496656833e-07,0.0,1.3919956335383986e-06,1.503419368504967e-06,Canada,CAN,,gcp,northamerica-northeast2,Linux-6.8.0-1032-gcp-x86_64-with-glibc2.35,3.10.12,3.0.4,2,Intel(R) Xeon(R) CPU @ 2.60GHz,,,,,15.61648178100586,machine,Y,1.0
2025-08-08T11:08:43,scikit-learn-benchmark,bd8be52e-a2a9-4e09-8dd1-ac522258f9cf,scikit-learn_SCL001_d880725b,1.0024976371787488,7.067230073350271e-08,7.049622673664376e-08,0.8000576,0.0,10.0,1.1145533852448646e-07,0.0,1.3922106345287629e-06,1.5036659730532494e-06,Canada,CAN,,gcp,northamerica-northeast2,Linux-6.8.0-1032-gcp-x86_64-with-glibc2.35,3.10.12,3.0.4,2,Intel(R) Xeon(R) CPU @ 2.60GHz,,,,,15.61648178100586,machine,Y,1.0
2025-08-08T11:08:45,scikit-learn-benchmark,7c5fbb55-99de-4a49-9a79-83615b4dd0b6,scikit-learn_SCL001_d880725b,1.0024264357052743,7.066218174388634e-08,7.049113952603489e-08,0.8,0.0,10.0,1.1143067354957262e-07,0.0,1.392020001852264e-06,1.5034506754018369e-06,Canada,CAN,,gcp,northamerica-northeast2,Linux-6.8.0-1032-gcp-x86_64-with-glibc2.35,3.10.12,3.0.4,2,Intel(R) Xeon(R) CPU @ 2.60GHz,,,,,15.61648178100586,machine,Y,1.0
2025-08-08T11:08:47,scikit-learn-benchmark,59ba52ed-269b-4230-a88b-603ab1fa994f,scikit-learn_SCL001_d880725b,1.002370708156377,7.066258535482404e-08,7.049546118999334e-08,0.8,0.0,10.0,1.1142566241323949e-07,0.0,1.392033600455357e-06,1.5034592628685964e-06,Canada,CAN,,gcp,northamerica-northeast2,Linux-6.8.0-1032-gcp-x86_64-with-glibc2.35,3.10.12,3.0.4,2,Intel(R) Xeon(R) CPU @ 2.60GHz,,,,,15.61648178100586,machine,Y,1.0
2025-08-08T11:08:50,scikit-learn-benchmark,75dcc4ac-9a09-49ae-b6a2-78ada2760057,scikit-learn_SCL001_d880725b,1.0023910007439554,7.066334249891548e-08,7.049478940500315e-08,0.8,0.0,10.0,1.1142878637959561e-07,0.0,1.392046585937755e-06,1.5034753723173503e-06,Canada,CAN,,gcp,northamerica-northeast2,Linux-6.8.0-1032-gcp-x86_64-with-glibc2.35,3.10.12,3.0.4,2,Intel(R) Xeon(R) CPU @ 2.60GHz,,,,,15.61648178100586,machine,Y,1.0
2025-08-08T11:08:52,scikit-learn-benchmark,cb87fabc-d747-49c7-b248-3345fbbb910f,scikit-learn_SCL001_d880725b,1.0024383128620684,7.066308635395643e-08,7.049120673790466e-08,0.8,0.0,10.0,1.1142936680052017e-07,0.0,1.3920405556240844e-06,1.5034699224246043e-06,Canada,CAN,,gcp,northamerica-northeast2,Linux-6.8.0-1032-gcp-x86_64-with-glibc2.35,3.10.12,3.0.4,2,Intel(R) Xeon(R) CPU @ 2.60GHz,,,,,15.61648178100586,machine,Y,1.0
2025-08-08T11:08:54,scikit-learn-benchmark,1d24f252-ef18-4d22-9804-b873e470d043,scikit-learn_SCL001_d880725b,1.0024277241900563,7.065858348500399e-08,7.04874593747842e-08,0.8,0.0,10.0,1.1142673602120745e-07,0.0,1.3919473806810048e-06,1.5033741167022123e-06,Canada,CAN,,gcp,northamerica-northeast2,Linux-6.8.0-1032-gcp-x86_64-with-glibc2.35,3.10.12,3.0.4,2,Intel(R) Xeon(R) CPU @ 2.60GHz,,,,,15.61648178100586,machine,Y,1.0
2025-08-08T11:08:56,scikit-learn-benchmark,aab65805-e9e5-4dc5-b425-dbb01f71deee,scikit-learn_SCL001_d880725b,1.002388252876699,7.066095623147213e-08,7.049260207178819e-08,0.8000576,0.0,10.0,1.114321814876075e-07,0.0,1.3919924191820125e-06,1.50342460066962e-06,Canada,CAN,,gcp,northamerica-northeast2,Linux-6.8.0-1032-gcp-x86_64-with-glibc2.35,3.10.12,3.0.4,2,Intel(R) Xeon(R) CPU @ 2.60GHz,,,,,15.61648178100586,machine,Y,1.0
2025-08-08T11:08:58,scikit-learn-benchmark,2a5984a6-941e-474f-aa3c-f907eb306e84,scikit-learn_SCL001_d880725b,1.0025432631373403,7.066574870324176e-08,7.048648302927263e-08,0.8,0.0,10.0,1.1144183938288029e-07,0.0,1.3920847287711998e-06,1.50352656815408e-06,Canada,CAN,,gcp,northamerica-northeast2,Linux-6.8.0-1032-gcp-x86_64-with-glibc2.35,3.10.12,3.0.4,2,Intel(R) Xeon(R) CPU @ 2.60GHz,,,,,15.61648178100586,machine,Y,1.0
2025-08-08T11:09:00,scikit-learn-benchmark,1fb280a5-6815-4f9a-abbb-a6b577c01d99,scikit-learn_SCL001_d880725b,1.0024409261532128,7.082048226199725e-08,7.064803562416912e-08,0.8238172328000001,0.0,10.0,1.1474768534287129e-07,0.0,1.3920710861889852e-06,1.5068187715318566e-06,Canada,CAN,,gcp,northamerica-northeast2,Linux-6.8.0-1032-gcp-x86_64-with-glibc2.35,3.10.12,3.0.4,2,Intel(R) Xeon(R) CPU @ 2.60GHz,,,,,15.61648178100586,machine,Y,1.0
2025-08-08T11:09:03,scikit-learn-benchmark,1fa0ac7e-4898-42d3-887f-e89921307ecb,scikit-learn_SCL001_d880725b,1.0024675750173628,7.066955069235216e-08,7.049559751708494e-08,0.8,0.0,10.0,1.1144099757075313e-07,0.0,1.3921664639686546e-06,1.5036074615394077e-06,Canada,CAN,,gcp,northamerica-northeast2,Linux-6.8.0-1032-gcp-x86_64-with-glibc2.35,3.10.12,3.0.4,2,Intel(R) Xeon(R) CPU @ 2.60GHz,,,,,15.61648178100586,machine,Y,1.0
2025-08-08T11:09:05,scikit-learn-benchmark,2f386320-7388-4238-ae43-91c3d53cb990,scikit-learn_SCL001_d880725b,1.00240385113284,7.064998793845168e-08,7.048056315686388e-08,0.8,0.0,10.0,1.114117889147667e-07,0.0,1.3917794438182478e-06,1.5031912327330145e-06,Canada,CAN,,gcp,northamerica-northeast2,Linux-6.8.0-1032-gcp-x86_64-with-glibc2.35,3.10.12,3.0.4,2,Intel(R) Xeon(R) CPU @ 2.60GHz,,,,,15.61648178100586,machine,Y,1.0
2025-08-08T11:09:07,scikit-learn-benchmark,107e80a7-b914-4ca7-b43c-3d6caf528639,scikit-learn_SCL001_d880725b,1.002502939198166,7.067005716300465e-08,7.04936159284768e-08,0.8,0.0,10.0,1.114448235473699e-07,0.0,1.3921734139633676e-06,1.5036182375107374e-06,Canada,CAN,,gcp,northamerica-northeast2,Linux-6.8.0-1032-gcp-x86_64-with-glibc2.35,3.10.12,3.0.4,2,Intel(R) Xeon(R) CPU @ 2.60GHz,,,,,15.61648178100586,machine,Y,1.0
2025-08-08T11:09:09,scikit-learn-benchmark,926cd92a-992a-492a-8b71-5f5378d20dc0,scikit-learn_SCL001_d880725b,1.0020562522113323,7.061944039295326e-08,7.047452699098543e-08,0.8,0.0,10.0,1.1135875423335369e-07,0.0,1.3911825307230983e-06,1.502541284956452e-06,Canada,CAN,,gcp,northamerica-northeast2,Linux-6.8.0-1032-gcp-x86_64-with-glibc2.35,3.10.12,3.0.4,2,Intel(R) Xeon(R) CPU @ 2.60GHz,,,,,15.61648178100586,machine,Y,1.0
2025-08-08T11:09:11,scikit-learn-benchmark,17b9355b-42fa-4142-8212-e4d3a2413d35,scikit-learn_SCL001_d880725b,1.002471708226949,7.0663659958945e-08,7.04894306532863e-08,0.8,0.0,10.0,1.114305660335554e-07,0.0,1.392051560752508e-06,1.5034821267860634e-06,Canada,CAN,,gcp,northamerica-northeast2,Linux-6.8.0-1032-gcp-x86_64-with-glibc2.35,3.10.12,3.0.4,2,Intel(R) Xeon(R) CPU @ 2.60GHz,,,,,15.61648178100586,machine,Y,1.0
2025-08-08T11:09:13,scikit-learn-benchmark,1288ca0c-4c82-4c69-8512-01c79c8ad26c,scikit-learn_SCL001_d880725b,1.002390644978732,7.066011133526144e-08,7.049159096727269e-08,0.8,0.0,10.0,1.114218935577406e-07,0.0,1.3919847305967576e-06,1.503406624154498e-06,Canada,CAN,,gcp,northamerica-northeast2,Linux-6.8.0-1032-gcp-x86_64-with-glibc2.35,3.10.12,3.0.4,2,Intel(R) Xeon(R) CPU @ 2.60GHz,,,,,15.61648178100586,machine,Y,1.0
2025-08-08T11:09:16,scikit-learn-benchmark,0056a35e-1442-4051-b70e-0a3e93adda3c,scikit-learn_SCL001_d880725b,1.0024061589501798,7.06591407581129e-08,7.04895317404217e-08,0.8,0.0,10.0,1.1142834576053753e-07,0.0,1.3919576278163328e-06,1.5033859735768702e-06,Canada,CAN,,gcp,northamerica-northeast2,Linux-6.8.0-1032-gcp-x86_64-with-glibc2.35,3.10.12,3.0.4,2,Intel(R) Xeon(R) CPU @ 2.60GHz,,,,,15.61648178100586,machine,Y,1.0
2025-08-08T11:09:18,scikit-learn-benchmark,5d606ca3-205a-429c-87f4-8df2c5c9621c,scikit-learn_SCL001_d880725b,1.0021360260434449,7.067056132566612e-08,7.051992892090919e-08,0.8000072,0.0,10.0,1.114429891992822e-07,0.0,1.3921859751765929e-06,1.503628964375875e-06,Canada,CAN,,gcp,northamerica-northeast2,Linux-6.8.0-1032-gcp-x86_64-with-glibc2.35,3.10.12,3.0.4,2,Intel(R) Xeon(R) CPU @ 2.60GHz,,,,,15.61648178100586,machine,Y,1.0
2025-08-08T11:09:20,scikit-learn-benchmark,f7865702-a9ea-4cc9-b1fe-ff544b6b5c26,scikit-learn_SCL001_d880725b,1.0024466826580465,7.06595860571704e-08,7.048712642732515e-08,0.8,0.0,10.0,1.114311172730393e-07,0.0,1.3919643307518626e-06,1.503395448024902e-06,Canada,CAN,,gcp,northamerica-northeast2,Linux-6.8.0-1032-gcp-x86_64-with-glibc2.35,3.10.12,3.0.4,2,Intel(R) Xeon(R) CPU @ 2.60GHz,,,,,15.61648178100586,machine,Y,1.0
2025-08-08T11:09:22,scikit-learn-benchmark,14a028d7-4e7a-492d-ba67-df7cd475a31c,scikit-learn_SCL001_d880725b,1.00240129372105,7.069209212290576e-08,7.05227462950363e-08,0.8052488000000001,0.0,10.0,1.1215408116509437e-07,0.0,1.3919329852797092e-06,1.5040870664448037e-06,Canada,CAN,,gcp,northamerica-northeast2,Linux-6.8.0-1032-gcp-x86_64-with-glibc2.35,3.10.12,3.0.4,2,Intel(R) Xeon(R) CPU @ 2.60GHz,,,,,15.61648178100586,machine,Y,1.0
2025-08-08T11:09:24,scikit-learn-benchmark,45e452fa-4a5e-4b1f-883e-8e8f5f26e0df,scikit-learn_SCL001_d880725b,1.00238478789106,7.066720892414993e-08,7.049908356333727e-08,0.8000072,0.0,10.0,1.114345568253207e-07,0.0,1.3921230798587205e-06,1.503557636684041e-06,Canada,CAN,,gcp,northamerica-northeast2,Linux-6.8.0-1032-gcp-x86_64-with-glibc2.35,3.10.12,3.0.4,2,Intel(R) Xeon(R) CPU @ 2.60GHz,,,,,15.61648178100586,machine,Y,1.0
2025-08-08T11:09:26,scikit-learn-benchmark,8d00bb9b-608a-45b1-b519-9032e16cb054,scikit-learn_SCL001_d880725b,1.002491013146937,7.067103308035682e-08,7.049542804230449e-08,0.8,0.0,10.0,1.114323511719704e-07,0.0,1.3922066505377492e-06,1.5036390017097196e-06,Canada,CAN,,gcp,northamerica-northeast2,Linux-6.8.0-1032-gcp-x86_64-with-glibc2.35,3.10.12,3.0.4,2,Intel(R) Xeon(R) CPU @ 2.60GHz,,,,,15.61648178100586,machine,Y,1.0
2025-08-08T11:09:28,scikit-learn-benchmark,ccf49d0b-f4b2-4fc6-9c01-4783fa3f55ce,scikit-learn_SCL001_d880725b,1.0023587429895997,7.065886931721536e-08,7.049259540199222e-08,0.8,0.0,10.0,1.1142187969138225e-07,0.0,1.3919583185472423e-06,1.5033801982386249e-06,Canada,CAN,,gcp,northamerica-northeast2,Linux-6.8.0-1032-gcp-x86_64-with-glibc2.35,3.10.12,3.0.4,2,Intel(R) Xeon(R) CPU @ 2.60GHz,,,,,15.61648178100586,machine,Y,1.0
2025-08-08T11:09:31,scikit-learn-benchmark,d6914c2f-2872-41d3-aff4-92dd2372866e,scikit-learn_SCL001_d880725b,1.0023749759420753,7.066298167040159e-08,7.049555641988118e-08,0.8,0.0,10.0,1.1142773708949486e-07,0.0,1.3920399580254322e-06,1.503467695114927e-06,Canada,CAN,,gcp,northamerica-northeast2,Linux-6.8.0-1032-gcp-x86_64-with-glibc2.35,3.10.12,3.0.4,2,Intel(R) Xeon(R) CPU @ 2.60GHz,,,,,15.61648178100586,machine,Y,1.0
2025-08-08T11:09:33,scikit-learn-benchmark,77d0a9de-0419-44eb-85be-370bb7e2f7c0,scikit-learn_SCL001_d880725b,1.0024037789553404,7.066322444296548e-08,7.049377299495767e-08,0.8,0.0,10.0,1.1142979417410165e-07,0.0,1.3920430663145253e-06,1.503472860488627e-06,Canada,CAN,,gcp,northamerica-northeast2,Linux-6.8.0-1032-gcp-x86_64-with-glibc2.35,3.10.12,3.0.4,2,Intel(R) Xeon(R) CPU @ 2.60GHz,,,,,15.61648178100586,machine,Y,1.0
2025-08-08T11:09:35,scikit-learn-benchmark,915ce38d-5e2f-42e5-8b8e-0ba9ced5e5d9,scikit-learn_SCL001_d880725b,1.0024594967253506,7.066731464257466e-08,7.049393504018623e-08,0.8,0.0,10.0,1.1143621502237189e-07,0.0,1.3921236709898546e-06,1.5035598860122266e-06,Canada,CAN,,gcp,northamerica-northeast2,Linux-6.8.0-1032-gcp-x86_64-with-glibc2.35,3.10.12,3.0.4,2,Intel(R) Xeon(R) CPU @ 2.60GHz,,,,,15.61648178100586,machine,Y,1.0
2025-08-08T11:09:37,scikit-learn-benchmark,95e38cb4-bab5-4494-8a29-5a92c5d04c81,scikit-learn_SCL001_d880725b,1.002410733141005,7.066346548811595e-08,7.049352441258828e-08,0.8000576,0.0,10.0,1.1143592008558169e-07,0.0,1.3920420690232682e-06,1.5034779891088498e-06,Canada,CAN,,gcp,northamerica-northeast2,Linux-6.8.0-1032-gcp-x86_64-with-glibc2.35,3.10.12,3.0.4,2,Intel(R) Xeon(R) CPU @ 2.60GHz,,,,,15.61648178100586,machine,Y,1.0
2025-08-08T11:09:39,scikit-learn-benchmark,1f183f42-fe80-4046-ab3e-10c8062395eb,scikit-learn_SCL001_d880725b,1.0023615900427103,7.065787683442708e-08,7.049140503420162e-08,0.8000576,0.0,10.0,1.1142679608928e-07,0.0,1.3919322854942743e-06,1.5033590815835544e-06,Canada,CAN,,gcp,northamerica-northeast2,Linux-6.8.0-1032-gcp-x86_64-with-glibc2.35,3.10.12,3.0.4,2,Intel(R) Xeon(R) CPU @ 2.60GHz,,,,,15.61648178100586,machine,Y,1.0
2025-08-08T11:09:41,scikit-learn-benchmark,84e09eb3-c834-4286-831b-3dffaf95eec6,scikit-learn_SCL001_d880725b,1.002407350577414,7.066334143015805e-08,7.049363852874187e-08,0.8000072,0.0,10.0,1.1142918014822749e-07,0.0,1.3920461694296035e-06,1.503475349577831e-06,Canada,CAN,,gcp,northamerica-northeast2,Linux-6.8.0-1032-gcp-x86_64-with-glibc2.35,3.10.12,3.0.4,2,Intel(R) Xeon(R) CPU @ 2.60GHz,,,,,15.61648178100586,machine,Y,1.0
2025-08-08T11:09:44,scikit-learn-benchmark,445ac023-5981-4146-a6f5-2ece32853902,scikit-learn_SCL001_d880725b,1.0022835610434413,7.080102120526558e-08,7.063971111284833e-08,0.8238172328000001,0.0,10.0,1.1470810899379069e-07,0.0,1.3916965975012216e-06,1.5064047064950122e-06,Canada,CAN,,gcp,northamerica-northeast2,Linux-6.8.0-1032-gcp-x86_64-with-glibc2.35,3.10.12,3.0.4,2,Intel(R) Xeon(R) CPU @ 2.60GHz,,,,,15.61648178100586,machine,Y,1.0
2025-08-08T11:09:46,scikit-learn-benchmark,8c857bed-698c-4f1d-9922-c29030b27812,scikit-learn_SCL001_d880725b,1.0022123740054667,7.06441779379319e-08,7.048823160663407e-08,0.8,0.0,10.0,1.113899757878648e-07,0.0,1.391677639912814e-06,1.5030676157006788e-06,Canada,CAN,,gcp,northamerica-northeast2,Linux-6.8.0-1032-gcp-x86_64-with-glibc2.35,3.10.12,3.0.4,2,Intel(R) Xeon(R) CPU @ 2.60GHz,,,,,15.61648178100586,machine,Y,1.0
2025-08-08T11:09:48,scikit-learn-benchmark,723f487f-6d12-4993-a4a0-5463760058b3,scikit-learn_SCL001_d880725b,1.0023490278981626,7.065957046455392e-08,7.049397814324298e-08,0.8,0.0,10.0,1.1142215267237692e-07,0.0,1.391972963594728e-06,1.5033951162671048e-06,Canada,CAN,,gcp,northamerica-northeast2,Linux-6.8.0-1032-gcp-x86_64-with-glibc2.35,3.10.12,3.0.4,2,Intel(R) Xeon(R) CPU @ 2.60GHz,,,,,15.61648178100586,machine,Y,1.0
2025-08-08T11:09:50,scikit-learn-benchmark,7dc915ca-8113-4439-b7c6-7b855afde7f1,scikit-learn_SCL001_d880725b,1.0023797480389476,7.065897285539863e-08,7.049122150924898e-08,0.8,0.0,10.0,1.1142083464397324e-07,0.0,1.3919615665347212e-06,1.5033824011786944e-06,Canada,CAN,,gcp,northamerica-northeast2,Linux-6.8.0-1032-gcp-x86_64-with-glibc2.35,3.10.12,3.0.4,2,Intel(R) Xeon(R) CPU @ 2.60GHz,,,,,15.61648178100586,machine,Y,1.0
2025-08-08T11:09:52,scikit-learn-benchmark,bd7fa8db-0edd-4096-9b80-ee75c12b5fcc,scikit-learn_SCL001_d880725b,1.0023909523151815,7.066451355499319e-08,7.04959610736532e-08,0.8,0.0,10.0,1.1143095491247044e-07,0.0,1.39206933349164e-06,1.5035002884041104e-06,Canada,CAN,,gcp,northamerica-northeast2,Linux-6.8.0-1032-gcp-x86_64-with-glibc2.35,3.10.12,3.0.4,2,Intel(R) Xeon(R) CPU @ 2.60GHz,,,,,15.61648178100586,machine,Y,1.0
2025-08-08T11:09:54,scikit-learn-benchmark,69ac14e2-a083-4371-9d89-9239a2da99a1,scikit-learn_SCL001_d880725b,1.0020120199769735,7.06117289346229e-08,7.046994200353563e-08,0.8,0.0,10.0,1.1134703726404244e-07,0.0,1.3910301741109127e-06,1.502377211374955e-06,Canada,CAN,,gcp,northamerica-northeast2,Linux-6.8.0-1032-gcp-x86_64-with-glibc2.35,3.10.12,3.0.4,2,Intel(R) Xeon(R) CPU @ 2.60GHz,,,,,15.61648178100586,machine,Y,1.0
2025-08-08T11:09:57,scikit-learn-benchmark,a81d2688-56e2-4d7f-ad6c-6a544fd895df,scikit-learn_SCL001_d880725b,1.0024292501620948,7.066776550312836e-08,7.049651184031318e-08,0.8,0.0,10.0,1.11433950252831e-07,0.0,1.3921355285371342e-06,1.503569478789965e-06,Canada,CAN,,gcp,northamerica-northeast2,Linux-6.8.0-1032-gcp-x86_64-with-glibc2.35,3.10.12,3.0.4,2,Intel(R) Xeon(R) CPU @ 2.60GHz,,,,,15.61648178100586,machine,Y,1.0
2025-08-08T11:09:59,scikit-learn-benchmark,d32183ea-3bb6-4156-ad45-51370c7ae71a,scikit-learn_SCL001_d880725b,1.0024799760431051,7.066878639734166e-08,7.049396305777484e-08,0.8000072,0.0,10.0,1.1144005623113769e-07,0.0,1.392151143712302e-06,1.5035911999434395e-06,Canada,CAN,,gcp,northamerica-northeast2,Linux-6.8.0-1032-gcp-x86_64-with-glibc2.35,3.10.12,3.0.4,2,Intel(R) Xeon(R) CPU @ 2.60GHz,,,,,15.61648178100586,machine,Y,1.0
2025-08-08T11:10:01,scikit-learn-benchmark,c81a9b29-2e92-4ba5-be61-f5e9db3509d1,scikit-learn_SCL001_d880725b,1.002382401842624,7.065849061557357e-08,7.049055379033587e-08,0.8000072,0.0,10.0,1.1142171904897236e-07,0.0,1.3919504217079116e-06,1.503372140756884e-06,Canada,CAN,,gcp,northamerica-northeast2,Linux-6.8.0-1032-gcp-x86_64-with-glibc2.35,3.10.12,3.0.4,2,Intel(R) Xeon(R) CPU @ 2.60GHz,,,,,15.61648178100586,machine,Y,1.0
2025-08-08T11:10:03,scikit-learn-benchmark,fc41f99b-7238-4bd3-b676-d954c3f64367,scikit-learn_SCL001_d880725b,1.002489851322025,7.066253980876205e-08,7.048703756509495e-08,0.8000072,0.0,10.0,1.114408543817674e-07,0.0,1.3920174394216803e-06,1.5034582938034477e-06,Canada,CAN,,gcp,northamerica-northeast2,Linux-6.8.0-1032-gcp-x86_64-with-glibc2.35,3.10.12,3.0.4,2,Intel(R) Xeon(R) CPU @ 2.60GHz,,,,,15.61648178100586,machine,Y,1.0
2025-08-08T11:10:05,scikit-learn-benchmark,44c9f3ac-4239-4c07-af7b-23e5fd196481,scikit-learn_SCL001_d880725b,1.0022256448864937,7.064848205013806e-08,7.049159279708844e-08,0.8000072,0.0,10.0,1.1139291143026897e-07,0.0,1.39176628112586e-06,1.503159192556129e-06,Canada,CAN,,gcp,northamerica-northeast2,Linux-6.8.0-1032-gcp-x86_64-with-glibc2.35,3.10.12,3.0.4,2,Intel(R) Xeon(R) CPU @ 2.60GHz,,,,,15.61648178100586,machine,Y,1.0
2025-08-08T11:10:07,scikit-learn-benchmark,773bb84f-bee2-4815-b264-1bd259e54d20,scikit-learn_SCL001_d880725b,1.0024075000546873,7.065822515150327e-08,7.04885240260557e-08,0.8,0.0,10.0,1.1142804225285849e-07,0.0,1.391938450332317e-06,1.5033664925851755e-06,Canada,CAN,,gcp,northamerica-northeast2,Linux-6.8.0-1032-gcp-x86_64-with-glibc2.35,3.10.12,3.0.4,2,Intel(R) Xeon(R) CPU @ 2.60GHz,,,,,15.61648178100586,machine,Y,1.0
2025-08-08T11:10:10,scikit-learn-benchmark,5a54fd93-6193-4d4a-acf8-31e811f75ee5,scikit-learn_SCL001_d880725b,1.0023671290837228,7.065976937984427e-08,7.04929035775897e-08,0.8,0.0,10.0,1.1142299593322809e-07,0.0,1.3919763525740966e-06,1.5033993485073247e-06,Canada,CAN,,gcp,northamerica-northeast2,Linux-6.8.0-1032-gcp-x86_64-with-glibc2.35,3.10.12,3.0.4,2,Intel(R) Xeon(R) CPU @ 2.60GHz,,,,,15.61648178100586,machine,Y,1.0
2025-08-08T11:10:12,scikit-learn-benchmark,c4b55f49-63cf-4df5-aa3a-5f511894bdc2,scikit-learn_SCL001_d880725b,1.0024507641792295,7.066583707923483e-08,7.049307517571046e-08,0.8,0.0,10.0,1.1143175998909608e-07,0.0,1.3920966885052622e-06,1.5035284484943582e-06,Canada,CAN,,gcp,northamerica-northeast2,Linux-6.8.0-1032-gcp-x86_64-with-glibc2.35,3.10.12,3.0.4,2,Intel(R) Xeon(R) CPU @ 2.60GHz,,,,,15.61648178100586,machine,Y,1.0
2025-08-08T11:10:14,scikit-learn-benchmark,b03808fd-4bfa-4005-a981-acd4f41759c9,scikit-learn_SCL001_d880725b,1.0025241812691092,7.06685541534486e-08,7.049062304311534e-08,0.8,0.0,10.0,1.1144455874131786e-07,0.0,1.3921416998426948e-06,1.5035862585840127e-06,Canada,CAN,,gcp,northamerica-northeast2,Linux-6.8.0-1032-gcp-x86_64-with-glibc2.35,3.10.12,3.0.4,2,Intel(R) Xeon(R) CPU @ 2.60GHz,,,,,15.61648178100586,machine,Y,1.0
2025-08-08T11:10:16,scikit-learn-benchmark,08abb75a-4e3e-40aa-a644-bbb879633495,scikit-learn_SCL001_d880725b,1.0023838048800826,7.066640136152264e-08,7.04983470577686e-08,0.8000072,0.0,10.0,1.1143384352928917e-07,0.0,1.3921066109711923e-06,1.5035404545004818e-06,Canada,CAN,,gcp,northamerica-northeast2,Linux-6.8.0-1032-gcp-x86_64-with-glibc2.35,3.10.12,3.0.4,2,Intel(R) Xeon(R) CPU @ 2.60GHz,,,,,15.61648178100586,machine,Y,1.0
2025-08-08T11:10:18,scikit-learn-benchmark,1015ea5b-06b2-4669-bc93-fe7acd6e3d1c,scikit-learn_SCL001_d880725b,1.002405071631074,7.066446200841003e-08,7.049491668415805e-08,0.8,0.0,10.0,1.1143047000384997e-07,0.0,1.3920687216644488e-06,1.5034991916682986e-06,Canada,CAN,,gcp,northamerica-northeast2,Linux-6.8.0-1032-gcp-x86_64-with-glibc2.35,3.10.12,3.0.4,2,Intel(R) Xeon(R) CPU @ 2.60GHz,,,,,15.61648178100586,machine,Y,1.0
2025-08-08T11:10:20,scikit-learn-benchmark,bcf92055-6ef0-46a1-9fdc-460a277d481d,scikit-learn_SCL001_d880725b,1.002437968738377,7.06632624997022e-08,7.049140665395563e-08,0.8000576,0.0,10.0,1.1143451803372553e-07,0.0,1.3920391521727044e-06,1.5034736702064298e-06,Canada,CAN,,gcp,northamerica-northeast2,Linux-6.8.0-1032-gcp-x86_64-with-glibc2.35,3.10.12,3.0.4,2,Intel(R) Xeon(R) CPU @ 2.60GHz,,,,,15.61648178100586,machine,Y,1.0
2025-08-08T11:10:22,scikit-learn-benchmark,ec2d067d-c468-4a08-aeed-b29f465507b5,scikit-learn_SCL001_d880725b,1.0016427501104772,7.761143061179332e-08,7.748414352645502e-08,1.8719144,0.0,10.0,2.604715803303606e-07,0.0,1.3908354539631142e-06,1.6513070342934748e-06,Canada,CAN,,gcp,northamerica-northeast2,Linux-6.8.0-1032-gcp-x86_64-with-glibc2.35,3.10.12,3.0.4,2,Intel(R) Xeon(R) CPU @ 2.60GHz,,,,,15.61648178100586,machine,Y,1.0
2025-08-08T11:10:25,scikit-learn-benchmark,07ea7587-f53c-4050-ab0e-e86d7caab2a8,scikit-learn_SCL001_d880725b,1.0024584410712123,7.066462290514676e-08,7.049132413871999e-08,0.8,0.0,10.0,1.1143062336163388e-07,0.0,1.3920719916414882e-06,1.503502615003122e-06,Canada,CAN,,gcp,northamerica-northeast2,Linux-6.8.0-1032-gcp-x86_64-with-glibc2.35,3.10.12,3.0.4,2,Intel(R) Xeon(R) CPU @ 2.60GHz,,,,,15.61648178100586,machine,Y,1.0
2025-08-08T11:10:27,scikit-learn-benchmark,34ff683a-f2a5-4de8-8f0e-3725b0b476bd,scikit-learn_SCL001_d880725b,1.0021522380411625,7.65379838480666e-08,7.637360966001542e-08,1.7000000000000002,0.0,10.0,2.367126245517284e-07,0.0,1.3917551168964971e-06,1.6284677414482256e-06,Canada,CAN,,gcp,northamerica-northeast2,Linux-6.8.0-1032-gcp-x86_64-with-glibc2.35,3.10.12,3.0.4,2,Intel(R) Xeon(R) CPU @ 2.60GHz,,,,,15.61648178100586,machine,Y,1.0
2025-08-08T11:10:29,scikit-learn-benchmark,d3a181ab-d70f-4ae5-86de-851c902c870f,scikit-learn_SCL001_d880725b,1.002550745382905,7.068495827659758e-08,7.050511767322145e-08,0.8,0.0,10.0,1.1146274581551556e-07,0.0,1.3924725366652842e-06,1.5039352824807996e-06,Canada,CAN,,gcp,northamerica-northeast2,Linux-6.8.0-1032-gcp-x86_64-with-glibc2.35,3.10.12,3.0.4,2,Intel(R) Xeon(R) CPU @ 2.60GHz,,,,,15.61648178100586,machine,Y,1.0
2025-08-08T11:10:31,scikit-learn-benchmark,7ea4003f-508a-4e46-96c1-7fd0e7c954e2,scikit-learn_SCL001_d880725b,1.0024449517950416,7.066220615476239e-08,7.048986184052317e-08,0.8000072,0.0,10.0,1.114334449196398e-07,0.0,1.3920177498625384e-06,1.5034511947821785e-06,Canada,CAN,,gcp,northamerica-northeast2,Linux-6.8.0-1032-gcp-x86_64-with-glibc2.35,3.10.12,3.0.4,2,Intel(R) Xeon(R) CPU @ 2.60GHz,,,,,15.61648178100586,machine,Y,1.0
2025-08-08T11:10:33,scikit-learn-benchmark,cd3bca1f-a645-4528-a255-382f4645628f,scikit-learn_SCL001_d880725b,1.0023971791379154,7.066365164223439e-08,7.04946633060228e-08,0.8,0.0,10.0,1.1142839708675941e-07,0.0,1.3920535527480146e-06,1.503481949834774e-06,Canada,CAN,,gcp,northamerica-northeast2,Linux-6.8.0-1032-gcp-x86_64-with-glibc2.35,3.10.12,3.0.4,2,Intel(R) Xeon(R) CPU @ 2.60GHz,,,,,15.61648178100586,machine,Y,1.0
2025-08-08T11:10:35,scikit-learn-benchmark,6dc55823-1cd0-494f-a026-85749e881ed2,scikit-learn_SCL001_d880725b,1.00241653714329,7.066372807844214e-08,7.049337821163772e-08,0.8000576,0.0,10.0,1.1143697338376525e-07,0.0,1.3920466027533016e-06,1.5034835761370669e-06,Canada,CAN,,gcp,northamerica-northeast2,Linux-6.8.0-1032-gcp-x86_64-with-glibc2.35,3.10.12,3.0.4,2,Intel(R) Xeon(R) CPU @ 2.60GHz,,,,,15.61648178100586,machine,Y,1.0
2025-08-08T11:10:38,scikit-learn-benchmark,4d999794-c29e-412f-be44-81842a69bb85,scikit-learn_SCL001_d880725b,1.0024975761771202,7.065950429563722e-08,7.048346646890364e-08,0.8,0.0,10.0,1.114208276073138e-07,0.0,1.3919728808104994e-06,1.503393708417813e-06,Canada,CAN,,gcp,northamerica-northeast2,Linux-6.8.0-1032-gcp-x86_64-with-glibc2.35,3.10.12,3.0.4,2,Intel(R) Xeon(R) CPU @ 2.60GHz,,,,,15.61648178100586,machine,Y,1.0
2025-08-08T11:10:40,scikit-learn-benchmark,e679fbea-e57d-46d3-9b9f-f07572e79298,scikit-learn_SCL001_d880725b,1.0023949770256877,7.065917024109512e-08,7.049034747835172e-08,0.8,0.0,10.0,1.1142415863772233e-07,0.0,1.391962442236642e-06,1.5033866008743643e-06,Canada,CAN,,gcp,northamerica-northeast2,Linux-6.8.0-1032-gcp-x86_64-with-glibc2.35,3.10.12,3.0.4,2,Intel(R) Xeon(R) CPU @ 2.60GHz,,,,,15.61648178100586,machine,Y,1.0
2025-08-08T11:10:42,scikit-learn-benchmark,07c740ec-3a99-4f43-a590-e5254538ad9b,scikit-learn_SCL001_d880725b,1.0022610630840063,7.064551196262861e-08,7.048613835725487e-08,0.8,0.0,10.0,1.1140056585686077e-07,0.0,1.3916954333480033e-06,1.503095999204864e-06,Canada,CAN,,gcp,northamerica-northeast2,Linux-6.8.0-1032-gcp-x86_64-with-glibc2.35,3.10.12,3.0.4,2,Intel(R) Xeon(R) CPU @ 2.60GHz,,,,,15.61648178100586,machine,Y,1.0
2025-08-08T11:10:44,scikit-learn-benchmark,67292ac9-6726-4762-b04b-2c60a005af0d,scikit-learn_SCL001_d880725b,1.0023814518935978,7.066225688123247e-08,7.049437791146722e-08,0.8,0.0,10.0,1.1142592628796897e-07,0.0,1.3920263477808072e-06,1.503452274068776e-06,Canada,CAN,,gcp,northamerica-northeast2,Linux-6.8.0-1032-gcp-x86_64-with-glibc2.35,3.10.12,3.0.4,2,Intel(R) Xeon(R) CPU @ 2.60GHz,,,,,15.61648178100586,machine,Y,1.0
2025-08-08T11:10:46,scikit-learn-benchmark,f98ce648-b34a-46c1-89c6-e279ce4c0d82,scikit-learn_SCL001_d880725b,1.0024251458235085,7.066329100114626e-08,7.049233680495437e-08,0.8004608000000001,0.0,10.0,1.1149530211428805e-07,0.0,1.391978974505845e-06,1.503474276620133e-06,Canada,CAN,,gcp,northamerica-northeast2,Linux-6.8.0-1032-gcp-x86_64-with-glibc2.35,3.10.12,3.0.4,2,Intel(R) Xeon(R) CPU @ 2.60GHz,,,,,15.61648178100586,machine,Y,1.0
2025-08-08T11:10:48,scikit-learn-benchmark,a1c09b44-8e87-471e-bf79-aa95a27cdcd8,scikit-learn_SCL001_d880725b,1.002388554159552,7.069398642290154e-08,7.052553236920647e-08,0.8052488000000001,0.0,10.0,1.121524901330055e-07,0.0,1.3919748805670277e-06,1.5041273707000328e-06,Canada,CAN,,gcp,northamerica-northeast2,Linux-6.8.0-1032-gcp-x86_64-with-glibc2.35,3.10.12,3.0.4,2,Intel(R) Xeon(R) CPU @ 2.60GHz,,,,,15.61648178100586,machine,Y,1.0
2025-08-08T11:10:51,scikit-learn-benchmark,dacc3bcd-e94b-4801-b47d-54ebb11cfe70,scikit-learn_SCL001_d880725b,1.0023662690073252,7.065963718305445e-08,7.049283217903065e-08,0.8,0.0,10.0,1.1142135514981217e-07,0.0,1.391975180659857e-06,1.5033965358096692e-06,Canada,CAN,,gcp,northamerica-northeast2,Linux-6.8.0-1032-gcp-x86_64-with-glibc2.35,3.10.12,3.0.4,2,Intel(R) Xeon(R) CPU @ 2.60GHz,,,,,15.61648178100586,machine,Y,1.0
2025-08-08T11:10:53,scikit-learn-benchmark,68c36b5c-1661-48c9-ac50-d68d3dd4d9b7,scikit-learn_SCL001_d880725b,1.0024222037754953,7.06639128180859e-08,7.049316401007406e-08,0.8004270968,0.0,10.0,1.1148805092631937e-07,0.0,1.3919994558414652e-06,1.5034875067677846e-06,Canada,CAN,,gcp,northamerica-northeast2,Linux-6.8.0-1032-gcp-x86_64-with-glibc2.35,3.10.12,3.0.4,2,Intel(R) Xeon(R) CPU @ 2.60GHz,,,,,15.61648178100586,machine,Y,1.0
2025-08-08T11:10:55,scikit-learn-benchmark,7565f5bd-29a0-40db-b57a-4e32f84d87c1,scikit-learn_SCL001_d880725b,1.0025069448165596,7.067077332905804e-08,7.049404863922364e-08,0.8,0.0,10.0,1.114426919569572e-07,0.0,1.3921907831293842e-06,1.5036334750863411e-06,Canada,CAN,,gcp,northamerica-northeast2,Linux-6.8.0-1032-gcp-x86_64-with-glibc2.35,3.10.12,3.0.4,2,Intel(R) Xeon(R) CPU @ 2.60GHz,,,,,15.61648178100586,machine,Y,1.0
2025-08-08T11:10:57,scikit-learn-benchmark,4e4d6830-d723-4806-ad42-743e8ffbf39f,scikit-learn_SCL001_d880725b,1.0024424619041383,7.066567141660017e-08,7.049349374364172e-08,0.8000576,0.0,10.0,1.114406011463735e-07,0.0,1.392084322611077e-06,1.5035249237574505e-06,Canada,CAN,,gcp,northamerica-northeast2,Linux-6.8.0-1032-gcp-x86_64-with-glibc2.35,3.10.12,3.0.4,2,Intel(R) Xeon(R) CPU @ 2.60GHz,,,,,15.61648178100586,machine,Y,1.0
2025-08-08T11:10:59,scikit-learn-benchmark,64a781f4-14db-4dca-8b6c-856d3ec5f3bc,scikit-learn_SCL001_d880725b,1.0025225258432329,7.066140005820328e-08,7.04836033472357e-08,0.8,0.0,10.0,1.1142718264212213e-07,0.0,1.392006861149437e-06,1.503434043791559e-06,Canada,CAN,,gcp,northamerica-northeast2,Linux-6.8.0-1032-gcp-x86_64-with-glibc2.35,3.10.12,3.0.4,2,Intel(R) Xeon(R) CPU @ 2.60GHz,,,,,15.61648178100586,machine,Y,1.0
2025-08-08T11:11:01,scikit-learn-benchmark,c1ab0c5d-27e8-4520-9e07-2eb050b8a0a0,scikit-learn_SCL001_d880725b,1.0023677069693804,7.06576425878124e-08,7.049074116867055e-08,0.8,0.0,10.0,1.1142246404455768e-07,0.0,1.3919316335684722e-06,1.5033540976130298e-06,Canada,CAN,,gcp,northamerica-northeast2,Linux-6.8.0-1032-gcp-x86_64-with-glibc2.35,3.10.12,3.0.4,2,Intel(R) Xeon(R) CPU @ 2.60GHz,,,,,15.61648178100586,machine,Y,1.0
2025-08-08T11:11:04,scikit-learn-benchmark,491c20b2-7fc2-4a71-b15e-12899f60f636,scikit-learn_SCL001_d880725b,1.0023689679801464,7.065469695969173e-08,7.048771382265214e-08,0.8,0.0,10.0,1.114184851240781e-07,0.0,1.3918729395502143e-06,1.5032914246742923e-06,Canada,CAN,,gcp,northamerica-northeast2,Linux-6.8.0-1032-gcp-x86_64-with-glibc2.35,3.10.12,3.0.4,2,Intel(R) Xeon(R) CPU @ 2.60GHz,,,,,15.61648178100586,machine,Y,1.0
2025-08-08T11:11:06,scikit-learn-benchmark,1d5c5027-c976-48d3-8540-aa36aef62526,scikit-learn_SCL001_d880725b,1.0023923590779305,7.06592183657009e-08,7.049057958771565e-08,0.8000072,0.0,10.0,1.114252032615619e-07,0.0,1.3919624215405848e-06,1.5033876248021466e-06,Canada,CAN,,gcp,northamerica-northeast2,Linux-6.8.0-1032-gcp-x86_64-with-glibc2.35,3.10.12,3.0.4,2,Intel(R) Xeon(R) CPU @ 2.60GHz,,,,,15.61648178100586,machine,Y,1.0
2025-08-08T11:11:08,scikit-learn-benchmark,0f9e1203-6538-4cc4-b022-036100c83791,scikit-learn_SCL001_d880725b,1.0024239588528872,7.065903162925194e-08,7.048817120264149e-08,0.8,0.0,10.0,1.1142179928719997e-07,0.0,1.3919618523990117e-06,1.5033836516862114e-06,Canada,CAN,,gcp,northamerica-northeast2,Linux-6.8.0-1032-gcp-x86_64-with-glibc2.35,3.10.12,3.0.4,2,Intel(R) Xeon(R) CPU @ 2.60GHz,,,,,15.61648178100586,machine,Y,1.0
2025-08-08T11:11:10,scikit-learn-benchmark,6f90a6ae-252f-4ae6-a5f9-fdb4c0384a92,scikit-learn_SCL001_d880725b,1.0024742693640292,7.085145915355573e-08,7.067658624146433e-08,0.8283990464000001,0.0,10.0,1.153876928447548e-07,0.0,1.3920901614862185e-06,1.5074778543309731e-06,Canada,CAN,,gcp,northamerica-northeast2,Linux-6.8.0-1032-gcp-x86_64-with-glibc2.35,3.10.12,3.0.4,2,Intel(R) Xeon(R) CPU @ 2.60GHz,,,,,15.61648178100586,machine,Y,1.0
2025-08-08T11:11:12,scikit-learn-benchmark,ae9e9507-d985-491c-9013-c55001c71ee1,scikit-learn_SCL001_d880725b,1.0024388921447098,7.066442593285399e-08,7.049250232267827e-08,0.8,0.0,10.0,1.1142984601772493e-07,0.0,1.3920685780855515e-06,1.5034984241032765e-06,Canada,CAN,,gcp,northamerica-northeast2,Linux-6.8.0-1032-gcp-x86_64-with-glibc2.35,3.10.12,3.0.4,2,Intel(R) Xeon(R) CPU @ 2.60GHz,,,,,15.61648178100586,machine,Y,1.0
2025-08-08T11:11:14,scikit-learn-benchmark,5b93dd43-a15d-41ac-8219-4b174ccafde1,scikit-learn_SCL001_d880725b,1.00245225103572,7.066282270312818e-08,7.048996361684088e-08,0.8000072,0.0,10.0,1.1143452174518797e-07,0.0,1.392029791087326e-06,1.503464312832514e-06,Canada,CAN,,gcp,northamerica-northeast2,Linux-6.8.0-1032-gcp-x86_64-with-glibc2.35,3.10.12,3.0.4,2,Intel(R) Xeon(R) CPU @ 2.60GHz,,,,,15.61648178100586,machine,Y,1.0
2025-08-08T11:11:16,scikit-learn-benchmark,60876b3e-3a9b-4f66-9263-3e9161e46583,scikit-learn_SCL001_d880725b,1.0023918710649014,7.065649741324078e-08,7.04878994461299e-08,0.8,0.0,10.0,1.1141694626874393e-07,0.0,1.3919127859278683e-06,1.5033297321966124e-06,Canada,CAN,,gcp,northamerica-northeast2,Linux-6.8.0-1032-gcp-x86_64-with-glibc2.35,3.10.12,3.0.4,2,Intel(R) Xeon(R) CPU @ 2.60GHz,,,,,15.61648178100586,machine,Y,1.0
2025-08-08T11:11:19,scikit-learn-benchmark,32b4d083-afe1-40f5-94be-01891da09e65,scikit-learn_SCL001_d880725b,1.0025680270045996,7.066996796506767e-08,7.048895043682003e-08,0.8,0.0,10.0,1.1145068156636428e-07,0.0,1.3921656581159268e-06,1.503616339682291e-06,Canada,CAN,,gcp,northamerica-northeast2,Linux-6.8.0-1032-gcp-x86_64-with-glibc2.35,3.10.12,3.0.4,2,Intel(R) Xeon(R) CPU @ 2.60GHz,,,,,15.61648178100586,machine,Y,1.0
2025-08-08T11:11:21,scikit-learn-benchmark,b494adda-88af-426c-a4ad-83a818ce8cb1,scikit-learn_SCL001_d880725b,1.0019043548963964,7.066228373545325e-08,7.052797344389246e-08,0.8,0.0,10.0,1.1142809513128469e-07,0.0,1.392024750303891e-06,1.5034528454351757e-06,Canada,CAN,,gcp,northamerica-northeast2,Linux-6.8.0-1032-gcp-x86_64-with-glibc2.35,3.10.12,3.0.4,2,Intel(R) Xeon(R) CPU @ 2.60GHz,,,,,15.61648178100586,machine,Y,1.0
2025-08-08T11:11:23,scikit-learn-benchmark,070b61df-9278-4492-b7e4-596ea1c35aab,scikit-learn_SCL001_d880725b,1.0024627028033135,7.066942372876737e-08,7.049581349126056e-08,0.8,0.0,10.0,1.1143877998822269e-07,0.0,1.3921659801983171e-06,1.5036047601865395e-06,Canada,CAN,,gcp,northamerica-northeast2,Linux-6.8.0-1032-gcp-x86_64-with-glibc2.35,3.10.12,3.0.4,2,Intel(R) Xeon(R) CPU @ 2.60GHz,,,,,15.61648178100586,machine,Y,1.0
2025-08-08T11:11:25,scikit-learn-benchmark,6f88a8e6-4014-4b0f-b1dd-dc2d79c92fa6,scikit-learn_SCL001_d880725b,1.0025054719299078,7.067025653060735e-08,7.049363670261183e-08,0.8,0.0,10.0,1.1144657671037649e-07,0.0,1.3921759026642475e-06,1.5036224793746245e-06,Canada,CAN,,gcp,northamerica-northeast2,Linux-6.8.0-1032-gcp-x86_64-with-glibc2.35,3.10.12,3.0.4,2,Intel(R) Xeon(R) CPU @ 2.60GHz,,,,,15.61648178100586,machine,Y,1.0
2025-08-08T11:11:27,scikit-learn-benchmark,09ac4337-27d7-441e-9392-32ce7ae1ef55,scikit-learn_SCL001_d880725b,1.0023655006662011,7.066269589019545e-08,7.04959377025955e-08,0.8000072,0.0,10.0,1.1142274320258088e-07,0.0,1.3920388714824283e-06,1.5034616146850097e-06,Canada,CAN,,gcp,northamerica-northeast2,Linux-6.8.0-1032-gcp-x86_64-with-glibc2.35,3.10.12,3.0.4,2,Intel(R) Xeon(R) CPU @ 2.60GHz,,,,,15.61648178100586,machine,Y,1.0
2025-08-08T11:11:29,scikit-learn-benchmark,7ba3fa5f-5621-49a3-8b6b-3d52222e10c4,scikit-learn_SCL001_d880725b,1.0024806279689074,7.066327949861687e-08,7.048842394270038e-08,0.8,0.0,10.0,1.1143580068730648e-07,0.0,1.3920382311981583e-06,1.5034740318854648e-06,Canada,CAN,,gcp,northamerica-northeast2,Linux-6.8.0-1032-gcp-x86_64-with-glibc2.35,3.10.12,3.0.4,2,Intel(R) Xeon(R) CPU @ 2.60GHz,,,,,15.61648178100586,machine,Y,1.0
2025-08-08T11:11:32,scikit-learn-benchmark,bacf319f-b34b-412e-95d5-a9cb290ba62a,scikit-learn_SCL001_d880725b,1.0024978923611343,7.069770005432758e-08,7.05215448262108e-08,0.8052488000000001,0.0,10.0,1.1217088610952629e-07,0.0,1.3920354980251029e-06,1.5042063841346291e-06,Canada,CAN,,gcp,northamerica-northeast2,Linux-6.8.0-1032-gcp-x86_64-with-glibc2.35,3.10.12,3.0.4,2,Intel(R) Xeon(R) CPU @ 2.60GHz,,,,,15.61648178100586,machine,Y,1.0
2025-08-08T11:11:34,scikit-learn-benchmark,94b91f6f-5632-4fc6-87f8-08a1b7c9f966,scikit-learn_SCL001_d880725b,1.0024753659963608,7.066627539034535e-08,7.04917824290975e-08,0.8000072,0.0,10.0,1.1143440739844277e-07,0.0,1.3921033668642244e-06,1.5035377742626671e-06,Canada,CAN,,gcp,northamerica-northeast2,Linux-6.8.0-1032-gcp-x86_64-with-glibc2.35,3.10.12,3.0.4,2,Intel(R) Xeon(R) CPU @ 2.60GHz,,,,,15.61648178100586,machine,Y,1.0
2025-08-08T11:11:36,scikit-learn-benchmark,80678f5c-f451-4994-9af9-0631811e6401,scikit-learn_SCL001_d880725b,1.0021792333573103,7.063863267144188e-08,7.048502934430379e-08,0.8,0.0,10.0,1.1137402295652364e-07,0.0,1.3915756083507504e-06,1.502949631307274e-06,Canada,CAN,,gcp,northamerica-northeast2,Linux-6.8.0-1032-gcp-x86_64-with-glibc2.35,3.10.12,3.0.4,2,Intel(R) Xeon(R) CPU @ 2.60GHz,,,,,15.61648178100586,machine,Y,1.0
2025-08-08T11:11:38,scikit-learn-benchmark,a4d62434-7650-4130-93b0-4ddec4534e15,scikit-learn_SCL001_d880725b,1.0024677459150553,7.06692605377897e-08,7.04952960589097e-08,0.8000072,0.0,10.0,1.114410018425022e-07,0.0,1.3921602861955762e-06,1.5036012880380785e-06,Canada,CAN,,gcp,northamerica-northeast2,Linux-6.8.0-1032-gcp-x86_64-with-glibc2.35,3.10.12,3.0.4,2,Intel(R) Xeon(R) CPU @ 2.60GHz,,,,,15.61648178100586,machine,Y,1.0
2025-08-08T11:11:40,scikit-learn-benchmark,731a4d90-3600-49aa-bf0b-cc788da30c5d,scikit-learn_SCL001_d880725b,1.0023601073771715,7.065882393277975e-08,7.049245417165431e-08,0.8,0.0,10.0,1.1142129823565485e-07,0.0,1.3919579343766805e-06,1.503379232612335e-06,Canada,CAN,,gcp,northamerica-northeast2,Linux-6.8.0-1032-gcp-x86_64-with-glibc2.35,3.10.12,3.0.4,2,Intel(R) Xeon(R) CPU @ 2.60GHz,,,,,15.61648178100586,machine,Y,1.0
2025-08-08T11:11:42,scikit-learn-benchmark,0af8cb3f-ee30-4846-b06d-fe9f3e710733,scikit-learn_SCL001_d880725b,1.002481778152287,7.067026862145092e-08,7.049531488912053e-08,0.8,0.0,10.0,1.1143997580640849e-07,0.0,1.3921827608202067e-06,1.5036227366266153e-06,Canada,CAN,,gcp,northamerica-northeast2,Linux-6.8.0-1032-gcp-x86_64-with-glibc2.35,3.10.12,3.0.4,2,Intel(R) Xeon(R) CPU @ 2.60GHz,,,,,15.61648178100586,machine,Y,1.0
2025-08-08T11:11:45,scikit-learn-benchmark,b2b6d9d0-d318-4d98-a4f3-044b912f0d26,scikit-learn_SCL001_d880725b,1.0024701240472496,7.066956629469578e-08,7.049543382837504e-08,0.8,0.0,10.0,1.1144065691365137e-07,0.0,1.392167136590514e-06,1.5036077935041655e-06,Canada,CAN,,gcp,northamerica-northeast2,Linux-6.8.0-1032-gcp-x86_64-with-glibc2.35,3.10.12,3.0.4,2,Intel(R) Xeon(R) CPU @ 2.60GHz,,,,,15.61648178100586,machine,Y,1.0
2025-08-08T11:11:47,scikit-learn-benchmark,0659e8fd-7fdc-4805-952f-f280612c5479,scikit-learn_SCL001_d880725b,1.0023579359985888,7.065781215873236e-08,7.049159748342816e-08,0.8,0.0,10.0,1.1141796554956173e-07,0.0,1.3919397399553822e-06,1.503357705504944e-06,Canada,CAN,,gcp,northamerica-northeast2,Linux-6.8.0-1032-gcp-x86_64-with-glibc2.35,3.10.12,3.0.4,2,Intel(R) Xeon(R) CPU @ 2.60GHz,,,,,15.61648178100586,machine,Y,1.0
2025-08-08T11:11:49,scikit-learn-benchmark,dc8522bf-f422-4dd6-b030-3c7ec8c018e2,scikit-learn_SCL001_d880725b,1.0023941067047415,7.066141777863312e-08,7.04926508505967e-08,0.8,0.0,10.0,1.114247152581811e-07,0.0,1.3920097055638003e-06,1.503434420821981e-06,Canada,CAN,,gcp,northamerica-northeast2,Linux-6.8.0-1032-gcp-x86_64-with-glibc2.35,3.10.12,3.0.4,2,Intel(R) Xeon(R) CPU @ 2.60GHz,,,,,15.61648178100586,machine,Y,1.0
2025-08-08T11:11:51,scikit-learn-benchmark,8f433e8f-eba8-4a48-9a70-b146d33f0e7b,scikit-learn_SCL001_d880725b,1.002329892013222,7.066379367998511e-08,7.049953737092874e-08,0.8000576,0.0,10.0,1.1143602791980325e-07,0.0,1.3920489439947737e-06,1.503484971914577e-06,Canada,CAN,,gcp,northamerica-northeast2,Linux-6.8.0-1032-gcp-x86_64-with-glibc2.35,3.10.12,3.0.4,2,Intel(R) Xeon(R) CPU @ 2.60GHz,,,,,15.61648178100586,machine,Y,1.0
2025-08-08T11:11:53,scikit-learn-benchmark,32d4b687-10b6-4587-afd9-c2510cbb8370,scikit-learn_SCL001_d880725b,1.0023445608094337,7.065833801104424e-08,7.04930627388099e-08,0.8004608000000001,0.0,10.0,1.1147697213681541e-07,0.0,1.39189192171519e-06,1.5033688938520052e-06,Canada,CAN,,gcp,northamerica-northeast2,Linux-6.8.0-1032-gcp-x86_64-with-glibc2.35,3.10.12,3.0.4,2,Intel(R) Xeon(R) CPU @ 2.60GHz,,,,,15.61648178100586,machine,Y,1.0
2025-08-08T11:11:55,scikit-learn-benchmark,cc08509f-d2e8-49d4-b8dc-3440d224a4b0,scikit-learn_SCL001_d880725b,1.0024196272715926,7.067188638392534e-08,7.050129951693145e-08,0.8024696,0.0,10.0,1.11763420604087e-07,0.0,1.391893736500707e-06,1.503657157104794e-06,Canada,CAN,,gcp,northamerica-northeast2,Linux-6.8.0-1032-gcp-x86_64-with-glibc2.35,3.10.12,3.0.4,2,Intel(R) Xeon(R) CPU @ 2.60GHz,,,,,15.61648178100586,machine,Y,1.0
2025-08-08T11:11:58,scikit-learn-benchmark,7804469b-5597-4c2f-96f1-c3c4251486b8,scikit-learn_SCL001_d880725b,1.002377238124609,7.10442452941608e-08,7.087575674312054e-08,0.8593453376,0.0,10.0,1.196844100463388e-07,0.0,1.3918952770634655e-06,1.5115796871098044e-06,Canada,CAN,,gcp,northamerica-northeast2,Linux-6.8.0-1032-gcp-x86_64-with-glibc2.35,3.10.12,3.0.4,2,Intel(R) Xeon(R) CPU @ 2.60GHz,,,,,15.61648178100586,machine,Y,1.0
2025-08-08T11:12:00,scikit-learn-benchmark,02939ff3-1384-45ff-bf68-870be86bd4b1,scikit-learn_SCL001_d880725b,1.002294502221048,7.065825156800242e-08,7.049649719860413e-08,0.8,0.0,10.0,1.1141818513472876e-07,0.0,1.391948869503621e-06,1.5033670546383494e-06,Canada,CAN,,gcp,northamerica-northeast2,Linux-6.8.0-1032-gcp-x86_64-with-glibc2.35,3.10.12,3.0.4,2,Intel(R) Xeon(R) CPU @ 2.60GHz,,,,,15.61648178100586,machine,Y,1.0
2025-08-08T11:12:02,scikit-learn-benchmark,c6298573-38bf-467e-aeaa-0099866daa5f,scikit-learn_SCL001_d880725b,1.0024893754161894,7.066984813391338e-08,7.049436120415177e-08,0.8,0.0,10.0,1.1143991692612569e-07,0.0,1.392173873157137e-06,1.5036137900832628e-06,Canada,CAN,,gcp,northamerica-northeast2,Linux-6.8.0-1032-gcp-x86_64-with-glibc2.35,3.10.12,3.0.4,2,Intel(R) Xeon(R) CPU @ 2.60GHz,,,,,15.61648178100586,machine,Y,1.0
2025-08-08T11:12:04,scikit-learn-benchmark,7eeb8e3a-a6e8-4801-926f-e9b42e66b2b3,scikit-learn_SCL001_d880725b,1.002389443106949,7.0657805412956e-08,7.048937506160187e-08,0.8,0.0,10.0,1.1142443441268473e-07,0.0,1.3919331275651024e-06,1.503357561977787e-06,Canada,CAN,,gcp,northamerica-northeast2,Linux-6.8.0-1032-gcp-x86_64-with-glibc2.35,3.10.12,3.0.4,2,Intel(R) Xeon(R) CPU @ 2.60GHz,,,,,15.61648178100586,machine,Y,1.0
2025-08-08T11:12:06,scikit-learn-benchmark,4c421ae0-7d51-4f15-bce0-226ecccdfe74,scikit-learn_SCL001_d880725b,1.0020721429027617,7.635258603669838e-08,7.619469973042391e-08,1.6732691000000002,0.0,10.0,2.3294817402191134e-07,0.0,1.3915749331418837e-06,1.624523107163795e-06,Canada,CAN,,gcp,northamerica-northeast2,Linux-6.8.0-1032-gcp-x86_64-with-glibc2.35,3.10.12,3.0.4,2,Intel(R) Xeon(R) CPU @ 2.60GHz,,,,,15.61648178100586,machine,Y,1.0
2025-08-08T11:12:08,scikit-learn-benchmark,3371b7bb-56b4-4737-ac3d-9dec0f6608d1,scikit-learn_SCL001_d880725b,1.0022948789410293,7.065376681216187e-08,7.049199621453803e-08,0.8000072,0.0,10.0,1.1141178112677901e-07,0.0,1.3918598531745374e-06,1.5032716343013164e-06,Canada,CAN,,gcp,northamerica-northeast2,Linux-6.8.0-1032-gcp-x86_64-with-glibc2.35,3.10.12,3.0.4,2,Intel(R) Xeon(R) CPU @ 2.60GHz,,,,,15.61648178100586,machine,Y,1.0
2025-08-08T11:12:11,scikit-learn-benchmark,722ce9fe-92f3-416b-af14-99283187ad11,scikit-learn_SCL001_d880725b,1.0023877997882664,7.066382230745835e-08,7.049549318376043e-08,0.8,0.0,10.0,1.114289432557093e-07,0.0,1.3920566377540428e-06,1.503485581009752e-06,Canada,CAN,,gcp,northamerica-northeast2,Linux-6.8.0-1032-gcp-x86_64-with-glibc2.35,3.10.12,3.0.4,2,Intel(R) Xeon(R) CPU @ 2.60GHz,,,,,15.61648178100586,machine,Y,1.0
2025-08-08T11:12:13,scikit-learn-benchmark,75b5d1aa-3008-45c1-b5ea-436f4d5a7bc6,scikit-learn_SCL001_d880725b,1.0023173787631094,7.065485575050115e-08,7.0491500244854e-08,0.8,0.0,10.0,1.1141156995048128e-07,0.0,1.3918832332516709e-06,1.5032948032021522e-06,Canada,CAN,,gcp,northamerica-northeast2,Linux-6.8.0-1032-gcp-x86_64-with-glibc2.35,3.10.12,3.0.4,2,Intel(R) Xeon(R) CPU @ 2.60GHz,,,,,15.61648178100586,machine,Y,1.0
2025-08-08T11:12:15,scikit-learn-benchmark,1e6bf531-d0c9-4b51-9a52-1c5343e6e2f8,scikit-learn_SCL001_d880725b,1.002372923772782,7.065963889307813e-08,7.049236588227642e-08,0.8000072,0.0,10.0,1.1142165540802365e-07,0.0,1.3919749167851278e-06,1.5033965721931514e-06,Canada,CAN,,gcp,northamerica-northeast2,Linux-6.8.0-1032-gcp-x86_64-with-glibc2.35,3.10.12,3.0.4,2,Intel(R) Xeon(R) CPU @ 2.60GHz,,,,,15.61648178100586,machine,Y,1.0
2025-08-08T11:12:17,scikit-learn-benchmark,0eaba20c-140a-4b4a-a0cc-2e60e10941e7,scikit-learn_SCL001_d880725b,1.00236631417647,7.066121441525788e-08,7.049440251123376e-08,0.8000072,0.0,10.0,1.1142545503136385e-07,0.0,1.3920046389102937e-06,1.5034300939416572e-06,Canada,CAN,,gcp,northamerica-northeast2,Linux-6.8.0-1032-gcp-x86_64-with-glibc2.35,3.10.12,3.0.4,2,Intel(R) Xeon(R) CPU @ 2.60GHz,,,,,15.61648178100586,machine,Y,1.0
2025-08-08T11:12:19,scikit-learn-benchmark,e10dfcba-8b82-4e3d-9ce0-74a1e00a9e55,scikit-learn_SCL001_d880725b,1.0023575690574944,7.065988823098856e-08,7.049369447813842e-08,0.8,0.0,10.0,1.114204075808327e-07,0.0,1.3919814696742429e-06,1.5034018772550755e-06,Canada,CAN,,gcp,northamerica-northeast2,Linux-6.8.0-1032-gcp-x86_64-with-glibc2.35,3.10.12,3.0.4,2,Intel(R) Xeon(R) CPU @ 2.60GHz,,,,,15.61648178100586,machine,Y,1.0
2025-08-08T11:12:21,scikit-learn-benchmark,d1c27847-ffb4-407f-a918-742ff359e5cb,scikit-learn_SCL001_d880725b,1.0023196418769658,7.065743189436824e-08,7.049391126572513e-08,0.8000576,0.0,10.0,1.1142437240648769e-07,0.0,1.391925242367304e-06,1.5033496147737918e-06,Canada,CAN,,gcp,northamerica-northeast2,Linux-6.8.0-1032-gcp-x86_64-with-glibc2.35,3.10.12,3.0.4,2,Intel(R) Xeon(R) CPU @ 2.60GHz,,,,,15.61648178100586,machine,Y,1.0
2025-08-08T11:12:24,scikit-learn-benchmark,071162f6-eb22-43a5-a70b-29ae6f796e47,scikit-learn_SCL001_d880725b,1.0023924228735268,7.065769191903788e-08,7.048905229798695e-08,0.8,0.0,10.0,1.114265973576241e-07,0.0,1.3919285498559476e-06,1.5033551472135716e-06,Canada,CAN,,gcp,northamerica-northeast2,Linux-6.8.0-1032-gcp-x86_64-with-glibc2.35,3.10.12,3.0.4,2,Intel(R) Xeon(R) CPU @ 2.60GHz,,,,,15.61648178100586,machine,Y,1.0
2025-08-08T11:12:26,scikit-learn-benchmark,14b2aff3-2fbf-4b5d-9079-ae3b8b8d41ea,scikit-learn_SCL001_d880725b,1.0023137535899878,7.064493593558047e-08,7.04818582829493e-08,0.8,0.0,10.0,1.113989968887634e-07,0.0,1.3916847464214595e-06,1.503083743310223e-06,Canada,CAN,,gcp,northamerica-northeast2,Linux-6.8.0-1032-gcp-x86_64-with-glibc2.35,3.10.12,3.0.4,2,Intel(R) Xeon(R) CPU @ 2.60GHz,,,,,15.61648178100586,machine,Y,1.0
2025-08-08T11:12:28,scikit-learn-benchmark,f6732a9e-20b2-4d3d-bfc6-3a5af4bc02bc,scikit-learn_SCL001_d880725b,1.0025679618120191,7.067852275244272e-08,7.04974878956833e-08,0.8,0.0,10.0,1.114564532828e-07,0.0,1.392341903152151e-06,1.5037983564349513e-06,Canada,CAN,,gcp,northamerica-northeast2,Linux-6.8.0-1032-gcp-x86_64-with-glibc2.35,3.10.12,3.0.4,2,Intel(R) Xeon(R) CPU @ 2.60GHz,,,,,15.61648178100586,machine,Y,1.0
2025-08-08T11:12:30,scikit-learn-benchmark,8010c785-4f3b-49ab-adf5-d6e30560d720,scikit-learn_SCL001_d880725b,1.0025178268551826,7.066999917705026e-08,7.049251123916304e-08,0.8,0.0,10.0,1.1144530110889013e-07,0.0,1.3921717026581368e-06,1.503617003767027e-06,Canada,CAN,,gcp,northamerica-northeast2,Linux-6.8.0-1032-gcp-x86_64-with-glibc2.35,3.10.12,3.0.4,2,Intel(R) Xeon(R) CPU @ 2.60GHz,,,,,15.61648178100586,machine,Y,1.0
2025-08-08T11:12:32,scikit-learn-benchmark,7fd0e4d1-dcae-453d-8f70-f6640033f937,scikit-learn_SCL001_d880725b,1.0023168842308223,7.066275760814568e-08,7.049941861687008e-08,0.8000072,0.0,10.0,1.1142660843301285e-07,0.0,1.3920363193998734e-06,1.5034629278328862e-06,Canada,CAN,,gcp,northamerica-northeast2,Linux-6.8.0-1032-gcp-x86_64-with-glibc2.35,3.10.12,3.0.4,2,Intel(R) Xeon(R) CPU @ 2.60GHz,,,,,15.61648178100586,machine,Y,1.0
2025-08-08T11:12:34,scikit-learn-benchmark,6fd0912e-ecfe-4491-9486-fddb98b9e6b7,scikit-learn_SCL001_d880725b,1.00219037104398,7.066107035952672e-08,7.050663466854028e-08,0.8000576,0.0,10.0,1.114334533518909e-07,0.0,1.3919935755742094e-06,1.5034270289261004e-06,Canada,CAN,,gcp,northamerica-northeast2,Linux-6.8.0-1032-gcp-x86_64-with-glibc2.35,3.10.12,3.0.4,2,Intel(R) Xeon(R) CPU @ 2.60GHz,,,,,15.61648178100586,machine,Y,1.0
2025-08-08T11:12:37,scikit-learn-benchmark,7987bfa3-e5db-4b06-a976-4b94020b0042,scikit-learn_SCL001_d880725b,1.0024451068602502,7.06636500870261e-08,7.049129134696571e-08,0.8000072,0.0,10.0,1.1142895900886589e-07,0.0,1.3920529577363697e-06,1.5034819167452356e-06,Canada,CAN,,gcp,northamerica-northeast2,Linux-6.8.0-1032-gcp-x86_64-with-glibc2.35,3.10.12,3.0.4,2,Intel(R) Xeon(R) CPU @ 2.60GHz,,,,,15.61648178100586,machine,Y,1.0
2025-08-08T11:12:39,scikit-learn-benchmark,7acda3be-90e0-415f-a895-f0c70e5da123,scikit-learn_SCL001_d880725b,1.0025743669830265,7.068096739003234e-08,7.049947586703959e-08,0.8000072,0.0,10.0,1.1146385649721273e-07,0.0,1.3923865135034754e-06,1.503850370000688e-06,Canada,CAN,,gcp,northamerica-northeast2,Linux-6.8.0-1032-gcp-x86_64-with-glibc2.35,3.10.12,3.0.4,2,Intel(R) Xeon(R) CPU @ 2.60GHz,,,,,15.61648178100586,machine,Y,1.0
2025-08-08T11:12:41,scikit-learn-benchmark,337f1c40-fd26-434d-9739-bfe37ca54294,scikit-learn_SCL001_d880725b,1.0024821530096233,7.066055362450759e-08,7.04855975863236e-08,0.8000072,0.0,10.0,1.1142802622917233e-07,0.0,1.3919880083348189e-06,1.5034160345639912e-06,Canada,CAN,,gcp,northamerica-northeast2,Linux-6.8.0-1032-gcp-x86_64-with-glibc2.35,3.10.12,3.0.4,2,Intel(R) Xeon(R) CPU @ 2.60GHz,,,,,15.61648178100586,machine,Y,1.0
2025-08-08T11:12:43,scikit-learn-benchmark,7d592410-5ba0-4f94-8644-770b31eef983,scikit-learn_SCL001_d880725b,1.0024579809978604,7.066784502012242e-08,7.04945707048775e-08,0.8,0.0,10.0,1.1143478709790445e-07,0.0,1.392136383542998e-06,1.5035711706409023e-06,Canada,CAN,,gcp,northamerica-northeast2,Linux-6.8.0-1032-gcp-x86_64-with-glibc2.35,3.10.12,3.0.4,2,Intel(R) Xeon(R) CPU @ 2.60GHz,,,,,15.61648178100586,machine,Y,1.0
2025-08-08T11:12:45,scikit-learn-benchmark,dd47e496-c013-4ca9-8ccb-ecb4257ed21a,scikit-learn_SCL001_d880725b,1.0024072988890111,7.066404846605536e-08,7.04943475016331e-08,0.8,0.0,10.0,1.1142871177030937e-07,0.0,1.3920616811244853e-06,1.5034903928947946e-06,Canada,CAN,,gcp,northamerica-northeast2,Linux-6.8.0-1032-gcp-x86_64-with-glibc2.35,3.10.12,3.0.4,2,Intel(R) Xeon(R) CPU @ 2.60GHz,,,,,15.61648178100586,machine,Y,1.0
2025-08-08T11:12:47,scikit-learn-benchmark,67fcf240-c6de-4d4d-b8b7-c74e688cf73b,scikit-learn_SCL001_d880725b,1.0034772353246808,7.06635618922818e-08,7.041869950285242e-08,0.8,0.0,10.0,1.114352173689339e-07,0.0,1.3920448228923811e-06,1.503480040261315e-06,Canada,CAN,,gcp,northamerica-northeast2,Linux-6.8.0-1032-gcp-x86_64-with-glibc2.35,3.10.12,3.0.4,2,Intel(R) Xeon(R) CPU @ 2.60GHz,,,,,15.61648178100586,machine,Y,1.0
2025-08-08T11:12:49,scikit-learn-benchmark,a9792da5-ca19-4018-bf31-5b413867aa0b,scikit-learn_SCL001_d880725b,1.0023880316875875,7.06602359740581e-08,7.049189908532414e-08,0.8,0.0,10.0,1.1142242668817445e-07,0.0,1.391986849355615e-06,1.5034092760437891e-06,Canada,CAN,,gcp,northamerica-northeast2,Linux-6.8.0-1032-gcp-x86_64-with-glibc2.35,3.10.12,3.0.4,2,Intel(R) Xeon(R) CPU @ 2.60GHz,,,,,15.61648178100586,machine,Y,1.0
2025-08-08T11:12:52,scikit-learn-benchmark,a643620e-6e4e-41d8-ad44-5906500ab5f2,scikit-learn_SCL001_d880725b,1.002419529017061,7.065998800127757e-08,7.048943676363167e-08,0.8000072,0.0,10.0,1.1142377729038624e-07,0.0,1.391980222736796e-06,1.503404000027182e-06,Canada,CAN,,gcp,northamerica-northeast2,Linux-6.8.0-1032-gcp-x86_64-with-glibc2.35,3.10.12,3.0.4,2,Intel(R) Xeon(R) CPU @ 2.60GHz,,,,,15.61648178100586,machine,Y,1.0
2025-08-08T11:12:54,scikit-learn-benchmark,ea9f8d65-f986-40a3-a878-af6bea7b0809,scikit-learn_SCL001_d880725b,1.0023992219939828,7.06616127257011e-08,7.049248560382986e-08,0.8000576,0.0,10.0,1.114334291357605e-07,0.0,1.3920051394961776e-06,1.503438568631938e-06,Canada,CAN,,gcp,northamerica-northeast2,Linux-6.8.0-1032-gcp-x86_64-with-glibc2.35,3.10.12,3.0.4,2,Intel(R) Xeon(R) CPU @ 2.60GHz,,,,,15.61648178100586,machine,Y,1.0
2025-08-08T11:12:56,scikit-learn-benchmark,877aa967-afbc-4b7a-aaad-2204a4185557,scikit-learn_SCL001_d880725b,1.0023155361413956,7.065439233706437e-08,7.04911674910896e-08,0.8,0.0,10.0,1.114104295977288e-07,0.0,1.391874513744066e-06,1.503284943341795e-06,Canada,CAN,,gcp,northamerica-northeast2,Linux-6.8.0-1032-gcp-x86_64-with-glibc2.35,3.10.12,3.0.4,2,Intel(R) Xeon(R) CPU @ 2.60GHz,,,,,15.61648178100586,machine,Y,1.0
2025-08-08T11:12:58,scikit-learn-benchmark,123901e2-792d-4d5c-b49a-4654378014a3,scikit-learn_SCL001_d880725b,1.0024212687276304,7.06590898048857e-08,7.048841840174943e-08,0.8,0.0,10.0,1.11427193093631e-07,0.0,1.3919576963720222e-06,1.5033848894656532e-06,Canada,CAN,,gcp,northamerica-northeast2,Linux-6.8.0-1032-gcp-x86_64-with-glibc2.35,3.10.12,3.0.4,2,Intel(R) Xeon(R) CPU @ 2.60GHz,,,,,15.61648178100586,machine,Y,1.0
2025-08-08T11:13:00,scikit-learn-benchmark,7b07eda9-de71-4a20-9f54-3752c0a507e8,scikit-learn_SCL001_d880725b,1.0020493264310062,7.061336850845774e-08,7.046895461719532e-08,0.8,0.0,10.0,1.113485287254057e-07,0.0,1.3910635671992268e-06,1.5024120959246323e-06,Canada,CAN,,gcp,northamerica-northeast2,Linux-6.8.0-1032-gcp-x86_64-with-glibc2.35,3.10.12,3.0.4,2,Intel(R) Xeon(R) CPU @ 2.60GHz,,,,,15.61648178100586,machine,Y,1.0
2025-08-08T11:13:02,scikit-learn-benchmark,8ce7efe9-c1c3-4827-aa0e-3b66269d4823,scikit-learn_SCL001_d880725b,1.002487382851541,7.066903945782949e-08,7.049369465061376e-08,0.8,0.0,10.0,1.1144027683056062e-07,0.0,1.392156307378577e-06,1.5035965842091375e-06,Canada,CAN,,gcp,northamerica-northeast2,Linux-6.8.0-1032-gcp-x86_64-with-glibc2.35,3.10.12,3.0.4,2,Intel(R) Xeon(R) CPU @ 2.60GHz,,,,,15.61648178100586,machine,Y,1.0
2025-08-08T11:13:05,scikit-learn-benchmark,3e43603b-7b6b-47fa-b095-072daf4fe827,scikit-learn_SCL001_d880725b,1.002372378949076,7.06624742589547e-08,7.049523285252518e-08,0.8000072,0.0,10.0,1.1142125234868192e-07,0.0,1.3920356467780138e-06,1.5034568991266955e-06,Canada,CAN,,gcp,northamerica-northeast2,Linux-6.8.0-1032-gcp-x86_64-with-glibc2.35,3.10.12,3.0.4,2,Intel(R) Xeon(R) CPU @ 2.60GHz,,,,,15.61648178100586,machine,Y,1.0
2025-08-08T11:13:07,scikit-learn-benchmark,626830ec-1b42-45ba-9d82-72467b4d92bd,scikit-learn_SCL001_d880725b,1.002393655013293,7.066190161388186e-08,7.049316529536969e-08,0.8000072,0.0,10.0,1.1142548814535341e-07,0.0,1.392019227043622e-06,1.5034447151889754e-06,Canada,CAN,,gcp,northamerica-northeast2,Linux-6.8.0-1032-gcp-x86_64-with-glibc2.35,3.10.12,3.0.4,2,Intel(R) Xeon(R) CPU @ 2.60GHz,,,,,15.61648178100586,machine,Y,1.0
2025-08-08T11:13:09,scikit-learn-benchmark,7a0de12d-8373-4ad1-84a0-819695e9603f,scikit-learn_SCL001_d880725b,1.0016508460976183,7.062127691907601e-08,7.050488420612131e-08,0.8000072,0.0,10.0,1.1136173533346201e-07,0.0,1.3912186246468788e-06,1.5025803599803407e-06,Canada,CAN,,gcp,northamerica-northeast2,Linux-6.8.0-1032-gcp-x86_64-with-glibc2.35,3.10.12,3.0.4,2,Intel(R) Xeon(R) CPU @ 2.60GHz,,,,,15.61648178100586,machine,Y,1.0
2025-08-08T11:13:11,scikit-learn-benchmark,f93f0316-0ef2-43a7-bb3c-7f6ed6f08120,scikit-learn_SCL001_d880725b,1.002206586766988,7.06434922518933e-08,7.048795446434024e-08,0.8,0.0,10.0,1.113813213176199e-07,0.0,1.3916717053184078e-06,1.5030530266360276e-06,Canada,CAN,,gcp,northamerica-northeast2,Linux-6.8.0-1032-gcp-x86_64-with-glibc2.35,3.10.12,3.0.4,2,Intel(R) Xeon(R) CPU @ 2.60GHz,,,,,15.61648178100586,machine,Y,1.0
2025-08-08T11:13:13,scikit-learn-benchmark,70dc1aff-fde4-4ad6-92b6-148d013bc453,scikit-learn_SCL001_d880725b,1.0024829232133925,7.066314457822591e-08,7.048812796902304e-08,0.8,0.0,10.0,1.114290909220775e-07,0.0,1.3920420703167718e-06,1.5034711612388493e-06,Canada,CAN,,gcp,northamerica-northeast2,Linux-6.8.0-1032-gcp-x86_64-with-glibc2.35,3.10.12,3.0.4,2,Intel(R) Xeon(R) CPU @ 2.60GHz,,,,,15.61648178100586,machine,Y,1.0
2025-08-08T11:13:15,scikit-learn-benchmark,e488180b-fb3c-4ca2-acaf-6e50dc7ae2ef,scikit-learn_SCL001_d880725b,1.0024605630896986,7.06669709630207e-08,7.049351721649477e-08,0.8,0.0,10.0,1.1143494335313638e-07,0.0,1.3921176303281552e-06,1.5035525736812916e-06,Canada,CAN,,gcp,northamerica-northeast2,Linux-6.8.0-1032-gcp-x86_64-with-glibc2.35,3.10.12,3.0.4,2,Intel(R) Xeon(R) CPU @ 2.60GHz,,,,,15.61648178100586,machine,Y,1.0
2025-08-08T11:13:18,scikit-learn-benchmark,bb4e6ac3-67cd-48d2-8202-414b96863345,scikit-learn_SCL001_d880725b,1.00249846233055,7.06632610656735e-08,7.048715157268139e-08,0.8,0.0,10.0,1.1143724785910713e-07,0.0,1.3920363918360738e-06,1.503473639695181e-06,Canada,CAN,,gcp,northamerica-northeast2,Linux-6.8.0-1032-gcp-x86_64-with-glibc2.35,3.10.12,3.0.4,2,Intel(R) Xeon(R) CPU @ 2.60GHz,,,,,15.61648178100586,machine,Y,1.0
2025-08-08T11:13:20,scikit-learn-benchmark,1fb7de4e-64d4-4f15-8b07-19ee64d40f77,scikit-learn_SCL001_d880725b,1.0024421708658338,7.06654362697772e-08,7.049327963601306e-08,0.8000072,0.0,10.0,1.1143217023800397e-07,0.0,1.3920877503955532e-06,1.503519920633557e-06,Canada,CAN,,gcp,northamerica-northeast2,Linux-6.8.0-1032-gcp-x86_64-with-glibc2.35,3.10.12,3.0.4,2,Intel(R) Xeon(R) CPU @ 2.60GHz,,,,,15.61648178100586,machine,Y,1.0
2025-08-08T11:13:22,scikit-learn-benchmark,52972978-b114-4b70-b2e7-2021573755ef,scikit-learn_SCL001_d880725b,1.0024170707911253,7.066299743153265e-08,7.049261179856421e-08,0.8000072,0.0,10.0,1.1142798059395545e-07,0.0,1.3920400498641863e-06,1.5034680304581416e-06,Canada,CAN,,gcp,northamerica-northeast2,Linux-6.8.0-1032-gcp-x86_64-with-glibc2.35,3.10.12,3.0.4,2,Intel(R) Xeon(R) CPU @ 2.60GHz,,,,,15.61648178100586,machine,Y,1.0
2025-08-08T11:13:24,scikit-learn-benchmark,f41bb693-9e96-41b1-b90e-ee7590d9907e,scikit-learn_SCL001_d880725b,1.0024985689669847,7.067218000463266e-08,7.049604078483239e-08,0.8000072,0.0,10.0,1.1144072730683244e-07,0.0,1.392222677047054e-06,1.5036634043538865e-06,Canada,CAN,,gcp,northamerica-northeast2,Linux-6.8.0-1032-gcp-x86_64-with-glibc2.35,3.10.12,3.0.4,2,Intel(R) Xeon(R) CPU @ 2.60GHz,,,,,15.61648178100586,machine,Y,1.0
2025-08-08T11:13:26,scikit-learn-benchmark,543484b6-99c1-4e6b-9992-8e66c0157bd6,scikit-learn_SCL001_d880725b,1.0025401548482478,7.067900135112803e-08,7.049992063592362e-08,0.8000576,0.0,10.0,1.1146382545028132e-07,0.0,1.3923447139354216e-06,1.5038085393857029e-06,Canada,CAN,,gcp,northamerica-northeast2,Linux-6.8.0-1032-gcp-x86_64-with-glibc2.35,3.10.12,3.0.4,2,Intel(R) Xeon(R) CPU @ 2.60GHz,,,,,15.61648178100586,machine,Y,1.0
2025-08-08T11:13:28,scikit-learn-benchmark,6e5440c0-07a3-4c99-95e2-9cd6fec1040a,scikit-learn_SCL001_d880725b,1.0024157240986824,7.06641505840752e-08,7.049385687521266e-08,0.8,0.0,10.0,1.1142763133264253e-07,0.0,1.3920649342859785e-06,1.5034925656186209e-06,Canada,CAN,,gcp,northamerica-northeast2,Linux-6.8.0-1032-gcp-x86_64-with-glibc2.35,3.10.12,3.0.4,2,Intel(R) Xeon(R) CPU @ 2.60GHz,,,,,15.61648178100586,machine,Y,1.0
2025-08-08T11:13:31,scikit-learn-benchmark,eb5d9483-b5e6-494e-bc41-bd664261240a,scikit-learn_SCL001_d880725b,1.0024042297154665,7.066288248025296e-08,7.049340015286118e-08,0.8,0.0,10.0,1.114276484068897e-07,0.0,1.3920379362793434e-06,1.503465584686233e-06,Canada,CAN,,gcp,northamerica-northeast2,Linux-6.8.0-1032-gcp-x86_64-with-glibc2.35,3.10.12,3.0.4,2,Intel(R) Xeon(R) CPU @ 2.60GHz,,,,,15.61648178100586,machine,Y,1.0
2025-08-08T11:13:33,scikit-learn-benchmark,078e946e-e651-4170-94a7-73032a0fe074,scikit-learn_SCL001_d880725b,1.0024468800984323,7.066765277522307e-08,7.049515957222996e-08,0.8,0.0,10.0,1.114342138171196e-07,0.0,1.3921328665067751e-06,1.5035670803238947e-06,Canada,CAN,,gcp,northamerica-northeast2,Linux-6.8.0-1032-gcp-x86_64-with-glibc2.35,3.10.12,3.0.4,2,Intel(R) Xeon(R) CPU @ 2.60GHz,,,,,15.61648178100586,machine,Y,1.0
2025-08-08T11:13:35,scikit-learn-benchmark,bf223d43-2c59-4637-9c65-084c5cdd9cf1,scikit-learn_SCL001_d880725b,1.0023610470816493,7.06621459140485e-08,7.04957022420012e-08,0.8000072,0.0,10.0,1.1142652999425009e-07,0.0,1.3920233830706114e-06,1.5034499130648615e-06,Canada,CAN,,gcp,northamerica-northeast2,Linux-6.8.0-1032-gcp-x86_64-with-glibc2.35,3.10.12,3.0.4,2,Intel(R) Xeon(R) CPU @ 2.60GHz,,,,,15.61648178100586,machine,Y,1.0
2025-08-08T11:13:37,scikit-learn-benchmark,c60ea1b3-6375-43c3-a4db-af9af87a90ee,scikit-learn_SCL001_d880725b,1.002761726733297,7.068745604311292e-08,7.049277426392396e-08,0.8000576,0.0,10.0,1.1150173238728941e-07,0.0,1.3924866940619215e-06,1.503988426449211e-06,Canada,CAN,,gcp,northamerica-northeast2,Linux-6.8.0-1032-gcp-x86_64-with-glibc2.35,3.10.12,3.0.4,2,Intel(R) Xeon(R) CPU @ 2.60GHz,,,,,15.61648178100586,machine,Y,1.0
2025-08-08T11:13:39,scikit-learn-benchmark,23efeabb-af08-4d69-a63b-5685348b5738,scikit-learn_SCL001_d880725b,1.0024006981402636,7.066045016096907e-08,7.049122201537185e-08,0.8,0.0,10.0,1.1142387427389625e-07,0.0,1.3919899589382114e-06,1.5034138332121076e-06,Canada,CAN,,gcp,northamerica-northeast2,Linux-6.8.0-1032-gcp-x86_64-with-glibc2.35,3.10.12,3.0.4,2,Intel(R) Xeon(R) CPU @ 2.60GHz,,,,,15.61648178100586,machine,Y,1.0
2025-08-08T11:13:41,scikit-learn-benchmark,7c3b2ea5-6da0-407a-85cd-6549dae5ec25,scikit-learn_SCL001_d880725b,1.00242152903229,7.066191954283717e-08,7.049122299982148e-08,0.8000072,0.0,10.0,1.1142979927635113e-07,0.0,1.3920152973797586e-06,1.5034450966561098e-06,Canada,CAN,,gcp,northamerica-northeast2,Linux-6.8.0-1032-gcp-x86_64-with-glibc2.35,3.10.12,3.0.4,2,Intel(R) Xeon(R) CPU @ 2.60GHz,,,,,15.61648178100586,machine,Y,1.0
2025-08-08T11:13:44,scikit-learn-benchmark,0118ba3a-21e3-4914-9cb5-a8f135a6c9cb,scikit-learn_SCL001_d880725b,1.0024173818528652,7.065767000134415e-08,7.048727534107672e-08,0.8,0.0,10.0,1.1142098934700093e-07,0.0,1.3919336915326616e-06,1.5033546808796626e-06,Canada,CAN,,gcp,northamerica-northeast2,Linux-6.8.0-1032-gcp-x86_64-with-glibc2.35,3.10.12,3.0.4,2,Intel(R) Xeon(R) CPU @ 2.60GHz,,,,,15.61648178100586,machine,Y,1.0
2025-08-08T11:13:46,scikit-learn-benchmark,8baa0f05-c630-4c79-92cc-aea21e36045d,scikit-learn_SCL001_d880725b,1.0023931032046676,7.065968432810364e-08,7.049099210898744e-08,0.8,0.0,10.0,1.1142162223243053e-07,0.0,1.3919759166633916e-06,1.503397538895822e-06,Canada,CAN,,gcp,northamerica-northeast2,Linux-6.8.0-1032-gcp-x86_64-with-glibc2.35,3.10.12,3.0.4,2,Intel(R) Xeon(R) CPU @ 2.60GHz,,,,,15.61648178100586,machine,Y,1.0
2025-08-08T11:13:48,scikit-learn-benchmark,a7cb4451-5d18-4587-986b-340f5cd7f9db,scikit-learn_SCL001_d880725b,1.0024639680050311,7.066146329419242e-08,7.048778365053194e-08,0.8000072,0.0,10.0,1.114258194922115e-07,0.0,1.3920095697459248e-06,1.5034353892381363e-06,Canada,CAN,,gcp,northamerica-northeast2,Linux-6.8.0-1032-gcp-x86_64-with-glibc2.35,3.10.12,3.0.4,2,Intel(R) Xeon(R) CPU @ 2.60GHz,,,,,15.61648178100586,machine,Y,1.0
2025-08-08T11:13:50,scikit-learn-benchmark,d70ad241-9d1a-4ac9-8412-ee5b2edcdd63,scikit-learn_SCL001_d880725b,1.001819042954594,7.065564562510595e-08,7.052735333990683e-08,0.8000072,0.0,10.0,1.1141736807770592e-07,0.0,1.3918942409671016e-06,1.5033116090448076e-06,Canada,CAN,,gcp,northamerica-northeast2,Linux-6.8.0-1032-gcp-x86_64-with-glibc2.35,3.10.12,3.0.4,2,Intel(R) Xeon(R) CPU @ 2.60GHz,,,,,15.61648178100586,machine,Y,1.0
2025-08-08T11:13:52,scikit-learn-benchmark,9e5b0ad5-9623-4128-b2dc-bbdf161e107b,scikit-learn_SCL001_d880725b,1.0024259299971163,7.066145519052522e-08,7.049045029265002e-08,0.8000072,0.0,10.0,1.114235645330033e-07,0.0,1.392011652286682e-06,1.5034352168196854e-06,Canada,CAN,,gcp,northamerica-northeast2,Linux-6.8.0-1032-gcp-x86_64-with-glibc2.35,3.10.12,3.0.4,2,Intel(R) Xeon(R) CPU @ 2.60GHz,,,,,15.61648178100586,machine,Y,1.0
2025-08-08T11:13:54,scikit-learn-benchmark,88e8c2c0-eac0-40f9-a321-0e68955d85f3,scikit-learn_SCL001_d880725b,1.0023768967948854,7.066082834255821e-08,7.049327310764766e-08,0.8001944000000001,0.0,10.0,1.1144892767570241e-07,0.0,1.3919729519531958e-06,1.5034218796288982e-06,Canada,CAN,,gcp,northamerica-northeast2,Linux-6.8.0-1032-gcp-x86_64-with-glibc2.35,3.10.12,3.0.4,2,Intel(R) Xeon(R) CPU @ 2.60GHz,,,,,15.61648178100586,machine,Y,1.0
2025-08-08T11:13:56,scikit-learn-benchmark,e309643b-c485-453b-8fa1-14766ed19680,scikit-learn_SCL001_d880725b,1.0024305740371346,7.066330475435164e-08,7.049196880514735e-08,0.8000072,0.0,10.0,1.1143012793269757e-07,0.0,1.3920444413088262e-06,1.503474569241524e-06,Canada,CAN,,gcp,northamerica-northeast2,Linux-6.8.0-1032-gcp-x86_64-with-glibc2.35,3.10.12,3.0.4,2,Intel(R) Xeon(R) CPU @ 2.60GHz,,,,,15.61648178100586,machine,Y,1.0
2025-08-08T11:13:59,scikit-learn-benchmark,2a9cb733-464f-4ed4-9cbc-4efeab29ade0,scikit-learn_SCL001_d880725b,1.002481936942786,7.066344248182657e-08,7.048849448332705e-08,0.8,0.0,10.0,1.1142938087383909e-07,0.0,1.3920481187394924e-06,1.5034774996133314e-06,Canada,CAN,,gcp,northamerica-northeast2,Linux-6.8.0-1032-gcp-x86_64-with-glibc2.35,3.10.12,3.0.4,2,Intel(R) Xeon(R) CPU @ 2.60GHz,,,,,15.61648178100586,machine,Y,1.0
2025-08-08T11:14:01,scikit-learn-benchmark,6fe98a8c-6b2e-4f7e-9351-a6be7ccefe15,scikit-learn_SCL001_d880725b,1.002139566000551,7.062703904069753e-08,7.047625045138544e-08,0.8,0.0,10.0,1.113723550612728e-07,0.0,1.3913306032514407e-06,1.5027029583127135e-06,Canada,CAN,,gcp,northamerica-northeast2,Linux-6.8.0-1032-gcp-x86_64-with-glibc2.35,3.10.12,3.0.4,2,Intel(R) Xeon(R) CPU @ 2.60GHz,,,,,15.61648178100586,machine,Y,1.0
2025-08-08T11:14:03,scikit-learn-benchmark,074b3f6d-09be-4178-b969-1f593590fac6,scikit-learn_SCL001_d880725b,1.0024821711704135,7.066379261534248e-08,7.048882728043074e-08,0.8,0.0,10.0,1.1143611909614668e-07,0.0,1.3920488301664592e-06,1.503484949262606e-06,Canada,CAN,,gcp,northamerica-northeast2,Linux-6.8.0-1032-gcp-x86_64-with-glibc2.35,3.10.12,3.0.4,2,Intel(R) Xeon(R) CPU @ 2.60GHz,,,,,15.61648178100586,machine,Y,1.0
2025-08-08T11:14:05,scikit-learn-benchmark,8ef1f0de-3622-4d1f-b7fb-47c050f6ea0d,scikit-learn_SCL001_d880725b,1.002532260958105,7.066627188270085e-08,7.04877784333505e-08,0.8,0.0,10.0,1.1144207179960277e-07,0.0,1.39209562783233e-06,1.5035376996319329e-06,Canada,CAN,,gcp,northamerica-northeast2,Linux-6.8.0-1032-gcp-x86_64-with-glibc2.35,3.10.12,3.0.4,2,Intel(R) Xeon(R) CPU @ 2.60GHz,,,,,15.61648178100586,machine,Y,1.0
2025-08-08T11:14:07,scikit-learn-benchmark,7e2f2b4d-80d5-4b05-806d-0b6ba41d88b1,scikit-learn_SCL001_d880725b,1.0024262769147754,7.06618030584005e-08,7.04907729233519e-08,0.8000072,0.0,10.0,1.1142541943382501e-07,0.0,1.392017198830015e-06,1.50344261826384e-06,Canada,CAN,,gcp,northamerica-northeast2,Linux-6.8.0-1032-gcp-x86_64-with-glibc2.35,3.10.12,3.0.4,2,Intel(R) Xeon(R) CPU @ 2.60GHz,,,,,15.61648178100586,machine,Y,1.0
2025-08-08T11:14:09,scikit-learn-benchmark,66477a1a-52b5-4d2a-ab8c-33e9f83dc37f,scikit-learn_SCL001_d880725b,1.0023818900808692,7.065744551095283e-08,7.048954715777278e-08,0.8,0.0,10.0,1.1142008958591357e-07,0.0,1.391929814902445e-06,1.5033499044883582e-06,Canada,CAN,,gcp,northamerica-northeast2,Linux-6.8.0-1032-gcp-x86_64-with-glibc2.35,3.10.12,3.0.4,2,Intel(R) Xeon(R) CPU @ 2.60GHz,,,,,15.61648178100586,machine,Y,1.0
2025-08-08T11:14:12,scikit-learn-benchmark,6a0244e2-b4dd-41ca-bdb9-1fc949397c69,scikit-learn_SCL001_d880725b,1.002468372695148,7.066423599836828e-08,7.049023981513417e-08,0.8000576,0.0,10.0,1.1144413897813857e-07,0.0,1.3920502439658674e-06,1.503494382944006e-06,Canada,CAN,,gcp,northamerica-northeast2,Linux-6.8.0-1032-gcp-x86_64-with-glibc2.35,3.10.12,3.0.4,2,Intel(R) Xeon(R) CPU @ 2.60GHz,,,,,15.61648178100586,machine,Y,1.0
2025-08-08T11:14:14,scikit-learn-benchmark,2b59c5ab-9668-434c-97a4-6a5862c5b246,scikit-learn_SCL001_d880725b,1.0022908030077815,7.065024836335539e-08,7.048877247136315e-08,0.8,0.0,10.0,1.114045319457849e-07,0.0,1.3917922417426275e-06,1.5031967736884124e-06,Canada,CAN,,gcp,northamerica-northeast2,Linux-6.8.0-1032-gcp-x86_64-with-glibc2.35,3.10.12,3.0.4,2,Intel(R) Xeon(R) CPU @ 2.60GHz,,,,,15.61648178100586,machine,Y,1.0
2025-08-08T11:14:16,scikit-learn-benchmark,2a25cb03-7ba3-48bc-8638-078ce91b0c0d,scikit-learn_SCL001_d880725b,1.0024342220276594,7.066832220113382e-08,7.049671753842412e-08,0.8000072,0.0,10.0,1.1143493204821492e-07,0.0,1.3921463913801645e-06,1.5035813234283793e-06,Canada,CAN,,gcp,northamerica-northeast2,Linux-6.8.0-1032-gcp-x86_64-with-glibc2.35,3.10.12,3.0.4,2,Intel(R) Xeon(R) CPU @ 2.60GHz,,,,,15.61648178100586,machine,Y,1.0
2025-08-08T11:14:18,scikit-learn-benchmark,3f9f7b76-7161-4a05-8f58-6fbccfada842,scikit-learn_SCL001_d880725b,1.00243577407673,7.06615482245365e-08,7.048985087310723e-08,0.8,0.0,10.0,1.1143118236213925e-07,0.0,1.3920060139045948e-06,1.503437196266734e-06,Canada,CAN,,gcp,northamerica-northeast2,Linux-6.8.0-1032-gcp-x86_64-with-glibc2.35,3.10.12,3.0.4,2,Intel(R) Xeon(R) CPU @ 2.60GHz,,,,,15.61648178100586,machine,Y,1.0
2025-08-08T11:14:20,scikit-learn-benchmark,fd56606a-4ac0-4f5a-b181-eb63d890c819,scikit-learn_SCL001_d880725b,1.0024513280950489,7.066727896583163e-08,7.049447388146034e-08,0.8,0.0,10.0,1.1143407318741085e-07,0.0,1.392125053745177e-06,1.5035591269325878e-06,Canada,CAN,,gcp,northamerica-northeast2,Linux-6.8.0-1032-gcp-x86_64-with-glibc2.35,3.10.12,3.0.4,2,Intel(R) Xeon(R) CPU @ 2.60GHz,,,,,15.61648178100586,machine,Y,1.0
2025-08-08T11:14:22,scikit-learn-benchmark,3474e121-fb81-4ad3-a323-61b9e3082599,scikit-learn_SCL001_d880725b,1.002414783928543,7.066304861829173e-08,7.04928236805902e-08,0.8000576,0.0,10.0,1.1143496934374505e-07,0.0,1.3920341501943769e-06,1.5034691195381215e-06,Canada,CAN,,gcp,northamerica-northeast2,Linux-6.8.0-1032-gcp-x86_64-with-glibc2.35,3.10.12,3.0.4,2,Intel(R) Xeon(R) CPU @ 2.60GHz,,,,,15.61648178100586,machine,Y,1.0
2025-08-08T11:14:25,scikit-learn-benchmark,3a8ed658-76ef-47e0-ade3-da4835e251c6,scikit-learn_SCL001_d880725b,1.0023882258683443,7.065683888716415e-08,7.04884964365537e-08,0.8,0.0,10.0,1.1141673134018977e-07,0.0,1.3919202662590477e-06,1.5033369975992374e-06,Canada,CAN,,gcp,northamerica-northeast2,Linux-6.8.0-1032-gcp-x86_64-with-glibc2.35,3.10.12,3.0.4,2,Intel(R) Xeon(R) CPU @ 2.60GHz,,,,,15.61648178100586,machine,Y,1.0
2025-08-08T11:14:27,scikit-learn-benchmark,71e5e5c9-b572-463a-8edc-479086eb81c7,scikit-learn_SCL001_d880725b,1.0024832491762936,7.06703690729405e-08,7.049531164835716e-08,0.8000072,0.0,10.0,1.1144173407559645e-07,0.0,1.3921831398167544e-06,1.503624873892351e-06,Canada,CAN,,gcp,northamerica-northeast2,Linux-6.8.0-1032-gcp-x86_64-with-glibc2.35,3.10.12,3.0.4,2,Intel(R) Xeon(R) CPU @ 2.60GHz,,,,,15.61648178100586,machine,Y,1.0
2025-08-08T11:14:29,scikit-learn-benchmark,3f8ae260-2845-4ec7-8c4c-b0362b1d6f08,scikit-learn_SCL001_d880725b,1.0022004880011082,7.064216590434728e-08,7.048705997463968e-08,0.8,0.0,10.0,1.1138985088715952e-07,0.0,1.391634955588314e-06,1.5030248064754735e-06,Canada,CAN,,gcp,northamerica-northeast2,Linux-6.8.0-1032-gcp-x86_64-with-glibc2.35,3.10.12,3.0.4,2,Intel(R) Xeon(R) CPU @ 2.60GHz,,,,,15.61648178100586,machine,Y,1.0
2025-08-08T11:14:31,scikit-learn-benchmark,4be3ba1b-1c77-4f02-8ce5-53ae7bb59202,scikit-learn_SCL001_d880725b,1.0024080411531031,7.066049252026198e-08,7.049074789840957e-08,0.8,0.0,10.0,1.1142263737403684e-07,0.0,1.391992097099622e-06,1.5034147344736589e-06,Canada,CAN,,gcp,northamerica-northeast2,Linux-6.8.0-1032-gcp-x86_64-with-glibc2.35,3.10.12,3.0.4,2,Intel(R) Xeon(R) CPU @ 2.60GHz,,,,,15.61648178100586,machine,Y,1.0
2025-08-08T11:14:33,scikit-learn-benchmark,96086f78-342c-4826-b18e-e5a1bd168ab4,scikit-learn_SCL001_d880725b,1.0024063913151622,7.065960528135382e-08,7.048997880854298e-08,0.8000072,0.0,10.0,1.11422676146752e-07,0.0,1.391973180903329e-06,1.503395857050081e-06,Canada,CAN,,gcp,northamerica-northeast2,Linux-6.8.0-1032-gcp-x86_64-with-glibc2.35,3.10.12,3.0.4,2,Intel(R) Xeon(R) CPU @ 2.60GHz,,,,,15.61648178100586,machine,Y,1.0
2025-08-08T11:14:35,scikit-learn-benchmark,51b8d55e-6636-4171-9042-0ece81967314,scikit-learn_SCL001_d880725b,1.0023570121265948,7.066052437909983e-08,7.049436829816443e-08,0.8,0.0,10.0,1.1142297244320313e-07,0.0,1.3919924398780697e-06,1.503415412321273e-06,Canada,CAN,,gcp,northamerica-northeast2,Linux-6.8.0-1032-gcp-x86_64-with-glibc2.35,3.10.12,3.0.4,2,Intel(R) Xeon(R) CPU @ 2.60GHz,,,,,15.61648178100586,machine,Y,1.0
2025-08-08T11:14:38,scikit-learn-benchmark,43add273-9fc1-4240-a517-62f8899e2f2b,scikit-learn_SCL001_d880725b,1.0024165557697415,7.06583348565869e-08,7.048799668150868e-08,0.8000072,0.0,10.0,1.1142601341601285e-07,0.0,1.3919428133198783e-06,1.5033688267358913e-06,Canada,CAN,,gcp,northamerica-northeast2,Linux-6.8.0-1032-gcp-x86_64-with-glibc2.35,3.10.12,3.0.4,2,Intel(R) Xeon(R) CPU @ 2.60GHz,,,,,15.61648178100586,machine,Y,1.0
2025-08-08T11:14:40,scikit-learn-benchmark,245b9de5-6def-4f52-9a0f-7d9a0a42e17c,scikit-learn_SCL001_d880725b,1.002406851854175,7.0664574565676e-08,7.049490377581328e-08,0.8000072,0.0,10.0,1.114310448797649e-07,0.0,1.39207054162398e-06,1.5035015865037448e-06,Canada,CAN,,gcp,northamerica-northeast2,Linux-6.8.0-1032-gcp-x86_64-with-glibc2.35,3.10.12,3.0.4,2,Intel(R) Xeon(R) CPU @ 2.60GHz,,,,,15.61648178100586,machine,Y,1.0
2025-08-08T11:14:42,scikit-learn-benchmark,c75369ff-8e99-4da9-acad-c49748b19efe,scikit-learn_SCL001_d880725b,1.0023732627741992,7.065842088948036e-08,7.04911269220449e-08,0.8000072,0.0,10.0,1.1142296610112313e-07,0.0,1.3919476911218631e-06,1.503370657222986e-06,Canada,CAN,,gcp,northamerica-northeast2,Linux-6.8.0-1032-gcp-x86_64-with-glibc2.35,3.10.12,3.0.4,2,Intel(R) Xeon(R) CPU @ 2.60GHz,,,,,15.61648178100586,machine,Y,1.0
2025-08-08T11:14:44,scikit-learn-benchmark,74501109-0668-4c63-8cd2-1eccca32c16c,scikit-learn_SCL001_d880725b,1.002147854771465,7.06016370905279e-08,7.045032003449058e-08,0.8000576,0.0,10.0,1.1138307189961936e-07,0.0,1.3907794193882082e-06,1.5021624912878275e-06,Canada,CAN,,gcp,northamerica-northeast2,Linux-6.8.0-1032-gcp-x86_64-with-glibc2.35,3.10.12,3.0.4,2,Intel(R) Xeon(R) CPU @ 2.60GHz,,,,,15.61648178100586,machine,Y,1.0
2025-08-08T11:14:46,scikit-learn-benchmark,a9db8b42-11d0-4450-b2ed-aea3b5f48ead,scikit-learn_SCL001_d880725b,1.0022622072137892,7.066381021857471e-08,7.050431484892021e-08,0.8000576,0.0,10.0,1.114374676411955e-07,0.0,1.3920478561582666e-06,1.503485323799462e-06,Canada,CAN,,gcp,northamerica-northeast2,Linux-6.8.0-1032-gcp-x86_64-with-glibc2.35,3.10.12,3.0.4,2,Intel(R) Xeon(R) CPU @ 2.60GHz,,,,,15.61648178100586,machine,Y,1.0
2025-08-08T11:16:09,scikit-learn-benchmark,7e2ab6f0-f2f0-4e2c-9912-b33b1b58c5d8,scikit-learn_SCL001_d880725b,1.002283322159201,7.102640730106338e-08,7.086460058823734e-08,0.8558892224000001,0.0,10.0,1.192082496806813e-07,0.0,1.3919919056610928e-06,1.511200155341774e-06,Canada,CAN,,gcp,northamerica-northeast2,Linux-6.8.0-1032-gcp-x86_64-with-glibc2.35,3.10.12,3.0.4,2,Intel(R) Xeon(R) CPU @ 2.60GHz,,,,,15.61648178100586,machine,Y,1.0
2025-08-08T11:16:11,scikit-learn-benchmark,7b8d3e9e-b928-48d6-b299-243f83ad1fea,scikit-learn_SCL001_d880725b,1.0024072341620922,7.176597867284567e-08,7.159363602641446e-08,0.9684343232,0.0,10.0,1.3489604686938948e-07,0.0,1.392039669574135e-06,1.5269357164435244e-06,Canada,CAN,,gcp,northamerica-northeast2,Linux-6.8.0-1032-gcp-x86_64-with-glibc2.35,3.10.12,3.0.4,2,Intel(R) Xeon(R) CPU @ 2.60GHz,,,,,15.61648178100586,machine,Y,1.0
2025-08-08T11:16:13,scikit-learn-benchmark,44d8e752-887c-49d8-9c52-1511126716b6,scikit-learn_SCL001_d880725b,1.0020826989784837,7.652269320358107e-08,7.636365070626186e-08,1.7000000000000002,0.0,10.0,2.3665851352012e-07,0.0,1.3914838950667115e-06,1.6281424085868314e-06,Canada,CAN,,gcp,northamerica-northeast2,Linux-6.8.0-1032-gcp-x86_64-with-glibc2.35,3.10.12,3.0.4,2,Intel(R) Xeon(R) CPU @ 2.60GHz,,,,,15.61648178100586,machine,Y,1.0
2025-08-08T11:16:16,scikit-learn-benchmark,4b1fd24a-51be-4b81-9075-6c6a89aa5550,scikit-learn_SCL001_d880725b,1.005990443751216,1.063682366751422e-07,1.0573483807510933e-07,6.225711200000001,0.0,10.0,8.685898243420521e-07,0.0,1.394564147469484e-06,2.263153971811536e-06,Canada,CAN,,gcp,northamerica-northeast2,Linux-6.8.0-1032-gcp-x86_64-with-glibc2.35,3.10.12,3.0.4,2,Intel(R) Xeon(R) CPU @ 2.60GHz,,,,,15.61648178100586,machine,Y,1.0
2025-08-08T11:16:18,scikit-learn-benchmark,f0dc8a91-3acd-4855-b02a-8359ccf749d7,scikit-learn_SCL001_d880725b,1.0080730328336358,1.1891231897623381e-07,1.1796002383079136e-07,8.0,0.0,10.0,1.124853537314468e-06,0.0,1.4051958026054006e-06,2.5300493399198683e-06,Canada,CAN,,gcp,northamerica-northeast2,Linux-6.8.0-1032-gcp-x86_64-with-glibc2.35,3.10.12,3.0.4,2,Intel(R) Xeon(R) CPU @ 2.60GHz,,,,,15.61648178100586,machine,Y,1.0
2025-08-08T11:16:20,scikit-learn-benchmark,641173a8-d647-43e1-b601-dd4a4cdc1774,scikit-learn_SCL001_d880725b,1.0078766332007945,8.247389102286727e-08,8.182935123810571e-08,2.4666239168,0.0,10.0,3.473318251031182e-07,0.0,1.4074318136812912e-06,1.7547636387844094e-06,Canada,CAN,,gcp,northamerica-northeast2,Linux-6.8.0-1032-gcp-x86_64-with-glibc2.35,3.10.12,3.0.4,2,Intel(R) Xeon(R) CPU @ 2.60GHz,,,,,15.61648178100586,machine,Y,1.0
2025-08-08T11:16:22,scikit-learn-benchmark,74454677-86d8-469d-a203-e859d3faf61b,scikit-learn_SCL001_d880725b,1.0033511240035295,1.1104641869844245e-07,1.1067553126900353e-07,6.973099999999999,0.0,10.0,9.709437980631416e-07,0.0,1.391745961478187e-06,2.3626897595413287e-06,Canada,CAN,,gcp,northamerica-northeast2,Linux-6.8.0-1032-gcp-x86_64-with-glibc2.35,3.10.12,3.0.4,2,Intel(R) Xeon(R) CPU @ 2.60GHz,,,,,15.61648178100586,machine,Y,1.0
2025-08-08T11:16:25,scikit-learn-benchmark,9de835cd-2a68-47cf-8a31-6fb4e3a1efd8,scikit-learn_SCL001_d880725b,1.0028457008302212,9.568820831921637e-08,9.54166809909036e-08,4.626375200000001,0.0,10.0,6.44170054386936e-07,0.0,1.3917492715538376e-06,2.0359193259407736e-06,Canada,CAN,,gcp,northamerica-northeast2,Linux-6.8.0-1032-gcp-x86_64-with-glibc2.35,3.10.12,3.0.4,2,Intel(R) Xeon(R) CPU @ 2.60GHz,,,,,15.61648178100586,machine,Y,1.0
2025-08-08T11:16:27,scikit-learn-benchmark,32db0b71-9007-461b-88b0-d4acf3ea16f7,scikit-learn_SCL001_d880725b,1.006248571909964,1.0933348342422529e-07,1.0865454766976613e-07,6.610072335200001,0.0,10.0,9.26161377849944e-07,0.0,1.400082950325062e-06,2.326244328175006e-06,Canada,CAN,,gcp,northamerica-northeast2,Linux-6.8.0-1032-gcp-x86_64-with-glibc2.35,3.10.12,3.0.4,2,Intel(R) Xeon(R) CPU @ 2.60GHz,,,,,15.61648178100586,machine,Y,1.0
2025-08-08T11:16:29,scikit-learn-benchmark,de1b1be5-bfd9-4004-ade2-a56b63425a0d,scikit-learn_SCL001_d880725b,1.004399195779115,1.182643715074907e-07,1.177463821202612e-07,8.0,0.0,10.0,1.1186565241465969e-06,0.0,1.397606699417035e-06,2.516263223563632e-06,Canada,CAN,,gcp,northamerica-northeast2,Linux-6.8.0-1032-gcp-x86_64-with-glibc2.35,3.10.12,3.0.4,2,Intel(R) Xeon(R) CPU @ 2.60GHz,,,,,15.61648178100586,machine,Y,1.0
2025-08-08T11:16:32,scikit-learn-benchmark,0d4b8cc3-56cc-4825-ad4f-3b23e3009837,scikit-learn_SCL001_d880725b,1.0034223939292133,9.358373708848745e-08,9.326454906196693e-08,4.269610188800001,0.0,10.0,5.959836735534568e-07,0.0,1.3951596687547862e-06,1.991143342308243e-06,Canada,CAN,,gcp,northamerica-northeast2,Linux-6.8.0-1032-gcp-x86_64-with-glibc2.35,3.10.12,3.0.4,2,Intel(R) Xeon(R) CPU @ 2.60GHz,,,,,15.61648178100586,machine,Y,1.0
2025-08-08T11:16:34,scikit-learn-benchmark,3bdc366e-e7bf-4186-8e3d-3c066a5e861d,scikit-learn_SCL001_d880725b,1.0051970877684653,7.735033532085257e-08,7.69504172485916e-08,1.7550872000000004,0.0,10.0,2.458368794851978e-07,0.0,1.3999149358520906e-06,1.6457518153372883e-06,Canada,CAN,,gcp,northamerica-northeast2,Linux-6.8.0-1032-gcp-x86_64-with-glibc2.35,3.10.12,3.0.4,2,Intel(R) Xeon(R) CPU @ 2.60GHz,,,,,15.61648178100586,machine,Y,1.0
2025-08-08T11:16:36,scikit-learn-benchmark,a79e7c3a-e266-4c2a-af29-ddecafc70bc7,scikit-learn_SCL001_d880725b,1.00158101785928,7.665299646325275e-08,7.653199800759638e-08,1.7272709000000002,0.0,10.0,2.403023566594217e-07,0.0,1.3906124617076582e-06,1.6309148183670798e-06,Canada,CAN,,gcp,northamerica-northeast2,Linux-6.8.0-1032-gcp-x86_64-with-glibc2.35,3.10.12,3.0.4,2,Intel(R) Xeon(R) CPU @ 2.60GHz,,,,,15.61648178100586,machine,Y,1.0
2025-08-08T11:16:38,scikit-learn-benchmark,2d1d2aed-34f2-46f2-9fb0-0b28455f515a,scikit-learn_SCL001_d880725b,1.0029789288528264,8.897227589353384e-08,8.870802101026924e-08,3.6009224,0.0,10.0,5.013538891482337e-07,0.0,1.391673257522699e-06,1.8930271466709328e-06,Canada,CAN,,gcp,northamerica-northeast2,Linux-6.8.0-1032-gcp-x86_64-with-glibc2.35,3.10.12,3.0.4,2,Intel(R) Xeon(R) CPU @ 2.60GHz,,,,,15.61648178100586,machine,Y,1.0
2025-08-08T11:16:41,scikit-learn-benchmark,9cf34b37-82c7-4e3f-82e3-fb7adbadd919,scikit-learn_SCL001_d880725b,1.0034108101390302,1.0551309245418596e-07,1.051544306559407e-07,6.0838698176,0.0,10.0,8.494027171764906e-07,0.0,1.395556696742359e-06,2.2449594139188496e-06,Canada,CAN,,gcp,northamerica-northeast2,Linux-6.8.0-1032-gcp-x86_64-with-glibc2.35,3.10.12,3.0.4,2,Intel(R) Xeon(R) CPU @ 2.60GHz,,,,,15.61648178100586,machine,Y,1.0
2025-08-08T11:16:43,scikit-learn-benchmark,b77063f9-c08b-4022-b5a1-ec37f56e03b1,scikit-learn_SCL001_d880725b,1.0044051609002054,1.1774942598098681e-07,1.1723299577179893e-07,8.0,0.0,10.0,1.1137643001145787e-06,0.0,1.3915426356510985e-06,2.505306935765677e-06,Canada,CAN,,gcp,northamerica-northeast2,Linux-6.8.0-1032-gcp-x86_64-with-glibc2.35,3.10.12,3.0.4,2,Intel(R) Xeon(R) CPU @ 2.60GHz,,,,,15.61648178100586,machine,Y,1.0
2025-08-08T11:16:45,scikit-learn-benchmark,68c5d3c7-9c05-41b6-884d-94b4356271e9,scikit-learn_SCL001_d880725b,1.004271490033716,1.0904826855993541e-07,1.0858445115899327e-07,6.591370400000001,0.0,10.0,9.221025519959904e-07,0.0,1.398073374811146e-06,2.3201759268071364e-06,Canada,CAN,,gcp,northamerica-northeast2,Linux-6.8.0-1032-gcp-x86_64-with-glibc2.35,3.10.12,3.0.4,2,Intel(R) Xeon(R) CPU @ 2.60GHz,,,,,15.61648178100586,machine,Y,1.0
2025-08-08T11:16:47,scikit-learn-benchmark,6af903aa-44c9-4c2a-8320-1044c7c7a1d4,scikit-learn_SCL001_d880725b,1.0031413286924362,8.676716513234707e-08,8.649545447942555e-08,3.237983885600001,0.0,10.0,4.5174170182013867e-07,0.0,1.3943681946127777e-06,1.8461098964329163e-06,Canada,CAN,,gcp,northamerica-northeast2,Linux-6.8.0-1032-gcp-x86_64-with-glibc2.35,3.10.12,3.0.4,2,Intel(R) Xeon(R) CPU @ 2.60GHz,,,,,15.61648178100586,machine,Y,1.0
