timestamp,project_name,run_id,experiment_id,duration,emissions,emissions_rate,cpu_power,gpu_power,ram_power,cpu_energy,gpu_energy,ram_energy,energy_consumed,country_name,country_iso_code,region,cloud_provider,cloud_region,os,python_version,codecarbon_version,cpu_count,cpu_model,gpu_count,gpu_model,longitude,latitude,ram_total_size,tracking_mode,on_cloud,pue
2025-08-08T11:28:43,scikit-learn-benchmark,fffeaa07-8fe6-42e3-b9fd-f4980145a302,scikit-learn_SCL001_d880725b,1.0018184510990975,7.647871840665014e-08,7.63398980351631e-08,1.7000000000000002,0.0,10.0,2.365223242539085e-07,0.0,1.390684450355669e-06,1.6272067746095775e-06,Canada,CAN,,gcp,northamerica-northeast2,Linux-6.8.0-1032-gcp-x86_64-with-glibc2.35,3.10.12,3.0.4,2,Intel(R) Xeon(R) CPU @ 2.60GHz,,,,,15.61648178100586,machine,Y,1.0
2025-08-08T11:28:45,scikit-learn-benchmark,6bd6a9bc-1a4f-4ef1-beac-ed4559ea63fe,scikit-learn_SCL001_d880725b,1.0022502727806568,7.653708994758523e-08,7.6365247310175e-08,1.7000000000000002,0.0,10.0,2.3670460275995241e-07,0.0,1.391744119529095e-06,1.628448722289047e-06,Canada,CAN,,gcp,northamerica-northeast2,Linux-6.8.0-1032-gcp-x86_64-with-glibc2.35,3.10.12,3.0.4,2,Intel(R) Xeon(R) CPU @ 2.60GHz,,,,,15.61648178100586,machine,Y,1.0
2025-08-08T11:28:47,scikit-learn-benchmark,bc195133-97bb-453d-9f1d-077145a133f2,scikit-learn_SCL001_d880725b,1.002262252382934,7.67092902985006e-08,7.653614621933532e-08,1.7272709000000002,0.0,10.0,2.405277789579591e-07,0.0,1.3915847805846069e-06,1.632112559542566e-06,Canada,CAN,,gcp,northamerica-northeast2,Linux-6.8.0-1032-gcp-x86_64-with-glibc2.35,3.10.12,3.0.4,2,Intel(R) Xeon(R) CPU @ 2.60GHz,,,,,15.61648178100586,machine,Y,1.0
2025-08-08T11:28:49,scikit-learn-benchmark,ad426cea-38c7-46e7-a619-fce238b5f118,scikit-learn_SCL001_d880725b,1.0022006258368492,7.653890464106937e-08,7.637084099519344e-08,1.7000000000000002,0.0,10.0,2.367117966447647e-07,0.0,1.3917755361439451e-06,1.6284873327887098e-06,Canada,CAN,,gcp,northamerica-northeast2,Linux-6.8.0-1032-gcp-x86_64-with-glibc2.35,3.10.12,3.0.4,2,Intel(R) Xeon(R) CPU @ 2.60GHz,,,,,15.61648178100586,machine,Y,1.0
2025-08-08T11:28:51,scikit-learn-benchmark,4739309c-d6ec-4399-b240-3291e9deef52,scikit-learn_SCL001_d880725b,1.002155994065106,7.653047878945817e-08,7.636583450349179e-08,1.7000000000000002,0.0,10.0,2.3668306244588975e-07,0.0,1.391624996904284e-06,1.6283080593501736e-06,Canada,CAN,,gcp,northamerica-northeast2,Linux-6.8.0-1032-gcp-x86_64-with-glibc2.35,3.10.12,3.0.4,2,Intel(R) Xeon(R) CPU @ 2.60GHz,,,,,15.61648178100586,machine,Y,1.0
2025-08-08T11:28:53,scikit-learn-benchmark,80d3b486-57a0-42ce-a421-01d579eed0c1,scikit-learn_SCL001_d880725b,1.0021117511205375,7.652998817223125e-08,7.63687164496946e-08,1.7000000000000002,0.0,10.0,2.3667768138046894e-07,0.0,1.3916199393053022e-06,1.6282976206857712e-06,Canada,CAN,,gcp,northamerica-northeast2,Linux-6.8.0-1032-gcp-x86_64-with-glibc2.35,3.10.12,3.0.4,2,Intel(R) Xeon(R) CPU @ 2.60GHz,,,,,15.61648178100586,machine,Y,1.0
2025-08-08T11:32:24,scikit-learn-benchmark,5c6941e6-c8f8-49ea-9646-009913a83f46,scikit-learn_SCL001_d880725b,1.0022607520222664,7.67226049177139e-08,7.654954537819658e-08,1.7272709000000002,0.0,10.0,2.40528540383913e-07,0.0,1.3918673089291487e-06,1.6323958493130618e-06,Canada,CAN,,gcp,northamerica-northeast2,Linux-6.8.0-1032-gcp-x86_64-with-glibc2.35,3.10.12,3.0.4,2,Intel(R) Xeon(R) CPU @ 2.60GHz,,,,,15.61648178100586,machine,Y,1.0
2025-08-08T11:32:27,scikit-learn-benchmark,86732feb-769f-4cdd-8f34-2d73a1f7f008,scikit-learn_SCL001_d880725b,1.0021934676915407,7.653407224860144e-08,7.636656465631386e-08,1.7000000000000002,0.0,10.0,2.36696649575606e-07,0.0,1.3916878663520845e-06,1.6283845159276904e-06,Canada,CAN,,gcp,northamerica-northeast2,Linux-6.8.0-1032-gcp-x86_64-with-glibc2.35,3.10.12,3.0.4,2,Intel(R) Xeon(R) CPU @ 2.60GHz,,,,,15.61648178100586,machine,Y,1.0
2025-08-08T11:32:29,scikit-learn-benchmark,5d8e52c7-4c6e-4240-a690-93fb0fa4d8a1,scikit-learn_SCL001_d880725b,1.0016886959783733,7.652713505292518e-08,7.639812185179877e-08,1.7000000000000002,0.0,10.0,2.3667244214771522e-07,0.0,1.3915644738719695e-06,1.6282369160196846e-06,Canada,CAN,,gcp,northamerica-northeast2,Linux-6.8.0-1032-gcp-x86_64-with-glibc2.35,3.10.12,3.0.4,2,Intel(R) Xeon(R) CPU @ 2.60GHz,,,,,15.61648178100586,machine,Y,1.0
2025-08-08T11:32:31,scikit-learn-benchmark,9d8df4d9-13b3-48e0-9e5a-4843c5fbd486,scikit-learn_SCL001_d880725b,1.0021272781305015,7.670585258924574e-08,7.654302428763622e-08,1.7272709000000002,0.0,10.0,2.404749662035572e-07,0.0,1.3915644505889051e-06,1.6320394167924625e-06,Canada,CAN,,gcp,northamerica-northeast2,Linux-6.8.0-1032-gcp-x86_64-with-glibc2.35,3.10.12,3.0.4,2,Intel(R) Xeon(R) CPU @ 2.60GHz,,,,,15.61648178100586,machine,Y,1.0
2025-08-08T11:32:33,scikit-learn-benchmark,26ce09f4-5eed-440b-adb1-ebec50b2f8d6,scikit-learn_SCL001_d880725b,1.00227187294513,7.67078637674567e-08,7.653398827012292e-08,1.7272709000000002,0.0,10.0,2.4047593049769374e-07,0.0,1.391606277320534e-06,1.6320822078182276e-06,Canada,CAN,,gcp,northamerica-northeast2,Linux-6.8.0-1032-gcp-x86_64-with-glibc2.35,3.10.12,3.0.4,2,Intel(R) Xeon(R) CPU @ 2.60GHz,,,,,15.61648178100586,machine,Y,1.0
2025-08-08T11:32:35,scikit-learn-benchmark,d80eba49-c619-4f56-9556-d8a5131d6ecd,scikit-learn_SCL001_d880725b,1.0021437830291688,7.653204738855775e-08,7.63683302581843e-08,1.7000000000000002,0.0,10.0,2.366899511155983e-07,0.0,1.391651482683503e-06,1.6283414337991013e-06,Canada,CAN,,gcp,northamerica-northeast2,Linux-6.8.0-1032-gcp-x86_64-with-glibc2.35,3.10.12,3.0.4,2,Intel(R) Xeon(R) CPU @ 2.60GHz,,,,,15.61648178100586,machine,Y,1.0
2025-08-08T11:32:37,scikit-learn-benchmark,2ec7881b-4713-4ca3-b8aa-8a116e968bd1,scikit-learn_SCL001_d880725b,1.0035864827223122,7.662419632912821e-08,7.635036705683669e-08,1.7000000000000002,0.0,10.0,2.369710546659513e-07,0.0,1.393330994889968e-06,1.6303020495559194e-06,Canada,CAN,,gcp,northamerica-northeast2,Linux-6.8.0-1032-gcp-x86_64-with-glibc2.35,3.10.12,3.0.4,2,Intel(R) Xeon(R) CPU @ 2.60GHz,,,,,15.61648178100586,machine,Y,1.0
2025-08-08T11:32:39,scikit-learn-benchmark,d3c59a83-4f65-49ff-a061-a062867527a0,scikit-learn_SCL001_d880725b,1.0022015171125531,7.68908251956426e-08,7.67219205745897e-08,1.7550872000000004,0.0,10.0,2.44353137536978e-07,0.0,1.3916218666256302e-06,1.6359750041626084e-06,Canada,CAN,,gcp,northamerica-northeast2,Linux-6.8.0-1032-gcp-x86_64-with-glibc2.35,3.10.12,3.0.4,2,Intel(R) Xeon(R) CPU @ 2.60GHz,,,,,15.61648178100586,machine,Y,1.0
2025-08-08T11:32:41,scikit-learn-benchmark,829d6092-5e02-4dd7-996b-0c78a4236d9e,scikit-learn_SCL001_d880725b,1.00209727184847,7.670676652289015e-08,7.654622827322613e-08,1.7272709000000002,0.0,10.0,2.404706512330616e-07,0.0,1.39158821095609e-06,1.6320588621891516e-06,Canada,CAN,,gcp,northamerica-northeast2,Linux-6.8.0-1032-gcp-x86_64-with-glibc2.35,3.10.12,3.0.4,2,Intel(R) Xeon(R) CPU @ 2.60GHz,,,,,15.61648178100586,machine,Y,1.0
2025-08-08T11:32:44,scikit-learn-benchmark,08a8b9e3-8732-4d49-90be-3674576615d3,scikit-learn_SCL001_d880725b,1.0020977389067411,7.635179771410199e-08,7.619196686083689e-08,1.6732691000000002,0.0,10.0,2.3294572545931045e-07,0.0,1.3915606088832849e-06,1.6245063343425954e-06,Canada,CAN,,gcp,northamerica-northeast2,Linux-6.8.0-1032-gcp-x86_64-with-glibc2.35,3.10.12,3.0.4,2,Intel(R) Xeon(R) CPU @ 2.60GHz,,,,,15.61648178100586,machine,Y,1.0
2025-08-08T11:32:46,scikit-learn-benchmark,ca306d2c-bbf2-4be3-bb1a-0eccdf2787fa,scikit-learn_SCL001_d880725b,1.002131230197847,7.65293905521329e-08,7.636663567208059e-08,1.7000000000000002,0.0,10.0,2.366779799987045e-07,0.0,1.3916069253658257e-06,1.62828490536453e-06,Canada,CAN,,gcp,northamerica-northeast2,Linux-6.8.0-1032-gcp-x86_64-with-glibc2.35,3.10.12,3.0.4,2,Intel(R) Xeon(R) CPU @ 2.60GHz,,,,,15.61648178100586,machine,Y,1.0
2025-08-08T11:32:48,scikit-learn-benchmark,20acbdd5-6d45-4181-9899-a5c4cd7d0ba9,scikit-learn_SCL001_d880725b,1.0021968050859869,7.689414878221783e-08,7.672559759918658e-08,1.7550872000000004,0.0,10.0,2.4437339645097865e-07,0.0,1.3916723223196136e-06,1.6360457187705922e-06,Canada,CAN,,gcp,northamerica-northeast2,Linux-6.8.0-1032-gcp-x86_64-with-glibc2.35,3.10.12,3.0.4,2,Intel(R) Xeon(R) CPU @ 2.60GHz,,,,,15.61648178100586,machine,Y,1.0
2025-08-08T11:32:50,scikit-learn-benchmark,57d604be-1817-45a5-9975-7b36f37d7db7,scikit-learn_SCL001_d880725b,1.0021714558824897,7.653153782224074e-08,7.636571304542774e-08,1.7000000000000002,0.0,10.0,2.366859428584576e-07,0.0,1.3916446491041116e-06,1.6283305919625691e-06,Canada,CAN,,gcp,northamerica-northeast2,Linux-6.8.0-1032-gcp-x86_64-with-glibc2.35,3.10.12,3.0.4,2,Intel(R) Xeon(R) CPU @ 2.60GHz,,,,,15.61648178100586,machine,Y,1.0
2025-08-08T11:32:52,scikit-learn-benchmark,34130dab-e307-4ec5-a1f4-659b7dd52136,scikit-learn_SCL001_d880725b,1.0021539251320064,7.65308970117864e-08,7.636640948315954e-08,1.7000000000000002,0.0,10.0,2.366867518543991e-07,0.0,1.391630205843184e-06,1.628316957697583e-06,Canada,CAN,,gcp,northamerica-northeast2,Linux-6.8.0-1032-gcp-x86_64-with-glibc2.35,3.10.12,3.0.4,2,Intel(R) Xeon(R) CPU @ 2.60GHz,,,,,15.61648178100586,machine,Y,1.0
2025-08-08T11:32:54,scikit-learn-benchmark,0d40838e-4ff9-4a03-9a08-304d31a865bc,scikit-learn_SCL001_d880725b,1.0018988624215126,7.648758324622435e-08,7.634261911562585e-08,1.7000000000000002,0.0,10.0,2.365533231576491e-07,0.0,1.3908420650598902e-06,1.627395388217539e-06,Canada,CAN,,gcp,northamerica-northeast2,Linux-6.8.0-1032-gcp-x86_64-with-glibc2.35,3.10.12,3.0.4,2,Intel(R) Xeon(R) CPU @ 2.60GHz,,,,,15.61648178100586,machine,Y,1.0
2025-08-08T11:32:56,scikit-learn-benchmark,a2209d41-4e5a-4b4e-8663-b76e98b22e5e,scikit-learn_SCL001_d880725b,1.002186096739024,7.653609797740099e-08,7.636914763279886e-08,1.7000000000000002,0.0,10.0,2.3670280643273146e-07,0.0,1.3917248101077146e-06,1.6284276165404462e-06,Canada,CAN,,gcp,northamerica-northeast2,Linux-6.8.0-1032-gcp-x86_64-with-glibc2.35,3.10.12,3.0.4,2,Intel(R) Xeon(R) CPU @ 2.60GHz,,,,,15.61648178100586,machine,Y,1.0
2025-08-08T11:32:59,scikit-learn-benchmark,1065df22-e829-441b-8f0b-fd9d6f5f1463,scikit-learn_SCL001_d880725b,1.002182892058045,7.652935484438464e-08,7.636266339293304e-08,1.7000000000000002,0.0,10.0,2.366867197496403e-07,0.0,1.3915974258755644e-06,1.6282841456252049e-06,Canada,CAN,,gcp,northamerica-northeast2,Linux-6.8.0-1032-gcp-x86_64-with-glibc2.35,3.10.12,3.0.4,2,Intel(R) Xeon(R) CPU @ 2.60GHz,,,,,15.61648178100586,machine,Y,1.0
2025-08-08T11:33:01,scikit-learn-benchmark,802878f1-936f-4f72-a078-15251db6dec5,scikit-learn_SCL001_d880725b,1.0021986882202327,7.653779007600519e-08,7.636987652810221e-08,1.7000000000000002,0.0,10.0,2.3670780971749802e-07,0.0,1.39175580892091e-06,1.628463618638408e-06,Canada,CAN,,gcp,northamerica-northeast2,Linux-6.8.0-1032-gcp-x86_64-with-glibc2.35,3.10.12,3.0.4,2,Intel(R) Xeon(R) CPU @ 2.60GHz,,,,,15.61648178100586,machine,Y,1.0
2025-08-08T11:33:03,scikit-learn-benchmark,807cb1ba-4903-494e-904b-5e8c622fa7ea,scikit-learn_SCL001_d880725b,1.0022336468100548,7.671467679096217e-08,7.654370518803913e-08,1.7272709000000002,0.0,10.0,2.404992900539632e-07,0.0,1.3917278757111894e-06,1.6322271657651526e-06,Canada,CAN,,gcp,northamerica-northeast2,Linux-6.8.0-1032-gcp-x86_64-with-glibc2.35,3.10.12,3.0.4,2,Intel(R) Xeon(R) CPU @ 2.60GHz,,,,,15.61648178100586,machine,Y,1.0
2025-08-08T11:33:05,scikit-learn-benchmark,22f08c89-d7ee-4ab7-9cbf-a6411fdb78b1,scikit-learn_SCL001_d880725b,1.0022099232301116,7.689697251216438e-08,7.672741082459679e-08,1.7550872000000004,0.0,10.0,2.4437776978654545e-07,0.0,1.3917280283446115e-06,1.636105798131157e-06,Canada,CAN,,gcp,northamerica-northeast2,Linux-6.8.0-1032-gcp-x86_64-with-glibc2.35,3.10.12,3.0.4,2,Intel(R) Xeon(R) CPU @ 2.60GHz,,,,,15.61648178100586,machine,Y,1.0
2025-08-08T11:33:07,scikit-learn-benchmark,7336ecc2-fe0c-4742-b354-da2c3c266ff3,scikit-learn_SCL001_d880725b,1.0021610870026052,7.65283719921847e-08,7.636334416164149e-08,1.7000000000000002,0.0,10.0,2.366803702639623e-07,0.0,1.3915828636123076e-06,1.6282632338762698e-06,Canada,CAN,,gcp,northamerica-northeast2,Linux-6.8.0-1032-gcp-x86_64-with-glibc2.35,3.10.12,3.0.4,2,Intel(R) Xeon(R) CPU @ 2.60GHz,,,,,15.61648178100586,machine,Y,1.0
2025-08-08T11:33:09,scikit-learn-benchmark,03c9239c-b70a-4649-84cc-1c0a12e238ae,scikit-learn_SCL001_d880725b,1.0021549821831286,7.671049822044155e-08,7.65455439370593e-08,1.7272709000000002,0.0,10.0,2.404860115717751e-07,0.0,1.3916522484376195e-06,1.6321382600093948e-06,Canada,CAN,,gcp,northamerica-northeast2,Linux-6.8.0-1032-gcp-x86_64-with-glibc2.35,3.10.12,3.0.4,2,Intel(R) Xeon(R) CPU @ 2.60GHz,,,,,15.61648178100586,machine,Y,1.0
2025-08-08T11:33:11,scikit-learn-benchmark,bd120df0-18ff-41c8-9730-068d02b7f267,scikit-learn_SCL001_d880725b,1.0021686707623303,7.65309313613818e-08,7.63653201243721e-08,1.7000000000000002,0.0,10.0,2.366922828886244e-07,0.0,1.3916254056514135e-06,1.628317688540038e-06,Canada,CAN,,gcp,northamerica-northeast2,Linux-6.8.0-1032-gcp-x86_64-with-glibc2.35,3.10.12,3.0.4,2,Intel(R) Xeon(R) CPU @ 2.60GHz,,,,,15.61648178100586,machine,Y,1.0
2025-08-08T11:33:13,scikit-learn-benchmark,3e26b01c-0cef-493b-af29-03f1ae3f7e38,scikit-learn_SCL001_d880725b,1.0020775170996783,7.670508122814095e-08,7.654605548894969e-08,1.7272709000000002,0.0,10.0,2.404641409071012e-07,0.0,1.3915588639469611e-06,1.6320230048540625e-06,Canada,CAN,,gcp,northamerica-northeast2,Linux-6.8.0-1032-gcp-x86_64-with-glibc2.35,3.10.12,3.0.4,2,Intel(R) Xeon(R) CPU @ 2.60GHz,,,,,15.61648178100586,machine,Y,1.0
2025-08-08T11:33:16,scikit-learn-benchmark,2e312f71-1f7e-4c38-ad3a-0679807a744f,scikit-learn_SCL001_d880725b,1.0021118680015206,7.652903944651027e-08,7.636776081609499e-08,1.7000000000000002,0.0,10.0,2.366774014533601e-07,0.0,1.3916000335787731e-06,1.6282774350321334e-06,Canada,CAN,,gcp,northamerica-northeast2,Linux-6.8.0-1032-gcp-x86_64-with-glibc2.35,3.10.12,3.0.4,2,Intel(R) Xeon(R) CPU @ 2.60GHz,,,,,15.61648178100586,machine,Y,1.0
2025-08-08T11:33:18,scikit-learn-benchmark,ac301d4e-7315-4bad-b36e-f6349329e2e9,scikit-learn_SCL001_d880725b,1.0021587000228465,7.6528325012497e-08,7.63634791682718e-08,1.7000000000000002,0.0,10.0,2.3667660389199026e-07,0.0,1.3915856304164564e-06,1.6282622343084466e-06,Canada,CAN,,gcp,northamerica-northeast2,Linux-6.8.0-1032-gcp-x86_64-with-glibc2.35,3.10.12,3.0.4,2,Intel(R) Xeon(R) CPU @ 2.60GHz,,,,,15.61648178100586,machine,Y,1.0
2025-08-08T11:33:20,scikit-learn-benchmark,dc25e816-227f-4a93-94fb-4ea35c33b27b,scikit-learn_SCL001_d880725b,1.0021668230183425,7.652915685864478e-08,7.636369025683072e-08,1.7000000000000002,0.0,10.0,2.366865352572253e-07,0.0,1.3915933979054291e-06,1.6282799331626546e-06,Canada,CAN,,gcp,northamerica-northeast2,Linux-6.8.0-1032-gcp-x86_64-with-glibc2.35,3.10.12,3.0.4,2,Intel(R) Xeon(R) CPU @ 2.60GHz,,,,,15.61648178100586,machine,Y,1.0
2025-08-08T11:33:22,scikit-learn-benchmark,084f1bd7-f6ed-4639-95f5-3b4da3353273,scikit-learn_SCL001_d880725b,1.0019326289184391,7.650006420372263e-08,7.63525031481433e-08,1.7000000000000002,0.0,10.0,2.365880937108564e-07,0.0,1.39107284679388e-06,1.6276609405047364e-06,Canada,CAN,,gcp,northamerica-northeast2,Linux-6.8.0-1032-gcp-x86_64-with-glibc2.35,3.10.12,3.0.4,2,Intel(R) Xeon(R) CPU @ 2.60GHz,,,,,15.61648178100586,machine,Y,1.0
2025-08-08T11:33:24,scikit-learn-benchmark,625f9fe9-1916-439e-ab39-940e78089344,scikit-learn_SCL001_d880725b,1.002421120647341,7.673908966033925e-08,7.655374381056821e-08,1.7272709000000002,0.0,10.0,2.4058859182360924e-07,0.0,1.392157996694247e-06,1.632746588517856e-06,Canada,CAN,,gcp,northamerica-northeast2,Linux-6.8.0-1032-gcp-x86_64-with-glibc2.35,3.10.12,3.0.4,2,Intel(R) Xeon(R) CPU @ 2.60GHz,,,,,15.61648178100586,machine,Y,1.0
2025-08-08T11:33:26,scikit-learn-benchmark,3e1ce48a-b06d-4101-9877-47163fca8fb0,scikit-learn_SCL001_d880725b,1.0021587726660073,7.670722055674752e-08,7.654198381428726e-08,1.7272709000000002,0.0,10.0,2.404831236046739e-07,0.0,1.391585398879316e-06,1.63206852248399e-06,Canada,CAN,,gcp,northamerica-northeast2,Linux-6.8.0-1032-gcp-x86_64-with-glibc2.35,3.10.12,3.0.4,2,Intel(R) Xeon(R) CPU @ 2.60GHz,,,,,15.61648178100586,machine,Y,1.0
2025-08-08T11:33:28,scikit-learn-benchmark,e731362c-3b02-43be-b49f-8659bf8e415e,scikit-learn_SCL001_d880725b,1.0021759811788795,7.653130394515271e-08,7.636513484899869e-08,1.7000000000000002,0.0,10.0,2.366961020355424e-07,0.0,1.3916295138187706e-06,1.628325615854313e-06,Canada,CAN,,gcp,northamerica-northeast2,Linux-6.8.0-1032-gcp-x86_64-with-glibc2.35,3.10.12,3.0.4,2,Intel(R) Xeon(R) CPU @ 2.60GHz,,,,,15.61648178100586,machine,Y,1.0
2025-08-08T11:33:31,scikit-learn-benchmark,9b671ece-8788-4b8d-9cc3-398a1a6cab8f,scikit-learn_SCL001_d880725b,1.002165209967643,7.652984848614626e-08,7.636450330242175e-08,1.7000000000000002,0.0,10.0,2.3668255184828826e-07,0.0,1.3916120967931216e-06,1.6282946486414098e-06,Canada,CAN,,gcp,northamerica-northeast2,Linux-6.8.0-1032-gcp-x86_64-with-glibc2.35,3.10.12,3.0.4,2,Intel(R) Xeon(R) CPU @ 2.60GHz,,,,,15.61648178100586,machine,Y,1.0
2025-08-08T11:33:33,scikit-learn-benchmark,2faefbc2-e96f-410d-8bec-929cd4421765,scikit-learn_SCL001_d880725b,1.0021369769237936,7.653020867814e-08,7.636701413120262e-08,1.7000000000000002,0.0,10.0,2.3668346859307765e-07,0.0,1.3916188437077735e-06,1.6283023123008511e-06,Canada,CAN,,gcp,northamerica-northeast2,Linux-6.8.0-1032-gcp-x86_64-with-glibc2.35,3.10.12,3.0.4,2,Intel(R) Xeon(R) CPU @ 2.60GHz,,,,,15.61648178100586,machine,Y,1.0
2025-08-08T11:33:35,scikit-learn-benchmark,9dd62aac-04d0-4d76-a252-899bba81b9ab,scikit-learn_SCL001_d880725b,1.0019583138637245,7.63288264704185e-08,7.6179642819751e-08,1.6732691000000002,0.0,10.0,2.3287514331021765e-07,0.0,1.3911424411667717e-06,1.6240175844769891e-06,Canada,CAN,,gcp,northamerica-northeast2,Linux-6.8.0-1032-gcp-x86_64-with-glibc2.35,3.10.12,3.0.4,2,Intel(R) Xeon(R) CPU @ 2.60GHz,,,,,15.61648178100586,machine,Y,1.0
2025-08-08T11:33:37,scikit-learn-benchmark,b0262606-2813-4742-a73c-54d3b80a5091,scikit-learn_SCL001_d880725b,1.003620774950832,7.788097862491558e-08,7.760000646532156e-08,1.8719144,0.0,10.0,2.6138029285302986e-07,0.0,1.3956618055494297e-06,1.6570420984024592e-06,Canada,CAN,,gcp,northamerica-northeast2,Linux-6.8.0-1032-gcp-x86_64-with-glibc2.35,3.10.12,3.0.4,2,Intel(R) Xeon(R) CPU @ 2.60GHz,,,,,15.61648178100586,machine,Y,1.0
2025-08-08T11:33:39,scikit-learn-benchmark,7aa0444b-1ed2-4a10-b61c-940e62fbcf7b,scikit-learn_SCL001_d880725b,1.002168179024011,7.65316534743696e-08,7.636607814558838e-08,1.7000000000000002,0.0,10.0,2.366966742039141e-07,0.0,1.3916363784422475e-06,1.6283330526461618e-06,Canada,CAN,,gcp,northamerica-northeast2,Linux-6.8.0-1032-gcp-x86_64-with-glibc2.35,3.10.12,3.0.4,2,Intel(R) Xeon(R) CPU @ 2.60GHz,,,,,15.61648178100586,machine,Y,1.0
2025-08-08T11:33:41,scikit-learn-benchmark,e9237af4-1e72-4beb-bfcc-19931a5ca273,scikit-learn_SCL001_d880725b,1.0018373359926045,7.648007151175343e-08,7.633980963184825e-08,1.7000000000000002,0.0,10.0,2.365357249121493e-07,0.0,1.3906998391677109e-06,1.62723556407986e-06,Canada,CAN,,gcp,northamerica-northeast2,Linux-6.8.0-1032-gcp-x86_64-with-glibc2.35,3.10.12,3.0.4,2,Intel(R) Xeon(R) CPU @ 2.60GHz,,,,,15.61648178100586,machine,Y,1.0
2025-08-08T11:33:43,scikit-learn-benchmark,d3c70d80-2e9c-4517-8762-74bef844736b,scikit-learn_SCL001_d880725b,1.0021419222466648,7.652984189053272e-08,7.636627127519355e-08,1.7000000000000002,0.0,10.0,2.3668013365628825e-07,0.0,1.3916143746529188e-06,1.628294508309207e-06,Canada,CAN,,gcp,northamerica-northeast2,Linux-6.8.0-1032-gcp-x86_64-with-glibc2.35,3.10.12,3.0.4,2,Intel(R) Xeon(R) CPU @ 2.60GHz,,,,,15.61648178100586,machine,Y,1.0
2025-08-08T11:33:45,scikit-learn-benchmark,08f910b1-3880-44a5-bf86-82a1a97d7911,scikit-learn_SCL001_d880725b,1.002131805755198,7.653095177927107e-08,7.6368149718188e-08,1.7000000000000002,0.0,10.0,2.366838180071985e-07,0.0,1.3916343049560157e-06,1.628318122963214e-06,Canada,CAN,,gcp,northamerica-northeast2,Linux-6.8.0-1032-gcp-x86_64-with-glibc2.35,3.10.12,3.0.4,2,Intel(R) Xeon(R) CPU @ 2.60GHz,,,,,15.61648178100586,machine,Y,1.0
2025-08-08T11:33:48,scikit-learn-benchmark,36e24c57-2076-4ea6-8380-1a96b0aa4a46,scikit-learn_SCL001_d880725b,1.0021620923653245,7.671150119260356e-08,7.654600166680365e-08,1.7272709000000002,0.0,10.0,2.404866825113702e-07,0.0,1.3916729173312586e-06,1.632159599842629e-06,Canada,CAN,,gcp,northamerica-northeast2,Linux-6.8.0-1032-gcp-x86_64-with-glibc2.35,3.10.12,3.0.4,2,Intel(R) Xeon(R) CPU @ 2.60GHz,,,,,15.61648178100586,machine,Y,1.0
2025-08-08T11:33:50,scikit-learn-benchmark,84dfb04e-981a-49e1-8dd1-5c421cac011c,scikit-learn_SCL001_d880725b,1.002057152800262,7.652959862066848e-08,7.637248874159075e-08,1.7000000000000002,0.0,10.0,2.3667847344444858e-07,0.0,1.3916108589101995e-06,1.6282893323546482e-06,Canada,CAN,,gcp,northamerica-northeast2,Linux-6.8.0-1032-gcp-x86_64-with-glibc2.35,3.10.12,3.0.4,2,Intel(R) Xeon(R) CPU @ 2.60GHz,,,,,15.61648178100586,machine,Y,1.0
2025-08-08T11:33:52,scikit-learn-benchmark,30980607-56de-4165-87d8-99768dc7e5ff,scikit-learn_SCL001_d880725b,1.0021061338484287,7.65267634734822e-08,7.636592661058102e-08,1.7000000000000002,0.0,10.0,2.36673582966129e-07,0.0,1.39155542710796e-06,1.628229010074089e-06,Canada,CAN,,gcp,northamerica-northeast2,Linux-6.8.0-1032-gcp-x86_64-with-glibc2.35,3.10.12,3.0.4,2,Intel(R) Xeon(R) CPU @ 2.60GHz,,,,,15.61648178100586,machine,Y,1.0
2025-08-08T11:33:54,scikit-learn-benchmark,6d8e0b37-50d3-4962-805e-ae3685877c6a,scikit-learn_SCL001_d880725b,1.0021420568227768,7.652650204121084e-08,7.6362928309618e-08,1.7000000000000002,0.0,10.0,2.3667480888414306e-07,0.0,1.3915486388011938e-06,1.6282234476853369e-06,Canada,CAN,,gcp,northamerica-northeast2,Linux-6.8.0-1032-gcp-x86_64-with-glibc2.35,3.10.12,3.0.4,2,Intel(R) Xeon(R) CPU @ 2.60GHz,,,,,15.61648178100586,machine,Y,1.0
2025-08-08T11:33:56,scikit-learn-benchmark,153fa23d-14b6-48ce-8e47-1ba8f4a2c5cc,scikit-learn_SCL001_d880725b,1.0082699139602482,8.715660089519833e-08,8.644173518266316e-08,3.165264800000001,0.0,10.0,4.460552482622515e-07,0.0,1.4083405154653722e-06,1.854395763727624e-06,Canada,CAN,,gcp,northamerica-northeast2,Linux-6.8.0-1032-gcp-x86_64-with-glibc2.35,3.10.12,3.0.4,2,Intel(R) Xeon(R) CPU @ 2.60GHz,,,,,15.61648178100586,machine,Y,1.0
2025-08-08T11:33:58,scikit-learn-benchmark,1244e5bf-4b5a-4938-9cb4-8413e64dcb83,scikit-learn_SCL001_d880725b,1.0020994120277464,7.652461438318196e-08,7.6364294265311e-08,1.7000000000000002,0.0,10.0,2.366593790292327e-07,0.0,1.39152390571932e-06,1.6281832847485523e-06,Canada,CAN,,gcp,northamerica-northeast2,Linux-6.8.0-1032-gcp-x86_64-with-glibc2.35,3.10.12,3.0.4,2,Intel(R) Xeon(R) CPU @ 2.60GHz,,,,,15.61648178100586,machine,Y,1.0
2025-08-08T11:34:00,scikit-learn-benchmark,dda2c751-3ece-4ae6-afcd-926f6e9dda47,scikit-learn_SCL001_d880725b,1.00221862597391,7.671657007073536e-08,7.654674148186552e-08,1.7272709000000002,0.0,10.0,2.405091713877856e-07,0.0,1.391758276925733e-06,1.6322674483135183e-06,Canada,CAN,,gcp,northamerica-northeast2,Linux-6.8.0-1032-gcp-x86_64-with-glibc2.35,3.10.12,3.0.4,2,Intel(R) Xeon(R) CPU @ 2.60GHz,,,,,15.61648178100586,machine,Y,1.0
2025-08-08T11:34:03,scikit-learn-benchmark,d65903c2-7206-4e4a-8d49-fdb7041a2f0e,scikit-learn_SCL001_d880725b,1.0021521048620343,7.653249462027777e-08,7.636814236977923e-08,1.7000000000000002,0.0,10.0,2.366897046126219e-07,0.0,1.39166124475499e-06,1.628350949367612e-06,Canada,CAN,,gcp,northamerica-northeast2,Linux-6.8.0-1032-gcp-x86_64-with-glibc2.35,3.10.12,3.0.4,2,Intel(R) Xeon(R) CPU @ 2.60GHz,,,,,15.61648178100586,machine,Y,1.0
2025-08-08T11:34:05,scikit-learn-benchmark,a612d2f2-26d8-4809-8f68-c2a911600c7f,scikit-learn_SCL001_d880725b,1.0021476689726114,7.671209716479984e-08,7.654769804877567e-08,1.7272709000000002,0.0,10.0,2.404896084603999e-07,0.0,1.391682671641724e-06,1.632172280102124e-06,Canada,CAN,,gcp,northamerica-northeast2,Linux-6.8.0-1032-gcp-x86_64-with-glibc2.35,3.10.12,3.0.4,2,Intel(R) Xeon(R) CPU @ 2.60GHz,,,,,15.61648178100586,machine,Y,1.0
2025-08-08T11:34:07,scikit-learn-benchmark,a837b214-1dbf-415d-b716-d86a15f082b2,scikit-learn_SCL001_d880725b,1.002160913310945,7.670818544763245e-08,7.654278312871283e-08,1.7272709000000002,0.0,10.0,2.404847939158335e-07,0.0,1.3916042581614522e-06,1.6320890520772855e-06,Canada,CAN,,gcp,northamerica-northeast2,Linux-6.8.0-1032-gcp-x86_64-with-glibc2.35,3.10.12,3.0.4,2,Intel(R) Xeon(R) CPU @ 2.60GHz,,,,,15.61648178100586,machine,Y,1.0
2025-08-08T11:34:09,scikit-learn-benchmark,65fb6c9a-beb9-4c77-bc88-4ab8cdfdad8a,scikit-learn_SCL001_d880725b,1.0020044380798936,7.635920938595987e-08,7.620645825909153e-08,1.6732691000000002,0.0,10.0,2.3297217655840259e-07,0.0,1.3916918529301051e-06,1.624664029488508e-06,Canada,CAN,,gcp,northamerica-northeast2,Linux-6.8.0-1032-gcp-x86_64-with-glibc2.35,3.10.12,3.0.4,2,Intel(R) Xeon(R) CPU @ 2.60GHz,,,,,15.61648178100586,machine,Y,1.0
2025-08-08T11:34:11,scikit-learn-benchmark,366d09f3-3cf4-4a1e-b269-98c46ed649d6,scikit-learn_SCL001_d880725b,1.0021784668788314,7.671078822218737e-08,7.654403956721823e-08,1.7272709000000002,0.0,10.0,2.404946019668763e-07,0.0,1.3916498282924295e-06,1.6321444302593058e-06,Canada,CAN,,gcp,northamerica-northeast2,Linux-6.8.0-1032-gcp-x86_64-with-glibc2.35,3.10.12,3.0.4,2,Intel(R) Xeon(R) CPU @ 2.60GHz,,,,,15.61648178100586,machine,Y,1.0
2025-08-08T11:34:13,scikit-learn-benchmark,458266fc-a8da-4026-8fcb-27803a5926b8,scikit-learn_SCL001_d880725b,1.0019503342919052,7.688899739922204e-08,7.673933005228324e-08,1.7550872000000004,0.0,10.0,2.443437983406249e-07,0.0,1.3915923165364395e-06,1.6359361148770647e-06,Canada,CAN,,gcp,northamerica-northeast2,Linux-6.8.0-1032-gcp-x86_64-with-glibc2.35,3.10.12,3.0.4,2,Intel(R) Xeon(R) CPU @ 2.60GHz,,,,,15.61648178100586,machine,Y,1.0
2025-08-08T11:34:15,scikit-learn-benchmark,4effecc8-e634-4818-922c-6dba3cfa743e,scikit-learn_SCL001_d880725b,1.0020753480494022,7.670334557005926e-08,7.654448911388428e-08,1.7272709000000002,0.0,10.0,2.4045610370761685e-07,0.0,1.3915299722510909e-06,1.6319860759587077e-06,Canada,CAN,,gcp,northamerica-northeast2,Linux-6.8.0-1032-gcp-x86_64-with-glibc2.35,3.10.12,3.0.4,2,Intel(R) Xeon(R) CPU @ 2.60GHz,,,,,15.61648178100586,machine,Y,1.0
2025-08-08T11:34:18,scikit-learn-benchmark,c1ac42de-37df-4e20-be00-ae053e44f11e,scikit-learn_SCL001_d880725b,1.0022690538316965,7.671227942551122e-08,7.65386092010309e-08,1.7272709000000002,0.0,10.0,2.405016380074111e-07,0.0,1.391674519982189e-06,1.6321761579896e-06,Canada,CAN,,gcp,northamerica-northeast2,Linux-6.8.0-1032-gcp-x86_64-with-glibc2.35,3.10.12,3.0.4,2,Intel(R) Xeon(R) CPU @ 2.60GHz,,,,,15.61648178100586,machine,Y,1.0
2025-08-08T11:34:20,scikit-learn-benchmark,1efae2d7-be69-47ad-a6a2-0be673a7f21e,scikit-learn_SCL001_d880725b,1.002073036972433,7.634871706883112e-08,7.619077078403762e-08,1.6732691000000002,0.0,10.0,2.3293836548660226e-07,0.0,1.3915024232119322e-06,1.6244407886985343e-06,Canada,CAN,,gcp,northamerica-northeast2,Linux-6.8.0-1032-gcp-x86_64-with-glibc2.35,3.10.12,3.0.4,2,Intel(R) Xeon(R) CPU @ 2.60GHz,,,,,15.61648178100586,machine,Y,1.0
2025-08-08T11:34:22,scikit-learn-benchmark,8a2d8fa1-16db-4c03-8795-7ee248d515d1,scikit-learn_SCL001_d880725b,1.0022080480121076,7.653567974899328e-08,7.636705761922663e-08,1.7000000000000002,0.0,10.0,2.3670097954002106e-07,0.0,1.3917177385236655e-06,1.6284187180636866e-06,Canada,CAN,,gcp,northamerica-northeast2,Linux-6.8.0-1032-gcp-x86_64-with-glibc2.35,3.10.12,3.0.4,2,Intel(R) Xeon(R) CPU @ 2.60GHz,,,,,15.61648178100586,machine,Y,1.0
2025-08-08T11:34:24,scikit-learn-benchmark,a8dba9ef-a481-484d-a4af-a2c5ec36dfdb,scikit-learn_SCL001_d880725b,1.0021670828573406,7.67151732700293e-08,7.65492846275712e-08,1.7272709000000002,0.0,10.0,2.405000331592223e-07,0.0,1.3917376959903374e-06,1.6322377291495595e-06,Canada,CAN,,gcp,northamerica-northeast2,Linux-6.8.0-1032-gcp-x86_64-with-glibc2.35,3.10.12,3.0.4,2,Intel(R) Xeon(R) CPU @ 2.60GHz,,,,,15.61648178100586,machine,Y,1.0
2025-08-08T11:34:26,scikit-learn-benchmark,433f556c-7b08-48d9-84f5-11380d229d03,scikit-learn_SCL001_d880725b,1.0022345981560647,7.654175703144737e-08,7.637109831597386e-08,1.7000000000000002,0.0,10.0,2.3672340251505379e-07,0.0,1.391824619430635e-06,1.6285480219456888e-06,Canada,CAN,,gcp,northamerica-northeast2,Linux-6.8.0-1032-gcp-x86_64-with-glibc2.35,3.10.12,3.0.4,2,Intel(R) Xeon(R) CPU @ 2.60GHz,,,,,15.61648178100586,machine,Y,1.0
2025-08-08T11:34:28,scikit-learn-benchmark,d84dec90-b386-47ef-b1e5-8c9ea79b48e4,scikit-learn_SCL001_d880725b,1.002226509153843,7.688903748437732e-08,7.671822365713814e-08,1.7550872000000004,0.0,10.0,2.4435783460471453e-07,0.0,1.3915791331479946e-06,1.635936967752709e-06,Canada,CAN,,gcp,northamerica-northeast2,Linux-6.8.0-1032-gcp-x86_64-with-glibc2.35,3.10.12,3.0.4,2,Intel(R) Xeon(R) CPU @ 2.60GHz,,,,,15.61648178100586,machine,Y,1.0
2025-08-08T11:34:30,scikit-learn-benchmark,7c99494c-2a49-409e-a5d9-a8d30e1b29c7,scikit-learn_SCL001_d880725b,1.001480613835156,7.73851990053329e-08,7.727079080341592e-08,1.8418625,0.0,10.0,2.561948462792369e-07,0.0,1.3902987495789098e-06,1.6464935958581466e-06,Canada,CAN,,gcp,northamerica-northeast2,Linux-6.8.0-1032-gcp-x86_64-with-glibc2.35,3.10.12,3.0.4,2,Intel(R) Xeon(R) CPU @ 2.60GHz,,,,,15.61648178100586,machine,Y,1.0
2025-08-08T11:34:32,scikit-learn-benchmark,667aa737-00a3-4d04-8421-06bcc20881a3,scikit-learn_SCL001_d880725b,1.0021485979668796,7.652820155372481e-08,7.636412574839928e-08,1.7000000000000002,0.0,10.0,2.366757298069489e-07,0.0,1.3915838777191109e-06,1.6282596075260598e-06,Canada,CAN,,gcp,northamerica-northeast2,Linux-6.8.0-1032-gcp-x86_64-with-glibc2.35,3.10.12,3.0.4,2,Intel(R) Xeon(R) CPU @ 2.60GHz,,,,,15.61648178100586,machine,Y,1.0
2025-08-08T11:34:35,scikit-learn-benchmark,45e38f7d-bbd2-4f2a-b76f-a49b54bcdd4d,scikit-learn_SCL001_d880725b,1.002119631972164,7.652833573181286e-08,7.63664669269134e-08,1.7000000000000002,0.0,10.0,2.366751956805173e-07,0.0,1.3915872666984798e-06,1.628262462378997e-06,Canada,CAN,,gcp,northamerica-northeast2,Linux-6.8.0-1032-gcp-x86_64-with-glibc2.35,3.10.12,3.0.4,2,Intel(R) Xeon(R) CPU @ 2.60GHz,,,,,15.61648178100586,machine,Y,1.0
2025-08-08T11:34:37,scikit-learn-benchmark,1b44fd85-f857-4ed2-a8a1-a77397a12696,scikit-learn_SCL001_d880725b,1.0021918606944382,7.653129073994285e-08,7.636391168345036e-08,1.7000000000000002,0.0,10.0,2.366939441999421e-07,0.0,1.3916313906924593e-06,1.6283253348924012e-06,Canada,CAN,,gcp,northamerica-northeast2,Linux-6.8.0-1032-gcp-x86_64-with-glibc2.35,3.10.12,3.0.4,2,Intel(R) Xeon(R) CPU @ 2.60GHz,,,,,15.61648178100586,machine,Y,1.0
2025-08-08T11:34:39,scikit-learn-benchmark,f53ea3a5-a684-47a9-a5ed-2d40d1bed384,scikit-learn_SCL001_d880725b,1.0027428907342255,7.704686124009531e-08,7.68361081908846e-08,1.7834543000000005,0.0,10.0,2.482058901849103e-07,0.0,1.3910890298171177e-06,1.639294920002028e-06,Canada,CAN,,gcp,northamerica-northeast2,Linux-6.8.0-1032-gcp-x86_64-with-glibc2.35,3.10.12,3.0.4,2,Intel(R) Xeon(R) CPU @ 2.60GHz,,,,,15.61648178100586,machine,Y,1.0
2025-08-08T11:34:41,scikit-learn-benchmark,4272a5c7-bc43-428a-8d8d-2f83f137f1f0,scikit-learn_SCL001_d880725b,1.0017809588462114,7.65258268191505e-08,7.638977976511766e-08,1.7000000000000002,0.0,10.0,2.366678425912849e-07,0.0,1.3915412386672365e-06,1.6282090812585212e-06,Canada,CAN,,gcp,northamerica-northeast2,Linux-6.8.0-1032-gcp-x86_64-with-glibc2.35,3.10.12,3.0.4,2,Intel(R) Xeon(R) CPU @ 2.60GHz,,,,,15.61648178100586,machine,Y,1.0
2025-08-08T11:34:43,scikit-learn-benchmark,97741b87-abf5-4a15-a8a0-61d013304678,scikit-learn_SCL001_d880725b,1.0021845642477274,7.653183616356304e-08,7.636501188881345e-08,1.7000000000000002,0.0,10.0,2.3668849540667402e-07,0.0,1.3916484442436032e-06,1.6283369396502771e-06,Canada,CAN,,gcp,northamerica-northeast2,Linux-6.8.0-1032-gcp-x86_64-with-glibc2.35,3.10.12,3.0.4,2,Intel(R) Xeon(R) CPU @ 2.60GHz,,,,,15.61648178100586,machine,Y,1.0
2025-08-08T11:34:45,scikit-learn-benchmark,66bd99cd-8b76-4ea3-8776-a88982904b50,scikit-learn_SCL001_d880725b,1.0022133621387184,7.653351375959917e-08,7.63644914854029e-08,1.7000000000000002,0.0,10.0,2.3670983363667299e-07,0.0,1.3916627995462882e-06,1.6283726331829611e-06,Canada,CAN,,gcp,northamerica-northeast2,Linux-6.8.0-1032-gcp-x86_64-with-glibc2.35,3.10.12,3.0.4,2,Intel(R) Xeon(R) CPU @ 2.60GHz,,,,,15.61648178100586,machine,Y,1.0
2025-08-08T11:34:47,scikit-learn-benchmark,84130368-89d6-4641-befe-126e8cf7f4bb,scikit-learn_SCL001_d880725b,1.0021613300777972,7.65284154360545e-08,7.636336898981487e-08,1.7000000000000002,0.0,10.0,2.366755941313588e-07,0.0,1.3915885640825664e-06,1.628264158213925e-06,Canada,CAN,,gcp,northamerica-northeast2,Linux-6.8.0-1032-gcp-x86_64-with-glibc2.35,3.10.12,3.0.4,2,Intel(R) Xeon(R) CPU @ 2.60GHz,,,,,15.61648178100586,machine,Y,1.0
2025-08-08T11:34:50,scikit-learn-benchmark,4057580a-3390-4d94-83cd-b99767c29ea6,scikit-learn_SCL001_d880725b,1.0021338080987334,7.671072928881081e-08,7.654739184415685e-08,1.7272709000000002,0.0,10.0,2.404861147932513e-07,0.0,1.3916570615644256e-06,1.632143176357677e-06,Canada,CAN,,gcp,northamerica-northeast2,Linux-6.8.0-1032-gcp-x86_64-with-glibc2.35,3.10.12,3.0.4,2,Intel(R) Xeon(R) CPU @ 2.60GHz,,,,,15.61648178100586,machine,Y,1.0
2025-08-08T11:34:52,scikit-learn-benchmark,107dda05-eba1-4287-a12c-724fe760e24a,scikit-learn_SCL001_d880725b,1.0021326169371605,7.652626491707959e-08,7.63634110133731e-08,1.7000000000000002,0.0,10.0,2.366807080236161e-07,0.0,1.3915376944674386e-06,1.6282184024910546e-06,Canada,CAN,,gcp,northamerica-northeast2,Linux-6.8.0-1032-gcp-x86_64-with-glibc2.35,3.10.12,3.0.4,2,Intel(R) Xeon(R) CPU @ 2.60GHz,,,,,15.61648178100586,machine,Y,1.0
2025-08-08T11:34:54,scikit-learn-benchmark,4e4fda04-7db2-4077-ba91-31c84f5bb0fb,scikit-learn_SCL001_d880725b,1.0020844051614404,7.65277548168734e-08,7.636857177170066e-08,1.7000000000000002,0.0,10.0,2.366704881553435e-07,0.0,1.3915796143313249e-06,1.6282501024866685e-06,Canada,CAN,,gcp,northamerica-northeast2,Linux-6.8.0-1032-gcp-x86_64-with-glibc2.35,3.10.12,3.0.4,2,Intel(R) Xeon(R) CPU @ 2.60GHz,,,,,15.61648178100586,machine,Y,1.0
2025-08-08T11:34:56,scikit-learn-benchmark,b8188606-a56e-44ab-b205-b73af0e66a84,scikit-learn_SCL001_d880725b,1.002138601616025,7.652688472723174e-08,7.636357346561273e-08,1.7000000000000002,0.0,10.0,2.366716575601863e-07,0.0,1.3915599323809146e-06,1.6282315899411009e-06,Canada,CAN,,gcp,northamerica-northeast2,Linux-6.8.0-1032-gcp-x86_64-with-glibc2.35,3.10.12,3.0.4,2,Intel(R) Xeon(R) CPU @ 2.60GHz,,,,,15.61648178100586,machine,Y,1.0
2025-08-08T11:34:58,scikit-learn-benchmark,50ce9632-f1ad-4e28-8d57-7cf9c769f75e,scikit-learn_SCL001_d880725b,1.0021047736518085,7.653024332198158e-08,7.636950280467658e-08,1.7000000000000002,0.0,10.0,2.366801492688765e-07,0.0,1.3916229001349872e-06,1.6283030494038635e-06,Canada,CAN,,gcp,northamerica-northeast2,Linux-6.8.0-1032-gcp-x86_64-with-glibc2.35,3.10.12,3.0.4,2,Intel(R) Xeon(R) CPU @ 2.60GHz,,,,,15.61648178100586,machine,Y,1.0
2025-08-08T11:35:00,scikit-learn-benchmark,134e2b46-91e8-4dba-b763-111f70bf16c8,scikit-learn_SCL001_d880725b,1.0021556471474469,7.653189574598541e-08,7.636727484780147e-08,1.7000000000000002,0.0,10.0,2.3668856533347737e-07,0.0,1.3916496420279144e-06,1.6283382073613918e-06,Canada,CAN,,gcp,northamerica-northeast2,Linux-6.8.0-1032-gcp-x86_64-with-glibc2.35,3.10.12,3.0.4,2,Intel(R) Xeon(R) CPU @ 2.60GHz,,,,,15.61648178100586,machine,Y,1.0
2025-08-08T11:35:02,scikit-learn-benchmark,e1b822b7-2910-4f0e-ac78-ab2bc1321ce9,scikit-learn_SCL001_d880725b,1.0021363869309423,7.635520595383722e-08,7.619242944333771e-08,1.6732691000000002,0.0,10.0,2.3296009174510577e-07,0.0,1.3916187583365374e-06,1.6245788500816432e-06,Canada,CAN,,gcp,northamerica-northeast2,Linux-6.8.0-1032-gcp-x86_64-with-glibc2.35,3.10.12,3.0.4,2,Intel(R) Xeon(R) CPU @ 2.60GHz,,,,,15.61648178100586,machine,Y,1.0
2025-08-08T11:35:05,scikit-learn-benchmark,39437d28-ec70-4c21-b380-7d172da0dd0d,scikit-learn_SCL001_d880725b,1.0021014781668782,7.652847283412444e-08,7.636798717642475e-08,1.7000000000000002,0.0,10.0,2.366819686851361e-07,0.0,1.39158341076432e-06,1.6282653794494562e-06,Canada,CAN,,gcp,northamerica-northeast2,Linux-6.8.0-1032-gcp-x86_64-with-glibc2.35,3.10.12,3.0.4,2,Intel(R) Xeon(R) CPU @ 2.60GHz,,,,,15.61648178100586,machine,Y,1.0
2025-08-08T11:35:07,scikit-learn-benchmark,8112bde2-afeb-4561-83c5-2f4c54664c85,scikit-learn_SCL001_d880725b,1.001628058962524,7.666574289551188e-08,7.654112942375183e-08,1.7272709000000002,0.0,10.0,2.4034730804832565e-07,0.0,1.3908387110051182e-06,1.631186019053444e-06,Canada,CAN,,gcp,northamerica-northeast2,Linux-6.8.0-1032-gcp-x86_64-with-glibc2.35,3.10.12,3.0.4,2,Intel(R) Xeon(R) CPU @ 2.60GHz,,,,,15.61648178100586,machine,Y,1.0
2025-08-08T11:35:09,scikit-learn-benchmark,60e85151-f914-4722-9b9a-de3714827b42,scikit-learn_SCL001_d880725b,1.0018513347022235,7.670750591969112e-08,7.656575707661315e-08,1.7272709000000002,0.0,10.0,2.4047288278306984e-07,0.0,1.3916017112529112e-06,1.632074594035981e-06,Canada,CAN,,gcp,northamerica-northeast2,Linux-6.8.0-1032-gcp-x86_64-with-glibc2.35,3.10.12,3.0.4,2,Intel(R) Xeon(R) CPU @ 2.60GHz,,,,,15.61648178100586,machine,Y,1.0
2025-08-08T11:35:11,scikit-learn-benchmark,7f2f13ab-1fd4-4b45-b503-a309e201f3ed,scikit-learn_SCL001_d880725b,1.0021290238946676,7.670333698792447e-08,7.654038068853164e-08,1.7272709000000002,0.0,10.0,2.404700021889311e-07,0.0,1.391515891171164e-06,1.631985893360095e-06,Canada,CAN,,gcp,northamerica-northeast2,Linux-6.8.0-1032-gcp-x86_64-with-glibc2.35,3.10.12,3.0.4,2,Intel(R) Xeon(R) CPU @ 2.60GHz,,,,,15.61648178100586,machine,Y,1.0
2025-08-08T11:35:13,scikit-learn-benchmark,db52fc92-353e-43cd-a2c3-958dff75edaa,scikit-learn_SCL001_d880725b,1.0017344891093671,7.68706109269024e-08,7.673751055057249e-08,1.7550872000000004,0.0,10.0,2.443086077910917e-07,0.0,1.3912363055472574e-06,1.635544913338349e-06,Canada,CAN,,gcp,northamerica-northeast2,Linux-6.8.0-1032-gcp-x86_64-with-glibc2.35,3.10.12,3.0.4,2,Intel(R) Xeon(R) CPU @ 2.60GHz,,,,,15.61648178100586,machine,Y,1.0
2025-08-08T11:35:15,scikit-learn-benchmark,21b66e08-a95c-409e-85f2-995b6807bdd4,scikit-learn_SCL001_d880725b,1.0019780360162258,7.707600080184413e-08,7.692384267053533e-08,1.7834543000000005,0.0,10.0,2.482983797541548e-07,0.0,1.3916165309233798e-06,1.6399149106775347e-06,Canada,CAN,,gcp,northamerica-northeast2,Linux-6.8.0-1032-gcp-x86_64-with-glibc2.35,3.10.12,3.0.4,2,Intel(R) Xeon(R) CPU @ 2.60GHz,,,,,15.61648178100586,machine,Y,1.0
2025-08-08T11:35:17,scikit-learn-benchmark,e38e40ae-34da-490f-8adc-f034c9bf3d8e,scikit-learn_SCL001_d880725b,1.0020523690618577,7.688548730059064e-08,7.672801310032572e-08,1.7550872000000004,0.0,10.0,2.443284587480734e-07,0.0,1.3915329731793868e-06,1.6358614319274602e-06,Canada,CAN,,gcp,northamerica-northeast2,Linux-6.8.0-1032-gcp-x86_64-with-glibc2.35,3.10.12,3.0.4,2,Intel(R) Xeon(R) CPU @ 2.60GHz,,,,,15.61648178100586,machine,Y,1.0
2025-08-08T11:35:19,scikit-learn-benchmark,45f7c0fe-6abb-42e5-becf-2dac9624aa25,scikit-learn_SCL001_d880725b,1.0021659941412508,7.65330780788661e-08,7.636766616137955e-08,1.7000000000000002,0.0,10.0,2.366906193783507e-07,0.0,1.3916727440017792e-06,1.62836336338013e-06,Canada,CAN,,gcp,northamerica-northeast2,Linux-6.8.0-1032-gcp-x86_64-with-glibc2.35,3.10.12,3.0.4,2,Intel(R) Xeon(R) CPU @ 2.60GHz,,,,,15.61648178100586,machine,Y,1.0
2025-08-08T11:35:22,scikit-learn-benchmark,139f2c23-ad1a-424b-994d-6f3dddefd624,scikit-learn_SCL001_d880725b,1.0021125269122422,7.652648782863335e-08,7.63651643637571e-08,1.7000000000000002,0.0,10.0,2.366682705081379e-07,0.0,1.3915548747819331e-06,1.628223145290071e-06,Canada,CAN,,gcp,northamerica-northeast2,Linux-6.8.0-1032-gcp-x86_64-with-glibc2.35,3.10.12,3.0.4,2,Intel(R) Xeon(R) CPU @ 2.60GHz,,,,,15.61648178100586,machine,Y,1.0
2025-08-08T11:35:24,scikit-learn-benchmark,689031d2-0a74-486a-a2a4-5f10efc7bc9e,scikit-learn_SCL001_d880725b,1.0021838741376996,7.653223688979376e-08,7.63654643272361e-08,1.7000000000000002,0.0,10.0,2.366869101792369e-07,0.0,1.3916585555610558e-06,1.6283454657402926e-06,Canada,CAN,,gcp,northamerica-northeast2,Linux-6.8.0-1032-gcp-x86_64-with-glibc2.35,3.10.12,3.0.4,2,Intel(R) Xeon(R) CPU @ 2.60GHz,,,,,15.61648178100586,machine,Y,1.0
2025-08-08T11:35:26,scikit-learn-benchmark,0c6b83bc-b653-4d62-a16e-f63f746da1e1,scikit-learn_SCL001_d880725b,1.0028124949894843,7.652761072135116e-08,7.631298084509173e-08,1.7000000000000002,0.0,10.0,2.366709367423836e-07,0.0,1.3915760998821094e-06,1.628247036624493e-06,Canada,CAN,,gcp,northamerica-northeast2,Linux-6.8.0-1032-gcp-x86_64-with-glibc2.35,3.10.12,3.0.4,2,Intel(R) Xeon(R) CPU @ 2.60GHz,,,,,15.61648178100586,machine,Y,1.0
2025-08-08T11:35:28,scikit-learn-benchmark,e27d9078-c231-4af2-adeb-bb5722865abc,scikit-learn_SCL001_d880725b,1.0021664388477802,7.653258415076158e-08,7.636713941324289e-08,1.7000000000000002,0.0,10.0,2.3669077132621574e-07,0.0,1.3916620829453072e-06,1.628352854271523e-06,Canada,CAN,,gcp,northamerica-northeast2,Linux-6.8.0-1032-gcp-x86_64-with-glibc2.35,3.10.12,3.0.4,2,Intel(R) Xeon(R) CPU @ 2.60GHz,,,,,15.61648178100586,machine,Y,1.0
2025-08-08T11:35:30,scikit-learn-benchmark,98cb6c31-1c7c-411c-b797-54310ac2cfd8,scikit-learn_SCL001_d880725b,1.0021878653205931,7.689180517928747e-08,7.672394352399215e-08,1.7550872000000004,0.0,10.0,2.4437524553830175e-07,0.0,1.3916206093401543e-06,1.6359958548784565e-06,Canada,CAN,,gcp,northamerica-northeast2,Linux-6.8.0-1032-gcp-x86_64-with-glibc2.35,3.10.12,3.0.4,2,Intel(R) Xeon(R) CPU @ 2.60GHz,,,,,15.61648178100586,machine,Y,1.0
2025-08-08T11:35:32,scikit-learn-benchmark,ffd908cc-3813-48c0-baf9-bc8ad8b47416,scikit-learn_SCL001_d880725b,1.0022310060448945,7.08803098229956e-08,7.072252743677395e-08,0.8353736,0.0,10.0,1.1631786705537597e-07,0.0,1.3917738313062325e-06,1.5080916983616085e-06,Canada,CAN,,gcp,northamerica-northeast2,Linux-6.8.0-1032-gcp-x86_64-with-glibc2.35,3.10.12,3.0.4,2,Intel(R) Xeon(R) CPU @ 2.60GHz,,,,,15.61648178100586,machine,Y,1.0
2025-08-08T11:35:34,scikit-learn-benchmark,84c41dec-8326-4a5f-9d1c-72d3d7e8ea1b,scikit-learn_SCL001_d880725b,1.002379021141678,7.066142016099244e-08,7.04937141247343e-08,0.8000072,0.0,10.0,1.1142440376567634e-07,0.0,1.3920100677448011e-06,1.5034344715104776e-06,Canada,CAN,,gcp,northamerica-northeast2,Linux-6.8.0-1032-gcp-x86_64-with-glibc2.35,3.10.12,3.0.4,2,Intel(R) Xeon(R) CPU @ 2.60GHz,,,,,15.61648178100586,machine,Y,1.0
2025-08-08T11:35:37,scikit-learn-benchmark,3aebfa35-93bb-4384-a9b6-5f065ce472b3,scikit-learn_SCL001_d880725b,1.002358680125326,7.065849131299182e-08,7.04922227082997e-08,0.8,0.0,10.0,1.114215139920513e-07,0.0,1.3919506416035194e-06,1.5033721555955709e-06,Canada,CAN,,gcp,northamerica-northeast2,Linux-6.8.0-1032-gcp-x86_64-with-glibc2.35,3.10.12,3.0.4,2,Intel(R) Xeon(R) CPU @ 2.60GHz,,,,,15.61648178100586,machine,Y,1.0
2025-08-08T11:35:39,scikit-learn-benchmark,956ddd37-53e9-42e4-850f-84fd4ce30620,scikit-learn_SCL001_d880725b,1.0024661496281624,7.066709437376508e-08,7.049324747770999e-08,0.8,0.0,10.0,1.1143506618423597e-07,0.0,1.3921201332575743e-06,1.5035551994418104e-06,Canada,CAN,,gcp,northamerica-northeast2,Linux-6.8.0-1032-gcp-x86_64-with-glibc2.35,3.10.12,3.0.4,2,Intel(R) Xeon(R) CPU @ 2.60GHz,,,,,15.61648178100586,machine,Y,1.0
2025-08-08T11:35:41,scikit-learn-benchmark,38eaec71-fac9-49d8-9491-35dc0ade72c3,scikit-learn_SCL001_d880725b,1.0024186871014535,7.066098786062665e-08,7.04904934134325e-08,0.8,0.0,10.0,1.1142572336312797e-07,0.0,1.3919995502672262e-06,1.5034252736303545e-06,Canada,CAN,,gcp,northamerica-northeast2,Linux-6.8.0-1032-gcp-x86_64-with-glibc2.35,3.10.12,3.0.4,2,Intel(R) Xeon(R) CPU @ 2.60GHz,,,,,15.61648178100586,machine,Y,1.0
2025-08-08T11:35:43,scikit-learn-benchmark,cbb2d144-37b5-4aab-930f-b83f0c5d7f62,scikit-learn_SCL001_d880725b,1.0023645972833035,7.066266066969062e-08,7.049596609976724e-08,0.8,0.0,10.0,1.1142675651030409e-07,0.0,1.3920341088022624e-06,1.5034608653125665e-06,Canada,CAN,,gcp,northamerica-northeast2,Linux-6.8.0-1032-gcp-x86_64-with-glibc2.35,3.10.12,3.0.4,2,Intel(R) Xeon(R) CPU @ 2.60GHz,,,,,15.61648178100586,machine,Y,1.0
2025-08-08T11:35:45,scikit-learn-benchmark,d94dfd86-7077-4e47-ba7e-344d82364f77,scikit-learn_SCL001_d880725b,1.002452832181007,7.06672192824901e-08,7.049430857384235e-08,0.8,0.0,10.0,1.1143672135141164e-07,0.0,1.3921211357228455e-06,1.5035578570742573e-06,Canada,CAN,,gcp,northamerica-northeast2,Linux-6.8.0-1032-gcp-x86_64-with-glibc2.35,3.10.12,3.0.4,2,Intel(R) Xeon(R) CPU @ 2.60GHz,,,,,15.61648178100586,machine,Y,1.0
2025-08-08T11:35:47,scikit-learn-benchmark,93979824-6900-4bf4-9ceb-373213c3ddfc,scikit-learn_SCL001_d880725b,1.002399445977062,7.066746641880623e-08,7.049830953360615e-08,0.8004270968,0.0,10.0,1.1149044197587673e-07,0.0,1.3920726733178729e-06,1.5035631152937496e-06,Canada,CAN,,gcp,northamerica-northeast2,Linux-6.8.0-1032-gcp-x86_64-with-glibc2.35,3.10.12,3.0.4,2,Intel(R) Xeon(R) CPU @ 2.60GHz,,,,,15.61648178100586,machine,Y,1.0
2025-08-08T11:35:49,scikit-learn-benchmark,b0263f27-3925-48e1-97b9-3d4acec6285a,scikit-learn_SCL001_d880725b,1.0023734853602946,7.067400203462417e-08,7.050665551994428e-08,0.8024696,0.0,10.0,1.1176352917860429e-07,0.0,1.3919386417708462e-06,1.5037021709494504e-06,Canada,CAN,,gcp,northamerica-northeast2,Linux-6.8.0-1032-gcp-x86_64-with-glibc2.35,3.10.12,3.0.4,2,Intel(R) Xeon(R) CPU @ 2.60GHz,,,,,15.61648178100586,machine,Y,1.0
2025-08-08T11:35:51,scikit-learn-benchmark,2cba3063-c045-4d29-8bf3-69160730e93c,scikit-learn_SCL001_d880725b,1.0025193877518177,7.066257388010564e-08,7.048499484740015e-08,0.8000576,0.0,10.0,1.1145008538348641e-07,0.0,1.3920089333421654e-06,1.5034590187256515e-06,Canada,CAN,,gcp,northamerica-northeast2,Linux-6.8.0-1032-gcp-x86_64-with-glibc2.35,3.10.12,3.0.4,2,Intel(R) Xeon(R) CPU @ 2.60GHz,,,,,15.61648178100586,machine,Y,1.0
2025-08-08T11:35:54,scikit-learn-benchmark,60e1f3d7-b20a-4522-829c-1d0894a1ce1d,scikit-learn_SCL001_d880725b,1.002312227152288,7.06517701414414e-08,7.048878406100376e-08,0.8,0.0,10.0,1.11411029783388e-07,0.0,1.3918181221621732e-06,1.5032291519455611e-06,Canada,CAN,,gcp,northamerica-northeast2,Linux-6.8.0-1032-gcp-x86_64-with-glibc2.35,3.10.12,3.0.4,2,Intel(R) Xeon(R) CPU @ 2.60GHz,,,,,15.61648178100586,machine,Y,1.0
2025-08-08T11:35:56,scikit-learn-benchmark,bf07b545-6be0-46e2-820f-0fd6f0b09257,scikit-learn_SCL001_d880725b,1.002531315665692,7.067491262157758e-08,7.049646381833834e-08,0.8,0.0,10.0,1.114480644464493e-07,0.0,1.3922734806934993e-06,1.5037215451399485e-06,Canada,CAN,,gcp,northamerica-northeast2,Linux-6.8.0-1032-gcp-x86_64-with-glibc2.35,3.10.12,3.0.4,2,Intel(R) Xeon(R) CPU @ 2.60GHz,,,,,15.61648178100586,machine,Y,1.0
2025-08-08T11:35:58,scikit-learn-benchmark,3a8c4332-72a3-434e-808a-fc678bf62166,scikit-learn_SCL001_d880725b,1.0021800929680469,7.063174248098706e-08,7.047809368454406e-08,0.8,0.0,10.0,1.113747014767594e-07,0.0,1.3914283300336037e-06,1.502803031510363e-06,Canada,CAN,,gcp,northamerica-northeast2,Linux-6.8.0-1032-gcp-x86_64-with-glibc2.35,3.10.12,3.0.4,2,Intel(R) Xeon(R) CPU @ 2.60GHz,,,,,15.61648178100586,machine,Y,1.0
2025-08-08T11:36:00,scikit-learn-benchmark,86046b7d-cc0f-482f-80a4-832d63f710dd,scikit-learn_SCL001_d880725b,1.0023636822588742,7.065419628155522e-08,7.048758602499705e-08,0.8,0.0,10.0,1.114127076127463e-07,0.0,1.391868064335237e-06,1.5032807719479833e-06,Canada,CAN,,gcp,northamerica-northeast2,Linux-6.8.0-1032-gcp-x86_64-with-glibc2.35,3.10.12,3.0.4,2,Intel(R) Xeon(R) CPU @ 2.60GHz,,,,,15.61648178100586,machine,Y,1.0
2025-08-08T11:36:02,scikit-learn-benchmark,7c4807d8-9988-4b0b-9951-71b1e2eb341d,scikit-learn_SCL001_d880725b,1.0023433547466991,7.066051132040514e-08,7.049531578753435e-08,0.8,0.0,10.0,1.11422557487256e-07,0.0,1.3919925769894488e-06,1.5034151344767048e-06,Canada,CAN,,gcp,northamerica-northeast2,Linux-6.8.0-1032-gcp-x86_64-with-glibc2.35,3.10.12,3.0.4,2,Intel(R) Xeon(R) CPU @ 2.60GHz,,,,,15.61648178100586,machine,Y,1.0
2025-08-08T11:36:04,scikit-learn-benchmark,ba859a0d-124c-4eb2-a620-3a05d2e8cddd,scikit-learn_SCL001_d880725b,1.0023826411925256,7.066099951131683e-08,7.049303989068695e-08,0.8,0.0,10.0,1.1142840174337228e-07,0.0,1.391997119774007e-06,1.5034255215173794e-06,Canada,CAN,,gcp,northamerica-northeast2,Linux-6.8.0-1032-gcp-x86_64-with-glibc2.35,3.10.12,3.0.4,2,Intel(R) Xeon(R) CPU @ 2.60GHz,,,,,15.61648178100586,machine,Y,1.0
2025-08-08T11:36:06,scikit-learn-benchmark,2f97961b-db83-46c1-9b83-21d4e839e935,scikit-learn_SCL001_d880725b,1.002490738872439,7.067033874931641e-08,7.049475472342375e-08,0.8,0.0,10.0,1.1144052880505724e-07,0.0,1.3921836999038028e-06,1.50362422870886e-06,Canada,CAN,,gcp,northamerica-northeast2,Linux-6.8.0-1032-gcp-x86_64-with-glibc2.35,3.10.12,3.0.4,2,Intel(R) Xeon(R) CPU @ 2.60GHz,,,,,15.61648178100586,machine,Y,1.0
2025-08-08T11:36:08,scikit-learn-benchmark,024693de-5816-4ada-bdee-a6d62a4dc354,scikit-learn_SCL001_d880725b,1.0023584249429405,7.065855061940641e-08,7.04922998212228e-08,0.8,0.0,10.0,1.1142070622493825e-07,0.0,1.3919527112092407e-06,1.503373417434179e-06,Canada,CAN,,gcp,northamerica-northeast2,Linux-6.8.0-1032-gcp-x86_64-with-glibc2.35,3.10.12,3.0.4,2,Intel(R) Xeon(R) CPU @ 2.60GHz,,,,,15.61648178100586,machine,Y,1.0
2025-08-08T11:36:11,scikit-learn-benchmark,133a5cb3-8b9c-40b4-b38c-ccfd7db7aaff,scikit-learn_SCL001_d880725b,1.002382968086749,7.066446105514963e-08,7.04964702163955e-08,0.8,0.0,10.0,1.114285353364216e-07,0.0,1.392070636049741e-06,1.5034991713861625e-06,Canada,CAN,,gcp,northamerica-northeast2,Linux-6.8.0-1032-gcp-x86_64-with-glibc2.35,3.10.12,3.0.4,2,Intel(R) Xeon(R) CPU @ 2.60GHz,,,,,15.61648178100586,machine,Y,1.0
2025-08-08T11:36:13,scikit-learn-benchmark,6002ad92-ec61-4f4b-a0ce-b1171bc792fb,scikit-learn_SCL001_d880725b,1.0023615597747266,7.066774275862715e-08,7.050124984293015e-08,0.8,0.0,10.0,1.1143388154192105e-07,0.0,1.3921351133224866e-06,1.5035689948644076e-06,Canada,CAN,,gcp,northamerica-northeast2,Linux-6.8.0-1032-gcp-x86_64-with-glibc2.35,3.10.12,3.0.4,2,Intel(R) Xeon(R) CPU @ 2.60GHz,,,,,15.61648178100586,machine,Y,1.0
2025-08-08T11:36:15,scikit-learn-benchmark,2bfbe8f1-13aa-49b5-aa68-ee1b115894d8,scikit-learn_SCL001_d880725b,1.0023468458093705,7.0659371145587e-08,7.04939327549151e-08,0.8,0.0,10.0,1.1142073426809576e-07,0.0,1.3919701411699254e-06,1.5033908754380212e-06,Canada,CAN,,gcp,northamerica-northeast2,Linux-6.8.0-1032-gcp-x86_64-with-glibc2.35,3.10.12,3.0.4,2,Intel(R) Xeon(R) CPU @ 2.60GHz,,,,,15.61648178100586,machine,Y,1.0
2025-08-08T11:36:17,scikit-learn-benchmark,c611bc20-2f20-40d2-8319-9c6de387646b,scikit-learn_SCL001_d880725b,1.0024627312086525,7.067028832350059e-08,7.049667396442224e-08,0.8009000000000002,0.0,10.0,1.1155969095324533e-07,0.0,1.3920634648659165e-06,1.5036231558191617e-06,Canada,CAN,,gcp,northamerica-northeast2,Linux-6.8.0-1032-gcp-x86_64-with-glibc2.35,3.10.12,3.0.4,2,Intel(R) Xeon(R) CPU @ 2.60GHz,,,,,15.61648178100586,machine,Y,1.0
2025-08-08T11:36:19,scikit-learn-benchmark,09c04b4a-dba8-4f81-b137-2d22f29d2732,scikit-learn_SCL001_d880725b,1.0024634320288897,7.066672006058301e-08,7.049306518598925e-08,0.8000072,0.0,10.0,1.1143680205729438e-07,0.0,1.3921104332742591e-06,1.5035472353315537e-06,Canada,CAN,,gcp,northamerica-northeast2,Linux-6.8.0-1032-gcp-x86_64-with-glibc2.35,3.10.12,3.0.4,2,Intel(R) Xeon(R) CPU @ 2.60GHz,,,,,15.61648178100586,machine,Y,1.0
2025-08-08T11:36:21,scikit-learn-benchmark,7eed0be7-0a6a-4905-9e11-74291a16909e,scikit-learn_SCL001_d880725b,1.0023402371443808,7.065393060642399e-08,7.048896970125996e-08,0.8,0.0,10.0,1.1141090312351785e-07,0.0,1.3918642161620988e-06,1.5032751192856169e-06,Canada,CAN,,gcp,northamerica-northeast2,Linux-6.8.0-1032-gcp-x86_64-with-glibc2.35,3.10.12,3.0.4,2,Intel(R) Xeon(R) CPU @ 2.60GHz,,,,,15.61648178100586,machine,Y,1.0
2025-08-08T11:36:23,scikit-learn-benchmark,9942a4e2-ade9-4ecc-8d03-cea7d1f60528,scikit-learn_SCL001_d880725b,1.0023772320710125,7.065986084177468e-08,7.049228432272378e-08,0.8,0.0,10.0,1.1142274685617952e-07,0.0,1.391978547649665e-06,1.5034012945058444e-06,Canada,CAN,,gcp,northamerica-northeast2,Linux-6.8.0-1032-gcp-x86_64-with-glibc2.35,3.10.12,3.0.4,2,Intel(R) Xeon(R) CPU @ 2.60GHz,,,,,15.61648178100586,machine,Y,1.0
2025-08-08T11:36:25,scikit-learn-benchmark,570c7568-5e20-4365-9e96-eece6d40a108,scikit-learn_SCL001_d880725b,1.0025984128005805,7.067754869783919e-08,7.049437521092222e-08,0.8,0.0,10.0,1.1145525415324502e-07,0.0,1.3923223777156738e-06,1.5037776318689188e-06,Canada,CAN,,gcp,northamerica-northeast2,Linux-6.8.0-1032-gcp-x86_64-with-glibc2.35,3.10.12,3.0.4,2,Intel(R) Xeon(R) CPU @ 2.60GHz,,,,,15.61648178100586,machine,Y,1.0
2025-08-08T11:36:28,scikit-learn-benchmark,e1d461e3-82bd-4cb6-bcf5-8f98cb6e446f,scikit-learn_SCL001_d880725b,1.0025476329028606,7.067834984997497e-08,7.049874492778655e-08,0.8,0.0,10.0,1.1145343290021025e-07,0.0,1.3923412447588313e-06,1.5037946776590416e-06,Canada,CAN,,gcp,northamerica-northeast2,Linux-6.8.0-1032-gcp-x86_64-with-glibc2.35,3.10.12,3.0.4,2,Intel(R) Xeon(R) CPU @ 2.60GHz,,,,,15.61648178100586,machine,Y,1.0
2025-08-08T11:36:30,scikit-learn-benchmark,ebdf3194-dcda-4caf-9a52-37c242aea416,scikit-learn_SCL001_d880725b,1.0024589109234512,7.066820826340056e-08,7.049486766325613e-08,0.8,0.0,10.0,1.1143894172790977e-07,0.0,1.3921399574933782e-06,1.503578899221288e-06,Canada,CAN,,gcp,northamerica-northeast2,Linux-6.8.0-1032-gcp-x86_64-with-glibc2.35,3.10.12,3.0.4,2,Intel(R) Xeon(R) CPU @ 2.60GHz,,,,,15.61648178100586,machine,Y,1.0
2025-08-08T11:36:32,scikit-learn-benchmark,2686776c-cbf2-4b65-9dcc-d9134f84c621,scikit-learn_SCL001_d880725b,1.0024473262019455,7.066796599664828e-08,7.049544065760921e-08,0.8,0.0,10.0,1.114378474238846e-07,0.0,1.3921358971856534e-06,1.503573744609538e-06,Canada,CAN,,gcp,northamerica-northeast2,Linux-6.8.0-1032-gcp-x86_64-with-glibc2.35,3.10.12,3.0.4,2,Intel(R) Xeon(R) CPU @ 2.60GHz,,,,,15.61648178100586,machine,Y,1.0
2025-08-08T11:36:34,scikit-learn-benchmark,aa27702d-c7d1-446e-af61-536a242d6dc1,scikit-learn_SCL001_d880725b,1.0019875685684383,7.06111235944808e-08,7.047105753553857e-08,0.8009000000000002,0.0,10.0,1.11461296153022e-07,0.0,1.390903035644442e-06,1.5023643317974638e-06,Canada,CAN,,gcp,northamerica-northeast2,Linux-6.8.0-1032-gcp-x86_64-with-glibc2.35,3.10.12,3.0.4,2,Intel(R) Xeon(R) CPU @ 2.60GHz,,,,,15.61648178100586,machine,Y,1.0
2025-08-08T11:36:36,scikit-learn-benchmark,147091be-d65e-45ff-b15e-a215ad6e26e4,scikit-learn_SCL001_d880725b,1.00244385516271,7.066584433811821e-08,7.049356826737016e-08,0.8,0.0,10.0,1.1143163891716137e-07,0.0,1.392096964021524e-06,1.5035286029386854e-06,Canada,CAN,,gcp,northamerica-northeast2,Linux-6.8.0-1032-gcp-x86_64-with-glibc2.35,3.10.12,3.0.4,2,Intel(R) Xeon(R) CPU @ 2.60GHz,,,,,15.61648178100586,machine,Y,1.0
2025-08-08T11:36:38,scikit-learn-benchmark,1b03c48a-5a5c-4936-b4f6-6a8bd4038337,scikit-learn_SCL001_d880725b,1.0025559579953551,7.06760880208264e-08,7.049590345275653e-08,0.8,0.0,10.0,1.1145593660573165e-07,0.0,1.3922906170288723e-06,1.503746553634604e-06,Canada,CAN,,gcp,northamerica-northeast2,Linux-6.8.0-1032-gcp-x86_64-with-glibc2.35,3.10.12,3.0.4,2,Intel(R) Xeon(R) CPU @ 2.60GHz,,,,,15.61648178100586,machine,Y,1.0
2025-08-08T11:36:40,scikit-learn-benchmark,481ab5b3-3fd2-4ec3-8c74-48167bab4c19,scikit-learn_SCL001_d880725b,1.002354508265853,7.065781285665516e-08,7.049183923849297e-08,0.8,0.0,10.0,1.114185482470526e-07,0.0,1.3919391721073125e-06,1.5033577203543652e-06,Canada,CAN,,gcp,northamerica-northeast2,Linux-6.8.0-1032-gcp-x86_64-with-glibc2.35,3.10.12,3.0.4,2,Intel(R) Xeon(R) CPU @ 2.60GHz,,,,,15.61648178100586,machine,Y,1.0
2025-08-08T11:36:42,scikit-learn-benchmark,bb21401d-1fbb-4dd4-b55c-47d6720bf504,scikit-learn_SCL001_d880725b,1.0024390770122409,7.066021334285226e-08,7.048828698244115e-08,0.8000072,0.0,10.0,1.1142966350899388e-07,0.0,1.3919791310197778e-06,1.5034087945287715e-06,Canada,CAN,,gcp,northamerica-northeast2,Linux-6.8.0-1032-gcp-x86_64-with-glibc2.35,3.10.12,3.0.4,2,Intel(R) Xeon(R) CPU @ 2.60GHz,,,,,15.61648178100586,machine,Y,1.0
2025-08-08T11:36:44,scikit-learn-benchmark,9d2d666c-df49-4d64-aef1-b2ba7ce9a898,scikit-learn_SCL001_d880725b,1.0023908196017146,7.065851920315377e-08,7.048999035249433e-08,0.8,0.0,10.0,1.1142201556099789e-07,0.0,1.3919507334422737e-06,1.5033727490032713e-06,Canada,CAN,,gcp,northamerica-northeast2,Linux-6.8.0-1032-gcp-x86_64-with-glibc2.35,3.10.12,3.0.4,2,Intel(R) Xeon(R) CPU @ 2.60GHz,,,,,15.61648178100586,machine,Y,1.0
2025-08-08T11:36:47,scikit-learn-benchmark,73bdb0e7-3b0b-41ef-8109-5c9cebf0d257,scikit-learn_SCL001_d880725b,1.0024182419292629,7.066663565069287e-08,7.0496158883429e-08,0.8009000000000002,0.0,10.0,1.1154969459673805e-07,0.0,1.391995744779706e-06,1.5035454393764442e-06,Canada,CAN,,gcp,northamerica-northeast2,Linux-6.8.0-1032-gcp-x86_64-with-glibc2.35,3.10.12,3.0.4,2,Intel(R) Xeon(R) CPU @ 2.60GHz,,,,,15.61648178100586,machine,Y,1.0
2025-08-08T11:36:49,scikit-learn-benchmark,792e678d-5d27-437d-a52d-28a4ce695e23,scikit-learn_SCL001_d880725b,1.0024445080198348,7.066551016685036e-08,7.049318900099372e-08,0.8,0.0,10.0,1.1143311516692242e-07,0.0,1.3920883777447877e-06,1.50352149291171e-06,Canada,CAN,,gcp,northamerica-northeast2,Linux-6.8.0-1032-gcp-x86_64-with-glibc2.35,3.10.12,3.0.4,2,Intel(R) Xeon(R) CPU @ 2.60GHz,,,,,15.61648178100586,machine,Y,1.0
2025-08-08T11:36:51,scikit-learn-benchmark,edba2fd1-578a-4cf8-a74d-1c9bf2855f55,scikit-learn_SCL001_d880725b,1.0024642050266266,7.066402573857664e-08,7.049032312999118e-08,0.8,0.0,10.0,1.1142930957592197e-07,0.0,1.3920605997554957e-06,1.5034899093314175e-06,Canada,CAN,,gcp,northamerica-northeast2,Linux-6.8.0-1032-gcp-x86_64-with-glibc2.35,3.10.12,3.0.4,2,Intel(R) Xeon(R) CPU @ 2.60GHz,,,,,15.61648178100586,machine,Y,1.0
2025-08-08T11:36:53,scikit-learn-benchmark,d0992f9c-f8e4-45d5-ac7c-afb0dceafd5e,scikit-learn_SCL001_d880725b,1.0025044162757697,7.066304205652949e-08,7.048651448243742e-08,0.8,0.0,10.0,1.114378073770139e-07,0.0,1.3920311725491452e-06,1.503468979926159e-06,Canada,CAN,,gcp,northamerica-northeast2,Linux-6.8.0-1032-gcp-x86_64-with-glibc2.35,3.10.12,3.0.4,2,Intel(R) Xeon(R) CPU @ 2.60GHz,,,,,15.61648178100586,machine,Y,1.0
2025-08-08T11:36:55,scikit-learn-benchmark,ef13f22a-7b15-4705-939a-f86cbc38cb29,scikit-learn_SCL001_d880725b,1.002106879837811,7.062033297054265e-08,7.047185723540027e-08,0.8,0.0,10.0,1.113604174719917e-07,0.0,1.3911998584970004e-06,1.5025602759689922e-06,Canada,CAN,,gcp,northamerica-northeast2,Linux-6.8.0-1032-gcp-x86_64-with-glibc2.35,3.10.12,3.0.4,2,Intel(R) Xeon(R) CPU @ 2.60GHz,,,,,15.61648178100586,machine,Y,1.0
2025-08-08T11:36:57,scikit-learn-benchmark,ce13824b-262b-45ec-a71b-124352d31ed5,scikit-learn_SCL001_d880725b,1.0024358928203585,7.06660234635282e-08,7.049430688750478e-08,0.8,0.0,10.0,1.1143163684755565e-07,0.0,1.3921007772700654e-06,1.503532414117621e-06,Canada,CAN,,gcp,northamerica-northeast2,Linux-6.8.0-1032-gcp-x86_64-with-glibc2.35,3.10.12,3.0.4,2,Intel(R) Xeon(R) CPU @ 2.60GHz,,,,,15.61648178100586,machine,Y,1.0
2025-08-08T11:36:59,scikit-learn-benchmark,0a11d9fd-cda4-481e-a27b-1ba2bbb0375c,scikit-learn_SCL001_d880725b,1.0024443888105452,7.066799979848375e-08,7.049568094479054e-08,0.8,0.0,10.0,1.114377646396559e-07,0.0,1.3921366991578706e-06,1.5035744637975263e-06,Canada,CAN,,gcp,northamerica-northeast2,Linux-6.8.0-1032-gcp-x86_64-with-glibc2.35,3.10.12,3.0.4,2,Intel(R) Xeon(R) CPU @ 2.60GHz,,,,,15.61648178100586,machine,Y,1.0
2025-08-08T11:37:02,scikit-learn-benchmark,9aef5dc3-0ab5-4909-858f-73e502fc316e,scikit-learn_SCL001_d880725b,1.0023825028911233,7.065952052051824e-08,7.049157414132669e-08,0.8,0.0,10.0,1.1142975909428465e-07,0.0,1.3919642945337627e-06,1.5033940536280474e-06,Canada,CAN,,gcp,northamerica-northeast2,Linux-6.8.0-1032-gcp-x86_64-with-glibc2.35,3.10.12,3.0.4,2,Intel(R) Xeon(R) CPU @ 2.60GHz,,,,,15.61648178100586,machine,Y,1.0
2025-08-08T11:37:04,scikit-learn-benchmark,d912ce59-050d-4324-a10c-c4de86201aa2,scikit-learn_SCL001_d880725b,1.0024267779663203,7.065860995575355e-08,7.048755231689104e-08,0.8001944000000001,0.0,10.0,1.114509237779543e-07,0.0,1.3919237561316954e-06,1.5033746799096497e-06,Canada,CAN,,gcp,northamerica-northeast2,Linux-6.8.0-1032-gcp-x86_64-with-glibc2.35,3.10.12,3.0.4,2,Intel(R) Xeon(R) CPU @ 2.60GHz,,,,,15.61648178100586,machine,Y,1.0
2025-08-08T11:37:06,scikit-learn-benchmark,3844719b-3781-4198-b3a6-aec93c84c2ef,scikit-learn_SCL001_d880725b,1.002372913993895,7.06626867631809e-08,7.049540722487166e-08,0.8000576,0.0,10.0,1.1143413750931786e-07,0.0,1.3920272829838926e-06,1.5034614204932105e-06,Canada,CAN,,gcp,northamerica-northeast2,Linux-6.8.0-1032-gcp-x86_64-with-glibc2.35,3.10.12,3.0.4,2,Intel(R) Xeon(R) CPU @ 2.60GHz,,,,,15.61648178100586,machine,Y,1.0
2025-08-08T11:37:08,scikit-learn-benchmark,de96d09d-571d-42d0-916f-ded2d5e0f637,scikit-learn_SCL001_d880725b,1.0024568061344326,7.066464085416455e-08,7.049145701015691e-08,0.8,0.0,10.0,1.1143035721033813e-07,0.0,1.39207263968678e-06,1.5035029968971182e-06,Canada,CAN,,gcp,northamerica-northeast2,Linux-6.8.0-1032-gcp-x86_64-with-glibc2.35,3.10.12,3.0.4,2,Intel(R) Xeon(R) CPU @ 2.60GHz,,,,,15.61648178100586,machine,Y,1.0
2025-08-08T11:37:10,scikit-learn-benchmark,634eeaf2-63bd-4042-99bb-ba712d5574ef,scikit-learn_SCL001_d880725b,1.0024338169023397,7.065868430444973e-08,7.048713153232892e-08,0.8,0.0,10.0,1.1142664206110769e-07,0.0,1.3919496197356948e-06,1.5033762617968025e-06,Canada,CAN,,gcp,northamerica-northeast2,Linux-6.8.0-1032-gcp-x86_64-with-glibc2.35,3.10.12,3.0.4,2,Intel(R) Xeon(R) CPU @ 2.60GHz,,,,,15.61648178100586,machine,Y,1.0
2025-08-08T11:37:12,scikit-learn-benchmark,f09a4e4d-193a-4f1d-a5ce-99905892c649,scikit-learn_SCL001_d880725b,1.002001688815653,7.060039611057274e-08,7.045935840090355e-08,0.8,0.0,10.0,1.1133206821978093e-07,0.0,1.3908040192392137e-06,1.5021360874589946e-06,Canada,CAN,,gcp,northamerica-northeast2,Linux-6.8.0-1032-gcp-x86_64-with-glibc2.35,3.10.12,3.0.4,2,Intel(R) Xeon(R) CPU @ 2.60GHz,,,,,15.61648178100586,machine,Y,1.0
2025-08-08T11:37:14,scikit-learn-benchmark,75f3badd-ff22-4e28-a8e9-4c62fbfa6e6e,scikit-learn_SCL001_d880725b,1.0024608322419226,7.066469816651403e-08,7.049123107231845e-08,0.8,0.0,10.0,1.1142806864033142e-07,0.0,1.3920761476684775e-06,1.5035042163088089e-06,Canada,CAN,,gcp,northamerica-northeast2,Linux-6.8.0-1032-gcp-x86_64-with-glibc2.35,3.10.12,3.0.4,2,Intel(R) Xeon(R) CPU @ 2.60GHz,,,,,15.61648178100586,machine,Y,1.0
2025-08-08T11:37:16,scikit-learn-benchmark,9cee81f7-8514-499f-8bd1-c6fb58ae1915,scikit-learn_SCL001_d880725b,1.0024124821648002,7.066025907846377e-08,7.049020272160474e-08,0.8,0.0,10.0,1.1142686733769049e-07,0.0,1.391982900289198e-06,1.5034097676268885e-06,Canada,CAN,,gcp,northamerica-northeast2,Linux-6.8.0-1032-gcp-x86_64-with-glibc2.35,3.10.12,3.0.4,2,Intel(R) Xeon(R) CPU @ 2.60GHz,,,,,15.61648178100586,machine,Y,1.0
2025-08-08T11:37:19,scikit-learn-benchmark,c51105c4-ca52-4ae4-bb89-3ab5376c4cbe,scikit-learn_SCL001_d880725b,1.002517679706216,7.066430844837388e-08,7.048684514878759e-08,0.8,0.0,10.0,1.114359326246712e-07,0.0,1.3920599918088153e-06,1.5034959244334864e-06,Canada,CAN,,gcp,northamerica-northeast2,Linux-6.8.0-1032-gcp-x86_64-with-glibc2.35,3.10.12,3.0.4,2,Intel(R) Xeon(R) CPU @ 2.60GHz,,,,,15.61648178100586,machine,Y,1.0
2025-08-08T11:37:21,scikit-learn-benchmark,c7c02fcb-5910-4ab8-9780-b07ea80a1bd7,scikit-learn_SCL001_d880725b,1.0024928748607635,7.067031721763721e-08,7.049458304374744e-08,0.8000576,0.0,10.0,1.1145035403765077e-07,0.0,1.3921734165503748e-06,1.5036237705880257e-06,Canada,CAN,,gcp,northamerica-northeast2,Linux-6.8.0-1032-gcp-x86_64-with-glibc2.35,3.10.12,3.0.4,2,Intel(R) Xeon(R) CPU @ 2.60GHz,,,,,15.61648178100586,machine,Y,1.0
2025-08-08T11:37:23,scikit-learn-benchmark,0466c1df-dbaf-40bb-a759-dc5f4a73324b,scikit-learn_SCL001_d880725b,1.0024618967436254,7.066695664644541e-08,7.049340915200703e-08,0.8000072,0.0,10.0,1.11436243983089e-07,0.0,1.3921160250902177e-06,1.5035522690733067e-06,Canada,CAN,,gcp,northamerica-northeast2,Linux-6.8.0-1032-gcp-x86_64-with-glibc2.35,3.10.12,3.0.4,2,Intel(R) Xeon(R) CPU @ 2.60GHz,,,,,15.61648178100586,machine,Y,1.0
2025-08-08T11:37:25,scikit-learn-benchmark,c0432058-0a81-485b-90e4-229d15339eed,scikit-learn_SCL001_d880725b,1.0025068502873182,7.066772980393095e-08,7.049101937176548e-08,0.8000072,0.0,10.0,1.11436429628393e-07,0.0,1.3921322896041805e-06,1.5035687192325737e-06,Canada,CAN,,gcp,northamerica-northeast2,Linux-6.8.0-1032-gcp-x86_64-with-glibc2.35,3.10.12,3.0.4,2,Intel(R) Xeon(R) CPU @ 2.60GHz,,,,,15.61648178100586,machine,Y,1.0
2025-08-08T11:37:27,scikit-learn-benchmark,618a847e-b846-491c-8b8d-67a4cf959e18,scikit-learn_SCL001_d880725b,1.0024639680050311,7.066432147059176e-08,7.049063480178581e-08,0.8,0.0,10.0,1.114319217287832e-07,0.0,1.392064279773169e-06,1.5034962015019523e-06,Canada,CAN,,gcp,northamerica-northeast2,Linux-6.8.0-1032-gcp-x86_64-with-glibc2.35,3.10.12,3.0.4,2,Intel(R) Xeon(R) CPU @ 2.60GHz,,,,,15.61648178100586,machine,Y,1.0
2025-08-08T11:37:29,scikit-learn-benchmark,6cc818fc-4932-4aac-97de-0c13c41342cf,scikit-learn_SCL001_d880725b,1.0024188738316298,7.06622433357682e-08,7.04917327281259e-08,0.8000576,0.0,10.0,1.114338919329188e-07,0.0,1.3920180939344896e-06,1.5034519858674084e-06,Canada,CAN,,gcp,northamerica-northeast2,Linux-6.8.0-1032-gcp-x86_64-with-glibc2.35,3.10.12,3.0.4,2,Intel(R) Xeon(R) CPU @ 2.60GHz,,,,,15.61648178100586,machine,Y,1.0
2025-08-08T11:37:31,scikit-learn-benchmark,cc538985-5180-48fc-9578-ff2ba85ee1e6,scikit-learn_SCL001_d880725b,1.002353009302169,7.065017298526236e-08,7.048432271824925e-08,0.8,0.0,10.0,1.1141146398666833e-07,0.0,1.3917837059125306e-06,1.503195169899199e-06,Canada,CAN,,gcp,northamerica-northeast2,Linux-6.8.0-1032-gcp-x86_64-with-glibc2.35,3.10.12,3.0.4,2,Intel(R) Xeon(R) CPU @ 2.60GHz,,,,,15.61648178100586,machine,Y,1.0
2025-08-08T11:37:33,scikit-learn-benchmark,022ff250-a56d-49fd-887d-a2808704752b,scikit-learn_SCL001_d880725b,1.0024241101928055,7.066421410720798e-08,7.049333050620309e-08,0.8,0.0,10.0,1.1142848618328573e-07,0.0,1.3920654309913518e-06,1.5034939171746376e-06,Canada,CAN,,gcp,northamerica-northeast2,Linux-6.8.0-1032-gcp-x86_64-with-glibc2.35,3.10.12,3.0.4,2,Intel(R) Xeon(R) CPU @ 2.60GHz,,,,,15.61648178100586,machine,Y,1.0
2025-08-08T11:37:36,scikit-learn-benchmark,005e5762-739f-4865-8ee3-89d84e5a6e44,scikit-learn_SCL001_d880725b,1.0024571800604465,7.06685877826272e-08,7.049536797009724e-08,0.8,0.0,10.0,1.114305735876163e-07,0.0,1.3921564005108344e-06,1.5035869740984507e-06,Canada,CAN,,gcp,northamerica-northeast2,Linux-6.8.0-1032-gcp-x86_64-with-glibc2.35,3.10.12,3.0.4,2,Intel(R) Xeon(R) CPU @ 2.60GHz,,,,,15.61648178100586,machine,Y,1.0
2025-08-08T11:37:38,scikit-learn-benchmark,9af67c19-aac5-46c7-bc65-884d9fa1753d,scikit-learn_SCL001_d880725b,1.0024939118884504,7.067482757226874e-08,7.049900925496382e-08,0.8,0.0,10.0,1.1144926357600425e-07,0.0,1.3922704720041818e-06,1.503719735580186e-06,Canada,CAN,,gcp,northamerica-northeast2,Linux-6.8.0-1032-gcp-x86_64-with-glibc2.35,3.10.12,3.0.4,2,Intel(R) Xeon(R) CPU @ 2.60GHz,,,,,15.61648178100586,machine,Y,1.0
2025-08-08T11:37:40,scikit-learn-benchmark,fbfdab25-831d-4f67-a4aa-90f6e77dd95b,scikit-learn_SCL001_d880725b,1.0023585720919073,7.06597627605208e-08,7.04934987616806e-08,0.8,0.0,10.0,1.1142252913365765e-07,0.0,1.3919766785369978e-06,1.5033992076706551e-06,Canada,CAN,,gcp,northamerica-northeast2,Linux-6.8.0-1032-gcp-x86_64-with-glibc2.35,3.10.12,3.0.4,2,Intel(R) Xeon(R) CPU @ 2.60GHz,,,,,15.61648178100586,machine,Y,1.0
2025-08-08T11:37:42,scikit-learn-benchmark,a0fe8dc3-b820-47c5-abe8-9a06c8b205ce,scikit-learn_SCL001_d880725b,1.0024014092050493,7.065877178797707e-08,7.048949765943838e-08,0.8,0.0,10.0,1.1142012021607822e-07,0.0,1.39195800293237e-06,1.503378123148448e-06,Canada,CAN,,gcp,northamerica-northeast2,Linux-6.8.0-1032-gcp-x86_64-with-glibc2.35,3.10.12,3.0.4,2,Intel(R) Xeon(R) CPU @ 2.60GHz,,,,,15.61648178100586,machine,Y,1.0
2025-08-08T11:37:44,scikit-learn-benchmark,d63d51bb-ddaa-44be-acd5-017edf504474,scikit-learn_SCL001_d880725b,1.0023903669789431,7.066050463542343e-08,7.049200287946078e-08,0.8,0.0,10.0,1.114227813151149e-07,0.0,1.391992210927937e-06,1.5034149922430517e-06,Canada,CAN,,gcp,northamerica-northeast2,Linux-6.8.0-1032-gcp-x86_64-with-glibc2.35,3.10.12,3.0.4,2,Intel(R) Xeon(R) CPU @ 2.60GHz,,,,,15.61648178100586,machine,Y,1.0
2025-08-08T11:37:46,scikit-learn-benchmark,c80a2618-e649-4a43-b8dd-6c1463694a91,scikit-learn_SCL001_d880725b,1.002408569213003,7.066534880422302e-08,7.04955553798815e-08,0.8000576,0.0,10.0,1.1144006228572877e-07,0.0,1.392077997378591e-06,1.5035180596643195e-06,Canada,CAN,,gcp,northamerica-northeast2,Linux-6.8.0-1032-gcp-x86_64-with-glibc2.35,3.10.12,3.0.4,2,Intel(R) Xeon(R) CPU @ 2.60GHz,,,,,15.61648178100586,machine,Y,1.0
2025-08-08T11:37:48,scikit-learn-benchmark,c537901f-b0cc-43b5-bfa3-f00aa61e37a1,scikit-learn_SCL001_d880725b,1.0025241659022868,7.067058819792252e-08,7.049265304674021e-08,0.8004608000000001,0.0,10.0,1.1151383958570164e-07,0.0,1.3921156965403094e-06,1.503629536126011e-06,Canada,CAN,,gcp,northamerica-northeast2,Linux-6.8.0-1032-gcp-x86_64-with-glibc2.35,3.10.12,3.0.4,2,Intel(R) Xeon(R) CPU @ 2.60GHz,,,,,15.61648178100586,machine,Y,1.0
2025-08-08T11:37:50,scikit-learn-benchmark,54bfc943-844c-498d-8d0f-70eb6696aa26,scikit-learn_SCL001_d880725b,1.0024765632115304,7.067935960304418e-08,7.050475013262756e-08,0.8024696,0.0,10.0,1.1177801723347824e-07,0.0,1.3920381445334188e-06,1.503816161766897e-06,Canada,CAN,,gcp,northamerica-northeast2,Linux-6.8.0-1032-gcp-x86_64-with-glibc2.35,3.10.12,3.0.4,2,Intel(R) Xeon(R) CPU @ 2.60GHz,,,,,15.61648178100586,machine,Y,1.0
2025-08-08T11:37:53,scikit-learn-benchmark,401d5718-c47a-426c-b70e-e978b511f7bf,scikit-learn_SCL001_d880725b,1.0024518589489162,7.065898797751549e-08,7.048616584102337e-08,0.8000576,0.0,10.0,1.11438700180139e-07,0.0,1.391944022745722e-06,1.503382722925861e-06,Canada,CAN,,gcp,northamerica-northeast2,Linux-6.8.0-1032-gcp-x86_64-with-glibc2.35,3.10.12,3.0.4,2,Intel(R) Xeon(R) CPU @ 2.60GHz,,,,,15.61648178100586,machine,Y,1.0
2025-08-08T11:37:55,scikit-learn-benchmark,ddbe819b-1897-4101-9311-1b8c6e515341,scikit-learn_SCL001_d880725b,1.0025391937233508,7.067734703949343e-08,7.049833810187848e-08,0.8,0.0,10.0,1.1145103598634402e-07,0.0,1.3923223052794736e-06,1.5037733412658176e-06,Canada,CAN,,gcp,northamerica-northeast2,Linux-6.8.0-1032-gcp-x86_64-with-glibc2.35,3.10.12,3.0.4,2,Intel(R) Xeon(R) CPU @ 2.60GHz,,,,,15.61648178100586,machine,Y,1.0
2025-08-08T11:37:57,scikit-learn-benchmark,5748d482-72b2-4853-819c-63d5a5dbd622,scikit-learn_SCL001_d880725b,1.0025245510041714,7.067565852108725e-08,7.049768352335658e-08,0.8,0.0,10.0,1.1144929089479978e-07,0.0,1.3922881244474817e-06,1.5037374153422811e-06,Canada,CAN,,gcp,northamerica-northeast2,Linux-6.8.0-1032-gcp-x86_64-with-glibc2.35,3.10.12,3.0.4,2,Intel(R) Xeon(R) CPU @ 2.60GHz,,,,,15.61648178100586,machine,Y,1.0
2025-08-08T11:37:59,scikit-learn-benchmark,72e3fbfc-27b8-416b-b072-10926fc77cff,scikit-learn_SCL001_d880725b,1.0024028536863625,7.066796213497098e-08,7.04985643996201e-08,0.8,0.0,10.0,1.1143422106073965e-07,0.0,1.3921394413854517e-06,1.5035736624461912e-06,Canada,CAN,,gcp,northamerica-northeast2,Linux-6.8.0-1032-gcp-x86_64-with-glibc2.35,3.10.12,3.0.4,2,Intel(R) Xeon(R) CPU @ 2.60GHz,,,,,15.61648178100586,machine,Y,1.0
2025-08-08T11:38:01,scikit-learn-benchmark,81651b96-7505-4eeb-bc7e-f6b09dbd0ef3,scikit-learn_SCL001_d880725b,1.0023688902147114,7.06639834571009e-08,7.049698384191114e-08,0.8,0.0,10.0,1.1142878379258845e-07,0.0,1.3920602259329623e-06,1.503489009725551e-06,Canada,CAN,,gcp,northamerica-northeast2,Linux-6.8.0-1032-gcp-x86_64-with-glibc2.35,3.10.12,3.0.4,2,Intel(R) Xeon(R) CPU @ 2.60GHz,,,,,15.61648178100586,machine,Y,1.0
2025-08-08T11:38:03,scikit-learn-benchmark,d7505803-726a-4de4-b456-d299803d5c74,scikit-learn_SCL001_d880725b,1.0023911260068417,7.066517505691286e-08,7.049660878225943e-08,0.8,0.0,10.0,1.1142425446046725e-07,0.0,1.3920901084525717e-06,1.503514362913039e-06,Canada,CAN,,gcp,northamerica-northeast2,Linux-6.8.0-1032-gcp-x86_64-with-glibc2.35,3.10.12,3.0.4,2,Intel(R) Xeon(R) CPU @ 2.60GHz,,,,,15.61648178100586,machine,Y,1.0
2025-08-08T11:38:05,scikit-learn-benchmark,be2f62bd-ed96-49ab-a6c1-33e37e29d0b0,scikit-learn_SCL001_d880725b,1.0022757053375244,7.065965486376464e-08,7.04992194138532e-08,0.8001944000000001,0.0,10.0,1.1144759235212705e-07,0.0,1.3919493196428648e-06,1.5033969119949918e-06,Canada,CAN,,gcp,northamerica-northeast2,Linux-6.8.0-1032-gcp-x86_64-with-glibc2.35,3.10.12,3.0.4,2,Intel(R) Xeon(R) CPU @ 2.60GHz,,,,,15.61648178100586,machine,Y,1.0
2025-08-08T11:38:07,scikit-learn-benchmark,a7177f2d-b9a4-4081-a163-92305cfa5b3c,scikit-learn_SCL001_d880725b,1.0024772239848971,7.068309876184709e-08,7.050843357904753e-08,0.8023652648,0.0,10.0,1.1176544142455549e-07,0.0,1.3921302769126165e-06,1.503895718337172e-06,Canada,CAN,,gcp,northamerica-northeast2,Linux-6.8.0-1032-gcp-x86_64-with-glibc2.35,3.10.12,3.0.4,2,Intel(R) Xeon(R) CPU @ 2.60GHz,,,,,15.61648178100586,machine,Y,1.0
2025-08-08T11:38:10,scikit-learn-benchmark,8572c5a2-e807-4804-abae-ea79b1cbb338,scikit-learn_SCL001_d880725b,1.0023806649260223,7.06613639649831e-08,7.049354246093528e-08,0.8000576,0.0,10.0,1.11432386807277e-07,0.0,1.392000889043427e-06,1.503433275850704e-06,Canada,CAN,,gcp,northamerica-northeast2,Linux-6.8.0-1032-gcp-x86_64-with-glibc2.35,3.10.12,3.0.4,2,Intel(R) Xeon(R) CPU @ 2.60GHz,,,,,15.61648178100586,machine,Y,1.0
2025-08-08T11:38:12,scikit-learn-benchmark,bd2025ea-f47c-4f08-8979-0ce1531321d7,scikit-learn_SCL001_d880725b,1.0024562077596784,7.066603968501754e-08,7.049289449056762e-08,0.8000576,0.0,10.0,1.1144163540281357e-07,0.0,1.3920911238528788e-06,1.5035327592556924e-06,Canada,CAN,,gcp,northamerica-northeast2,Linux-6.8.0-1032-gcp-x86_64-with-glibc2.35,3.10.12,3.0.4,2,Intel(R) Xeon(R) CPU @ 2.60GHz,,,,,15.61648178100586,machine,Y,1.0
2025-08-08T11:38:14,scikit-learn-benchmark,168154d0-73bd-4230-82f3-786e4b94fe71,scikit-learn_SCL001_d880725b,1.0023487438447771,7.065762713867137e-08,7.049205934817167e-08,0.8,0.0,10.0,1.1141868556539217e-07,0.0,1.391935083342509e-06,1.5033537689079012e-06,Canada,CAN,,gcp,northamerica-northeast2,Linux-6.8.0-1032-gcp-x86_64-with-glibc2.35,3.10.12,3.0.4,2,Intel(R) Xeon(R) CPU @ 2.60GHz,,,,,15.61648178100586,machine,Y,1.0
2025-08-08T11:38:16,scikit-learn-benchmark,e7ef0179-3fbb-45d2-a0e8-3e5358b0bb48,scikit-learn_SCL001_d880725b,1.0021505779586732,7.063185057877047e-08,7.048027724799975e-08,0.8,0.0,10.0,1.1137592006060812e-07,0.0,1.3914294114025933e-06,1.5028053314632014e-06,Canada,CAN,,gcp,northamerica-northeast2,Linux-6.8.0-1032-gcp-x86_64-with-glibc2.35,3.10.12,3.0.4,2,Intel(R) Xeon(R) CPU @ 2.60GHz,,,,,15.61648178100586,machine,Y,1.0
2025-08-08T11:38:18,scikit-learn-benchmark,da50b0a3-5fcc-427f-a402-884c65ec3b13,scikit-learn_SCL001_d880725b,1.0023685176856816,7.065678868779085e-08,7.04898322733906e-08,0.8,0.0,10.0,1.1142254082692997e-07,0.0,1.3919133887005348e-06,1.5033359295274648e-06,Canada,CAN,,gcp,northamerica-northeast2,Linux-6.8.0-1032-gcp-x86_64-with-glibc2.35,3.10.12,3.0.4,2,Intel(R) Xeon(R) CPU @ 2.60GHz,,,,,15.61648178100586,machine,Y,1.0
2025-08-08T11:38:20,scikit-learn-benchmark,ea1a7fec-725c-4287-be7f-4e920b809452,scikit-learn_SCL001_d880725b,1.0023785666562617,7.065755109913235e-08,7.048988620619859e-08,0.8,0.0,10.0,1.1141718799869221e-07,0.0,1.3919349630466769e-06,1.5033521510453688e-06,Canada,CAN,,gcp,northamerica-northeast2,Linux-6.8.0-1032-gcp-x86_64-with-glibc2.35,3.10.12,3.0.4,2,Intel(R) Xeon(R) CPU @ 2.60GHz,,,,,15.61648178100586,machine,Y,1.0
2025-08-08T11:38:22,scikit-learn-benchmark,d87cdbfc-dd2b-45a2-84e5-58ea5e353372,scikit-learn_SCL001_d880725b,1.0024818000383675,7.066398313610503e-08,7.048904342542731e-08,0.8,0.0,10.0,1.1143359914422037e-07,0.0,1.3920554037516315e-06,1.503489002895852e-06,Canada,CAN,,gcp,northamerica-northeast2,Linux-6.8.0-1032-gcp-x86_64-with-glibc2.35,3.10.12,3.0.4,2,Intel(R) Xeon(R) CPU @ 2.60GHz,,,,,15.61648178100586,machine,Y,1.0
2025-08-08T11:38:24,scikit-learn-benchmark,86d98c6e-e717-48c9-87a2-e538aa745ff5,scikit-learn_SCL001_d880725b,1.002435008995235,7.06603628257807e-08,7.048872215327486e-08,0.8,0.0,10.0,1.1142773336420457e-07,0.0,1.391984241652406e-06,1.5034119750166103e-06,Canada,CAN,,gcp,northamerica-northeast2,Linux-6.8.0-1032-gcp-x86_64-with-glibc2.35,3.10.12,3.0.4,2,Intel(R) Xeon(R) CPU @ 2.60GHz,,,,,15.61648178100586,machine,Y,1.0
2025-08-08T11:38:27,scikit-learn-benchmark,de78090b-fa08-4ba8-b615-53d3ce4a6111,scikit-learn_SCL001_d880725b,1.0025083860382438,7.066813440760598e-08,7.04913149772995e-08,0.8,0.0,10.0,1.114380778744817e-07,0.0,1.392139249946922e-06,1.5035773278214038e-06,Canada,CAN,,gcp,northamerica-northeast2,Linux-6.8.0-1032-gcp-x86_64-with-glibc2.35,3.10.12,3.0.4,2,Intel(R) Xeon(R) CPU @ 2.60GHz,,,,,15.61648178100586,machine,Y,1.0
2025-08-08T11:38:29,scikit-learn-benchmark,e1c81b36-bb05-4828-ad53-15db26acd984,scikit-learn_SCL001_d880725b,1.0025243740528822,7.066898769481729e-08,7.049104193758942e-08,0.8,0.0,10.0,1.1144400284522113e-07,0.0,1.3921514800232315e-06,1.503595482868453e-06,Canada,CAN,,gcp,northamerica-northeast2,Linux-6.8.0-1032-gcp-x86_64-with-glibc2.35,3.10.12,3.0.4,2,Intel(R) Xeon(R) CPU @ 2.60GHz,,,,,15.61648178100586,machine,Y,1.0
2025-08-08T11:38:31,scikit-learn-benchmark,96deab95-0cc4-4714-aa93-406d92d89c03,scikit-learn_SCL001_d880725b,1.0024721366353333,7.066875716386776e-08,7.049448516450364e-08,0.8,0.0,10.0,1.1143911992096238e-07,0.0,1.392151458033671e-06,1.5035905779546334e-06,Canada,CAN,,gcp,northamerica-northeast2,Linux-6.8.0-1032-gcp-x86_64-with-glibc2.35,3.10.12,3.0.4,2,Intel(R) Xeon(R) CPU @ 2.60GHz,,,,,15.61648178100586,machine,Y,1.0
2025-08-08T11:38:33,scikit-learn-benchmark,d9a973fd-0a10-4d8e-8a25-6defbb649aca,scikit-learn_SCL001_d880725b,1.0026260879822075,7.06902915063765e-08,7.050513880866719e-08,0.8000072,0.0,10.0,1.114734499304334e-07,0.0,1.3925753055243855e-06,1.504048755454819e-06,Canada,CAN,,gcp,northamerica-northeast2,Linux-6.8.0-1032-gcp-x86_64-with-glibc2.35,3.10.12,3.0.4,2,Intel(R) Xeon(R) CPU @ 2.60GHz,,,,,15.61648178100586,machine,Y,1.0
2025-08-08T11:38:35,scikit-learn-benchmark,d2d641e9-19f8-451a-b327-e853cce0c9a7,scikit-learn_SCL001_d880725b,1.0024912836961448,7.067053117078172e-08,7.049490835493585e-08,0.8009000000000002,0.0,10.0,1.1156248692461913e-07,0.0,1.3920658358579707e-06,1.5036283227825898e-06,Canada,CAN,,gcp,northamerica-northeast2,Linux-6.8.0-1032-gcp-x86_64-with-glibc2.35,3.10.12,3.0.4,2,Intel(R) Xeon(R) CPU @ 2.60GHz,,,,,15.61648178100586,machine,Y,1.0
2025-08-08T11:38:37,scikit-learn-benchmark,d6ab84c0-3697-49e1-ac0e-9c8b1a58ff91,scikit-learn_SCL001_d880725b,1.0025783302262423,7.06743902324492e-08,7.049263693590978e-08,0.8,0.0,10.0,1.1145075276080109e-07,0.0,1.3922596777168414e-06,1.5037104304776423e-06,Canada,CAN,,gcp,northamerica-northeast2,Linux-6.8.0-1032-gcp-x86_64-with-glibc2.35,3.10.12,3.0.4,2,Intel(R) Xeon(R) CPU @ 2.60GHz,,,,,15.61648178100586,machine,Y,1.0
2025-08-08T11:38:39,scikit-learn-benchmark,a41e3c70-6ff6-46c0-977b-9ae9d6f9a2ce,scikit-learn_SCL001_d880725b,1.0024012080393732,7.065730659756809e-08,7.048805012492837e-08,0.8,0.0,10.0,1.114184016154872e-07,0.0,1.3919285472689402e-06,1.5033469488844277e-06,Canada,CAN,,gcp,northamerica-northeast2,Linux-6.8.0-1032-gcp-x86_64-with-glibc2.35,3.10.12,3.0.4,2,Intel(R) Xeon(R) CPU @ 2.60GHz,,,,,15.61648178100586,machine,Y,1.0
2025-08-08T11:38:41,scikit-learn-benchmark,4727cbe4-eff9-4ccf-9eca-e76db18c0122,scikit-learn_SCL001_d880725b,1.002424624748528,7.066461207640049e-08,7.049369132779202e-08,0.8,0.0,10.0,1.1143284932606753e-07,0.0,1.392069535278198e-06,1.5035023846042655e-06,Canada,CAN,,gcp,northamerica-northeast2,Linux-6.8.0-1032-gcp-x86_64-with-glibc2.35,3.10.12,3.0.4,2,Intel(R) Xeon(R) CPU @ 2.60GHz,,,,,15.61648178100586,machine,Y,1.0
2025-08-08T11:38:44,scikit-learn-benchmark,c34e7399-5499-47a3-9d6b-e4a81e12e955,scikit-learn_SCL001_d880725b,1.0024094069376588,7.065923913604477e-08,7.048940148308003e-08,0.8,0.0,10.0,1.114265855608715e-07,0.0,1.3919614811634853e-06,1.5033880667243567e-06,Canada,CAN,,gcp,northamerica-northeast2,Linux-6.8.0-1032-gcp-x86_64-with-glibc2.35,3.10.12,3.0.4,2,Intel(R) Xeon(R) CPU @ 2.60GHz,,,,,15.61648178100586,machine,Y,1.0
2025-08-08T11:38:46,scikit-learn-benchmark,6c249ca3-eb0a-4321-81ef-1d2935551b83,scikit-learn_SCL001_d880725b,1.002451348118484,7.066725110241939e-08,7.049444467809415e-08,0.8,0.0,10.0,1.1143569223996668e-07,0.0,1.3921228418540624e-06,1.5035585340940292e-06,Canada,CAN,,gcp,northamerica-northeast2,Linux-6.8.0-1032-gcp-x86_64-with-glibc2.35,3.10.12,3.0.4,2,Intel(R) Xeon(R) CPU @ 2.60GHz,,,,,15.61648178100586,machine,Y,1.0
2025-08-08T11:38:48,scikit-learn-benchmark,81092bd6-50ae-4d99-879f-e8b0776d2b14,scikit-learn_SCL001_d880725b,1.0024603293277323,7.066914775988294e-08,7.04957051091238e-08,0.8,0.0,10.0,1.1143872131490045e-07,0.0,1.3921601671932472e-06,1.5035988885081476e-06,Canada,CAN,,gcp,northamerica-northeast2,Linux-6.8.0-1032-gcp-x86_64-with-glibc2.35,3.10.12,3.0.4,2,Intel(R) Xeon(R) CPU @ 2.60GHz,,,,,15.61648178100586,machine,Y,1.0
2025-08-08T11:38:50,scikit-learn-benchmark,7ab05a26-553c-428c-9cd9-1cddfba794cd,scikit-learn_SCL001_d880725b,1.00239098072052,7.066969443695089e-08,7.050112760008417e-08,0.8000072,0.0,10.0,1.1143600908072553e-07,0.0,1.3921745108544e-06,1.5036105199351257e-06,Canada,CAN,,gcp,northamerica-northeast2,Linux-6.8.0-1032-gcp-x86_64-with-glibc2.35,3.10.12,3.0.4,2,Intel(R) Xeon(R) CPU @ 2.60GHz,,,,,15.61648178100586,machine,Y,1.0
2025-08-08T11:38:52,scikit-learn-benchmark,f6a47d45-6af4-462a-81e5-db135d6bd728,scikit-learn_SCL001_d880725b,1.00238456716761,7.06637501526573e-08,7.04956485436807e-08,0.8004608000000001,0.0,10.0,1.1148940696707038e-07,0.0,1.3919946388341487e-06,1.5034840458012192e-06,Canada,CAN,,gcp,northamerica-northeast2,Linux-6.8.0-1032-gcp-x86_64-with-glibc2.35,3.10.12,3.0.4,2,Intel(R) Xeon(R) CPU @ 2.60GHz,,,,,15.61648178100586,machine,Y,1.0
2025-08-08T11:38:54,scikit-learn-benchmark,007e94a1-431b-4233-8b68-d9ecb238ad34,scikit-learn_SCL001_d880725b,1.0023381197825074,7.06573980418613e-08,7.049257795083451e-08,0.8000072,0.0,10.0,1.1141907313772488e-07,0.0,1.3919298213699624e-06,1.5033488945076874e-06,Canada,CAN,,gcp,northamerica-northeast2,Linux-6.8.0-1032-gcp-x86_64-with-glibc2.35,3.10.12,3.0.4,2,Intel(R) Xeon(R) CPU @ 2.60GHz,,,,,15.61648178100586,machine,Y,1.0
2025-08-08T11:38:56,scikit-learn-benchmark,844f11dd-61a3-4804-a613-f65261888cf8,scikit-learn_SCL001_d880725b,1.002388192806393,7.065865885336988e-08,7.049031439161944e-08,0.8,0.0,10.0,1.1142559866938326e-07,0.0,1.391950121615082e-06,1.503375720284465e-06,Canada,CAN,,gcp,northamerica-northeast2,Linux-6.8.0-1032-gcp-x86_64-with-glibc2.35,3.10.12,3.0.4,2,Intel(R) Xeon(R) CPU @ 2.60GHz,,,,,15.61648178100586,machine,Y,1.0
2025-08-08T11:38:58,scikit-learn-benchmark,7f787f82-d7bb-452f-ab88-d0a6480cdbd1,scikit-learn_SCL001_d880725b,1.0024293847382069,7.066009109550054e-08,7.048884656743579e-08,0.8,0.0,10.0,1.114270081743598e-07,0.0,1.391979185346928e-06,1.5034061935212878e-06,Canada,CAN,,gcp,northamerica-northeast2,Linux-6.8.0-1032-gcp-x86_64-with-glibc2.35,3.10.12,3.0.4,2,Intel(R) Xeon(R) CPU @ 2.60GHz,,,,,15.61648178100586,machine,Y,1.0
2025-08-08T11:39:01,scikit-learn-benchmark,955066c8-1198-449d-9d8d-f1815ba0f34e,scikit-learn_SCL001_d880725b,1.002392302732915,7.065878886155163e-08,7.049015507093186e-08,0.8,0.0,10.0,1.1142215598374609e-07,0.0,1.3919563304322462e-06,1.5033784864159922e-06,Canada,CAN,,gcp,northamerica-northeast2,Linux-6.8.0-1032-gcp-x86_64-with-glibc2.35,3.10.12,3.0.4,2,Intel(R) Xeon(R) CPU @ 2.60GHz,,,,,15.61648178100586,machine,Y,1.0
2025-08-08T11:39:03,scikit-learn-benchmark,58c75f12-4cd7-4ca2-9dfe-8f9abdace8f0,scikit-learn_SCL001_d880725b,1.002620480954647,7.067662089873666e-08,7.049189822198905e-08,0.8000072,0.0,10.0,1.1146766636519341e-07,0.0,1.392290225097289e-06,1.5037578914624825e-06,Canada,CAN,,gcp,northamerica-northeast2,Linux-6.8.0-1032-gcp-x86_64-with-glibc2.35,3.10.12,3.0.4,2,Intel(R) Xeon(R) CPU @ 2.60GHz,,,,,15.61648178100586,machine,Y,1.0
2025-08-08T11:39:05,scikit-learn-benchmark,68d89f4f-6e50-4688-b456-e2cc0f84646b,scikit-learn_SCL001_d880725b,1.0020752558484674,7.067003588243906e-08,7.052368120057213e-08,0.8,0.0,10.0,1.1143737679554357e-07,0.0,1.392180407937202e-06,1.5036177847327458e-06,Canada,CAN,,gcp,northamerica-northeast2,Linux-6.8.0-1032-gcp-x86_64-with-glibc2.35,3.10.12,3.0.4,2,Intel(R) Xeon(R) CPU @ 2.60GHz,,,,,15.61648178100586,machine,Y,1.0
2025-08-08T11:39:07,scikit-learn-benchmark,1ffead6a-d115-402b-a6dc-a571f84f61cf,scikit-learn_SCL001_d880725b,1.0024066441692412,7.06616554760581e-08,7.049200630011783e-08,0.8,0.0,10.0,1.114262051673399e-07,0.0,1.3920132730466624e-06,1.5034394782140022e-06,Canada,CAN,,gcp,northamerica-northeast2,Linux-6.8.0-1032-gcp-x86_64-with-glibc2.35,3.10.12,3.0.4,2,Intel(R) Xeon(R) CPU @ 2.60GHz,,,,,15.61648178100586,machine,Y,1.0
2025-08-08T11:39:09,scikit-learn-benchmark,a9cf937a-74af-45b8-b094-f4af6e0648ae,scikit-learn_SCL001_d880725b,1.002474029082805,7.066871112771333e-08,7.04943061640912e-08,0.8,0.0,10.0,1.1143730094449389e-07,0.0,1.3921522975174917e-06,1.5035895984619856e-06,Canada,CAN,,gcp,northamerica-northeast2,Linux-6.8.0-1032-gcp-x86_64-with-glibc2.35,3.10.12,3.0.4,2,Intel(R) Xeon(R) CPU @ 2.60GHz,,,,,15.61648178100586,machine,Y,1.0
2025-08-08T11:39:11,scikit-learn-benchmark,bd7f64a6-1203-4480-bb08-876f9c4ff985,scikit-learn_SCL001_d880725b,1.002416305243969,7.06618474218477e-08,7.049151839629141e-08,0.8,0.0,10.0,1.1142603090653817e-07,0.0,1.3920175312604342e-06,1.5034435621669723e-06,Canada,CAN,,gcp,northamerica-northeast2,Linux-6.8.0-1032-gcp-x86_64-with-glibc2.35,3.10.12,3.0.4,2,Intel(R) Xeon(R) CPU @ 2.60GHz,,,,,15.61648178100586,machine,Y,1.0
2025-08-08T11:39:13,scikit-learn-benchmark,b5c4cc51-9559-482c-8dea-d7a1511e0e16,scikit-learn_SCL001_d880725b,1.0024943929165602,7.066191306063492e-08,7.048609304941645e-08,0.8,0.0,10.0,1.1143412006398045e-07,0.0,1.3920108386729328e-06,1.5034449587369133e-06,Canada,CAN,,gcp,northamerica-northeast2,Linux-6.8.0-1032-gcp-x86_64-with-glibc2.35,3.10.12,3.0.4,2,Intel(R) Xeon(R) CPU @ 2.60GHz,,,,,15.61648178100586,machine,Y,1.0
2025-08-08T11:39:15,scikit-learn-benchmark,bb3cc15e-19a5-4351-a97b-72ecd5f80f5b,scikit-learn_SCL001_d880725b,1.0025071958079934,7.066373882908374e-08,7.048701408285725e-08,0.8,0.0,10.0,1.1143686580989097e-07,0.0,1.3920469390642312e-06,1.503483804874122e-06,Canada,CAN,,gcp,northamerica-northeast2,Linux-6.8.0-1032-gcp-x86_64-with-glibc2.35,3.10.12,3.0.4,2,Intel(R) Xeon(R) CPU @ 2.60GHz,,,,,15.61648178100586,machine,Y,1.0
2025-08-08T11:39:18,scikit-learn-benchmark,0b37f5f5-e0d4-44c0-9391-5b1f383d27f4,scikit-learn_SCL001_d880725b,1.0025730449706316,7.067815796498004e-08,7.049676661419756e-08,0.8,0.0,10.0,1.114593761869603e-07,0.0,1.3923312188126146e-06,1.5037905949995748e-06,Canada,CAN,,gcp,northamerica-northeast2,Linux-6.8.0-1032-gcp-x86_64-with-glibc2.35,3.10.12,3.0.4,2,Intel(R) Xeon(R) CPU @ 2.60GHz,,,,,15.61648178100586,machine,Y,1.0
2025-08-08T11:39:20,scikit-learn-benchmark,db1b3c62-6d52-4ee7-b728-6f46df175271,scikit-learn_SCL001_d880725b,1.002429320011288,7.066583515082797e-08,7.04945812539005e-08,0.8,0.0,10.0,1.114340459720956e-07,0.0,1.3920943614923292e-06,1.5035284074644249e-06,Canada,CAN,,gcp,northamerica-northeast2,Linux-6.8.0-1032-gcp-x86_64-with-glibc2.35,3.10.12,3.0.4,2,Intel(R) Xeon(R) CPU @ 2.60GHz,,,,,15.61648178100586,machine,Y,1.0
2025-08-08T11:39:22,scikit-learn-benchmark,bb4ed9a9-ae2e-475c-ade7-cbdca8d663ec,scikit-learn_SCL001_d880725b,1.00252049183473,7.067961228509917e-08,7.050191278958017e-08,0.8000576,0.0,10.0,1.1146629363280041e-07,0.0,1.3923552443480326e-06,1.503821537980833e-06,Canada,CAN,,gcp,northamerica-northeast2,Linux-6.8.0-1032-gcp-x86_64-with-glibc2.35,3.10.12,3.0.4,2,Intel(R) Xeon(R) CPU @ 2.60GHz,,,,,15.61648178100586,machine,Y,1.0
2025-08-08T11:39:25,scikit-learn-benchmark,e9f0a5fb-39fe-4ebb-a246-2ad24ffaf931,scikit-learn_SCL001_d880725b,1.0024408800527451,7.066443521159335e-08,7.04923717874267e-08,0.8000072,0.0,10.0,1.1142975757342049e-07,0.0,1.392068863949842e-06,1.5034986215232625e-06,Canada,CAN,,gcp,northamerica-northeast2,Linux-6.8.0-1032-gcp-x86_64-with-glibc2.35,3.10.12,3.0.4,2,Intel(R) Xeon(R) CPU @ 2.60GHz,,,,,15.61648178100586,machine,Y,1.0
2025-08-08T11:39:27,scikit-learn-benchmark,7f6a1294-ff93-483e-a17e-38b4b92ae39e,scikit-learn_SCL001_d880725b,1.0024731373414395,7.067322788111136e-08,7.049887448210019e-08,0.8009000000000002,0.0,10.0,1.1156690511674005e-07,0.0,1.3921187944813734e-06,1.5036856995981137e-06,Canada,CAN,,gcp,northamerica-northeast2,Linux-6.8.0-1032-gcp-x86_64-with-glibc2.35,3.10.12,3.0.4,2,Intel(R) Xeon(R) CPU @ 2.60GHz,,,,,15.61648178100586,machine,Y,1.0
2025-08-08T11:39:29,scikit-learn-benchmark,b3850e69-9bbd-48e9-bb7f-2121bce6e85e,scikit-learn_SCL001_d880725b,1.0022288872860372,7.06644465738597e-08,7.050729376321798e-08,0.8,0.0,10.0,1.1143190206752884e-07,0.0,1.392066961206082e-06,1.5034988632736108e-06,Canada,CAN,,gcp,northamerica-northeast2,Linux-6.8.0-1032-gcp-x86_64-with-glibc2.35,3.10.12,3.0.4,2,Intel(R) Xeon(R) CPU @ 2.60GHz,,,,,15.61648178100586,machine,Y,1.0
2025-08-08T11:39:31,scikit-learn-benchmark,f1e17bc5-4c31-4c20-abe0-be9d35619906,scikit-learn_SCL001_d880725b,1.0024888860061765,7.06680309399445e-08,7.049258293673404e-08,0.8,0.0,10.0,1.1143780116819676e-07,0.0,1.3921373252136011e-06,1.503575126381798e-06,Canada,CAN,,gcp,northamerica-northeast2,Linux-6.8.0-1032-gcp-x86_64-with-glibc2.35,3.10.12,3.0.4,2,Intel(R) Xeon(R) CPU @ 2.60GHz,,,,,15.61648178100586,machine,Y,1.0
2025-08-08T11:39:33,scikit-learn-benchmark,22d19d3f-e72e-4a8c-b7af-06e2c45568b3,scikit-learn_SCL001_d880725b,1.0024104011245072,7.065683417192973e-08,7.04869323908318e-08,0.8,0.0,10.0,1.1142023083650405e-07,0.0,1.3919166664385965e-06,1.5033368972751004e-06,Canada,CAN,,gcp,northamerica-northeast2,Linux-6.8.0-1032-gcp-x86_64-with-glibc2.35,3.10.12,3.0.4,2,Intel(R) Xeon(R) CPU @ 2.60GHz,,,,,15.61648178100586,machine,Y,1.0
2025-08-08T11:39:35,scikit-learn-benchmark,33c7e695-a5c4-40c5-9e6f-32f5b1385d2b,scikit-learn_SCL001_d880725b,1.0023999977856874,7.065851594455955e-08,7.048934168061151e-08,0.8,0.0,10.0,1.11424227969514e-07,0.0,1.3919484517019657e-06,1.5033726796714796e-06,Canada,CAN,,gcp,northamerica-northeast2,Linux-6.8.0-1032-gcp-x86_64-with-glibc2.35,3.10.12,3.0.4,2,Intel(R) Xeon(R) CPU @ 2.60GHz,,,,,15.61648178100586,machine,Y,1.0
2025-08-08T11:39:37,scikit-learn-benchmark,6be63dd9-d240-46d7-8ac3-43b906353e5c,scikit-learn_SCL001_d880725b,1.0023800767958164,7.066263511647574e-08,7.049485195511288e-08,0.8,0.0,10.0,1.1142835486680273e-07,0.0,1.3920319667603407e-06,1.5034603216271434e-06,Canada,CAN,,gcp,northamerica-northeast2,Linux-6.8.0-1032-gcp-x86_64-with-glibc2.35,3.10.12,3.0.4,2,Intel(R) Xeon(R) CPU @ 2.60GHz,,,,,15.61648178100586,machine,Y,1.0
2025-08-08T11:39:39,scikit-learn-benchmark,d78e4f12-3c25-4d7d-83a7-ffb1ac8ded04,scikit-learn_SCL001_d880725b,1.0023697479628026,7.065942458410026e-08,7.049237542105308e-08,0.8,0.0,10.0,1.1142467169298069e-07,0.0,1.391967340734684e-06,1.5033920124276647e-06,Canada,CAN,,gcp,northamerica-northeast2,Linux-6.8.0-1032-gcp-x86_64-with-glibc2.35,3.10.12,3.0.4,2,Intel(R) Xeon(R) CPU @ 2.60GHz,,,,,15.61648178100586,machine,Y,1.0
2025-08-08T11:39:42,scikit-learn-benchmark,52fd2c94-f32b-4a5c-9d90-76f38bc3d79d,scikit-learn_SCL001_d880725b,1.002420916222036,7.066911094992733e-08,7.049844013258213e-08,0.8,0.0,10.0,1.1143403821107417e-07,0.0,1.3921640671065286e-06,1.5035981053176027e-06,Canada,CAN,,gcp,northamerica-northeast2,Linux-6.8.0-1032-gcp-x86_64-with-glibc2.35,3.10.12,3.0.4,2,Intel(R) Xeon(R) CPU @ 2.60GHz,,,,,15.61648178100586,machine,Y,1.0
2025-08-08T11:39:44,scikit-learn-benchmark,9ea0dbca-e2b3-438d-959a-d4c061dc4ebd,scikit-learn_SCL001_d880725b,1.001593734137714,7.061879787365188e-08,7.050642937023625e-08,0.8000576,0.0,10.0,1.113686421905475e-07,0.0,1.391158972142471e-06,1.5025276143330186e-06,Canada,CAN,,gcp,northamerica-northeast2,Linux-6.8.0-1032-gcp-x86_64-with-glibc2.35,3.10.12,3.0.4,2,Intel(R) Xeon(R) CPU @ 2.60GHz,,,,,15.61648178100586,machine,Y,1.0
2025-08-08T11:39:46,scikit-learn-benchmark,2969aeb6-7479-450f-9c69-b42c634ec687,scikit-learn_SCL001_d880725b,1.0024750740267336,7.066878215777173e-08,7.049430353805201e-08,0.8,0.0,10.0,1.114401484115257e-07,0.0,1.392150961328298e-06,1.5035911097398237e-06,Canada,CAN,,gcp,northamerica-northeast2,Linux-6.8.0-1032-gcp-x86_64-with-glibc2.35,3.10.12,3.0.4,2,Intel(R) Xeon(R) CPU @ 2.60GHz,,,,,15.61648178100586,machine,Y,1.0
2025-08-08T11:39:48,scikit-learn-benchmark,a60d1039-f704-4fb9-9960-9f940ba788a2,scikit-learn_SCL001_d880725b,1.0024367021396756,7.06668153213751e-08,7.049503990679769e-08,0.8,0.0,10.0,1.1143444002502496e-07,0.0,1.392114822131892e-06,1.503549262156917e-06,Canada,CAN,,gcp,northamerica-northeast2,Linux-6.8.0-1032-gcp-x86_64-with-glibc2.35,3.10.12,3.0.4,2,Intel(R) Xeon(R) CPU @ 2.60GHz,,,,,15.61648178100586,machine,Y,1.0
2025-08-08T11:39:50,scikit-learn-benchmark,d26163ab-079f-415c-92ef-d2b721952944,scikit-learn_SCL001_d880725b,1.0024104891344905,7.066179085605674e-08,7.049187096702084e-08,0.8,0.0,10.0,1.114276640324129e-07,0.0,1.3920146946070924e-06,1.5034423586395052e-06,Canada,CAN,,gcp,northamerica-northeast2,Linux-6.8.0-1032-gcp-x86_64-with-glibc2.35,3.10.12,3.0.4,2,Intel(R) Xeon(R) CPU @ 2.60GHz,,,,,15.61648178100586,machine,Y,1.0
2025-08-08T11:39:52,scikit-learn-benchmark,48796c81-d830-4720-b9aa-37cc51cbc78d,scikit-learn_SCL001_d880725b,1.0025322986766696,7.06772291124281e-08,7.049870533420336e-08,0.8,0.0,10.0,1.1145209955672425e-07,0.0,1.392318732622597e-06,1.503770832179321e-06,Canada,CAN,,gcp,northamerica-northeast2,Linux-6.8.0-1032-gcp-x86_64-with-glibc2.35,3.10.12,3.0.4,2,Intel(R) Xeon(R) CPU @ 2.60GHz,,,,,15.61648178100586,machine,Y,1.0
2025-08-08T11:39:54,scikit-learn-benchmark,6dec7530-4900-4e63-82e2-5a30e0149148,scikit-learn_SCL001_d880725b,1.0024149916134777,7.066338797332719e-08,7.04931476130341e-08,0.8,0.0,10.0,1.1142778262082077e-07,0.0,1.3920485572372046e-06,1.5034763398580254e-06,Canada,CAN,,gcp,northamerica-northeast2,Linux-6.8.0-1032-gcp-x86_64-with-glibc2.35,3.10.12,3.0.4,2,Intel(R) Xeon(R) CPU @ 2.60GHz,,,,,15.61648178100586,machine,Y,1.0
2025-08-08T11:39:56,scikit-learn-benchmark,9dcced11-87fd-4e7d-bcdd-9839a51a65a9,scikit-learn_SCL001_d880725b,1.002500283066183,7.066706941147438e-08,7.049082240190159e-08,0.8,0.0,10.0,1.114422715165549e-07,0.0,1.3921123968126873e-06,1.503554668329242e-06,Canada,CAN,,gcp,northamerica-northeast2,Linux-6.8.0-1032-gcp-x86_64-with-glibc2.35,3.10.12,3.0.4,2,Intel(R) Xeon(R) CPU @ 2.60GHz,,,,,15.61648178100586,machine,Y,1.0
2025-08-08T11:39:59,scikit-learn-benchmark,056d208b-5f4a-465e-afb2-2d0494671dfb,scikit-learn_SCL001_d880725b,1.0025108731351793,7.066801810983776e-08,7.049102409117595e-08,0.8,0.0,10.0,1.1143731087860133e-07,0.0,1.3921375425222015e-06,1.5035748534008031e-06,Canada,CAN,,gcp,northamerica-northeast2,Linux-6.8.0-1032-gcp-x86_64-with-glibc2.35,3.10.12,3.0.4,2,Intel(R) Xeon(R) CPU @ 2.60GHz,,,,,15.61648178100586,machine,Y,1.0
2025-08-08T11:40:01,scikit-learn-benchmark,06d042dc-6531-4f3d-acf4-8bfb7311e0a1,scikit-learn_SCL001_d880725b,1.002446509897709,7.066319692000335e-08,7.049074062536653e-08,0.8,0.0,10.0,1.1143202841695813e-07,0.0,1.3920402464767297e-06,1.5034722748936878e-06,Canada,CAN,,gcp,northamerica-northeast2,Linux-6.8.0-1032-gcp-x86_64-with-glibc2.35,3.10.12,3.0.4,2,Intel(R) Xeon(R) CPU @ 2.60GHz,,,,,15.61648178100586,machine,Y,1.0
2025-08-08T11:40:03,scikit-learn-benchmark,f97d27fe-c850-456b-9ffa-852bd22cfe13,scikit-learn_SCL001_d880725b,1.0024808831512928,7.06711158146047e-08,7.049622292292544e-08,0.8,0.0,10.0,1.1144389553616445e-07,0.0,1.3921968664767015e-06,1.503640762012866e-06,Canada,CAN,,gcp,northamerica-northeast2,Linux-6.8.0-1032-gcp-x86_64-with-glibc2.35,3.10.12,3.0.4,2,Intel(R) Xeon(R) CPU @ 2.60GHz,,,,,15.61648178100586,machine,Y,1.0
2025-08-08T11:40:05,scikit-learn-benchmark,b2693b69-ddc2-46b4-b650-7c4bd176a4c4,scikit-learn_SCL001_d880725b,1.0023991717025638,7.065963920630101e-08,7.049052034459129e-08,0.8,0.0,10.0,1.1142327377779617e-07,0.0,1.391973305079672e-06,1.5033965788574683e-06,Canada,CAN,,gcp,northamerica-northeast2,Linux-6.8.0-1032-gcp-x86_64-with-glibc2.35,3.10.12,3.0.4,2,Intel(R) Xeon(R) CPU @ 2.60GHz,,,,,15.61648178100586,machine,Y,1.0
2025-08-08T11:40:07,scikit-learn-benchmark,65abbb73-9e84-4a7d-8bc6-224440983a24,scikit-learn_SCL001_d880725b,1.0023651821538806,7.066153660059595e-08,7.049480354929983e-08,0.8,0.0,10.0,1.1142532382574346e-07,0.0,1.3920116251231066e-06,1.50343694894885e-06,Canada,CAN,,gcp,northamerica-northeast2,Linux-6.8.0-1032-gcp-x86_64-with-glibc2.35,3.10.12,3.0.4,2,Intel(R) Xeon(R) CPU @ 2.60GHz,,,,,15.61648178100586,machine,Y,1.0
2025-08-08T11:40:09,scikit-learn-benchmark,bd3e8612-28de-4afd-b9b1-39ab2f73383b,scikit-learn_SCL001_d880725b,1.002482371404767,7.067152341124085e-08,7.04965248538083e-08,0.8,0.0,10.0,1.1144259230544172e-07,0.0,1.3922068419762784e-06,1.5036494342817205e-06,Canada,CAN,,gcp,northamerica-northeast2,Linux-6.8.0-1032-gcp-x86_64-with-glibc2.35,3.10.12,3.0.4,2,Intel(R) Xeon(R) CPU @ 2.60GHz,,,,,15.61648178100586,machine,Y,1.0
2025-08-08T11:40:11,scikit-learn-benchmark,c87d0594-26e8-4dc7-ab9e-77845a98795d,scikit-learn_SCL001_d880725b,1.002392509020865,7.06597804955414e-08,7.04911298315285e-08,0.8,0.0,10.0,1.1142614928798545e-07,0.0,1.3919734357235333e-06,1.5033995850115188e-06,Canada,CAN,,gcp,northamerica-northeast2,Linux-6.8.0-1032-gcp-x86_64-with-glibc2.35,3.10.12,3.0.4,2,Intel(R) Xeon(R) CPU @ 2.60GHz,,,,,15.61648178100586,machine,Y,1.0
2025-08-08T11:40:13,scikit-learn-benchmark,23108fcd-027f-48ec-86d8-9f0446ba918c,scikit-learn_SCL001_d880725b,1.002412501256913,7.0660761090143e-08,7.049070218252698e-08,0.8000576,0.0,10.0,1.1143141205628548e-07,0.0,1.3919890366701617e-06,1.503420448726447e-06,Canada,CAN,,gcp,northamerica-northeast2,Linux-6.8.0-1032-gcp-x86_64-with-glibc2.35,3.10.12,3.0.4,2,Intel(R) Xeon(R) CPU @ 2.60GHz,,,,,15.61648178100586,machine,Y,1.0
2025-08-08T11:40:16,scikit-learn-benchmark,7e538d3e-3389-4e42-b771-23d3bc895089,scikit-learn_SCL001_d880725b,1.0024333819746971,7.066764412406694e-08,7.049610018459131e-08,0.8000072,0.0,10.0,1.1143472177438118e-07,0.0,1.3921321744823622e-06,1.5035668962567434e-06,Canada,CAN,,gcp,northamerica-northeast2,Linux-6.8.0-1032-gcp-x86_64-with-glibc2.35,3.10.12,3.0.4,2,Intel(R) Xeon(R) CPU @ 2.60GHz,,,,,15.61648178100586,machine,Y,1.0
2025-08-08T11:40:18,scikit-learn-benchmark,9343ed21-a989-45ca-9654-45c5c2bf7fe8,scikit-learn_SCL001_d880725b,1.002326842863113,7.065206492992324e-08,7.048805031311744e-08,0.8,0.0,10.0,1.1140718538728025e-07,0.0,1.39182823865364e-06,1.5032354240409202e-06,Canada,CAN,,gcp,northamerica-northeast2,Linux-6.8.0-1032-gcp-x86_64-with-glibc2.35,3.10.12,3.0.4,2,Intel(R) Xeon(R) CPU @ 2.60GHz,,,,,15.61648178100586,machine,Y,1.0
2025-08-08T11:40:20,scikit-learn-benchmark,ae84e0ed-b7ca-415f-a598-b793c8567581,scikit-learn_SCL001_d880725b,1.0023578410036862,7.065700695037634e-08,7.049080084975013e-08,0.8,0.0,10.0,1.1141907703131437e-07,0.0,1.3919214963809484e-06,1.5033405734122628e-06,Canada,CAN,,gcp,northamerica-northeast2,Linux-6.8.0-1032-gcp-x86_64-with-glibc2.35,3.10.12,3.0.4,2,Intel(R) Xeon(R) CPU @ 2.60GHz,,,,,15.61648178100586,machine,Y,1.0
2025-08-08T11:40:22,scikit-learn-benchmark,414541d0-2d0d-46ac-8e07-28962e6dcc36,scikit-learn_SCL001_d880725b,1.0018791179172697,7.63422323855264e-08,7.61990453940476e-08,1.6732691000000002,0.0,10.0,2.329167855401573e-07,0.0,1.3913860311731695e-06,1.624302816713327e-06,Canada,CAN,,gcp,northamerica-northeast2,Linux-6.8.0-1032-gcp-x86_64-with-glibc2.35,3.10.12,3.0.4,2,Intel(R) Xeon(R) CPU @ 2.60GHz,,,,,15.61648178100586,machine,Y,1.0
2025-08-08T11:40:24,scikit-learn-benchmark,bc68fa10-753c-4414-8594-47a32f9b4574,scikit-learn_SCL001_d880725b,1.0023868889547884,7.066219003871082e-08,7.049392885853875e-08,0.8,0.0,10.0,1.1142733817299208e-07,0.0,1.3920235137144723e-06,1.5034508518874644e-06,Canada,CAN,,gcp,northamerica-northeast2,Linux-6.8.0-1032-gcp-x86_64-with-glibc2.35,3.10.12,3.0.4,2,Intel(R) Xeon(R) CPU @ 2.60GHz,,,,,15.61648178100586,machine,Y,1.0
2025-08-08T11:40:26,scikit-learn-benchmark,d2faa6a3-cf36-450b-97a3-086fea5c172b,scikit-learn_SCL001_d880725b,1.0023632934316993,7.0652578022331e-08,7.048599892404704e-08,0.8,0.0,10.0,1.1140410653832885e-07,0.0,1.391842234362331e-06,1.5032463409006597e-06,Canada,CAN,,gcp,northamerica-northeast2,Linux-6.8.0-1032-gcp-x86_64-with-glibc2.35,3.10.12,3.0.4,2,Intel(R) Xeon(R) CPU @ 2.60GHz,,,,,15.61648178100586,machine,Y,1.0
2025-08-08T11:40:28,scikit-learn-benchmark,41c4dbec-dcc2-4723-ac96-12162d0dce16,scikit-learn_SCL001_d880725b,1.0024574426934123,7.066679493327522e-08,7.049356104674827e-08,0.8,0.0,10.0,1.1143472024963961e-07,0.0,1.392114108117918e-06,1.5035488283675576e-06,Canada,CAN,,gcp,northamerica-northeast2,Linux-6.8.0-1032-gcp-x86_64-with-glibc2.35,3.10.12,3.0.4,2,Intel(R) Xeon(R) CPU @ 2.60GHz,,,,,15.61648178100586,machine,Y,1.0
2025-08-08T11:40:30,scikit-learn-benchmark,7da7552b-07ef-416d-8e99-c0635376fca5,scikit-learn_SCL001_d880725b,1.0023950152099133,7.066340161226784e-08,7.049456605435144e-08,0.8000576,0.0,10.0,1.1143660734764073e-07,0.0,1.392040022700611e-06,1.5034766300482517e-06,Canada,CAN,,gcp,northamerica-northeast2,Linux-6.8.0-1032-gcp-x86_64-with-glibc2.35,3.10.12,3.0.4,2,Intel(R) Xeon(R) CPU @ 2.60GHz,,,,,15.61648178100586,machine,Y,1.0
2025-08-08T11:40:33,scikit-learn-benchmark,d6f09920-084a-4e12-8df2-e6b9010bf79e,scikit-learn_SCL001_d880725b,1.002387470100075,7.065813011718717e-08,7.048983773723038e-08,0.8000576,0.0,10.0,1.1142680022878949e-07,0.0,1.3919376703496607e-06,1.5033644705784502e-06,Canada,CAN,,gcp,northamerica-northeast2,Linux-6.8.0-1032-gcp-x86_64-with-glibc2.35,3.10.12,3.0.4,2,Intel(R) Xeon(R) CPU @ 2.60GHz,,,,,15.61648178100586,machine,Y,1.0
2025-08-08T11:40:35,scikit-learn-benchmark,3299ea2b-2cef-4f21-a5f1-d30150d44cc1,scikit-learn_SCL001_d880725b,1.0024149497039616,7.066238147382522e-08,7.049214648553835e-08,0.8,0.0,10.0,1.1142858883572949e-07,0.0,1.3920263361392749e-06,1.5034549249750044e-06,Canada,CAN,,gcp,northamerica-northeast2,Linux-6.8.0-1032-gcp-x86_64-with-glibc2.35,3.10.12,3.0.4,2,Intel(R) Xeon(R) CPU @ 2.60GHz,,,,,15.61648178100586,machine,Y,1.0
2025-08-08T11:40:37,scikit-learn-benchmark,33fda8b6-78cf-4c78-99e9-16c22f941499,scikit-learn_SCL001_d880725b,1.002487929072231,7.06625327795951e-08,7.048716571080402e-08,0.8,0.0,10.0,1.1143839980165165e-07,0.0,1.3920197444450523e-06,1.5034581442467042e-06,Canada,CAN,,gcp,northamerica-northeast2,Linux-6.8.0-1032-gcp-x86_64-with-glibc2.35,3.10.12,3.0.4,2,Intel(R) Xeon(R) CPU @ 2.60GHz,,,,,15.61648178100586,machine,Y,1.0
2025-08-08T11:40:39,scikit-learn-benchmark,c6f690c7-88d8-457d-8c18-b9dbb4d8cf7d,scikit-learn_SCL001_d880725b,1.002452907152474,7.0662936970625e-08,7.049003146825838e-08,0.8001944000000001,0.0,10.0,1.1145991912451377e-07,0.0,1.3920068249313368e-06,1.5034667440558503e-06,Canada,CAN,,gcp,northamerica-northeast2,Linux-6.8.0-1032-gcp-x86_64-with-glibc2.35,3.10.12,3.0.4,2,Intel(R) Xeon(R) CPU @ 2.60GHz,,,,,15.61648178100586,machine,Y,1.0
2025-08-08T11:40:41,scikit-learn-benchmark,8158705f-b19d-43cf-9dc8-11e7f2caf8a5,scikit-learn_SCL001_d880725b,1.0023862859234214,7.066311825413465e-08,7.049489727309882e-08,0.8,0.0,10.0,1.1142631506340372e-07,0.0,1.392044286088397e-06,1.503470601151801e-06,Canada,CAN,,gcp,northamerica-northeast2,Linux-6.8.0-1032-gcp-x86_64-with-glibc2.35,3.10.12,3.0.4,2,Intel(R) Xeon(R) CPU @ 2.60GHz,,,,,15.61648178100586,machine,Y,1.0
2025-08-08T11:40:43,scikit-learn-benchmark,d192738e-29a1-4835-8d76-2802497767f7,scikit-learn_SCL001_d880725b,1.002383692190051,7.065772534394636e-08,7.048969959753666e-08,0.8,0.0,10.0,1.114191840299302e-07,0.0,1.3919366743519077e-06,1.5033558583818376e-06,Canada,CAN,,gcp,northamerica-northeast2,Linux-6.8.0-1032-gcp-x86_64-with-glibc2.35,3.10.12,3.0.4,2,Intel(R) Xeon(R) CPU @ 2.60GHz,,,,,15.61648178100586,machine,Y,1.0
2025-08-08T11:40:45,scikit-learn-benchmark,8eb2e767-bab3-4b48-b9a4-a8b5fa2ade70,scikit-learn_SCL001_d880725b,1.002485672943294,7.066408291474608e-08,7.04888706362023e-08,0.8,0.0,10.0,1.1143564836432537e-07,0.0,1.3920554774813355e-06,1.503491125845661e-06,Canada,CAN,,gcp,northamerica-northeast2,Linux-6.8.0-1032-gcp-x86_64-with-glibc2.35,3.10.12,3.0.4,2,Intel(R) Xeon(R) CPU @ 2.60GHz,,,,,15.61648178100586,machine,Y,1.0
2025-08-08T11:40:47,scikit-learn-benchmark,d4194e4c-46ae-4510-9e24-7cbfd5107056,scikit-learn_SCL001_d880725b,1.002531767822802,7.06731022901109e-08,7.04946262636561e-08,0.8,0.0,10.0,1.1145235525651113e-07,0.0,1.3922306721926564e-06,1.5036830274491676e-06,Canada,CAN,,gcp,northamerica-northeast2,Linux-6.8.0-1032-gcp-x86_64-with-glibc2.35,3.10.12,3.0.4,2,Intel(R) Xeon(R) CPU @ 2.60GHz,,,,,15.61648178100586,machine,Y,1.0
2025-08-08T11:40:50,scikit-learn-benchmark,4859f4cf-d29a-4d70-9c76-724ee2f36a75,scikit-learn_SCL001_d880725b,1.0024195150472224,7.0660935635575e-08,7.049038309299702e-08,0.8,0.0,10.0,1.1142570649584137e-07,0.0,1.3919984559632012e-06,1.5034241624590426e-06,Canada,CAN,,gcp,northamerica-northeast2,Linux-6.8.0-1032-gcp-x86_64-with-glibc2.35,3.10.12,3.0.4,2,Intel(R) Xeon(R) CPU @ 2.60GHz,,,,,15.61648178100586,machine,Y,1.0
2025-08-08T11:40:52,scikit-learn-benchmark,b3cb4aed-44ae-4c77-b55d-f3376213b762,scikit-learn_SCL001_d880725b,1.0024083610624075,7.066504593685266e-08,7.049526787860983e-08,0.8000072,0.0,10.0,1.1143325223761301e-07,0.0,1.392078363440103e-06,1.503511615677716e-06,Canada,CAN,,gcp,northamerica-northeast2,Linux-6.8.0-1032-gcp-x86_64-with-glibc2.35,3.10.12,3.0.4,2,Intel(R) Xeon(R) CPU @ 2.60GHz,,,,,15.61648178100586,machine,Y,1.0
2025-08-08T11:40:54,scikit-learn-benchmark,8f076a5b-61bb-4a68-86cd-d2986568cb73,scikit-learn_SCL001_d880725b,1.0024662031792104,7.06727315472025e-08,7.049886701723387e-08,0.8,0.0,10.0,1.1144240914533537e-07,0.0,1.3922327301568456e-06,1.503675139302181e-06,Canada,CAN,,gcp,northamerica-northeast2,Linux-6.8.0-1032-gcp-x86_64-with-glibc2.35,3.10.12,3.0.4,2,Intel(R) Xeon(R) CPU @ 2.60GHz,,,,,15.61648178100586,machine,Y,1.0
2025-08-08T11:40:56,scikit-learn-benchmark,51c16e49-e897-4842-9798-85e10911b44a,scikit-learn_SCL001_d880725b,1.0023860577493906,7.066356143690634e-08,7.049535544774421e-08,0.8001944000000001,0.0,10.0,1.1145591408533657e-07,0.0,1.3920241164871388e-06,1.5034800305724751e-06,Canada,CAN,,gcp,northamerica-northeast2,Linux-6.8.0-1032-gcp-x86_64-with-glibc2.35,3.10.12,3.0.4,2,Intel(R) Xeon(R) CPU @ 2.60GHz,,,,,15.61648178100586,machine,Y,1.0
2025-08-08T11:40:58,scikit-learn-benchmark,356dbb80-4fb7-4d61-879d-6f5c3b78d6b7,scikit-learn_SCL001_d880725b,1.0023932848125696,7.06625383962201e-08,7.049382659165839e-08,0.8001944000000001,0.0,10.0,1.114505747576383e-07,0.0,1.3920076889917256e-06,1.503458263749364e-06,Canada,CAN,,gcp,northamerica-northeast2,Linux-6.8.0-1032-gcp-x86_64-with-glibc2.35,3.10.12,3.0.4,2,Intel(R) Xeon(R) CPU @ 2.60GHz,,,,,15.61648178100586,machine,Y,1.0
2025-08-08T11:41:00,scikit-learn-benchmark,35dd88c4-2250-4b80-b613-582b4ab664c4,scikit-learn_SCL001_d880725b,1.002745217178017,7.071369819663627e-08,7.052010519246638e-08,0.8036864,0.0,10.0,1.1199431694448657e-07,0.0,1.392552453196711e-06,1.5045467701411974e-06,Canada,CAN,,gcp,northamerica-northeast2,Linux-6.8.0-1032-gcp-x86_64-with-glibc2.35,3.10.12,3.0.4,2,Intel(R) Xeon(R) CPU @ 2.60GHz,,,,,15.61648178100586,machine,Y,1.0
2025-08-08T11:41:02,scikit-learn-benchmark,91e2cdda-691c-4a20-a06b-664a83d8835f,scikit-learn_SCL001_d880725b,1.0025634411722422,7.066903249839022e-08,7.048833978601976e-08,0.8000576,0.0,10.0,1.1145351651939505e-07,0.0,1.3921429196165668e-06,1.5035964361359618e-06,Canada,CAN,,gcp,northamerica-northeast2,Linux-6.8.0-1032-gcp-x86_64-with-glibc2.35,3.10.12,3.0.4,2,Intel(R) Xeon(R) CPU @ 2.60GHz,,,,,15.61648178100586,machine,Y,1.0
2025-08-08T11:41:05,scikit-learn-benchmark,2f444922-0608-4cec-a57a-04901ef3f4ac,scikit-learn_SCL001_d880725b,1.0024143611080945,7.066268095808727e-08,7.049248663993094e-08,0.8,0.0,10.0,1.1142667465739781e-07,0.0,1.392034622323182e-06,1.5034612969805798e-06,Canada,CAN,,gcp,northamerica-northeast2,Linux-6.8.0-1032-gcp-x86_64-with-glibc2.35,3.10.12,3.0.4,2,Intel(R) Xeon(R) CPU @ 2.60GHz,,,,,15.61648178100586,machine,Y,1.0
2025-08-08T11:41:07,scikit-learn-benchmark,3e141782-c7c6-45fc-942b-733586678e68,scikit-learn_SCL001_d880725b,1.002442307304591,7.066482809201503e-08,7.049266334540647e-08,0.8,0.0,10.0,1.1143285863929325e-07,0.0,1.3920741220418776e-06,1.503506980681171e-06,Canada,CAN,,gcp,northamerica-northeast2,Linux-6.8.0-1032-gcp-x86_64-with-glibc2.35,3.10.12,3.0.4,2,Intel(R) Xeon(R) CPU @ 2.60GHz,,,,,15.61648178100586,machine,Y,1.0
2025-08-08T11:41:09,scikit-learn-benchmark,e8baec1b-1f50-4b07-b4df-01adf3a5341e,scikit-learn_SCL001_d880725b,1.0024605859071016,7.066227116311589e-08,7.048882734793544e-08,0.8,0.0,10.0,1.1143558865620041e-07,0.0,1.3920169892824358e-06,1.503452577938636e-06,Canada,CAN,,gcp,northamerica-northeast2,Linux-6.8.0-1032-gcp-x86_64-with-glibc2.35,3.10.12,3.0.4,2,Intel(R) Xeon(R) CPU @ 2.60GHz,,,,,15.61648178100586,machine,Y,1.0
2025-08-08T11:41:11,scikit-learn-benchmark,cee5a5ee-3ecf-4ff4-8b2c-5c6f7499f6be,scikit-learn_SCL001_d880725b,1.0024639600887897,7.066400629157821e-08,7.049032095410135e-08,0.8,0.0,10.0,1.114349507002367e-07,0.0,1.3920545448652571e-06,1.5034894955654938e-06,Canada,CAN,,gcp,northamerica-northeast2,Linux-6.8.0-1032-gcp-x86_64-with-glibc2.35,3.10.12,3.0.4,2,Intel(R) Xeon(R) CPU @ 2.60GHz,,,,,15.61648178100586,machine,Y,1.0
2025-08-08T11:41:13,scikit-learn-benchmark,0d98e8e3-e118-4e74-a36f-a6b9072086a2,scikit-learn_SCL001_d880725b,1.0024468288756907,7.066597141599697e-08,7.0493485919102e-08,0.8,0.0,10.0,1.1143598415785368e-07,0.0,1.392095322565486e-06,1.5035313067233396e-06,Canada,CAN,,gcp,northamerica-northeast2,Linux-6.8.0-1032-gcp-x86_64-with-glibc2.35,3.10.12,3.0.4,2,Intel(R) Xeon(R) CPU @ 2.60GHz,,,,,15.61648178100586,machine,Y,1.0
2025-08-08T11:41:15,scikit-learn-benchmark,0ed4b782-2e26-4560-ad8d-5b3155c15ac7,scikit-learn_SCL001_d880725b,1.0024633379653096,7.0672421842228e-08,7.049875957126885e-08,0.8001944000000001,0.0,10.0,1.11470246275464e-07,0.0,1.392198303559174e-06,1.503668549834638e-06,Canada,CAN,,gcp,northamerica-northeast2,Linux-6.8.0-1032-gcp-x86_64-with-glibc2.35,3.10.12,3.0.4,2,Intel(R) Xeon(R) CPU @ 2.60GHz,,,,,15.61648178100586,machine,Y,1.0
2025-08-08T11:41:17,scikit-learn-benchmark,0cb86cd1-c510-41e8-a213-68b3ed1e19d3,scikit-learn_SCL001_d880725b,1.002347630914301,7.068495565131535e-08,7.051940212283379e-08,0.8050757768000001,0.0,10.0,1.1211708764601105e-07,0.0,1.39181813897772e-06,1.503935226623731e-06,Canada,CAN,,gcp,northamerica-northeast2,Linux-6.8.0-1032-gcp-x86_64-with-glibc2.35,3.10.12,3.0.4,2,Intel(R) Xeon(R) CPU @ 2.60GHz,,,,,15.61648178100586,machine,Y,1.0
2025-08-08T11:41:19,scikit-learn-benchmark,02db6690-b86b-4e29-abbe-fc9f8ae690cc,scikit-learn_SCL001_d880725b,1.0024262918159366,7.066156517505578e-08,7.049053456793261e-08,0.8000576,0.0,10.0,1.1143214319714492e-07,0.0,1.3920054137189355e-06,1.5034375569160805e-06,Canada,CAN,,gcp,northamerica-northeast2,Linux-6.8.0-1032-gcp-x86_64-with-glibc2.35,3.10.12,3.0.4,2,Intel(R) Xeon(R) CPU @ 2.60GHz,,,,,15.61648178100586,machine,Y,1.0
2025-08-08T11:41:22,scikit-learn-benchmark,c4008d58-d184-4f33-8e1c-fa1eb8ec908e,scikit-learn_SCL001_d880725b,1.0024427701719103,7.066088000359015e-08,7.048869232851308e-08,0.8,0.0,10.0,1.1142473626467916e-07,0.0,1.391998242535111e-06,1.5034229787997903e-06,Canada,CAN,,gcp,northamerica-northeast2,Linux-6.8.0-1032-gcp-x86_64-with-glibc2.35,3.10.12,3.0.4,2,Intel(R) Xeon(R) CPU @ 2.60GHz,,,,,15.61648178100586,machine,Y,1.0
2025-08-08T11:41:24,scikit-learn-benchmark,d77d6712-a360-4c53-a994-c9aaa29eeae3,scikit-learn_SCL001_d880725b,1.0026309438981116,7.067846574163477e-08,7.049300260656748e-08,0.8,0.0,10.0,1.1146844437138905e-07,0.0,1.3923286990676487e-06,1.5037971434390375e-06,Canada,CAN,,gcp,northamerica-northeast2,Linux-6.8.0-1032-gcp-x86_64-with-glibc2.35,3.10.12,3.0.4,2,Intel(R) Xeon(R) CPU @ 2.60GHz,,,,,15.61648178100586,machine,Y,1.0
2025-08-08T11:41:26,scikit-learn-benchmark,e8168f7e-3f6b-4211-8838-e594a78b7a4f,scikit-learn_SCL001_d880725b,1.002473325934261,7.06606710912246e-08,7.048633540984439e-08,0.8,0.0,10.0,1.1143461169881957e-07,0.0,1.3919839221570226e-06,1.5034185338558422e-06,Canada,CAN,,gcp,northamerica-northeast2,Linux-6.8.0-1032-gcp-x86_64-with-glibc2.35,3.10.12,3.0.4,2,Intel(R) Xeon(R) CPU @ 2.60GHz,,,,,15.61648178100586,machine,Y,1.0
2025-08-08T11:41:28,scikit-learn-benchmark,9be907ec-6a6c-48bc-9ff9-01309360f55f,scikit-learn_SCL001_d880725b,1.0024958411231637,7.066558698942473e-08,7.048965600720428e-08,0.8,0.0,10.0,1.11440879603227e-07,0.0,1.3920822478313413e-06,1.5035231274345684e-06,Canada,CAN,,gcp,northamerica-northeast2,Linux-6.8.0-1032-gcp-x86_64-with-glibc2.35,3.10.12,3.0.4,2,Intel(R) Xeon(R) CPU @ 2.60GHz,,,,,15.61648178100586,machine,Y,1.0
2025-08-08T11:41:30,scikit-learn-benchmark,383187c6-c2e9-4766-aad4-0803548cb856,scikit-learn_SCL001_d880725b,1.0024859681725502,7.06608335491684e-08,7.048560856964143e-08,0.8,0.0,10.0,1.1143354357530672e-07,0.0,1.391988446832531e-06,1.503421990407838e-06,Canada,CAN,,gcp,northamerica-northeast2,Linux-6.8.0-1032-gcp-x86_64-with-glibc2.35,3.10.12,3.0.4,2,Intel(R) Xeon(R) CPU @ 2.60GHz,,,,,15.61648178100586,machine,Y,1.0
2025-08-08T11:41:32,scikit-learn-benchmark,2997e913-6f8c-427d-bb8d-75566231596f,scikit-learn_SCL001_d880725b,1.002499447669834,7.066232312067102e-08,7.048614668558218e-08,0.8,0.0,10.0,1.1143562570214273e-07,0.0,1.3920180577163897e-06,1.5034536834185324e-06,Canada,CAN,,gcp,northamerica-northeast2,Linux-6.8.0-1032-gcp-x86_64-with-glibc2.35,3.10.12,3.0.4,2,Intel(R) Xeon(R) CPU @ 2.60GHz,,,,,15.61648178100586,machine,Y,1.0
2025-08-08T11:41:34,scikit-learn-benchmark,ac4e1aa5-5096-4270-b42b-1602a250d943,scikit-learn_SCL001_d880725b,1.0024563763290644,7.066903557426608e-08,7.049587118499048e-08,0.8,0.0,10.0,1.11438169868456e-07,0.0,1.392158331711673e-06,1.503596501580129e-06,Canada,CAN,,gcp,northamerica-northeast2,Linux-6.8.0-1032-gcp-x86_64-with-glibc2.35,3.10.12,3.0.4,2,Intel(R) Xeon(R) CPU @ 2.60GHz,,,,,15.61648178100586,machine,Y,1.0
2025-08-08T11:41:36,scikit-learn-benchmark,353369a0-de71-482c-ab51-6f3d56bfc2ac,scikit-learn_SCL001_d880725b,1.0023523727431891,7.066065660993464e-08,7.049482650153657e-08,0.8,0.0,10.0,1.1142354551702741e-07,0.0,1.391994680226263e-06,1.5034182257432905e-06,Canada,CAN,,gcp,northamerica-northeast2,Linux-6.8.0-1032-gcp-x86_64-with-glibc2.35,3.10.12,3.0.4,2,Intel(R) Xeon(R) CPU @ 2.60GHz,,,,,15.61648178100586,machine,Y,1.0
2025-08-08T11:41:39,scikit-learn-benchmark,23dd6e69-c688-46b8-a448-4b7ff07e9296,scikit-learn_SCL001_d880725b,1.0025096256285906,7.066207518056035e-08,7.048518375696796e-08,0.8,0.0,10.0,1.1142651643604041e-07,0.0,1.3920218916609884e-06,1.5034484080970288e-06,Canada,CAN,,gcp,northamerica-northeast2,Linux-6.8.0-1032-gcp-x86_64-with-glibc2.35,3.10.12,3.0.4,2,Intel(R) Xeon(R) CPU @ 2.60GHz,,,,,15.61648178100586,machine,Y,1.0
2025-08-08T11:41:41,scikit-learn-benchmark,458ef98a-a585-4e2d-95bd-d488984eb5aa,scikit-learn_SCL001_d880725b,1.0024114320985973,7.06566159709029e-08,7.048664221933285e-08,0.8000072,0.0,10.0,1.1142233258911025e-07,0.0,1.3919099221109515e-06,1.5033322547000617e-06,Canada,CAN,,gcp,northamerica-northeast2,Linux-6.8.0-1032-gcp-x86_64-with-glibc2.35,3.10.12,3.0.4,2,Intel(R) Xeon(R) CPU @ 2.60GHz,,,,,15.61648178100586,machine,Y,1.0
2025-08-08T11:41:43,scikit-learn-benchmark,64f52d48-702a-40a8-a481-46bb09fc2567,scikit-learn_SCL001_d880725b,1.002404955215752,7.066020814225906e-08,7.049068121081918e-08,0.8,0.0,10.0,1.114240942729844e-07,0.0,1.391984589604868e-06,1.5034086838778524e-06,Canada,CAN,,gcp,northamerica-northeast2,Linux-6.8.0-1032-gcp-x86_64-with-glibc2.35,3.10.12,3.0.4,2,Intel(R) Xeon(R) CPU @ 2.60GHz,,,,,15.61648178100586,machine,Y,1.0
2025-08-08T11:41:45,scikit-learn-benchmark,f39d9e4d-7e84-4fea-89fa-630c1a49675d,scikit-learn_SCL001_d880725b,1.0024307831190526,7.066365819698842e-08,7.049230668786847e-08,0.8009000000000002,0.0,10.0,1.1155377744633657e-07,0.0,1.3919283118512896e-06,1.503482089297626e-06,Canada,CAN,,gcp,northamerica-northeast2,Linux-6.8.0-1032-gcp-x86_64-with-glibc2.35,3.10.12,3.0.4,2,Intel(R) Xeon(R) CPU @ 2.60GHz,,,,,15.61648178100586,machine,Y,1.0
2025-08-08T11:41:47,scikit-learn-benchmark,11b21040-9b60-4f66-a55c-8b2f2a5eb4cc,scikit-learn_SCL001_d880725b,1.002350430004299,7.06543743467062e-08,7.048869560160034e-08,0.8,0.0,10.0,1.1141758018897641e-07,0.0,1.3918669803792404e-06,1.5032845605682168e-06,Canada,CAN,,gcp,northamerica-northeast2,Linux-6.8.0-1032-gcp-x86_64-with-glibc2.35,3.10.12,3.0.4,2,Intel(R) Xeon(R) CPU @ 2.60GHz,,,,,15.61648178100586,machine,Y,1.0
2025-08-08T11:41:49,scikit-learn-benchmark,1fdd7ee2-fc5d-4f9f-964b-fbbe3997c443,scikit-learn_SCL001_d880725b,1.0023688753135502,7.066001312755463e-08,7.04930239433577e-08,0.8,0.0,10.0,1.1142370911935964e-07,0.0,1.391980825509462e-06,1.5034045346288218e-06,Canada,CAN,,gcp,northamerica-northeast2,Linux-6.8.0-1032-gcp-x86_64-with-glibc2.35,3.10.12,3.0.4,2,Intel(R) Xeon(R) CPU @ 2.60GHz,,,,,15.61648178100586,machine,Y,1.0
2025-08-08T11:41:51,scikit-learn-benchmark,d41ab6ff-51cd-4e4e-a8a5-2d808810e331,scikit-learn_SCL001_d880725b,1.0023965779691937,7.066180298337715e-08,7.049286134489255e-08,0.8,0.0,10.0,1.1142564937472345e-07,0.0,1.392016967292875e-06,1.5034426166675984e-06,Canada,CAN,,gcp,northamerica-northeast2,Linux-6.8.0-1032-gcp-x86_64-with-glibc2.35,3.10.12,3.0.4,2,Intel(R) Xeon(R) CPU @ 2.60GHz,,,,,15.61648178100586,machine,Y,1.0
2025-08-08T11:41:53,scikit-learn-benchmark,2eadb159-3a1e-4cec-a473-917407e99224,scikit-learn_SCL001_d880725b,1.0024169399403036,7.065825112541725e-08,7.04878861381025e-08,0.8,0.0,10.0,1.1142884712252353e-07,0.0,1.3919381980991198e-06,1.5033670452216434e-06,Canada,CAN,,gcp,northamerica-northeast2,Linux-6.8.0-1032-gcp-x86_64-with-glibc2.35,3.10.12,3.0.4,2,Intel(R) Xeon(R) CPU @ 2.60GHz,,,,,15.61648178100586,machine,Y,1.0
2025-08-08T11:41:56,scikit-learn-benchmark,c2f9cbc4-1942-4e79-84c5-1061444fca23,scikit-learn_SCL001_d880725b,1.0024126707576215,7.066639124452034e-08,7.049630686642342e-08,0.8,0.0,10.0,1.114347057623996e-07,0.0,1.392105533482714e-06,1.5035402392451136e-06,Canada,CAN,,gcp,northamerica-northeast2,Linux-6.8.0-1032-gcp-x86_64-with-glibc2.35,3.10.12,3.0.4,2,Intel(R) Xeon(R) CPU @ 2.60GHz,,,,,15.61648178100586,machine,Y,1.0
2025-08-08T11:41:58,scikit-learn-benchmark,03b4519a-fe79-4134-a923-8b35b44c7d54,scikit-learn_SCL001_d880725b,1.0026432829909029,7.06777426693071e-08,7.04914139139038e-08,0.8,0.0,10.0,1.114634027083715e-07,0.0,1.3923183562130562e-06,1.5037817589214276e-06,Canada,CAN,,gcp,northamerica-northeast2,Linux-6.8.0-1032-gcp-x86_64-with-glibc2.35,3.10.12,3.0.4,2,Intel(R) Xeon(R) CPU @ 2.60GHz,,,,,15.61648178100586,machine,Y,1.0
2025-08-08T11:42:00,scikit-learn-benchmark,52ac6e18-5d16-4248-a024-f8fd0641461d,scikit-learn_SCL001_d880725b,1.0025140987709165,7.066442435462443e-08,7.048721254021178e-08,0.8,0.0,10.0,1.1143724620342257e-07,0.0,1.3920611443205014e-06,1.503498390523924e-06,Canada,CAN,,gcp,northamerica-northeast2,Linux-6.8.0-1032-gcp-x86_64-with-glibc2.35,3.10.12,3.0.4,2,Intel(R) Xeon(R) CPU @ 2.60GHz,,,,,15.61648178100586,machine,Y,1.0
2025-08-08T11:42:02,scikit-learn-benchmark,3bdd862d-3fd2-40b1-8c52-f14803864dfb,scikit-learn_SCL001_d880725b,1.0024614967405796,7.066900775181254e-08,7.049548334932257e-08,0.8009550872000001,0.0,10.0,1.1156429339216077e-07,0.0,1.3920316162208716e-06,1.5035959096130322e-06,Canada,CAN,,gcp,northamerica-northeast2,Linux-6.8.0-1032-gcp-x86_64-with-glibc2.35,3.10.12,3.0.4,2,Intel(R) Xeon(R) CPU @ 2.60GHz,,,,,15.61648178100586,machine,Y,1.0
2025-08-08T11:42:04,scikit-learn-benchmark,3e6ad6f0-ae94-4b0f-8c0a-73e961ce0605,scikit-learn_SCL001_d880725b,1.0024736253544688,7.066761085608354e-08,7.049323699772739e-08,0.8,0.0,10.0,1.1143585977454981e-07,0.0,1.3921303286527597e-06,1.5035661884273091e-06,Canada,CAN,,gcp,northamerica-northeast2,Linux-6.8.0-1032-gcp-x86_64-with-glibc2.35,3.10.12,3.0.4,2,Intel(R) Xeon(R) CPU @ 2.60GHz,,,,,15.61648178100586,machine,Y,1.0
2025-08-08T11:42:06,scikit-learn-benchmark,8834bf07-3ab6-492f-9154-a1a60f6f2a9c,scikit-learn_SCL001_d880725b,1.0024537066929042,7.06695782128825e-08,7.049660023306363e-08,0.8,0.0,10.0,1.1143495908213988e-07,0.0,1.3921730880004665e-06,1.5036080470826064e-06,Canada,CAN,,gcp,northamerica-northeast2,Linux-6.8.0-1032-gcp-x86_64-with-glibc2.35,3.10.12,3.0.4,2,Intel(R) Xeon(R) CPU @ 2.60GHz,,,,,15.61648178100586,machine,Y,1.0
2025-08-08T11:42:08,scikit-learn-benchmark,3c0d9bc6-473c-4575-a853-7991661ed879,scikit-learn_SCL001_d880725b,1.0024173017591238,7.066223842640306e-08,7.049183838147962e-08,0.8,0.0,10.0,1.1142754244307678e-07,0.0,1.392024338969754e-06,1.5034518814128309e-06,Canada,CAN,,gcp,northamerica-northeast2,Linux-6.8.0-1032-gcp-x86_64-with-glibc2.35,3.10.12,3.0.4,2,Intel(R) Xeon(R) CPU @ 2.60GHz,,,,,15.61648178100586,machine,Y,1.0
2025-08-08T11:42:10,scikit-learn-benchmark,7fd6ea4c-25dd-45e1-8145-609ffe634bbb,scikit-learn_SCL001_d880725b,1.0024087340570986,7.066136434741527e-08,7.049156890465628e-08,0.8,0.0,10.0,1.114250556048421e-07,0.0,1.3920082283827166e-06,1.5034332839875585e-06,Canada,CAN,,gcp,northamerica-northeast2,Linux-6.8.0-1032-gcp-x86_64-with-glibc2.35,3.10.12,3.0.4,2,Intel(R) Xeon(R) CPU @ 2.60GHz,,,,,15.61648178100586,machine,Y,1.0
2025-08-08T11:42:13,scikit-learn-benchmark,1d5fff36-c5d1-47f6-a67e-100f4c9bb7f3,scikit-learn_SCL001_d880725b,1.002455614041537,7.066834855074479e-08,7.049523945088767e-08,0.8,0.0,10.0,1.114352844241593e-07,0.0,1.39214659963424e-06,1.5035818840583991e-06,Canada,CAN,,gcp,northamerica-northeast2,Linux-6.8.0-1032-gcp-x86_64-with-glibc2.35,3.10.12,3.0.4,2,Intel(R) Xeon(R) CPU @ 2.60GHz,,,,,15.61648178100586,machine,Y,1.0
2025-08-08T11:42:15,scikit-learn-benchmark,adc03678-29ac-46b3-849e-9fe2367c6152,scikit-learn_SCL001_d880725b,1.0024401298724115,7.066502175707785e-08,7.049300965841418e-08,0.8,0.0,10.0,1.1143233420120349e-07,0.0,1.3920787670132187e-06,1.5035111012144222e-06,Canada,CAN,,gcp,northamerica-northeast2,Linux-6.8.0-1032-gcp-x86_64-with-glibc2.35,3.10.12,3.0.4,2,Intel(R) Xeon(R) CPU @ 2.60GHz,,,,,15.61648178100586,machine,Y,1.0
2025-08-08T11:42:17,scikit-learn-benchmark,21f162bf-285c-4f8e-98e1-c986e7b25797,scikit-learn_SCL001_d880725b,1.002453563734889,7.066466189155148e-08,7.049170599810407e-08,0.8,0.0,10.0,1.1143168310324353e-07,0.0,1.392071761397852e-06,1.5035034445010957e-06,Canada,CAN,,gcp,northamerica-northeast2,Linux-6.8.0-1032-gcp-x86_64-with-glibc2.35,3.10.12,3.0.4,2,Intel(R) Xeon(R) CPU @ 2.60GHz,,,,,15.61648178100586,machine,Y,1.0
2025-08-08T11:42:19,scikit-learn-benchmark,1ca5f86a-05cc-4a5c-9808-4ef9b62c303b,scikit-learn_SCL001_d880725b,1.002634680364281,7.068605884490536e-08,7.05003130544252e-08,0.8,0.0,10.0,1.1146766247434748e-07,0.0,1.392491036353426e-06,1.5039586988277731e-06,Canada,CAN,,gcp,northamerica-northeast2,Linux-6.8.0-1032-gcp-x86_64-with-glibc2.35,3.10.12,3.0.4,2,Intel(R) Xeon(R) CPU @ 2.60GHz,,,,,15.61648178100586,machine,Y,1.0
2025-08-08T11:42:21,scikit-learn-benchmark,d87ab469-dd5b-48b5-9932-fd844bcaa8f7,scikit-learn_SCL001_d880725b,1.0024895132519305,7.066954065393656e-08,7.049404479523664e-08,0.8,0.0,10.0,1.1144120825661553e-07,0.0,1.3921660396994816e-06,1.5036072479560971e-06,Canada,CAN,,gcp,northamerica-northeast2,Linux-6.8.0-1032-gcp-x86_64-with-glibc2.35,3.10.12,3.0.4,2,Intel(R) Xeon(R) CPU @ 2.60GHz,,,,,15.61648178100586,machine,Y,1.0
2025-08-08T11:42:23,scikit-learn-benchmark,b4b4259e-feb4-41ed-8b2d-86db168d81aa,scikit-learn_SCL001_d880725b,1.0018176031298935,7.065064625289185e-08,7.0522464400869e-08,0.8001944000000001,0.0,10.0,1.1143557578551936e-07,0.0,1.391769663637711e-06,1.5032052394232303e-06,Canada,CAN,,gcp,northamerica-northeast2,Linux-6.8.0-1032-gcp-x86_64-with-glibc2.35,3.10.12,3.0.4,2,Intel(R) Xeon(R) CPU @ 2.60GHz,,,,,15.61648178100586,machine,Y,1.0
2025-08-08T11:42:25,scikit-learn-benchmark,eff9b593-fff1-4cfd-adc4-bfe3904aab0b,scikit-learn_SCL001_d880725b,1.0024829297326503,7.068772389993372e-08,7.051264595476479e-08,0.8036864,0.0,10.0,1.1195273430311017e-07,0.0,1.3920413912273943e-06,1.5039941255305045e-06,Canada,CAN,,gcp,northamerica-northeast2,Linux-6.8.0-1032-gcp-x86_64-with-glibc2.35,3.10.12,3.0.4,2,Intel(R) Xeon(R) CPU @ 2.60GHz,,,,,15.61648178100586,machine,Y,1.0
2025-08-08T11:42:28,scikit-learn-benchmark,4daa8a5e-2a2f-4b4d-add3-7b9a71281ae4,scikit-learn_SCL001_d880725b,1.0023518921807408,7.066137879499514e-08,7.049558078975893e-08,0.8000576,0.0,10.0,1.114312380934002e-07,0.0,1.3920023532894751e-06,1.5034335913828753e-06,Canada,CAN,,gcp,northamerica-northeast2,Linux-6.8.0-1032-gcp-x86_64-with-glibc2.35,3.10.12,3.0.4,2,Intel(R) Xeon(R) CPU @ 2.60GHz,,,,,15.61648178100586,machine,Y,1.0
2025-08-08T11:42:30,scikit-learn-benchmark,97fe8e89-95d5-4ca0-9e64-2c5b98a47c26,scikit-learn_SCL001_d880725b,1.002477183006704,7.067080346877945e-08,7.049617155057668e-08,0.8015552000000002,0.0,10.0,1.1163932488943889e-07,0.0,1.3919947914675705e-06,1.5036341163570091e-06,Canada,CAN,,gcp,northamerica-northeast2,Linux-6.8.0-1032-gcp-x86_64-with-glibc2.35,3.10.12,3.0.4,2,Intel(R) Xeon(R) CPU @ 2.60GHz,,,,,15.61648178100586,machine,Y,1.0
2025-08-08T11:42:32,scikit-learn-benchmark,d47cc0a9-2d99-485a-96f1-ca775bf70fc4,scikit-learn_SCL001_d880725b,1.0024649249389768,7.067057018562286e-08,7.049680086305746e-08,0.8004608000000001,0.0,10.0,1.1150053553806413e-07,0.0,1.3921286173475286e-06,1.5036291528855928e-06,Canada,CAN,,gcp,northamerica-northeast2,Linux-6.8.0-1032-gcp-x86_64-with-glibc2.35,3.10.12,3.0.4,2,Intel(R) Xeon(R) CPU @ 2.60GHz,,,,,15.61648178100586,machine,Y,1.0
2025-08-08T11:42:34,scikit-learn-benchmark,57b78cef-2d8d-4016-8f6b-8d34800976df,scikit-learn_SCL001_d880725b,1.0023942408151925,7.067900361669727e-08,7.05101852532771e-08,0.8024696,0.0,10.0,1.1177191764996117e-07,0.0,1.3920366699393425e-06,1.5038085875893035e-06,Canada,CAN,,gcp,northamerica-northeast2,Linux-6.8.0-1032-gcp-x86_64-with-glibc2.35,3.10.12,3.0.4,2,Intel(R) Xeon(R) CPU @ 2.60GHz,,,,,15.61648178100586,machine,Y,1.0
2025-08-08T11:42:36,scikit-learn-benchmark,bb6644c4-f6db-44e7-98ed-a9596a015090,scikit-learn_SCL001_d880725b,1.002138995565474,7.06329817526836e-08,7.048222059538532e-08,0.8000072,0.0,10.0,1.1136674713578265e-07,0.0,1.3914626518574854e-06,1.502829398993268e-06,Canada,CAN,,gcp,northamerica-northeast2,Linux-6.8.0-1032-gcp-x86_64-with-glibc2.35,3.10.12,3.0.4,2,Intel(R) Xeon(R) CPU @ 2.60GHz,,,,,15.61648178100586,machine,Y,1.0
2025-08-08T11:42:38,scikit-learn-benchmark,1996c1eb-e057-4335-8b21-9af16d62fa1c,scikit-learn_SCL001_d880725b,1.0024887891486287,7.066485584356511e-08,7.048942253367022e-08,0.8,0.0,10.0,1.1143673977090253e-07,0.0,1.3920708313687807e-06,1.5035075711396833e-06,Canada,CAN,,gcp,northamerica-northeast2,Linux-6.8.0-1032-gcp-x86_64-with-glibc2.35,3.10.12,3.0.4,2,Intel(R) Xeon(R) CPU @ 2.60GHz,,,,,15.61648178100586,machine,Y,1.0
2025-08-08T11:42:40,scikit-learn-benchmark,3985363b-bd4d-4d9d-bc59-0a5f5090790e,scikit-learn_SCL001_d880725b,1.0024570981040597,7.066015553730977e-08,7.048696215623476e-08,0.8000072,0.0,10.0,1.1143075026873893e-07,0.0,1.3919768143548733e-06,1.503407564623612e-06,Canada,CAN,,gcp,northamerica-northeast2,Linux-6.8.0-1032-gcp-x86_64-with-glibc2.35,3.10.12,3.0.4,2,Intel(R) Xeon(R) CPU @ 2.60GHz,,,,,15.61648178100586,machine,Y,1.0
2025-08-08T11:42:42,scikit-learn-benchmark,6a4a520c-b3c3-4022-96cf-46677c2e97e6,scikit-learn_SCL001_d880725b,1.0023050364106894,7.065275982020825e-08,7.049027716474394e-08,0.8000072,0.0,10.0,1.1140312264635745e-07,0.0,1.3918470862942437e-06,1.5032502089406012e-06,Canada,CAN,,gcp,northamerica-northeast2,Linux-6.8.0-1032-gcp-x86_64-with-glibc2.35,3.10.12,3.0.4,2,Intel(R) Xeon(R) CPU @ 2.60GHz,,,,,15.61648178100586,machine,Y,1.0
2025-08-08T11:42:45,scikit-learn-benchmark,4cca6147-f916-4eb7-b996-07127b5f9992,scikit-learn_SCL001_d880725b,1.0023939199745655,7.065888973268349e-08,7.049014197380245e-08,0.8000072,0.0,10.0,1.1142773772353825e-07,0.0,1.3919528948867486e-06,1.503380632610287e-06,Canada,CAN,,gcp,northamerica-northeast2,Linux-6.8.0-1032-gcp-x86_64-with-glibc2.35,3.10.12,3.0.4,2,Intel(R) Xeon(R) CPU @ 2.60GHz,,,,,15.61648178100586,machine,Y,1.0
2025-08-08T11:42:47,scikit-learn-benchmark,f974752d-f6de-4b45-b182-e6aec0009b6c,scikit-learn_SCL001_d880725b,1.0022267051972449,7.067002734219316e-08,7.051301564378573e-08,0.8009000000000002,0.0,10.0,1.115554640006352e-07,0.0,1.3920621390247511e-06,1.5036176030253863e-06,Canada,CAN,,gcp,northamerica-northeast2,Linux-6.8.0-1032-gcp-x86_64-with-glibc2.35,3.10.12,3.0.4,2,Intel(R) Xeon(R) CPU @ 2.60GHz,,,,,15.61648178100586,machine,Y,1.0
2025-08-08T11:42:49,scikit-learn-benchmark,3b08c645-76a8-49ea-bb0d-b3d5306b48ed,scikit-learn_SCL001_d880725b,1.0023450669832528,7.065991393286404e-08,7.049459937537121e-08,0.8000576,0.0,10.0,1.1142979681969189e-07,0.0,1.3919726272837985e-06,1.50340242410349e-06,Canada,CAN,,gcp,northamerica-northeast2,Linux-6.8.0-1032-gcp-x86_64-with-glibc2.35,3.10.12,3.0.4,2,Intel(R) Xeon(R) CPU @ 2.60GHz,,,,,15.61648178100586,machine,Y,1.0
2025-08-08T11:42:51,scikit-learn-benchmark,d0064320-5f16-4995-beb5-0f4767c89952,scikit-learn_SCL001_d880725b,1.0023735128343103,7.065898132116147e-08,7.049166844140383e-08,0.8000072,0.0,10.0,1.1142221255089808e-07,0.0,1.3919603687504098e-06,1.503382581301308e-06,Canada,CAN,,gcp,northamerica-northeast2,Linux-6.8.0-1032-gcp-x86_64-with-glibc2.35,3.10.12,3.0.4,2,Intel(R) Xeon(R) CPU @ 2.60GHz,,,,,15.61648178100586,machine,Y,1.0
2025-08-08T11:42:53,scikit-learn-benchmark,d3bdfb40-fe4a-4ed3-8589-439832452925,scikit-learn_SCL001_d880725b,1.002360218204558,7.06597586605284e-08,7.04933789043376e-08,0.8,0.0,10.0,1.1142164510157373e-07,0.0,1.391977475335201e-06,1.5033991204367743e-06,Canada,CAN,,gcp,northamerica-northeast2,Linux-6.8.0-1032-gcp-x86_64-with-glibc2.35,3.10.12,3.0.4,2,Intel(R) Xeon(R) CPU @ 2.60GHz,,,,,15.61648178100586,machine,Y,1.0
2025-08-08T11:42:55,scikit-learn-benchmark,d6b54e9b-cbd4-4116-9846-fdca07cf5fcf,scikit-learn_SCL001_d880725b,1.0023884661495686,7.066350552992768e-08,7.049513029750266e-08,0.8000576,0.0,10.0,1.1143592350067697e-07,0.0,1.392042917561614e-06,1.503478841062291e-06,Canada,CAN,,gcp,northamerica-northeast2,Linux-6.8.0-1032-gcp-x86_64-with-glibc2.35,3.10.12,3.0.4,2,Intel(R) Xeon(R) CPU @ 2.60GHz,,,,,15.61648178100586,machine,Y,1.0
2025-08-08T11:42:57,scikit-learn-benchmark,5dfe0beb-b894-4690-8e7e-7c165c5827db,scikit-learn_SCL001_d880725b,1.002475064713508,7.066953517239454e-08,7.049505534842484e-08,0.8004608000000001,0.0,10.0,1.1149986843054829e-07,0.0,1.3921072628969948e-06,1.503607131327543e-06,Canada,CAN,,gcp,northamerica-northeast2,Linux-6.8.0-1032-gcp-x86_64-with-glibc2.35,3.10.12,3.0.4,2,Intel(R) Xeon(R) CPU @ 2.60GHz,,,,,15.61648178100586,machine,Y,1.0
2025-08-08T11:42:59,scikit-learn-benchmark,a2f80dfd-5ca3-4dd1-8cc7-ef37028880b9,scikit-learn_SCL001_d880725b,1.0022287447936833,7.064350941824769e-08,7.0486413191821e-08,0.8001944000000001,0.0,10.0,1.1140914764011806e-07,0.0,1.3916442442374925e-06,1.5030533918776105e-06,Canada,CAN,,gcp,northamerica-northeast2,Linux-6.8.0-1032-gcp-x86_64-with-glibc2.35,3.10.12,3.0.4,2,Intel(R) Xeon(R) CPU @ 2.60GHz,,,,,15.61648178100586,machine,Y,1.0
2025-08-08T11:43:02,scikit-learn-benchmark,fc134a5d-2ad1-4204-9706-5db1d45bc08f,scikit-learn_SCL001_d880725b,1.0024837600067258,7.066648297881087e-08,7.049139926050948e-08,0.8,0.0,10.0,1.114347237679695e-07,0.0,1.3921074672705598e-06,1.5035421910385291e-06,Canada,CAN,,gcp,northamerica-northeast2,Linux-6.8.0-1032-gcp-x86_64-with-glibc2.35,3.10.12,3.0.4,2,Intel(R) Xeon(R) CPU @ 2.60GHz,,,,,15.61648178100586,machine,Y,1.0
2025-08-08T11:43:04,scikit-learn-benchmark,8b368a49-7c69-41b8-9e0a-05d7b8c4a5b7,scikit-learn_SCL001_d880725b,1.0024592643603685,7.066749173401313e-08,7.049412803731574e-08,0.8000072,0.0,10.0,1.1143541427068794e-07,0.0,1.3921282396444843e-06,1.5035636539151726e-06,Canada,CAN,,gcp,northamerica-northeast2,Linux-6.8.0-1032-gcp-x86_64-with-glibc2.35,3.10.12,3.0.4,2,Intel(R) Xeon(R) CPU @ 2.60GHz,,,,,15.61648178100586,machine,Y,1.0
2025-08-08T11:43:06,scikit-learn-benchmark,ad23bb90-44f2-495b-af55-9902ba7c4fae,scikit-learn_SCL001_d880725b,1.0025336132384837,7.067804819412737e-08,7.049942990521398e-08,0.8,0.0,10.0,1.114548235717747e-07,0.0,1.3923334358777437e-06,1.5037882594495185e-06,Canada,CAN,,gcp,northamerica-northeast2,Linux-6.8.0-1032-gcp-x86_64-with-glibc2.35,3.10.12,3.0.4,2,Intel(R) Xeon(R) CPU @ 2.60GHz,,,,,15.61648178100586,machine,Y,1.0
2025-08-08T11:43:08,scikit-learn-benchmark,d43240f7-61b3-4070-af05-2d3702629fc6,scikit-learn_SCL001_d880725b,1.0024226000532508,7.06583984771019e-08,7.048763512848611e-08,0.8,0.0,10.0,1.1142555355197856e-07,0.0,1.391944626811892e-06,1.5033701803638704e-06,Canada,CAN,,gcp,northamerica-northeast2,Linux-6.8.0-1032-gcp-x86_64-with-glibc2.35,3.10.12,3.0.4,2,Intel(R) Xeon(R) CPU @ 2.60GHz,,,,,15.61648178100586,machine,Y,1.0
2025-08-08T11:43:10,scikit-learn-benchmark,1d3b3ea0-5e80-4026-a870-fb04803b0f74,scikit-learn_SCL001_d880725b,1.0024026120081544,7.0662333450901e-08,7.049296620380931e-08,0.8,0.0,10.0,1.1142748687416317e-07,0.0,1.3920264163364966e-06,1.5034539032106597e-06,Canada,CAN,,gcp,northamerica-northeast2,Linux-6.8.0-1032-gcp-x86_64-with-glibc2.35,3.10.12,3.0.4,2,Intel(R) Xeon(R) CPU @ 2.60GHz,,,,,15.61648178100586,machine,Y,1.0
2025-08-08T11:43:12,scikit-learn-benchmark,5ee8faa3-b76f-4e12-8e5b-9c6098b5f25d,scikit-learn_SCL001_d880725b,1.002410674933344,7.066199773373406e-08,7.049206428137127e-08,0.8001944000000001,0.0,10.0,1.114483651236807e-07,0.0,1.3919983951685328e-06,1.5034467602922135e-06,Canada,CAN,,gcp,northamerica-northeast2,Linux-6.8.0-1032-gcp-x86_64-with-glibc2.35,3.10.12,3.0.4,2,Intel(R) Xeon(R) CPU @ 2.60GHz,,,,,15.61648178100586,machine,Y,1.0
2025-08-08T11:43:14,scikit-learn-benchmark,c533e286-9169-4dcb-b5f9-e55f88a9789e,scikit-learn_SCL001_d880725b,1.0025722701102495,7.06683780199137e-08,7.04870662462493e-08,0.8001944000000001,0.0,10.0,1.1147201052554865e-07,0.0,1.392110500536445e-06,1.5035825110619936e-06,Canada,CAN,,gcp,northamerica-northeast2,Linux-6.8.0-1032-gcp-x86_64-with-glibc2.35,3.10.12,3.0.4,2,Intel(R) Xeon(R) CPU @ 2.60GHz,,,,,15.61648178100586,machine,Y,1.0
2025-08-08T11:43:17,scikit-learn-benchmark,919884d6-3f03-4a52-8a1a-e7c5a828585e,scikit-learn_SCL001_d880725b,1.0023954939097166,7.067522558622753e-08,7.050632810665158e-08,0.8025769592,0.0,10.0,1.11778320351864e-07,0.0,1.391949883610424e-06,1.503728203962288e-06,Canada,CAN,,gcp,northamerica-northeast2,Linux-6.8.0-1032-gcp-x86_64-with-glibc2.35,3.10.12,3.0.4,2,Intel(R) Xeon(R) CPU @ 2.60GHz,,,,,15.61648178100586,machine,Y,1.0
2025-08-08T11:43:19,scikit-learn-benchmark,e1ab29ee-617b-4bf0-9f67-69f268546e0e,scikit-learn_SCL001_d880725b,1.002447267062962,7.066781447800657e-08,7.049529366771974e-08,0.8001944000000001,0.0,10.0,1.1146181824217605e-07,0.0,1.3921087025664749e-06,1.5035705208086506e-06,Canada,CAN,,gcp,northamerica-northeast2,Linux-6.8.0-1032-gcp-x86_64-with-glibc2.35,3.10.12,3.0.4,2,Intel(R) Xeon(R) CPU @ 2.60GHz,,,,,15.61648178100586,machine,Y,1.0
2025-08-08T11:43:21,scikit-learn-benchmark,c46ccabc-1c9c-4f02-9be3-19466ebf465a,scikit-learn_SCL001_d880725b,1.0022907829843462,7.06495855142259e-08,7.04881125454082e-08,0.8,0.0,10.0,1.1139495991584329e-07,0.0,1.3917877105996011e-06,1.5031826705154446e-06,Canada,CAN,,gcp,northamerica-northeast2,Linux-6.8.0-1032-gcp-x86_64-with-glibc2.35,3.10.12,3.0.4,2,Intel(R) Xeon(R) CPU @ 2.60GHz,,,,,15.61648178100586,machine,Y,1.0
2025-08-08T11:43:23,scikit-learn-benchmark,6dc14051-1282-4af3-af71-d173f4098965,scikit-learn_SCL001_d880725b,1.0024369820021093,7.066162130459109e-08,7.048983883601613e-08,0.8,0.0,10.0,1.114271286254128e-07,0.0,1.3920116225360998e-06,1.5034387511615126e-06,Canada,CAN,,gcp,northamerica-northeast2,Linux-6.8.0-1032-gcp-x86_64-with-glibc2.35,3.10.12,3.0.4,2,Intel(R) Xeon(R) CPU @ 2.60GHz,,,,,15.61648178100586,machine,Y,1.0
2025-08-08T11:43:25,scikit-learn-benchmark,c38d664b-2c95-495b-86a9-d8a9ade17545,scikit-learn_SCL001_d880725b,1.0023812791332605,7.066217738126093e-08,7.049431075005827e-08,0.8,0.0,10.0,1.1142626042581269e-07,0.0,1.3920243221542071e-06,1.50345058258002e-06,Canada,CAN,,gcp,northamerica-northeast2,Linux-6.8.0-1032-gcp-x86_64-with-glibc2.35,3.10.12,3.0.4,2,Intel(R) Xeon(R) CPU @ 2.60GHz,,,,,15.61648178100586,machine,Y,1.0
2025-08-08T11:43:27,scikit-learn-benchmark,46d7a6b2-e316-456b-bb6d-e9f786f491e1,scikit-learn_SCL001_d880725b,1.0024111378006637,7.066584988988728e-08,7.049587462179584e-08,0.8,0.0,10.0,1.1143011040985585e-07,0.0,1.3920986106515757e-06,1.5035287210614317e-06,Canada,CAN,,gcp,northamerica-northeast2,Linux-6.8.0-1032-gcp-x86_64-with-glibc2.35,3.10.12,3.0.4,2,Intel(R) Xeon(R) CPU @ 2.60GHz,,,,,15.61648178100586,machine,Y,1.0
2025-08-08T11:43:29,scikit-learn-benchmark,88e477e7-e03d-4b35-ac94-43d550434138,scikit-learn_SCL001_d880725b,1.0025007128715515,7.066071060289525e-08,7.048444923345296e-08,0.8,0.0,10.0,1.1143857489029568e-07,0.0,1.3919807996393903e-06,1.5034193745296862e-06,Canada,CAN,,gcp,northamerica-northeast2,Linux-6.8.0-1032-gcp-x86_64-with-glibc2.35,3.10.12,3.0.4,2,Intel(R) Xeon(R) CPU @ 2.60GHz,,,,,15.61648178100586,machine,Y,1.0
2025-08-08T11:43:31,scikit-learn-benchmark,319f9d62-67f1-4338-9aa7-445fabd2d0bd,scikit-learn_SCL001_d880725b,1.0024294657632709,7.066768123928665e-08,7.049641261839682e-08,0.8,0.0,10.0,1.1144177201721405e-07,0.0,1.392125913925055e-06,1.503567685942269e-06,Canada,CAN,,gcp,northamerica-northeast2,Linux-6.8.0-1032-gcp-x86_64-with-glibc2.35,3.10.12,3.0.4,2,Intel(R) Xeon(R) CPU @ 2.60GHz,,,,,15.61648178100586,machine,Y,1.0
2025-08-08T11:43:34,scikit-learn-benchmark,55588936-e918-40d7-9d2c-e472d3dfabac,scikit-learn_SCL001_d880725b,1.0023725060746074,7.067685575824263e-08,7.050957137184498e-08,0.8024696,0.0,10.0,1.1176843849062073e-07,0.0,1.3919944499826269e-06,1.5037628884732474e-06,Canada,CAN,,gcp,northamerica-northeast2,Linux-6.8.0-1032-gcp-x86_64-with-glibc2.35,3.10.12,3.0.4,2,Intel(R) Xeon(R) CPU @ 2.60GHz,,,,,15.61648178100586,machine,Y,1.0
2025-08-08T11:43:36,scikit-learn-benchmark,c2626a3d-5afb-4edd-a091-b166e731f5ad,scikit-learn_SCL001_d880725b,1.0024537201970816,7.065952099229558e-08,7.048656668000988e-08,0.8000072,0.0,10.0,1.1143204957890449e-07,0.0,1.3919620140869583e-06,1.5033940636658628e-06,Canada,CAN,,gcp,northamerica-northeast2,Linux-6.8.0-1032-gcp-x86_64-with-glibc2.35,3.10.12,3.0.4,2,Intel(R) Xeon(R) CPU @ 2.60GHz,,,,,15.61648178100586,machine,Y,1.0
2025-08-08T11:43:38,scikit-learn-benchmark,c3129052-0ec2-4f87-88df-db06805faff3,scikit-learn_SCL001_d880725b,1.0024217278696597,7.066322319545889e-08,7.049250952055074e-08,0.8,0.0,10.0,1.1142786747465532e-07,0.0,1.3920449664712782e-06,1.5034728339459337e-06,Canada,CAN,,gcp,northamerica-northeast2,Linux-6.8.0-1032-gcp-x86_64-with-glibc2.35,3.10.12,3.0.4,2,Intel(R) Xeon(R) CPU @ 2.60GHz,,,,,15.61648178100586,machine,Y,1.0
2025-08-08T11:43:40,scikit-learn-benchmark,a899d47f-2d8b-48af-9378-c34a43449b4c,scikit-learn_SCL001_d880725b,1.002375370822847,7.066064883448863e-08,7.04932013408146e-08,0.8000072,0.0,10.0,1.1142385479781809e-07,0.0,1.3919942055104509e-06,1.503418060308269e-06,Canada,CAN,,gcp,northamerica-northeast2,Linux-6.8.0-1032-gcp-x86_64-with-glibc2.35,3.10.12,3.0.4,2,Intel(R) Xeon(R) CPU @ 2.60GHz,,,,,15.61648178100586,machine,Y,1.0
2025-08-08T11:43:42,scikit-learn-benchmark,f8404bdd-35bd-47fd-b134-3fce954cbbc3,scikit-learn_SCL001_d880725b,1.0024299272336066,7.066403481886826e-08,7.049274258389206e-08,0.8,0.0,10.0,1.1143044444421929e-07,0.0,1.3920596580848926e-06,1.5034901025291118e-06,Canada,CAN,,gcp,northamerica-northeast2,Linux-6.8.0-1032-gcp-x86_64-with-glibc2.35,3.10.12,3.0.4,2,Intel(R) Xeon(R) CPU @ 2.60GHz,,,,,15.61648178100586,machine,Y,1.0
2025-08-08T11:43:44,scikit-learn-benchmark,5d76c0da-2e0f-49fd-9422-187d2e255c1f,scikit-learn_SCL001_d880725b,1.0023934450000525,7.06606607755853e-08,7.049194218900903e-08,0.8,0.0,10.0,1.1142488755285745e-07,0.0,1.391993426821298e-06,1.5034183143741554e-06,Canada,CAN,,gcp,northamerica-northeast2,Linux-6.8.0-1032-gcp-x86_64-with-glibc2.35,3.10.12,3.0.4,2,Intel(R) Xeon(R) CPU @ 2.60GHz,,,,,15.61648178100586,machine,Y,1.0
2025-08-08T11:43:46,scikit-learn-benchmark,c17b82f1-3e1a-4028-93eb-8d9f0f0585d9,scikit-learn_SCL001_d880725b,1.0024350062012672,7.066744924535263e-08,7.049579155575116e-08,0.8001944000000001,0.0,10.0,1.1145988620978649e-07,0.0,1.3921028636913334e-06,1.5035627499011198e-06,Canada,CAN,,gcp,northamerica-northeast2,Linux-6.8.0-1032-gcp-x86_64-with-glibc2.35,3.10.12,3.0.4,2,Intel(R) Xeon(R) CPU @ 2.60GHz,,,,,15.61648178100586,machine,Y,1.0
2025-08-08T11:43:48,scikit-learn-benchmark,01027210-a36d-4756-aff2-47c5d5cca5d4,scikit-learn_SCL001_d880725b,1.002492583822459,7.066952108048526e-08,7.049380935171168e-08,0.8,0.0,10.0,1.1143890199147993e-07,0.0,1.392167929508206e-06,1.503606831499686e-06,Canada,CAN,,gcp,northamerica-northeast2,Linux-6.8.0-1032-gcp-x86_64-with-glibc2.35,3.10.12,3.0.4,2,Intel(R) Xeon(R) CPU @ 2.60GHz,,,,,15.61648178100586,machine,Y,1.0
2025-08-08T11:43:51,scikit-learn-benchmark,0878c0b9-f0f5-46fa-8d4b-8eb6ab0f02ef,scikit-learn_SCL001_d880725b,1.0024818000383675,7.066032329222395e-08,7.048539264206052e-08,0.8,0.0,10.0,1.114298737504416e-07,0.0,1.3919812601266636e-06,1.503411133877105e-06,Canada,CAN,,gcp,northamerica-northeast2,Linux-6.8.0-1032-gcp-x86_64-with-glibc2.35,3.10.12,3.0.4,2,Intel(R) Xeon(R) CPU @ 2.60GHz,,,,,15.61648178100586,machine,Y,1.0
2025-08-08T11:43:53,scikit-learn-benchmark,f61f576f-9a20-43e4-aa5e-31084293475d,scikit-learn_SCL001_d880725b,1.0024186889640987,7.06597976517967e-08,7.048930594541954e-08,0.8,0.0,10.0,1.1142449256860549e-07,0.0,1.3919754574696222e-06,1.5033999500382276e-06,Canada,CAN,,gcp,northamerica-northeast2,Linux-6.8.0-1032-gcp-x86_64-with-glibc2.35,3.10.12,3.0.4,2,Intel(R) Xeon(R) CPU @ 2.60GHz,,,,,15.61648178100586,machine,Y,1.0
2025-08-08T11:43:55,scikit-learn-benchmark,cf156728-8974-4a04-94b9-852a1d6b530a,scikit-learn_SCL001_d880725b,1.002380576916039,7.066171099861257e-08,7.049389485978768e-08,0.8,0.0,10.0,1.1142797374890917e-07,0.0,1.3920126857960392e-06,1.5034406595449485e-06,Canada,CAN,,gcp,northamerica-northeast2,Linux-6.8.0-1032-gcp-x86_64-with-glibc2.35,3.10.12,3.0.4,2,Intel(R) Xeon(R) CPU @ 2.60GHz,,,,,15.61648178100586,machine,Y,1.0
2025-08-08T11:43:57,scikit-learn-benchmark,a62b23e5-a1ec-45c0-9fde-ef59a8457539,scikit-learn_SCL001_d880725b,1.0025087157264352,7.067268161653722e-08,7.0495827625126e-08,0.8000072,0.0,10.0,1.114463862806867e-07,0.0,1.392227690666914e-06,1.5036740769476006e-06,Canada,CAN,,gcp,northamerica-northeast2,Linux-6.8.0-1032-gcp-x86_64-with-glibc2.35,3.10.12,3.0.4,2,Intel(R) Xeon(R) CPU @ 2.60GHz,,,,,15.61648178100586,machine,Y,1.0
2025-08-08T11:43:59,scikit-learn-benchmark,4a9ce119-2903-4677-915b-b879ae4dbe5c,scikit-learn_SCL001_d880725b,1.0024332329630852,7.06582414540693e-08,7.048673081718483e-08,0.8000576,0.0,10.0,1.114325373819338e-07,0.0,1.3919343020663492e-06,1.503366839448283e-06,Canada,CAN,,gcp,northamerica-northeast2,Linux-6.8.0-1032-gcp-x86_64-with-glibc2.35,3.10.12,3.0.4,2,Intel(R) Xeon(R) CPU @ 2.60GHz,,,,,15.61648178100586,machine,Y,1.0
2025-08-08T11:44:01,scikit-learn-benchmark,b6ac7ffc-fbd6-4652-b4ad-268446c6abae,scikit-learn_SCL001_d880725b,1.0024186382070184,7.067312524704142e-08,7.050260495300775e-08,0.8009000000000002,0.0,10.0,1.1156196883751549e-07,0.0,1.3921215470569828e-06,1.5036835158944985e-06,Canada,CAN,,gcp,northamerica-northeast2,Linux-6.8.0-1032-gcp-x86_64-with-glibc2.35,3.10.12,3.0.4,2,Intel(R) Xeon(R) CPU @ 2.60GHz,,,,,15.61648178100586,machine,Y,1.0
2025-08-08T11:44:03,scikit-learn-benchmark,21d34bd8-7cc1-473c-a777-48fa16fb5ce8,scikit-learn_SCL001_d880725b,1.0025085350498557,7.06666325531486e-08,7.04898064031288e-08,0.8,0.0,10.0,1.1143838997102445e-07,0.0,1.3921069835002223e-06,1.5035453734712468e-06,Canada,CAN,,gcp,northamerica-northeast2,Linux-6.8.0-1032-gcp-x86_64-with-glibc2.35,3.10.12,3.0.4,2,Intel(R) Xeon(R) CPU @ 2.60GHz,,,,,15.61648178100586,machine,Y,1.0
2025-08-08T11:44:05,scikit-learn-benchmark,52c4bef6-1286-4ede-bcae-69fd3fdb75bf,scikit-learn_SCL001_d880725b,1.002407003659755,7.066337135692852e-08,7.049369278041643e-08,0.8,0.0,10.0,1.1142729843656225e-07,0.0,1.3920486878810658e-06,1.503475986317628e-06,Canada,CAN,,gcp,northamerica-northeast2,Linux-6.8.0-1032-gcp-x86_64-with-glibc2.35,3.10.12,3.0.4,2,Intel(R) Xeon(R) CPU @ 2.60GHz,,,,,15.61648178100586,machine,Y,1.0
2025-08-08T11:44:08,scikit-learn-benchmark,183e92cb-efeb-435e-aea5-fb8b7bfcdfa7,scikit-learn_SCL001_d880725b,1.0024480409920216,7.066566447344506e-08,7.04930944884828e-08,0.8,0.0,10.0,1.1143338442262676e-07,0.0,1.392091391608119e-06,1.5035247760307458e-06,Canada,CAN,,gcp,northamerica-northeast2,Linux-6.8.0-1032-gcp-x86_64-with-glibc2.35,3.10.12,3.0.4,2,Intel(R) Xeon(R) CPU @ 2.60GHz,,,,,15.61648178100586,machine,Y,1.0
2025-08-08T11:44:10,scikit-learn-benchmark,6ae726d0-a193-488c-bde8-f82c55fd841c,scikit-learn_SCL001_d880725b,1.0024530086666346,7.06640619527445e-08,7.049114655931349e-08,0.8,0.0,10.0,1.1143029481172564e-07,0.0,1.392060385033902e-06,1.5034906798456276e-06,Canada,CAN,,gcp,northamerica-northeast2,Linux-6.8.0-1032-gcp-x86_64-with-glibc2.35,3.10.12,3.0.4,2,Intel(R) Xeon(R) CPU @ 2.60GHz,,,,,15.61648178100586,machine,Y,1.0
2025-08-08T11:44:12,scikit-learn-benchmark,0ac1b972-2a79-4ebf-a068-5416d9756a5a,scikit-learn_SCL001_d880725b,1.0025121718645096,7.066384657425807e-08,7.048677168959933e-08,0.8,0.0,10.0,1.1143167534222206e-07,0.0,1.3920544219824175e-06,1.5034860973246395e-06,Canada,CAN,,gcp,northamerica-northeast2,Linux-6.8.0-1032-gcp-x86_64-with-glibc2.35,3.10.12,3.0.4,2,Intel(R) Xeon(R) CPU @ 2.60GHz,,,,,15.61648178100586,machine,Y,1.0
2025-08-08T11:44:14,scikit-learn-benchmark,9daa93db-9d11-4fd6-af34-2501e54f6501,scikit-learn_SCL001_d880725b,1.0025081429630518,7.066226341301161e-08,7.048547576297934e-08,0.8,0.0,10.0,1.1143600713047717e-07,0.0,1.3920164059123232e-06,1.5034524130428003e-06,Canada,CAN,,gcp,northamerica-northeast2,Linux-6.8.0-1032-gcp-x86_64-with-glibc2.35,3.10.12,3.0.4,2,Intel(R) Xeon(R) CPU @ 2.60GHz,,,,,15.61648178100586,machine,Y,1.0
2025-08-08T11:44:16,scikit-learn-benchmark,ea9ba443-44c5-4499-a6f5-a0e91a80c851,scikit-learn_SCL001_d880725b,1.002425865735859,7.066202924191581e-08,7.049102747368193e-08,0.8000072,0.0,10.0,1.114268389891652e-07,0.0,1.3920205916898946e-06,1.5034474306790595e-06,Canada,CAN,,gcp,northamerica-northeast2,Linux-6.8.0-1032-gcp-x86_64-with-glibc2.35,3.10.12,3.0.4,2,Intel(R) Xeon(R) CPU @ 2.60GHz,,,,,15.61648178100586,machine,Y,1.0
2025-08-08T11:44:18,scikit-learn-benchmark,86b384c8-03a9-4dee-8430-25b69af3ecaa,scikit-learn_SCL001_d880725b,1.002283092122525,7.064904297081239e-08,7.048811211730571e-08,0.8004608000000001,0.0,10.0,1.114660984810326e-07,0.0,1.391705028557529e-06,1.5031711270385614e-06,Canada,CAN,,gcp,northamerica-northeast2,Linux-6.8.0-1032-gcp-x86_64-with-glibc2.35,3.10.12,3.0.4,2,Intel(R) Xeon(R) CPU @ 2.60GHz,,,,,15.61648178100586,machine,Y,1.0
2025-08-08T11:44:20,scikit-learn-benchmark,6851b136-6e16-4434-9ee6-e3d826c1f4cf,scikit-learn_SCL001_d880725b,1.002427221741527,7.066341415637485e-08,7.049231368000017e-08,0.8,0.0,10.0,1.1142851691693069e-07,0.0,1.3920483800272149e-06,1.5034768969441454e-06,Canada,CAN,,gcp,northamerica-northeast2,Linux-6.8.0-1032-gcp-x86_64-with-glibc2.35,3.10.12,3.0.4,2,Intel(R) Xeon(R) CPU @ 2.60GHz,,,,,15.61648178100586,machine,Y,1.0
2025-08-08T11:44:23,scikit-learn-benchmark,4cf277e1-d06e-4706-99cb-5dad4ee7bba1,scikit-learn_SCL001_d880725b,1.002210982143879,7.065940976656582e-08,7.050352772568384e-08,0.8000072,0.0,10.0,1.1142471990079548e-07,0.0,1.391966977260179e-06,1.5033916971609743e-06,Canada,CAN,,gcp,northamerica-northeast2,Linux-6.8.0-1032-gcp-x86_64-with-glibc2.35,3.10.12,3.0.4,2,Intel(R) Xeon(R) CPU @ 2.60GHz,,,,,15.61648178100586,machine,Y,1.0
2025-08-08T11:44:25,scikit-learn-benchmark,3be62e50-f299-4f82-842e-26b907df36d7,scikit-learn_SCL001_d880725b,1.002521297428757,7.066915583500476e-08,7.04914259839221e-08,0.8000072,0.0,10.0,1.1144153187329768e-07,0.0,1.3921575284459523e-06,1.5035990603192502e-06,Canada,CAN,,gcp,northamerica-northeast2,Linux-6.8.0-1032-gcp-x86_64-with-glibc2.35,3.10.12,3.0.4,2,Intel(R) Xeon(R) CPU @ 2.60GHz,,,,,15.61648178100586,machine,Y,1.0
2025-08-08T11:44:27,scikit-learn-benchmark,eed34219-ef5c-4272-928d-447db499fa60,scikit-learn_SCL001_d880725b,1.0019228169694545,7.060034037402108e-08,7.046484936591025e-08,0.8,0.0,10.0,1.1132560484111313e-07,0.0,1.3908092967338032e-06,1.5021349015749165e-06,Canada,CAN,,gcp,northamerica-northeast2,Linux-6.8.0-1032-gcp-x86_64-with-glibc2.35,3.10.12,3.0.4,2,Intel(R) Xeon(R) CPU @ 2.60GHz,,,,,15.61648178100586,machine,Y,1.0
2025-08-08T11:44:29,scikit-learn-benchmark,6acd5faf-d8e6-4e83-bf1b-4bf9db58330a,scikit-learn_SCL001_d880725b,1.002518690191209,7.066313650712579e-08,7.048560510492656e-08,0.8,0.0,10.0,1.114360528687636e-07,0.0,1.3920349366445508e-06,1.5034709895133144e-06,Canada,CAN,,gcp,northamerica-northeast2,Linux-6.8.0-1032-gcp-x86_64-with-glibc2.35,3.10.12,3.0.4,2,Intel(R) Xeon(R) CPU @ 2.60GHz,,,,,15.61648178100586,machine,Y,1.0
2025-08-08T11:44:31,scikit-learn-benchmark,e5cae928-d1a2-4e55-aa67-30231cdb7727,scikit-learn_SCL001_d880725b,1.0025431760586798,7.067441407368622e-08,7.049513254035613e-08,0.8,0.0,10.0,1.1145061068236828e-07,0.0,1.3922603270556365e-06,1.5037109377380046e-06,Canada,CAN,,gcp,northamerica-northeast2,Linux-6.8.0-1032-gcp-x86_64-with-glibc2.35,3.10.12,3.0.4,2,Intel(R) Xeon(R) CPU @ 2.60GHz,,,,,15.61648178100586,machine,Y,1.0
2025-08-08T11:44:33,scikit-learn-benchmark,59d02a79-9d9c-4947-b2f1-e529de131726,scikit-learn_SCL001_d880725b,1.002211982384324,7.062759384067936e-08,7.047171165590333e-08,0.8,0.0,10.0,1.11377136885292e-07,0.0,1.391337625682354e-06,1.502714762567646e-06,Canada,CAN,,gcp,northamerica-northeast2,Linux-6.8.0-1032-gcp-x86_64-with-glibc2.35,3.10.12,3.0.4,2,Intel(R) Xeon(R) CPU @ 2.60GHz,,,,,15.61648178100586,machine,Y,1.0
2025-08-08T11:44:35,scikit-learn-benchmark,65008059-f30a-4684-834a-8ef81af02e05,scikit-learn_SCL001_d880725b,1.0025119869969783,7.0660953878839e-08,7.048389924045067e-08,0.8,0.0,10.0,1.114320835719506e-07,0.0,1.3919924670416449e-06,1.5034245506135955e-06,Canada,CAN,,gcp,northamerica-northeast2,Linux-6.8.0-1032-gcp-x86_64-with-glibc2.35,3.10.12,3.0.4,2,Intel(R) Xeon(R) CPU @ 2.60GHz,,,,,15.61648178100586,machine,Y,1.0
2025-08-08T11:44:37,scikit-learn-benchmark,1813484a-d358-4f4b-a1b4-fa7b054b70ca,scikit-learn_SCL001_d880725b,1.0023296009749174,7.06610739847852e-08,7.049684446718584e-08,0.8,0.0,10.0,1.1141776396996445e-07,0.0,1.3920093420892952e-06,1.5034271060592596e-06,Canada,CAN,,gcp,northamerica-northeast2,Linux-6.8.0-1032-gcp-x86_64-with-glibc2.35,3.10.12,3.0.4,2,Intel(R) Xeon(R) CPU @ 2.60GHz,,,,,15.61648178100586,machine,Y,1.0
2025-08-08T11:44:40,scikit-learn-benchmark,8db38259-720b-45fc-baaf-5b5150526a45,scikit-learn_SCL001_d880725b,1.0023586079478264,7.066034786121004e-08,7.049407996393239e-08,0.8000072,0.0,10.0,1.114220508097553e-07,0.0,1.3919896058117348e-06,1.50341165662149e-06,Canada,CAN,,gcp,northamerica-northeast2,Linux-6.8.0-1032-gcp-x86_64-with-glibc2.35,3.10.12,3.0.4,2,Intel(R) Xeon(R) CPU @ 2.60GHz,,,,,15.61648178100586,machine,Y,1.0
2025-08-08T11:44:42,scikit-learn-benchmark,d9e4a4ba-3af2-4813-8e71-d0d6a8a5c573,scikit-learn_SCL001_d880725b,1.0024115578271449,7.06625392821928e-08,7.049254243971697e-08,0.8,0.0,10.0,1.1143021575278708e-07,0.0,1.3920280668470596e-06,1.5034582825998469e-06,Canada,CAN,,gcp,northamerica-northeast2,Linux-6.8.0-1032-gcp-x86_64-with-glibc2.35,3.10.12,3.0.4,2,Intel(R) Xeon(R) CPU @ 2.60GHz,,,,,15.61648178100586,machine,Y,1.0
2025-08-08T11:44:44,scikit-learn-benchmark,06c757ca-cc50-42d3-9ad5-1863889628d5,scikit-learn_SCL001_d880725b,1.0024743927642703,7.06641517794665e-08,7.048973249542446e-08,0.8000072,0.0,10.0,1.1143529619861892e-07,0.0,1.3920572948538597e-06,1.5034925910524784e-06,Canada,CAN,,gcp,northamerica-northeast2,Linux-6.8.0-1032-gcp-x86_64-with-glibc2.35,3.10.12,3.0.4,2,Intel(R) Xeon(R) CPU @ 2.60GHz,,,,,15.61648178100586,machine,Y,1.0
2025-08-08T11:44:46,scikit-learn-benchmark,72f56f55-64d2-4170-87af-e0f0ebd6d9cc,scikit-learn_SCL001_d880725b,1.0024719857610762,7.066811201085027e-08,7.049385221193893e-08,0.8,0.0,10.0,1.114402245730162e-07,0.0,1.3921366267216702e-06,1.5035768512946864e-06,Canada,CAN,,gcp,northamerica-northeast2,Linux-6.8.0-1032-gcp-x86_64-with-glibc2.35,3.10.12,3.0.4,2,Intel(R) Xeon(R) CPU @ 2.60GHz,,,,,15.61648178100586,machine,Y,1.0
2025-08-08T11:44:48,scikit-learn-benchmark,83128a72-26ca-4114-bcc5-8a88fa9b8e91,scikit-learn_SCL001_d880725b,1.0023049181327224,7.064780505482728e-08,7.04853421117029e-08,0.8,0.0,10.0,1.1140094180074005e-07,0.0,1.3917438465998403e-06,1.5031447884005804e-06,Canada,CAN,,gcp,northamerica-northeast2,Linux-6.8.0-1032-gcp-x86_64-with-glibc2.35,3.10.12,3.0.4,2,Intel(R) Xeon(R) CPU @ 2.60GHz,,,,,15.61648178100586,machine,Y,1.0
2025-08-08T11:44:50,scikit-learn-benchmark,85254703-d259-474d-b1b5-25bcf02e1d98,scikit-learn_SCL001_d880725b,1.00259169889614,7.067475532145345e-08,7.049206112445057e-08,0.8,0.0,10.0,1.1145572664423122e-07,0.0,1.3922624716845652e-06,1.5037181983287964e-06,Canada,CAN,,gcp,northamerica-northeast2,Linux-6.8.0-1032-gcp-x86_64-with-glibc2.35,3.10.12,3.0.4,2,Intel(R) Xeon(R) CPU @ 2.60GHz,,,,,15.61648178100586,machine,Y,1.0
2025-08-08T11:44:52,scikit-learn-benchmark,8b3edcb9-763d-4d8a-be29-1c7c9785deec,scikit-learn_SCL001_d880725b,1.0024967729113996,7.066040692380113e-08,7.048442332496773e-08,0.8,0.0,10.0,1.1144321060015105e-07,0.0,1.3919697026722136e-06,1.5034129132723643e-06,Canada,CAN,,gcp,northamerica-northeast2,Linux-6.8.0-1032-gcp-x86_64-with-glibc2.35,3.10.12,3.0.4,2,Intel(R) Xeon(R) CPU @ 2.60GHz,,,,,15.61648178100586,machine,Y,1.0
2025-08-08T11:44:54,scikit-learn-benchmark,3b945658-70ea-40f1-a2f6-d7f3499b485f,scikit-learn_SCL001_d880725b,1.002330761868507,7.06592620994068e-08,7.049495514603035e-08,0.8,0.0,10.0,1.114210192528036e-07,0.0,1.391967536053724e-06,1.5033885553065274e-06,Canada,CAN,,gcp,northamerica-northeast2,Linux-6.8.0-1032-gcp-x86_64-with-glibc2.35,3.10.12,3.0.4,2,Intel(R) Xeon(R) CPU @ 2.60GHz,,,,,15.61648178100586,machine,Y,1.0
2025-08-08T11:44:57,scikit-learn-benchmark,a9b13c23-086a-43c4-8d12-5d1cfa8b6cb8,scikit-learn_SCL001_d880725b,1.0023714932613077,7.065595959442565e-08,7.048879588997488e-08,0.8,0.0,10.0,1.1142031910518805e-07,0.0,1.3918979701379107e-06,1.5033182892430987e-06,Canada,CAN,,gcp,northamerica-northeast2,Linux-6.8.0-1032-gcp-x86_64-with-glibc2.35,3.10.12,3.0.4,2,Intel(R) Xeon(R) CPU @ 2.60GHz,,,,,15.61648178100586,machine,Y,1.0
2025-08-08T11:44:59,scikit-learn-benchmark,ede389ea-970a-478a-9481-496a8b861af6,scikit-learn_SCL001_d880725b,1.0023441552184522,7.065908191860138e-08,7.049383343109515e-08,0.8,0.0,10.0,1.114209911061658e-07,0.0,1.3919637305662035e-06,1.5033847216723693e-06,Canada,CAN,,gcp,northamerica-northeast2,Linux-6.8.0-1032-gcp-x86_64-with-glibc2.35,3.10.12,3.0.4,2,Intel(R) Xeon(R) CPU @ 2.60GHz,,,,,15.61648178100586,machine,Y,1.0
2025-08-08T11:45:01,scikit-learn-benchmark,71631f51-6900-4261-816e-1394e46a95f9,scikit-learn_SCL001_d880725b,1.002483290154487,7.065974007700892e-08,7.048470610030812e-08,0.8000072,0.0,10.0,1.1143823340949333e-07,0.0,1.3919604916332496e-06,1.503398725042743e-06,Canada,CAN,,gcp,northamerica-northeast2,Linux-6.8.0-1032-gcp-x86_64-with-glibc2.35,3.10.12,3.0.4,2,Intel(R) Xeon(R) CPU @ 2.60GHz,,,,,15.61648178100586,machine,Y,1.0
2025-08-08T11:45:03,scikit-learn-benchmark,7a138fa7-1ccc-436f-bbed-96ce129295b7,scikit-learn_SCL001_d880725b,1.0024497997947035,7.0663988381469e-08,7.04912988121107e-08,0.8,0.0,10.0,1.1142888727287453e-07,0.0,1.392060227226466e-06,1.5034891144993403e-06,Canada,CAN,,gcp,northamerica-northeast2,Linux-6.8.0-1032-gcp-x86_64-with-glibc2.35,3.10.12,3.0.4,2,Intel(R) Xeon(R) CPU @ 2.60GHz,,,,,15.61648178100586,machine,Y,1.0
2025-08-08T11:45:05,scikit-learn-benchmark,92dbc015-7b59-43bb-b20c-2b88e12a6a38,scikit-learn_SCL001_d880725b,1.0024871178902686,7.066218424443918e-08,7.048687507640753e-08,0.8000576,0.0,10.0,1.1144068155634486e-07,0.0,1.392010047048744e-06,1.5034507286050889e-06,Canada,CAN,,gcp,northamerica-northeast2,Linux-6.8.0-1032-gcp-x86_64-with-glibc2.35,3.10.12,3.0.4,2,Intel(R) Xeon(R) CPU @ 2.60GHz,,,,,15.61648178100586,machine,Y,1.0
2025-08-08T11:45:07,scikit-learn-benchmark,8bfdcf66-962d-4381-a07e-5648397c62cc,scikit-learn_SCL001_d880725b,1.0024340390227735,7.066664819717045e-08,7.049506046907593e-08,0.8000576,0.0,10.0,1.1144058158719128e-07,0.0,1.392105124735584e-06,1.5035457063227751e-06,Canada,CAN,,gcp,northamerica-northeast2,Linux-6.8.0-1032-gcp-x86_64-with-glibc2.35,3.10.12,3.0.4,2,Intel(R) Xeon(R) CPU @ 2.60GHz,,,,,15.61648178100586,machine,Y,1.0
2025-08-08T11:45:09,scikit-learn-benchmark,0f1e065a-e53b-4f2c-bb93-f36b0708a108,scikit-learn_SCL001_d880725b,1.0024144370108845,7.06584748570911e-08,7.048828533215136e-08,0.8,0.0,10.0,1.1142457224842577e-07,0.0,1.3919472332215973e-06,1.503371805470023e-06,Canada,CAN,,gcp,northamerica-northeast2,Linux-6.8.0-1032-gcp-x86_64-with-glibc2.35,3.10.12,3.0.4,2,Intel(R) Xeon(R) CPU @ 2.60GHz,,,,,15.61648178100586,machine,Y,1.0
2025-08-08T11:45:11,scikit-learn-benchmark,3504ec72-b47f-4f13-b091-483ee3a36a4d,scikit-learn_SCL001_d880725b,1.0034922026097777,7.066155365471624e-08,7.041564794519287e-08,0.8,0.0,10.0,1.1142999533977777e-07,0.0,1.3920073164626956e-06,1.5034373118024733e-06,Canada,CAN,,gcp,northamerica-northeast2,Linux-6.8.0-1032-gcp-x86_64-with-glibc2.35,3.10.12,3.0.4,2,Intel(R) Xeon(R) CPU @ 2.60GHz,,,,,15.61648178100586,machine,Y,1.0
2025-08-08T11:45:14,scikit-learn-benchmark,29a2cf24-57f6-446b-8a36-c57891b0436b,scikit-learn_SCL001_d880725b,1.0024499529972672,7.066151376855044e-08,7.048881947400625e-08,0.8,0.0,10.0,1.1142542140765325e-07,0.0,1.392011041752994e-06,1.5034364631606471e-06,Canada,CAN,,gcp,northamerica-northeast2,Linux-6.8.0-1032-gcp-x86_64-with-glibc2.35,3.10.12,3.0.4,2,Intel(R) Xeon(R) CPU @ 2.60GHz,,,,,15.61648178100586,machine,Y,1.0
2025-08-08T11:45:16,scikit-learn-benchmark,da0c85e4-c8d2-4a61-8b0c-637351430691,scikit-learn_SCL001_d880725b,1.0023951046168804,7.066347147358789e-08,7.049462946110033e-08,0.8,0.0,10.0,1.1142834462225437e-07,0.0,1.3920497718370623e-06,1.5034781164593169e-06,Canada,CAN,,gcp,northamerica-northeast2,Linux-6.8.0-1032-gcp-x86_64-with-glibc2.35,3.10.12,3.0.4,2,Intel(R) Xeon(R) CPU @ 2.60GHz,,,,,15.61648178100586,machine,Y,1.0
2025-08-08T11:45:18,scikit-learn-benchmark,d6f9902e-f34a-44eb-8c25-6a7bcd0c799c,scikit-learn_SCL001_d880725b,1.002390710171312,7.0660493283843e-08,7.049196742033542e-08,0.8,0.0,10.0,1.1142395229803193e-07,0.0,1.391990798422032e-06,1.5034147507200638e-06,Canada,CAN,,gcp,northamerica-northeast2,Linux-6.8.0-1032-gcp-x86_64-with-glibc2.35,3.10.12,3.0.4,2,Intel(R) Xeon(R) CPU @ 2.60GHz,,,,,15.61648178100586,machine,Y,1.0
2025-08-08T11:45:20,scikit-learn-benchmark,aaf56b17-e3bf-4877-a184-bfa6915b0d70,scikit-learn_SCL001_d880725b,1.0024516400881112,7.066486553180343e-08,7.049204440983536e-08,0.8,0.0,10.0,1.1143044734166729e-07,0.0,1.392077329930746e-06,1.5035077772724134e-06,Canada,CAN,,gcp,northamerica-northeast2,Linux-6.8.0-1032-gcp-x86_64-with-glibc2.35,3.10.12,3.0.4,2,Intel(R) Xeon(R) CPU @ 2.60GHz,,,,,15.61648178100586,machine,Y,1.0
2025-08-08T11:45:22,scikit-learn-benchmark,38e7a437-aad6-4c21-9604-f49a89cd2324,scikit-learn_SCL001_d880725b,1.0023120590485632,7.066096822116594e-08,7.049797274537465e-08,0.8000072,0.0,10.0,1.1142544520064821e-07,0.0,1.3919994105688402e-06,1.5034248557694885e-06,Canada,CAN,,gcp,northamerica-northeast2,Linux-6.8.0-1032-gcp-x86_64-with-glibc2.35,3.10.12,3.0.4,2,Intel(R) Xeon(R) CPU @ 2.60GHz,,,,,15.61648178100586,machine,Y,1.0
2025-08-08T11:45:24,scikit-learn-benchmark,17e72596-020f-401f-9502-b999ce112d7d,scikit-learn_SCL001_d880725b,1.0024356888607144,7.06638740126532e-08,7.049217700236105e-08,0.8000072,0.0,10.0,1.114275650133864e-07,0.0,1.3920591161068944e-06,1.5034866811202807e-06,Canada,CAN,,gcp,northamerica-northeast2,Linux-6.8.0-1032-gcp-x86_64-with-glibc2.35,3.10.12,3.0.4,2,Intel(R) Xeon(R) CPU @ 2.60GHz,,,,,15.61648178100586,machine,Y,1.0
2025-08-08T11:45:26,scikit-learn-benchmark,c6f9bf16-cc54-4465-89f1-6eaa2d997cdd,scikit-learn_SCL001_d880725b,1.0020858561620116,7.06182932462026e-08,7.047130025033046e-08,0.8,0.0,10.0,1.1135958311044508e-07,0.0,1.3911572944683332e-06,1.5025168775787782e-06,Canada,CAN,,gcp,northamerica-northeast2,Linux-6.8.0-1032-gcp-x86_64-with-glibc2.35,3.10.12,3.0.4,2,Intel(R) Xeon(R) CPU @ 2.60GHz,,,,,15.61648178100586,machine,Y,1.0
2025-08-08T11:45:29,scikit-learn-benchmark,68c59ac1-4e20-4a8f-97ab-36eaa36c3557,scikit-learn_SCL001_d880725b,1.0021532410755754,7.062094299596963e-08,7.046920580746184e-08,0.8000072,0.0,10.0,1.1136776611533029e-07,0.0,1.3912054891180665e-06,1.5025732552333964e-06,Canada,CAN,,gcp,northamerica-northeast2,Linux-6.8.0-1032-gcp-x86_64-with-glibc2.35,3.10.12,3.0.4,2,Intel(R) Xeon(R) CPU @ 2.60GHz,,,,,15.61648178100586,machine,Y,1.0
2025-08-08T11:45:31,scikit-learn-benchmark,0f97c8f3-3c5a-4206-9996-c7be147d8d08,scikit-learn_SCL001_d880725b,1.0024635940790176,7.06565412139735e-08,7.048289995896262e-08,0.8000576,0.0,10.0,1.1143383356583533e-07,0.0,1.3918968305612604e-06,1.5033306641270955e-06,Canada,CAN,,gcp,northamerica-northeast2,Linux-6.8.0-1032-gcp-x86_64-with-glibc2.35,3.10.12,3.0.4,2,Intel(R) Xeon(R) CPU @ 2.60GHz,,,,,15.61648178100586,machine,Y,1.0
2025-08-08T11:45:33,scikit-learn-benchmark,2821e170-8e7f-473a-b511-f46ba8ebea87,scikit-learn_SCL001_d880725b,1.0026763267815113,7.068394775178718e-08,7.04952793476988e-08,0.8000576,0.0,10.0,1.1148195701918088e-07,0.0,1.3924318249337376e-06,1.5039137819529184e-06,Canada,CAN,,gcp,northamerica-northeast2,Linux-6.8.0-1032-gcp-x86_64-with-glibc2.35,3.10.12,3.0.4,2,Intel(R) Xeon(R) CPU @ 2.60GHz,,,,,15.61648178100586,machine,Y,1.0
2025-08-08T11:45:35,scikit-learn-benchmark,51d2a4e2-3e65-4268-999a-9b484fe70bf4,scikit-learn_SCL001_d880725b,1.002444390207529,7.066328791259892e-08,7.049098045026716e-08,0.8,0.0,10.0,1.1142998819963801e-07,0.0,1.3920442227067218e-06,1.50347421090636e-06,Canada,CAN,,gcp,northamerica-northeast2,Linux-6.8.0-1032-gcp-x86_64-with-glibc2.35,3.10.12,3.0.4,2,Intel(R) Xeon(R) CPU @ 2.60GHz,,,,,15.61648178100586,machine,Y,1.0
2025-08-08T11:45:37,scikit-learn-benchmark,6f274df5-8048-4f7c-8fd5-fd904f519a24,scikit-learn_SCL001_d880725b,1.0026096790097654,7.067495575904225e-08,7.04909968840964e-08,0.8,0.0,10.0,1.1145344614568685e-07,0.0,1.392269016812659e-06,1.5037224629583458e-06,Canada,CAN,,gcp,northamerica-northeast2,Linux-6.8.0-1032-gcp-x86_64-with-glibc2.35,3.10.12,3.0.4,2,Intel(R) Xeon(R) CPU @ 2.60GHz,,,,,15.61648178100586,machine,Y,1.0
2025-08-08T11:45:39,scikit-learn-benchmark,b61f29b7-2f5f-495e-8cc2-824e85360aa6,scikit-learn_SCL001_d880725b,1.0024751033633947,7.066909283311626e-08,7.049461138338004e-08,0.8,0.0,10.0,1.114400193716089e-07,0.0,1.392157700481928e-06,1.503597719853537e-06,Canada,CAN,,gcp,northamerica-northeast2,Linux-6.8.0-1032-gcp-x86_64-with-glibc2.35,3.10.12,3.0.4,2,Intel(R) Xeon(R) CPU @ 2.60GHz,,,,,15.61648178100586,machine,Y,1.0
2025-08-08T11:45:41,scikit-learn-benchmark,cd883921-c911-493b-9cfc-497a572ec567,scikit-learn_SCL001_d880725b,1.0024350066669283,7.066500026737858e-08,7.049334849382202e-08,0.8,0.0,10.0,1.114331717706389e-07,0.0,1.3920774722161393e-06,1.5035106439867782e-06,Canada,CAN,,gcp,northamerica-northeast2,Linux-6.8.0-1032-gcp-x86_64-with-glibc2.35,3.10.12,3.0.4,2,Intel(R) Xeon(R) CPU @ 2.60GHz,,,,,15.61648178100586,machine,Y,1.0
2025-08-08T11:45:43,scikit-learn-benchmark,248d2201-b62b-41c1-938d-d8a2ff5b4cc7,scikit-learn_SCL001_d880725b,1.0024610268883407,7.066435766530535e-08,7.049087771985403e-08,0.8,0.0,10.0,1.1143032730453544e-07,0.0,1.3920666442977055e-06,1.503496971602241e-06,Canada,CAN,,gcp,northamerica-northeast2,Linux-6.8.0-1032-gcp-x86_64-with-glibc2.35,3.10.12,3.0.4,2,Intel(R) Xeon(R) CPU @ 2.60GHz,,,,,15.61648178100586,machine,Y,1.0
2025-08-08T11:45:46,scikit-learn-benchmark,85eda86f-09de-4d76-a6d2-630d75801c02,scikit-learn_SCL001_d880725b,1.0026070079766214,7.068384518701997e-08,7.050005099173231e-08,0.8,0.0,10.0,1.1146356848378977e-07,0.0,1.3924480312400397e-06,1.5039115997238292e-06,Canada,CAN,,gcp,northamerica-northeast2,Linux-6.8.0-1032-gcp-x86_64-with-glibc2.35,3.10.12,3.0.4,2,Intel(R) Xeon(R) CPU @ 2.60GHz,,,,,15.61648178100586,machine,Y,1.0
2025-08-08T11:45:48,scikit-learn-benchmark,9a678ac9-ca7a-4be9-a825-7b7eb8a7e3b7,scikit-learn_SCL001_d880725b,1.0024491329677403,7.066028986642492e-08,7.048765622374858e-08,0.8001944000000001,0.0,10.0,1.1145461353958629e-07,0.0,1.3919558091503052e-06,1.5034104226898916e-06,Canada,CAN,,gcp,northamerica-northeast2,Linux-6.8.0-1032-gcp-x86_64-with-glibc2.35,3.10.12,3.0.4,2,Intel(R) Xeon(R) CPU @ 2.60GHz,,,,,15.61648178100586,machine,Y,1.0
2025-08-08T11:45:50,scikit-learn-benchmark,4220920a-4fe9-4c9c-a4f0-9b47305e175c,scikit-learn_SCL001_d880725b,1.002345615066588,7.065876128402909e-08,7.049341087737994e-08,0.8000576,0.0,10.0,1.1142723218660225e-07,0.0,1.391950667473591e-06,1.5033778996601932e-06,Canada,CAN,,gcp,northamerica-northeast2,Linux-6.8.0-1032-gcp-x86_64-with-glibc2.35,3.10.12,3.0.4,2,Intel(R) Xeon(R) CPU @ 2.60GHz,,,,,15.61648178100586,machine,Y,1.0
2025-08-08T11:45:52,scikit-learn-benchmark,6480c993-73ca-4b49-b203-5f4f875ce1a1,scikit-learn_SCL001_d880725b,1.0023648422211409,7.065732507620838e-08,7.049062586796118e-08,0.8000072,0.0,10.0,1.1141932770151968e-07,0.0,1.3919280143454672e-06,1.503347342046987e-06,Canada,CAN,,gcp,northamerica-northeast2,Linux-6.8.0-1032-gcp-x86_64-with-glibc2.35,3.10.12,3.0.4,2,Intel(R) Xeon(R) CPU @ 2.60GHz,,,,,15.61648178100586,machine,Y,1.0
2025-08-08T11:45:54,scikit-learn-benchmark,824c3454-f1e9-4fde-944c-12162eeb1357,scikit-learn_SCL001_d880725b,1.0022929552942514,7.065179902620406e-08,7.049016822178724e-08,0.8,0.0,10.0,1.1140823209037384e-07,0.0,1.3918215344246063e-06,1.5032297665149802e-06,Canada,CAN,,gcp,northamerica-northeast2,Linux-6.8.0-1032-gcp-x86_64-with-glibc2.35,3.10.12,3.0.4,2,Intel(R) Xeon(R) CPU @ 2.60GHz,,,,,15.61648178100586,machine,Y,1.0
2025-08-08T11:45:56,scikit-learn-benchmark,8699945d-7457-47c2-b98b-ba47fcdb0c28,scikit-learn_SCL001_d880725b,1.002437968738377,7.066583783308873e-08,7.049397572402964e-08,0.8,0.0,10.0,1.1143625931193433e-07,0.0,1.3920922052218684e-06,1.5035284645338027e-06,Canada,CAN,,gcp,northamerica-northeast2,Linux-6.8.0-1032-gcp-x86_64-with-glibc2.35,3.10.12,3.0.4,2,Intel(R) Xeon(R) CPU @ 2.60GHz,,,,,15.61648178100586,machine,Y,1.0
2025-08-08T11:45:58,scikit-learn-benchmark,9ecbb53a-91d3-4324-9038-1041dd135685,scikit-learn_SCL001_d880725b,1.002365092281252,7.065817171299003e-08,7.049145292179045e-08,0.8,0.0,10.0,1.1142169115030105e-07,0.0,1.3919436644452314e-06,1.5033653555955324e-06,Canada,CAN,,gcp,northamerica-northeast2,Linux-6.8.0-1032-gcp-x86_64-with-glibc2.35,3.10.12,3.0.4,2,Intel(R) Xeon(R) CPU @ 2.60GHz,,,,,15.61648178100586,machine,Y,1.0
2025-08-08T11:46:01,scikit-learn-benchmark,91712e93-e52c-4441-9144-7162da07e507,scikit-learn_SCL001_d880725b,1.0023855189792812,7.066657926783793e-08,7.049840398711763e-08,0.8,0.0,10.0,1.1143487619443073e-07,0.0,1.392109363546802e-06,1.5035442397412328e-06,Canada,CAN,,gcp,northamerica-northeast2,Linux-6.8.0-1032-gcp-x86_64-with-glibc2.35,3.10.12,3.0.4,2,Intel(R) Xeon(R) CPU @ 2.60GHz,,,,,15.61648178100586,machine,Y,1.0
2025-08-08T11:46:03,scikit-learn-benchmark,a3034b7a-99ff-442e-9426-dab1727a1b43,scikit-learn_SCL001_d880725b,1.0024874052032828,7.06632981893296e-08,7.04879660557936e-08,0.8,0.0,10.0,1.114355464362436e-07,0.0,1.3920388831239606e-06,1.5034744295602045e-06,Canada,CAN,,gcp,northamerica-northeast2,Linux-6.8.0-1032-gcp-x86_64-with-glibc2.35,3.10.12,3.0.4,2,Intel(R) Xeon(R) CPU @ 2.60GHz,,,,,15.61648178100586,machine,Y,1.0
2025-08-08T11:46:05,scikit-learn-benchmark,2a3d7008-1c5b-4a49-a8cc-250574f33149,scikit-learn_SCL001_d880725b,1.0023344522342086,7.06618299591877e-08,7.049725747896037e-08,0.8000072,0.0,10.0,1.1142627636178625e-07,0.0,1.3920169142592284e-06,1.5034431906210148e-06,Canada,CAN,,gcp,northamerica-northeast2,Linux-6.8.0-1032-gcp-x86_64-with-glibc2.35,3.10.12,3.0.4,2,Intel(R) Xeon(R) CPU @ 2.60GHz,,,,,15.61648178100586,machine,Y,1.0
2025-08-08T11:46:07,scikit-learn-benchmark,05918969-b5f3-4abb-aed0-70f574b48a64,scikit-learn_SCL001_d880725b,1.002394868992269,7.065642044777667e-08,7.048761185181366e-08,0.8000576,0.0,10.0,1.114298748494453e-07,0.0,1.391898219784101e-06,1.503328094633546e-06,Canada,CAN,,gcp,northamerica-northeast2,Linux-6.8.0-1032-gcp-x86_64-with-glibc2.35,3.10.12,3.0.4,2,Intel(R) Xeon(R) CPU @ 2.60GHz,,,,,15.61648178100586,machine,Y,1.0
2025-08-08T11:46:09,scikit-learn-benchmark,6d287763-5b33-4038-a817-aba27037eca1,scikit-learn_SCL001_d880725b,1.0024497266858816,7.06671691366161e-08,7.049447693526052e-08,0.8,0.0,10.0,1.1143540218472484e-07,0.0,1.3921213879560433e-06,1.503556790140768e-06,Canada,CAN,,gcp,northamerica-northeast2,Linux-6.8.0-1032-gcp-x86_64-with-glibc2.35,3.10.12,3.0.4,2,Intel(R) Xeon(R) CPU @ 2.60GHz,,,,,15.61648178100586,machine,Y,1.0
2025-08-08T11:46:11,scikit-learn-benchmark,5c11246d-514e-49a3-8440-7d5ebc883edc,scikit-learn_SCL001_d880725b,1.0024610362015665,7.06595139863073e-08,7.048604527717491e-08,0.8,0.0,10.0,1.114286693433921e-07,0.0,1.391965245258891e-06,1.503393914602283e-06,Canada,CAN,,gcp,northamerica-northeast2,Linux-6.8.0-1032-gcp-x86_64-with-glibc2.35,3.10.12,3.0.4,2,Intel(R) Xeon(R) CPU @ 2.60GHz,,,,,15.61648178100586,machine,Y,1.0
2025-08-08T11:46:13,scikit-learn-benchmark,2c7cade4-313d-4e3e-a85e-4b1413f6b679,scikit-learn_SCL001_d880725b,1.002211342565715,7.066165524900682e-08,7.050574289860775e-08,0.8000576,0.0,10.0,1.1143374922332997e-07,0.0,1.3920057241597938e-06,1.5034394733831238e-06,Canada,CAN,,gcp,northamerica-northeast2,Linux-6.8.0-1032-gcp-x86_64-with-glibc2.35,3.10.12,3.0.4,2,Intel(R) Xeon(R) CPU @ 2.60GHz,,,,,15.61648178100586,machine,Y,1.0
2025-08-08T11:46:15,scikit-learn-benchmark,7cc5fa3f-c16c-43ee-97d6-cba0c9b32e35,scikit-learn_SCL001_d880725b,1.0021093119867146,7.06340787325365e-08,7.048540302704313e-08,0.8,0.0,10.0,1.1136609781533484e-07,0.0,1.3914866411748031e-06,1.502852738990138e-06,Canada,CAN,,gcp,northamerica-northeast2,Linux-6.8.0-1032-gcp-x86_64-with-glibc2.35,3.10.12,3.0.4,2,Intel(R) Xeon(R) CPU @ 2.60GHz,,,,,15.61648178100586,machine,Y,1.0
2025-08-08T11:46:18,scikit-learn-benchmark,6b58e64a-4459-4778-bc0f-3719d737a78b,scikit-learn_SCL001_d880725b,1.0023341430351138,7.065801629993237e-08,7.049347444752969e-08,0.8,0.0,10.0,1.114175682887435e-07,0.0,1.3919444806459875e-06,1.5033620489347312e-06,Canada,CAN,,gcp,northamerica-northeast2,Linux-6.8.0-1032-gcp-x86_64-with-glibc2.35,3.10.12,3.0.4,2,Intel(R) Xeon(R) CPU @ 2.60GHz,,,,,15.61648178100586,machine,Y,1.0
2025-08-08T11:46:20,scikit-learn-benchmark,534bea7e-1364-4260-9060-a90007b76d5c,scikit-learn_SCL001_d880725b,1.0023760460317137,7.065712763508781e-08,7.0489641003305e-08,0.8,0.0,10.0,1.1141707096248865e-07,0.0,1.3919260702095925e-06,1.503343141172081e-06,Canada,CAN,,gcp,northamerica-northeast2,Linux-6.8.0-1032-gcp-x86_64-with-glibc2.35,3.10.12,3.0.4,2,Intel(R) Xeon(R) CPU @ 2.60GHz,,,,,15.61648178100586,machine,Y,1.0
2025-08-08T11:46:22,scikit-learn-benchmark,b0ec03a4-1120-4c0e-a980-db1e69c4c36f,scikit-learn_SCL001_d880725b,1.0025278199464085,7.067579664900484e-08,7.049759143121129e-08,0.8,0.0,10.0,1.114511988643143e-07,0.0,1.3922891553698317e-06,1.5037403542341457e-06,Canada,CAN,,gcp,northamerica-northeast2,Linux-6.8.0-1032-gcp-x86_64-with-glibc2.35,3.10.12,3.0.4,2,Intel(R) Xeon(R) CPU @ 2.60GHz,,,,,15.61648178100586,machine,Y,1.0
2025-08-08T11:46:24,scikit-learn-benchmark,f1ab604d-efa2-4471-962e-04ad5bb7f265,scikit-learn_SCL001_d880725b,1.0024466440081596,7.067387110677858e-08,7.050137932947513e-08,0.8,0.0,10.0,1.114390569014682e-07,0.0,1.39226032834914e-06,1.503699385250608e-06,Canada,CAN,,gcp,northamerica-northeast2,Linux-6.8.0-1032-gcp-x86_64-with-glibc2.35,3.10.12,3.0.4,2,Intel(R) Xeon(R) CPU @ 2.60GHz,,,,,15.61648178100586,machine,Y,1.0
2025-08-08T11:46:26,scikit-learn-benchmark,8a71a302-3ae7-4cad-b5da-2bdd0d666237,scikit-learn_SCL001_d880725b,1.0018486781045794,7.059499920252711e-08,7.04647325942351e-08,0.8,0.0,10.0,1.113215562784011e-07,0.0,1.3906997033498354e-06,1.5020212596282364e-06,Canada,CAN,,gcp,northamerica-northeast2,Linux-6.8.0-1032-gcp-x86_64-with-glibc2.35,3.10.12,3.0.4,2,Intel(R) Xeon(R) CPU @ 2.60GHz,,,,,15.61648178100586,machine,Y,1.0
2025-08-08T11:46:28,scikit-learn-benchmark,f7637807-88b1-453f-aafc-f25af719b587,scikit-learn_SCL001_d880725b,1.0023738089948893,7.06560545134932e-08,7.048872773755147e-08,0.8000072,0.0,10.0,1.114242336425551e-07,0.0,1.391896075155172e-06,1.503320308797727e-06,Canada,CAN,,gcp,northamerica-northeast2,Linux-6.8.0-1032-gcp-x86_64-with-glibc2.35,3.10.12,3.0.4,2,Intel(R) Xeon(R) CPU @ 2.60GHz,,,,,15.61648178100586,machine,Y,1.0
2025-08-08T11:46:30,scikit-learn-benchmark,68531c5f-ed18-4cf7-bfc0-d04635b6899e,scikit-learn_SCL001_d880725b,1.002593532204628,7.06738253789552e-08,7.049100468815988e-08,0.8000576,0.0,10.0,1.1146189219587297e-07,0.0,1.3922365201223229e-06,1.5036984123181956e-06,Canada,CAN,,gcp,northamerica-northeast2,Linux-6.8.0-1032-gcp-x86_64-with-glibc2.35,3.10.12,3.0.4,2,Intel(R) Xeon(R) CPU @ 2.60GHz,,,,,15.61648178100586,machine,Y,1.0
2025-08-08T11:46:33,scikit-learn-benchmark,9a4f217c-87c7-4c6b-849c-fb7c53d58c37,scikit-learn_SCL001_d880725b,1.0024382728151977,7.066629788976123e-08,7.04944132782416e-08,0.8001944000000001,0.0,10.0,1.1145802042087325e-07,0.0,1.3920802325527702e-06,1.5035382529736431e-06,Canada,CAN,,gcp,northamerica-northeast2,Linux-6.8.0-1032-gcp-x86_64-with-glibc2.35,3.10.12,3.0.4,2,Intel(R) Xeon(R) CPU @ 2.60GHz,,,,,15.61648178100586,machine,Y,1.0
2025-08-08T11:46:35,scikit-learn-benchmark,4c977d63-585f-4716-b666-09582fc03bce,scikit-learn_SCL001_d880725b,1.002471531741321,7.068342142372507e-08,7.050915580709409e-08,0.8025769592,0.0,10.0,1.1179600614341225e-07,0.0,1.3921065773400996e-06,1.503902583483512e-06,Canada,CAN,,gcp,northamerica-northeast2,Linux-6.8.0-1032-gcp-x86_64-with-glibc2.35,3.10.12,3.0.4,2,Intel(R) Xeon(R) CPU @ 2.60GHz,,,,,15.61648178100586,machine,Y,1.0
2025-08-08T11:46:37,scikit-learn-benchmark,c71c88a5-892f-48e8-87aa-4ac353701578,scikit-learn_SCL001_d880725b,1.0025624274276197,7.066961830314069e-08,7.048899536806419e-08,0.8000576,0.0,10.0,1.1145552118034165e-07,0.0,1.3921533788864812e-06,1.5036089000668228e-06,Canada,CAN,,gcp,northamerica-northeast2,Linux-6.8.0-1032-gcp-x86_64-with-glibc2.35,3.10.12,3.0.4,2,Intel(R) Xeon(R) CPU @ 2.60GHz,,,,,15.61648178100586,machine,Y,1.0
2025-08-08T11:46:39,scikit-learn-benchmark,f9ed8dc5-35c9-4783-be8d-37b22d7f421e,scikit-learn_SCL001_d880725b,1.002345898654312,7.066055662702358e-08,7.04951820742601e-08,0.8,0.0,10.0,1.114235046423144e-07,0.0,1.3919925938049954e-06,1.50341609844731e-06,Canada,CAN,,gcp,northamerica-northeast2,Linux-6.8.0-1032-gcp-x86_64-with-glibc2.35,3.10.12,3.0.4,2,Intel(R) Xeon(R) CPU @ 2.60GHz,,,,,15.61648178100586,machine,Y,1.0
2025-08-08T11:46:41,scikit-learn-benchmark,9f0f1a48-2933-42d7-b4d6-ff9d906752ac,scikit-learn_SCL001_d880725b,1.002345039974898,7.065634364893454e-08,7.04910393438012e-08,0.8,0.0,10.0,1.1141636129468681e-07,0.0,1.3919100993209417e-06,1.5033264606156283e-06,Canada,CAN,,gcp,northamerica-northeast2,Linux-6.8.0-1032-gcp-x86_64-with-glibc2.35,3.10.12,3.0.4,2,Intel(R) Xeon(R) CPU @ 2.60GHz,,,,,15.61648178100586,machine,Y,1.0
2025-08-08T11:46:43,scikit-learn-benchmark,d2725be5-dc7a-4a99-bc19-b05e7e3e0ef5,scikit-learn_SCL001_d880725b,1.0023244488984346,7.065755294729024e-08,7.049369395802292e-08,0.8,0.0,10.0,1.114185130637553e-07,0.0,1.391933677304122e-06,1.5033521903678775e-06,Canada,CAN,,gcp,northamerica-northeast2,Linux-6.8.0-1032-gcp-x86_64-with-glibc2.35,3.10.12,3.0.4,2,Intel(R) Xeon(R) CPU @ 2.60GHz,,,,,15.61648178100586,machine,Y,1.0
2025-08-08T11:46:45,scikit-learn-benchmark,3c82e60d-be66-4386-863e-7082bc58a9b7,scikit-learn_SCL001_d880725b,1.0025073271244764,7.065949970442388e-08,7.048277632752946e-08,0.8,0.0,10.0,1.1142047380821573e-07,0.0,1.3919731369242071e-06,1.503393610732423e-06,Canada,CAN,,gcp,northamerica-northeast2,Linux-6.8.0-1032-gcp-x86_64-with-glibc2.35,3.10.12,3.0.4,2,Intel(R) Xeon(R) CPU @ 2.60GHz,,,,,15.61648178100586,machine,Y,1.0
2025-08-08T11:46:47,scikit-learn-benchmark,9104086c-98d7-4117-9d25-db1fa5d852fe,scikit-learn_SCL001_d880725b,1.0023517892695963,7.065870032793314e-08,7.049291584486662e-08,0.8001944000000001,0.0,10.0,1.114445073727329e-07,0.0,1.3919320953492489e-06,1.5033766027219818e-06,Canada,CAN,,gcp,northamerica-northeast2,Linux-6.8.0-1032-gcp-x86_64-with-glibc2.35,3.10.12,3.0.4,2,Intel(R) Xeon(R) CPU @ 2.60GHz,,,,,15.61648178100586,machine,Y,1.0
2025-08-08T11:46:50,scikit-learn-benchmark,9d19080a-8a43-4700-91c3-0b8b9482413a,scikit-learn_SCL001_d880725b,1.002373340073973,7.065865283701275e-08,7.049135288434378e-08,0.8001944000000001,0.0,10.0,1.114495699269066e-07,0.0,1.3919260223499605e-06,1.503375592276867e-06,Canada,CAN,,gcp,northamerica-northeast2,Linux-6.8.0-1032-gcp-x86_64-with-glibc2.35,3.10.12,3.0.4,2,Intel(R) Xeon(R) CPU @ 2.60GHz,,,,,15.61648178100586,machine,Y,1.0
2025-08-08T11:46:52,scikit-learn-benchmark,8d406efd-e651-4383-9993-acfe8331b39c,scikit-learn_SCL001_d880725b,1.0022788802161813,7.16922288661648e-08,7.15292223365033e-08,0.9580544,0.0,10.0,1.334305569554435e-07,0.0,1.391936014665084e-06,1.5253665716205277e-06,Canada,CAN,,gcp,northamerica-northeast2,Linux-6.8.0-1032-gcp-x86_64-with-glibc2.35,3.10.12,3.0.4,2,Intel(R) Xeon(R) CPU @ 2.60GHz,,,,,15.61648178100586,machine,Y,1.0
2025-08-08T11:46:54,scikit-learn-benchmark,46bab1d3-1af0-4a1b-a2e2-cc5bfcd40ed7,scikit-learn_SCL001_d880725b,1.0023919283412397,7.066159115043572e-08,7.049297700088895e-08,0.8,0.0,10.0,1.1142679490149025e-07,0.0,1.3920113146822483e-06,1.5034381095837388e-06,Canada,CAN,,gcp,northamerica-northeast2,Linux-6.8.0-1032-gcp-x86_64-with-glibc2.35,3.10.12,3.0.4,2,Intel(R) Xeon(R) CPU @ 2.60GHz,,,,,15.61648178100586,machine,Y,1.0
2025-08-08T11:46:56,scikit-learn-benchmark,d8711a1c-f312-425e-948a-d038cc1f32b0,scikit-learn_SCL001_d880725b,1.0024488363415005,7.066969220545932e-08,7.049705645165172e-08,0.8004608000000001,0.0,10.0,1.1149979471014606e-07,0.0,1.392110677746435e-06,1.503610472456581e-06,Canada,CAN,,gcp,northamerica-northeast2,Linux-6.8.0-1032-gcp-x86_64-with-glibc2.35,3.10.12,3.0.4,2,Intel(R) Xeon(R) CPU @ 2.60GHz,,,,,15.61648178100586,machine,Y,1.0
2025-08-08T11:46:58,scikit-learn-benchmark,ac70bca6-d14a-49dd-88d6-03994a129255,scikit-learn_SCL001_d880725b,1.0025122319348156,7.067484412057738e-08,7.049773745321518e-08,0.8,0.0,10.0,1.1144875548779965e-07,0.0,1.3922713321840596e-06,1.5037200876718591e-06,Canada,CAN,,gcp,northamerica-northeast2,Linux-6.8.0-1032-gcp-x86_64-with-glibc2.35,3.10.12,3.0.4,2,Intel(R) Xeon(R) CPU @ 2.60GHz,,,,,15.61648178100586,machine,Y,1.0
2025-08-08T11:47:00,scikit-learn-benchmark,1256494e-7739-4276-85ba-19a10ba19f2c,scikit-learn_SCL001_d880725b,1.0024650692939758,7.066552645587778e-08,7.049175938434111e-08,0.8004608000000001,0.0,10.0,1.114989246644444e-07,0.0,1.3920229148223168e-06,1.5035218394867613e-06,Canada,CAN,,gcp,northamerica-northeast2,Linux-6.8.0-1032-gcp-x86_64-with-glibc2.35,3.10.12,3.0.4,2,Intel(R) Xeon(R) CPU @ 2.60GHz,,,,,15.61648178100586,machine,Y,1.0
2025-08-08T11:47:02,scikit-learn-benchmark,e433ef66-e62b-42b3-8658-31bf0f0fd6af,scikit-learn_SCL001_d880725b,1.0025080861523747,7.067212950490001e-08,7.049532116607617e-08,0.8,0.0,10.0,1.1144686024636033e-07,0.0,1.3922154696451294e-06,1.5036623298914896e-06,Canada,CAN,,gcp,northamerica-northeast2,Linux-6.8.0-1032-gcp-x86_64-with-glibc2.35,3.10.12,3.0.4,2,Intel(R) Xeon(R) CPU @ 2.60GHz,,,,,15.61648178100586,machine,Y,1.0
2025-08-08T11:47:05,scikit-learn-benchmark,5432e836-9005-4c9e-9859-f6f091a6ce17,scikit-learn_SCL001_d880725b,1.00235952809453,7.065847881847164e-08,7.049215060866666e-08,0.8,0.0,10.0,1.1141959246661928e-07,0.0,1.3919522972880965e-06,1.5033718897547155e-06,Canada,CAN,,gcp,northamerica-northeast2,Linux-6.8.0-1032-gcp-x86_64-with-glibc2.35,3.10.12,3.0.4,2,Intel(R) Xeon(R) CPU @ 2.60GHz,,,,,15.61648178100586,machine,Y,1.0
2025-08-08T11:47:07,scikit-learn-benchmark,81294720-58c5-4368-87db-796f5e04479a,scikit-learn_SCL001_d880725b,1.002480344846845,7.067179760978454e-08,7.049694088574028e-08,0.8,0.0,10.0,1.1144541245367793e-07,0.0,1.39220985583961e-06,1.503655268293288e-06,Canada,CAN,,gcp,northamerica-northeast2,Linux-6.8.0-1032-gcp-x86_64-with-glibc2.35,3.10.12,3.0.4,2,Intel(R) Xeon(R) CPU @ 2.60GHz,,,,,15.61648178100586,machine,Y,1.0
2025-08-08T11:47:09,scikit-learn-benchmark,b830a0ee-e956-4316-8073-cfcb39895932,scikit-learn_SCL001_d880725b,1.002388040069491,7.065749594377768e-08,7.048916499330871e-08,0.8,0.0,10.0,1.1142490473058489e-07,0.0,1.3919260727965996e-06,1.5033509775271844e-06,Canada,CAN,,gcp,northamerica-northeast2,Linux-6.8.0-1032-gcp-x86_64-with-glibc2.35,3.10.12,3.0.4,2,Intel(R) Xeon(R) CPU @ 2.60GHz,,,,,15.61648178100586,machine,Y,1.0
2025-08-08T11:47:11,scikit-learn-benchmark,aff205e2-a92e-48cd-a1b5-05c28366ae4a,scikit-learn_SCL001_d880725b,1.0024231607094407,7.06638967152685e-08,7.049308065194529e-08,0.8,0.0,10.0,1.1143065057694913e-07,0.0,1.3920565135776996e-06,1.5034871641546488e-06,Canada,CAN,,gcp,northamerica-northeast2,Linux-6.8.0-1032-gcp-x86_64-with-glibc2.35,3.10.12,3.0.4,2,Intel(R) Xeon(R) CPU @ 2.60GHz,,,,,15.61648178100586,machine,Y,1.0
2025-08-08T11:47:13,scikit-learn-benchmark,fea9274a-8e82-48e7-ba6d-96d63c909f65,scikit-learn_SCL001_d880725b,1.0024055293761194,7.065970888185419e-08,7.049014277268762e-08,0.8,0.0,10.0,1.1142801069137125e-07,0.0,1.3919700506246751e-06,1.5033980613160463e-06,Canada,CAN,,gcp,northamerica-northeast2,Linux-6.8.0-1032-gcp-x86_64-with-glibc2.35,3.10.12,3.0.4,2,Intel(R) Xeon(R) CPU @ 2.60GHz,,,,,15.61648178100586,machine,Y,1.0
2025-08-08T11:47:15,scikit-learn-benchmark,39610175-dd83-4e62-bb57-fc7eb69229b6,scikit-learn_SCL001_d880725b,1.0024242671206594,7.066689068003118e-08,7.049598957037736e-08,0.8000576,0.0,10.0,1.1144264285592985e-07,0.0,1.3921082226766482e-06,1.503550865532578e-06,Canada,CAN,,gcp,northamerica-northeast2,Linux-6.8.0-1032-gcp-x86_64-with-glibc2.35,3.10.12,3.0.4,2,Intel(R) Xeon(R) CPU @ 2.60GHz,,,,,15.61648178100586,machine,Y,1.0
2025-08-08T11:47:17,scikit-learn-benchmark,6bda646f-a57f-499e-8e71-cae64425215b,scikit-learn_SCL001_d880725b,1.002415298949927,7.066724262764262e-08,7.049697136672752e-08,0.8,0.0,10.0,1.114348535322481e-07,0.0,1.3921235002473824e-06,1.5035583537796304e-06,Canada,CAN,,gcp,northamerica-northeast2,Linux-6.8.0-1032-gcp-x86_64-with-glibc2.35,3.10.12,3.0.4,2,Intel(R) Xeon(R) CPU @ 2.60GHz,,,,,15.61648178100586,machine,Y,1.0
2025-08-08T11:47:19,scikit-learn-benchmark,e27e4960-e60c-436a-bed1-7950eff866f1,scikit-learn_SCL001_d880725b,1.0024482528679073,7.066191571977319e-08,7.048933999098338e-08,0.8000576,0.0,10.0,1.1143292970394344e-07,0.0,1.3920120856103796e-06,1.5034450153143231e-06,Canada,CAN,,gcp,northamerica-northeast2,Linux-6.8.0-1032-gcp-x86_64-with-glibc2.35,3.10.12,3.0.4,2,Intel(R) Xeon(R) CPU @ 2.60GHz,,,,,15.61648178100586,machine,Y,1.0
2025-08-08T11:47:22,scikit-learn-benchmark,b7cd3940-2cad-4fa7-bca6-aa14fa1ce8e1,scikit-learn_SCL001_d880725b,1.0023880740627646,7.066292785067826e-08,7.04945815688682e-08,0.8000072,0.0,10.0,1.1142764748791669e-07,0.0,1.3920389025265145e-06,1.5034665500144312e-06,Canada,CAN,,gcp,northamerica-northeast2,Linux-6.8.0-1032-gcp-x86_64-with-glibc2.35,3.10.12,3.0.4,2,Intel(R) Xeon(R) CPU @ 2.60GHz,,,,,15.61648178100586,machine,Y,1.0
2025-08-08T11:47:24,scikit-learn-benchmark,44ae2338-10b0-452f-aee0-bf4797f7da92,scikit-learn_SCL001_d880725b,1.0024157259613276,7.06656970063755e-08,7.049539943979466e-08,0.8000576,0.0,10.0,1.1143918853876825e-07,0.0,1.3920862796819872e-06,1.5035254682207554e-06,Canada,CAN,,gcp,northamerica-northeast2,Linux-6.8.0-1032-gcp-x86_64-with-glibc2.35,3.10.12,3.0.4,2,Intel(R) Xeon(R) CPU @ 2.60GHz,,,,,15.61648178100586,machine,Y,1.0
2025-08-08T11:47:26,scikit-learn-benchmark,97d6a75f-b7e8-4fec-9c1e-fd17c5a55689,scikit-learn_SCL001_d880725b,1.0024175429716706,7.066402265750287e-08,7.049360134701863e-08,0.8,0.0,10.0,1.114308052799768e-07,0.0,1.3920590384966798e-06,1.5034898437766566e-06,Canada,CAN,,gcp,northamerica-northeast2,Linux-6.8.0-1032-gcp-x86_64-with-glibc2.35,3.10.12,3.0.4,2,Intel(R) Xeon(R) CPU @ 2.60GHz,,,,,15.61648178100586,machine,Y,1.0
2025-08-08T11:47:28,scikit-learn-benchmark,649f456f-0197-4c6e-8f8e-c298231bde82,scikit-learn_SCL001_d880725b,1.0024076499976218,7.066122967749836e-08,7.049151079170833e-08,0.8,0.0,10.0,1.1142747424956829e-07,0.0,1.392002944420609e-06,1.5034304186701776e-06,Canada,CAN,,gcp,northamerica-northeast2,Linux-6.8.0-1032-gcp-x86_64-with-glibc2.35,3.10.12,3.0.4,2,Intel(R) Xeon(R) CPU @ 2.60GHz,,,,,15.61648178100586,machine,Y,1.0
2025-08-08T11:47:30,scikit-learn-benchmark,d8e73f4b-6283-4565-a723-8be382a4cd12,scikit-learn_SCL001_d880725b,1.002461717929691,7.066531719241497e-08,7.049178629818876e-08,0.8,0.0,10.0,1.1143246427592305e-07,0.0,1.392084922796736e-06,1.503517387072659e-06,Canada,CAN,,gcp,northamerica-northeast2,Linux-6.8.0-1032-gcp-x86_64-with-glibc2.35,3.10.12,3.0.4,2,Intel(R) Xeon(R) CPU @ 2.60GHz,,,,,15.61648178100586,machine,Y,1.0
2025-08-08T11:47:32,scikit-learn-benchmark,4ba4bba9-39ad-43e5-b4cb-709a28894809,scikit-learn_SCL001_d880725b,1.002460562158376,7.065975576670219e-08,7.048631979553012e-08,0.8,0.0,10.0,1.1143281114184197e-07,0.0,1.3919662477241622e-06,1.5033990588660042e-06,Canada,CAN,,gcp,northamerica-northeast2,Linux-6.8.0-1032-gcp-x86_64-with-glibc2.35,3.10.12,3.0.4,2,Intel(R) Xeon(R) CPU @ 2.60GHz,,,,,15.61648178100586,machine,Y,1.0
2025-08-08T11:47:34,scikit-learn-benchmark,d89abeda-a8c2-4d4d-8a77-e4c6dedaf46f,scikit-learn_SCL001_d880725b,1.002531189005822,7.066550887070804e-08,7.04870927165715e-08,0.8,0.0,10.0,1.114375618182951e-07,0.0,1.3920839035159184e-06,1.5035214653342135e-06,Canada,CAN,,gcp,northamerica-northeast2,Linux-6.8.0-1032-gcp-x86_64-with-glibc2.35,3.10.12,3.0.4,2,Intel(R) Xeon(R) CPU @ 2.60GHz,,,,,15.61648178100586,machine,Y,1.0
2025-08-08T11:47:37,scikit-learn-benchmark,19d5e7cc-fac9-4819-8deb-f212bb800b43,scikit-learn_SCL001_d880725b,1.002370402216911,7.066174489763869e-08,7.049464423665975e-08,0.8004608000000001,0.0,10.0,1.1148468689407245e-07,0.0,1.391956693906751e-06,1.5034413808008231e-06,Canada,CAN,,gcp,northamerica-northeast2,Linux-6.8.0-1032-gcp-x86_64-with-glibc2.35,3.10.12,3.0.4,2,Intel(R) Xeon(R) CPU @ 2.60GHz,,,,,15.61648178100586,machine,Y,1.0
2025-08-08T11:47:39,scikit-learn-benchmark,157b9395-ae83-46d5-8c34-05dfae93a1ab,scikit-learn_SCL001_d880725b,1.00240733101964,7.065989539746403e-08,7.049020214725425e-08,0.8,0.0,10.0,1.1142457380063005e-07,0.0,1.391977455932647e-06,1.5034020297332772e-06,Canada,CAN,,gcp,northamerica-northeast2,Linux-6.8.0-1032-gcp-x86_64-with-glibc2.35,3.10.12,3.0.4,2,Intel(R) Xeon(R) CPU @ 2.60GHz,,,,,15.61648178100586,machine,Y,1.0
2025-08-08T11:47:41,scikit-learn-benchmark,a091dc51-f768-44ef-8cfb-f3eeb1c492f2,scikit-learn_SCL001_d880725b,1.0023692599497736,7.06581856455277e-08,7.04911737307948e-08,0.8004608000000001,0.0,10.0,1.114820242622429e-07,0.0,1.3918836277702617e-06,1.5033656520325045e-06,Canada,CAN,,gcp,northamerica-northeast2,Linux-6.8.0-1032-gcp-x86_64-with-glibc2.35,3.10.12,3.0.4,2,Intel(R) Xeon(R) CPU @ 2.60GHz,,,,,15.61648178100586,machine,Y,1.0
2025-08-08T11:47:43,scikit-learn-benchmark,3e3bd97f-2492-495b-ab0d-e825b7debc88,scikit-learn_SCL001_d880725b,1.0024036839604378,7.06589691979914e-08,7.048953463421242e-08,0.8,0.0,10.0,1.114251573259632e-07,0.0,1.391957166035556e-06,1.5033823233615192e-06,Canada,CAN,,gcp,northamerica-northeast2,Linux-6.8.0-1032-gcp-x86_64-with-glibc2.35,3.10.12,3.0.4,2,Intel(R) Xeon(R) CPU @ 2.60GHz,,,,,15.61648178100586,machine,Y,1.0
2025-08-08T11:47:45,scikit-learn-benchmark,896d489c-ec75-49aa-8d8a-a867a25998dd,scikit-learn_SCL001_d880725b,1.0024217362515628,7.066916664800874e-08,7.049843802496513e-08,0.8009000000000002,0.0,10.0,1.1155592914982445e-07,0.0,1.3920433612333402e-06,1.5035992903831647e-06,Canada,CAN,,gcp,northamerica-northeast2,Linux-6.8.0-1032-gcp-x86_64-with-glibc2.35,3.10.12,3.0.4,2,Intel(R) Xeon(R) CPU @ 2.60GHz,,,,,15.61648178100586,machine,Y,1.0
2025-08-08T11:47:47,scikit-learn-benchmark,1e8a77b2-0ebf-42c7-b8ca-218e3eb00320,scikit-learn_SCL001_d880725b,1.0023033991456032,7.065014683139615e-08,7.04877853268987e-08,0.8,0.0,10.0,1.1140526913934284e-07,0.0,1.3917893442946176e-06,1.5031946134339605e-06,Canada,CAN,,gcp,northamerica-northeast2,Linux-6.8.0-1032-gcp-x86_64-with-glibc2.35,3.10.12,3.0.4,2,Intel(R) Xeon(R) CPU @ 2.60GHz,,,,,15.61648178100586,machine,Y,1.0
2025-08-08T11:47:49,scikit-learn-benchmark,afb70d2d-0264-469b-83cc-a38a15efb347,scikit-learn_SCL001_d880725b,1.0023640510626135,7.066216320637613e-08,7.049550822524676e-08,0.8,0.0,10.0,1.114264335483313e-07,0.0,1.392023847438395e-06,1.5034502809867262e-06,Canada,CAN,,gcp,northamerica-northeast2,Linux-6.8.0-1032-gcp-x86_64-with-glibc2.35,3.10.12,3.0.4,2,Intel(R) Xeon(R) CPU @ 2.60GHz,,,,,15.61648178100586,machine,Y,1.0
2025-08-08T11:47:51,scikit-learn-benchmark,587b2a48-d76a-4751-b8ab-88a672878136,scikit-learn_SCL001_d880725b,1.0023384196683764,7.065422630439409e-08,7.048939252250758e-08,0.8,0.0,10.0,1.1141043860051369e-07,0.0,1.3918709721312756e-06,1.5032814107317892e-06,Canada,CAN,,gcp,northamerica-northeast2,Linux-6.8.0-1032-gcp-x86_64-with-glibc2.35,3.10.12,3.0.4,2,Intel(R) Xeon(R) CPU @ 2.60GHz,,,,,15.61648178100586,machine,Y,1.0
2025-08-08T11:47:54,scikit-learn-benchmark,73370361-e84e-419c-afac-8df9670a74c0,scikit-learn_SCL001_d880725b,1.0024046008475125,7.065708651357433e-08,7.048759199013575e-08,0.8,0.0,10.0,1.114227075336708e-07,0.0,1.3919195587125916e-06,1.5033422662462624e-06,Canada,CAN,,gcp,northamerica-northeast2,Linux-6.8.0-1032-gcp-x86_64-with-glibc2.35,3.10.12,3.0.4,2,Intel(R) Xeon(R) CPU @ 2.60GHz,,,,,15.61648178100586,machine,Y,1.0
2025-08-08T11:47:56,scikit-learn-benchmark,039b8ceb-877c-4f2b-b173-274a6f421982,scikit-learn_SCL001_d880725b,1.002516802866012,7.067121371104279e-08,7.049379472643924e-08,0.8,0.0,10.0,1.1144656957023673e-07,0.0,1.3921962753455671e-06,1.503642844915804e-06,Canada,CAN,,gcp,northamerica-northeast2,Linux-6.8.0-1032-gcp-x86_64-with-glibc2.35,3.10.12,3.0.4,2,Intel(R) Xeon(R) CPU @ 2.60GHz,,,,,15.61648178100586,machine,Y,1.0
2025-08-08T11:47:58,scikit-learn-benchmark,a3f8abb7-0d34-44f5-af09-a8630e21581a,scikit-learn_SCL001_d880725b,1.0024119918234646,7.066314278843088e-08,7.049311397391523e-08,0.8,0.0,10.0,1.1143420615957845e-07,0.0,1.3920369169985257e-06,1.5034711231581038e-06,Canada,CAN,,gcp,northamerica-northeast2,Linux-6.8.0-1032-gcp-x86_64-with-glibc2.35,3.10.12,3.0.4,2,Intel(R) Xeon(R) CPU @ 2.60GHz,,,,,15.61648178100586,machine,Y,1.0
2025-08-08T11:48:00,scikit-learn-benchmark,5a36c9a3-6bf4-4238-90b7-2a57e3d0e60e,scikit-learn_SCL001_d880725b,1.0024516070261598,7.066433467225259e-08,7.049151717346548e-08,0.8000576,0.0,10.0,1.11438893909182e-07,0.0,1.392057588479171e-06,1.503496482388353e-06,Canada,CAN,,gcp,northamerica-northeast2,Linux-6.8.0-1032-gcp-x86_64-with-glibc2.35,3.10.12,3.0.4,2,Intel(R) Xeon(R) CPU @ 2.60GHz,,,,,15.61648178100586,machine,Y,1.0
2025-08-08T11:48:02,scikit-learn-benchmark,920e7cf3-ea1c-4ade-967d-634cc4d0aa47,scikit-learn_SCL001_d880725b,1.0026947297155857,7.068824406772538e-08,7.049827028389397e-08,0.8000072,0.0,10.0,1.1147758276329357e-07,0.0,1.3925276101670332e-06,1.5040051929303269e-06,Canada,CAN,,gcp,northamerica-northeast2,Linux-6.8.0-1032-gcp-x86_64-with-glibc2.35,3.10.12,3.0.4,2,Intel(R) Xeon(R) CPU @ 2.60GHz,,,,,15.61648178100586,machine,Y,1.0
2025-08-08T11:48:04,scikit-learn-benchmark,dddbe9df-4c4e-48b8-a3ec-2957e859c569,scikit-learn_SCL001_d880725b,1.0025256159715354,7.067209005024113e-08,7.04940491538001e-08,0.8000576,0.0,10.0,1.1145804907528481e-07,0.0,1.3922034413553774e-06,1.5036614904306622e-06,Canada,CAN,,gcp,northamerica-northeast2,Linux-6.8.0-1032-gcp-x86_64-with-glibc2.35,3.10.12,3.0.4,2,Intel(R) Xeon(R) CPU @ 2.60GHz,,,,,15.61648178100586,machine,Y,1.0
2025-08-08T11:48:06,scikit-learn-benchmark,d9c4560d-214f-47e9-aafb-b0d61dee55b6,scikit-learn_SCL001_d880725b,1.0024013458751142,7.066310147237447e-08,7.049382142507433e-08,0.8,0.0,10.0,1.1142969234950013e-07,0.0,1.3920405517435736e-06,1.5034702440930738e-06,Canada,CAN,,gcp,northamerica-northeast2,Linux-6.8.0-1032-gcp-x86_64-with-glibc2.35,3.10.12,3.0.4,2,Intel(R) Xeon(R) CPU @ 2.60GHz,,,,,15.61648178100586,machine,Y,1.0
2025-08-08T11:48:09,scikit-learn-benchmark,bd7d35a1-4840-44b5-8d2d-bc89d33ffe45,scikit-learn_SCL001_d880725b,1.0024162782356143,7.06585748166922e-08,7.048825557887056e-08,0.8000072,0.0,10.0,1.1142290908297237e-07,0.0,1.3919510231870745e-06,1.5033739322700466e-06,Canada,CAN,,gcp,northamerica-northeast2,Linux-6.8.0-1032-gcp-x86_64-with-glibc2.35,3.10.12,3.0.4,2,Intel(R) Xeon(R) CPU @ 2.60GHz,,,,,15.61648178100586,machine,Y,1.0
2025-08-08T11:48:11,scikit-learn-benchmark,579acac8-a54f-4991-a60f-5ad79b3aac03,scikit-learn_SCL001_d880725b,1.0024022781290114,7.065455840134785e-08,7.048523326705216e-08,0.8,0.0,10.0,1.1142080422076916e-07,0.0,1.3918676724036531e-06,1.5032884766244223e-06,Canada,CAN,,gcp,northamerica-northeast2,Linux-6.8.0-1032-gcp-x86_64-with-glibc2.35,3.10.12,3.0.4,2,Intel(R) Xeon(R) CPU @ 2.60GHz,,,,,15.61648178100586,machine,Y,1.0
2025-08-08T11:48:13,scikit-learn-benchmark,c33ab42e-beba-42a2-a1f4-7fa95160296d,scikit-learn_SCL001_d880725b,1.002437743823975,7.066121033749855e-08,7.048937529820945e-08,0.8,0.0,10.0,1.1142602148983213e-07,0.0,1.3920039856909878e-06,1.50343000718082e-06,Canada,CAN,,gcp,northamerica-northeast2,Linux-6.8.0-1032-gcp-x86_64-with-glibc2.35,3.10.12,3.0.4,2,Intel(R) Xeon(R) CPU @ 2.60GHz,,,,,15.61648178100586,machine,Y,1.0
2025-08-08T11:48:15,scikit-learn-benchmark,1ccad7b8-2c17-42bb-a0bd-10664302044a,scikit-learn_SCL001_d880725b,1.0024495772086084,7.066127691495544e-08,7.048860962335558e-08,0.8,0.0,10.0,1.1143088651200137e-07,0.0,1.3920005372104546e-06,1.503431423722456e-06,Canada,CAN,,gcp,northamerica-northeast2,Linux-6.8.0-1032-gcp-x86_64-with-glibc2.35,3.10.12,3.0.4,2,Intel(R) Xeon(R) CPU @ 2.60GHz,,,,,15.61648178100586,machine,Y,1.0
2025-08-08T11:48:17,scikit-learn-benchmark,b7c7e317-e9f0-4b93-9f22-ab207e603bf0,scikit-learn_SCL001_d880725b,1.0024622110649943,7.066500061755587e-08,7.049143582428198e-08,0.8,0.0,10.0,1.1143211596128016e-07,0.0,1.3920785354760786e-06,1.5035106514373588e-06,Canada,CAN,,gcp,northamerica-northeast2,Linux-6.8.0-1032-gcp-x86_64-with-glibc2.35,3.10.12,3.0.4,2,Intel(R) Xeon(R) CPU @ 2.60GHz,,,,,15.61648178100586,machine,Y,1.0
2025-08-08T11:48:19,scikit-learn-benchmark,eb8cf561-2a0b-47ad-a614-de87ff189440,scikit-learn_SCL001_d880725b,1.0023987726308403,7.066155477333814e-08,7.04924593910702e-08,0.8,0.0,10.0,1.1142659394277468e-07,0.0,1.3920107416601644e-06,1.5034373356029391e-06,Canada,CAN,,gcp,northamerica-northeast2,Linux-6.8.0-1032-gcp-x86_64-with-glibc2.35,3.10.12,3.0.4,2,Intel(R) Xeon(R) CPU @ 2.60GHz,,,,,15.61648178100586,machine,Y,1.0
2025-08-08T11:48:21,scikit-learn-benchmark,b6c97759-2ed8-4105-8eb9-d938022304da,scikit-learn_SCL001_d880725b,1.0023481780663133,7.066393977437857e-08,7.049839698486848e-08,0.8009000000000002,0.0,10.0,1.1154527474706997e-07,0.0,1.391942805558857e-06,1.503488080305927e-06,Canada,CAN,,gcp,northamerica-northeast2,Linux-6.8.0-1032-gcp-x86_64-with-glibc2.35,3.10.12,3.0.4,2,Intel(R) Xeon(R) CPU @ 2.60GHz,,,,,15.61648178100586,machine,Y,1.0
2025-08-08T11:48:23,scikit-learn-benchmark,1a4eba1d-9444-4544-ac2f-57da36d97ccc,scikit-learn_SCL001_d880725b,1.00254589272663,7.066221998130076e-08,7.048277838844895e-08,0.8,0.0,10.0,1.1142734531313184e-07,0.0,1.392024143650714e-06,1.503451488963846e-06,Canada,CAN,,gcp,northamerica-northeast2,Linux-6.8.0-1032-gcp-x86_64-with-glibc2.35,3.10.12,3.0.4,2,Intel(R) Xeon(R) CPU @ 2.60GHz,,,,,15.61648178100586,machine,Y,1.0
2025-08-08T11:48:26,scikit-learn-benchmark,f0c2b110-c710-4a28-a51e-8384416dc876,scikit-learn_SCL001_d880725b,1.0023515722714365,7.066243064619111e-08,7.04966526725373e-08,0.8004608000000001,0.0,10.0,1.1148690751410857e-07,0.0,1.391969063681447e-06,1.5034559711955557e-06,Canada,CAN,,gcp,northamerica-northeast2,Linux-6.8.0-1032-gcp-x86_64-with-glibc2.35,3.10.12,3.0.4,2,Intel(R) Xeon(R) CPU @ 2.60GHz,,,,,15.61648178100586,machine,Y,1.0
2025-08-08T11:48:28,scikit-learn-benchmark,867f7779-ce8a-4be0-87d7-ec4fe8fa26dd,scikit-learn_SCL001_d880725b,1.0024615512229502,7.066172286816357e-08,7.04882125224254e-08,0.8,0.0,10.0,1.1143153895520504e-07,0.0,1.3920093731333814e-06,1.5034409120885864e-06,Canada,CAN,,gcp,northamerica-northeast2,Linux-6.8.0-1032-gcp-x86_64-with-glibc2.35,3.10.12,3.0.4,2,Intel(R) Xeon(R) CPU @ 2.60GHz,,,,,15.61648178100586,machine,Y,1.0
2025-08-08T11:48:30,scikit-learn-benchmark,173815a3-dd83-4f29-b337-6de15edbacd0,scikit-learn_SCL001_d880725b,1.00214573321864,7.689013950521866e-08,7.67255070360544e-08,1.7550872000000004,0.0,10.0,2.443488123298965e-07,0.0,1.3916116026747557e-06,1.635960415004652e-06,Canada,CAN,,gcp,northamerica-northeast2,Linux-6.8.0-1032-gcp-x86_64-with-glibc2.35,3.10.12,3.0.4,2,Intel(R) Xeon(R) CPU @ 2.60GHz,,,,,15.61648178100586,machine,Y,1.0
2025-08-08T11:48:32,scikit-learn-benchmark,04b7aa5e-d372-4f11-a556-093544910cea,scikit-learn_SCL001_d880725b,1.0021342779509723,7.652882990431196e-08,7.63658439673251e-08,1.7000000000000002,0.0,10.0,2.366909654940375e-07,0.0,1.391582011193451e-06,1.6282729766874883e-06,Canada,CAN,,gcp,northamerica-northeast2,Linux-6.8.0-1032-gcp-x86_64-with-glibc2.35,3.10.12,3.0.4,2,Intel(R) Xeon(R) CPU @ 2.60GHz,,,,,15.61648178100586,machine,Y,1.0
2025-08-08T11:48:34,scikit-learn-benchmark,ed6baf5a-939e-4d20-bbbe-3e0a92c7b37d,scikit-learn_SCL001_d880725b,1.002369251102209,7.066029794327916e-08,7.049328165801256e-08,0.8,0.0,10.0,1.1142358090728522e-07,0.0,1.391987013630569e-06,1.5034105945378542e-06,Canada,CAN,,gcp,northamerica-northeast2,Linux-6.8.0-1032-gcp-x86_64-with-glibc2.35,3.10.12,3.0.4,2,Intel(R) Xeon(R) CPU @ 2.60GHz,,,,,15.61648178100586,machine,Y,1.0
2025-08-08T11:48:36,scikit-learn-benchmark,7a757ed4-c170-4541-bc23-68ce605d13b1,scikit-learn_SCL001_d880725b,1.0024842726998031,7.06626764082143e-08,7.04875660721457e-08,0.8,0.0,10.0,1.1143846126894156e-07,0.0,1.3920227389058309e-06,1.5034612001747725e-06,Canada,CAN,,gcp,northamerica-northeast2,Linux-6.8.0-1032-gcp-x86_64-with-glibc2.35,3.10.12,3.0.4,2,Intel(R) Xeon(R) CPU @ 2.60GHz,,,,,15.61648178100586,machine,Y,1.0
2025-08-08T11:48:38,scikit-learn-benchmark,22e25e7c-177d-48e5-8fa0-e867071e450a,scikit-learn_SCL001_d880725b,1.0025643641129136,7.067940626676299e-08,7.049862213016254e-08,0.8,0.0,10.0,1.1145696778678233e-07,0.0,1.3923601868251958e-06,1.5038171546119782e-06,Canada,CAN,,gcp,northamerica-northeast2,Linux-6.8.0-1032-gcp-x86_64-with-glibc2.35,3.10.12,3.0.4,2,Intel(R) Xeon(R) CPU @ 2.60GHz,,,,,15.61648178100586,machine,Y,1.0
2025-08-08T11:48:41,scikit-learn-benchmark,f78e902a-8e7d-4249-92c8-a0c2ff100072,scikit-learn_SCL001_d880725b,1.0024108770303428,7.06612406181068e-08,7.049129477469538e-08,0.8,0.0,10.0,1.1142742375118865e-07,0.0,1.3920032276978924e-06,1.503430651449081e-06,Canada,CAN,,gcp,northamerica-northeast2,Linux-6.8.0-1032-gcp-x86_64-with-glibc2.35,3.10.12,3.0.4,2,Intel(R) Xeon(R) CPU @ 2.60GHz,,,,,15.61648178100586,machine,Y,1.0
2025-08-08T11:48:43,scikit-learn-benchmark,e14a7d63-8977-43f0-94ad-139004140025,scikit-learn_SCL001_d880725b,1.0025382456369698,7.067955121476612e-08,7.050060336586899e-08,0.8000072,0.0,10.0,1.1145247573640528e-07,0.0,1.3923677628756395e-06,1.503820238612045e-06,Canada,CAN,,gcp,northamerica-northeast2,Linux-6.8.0-1032-gcp-x86_64-with-glibc2.35,3.10.12,3.0.4,2,Intel(R) Xeon(R) CPU @ 2.60GHz,,,,,15.61648178100586,machine,Y,1.0
2025-08-08T11:48:45,scikit-learn-benchmark,04de79a8-adca-4dda-8a54-5924b0d47aae,scikit-learn_SCL001_d880725b,1.002449312247336,7.066341804237001e-08,7.049076415041236e-08,0.8,0.0,10.0,1.1143294576969413e-07,0.0,1.3920440338551998e-06,1.5034769796248938e-06,Canada,CAN,,gcp,northamerica-northeast2,Linux-6.8.0-1032-gcp-x86_64-with-glibc2.35,3.10.12,3.0.4,2,Intel(R) Xeon(R) CPU @ 2.60GHz,,,,,15.61648178100586,machine,Y,1.0
2025-08-08T11:48:47,scikit-learn-benchmark,ffd2b100-4214-44bd-9a4c-96b761a1202c,scikit-learn_SCL001_d880725b,1.0025135139003396,7.083825712556323e-08,7.066065059807792e-08,0.8243,0.0,10.0,1.1483957760892297e-07,0.0,1.3923573825094435e-06,1.5071969601183664e-06,Canada,CAN,,gcp,northamerica-northeast2,Linux-6.8.0-1032-gcp-x86_64-with-glibc2.35,3.10.12,3.0.4,2,Intel(R) Xeon(R) CPU @ 2.60GHz,,,,,15.61648178100586,machine,Y,1.0
2025-08-08T11:48:49,scikit-learn-benchmark,3542d704-7b90-4b15-aeed-873b0573433d,scikit-learn_SCL001_d880725b,1.002378456760198,7.06629986602849e-08,7.049532856948641e-08,0.8000072,0.0,10.0,1.1142963525862156e-07,0.0,1.3920384213431844e-06,1.503468056601806e-06,Canada,CAN,,gcp,northamerica-northeast2,Linux-6.8.0-1032-gcp-x86_64-with-glibc2.35,3.10.12,3.0.4,2,Intel(R) Xeon(R) CPU @ 2.60GHz,,,,,15.61648178100586,machine,Y,1.0
2025-08-08T11:48:51,scikit-learn-benchmark,044b4d70-a518-479b-b492-51c878eb800f,scikit-learn_SCL001_d880725b,1.002499825321138,7.066233036033829e-08,7.048612735438884e-08,0.8000072,0.0,10.0,1.1143258737079129e-07,0.0,1.3920212500832148e-06,1.503453837454006e-06,Canada,CAN,,gcp,northamerica-northeast2,Linux-6.8.0-1032-gcp-x86_64-with-glibc2.35,3.10.12,3.0.4,2,Intel(R) Xeon(R) CPU @ 2.60GHz,,,,,15.61648178100586,machine,Y,1.0
2025-08-08T11:48:53,scikit-learn-benchmark,2524fc7e-f09c-409b-ad6f-fbc4c0369067,scikit-learn_SCL001_d880725b,1.0022740461863575,7.064464670616306e-08,7.048436201153288e-08,0.8,0.0,10.0,1.1139736645337608e-07,0.0,1.3916802230394549e-06,1.503077589492831e-06,Canada,CAN,,gcp,northamerica-northeast2,Linux-6.8.0-1032-gcp-x86_64-with-glibc2.35,3.10.12,3.0.4,2,Intel(R) Xeon(R) CPU @ 2.60GHz,,,,,15.61648178100586,machine,Y,1.0
2025-08-08T11:48:56,scikit-learn-benchmark,17e9c776-2935-4df1-8148-7855365ef7c1,scikit-learn_SCL001_d880725b,1.002355889417231,7.066201322836181e-08,7.049593260677568e-08,0.8,0.0,10.0,1.1142445583310393e-07,0.0,1.392022634132041e-06,1.5034470899651448e-06,Canada,CAN,,gcp,northamerica-northeast2,Linux-6.8.0-1032-gcp-x86_64-with-glibc2.35,3.10.12,3.0.4,2,Intel(R) Xeon(R) CPU @ 2.60GHz,,,,,15.61648178100586,machine,Y,1.0
2025-08-08T11:48:58,scikit-learn-benchmark,fa8ce941-24e9-48e1-b9e6-1d78bdd403b2,scikit-learn_SCL001_d880725b,1.00237238407135,7.066012197432834e-08,7.049288577497228e-08,0.8,0.0,10.0,1.114218728616834e-07,0.0,1.3919849776559406e-06,1.503406850517624e-06,Canada,CAN,,gcp,northamerica-northeast2,Linux-6.8.0-1032-gcp-x86_64-with-glibc2.35,3.10.12,3.0.4,2,Intel(R) Xeon(R) CPU @ 2.60GHz,,,,,15.61648178100586,machine,Y,1.0
2025-08-08T11:49:00,scikit-learn-benchmark,e58fc712-8f5a-4c90-bc61-559e59ba827b,scikit-learn_SCL001_d880725b,1.002496864181012,7.06741631424779e-08,7.049813886471857e-08,0.8,0.0,10.0,1.114407651540306e-07,0.0,1.3922648336220949e-06,1.5037055987761254e-06,Canada,CAN,,gcp,northamerica-northeast2,Linux-6.8.0-1032-gcp-x86_64-with-glibc2.35,3.10.12,3.0.4,2,Intel(R) Xeon(R) CPU @ 2.60GHz,,,,,15.61648178100586,machine,Y,1.0
2025-08-08T11:49:02,scikit-learn-benchmark,5204ec9b-f58c-42cd-b151-4281c8579b1c,scikit-learn_SCL001_d880725b,1.0023513939231634,7.065849959808919e-08,7.049274338965563e-08,0.8,0.0,10.0,1.1142023507919577e-07,0.0,1.3919520967950423e-06,1.503372331874238e-06,Canada,CAN,,gcp,northamerica-northeast2,Linux-6.8.0-1032-gcp-x86_64-with-glibc2.35,3.10.12,3.0.4,2,Intel(R) Xeon(R) CPU @ 2.60GHz,,,,,15.61648178100586,machine,Y,1.0
2025-08-08T11:49:04,scikit-learn-benchmark,b87a2ab6-1dc5-46a1-96cb-495cc3bb95f4,scikit-learn_SCL001_d880725b,1.0024843299761417,7.067082266028349e-08,7.049568810912527e-08,0.8,0.0,10.0,1.1144208069890738e-07,0.0,1.3921924439879756e-06,1.503634524686883e-06,Canada,CAN,,gcp,northamerica-northeast2,Linux-6.8.0-1032-gcp-x86_64-with-glibc2.35,3.10.12,3.0.4,2,Intel(R) Xeon(R) CPU @ 2.60GHz,,,,,15.61648178100586,machine,Y,1.0
2025-08-08T11:49:06,scikit-learn-benchmark,9998f0dc-36cf-4140-aad8-144952bdf106,scikit-learn_SCL001_d880725b,1.0024737338535488,7.066774858541641e-08,7.049336675761746e-08,0.8000072,0.0,10.0,1.114383128830683e-07,0.0,1.3921308059555788e-06,1.503569118838647e-06,Canada,CAN,,gcp,northamerica-northeast2,Linux-6.8.0-1032-gcp-x86_64-with-glibc2.35,3.10.12,3.0.4,2,Intel(R) Xeon(R) CPU @ 2.60GHz,,,,,15.61648178100586,machine,Y,1.0
2025-08-08T11:49:08,scikit-learn-benchmark,634d8619-8c15-4f86-986b-f94c020effbf,scikit-learn_SCL001_d880725b,1.0024876799434423,7.068390286539871e-08,7.05085002834015e-08,0.8036864,0.0,10.0,1.1194513306221697e-07,0.0,1.39196769386116e-06,1.503912826923377e-06,Canada,CAN,,gcp,northamerica-northeast2,Linux-6.8.0-1032-gcp-x86_64-with-glibc2.35,3.10.12,3.0.4,2,Intel(R) Xeon(R) CPU @ 2.60GHz,,,,,15.61648178100586,machine,Y,1.0
2025-08-08T11:49:10,scikit-learn-benchmark,9d1e1df6-f97f-4eb5-8b2b-fd801966716d,scikit-learn_SCL001_d880725b,1.002468655817211,7.066020788205787e-08,7.048620171017296e-08,0.8,0.0,10.0,1.114306506804295e-07,0.0,1.3919780276612276e-06,1.5034086783416569e-06,Canada,CAN,,gcp,northamerica-northeast2,Linux-6.8.0-1032-gcp-x86_64-with-glibc2.35,3.10.12,3.0.4,2,Intel(R) Xeon(R) CPU @ 2.60GHz,,,,,15.61648178100586,machine,Y,1.0
2025-08-08T11:49:13,scikit-learn-benchmark,dd93f12a-950f-474c-8659-11f956507fc7,scikit-learn_SCL001_d880725b,1.002430684864521,7.066453838077197e-08,7.049319164678435e-08,0.8000576,0.0,10.0,1.114331970127672e-07,0.0,1.392067619599402e-06,1.5035008166121692e-06,Canada,CAN,,gcp,northamerica-northeast2,Linux-6.8.0-1032-gcp-x86_64-with-glibc2.35,3.10.12,3.0.4,2,Intel(R) Xeon(R) CPU @ 2.60GHz,,,,,15.61648178100586,machine,Y,1.0
2025-08-08T11:49:15,scikit-learn-benchmark,9cf433f8-2a95-40c9-a5da-2166d813b703,scikit-learn_SCL001_d880725b,1.002515799831599,7.066104117268699e-08,7.048371824619274e-08,0.8,0.0,10.0,1.1144250776204801e-07,0.0,1.3919839001674618e-06,1.50342640792951e-06,Canada,CAN,,gcp,northamerica-northeast2,Linux-6.8.0-1032-gcp-x86_64-with-glibc2.35,3.10.12,3.0.4,2,Intel(R) Xeon(R) CPU @ 2.60GHz,,,,,15.61648178100586,machine,Y,1.0
2025-08-08T11:49:17,scikit-learn-benchmark,2fee50cb-e49a-4d49-b693-86405b306996,scikit-learn_SCL001_d880725b,1.0024165259674191,7.066606399315982e-08,7.049570928109045e-08,0.8000072,0.0,10.0,1.114355091629643e-07,0.0,1.3920977672872446e-06,1.503533276450209e-06,Canada,CAN,,gcp,northamerica-northeast2,Linux-6.8.0-1032-gcp-x86_64-with-glibc2.35,3.10.12,3.0.4,2,Intel(R) Xeon(R) CPU @ 2.60GHz,,,,,15.61648178100586,machine,Y,1.0
2025-08-08T11:49:19,scikit-learn-benchmark,5c37b4f0-59b6-4ff0-8d5c-c9a84cc10fce,scikit-learn_SCL001_d880725b,1.002397061791271,7.066179627389958e-08,7.049282062701564e-08,0.8000072,0.0,10.0,1.1142585457234417e-07,0.0,1.392016619340413e-06,1.503442473912757e-06,Canada,CAN,,gcp,northamerica-northeast2,Linux-6.8.0-1032-gcp-x86_64-with-glibc2.35,3.10.12,3.0.4,2,Intel(R) Xeon(R) CPU @ 2.60GHz,,,,,15.61648178100586,machine,Y,1.0
2025-08-08T11:49:21,scikit-learn-benchmark,128f5c27-4de0-420c-bcb4-d35fa59bb71f,scikit-learn_SCL001_d880725b,1.0025364952161908,7.066820919477484e-08,7.04894131355644e-08,0.8,0.0,10.0,1.114445042072071e-07,0.0,1.3921344148305557e-06,1.5035789190377626e-06,Canada,CAN,,gcp,northamerica-northeast2,Linux-6.8.0-1032-gcp-x86_64-with-glibc2.35,3.10.12,3.0.4,2,Intel(R) Xeon(R) CPU @ 2.60GHz,,,,,15.61648178100586,machine,Y,1.0
2025-08-08T11:49:23,scikit-learn-benchmark,d305cf5a-4440-49ce-98c9-86ad388208e0,scikit-learn_SCL001_d880725b,1.0025607538409531,7.066378847400968e-08,7.0483298097683e-08,0.8,0.0,10.0,1.1145446728914977e-07,0.0,1.3920303938599926e-06,1.5034848611491423e-06,Canada,CAN,,gcp,northamerica-northeast2,Linux-6.8.0-1032-gcp-x86_64-with-glibc2.35,3.10.12,3.0.4,2,Intel(R) Xeon(R) CPU @ 2.60GHz,,,,,15.61648178100586,machine,Y,1.0
2025-08-08T11:49:25,scikit-learn-benchmark,7ead9b2f-39a6-4a32-a238-2170c32d8093,scikit-learn_SCL001_d880725b,1.0026063830591738,7.06905483220083e-08,7.05067806433825e-08,0.8,0.0,10.0,1.1146806935883233e-07,0.0,1.3925861502583656e-06,1.504054219617198e-06,Canada,CAN,,gcp,northamerica-northeast2,Linux-6.8.0-1032-gcp-x86_64-with-glibc2.35,3.10.12,3.0.4,2,Intel(R) Xeon(R) CPU @ 2.60GHz,,,,,15.61648178100586,machine,Y,1.0
2025-08-08T11:49:28,scikit-learn-benchmark,14c850b1-4796-411c-a85e-fac59a90a7ed,scikit-learn_SCL001_d880725b,1.002457074355334,7.065953104285938e-08,7.048634086232523e-08,0.8,0.0,10.0,1.1142571311857969e-07,0.0,1.3919685643890664e-06,1.503394277507646e-06,Canada,CAN,,gcp,northamerica-northeast2,Linux-6.8.0-1032-gcp-x86_64-with-glibc2.35,3.10.12,3.0.4,2,Intel(R) Xeon(R) CPU @ 2.60GHz,,,,,15.61648178100586,machine,Y,1.0
2025-08-08T11:49:30,scikit-learn-benchmark,9ef8c605-ef52-444b-b30b-0dc57648ce35,scikit-learn_SCL001_d880725b,1.002496755216271,7.06712575026581e-08,7.049524812418175e-08,0.8,0.0,10.0,1.1144498156176674e-07,0.0,1.392198795090533e-06,1.5036437766522995e-06,Canada,CAN,,gcp,northamerica-northeast2,Linux-6.8.0-1032-gcp-x86_64-with-glibc2.35,3.10.12,3.0.4,2,Intel(R) Xeon(R) CPU @ 2.60GHz,,,,,15.61648178100586,machine,Y,1.0
2025-08-08T11:49:32,scikit-learn-benchmark,f401dcdf-a95d-405f-a4a5-d6a03f31f7f9,scikit-learn_SCL001_d880725b,1.0024369382299485,7.06621505756759e-08,7.049036989842723e-08,0.8,0.0,10.0,1.1142827580786417e-07,0.0,1.3920217364405592e-06,1.5034500122484234e-06,Canada,CAN,,gcp,northamerica-northeast2,Linux-6.8.0-1032-gcp-x86_64-with-glibc2.35,3.10.12,3.0.4,2,Intel(R) Xeon(R) CPU @ 2.60GHz,,,,,15.61648178100586,machine,Y,1.0
2025-08-08T11:49:34,scikit-learn-benchmark,4a82d16b-d59e-4660-8ba3-db0b4853bd60,scikit-learn_SCL001_d880725b,1.0024979570880532,7.066339361020064e-08,7.04873193113091e-08,0.8000072,0.0,10.0,1.1143775387753197e-07,0.0,1.3920387059139709e-06,1.5034764597915029e-06,Canada,CAN,,gcp,northamerica-northeast2,Linux-6.8.0-1032-gcp-x86_64-with-glibc2.35,3.10.12,3.0.4,2,Intel(R) Xeon(R) CPU @ 2.60GHz,,,,,15.61648178100586,machine,Y,1.0
2025-08-08T11:49:36,scikit-learn-benchmark,dd94e265-ecc7-459c-9b42-37e4e813cc47,scikit-learn_SCL001_d880725b,1.0024454318918288,7.06658556921304e-08,7.049346871556771e-08,0.8,0.0,10.0,1.1143344175070525e-07,0.0,1.3920954027627077e-06,1.5035288445134128e-06,Canada,CAN,,gcp,northamerica-northeast2,Linux-6.8.0-1032-gcp-x86_64-with-glibc2.35,3.10.12,3.0.4,2,Intel(R) Xeon(R) CPU @ 2.60GHz,,,,,15.61648178100586,machine,Y,1.0
2025-08-08T11:49:38,scikit-learn-benchmark,d0d66a7d-4250-433e-8138-476b9b6dddb4,scikit-learn_SCL001_d880725b,1.00243399431929,7.066525125111434e-08,7.049367005864569e-08,0.8001944000000001,0.0,10.0,1.1145801400353648e-07,0.0,1.3920579700627262e-06,1.5035159840662626e-06,Canada,CAN,,gcp,northamerica-northeast2,Linux-6.8.0-1032-gcp-x86_64-with-glibc2.35,3.10.12,3.0.4,2,Intel(R) Xeon(R) CPU @ 2.60GHz,,,,,15.61648178100586,machine,Y,1.0
2025-08-08T11:49:40,scikit-learn-benchmark,df304a59-22df-41a1-b440-33efc00238d2,scikit-learn_SCL001_d880725b,1.0024741170927882,7.06674241299315e-08,7.049301615374336e-08,0.8000576,0.0,10.0,1.114450961362149e-07,0.0,1.3921171193942427e-06,1.5035622155304577e-06,Canada,CAN,,gcp,northamerica-northeast2,Linux-6.8.0-1032-gcp-x86_64-with-glibc2.35,3.10.12,3.0.4,2,Intel(R) Xeon(R) CPU @ 2.60GHz,,,,,15.61648178100586,machine,Y,1.0
2025-08-08T11:49:43,scikit-learn-benchmark,7ee67db4-57d9-41f7-a46d-7abe10059749,scikit-learn_SCL001_d880725b,1.0024218698963523,7.065913298855435e-08,7.048841920803293e-08,0.8,0.0,10.0,1.1142201949324873e-07,0.0,1.3919637887738649e-06,1.5033858082671134e-06,Canada,CAN,,gcp,northamerica-northeast2,Linux-6.8.0-1032-gcp-x86_64-with-glibc2.35,3.10.12,3.0.4,2,Intel(R) Xeon(R) CPU @ 2.60GHz,,,,,15.61648178100586,machine,Y,1.0
2025-08-08T11:49:45,scikit-learn-benchmark,005c6850-e7b4-43dc-81b6-8c0bc0659b17,scikit-learn_SCL001_d880725b,1.0022194450721145,7.064533038201158e-08,7.048888417538969e-08,0.8004608000000001,0.0,10.0,1.1144553607997632e-07,0.0,1.391646599707504e-06,1.5030921357874804e-06,Canada,CAN,,gcp,northamerica-northeast2,Linux-6.8.0-1032-gcp-x86_64-with-glibc2.35,3.10.12,3.0.4,2,Intel(R) Xeon(R) CPU @ 2.60GHz,,,,,15.61648178100586,machine,Y,1.0
2025-08-08T11:49:47,scikit-learn-benchmark,11744fdd-735c-4f3b-a7a7-d12b4aa417b4,scikit-learn_SCL001_d880725b,1.002132306341082,7.062620617563112e-08,7.047592990340445e-08,0.8,0.0,10.0,1.1136760448829996e-07,0.0,1.3913176332910857e-06,1.5026852377793857e-06,Canada,CAN,,gcp,northamerica-northeast2,Linux-6.8.0-1032-gcp-x86_64-with-glibc2.35,3.10.12,3.0.4,2,Intel(R) Xeon(R) CPU @ 2.60GHz,,,,,15.61648178100586,machine,Y,1.0
2025-08-08T11:49:49,scikit-learn-benchmark,ce87d84c-6464-4ec2-a824-305061aa18a2,scikit-learn_SCL001_d880725b,1.0023577199317515,7.06583698525404e-08,7.049216906051403e-08,0.8,0.0,10.0,1.1142208199534153e-07,0.0,1.3919474893353052e-06,1.5033695713306466e-06,Canada,CAN,,gcp,northamerica-northeast2,Linux-6.8.0-1032-gcp-x86_64-with-glibc2.35,3.10.12,3.0.4,2,Intel(R) Xeon(R) CPU @ 2.60GHz,,,,,15.61648178100586,machine,Y,1.0
2025-08-08T11:49:51,scikit-learn-benchmark,e0afec8c-e9e5-4cbd-9ab3-3f82a13c82a6,scikit-learn_SCL001_d880725b,1.0024783653207123,7.067123437636634e-08,7.049651825030383e-08,0.8,0.0,10.0,1.1144327620665233e-07,0.0,1.392200008396887e-06,1.5036432846035391e-06,Canada,CAN,,gcp,northamerica-northeast2,Linux-6.8.0-1032-gcp-x86_64-with-glibc2.35,3.10.12,3.0.4,2,Intel(R) Xeon(R) CPU @ 2.60GHz,,,,,15.61648178100586,machine,Y,1.0
2025-08-08T11:49:53,scikit-learn-benchmark,f41e0011-f69c-4ee9-8ca5-4084d984655e,scikit-learn_SCL001_d880725b,1.0024646231904626,7.066154422181556e-08,7.048781831016322e-08,0.8,0.0,10.0,1.1143136624660757e-07,0.0,1.392005744855851e-06,1.5034371111024587e-06,Canada,CAN,,gcp,northamerica-northeast2,Linux-6.8.0-1032-gcp-x86_64-with-glibc2.35,3.10.12,3.0.4,2,Intel(R) Xeon(R) CPU @ 2.60GHz,,,,,15.61648178100586,machine,Y,1.0
2025-08-08T11:49:56,scikit-learn-benchmark,fe2e3cb4-68f7-4244-9424-f4d3545edeff,scikit-learn_SCL001_d880725b,1.0023975591175258,7.0655047589824e-08,7.048605311053043e-08,0.8000576,0.0,10.0,1.1142914029349057e-07,0.0,1.3918697445963818e-06,1.5032988848898723e-06,Canada,CAN,,gcp,northamerica-northeast2,Linux-6.8.0-1032-gcp-x86_64-with-glibc2.35,3.10.12,3.0.4,2,Intel(R) Xeon(R) CPU @ 2.60GHz,,,,,15.61648178100586,machine,Y,1.0
2025-08-08T11:49:58,scikit-learn-benchmark,f7f6ea4f-f405-4c10-8692-7057727876b6,scikit-learn_SCL001_d880725b,1.0024949507787824,7.06684607995881e-08,7.049258526907264e-08,0.8,0.0,10.0,1.1143883555713628e-07,0.0,1.3921454367745253e-06,1.5035842723316617e-06,Canada,CAN,,gcp,northamerica-northeast2,Linux-6.8.0-1032-gcp-x86_64-with-glibc2.35,3.10.12,3.0.4,2,Intel(R) Xeon(R) CPU @ 2.60GHz,,,,,15.61648178100586,machine,Y,1.0
2025-08-08T11:50:00,scikit-learn-benchmark,58eaaf51-8506-442f-9010-eb8496bdda7b,scikit-learn_SCL001_d880725b,1.0024515260010958,7.06632690829943e-08,7.04904598877503e-08,0.8000072,0.0,10.0,1.1143136225665857e-07,0.0,1.392042448019816e-06,1.5034738102764745e-06,Canada,CAN,,gcp,northamerica-northeast2,Linux-6.8.0-1032-gcp-x86_64-with-glibc2.35,3.10.12,3.0.4,2,Intel(R) Xeon(R) CPU @ 2.60GHz,,,,,15.61648178100586,machine,Y,1.0
2025-08-08T11:50:02,scikit-learn-benchmark,1ee84486-658b-488e-9068-eed7015a0520,scikit-learn_SCL001_d880725b,1.0023357709869742,7.06506342274899e-08,7.048599508518193e-08,0.8000072,0.0,10.0,1.1139842014939557e-07,0.0,1.3918065634142194e-06,1.503204983563615e-06,Canada,CAN,,gcp,northamerica-northeast2,Linux-6.8.0-1032-gcp-x86_64-with-glibc2.35,3.10.12,3.0.4,2,Intel(R) Xeon(R) CPU @ 2.60GHz,,,,,15.61648178100586,machine,Y,1.0
2025-08-08T11:50:04,scikit-learn-benchmark,43bae738-39a2-4f04-8e3d-9c453251ea3d,scikit-learn_SCL001_d880725b,1.0025095520541072,7.06666158297513e-08,7.04897182126174e-08,0.8,0.0,10.0,1.1144102861483892e-07,0.0,1.3921039890394444e-06,1.5035450176542832e-06,Canada,CAN,,gcp,northamerica-northeast2,Linux-6.8.0-1032-gcp-x86_64-with-glibc2.35,3.10.12,3.0.4,2,Intel(R) Xeon(R) CPU @ 2.60GHz,,,,,15.61648178100586,machine,Y,1.0
2025-08-08T11:50:06,scikit-learn-benchmark,9b81d0c8-60d2-4fc0-b058-2b969b80173b,scikit-learn_SCL001_d880725b,1.0025668782182038,7.068314678030504e-08,7.050217627967676e-08,0.8,0.0,10.0,1.1145986264778509e-07,0.0,1.3924368773587047e-06,1.50389674000649e-06,Canada,CAN,,gcp,northamerica-northeast2,Linux-6.8.0-1032-gcp-x86_64-with-glibc2.35,3.10.12,3.0.4,2,Intel(R) Xeon(R) CPU @ 2.60GHz,,,,,15.61648178100586,machine,Y,1.0
2025-08-08T11:50:08,scikit-learn-benchmark,c24d1e50-8fd1-4450-8ffd-980e6545b818,scikit-learn_SCL001_d880725b,1.002419968135655,7.066059972314784e-08,7.04900161302309e-08,0.8,0.0,10.0,1.1142481221920921e-07,0.0,1.3919922031669152e-06,1.5034170153861245e-06,Canada,CAN,,gcp,northamerica-northeast2,Linux-6.8.0-1032-gcp-x86_64-with-glibc2.35,3.10.12,3.0.4,2,Intel(R) Xeon(R) CPU @ 2.60GHz,,,,,15.61648178100586,machine,Y,1.0
2025-08-08T11:50:11,scikit-learn-benchmark,65848217-d4be-42f0-92d6-d17a469f750a,scikit-learn_SCL001_d880725b,1.002407734747976,7.066059346129703e-08,7.049087014383666e-08,0.8,0.0,10.0,1.1142603328658477e-07,0.0,1.3919908488686713e-06,1.503416882155256e-06,Canada,CAN,,gcp,northamerica-northeast2,Linux-6.8.0-1032-gcp-x86_64-with-glibc2.35,3.10.12,3.0.4,2,Intel(R) Xeon(R) CPU @ 2.60GHz,,,,,15.61648178100586,machine,Y,1.0
2025-08-08T11:50:13,scikit-learn-benchmark,3084fb7c-4211-48ff-a628-f3f0fcfbdff5,scikit-learn_SCL001_d880725b,1.0034162369556725,7.06563972990132e-08,7.041584010378593e-08,0.8,0.0,10.0,1.1142984022282893e-07,0.0,1.3918977618838348e-06,1.5033276021066635e-06,Canada,CAN,,gcp,northamerica-northeast2,Linux-6.8.0-1032-gcp-x86_64-with-glibc2.35,3.10.12,3.0.4,2,Intel(R) Xeon(R) CPU @ 2.60GHz,,,,,15.61648178100586,machine,Y,1.0
2025-08-08T11:50:15,scikit-learn-benchmark,13052c3f-9251-4eea-aa20-45ac2bc3adc3,scikit-learn_SCL001_d880725b,1.0024742372334003,7.066717867590507e-08,7.049276285735811e-08,0.8000576,0.0,10.0,1.1144317602474909e-07,0.0,1.3921138170796137e-06,1.5035569931043628e-06,Canada,CAN,,gcp,northamerica-northeast2,Linux-6.8.0-1032-gcp-x86_64-with-glibc2.35,3.10.12,3.0.4,2,Intel(R) Xeon(R) CPU @ 2.60GHz,,,,,15.61648178100586,machine,Y,1.0
2025-08-08T11:50:17,scikit-learn-benchmark,700fdcef-d25d-479d-b30e-5ab9bb68cfcb,scikit-learn_SCL001_d880725b,1.002480142749846,7.066108749092866e-08,7.048627147576438e-08,0.8,0.0,10.0,1.1143363287879364e-07,0.0,1.3919937605452205e-06,1.503427393424014e-06,Canada,CAN,,gcp,northamerica-northeast2,Linux-6.8.0-1032-gcp-x86_64-with-glibc2.35,3.10.12,3.0.4,2,Intel(R) Xeon(R) CPU @ 2.60GHz,,,,,15.61648178100586,machine,Y,1.0
2025-08-08T11:50:19,scikit-learn-benchmark,5ba521dd-e18d-44fc-bc83-d648c81f4028,scikit-learn_SCL001_d880725b,1.0031634559854865,7.081300905414227e-08,7.058970163997558e-08,0.8201831912,0.0,10.0,1.1427685860040081e-07,0.0,1.3923829085090097e-06,1.5066597671094102e-06,Canada,CAN,,gcp,northamerica-northeast2,Linux-6.8.0-1032-gcp-x86_64-with-glibc2.35,3.10.12,3.0.4,2,Intel(R) Xeon(R) CPU @ 2.60GHz,,,,,15.61648178100586,machine,Y,1.0
2025-08-08T11:50:21,scikit-learn-benchmark,e5dd6cec-2fc5-4274-8b86-e42c6d37787e,scikit-learn_SCL001_d880725b,1.0019205240532756,7.957052766980419e-08,7.941800348385034e-08,2.1616584128,0.0,10.0,3.010722284838518e-07,0.0,1.391917721937514e-06,1.6929899504213655e-06,Canada,CAN,,gcp,northamerica-northeast2,Linux-6.8.0-1032-gcp-x86_64-with-glibc2.35,3.10.12,3.0.4,2,Intel(R) Xeon(R) CPU @ 2.60GHz,,,,,15.61648178100586,machine,Y,1.0
2025-08-08T11:50:23,scikit-learn-benchmark,fc80a3b5-88e1-4148-8fe5-3ef1099a397f,scikit-learn_SCL001_d880725b,1.0020612883381546,7.686955410690356e-08,7.671142973139508e-08,1.7550872000000004,0.0,10.0,2.442904529091733e-07,0.0,1.3912319748972854e-06,1.6355224278064588e-06,Canada,CAN,,gcp,northamerica-northeast2,Linux-6.8.0-1032-gcp-x86_64-with-glibc2.35,3.10.12,3.0.4,2,Intel(R) Xeon(R) CPU @ 2.60GHz,,,,,15.61648178100586,machine,Y,1.0
2025-08-08T11:50:26,scikit-learn-benchmark,1626b32b-6c22-4b09-bf50-f96069ab157f,scikit-learn_SCL001_d880725b,1.002462355885655,7.065602430427033e-08,7.048247137604206e-08,0.8,0.0,10.0,1.114225522097614e-07,0.0,1.3918971138385435e-06,1.5033196660483049e-06,Canada,CAN,,gcp,northamerica-northeast2,Linux-6.8.0-1032-gcp-x86_64-with-glibc2.35,3.10.12,3.0.4,2,Intel(R) Xeon(R) CPU @ 2.60GHz,,,,,15.61648178100586,machine,Y,1.0
2025-08-08T11:50:28,scikit-learn-benchmark,66a3e40c-1c58-4648-81c8-2c5f08f4b22a,scikit-learn_SCL001_d880725b,1.0024464637972414,7.066363577239422e-08,7.049118164846648e-08,0.8,0.0,10.0,1.1142908129841089e-07,0.0,1.3920525308801896e-06,1.5034816121786004e-06,Canada,CAN,,gcp,northamerica-northeast2,Linux-6.8.0-1032-gcp-x86_64-with-glibc2.35,3.10.12,3.0.4,2,Intel(R) Xeon(R) CPU @ 2.60GHz,,,,,15.61648178100586,machine,Y,1.0
2025-08-08T11:50:30,scikit-learn-benchmark,63e0ae7b-b274-4928-bffd-f7422ff433c7,scikit-learn_SCL001_d880725b,1.002484066877514,7.06655443918167e-08,7.04904414211012e-08,0.8,0.0,10.0,1.1144277111937602e-07,0.0,1.3920794499831067e-06,1.5035222211024828e-06,Canada,CAN,,gcp,northamerica-northeast2,Linux-6.8.0-1032-gcp-x86_64-with-glibc2.35,3.10.12,3.0.4,2,Intel(R) Xeon(R) CPU @ 2.60GHz,,,,,15.61648178100586,machine,Y,1.0
2025-08-08T11:50:32,scikit-learn-benchmark,aa3841e4-538b-41db-bf18-36bcea872bf8,scikit-learn_SCL001_d880725b,1.002435898873955,7.066510998230014e-08,7.049339520031045e-08,0.8,0.0,10.0,1.1143217535896433e-07,0.0,1.392080802987847e-06,1.5035129783468114e-06,Canada,CAN,,gcp,northamerica-northeast2,Linux-6.8.0-1032-gcp-x86_64-with-glibc2.35,3.10.12,3.0.4,2,Intel(R) Xeon(R) CPU @ 2.60GHz,,,,,15.61648178100586,machine,Y,1.0
2025-08-08T11:50:34,scikit-learn-benchmark,c5a7e5b7-d26a-4736-afc8-a1f96a779f27,scikit-learn_SCL001_d880725b,1.0023628259077668,7.065911544564491e-08,7.049255381319046e-08,0.8,0.0,10.0,1.1142307426780465e-07,0.0,1.3919623607459167e-06,1.5033854350137214e-06,Canada,CAN,,gcp,northamerica-northeast2,Linux-6.8.0-1032-gcp-x86_64-with-glibc2.35,3.10.12,3.0.4,2,Intel(R) Xeon(R) CPU @ 2.60GHz,,,,,15.61648178100586,machine,Y,1.0
2025-08-08T11:50:36,scikit-learn-benchmark,8ff0557a-e6da-4309-ad94-4242d1dceaad,scikit-learn_SCL001_d880725b,1.0023556030355394,7.0657049141876e-08,7.049100032752627e-08,0.8,0.0,10.0,1.1141660385247734e-07,0.0,1.391924867251267e-06,1.5033414711037444e-06,Canada,CAN,,gcp,northamerica-northeast2,Linux-6.8.0-1032-gcp-x86_64-with-glibc2.35,3.10.12,3.0.4,2,Intel(R) Xeon(R) CPU @ 2.60GHz,,,,,15.61648178100586,machine,Y,1.0
2025-08-08T11:50:38,scikit-learn-benchmark,51cb5de8-c4b0-4a6b-87ff-7ea90150f061,scikit-learn_SCL001_d880725b,1.002392674330622,7.066285778992781e-08,7.04941881554702e-08,0.8000072,0.0,10.0,1.1143109154979389e-07,0.0,1.3920339678103724e-06,1.503465059360166e-06,Canada,CAN,,gcp,northamerica-northeast2,Linux-6.8.0-1032-gcp-x86_64-with-glibc2.35,3.10.12,3.0.4,2,Intel(R) Xeon(R) CPU @ 2.60GHz,,,,,15.61648178100586,machine,Y,1.0
2025-08-08T11:50:41,scikit-learn-benchmark,49d905f2-220c-4295-ae32-f63189369757,scikit-learn_SCL001_d880725b,1.002326088026166,7.067874559731917e-08,7.051472214646587e-08,0.8036864,0.0,10.0,1.1192867332298225e-07,0.0,1.3918744244923194e-06,1.5038030978153016e-06,Canada,CAN,,gcp,northamerica-northeast2,Linux-6.8.0-1032-gcp-x86_64-with-glibc2.35,3.10.12,3.0.4,2,Intel(R) Xeon(R) CPU @ 2.60GHz,,,,,15.61648178100586,machine,Y,1.0
2025-08-08T11:50:43,scikit-learn-benchmark,e1d38781-75ec-48f1-83d6-7ee0b53d4879,scikit-learn_SCL001_d880725b,1.0023673349060118,7.065914587945576e-08,7.04922670750052e-08,0.8,0.0,10.0,1.1142164313544833e-07,0.0,1.3919644394061631e-06,1.5033860825416117e-06,Canada,CAN,,gcp,northamerica-northeast2,Linux-6.8.0-1032-gcp-x86_64-with-glibc2.35,3.10.12,3.0.4,2,Intel(R) Xeon(R) CPU @ 2.60GHz,,,,,15.61648178100586,machine,Y,1.0
2025-08-08T11:50:45,scikit-learn-benchmark,e86de518-2bb0-4485-9228-25990f70ee7f,scikit-learn_SCL001_d880725b,1.0024037128314376,7.06597596490283e-08,7.049032115956489e-08,0.8000576,0.0,10.0,1.1143221077463693e-07,0.0,1.3919669306940502e-06,1.503399141468687e-06,Canada,CAN,,gcp,northamerica-northeast2,Linux-6.8.0-1032-gcp-x86_64-with-glibc2.35,3.10.12,3.0.4,2,Intel(R) Xeon(R) CPU @ 2.60GHz,,,,,15.61648178100586,machine,Y,1.0
2025-08-08T11:50:47,scikit-learn-benchmark,d8437663-2642-46d1-a481-b4dcc6f45a97,scikit-learn_SCL001_d880725b,1.001929818186909,7.059182567465015e-08,7.04558586772006e-08,0.8,0.0,10.0,1.1131575651880768e-07,0.0,1.3906379812397062e-06,1.501953737758514e-06,Canada,CAN,,gcp,northamerica-northeast2,Linux-6.8.0-1032-gcp-x86_64-with-glibc2.35,3.10.12,3.0.4,2,Intel(R) Xeon(R) CPU @ 2.60GHz,,,,,15.61648178100586,machine,Y,1.0
2025-08-08T11:50:49,scikit-learn-benchmark,26d42b76-16de-467e-b11a-07faa491cc51,scikit-learn_SCL001_d880725b,1.0024791774339974,7.06607161879262e-08,7.048596896425658e-08,0.8000576,0.0,10.0,1.114373756405977e-07,0.0,1.3919821177195344e-06,1.503419493360132e-06,Canada,CAN,,gcp,northamerica-northeast2,Linux-6.8.0-1032-gcp-x86_64-with-glibc2.35,3.10.12,3.0.4,2,Intel(R) Xeon(R) CPU @ 2.60GHz,,,,,15.61648178100586,machine,Y,1.0
2025-08-08T11:50:51,scikit-learn-benchmark,b0c2fdf9-ac1f-4874-8060-d20168ff079d,scikit-learn_SCL001_d880725b,1.0024726958945394,7.067098519847624e-08,7.04966683760042e-08,0.8,0.0,10.0,1.114395306342178e-07,0.0,1.3921984523120854e-06,1.5036379829463031e-06,Canada,CAN,,gcp,northamerica-northeast2,Linux-6.8.0-1032-gcp-x86_64-with-glibc2.35,3.10.12,3.0.4,2,Intel(R) Xeon(R) CPU @ 2.60GHz,,,,,15.61648178100586,machine,Y,1.0
2025-08-08T11:50:53,scikit-learn-benchmark,061ea89a-8eee-4289-8695-cf0e3e486f0e,scikit-learn_SCL001_d880725b,1.0024072378873825,7.065821266184666e-08,7.048853000180041e-08,0.8,0.0,10.0,1.1142521020438937e-07,0.0,1.3919410166434116e-06,1.503366226847801e-06,Canada,CAN,,gcp,northamerica-northeast2,Linux-6.8.0-1032-gcp-x86_64-with-glibc2.35,3.10.12,3.0.4,2,Intel(R) Xeon(R) CPU @ 2.60GHz,,,,,15.61648178100586,machine,Y,1.0
2025-08-08T11:50:56,scikit-learn-benchmark,54679e4e-dc3a-4cd6-a46a-2a8d6574c69b,scikit-learn_SCL001_d880725b,1.0023509170860052,7.06537725281281e-08,7.04880609413018e-08,0.8,0.0,10.0,1.114125701909264e-07,0.0,1.3918591857266925e-06,1.503271755917619e-06,Canada,CAN,,gcp,northamerica-northeast2,Linux-6.8.0-1032-gcp-x86_64-with-glibc2.35,3.10.12,3.0.4,2,Intel(R) Xeon(R) CPU @ 2.60GHz,,,,,15.61648178100586,machine,Y,1.0
2025-08-08T11:50:58,scikit-learn-benchmark,6213cbbd-7fa9-47c3-9ed1-cde17a256e35,scikit-learn_SCL001_d880725b,1.0023660170845687,7.066038856624314e-08,7.049359950546049e-08,0.8,0.0,10.0,1.1142389735000001e-07,0.0,1.3919886253360244e-06,1.5034125226860245e-06,Canada,CAN,,gcp,northamerica-northeast2,Linux-6.8.0-1032-gcp-x86_64-with-glibc2.35,3.10.12,3.0.4,2,Intel(R) Xeon(R) CPU @ 2.60GHz,,,,,15.61648178100586,machine,Y,1.0
2025-08-08T11:51:00,scikit-learn-benchmark,130c1e4e-da2a-4e64-9ed8-fe428edb5f21,scikit-learn_SCL001_d880725b,1.0024574217386544,7.066078243787506e-08,7.048756476391937e-08,0.8,0.0,10.0,1.1143215600815085e-07,0.0,1.3919887469253606e-06,1.5034209029335115e-06,Canada,CAN,,gcp,northamerica-northeast2,Linux-6.8.0-1032-gcp-x86_64-with-glibc2.35,3.10.12,3.0.4,2,Intel(R) Xeon(R) CPU @ 2.60GHz,,,,,15.61648178100586,machine,Y,1.0
2025-08-08T11:51:02,scikit-learn-benchmark,a2c99584-0cc6-40f4-8e95-c7885268cd77,scikit-learn_SCL001_d880725b,1.0024970998056233,7.066180633148993e-08,7.048579626334155e-08,0.8000576,0.0,10.0,1.1144250252655897e-07,0.0,1.3920001853774818e-06,1.5034426879040408e-06,Canada,CAN,,gcp,northamerica-northeast2,Linux-6.8.0-1032-gcp-x86_64-with-glibc2.35,3.10.12,3.0.4,2,Intel(R) Xeon(R) CPU @ 2.60GHz,,,,,15.61648178100586,machine,Y,1.0
2025-08-08T11:51:04,scikit-learn-benchmark,c8448822-ff9b-407b-a8a9-a00f85af53d6,scikit-learn_SCL001_d880725b,1.0023592277429998,7.065883402955822e-08,7.049252610629412e-08,0.8,0.0,10.0,1.1142175623940096e-07,0.0,1.391957691198008e-06,1.503379447437409e-06,Canada,CAN,,gcp,northamerica-northeast2,Linux-6.8.0-1032-gcp-x86_64-with-glibc2.35,3.10.12,3.0.4,2,Intel(R) Xeon(R) CPU @ 2.60GHz,,,,,15.61648178100586,machine,Y,1.0
2025-08-08T11:51:06,scikit-learn-benchmark,865776e7-7953-4e31-9644-7f61f8ec64ad,scikit-learn_SCL001_d880725b,1.002432786859572,7.065980547172078e-08,7.048832240721522e-08,0.8000072,0.0,10.0,1.114303645942417e-07,0.0,1.3919697518253492e-06,1.5034001164195908e-06,Canada,CAN,,gcp,northamerica-northeast2,Linux-6.8.0-1032-gcp-x86_64-with-glibc2.35,3.10.12,3.0.4,2,Intel(R) Xeon(R) CPU @ 2.60GHz,,,,,15.61648178100586,machine,Y,1.0
2025-08-08T11:51:08,scikit-learn-benchmark,eea605b5-8cd5-406b-87e6-8cead9d37bd4,scikit-learn_SCL001_d880725b,1.0023289769887924,7.065633147784198e-08,7.04921568666093e-08,0.8,0.0,10.0,1.1141645546174713e-07,0.0,1.3919097461944654e-06,1.5033262016562125e-06,Canada,CAN,,gcp,northamerica-northeast2,Linux-6.8.0-1032-gcp-x86_64-with-glibc2.35,3.10.12,3.0.4,2,Intel(R) Xeon(R) CPU @ 2.60GHz,,,,,15.61648178100586,machine,Y,1.0
2025-08-08T11:51:10,scikit-learn-benchmark,01d60d03-1901-4b39-b58c-ade11d867d66,scikit-learn_SCL001_d880725b,1.0023673940449953,7.066275876098218e-08,7.049586726462313e-08,0.8000576,0.0,10.0,1.1143410553160725e-07,0.0,1.3920288468297158e-06,1.503462952361323e-06,Canada,CAN,,gcp,northamerica-northeast2,Linux-6.8.0-1032-gcp-x86_64-with-glibc2.35,3.10.12,3.0.4,2,Intel(R) Xeon(R) CPU @ 2.60GHz,,,,,15.61648178100586,machine,Y,1.0
2025-08-08T11:51:13,scikit-learn-benchmark,dfebfb16-83d4-4ec7-a877-8a82e49f0581,scikit-learn_SCL001_d880725b,1.0024305121041834,7.066038188723774e-08,7.048905738006302e-08,0.8000576,0.0,10.0,1.1143793592320385e-07,0.0,1.3919744446563224e-06,1.5034123805795265e-06,Canada,CAN,,gcp,northamerica-northeast2,Linux-6.8.0-1032-gcp-x86_64-with-glibc2.35,3.10.12,3.0.4,2,Intel(R) Xeon(R) CPU @ 2.60GHz,,,,,15.61648178100586,machine,Y,1.0
2025-08-08T11:51:15,scikit-learn-benchmark,63e39186-4b9f-45b1-9b32-dc6da3ae9c15,scikit-learn_SCL001_d880725b,1.0023156800307331,7.065609284476079e-08,7.049285395055806e-08,0.8000072,0.0,10.0,1.1141615248384525e-07,0.0,1.3919049718727668e-06,1.503321124356612e-06,Canada,CAN,,gcp,northamerica-northeast2,Linux-6.8.0-1032-gcp-x86_64-with-glibc2.35,3.10.12,3.0.4,2,Intel(R) Xeon(R) CPU @ 2.60GHz,,,,,15.61648178100586,machine,Y,1.0
2025-08-08T11:51:17,scikit-learn-benchmark,37c6093b-9189-4abb-90f2-64c13a5e130d,scikit-learn_SCL001_d880725b,1.0022092112340033,7.064058799638226e-08,7.048487202527673e-08,0.8000576,0.0,10.0,1.1138604706856029e-07,0.0,1.3916051868970197e-06,1.50299123396558e-06,Canada,CAN,,gcp,northamerica-northeast2,Linux-6.8.0-1032-gcp-x86_64-with-glibc2.35,3.10.12,3.0.4,2,Intel(R) Xeon(R) CPU @ 2.60GHz,,,,,15.61648178100586,machine,Y,1.0
2025-08-08T11:51:19,scikit-learn-benchmark,05dd88a7-3c79-4ae3-9ea8-fbc24452b126,scikit-learn_SCL001_d880725b,1.0021058097481728,7.062123186348214e-08,7.047282949215625e-08,0.8,0.0,10.0,1.1136553550346029e-07,0.0,1.3912138658472232e-06,1.5025794013506834e-06,Canada,CAN,,gcp,northamerica-northeast2,Linux-6.8.0-1032-gcp-x86_64-with-glibc2.35,3.10.12,3.0.4,2,Intel(R) Xeon(R) CPU @ 2.60GHz,,,,,15.61648178100586,machine,Y,1.0
2025-08-08T11:51:21,scikit-learn-benchmark,2d861c23-2a5a-40b7-a38e-46ad3a4fc8b9,scikit-learn_SCL001_d880725b,1.0024074651300907,7.065999173755863e-08,7.049028882520192e-08,0.8,0.0,10.0,1.1142329799218313e-07,0.0,1.3919807815303407e-06,1.5034040795225238e-06,Canada,CAN,,gcp,northamerica-northeast2,Linux-6.8.0-1032-gcp-x86_64-with-glibc2.35,3.10.12,3.0.4,2,Intel(R) Xeon(R) CPU @ 2.60GHz,,,,,15.61648178100586,machine,Y,1.0
2025-08-08T11:51:23,scikit-learn-benchmark,aa2487c1-12b4-4766-998e-cf1dbe70caa3,scikit-learn_SCL001_d880725b,1.0023707463406026,7.0660299324534e-08,7.04931778810351e-08,0.8,0.0,10.0,1.1142452868322533e-07,0.0,1.39198609524303e-06,1.5034106239262557e-06,Canada,CAN,,gcp,northamerica-northeast2,Linux-6.8.0-1032-gcp-x86_64-with-glibc2.35,3.10.12,3.0.4,2,Intel(R) Xeon(R) CPU @ 2.60GHz,,,,,15.61648178100586,machine,Y,1.0
2025-08-08T11:51:25,scikit-learn-benchmark,2c7c84f7-ab02-450b-ac03-b8590a9a37de,scikit-learn_SCL001_d880725b,1.0024447403848171,7.066386096800369e-08,7.049152748397616e-08,0.8,0.0,10.0,1.1143239421976938e-07,0.0,1.392054009354777e-06,1.5034864035745465e-06,Canada,CAN,,gcp,northamerica-northeast2,Linux-6.8.0-1032-gcp-x86_64-with-glibc2.35,3.10.12,3.0.4,2,Intel(R) Xeon(R) CPU @ 2.60GHz,,,,,15.61648178100586,machine,Y,1.0
2025-08-08T11:51:28,scikit-learn-benchmark,348d5845-2f98-46d5-845f-55cd0be7be45,scikit-learn_SCL001_d880725b,1.0026197670958936,7.067153736240126e-08,7.048687815830987e-08,0.8,0.0,10.0,1.1144334574540457e-07,0.0,1.392206385369516e-06,1.5036497311149203e-06,Canada,CAN,,gcp,northamerica-northeast2,Linux-6.8.0-1032-gcp-x86_64-with-glibc2.35,3.10.12,3.0.4,2,Intel(R) Xeon(R) CPU @ 2.60GHz,,,,,15.61648178100586,machine,Y,1.0
2025-08-08T11:51:30,scikit-learn-benchmark,14494190-be0c-4b02-908f-557c30dee2b4,scikit-learn_SCL001_d880725b,1.0025009280070662,7.066803064083472e-08,7.049173588429497e-08,0.8,0.0,10.0,1.1144127820928893e-07,0.0,1.3921338418084714e-06,1.5035751200177602e-06,Canada,CAN,,gcp,northamerica-northeast2,Linux-6.8.0-1032-gcp-x86_64-with-glibc2.35,3.10.12,3.0.4,2,Intel(R) Xeon(R) CPU @ 2.60GHz,,,,,15.61648178100586,machine,Y,1.0
2025-08-08T11:51:32,scikit-learn-benchmark,1e3b4aae-7e3c-4297-bd07-62c3f07327a0,scikit-learn_SCL001_d880725b,1.002463669050485,7.066595165911436e-08,7.0492282005639e-08,0.8000072,0.0,10.0,1.114352973369123e-07,0.0,1.3920955890272223e-06,1.503530886364135e-06,Canada,CAN,,gcp,northamerica-northeast2,Linux-6.8.0-1032-gcp-x86_64-with-glibc2.35,3.10.12,3.0.4,2,Intel(R) Xeon(R) CPU @ 2.60GHz,,,,,15.61648178100586,machine,Y,1.0
2025-08-08T11:51:34,scikit-learn-benchmark,cdf99f99-0b86-43c7-9687-54c3c86746e3,scikit-learn_SCL001_d880725b,1.0025799060240388,7.067919818976535e-08,7.049732172476902e-08,0.8000072,0.0,10.0,1.114580108432423e-07,0.0,1.3923547165985737e-06,1.503812727441816e-06,Canada,CAN,,gcp,northamerica-northeast2,Linux-6.8.0-1032-gcp-x86_64-with-glibc2.35,3.10.12,3.0.4,2,Intel(R) Xeon(R) CPU @ 2.60GHz,,,,,15.61648178100586,machine,Y,1.0
2025-08-08T11:51:36,scikit-learn-benchmark,ac05ee94-45cc-4b00-86b6-f23d70b621fe,scikit-learn_SCL001_d880725b,1.0026086126454177,7.06844286674944e-08,7.050052011920294e-08,0.8,0.0,10.0,1.1146932529906432e-07,0.0,1.3924546889029445e-06,1.5039240142020089e-06,Canada,CAN,,gcp,northamerica-northeast2,Linux-6.8.0-1032-gcp-x86_64-with-glibc2.35,3.10.12,3.0.4,2,Intel(R) Xeon(R) CPU @ 2.60GHz,,,,,15.61648178100586,machine,Y,1.0
2025-08-08T11:51:38,scikit-learn-benchmark,c81d80c7-05b7-4b81-8915-35f0da254078,scikit-learn_SCL001_d880725b,1.0024942341260612,7.070078544918519e-08,7.052487988703457e-08,0.8050757768000001,0.0,10.0,1.1214459445496313e-07,0.0,1.3921274363787637e-06,1.5042720308337268e-06,Canada,CAN,,gcp,northamerica-northeast2,Linux-6.8.0-1032-gcp-x86_64-with-glibc2.35,3.10.12,3.0.4,2,Intel(R) Xeon(R) CPU @ 2.60GHz,,,,,15.61648178100586,machine,Y,1.0
2025-08-08T11:51:40,scikit-learn-benchmark,6640b63e-7b53-4324-ab07-b49b08d28ab6,scikit-learn_SCL001_d880725b,1.0024055470712483,7.065944496976833e-08,7.048987824959239e-08,0.8,0.0,10.0,1.114233708423045e-07,0.0,1.391969075322979e-06,1.5033924461652837e-06,Canada,CAN,,gcp,northamerica-northeast2,Linux-6.8.0-1032-gcp-x86_64-with-glibc2.35,3.10.12,3.0.4,2,Intel(R) Xeon(R) CPU @ 2.60GHz,,,,,15.61648178100586,machine,Y,1.0
2025-08-08T11:51:43,scikit-learn-benchmark,2e9f145c-63a9-41a9-82ab-3d2c2f76ef56,scikit-learn_SCL001_d880725b,1.002499965019524,7.067131103114744e-08,7.049507580757978e-08,0.8,0.0,10.0,1.114412077392141e-07,0.0,1.3922037078171142e-06,1.5036449155563284e-06,Canada,CAN,,gcp,northamerica-northeast2,Linux-6.8.0-1032-gcp-x86_64-with-glibc2.35,3.10.12,3.0.4,2,Intel(R) Xeon(R) CPU @ 2.60GHz,,,,,15.61648178100586,machine,Y,1.0
2025-08-08T11:51:45,scikit-learn-benchmark,6a422f73-bcde-422d-a0a1-e3cfb9f0e9ed,scikit-learn_SCL001_d880725b,1.002503362018615,7.066974205208114e-08,7.049327187270711e-08,0.8,0.0,10.0,1.1144057154241537e-07,0.0,1.3921709614805876e-06,1.503611533023003e-06,Canada,CAN,,gcp,northamerica-northeast2,Linux-6.8.0-1032-gcp-x86_64-with-glibc2.35,3.10.12,3.0.4,2,Intel(R) Xeon(R) CPU @ 2.60GHz,,,,,15.61648178100586,machine,Y,1.0
2025-08-08T11:51:47,scikit-learn-benchmark,43030eb1-fcbb-4522-85b4-2c033e0e53a9,scikit-learn_SCL001_d880725b,1.0025328709743917,7.066333175771353e-08,7.048480284644804e-08,0.8,0.0,10.0,1.1143867692185773e-07,0.0,1.3920364668592812e-06,1.5034751437811389e-06,Canada,CAN,,gcp,northamerica-northeast2,Linux-6.8.0-1032-gcp-x86_64-with-glibc2.35,3.10.12,3.0.4,2,Intel(R) Xeon(R) CPU @ 2.60GHz,,,,,15.61648178100586,machine,Y,1.0
2025-08-08T11:51:49,scikit-learn-benchmark,efe092e1-e750-431b-a51a-5ef4cb17e4a6,scikit-learn_SCL001_d880725b,1.0025116931647062,7.067470168839727e-08,7.049763326479812e-08,0.8,0.0,10.0,1.1144998452315729e-07,0.0,1.3922670726767846e-06,1.503717057199942e-06,Canada,CAN,,gcp,northamerica-northeast2,Linux-6.8.0-1032-gcp-x86_64-with-glibc2.35,3.10.12,3.0.4,2,Intel(R) Xeon(R) CPU @ 2.60GHz,,,,,15.61648178100586,machine,Y,1.0
2025-08-08T11:51:51,scikit-learn-benchmark,ce9a5630-f42e-4111-bd1f-2c41f1ac19f4,scikit-learn_SCL001_d880725b,1.0024820631369948,7.066928108041754e-08,7.049430975281218e-08,0.8000072,0.0,10.0,1.1143838625125144e-07,0.0,1.3921633388640153e-06,1.5036017251152669e-06,Canada,CAN,,gcp,northamerica-northeast2,Linux-6.8.0-1032-gcp-x86_64-with-glibc2.35,3.10.12,3.0.4,2,Intel(R) Xeon(R) CPU @ 2.60GHz,,,,,15.61648178100586,machine,Y,1.0
2025-08-08T11:51:53,scikit-learn-benchmark,b0493d13-1a61-44bf-b42d-a3c31731ac7b,scikit-learn_SCL001_d880725b,1.0025613592006266,7.067010097893783e-08,7.048955191658824e-08,0.8,0.0,10.0,1.1145269156744085e-07,0.0,1.392166478197194e-06,1.5036191697646347e-06,Canada,CAN,,gcp,northamerica-northeast2,Linux-6.8.0-1032-gcp-x86_64-with-glibc2.35,3.10.12,3.0.4,2,Intel(R) Xeon(R) CPU @ 2.60GHz,,,,,15.61648178100586,machine,Y,1.0
2025-08-08T11:51:55,scikit-learn-benchmark,ad988aad-0732-452e-aa0f-06e0d6e23ddc,scikit-learn_SCL001_d880725b,1.0026890938170254,7.068833987392709e-08,7.049876208868649e-08,0.8000576,0.0,10.0,1.1147812331597673e-07,0.0,1.392529108044174e-06,1.5040072313601508e-06,Canada,CAN,,gcp,northamerica-northeast2,Linux-6.8.0-1032-gcp-x86_64-with-glibc2.35,3.10.12,3.0.4,2,Intel(R) Xeon(R) CPU @ 2.60GHz,,,,,15.61648178100586,machine,Y,1.0
2025-08-08T11:51:57,scikit-learn-benchmark,54fe10c6-0129-48d6-ac67-f77db6fec068,scikit-learn_SCL001_d880725b,1.0023864647373557,7.066127291466627e-08,7.04930437515244e-08,0.8,0.0,10.0,1.114262780174613e-07,0.0,1.3920050605924594e-06,1.5034313386099207e-06,Canada,CAN,,gcp,northamerica-northeast2,Linux-6.8.0-1032-gcp-x86_64-with-glibc2.35,3.10.12,3.0.4,2,Intel(R) Xeon(R) CPU @ 2.60GHz,,,,,15.61648178100586,machine,Y,1.0
2025-08-08T11:52:00,scikit-learn-benchmark,6652cb15-673e-4306-961a-6dfa968ff520,scikit-learn_SCL001_d880725b,1.002529159653932,7.080150234805147e-08,7.06228857946554e-08,0.8201831912,0.0,10.0,1.1425298229285621e-07,0.0,1.392161961282707e-06,1.5064149435755631e-06,Canada,CAN,,gcp,northamerica-northeast2,Linux-6.8.0-1032-gcp-x86_64-with-glibc2.35,3.10.12,3.0.4,2,Intel(R) Xeon(R) CPU @ 2.60GHz,,,,,15.61648178100586,machine,Y,1.0
2025-08-08T11:52:02,scikit-learn-benchmark,e9b76517-f385-4b27-b36c-c5dc93442f3b,scikit-learn_SCL001_d880725b,1.0023981193080544,7.06604288341995e-08,7.04913820897586e-08,0.8,0.0,10.0,1.1142503739231164e-07,0.0,1.3919883420587411e-06,1.503413379451053e-06,Canada,CAN,,gcp,northamerica-northeast2,Linux-6.8.0-1032-gcp-x86_64-with-glibc2.35,3.10.12,3.0.4,2,Intel(R) Xeon(R) CPU @ 2.60GHz,,,,,15.61648178100586,machine,Y,1.0
2025-08-08T11:52:04,scikit-learn-benchmark,8c70161d-d043-4ff6-bddc-3d4e5e734487,scikit-learn_SCL001_d880725b,1.0024528908543289,7.0666145944519e-08,7.049323373619542e-08,0.8000072,0.0,10.0,1.1143585582504257e-07,0.0,1.3920991642711064e-06,1.503535020096149e-06,Canada,CAN,,gcp,northamerica-northeast2,Linux-6.8.0-1032-gcp-x86_64-with-glibc2.35,3.10.12,3.0.4,2,Intel(R) Xeon(R) CPU @ 2.60GHz,,,,,15.61648178100586,machine,Y,1.0
2025-08-08T11:52:06,scikit-learn-benchmark,1d339c3e-a158-4e91-8038-ebe2f1a8216b,scikit-learn_SCL001_d880725b,1.00250563910231,7.06635115470013e-08,7.048689682212329e-08,0.8,0.0,10.0,1.1144662979576324e-07,0.0,1.3920323392893709e-06,1.503478969085134e-06,Canada,CAN,,gcp,northamerica-northeast2,Linux-6.8.0-1032-gcp-x86_64-with-glibc2.35,3.10.12,3.0.4,2,Intel(R) Xeon(R) CPU @ 2.60GHz,,,,,15.61648178100586,machine,Y,1.0
2025-08-08T11:52:08,scikit-learn-benchmark,7d40f73e-a8c0-4d71-917a-567a806e5bcf,scikit-learn_SCL001_d880725b,1.0024501658044755,7.066122276149691e-08,7.04885142143606e-08,0.8,0.0,10.0,1.1142801265749669e-07,0.0,1.392002258863714e-06,1.5034302715212108e-06,Canada,CAN,,gcp,northamerica-northeast2,Linux-6.8.0-1032-gcp-x86_64-with-glibc2.35,3.10.12,3.0.4,2,Intel(R) Xeon(R) CPU @ 2.60GHz,,,,,15.61648178100586,machine,Y,1.0
2025-08-08T11:52:10,scikit-learn-benchmark,fde6d6d3-519f-45d4-8235-25276eeced4a,scikit-learn_SCL001_d880725b,1.00241940561682,7.06600048559064e-08,7.048946225500002e-08,0.8000072,0.0,10.0,1.1142932543585668e-07,0.0,1.3919750332004494e-06,1.5034043586363062e-06,Canada,CAN,,gcp,northamerica-northeast2,Linux-6.8.0-1032-gcp-x86_64-with-glibc2.35,3.10.12,3.0.4,2,Intel(R) Xeon(R) CPU @ 2.60GHz,,,,,15.61648178100586,machine,Y,1.0
2025-08-08T11:52:12,scikit-learn-benchmark,d77a4c42-b560-440e-803a-894c385c3d9c,scikit-learn_SCL001_d880725b,1.0024741278029978,7.066025994661162e-08,7.0485868898651e-08,0.8,0.0,10.0,1.114305037384232e-07,0.0,1.391979282359696e-06,1.5034097860981192e-06,Canada,CAN,,gcp,northamerica-northeast2,Linux-6.8.0-1032-gcp-x86_64-with-glibc2.35,3.10.12,3.0.4,2,Intel(R) Xeon(R) CPU @ 2.60GHz,,,,,15.61648178100586,machine,Y,1.0
2025-08-08T11:52:15,scikit-learn-benchmark,ed1388e1-ab68-493c-95fa-f90cbcd13b80,scikit-learn_SCL001_d880725b,1.0024932487867773,7.06661433530454e-08,7.049039326555662e-08,0.8,0.0,10.0,1.1143875504947373e-07,0.0,1.392096209908939e-06,1.5035349649584128e-06,Canada,CAN,,gcp,northamerica-northeast2,Linux-6.8.0-1032-gcp-x86_64-with-glibc2.35,3.10.12,3.0.4,2,Intel(R) Xeon(R) CPU @ 2.60GHz,,,,,15.61648178100586,machine,Y,1.0
2025-08-08T11:52:17,scikit-learn-benchmark,2cb3c891-8233-46ea-b29b-8193c241643a,scikit-learn_SCL001_d880725b,1.001761585008353,7.063656551221482e-08,7.051235201001028e-08,0.8000072,0.0,10.0,1.113872874330662e-07,0.0,1.391518361762994e-06,1.50290564919606e-06,Canada,CAN,,gcp,northamerica-northeast2,Linux-6.8.0-1032-gcp-x86_64-with-glibc2.35,3.10.12,3.0.4,2,Intel(R) Xeon(R) CPU @ 2.60GHz,,,,,15.61648178100586,machine,Y,1.0
2025-08-08T11:52:19,scikit-learn-benchmark,3c24b4ab-ab42-462f-affa-8eed8975bae1,scikit-learn_SCL001_d880725b,1.0023123770952225,7.066075198487387e-08,7.04977346380318e-08,0.8000072,0.0,10.0,1.1142689931871497e-07,0.0,1.3919933556786012e-06,1.503420254997316e-06,Canada,CAN,,gcp,northamerica-northeast2,Linux-6.8.0-1032-gcp-x86_64-with-glibc2.35,3.10.12,3.0.4,2,Intel(R) Xeon(R) CPU @ 2.60GHz,,,,,15.61648178100586,machine,Y,1.0
2025-08-08T11:52:21,scikit-learn-benchmark,1a51c754-6754-4a98-bc27-99557c6409e5,scikit-learn_SCL001_d880725b,1.0024118851870298,7.069685945506037e-08,7.052675701452779e-08,0.8052488000000001,0.0,10.0,1.1215908695305917e-07,0.0,1.3920294120907784e-06,1.5041884990438376e-06,Canada,CAN,,gcp,northamerica-northeast2,Linux-6.8.0-1032-gcp-x86_64-with-glibc2.35,3.10.12,3.0.4,2,Intel(R) Xeon(R) CPU @ 2.60GHz,,,,,15.61648178100586,machine,Y,1.0
2025-08-08T11:52:23,scikit-learn-benchmark,5f4bf7c0-2d26-48b5-b228-ecb6e7656455,scikit-learn_SCL001_d880725b,1.0024963864125311,7.068204719012476e-08,7.050603687766193e-08,0.8000072,0.0,10.0,1.114563185114131e-07,0.0,1.3924170259593265e-06,1.5038733444707394e-06,Canada,CAN,,gcp,northamerica-northeast2,Linux-6.8.0-1032-gcp-x86_64-with-glibc2.35,3.10.12,3.0.4,2,Intel(R) Xeon(R) CPU @ 2.60GHz,,,,,15.61648178100586,machine,Y,1.0
2025-08-08T11:52:25,scikit-learn-benchmark,a5752e9c-9e0d-4de5-9042-eb1a38565d27,scikit-learn_SCL001_d880725b,1.0015657860785725,7.061151052430334e-08,7.050112085075146e-08,0.8001944000000001,0.0,10.0,1.1137125864877233e-07,0.0,1.3910013056981068e-06,1.502372564346879e-06,Canada,CAN,,gcp,northamerica-northeast2,Linux-6.8.0-1032-gcp-x86_64-with-glibc2.35,3.10.12,3.0.4,2,Intel(R) Xeon(R) CPU @ 2.60GHz,,,,,15.61648178100586,machine,Y,1.0
2025-08-08T11:52:27,scikit-learn-benchmark,054ac129-6c8d-410c-9fda-f13977e8fedc,scikit-learn_SCL001_d880725b,1.0024864999577403,7.066124052277048e-08,7.04859771435817e-08,0.8000072,0.0,10.0,1.1143659913062709e-07,0.0,1.3919940502900215e-06,1.5034306494206486e-06,Canada,CAN,,gcp,northamerica-northeast2,Linux-6.8.0-1032-gcp-x86_64-with-glibc2.35,3.10.12,3.0.4,2,Intel(R) Xeon(R) CPU @ 2.60GHz,,,,,15.61648178100586,machine,Y,1.0
2025-08-08T11:52:30,scikit-learn-benchmark,529e2377-ec8b-4ce0-b425-c6e54cbf36b0,scikit-learn_SCL001_d880725b,1.002510020043701,7.066364474291888e-08,7.048672165874068e-08,0.8000072,0.0,10.0,1.1143697756143909e-07,0.0,1.392044825479388e-06,1.5034818030408272e-06,Canada,CAN,,gcp,northamerica-northeast2,Linux-6.8.0-1032-gcp-x86_64-with-glibc2.35,3.10.12,3.0.4,2,Intel(R) Xeon(R) CPU @ 2.60GHz,,,,,15.61648178100586,machine,Y,1.0
2025-08-08T11:52:32,scikit-learn-benchmark,13e34fd0-4a41-4100-a593-165d35c8df84,scikit-learn_SCL001_d880725b,1.002095349133015,7.061743733422357e-08,7.04697785448459e-08,0.8000072,0.0,10.0,1.1136098043798106e-07,0.0,1.391137686247627e-06,1.502498666685608e-06,Canada,CAN,,gcp,northamerica-northeast2,Linux-6.8.0-1032-gcp-x86_64-with-glibc2.35,3.10.12,3.0.4,2,Intel(R) Xeon(R) CPU @ 2.60GHz,,,,,15.61648178100586,machine,Y,1.0
2025-08-08T11:52:34,scikit-learn-benchmark,fd1557ed-6548-4bda-b207-54185903e1e1,scikit-learn_SCL001_d880725b,1.0024207956157625,7.06627350000571e-08,7.049208806232985e-08,0.8000072,0.0,10.0,1.1142715833220209e-07,0.0,1.3920352884775234e-06,1.5034624468097254e-06,Canada,CAN,,gcp,northamerica-northeast2,Linux-6.8.0-1032-gcp-x86_64-with-glibc2.35,3.10.12,3.0.4,2,Intel(R) Xeon(R) CPU @ 2.60GHz,,,,,15.61648178100586,machine,Y,1.0
2025-08-08T11:52:36,scikit-learn-benchmark,cae6b522-fbaf-4810-a4e0-278d69605eaa,scikit-learn_SCL001_d880725b,1.0025275372900069,7.066746050843766e-08,7.048929618378679e-08,0.8,0.0,10.0,1.1144369447396864e-07,0.0,1.3921192950672576e-06,1.5035629895412263e-06,Canada,CAN,,gcp,northamerica-northeast2,Linux-6.8.0-1032-gcp-x86_64-with-glibc2.35,3.10.12,3.0.4,2,Intel(R) Xeon(R) CPU @ 2.60GHz,,,,,15.61648178100586,machine,Y,1.0
2025-08-08T11:52:38,scikit-learn-benchmark,fed682a7-fd65-4d0a-b038-975e33ca5801,scikit-learn_SCL001_d880725b,1.0026093390770257,7.068006417936542e-08,7.049611590934464e-08,0.8,0.0,10.0,1.1145902818275825e-07,0.0,1.3923721245696975e-06,1.5038311527524558e-06,Canada,CAN,,gcp,northamerica-northeast2,Linux-6.8.0-1032-gcp-x86_64-with-glibc2.35,3.10.12,3.0.4,2,Intel(R) Xeon(R) CPU @ 2.60GHz,,,,,15.61648178100586,machine,Y,1.0
2025-08-08T11:52:40,scikit-learn-benchmark,7b91d6a0-7596-4f15-8f1f-e9a414e0d35a,scikit-learn_SCL001_d880725b,1.002487733028829,7.066888809126491e-08,7.049351903564157e-08,0.8,0.0,10.0,1.1144359751294057e-07,0.0,1.3921497661309935e-06,1.5035933636439344e-06,Canada,CAN,,gcp,northamerica-northeast2,Linux-6.8.0-1032-gcp-x86_64-with-glibc2.35,3.10.12,3.0.4,2,Intel(R) Xeon(R) CPU @ 2.60GHz,,,,,15.61648178100586,machine,Y,1.0
2025-08-08T11:52:42,scikit-learn-benchmark,95f9f11b-d647-4d8b-a7f5-2653a61e5969,scikit-learn_SCL001_d880725b,1.0024401638656857,7.066113368271748e-08,7.048912865804247e-08,0.8,0.0,10.0,1.1142427670872877e-07,0.0,1.3920040995193025e-06,1.5034283762280311e-06,Canada,CAN,,gcp,northamerica-northeast2,Linux-6.8.0-1032-gcp-x86_64-with-glibc2.35,3.10.12,3.0.4,2,Intel(R) Xeon(R) CPU @ 2.60GHz,,,,,15.61648178100586,machine,Y,1.0
2025-08-08T11:52:44,scikit-learn-benchmark,b92f9100-8c40-4e83-9da2-078d8ee509a7,scikit-learn_SCL001_d880725b,1.0024917721748352,7.067206213711245e-08,7.049640116626036e-08,0.8,0.0,10.0,1.1144262645393613e-07,0.0,1.3922182700803711e-06,1.5036608965343072e-06,Canada,CAN,,gcp,northamerica-northeast2,Linux-6.8.0-1032-gcp-x86_64-with-glibc2.35,3.10.12,3.0.4,2,Intel(R) Xeon(R) CPU @ 2.60GHz,,,,,15.61648178100586,machine,Y,1.0
2025-08-08T11:52:47,scikit-learn-benchmark,74969231-f6d3-4b0c-a3cf-e3eeb836ffa2,scikit-learn_SCL001_d880725b,1.0024858326651156,7.06833202543471e-08,7.050804904288274e-08,0.8015552000000002,0.0,10.0,1.1166095128505101e-07,0.0,1.3922394796585043e-06,1.5039004309435553e-06,Canada,CAN,,gcp,northamerica-northeast2,Linux-6.8.0-1032-gcp-x86_64-with-glibc2.35,3.10.12,3.0.4,2,Intel(R) Xeon(R) CPU @ 2.60GHz,,,,,15.61648178100586,machine,Y,1.0
2025-08-08T11:52:49,scikit-learn-benchmark,2f910d95-94bb-4c0a-a302-216d9d84faad,scikit-learn_SCL001_d880725b,1.002459438983351,7.066688159729044e-08,7.049350711781178e-08,0.8,0.0,10.0,1.114339409396053e-07,0.0,1.39211673134317e-06,1.5035506722827753e-06,Canada,CAN,,gcp,northamerica-northeast2,Linux-6.8.0-1032-gcp-x86_64-with-glibc2.35,3.10.12,3.0.4,2,Intel(R) Xeon(R) CPU @ 2.60GHz,,,,,15.61648178100586,machine,Y,1.0
2025-08-08T11:52:51,scikit-learn-benchmark,20e09430-3679-4ce3-ac03-fa0e07ff9122,scikit-learn_SCL001_d880725b,1.0024001128040254,7.066382629558269e-08,7.049463122855598e-08,0.8001944000000001,0.0,10.0,1.114527742480636e-07,0.0,1.3920328916153976e-06,1.5034856658634612e-06,Canada,CAN,,gcp,northamerica-northeast2,Linux-6.8.0-1032-gcp-x86_64-with-glibc2.35,3.10.12,3.0.4,2,Intel(R) Xeon(R) CPU @ 2.60GHz,,,,,15.61648178100586,machine,Y,1.0
2025-08-08T11:52:53,scikit-learn-benchmark,8027a34a-b9e0-4651-a0a3-48ca0a2b5a34,scikit-learn_SCL001_d880725b,1.0024586389772594,7.066588517952985e-08,7.04925694007939e-08,0.8001944000000001,0.0,10.0,1.1146061571606962e-07,0.0,1.3920688561888209e-06,1.5035294719048903e-06,Canada,CAN,,gcp,northamerica-northeast2,Linux-6.8.0-1032-gcp-x86_64-with-glibc2.35,3.10.12,3.0.4,2,Intel(R) Xeon(R) CPU @ 2.60GHz,,,,,15.61648178100586,machine,Y,1.0
2025-08-08T11:52:55,scikit-learn-benchmark,5450bf23-6752-4726-95c6-d3c186f605fc,scikit-learn_SCL001_d880725b,1.0023715840652585,7.066101726579172e-08,7.049383520950987e-08,0.8,0.0,10.0,1.114249908261829e-07,0.0,1.392000908445981e-06,1.503425899272164e-06,Canada,CAN,,gcp,northamerica-northeast2,Linux-6.8.0-1032-gcp-x86_64-with-glibc2.35,3.10.12,3.0.4,2,Intel(R) Xeon(R) CPU @ 2.60GHz,,,,,15.61648178100586,machine,Y,1.0
2025-08-08T11:52:57,scikit-learn-benchmark,bec9bea6-8fa7-4f4e-883e-77c71aeecd6d,scikit-learn_SCL001_d880725b,1.0021829358302057,7.065211310906186e-08,7.04982200186175e-08,0.8015552000000002,0.0,10.0,1.115977022816804e-07,0.0,1.3916387468472952e-06,1.5032364491289756e-06,Canada,CAN,,gcp,northamerica-northeast2,Linux-6.8.0-1032-gcp-x86_64-with-glibc2.35,3.10.12,3.0.4,2,Intel(R) Xeon(R) CPU @ 2.60GHz,,,,,15.61648178100586,machine,Y,1.0
2025-08-08T11:52:59,scikit-learn-benchmark,3ae571da-2d95-44c4-81b0-add56bc6cd89,scikit-learn_SCL001_d880725b,1.002364524640143,7.066084016606007e-08,7.04941549995775e-08,0.8,0.0,10.0,1.1142255376196573e-07,0.0,1.3919995774308014e-06,1.5034221311927671e-06,Canada,CAN,,gcp,northamerica-northeast2,Linux-6.8.0-1032-gcp-x86_64-with-glibc2.35,3.10.12,3.0.4,2,Intel(R) Xeon(R) CPU @ 2.60GHz,,,,,15.61648178100586,machine,Y,1.0
2025-08-08T11:53:02,scikit-learn-benchmark,5986fa67-c777-4094-8d68-63ff950bfcb0,scikit-learn_SCL001_d880725b,1.002408288884908,7.065797490849058e-08,7.048821891436215e-08,0.8,0.0,10.0,1.1142042972561389e-07,0.0,1.3919407385401429e-06,1.5033611682657568e-06,Canada,CAN,,gcp,northamerica-northeast2,Linux-6.8.0-1032-gcp-x86_64-with-glibc2.35,3.10.12,3.0.4,2,Intel(R) Xeon(R) CPU @ 2.60GHz,,,,,15.61648178100586,machine,Y,1.0
2025-08-08T11:53:04,scikit-learn-benchmark,971cb0fb-e67b-48a4-903e-d897a4261a1c,scikit-learn_SCL001_d880725b,1.0024809283204377,7.066882407447945e-08,7.049393367799866e-08,0.8,0.0,10.0,1.1143778450787069e-07,0.0,1.3921542170767984e-06,1.5035920015846691e-06,Canada,CAN,,gcp,northamerica-northeast2,Linux-6.8.0-1032-gcp-x86_64-with-glibc2.35,3.10.12,3.0.4,2,Intel(R) Xeon(R) CPU @ 2.60GHz,,,,,15.61648178100586,machine,Y,1.0
2025-08-08T11:53:06,scikit-learn-benchmark,89b3ce2d-ccfc-48ae-94e0-771ae59ec845,scikit-learn_SCL001_d880725b,1.002411496359855,7.066272599964095e-08,7.049273303054155e-08,0.8,0.0,10.0,1.114273691135976e-07,0.0,1.3920348861979113e-06,1.503462255311509e-06,Canada,CAN,,gcp,northamerica-northeast2,Linux-6.8.0-1032-gcp-x86_64-with-glibc2.35,3.10.12,3.0.4,2,Intel(R) Xeon(R) CPU @ 2.60GHz,,,,,15.61648178100586,machine,Y,1.0
2025-08-08T11:53:08,scikit-learn-benchmark,f93b87fa-b2e1-4fa5-95e7-9f7e96fb6a78,scikit-learn_SCL001_d880725b,1.0025170710869131,7.06721258424311e-08,7.04946857072563e-08,0.8000072,0.0,10.0,1.1144880277407522e-07,0.0,1.3922134491925437e-06,1.5036622519666188e-06,Canada,CAN,,gcp,northamerica-northeast2,Linux-6.8.0-1032-gcp-x86_64-with-glibc2.35,3.10.12,3.0.4,2,Intel(R) Xeon(R) CPU @ 2.60GHz,,,,,15.61648178100586,machine,Y,1.0
2025-08-08T11:53:10,scikit-learn-benchmark,62605482-31d5-4fda-a51a-13dd4b3578a0,scikit-learn_SCL001_d880725b,1.002455050125718,7.066399627575327e-08,7.049093749080448e-08,0.8000072,0.0,10.0,1.1143368985968137e-07,0.0,1.3920555926031538e-06,1.503489282462835e-06,Canada,CAN,,gcp,northamerica-northeast2,Linux-6.8.0-1032-gcp-x86_64-with-glibc2.35,3.10.12,3.0.4,2,Intel(R) Xeon(R) CPU @ 2.60GHz,,,,,15.61648178100586,machine,Y,1.0
2025-08-08T11:53:12,scikit-learn-benchmark,f42d17d8-1aa6-40ef-8d48-136ac4655e66,scikit-learn_SCL001_d880725b,1.0023826118558643,7.066312129783639e-08,7.049515869694399e-08,0.8000576,0.0,10.0,1.1143590518334757e-07,0.0,1.3920347607280647e-06,1.5034706659114122e-06,Canada,CAN,,gcp,northamerica-northeast2,Linux-6.8.0-1032-gcp-x86_64-with-glibc2.35,3.10.12,3.0.4,2,Intel(R) Xeon(R) CPU @ 2.60GHz,,,,,15.61648178100586,machine,Y,1.0
2025-08-08T11:53:14,scikit-learn-benchmark,286a9ba9-c18d-4b3a-8cd9-7ff2f598da12,scikit-learn_SCL001_d880725b,1.002405968029052,7.066270152212989e-08,7.049309738355617e-08,0.8000072,0.0,10.0,1.114282944524878e-07,0.0,1.3920334400609137e-06,1.5034617345134017e-06,Canada,CAN,,gcp,northamerica-northeast2,Linux-6.8.0-1032-gcp-x86_64-with-glibc2.35,3.10.12,3.0.4,2,Intel(R) Xeon(R) CPU @ 2.60GHz,,,,,15.61648178100586,machine,Y,1.0
2025-08-08T11:53:17,scikit-learn-benchmark,d48148b7-913a-4280-a9b3-339d9f341ade,scikit-learn_SCL001_d880725b,1.0023556277155876,7.065783645498484e-08,7.049178405474427e-08,0.8000072,0.0,10.0,1.114211678045273e-07,0.0,1.3919370546419588e-06,1.503358222446486e-06,Canada,CAN,,gcp,northamerica-northeast2,Linux-6.8.0-1032-gcp-x86_64-with-glibc2.35,3.10.12,3.0.4,2,Intel(R) Xeon(R) CPU @ 2.60GHz,,,,,15.61648178100586,machine,Y,1.0
2025-08-08T11:53:19,scikit-learn-benchmark,e609a473-9fed-4f38-aa77-e5e5bf8f40ab,scikit-learn_SCL001_d880725b,1.0023652729578316,7.069344659400651e-08,7.052663185886379e-08,0.8050757768000001,0.0,10.0,1.1213038862798737e-07,0.0,1.3919854963508746e-06,1.504115884978862e-06,Canada,CAN,,gcp,northamerica-northeast2,Linux-6.8.0-1032-gcp-x86_64-with-glibc2.35,3.10.12,3.0.4,2,Intel(R) Xeon(R) CPU @ 2.60GHz,,,,,15.61648178100586,machine,Y,1.0
2025-08-08T11:53:21,scikit-learn-benchmark,ca50f9ab-b95f-424a-a789-45cde955c499,scikit-learn_SCL001_d880725b,1.002506084740162,7.06628592180799e-08,7.048621479080087e-08,0.8000072,0.0,10.0,1.1143847938434709e-07,0.0,1.3920266103620333e-06,1.5034650897463804e-06,Canada,CAN,,gcp,northamerica-northeast2,Linux-6.8.0-1032-gcp-x86_64-with-glibc2.35,3.10.12,3.0.4,2,Intel(R) Xeon(R) CPU @ 2.60GHz,,,,,15.61648178100586,machine,Y,1.0
2025-08-08T11:53:23,scikit-learn-benchmark,a30e41b9-efcd-44ca-b4cd-d01a17d754c3,scikit-learn_SCL001_d880725b,1.002379873301834,7.065760477109708e-08,7.048984786411496e-08,0.8,0.0,10.0,1.1141723177085321e-07,0.0,1.3919360612312125e-06,1.5033532930020657e-06,Canada,CAN,,gcp,northamerica-northeast2,Linux-6.8.0-1032-gcp-x86_64-with-glibc2.35,3.10.12,3.0.4,2,Intel(R) Xeon(R) CPU @ 2.60GHz,,,,,15.61648178100586,machine,Y,1.0
2025-08-08T11:53:25,scikit-learn-benchmark,438ad656-2fe4-466a-95b7-7179829fe15d,scikit-learn_SCL001_d880725b,1.002374584786594,7.066224407058005e-08,7.04948480768036e-08,0.8,0.0,10.0,1.11426021075911e-07,0.0,1.3920259804257916e-06,1.5034520015017026e-06,Canada,CAN,,gcp,northamerica-northeast2,Linux-6.8.0-1032-gcp-x86_64-with-glibc2.35,3.10.12,3.0.4,2,Intel(R) Xeon(R) CPU @ 2.60GHz,,,,,15.61648178100586,machine,Y,1.0
2025-08-08T11:53:27,scikit-learn-benchmark,d9835c8b-473b-435a-9ae9-dbe75bed1b47,scikit-learn_SCL001_d880725b,1.002341047860682,7.065851763221953e-08,7.049348900060267e-08,0.8,0.0,10.0,1.1142035490936704e-07,0.0,1.391952360669772e-06,1.503372715579139e-06,Canada,CAN,,gcp,northamerica-northeast2,Linux-6.8.0-1032-gcp-x86_64-with-glibc2.35,3.10.12,3.0.4,2,Intel(R) Xeon(R) CPU @ 2.60GHz,,,,,15.61648178100586,machine,Y,1.0
2025-08-08T11:53:29,scikit-learn-benchmark,9b42761c-fa9d-433f-b292-d30c94a1f010,scikit-learn_SCL001_d880725b,1.0023802546784282,7.066053115648942e-08,7.049274048116391e-08,0.8,0.0,10.0,1.1142390956067381e-07,0.0,1.3919916469603778e-06,1.5034155565210514e-06,Canada,CAN,,gcp,northamerica-northeast2,Linux-6.8.0-1032-gcp-x86_64-with-glibc2.35,3.10.12,3.0.4,2,Intel(R) Xeon(R) CPU @ 2.60GHz,,,,,15.61648178100586,machine,Y,1.0
2025-08-08T11:53:32,scikit-learn-benchmark,7e182553-6141-44d6-9306-4db92ca55669,scikit-learn_SCL001_d880725b,1.0024251411668956,7.066284318257954e-08,7.049189039724486e-08,0.8,0.0,10.0,1.1142794022129645e-07,0.0,1.3920368083442252e-06,1.5034647485655217e-06,Canada,CAN,,gcp,northamerica-northeast2,Linux-6.8.0-1032-gcp-x86_64-with-glibc2.35,3.10.12,3.0.4,2,Intel(R) Xeon(R) CPU @ 2.60GHz,,,,,15.61648178100586,machine,Y,1.0
2025-08-08T11:53:34,scikit-learn-benchmark,fc177242-8f2c-4332-afbe-31a05f6b44d6,scikit-learn_SCL001_d880725b,1.0024715578183532,7.066597616041287e-08,7.04917517203191e-08,0.8,0.0,10.0,1.1143440484172769e-07,0.0,1.392097002826631e-06,1.5035314076683587e-06,Canada,CAN,,gcp,northamerica-northeast2,Linux-6.8.0-1032-gcp-x86_64-with-glibc2.35,3.10.12,3.0.4,2,Intel(R) Xeon(R) CPU @ 2.60GHz,,,,,15.61648178100586,machine,Y,1.0
2025-08-08T11:53:36,scikit-learn-benchmark,2ad77e23-5d41-465a-97d3-026e9d9a912c,scikit-learn_SCL001_d880725b,1.0024216012097895,7.067167181609927e-08,7.050094663842835e-08,0.8000576,0.0,10.0,1.114498864800566e-07,0.0,1.3922027053518428e-06,1.5036525918318994e-06,Canada,CAN,,gcp,northamerica-northeast2,Linux-6.8.0-1032-gcp-x86_64-with-glibc2.35,3.10.12,3.0.4,2,Intel(R) Xeon(R) CPU @ 2.60GHz,,,,,15.61648178100586,machine,Y,1.0
2025-08-08T11:53:38,scikit-learn-benchmark,8b9d8233-d4c4-4cc4-b29e-299da9bb525f,scikit-learn_SCL001_d880725b,1.0024556550197303,7.06604465984015e-08,7.048735397378826e-08,0.8,0.0,10.0,1.1143046907252737e-07,0.0,1.3919832883402706e-06,1.503413757412798e-06,Canada,CAN,,gcp,northamerica-northeast2,Linux-6.8.0-1032-gcp-x86_64-with-glibc2.35,3.10.12,3.0.4,2,Intel(R) Xeon(R) CPU @ 2.60GHz,,,,,15.61648178100586,machine,Y,1.0
2025-08-08T11:53:40,scikit-learn-benchmark,c1941b48-2050-4a0d-9735-5f9a473ea364,scikit-learn_SCL001_d880725b,1.0025157583877444,7.085823999360394e-08,7.06804251212558e-08,0.8283990464000001,0.0,10.0,1.1540347197905169e-07,0.0,1.3922186555444366e-06,1.5076221275234885e-06,Canada,CAN,,gcp,northamerica-northeast2,Linux-6.8.0-1032-gcp-x86_64-with-glibc2.35,3.10.12,3.0.4,2,Intel(R) Xeon(R) CPU @ 2.60GHz,,,,,15.61648178100586,machine,Y,1.0
2025-08-08T11:53:42,scikit-learn-benchmark,dc72a3b1-75bf-4aa9-be37-698b61226d3a,scikit-learn_SCL001_d880725b,1.0023648920468986,7.066100202490738e-08,7.04942906376267e-08,0.8000072,0.0,10.0,1.114242021842649e-07,0.0,1.3920013728137643e-06,1.5034255749980294e-06,Canada,CAN,,gcp,northamerica-northeast2,Linux-6.8.0-1032-gcp-x86_64-with-glibc2.35,3.10.12,3.0.4,2,Intel(R) Xeon(R) CPU @ 2.60GHz,,,,,15.61648178100586,machine,Y,1.0
2025-08-08T11:53:44,scikit-learn-benchmark,25ea77f0-aa6d-451a-b226-a06b22412963,scikit-learn_SCL001_d880725b,1.0023587779141965,7.065749791326245e-08,7.049122476913238e-08,0.8000072,0.0,10.0,1.1141990585108121e-07,0.0,1.3919311135800349e-06,1.503351019431116e-06,Canada,CAN,,gcp,northamerica-northeast2,Linux-6.8.0-1032-gcp-x86_64-with-glibc2.35,3.10.12,3.0.4,2,Intel(R) Xeon(R) CPU @ 2.60GHz,,,,,15.61648178100586,machine,Y,1.0
2025-08-08T11:53:46,scikit-learn-benchmark,ea57b36d-68fd-4707-bb2e-eba5a7108c4a,scikit-learn_SCL001_d880725b,1.0022227098233998,7.064127919326463e-08,7.04846123529891e-08,0.8009000000000002,0.0,10.0,1.1150451048103996e-07,0.0,1.391501429801186e-06,1.503005940282226e-06,Canada,CAN,,gcp,northamerica-northeast2,Linux-6.8.0-1032-gcp-x86_64-with-glibc2.35,3.10.12,3.0.4,2,Intel(R) Xeon(R) CPU @ 2.60GHz,,,,,15.61648178100586,machine,Y,1.0
2025-08-08T11:53:49,scikit-learn-benchmark,d27310c4-b45e-4579-8241-1d68bfb44e6e,scikit-learn_SCL001_d880725b,1.002381979022175,7.066370699456374e-08,7.0495787507569e-08,0.8,0.0,10.0,1.114292022668653e-07,0.0,1.3920539252770442e-06,1.5034831275439097e-06,Canada,CAN,,gcp,northamerica-northeast2,Linux-6.8.0-1032-gcp-x86_64-with-glibc2.35,3.10.12,3.0.4,2,Intel(R) Xeon(R) CPU @ 2.60GHz,,,,,15.61648178100586,machine,Y,1.0
2025-08-08T11:53:51,scikit-learn-benchmark,74208f53-787c-4cb3-97e2-efd59627fe25,scikit-learn_SCL001_d880725b,1.002402476966381,7.06642315358234e-08,7.049486923623529e-08,0.8,0.0,10.0,1.1143007419175573e-07,0.0,1.3920642138044866e-06,1.5034942879962425e-06,Canada,CAN,,gcp,northamerica-northeast2,Linux-6.8.0-1032-gcp-x86_64-with-glibc2.35,3.10.12,3.0.4,2,Intel(R) Xeon(R) CPU @ 2.60GHz,,,,,15.61648178100586,machine,Y,1.0
2025-08-08T11:53:53,scikit-learn-benchmark,fbae0854-7c5c-4386-82ed-b345f49e6b4b,scikit-learn_SCL001_d880725b,1.002385952975601,7.066068150170355e-08,7.049248973606027e-08,0.8,0.0,10.0,1.1142393284373817e-07,0.0,1.3919948225116564e-06,1.5034187553553943e-06,Canada,CAN,,gcp,northamerica-northeast2,Linux-6.8.0-1032-gcp-x86_64-with-glibc2.35,3.10.12,3.0.4,2,Intel(R) Xeon(R) CPU @ 2.60GHz,,,,,15.61648178100586,machine,Y,1.0
2025-08-08T11:53:55,scikit-learn-benchmark,63d8a695-3e53-4bd9-ad42-0c2fa2b5af94,scikit-learn_SCL001_d880725b,1.002474965993315,7.06648196221019e-08,7.049035838224922e-08,0.8,0.0,10.0,1.1143503131137957e-07,0.0,1.3920717691588733e-06,1.5035068004702528e-06,Canada,CAN,,gcp,northamerica-northeast2,Linux-6.8.0-1032-gcp-x86_64-with-glibc2.35,3.10.12,3.0.4,2,Intel(R) Xeon(R) CPU @ 2.60GHz,,,,,15.61648178100586,machine,Y,1.0
2025-08-08T11:53:57,scikit-learn-benchmark,18b6f353-d082-4e65-a44f-d35dba93de2a,scikit-learn_SCL001_d880725b,1.0024440181441605,7.066528814229079e-08,7.049300196644844e-08,0.8,0.0,10.0,1.1143049318343405e-07,0.0,1.3920862758014764e-06,1.5035167689849104e-06,Canada,CAN,,gcp,northamerica-northeast2,Linux-6.8.0-1032-gcp-x86_64-with-glibc2.35,3.10.12,3.0.4,2,Intel(R) Xeon(R) CPU @ 2.60GHz,,,,,15.61648178100586,machine,Y,1.0
2025-08-08T11:53:59,scikit-learn-benchmark,2b057cc4-084e-492c-96aa-e0ed146bc8fe,scikit-learn_SCL001_d880725b,1.0021627047099173,7.06332021269223e-08,7.04807730271379e-08,0.8,0.0,10.0,1.1138056549761033e-07,0.0,1.3914535223092472e-06,1.5028340878068577e-06,Canada,CAN,,gcp,northamerica-northeast2,Linux-6.8.0-1032-gcp-x86_64-with-glibc2.35,3.10.12,3.0.4,2,Intel(R) Xeon(R) CPU @ 2.60GHz,,,,,15.61648178100586,machine,Y,1.0
2025-08-08T11:54:01,scikit-learn-benchmark,6bf651b9-4308-475a-9283-70bf92d6c39d,scikit-learn_SCL001_d880725b,1.002416139934212,7.069196016842997e-08,7.052157018647908e-08,0.8038263752,0.0,10.0,1.1196761163732769e-07,0.0,1.3921166472654376e-06,1.5040842589027652e-06,Canada,CAN,,gcp,northamerica-northeast2,Linux-6.8.0-1032-gcp-x86_64-with-glibc2.35,3.10.12,3.0.4,2,Intel(R) Xeon(R) CPU @ 2.60GHz,,,,,15.61648178100586,machine,Y,1.0
2025-08-08T11:54:04,scikit-learn-benchmark,3ceb041b-4fda-4f85-ad3f-d35560202ee6,scikit-learn_SCL001_d880725b,1.0024709380231798,7.066818869967636e-08,7.049400238876781e-08,0.8,0.0,10.0,1.1143572245621025e-07,0.0,1.392142760515627e-06,1.503578482971837e-06,Canada,CAN,,gcp,northamerica-northeast2,Linux-6.8.0-1032-gcp-x86_64-with-glibc2.35,3.10.12,3.0.4,2,Intel(R) Xeon(R) CPU @ 2.60GHz,,,,,15.61648178100586,machine,Y,1.0
2025-08-08T11:54:06,scikit-learn-benchmark,b02ccaae-b72c-4d13-b559-b0d4f25018f3,scikit-learn_SCL001_d880725b,1.0025941682979465,7.067970510212804e-08,7.049682447496918e-08,0.8001944000000001,0.0,10.0,1.1148092151518126e-07,0.0,1.3923425912960537e-06,1.5038235128112349e-06,Canada,CAN,,gcp,northamerica-northeast2,Linux-6.8.0-1032-gcp-x86_64-with-glibc2.35,3.10.12,3.0.4,2,Intel(R) Xeon(R) CPU @ 2.60GHz,,,,,15.61648178100586,machine,Y,1.0
2025-08-08T11:54:08,scikit-learn-benchmark,4d9340f1-61f0-4ef6-bd2c-50f5b8fc8b6c,scikit-learn_SCL001_d880725b,1.002531202044338,7.066596928332004e-08,7.048755105000189e-08,0.8,0.0,10.0,1.1143441115402517e-07,0.0,1.3920968501932093e-06,1.5035312613472345e-06,Canada,CAN,,gcp,northamerica-northeast2,Linux-6.8.0-1032-gcp-x86_64-with-glibc2.35,3.10.12,3.0.4,2,Intel(R) Xeon(R) CPU @ 2.60GHz,,,,,15.61648178100586,machine,Y,1.0
2025-08-08T11:54:10,scikit-learn-benchmark,e53170ce-1189-43b1-a99c-f0df0fcd736a,scikit-learn_SCL001_d880725b,1.0025173458270729,7.066922131216048e-08,7.049176915124463e-08,0.8004608000000001,0.0,10.0,1.1150618767715825e-07,0.0,1.3920942657730648e-06,1.503600453450223e-06,Canada,CAN,,gcp,northamerica-northeast2,Linux-6.8.0-1032-gcp-x86_64-with-glibc2.35,3.10.12,3.0.4,2,Intel(R) Xeon(R) CPU @ 2.60GHz,,,,,15.61648178100586,machine,Y,1.0
2025-08-08T11:54:12,scikit-learn-benchmark,e31d99b1-ee93-4458-9d66-fcd99f4a77c2,scikit-learn_SCL001_d880725b,1.002522706054151,7.065973903912055e-08,7.048193383791934e-08,0.8004608000000001,0.0,10.0,1.1148588340104953e-07,0.0,1.3919128195589617e-06,1.503398702960011e-06,Canada,CAN,,gcp,northamerica-northeast2,Linux-6.8.0-1032-gcp-x86_64-with-glibc2.35,3.10.12,3.0.4,2,Intel(R) Xeon(R) CPU @ 2.60GHz,,,,,15.61648178100586,machine,Y,1.0
2025-08-08T11:54:14,scikit-learn-benchmark,d34ef1be-dc6e-4ed5-a142-5c7b1c36304a,scikit-learn_SCL001_d880725b,1.0025047878734767,7.066721767566513e-08,7.049065354148098e-08,0.8009000000000002,0.0,10.0,1.115646340698523e-07,0.0,1.39199318881664e-06,1.5035578228864922e-06,Canada,CAN,,gcp,northamerica-northeast2,Linux-6.8.0-1032-gcp-x86_64-with-glibc2.35,3.10.12,3.0.4,2,Intel(R) Xeon(R) CPU @ 2.60GHz,,,,,15.61648178100586,machine,Y,1.0
2025-08-08T11:54:16,scikit-learn-benchmark,74797284-ffee-412c-983c-79968b31b4a4,scikit-learn_SCL001_d880725b,1.0024219499900937,7.066328410660939e-08,7.049255466453793e-08,0.8000072,0.0,10.0,1.1143144907739997e-07,0.0,1.3920426808504594e-06,1.503474129927859e-06,Canada,CAN,,gcp,northamerica-northeast2,Linux-6.8.0-1032-gcp-x86_64-with-glibc2.35,3.10.12,3.0.4,2,Intel(R) Xeon(R) CPU @ 2.60GHz,,,,,15.61648178100586,machine,Y,1.0
2025-08-08T11:54:19,scikit-learn-benchmark,6fd55661-6cd4-483c-b504-6995c32734fb,scikit-learn_SCL001_d880725b,1.0024582180194557,7.066857442072223e-08,7.049528164908583e-08,0.8004608000000001,0.0,10.0,1.1150539010938013e-07,0.0,1.3920812996932202e-06,1.5035866898026003e-06,Canada,CAN,,gcp,northamerica-northeast2,Linux-6.8.0-1032-gcp-x86_64-with-glibc2.35,3.10.12,3.0.4,2,Intel(R) Xeon(R) CPU @ 2.60GHz,,,,,15.61648178100586,machine,Y,1.0
2025-08-08T11:54:21,scikit-learn-benchmark,090d15dc-7f80-454d-b2fa-062ec10a7205,scikit-learn_SCL001_d880725b,1.0024519129656255,7.06714435177965e-08,7.049858711798364e-08,0.8009000000000002,0.0,10.0,1.1155965935625141e-07,0.0,1.3920880750649507e-06,1.5036477344212022e-06,Canada,CAN,,gcp,northamerica-northeast2,Linux-6.8.0-1032-gcp-x86_64-with-glibc2.35,3.10.12,3.0.4,2,Intel(R) Xeon(R) CPU @ 2.60GHz,,,,,15.61648178100586,machine,Y,1.0
2025-08-08T11:54:23,scikit-learn-benchmark,232b19d3-9d56-4d20-866b-ada9178155fa,scikit-learn_SCL001_d880725b,1.002565611153841,7.066581971637087e-08,7.048498265868347e-08,0.8004608000000001,0.0,10.0,1.1150230948701173e-07,0.0,1.392025769584709e-06,1.5035280790717206e-06,Canada,CAN,,gcp,northamerica-northeast2,Linux-6.8.0-1032-gcp-x86_64-with-glibc2.35,3.10.12,3.0.4,2,Intel(R) Xeon(R) CPU @ 2.60GHz,,,,,15.61648178100586,machine,Y,1.0
2025-08-08T11:54:25,scikit-learn-benchmark,8a4cdd80-eadb-40b7-8691-133759716a21,scikit-learn_SCL001_d880725b,1.0025873719714582,7.068149557285745e-08,7.049908820801467e-08,0.8004608000000001,0.0,10.0,1.1151794690962637e-07,0.0,1.392343661023511e-06,1.503861607933137e-06,Canada,CAN,,gcp,northamerica-northeast2,Linux-6.8.0-1032-gcp-x86_64-with-glibc2.35,3.10.12,3.0.4,2,Intel(R) Xeon(R) CPU @ 2.60GHz,,,,,15.61648178100586,machine,Y,1.0
2025-08-08T11:54:27,scikit-learn-benchmark,be23a61a-c647-44aa-9235-fc0edc0fcadd,scikit-learn_SCL001_d880725b,1.0024931798689067,7.068434315012024e-08,7.05085526460773e-08,0.8024696,0.0,10.0,1.1178655102445673e-07,0.0,1.3921356436589529e-06,1.5039221946834094e-06,Canada,CAN,,gcp,northamerica-northeast2,Linux-6.8.0-1032-gcp-x86_64-with-glibc2.35,3.10.12,3.0.4,2,Intel(R) Xeon(R) CPU @ 2.60GHz,,,,,15.61648178100586,machine,Y,1.0
2025-08-08T11:54:29,scikit-learn-benchmark,52533b01-aa38-4275-8dba-f736b00f4250,scikit-learn_SCL001_d880725b,1.002448351122439,7.068097157983923e-08,7.050834240058146e-08,0.8025769592,0.0,10.0,1.1178976237725169e-07,0.0,1.392060696768264e-06,1.5038504591455157e-06,Canada,CAN,,gcp,northamerica-northeast2,Linux-6.8.0-1032-gcp-x86_64-with-glibc2.35,3.10.12,3.0.4,2,Intel(R) Xeon(R) CPU @ 2.60GHz,,,,,15.61648178100586,machine,Y,1.0
2025-08-08T11:54:31,scikit-learn-benchmark,3333a168-749d-4dac-bbc2-d84089537201,scikit-learn_SCL001_d880725b,1.0024391147308052,7.066439900324785e-08,7.049245980612404e-08,0.8,0.0,10.0,1.114298628850116e-07,0.0,1.3920679882479211e-06,1.5034978511329327e-06,Canada,CAN,,gcp,northamerica-northeast2,Linux-6.8.0-1032-gcp-x86_64-with-glibc2.35,3.10.12,3.0.4,2,Intel(R) Xeon(R) CPU @ 2.60GHz,,,,,15.61648178100586,machine,Y,1.0
2025-08-08T11:54:33,scikit-learn-benchmark,3ce06aa1-4056-42b5-acfa-5bfd4a25575f,scikit-learn_SCL001_d880725b,1.0025341548025608,7.067324546641774e-08,7.049460123414564e-08,0.8,0.0,10.0,1.1144532128754589e-07,0.0,1.392240752466023e-06,1.5036860737535689e-06,Canada,CAN,,gcp,northamerica-northeast2,Linux-6.8.0-1032-gcp-x86_64-with-glibc2.35,3.10.12,3.0.4,2,Intel(R) Xeon(R) CPU @ 2.60GHz,,,,,15.61648178100586,machine,Y,1.0
2025-08-08T11:54:36,scikit-learn-benchmark,02e25720-dfc9-4648-a27f-daa8e460d6fe,scikit-learn_SCL001_d880725b,1.0019661597907543,7.652528681172731e-08,7.637512111956804e-08,1.7000000000000002,0.0,10.0,2.3666284128557894e-07,0.0,1.3915347504532998e-06,1.6281975917388789e-06,Canada,CAN,,gcp,northamerica-northeast2,Linux-6.8.0-1032-gcp-x86_64-with-glibc2.35,3.10.12,3.0.4,2,Intel(R) Xeon(R) CPU @ 2.60GHz,,,,,15.61648178100586,machine,Y,1.0
2025-08-08T11:54:38,scikit-learn-benchmark,c6d2ec3a-16bb-44d3-8b7a-464fbfa058bd,scikit-learn_SCL001_d880725b,1.0024027568288147,7.065787003768816e-08,7.048850330501909e-08,0.8,0.0,10.0,1.1141952686011793e-07,0.0,1.3919394101119703e-06,1.5033589369720885e-06,Canada,CAN,,gcp,northamerica-northeast2,Linux-6.8.0-1032-gcp-x86_64-with-glibc2.35,3.10.12,3.0.4,2,Intel(R) Xeon(R) CPU @ 2.60GHz,,,,,15.61648178100586,machine,Y,1.0
2025-08-08T11:54:40,scikit-learn-benchmark,4bbff4c0-142e-4617-98f9-e9d5fdd3bc3e,scikit-learn_SCL001_d880725b,1.0024657882750034,7.066425152024668e-08,7.049043702712533e-08,0.8,0.0,10.0,1.1143664094722937e-07,0.0,1.3920580722495083e-06,1.503494713196738e-06,Canada,CAN,,gcp,northamerica-northeast2,Linux-6.8.0-1032-gcp-x86_64-with-glibc2.35,3.10.12,3.0.4,2,Intel(R) Xeon(R) CPU @ 2.60GHz,,,,,15.61648178100586,machine,Y,1.0
2025-08-08T11:54:42,scikit-learn-benchmark,ea587c7d-f23b-4c15-af06-e5d5f81cb695,scikit-learn_SCL001_d880725b,1.0024876222014427,7.067005597794354e-08,7.049469181749446e-08,0.8000072,0.0,10.0,1.1144167581567109e-07,0.0,1.3921765364809995e-06,1.5036182122966708e-06,Canada,CAN,,gcp,northamerica-northeast2,Linux-6.8.0-1032-gcp-x86_64-with-glibc2.35,3.10.12,3.0.4,2,Intel(R) Xeon(R) CPU @ 2.60GHz,,,,,15.61648178100586,machine,Y,1.0
2025-08-08T11:54:44,scikit-learn-benchmark,c9617a79-74bb-4536-bc03-66af50396f31,scikit-learn_SCL001_d880725b,1.0024872119538486,7.06635569306044e-08,7.04882377430841e-08,0.8000072,0.0,10.0,1.1143580511924605e-07,0.0,1.3920441295744646e-06,1.5034799346937106e-06,Canada,CAN,,gcp,northamerica-northeast2,Linux-6.8.0-1032-gcp-x86_64-with-glibc2.35,3.10.12,3.0.4,2,Intel(R) Xeon(R) CPU @ 2.60GHz,,,,,15.61648178100586,machine,Y,1.0
2025-08-08T11:54:46,scikit-learn-benchmark,b7092daa-73c5-4b71-92bb-626c098d9a64,scikit-learn_SCL001_d880725b,1.0023795701563358,7.067678185315038e-08,7.05090007392382e-08,0.8015552000000002,0.0,10.0,1.1165145447879701e-07,0.0,1.3921098615456786e-06,1.5037613160244756e-06,Canada,CAN,,gcp,northamerica-northeast2,Linux-6.8.0-1032-gcp-x86_64-with-glibc2.35,3.10.12,3.0.4,2,Intel(R) Xeon(R) CPU @ 2.60GHz,,,,,15.61648178100586,machine,Y,1.0
2025-08-08T11:54:48,scikit-learn-benchmark,a2cacd4a-42b4-46a2-9f10-a66c93908ac2,scikit-learn_SCL001_d880725b,1.0023879772052169,7.065826682284945e-08,7.04899384566179e-08,0.8000072,0.0,10.0,1.1142111482214401e-07,0.0,1.3919462643874188e-06,1.5033673792095627e-06,Canada,CAN,,gcp,northamerica-northeast2,Linux-6.8.0-1032-gcp-x86_64-with-glibc2.35,3.10.12,3.0.4,2,Intel(R) Xeon(R) CPU @ 2.60GHz,,,,,15.61648178100586,machine,Y,1.0
2025-08-08T11:54:51,scikit-learn-benchmark,ece97e70-42f6-4819-9779-0a82d1d481d8,scikit-learn_SCL001_d880725b,1.002325207926333,7.065063085179364e-08,7.048673453794467e-08,0.8,0.0,10.0,1.114053422999051e-07,0.0,1.391799569440385e-06,1.5032049117402898e-06,Canada,CAN,,gcp,northamerica-northeast2,Linux-6.8.0-1032-gcp-x86_64-with-glibc2.35,3.10.12,3.0.4,2,Intel(R) Xeon(R) CPU @ 2.60GHz,,,,,15.61648178100586,machine,Y,1.0
2025-08-08T11:54:53,scikit-learn-benchmark,541956be-f976-4fa7-9e2b-11c39620a90e,scikit-learn_SCL001_d880725b,1.0024861032143235,7.066304991725438e-08,7.048780994637609e-08,0.8000576,0.0,10.0,1.114358028339761e-07,0.0,1.392033344341649e-06,1.5034691471756252e-06,Canada,CAN,,gcp,northamerica-northeast2,Linux-6.8.0-1032-gcp-x86_64-with-glibc2.35,3.10.12,3.0.4,2,Intel(R) Xeon(R) CPU @ 2.60GHz,,,,,15.61648178100586,machine,Y,1.0
2025-08-08T11:54:55,scikit-learn-benchmark,0e869f71-ecb0-40b7-95e2-9bbac42c882a,scikit-learn_SCL001_d880725b,1.002341820858419,7.066736299135829e-08,7.050225932989386e-08,0.8,0.0,10.0,1.1143517928818865e-07,0.0,1.3921257354215616e-06,1.5035609147097505e-06,Canada,CAN,,gcp,northamerica-northeast2,Linux-6.8.0-1032-gcp-x86_64-with-glibc2.35,3.10.12,3.0.4,2,Intel(R) Xeon(R) CPU @ 2.60GHz,,,,,15.61648178100586,machine,Y,1.0
2025-08-08T11:54:57,scikit-learn-benchmark,ae4750b8-3eda-490b-83bb-bcab339b20c9,scikit-learn_SCL001_d880725b,1.002451226580888,7.066489027523334e-08,7.049209817045534e-08,0.8,0.0,10.0,1.1143045768969589e-07,0.0,1.3920778460386726e-06,1.5035083037283683e-06,Canada,CAN,,gcp,northamerica-northeast2,Linux-6.8.0-1032-gcp-x86_64-with-glibc2.35,3.10.12,3.0.4,2,Intel(R) Xeon(R) CPU @ 2.60GHz,,,,,15.61648178100586,machine,Y,1.0
2025-08-08T11:54:59,scikit-learn-benchmark,b1cac316-6209-4be1-a9b4-b79a5d9c192a,scikit-learn_SCL001_d880725b,1.0024233302101493,7.06655844422635e-08,7.049475237916605e-08,0.8000072,0.0,10.0,1.1144096769370049e-07,0.0,1.392082105545948e-06,1.5035230732396483e-06,Canada,CAN,,gcp,northamerica-northeast2,Linux-6.8.0-1032-gcp-x86_64-with-glibc2.35,3.10.12,3.0.4,2,Intel(R) Xeon(R) CPU @ 2.60GHz,,,,,15.61648178100586,machine,Y,1.0
2025-08-08T11:55:01,scikit-learn-benchmark,acd5d7b1-4104-416f-b577-aa070dcededf,scikit-learn_SCL001_d880725b,1.002396646887064,7.066244597145814e-08,7.049349794904034e-08,0.8000576,0.0,10.0,1.1143454142195401e-07,0.0,1.3920217558431129e-06,1.503456297265067e-06,Canada,CAN,,gcp,northamerica-northeast2,Linux-6.8.0-1032-gcp-x86_64-with-glibc2.35,3.10.12,3.0.4,2,Intel(R) Xeon(R) CPU @ 2.60GHz,,,,,15.61648178100586,machine,Y,1.0
2025-08-08T11:55:03,scikit-learn-benchmark,222803c9-d1f4-4280-bb2d-57e1adcc93f4,scikit-learn_SCL001_d880725b,1.0024190782569349,7.066546443950645e-08,7.049493168304788e-08,0.8000576,0.0,10.0,1.1143903661877085e-07,0.0,1.3920814833707282e-06,1.503520519989499e-06,Canada,CAN,,gcp,northamerica-northeast2,Linux-6.8.0-1032-gcp-x86_64-with-glibc2.35,3.10.12,3.0.4,2,Intel(R) Xeon(R) CPU @ 2.60GHz,,,,,15.61648178100586,machine,Y,1.0
2025-08-08T11:55:06,scikit-learn-benchmark,c11a57d5-5206-4028-b13c-da3c8cd1319f,scikit-learn_SCL001_d880725b,1.0024033030495048,7.066387586419353e-08,7.049445632234087e-08,0.8000072,0.0,10.0,1.1142981241846573e-07,0.0,1.3920569080962902e-06,1.503486720514756e-06,Canada,CAN,,gcp,northamerica-northeast2,Linux-6.8.0-1032-gcp-x86_64-with-glibc2.35,3.10.12,3.0.4,2,Intel(R) Xeon(R) CPU @ 2.60GHz,,,,,15.61648178100586,machine,Y,1.0
2025-08-08T11:55:08,scikit-learn-benchmark,acb940a2-8b94-49fe-8798-17d611668cdb,scikit-learn_SCL001_d880725b,1.0024697235785425,7.066348554301236e-08,7.048939621913275e-08,0.8000576,0.0,10.0,1.114359057007863e-07,0.0,1.3920425101079874e-06,1.5034784158087736e-06,Canada,CAN,,gcp,northamerica-northeast2,Linux-6.8.0-1032-gcp-x86_64-with-glibc2.35,3.10.12,3.0.4,2,Intel(R) Xeon(R) CPU @ 2.60GHz,,,,,15.61648178100586,machine,Y,1.0
2025-08-08T11:55:10,scikit-learn-benchmark,9c22f7fe-bb97-4330-92dd-f21b95000205,scikit-learn_SCL001_d880725b,1.0024132318794727,7.066365505092032e-08,7.049353779820885e-08,0.8000072,0.0,10.0,1.1143041892188085e-07,0.0,1.3920516034381255e-06,1.5034820223600069e-06,Canada,CAN,,gcp,northamerica-northeast2,Linux-6.8.0-1032-gcp-x86_64-with-glibc2.35,3.10.12,3.0.4,2,Intel(R) Xeon(R) CPU @ 2.60GHz,,,,,15.61648178100586,machine,Y,1.0
2025-08-08T11:55:12,scikit-learn-benchmark,49992805-dc66-4298-8544-65616ee62649,scikit-learn_SCL001_d880725b,1.0024494561366737,7.066059979123788e-08,7.048794266750945e-08,0.8,0.0,10.0,1.114230338070128e-07,0.0,1.3919939830278357e-06,1.5034170168348486e-06,Canada,CAN,,gcp,northamerica-northeast2,Linux-6.8.0-1032-gcp-x86_64-with-glibc2.35,3.10.12,3.0.4,2,Intel(R) Xeon(R) CPU @ 2.60GHz,,,,,15.61648178100586,machine,Y,1.0
2025-08-08T11:55:14,scikit-learn-benchmark,dc6133f8-8755-4fd0-851f-19e66471688c,scikit-learn_SCL001_d880725b,1.0024998290464282,7.06691421813642e-08,7.049292192756209e-08,0.8,0.0,10.0,1.1144086108025577e-07,0.0,1.3921579087360038e-06,1.5035987698162596e-06,Canada,CAN,,gcp,northamerica-northeast2,Linux-6.8.0-1032-gcp-x86_64-with-glibc2.35,3.10.12,3.0.4,2,Intel(R) Xeon(R) CPU @ 2.60GHz,,,,,15.61648178100586,machine,Y,1.0
2025-08-08T11:55:16,scikit-learn-benchmark,1f0ecdec-bda3-4558-9c4d-185aa885726d,scikit-learn_SCL001_d880725b,1.002377477940172,7.066130157570458e-08,7.049370434869455e-08,0.8,0.0,10.0,1.114253459705247e-07,0.0,1.3920066024487218e-06,1.5034319484192463e-06,Canada,CAN,,gcp,northamerica-northeast2,Linux-6.8.0-1032-gcp-x86_64-with-glibc2.35,3.10.12,3.0.4,2,Intel(R) Xeon(R) CPU @ 2.60GHz,,,,,15.61648178100586,machine,Y,1.0
2025-08-08T11:55:18,scikit-learn-benchmark,f6b22acc-72c7-4662-ac5a-a538eb37f78e,scikit-learn_SCL001_d880725b,1.0024396418593824,7.066014133482363e-08,7.048817543144957e-08,0.8000072,0.0,10.0,1.1144023473623769e-07,0.0,1.3919670277068184e-06,1.503407262443056e-06,Canada,CAN,,gcp,northamerica-northeast2,Linux-6.8.0-1032-gcp-x86_64-with-glibc2.35,3.10.12,3.0.4,2,Intel(R) Xeon(R) CPU @ 2.60GHz,,,,,15.61648178100586,machine,Y,1.0
2025-08-08T11:55:21,scikit-learn-benchmark,d3206c24-eda7-4c43-82e1-aaccc1310616,scikit-learn_SCL001_d880725b,1.0024064318276942,7.065923304685083e-08,7.048960461877465e-08,0.8,0.0,10.0,1.114264508295391e-07,0.0,1.3919614863374997e-06,1.5033879371670388e-06,Canada,CAN,,gcp,northamerica-northeast2,Linux-6.8.0-1032-gcp-x86_64-with-glibc2.35,3.10.12,3.0.4,2,Intel(R) Xeon(R) CPU @ 2.60GHz,,,,,15.61648178100586,machine,Y,1.0
2025-08-08T11:55:23,scikit-learn-benchmark,221e4844-7aff-4833-835f-22effc81fa79,scikit-learn_SCL001_d880725b,1.0024567460641265,7.066680428757226e-08,7.049361936564966e-08,0.8000576,0.0,10.0,1.1144312397041753e-07,0.0,1.3921059034247363e-06,1.5035490273951542e-06,Canada,CAN,,gcp,northamerica-northeast2,Linux-6.8.0-1032-gcp-x86_64-with-glibc2.35,3.10.12,3.0.4,2,Intel(R) Xeon(R) CPU @ 2.60GHz,,,,,15.61648178100586,machine,Y,1.0
2025-08-08T11:55:25,scikit-learn-benchmark,326685e4-a04b-4684-899b-c329816618af,scikit-learn_SCL001_d880725b,1.0025431690737605,7.067982890768734e-08,7.050053412960531e-08,0.8000072,0.0,10.0,1.1145798828433693e-07,0.0,1.392368158687734e-06,1.5038261469720708e-06,Canada,CAN,,gcp,northamerica-northeast2,Linux-6.8.0-1032-gcp-x86_64-with-glibc2.35,3.10.12,3.0.4,2,Intel(R) Xeon(R) CPU @ 2.60GHz,,,,,15.61648178100586,machine,Y,1.0
2025-08-08T11:55:27,scikit-learn-benchmark,ff149337-70a5-4473-8103-70a80f2d7c69,scikit-learn_SCL001_d880725b,1.0020511108450592,7.062198642180697e-08,7.047742940202858e-08,0.8000072,0.0,10.0,1.113497011922479e-07,0.0,1.391245754590879e-06,1.502595455783127e-06,Canada,CAN,,gcp,northamerica-northeast2,Linux-6.8.0-1032-gcp-x86_64-with-glibc2.35,3.10.12,3.0.4,2,Intel(R) Xeon(R) CPU @ 2.60GHz,,,,,15.61648178100586,machine,Y,1.0
2025-08-08T11:55:29,scikit-learn-benchmark,a5854d8e-3365-49d8-bffc-f5e51034156b,scikit-learn_SCL001_d880725b,1.0023834216408432,7.065922080037288e-08,7.04912105237214e-08,0.8,0.0,10.0,1.1142181305007804e-07,0.0,1.3919658635536e-06,1.503387676603678e-06,Canada,CAN,,gcp,northamerica-northeast2,Linux-6.8.0-1032-gcp-x86_64-with-glibc2.35,3.10.12,3.0.4,2,Intel(R) Xeon(R) CPU @ 2.60GHz,,,,,15.61648178100586,machine,Y,1.0
2025-08-08T11:55:31,scikit-learn-benchmark,16e4b6c5-1d0c-40ce-a341-da1b0c5b566f,scikit-learn_SCL001_d880725b,1.0023960270918906,7.066330696807967e-08,7.04944004747157e-08,0.8,0.0,10.0,1.1142641999241378e-07,0.0,1.392048196349707e-06,1.5034746163421208e-06,Canada,CAN,,gcp,northamerica-northeast2,Linux-6.8.0-1032-gcp-x86_64-with-glibc2.35,3.10.12,3.0.4,2,Intel(R) Xeon(R) CPU @ 2.60GHz,,,,,15.61648178100586,machine,Y,1.0
2025-08-08T11:55:33,scikit-learn-benchmark,36e1b118-3004-4a22-9022-1819a1205c50,scikit-learn_SCL001_d880725b,1.0024416199885309,7.066325814996121e-08,7.049114555994761e-08,0.8,0.0,10.0,1.1143313844998678e-07,0.0,1.3920404392087623e-06,1.5034735776587492e-06,Canada,CAN,,gcp,northamerica-northeast2,Linux-6.8.0-1032-gcp-x86_64-with-glibc2.35,3.10.12,3.0.4,2,Intel(R) Xeon(R) CPU @ 2.60GHz,,,,,15.61648178100586,machine,Y,1.0
2025-08-08T11:55:35,scikit-learn-benchmark,a5dadbf6-3724-4697-b71c-f26074ca6300,scikit-learn_SCL001_d880725b,1.0023738369345665,7.065622951545649e-08,7.048890036030424e-08,0.8,0.0,10.0,1.1142216219256325e-07,0.0,1.391901870051192e-06,1.5033240322437551e-06,Canada,CAN,,gcp,northamerica-northeast2,Linux-6.8.0-1032-gcp-x86_64-with-glibc2.35,3.10.12,3.0.4,2,Intel(R) Xeon(R) CPU @ 2.60GHz,,,,,15.61648178100586,machine,Y,1.0
2025-08-08T11:55:38,scikit-learn-benchmark,28870f99-8546-4d27-9e1d-f209a7b0ff31,scikit-learn_SCL001_d880725b,1.0023778527975082,7.066149171936742e-08,7.049386767889995e-08,0.8000072,0.0,10.0,1.1142586678312784e-07,0.0,1.3920101272459658e-06,1.5034359940290937e-06,Canada,CAN,,gcp,northamerica-northeast2,Linux-6.8.0-1032-gcp-x86_64-with-glibc2.35,3.10.12,3.0.4,2,Intel(R) Xeon(R) CPU @ 2.60GHz,,,,,15.61648178100586,machine,Y,1.0
2025-08-08T11:55:40,scikit-learn-benchmark,ba0159cf-c4d2-4614-ac25-b211b9311850,scikit-learn_SCL001_d880725b,1.002398305106908,7.066178954002623e-08,7.049272647412347e-08,0.8000072,0.0,10.0,1.1142524951766609e-07,0.0,1.39201708112119e-06,1.503442330638856e-06,Canada,CAN,,gcp,northamerica-northeast2,Linux-6.8.0-1032-gcp-x86_64-with-glibc2.35,3.10.12,3.0.4,2,Intel(R) Xeon(R) CPU @ 2.60GHz,,,,,15.61648178100586,machine,Y,1.0
2025-08-08T11:55:42,scikit-learn-benchmark,a69f4f12-d8c5-4110-832d-9371789f9620,scikit-learn_SCL001_d880725b,1.0023405640386045,7.065772837832004e-08,7.049273561635354e-08,0.8000072,0.0,10.0,1.1141935336486157e-07,0.0,1.3919365695781175e-06,1.5033559229429792e-06,Canada,CAN,,gcp,northamerica-northeast2,Linux-6.8.0-1032-gcp-x86_64-with-glibc2.35,3.10.12,3.0.4,2,Intel(R) Xeon(R) CPU @ 2.60GHz,,,,,15.61648178100586,machine,Y,1.0
2025-08-08T11:55:44,scikit-learn-benchmark,cad0c7a9-bdc4-48f6-bb02-91704e774a7d,scikit-learn_SCL001_d880725b,1.0024404488503933,7.066484203357546e-08,7.04928079414737e-08,0.8000072,0.0,10.0,1.114323248389429e-07,0.0,1.3920749524711737e-06,1.5035072773101162e-06,Canada,CAN,,gcp,northamerica-northeast2,Linux-6.8.0-1032-gcp-x86_64-with-glibc2.35,3.10.12,3.0.4,2,Intel(R) Xeon(R) CPU @ 2.60GHz,,,,,15.61648178100586,machine,Y,1.0
2025-08-08T11:55:47,scikit-learn-benchmark,71a7526e-7abd-48bd-8e62-31318478f5e2,scikit-learn_SCL001_d880725b,1.0025234390050173,7.068145505074514e-08,7.050354365868489e-08,0.8009000000000002,0.0,10.0,1.1157325642330889e-07,0.0,1.392287489337226e-06,1.5038607457605347e-06,Canada,CAN,,gcp,northamerica-northeast2,Linux-6.8.0-1032-gcp-x86_64-with-glibc2.35,3.10.12,3.0.4,2,Intel(R) Xeon(R) CPU @ 2.60GHz,,,,,15.61648178100586,machine,Y,1.0
2025-08-08T11:55:49,scikit-learn-benchmark,0e38b131-97f9-40a9-83e8-1b9bda3087aa,scikit-learn_SCL001_d880725b,1.002401527017355,7.066067237719711e-08,7.049138541064267e-08,0.8000072,0.0,10.0,1.1142522882142261e-07,0.0,1.3919933323955372e-06,1.5034185612169598e-06,Canada,CAN,,gcp,northamerica-northeast2,Linux-6.8.0-1032-gcp-x86_64-with-glibc2.35,3.10.12,3.0.4,2,Intel(R) Xeon(R) CPU @ 2.60GHz,,,,,15.61648178100586,machine,Y,1.0
2025-08-08T11:55:51,scikit-learn-benchmark,9e0caf97-5cd5-440a-ad40-5d08c5f4c11d,scikit-learn_SCL001_d880725b,1.0024752719327807,7.066436694451996e-08,7.048988530986749e-08,0.8000072,0.0,10.0,1.1143663007151109e-07,0.0,1.3920605389608278e-06,1.503497169032339e-06,Canada,CAN,,gcp,northamerica-northeast2,Linux-6.8.0-1032-gcp-x86_64-with-glibc2.35,3.10.12,3.0.4,2,Intel(R) Xeon(R) CPU @ 2.60GHz,,,,,15.61648178100586,machine,Y,1.0
2025-08-08T11:55:53,scikit-learn-benchmark,3fa4ab69-4157-4ef6-9cc4-66d4627c3b3b,scikit-learn_SCL001_d880725b,1.0022176117636263,7.063539885234123e-08,7.047910356318966e-08,0.8000072,0.0,10.0,1.1138618515113865e-07,0.0,1.3914946414944198e-06,1.5028808266455585e-06,Canada,CAN,,gcp,northamerica-northeast2,Linux-6.8.0-1032-gcp-x86_64-with-glibc2.35,3.10.12,3.0.4,2,Intel(R) Xeon(R) CPU @ 2.60GHz,,,,,15.61648178100586,machine,Y,1.0
2025-08-08T11:55:55,scikit-learn-benchmark,607e207b-fe18-4a0a-b7b8-def3467e626f,scikit-learn_SCL001_d880725b,1.00244187284261,7.066434962030773e-08,7.04922165909988e-08,0.8000072,0.0,10.0,1.114362433622017e-07,0.0,1.3920605570698778e-06,1.5034968004320797e-06,Canada,CAN,,gcp,northamerica-northeast2,Linux-6.8.0-1032-gcp-x86_64-with-glibc2.35,3.10.12,3.0.4,2,Intel(R) Xeon(R) CPU @ 2.60GHz,,,,,15.61648178100586,machine,Y,1.0
2025-08-08T11:55:57,scikit-learn-benchmark,6fa5c50e-2b3a-4851-9133-6e449a8c4066,scikit-learn_SCL001_d880725b,1.0023865890689194,7.066156344265782e-08,7.049332484415296e-08,0.8,0.0,10.0,1.1142389517691401e-07,0.0,1.392013624879635e-06,1.503437520056549e-06,Canada,CAN,,gcp,northamerica-northeast2,Linux-6.8.0-1032-gcp-x86_64-with-glibc2.35,3.10.12,3.0.4,2,Intel(R) Xeon(R) CPU @ 2.60GHz,,,,,15.61648178100586,machine,Y,1.0
2025-08-08T11:55:59,scikit-learn-benchmark,4b987218-ad34-4387-85a3-5d7580b315b4,scikit-learn_SCL001_d880725b,1.002487936988473,7.06614433707566e-08,7.04860784490109e-08,0.8,0.0,10.0,1.1143313203420905e-07,0.0,1.3920018333010376e-06,1.5034349653352467e-06,Canada,CAN,,gcp,northamerica-northeast2,Linux-6.8.0-1032-gcp-x86_64-with-glibc2.35,3.10.12,3.0.4,2,Intel(R) Xeon(R) CPU @ 2.60GHz,,,,,15.61648178100586,machine,Y,1.0
2025-08-08T11:56:02,scikit-learn-benchmark,d3bf30b1-91ab-45e1-b4c5-6c264c95e675,scikit-learn_SCL001_d880725b,1.0024381601251662,7.066461551981047e-08,7.04927429248974e-08,0.8,0.0,10.0,1.1142961898197733e-07,0.0,1.3920728388863303e-06,1.503502457868308e-06,Canada,CAN,,gcp,northamerica-northeast2,Linux-6.8.0-1032-gcp-x86_64-with-glibc2.35,3.10.12,3.0.4,2,Intel(R) Xeon(R) CPU @ 2.60GHz,,,,,15.61648178100586,machine,Y,1.0
2025-08-08T11:56:04,scikit-learn-benchmark,fd5d0847-3e54-411a-8331-f073dbc8ca5a,scikit-learn_SCL001_d880725b,1.002373055089265,7.06626845765859e-08,7.049539512042561e-08,0.8,0.0,10.0,1.1142735183238985e-07,0.0,1.392034022137523e-06,1.5034613739699127e-06,Canada,CAN,,gcp,northamerica-northeast2,Linux-6.8.0-1032-gcp-x86_64-with-glibc2.35,3.10.12,3.0.4,2,Intel(R) Xeon(R) CPU @ 2.60GHz,,,,,15.61648178100586,machine,Y,1.0
2025-08-08T11:56:06,scikit-learn-benchmark,b26fe053-2b86-48a7-a242-45a662c81f3e,scikit-learn_SCL001_d880725b,1.002312556374818,7.065587334371076e-08,7.049285464332622e-08,0.8000072,0.0,10.0,1.1140878400027969e-07,0.0,1.391907670121226e-06,1.5033164541215057e-06,Canada,CAN,,gcp,northamerica-northeast2,Linux-6.8.0-1032-gcp-x86_64-with-glibc2.35,3.10.12,3.0.4,2,Intel(R) Xeon(R) CPU @ 2.60GHz,,,,,15.61648178100586,machine,Y,1.0
