timestamp,project_name,run_id,experiment_id,duration,emissions,emissions_rate,cpu_power,gpu_power,ram_power,cpu_energy,gpu_energy,ram_energy,energy_consumed,country_name,country_iso_code,region,cloud_provider,cloud_region,os,python_version,codecarbon_version,cpu_count,cpu_model,gpu_count,gpu_model,longitude,latitude,ram_total_size,tracking_mode,on_cloud,pue
2025-08-06T21:20:59,scikit-learn-benchmark,01644298-169f-44bc-a956-41e68658cd14,scikit-learn_LMC001_5f1cf174,1.00249858899042,7.06781741460889e-08,7.050201857866586e-08,0.8,0.0,10.0,1.1145323354543913e-07,0.0,1.3923377057330476e-06,1.5037909392784868e-06,Canada,CAN,,gcp,northamerica-northeast2,Linux-6.8.0-1032-gcp-x86_64-with-glibc2.35,3.10.12,3.0.4,2,Intel(R) Xeon(R) CPU @ 2.60GHz,,,,,15.61648178100586,machine,Y,1.0
2025-08-06T21:21:01,scikit-learn-benchmark,796ca969-a87f-4e32-bb25-093f4c3b710c,scikit-learn_LMC001_5f1cf174,1.0024151802062988,7.06652831996843e-08,7.049502501063608e-08,0.8,0.0,10.0,1.11436457787123e-07,0.0,1.392080206035947e-06,1.50351666382307e-06,Canada,CAN,,gcp,northamerica-northeast2,Linux-6.8.0-1032-gcp-x86_64-with-glibc2.35,3.10.12,3.0.4,2,Intel(R) Xeon(R) CPU @ 2.60GHz,,,,,15.61648178100586,machine,Y,1.0
2025-08-06T21:21:03,scikit-learn-benchmark,8ac18ab6-14f4-49f7-bbe6-f280320a1b8d,scikit-learn_LMC001_5f1cf174,1.002394026843831,7.066186474589631e-08,7.049310236652592e-08,0.8,0.0,10.0,1.1142787797790437e-07,0.0,1.392016052785847e-06,1.5034439307637514e-06,Canada,CAN,,gcp,northamerica-northeast2,Linux-6.8.0-1032-gcp-x86_64-with-glibc2.35,3.10.12,3.0.4,2,Intel(R) Xeon(R) CPU @ 2.60GHz,,,,,15.61648178100586,machine,Y,1.0
2025-08-06T21:21:05,scikit-learn-benchmark,8ba76bea-116f-470b-bfc8-e8fe53e9a012,scikit-learn_LMC001_5f1cf174,1.0024631649721414,7.066642839492609e-08,7.049279301637976e-08,0.8,0.0,10.0,1.1143610155623821e-07,0.0,1.3921049281230405e-06,1.5035410296792784e-06,Canada,CAN,,gcp,northamerica-northeast2,Linux-6.8.0-1032-gcp-x86_64-with-glibc2.35,3.10.12,3.0.4,2,Intel(R) Xeon(R) CPU @ 2.60GHz,,,,,15.61648178100586,machine,Y,1.0
2025-08-06T21:21:07,scikit-learn-benchmark,5db1622d-cca3-4b5d-abae-3c580d7ed66d,scikit-learn_LMC001_5f1cf174,1.0025095329619944,7.066883550752473e-08,7.049193367640904e-08,0.8,0.0,10.0,1.1143967245394985e-07,0.0,1.3921525723870016e-06,1.5035922448409514e-06,Canada,CAN,,gcp,northamerica-northeast2,Linux-6.8.0-1032-gcp-x86_64-with-glibc2.35,3.10.12,3.0.4,2,Intel(R) Xeon(R) CPU @ 2.60GHz,,,,,15.61648178100586,machine,Y,1.0
2025-08-06T21:21:10,scikit-learn-benchmark,b186b3f8-20fa-4d58-94bf-e416b03875ac,scikit-learn_LMC001_5f1cf174,1.0025046290829778,7.066808213756626e-08,7.049152700891622e-08,0.8,0.0,10.0,1.114437766890559e-07,0.0,1.3921324390038432e-06,1.503576215692899e-06,Canada,CAN,,gcp,northamerica-northeast2,Linux-6.8.0-1032-gcp-x86_64-with-glibc2.35,3.10.12,3.0.4,2,Intel(R) Xeon(R) CPU @ 2.60GHz,,,,,15.61648178100586,machine,Y,1.0
2025-08-06T21:21:12,scikit-learn-benchmark,7ccc20ea-0270-48b8-8291-e3754920ac7b,scikit-learn_LMC001_5f1cf174,1.0025933941360563,7.067222149209637e-08,7.048941465746964e-08,0.8,0.0,10.0,1.1145608691084721e-07,0.0,1.392208200155033e-06,1.5036642870658802e-06,Canada,CAN,,gcp,northamerica-northeast2,Linux-6.8.0-1032-gcp-x86_64-with-glibc2.35,3.10.12,3.0.4,2,Intel(R) Xeon(R) CPU @ 2.60GHz,,,,,15.61648178100586,machine,Y,1.0
2025-08-06T21:21:14,scikit-learn-benchmark,8c414525-9932-4907-a231-8ffb37d172c1,scikit-learn_LMC001_5f1cf174,1.0024356700014323,7.066913279588335e-08,7.049742433425417e-08,0.8,0.0,10.0,1.1142957800378404e-07,0.0,1.3921689921213935e-06,1.5035985701251777e-06,Canada,CAN,,gcp,northamerica-northeast2,Linux-6.8.0-1032-gcp-x86_64-with-glibc2.35,3.10.12,3.0.4,2,Intel(R) Xeon(R) CPU @ 2.60GHz,,,,,15.61648178100586,machine,Y,1.0
2025-08-06T21:21:16,scikit-learn-benchmark,02bbc6ae-4ee4-44ab-aa4b-3be4193729ed,scikit-learn_LMC001_5f1cf174,1.0024545800406486,7.066114110453054e-08,7.048812236626751e-08,0.8,0.0,10.0,1.1143020623260077e-07,0.0,1.391998327906347e-06,1.5034285341389475e-06,Canada,CAN,,gcp,northamerica-northeast2,Linux-6.8.0-1032-gcp-x86_64-with-glibc2.35,3.10.12,3.0.4,2,Intel(R) Xeon(R) CPU @ 2.60GHz,,,,,15.61648178100586,machine,Y,1.0
2025-08-06T21:21:18,scikit-learn-benchmark,61c712b2-e164-41d1-bf34-bf4155251111,scikit-learn_LMC001_5f1cf174,1.0022897680755705,7.065791409230764e-08,7.049649347211553e-08,0.8000072,0.0,10.0,1.1141565494615201e-07,0.0,1.3919442193582657e-06,1.5033598743044175e-06,Canada,CAN,,gcp,northamerica-northeast2,Linux-6.8.0-1032-gcp-x86_64-with-glibc2.35,3.10.12,3.0.4,2,Intel(R) Xeon(R) CPU @ 2.60GHz,,,,,15.61648178100586,machine,Y,1.0
2025-08-06T21:21:20,scikit-learn-benchmark,9137b5e7-5419-4c02-98a4-a367d9ec5c5a,scikit-learn_LMC001_5f1cf174,1.0023581199347973,7.06608640741712e-08,7.04946292835615e-08,0.8,0.0,10.0,1.114270677790046e-07,0.0,1.3919955720969785e-06,1.503422639875983e-06,Canada,CAN,,gcp,northamerica-northeast2,Linux-6.8.0-1032-gcp-x86_64-with-glibc2.35,3.10.12,3.0.4,2,Intel(R) Xeon(R) CPU @ 2.60GHz,,,,,15.61648178100586,machine,Y,1.0
2025-08-06T21:21:22,scikit-learn-benchmark,bad17c5c-d799-4d9a-860f-ab9f3ed8ec2a,scikit-learn_LMC001_5f1cf174,1.0023274309933186,7.067137269639515e-08,7.050727188655205e-08,0.8,0.0,10.0,1.1143988619248077e-07,0.0,1.3922063413903943e-06,1.503646227582875e-06,Canada,CAN,,gcp,northamerica-northeast2,Linux-6.8.0-1032-gcp-x86_64-with-glibc2.35,3.10.12,3.0.4,2,Intel(R) Xeon(R) CPU @ 2.60GHz,,,,,15.61648178100586,machine,Y,1.0
2025-08-06T21:21:24,scikit-learn-benchmark,fabcf2f7-5de7-4e47-9033-44fcde2394e8,scikit-learn_LMC001_5f1cf174,1.0023998580873013,7.066635175857619e-08,7.04971685584793e-08,0.8000072,0.0,10.0,1.114353544585443e-07,0.0,1.392104044660098e-06,1.5035393991186424e-06,Canada,CAN,,gcp,northamerica-northeast2,Linux-6.8.0-1032-gcp-x86_64-with-glibc2.35,3.10.12,3.0.4,2,Intel(R) Xeon(R) CPU @ 2.60GHz,,,,,15.61648178100586,machine,Y,1.0
2025-08-06T21:21:27,scikit-learn-benchmark,475d402d-119d-4962-8d44-1e37cf5447e0,scikit-learn_LMC001_5f1cf174,1.0024153259582818,7.066269640338722e-08,7.049243419720824e-08,0.8000072,0.0,10.0,1.114286925964717e-07,0.0,1.3920329330075118e-06,1.5034616256039835e-06,Canada,CAN,,gcp,northamerica-northeast2,Linux-6.8.0-1032-gcp-x86_64-with-glibc2.35,3.10.12,3.0.4,2,Intel(R) Xeon(R) CPU @ 2.60GHz,,,,,15.61648178100586,machine,Y,1.0
2025-08-06T21:21:29,scikit-learn-benchmark,d41b01ac-f6ff-45e4-8fc0-f5afc25bf6f8,scikit-learn_LMC001_5f1cf174,1.0025052421260623,7.067253424297086e-08,7.049592488224015e-08,0.8,0.0,10.0,1.1144628846603965e-07,0.0,1.392224652873766e-06,1.5036709413398055e-06,Canada,CAN,,gcp,northamerica-northeast2,Linux-6.8.0-1032-gcp-x86_64-with-glibc2.35,3.10.12,3.0.4,2,Intel(R) Xeon(R) CPU @ 2.60GHz,,,,,15.61648178100586,machine,Y,1.0
2025-08-06T21:21:31,scikit-learn-benchmark,8f6d1a89-e509-4c9f-96ec-c98f9cd5bfca,scikit-learn_LMC001_5f1cf174,1.003581705968827,7.066794229159131e-08,7.041573383740653e-08,0.8,0.0,10.0,1.1143758753314617e-07,0.0,1.3921356527134776e-06,1.5035732402466238e-06,Canada,CAN,,gcp,northamerica-northeast2,Linux-6.8.0-1032-gcp-x86_64-with-glibc2.35,3.10.12,3.0.4,2,Intel(R) Xeon(R) CPU @ 2.60GHz,,,,,15.61648178100586,machine,Y,1.0
2025-08-06T21:21:33,scikit-learn-benchmark,13b68721-8a5c-4e70-92bb-7e81906d4b7e,scikit-learn_LMC001_5f1cf174,1.0024438248947265,7.06663694521809e-08,7.049409422977102e-08,0.8000072,0.0,10.0,1.114351760051849e-07,0.0,1.392104599573132e-06,1.5035397755783169e-06,Canada,CAN,,gcp,northamerica-northeast2,Linux-6.8.0-1032-gcp-x86_64-with-glibc2.35,3.10.12,3.0.4,2,Intel(R) Xeon(R) CPU @ 2.60GHz,,,,,15.61648178100586,machine,Y,1.0
2025-08-06T21:21:35,scikit-learn-benchmark,bfe3c378-edba-4ba1-a1e3-f13062d7067c,scikit-learn_LMC001_5f1cf174,1.002377264900133,7.066429892428116e-08,7.049670957104305e-08,0.8,0.0,10.0,1.114299137455722e-07,0.0,1.392065808047644e-06,1.5034957217932162e-06,Canada,CAN,,gcp,northamerica-northeast2,Linux-6.8.0-1032-gcp-x86_64-with-glibc2.35,3.10.12,3.0.4,2,Intel(R) Xeon(R) CPU @ 2.60GHz,,,,,15.61648178100586,machine,Y,1.0
2025-08-06T21:21:37,scikit-learn-benchmark,94eb8e2a-5891-4c08-bf4f-b0d4b8f46f65,scikit-learn_LMC001_5f1cf174,1.0025305089075118,7.06776308752079e-08,7.049923194080895e-08,0.8,0.0,10.0,1.1145443888381125e-07,0.0,1.392324941439761e-06,1.5037793803235724e-06,Canada,CAN,,gcp,northamerica-northeast2,Linux-6.8.0-1032-gcp-x86_64-with-glibc2.35,3.10.12,3.0.4,2,Intel(R) Xeon(R) CPU @ 2.60GHz,,,,,15.61648178100586,machine,Y,1.0
2025-08-06T21:21:39,scikit-learn-benchmark,c5774cbc-2303-4dc3-8957-0b6fc856350c,scikit-learn_LMC001_5f1cf174,1.002489446895197,7.067128443834374e-08,7.049578891550358e-08,0.8,0.0,10.0,1.1144054686236713e-07,0.0,1.3922038028896269e-06,1.503644349751994e-06,Canada,CAN,,gcp,northamerica-northeast2,Linux-6.8.0-1032-gcp-x86_64-with-glibc2.35,3.10.12,3.0.4,2,Intel(R) Xeon(R) CPU @ 2.60GHz,,,,,15.61648178100586,machine,Y,1.0
2025-08-06T21:21:41,scikit-learn-benchmark,fe017148-dcc5-4bfb-a30e-9f7502821e63,scikit-learn_LMC001_5f1cf174,1.002672673901543,7.068671493974725e-08,7.049829598396761e-08,0.8,0.0,10.0,1.114610442374317e-07,0.0,1.3925116140550624e-06,1.503972658292494e-06,Canada,CAN,,gcp,northamerica-northeast2,Linux-6.8.0-1032-gcp-x86_64-with-glibc2.35,3.10.12,3.0.4,2,Intel(R) Xeon(R) CPU @ 2.60GHz,,,,,15.61648178100586,machine,Y,1.0
2025-08-06T21:21:44,scikit-learn-benchmark,dc6717b8-4646-419f-9db5-8ef3ab8319be,scikit-learn_LMC001_5f1cf174,1.0024561090394857,7.067357924738383e-08,7.050042252233917e-08,0.8,0.0,10.0,1.114451451123589e-07,0.0,1.3922480303638925e-06,1.5036931754762513e-06,Canada,CAN,,gcp,northamerica-northeast2,Linux-6.8.0-1032-gcp-x86_64-with-glibc2.35,3.10.12,3.0.4,2,Intel(R) Xeon(R) CPU @ 2.60GHz,,,,,15.61648178100586,machine,Y,1.0
2025-08-06T21:21:46,scikit-learn-benchmark,74746974-13c9-4f91-9949-905c56d593d7,scikit-learn_LMC001_5f1cf174,1.002550687175244,7.067929031917206e-08,7.049946822969705e-08,0.8,0.0,10.0,1.114568148946597e-07,0.0,1.3923578727472987e-06,1.5038146876419584e-06,Canada,CAN,,gcp,northamerica-northeast2,Linux-6.8.0-1032-gcp-x86_64-with-glibc2.35,3.10.12,3.0.4,2,Intel(R) Xeon(R) CPU @ 2.60GHz,,,,,15.61648178100586,machine,Y,1.0
2025-08-06T21:21:48,scikit-learn-benchmark,8c0337c9-f9a2-4d75-a134-4e06097a9093,scikit-learn_LMC001_5f1cf174,1.00243139709346,7.066684524086303e-08,7.049544282607354e-08,0.8,0.0,10.0,1.1143529844573805e-07,0.0,1.3921146002960287e-06,1.5035498987417667e-06,Canada,CAN,,gcp,northamerica-northeast2,Linux-6.8.0-1032-gcp-x86_64-with-glibc2.35,3.10.12,3.0.4,2,Intel(R) Xeon(R) CPU @ 2.60GHz,,,,,15.61648178100586,machine,Y,1.0
2025-08-06T21:21:50,scikit-learn-benchmark,80499d87-6624-45c4-bf4e-8309e14a8fba,scikit-learn_LMC001_5f1cf174,1.0023963279090822,7.066143741287911e-08,7.049251423363967e-08,0.8,0.0,10.0,1.1143317730683421e-07,0.0,1.3920016612650618e-06,1.503434838571896e-06,Canada,CAN,,gcp,northamerica-northeast2,Linux-6.8.0-1032-gcp-x86_64-with-glibc2.35,3.10.12,3.0.4,2,Intel(R) Xeon(R) CPU @ 2.60GHz,,,,,15.61648178100586,machine,Y,1.0
2025-08-06T21:21:52,scikit-learn-benchmark,d72d2cef-ce70-4425-9c02-b36ca51b15c2,scikit-learn_LMC001_5f1cf174,1.0025068430695685,7.066783719341686e-08,7.049112700023026e-08,0.8,0.0,10.0,1.1145052355196745e-07,0.0,1.392120480563285e-06,1.503571004115252e-06,Canada,CAN,,gcp,northamerica-northeast2,Linux-6.8.0-1032-gcp-x86_64-with-glibc2.35,3.10.12,3.0.4,2,Intel(R) Xeon(R) CPU @ 2.60GHz,,,,,15.61648178100586,machine,Y,1.0
2025-08-06T21:21:54,scikit-learn-benchmark,bf5ea15c-5367-4781-8af8-d44a1733ebe0,scikit-learn_LMC001_5f1cf174,1.0022963471710682,7.06579664981562e-08,7.04960830173479e-08,0.8,0.0,10.0,1.114192864754134e-07,0.0,1.3919417028470586e-06,1.503360989322472e-06,Canada,CAN,,gcp,northamerica-northeast2,Linux-6.8.0-1032-gcp-x86_64-with-glibc2.35,3.10.12,3.0.4,2,Intel(R) Xeon(R) CPU @ 2.60GHz,,,,,15.61648178100586,machine,Y,1.0
2025-08-06T21:21:56,scikit-learn-benchmark,76c06a34-9a9c-4356-9b6a-83927fca5feb,scikit-learn_LMC001_5f1cf174,1.0024357039947065,7.065988161896045e-08,7.048819324509376e-08,0.8,0.0,10.0,1.1142786752639548e-07,0.0,1.3919738690472311e-06,1.5034017365736266e-06,Canada,CAN,,gcp,northamerica-northeast2,Linux-6.8.0-1032-gcp-x86_64-with-glibc2.35,3.10.12,3.0.4,2,Intel(R) Xeon(R) CPU @ 2.60GHz,,,,,15.61648178100586,machine,Y,1.0
2025-08-06T21:21:58,scikit-learn-benchmark,46bdef2e-aaa5-4428-a55d-afbd2c990a35,scikit-learn_LMC001_5f1cf174,1.0024497201666236,7.067038222844712e-08,7.049768263359937e-08,0.8,0.0,10.0,1.1144116738190257e-07,0.0,1.3921839864148449e-06,1.5036251537967471e-06,Canada,CAN,,gcp,northamerica-northeast2,Linux-6.8.0-1032-gcp-x86_64-with-glibc2.35,3.10.12,3.0.4,2,Intel(R) Xeon(R) CPU @ 2.60GHz,,,,,15.61648178100586,machine,Y,1.0
2025-08-06T21:22:00,scikit-learn-benchmark,8c39ddc0-6900-42fd-90ff-de62e066cfca,scikit-learn_LMC001_5f1cf174,1.0024148530792445,7.066287728601853e-08,7.049264789817752e-08,0.8000072,0.0,10.0,1.114292964093752e-07,0.0,1.392036177761232e-06,1.503465474170607e-06,Canada,CAN,,gcp,northamerica-northeast2,Linux-6.8.0-1032-gcp-x86_64-with-glibc2.35,3.10.12,3.0.4,2,Intel(R) Xeon(R) CPU @ 2.60GHz,,,,,15.61648178100586,machine,Y,1.0
2025-08-06T21:22:03,scikit-learn-benchmark,ed58365f-1115-4e0f-8076-92d166d9a6cb,scikit-learn_LMC001_5f1cf174,1.002649725880474,7.06910188970038e-08,7.050420208804894e-08,0.8000072,0.0,10.0,1.1147789015424981e-07,0.0,1.3925863416968948e-06,1.5040642318511443e-06,Canada,CAN,,gcp,northamerica-northeast2,Linux-6.8.0-1032-gcp-x86_64-with-glibc2.35,3.10.12,3.0.4,2,Intel(R) Xeon(R) CPU @ 2.60GHz,,,,,15.61648178100586,machine,Y,1.0
2025-08-06T21:22:05,scikit-learn-benchmark,b47a4b65-3924-47b6-a719-c0c9c613e909,scikit-learn_LMC001_5f1cf174,1.0023670860100538,7.066190428553254e-08,7.049503647092399e-08,0.8,0.0,10.0,1.114251524106496e-07,0.0,1.3920196196219571e-06,1.503444772032607e-06,Canada,CAN,,gcp,northamerica-northeast2,Linux-6.8.0-1032-gcp-x86_64-with-glibc2.35,3.10.12,3.0.4,2,Intel(R) Xeon(R) CPU @ 2.60GHz,,,,,15.61648178100586,machine,Y,1.0
2025-08-06T21:22:07,scikit-learn-benchmark,16a286c8-7b25-461e-a9ce-e004b497b758,scikit-learn_LMC001_5f1cf174,1.0024560540914536,7.066598198871738e-08,7.049284774160337e-08,0.8000072,0.0,10.0,1.1143902053937344e-07,0.0,1.392092511135464e-06,1.5035315316748373e-06,Canada,CAN,,gcp,northamerica-northeast2,Linux-6.8.0-1032-gcp-x86_64-with-glibc2.35,3.10.12,3.0.4,2,Intel(R) Xeon(R) CPU @ 2.60GHz,,,,,15.61648178100586,machine,Y,1.0
2025-08-06T21:22:09,scikit-learn-benchmark,7e170409-3ad1-4349-9ae2-632102090253,scikit-learn_LMC001_5f1cf174,1.00244621001184,7.066629689119549e-08,7.049385411947525e-08,0.8,0.0,10.0,1.114390208903287e-07,0.0,1.3920992108372352e-06,1.5035382317275638e-06,Canada,CAN,,gcp,northamerica-northeast2,Linux-6.8.0-1032-gcp-x86_64-with-glibc2.35,3.10.12,3.0.4,2,Intel(R) Xeon(R) CPU @ 2.60GHz,,,,,15.61648178100586,machine,Y,1.0
2025-08-06T21:22:11,scikit-learn-benchmark,c7129322-6438-4692-92ec-d446a95a7355,scikit-learn_LMC001_5f1cf174,1.0023781198542565,7.066208474234575e-08,7.04944405137453e-08,0.8,0.0,10.0,1.1142638356735309e-07,0.0,1.392022227971918e-06,1.503448611539271e-06,Canada,CAN,,gcp,northamerica-northeast2,Linux-6.8.0-1032-gcp-x86_64-with-glibc2.35,3.10.12,3.0.4,2,Intel(R) Xeon(R) CPU @ 2.60GHz,,,,,15.61648178100586,machine,Y,1.0
2025-08-06T21:22:13,scikit-learn-benchmark,443bf57c-47da-41b0-a951-66f35526088f,scikit-learn_LMC001_5f1cf174,1.0024700469803065,7.065991802372991e-08,7.048581474985259e-08,0.8000072,0.0,10.0,1.114255810197461e-07,0.0,1.3919769301234435e-06,1.5034025111431896e-06,Canada,CAN,,gcp,northamerica-northeast2,Linux-6.8.0-1032-gcp-x86_64-with-glibc2.35,3.10.12,3.0.4,2,Intel(R) Xeon(R) CPU @ 2.60GHz,,,,,15.61648178100586,machine,Y,1.0
2025-08-06T21:22:15,scikit-learn-benchmark,44445554-1ea8-4e9b-9dd3-d5f2f4d6ec0e,scikit-learn_LMC001_5f1cf174,1.002382927807048,7.066255115539146e-08,7.049456768979764e-08,0.8,0.0,10.0,1.1142768798809912e-07,0.0,1.3920308472329958e-06,1.503458535221095e-06,Canada,CAN,,gcp,northamerica-northeast2,Linux-6.8.0-1032-gcp-x86_64-with-glibc2.35,3.10.12,3.0.4,2,Intel(R) Xeon(R) CPU @ 2.60GHz,,,,,15.61648178100586,machine,Y,1.0
2025-08-06T21:22:17,scikit-learn-benchmark,2d5d3f54-66f4-42d3-9365-89cd7e872453,scikit-learn_LMC001_5f1cf174,1.0023959029931575,7.06627560954334e-08,7.049385964610809e-08,0.8,0.0,10.0,1.1142682848084305e-07,0.0,1.3920360671666762e-06,1.5034628956475193e-06,Canada,CAN,,gcp,northamerica-northeast2,Linux-6.8.0-1032-gcp-x86_64-with-glibc2.35,3.10.12,3.0.4,2,Intel(R) Xeon(R) CPU @ 2.60GHz,,,,,15.61648178100586,machine,Y,1.0
2025-08-06T21:22:20,scikit-learn-benchmark,c5cf4a48-e451-4f5e-997c-9f0a01c78982,scikit-learn_LMC001_5f1cf174,1.0024097959976643,7.066180984831105e-08,7.049193865666861e-08,0.8,0.0,10.0,1.1142956600007085e-07,0.0,1.3920131967299514e-06,1.5034427627300223e-06,Canada,CAN,,gcp,northamerica-northeast2,Linux-6.8.0-1032-gcp-x86_64-with-glibc2.35,3.10.12,3.0.4,2,Intel(R) Xeon(R) CPU @ 2.60GHz,,,,,15.61648178100586,machine,Y,1.0
2025-08-06T21:22:22,scikit-learn-benchmark,5c2ea7df-ff79-4d74-98b5-d19a3a98e86e,scikit-learn_LMC001_5f1cf174,1.0024038520641625,7.066587037161098e-08,7.04964074370773e-08,0.8,0.0,10.0,1.1143227625224329e-07,0.0,1.3920968805905432e-06,1.5035291568427863e-06,Canada,CAN,,gcp,northamerica-northeast2,Linux-6.8.0-1032-gcp-x86_64-with-glibc2.35,3.10.12,3.0.4,2,Intel(R) Xeon(R) CPU @ 2.60GHz,,,,,15.61648178100586,machine,Y,1.0
2025-08-06T21:22:24,scikit-learn-benchmark,e64ec1dd-72f8-47a2-9771-cfcb33025046,scikit-learn_LMC001_5f1cf174,1.0024322748649863,7.065843210749638e-08,7.048698837735754e-08,0.8,0.0,10.0,1.114208486655521e-07,0.0,1.3919500472386265e-06,1.5033708959041783e-06,Canada,CAN,,gcp,northamerica-northeast2,Linux-6.8.0-1032-gcp-x86_64-with-glibc2.35,3.10.12,3.0.4,2,Intel(R) Xeon(R) CPU @ 2.60GHz,,,,,15.61648178100586,machine,Y,1.0
2025-08-06T21:22:26,scikit-learn-benchmark,f06386c4-d630-48fc-9327-47438caa12d6,scikit-learn_LMC001_5f1cf174,1.0024041440337896,7.066449399370078e-08,7.04950138267972e-08,0.8,0.0,10.0,1.1142874979931449e-07,0.0,1.3920711224070851e-06,1.5034998722063995e-06,Canada,CAN,,gcp,northamerica-northeast2,Linux-6.8.0-1032-gcp-x86_64-with-glibc2.35,3.10.12,3.0.4,2,Intel(R) Xeon(R) CPU @ 2.60GHz,,,,,15.61648178100586,machine,Y,1.0
2025-08-06T21:22:28,scikit-learn-benchmark,ed5b7d41-092d-41f4-8f03-97ae0c7c48ab,scikit-learn_LMC001_5f1cf174,1.0023274950217456,7.065754358126367e-08,7.049347037988892e-08,0.8,0.0,10.0,1.1141885511784093e-07,0.0,1.3919331359728756e-06,1.5033519910907165e-06,Canada,CAN,,gcp,northamerica-northeast2,Linux-6.8.0-1032-gcp-x86_64-with-glibc2.35,3.10.12,3.0.4,2,Intel(R) Xeon(R) CPU @ 2.60GHz,,,,,15.61648178100586,machine,Y,1.0
2025-08-06T21:22:30,scikit-learn-benchmark,50dcfd01-1281-4b02-bae6-73d5054c667a,scikit-learn_LMC001_5f1cf174,1.0023967390879989,7.066401768449902e-08,7.049505942007613e-08,0.8,0.0,10.0,1.1142888468586737e-07,0.0,1.3920608532821968e-06,1.5034897379680642e-06,Canada,CAN,,gcp,northamerica-northeast2,Linux-6.8.0-1032-gcp-x86_64-with-glibc2.35,3.10.12,3.0.4,2,Intel(R) Xeon(R) CPU @ 2.60GHz,,,,,15.61648178100586,machine,Y,1.0
2025-08-06T21:22:32,scikit-learn-benchmark,bd3c699c-2505-4ada-affd-6f9f0995850d,scikit-learn_LMC001_5f1cf174,1.0024987750221044,7.06649617101842e-08,7.048882599245678e-08,0.8,0.0,10.0,1.1144377110112045e-07,0.0,1.3920660525198195e-06,1.5035098236209402e-06,Canada,CAN,,gcp,northamerica-northeast2,Linux-6.8.0-1032-gcp-x86_64-with-glibc2.35,3.10.12,3.0.4,2,Intel(R) Xeon(R) CPU @ 2.60GHz,,,,,15.61648178100586,machine,Y,1.0
2025-08-06T21:22:34,scikit-learn-benchmark,56157b28-36b6-4df2-a46f-eee7411feec8,scikit-learn_LMC001_5f1cf174,1.002432226901874,7.066050071659912e-08,7.04890553399137e-08,0.8,0.0,10.0,1.1142749489388533e-07,0.0,1.3919874139699255e-06,1.5034149088638111e-06,Canada,CAN,,gcp,northamerica-northeast2,Linux-6.8.0-1032-gcp-x86_64-with-glibc2.35,3.10.12,3.0.4,2,Intel(R) Xeon(R) CPU @ 2.60GHz,,,,,15.61648178100586,machine,Y,1.0
2025-08-06T21:22:36,scikit-learn-benchmark,cbc8b88f-2f58-4ac9-8d50-bf7b3f47b05c,scikit-learn_LMC001_5f1cf174,1.0023539690300822,7.066156059746736e-08,7.04956161004104e-08,0.8,0.0,10.0,1.114240428950224e-07,0.0,1.3920134166255592e-06,1.5034374595205817e-06,Canada,CAN,,gcp,northamerica-northeast2,Linux-6.8.0-1032-gcp-x86_64-with-glibc2.35,3.10.12,3.0.4,2,Intel(R) Xeon(R) CPU @ 2.60GHz,,,,,15.61648178100586,machine,Y,1.0
2025-08-06T21:22:39,scikit-learn-benchmark,56bd33f1-8213-41ce-b33a-236710af12c8,scikit-learn_LMC001_5f1cf174,1.0023617839906365,7.065450568021172e-08,7.04880281837159e-08,0.8,0.0,10.0,1.1141792979712289e-07,0.0,1.3918694251009988e-06,1.5032873548981217e-06,Canada,CAN,,gcp,northamerica-northeast2,Linux-6.8.0-1032-gcp-x86_64-with-glibc2.35,3.10.12,3.0.4,2,Intel(R) Xeon(R) CPU @ 2.60GHz,,,,,15.61648178100586,machine,Y,1.0
2025-08-06T21:22:41,scikit-learn-benchmark,9cffc175-9f45-4600-9afd-bb3b2e1b9a7b,scikit-learn_LMC001_5f1cf174,1.0023239650763571,7.06547873710903e-08,7.04909688213509e-08,0.8,0.0,10.0,1.1141755400846405e-07,0.0,1.3918757943126062e-06,1.5032933483210705e-06,Canada,CAN,,gcp,northamerica-northeast2,Linux-6.8.0-1032-gcp-x86_64-with-glibc2.35,3.10.12,3.0.4,2,Intel(R) Xeon(R) CPU @ 2.60GHz,,,,,15.61648178100586,machine,Y,1.0
2025-08-06T21:22:43,scikit-learn-benchmark,190e06fb-af10-461e-908a-cf2a54dcc70f,scikit-learn_LMC001_5f1cf174,1.0024079999420792,7.066301605409878e-08,7.0493268268192e-08,0.8000072,0.0,10.0,1.1143072129399805e-07,0.0,1.3920377053889548e-06,1.5034684266829528e-06,Canada,CAN,,gcp,northamerica-northeast2,Linux-6.8.0-1032-gcp-x86_64-with-glibc2.35,3.10.12,3.0.4,2,Intel(R) Xeon(R) CPU @ 2.60GHz,,,,,15.61648178100586,machine,Y,1.0
2025-08-06T21:22:45,scikit-learn-benchmark,2121b322-3966-4292-8efd-ae2fc48e0e2c,scikit-learn_LMC001_5f1cf174,1.0023721130564809,7.066140122059734e-08,7.049418105331485e-08,0.8,0.0,10.0,1.1142652957803674e-07,0.0,1.3920075389453106e-06,1.5034340685233471e-06,Canada,CAN,,gcp,northamerica-northeast2,Linux-6.8.0-1032-gcp-x86_64-with-glibc2.35,3.10.12,3.0.4,2,Intel(R) Xeon(R) CPU @ 2.60GHz,,,,,15.61648178100586,machine,Y,1.0
2025-08-06T21:22:47,scikit-learn-benchmark,3700bd08-aff1-4920-85f1-e94b2d2d8db5,scikit-learn_LMC001_5f1cf174,1.0023779647890478,7.066180329707763e-08,7.04941706414591e-08,0.8,0.0,10.0,1.1143040708783601e-07,0.0,1.392012216254241e-06,1.503442623342077e-06,Canada,CAN,,gcp,northamerica-northeast2,Linux-6.8.0-1032-gcp-x86_64-with-glibc2.35,3.10.12,3.0.4,2,Intel(R) Xeon(R) CPU @ 2.60GHz,,,,,15.61648178100586,machine,Y,1.0
2025-08-06T21:22:49,scikit-learn-benchmark,ebcb4340-4b9b-483c-8db4-c85f26a0e74c,scikit-learn_LMC001_5f1cf174,1.0023505811113864,7.065834062975936e-08,7.04926419570833e-08,0.8,0.0,10.0,1.1142076044860825e-07,0.0,1.3919481891207396e-06,1.5033689495693478e-06,Canada,CAN,,gcp,northamerica-northeast2,Linux-6.8.0-1032-gcp-x86_64-with-glibc2.35,3.10.12,3.0.4,2,Intel(R) Xeon(R) CPU @ 2.60GHz,,,,,15.61648178100586,machine,Y,1.0
2025-08-06T21:22:51,scikit-learn-benchmark,7bf3b9c6-bac7-4ae0-b216-22c8af2d0bea,scikit-learn_LMC001_5f1cf174,1.0023694029077888,7.066244784701203e-08,7.049541580382068e-08,0.8,0.0,10.0,1.1142606489981217e-07,0.0,1.3920302722706566e-06,1.5034563371704688e-06,Canada,CAN,,gcp,northamerica-northeast2,Linux-6.8.0-1032-gcp-x86_64-with-glibc2.35,3.10.12,3.0.4,2,Intel(R) Xeon(R) CPU @ 2.60GHz,,,,,15.61648178100586,machine,Y,1.0
2025-08-06T21:22:53,scikit-learn-benchmark,cb3046c1-726c-46c7-ac2a-5d909e87714d,scikit-learn_LMC001_5f1cf174,1.0024502819869667,7.067383189543357e-08,7.050108435836863e-08,0.8,0.0,10.0,1.1144672287628057e-07,0.0,1.3922518280903913e-06,1.5036985509666718e-06,Canada,CAN,,gcp,northamerica-northeast2,Linux-6.8.0-1032-gcp-x86_64-with-glibc2.35,3.10.12,3.0.4,2,Intel(R) Xeon(R) CPU @ 2.60GHz,,,,,15.61648178100586,machine,Y,1.0
2025-08-06T21:22:56,scikit-learn-benchmark,7d895076-272e-4a76-90e4-0cf8fcf09c4d,scikit-learn_LMC001_5f1cf174,1.0023302540648729,7.065829687705264e-08,7.049402788203129e-08,0.8,0.0,10.0,1.114186602127221e-07,0.0,1.3919493584479723e-06,1.5033680186606945e-06,Canada,CAN,,gcp,northamerica-northeast2,Linux-6.8.0-1032-gcp-x86_64-with-glibc2.35,3.10.12,3.0.4,2,Intel(R) Xeon(R) CPU @ 2.60GHz,,,,,15.61648178100586,machine,Y,1.0
2025-08-06T21:22:58,scikit-learn-benchmark,b9280b29-9a6f-4563-a1cf-a90df4cd5cae,scikit-learn_LMC001_5f1cf174,1.0023957600351423,7.065918275506961e-08,7.049030489972587e-08,0.8,0.0,10.0,1.1142556446914873e-07,0.0,1.3919613026599918e-06,1.5033868671291403e-06,Canada,CAN,,gcp,northamerica-northeast2,Linux-6.8.0-1032-gcp-x86_64-with-glibc2.35,3.10.12,3.0.4,2,Intel(R) Xeon(R) CPU @ 2.60GHz,,,,,15.61648178100586,machine,Y,1.0
2025-08-06T21:23:00,scikit-learn-benchmark,362f7655-544d-46c3-8e60-36b654e8f971,scikit-learn_LMC001_5f1cf174,1.0015517859719694,7.060433237929828e-08,7.049493932136459e-08,0.8,0.0,10.0,1.113403795493974e-07,0.0,1.390879458308013e-06,1.5022198378574104e-06,Canada,CAN,,gcp,northamerica-northeast2,Linux-6.8.0-1032-gcp-x86_64-with-glibc2.35,3.10.12,3.0.4,2,Intel(R) Xeon(R) CPU @ 2.60GHz,,,,,15.61648178100586,machine,Y,1.0
2025-08-06T21:23:02,scikit-learn-benchmark,a381bdc4-fcb3-4673-bd01-99aab87d4463,scikit-learn_LMC001_5f1cf174,1.0025867228396237,7.06724239796814e-08,7.049008566512438e-08,0.8,0.0,10.0,1.1146259023290541e-07,0.0,1.3922060050794649e-06,1.50366859531237e-06,Canada,CAN,,gcp,northamerica-northeast2,Linux-6.8.0-1032-gcp-x86_64-with-glibc2.35,3.10.12,3.0.4,2,Intel(R) Xeon(R) CPU @ 2.60GHz,,,,,15.61648178100586,machine,Y,1.0
2025-08-06T21:23:04,scikit-learn-benchmark,86ed19f0-c565-4c08-aeb7-359dc7eaa2d3,scikit-learn_LMC001_5f1cf174,1.002404378959909,7.066108997986237e-08,7.049160145647013e-08,0.8,0.0,10.0,1.1142497732200557e-07,0.0,1.392002469058045e-06,1.5034274463800505e-06,Canada,CAN,,gcp,northamerica-northeast2,Linux-6.8.0-1032-gcp-x86_64-with-glibc2.35,3.10.12,3.0.4,2,Intel(R) Xeon(R) CPU @ 2.60GHz,,,,,15.61648178100586,machine,Y,1.0
2025-08-06T21:23:06,scikit-learn-benchmark,8a0964d9-7626-409b-8f42-3a609dcb3cea,scikit-learn_LMC001_5f1cf174,1.0024296180345118,7.066467453927422e-08,7.049340249725279e-08,0.8,0.0,10.0,1.114313390830325e-07,0.0,1.3920723745185467e-06,1.5035037136015792e-06,Canada,CAN,,gcp,northamerica-northeast2,Linux-6.8.0-1032-gcp-x86_64-with-glibc2.35,3.10.12,3.0.4,2,Intel(R) Xeon(R) CPU @ 2.60GHz,,,,,15.61648178100586,machine,Y,1.0
2025-08-06T21:23:08,scikit-learn-benchmark,c5138bdc-a0dd-4e22-9c36-a539ccd02164,scikit-learn_LMC001_5f1cf174,1.0024035521782937,7.06649165458253e-08,7.049547698854963e-08,0.8,0.0,10.0,1.114312093704939e-07,0.0,1.39207765330664e-06,1.503508862677134e-06,Canada,CAN,,gcp,northamerica-northeast2,Linux-6.8.0-1032-gcp-x86_64-with-glibc2.35,3.10.12,3.0.4,2,Intel(R) Xeon(R) CPU @ 2.60GHz,,,,,15.61648178100586,machine,Y,1.0
2025-08-06T21:23:10,scikit-learn-benchmark,9976099b-0fc7-4f10-b65b-c569567dc59e,scikit-learn_LMC001_5f1cf174,1.0025517048779875,7.06723346929842e-08,7.049245874215052e-08,0.8,0.0,10.0,1.114520544393195e-07,0.0,1.392214641156089e-06,1.5036666955954084e-06,Canada,CAN,,gcp,northamerica-northeast2,Linux-6.8.0-1032-gcp-x86_64-with-glibc2.35,3.10.12,3.0.4,2,Intel(R) Xeon(R) CPU @ 2.60GHz,,,,,15.61648178100586,machine,Y,1.0
2025-08-06T21:23:12,scikit-learn-benchmark,25e5d4b9-56c9-42f2-b2af-84e7abe467d5,scikit-learn_LMC001_5f1cf174,1.002336819889024,7.065867538951957e-08,7.049394373973285e-08,0.8,0.0,10.0,1.1141896687654988e-07,0.0,1.391957105240888e-06,1.5033760721174378e-06,Canada,CAN,,gcp,northamerica-northeast2,Linux-6.8.0-1032-gcp-x86_64-with-glibc2.35,3.10.12,3.0.4,2,Intel(R) Xeon(R) CPU @ 2.60GHz,,,,,15.61648178100586,machine,Y,1.0
2025-08-06T21:23:15,scikit-learn-benchmark,4e585cc0-2ab7-43f0-afc6-62b643249983,scikit-learn_LMC001_5f1cf174,1.002353351097554,7.066016782809879e-08,7.049427006028113e-08,0.8,0.0,10.0,1.1142571487774453e-07,0.0,1.3919821112520164e-06,1.5034078261297609e-06,Canada,CAN,,gcp,northamerica-northeast2,Linux-6.8.0-1032-gcp-x86_64-with-glibc2.35,3.10.12,3.0.4,2,Intel(R) Xeon(R) CPU @ 2.60GHz,,,,,15.61648178100586,machine,Y,1.0
2025-08-06T21:23:17,scikit-learn-benchmark,2881a981-fc5d-436c-8d5e-d06e2fea29b2,scikit-learn_LMC001_5f1cf174,1.0023438690695912,7.065704186733766e-08,7.049181827482403e-08,0.8000072,0.0,10.0,1.114180103338817e-07,0.0,1.3919233059924508e-06,1.5033413163263326e-06,Canada,CAN,,gcp,northamerica-northeast2,Linux-6.8.0-1032-gcp-x86_64-with-glibc2.35,3.10.12,3.0.4,2,Intel(R) Xeon(R) CPU @ 2.60GHz,,,,,15.61648178100586,machine,Y,1.0
2025-08-06T21:23:19,scikit-learn-benchmark,2490ba64-0802-4202-a0d6-a7e8e1400df0,scikit-learn_LMC001_5f1cf174,1.0025048009119928,7.066554262633954e-08,7.04889817605403e-08,0.8,0.0,10.0,1.1143921134579513e-07,0.0,1.392082972193344e-06,1.5035221835391392e-06,Canada,CAN,,gcp,northamerica-northeast2,Linux-6.8.0-1032-gcp-x86_64-with-glibc2.35,3.10.12,3.0.4,2,Intel(R) Xeon(R) CPU @ 2.60GHz,,,,,15.61648178100586,machine,Y,1.0
2025-08-06T21:23:21,scikit-learn-benchmark,d1ba6367-9610-411a-8cf0-750cd76e6396,scikit-learn_LMC001_5f1cf174,1.0023166160099208,7.066099626974513e-08,7.049768021509657e-08,0.8,0.0,10.0,1.1142266334758865e-07,0.0,1.3920027892001802e-06,1.5034254525477689e-06,Canada,CAN,,gcp,northamerica-northeast2,Linux-6.8.0-1032-gcp-x86_64-with-glibc2.35,3.10.12,3.0.4,2,Intel(R) Xeon(R) CPU @ 2.60GHz,,,,,15.61648178100586,machine,Y,1.0
2025-08-06T21:23:23,scikit-learn-benchmark,daa6c474-843c-4824-a5e1-1dd830305663,scikit-learn_LMC001_5f1cf174,1.0023342620115727,7.066250847875037e-08,7.049794779731327e-08,0.8,0.0,10.0,1.114261933705873e-07,0.0,1.3920314338368677e-06,1.503457627207455e-06,Canada,CAN,,gcp,northamerica-northeast2,Linux-6.8.0-1032-gcp-x86_64-with-glibc2.35,3.10.12,3.0.4,2,Intel(R) Xeon(R) CPU @ 2.60GHz,,,,,15.61648178100586,machine,Y,1.0
2025-08-06T21:23:25,scikit-learn-benchmark,d948e952-0aeb-4f9a-85a2-440f0740edab,scikit-learn_LMC001_5f1cf174,1.0024251081049442,7.066236295773044e-08,7.04914136591367e-08,0.8000072,0.0,10.0,1.1143378604547293e-07,0.0,1.3920207449700686e-06,1.5034545310155414e-06,Canada,CAN,,gcp,northamerica-northeast2,Linux-6.8.0-1032-gcp-x86_64-with-glibc2.35,3.10.12,3.0.4,2,Intel(R) Xeon(R) CPU @ 2.60GHz,,,,,15.61648178100586,machine,Y,1.0
2025-08-06T21:23:27,scikit-learn-benchmark,0bbd3da6-1f3e-4668-8f43-d686524a96e5,scikit-learn_LMC001_5f1cf174,1.0024822489358485,7.067036084939416e-08,7.049537378283947e-08,0.8,0.0,10.0,1.1144105464013089e-07,0.0,1.392183644283149e-06,1.50362469892328e-06,Canada,CAN,,gcp,northamerica-northeast2,Linux-6.8.0-1032-gcp-x86_64-with-glibc2.35,3.10.12,3.0.4,2,Intel(R) Xeon(R) CPU @ 2.60GHz,,,,,15.61648178100586,machine,Y,1.0
2025-08-06T21:23:29,scikit-learn-benchmark,79446f55-6e71-434d-a25f-13c4b60e09c7,scikit-learn_LMC001_5f1cf174,1.0024114958941936,7.066771358569775e-08,7.049770865073642e-08,0.8,0.0,10.0,1.1143592998592393e-07,0.0,1.3921324441778578e-06,1.5035683741637818e-06,Canada,CAN,,gcp,northamerica-northeast2,Linux-6.8.0-1032-gcp-x86_64-with-glibc2.35,3.10.12,3.0.4,2,Intel(R) Xeon(R) CPU @ 2.60GHz,,,,,15.61648178100586,machine,Y,1.0
2025-08-06T21:23:32,scikit-learn-benchmark,da956625-8e70-4c82-b0db-c10f6631c9ee,scikit-learn_LMC001_5f1cf174,1.0024401659611613,7.066707417464858e-08,7.049505454212469e-08,0.8000072,0.0,10.0,1.1143612782542249e-07,0.0,1.3921186418479515e-06,1.503554769673374e-06,Canada,CAN,,gcp,northamerica-northeast2,Linux-6.8.0-1032-gcp-x86_64-with-glibc2.35,3.10.12,3.0.4,2,Intel(R) Xeon(R) CPU @ 2.60GHz,,,,,15.61648178100586,machine,Y,1.0
2025-08-06T21:23:34,scikit-learn-benchmark,97e276ea-b559-42a6-bf28-a8dea7d4c4a5,scikit-learn_LMC001_5f1cf174,1.0022257280070337,7.063420643781623e-08,7.047734304154734e-08,0.8,0.0,10.0,1.1138373421919014e-07,0.0,1.3914717219045591e-06,1.5028554561237494e-06,Canada,CAN,,gcp,northamerica-northeast2,Linux-6.8.0-1032-gcp-x86_64-with-glibc2.35,3.10.12,3.0.4,2,Intel(R) Xeon(R) CPU @ 2.60GHz,,,,,15.61648178100586,machine,Y,1.0
2025-08-06T21:23:36,scikit-learn-benchmark,0df9b1b7-3fa5-49f4-acc1-eb1a8ad57db6,scikit-learn_LMC001_5f1cf174,1.0024785411078485,7.067537423913988e-08,7.050063551588433e-08,0.8,0.0,10.0,1.1144985020574596e-07,0.0,1.3922815165844645e-06,1.5037313667902103e-06,Canada,CAN,,gcp,northamerica-northeast2,Linux-6.8.0-1032-gcp-x86_64-with-glibc2.35,3.10.12,3.0.4,2,Intel(R) Xeon(R) CPU @ 2.60GHz,,,,,15.61648178100586,machine,Y,1.0
2025-08-06T21:23:38,scikit-learn-benchmark,7352b339-397d-49c9-ad70-07e7f95cddb8,scikit-learn_LMC001_5f1cf174,1.0025075559969991,7.066550155710946e-08,7.048874707665644e-08,0.8,0.0,10.0,1.1144010381152241e-07,0.0,1.3920812059142108e-06,1.5035213097257332e-06,Canada,CAN,,gcp,northamerica-northeast2,Linux-6.8.0-1032-gcp-x86_64-with-glibc2.35,3.10.12,3.0.4,2,Intel(R) Xeon(R) CPU @ 2.60GHz,,,,,15.61648178100586,machine,Y,1.0
2025-08-06T21:23:40,scikit-learn-benchmark,3204d9b2-b7c4-425e-ac6a-a0d711d49a42,scikit-learn_LMC001_5f1cf174,1.0024630059488118,7.066810521886993e-08,7.049447690289972e-08,0.8,0.0,10.0,1.1143589557872881e-07,0.0,1.392140811205738e-06,1.5035767067844667e-06,Canada,CAN,,gcp,northamerica-northeast2,Linux-6.8.0-1032-gcp-x86_64-with-glibc2.35,3.10.12,3.0.4,2,Intel(R) Xeon(R) CPU @ 2.60GHz,,,,,15.61648178100586,machine,Y,1.0
2025-08-06T21:23:42,scikit-learn-benchmark,20c1a543-7e4e-4812-84df-887bd057ac77,scikit-learn_LMC001_5f1cf174,1.0024834561627358,7.06685852888299e-08,7.049351772779587e-08,0.8,0.0,10.0,1.1143758758488629e-07,0.0,1.3921493334540477e-06,1.503586921038934e-06,Canada,CAN,,gcp,northamerica-northeast2,Linux-6.8.0-1032-gcp-x86_64-with-glibc2.35,3.10.12,3.0.4,2,Intel(R) Xeon(R) CPU @ 2.60GHz,,,,,15.61648178100586,machine,Y,1.0
2025-08-06T21:23:44,scikit-learn-benchmark,0c12d8e5-73c6-4efe-bdde-11a909479947,scikit-learn_LMC001_5f1cf174,1.0023654219694436,7.066270534282862e-08,7.049595266763176e-08,0.8,0.0,10.0,1.1142767401826053e-07,0.0,1.3920341417866035e-06,1.503461815804864e-06,Canada,CAN,,gcp,northamerica-northeast2,Linux-6.8.0-1032-gcp-x86_64-with-glibc2.35,3.10.12,3.0.4,2,Intel(R) Xeon(R) CPU @ 2.60GHz,,,,,15.61648178100586,machine,Y,1.0
2025-08-06T21:23:46,scikit-learn-benchmark,f71c087c-2cd3-414d-8d9e-d86719493c6e,scikit-learn_LMC001_5f1cf174,1.0023950699251143,7.0670889137597e-08,7.050203184147401e-08,0.8009000000000002,0.0,10.0,1.1155628086062565e-07,0.0,1.3920796582371829e-06,1.5036359390978085e-06,Canada,CAN,,gcp,northamerica-northeast2,Linux-6.8.0-1032-gcp-x86_64-with-glibc2.35,3.10.12,3.0.4,2,Intel(R) Xeon(R) CPU @ 2.60GHz,,,,,15.61648178100586,machine,Y,1.0
2025-08-06T21:23:49,scikit-learn-benchmark,3f69c220-8424-432f-81d8-c420c41c2c91,scikit-learn_LMC001_5f1cf174,1.002459621988237,7.067208514059896e-08,7.049868502477023e-08,0.8,0.0,10.0,1.1144023331710037e-07,0.0,1.3922211526530898e-06,1.5036613859701902e-06,Canada,CAN,,gcp,northamerica-northeast2,Linux-6.8.0-1032-gcp-x86_64-with-glibc2.35,3.10.12,3.0.4,2,Intel(R) Xeon(R) CPU @ 2.60GHz,,,,,15.61648178100586,machine,Y,1.0
2025-08-06T21:23:51,scikit-learn-benchmark,7ac890f7-ccd5-40da-80fa-12289d06c418,scikit-learn_LMC001_5f1cf174,1.00250457203947,7.068034595900422e-08,7.050376420250523e-08,0.8,0.0,10.0,1.1146184470918445e-07,0.0,1.3923753033547352e-06,1.5038371480639196e-06,Canada,CAN,,gcp,northamerica-northeast2,Linux-6.8.0-1032-gcp-x86_64-with-glibc2.35,3.10.12,3.0.4,2,Intel(R) Xeon(R) CPU @ 2.60GHz,,,,,15.61648178100586,machine,Y,1.0
2025-08-06T21:23:53,scikit-learn-benchmark,924a2f66-1636-4bbc-974f-bd0cd16e1df4,scikit-learn_LMC001_5f1cf174,1.0023986459709704,7.066323790776853e-08,7.049414740511828e-08,0.8,0.0,10.0,1.114319135538406e-07,0.0,1.392041233419958e-06,1.5034731469737987e-06,Canada,CAN,,gcp,northamerica-northeast2,Linux-6.8.0-1032-gcp-x86_64-with-glibc2.35,3.10.12,3.0.4,2,Intel(R) Xeon(R) CPU @ 2.60GHz,,,,,15.61648178100586,machine,Y,1.0
2025-08-06T21:23:55,scikit-learn-benchmark,b3dfa85d-b0cd-4daa-83a8-84755091bfb3,scikit-learn_LMC001_5f1cf174,1.0023602528963238,7.06622311091568e-08,7.049584309132173e-08,0.8,0.0,10.0,1.1142649553302264e-07,0.0,1.3920252301937175e-06,1.5034517257267405e-06,Canada,CAN,,gcp,northamerica-northeast2,Linux-6.8.0-1032-gcp-x86_64-with-glibc2.35,3.10.12,3.0.4,2,Intel(R) Xeon(R) CPU @ 2.60GHz,,,,,15.61648178100586,machine,Y,1.0
2025-08-06T21:23:57,scikit-learn-benchmark,d4e3b63a-9816-4d79-ab89-1ce27a6303d3,scikit-learn_LMC001_5f1cf174,1.0024803408887235,7.067071938838084e-08,7.049586561042137e-08,0.8,0.0,10.0,1.1144051400737633e-07,0.0,1.3921918134049822e-06,1.5036323274123585e-06,Canada,CAN,,gcp,northamerica-northeast2,Linux-6.8.0-1032-gcp-x86_64-with-glibc2.35,3.10.12,3.0.4,2,Intel(R) Xeon(R) CPU @ 2.60GHz,,,,,15.61648178100586,machine,Y,1.0
2025-08-06T21:23:59,scikit-learn-benchmark,7e82cec8-c05a-4062-89fd-ede2a8830782,scikit-learn_LMC001_5f1cf174,1.0024045330937952,7.065727206144962e-08,7.048778185726561e-08,0.8000072,0.0,10.0,1.1141792744542657e-07,0.0,1.3919282866279698e-06,1.5033462140733965e-06,Canada,CAN,,gcp,northamerica-northeast2,Linux-6.8.0-1032-gcp-x86_64-with-glibc2.35,3.10.12,3.0.4,2,Intel(R) Xeon(R) CPU @ 2.60GHz,,,,,15.61648178100586,machine,Y,1.0
2025-08-06T21:24:01,scikit-learn-benchmark,14156f6d-b2e7-4382-8ced-101a322f3052,scikit-learn_LMC001_5f1cf174,1.0024816661607474,7.067271754375867e-08,7.049776562440028e-08,0.8,0.0,10.0,1.1144399648118352e-07,0.0,1.3922308448753836e-06,1.5036748413565672e-06,Canada,CAN,,gcp,northamerica-northeast2,Linux-6.8.0-1032-gcp-x86_64-with-glibc2.35,3.10.12,3.0.4,2,Intel(R) Xeon(R) CPU @ 2.60GHz,,,,,15.61648178100586,machine,Y,1.0
2025-08-06T21:24:03,scikit-learn-benchmark,ccfd2f54-96ea-42d5-b863-efaa74604423,scikit-learn_LMC001_5f1cf174,1.0024286590050906,7.066369620351017e-08,7.049249397323079e-08,0.8,0.0,10.0,1.114296368840668e-07,0.0,1.3920532610629582e-06,1.503482897947025e-06,Canada,CAN,,gcp,northamerica-northeast2,Linux-6.8.0-1032-gcp-x86_64-with-glibc2.35,3.10.12,3.0.4,2,Intel(R) Xeon(R) CPU @ 2.60GHz,,,,,15.61648178100586,machine,Y,1.0
2025-08-06T21:24:05,scikit-learn-benchmark,f0e051da-93c0-4d14-a670-c803765a9dc7,scikit-learn_LMC001_5f1cf174,1.0025111630093306,7.067541990201506e-08,7.04983869604625e-08,0.8,0.0,10.0,1.1144883558154109e-07,0.0,1.392283502759205e-06,1.503732338340746e-06,Canada,CAN,,gcp,northamerica-northeast2,Linux-6.8.0-1032-gcp-x86_64-with-glibc2.35,3.10.12,3.0.4,2,Intel(R) Xeon(R) CPU @ 2.60GHz,,,,,15.61648178100586,machine,Y,1.0
2025-08-06T21:24:08,scikit-learn-benchmark,6704816a-86b4-4859-a16a-0a0de223064a,scikit-learn_LMC001_5f1cf174,1.002529609017074,7.067426430966912e-08,7.04959371513839e-08,0.8,0.0,10.0,1.1144835424299041e-07,0.0,1.3922593970265657e-06,1.503707751269556e-06,Canada,CAN,,gcp,northamerica-northeast2,Linux-6.8.0-1032-gcp-x86_64-with-glibc2.35,3.10.12,3.0.4,2,Intel(R) Xeon(R) CPU @ 2.60GHz,,,,,15.61648178100586,machine,Y,1.0
2025-08-06T21:24:10,scikit-learn-benchmark,892c8457-e21f-49bb-9993-84883d2b54c6,scikit-learn_LMC001_5f1cf174,1.0024887891486287,7.067230077685477e-08,7.049684898409065e-08,0.8,0.0,10.0,1.1144565692585377e-07,0.0,1.3922203170497798e-06,1.5036659739756335e-06,Canada,CAN,,gcp,northamerica-northeast2,Linux-6.8.0-1032-gcp-x86_64-with-glibc2.35,3.10.12,3.0.4,2,Intel(R) Xeon(R) CPU @ 2.60GHz,,,,,15.61648178100586,machine,Y,1.0
2025-08-06T21:24:12,scikit-learn-benchmark,a21fdd62-87eb-4e4b-8ae6-369a40fd912a,scikit-learn_LMC001_5f1cf174,1.002537980908528,7.066952402416306e-08,7.049062017592627e-08,0.8,0.0,10.0,1.114480857633883e-07,0.0,1.392158808367741e-06,1.503606894131129e-06,Canada,CAN,,gcp,northamerica-northeast2,Linux-6.8.0-1032-gcp-x86_64-with-glibc2.35,3.10.12,3.0.4,2,Intel(R) Xeon(R) CPU @ 2.60GHz,,,,,15.61648178100586,machine,Y,1.0
2025-08-06T21:24:14,scikit-learn-benchmark,4ffcc770-4af7-47b0-a4c9-7ff6a12af1a0,scikit-learn_LMC001_5f1cf174,1.002339893952012,7.06583702015018e-08,7.04934230672102e-08,0.8,0.0,10.0,1.1141868685889581e-07,0.0,1.3919508918964616e-06,1.5033695787553574e-06,Canada,CAN,,gcp,northamerica-northeast2,Linux-6.8.0-1032-gcp-x86_64-with-glibc2.35,3.10.12,3.0.4,2,Intel(R) Xeon(R) CPU @ 2.60GHz,,,,,15.61648178100586,machine,Y,1.0
2025-08-06T21:24:16,scikit-learn-benchmark,8e61fc90-ad18-4611-aa00-dd9eb4bbb983,scikit-learn_LMC001_5f1cf174,1.0023588491603732,7.066161103029218e-08,7.049532319636021e-08,0.8,0.0,10.0,1.1142507712874149e-07,0.0,1.3920134554306669e-06,1.5034385325594082e-06,Canada,CAN,,gcp,northamerica-northeast2,Linux-6.8.0-1032-gcp-x86_64-with-glibc2.35,3.10.12,3.0.4,2,Intel(R) Xeon(R) CPU @ 2.60GHz,,,,,15.61648178100586,machine,Y,1.0
2025-08-06T21:24:18,scikit-learn-benchmark,ddbb0dd5-71fc-49c3-87fe-68b22903cb52,scikit-learn_LMC001_5f1cf174,1.0024310750886798,7.066549538888246e-08,7.049411889254437e-08,0.8,0.0,10.0,1.1143387823055188e-07,0.0,1.3920873002563086e-06,1.5035211784868606e-06,Canada,CAN,,gcp,northamerica-northeast2,Linux-6.8.0-1032-gcp-x86_64-with-glibc2.35,3.10.12,3.0.4,2,Intel(R) Xeon(R) CPU @ 2.60GHz,,,,,15.61648178100586,machine,Y,1.0
2025-08-06T21:24:20,scikit-learn-benchmark,2393f66e-c57a-4c80-b3de-c092019f6080,scikit-learn_LMC001_5f1cf174,1.0024985868949443,7.066763537654554e-08,7.049150622289214e-08,0.8000072,0.0,10.0,1.114453105416913e-07,0.0,1.3921213995975754e-06,1.5035667101392669e-06,Canada,CAN,,gcp,northamerica-northeast2,Linux-6.8.0-1032-gcp-x86_64-with-glibc2.35,3.10.12,3.0.4,2,Intel(R) Xeon(R) CPU @ 2.60GHz,,,,,15.61648178100586,machine,Y,1.0
2025-08-06T21:24:22,scikit-learn-benchmark,c57dc239-035a-4a1b-932a-3c0c63969534,scikit-learn_LMC001_5f1cf174,1.0024154621642083,7.066271941801015e-08,7.0492447578023e-08,0.8,0.0,10.0,1.114307428813643e-07,0.0,1.3920313723954476e-06,1.5034621152768118e-06,Canada,CAN,,gcp,northamerica-northeast2,Linux-6.8.0-1032-gcp-x86_64-with-glibc2.35,3.10.12,3.0.4,2,Intel(R) Xeon(R) CPU @ 2.60GHz,,,,,15.61648178100586,machine,Y,1.0
2025-08-06T21:24:25,scikit-learn-benchmark,458474b9-0223-485b-85f6-1a4fc51f1e79,scikit-learn_LMC001_5f1cf174,1.0025457050651312,7.066020287257724e-08,7.048077959496792e-08,0.8,0.0,10.0,1.114392804188861e-07,0.0,1.391969291338076e-06,1.5034085717569622e-06,Canada,CAN,,gcp,northamerica-northeast2,Linux-6.8.0-1032-gcp-x86_64-with-glibc2.35,3.10.12,3.0.4,2,Intel(R) Xeon(R) CPU @ 2.60GHz,,,,,15.61648178100586,machine,Y,1.0
2025-08-06T21:24:27,scikit-learn-benchmark,5f9740bb-9202-4a0b-bf6e-a10f730c5367,scikit-learn_LMC001_5f1cf174,1.002488102996722,7.066270379742814e-08,7.048732407516582e-08,0.8,0.0,10.0,1.1143763021876417e-07,0.0,1.392024152705239e-06,1.503461782924003e-06,Canada,CAN,,gcp,northamerica-northeast2,Linux-6.8.0-1032-gcp-x86_64-with-glibc2.35,3.10.12,3.0.4,2,Intel(R) Xeon(R) CPU @ 2.60GHz,,,,,15.61648178100586,machine,Y,1.0
2025-08-06T21:24:29,scikit-learn-benchmark,d16581a8-0b06-4b5d-8837-fada8650e563,scikit-learn_LMC001_5f1cf174,1.002406309125945,7.066705228184866e-08,7.049741371187825e-08,0.8000072,0.0,10.0,1.1143461493002421e-07,0.0,1.392119688939096e-06,1.5035543038691204e-06,Canada,CAN,,gcp,northamerica-northeast2,Linux-6.8.0-1032-gcp-x86_64-with-glibc2.35,3.10.12,3.0.4,2,Intel(R) Xeon(R) CPU @ 2.60GHz,,,,,15.61648178100586,machine,Y,1.0
2025-08-06T21:24:31,scikit-learn-benchmark,8932eabe-c839-4527-a0f4-6e6f31d4dae9,scikit-learn_LMC001_5f1cf174,1.0022837088909,7.065491394194154e-08,7.049392633561444e-08,0.8,0.0,10.0,1.1141402201933997e-07,0.0,1.3918820192985652e-06,1.5032960413179052e-06,Canada,CAN,,gcp,northamerica-northeast2,Linux-6.8.0-1032-gcp-x86_64-with-glibc2.35,3.10.12,3.0.4,2,Intel(R) Xeon(R) CPU @ 2.60GHz,,,,,15.61648178100586,machine,Y,1.0
2025-08-06T21:24:33,scikit-learn-benchmark,c204f5b2-72ac-43e8-a96e-3c0dcd251132,scikit-learn_LMC001_5f1cf174,1.0024608420208097,7.066469960345394e-08,7.049123181809733e-08,0.8000072,0.0,10.0,1.1144006606185341e-07,0.0,1.3920641808201454e-06,1.5035042468819987e-06,Canada,CAN,,gcp,northamerica-northeast2,Linux-6.8.0-1032-gcp-x86_64-with-glibc2.35,3.10.12,3.0.4,2,Intel(R) Xeon(R) CPU @ 2.60GHz,,,,,15.61648178100586,machine,Y,1.0
2025-08-06T21:24:35,scikit-learn-benchmark,5b7da581-e7e7-4811-b587-c36b550c7b9e,scikit-learn_LMC001_5f1cf174,1.0024543460458517,7.066908631106425e-08,7.04960645737296e-08,0.8,0.0,10.0,1.1143844222856893e-07,0.0,1.3921591388579044e-06,1.5035975810864733e-06,Canada,CAN,,gcp,northamerica-northeast2,Linux-6.8.0-1032-gcp-x86_64-with-glibc2.35,3.10.12,3.0.4,2,Intel(R) Xeon(R) CPU @ 2.60GHz,,,,,15.61648178100586,machine,Y,1.0
2025-08-06T21:24:37,scikit-learn-benchmark,ab2b3ff1-f95c-41e1-a77f-157ff29d8cc2,scikit-learn_LMC001_5f1cf174,1.0024131080135703,7.066828787401836e-08,7.049816817944251e-08,0.8,0.0,10.0,1.1143567045736645e-07,0.0,1.392144922606854e-06,1.5035805930642202e-06,Canada,CAN,,gcp,northamerica-northeast2,Linux-6.8.0-1032-gcp-x86_64-with-glibc2.35,3.10.12,3.0.4,2,Intel(R) Xeon(R) CPU @ 2.60GHz,,,,,15.61648178100586,machine,Y,1.0
2025-08-06T21:24:39,scikit-learn-benchmark,424ea3b8-2ca9-4e67-b987-f936b35a30f3,scikit-learn_LMC001_5f1cf174,1.0024261390790343,7.06613118123108e-08,7.049029255884124e-08,0.8,0.0,10.0,1.1142725243957509e-07,0.0,1.3920049137798034e-06,1.5034321662193784e-06,Canada,CAN,,gcp,northamerica-northeast2,Linux-6.8.0-1032-gcp-x86_64-with-glibc2.35,3.10.12,3.0.4,2,Intel(R) Xeon(R) CPU @ 2.60GHz,,,,,15.61648178100586,machine,Y,1.0
2025-08-06T21:24:42,scikit-learn-benchmark,331c03dd-af71-462b-a77f-b42459af877e,scikit-learn_LMC001_5f1cf174,1.002408190164715,7.066412591651823e-08,7.04943620870723e-08,0.8000072,0.0,10.0,1.1143317690328677e-07,0.0,1.3920588638736968e-06,1.5034920407769835e-06,Canada,CAN,,gcp,northamerica-northeast2,Linux-6.8.0-1032-gcp-x86_64-with-glibc2.35,3.10.12,3.0.4,2,Intel(R) Xeon(R) CPU @ 2.60GHz,,,,,15.61648178100586,machine,Y,1.0
2025-08-06T21:24:44,scikit-learn-benchmark,fc3c9f87-a0b9-45b4-8712-76c066fd85f5,scikit-learn_LMC001_5f1cf174,1.0023583639413118,7.066416162925048e-08,7.049790191942557e-08,0.8,0.0,10.0,1.1142711222378745e-07,0.0,1.3920656883985631e-06,1.5034928006223507e-06,Canada,CAN,,gcp,northamerica-northeast2,Linux-6.8.0-1032-gcp-x86_64-with-glibc2.35,3.10.12,3.0.4,2,Intel(R) Xeon(R) CPU @ 2.60GHz,,,,,15.61648178100586,machine,Y,1.0
2025-08-06T21:24:46,scikit-learn-benchmark,772fbbc9-d6c2-4108-9c65-0568693b4679,scikit-learn_LMC001_5f1cf174,1.0022992780432105,7.065632356845567e-08,7.049423771550356e-08,0.8,0.0,10.0,1.1141555311365261e-07,0.0,1.3919104802577446e-06,1.5033260333713972e-06,Canada,CAN,,gcp,northamerica-northeast2,Linux-6.8.0-1032-gcp-x86_64-with-glibc2.35,3.10.12,3.0.4,2,Intel(R) Xeon(R) CPU @ 2.60GHz,,,,,15.61648178100586,machine,Y,1.0
2025-08-06T21:24:48,scikit-learn-benchmark,f96582eb-586a-444a-9c98-6d27e23ac5de,scikit-learn_LMC001_5f1cf174,1.0024126649368554,7.066177141392191e-08,7.049169856445608e-08,0.8,0.0,10.0,1.1142922554992969e-07,0.0,1.392012719427132e-06,1.5034419449770618e-06,Canada,CAN,,gcp,northamerica-northeast2,Linux-6.8.0-1032-gcp-x86_64-with-glibc2.35,3.10.12,3.0.4,2,Intel(R) Xeon(R) CPU @ 2.60GHz,,,,,15.61648178100586,machine,Y,1.0
2025-08-06T21:24:50,scikit-learn-benchmark,b305e29b-1441-41a2-ad76-7bb8d2ba9757,scikit-learn_LMC001_5f1cf174,1.0023928969167173,7.066162880543725e-08,7.049294645122379e-08,0.8,0.0,10.0,1.1142582461858789e-07,0.0,1.3920130861353957e-06,1.5034389107539836e-06,Canada,CAN,,gcp,northamerica-northeast2,Linux-6.8.0-1032-gcp-x86_64-with-glibc2.35,3.10.12,3.0.4,2,Intel(R) Xeon(R) CPU @ 2.60GHz,,,,,15.61648178100586,machine,Y,1.0
2025-08-06T21:24:52,scikit-learn-benchmark,4ade1880-44e7-4487-9081-83790b546103,scikit-learn_LMC001_5f1cf174,1.0023981491103768,7.066511107295648e-08,7.049605103089167e-08,0.8,0.0,10.0,1.1143186290024057e-07,0.0,1.392081138652025e-06,1.5035130015522656e-06,Canada,CAN,,gcp,northamerica-northeast2,Linux-6.8.0-1032-gcp-x86_64-with-glibc2.35,3.10.12,3.0.4,2,Intel(R) Xeon(R) CPU @ 2.60GHz,,,,,15.61648178100586,machine,Y,1.0
2025-08-06T21:24:54,scikit-learn-benchmark,b9189057-476a-40de-96bb-5bd6e24494f8,scikit-learn_LMC001_5f1cf174,1.0023572130594405,7.066060821616297e-08,7.049443780674702e-08,0.8,0.0,10.0,1.1142279331882797e-07,0.0,1.391994402769746e-06,1.503417196088574e-06,Canada,CAN,,gcp,northamerica-northeast2,Linux-6.8.0-1032-gcp-x86_64-with-glibc2.35,3.10.12,3.0.4,2,Intel(R) Xeon(R) CPU @ 2.60GHz,,,,,15.61648178100586,machine,Y,1.0
2025-08-06T21:24:56,scikit-learn-benchmark,d955fab6-b671-4c38-bca9-f2beef885297,scikit-learn_LMC001_5f1cf174,1.0024214130826294,7.06667988569631e-08,7.049609868134174e-08,0.8,0.0,10.0,1.1143294820148085e-07,0.0,1.3921159636487978e-06,1.5035489118502783e-06,Canada,CAN,,gcp,northamerica-northeast2,Linux-6.8.0-1032-gcp-x86_64-with-glibc2.35,3.10.12,3.0.4,2,Intel(R) Xeon(R) CPU @ 2.60GHz,,,,,15.61648178100586,machine,Y,1.0
2025-08-06T21:24:58,scikit-learn-benchmark,d59ffad2-ad1f-4f76-88eb-2b25bf239c54,scikit-learn_LMC001_5f1cf174,1.0024417729582638,7.066249338708199e-08,7.04903719031509e-08,0.8,0.0,10.0,1.1143010332145625e-07,0.0,1.3920272027866708e-06,1.5034573061081272e-06,Canada,CAN,,gcp,northamerica-northeast2,Linux-6.8.0-1032-gcp-x86_64-with-glibc2.35,3.10.12,3.0.4,2,Intel(R) Xeon(R) CPU @ 2.60GHz,,,,,15.61648178100586,machine,Y,1.0
2025-08-06T21:25:01,scikit-learn-benchmark,6d95c3e6-17b3-4c25-bf62-20f1a9204907,scikit-learn_LMC001_5f1cf174,1.0025315990205854,7.067245285958052e-08,7.049399034267185e-08,0.8,0.0,10.0,1.11448273787068e-07,0.0,1.392220935991241e-06,1.503669209778309e-06,Canada,CAN,,gcp,northamerica-northeast2,Linux-6.8.0-1032-gcp-x86_64-with-glibc2.35,3.10.12,3.0.4,2,Intel(R) Xeon(R) CPU @ 2.60GHz,,,,,15.61648178100586,machine,Y,1.0
2025-08-06T21:25:03,scikit-learn-benchmark,c6f81d53-b523-49b9-852c-11dc4597ea1d,scikit-learn_LMC001_5f1cf174,1.0025130750145763,7.066925770582427e-08,7.049210575612367e-08,0.8,0.0,10.0,1.1144419733641876e-07,0.0,1.3921570304470758e-06,1.5036012277834949e-06,Canada,CAN,,gcp,northamerica-northeast2,Linux-6.8.0-1032-gcp-x86_64-with-glibc2.35,3.10.12,3.0.4,2,Intel(R) Xeon(R) CPU @ 2.60GHz,,,,,15.61648178100586,machine,Y,1.0
2025-08-06T21:25:05,scikit-learn-benchmark,376dad1a-5c65-46ea-95a0-a2563cc66e8b,scikit-learn_LMC001_5f1cf174,1.0025877149309963,7.068150312714796e-08,7.049907162687771e-08,0.8,0.0,10.0,1.1146460509755545e-07,0.0,1.392397163565167e-06,1.5038617686627223e-06,Canada,CAN,,gcp,northamerica-northeast2,Linux-6.8.0-1032-gcp-x86_64-with-glibc2.35,3.10.12,3.0.4,2,Intel(R) Xeon(R) CPU @ 2.60GHz,,,,,15.61648178100586,machine,Y,1.0
2025-08-06T21:25:07,scikit-learn-benchmark,de258bbe-1f2a-4a39-9dff-1d16ea33fd60,scikit-learn_LMC001_5f1cf174,1.0024569199886173,7.066667303874985e-08,7.049347620798734e-08,0.8,0.0,10.0,1.1143637914210558e-07,0.0,1.3921098557249129e-06,1.503546234867018e-06,Canada,CAN,,gcp,northamerica-northeast2,Linux-6.8.0-1032-gcp-x86_64-with-glibc2.35,3.10.12,3.0.4,2,Intel(R) Xeon(R) CPU @ 2.60GHz,,,,,15.61648178100586,machine,Y,1.0
2025-08-06T21:25:09,scikit-learn-benchmark,901429f2-20f3-4257-a25d-ff141c815cf2,scikit-learn_LMC001_5f1cf174,1.0016789571382103,7.06262789650872e-08,7.050789922438419e-08,0.8,0.0,10.0,1.1136978378312457e-07,0.0,1.3913170027080924e-06,1.502686786491217e-06,Canada,CAN,,gcp,northamerica-northeast2,Linux-6.8.0-1032-gcp-x86_64-with-glibc2.35,3.10.12,3.0.4,2,Intel(R) Xeon(R) CPU @ 2.60GHz,,,,,15.61648178100586,machine,Y,1.0
2025-08-06T21:25:11,scikit-learn-benchmark,7a4dda09-2de7-493c-9a20-26595f28ab11,scikit-learn_LMC001_5f1cf174,1.0024834261275828,7.066778831450372e-08,7.0492724839832e-08,0.8,0.0,10.0,1.1143952489106192e-07,0.0,1.3921304392473152e-06,1.503569964138377e-06,Canada,CAN,,gcp,northamerica-northeast2,Linux-6.8.0-1032-gcp-x86_64-with-glibc2.35,3.10.12,3.0.4,2,Intel(R) Xeon(R) CPU @ 2.60GHz,,,,,15.61648178100586,machine,Y,1.0
2025-08-06T21:25:13,scikit-learn-benchmark,03a6481b-d7d3-4e57-ad1b-4a475abafe54,scikit-learn_LMC001_5f1cf174,1.0026231750380248,7.06849953467544e-08,7.050006134565326e-08,0.8,0.0,10.0,1.11468438214312e-07,0.0,1.392467632993228e-06,1.50393607120754e-06,Canada,CAN,,gcp,northamerica-northeast2,Linux-6.8.0-1032-gcp-x86_64-with-glibc2.35,3.10.12,3.0.4,2,Intel(R) Xeon(R) CPU @ 2.60GHz,,,,,15.61648178100586,machine,Y,1.0
2025-08-06T21:25:15,scikit-learn-benchmark,b83db416-a2e4-4c04-bbe3-2c3a20d05678,scikit-learn_LMC001_5f1cf174,1.0024570929817855,7.066042030227579e-08,7.048722663241175e-08,0.8,0.0,10.0,1.1143318667180008e-07,0.0,1.3919800112489612e-06,1.5034131979207612e-06,Canada,CAN,,gcp,northamerica-northeast2,Linux-6.8.0-1032-gcp-x86_64-with-glibc2.35,3.10.12,3.0.4,2,Intel(R) Xeon(R) CPU @ 2.60GHz,,,,,15.61648178100586,machine,Y,1.0
2025-08-06T21:25:18,scikit-learn-benchmark,944aacb0-6f3c-40ab-ad75-d5898efb3f06,scikit-learn_LMC001_5f1cf174,1.0024054769892246,7.066165601469889e-08,7.049208891688694e-08,0.8,0.0,10.0,1.114316564570699e-07,0.0,1.3920078332173742e-06,1.503439489674444e-06,Canada,CAN,,gcp,northamerica-northeast2,Linux-6.8.0-1032-gcp-x86_64-with-glibc2.35,3.10.12,3.0.4,2,Intel(R) Xeon(R) CPU @ 2.60GHz,,,,,15.61648178100586,machine,Y,1.0
2025-08-06T21:25:20,scikit-learn-benchmark,4a1cbc03-8d17-4993-831f-bb486e2f3271,scikit-learn_LMC001_5f1cf174,1.002369490917772,7.066683247398274e-08,7.049978387638275e-08,0.8,0.0,10.0,1.1143515486684112e-07,0.0,1.3921144722391747e-06,1.503549627106016e-06,Canada,CAN,,gcp,northamerica-northeast2,Linux-6.8.0-1032-gcp-x86_64-with-glibc2.35,3.10.12,3.0.4,2,Intel(R) Xeon(R) CPU @ 2.60GHz,,,,,15.61648178100586,machine,Y,1.0
2025-08-06T21:25:22,scikit-learn-benchmark,76448a98-c32b-43c6-aa29-7be5bf645579,scikit-learn_LMC001_5f1cf174,1.0024282850790769,7.066568601785952e-08,7.04945052625735e-08,0.8,0.0,10.0,1.1143504512599777e-07,0.0,1.3920901892965452e-06,1.503525234422543e-06,Canada,CAN,,gcp,northamerica-northeast2,Linux-6.8.0-1032-gcp-x86_64-with-glibc2.35,3.10.12,3.0.4,2,Intel(R) Xeon(R) CPU @ 2.60GHz,,,,,15.61648178100586,machine,Y,1.0
2025-08-06T21:25:24,scikit-learn-benchmark,5ed6c653-41ed-4dc9-b192-dc3c40920d44,scikit-learn_LMC001_5f1cf174,1.0023682359606028,7.065393222170453e-08,7.048700236794168e-08,0.8000072,0.0,10.0,1.1140463683527093e-07,0.0,1.3918705168180167e-06,1.5032751536532878e-06,Canada,CAN,,gcp,northamerica-northeast2,Linux-6.8.0-1032-gcp-x86_64-with-glibc2.35,3.10.12,3.0.4,2,Intel(R) Xeon(R) CPU @ 2.60GHz,,,,,15.61648178100586,machine,Y,1.0
2025-08-06T21:25:26,scikit-learn-benchmark,7d892f2a-2e02-416a-b521-406086d9ae11,scikit-learn_LMC001_5f1cf174,1.002477833069861,7.067160283096342e-08,7.049692322327734e-08,0.8,0.0,10.0,1.1144153468517796e-07,0.0,1.3922095893778734e-06,1.5036511240630513e-06,Canada,CAN,,gcp,northamerica-northeast2,Linux-6.8.0-1032-gcp-x86_64-with-glibc2.35,3.10.12,3.0.4,2,Intel(R) Xeon(R) CPU @ 2.60GHz,,,,,15.61648178100586,machine,Y,1.0
2025-08-06T21:25:28,scikit-learn-benchmark,cada9fe5-8797-4730-b4ee-5d4d75390de3,scikit-learn_LMC001_5f1cf174,1.002469283062965,7.067039259515391e-08,7.049631723300907e-08,0.8,0.0,10.0,1.1143880223648417e-07,0.0,1.3921865721284928e-06,1.503625374364977e-06,Canada,CAN,,gcp,northamerica-northeast2,Linux-6.8.0-1032-gcp-x86_64-with-glibc2.35,3.10.12,3.0.4,2,Intel(R) Xeon(R) CPU @ 2.60GHz,,,,,15.61648178100586,machine,Y,1.0
2025-08-06T21:25:30,scikit-learn-benchmark,f21effe7-2073-4e88-8ffb-6dbf7c72a8c2,scikit-learn_LMC001_5f1cf174,1.0023893599864095,7.066405536989785e-08,7.049561596589167e-08,0.8,0.0,10.0,1.1142747331824569e-07,0.0,1.392063066466815e-06,1.5034905397850606e-06,Canada,CAN,,gcp,northamerica-northeast2,Linux-6.8.0-1032-gcp-x86_64-with-glibc2.35,3.10.12,3.0.4,2,Intel(R) Xeon(R) CPU @ 2.60GHz,,,,,15.61648178100586,machine,Y,1.0
2025-08-06T21:25:32,scikit-learn-benchmark,6e6e1032-fb77-41f9-a964-a784bcf07a48,scikit-learn_LMC001_5f1cf174,1.0025118319317698,7.067312381020747e-08,7.049604958180426e-08,0.8,0.0,10.0,1.1144770443853405e-07,0.0,1.3922357808850291e-06,1.5036834853235632e-06,Canada,CAN,,gcp,northamerica-northeast2,Linux-6.8.0-1032-gcp-x86_64-with-glibc2.35,3.10.12,3.0.4,2,Intel(R) Xeon(R) CPU @ 2.60GHz,,,,,15.61648178100586,machine,Y,1.0
2025-08-06T21:25:35,scikit-learn-benchmark,ae16559c-4e84-4135-88d3-eddca5309e04,scikit-learn_LMC001_5f1cf174,1.0024832079652697,7.067065836147716e-08,7.049560311829731e-08,0.8,0.0,10.0,1.1144271513654129e-07,0.0,1.392188313831058e-06,1.5036310289675992e-06,Canada,CAN,,gcp,northamerica-northeast2,Linux-6.8.0-1032-gcp-x86_64-with-glibc2.35,3.10.12,3.0.4,2,Intel(R) Xeon(R) CPU @ 2.60GHz,,,,,15.61648178100586,machine,Y,1.0
2025-08-06T21:25:37,scikit-learn-benchmark,010173f0-7b6b-470e-a123-8fc50dbd4a4c,scikit-learn_LMC001_5f1cf174,1.0024576380383223,7.067330793537098e-08,7.050004434468607e-08,0.8,0.0,10.0,1.1144585555626289e-07,0.0,1.3922415473239702e-06,1.5036874028802332e-06,Canada,CAN,,gcp,northamerica-northeast2,Linux-6.8.0-1032-gcp-x86_64-with-glibc2.35,3.10.12,3.0.4,2,Intel(R) Xeon(R) CPU @ 2.60GHz,,,,,15.61648178100586,machine,Y,1.0
2025-08-06T21:25:39,scikit-learn-benchmark,efced1c3-53de-48be-a132-623066c2fed9,scikit-learn_LMC001_5f1cf174,1.0025628311559558,7.066618537310409e-08,7.048554282790029e-08,0.8,0.0,10.0,1.1144555846436157e-07,0.0,1.3920903005378527e-06,1.5035358590022144e-06,Canada,CAN,,gcp,northamerica-northeast2,Linux-6.8.0-1032-gcp-x86_64-with-glibc2.35,3.10.12,3.0.4,2,Intel(R) Xeon(R) CPU @ 2.60GHz,,,,,15.61648178100586,machine,Y,1.0
2025-08-06T21:25:41,scikit-learn-benchmark,01247c85-ce44-4f3b-838d-289f4119b070,scikit-learn_LMC001_5f1cf174,1.0025185209233314,7.06672167206028e-08,7.048968696909205e-08,0.8,0.0,10.0,1.1144510242674089e-07,0.0,1.392112700139276e-06,1.503557802566017e-06,Canada,CAN,,gcp,northamerica-northeast2,Linux-6.8.0-1032-gcp-x86_64-with-glibc2.35,3.10.12,3.0.4,2,Intel(R) Xeon(R) CPU @ 2.60GHz,,,,,15.61648178100586,machine,Y,1.0
2025-08-06T21:25:43,scikit-learn-benchmark,ed3400e8-2fb0-4509-b833-ee2983f9d2b5,scikit-learn_LMC001_5f1cf174,1.002612222917378,7.068233883497304e-08,7.049818186866226e-08,0.8,0.0,10.0,1.1146574131109649e-07,0.0,1.3924138083691811e-06,1.5038795496802775e-06,Canada,CAN,,gcp,northamerica-northeast2,Linux-6.8.0-1032-gcp-x86_64-with-glibc2.35,3.10.12,3.0.4,2,Intel(R) Xeon(R) CPU @ 2.60GHz,,,,,15.61648178100586,machine,Y,1.0
2025-08-06T21:25:45,scikit-learn-benchmark,4d1573e6-0fda-4f9c-91fd-223ae186089d,scikit-learn_LMC001_5f1cf174,1.0024501271545887,7.066268522100938e-08,7.048997581713352e-08,0.8,0.0,10.0,1.1143360669828125e-07,0.0,1.3920277809827693e-06,1.5034613876810506e-06,Canada,CAN,,gcp,northamerica-northeast2,Linux-6.8.0-1032-gcp-x86_64-with-glibc2.35,3.10.12,3.0.4,2,Intel(R) Xeon(R) CPU @ 2.60GHz,,,,,15.61648178100586,machine,Y,1.0
2025-08-06T21:25:47,scikit-learn-benchmark,ea408076-9ddc-441d-b7ca-5a8681bad687,scikit-learn_LMC001_5f1cf174,1.0023783100768924,7.06628257515323e-08,7.049516638694203e-08,0.8,0.0,10.0,1.114283273410466e-07,0.0,1.3920360503511295e-06,1.5034643776921762e-06,Canada,CAN,,gcp,northamerica-northeast2,Linux-6.8.0-1032-gcp-x86_64-with-glibc2.35,3.10.12,3.0.4,2,Intel(R) Xeon(R) CPU @ 2.60GHz,,,,,15.61648178100586,machine,Y,1.0
2025-08-06T21:25:49,scikit-learn-benchmark,36e65db9-57d1-4b88-8468-9110c4c076f5,scikit-learn_LMC001_5f1cf174,1.0024580410681665,7.066341457000474e-08,7.049014689403809e-08,0.8000072,0.0,10.0,1.114325588617159e-07,0.0,1.3920443468830652e-06,1.503476905744781e-06,Canada,CAN,,gcp,northamerica-northeast2,Linux-6.8.0-1032-gcp-x86_64-with-glibc2.35,3.10.12,3.0.4,2,Intel(R) Xeon(R) CPU @ 2.60GHz,,,,,15.61648178100586,machine,Y,1.0
2025-08-06T21:25:52,scikit-learn-benchmark,220aacbd-8f06-472e-8d31-cd18e28f1653,scikit-learn_LMC001_5f1cf174,1.0024242058862,7.066583025807308e-08,7.049493601922798e-08,0.8,0.0,10.0,1.1143258110516601e-07,0.0,1.392095722258091e-06,1.503528303363257e-06,Canada,CAN,,gcp,northamerica-northeast2,Linux-6.8.0-1032-gcp-x86_64-with-glibc2.35,3.10.12,3.0.4,2,Intel(R) Xeon(R) CPU @ 2.60GHz,,,,,15.61648178100586,machine,Y,1.0
2025-08-06T21:25:54,scikit-learn-benchmark,7d148d8f-5e94-4a9f-90ea-9a1643801b1f,scikit-learn_LMC001_5f1cf174,1.002473269123584,7.066264822745387e-08,7.048831166264506e-08,0.8,0.0,10.0,1.114274586757853e-07,0.0,1.3920331419083393e-06,1.5034606005841244e-06,Canada,CAN,,gcp,northamerica-northeast2,Linux-6.8.0-1032-gcp-x86_64-with-glibc2.35,3.10.12,3.0.4,2,Intel(R) Xeon(R) CPU @ 2.60GHz,,,,,15.61648178100586,machine,Y,1.0
2025-08-06T21:25:56,scikit-learn-benchmark,e5bbf9e8-2ce3-4035-b8cc-a337daf075b9,scikit-learn_LMC001_5f1cf174,1.0024715180043131,7.067342784434248e-08,7.049918783232543e-08,0.8,0.0,10.0,1.1144264554604889e-07,0.0,1.3922473085888974e-06,1.5036899541349462e-06,Canada,CAN,,gcp,northamerica-northeast2,Linux-6.8.0-1032-gcp-x86_64-with-glibc2.35,3.10.12,3.0.4,2,Intel(R) Xeon(R) CPU @ 2.60GHz,,,,,15.61648178100586,machine,Y,1.0
2025-08-06T21:25:58,scikit-learn-benchmark,793574b3-7853-444c-ab65-580503889346,scikit-learn_LMC001_5f1cf174,1.0023256479762497,7.065713945721897e-08,7.049319709605317e-08,0.8,0.0,10.0,1.1141973423461121e-07,0.0,1.3919236584721754e-06,1.5033433927067865e-06,Canada,CAN,,gcp,northamerica-northeast2,Linux-6.8.0-1032-gcp-x86_64-with-glibc2.35,3.10.12,3.0.4,2,Intel(R) Xeon(R) CPU @ 2.60GHz,,,,,15.61648178100586,machine,Y,1.0
2025-08-06T21:26:00,scikit-learn-benchmark,019e1a96-f394-414d-b4f7-04a08a6eff0d,scikit-learn_LMC001_5f1cf174,1.002473606960848,7.0664735645211e-08,7.049037017487368e-08,0.8,0.0,10.0,1.1143769422132109e-07,0.0,1.3920673195065724e-06,1.5035050137278937e-06,Canada,CAN,,gcp,northamerica-northeast2,Linux-6.8.0-1032-gcp-x86_64-with-glibc2.35,3.10.12,3.0.4,2,Intel(R) Xeon(R) CPU @ 2.60GHz,,,,,15.61648178100586,machine,Y,1.0
2025-08-06T21:26:02,scikit-learn-benchmark,780b44bb-0a0f-4536-8c2d-87eed3d37892,scikit-learn_LMC001_5f1cf174,1.0025585491675884,7.067351275990304e-08,7.049315256309206e-08,0.8,0.0,10.0,1.114502549171448e-07,0.0,1.392241505931856e-06,1.5036917608490009e-06,Canada,CAN,,gcp,northamerica-northeast2,Linux-6.8.0-1032-gcp-x86_64-with-glibc2.35,3.10.12,3.0.4,2,Intel(R) Xeon(R) CPU @ 2.60GHz,,,,,15.61648178100586,machine,Y,1.0
2025-08-06T21:26:04,scikit-learn-benchmark,c2e92d51-d1ae-4c99-9644-7273e34ebcfb,scikit-learn_LMC001_5f1cf174,1.0024512798991054,7.066813772334717e-08,7.049533392830798e-08,0.8,0.0,10.0,1.1143834309445489e-07,0.0,1.3921390552746338e-06,1.5035773983690887e-06,Canada,CAN,,gcp,northamerica-northeast2,Linux-6.8.0-1032-gcp-x86_64-with-glibc2.35,3.10.12,3.0.4,2,Intel(R) Xeon(R) CPU @ 2.60GHz,,,,,15.61648178100586,machine,Y,1.0
2025-08-06T21:26:06,scikit-learn-benchmark,27c7730f-5741-4bcc-9efa-ce26cba9e46d,scikit-learn_LMC001_5f1cf174,1.00252358103171,7.06668349732275e-08,7.048895039506537e-08,0.8000072,0.0,10.0,1.1144777701650784e-07,0.0,1.3921019032649282e-06,1.503549680281436e-06,Canada,CAN,,gcp,northamerica-northeast2,Linux-6.8.0-1032-gcp-x86_64-with-glibc2.35,3.10.12,3.0.4,2,Intel(R) Xeon(R) CPU @ 2.60GHz,,,,,15.61648178100586,machine,Y,1.0
2025-08-06T21:26:09,scikit-learn-benchmark,e84597d4-a84c-4863-9a04-ea84a99f6342,scikit-learn_LMC001_5f1cf174,1.002474038861692,7.067464271027388e-08,7.050022242024826e-08,0.8,0.0,10.0,1.1144931045257385e-07,0.0,1.392266491893679e-06,1.5037158023462527e-06,Canada,CAN,,gcp,northamerica-northeast2,Linux-6.8.0-1032-gcp-x86_64-with-glibc2.35,3.10.12,3.0.4,2,Intel(R) Xeon(R) CPU @ 2.60GHz,,,,,15.61648178100586,machine,Y,1.0
2025-08-06T21:26:11,scikit-learn-benchmark,7a7f578a-e8c7-42b6-b49f-983c30053872,scikit-learn_LMC001_5f1cf174,1.0025454950518906,7.067757296950249e-08,7.04981203529764e-08,0.8,0.0,10.0,1.1146074021235108e-07,0.0,1.3923174080749351e-06,1.5037781482872863e-06,Canada,CAN,,gcp,northamerica-northeast2,Linux-6.8.0-1032-gcp-x86_64-with-glibc2.35,3.10.12,3.0.4,2,Intel(R) Xeon(R) CPU @ 2.60GHz,,,,,15.61648178100586,machine,Y,1.0
2025-08-06T21:26:13,scikit-learn-benchmark,698d501e-4997-487c-91ba-9254dfa8f96b,scikit-learn_LMC001_5f1cf174,1.0023551741614938,7.06582160031216e-08,7.049219460779432e-08,0.8,0.0,10.0,1.114186973621448e-07,0.0,1.3919476005766126e-06,1.5033662979387574e-06,Canada,CAN,,gcp,northamerica-northeast2,Linux-6.8.0-1032-gcp-x86_64-with-glibc2.35,3.10.12,3.0.4,2,Intel(R) Xeon(R) CPU @ 2.60GHz,,,,,15.61648178100586,machine,Y,1.0
2025-08-06T21:26:15,scikit-learn-benchmark,80f93515-e35b-43b0-8337-cc517525e788,scikit-learn_LMC001_5f1cf174,1.0033608668018132,7.066536407239941e-08,7.042866271797447e-08,0.8,0.0,10.0,1.114299821977814e-07,0.0,1.392088402321355e-06,1.5035183845191364e-06,Canada,CAN,,gcp,northamerica-northeast2,Linux-6.8.0-1032-gcp-x86_64-with-glibc2.35,3.10.12,3.0.4,2,Intel(R) Xeon(R) CPU @ 2.60GHz,,,,,15.61648178100586,machine,Y,1.0
2025-08-06T21:26:17,scikit-learn-benchmark,f5264b1f-47d1-4c4d-88f7-4b000aeaffd7,scikit-learn_LMC001_5f1cf174,1.0024013759102672,7.066686332119734e-08,7.04975721497047e-08,0.8,0.0,10.0,1.1143466643989089e-07,0.0,1.3921156169898394e-06,1.5035502834297304e-06,Canada,CAN,,gcp,northamerica-northeast2,Linux-6.8.0-1032-gcp-x86_64-with-glibc2.35,3.10.12,3.0.4,2,Intel(R) Xeon(R) CPU @ 2.60GHz,,,,,15.61648178100586,machine,Y,1.0
2025-08-06T21:26:19,scikit-learn-benchmark,d6fcee6c-b358-4e8b-a012-88db677cd137,scikit-learn_LMC001_5f1cf174,1.0025355550460515,7.067260861104755e-08,7.049386752951737e-08,0.8000072,0.0,10.0,1.1144732102652341e-07,0.0,1.3922252026127857e-06,1.5036725236393092e-06,Canada,CAN,,gcp,northamerica-northeast2,Linux-6.8.0-1032-gcp-x86_64-with-glibc2.35,3.10.12,3.0.4,2,Intel(R) Xeon(R) CPU @ 2.60GHz,,,,,15.61648178100586,machine,Y,1.0
2025-08-06T21:26:21,scikit-learn-benchmark,d88c0d6c-a495-4c4e-8d3c-973dc380cd91,scikit-learn_LMC001_5f1cf174,1.0024607859086243,7.06712606116974e-08,7.049778066644413e-08,0.8,0.0,10.0,1.1144182624088393e-07,0.0,1.3922020165611886e-06,1.5036438428020723e-06,Canada,CAN,,gcp,northamerica-northeast2,Linux-6.8.0-1032-gcp-x86_64-with-glibc2.35,3.10.12,3.0.4,2,Intel(R) Xeon(R) CPU @ 2.60GHz,,,,,15.61648178100586,machine,Y,1.0
2025-08-06T21:26:23,scikit-learn-benchmark,a3bf4b52-3353-40aa-a194-b9b25ff56305,scikit-learn_LMC001_5f1cf174,1.002697697142139,7.069909759409105e-08,7.050888597390385e-08,0.8,0.0,10.0,1.114870662180086e-07,0.0,1.3927490528052053e-06,1.504236119023214e-06,Canada,CAN,,gcp,northamerica-northeast2,Linux-6.8.0-1032-gcp-x86_64-with-glibc2.35,3.10.12,3.0.4,2,Intel(R) Xeon(R) CPU @ 2.60GHz,,,,,15.61648178100586,machine,Y,1.0
2025-08-06T21:26:25,scikit-learn-benchmark,73a760de-9ae1-4224-8af8-b0d0423d91f8,scikit-learn_LMC001_5f1cf174,1.0024746127892286,7.06660536833418e-08,7.049161423322689e-08,0.8,0.0,10.0,1.114417353334527e-07,0.0,1.392091321758926e-06,1.5035330570923787e-06,Canada,CAN,,gcp,northamerica-northeast2,Linux-6.8.0-1032-gcp-x86_64-with-glibc2.35,3.10.12,3.0.4,2,Intel(R) Xeon(R) CPU @ 2.60GHz,,,,,15.61648178100586,machine,Y,1.0
2025-08-06T21:26:28,scikit-learn-benchmark,509c7509-5a82-4f3c-9834-db6816f33bf9,scikit-learn_LMC001_5f1cf174,1.0024607961531729,7.06684812145586e-08,7.049500737160068e-08,0.8000072,0.0,10.0,1.1143805919886386e-07,0.0,1.3921466474938724e-06,1.5035847066927365e-06,Canada,CAN,,gcp,northamerica-northeast2,Linux-6.8.0-1032-gcp-x86_64-with-glibc2.35,3.10.12,3.0.4,2,Intel(R) Xeon(R) CPU @ 2.60GHz,,,,,15.61648178100586,machine,Y,1.0
2025-08-06T21:26:30,scikit-learn-benchmark,cd367815-b3eb-49a0-9cc7-4914b1f56576,scikit-learn_LMC001_5f1cf174,1.0024392090272158,7.06679148768437e-08,7.04959604936254e-08,0.8,0.0,10.0,1.1143675912171605e-07,0.0,1.3921358978324052e-06,1.5035726569541212e-06,Canada,CAN,,gcp,northamerica-northeast2,Linux-6.8.0-1032-gcp-x86_64-with-glibc2.35,3.10.12,3.0.4,2,Intel(R) Xeon(R) CPU @ 2.60GHz,,,,,15.61648178100586,machine,Y,1.0
2025-08-06T21:26:32,scikit-learn-benchmark,834fc1e0-72e6-4334-9532-d8c97de133b0,scikit-learn_LMC001_5f1cf174,1.002501456066966,7.066880219483042e-08,7.049246838212054e-08,0.8000072,0.0,10.0,1.1143860537272924e-07,0.0,1.392152930687492e-06,1.5035915360602214e-06,Canada,CAN,,gcp,northamerica-northeast2,Linux-6.8.0-1032-gcp-x86_64-with-glibc2.35,3.10.12,3.0.4,2,Intel(R) Xeon(R) CPU @ 2.60GHz,,,,,15.61648178100586,machine,Y,1.0
2025-08-06T21:26:34,scikit-learn-benchmark,2602f199-ac84-4efc-bf2b-240244e395ae,scikit-learn_LMC001_5f1cf174,1.0024425650481137,7.066507816723446e-08,7.049289468653278e-08,0.8,0.0,10.0,1.1143012603537905e-07,0.0,1.392082175395141e-06,1.50351230143052e-06,Canada,CAN,,gcp,northamerica-northeast2,Linux-6.8.0-1032-gcp-x86_64-with-glibc2.35,3.10.12,3.0.4,2,Intel(R) Xeon(R) CPU @ 2.60GHz,,,,,15.61648178100586,machine,Y,1.0
2025-08-06T21:26:36,scikit-learn-benchmark,d57960ab-e559-4bce-84e0-79b0c983ba60,scikit-learn_LMC001_5f1cf174,1.002449224004522,7.0665476204517e-08,7.049282348908102e-08,0.8,0.0,10.0,1.114322593332165e-07,0.0,1.3920885109756558e-06,1.5035207703088723e-06,Canada,CAN,,gcp,northamerica-northeast2,Linux-6.8.0-1032-gcp-x86_64-with-glibc2.35,3.10.12,3.0.4,2,Intel(R) Xeon(R) CPU @ 2.60GHz,,,,,15.61648178100586,machine,Y,1.0
2025-08-06T21:26:38,scikit-learn-benchmark,3cb2f3a5-5ff5-403a-9a63-e28cd2f443fd,scikit-learn_LMC001_5f1cf174,1.0025125141255558,7.067510921207983e-08,7.049798203639023e-08,0.8,0.0,10.0,1.114481222401891e-07,0.0,1.3922776056764028e-06,1.503725727916592e-06,Canada,CAN,,gcp,northamerica-northeast2,Linux-6.8.0-1032-gcp-x86_64-with-glibc2.35,3.10.12,3.0.4,2,Intel(R) Xeon(R) CPU @ 2.60GHz,,,,,15.61648178100586,machine,Y,1.0
2025-08-06T21:26:40,scikit-learn-benchmark,eb4a55be-2558-412d-a1c0-02b0bb347e1e,scikit-learn_LMC001_5f1cf174,1.002393692964688,7.066194688170447e-08,7.049320778616843e-08,0.8000072,0.0,10.0,1.1143150371548277e-07,0.0,1.392014174618655e-06,1.5034456783341375e-06,Canada,CAN,,gcp,northamerica-northeast2,Linux-6.8.0-1032-gcp-x86_64-with-glibc2.35,3.10.12,3.0.4,2,Intel(R) Xeon(R) CPU @ 2.60GHz,,,,,15.61648178100586,machine,Y,1.0
2025-08-06T21:26:42,scikit-learn-benchmark,fedfe851-077f-4633-b26e-8b3d43285d5e,scikit-learn_LMC001_5f1cf174,1.0025744000449777,7.067164081790383e-08,7.049017091872019e-08,0.8,0.0,10.0,1.114551240267853e-07,0.0,1.3921968082690406e-06,1.5036519322958258e-06,Canada,CAN,,gcp,northamerica-northeast2,Linux-6.8.0-1032-gcp-x86_64-with-glibc2.35,3.10.12,3.0.4,2,Intel(R) Xeon(R) CPU @ 2.60GHz,,,,,15.61648178100586,machine,Y,1.0
2025-08-06T21:26:45,scikit-learn-benchmark,46609747-4f36-491b-8189-f5c020d4e4cc,scikit-learn_LMC001_5f1cf174,1.0017936290241778,7.064321544282655e-08,7.051673458099186e-08,0.8,0.0,10.0,1.1139716715034513e-07,0.0,1.391649969931071e-06,1.503047137081416e-06,Canada,CAN,,gcp,northamerica-northeast2,Linux-6.8.0-1032-gcp-x86_64-with-glibc2.35,3.10.12,3.0.4,2,Intel(R) Xeon(R) CPU @ 2.60GHz,,,,,15.61648178100586,machine,Y,1.0
2025-08-06T21:26:47,scikit-learn-benchmark,0d43341e-22ae-4045-8166-1460134ba831,scikit-learn_LMC001_5f1cf174,1.002246174030006,7.064080816608235e-08,7.04824922224821e-08,0.8,0.0,10.0,1.1139589066927633e-07,0.0,1.3916000277580074e-06,1.5029959184272835e-06,Canada,CAN,,gcp,northamerica-northeast2,Linux-6.8.0-1032-gcp-x86_64-with-glibc2.35,3.10.12,3.0.4,2,Intel(R) Xeon(R) CPU @ 2.60GHz,,,,,15.61648178100586,machine,Y,1.0
2025-08-06T21:26:49,scikit-learn-benchmark,f816dcfe-87a3-47c3-af66-3daa4c33f6ce,scikit-learn_LMC001_5f1cf174,1.0025057920720428,7.067533985245973e-08,7.049868480698096e-08,0.8,0.0,10.0,1.1144490757336218e-07,0.0,1.3922857275853557e-06,1.5037306351587176e-06,Canada,CAN,,gcp,northamerica-northeast2,Linux-6.8.0-1032-gcp-x86_64-with-glibc2.35,3.10.12,3.0.4,2,Intel(R) Xeon(R) CPU @ 2.60GHz,,,,,15.61648178100586,machine,Y,1.0
2025-08-06T21:26:51,scikit-learn-benchmark,e34e7977-a413-469b-9f25-421adfe1920b,scikit-learn_LMC001_5f1cf174,1.0023936009965837,7.066220279278425e-08,7.04934695538076e-08,0.8000072,0.0,10.0,1.114276179440291e-07,0.0,1.3920235053066992e-06,1.5034511232507282e-06,Canada,CAN,,gcp,northamerica-northeast2,Linux-6.8.0-1032-gcp-x86_64-with-glibc2.35,3.10.12,3.0.4,2,Intel(R) Xeon(R) CPU @ 2.60GHz,,,,,15.61648178100586,machine,Y,1.0
2025-08-06T21:26:53,scikit-learn-benchmark,4fb863c8-51e9-4d42-962b-901a6456cb24,scikit-learn_LMC001_5f1cf174,1.0024873518850654,7.067762644814017e-08,7.050226251257815e-08,0.8,0.0,10.0,1.1145190578988857e-07,0.0,1.392327380340753e-06,1.5037792861306418e-06,Canada,CAN,,gcp,northamerica-northeast2,Linux-6.8.0-1032-gcp-x86_64-with-glibc2.35,3.10.12,3.0.4,2,Intel(R) Xeon(R) CPU @ 2.60GHz,,,,,15.61648178100586,machine,Y,1.0
2025-08-06T21:26:55,scikit-learn-benchmark,f1116dc9-03c1-47d6-abd0-b80f7c0be10b,scikit-learn_LMC001_5f1cf174,1.0023966480512172,7.066348517913786e-08,7.049453459019081e-08,0.8,0.0,10.0,1.114304833528069e-07,0.0,1.3920479247139562e-06,1.503478408066763e-06,Canada,CAN,,gcp,northamerica-northeast2,Linux-6.8.0-1032-gcp-x86_64-with-glibc2.35,3.10.12,3.0.4,2,Intel(R) Xeon(R) CPU @ 2.60GHz,,,,,15.61648178100586,machine,Y,1.0
2025-08-06T21:26:57,scikit-learn-benchmark,3a7604e2-a04d-4a00-980f-59a9550d7eaa,scikit-learn_LMC001_5f1cf174,1.002466918900609,7.067460027265295e-08,7.050068081065535e-08,0.8000072,0.0,10.0,1.1144806345251757e-07,0.0,1.39226683596563e-06,1.5037148994181476e-06,Canada,CAN,,gcp,northamerica-northeast2,Linux-6.8.0-1032-gcp-x86_64-with-glibc2.35,3.10.12,3.0.4,2,Intel(R) Xeon(R) CPU @ 2.60GHz,,,,,15.61648178100586,machine,Y,1.0
2025-08-06T21:26:59,scikit-learn-benchmark,0007b601-974c-4707-ac82-c498ba12a3fb,scikit-learn_LMC001_5f1cf174,1.002435778034851,7.06611849228955e-08,7.048948817590873e-08,0.8,0.0,10.0,1.1143309690265193e-07,0.0,1.3919963695419332e-06,1.5034294664445852e-06,Canada,CAN,,gcp,northamerica-northeast2,Linux-6.8.0-1032-gcp-x86_64-with-glibc2.35,3.10.12,3.0.4,2,Intel(R) Xeon(R) CPU @ 2.60GHz,,,,,15.61648178100586,machine,Y,1.0
2025-08-06T21:27:02,scikit-learn-benchmark,ad4ecaef-de98-4741-9250-822719f33d01,scikit-learn_LMC001_5f1cf174,1.0025085830129683,7.067087623984038e-08,7.049403609836843e-08,0.8,0.0,10.0,1.1144140331695478e-07,0.0,1.3921942613604996e-06,1.5036356646774545e-06,Canada,CAN,,gcp,northamerica-northeast2,Linux-6.8.0-1032-gcp-x86_64-with-glibc2.35,3.10.12,3.0.4,2,Intel(R) Xeon(R) CPU @ 2.60GHz,,,,,15.61648178100586,machine,Y,1.0
2025-08-06T21:27:04,scikit-learn-benchmark,13026c24-c001-4ffc-a9c2-eee02876e5c6,scikit-learn_LMC001_5f1cf174,1.0023056818172336,7.065968030349663e-08,7.04971363380749e-08,0.8,0.0,10.0,1.1142221439836757e-07,0.0,1.391975238867518e-06,1.5033974532658856e-06,Canada,CAN,,gcp,northamerica-northeast2,Linux-6.8.0-1032-gcp-x86_64-with-glibc2.35,3.10.12,3.0.4,2,Intel(R) Xeon(R) CPU @ 2.60GHz,,,,,15.61648178100586,machine,Y,1.0
2025-08-06T21:27:06,scikit-learn-benchmark,1d152028-120f-447a-8abd-d726ea658c6a,scikit-learn_LMC001_5f1cf174,1.0024177969899029,7.066328646325405e-08,7.049284906497508e-08,0.8,0.0,10.0,1.1143464113896093e-07,0.0,1.392039538930274e-06,1.5034741800692348e-06,Canada,CAN,,gcp,northamerica-northeast2,Linux-6.8.0-1032-gcp-x86_64-with-glibc2.35,3.10.12,3.0.4,2,Intel(R) Xeon(R) CPU @ 2.60GHz,,,,,15.61648178100586,machine,Y,1.0
2025-08-06T21:27:08,scikit-learn-benchmark,5b4829a5-e9bd-418e-aa0c-70e690ce7640,scikit-learn_LMC001_5f1cf174,1.0024768731091172,7.066497070414738e-08,7.049037498988337e-08,0.8,0.0,10.0,1.1143230088055137e-07,0.0,1.392077714101308e-06,1.5035100149818592e-06,Canada,CAN,,gcp,northamerica-northeast2,Linux-6.8.0-1032-gcp-x86_64-with-glibc2.35,3.10.12,3.0.4,2,Intel(R) Xeon(R) CPU @ 2.60GHz,,,,,15.61648178100586,machine,Y,1.0
2025-08-06T21:27:10,scikit-learn-benchmark,d1c10750-b799-4d51-ad28-b7230d7ad02b,scikit-learn_LMC001_5f1cf174,1.0024475690443069,7.066775756577649e-08,7.049521565815984e-08,0.8,0.0,10.0,1.1143744069462022e-07,0.0,1.392131869215518e-06,1.5035693099101382e-06,Canada,CAN,,gcp,northamerica-northeast2,Linux-6.8.0-1032-gcp-x86_64-with-glibc2.35,3.10.12,3.0.4,2,Intel(R) Xeon(R) CPU @ 2.60GHz,,,,,15.61648178100586,machine,Y,1.0
2025-08-06T21:27:12,scikit-learn-benchmark,afd34876-6de7-489d-9212-9ee68997d538,scikit-learn_LMC001_5f1cf174,1.0024570869281888,7.06695364808156e-08,7.04963208922658e-08,0.8000072,0.0,10.0,1.1144023406360976e-07,0.0,1.3921669251026794e-06,1.5036071591662892e-06,Canada,CAN,,gcp,northamerica-northeast2,Linux-6.8.0-1032-gcp-x86_64-with-glibc2.35,3.10.12,3.0.4,2,Intel(R) Xeon(R) CPU @ 2.60GHz,,,,,15.61648178100586,machine,Y,1.0
2025-08-06T21:27:14,scikit-learn-benchmark,be85120e-5528-4651-89cd-bde9365f8473,scikit-learn_LMC001_5f1cf174,1.0024530349764973,7.066892689163797e-08,7.049599774347016e-08,0.8,0.0,10.0,1.1143541444713872e-07,0.0,1.392158774736648e-06,1.5035941891837868e-06,Canada,CAN,,gcp,northamerica-northeast2,Linux-6.8.0-1032-gcp-x86_64-with-glibc2.35,3.10.12,3.0.4,2,Intel(R) Xeon(R) CPU @ 2.60GHz,,,,,15.61648178100586,machine,Y,1.0
2025-08-06T21:27:16,scikit-learn-benchmark,4398e21b-36ca-4c8f-b5bf-f53bb4f14507,scikit-learn_LMC001_5f1cf174,1.0025223239790648,7.06744941586882e-08,7.049667869556991e-08,0.8000576,0.0,10.0,1.1145742525120826e-07,0.0,1.3922552164230082e-06,1.5037126416742163e-06,Canada,CAN,,gcp,northamerica-northeast2,Linux-6.8.0-1032-gcp-x86_64-with-glibc2.35,3.10.12,3.0.4,2,Intel(R) Xeon(R) CPU @ 2.60GHz,,,,,15.61648178100586,machine,Y,1.0
2025-08-06T21:27:19,scikit-learn-benchmark,6f8bbcb8-795a-4507-9f5c-e2d1e0d5d2b9,scikit-learn_LMC001_5f1cf174,1.0025142740923911,7.067580570376272e-08,7.04985530183576e-08,0.8,0.0,10.0,1.1144939111545685e-07,0.0,1.3922911557731115e-06,1.5037405468885685e-06,Canada,CAN,,gcp,northamerica-northeast2,Linux-6.8.0-1032-gcp-x86_64-with-glibc2.35,3.10.12,3.0.4,2,Intel(R) Xeon(R) CPU @ 2.60GHz,,,,,15.61648178100586,machine,Y,1.0
2025-08-06T21:27:21,scikit-learn-benchmark,d0585676-73ea-48ba-af9e-dfd9f70afdde,scikit-learn_LMC001_5f1cf174,1.0024876778479666,7.067159349168651e-08,7.04962216028398e-08,0.8,0.0,10.0,1.1144378134566877e-07,0.0,1.3922071440093634e-06,1.5036509253550322e-06,Canada,CAN,,gcp,northamerica-northeast2,Linux-6.8.0-1032-gcp-x86_64-with-glibc2.35,3.10.12,3.0.4,2,Intel(R) Xeon(R) CPU @ 2.60GHz,,,,,15.61648178100586,machine,Y,1.0
2025-08-06T21:27:23,scikit-learn-benchmark,92f1cc4f-02ce-4d26-baed-6faf5195ea27,scikit-learn_LMC001_5f1cf174,1.0024676551111042,7.067210452193911e-08,7.049813942785663e-08,0.8,0.0,10.0,1.1144360134171117e-07,0.0,1.392218196997419e-06,1.50366179833913e-06,Canada,CAN,,gcp,northamerica-northeast2,Linux-6.8.0-1032-gcp-x86_64-with-glibc2.35,3.10.12,3.0.4,2,Intel(R) Xeon(R) CPU @ 2.60GHz,,,,,15.61648178100586,machine,Y,1.0
2025-08-06T21:27:25,scikit-learn-benchmark,162972f1-8498-4762-9f6e-e207fbc14a2e,scikit-learn_LMC001_5f1cf174,1.0025294059887528,7.066733610540493e-08,7.048904070370755e-08,0.8000072,0.0,10.0,1.1144324008949377e-07,0.0,1.3921171025786965e-06,1.50356034266819e-06,Canada,CAN,,gcp,northamerica-northeast2,Linux-6.8.0-1032-gcp-x86_64-with-glibc2.35,3.10.12,3.0.4,2,Intel(R) Xeon(R) CPU @ 2.60GHz,,,,,15.61648178100586,machine,Y,1.0
2025-08-06T21:27:27,scikit-learn-benchmark,dbfa023c-463f-4907-9582-057821f15ab2,scikit-learn_LMC001_5f1cf174,1.002467144979164,7.066285319789314e-08,7.04889467468401e-08,0.8,0.0,10.0,1.114337030901677e-07,0.0,1.3920312585671329e-06,1.5034649616573009e-06,Canada,CAN,,gcp,northamerica-northeast2,Linux-6.8.0-1032-gcp-x86_64-with-glibc2.35,3.10.12,3.0.4,2,Intel(R) Xeon(R) CPU @ 2.60GHz,,,,,15.61648178100586,machine,Y,1.0
2025-08-06T21:27:29,scikit-learn-benchmark,63176349-2f64-4f47-b7ad-611fff07cd67,scikit-learn_LMC001_5f1cf174,1.0023403300438076,7.065904688992952e-08,7.049406750583541e-08,0.8,0.0,10.0,1.1142018178684845e-07,0.0,1.3919637945946306e-06,1.503383976381479e-06,Canada,CAN,,gcp,northamerica-northeast2,Linux-6.8.0-1032-gcp-x86_64-with-glibc2.35,3.10.12,3.0.4,2,Intel(R) Xeon(R) CPU @ 2.60GHz,,,,,15.61648178100586,machine,Y,1.0
2025-08-06T21:27:31,scikit-learn-benchmark,073cf4c1-2969-4943-ba2e-977e60a8e90f,scikit-learn_LMC001_5f1cf174,1.0024415289517492,7.067245981813824e-08,7.05003312183607e-08,0.8,0.0,10.0,1.1144131597959333e-07,0.0,1.392228041853135e-06,1.5036693578327285e-06,Canada,CAN,,gcp,northamerica-northeast2,Linux-6.8.0-1032-gcp-x86_64-with-glibc2.35,3.10.12,3.0.4,2,Intel(R) Xeon(R) CPU @ 2.60GHz,,,,,15.61648178100586,machine,Y,1.0
2025-08-06T21:27:33,scikit-learn-benchmark,32c31ca4-bd87-4ac5-8b90-192d49645825,scikit-learn_LMC001_5f1cf174,1.0024333000183103,7.066560710273269e-08,7.049407387149041e-08,0.8,0.0,10.0,1.114321637691723e-07,0.0,1.392091391608119e-06,1.5035235553772914e-06,Canada,CAN,,gcp,northamerica-northeast2,Linux-6.8.0-1032-gcp-x86_64-with-glibc2.35,3.10.12,3.0.4,2,Intel(R) Xeon(R) CPU @ 2.60GHz,,,,,15.61648178100586,machine,Y,1.0
2025-08-06T21:27:36,scikit-learn-benchmark,fd037794-c174-4cd4-92a0-486fbc1339e4,scikit-learn_LMC001_5f1cf174,1.0024798240046948,7.066297533194949e-08,7.04881770584328e-08,0.8,0.0,10.0,1.1142961556712788e-07,0.0,1.3920379446871165e-06,1.5034675602542445e-06,Canada,CAN,,gcp,northamerica-northeast2,Linux-6.8.0-1032-gcp-x86_64-with-glibc2.35,3.10.12,3.0.4,2,Intel(R) Xeon(R) CPU @ 2.60GHz,,,,,15.61648178100586,machine,Y,1.0
2025-08-06T21:27:38,scikit-learn-benchmark,3581173c-29ac-4f62-a69a-dfe786a3cf4a,scikit-learn_LMC001_5f1cf174,1.0026184448506683,7.06868253633849e-08,7.050221919058464e-08,0.8000072,0.0,10.0,1.1146903852613605e-07,0.0,1.3925059692054571e-06,1.5039750077315934e-06,Canada,CAN,,gcp,northamerica-northeast2,Linux-6.8.0-1032-gcp-x86_64-with-glibc2.35,3.10.12,3.0.4,2,Intel(R) Xeon(R) CPU @ 2.60GHz,,,,,15.61648178100586,machine,Y,1.0
2025-08-06T21:27:40,scikit-learn-benchmark,f5f8c98f-cf01-4ff3-8f3e-94276f5c2836,scikit-learn_LMC001_5f1cf174,1.0024362900294363,7.06658161465858e-08,7.049407214149311e-08,0.8000072,0.0,10.0,1.1143530313186048e-07,0.0,1.3920926999869862e-06,1.503528003118847e-06,Canada,CAN,,gcp,northamerica-northeast2,Linux-6.8.0-1032-gcp-x86_64-with-glibc2.35,3.10.12,3.0.4,2,Intel(R) Xeon(R) CPU @ 2.60GHz,,,,,15.61648178100586,machine,Y,1.0
2025-08-06T21:27:42,scikit-learn-benchmark,090319bb-fb55-49cb-a342-ddabccdd6b59,scikit-learn_LMC001_5f1cf174,1.0023609360214325,7.065685440693356e-08,7.049043100919763e-08,0.8000072,0.0,10.0,1.1142365259551929e-07,0.0,1.391913675211577e-06,1.5033373278070965e-06,Canada,CAN,,gcp,northamerica-northeast2,Linux-6.8.0-1032-gcp-x86_64-with-glibc2.35,3.10.12,3.0.4,2,Intel(R) Xeon(R) CPU @ 2.60GHz,,,,,15.61648178100586,machine,Y,1.0
2025-08-06T21:27:44,scikit-learn-benchmark,d4190f7d-76ad-472c-868e-97049edf8079,scikit-learn_LMC001_5f1cf174,1.0024211080744865,7.06582601047897e-08,7.048760200243044e-08,0.8,0.0,10.0,1.1142295288542909e-07,0.0,1.3919442833866923e-06,1.5033672362721214e-06,Canada,CAN,,gcp,northamerica-northeast2,Linux-6.8.0-1032-gcp-x86_64-with-glibc2.35,3.10.12,3.0.4,2,Intel(R) Xeon(R) CPU @ 2.60GHz,,,,,15.61648178100586,machine,Y,1.0
2025-08-06T21:27:46,scikit-learn-benchmark,a85a8098-13f1-4187-b89d-836374c32814,scikit-learn_LMC001_5f1cf174,1.0018729439470917,7.06599408597168e-08,7.052784615715536e-08,0.8,0.0,10.0,1.1142896110605865e-07,0.0,1.3919740359091924e-06,1.503402997015251e-06,Canada,CAN,,gcp,northamerica-northeast2,Linux-6.8.0-1032-gcp-x86_64-with-glibc2.35,3.10.12,3.0.4,2,Intel(R) Xeon(R) CPU @ 2.60GHz,,,,,15.61648178100586,machine,Y,1.0
2025-08-06T21:27:48,scikit-learn-benchmark,3e613102-0ce5-4e03-84f6-44431baaa287,scikit-learn_LMC001_5f1cf174,1.0023583469446748,7.066046014466944e-08,7.049421033909896e-08,0.8,0.0,10.0,1.114211653152274e-07,0.0,1.3919928803160373e-06,1.5034140456312647e-06,Canada,CAN,,gcp,northamerica-northeast2,Linux-6.8.0-1032-gcp-x86_64-with-glibc2.35,3.10.12,3.0.4,2,Intel(R) Xeon(R) CPU @ 2.60GHz,,,,,15.61648178100586,machine,Y,1.0
2025-08-06T21:27:50,scikit-learn-benchmark,ac82540b-1989-48fa-a213-02cf88a98033,scikit-learn_LMC001_5f1cf174,1.0023843359667808,7.066126172479968e-08,7.049318229484124e-08,0.8,0.0,10.0,1.1142435644028917e-07,0.0,1.3920067440873633e-06,1.5034311005276524e-06,Canada,CAN,,gcp,northamerica-northeast2,Linux-6.8.0-1032-gcp-x86_64-with-glibc2.35,3.10.12,3.0.4,2,Intel(R) Xeon(R) CPU @ 2.60GHz,,,,,15.61648178100586,machine,Y,1.0
2025-08-06T21:27:53,scikit-learn-benchmark,2dc77718-d303-41b5-8555-9124692d4391,scikit-learn_LMC001_5f1cf174,1.0023753899149597,7.066308146849688e-08,7.049562686738735e-08,0.8,0.0,10.0,1.1142674310960705e-07,0.0,1.3920430753690502e-06,1.5034698184786571e-06,Canada,CAN,,gcp,northamerica-northeast2,Linux-6.8.0-1032-gcp-x86_64-with-glibc2.35,3.10.12,3.0.4,2,Intel(R) Xeon(R) CPU @ 2.60GHz,,,,,15.61648178100586,machine,Y,1.0
2025-08-06T21:27:55,scikit-learn-benchmark,8f21eea6-703c-4ea6-9815-f3ff4d348f7e,scikit-learn_LMC001_5f1cf174,1.0023769040126354,7.066215807773795e-08,7.049459918207296e-08,0.8,0.0,10.0,1.1142631666734817e-07,0.0,1.3920238551994163e-06,1.5034501718667649e-06,Canada,CAN,,gcp,northamerica-northeast2,Linux-6.8.0-1032-gcp-x86_64-with-glibc2.35,3.10.12,3.0.4,2,Intel(R) Xeon(R) CPU @ 2.60GHz,,,,,15.61648178100586,machine,Y,1.0
2025-08-06T21:27:57,scikit-learn-benchmark,f3162bd1-4319-4cf0-9065-0f5fb428f1c6,scikit-learn_LMC001_5f1cf174,1.0023876510094851,7.066100280760373e-08,7.049269086310313e-08,0.8,0.0,10.0,1.1142628003532689e-07,0.0,1.3919993116158164e-06,1.5034255916511433e-06,Canada,CAN,,gcp,northamerica-northeast2,Linux-6.8.0-1032-gcp-x86_64-with-glibc2.35,3.10.12,3.0.4,2,Intel(R) Xeon(R) CPU @ 2.60GHz,,,,,15.61648178100586,machine,Y,1.0
2025-08-06T21:27:59,scikit-learn-benchmark,6670975c-ed1d-4afc-907b-5c70a7c56d4e,scikit-learn_LMC001_5f1cf174,1.0023810449056327,7.066071805510567e-08,7.04928713628637e-08,0.8,0.0,10.0,1.1142369711564649e-07,0.0,1.3919958359717082e-06,1.5034195330873546e-06,Canada,CAN,,gcp,northamerica-northeast2,Linux-6.8.0-1032-gcp-x86_64-with-glibc2.35,3.10.12,3.0.4,2,Intel(R) Xeon(R) CPU @ 2.60GHz,,,,,15.61648178100586,machine,Y,1.0
2025-08-06T21:28:01,scikit-learn-benchmark,adb34395-e40c-4d60-93d8-31f2582e6069,scikit-learn_LMC001_5f1cf174,1.0024609009269625,7.067085269406543e-08,7.049736566156047e-08,0.8,0.0,10.0,1.1144186664993565e-07,0.0,1.392193297053584e-06,1.5036351637035196e-06,Canada,CAN,,gcp,northamerica-northeast2,Linux-6.8.0-1032-gcp-x86_64-with-glibc2.35,3.10.12,3.0.4,2,Intel(R) Xeon(R) CPU @ 2.60GHz,,,,,15.61648178100586,machine,Y,1.0
2025-08-06T21:28:03,scikit-learn-benchmark,476815b7-66bc-4a4d-bbe1-fc49bc82c9b4,scikit-learn_LMC001_5f1cf174,1.002450215863064,7.066846641579953e-08,7.049573664359701e-08,0.8,0.0,10.0,1.1143629754790004e-07,0.0,1.392148094277622e-06,1.503584391825522e-06,Canada,CAN,,gcp,northamerica-northeast2,Linux-6.8.0-1032-gcp-x86_64-with-glibc2.35,3.10.12,3.0.4,2,Intel(R) Xeon(R) CPU @ 2.60GHz,,,,,15.61648178100586,machine,Y,1.0
2025-08-06T21:28:05,scikit-learn-benchmark,d3a72142-d46b-4503-ba97-8a2282c8f55c,scikit-learn_LMC001_5f1cf174,1.0023681409657,7.066522650622453e-08,7.04982766492801e-08,0.8,0.0,10.0,1.1143087756095665e-07,0.0,1.3920845800182889e-06,1.5035154575792451e-06,Canada,CAN,,gcp,northamerica-northeast2,Linux-6.8.0-1032-gcp-x86_64-with-glibc2.35,3.10.12,3.0.4,2,Intel(R) Xeon(R) CPU @ 2.60GHz,,,,,15.61648178100586,machine,Y,1.0
2025-08-06T21:28:07,scikit-learn-benchmark,a3c54ede-83b2-4ac6-9a9d-16ba6d249953,scikit-learn_LMC001_5f1cf174,1.0021221640054137,7.065588844937366e-08,7.050626259673461e-08,0.8000072,0.0,10.0,1.1141599783116585e-07,0.0,1.3919007776874222e-06,1.503316775518588e-06,Canada,CAN,,gcp,northamerica-northeast2,Linux-6.8.0-1032-gcp-x86_64-with-glibc2.35,3.10.12,3.0.4,2,Intel(R) Xeon(R) CPU @ 2.60GHz,,,,,15.61648178100586,machine,Y,1.0
2025-08-06T21:28:10,scikit-learn-benchmark,a46c7d4d-0403-49ed-a2c1-70562a5ccc3b,scikit-learn_LMC001_5f1cf174,1.0021309319417924,7.063411424637957e-08,7.048391781452591e-08,0.8000072,0.0,10.0,1.1137173058424976e-07,0.0,1.3914817640195703e-06,1.5028534946038205e-06,Canada,CAN,,gcp,northamerica-northeast2,Linux-6.8.0-1032-gcp-x86_64-with-glibc2.35,3.10.12,3.0.4,2,Intel(R) Xeon(R) CPU @ 2.60GHz,,,,,15.61648178100586,machine,Y,1.0
2025-08-06T21:28:12,scikit-learn-benchmark,f1b77e72-6543-4c08-87d5-a46d4207030c,scikit-learn_LMC001_5f1cf174,1.002458345843479,7.066417297475145e-08,7.049088200796399e-08,0.8,0.0,10.0,1.1143680330779817e-07,0.0,1.39205623870819e-06,1.503493042015988e-06,Canada,CAN,,gcp,northamerica-northeast2,Linux-6.8.0-1032-gcp-x86_64-with-glibc2.35,3.10.12,3.0.4,2,Intel(R) Xeon(R) CPU @ 2.60GHz,,,,,15.61648178100586,machine,Y,1.0
2025-08-06T21:28:14,scikit-learn-benchmark,56ed61ff-638d-413c-a49c-e141d29a0f6c,scikit-learn_LMC001_5f1cf174,1.0023608589544892,7.06589531214494e-08,7.049253020030141e-08,0.8,0.0,10.0,1.1142637265018293e-07,0.0,1.3919556086572509e-06,1.5033819813074338e-06,Canada,CAN,,gcp,northamerica-northeast2,Linux-6.8.0-1032-gcp-x86_64-with-glibc2.35,3.10.12,3.0.4,2,Intel(R) Xeon(R) CPU @ 2.60GHz,,,,,15.61648178100586,machine,Y,1.0
2025-08-06T21:28:16,scikit-learn-benchmark,1295a35e-0395-4d33-8a19-86119af8f59a,scikit-learn_LMC001_5f1cf174,1.002345415065065,7.0662120849515e-08,7.049677664752738e-08,0.8,0.0,10.0,1.1142604068542521e-07,0.0,1.3920233390914898e-06,1.5034493797769149e-06,Canada,CAN,,gcp,northamerica-northeast2,Linux-6.8.0-1032-gcp-x86_64-with-glibc2.35,3.10.12,3.0.4,2,Intel(R) Xeon(R) CPU @ 2.60GHz,,,,,15.61648178100586,machine,Y,1.0
2025-08-06T21:28:18,scikit-learn-benchmark,84a7c92c-ddcf-479a-a91e-68b87f5255fd,scikit-learn_LMC001_5f1cf174,1.0023691318929195,7.065746432082315e-08,7.049046311650716e-08,0.8,0.0,10.0,1.1142108222055769e-07,0.0,1.391929222477807e-06,1.5033503046983647e-06,Canada,CAN,,gcp,northamerica-northeast2,Linux-6.8.0-1032-gcp-x86_64-with-glibc2.35,3.10.12,3.0.4,2,Intel(R) Xeon(R) CPU @ 2.60GHz,,,,,15.61648178100586,machine,Y,1.0
2025-08-06T21:28:20,scikit-learn-benchmark,a3892baf-d2d8-431c-9b87-bee842876d82,scikit-learn_LMC001_5f1cf174,1.0024034730158746,7.066019829230694e-08,7.049077561524763e-08,0.8,0.0,10.0,1.1142353221981062e-07,0.0,1.3919849420845923e-06,1.503408474304403e-06,Canada,CAN,,gcp,northamerica-northeast2,Linux-6.8.0-1032-gcp-x86_64-with-glibc2.35,3.10.12,3.0.4,2,Intel(R) Xeon(R) CPU @ 2.60GHz,,,,,15.61648178100586,machine,Y,1.0
2025-08-06T21:28:22,scikit-learn-benchmark,0cf5ab98-e7ea-4fa3-8ba5-7474ae803324,scikit-learn_LMC001_5f1cf174,1.002402637153864,7.066089104511775e-08,7.049152548695027e-08,0.8,0.0,10.0,1.1142516068907249e-07,0.0,1.3919980530368373e-06,1.5034232137259097e-06,Canada,CAN,,gcp,northamerica-northeast2,Linux-6.8.0-1032-gcp-x86_64-with-glibc2.35,3.10.12,3.0.4,2,Intel(R) Xeon(R) CPU @ 2.60GHz,,,,,15.61648178100586,machine,Y,1.0
2025-08-06T21:28:24,scikit-learn-benchmark,4ef40c5f-ba04-44cc-adfc-ead8ee1b71b6,scikit-learn_LMC001_5f1cf174,1.00251848786138,7.067739417846316e-08,7.049984118421154e-08,0.8,0.0,10.0,1.1144997774519857e-07,0.0,1.3923243664774215e-06,1.5037743442226204e-06,Canada,CAN,,gcp,northamerica-northeast2,Linux-6.8.0-1032-gcp-x86_64-with-glibc2.35,3.10.12,3.0.4,2,Intel(R) Xeon(R) CPU @ 2.60GHz,,,,,15.61648178100586,machine,Y,1.0
2025-08-06T21:28:27,scikit-learn-benchmark,98567e74-7fad-429a-a803-3fbc7369a97d,scikit-learn_LMC001_5f1cf174,1.0024921470321717,7.06645707688553e-08,7.04889020607835e-08,0.8,0.0,10.0,1.1143613358338677e-07,0.0,1.392065372136939e-06,1.5035015057203256e-06,Canada,CAN,,gcp,northamerica-northeast2,Linux-6.8.0-1032-gcp-x86_64-with-glibc2.35,3.10.12,3.0.4,2,Intel(R) Xeon(R) CPU @ 2.60GHz,,,,,15.61648178100586,machine,Y,1.0
2025-08-06T21:28:29,scikit-learn-benchmark,94eabcf8-7485-4ab7-a633-ab2389b786f6,scikit-learn_LMC001_5f1cf174,1.0023867548443377,7.066633948393994e-08,7.049807785510279e-08,0.8,0.0,10.0,1.1143404685167805e-07,0.0,1.392105091104491e-06,1.503539137956169e-06,Canada,CAN,,gcp,northamerica-northeast2,Linux-6.8.0-1032-gcp-x86_64-with-glibc2.35,3.10.12,3.0.4,2,Intel(R) Xeon(R) CPU @ 2.60GHz,,,,,15.61648178100586,machine,Y,1.0
2025-08-06T21:28:31,scikit-learn-benchmark,f4bcd866-7e1c-4476-813e-5d3e3b2bffa0,scikit-learn_LMC001_5f1cf174,1.0024977789726108,7.066371171830947e-08,7.048764915043273e-08,0.8,0.0,10.0,1.114377280076345e-07,0.0,1.392045500041503e-06,1.5034832280491377e-06,Canada,CAN,,gcp,northamerica-northeast2,Linux-6.8.0-1032-gcp-x86_64-with-glibc2.35,3.10.12,3.0.4,2,Intel(R) Xeon(R) CPU @ 2.60GHz,,,,,15.61648178100586,machine,Y,1.0
2025-08-06T21:28:33,scikit-learn-benchmark,e56a64b8-965f-4887-bccf-7492e769e764,scikit-learn_LMC001_5f1cf174,1.002370229223743,7.06627643951215e-08,7.049567348966882e-08,0.8,0.0,10.0,1.1142662736690708e-07,0.0,1.3920364448697203e-06,1.5034630722366275e-06,Canada,CAN,,gcp,northamerica-northeast2,Linux-6.8.0-1032-gcp-x86_64-with-glibc2.35,3.10.12,3.0.4,2,Intel(R) Xeon(R) CPU @ 2.60GHz,,,,,15.61648178100586,machine,Y,1.0
2025-08-06T21:28:35,scikit-learn-benchmark,fefe8a05-3a2e-42ad-ad18-084283434eab,scikit-learn_LMC001_5f1cf174,1.002430401975289,7.066682656230925e-08,7.049549417401973e-08,0.8,0.0,10.0,1.114344289008942e-07,0.0,1.392115072424834e-06,1.5035495013257282e-06,Canada,CAN,,gcp,northamerica-northeast2,Linux-6.8.0-1032-gcp-x86_64-with-glibc2.35,3.10.12,3.0.4,2,Intel(R) Xeon(R) CPU @ 2.60GHz,,,,,15.61648178100586,machine,Y,1.0
2025-08-06T21:28:37,scikit-learn-benchmark,61755c66-22ad-48df-bc82-9927df1b2995,scikit-learn_LMC001_5f1cf174,1.0024724169634285,7.06676665147591e-08,7.049337749243745e-08,0.8000072,0.0,10.0,1.1143763383931977e-07,0.0,1.3921297388151289e-06,1.503567372654449e-06,Canada,CAN,,gcp,northamerica-northeast2,Linux-6.8.0-1032-gcp-x86_64-with-glibc2.35,3.10.12,3.0.4,2,Intel(R) Xeon(R) CPU @ 2.60GHz,,,,,15.61648178100586,machine,Y,1.0
2025-08-06T21:28:39,scikit-learn-benchmark,5209b1e4-94b5-4df3-affa-25d15468af81,scikit-learn_LMC001_5f1cf174,1.002400744939223,7.066557302732125e-08,7.049632932146896e-08,0.8,0.0,10.0,1.11433369314505e-07,0.0,1.3920894610540322e-06,1.5035228303685372e-06,Canada,CAN,,gcp,northamerica-northeast2,Linux-6.8.0-1032-gcp-x86_64-with-glibc2.35,3.10.12,3.0.4,2,Intel(R) Xeon(R) CPU @ 2.60GHz,,,,,15.61648178100586,machine,Y,1.0
2025-08-06T21:28:41,scikit-learn-benchmark,18f5edac-b9c4-4842-a3d2-ac978d810f8a,scikit-learn_LMC001_5f1cf174,1.0024657330941409,7.066992000050635e-08,7.049609544496e-08,0.8,0.0,10.0,1.1144070223801668e-07,0.0,1.392174616921693e-06,1.5036153191597096e-06,Canada,CAN,,gcp,northamerica-northeast2,Linux-6.8.0-1032-gcp-x86_64-with-glibc2.35,3.10.12,3.0.4,2,Intel(R) Xeon(R) CPU @ 2.60GHz,,,,,15.61648178100586,machine,Y,1.0
2025-08-06T21:28:44,scikit-learn-benchmark,49887267-1d7f-4d53-8e40-7d3e3a779885,scikit-learn_LMC001_5f1cf174,1.0024338229559362,7.066677161487233e-08,7.049519878179391e-08,0.8,0.0,10.0,1.1142880174641809e-07,0.0,1.3921195304849082e-06,1.5035483322313265e-06,Canada,CAN,,gcp,northamerica-northeast2,Linux-6.8.0-1032-gcp-x86_64-with-glibc2.35,3.10.12,3.0.4,2,Intel(R) Xeon(R) CPU @ 2.60GHz,,,,,15.61648178100586,machine,Y,1.0
2025-08-06T21:28:46,scikit-learn-benchmark,b67d4904-0697-40a0-a43d-2ece2e6aeb2f,scikit-learn_LMC001_5f1cf174,1.002382488921285,7.066614610947565e-08,7.049818496482629e-08,0.8,0.0,10.0,1.1143320441866914e-07,0.0,1.392101819187196e-06,1.503535023605865e-06,Canada,CAN,,gcp,northamerica-northeast2,Linux-6.8.0-1032-gcp-x86_64-with-glibc2.35,3.10.12,3.0.4,2,Intel(R) Xeon(R) CPU @ 2.60GHz,,,,,15.61648178100586,machine,Y,1.0
2025-08-06T21:28:48,scikit-learn-benchmark,1571ad93-866e-4259-b890-2000e35f5039,scikit-learn_LMC001_5f1cf174,1.0023337779566646,7.066046566583344e-08,7.049594378619094e-08,0.8000072,0.0,10.0,1.1142003520260297e-07,0.0,1.391994127900236e-06,1.503414163102839e-06,Canada,CAN,,gcp,northamerica-northeast2,Linux-6.8.0-1032-gcp-x86_64-with-glibc2.35,3.10.12,3.0.4,2,Intel(R) Xeon(R) CPU @ 2.60GHz,,,,,15.61648178100586,machine,Y,1.0
2025-08-06T21:28:50,scikit-learn-benchmark,19d0f2a2-0fb0-4206-9009-a1b62ae99f63,scikit-learn_LMC001_5f1cf174,1.0024637440219522,7.06641245098662e-08,7.049045407503417e-08,0.8000072,0.0,10.0,1.1143637426594169e-07,0.0,1.3920556365822754e-06,1.503492010848217e-06,Canada,CAN,,gcp,northamerica-northeast2,Linux-6.8.0-1032-gcp-x86_64-with-glibc2.35,3.10.12,3.0.4,2,Intel(R) Xeon(R) CPU @ 2.60GHz,,,,,15.61648178100586,machine,Y,1.0
2025-08-06T21:28:52,scikit-learn-benchmark,b58edd46-91fa-4c6e-b9ef-400a5ea9972d,scikit-learn_LMC001_5f1cf174,1.0023598510306329,7.066110746076124e-08,7.04947503514901e-08,0.8,0.0,10.0,1.1142572113830185e-07,0.0,1.3920020971757672e-06,1.503427818314069e-06,Canada,CAN,,gcp,northamerica-northeast2,Linux-6.8.0-1032-gcp-x86_64-with-glibc2.35,3.10.12,3.0.4,2,Intel(R) Xeon(R) CPU @ 2.60GHz,,,,,15.61648178100586,machine,Y,1.0
2025-08-06T21:28:54,scikit-learn-benchmark,b33c6021-c00b-4867-a8d1-43728e2a1dee,scikit-learn_LMC001_5f1cf174,1.0024314131587744,7.066277831466868e-08,7.049138463448817e-08,0.8,0.0,10.0,1.1143369889921613e-07,0.0,1.39202966949799e-06,1.503463368397206e-06,Canada,CAN,,gcp,northamerica-northeast2,Linux-6.8.0-1032-gcp-x86_64-with-glibc2.35,3.10.12,3.0.4,2,Intel(R) Xeon(R) CPU @ 2.60GHz,,,,,15.61648178100586,machine,Y,1.0
2025-08-06T21:28:56,scikit-learn-benchmark,c3f7db4d-8067-42d1-9754-0de3a2efcf1a,scikit-learn_LMC001_5f1cf174,1.0023800421040503,7.066041866446743e-08,7.049264320561224e-08,0.8,0.0,10.0,1.1142396600916985e-07,0.0,1.391989197064605e-06,1.5034131630737747e-06,Canada,CAN,,gcp,northamerica-northeast2,Linux-6.8.0-1032-gcp-x86_64-with-glibc2.35,3.10.12,3.0.4,2,Intel(R) Xeon(R) CPU @ 2.60GHz,,,,,15.61648178100586,machine,Y,1.0
2025-08-06T21:28:58,scikit-learn-benchmark,08b127e5-1ba0-4b2f-b720-2ad5d0626f55,scikit-learn_LMC001_5f1cf174,1.0023703060578557,7.066140539962281e-08,7.049431230412399e-08,0.8,0.0,10.0,1.1142675754510697e-07,0.0,1.3920073998936763e-06,1.5034341574387832e-06,Canada,CAN,,gcp,northamerica-northeast2,Linux-6.8.0-1032-gcp-x86_64-with-glibc2.35,3.10.12,3.0.4,2,Intel(R) Xeon(R) CPU @ 2.60GHz,,,,,15.61648178100586,machine,Y,1.0
2025-08-06T21:29:01,scikit-learn-benchmark,ac795e97-fc02-4119-b7e9-2a01676bf629,scikit-learn_LMC001_5f1cf174,1.002514305990189,7.067445010361184e-08,7.04971985749433e-08,0.8000072,0.0,10.0,1.1145062704445661e-07,0.0,1.3922610772877103e-06,1.503711704332167e-06,Canada,CAN,,gcp,northamerica-northeast2,Linux-6.8.0-1032-gcp-x86_64-with-glibc2.35,3.10.12,3.0.4,2,Intel(R) Xeon(R) CPU @ 2.60GHz,,,,,15.61648178100586,machine,Y,1.0
2025-08-06T21:29:03,scikit-learn-benchmark,640ee707-a440-467e-9bbe-87c88461364b,scikit-learn_LMC001_5f1cf174,1.0026346370577812,7.068299788808347e-08,7.049726318602143e-08,0.8,0.0,10.0,1.1146904445356796e-07,0.0,1.3924245276333144e-06,1.5038935720868824e-06,Canada,CAN,,gcp,northamerica-northeast2,Linux-6.8.0-1032-gcp-x86_64-with-glibc2.35,3.10.12,3.0.4,2,Intel(R) Xeon(R) CPU @ 2.60GHz,,,,,15.61648178100586,machine,Y,1.0
2025-08-06T21:29:05,scikit-learn-benchmark,f7f72095-f76f-48c1-bd55-13afa8ce0780,scikit-learn_LMC001_5f1cf174,1.0023877220228314,7.066258314189812e-08,7.049426243898928e-08,0.8,0.0,10.0,1.1142641600842278e-07,0.0,1.3920327997766435e-06,1.5034592157850664e-06,Canada,CAN,,gcp,northamerica-northeast2,Linux-6.8.0-1032-gcp-x86_64-with-glibc2.35,3.10.12,3.0.4,2,Intel(R) Xeon(R) CPU @ 2.60GHz,,,,,15.61648178100586,machine,Y,1.0
2025-08-06T21:29:07,scikit-learn-benchmark,71c0b91f-2945-48b2-8854-2a2dd6a21c4a,scikit-learn_LMC001_5f1cf174,1.0024753611069173,7.06714863143344e-08,7.049698082983314e-08,0.8,0.0,10.0,1.1144398644359576e-07,0.0,1.3922046585422425e-06,1.5036486449858383e-06,Canada,CAN,,gcp,northamerica-northeast2,Linux-6.8.0-1032-gcp-x86_64-with-glibc2.35,3.10.12,3.0.4,2,Intel(R) Xeon(R) CPU @ 2.60GHz,,,,,15.61648178100586,machine,Y,1.0
2025-08-06T21:29:09,scikit-learn-benchmark,8dd1a463-ad35-429e-9522-7acd8e08bc9f,scikit-learn_LMC001_5f1cf174,1.0023331081029028,7.066052063293239e-08,7.049604573739986e-08,0.8,0.0,10.0,1.114231326824261e-07,0.0,1.3919921999331564e-06,1.5034153326155825e-06,Canada,CAN,,gcp,northamerica-northeast2,Linux-6.8.0-1032-gcp-x86_64-with-glibc2.35,3.10.12,3.0.4,2,Intel(R) Xeon(R) CPU @ 2.60GHz,,,,,15.61648178100586,machine,Y,1.0
2025-08-06T21:29:11,scikit-learn-benchmark,424927f1-fb7c-45de-8354-c09303ebea43,scikit-learn_LMC001_5f1cf174,1.0024520650040358,7.066085269340935e-08,7.04880115071885e-08,0.8,0.0,10.0,1.11430241778079e-07,0.0,1.391992155954035e-06,1.503422397732114e-06,Canada,CAN,,gcp,northamerica-northeast2,Linux-6.8.0-1032-gcp-x86_64-with-glibc2.35,3.10.12,3.0.4,2,Intel(R) Xeon(R) CPU @ 2.60GHz,,,,,15.61648178100586,machine,Y,1.0
2025-08-06T21:29:13,scikit-learn-benchmark,a74bf9a9-ff84-40e7-9e76-fbf9514dbe4d,scikit-learn_LMC001_5f1cf174,1.002300078980625,7.065462584208905e-08,7.049248755317604e-08,0.8,0.0,10.0,1.1141766400800813e-07,0.0,1.3918722475258014e-06,1.5032899115338097e-06,Canada,CAN,,gcp,northamerica-northeast2,Linux-6.8.0-1032-gcp-x86_64-with-glibc2.35,3.10.12,3.0.4,2,Intel(R) Xeon(R) CPU @ 2.60GHz,,,,,15.61648178100586,machine,Y,1.0
2025-08-06T21:29:15,scikit-learn-benchmark,f3dfa181-4211-4bdb-9f0a-262c0057c0bb,scikit-learn_LMC001_5f1cf174,1.0023797841276971,7.066300409512286e-08,7.049524064036868e-08,0.8,0.0,10.0,1.1142693558293912e-07,0.0,1.392041236653717e-06,1.5034681722366562e-06,Canada,CAN,,gcp,northamerica-northeast2,Linux-6.8.0-1032-gcp-x86_64-with-glibc2.35,3.10.12,3.0.4,2,Intel(R) Xeon(R) CPU @ 2.60GHz,,,,,15.61648178100586,machine,Y,1.0
2025-08-06T21:29:18,scikit-learn-benchmark,5e6e8007-1762-487d-af42-d523d616fd38,scikit-learn_LMC001_5f1cf174,1.002428045962006,7.06598602180214e-08,7.048871038939343e-08,0.8,0.0,10.0,1.1142823420878913e-07,0.0,1.3919730470257089e-06,1.503401281234498e-06,Canada,CAN,,gcp,northamerica-northeast2,Linux-6.8.0-1032-gcp-x86_64-with-glibc2.35,3.10.12,3.0.4,2,Intel(R) Xeon(R) CPU @ 2.60GHz,,,,,15.61648178100586,machine,Y,1.0
2025-08-06T21:29:20,scikit-learn-benchmark,9621bed8-01fd-496f-ac06-1092368bc2b3,scikit-learn_LMC001_5f1cf174,1.002412151079625,7.06607520271662e-08,7.049071776620292e-08,0.8,0.0,10.0,1.114255362190307e-07,0.0,1.3919947196781225e-06,1.503420255897153e-06,Canada,CAN,,gcp,northamerica-northeast2,Linux-6.8.0-1032-gcp-x86_64-with-glibc2.35,3.10.12,3.0.4,2,Intel(R) Xeon(R) CPU @ 2.60GHz,,,,,15.61648178100586,machine,Y,1.0
2025-08-06T21:29:22,scikit-learn-benchmark,33fa0870-2aee-42db-948a-548569e36426,scikit-learn_LMC001_5f1cf174,1.0023463091347369,7.065940191012084e-08,7.049400119118183e-08,0.8,0.0,10.0,1.1142407155906165e-07,0.0,1.3919674584435093e-06,1.503391530002571e-06,Canada,CAN,,gcp,northamerica-northeast2,Linux-6.8.0-1032-gcp-x86_64-with-glibc2.35,3.10.12,3.0.4,2,Intel(R) Xeon(R) CPU @ 2.60GHz,,,,,15.61648178100586,machine,Y,1.0
2025-08-06T21:29:24,scikit-learn-benchmark,abbea040-b89d-4e0a-90bb-80f5cd3d6e13,scikit-learn_LMC001_5f1cf174,1.002488534199074,7.06717757061864e-08,7.049634314535953e-08,0.8000072,0.0,10.0,1.1144235165150185e-07,0.0,1.3922124506077837e-06,1.5036548022592853e-06,Canada,CAN,,gcp,northamerica-northeast2,Linux-6.8.0-1032-gcp-x86_64-with-glibc2.35,3.10.12,3.0.4,2,Intel(R) Xeon(R) CPU @ 2.60GHz,,,,,15.61648178100586,machine,Y,1.0
2025-08-06T21:29:26,scikit-learn-benchmark,2b3fd899-fe84-4783-9841-6ddff775a908,scikit-learn_LMC001_5f1cf174,1.0024384199641645,7.066996808544111e-08,7.049806419826514e-08,0.8,0.0,10.0,1.1143963954721888e-07,0.0,1.3921767026962092e-06,1.503616342243428e-06,Canada,CAN,,gcp,northamerica-northeast2,Linux-6.8.0-1032-gcp-x86_64-with-glibc2.35,3.10.12,3.0.4,2,Intel(R) Xeon(R) CPU @ 2.60GHz,,,,,15.61648178100586,machine,Y,1.0
2025-08-06T21:29:28,scikit-learn-benchmark,8321a2c6-cf49-4b59-b5ba-839459b3dbd5,scikit-learn_LMC001_5f1cf174,1.0024644669611007,7.066592135523549e-08,7.049219566799628e-08,0.8,0.0,10.0,1.1143378333912957e-07,0.0,1.3920964582616257e-06,1.5035302416007551e-06,Canada,CAN,,gcp,northamerica-northeast2,Linux-6.8.0-1032-gcp-x86_64-with-glibc2.35,3.10.12,3.0.4,2,Intel(R) Xeon(R) CPU @ 2.60GHz,,,,,15.61648178100586,machine,Y,1.0
2025-08-06T21:29:30,scikit-learn-benchmark,371dc989-3bf8-4dc7-9d7a-cab7b5b9110f,scikit-learn_LMC001_5f1cf174,1.0024040238931775,7.065838568225607e-08,7.048892861366434e-08,0.8,0.0,10.0,1.1142605289609897e-07,0.0,1.3919438552370088e-06,1.5033699081331078e-06,Canada,CAN,,gcp,northamerica-northeast2,Linux-6.8.0-1032-gcp-x86_64-with-glibc2.35,3.10.12,3.0.4,2,Intel(R) Xeon(R) CPU @ 2.60GHz,,,,,15.61648178100586,machine,Y,1.0
2025-08-06T21:29:32,scikit-learn-benchmark,0e6a9292-ad76-431c-b6ea-56f761a680af,scikit-learn_LMC001_5f1cf174,1.0024228401016444,7.066635017772206e-08,7.049555073042488e-08,0.8,0.0,10.0,1.1143158712527818e-07,0.0,1.3921077783581696e-06,1.5035393654834475e-06,Canada,CAN,,gcp,northamerica-northeast2,Linux-6.8.0-1032-gcp-x86_64-with-glibc2.35,3.10.12,3.0.4,2,Intel(R) Xeon(R) CPU @ 2.60GHz,,,,,15.61648178100586,machine,Y,1.0
2025-08-06T21:29:35,scikit-learn-benchmark,cb29b285-a08a-42d0-b4d1-88bbe48e9505,scikit-learn_LMC001_5f1cf174,1.0023490390740335,7.066082892026234e-08,7.049523286373235e-08,0.8,0.0,10.0,1.1142358665044109e-07,0.0,1.3919983052700344e-06,1.5034218919204756e-06,Canada,CAN,,gcp,northamerica-northeast2,Linux-6.8.0-1032-gcp-x86_64-with-glibc2.35,3.10.12,3.0.4,2,Intel(R) Xeon(R) CPU @ 2.60GHz,,,,,15.61648178100586,machine,Y,1.0
2025-08-06T21:29:37,scikit-learn-benchmark,753b9e48-62cd-43a1-9c58-6cb539d82538,scikit-learn_LMC001_5f1cf174,1.0023731659166517,7.066125493403527e-08,7.049396106829821e-08,0.8,0.0,10.0,1.1143019246972272e-07,0.0,1.3920007635735803e-06,1.5034309560433032e-06,Canada,CAN,,gcp,northamerica-northeast2,Linux-6.8.0-1032-gcp-x86_64-with-glibc2.35,3.10.12,3.0.4,2,Intel(R) Xeon(R) CPU @ 2.60GHz,,,,,15.61648178100586,machine,Y,1.0
2025-08-06T21:29:39,scikit-learn-benchmark,efc5574e-9669-4abc-881f-b5589eab40da,scikit-learn_LMC001_5f1cf174,1.0023147340398282,7.065775653867904e-08,7.049458033395663e-08,0.8000072,0.0,10.0,1.1141998873953636e-07,0.0,1.3919365333600178e-06,1.5033565220995542e-06,Canada,CAN,,gcp,northamerica-northeast2,Linux-6.8.0-1032-gcp-x86_64-with-glibc2.35,3.10.12,3.0.4,2,Intel(R) Xeon(R) CPU @ 2.60GHz,,,,,15.61648178100586,machine,Y,1.0
2025-08-06T21:29:41,scikit-learn-benchmark,ec3bcf44-3bf6-49fe-839d-c473b1345d98,scikit-learn_LMC001_5f1cf174,1.0022363460157069,7.06349819990444e-08,7.047737021297114e-08,0.8,0.0,10.0,1.1138399623127448e-07,0.0,1.3914879611952023e-06,1.5028719574264767e-06,Canada,CAN,,gcp,northamerica-northeast2,Linux-6.8.0-1032-gcp-x86_64-with-glibc2.35,3.10.12,3.0.4,2,Intel(R) Xeon(R) CPU @ 2.60GHz,,,,,15.61648178100586,machine,Y,1.0
2025-08-06T21:29:43,scikit-learn-benchmark,1a14fab4-be23-4bbb-ab0e-08cd5c1b146f,scikit-learn_LMC001_5f1cf174,1.0023869909346104,7.066680933553208e-08,7.049852998355797e-08,0.8,0.0,10.0,1.114334544270403e-07,0.0,1.392115680371515e-06,1.503549134798555e-06,Canada,CAN,,gcp,northamerica-northeast2,Linux-6.8.0-1032-gcp-x86_64-with-glibc2.35,3.10.12,3.0.4,2,Intel(R) Xeon(R) CPU @ 2.60GHz,,,,,15.61648178100586,machine,Y,1.0
2025-08-06T21:29:45,scikit-learn-benchmark,ec7cd235-bbfe-4fe8-8821-083f28b4e7a1,scikit-learn_LMC001_5f1cf174,1.0023500360548496,7.066233980029614e-08,7.049667008385227e-08,0.8,0.0,10.0,1.114259468805459e-07,0.0,1.3920280914236271e-06,1.5034540383041731e-06,Canada,CAN,,gcp,northamerica-northeast2,Linux-6.8.0-1032-gcp-x86_64-with-glibc2.35,3.10.12,3.0.4,2,Intel(R) Xeon(R) CPU @ 2.60GHz,,,,,15.61648178100586,machine,Y,1.0
2025-08-06T21:29:47,scikit-learn-benchmark,9daaaa83-a11d-4470-8671-c10555a7f7a0,scikit-learn_LMC001_5f1cf174,1.0023915469646454,7.066429934984384e-08,7.04957055591932e-08,0.8,0.0,10.0,1.11431283565859e-07,0.0,1.392064447281882e-06,1.5034957308477411e-06,Canada,CAN,,gcp,northamerica-northeast2,Linux-6.8.0-1032-gcp-x86_64-with-glibc2.35,3.10.12,3.0.4,2,Intel(R) Xeon(R) CPU @ 2.60GHz,,,,,15.61648178100586,machine,Y,1.0
2025-08-06T21:29:49,scikit-learn-benchmark,acf5b4df-3738-497f-9910-333761a6b174,scikit-learn_LMC001_5f1cf174,1.0032055261544883,7.065978465024899e-08,7.043400659992755e-08,0.8,0.0,10.0,1.1142354267131953e-07,0.0,1.3919761307382337e-06,1.503399673409553e-06,Canada,CAN,,gcp,northamerica-northeast2,Linux-6.8.0-1032-gcp-x86_64-with-glibc2.35,3.10.12,3.0.4,2,Intel(R) Xeon(R) CPU @ 2.60GHz,,,,,15.61648178100586,machine,Y,1.0
2025-08-06T21:29:52,scikit-learn-benchmark,f733931d-01aa-4f23-bac0-f6f2c8dfe6a8,scikit-learn_LMC001_5f1cf174,1.0023412730079144,7.06570765396011e-08,7.049203543975306e-08,0.8,0.0,10.0,1.114186568496128e-07,0.0,1.391923397184453e-06,1.503342054034066e-06,Canada,CAN,,gcp,northamerica-northeast2,Linux-6.8.0-1032-gcp-x86_64-with-glibc2.35,3.10.12,3.0.4,2,Intel(R) Xeon(R) CPU @ 2.60GHz,,,,,15.61648178100586,machine,Y,1.0
2025-08-06T21:29:54,scikit-learn-benchmark,54a505ec-8163-4a5b-972d-ab682c8cad82,scikit-learn_LMC001_5f1cf174,1.002340035047382,7.06573890521605e-08,7.049243428535749e-08,0.8,0.0,10.0,1.114175780158904e-07,0.0,1.391931125221567e-06,1.5033487032374577e-06,Canada,CAN,,gcp,northamerica-northeast2,Linux-6.8.0-1032-gcp-x86_64-with-glibc2.35,3.10.12,3.0.4,2,Intel(R) Xeon(R) CPU @ 2.60GHz,,,,,15.61648178100586,machine,Y,1.0
2025-08-06T21:29:56,scikit-learn-benchmark,7def633c-9a67-46cf-82dc-567b90a1e7fa,scikit-learn_LMC001_5f1cf174,1.002284549875185,7.065684259807071e-08,7.04957914465205e-08,0.8,0.0,10.0,1.114161713048816e-07,0.0,1.3919209052498142e-06,1.503337076554696e-06,Canada,CAN,,gcp,northamerica-northeast2,Linux-6.8.0-1032-gcp-x86_64-with-glibc2.35,3.10.12,3.0.4,2,Intel(R) Xeon(R) CPU @ 2.60GHz,,,,,15.61648178100586,machine,Y,1.0
2025-08-06T21:29:58,scikit-learn-benchmark,6225ff37-f30e-4443-b031-e9556aa94a45,scikit-learn_LMC001_5f1cf174,1.002362900180742,7.065649067597567e-08,7.048993000762016e-08,0.8,0.0,10.0,1.1142002180632618e-07,0.0,1.39190956704422e-06,1.5033295888505465e-06,Canada,CAN,,gcp,northamerica-northeast2,Linux-6.8.0-1032-gcp-x86_64-with-glibc2.35,3.10.12,3.0.4,2,Intel(R) Xeon(R) CPU @ 2.60GHz,,,,,15.61648178100586,machine,Y,1.0
2025-08-06T21:30:00,scikit-learn-benchmark,b88c30fe-3d8f-492d-832f-7da19c22b59b,scikit-learn_LMC001_5f1cf174,1.0023888188879937,7.06645776179826e-08,7.049617502355503e-08,0.8,0.0,10.0,1.1143133489208089e-07,0.0,1.3920703165543575e-06,1.5035016514464385e-06,Canada,CAN,,gcp,northamerica-northeast2,Linux-6.8.0-1032-gcp-x86_64-with-glibc2.35,3.10.12,3.0.4,2,Intel(R) Xeon(R) CPU @ 2.60GHz,,,,,15.61648178100586,machine,Y,1.0
2025-08-06T21:30:02,scikit-learn-benchmark,455f2fab-2046-4046-a268-5d048bdd3ef6,scikit-learn_LMC001_5f1cf174,1.002401455072686,7.066957179296558e-08,7.050026856539348e-08,0.8,0.0,10.0,1.1143781824244393e-07,0.0,1.392170092246185e-06,1.503607910488629e-06,Canada,CAN,,gcp,northamerica-northeast2,Linux-6.8.0-1032-gcp-x86_64-with-glibc2.35,3.10.12,3.0.4,2,Intel(R) Xeon(R) CPU @ 2.60GHz,,,,,15.61648178100586,machine,Y,1.0
2025-08-06T21:30:04,scikit-learn-benchmark,6a160a3a-4b45-4ac8-bb3e-d72609ee7fe8,scikit-learn_LMC001_5f1cf174,1.0023806809913367,7.066541132809493e-08,7.049757908164e-08,0.8,0.0,10.0,1.1143100380690565e-07,0.0,1.3920883861525606e-06,1.5035193899594662e-06,Canada,CAN,,gcp,northamerica-northeast2,Linux-6.8.0-1032-gcp-x86_64-with-glibc2.35,3.10.12,3.0.4,2,Intel(R) Xeon(R) CPU @ 2.60GHz,,,,,15.61648178100586,machine,Y,1.0
2025-08-06T21:30:06,scikit-learn-benchmark,cbdcf9e4-e5d1-484a-b50b-61c52a848d65,scikit-learn_LMC001_5f1cf174,1.0019045190420002,7.06586083382541e-08,7.052429347840088e-08,0.8000072,0.0,10.0,1.114214479281829e-07,0.0,1.3919531975665851e-06,1.5033746454947682e-06,Canada,CAN,,gcp,northamerica-northeast2,Linux-6.8.0-1032-gcp-x86_64-with-glibc2.35,3.10.12,3.0.4,2,Intel(R) Xeon(R) CPU @ 2.60GHz,,,,,15.61648178100586,machine,Y,1.0
2025-08-06T21:30:09,scikit-learn-benchmark,c9dcc267-1570-4a4f-9afc-bf605019694f,scikit-learn_LMC001_5f1cf174,1.0024666199460626,7.066887533841243e-08,7.049499098754506e-08,0.8000072,0.0,10.0,1.1143931696132065e-07,0.0,1.392153775345327e-06,1.5035930923066476e-06,Canada,CAN,,gcp,northamerica-northeast2,Linux-6.8.0-1032-gcp-x86_64-with-glibc2.35,3.10.12,3.0.4,2,Intel(R) Xeon(R) CPU @ 2.60GHz,,,,,15.61648178100586,machine,Y,1.0
2025-08-06T21:30:11,scikit-learn-benchmark,98fc90bc-888b-4e5d-8030-488a47e9b555,scikit-learn_LMC001_5f1cf174,1.0024575688876212,7.066681776653664e-08,7.049357494996243e-08,0.8,0.0,10.0,1.1143522223250734e-07,0.0,1.3921140919491237e-06,1.5035493141816308e-06,Canada,CAN,,gcp,northamerica-northeast2,Linux-6.8.0-1032-gcp-x86_64-with-glibc2.35,3.10.12,3.0.4,2,Intel(R) Xeon(R) CPU @ 2.60GHz,,,,,15.61648178100586,machine,Y,1.0
2025-08-06T21:30:13,scikit-learn-benchmark,6a362305-e54f-494e-9576-ac16bb6978f0,scikit-learn_LMC001_5f1cf174,1.0024641070049256,7.066972228408686e-08,7.04960125657044e-08,0.8,0.0,10.0,1.1143839824944737e-07,0.0,1.392172714177933e-06,1.5036111124273802e-06,Canada,CAN,,gcp,northamerica-northeast2,Linux-6.8.0-1032-gcp-x86_64-with-glibc2.35,3.10.12,3.0.4,2,Intel(R) Xeon(R) CPU @ 2.60GHz,,,,,15.61648178100586,machine,Y,1.0
2025-08-06T21:30:15,scikit-learn-benchmark,a7234461-5834-4588-8a0f-67a1e3a4904f,scikit-learn_LMC001_5f1cf174,1.0024288520216942,7.066650653917653e-08,7.049528392629226e-08,0.8,0.0,10.0,1.1143545335572629e-07,0.0,1.3921072389671786e-06,1.503542692322905e-06,Canada,CAN,,gcp,northamerica-northeast2,Linux-6.8.0-1032-gcp-x86_64-with-glibc2.35,3.10.12,3.0.4,2,Intel(R) Xeon(R) CPU @ 2.60GHz,,,,,15.61648178100586,machine,Y,1.0
2025-08-06T21:30:17,scikit-learn-benchmark,76f1ce5f-0e19-429b-9e10-2c0b74a99f87,scikit-learn_LMC001_5f1cf174,1.0024358457885685,7.066957670031115e-08,7.049785479759932e-08,0.8,0.0,10.0,1.1143934550798604e-07,0.0,1.3921686693922514e-06,1.5036080149002374e-06,Canada,CAN,,gcp,northamerica-northeast2,Linux-6.8.0-1032-gcp-x86_64-with-glibc2.35,3.10.12,3.0.4,2,Intel(R) Xeon(R) CPU @ 2.60GHz,,,,,15.61648178100586,machine,Y,1.0
2025-08-06T21:30:19,scikit-learn-benchmark,c8301160-7a3b-4552-bf12-507f16ad1103,scikit-learn_LMC001_5f1cf174,1.002435700967908,7.066529538490204e-08,7.049359406959542e-08,0.8000072,0.0,10.0,1.1143379825625657e-07,0.0,1.3920831248267655e-06,1.5035169230830223e-06,Canada,CAN,,gcp,northamerica-northeast2,Linux-6.8.0-1032-gcp-x86_64-with-glibc2.35,3.10.12,3.0.4,2,Intel(R) Xeon(R) CPU @ 2.60GHz,,,,,15.61648178100586,machine,Y,1.0
2025-08-06T21:30:21,scikit-learn-benchmark,8477295b-891e-4231-a925-bef93ce1f142,scikit-learn_LMC001_5f1cf174,1.0023256610147655,8.360478631365695e-08,8.341080106540878e-08,2.7773000000000003,0.0,10.0,3.868277574675934e-07,0.0,1.391997483248512e-06,1.7788252407161057e-06,Canada,CAN,,gcp,northamerica-northeast2,Linux-6.8.0-1032-gcp-x86_64-with-glibc2.35,3.10.12,3.0.4,2,Intel(R) Xeon(R) CPU @ 2.60GHz,,,,,15.61648178100586,machine,Y,1.0
2025-08-06T21:30:23,scikit-learn-benchmark,ae4098e5-3444-4040-a441-1cdbafa9be47,scikit-learn_LMC001_5f1cf174,1.002233243081719,7.636353481954069e-08,7.619337648862468e-08,1.6732691000000002,0.0,10.0,2.3298911012301817e-07,0.0,1.3917669498672089e-06,1.624756059990227e-06,Canada,CAN,,gcp,northamerica-northeast2,Linux-6.8.0-1032-gcp-x86_64-with-glibc2.35,3.10.12,3.0.4,2,Intel(R) Xeon(R) CPU @ 2.60GHz,,,,,15.61648178100586,machine,Y,1.0
2025-08-06T21:30:26,scikit-learn-benchmark,0c548ea2-a7bd-4c12-a86f-473965c62817,scikit-learn_LMC001_5f1cf174,1.0024302571546286,7.066099379540216e-08,7.048968573232364e-08,0.8,0.0,10.0,1.1142279114574197e-07,0.0,1.3920026087564312e-06,1.5034253999021733e-06,Canada,CAN,,gcp,northamerica-northeast2,Linux-6.8.0-1032-gcp-x86_64-with-glibc2.35,3.10.12,3.0.4,2,Intel(R) Xeon(R) CPU @ 2.60GHz,,,,,15.61648178100586,machine,Y,1.0
2025-08-06T21:30:28,scikit-learn-benchmark,50a45a85-d941-4f18-9062-f6afbf4da466,scikit-learn_LMC001_5f1cf174,1.0023291371762753,7.066209930510054e-08,7.049790002530227e-08,0.8,0.0,10.0,1.114257213452624e-07,0.0,1.3920232000398553e-06,1.5034489213851177e-06,Canada,CAN,,gcp,northamerica-northeast2,Linux-6.8.0-1032-gcp-x86_64-with-glibc2.35,3.10.12,3.0.4,2,Intel(R) Xeon(R) CPU @ 2.60GHz,,,,,15.61648178100586,machine,Y,1.0
2025-08-06T21:30:30,scikit-learn-benchmark,486ce679-ae3c-4a67-a2aa-178a49e124e9,scikit-learn_LMC001_5f1cf174,1.0024030541535467,7.066378915855765e-08,7.049438732828667e-08,0.8,0.0,10.0,1.1142949201166633e-07,0.0,1.392055383702326e-06,1.5034848757139924e-06,Canada,CAN,,gcp,northamerica-northeast2,Linux-6.8.0-1032-gcp-x86_64-with-glibc2.35,3.10.12,3.0.4,2,Intel(R) Xeon(R) CPU @ 2.60GHz,,,,,15.61648178100586,machine,Y,1.0
2025-08-06T21:30:32,scikit-learn-benchmark,48fc8f50-2d7a-4eb0-9bac-55ea73e05129,scikit-learn_LMC001_5f1cf174,1.0024311027955264,7.066642664890322e-08,7.049504594563404e-08,0.8,0.0,10.0,1.1143373998088969e-07,0.0,1.392107252548966e-06,1.503540992529856e-06,Canada,CAN,,gcp,northamerica-northeast2,Linux-6.8.0-1032-gcp-x86_64-with-glibc2.35,3.10.12,3.0.4,2,Intel(R) Xeon(R) CPU @ 2.60GHz,,,,,15.61648178100586,machine,Y,1.0
2025-08-06T21:30:34,scikit-learn-benchmark,d71e9260-fc78-4436-aa11-e44eedfe49a8,scikit-learn_LMC001_5f1cf174,1.0024102998431772,7.066112877901955e-08,7.049122379336504e-08,0.8,0.0,10.0,1.1143057198367189e-07,0.0,1.391997699910361e-06,1.5034282718940327e-06,Canada,CAN,,gcp,northamerica-northeast2,Linux-6.8.0-1032-gcp-x86_64-with-glibc2.35,3.10.12,3.0.4,2,Intel(R) Xeon(R) CPU @ 2.60GHz,,,,,15.61648178100586,machine,Y,1.0
2025-08-06T21:30:36,scikit-learn-benchmark,c231f7eb-018d-4c64-a67f-eea84d30cd55,scikit-learn_LMC001_5f1cf174,1.0024763660039753,7.066495101883388e-08,7.04903910109275e-08,0.8,0.0,10.0,1.1144348218416177e-07,0.0,1.39206611396124e-06,1.5035095961454016e-06,Canada,CAN,,gcp,northamerica-northeast2,Linux-6.8.0-1032-gcp-x86_64-with-glibc2.35,3.10.12,3.0.4,2,Intel(R) Xeon(R) CPU @ 2.60GHz,,,,,15.61648178100586,machine,Y,1.0
2025-08-06T21:30:38,scikit-learn-benchmark,eca186fd-e965-4a15-901e-3568cc175dad,scikit-learn_LMC001_5f1cf174,1.0023507990408689,7.065581694338472e-08,7.049010886307866e-08,0.8,0.0,10.0,1.1141612111694285e-07,0.0,1.3918991329976254e-06,1.5033152541145683e-06,Canada,CAN,,gcp,northamerica-northeast2,Linux-6.8.0-1032-gcp-x86_64-with-glibc2.35,3.10.12,3.0.4,2,Intel(R) Xeon(R) CPU @ 2.60GHz,,,,,15.61648178100586,machine,Y,1.0
2025-08-06T21:30:41,scikit-learn-benchmark,734e6493-d8dc-43f4-b7fd-dde929543ec2,scikit-learn_LMC001_5f1cf174,1.002349530113861,7.065843381825834e-08,7.049280884107559e-08,0.8,0.0,10.0,1.1142206021274133e-07,0.0,1.3919488720906277e-06,1.503370932303369e-06,Canada,CAN,,gcp,northamerica-northeast2,Linux-6.8.0-1032-gcp-x86_64-with-glibc2.35,3.10.12,3.0.4,2,Intel(R) Xeon(R) CPU @ 2.60GHz,,,,,15.61648178100586,machine,Y,1.0
2025-08-06T21:30:43,scikit-learn-benchmark,e5cc0e1f-efc6-450b-bb6c-8bca4228c1bb,scikit-learn_LMC001_5f1cf174,1.0023930571042,7.066736508755841e-08,7.04986577737364e-08,0.8,0.0,10.0,1.114353648800817e-07,0.0,1.3921255944296715e-06,1.5035609593097534e-06,Canada,CAN,,gcp,northamerica-northeast2,Linux-6.8.0-1032-gcp-x86_64-with-glibc2.35,3.10.12,3.0.4,2,Intel(R) Xeon(R) CPU @ 2.60GHz,,,,,15.61648178100586,machine,Y,1.0
2025-08-06T21:30:45,scikit-learn-benchmark,40f38c81-be7f-4a9d-8be6-fee4d600272b,scikit-learn_LMC001_5f1cf174,1.0023303960915655,7.065883612697426e-08,7.049455588945283e-08,0.8,0.0,10.0,1.114194615640575e-07,0.0,1.391960030499225e-06,1.5033794920632825e-06,Canada,CAN,,gcp,northamerica-northeast2,Linux-6.8.0-1032-gcp-x86_64-with-glibc2.35,3.10.12,3.0.4,2,Intel(R) Xeon(R) CPU @ 2.60GHz,,,,,15.61648178100586,machine,Y,1.0
2025-08-06T21:30:47,scikit-learn-benchmark,b52b752c-6d48-4167-af10-d22ad1613205,scikit-learn_LMC001_5f1cf174,1.002448002109304,7.06597090654541e-08,7.048715635801083e-08,0.8,0.0,10.0,1.1142944844646589e-07,0.0,1.3919686167759616e-06,1.5033980652224274e-06,Canada,CAN,,gcp,northamerica-northeast2,Linux-6.8.0-1032-gcp-x86_64-with-glibc2.35,3.10.12,3.0.4,2,Intel(R) Xeon(R) CPU @ 2.60GHz,,,,,15.61648178100586,machine,Y,1.0
2025-08-06T21:30:49,scikit-learn-benchmark,d8d3005a-d004-4b6c-a322-ad5a971059f3,scikit-learn_LMC001_5f1cf174,1.0025754410307854,7.067978318670729e-08,7.049821918043267e-08,0.8000576,0.0,10.0,1.1146608231084217e-07,0.0,1.392359091874419e-06,1.503825174185261e-06,Canada,CAN,,gcp,northamerica-northeast2,Linux-6.8.0-1032-gcp-x86_64-with-glibc2.35,3.10.12,3.0.4,2,Intel(R) Xeon(R) CPU @ 2.60GHz,,,,,15.61648178100586,machine,Y,1.0
2025-08-06T21:30:51,scikit-learn-benchmark,71bf26af-adb7-4c90-b995-5c9e94c65bb3,scikit-learn_LMC001_5f1cf174,1.0023611329961568,7.066340155595619e-08,7.049694888381822e-08,0.8000072,0.0,10.0,1.1142887617215137e-07,0.0,1.3920477526779804e-06,1.5034766288501318e-06,Canada,CAN,,gcp,northamerica-northeast2,Linux-6.8.0-1032-gcp-x86_64-with-glibc2.35,3.10.12,3.0.4,2,Intel(R) Xeon(R) CPU @ 2.60GHz,,,,,15.61648178100586,machine,Y,1.0
2025-08-06T21:30:53,scikit-learn-benchmark,1f3fa8a5-e543-443f-8c6d-4239eb0d4809,scikit-learn_LMC001_5f1cf174,1.002534778090194,7.067587870235245e-08,7.049718398496698e-08,0.8,0.0,10.0,1.114479220058355e-07,0.0,1.3922941780442164e-06,1.503742100050052e-06,Canada,CAN,,gcp,northamerica-northeast2,Linux-6.8.0-1032-gcp-x86_64-with-glibc2.35,3.10.12,3.0.4,2,Intel(R) Xeon(R) CPU @ 2.60GHz,,,,,15.61648178100586,machine,Y,1.0
2025-08-06T21:30:55,scikit-learn-benchmark,9558c902-a7a2-4560-9f2a-4f8adc6d4fbe,scikit-learn_LMC001_5f1cf174,1.0024315570481122,7.06663956472702e-08,7.049498307431928e-08,0.8,0.0,10.0,1.1143275246851977e-07,0.0,1.3921075804521226e-06,1.5035403329206423e-06,Canada,CAN,,gcp,northamerica-northeast2,Linux-6.8.0-1032-gcp-x86_64-with-glibc2.35,3.10.12,3.0.4,2,Intel(R) Xeon(R) CPU @ 2.60GHz,,,,,15.61648178100586,machine,Y,1.0
2025-08-06T21:30:58,scikit-learn-benchmark,ba656208-8a11-401d-b64d-15338c521a9a,scikit-learn_LMC001_5f1cf174,1.002449237043038,7.066529537685629e-08,7.049264218635186e-08,0.8,0.0,10.0,1.114330284504427e-07,0.0,1.3920838944613932e-06,1.503516922911836e-06,Canada,CAN,,gcp,northamerica-northeast2,Linux-6.8.0-1032-gcp-x86_64-with-glibc2.35,3.10.12,3.0.4,2,Intel(R) Xeon(R) CPU @ 2.60GHz,,,,,15.61648178100586,machine,Y,1.0
2025-08-06T21:31:00,scikit-learn-benchmark,45c594ae-8476-4619-b6a0-1101cbc12d49,scikit-learn_LMC001_5f1cf174,1.0024523178581148,7.066599745678509e-08,7.04931259052533e-08,0.8,0.0,10.0,1.1143475512249605e-07,0.0,1.3920971056601654e-06,1.5035318607826614e-06,Canada,CAN,,gcp,northamerica-northeast2,Linux-6.8.0-1032-gcp-x86_64-with-glibc2.35,3.10.12,3.0.4,2,Intel(R) Xeon(R) CPU @ 2.60GHz,,,,,15.61648178100586,machine,Y,1.0
2025-08-06T21:31:02,scikit-learn-benchmark,c10a0b5f-ed35-436e-916e-80b527f1ec08,scikit-learn_LMC001_5f1cf174,1.0024807071313262,7.06705056100101e-08,7.049562660636037e-08,0.8,0.0,10.0,1.1143607289219897e-07,0.0,1.3921917060441857e-06,1.5036277789363846e-06,Canada,CAN,,gcp,northamerica-northeast2,Linux-6.8.0-1032-gcp-x86_64-with-glibc2.35,3.10.12,3.0.4,2,Intel(R) Xeon(R) CPU @ 2.60GHz,,,,,15.61648178100586,machine,Y,1.0
2025-08-06T21:31:04,scikit-learn-benchmark,41fe5658-28fb-4083-b493-7e53815a39d4,scikit-learn_LMC001_5f1cf174,1.0024430099874737,7.066910647422387e-08,7.04968818876865e-08,0.8,0.0,10.0,1.1144543511586057e-07,0.0,1.3921525749740088e-06,1.5035980100898694e-06,Canada,CAN,,gcp,northamerica-northeast2,Linux-6.8.0-1032-gcp-x86_64-with-glibc2.35,3.10.12,3.0.4,2,Intel(R) Xeon(R) CPU @ 2.60GHz,,,,,15.61648178100586,machine,Y,1.0
2025-08-06T21:31:06,scikit-learn-benchmark,069ef6d4-90d2-472d-ab36-9d469cf3a3fc,scikit-learn_LMC001_5f1cf174,1.002434991998598,7.06688094898386e-08,7.049714949489456e-08,0.8,0.0,10.0,1.1143687465745545e-07,0.0,1.3921548166157057e-06,1.503591691273161e-06,Canada,CAN,,gcp,northamerica-northeast2,Linux-6.8.0-1032-gcp-x86_64-with-glibc2.35,3.10.12,3.0.4,2,Intel(R) Xeon(R) CPU @ 2.60GHz,,,,,15.61648178100586,machine,Y,1.0
2025-08-06T21:31:08,scikit-learn-benchmark,cfdfa06b-6082-4218-bdcd-f3cc25c43221,scikit-learn_LMC001_5f1cf174,1.0025874089915303,7.067106427166921e-08,7.048868122406893e-08,0.8,0.0,10.0,1.1145388485035965e-07,0.0,1.3921857805043044e-06,1.503639665354664e-06,Canada,CAN,,gcp,northamerica-northeast2,Linux-6.8.0-1032-gcp-x86_64-with-glibc2.35,3.10.12,3.0.4,2,Intel(R) Xeon(R) CPU @ 2.60GHz,,,,,15.61648178100586,machine,Y,1.0
2025-08-06T21:31:10,scikit-learn-benchmark,bb22f472-2b2c-4f49-9d3d-231ef8044ce5,scikit-learn_LMC001_5f1cf174,1.002468306105584,7.066601306642407e-08,7.049201718999906e-08,0.8,0.0,10.0,1.114396455490755e-07,0.0,1.392092547353564e-06,1.5035321929026394e-06,Canada,CAN,,gcp,northamerica-northeast2,Linux-6.8.0-1032-gcp-x86_64-with-glibc2.35,3.10.12,3.0.4,2,Intel(R) Xeon(R) CPU @ 2.60GHz,,,,,15.61648178100586,machine,Y,1.0
2025-08-06T21:31:12,scikit-learn-benchmark,4c968905-a9c7-4f2f-9be7-307bf593e121,scikit-learn_LMC001_5f1cf174,1.002347166882828,7.065867652759578e-08,7.04932171827604e-08,0.8,0.0,10.0,1.1141999355620809e-07,0.0,1.3919561027756166e-06,1.5033760963318247e-06,Canada,CAN,,gcp,northamerica-northeast2,Linux-6.8.0-1032-gcp-x86_64-with-glibc2.35,3.10.12,3.0.4,2,Intel(R) Xeon(R) CPU @ 2.60GHz,,,,,15.61648178100586,machine,Y,1.0
2025-08-06T21:31:15,scikit-learn-benchmark,ba2366ff-7a58-4f18-ad51-17ad290208b6,scikit-learn_LMC001_5f1cf174,1.003441906068474,7.066335414451592e-08,7.04209717744177e-08,0.8000072,0.0,10.0,1.1143436403981265e-07,0.0,1.3920412560562706e-06,1.5034756200960831e-06,Canada,CAN,,gcp,northamerica-northeast2,Linux-6.8.0-1032-gcp-x86_64-with-glibc2.35,3.10.12,3.0.4,2,Intel(R) Xeon(R) CPU @ 2.60GHz,,,,,15.61648178100586,machine,Y,1.0
2025-08-06T21:31:17,scikit-learn-benchmark,da6739ae-8b50-47f8-be4a-dc716beb6692,scikit-learn_LMC001_5f1cf174,1.0025504250079391,7.068164875539403e-08,7.050183910184297e-08,0.8000072,0.0,10.0,1.1146241960876865e-07,0.0,1.3924024475272745e-06,1.503864867136043e-06,Canada,CAN,,gcp,northamerica-northeast2,Linux-6.8.0-1032-gcp-x86_64-with-glibc2.35,3.10.12,3.0.4,2,Intel(R) Xeon(R) CPU @ 2.60GHz,,,,,15.61648178100586,machine,Y,1.0
2025-08-06T21:31:19,scikit-learn-benchmark,0b0e6d99-af2c-4e51-82a8-13fca749df94,scikit-learn_LMC001_5f1cf174,1.0024210810661316,7.066559953223788e-08,7.049492560260306e-08,0.8000072,0.0,10.0,1.1143408846933074e-07,0.0,1.392089305833603e-06,1.5035233943029335e-06,Canada,CAN,,gcp,northamerica-northeast2,Linux-6.8.0-1032-gcp-x86_64-with-glibc2.35,3.10.12,3.0.4,2,Intel(R) Xeon(R) CPU @ 2.60GHz,,,,,15.61648178100586,machine,Y,1.0
2025-08-06T21:31:21,scikit-learn-benchmark,d2f5cd61-638a-43d1-ac5a-7b878ef42baf,scikit-learn_LMC001_5f1cf174,1.0024714590981605,7.067726578255599e-08,7.050302045121404e-08,0.8,0.0,10.0,1.1145133468218976e-07,0.0,1.3923202777126183e-06,1.503771612394808e-06,Canada,CAN,,gcp,northamerica-northeast2,Linux-6.8.0-1032-gcp-x86_64-with-glibc2.35,3.10.12,3.0.4,2,Intel(R) Xeon(R) CPU @ 2.60GHz,,,,,15.61648178100586,machine,Y,1.0
2025-08-06T21:31:23,scikit-learn-benchmark,5435fe8d-f62d-484f-9f86-f46384c15fa3,scikit-learn_LMC001_5f1cf174,1.002415610011667,7.066031234162917e-08,7.049003590517387e-08,0.8000072,0.0,10.0,1.1143141156545866e-07,0.0,1.3919794893202682e-06,1.503410900885727e-06,Canada,CAN,,gcp,northamerica-northeast2,Linux-6.8.0-1032-gcp-x86_64-with-glibc2.35,3.10.12,3.0.4,2,Intel(R) Xeon(R) CPU @ 2.60GHz,,,,,15.61648178100586,machine,Y,1.0
2025-08-06T21:31:25,scikit-learn-benchmark,29344e27-6697-4334-89bd-de7026466c31,scikit-learn_LMC001_5f1cf174,1.0022619769442829,7.064579089829284e-08,7.04863523942904e-08,0.8,0.0,10.0,1.1140126196874516e-07,0.0,1.3917006720374855e-06,1.5031019340062306e-06,Canada,CAN,,gcp,northamerica-northeast2,Linux-6.8.0-1032-gcp-x86_64-with-glibc2.35,3.10.12,3.0.4,2,Intel(R) Xeon(R) CPU @ 2.60GHz,,,,,15.61648178100586,machine,Y,1.0
2025-08-06T21:31:27,scikit-learn-benchmark,ac92f26e-166a-4eab-ad31-90176b32ad7a,scikit-learn_LMC001_5f1cf174,1.0023979519028217,7.066706643010387e-08,7.049801557949984e-08,0.8,0.0,10.0,1.1143569399913153e-07,0.0,1.3921189108966953e-06,1.5035546048958269e-06,Canada,CAN,,gcp,northamerica-northeast2,Linux-6.8.0-1032-gcp-x86_64-with-glibc2.35,3.10.12,3.0.4,2,Intel(R) Xeon(R) CPU @ 2.60GHz,,,,,15.61648178100586,machine,Y,1.0
2025-08-06T21:31:29,scikit-learn-benchmark,3583ad42-c0d2-464a-a5f8-be1719669a23,scikit-learn_LMC001_5f1cf174,1.0024084860924631,7.06625174955231e-08,7.049273671951447e-08,0.8000072,0.0,10.0,1.1143133286799284e-07,0.0,1.39202648618569e-06,1.503457819053683e-06,Canada,CAN,,gcp,northamerica-northeast2,Linux-6.8.0-1032-gcp-x86_64-with-glibc2.35,3.10.12,3.0.4,2,Intel(R) Xeon(R) CPU @ 2.60GHz,,,,,15.61648178100586,machine,Y,1.0
2025-08-06T21:31:32,scikit-learn-benchmark,3f20f789-991a-4e13-a8f7-fc3d99d066e0,scikit-learn_LMC001_5f1cf174,1.0024531020317229,7.06609187334414e-08,7.04880044664726e-08,0.8,0.0,10.0,1.1142918664134212e-07,0.0,1.391994616197836e-06,1.5034238028391782e-06,Canada,CAN,,gcp,northamerica-northeast2,Linux-6.8.0-1032-gcp-x86_64-with-glibc2.35,3.10.12,3.0.4,2,Intel(R) Xeon(R) CPU @ 2.60GHz,,,,,15.61648178100586,machine,Y,1.0
2025-08-06T21:31:34,scikit-learn-benchmark,87066693-9340-46e7-ab6f-c51b7c76da72,scikit-learn_LMC001_5f1cf174,1.002467931015417,7.067199877072378e-08,7.049801453412967e-08,0.8000072,0.0,10.0,1.1144614568685626e-07,0.0,1.3922134026264153e-06,1.5036595483132716e-06,Canada,CAN,,gcp,northamerica-northeast2,Linux-6.8.0-1032-gcp-x86_64-with-glibc2.35,3.10.12,3.0.4,2,Intel(R) Xeon(R) CPU @ 2.60GHz,,,,,15.61648178100586,machine,Y,1.0
2025-08-06T21:31:36,scikit-learn-benchmark,57570674-ba4d-4604-aaaa-e28ac6b96bb8,scikit-learn_LMC001_5f1cf174,1.0023730278480798,7.065770463728242e-08,7.049042888651164e-08,0.8,0.0,10.0,1.1142193712294105e-07,0.0,1.3919334806915783e-06,1.5033554178145196e-06,Canada,CAN,,gcp,northamerica-northeast2,Linux-6.8.0-1032-gcp-x86_64-with-glibc2.35,3.10.12,3.0.4,2,Intel(R) Xeon(R) CPU @ 2.60GHz,,,,,15.61648178100586,machine,Y,1.0
2025-08-06T21:31:38,scikit-learn-benchmark,64e74323-87e0-4e65-a37a-6baea14ea431,scikit-learn_LMC001_5f1cf174,1.002513256855309,7.066498855589372e-08,7.0487834522564e-08,0.8,0.0,10.0,1.1143734507883589e-07,0.0,1.3920730497274134e-06,1.5035103948062493e-06,Canada,CAN,,gcp,northamerica-northeast2,Linux-6.8.0-1032-gcp-x86_64-with-glibc2.35,3.10.12,3.0.4,2,Intel(R) Xeon(R) CPU @ 2.60GHz,,,,,15.61648178100586,machine,Y,1.0
2025-08-06T21:31:40,scikit-learn-benchmark,1aeac2e4-9d0b-4b1b-a374-db7f5b5e5d0d,scikit-learn_LMC001_5f1cf174,1.00246073002927,7.067017456966762e-08,7.049670122001106e-08,0.8,0.0,10.0,1.1143949069082737e-07,0.0,1.3921812448340157e-06,1.503620735524843e-06,Canada,CAN,,gcp,northamerica-northeast2,Linux-6.8.0-1032-gcp-x86_64-with-glibc2.35,3.10.12,3.0.4,2,Intel(R) Xeon(R) CPU @ 2.60GHz,,,,,15.61648178100586,machine,Y,1.0
2025-08-06T21:31:42,scikit-learn-benchmark,817ea14d-5107-481d-b409-22c50da1b984,scikit-learn_LMC001_5f1cf174,1.0023860009387136,7.065997031959704e-08,7.049177687380456e-08,0.8,0.0,10.0,1.1142387644698224e-07,0.0,1.3919797473742315e-06,1.5034036238212137e-06,Canada,CAN,,gcp,northamerica-northeast2,Linux-6.8.0-1032-gcp-x86_64-with-glibc2.35,3.10.12,3.0.4,2,Intel(R) Xeon(R) CPU @ 2.60GHz,,,,,15.61648178100586,machine,Y,1.0
2025-08-06T21:31:44,scikit-learn-benchmark,9a558e4c-66d7-4f2d-8edf-d11879e208d0,scikit-learn_LMC001_5f1cf174,1.0023038680665195,7.064838691694766e-08,7.04859964805194e-08,0.8,0.0,10.0,1.1140761555482944e-07,0.0,1.3917495528908655e-06,1.503157168445695e-06,Canada,CAN,,gcp,northamerica-northeast2,Linux-6.8.0-1032-gcp-x86_64-with-glibc2.35,3.10.12,3.0.4,2,Intel(R) Xeon(R) CPU @ 2.60GHz,,,,,15.61648178100586,machine,Y,1.0
2025-08-06T21:31:47,scikit-learn-benchmark,98e20b80-6a81-4950-94da-2967d12d5abd,scikit-learn_LMC001_5f1cf174,1.0023601420689374,7.066782744524472e-08,7.05014340448351e-08,0.8009000000000002,0.0,10.0,1.1155052709983045e-07,0.0,1.3920202696075042e-06,1.5035707967073346e-06,Canada,CAN,,gcp,northamerica-northeast2,Linux-6.8.0-1032-gcp-x86_64-with-glibc2.35,3.10.12,3.0.4,2,Intel(R) Xeon(R) CPU @ 2.60GHz,,,,,15.61648178100586,machine,Y,1.0
2025-08-06T21:31:49,scikit-learn-benchmark,b6cf9be8-b795-4cfb-a081-9802c46ca4e4,scikit-learn_LMC001_5f1cf174,1.0023781179916114,7.066199975626337e-08,7.049435586028496e-08,0.8,0.0,10.0,1.1142632287616533e-07,0.0,1.392020480448587e-06,1.5034468033247524e-06,Canada,CAN,,gcp,northamerica-northeast2,Linux-6.8.0-1032-gcp-x86_64-with-glibc2.35,3.10.12,3.0.4,2,Intel(R) Xeon(R) CPU @ 2.60GHz,,,,,15.61648178100586,machine,Y,1.0
2025-08-06T21:31:51,scikit-learn-benchmark,cadc5076-abaa-42f4-90b5-12dbdc18fd9c,scikit-learn_LMC001_5f1cf174,1.002373183844611,7.066096207031257e-08,7.049366763712875e-08,0.8,0.0,10.0,1.1142347820310129e-07,0.0,1.392001246697166e-06,1.5034247249002673e-06,Canada,CAN,,gcp,northamerica-northeast2,Linux-6.8.0-1032-gcp-x86_64-with-glibc2.35,3.10.12,3.0.4,2,Intel(R) Xeon(R) CPU @ 2.60GHz,,,,,15.61648178100586,machine,Y,1.0
2025-08-06T21:31:53,scikit-learn-benchmark,3f16765a-0faa-4010-8eea-8c8317e8e0cc,scikit-learn_LMC001_5f1cf174,1.0025764058809727,7.0678560227492e-08,7.049693151853712e-08,0.8,0.0,10.0,1.1146383132371637e-07,0.0,1.3923353224527093e-06,1.5037991537764257e-06,Canada,CAN,,gcp,northamerica-northeast2,Linux-6.8.0-1032-gcp-x86_64-with-glibc2.35,3.10.12,3.0.4,2,Intel(R) Xeon(R) CPU @ 2.60GHz,,,,,15.61648178100586,machine,Y,1.0
2025-08-06T21:31:55,scikit-learn-benchmark,f5d1142a-1dbe-4f4f-a412-f3bd4b3c875d,scikit-learn_LMC001_5f1cf174,1.0024533320683986,7.066852249523316e-08,7.049557344422228e-08,0.8,0.0,10.0,1.114348519800438e-07,0.0,1.3921507330249166e-06,1.5035855850049604e-06,Canada,CAN,,gcp,northamerica-northeast2,Linux-6.8.0-1032-gcp-x86_64-with-glibc2.35,3.10.12,3.0.4,2,Intel(R) Xeon(R) CPU @ 2.60GHz,,,,,15.61648178100586,machine,Y,1.0
2025-08-06T21:31:57,scikit-learn-benchmark,99401ec7-2650-4a99-adb9-fa3bd24cdad5,scikit-learn_LMC001_5f1cf174,1.0023242279421538,7.06581457694734e-08,7.049430094545337e-08,0.8,0.0,10.0,1.1142171800343529e-07,0.0,1.3919430856023811e-06,1.5033648036058164e-06,Canada,CAN,,gcp,northamerica-northeast2,Linux-6.8.0-1032-gcp-x86_64-with-glibc2.35,3.10.12,3.0.4,2,Intel(R) Xeon(R) CPU @ 2.60GHz,,,,,15.61648178100586,machine,Y,1.0
2025-08-06T21:31:59,scikit-learn-benchmark,99fc865d-bf33-4caa-9a35-516e1d37af16,scikit-learn_LMC001_5f1cf174,1.0026059390511364,7.067425872263914e-08,7.049056460759154e-08,0.8,0.0,10.0,1.1146011555360424e-07,0.0,1.3922475168429729e-06,1.503707632396577e-06,Canada,CAN,,gcp,northamerica-northeast2,Linux-6.8.0-1032-gcp-x86_64-with-glibc2.35,3.10.12,3.0.4,2,Intel(R) Xeon(R) CPU @ 2.60GHz,,,,,15.61648178100586,machine,Y,1.0
2025-08-06T21:32:01,scikit-learn-benchmark,d394917f-b844-4ad2-b369-bb4c7aae080d,scikit-learn_LMC001_5f1cf174,1.0025125879328698,7.067775487566057e-08,7.050061587894324e-08,0.8,0.0,10.0,1.114543964051538e-07,0.0,1.392327622225922e-06,1.503782018631076e-06,Canada,CAN,,gcp,northamerica-northeast2,Linux-6.8.0-1032-gcp-x86_64-with-glibc2.35,3.10.12,3.0.4,2,Intel(R) Xeon(R) CPU @ 2.60GHz,,,,,15.61648178100586,machine,Y,1.0
2025-08-06T21:32:04,scikit-learn-benchmark,21abb89f-a7d9-4458-8a04-089a256011f6,scikit-learn_LMC001_5f1cf174,1.0024625489022585,7.06707710480421e-08,7.049716832357458e-08,0.8,0.0,10.0,1.114419462262757e-07,0.0,1.3921914803278117e-06,1.503633426554087e-06,Canada,CAN,,gcp,northamerica-northeast2,Linux-6.8.0-1032-gcp-x86_64-with-glibc2.35,3.10.12,3.0.4,2,Intel(R) Xeon(R) CPU @ 2.60GHz,,,,,15.61648178100586,machine,Y,1.0
2025-08-06T21:32:06,scikit-learn-benchmark,fa305180-9fd8-4d8d-9a8b-55393786cadd,scikit-learn_LMC001_5f1cf174,1.0022759379353374,7.065275304653269e-08,7.049231690833117e-08,0.8,0.0,10.0,1.1141059532140693e-07,0.0,1.3918394694984373e-06,1.5032500648198442e-06,Canada,CAN,,gcp,northamerica-northeast2,Linux-6.8.0-1032-gcp-x86_64-with-glibc2.35,3.10.12,3.0.4,2,Intel(R) Xeon(R) CPU @ 2.60GHz,,,,,15.61648178100586,machine,Y,1.0
2025-08-06T21:32:08,scikit-learn-benchmark,7602a160-39f8-44cf-a5c1-deee7e29e992,scikit-learn_LMC001_5f1cf174,1.0024127080105243,7.066139201281793e-08,7.0491317047505e-08,0.8000072,0.0,10.0,1.1142957777480528e-07,0.0,1.3920042948383425e-06,1.5034338726131476e-06,Canada,CAN,,gcp,northamerica-northeast2,Linux-6.8.0-1032-gcp-x86_64-with-glibc2.35,3.10.12,3.0.4,2,Intel(R) Xeon(R) CPU @ 2.60GHz,,,,,15.61648178100586,machine,Y,1.0
2025-08-06T21:32:10,scikit-learn-benchmark,06b8bc87-f890-4872-a83e-7c237b9fd8c8,scikit-learn_LMC001_5f1cf174,1.002514598891139,7.06737511406601e-08,7.049648076829094e-08,0.8,0.0,10.0,1.1144787756105265e-07,0.0,1.3922489552189491e-06,1.5036968327800018e-06,Canada,CAN,,gcp,northamerica-northeast2,Linux-6.8.0-1032-gcp-x86_64-with-glibc2.35,3.10.12,3.0.4,2,Intel(R) Xeon(R) CPU @ 2.60GHz,,,,,15.61648178100586,machine,Y,1.0
2025-08-06T21:32:12,scikit-learn-benchmark,36f672df-086a-48ba-a064-f0b42e51cf73,scikit-learn_LMC001_5f1cf174,1.0023711938410995,7.066374609489545e-08,7.049658502666166e-08,0.8000072,0.0,10.0,1.1142828213822297e-07,0.0,1.392055677327638e-06,1.5034839594658607e-06,Canada,CAN,,gcp,northamerica-northeast2,Linux-6.8.0-1032-gcp-x86_64-with-glibc2.35,3.10.12,3.0.4,2,Intel(R) Xeon(R) CPU @ 2.60GHz,,,,,15.61648178100586,machine,Y,1.0
2025-08-06T21:32:14,scikit-learn-benchmark,0beb4e39-a335-48e1-be31-f978c8d7715d,scikit-learn_LMC001_5f1cf174,1.0024064958561212,7.066318689496256e-08,7.049354447230669e-08,0.8,0.0,10.0,1.114296284504235e-07,0.0,1.3920424331445246e-06,1.5034720615949482e-06,Canada,CAN,,gcp,northamerica-northeast2,Linux-6.8.0-1032-gcp-x86_64-with-glibc2.35,3.10.12,3.0.4,2,Intel(R) Xeon(R) CPU @ 2.60GHz,,,,,15.61648178100586,machine,Y,1.0
2025-08-06T21:32:16,scikit-learn-benchmark,038fe070-e12e-46af-a899-ce90faff44f7,scikit-learn_LMC001_5f1cf174,1.002406105864793,7.066452019620275e-08,7.049490199906478e-08,0.8,0.0,10.0,1.1143010797806913e-07,0.0,1.392070321728372e-06,1.5035004297064412e-06,Canada,CAN,,gcp,northamerica-northeast2,Linux-6.8.0-1032-gcp-x86_64-with-glibc2.35,3.10.12,3.0.4,2,Intel(R) Xeon(R) CPU @ 2.60GHz,,,,,15.61648178100586,machine,Y,1.0
2025-08-06T21:32:18,scikit-learn-benchmark,6d3bfd63-03c7-42ff-ba01-1b041aa6f919,scikit-learn_LMC001_5f1cf174,1.0024007640313355,7.0664977606774e-08,7.049573398426198e-08,0.8,0.0,10.0,1.1143170333363944e-07,0.0,1.3920784585126158e-06,1.5035101618462554e-06,Canada,CAN,,gcp,northamerica-northeast2,Linux-6.8.0-1032-gcp-x86_64-with-glibc2.35,3.10.12,3.0.4,2,Intel(R) Xeon(R) CPU @ 2.60GHz,,,,,15.61648178100586,machine,Y,1.0
2025-08-06T21:32:21,scikit-learn-benchmark,bd2057cd-bd2b-463c-be63-e08788eb7625,scikit-learn_LMC001_5f1cf174,1.0024539970327169,7.066475880554776e-08,7.049177220572393e-08,0.8,0.0,10.0,1.1143368689550297e-07,0.0,1.3920718196055129e-06,1.5035055065010157e-06,Canada,CAN,,gcp,northamerica-northeast2,Linux-6.8.0-1032-gcp-x86_64-with-glibc2.35,3.10.12,3.0.4,2,Intel(R) Xeon(R) CPU @ 2.60GHz,,,,,15.61648178100586,machine,Y,1.0
2025-08-06T21:32:23,scikit-learn-benchmark,dd614837-8fc3-449d-8fb6-b07fcff8ccd4,scikit-learn_LMC001_5f1cf174,1.0024189269170165,7.066433165710194e-08,7.049381227710176e-08,0.8000072,0.0,10.0,1.1143144643862893e-07,0.0,1.3920649717975824e-06,1.5034964182362112e-06,Canada,CAN,,gcp,northamerica-northeast2,Linux-6.8.0-1032-gcp-x86_64-with-glibc2.35,3.10.12,3.0.4,2,Intel(R) Xeon(R) CPU @ 2.60GHz,,,,,15.61648178100586,machine,Y,1.0
2025-08-06T21:32:25,scikit-learn-benchmark,f542db37-31db-4cd4-9807-68001f2ec4b6,scikit-learn_LMC001_5f1cf174,1.0025135180912912,7.06685947205147e-08,7.049141327795989e-08,0.8,0.0,10.0,1.1143851068077817e-07,0.0,1.3921486110323006e-06,1.5035871217130788e-06,Canada,CAN,,gcp,northamerica-northeast2,Linux-6.8.0-1032-gcp-x86_64-with-glibc2.35,3.10.12,3.0.4,2,Intel(R) Xeon(R) CPU @ 2.60GHz,,,,,15.61648178100586,machine,Y,1.0
2025-08-06T21:32:27,scikit-learn-benchmark,51dcddf7-6219-4588-8d79-791cada6c205,scikit-learn_LMC001_5f1cf174,1.0025238380767405,7.066714865489243e-08,7.04892452138211e-08,0.8,0.0,10.0,1.1144471489306953e-07,0.0,1.392111639466344e-06,1.5035563543594134e-06,Canada,CAN,,gcp,northamerica-northeast2,Linux-6.8.0-1032-gcp-x86_64-with-glibc2.35,3.10.12,3.0.4,2,Intel(R) Xeon(R) CPU @ 2.60GHz,,,,,15.61648178100586,machine,Y,1.0
2025-08-06T21:32:29,scikit-learn-benchmark,b3e5b5e5-dc32-454f-8212-e780da6446b6,scikit-learn_LMC001_5f1cf174,1.002371537964791,7.065821491732885e-08,7.049104273330907e-08,0.8,0.0,10.0,1.1141851709948645e-07,0.0,1.3919477577372972e-06,1.5033662748367836e-06,Canada,CAN,,gcp,northamerica-northeast2,Linux-6.8.0-1032-gcp-x86_64-with-glibc2.35,3.10.12,3.0.4,2,Intel(R) Xeon(R) CPU @ 2.60GHz,,,,,15.61648178100586,machine,Y,1.0
2025-08-06T21:32:31,scikit-learn-benchmark,855d3334-8fc3-417f-9048-3c8f9de4f918,scikit-learn_LMC001_5f1cf174,1.0025013671256602,7.066744853626491e-08,7.049112435515213e-08,0.8000072,0.0,10.0,1.114452461246335e-07,0.0,1.3921174886895135e-06,1.5035627348141471e-06,Canada,CAN,,gcp,northamerica-northeast2,Linux-6.8.0-1032-gcp-x86_64-with-glibc2.35,3.10.12,3.0.4,2,Intel(R) Xeon(R) CPU @ 2.60GHz,,,,,15.61648178100586,machine,Y,1.0
2025-08-06T21:32:33,scikit-learn-benchmark,62a3d89d-43c3-44b9-99a3-93d7230d72a7,scikit-learn_LMC001_5f1cf174,1.0024957528803498,7.06654812431791e-08,7.048955672893827e-08,0.8,0.0,10.0,1.1143683041963313e-07,0.0,1.3920840470948154e-06,1.5035208775144483e-06,Canada,CAN,,gcp,northamerica-northeast2,Linux-6.8.0-1032-gcp-x86_64-with-glibc2.35,3.10.12,3.0.4,2,Intel(R) Xeon(R) CPU @ 2.60GHz,,,,,15.61648178100586,machine,Y,1.0
2025-08-06T21:32:35,scikit-learn-benchmark,78cae8df-f539-4784-afc1-e728116381cc,scikit-learn_LMC001_5f1cf174,1.0025778461713344,7.067074727732689e-08,7.048903738219015e-08,0.8,0.0,10.0,1.1144677358162073e-07,0.0,1.3921861472125682e-06,1.503632920794189e-06,Canada,CAN,,gcp,northamerica-northeast2,Linux-6.8.0-1032-gcp-x86_64-with-glibc2.35,3.10.12,3.0.4,2,Intel(R) Xeon(R) CPU @ 2.60GHz,,,,,15.61648178100586,machine,Y,1.0
2025-08-06T21:32:38,scikit-learn-benchmark,5a2f55c0-be1d-410f-bec3-85cf25b2f82a,scikit-learn_LMC001_5f1cf174,1.0024480430874974,7.066947394881088e-08,7.049689451350705e-08,0.8,0.0,10.0,1.1143702025421793e-07,0.0,1.3921688084438856e-06,1.5036058286981037e-06,Canada,CAN,,gcp,northamerica-northeast2,Linux-6.8.0-1032-gcp-x86_64-with-glibc2.35,3.10.12,3.0.4,2,Intel(R) Xeon(R) CPU @ 2.60GHz,,,,,15.61648178100586,machine,Y,1.0
2025-08-06T21:32:40,scikit-learn-benchmark,eab1a94c-326f-4e26-bb6d-e9a7c212206d,scikit-learn_LMC001_5f1cf174,1.002392056863755,7.065974690527139e-08,7.049112811842187e-08,0.8,0.0,10.0,1.1142349822653668e-07,0.0,1.3919753720983865e-06,1.503398870324923e-06,Canada,CAN,,gcp,northamerica-northeast2,Linux-6.8.0-1032-gcp-x86_64-with-glibc2.35,3.10.12,3.0.4,2,Intel(R) Xeon(R) CPU @ 2.60GHz,,,,,15.61648178100586,machine,Y,1.0
2025-08-06T21:32:42,scikit-learn-benchmark,f823417a-a2c3-4ece-a3ff-80a68a2482a8,scikit-learn_LMC001_5f1cf174,1.0024365251883864,7.06641423609884e-08,7.049238588718481e-08,0.8,0.0,10.0,1.114300737778346e-07,0.0,1.3920623168814929e-06,1.5034923906593277e-06,Canada,CAN,,gcp,northamerica-northeast2,Linux-6.8.0-1032-gcp-x86_64-with-glibc2.35,3.10.12,3.0.4,2,Intel(R) Xeon(R) CPU @ 2.60GHz,,,,,15.61648178100586,machine,Y,1.0
2025-08-06T21:32:44,scikit-learn-benchmark,307c99e3-9a77-4dee-8148-a2ae1217e971,scikit-learn_LMC001_5f1cf174,1.002481163945049,7.066871998306467e-08,7.049381327521718e-08,0.8,0.0,10.0,1.1143865933020913e-07,0.0,1.3921511275435074e-06,1.5035897868737165e-06,Canada,CAN,,gcp,northamerica-northeast2,Linux-6.8.0-1032-gcp-x86_64-with-glibc2.35,3.10.12,3.0.4,2,Intel(R) Xeon(R) CPU @ 2.60GHz,,,,,15.61648178100586,machine,Y,1.0
2025-08-06T21:32:46,scikit-learn-benchmark,56f17ed7-d1c3-435e-a0ff-66ae22ea4468,scikit-learn_LMC001_5f1cf174,1.0024820470716804,7.067020193942718e-08,7.049522946157465e-08,0.8,0.0,10.0,1.1144185935457549e-07,0.0,1.3921794585055777e-06,1.5036213178601529e-06,Canada,CAN,,gcp,northamerica-northeast2,Linux-6.8.0-1032-gcp-x86_64-with-glibc2.35,3.10.12,3.0.4,2,Intel(R) Xeon(R) CPU @ 2.60GHz,,,,,15.61648178100586,machine,Y,1.0
2025-08-06T21:32:48,scikit-learn-benchmark,0972deda-21dd-4a5f-b819-a2731605c728,scikit-learn_LMC001_5f1cf174,1.0024032220244408,7.06628380551572e-08,7.049342669953459e-08,0.8,0.0,10.0,1.1142812022525405e-07,0.0,1.3920365192461755e-06,1.5034646394714298e-06,Canada,CAN,,gcp,northamerica-northeast2,Linux-6.8.0-1032-gcp-x86_64-with-glibc2.35,3.10.12,3.0.4,2,Intel(R) Xeon(R) CPU @ 2.60GHz,,,,,15.61648178100586,machine,Y,1.0
2025-08-06T21:32:50,scikit-learn-benchmark,013cc157-a237-4d1f-a06a-ef2c6f85bea8,scikit-learn_LMC001_5f1cf174,1.0024161180481317,7.0666479932998e-08,7.049615290563886e-08,0.8,0.0,10.0,1.1143251756827037e-07,0.0,1.3921096086657297e-06,1.503542126234e-06,Canada,CAN,,gcp,northamerica-northeast2,Linux-6.8.0-1032-gcp-x86_64-with-glibc2.35,3.10.12,3.0.4,2,Intel(R) Xeon(R) CPU @ 2.60GHz,,,,,15.61648178100586,machine,Y,1.0
2025-08-06T21:32:52,scikit-learn-benchmark,ebe29f52-30f9-4b39-aede-73a616c650b8,scikit-learn_LMC001_5f1cf174,1.0023778299801052,7.066482968240356e-08,7.049719932832722e-08,0.8,0.0,10.0,1.114315006674992e-07,0.0,1.3920755138517255e-06,1.5035070145192248e-06,Canada,CAN,,gcp,northamerica-northeast2,Linux-6.8.0-1032-gcp-x86_64-with-glibc2.35,3.10.12,3.0.4,2,Intel(R) Xeon(R) CPU @ 2.60GHz,,,,,15.61648178100586,machine,Y,1.0
2025-08-06T21:32:55,scikit-learn-benchmark,1ac3011c-3b45-4786-b238-793e11ed28c2,scikit-learn_LMC001_5f1cf174,1.0024272431619463,7.06668062398676e-08,7.049569604369886e-08,0.8,0.0,10.0,1.1143493559211493e-07,0.0,1.392114133341238e-06,1.5035490689333528e-06,Canada,CAN,,gcp,northamerica-northeast2,Linux-6.8.0-1032-gcp-x86_64-with-glibc2.35,3.10.12,3.0.4,2,Intel(R) Xeon(R) CPU @ 2.60GHz,,,,,15.61648178100586,machine,Y,1.0
2025-08-06T21:32:57,scikit-learn-benchmark,39d970bd-c45b-4c00-9684-42efd70ebf13,scikit-learn_LMC001_5f1cf174,1.0024655552115291,7.067029859430937e-08,7.049648561680236e-08,0.8000072,0.0,10.0,1.114403431845535e-07,0.0,1.392183031162454e-06,1.5036233743470076e-06,Canada,CAN,,gcp,northamerica-northeast2,Linux-6.8.0-1032-gcp-x86_64-with-glibc2.35,3.10.12,3.0.4,2,Intel(R) Xeon(R) CPU @ 2.60GHz,,,,,15.61648178100586,machine,Y,1.0
2025-08-06T21:32:59,scikit-learn-benchmark,23f757cb-8596-453d-b842-4104acc90479,scikit-learn_LMC001_5f1cf174,1.0025140207726508,7.066691692628796e-08,7.048970434530583e-08,0.8,0.0,10.0,1.1144164908263425e-07,0.0,1.3921097748809391e-06,1.5035514239635732e-06,Canada,CAN,,gcp,northamerica-northeast2,Linux-6.8.0-1032-gcp-x86_64-with-glibc2.35,3.10.12,3.0.4,2,Intel(R) Xeon(R) CPU @ 2.60GHz,,,,,15.61648178100586,machine,Y,1.0
2025-08-06T21:33:01,scikit-learn-benchmark,cc384972-5be7-4328-9664-9c52d0fde29d,scikit-learn_LMC001_5f1cf174,1.0025577009655535,7.066677267756313e-08,7.048648931578169e-08,0.8,0.0,10.0,1.1143569932836628e-07,0.0,1.3921126555134026e-06,1.5035483548417688e-06,Canada,CAN,,gcp,northamerica-northeast2,Linux-6.8.0-1032-gcp-x86_64-with-glibc2.35,3.10.12,3.0.4,2,Intel(R) Xeon(R) CPU @ 2.60GHz,,,,,15.61648178100586,machine,Y,1.0
2025-08-06T21:33:03,scikit-learn-benchmark,ffbc1b72-a975-4154-8706-362e93d33534,scikit-learn_LMC001_5f1cf174,1.0024195951409638,7.065541564507618e-08,7.048487079419109e-08,0.8,0.0,10.0,1.114215462261604e-07,0.0,1.391885169626524e-06,1.5033067158526843e-06,Canada,CAN,,gcp,northamerica-northeast2,Linux-6.8.0-1032-gcp-x86_64-with-glibc2.35,3.10.12,3.0.4,2,Intel(R) Xeon(R) CPU @ 2.60GHz,,,,,15.61648178100586,machine,Y,1.0
2025-08-06T21:33:06,scikit-learn-benchmark,1b16c703-efc9-422e-88f7-583131fb45e4,scikit-learn_LMC001_5f1cf174,1.002423026133329,7.066186013279692e-08,7.049105845599205e-08,0.8,0.0,10.0,1.1142593270374668e-07,0.0,1.3920178999089534e-06,1.5034438326127e-06,Canada,CAN,,gcp,northamerica-northeast2,Linux-6.8.0-1032-gcp-x86_64-with-glibc2.35,3.10.12,3.0.4,2,Intel(R) Xeon(R) CPU @ 2.60GHz,,,,,15.61648178100586,machine,Y,1.0
2025-08-06T21:33:08,scikit-learn-benchmark,411ce720-adf3-49ac-8839-b0ae6ce045e4,scikit-learn_LMC001_5f1cf174,1.002510310150683,7.067214052454155e-08,7.049517576923388e-08,0.8,0.0,10.0,1.1144508912952413e-07,0.0,1.3922174752224238e-06,1.503662564351948e-06,Canada,CAN,,gcp,northamerica-northeast2,Linux-6.8.0-1032-gcp-x86_64-with-glibc2.35,3.10.12,3.0.4,2,Intel(R) Xeon(R) CPU @ 2.60GHz,,,,,15.61648178100586,machine,Y,1.0
2025-08-06T21:33:10,scikit-learn-benchmark,7b91d326-8835-4ef6-96ee-b108ad6bef0c,scikit-learn_LMC001_5f1cf174,1.0024327249266207,7.066522104564742e-08,7.049372919346802e-08,0.8,0.0,10.0,1.1143152777933412e-07,0.0,1.3920838136174197e-06,1.5035153413967538e-06,Canada,CAN,,gcp,northamerica-northeast2,Linux-6.8.0-1032-gcp-x86_64-with-glibc2.35,3.10.12,3.0.4,2,Intel(R) Xeon(R) CPU @ 2.60GHz,,,,,15.61648178100586,machine,Y,1.0
2025-08-06T21:33:12,scikit-learn-benchmark,c0db513b-31c0-4055-87d4-27f6e1496a39,scikit-learn_LMC001_5f1cf174,1.0026355599984529,7.068080624881097e-08,7.04950124140022e-08,0.8,0.0,10.0,1.1146656951556605e-07,0.0,1.3923803719484972e-06,1.5038469414640631e-06,Canada,CAN,,gcp,northamerica-northeast2,Linux-6.8.0-1032-gcp-x86_64-with-glibc2.35,3.10.12,3.0.4,2,Intel(R) Xeon(R) CPU @ 2.60GHz,,,,,15.61648178100586,machine,Y,1.0
2025-08-06T21:33:14,scikit-learn-benchmark,04ac56b5-cdc0-4d17-9cb5-844e46fcdc7a,scikit-learn_LMC001_5f1cf174,1.002541535999626,7.06777297553659e-08,7.049855513955711e-08,0.8000072,0.0,10.0,1.114551670759072e-07,0.0,1.392326317080814e-06,1.5037814841567213e-06,Canada,CAN,,gcp,northamerica-northeast2,Linux-6.8.0-1032-gcp-x86_64-with-glibc2.35,3.10.12,3.0.4,2,Intel(R) Xeon(R) CPU @ 2.60GHz,,,,,15.61648178100586,machine,Y,1.0
2025-08-06T21:33:16,scikit-learn-benchmark,ec25effc-d5ed-4c7d-ae6d-3e05155d9d62,scikit-learn_LMC001_5f1cf174,1.0021782040130347,7.06324521724083e-08,7.047893467406685e-08,0.8,0.0,10.0,1.113810759658615e-07,0.0,1.3914370553619746e-06,1.502818131327836e-06,Canada,CAN,,gcp,northamerica-northeast2,Linux-6.8.0-1032-gcp-x86_64-with-glibc2.35,3.10.12,3.0.4,2,Intel(R) Xeon(R) CPU @ 2.60GHz,,,,,15.61648178100586,machine,Y,1.0
2025-08-06T21:33:18,scikit-learn-benchmark,0165aac8-d7f5-40be-b89e-951097359b7b,scikit-learn_LMC001_5f1cf174,1.0025193949695677,7.067183706066057e-08,7.049423424152891e-08,0.8,0.0,10.0,1.1144517175853252e-07,0.0,1.392210935915096e-06,1.5036561076736286e-06,Canada,CAN,,gcp,northamerica-northeast2,Linux-6.8.0-1032-gcp-x86_64-with-glibc2.35,3.10.12,3.0.4,2,Intel(R) Xeon(R) CPU @ 2.60GHz,,,,,15.61648178100586,machine,Y,1.0
2025-08-06T21:33:20,scikit-learn-benchmark,a971fe48-602a-4eb8-b200-b08c1b8fe55b,scikit-learn_LMC001_5f1cf174,1.002559524960816,7.06661059861459e-08,7.048569608762914e-08,0.8000072,0.0,10.0,1.114519925826013e-07,0.0,1.3920821773353965e-06,1.5035341699179978e-06,Canada,CAN,,gcp,northamerica-northeast2,Linux-6.8.0-1032-gcp-x86_64-with-glibc2.35,3.10.12,3.0.4,2,Intel(R) Xeon(R) CPU @ 2.60GHz,,,,,15.61648178100586,machine,Y,1.0
2025-08-06T21:33:23,scikit-learn-benchmark,3b8f666b-f6cd-4a4d-9515-d3c712e0960f,scikit-learn_LMC001_5f1cf174,1.0025036460720005,7.066559939518468e-08,7.048911958780992e-08,0.8,0.0,10.0,1.1144084152248173e-07,0.0,1.3920825498644262e-06,1.503523391386908e-06,Canada,CAN,,gcp,northamerica-northeast2,Linux-6.8.0-1032-gcp-x86_64-with-glibc2.35,3.10.12,3.0.4,2,Intel(R) Xeon(R) CPU @ 2.60GHz,,,,,15.61648178100586,machine,Y,1.0
2025-08-06T21:33:25,scikit-learn-benchmark,d5af88dd-101d-411a-9ae2-529e6462974b,scikit-learn_LMC001_5f1cf174,1.002481346949935,7.066899335480088e-08,7.049407310152192e-08,0.8,0.0,10.0,1.1144210087756317e-07,0.0,1.3921535024160726e-06,1.5035956032936358e-06,Canada,CAN,,gcp,northamerica-northeast2,Linux-6.8.0-1032-gcp-x86_64-with-glibc2.35,3.10.12,3.0.4,2,Intel(R) Xeon(R) CPU @ 2.60GHz,,,,,15.61648178100586,machine,Y,1.0
2025-08-06T21:33:27,scikit-learn-benchmark,34e53567-6271-479d-98e6-06b9cffab996,scikit-learn_LMC001_5f1cf174,1.0026171908248216,7.067104409756656e-08,7.04865673003549e-08,0.8,0.0,10.0,1.1146234198369913e-07,0.0,1.3921768941347384e-06,1.5036392361184376e-06,Canada,CAN,,gcp,northamerica-northeast2,Linux-6.8.0-1032-gcp-x86_64-with-glibc2.35,3.10.12,3.0.4,2,Intel(R) Xeon(R) CPU @ 2.60GHz,,,,,15.61648178100586,machine,Y,1.0
2025-08-06T21:33:29,scikit-learn-benchmark,1f294198-e98d-4072-8bc7-f955276381dd,scikit-learn_LMC001_5f1cf174,1.0024550801608711,7.067043861671763e-08,7.049736194202004e-08,0.8,0.0,10.0,1.1144019533983537e-07,0.0,1.3921861582073483e-06,1.5036263535471838e-06,Canada,CAN,,gcp,northamerica-northeast2,Linux-6.8.0-1032-gcp-x86_64-with-glibc2.35,3.10.12,3.0.4,2,Intel(R) Xeon(R) CPU @ 2.60GHz,,,,,15.61648178100586,machine,Y,1.0
2025-08-06T21:33:31,scikit-learn-benchmark,6e82818c-166a-45f6-be46-b8f171773155,scikit-learn_LMC001_5f1cf174,1.0024909179192036,7.06706443081817e-08,7.049504693256229e-08,0.8,0.0,10.0,1.1144288308504561e-07,0.0,1.3921878468762672e-06,1.5036307299613128e-06,Canada,CAN,,gcp,northamerica-northeast2,Linux-6.8.0-1032-gcp-x86_64-with-glibc2.35,3.10.12,3.0.4,2,Intel(R) Xeon(R) CPU @ 2.60GHz,,,,,15.61648178100586,machine,Y,1.0
2025-08-06T21:33:33,scikit-learn-benchmark,eeddb69b-aa50-4cb3-ae0c-9cb9caad3e1b,scikit-learn_LMC001_5f1cf174,1.002483369084075,7.067377443596099e-08,7.0498700143557e-08,0.8,0.0,10.0,1.1144616713540425e-07,0.0,1.3922511612892975e-06,1.503697328424702e-06,Canada,CAN,,gcp,northamerica-northeast2,Linux-6.8.0-1032-gcp-x86_64-with-glibc2.35,3.10.12,3.0.4,2,Intel(R) Xeon(R) CPU @ 2.60GHz,,,,,15.61648178100586,machine,Y,1.0
2025-08-06T21:33:35,scikit-learn-benchmark,42e0e191-cfa4-4bba-8957-d3a43062d3a9,scikit-learn_LMC001_5f1cf174,1.002562333131209,7.067047033937544e-08,7.04898518565494e-08,0.8,0.0,10.0,1.1144613355605138e-07,0.0,1.3921808949412983e-06,1.50362702849735e-06,Canada,CAN,,gcp,northamerica-northeast2,Linux-6.8.0-1032-gcp-x86_64-with-glibc2.35,3.10.12,3.0.4,2,Intel(R) Xeon(R) CPU @ 2.60GHz,,,,,15.61648178100586,machine,Y,1.0
2025-08-06T21:33:37,scikit-learn-benchmark,a492fea4-55d7-491b-8157-8cc76a4b7c7b,scikit-learn_LMC001_5f1cf174,1.0025312260258945,7.06755058121764e-08,7.04970618145623e-08,0.8,0.0,10.0,1.114512300118804e-07,0.0,1.3922829362046389e-06,1.5037341662165191e-06,Canada,CAN,,gcp,northamerica-northeast2,Linux-6.8.0-1032-gcp-x86_64-with-glibc2.35,3.10.12,3.0.4,2,Intel(R) Xeon(R) CPU @ 2.60GHz,,,,,15.61648178100586,machine,Y,1.0
2025-08-06T21:33:40,scikit-learn-benchmark,c00cb100-959e-4372-8f47-c8142eaefc28,scikit-learn_LMC001_5f1cf174,1.002503708936274,7.067551471494758e-08,7.049900572431719e-08,0.8,0.0,10.0,1.114449195770754e-07,0.0,1.3922894360601074e-06,1.5037343556371828e-06,Canada,CAN,,gcp,northamerica-northeast2,Linux-6.8.0-1032-gcp-x86_64-with-glibc2.35,3.10.12,3.0.4,2,Intel(R) Xeon(R) CPU @ 2.60GHz,,,,,15.61648178100586,machine,Y,1.0
2025-08-06T21:33:42,scikit-learn-benchmark,3d164dab-5e6d-4b3b-a087-47460e9ada71,scikit-learn_LMC001_5f1cf174,1.002439399017021,7.066342239770003e-08,7.049146558584156e-08,0.8,0.0,10.0,1.1143242531559537e-07,0.0,1.3920446469758948e-06,1.50347707229149e-06,Canada,CAN,,gcp,northamerica-northeast2,Linux-6.8.0-1032-gcp-x86_64-with-glibc2.35,3.10.12,3.0.4,2,Intel(R) Xeon(R) CPU @ 2.60GHz,,,,,15.61648178100586,machine,Y,1.0
2025-08-06T21:33:44,scikit-learn-benchmark,f9b91f40-1440-4528-a05e-189ce1062748,scikit-learn_LMC001_5f1cf174,1.002648988040164,7.068673277811874e-08,7.04999791764485e-08,0.8,0.0,10.0,1.1147222647236457e-07,0.0,1.3925008113599486e-06,1.5039730378323133e-06,Canada,CAN,,gcp,northamerica-northeast2,Linux-6.8.0-1032-gcp-x86_64-with-glibc2.35,3.10.12,3.0.4,2,Intel(R) Xeon(R) CPU @ 2.60GHz,,,,,15.61648178100586,machine,Y,1.0
2025-08-06T21:33:46,scikit-learn-benchmark,8a398c7b-9191-4e16-b33a-237d436646e4,scikit-learn_LMC001_5f1cf174,1.002480790950358,7.067206148969915e-08,7.049717274153613e-08,0.8000072,0.0,10.0,1.1144507745024917e-07,0.0,1.3922158053093072e-06,1.5036608827595563e-06,Canada,CAN,,gcp,northamerica-northeast2,Linux-6.8.0-1032-gcp-x86_64-with-glibc2.35,3.10.12,3.0.4,2,Intel(R) Xeon(R) CPU @ 2.60GHz,,,,,15.61648178100586,machine,Y,1.0
2025-08-06T21:33:48,scikit-learn-benchmark,256b9cb4-9b58-4514-bcff-9f005d11a19d,scikit-learn_LMC001_5f1cf174,1.0025717669632286,7.068069138214922e-08,7.049938339700085e-08,0.8,0.0,10.0,1.1145890043634509e-07,0.0,1.3923855970561917e-06,1.5038444974925368e-06,Canada,CAN,,gcp,northamerica-northeast2,Linux-6.8.0-1032-gcp-x86_64-with-glibc2.35,3.10.12,3.0.4,2,Intel(R) Xeon(R) CPU @ 2.60GHz,,,,,15.61648178100586,machine,Y,1.0
2025-08-06T21:33:50,scikit-learn-benchmark,77cbb569-2ed4-4ad0-99b6-31e59fe678b3,scikit-learn_LMC001_5f1cf174,1.0024117869324982,7.066047268782534e-08,7.049046470618126e-08,0.8,0.0,10.0,1.1142552354269557e-07,0.0,1.391988788964227e-06,1.5034143125069222e-06,Canada,CAN,,gcp,northamerica-northeast2,Linux-6.8.0-1032-gcp-x86_64-with-glibc2.35,3.10.12,3.0.4,2,Intel(R) Xeon(R) CPU @ 2.60GHz,,,,,15.61648178100586,machine,Y,1.0
2025-08-06T21:33:53,scikit-learn-benchmark,94dbc4d9-4f57-451f-a098-127bcdd45160,scikit-learn_LMC001_5f1cf174,1.002478735987097,7.066928646048635e-08,7.049454908477574e-08,0.8,0.0,10.0,1.1143939776553049e-07,0.0,1.3921624418192854e-06,1.503601839584816e-06,Canada,CAN,,gcp,northamerica-northeast2,Linux-6.8.0-1032-gcp-x86_64-with-glibc2.35,3.10.12,3.0.4,2,Intel(R) Xeon(R) CPU @ 2.60GHz,,,,,15.61648178100586,machine,Y,1.0
2025-08-06T21:33:55,scikit-learn-benchmark,83ea50fd-6ed9-42dc-932e-f712816848d4,scikit-learn_LMC001_5f1cf174,1.0024139320012182,7.066406563237403e-08,7.049389815572531e-08,0.8000072,0.0,10.0,1.114328191169776e-07,0.0,1.3920579390186402e-06,1.5034907581356178e-06,Canada,CAN,,gcp,northamerica-northeast2,Linux-6.8.0-1032-gcp-x86_64-with-glibc2.35,3.10.12,3.0.4,2,Intel(R) Xeon(R) CPU @ 2.60GHz,,,,,15.61648178100586,machine,Y,1.0
2025-08-06T21:33:57,scikit-learn-benchmark,677b156d-2463-4da9-a4a7-318146f92d9b,scikit-learn_LMC001_5f1cf174,1.0021778149530292,7.063757024570888e-08,7.048406898632012e-08,0.8,0.0,10.0,1.113868433361253e-07,0.0,1.391540183168319e-06,1.502927026504444e-06,Canada,CAN,,gcp,northamerica-northeast2,Linux-6.8.0-1032-gcp-x86_64-with-glibc2.35,3.10.12,3.0.4,2,Intel(R) Xeon(R) CPU @ 2.60GHz,,,,,15.61648178100586,machine,Y,1.0
2025-08-06T21:34:00,scikit-learn-benchmark,31e9c743-6a5a-4dbb-a75c-b00a79621a56,scikit-learn_LMC001_5f1cf174,1.00241189613007,7.065878417185095e-08,7.048877257406617e-08,0.8,0.0,10.0,1.1142811691388488e-07,0.0,1.3919502697212417e-06,1.5033783866351263e-06,Canada,CAN,,gcp,northamerica-northeast2,Linux-6.8.0-1032-gcp-x86_64-with-glibc2.35,3.10.12,3.0.4,2,Intel(R) Xeon(R) CPU @ 2.60GHz,,,,,15.61648178100586,machine,Y,1.0
2025-08-06T21:34:02,scikit-learn-benchmark,fe454b1e-4c98-4c87-b208-5965a42644eb,scikit-learn_LMC001_5f1cf174,1.002523918868974,7.066480750329274e-08,7.048690427557609e-08,0.8,0.0,10.0,1.1143760688395965e-07,0.0,1.3920689357392902e-06,1.50350654262325e-06,Canada,CAN,,gcp,northamerica-northeast2,Linux-6.8.0-1032-gcp-x86_64-with-glibc2.35,3.10.12,3.0.4,2,Intel(R) Xeon(R) CPU @ 2.60GHz,,,,,15.61648178100586,machine,Y,1.0
2025-08-06T21:34:04,scikit-learn-benchmark,55e9ce01-3ce8-4783-b01f-5a092ef8d1cf,scikit-learn_LMC001_5f1cf174,1.002340744016692,7.066222490931654e-08,7.049720898918163e-08,0.8,0.0,10.0,1.1142657381585905e-07,0.0,1.3920250199993866e-06,1.5034515938152456e-06,Canada,CAN,,gcp,northamerica-northeast2,Linux-6.8.0-1032-gcp-x86_64-with-glibc2.35,3.10.12,3.0.4,2,Intel(R) Xeon(R) CPU @ 2.60GHz,,,,,15.61648178100586,machine,Y,1.0
2025-08-06T21:34:06,scikit-learn-benchmark,ace8d229-f968-4651-bf66-404a53e4db19,scikit-learn_LMC001_5f1cf174,1.0024129189550877,7.066814048707278e-08,7.049803444346773e-08,0.8,0.0,10.0,1.1143633552516501e-07,0.0,1.3921411216465963e-06,1.5035774571717613e-06,Canada,CAN,,gcp,northamerica-northeast2,Linux-6.8.0-1032-gcp-x86_64-with-glibc2.35,3.10.12,3.0.4,2,Intel(R) Xeon(R) CPU @ 2.60GHz,,,,,15.61648178100586,machine,Y,1.0
2025-08-06T21:34:08,scikit-learn-benchmark,7ea912af-7337-41d1-84c1-83f1d8bed9f9,scikit-learn_LMC001_5f1cf174,1.001927545061335,7.066400233506123e-08,7.052805632839986e-08,0.8,0.0,10.0,1.114303806486229e-07,0.0,1.3920590307356585e-06,1.5034894113842812e-06,Canada,CAN,,gcp,northamerica-northeast2,Linux-6.8.0-1032-gcp-x86_64-with-glibc2.35,3.10.12,3.0.4,2,Intel(R) Xeon(R) CPU @ 2.60GHz,,,,,15.61648178100586,machine,Y,1.0
2025-08-06T21:34:10,scikit-learn-benchmark,0f2f25ab-9296-40d5-bf1c-3ce2fa98d525,scikit-learn_LMC001_5f1cf174,1.0024146588984877,7.067014472197584e-08,7.049991148336992e-08,0.8000072,0.0,10.0,1.1143791137594484e-07,0.0,1.3921821890916262e-06,1.503620100467571e-06,Canada,CAN,,gcp,northamerica-northeast2,Linux-6.8.0-1032-gcp-x86_64-with-glibc2.35,3.10.12,3.0.4,2,Intel(R) Xeon(R) CPU @ 2.60GHz,,,,,15.61648178100586,machine,Y,1.0
2025-08-06T21:34:12,scikit-learn-benchmark,dad5719e-981e-4e40-b663-1c11fa36838a,scikit-learn_LMC001_5f1cf174,1.00244366703555,7.066907097986485e-08,7.049680027292615e-08,0.8,0.0,10.0,1.1143780753223433e-07,0.0,1.3921594473585073e-06,1.5035972548907416e-06,Canada,CAN,,gcp,northamerica-northeast2,Linux-6.8.0-1032-gcp-x86_64-with-glibc2.35,3.10.12,3.0.4,2,Intel(R) Xeon(R) CPU @ 2.60GHz,,,,,15.61648178100586,machine,Y,1.0
2025-08-06T21:34:14,scikit-learn-benchmark,badcb2c1-2527-423a-abcc-e567686ca613,scikit-learn_LMC001_5f1cf174,1.0024564699269831,7.066832307291528e-08,7.049515384749087e-08,0.8,0.0,10.0,1.1143990600895553e-07,0.0,1.3921414359679654e-06,1.5035813419769209e-06,Canada,CAN,,gcp,northamerica-northeast2,Linux-6.8.0-1032-gcp-x86_64-with-glibc2.35,3.10.12,3.0.4,2,Intel(R) Xeon(R) CPU @ 2.60GHz,,,,,15.61648178100586,machine,Y,1.0
2025-08-06T21:34:17,scikit-learn-benchmark,05280930-0e07-4d70-bcd1-ba38005fc3cc,scikit-learn_LMC001_5f1cf174,1.0023629909846932,7.065931228604766e-08,7.04927385802961e-08,0.8000072,0.0,10.0,1.1142204501480716e-07,0.0,1.39196757809259e-06,1.503389623107397e-06,Canada,CAN,,gcp,northamerica-northeast2,Linux-6.8.0-1032-gcp-x86_64-with-glibc2.35,3.10.12,3.0.4,2,Intel(R) Xeon(R) CPU @ 2.60GHz,,,,,15.61648178100586,machine,Y,1.0
2025-08-06T21:34:19,scikit-learn-benchmark,5d69f5a5-00cc-46f3-a806-44d86abdb9ca,scikit-learn_LMC001_5f1cf174,1.0024779881350696,7.067451056029175e-08,7.049981286049882e-08,0.8000072,0.0,10.0,1.1144782394523993e-07,0.0,1.3922651666992651e-06,1.5037129906445053e-06,Canada,CAN,,gcp,northamerica-northeast2,Linux-6.8.0-1032-gcp-x86_64-with-glibc2.35,3.10.12,3.0.4,2,Intel(R) Xeon(R) CPU @ 2.60GHz,,,,,15.61648178100586,machine,Y,1.0
2025-08-06T21:34:21,scikit-learn-benchmark,947661e1-6503-41a0-ad9c-aa357eace723,scikit-learn_LMC001_5f1cf174,1.0024005381856114,7.06629514357724e-08,7.04937285485455e-08,0.8000072,0.0,10.0,1.114286181934764e-07,0.0,1.392038433631468e-06,1.5034670518249446e-06,Canada,CAN,,gcp,northamerica-northeast2,Linux-6.8.0-1032-gcp-x86_64-with-glibc2.35,3.10.12,3.0.4,2,Intel(R) Xeon(R) CPU @ 2.60GHz,,,,,15.61648178100586,machine,Y,1.0
2025-08-06T21:34:23,scikit-learn-benchmark,c7f4a3b7-6829-40e7-81bc-1d4c4e9663ac,scikit-learn_LMC001_5f1cf174,1.0025940930936486,7.067773512104111e-08,7.049486487892103e-08,0.8,0.0,10.0,1.1145781197895609e-07,0.0,1.3923237863410676e-06,1.5037815983200235e-06,Canada,CAN,,gcp,northamerica-northeast2,Linux-6.8.0-1032-gcp-x86_64-with-glibc2.35,3.10.12,3.0.4,2,Intel(R) Xeon(R) CPU @ 2.60GHz,,,,,15.61648178100586,machine,Y,1.0
2025-08-06T21:34:25,scikit-learn-benchmark,e7e10dae-447e-4ed5-8f3d-d75576c66e3e,scikit-learn_LMC001_5f1cf174,1.0025366600602863,7.066519372317422e-08,7.0486393703473e-08,0.8000072,0.0,10.0,1.1144033211206325e-07,0.0,1.3920744279554736e-06,1.5035147600675367e-06,Canada,CAN,,gcp,northamerica-northeast2,Linux-6.8.0-1032-gcp-x86_64-with-glibc2.35,3.10.12,3.0.4,2,Intel(R) Xeon(R) CPU @ 2.60GHz,,,,,15.61648178100586,machine,Y,1.0
2025-08-06T21:34:27,scikit-learn-benchmark,10396167-4938-45b1-9b97-d61e00582238,scikit-learn_LMC001_5f1cf174,1.002419773954898,7.065984355666482e-08,7.048927544384616e-08,0.8000072,0.0,10.0,1.1142922107504892e-07,0.0,1.3919717056625006e-06,1.5034009267375495e-06,Canada,CAN,,gcp,northamerica-northeast2,Linux-6.8.0-1032-gcp-x86_64-with-glibc2.35,3.10.12,3.0.4,2,Intel(R) Xeon(R) CPU @ 2.60GHz,,,,,15.61648178100586,machine,Y,1.0
2025-08-06T21:34:29,scikit-learn-benchmark,9d8d70b1-a6c9-45ce-8a42-dda4e63fc8b0,scikit-learn_LMC001_5f1cf174,1.0024227239191532,7.066583894927885e-08,7.049504890810729e-08,0.8,0.0,10.0,1.1143205201046336e-07,0.0,1.392096436272065e-06,1.5035284882825284e-06,Canada,CAN,,gcp,northamerica-northeast2,Linux-6.8.0-1032-gcp-x86_64-with-glibc2.35,3.10.12,3.0.4,2,Intel(R) Xeon(R) CPU @ 2.60GHz,,,,,15.61648178100586,machine,Y,1.0
2025-08-06T21:34:31,scikit-learn-benchmark,5cb67e7e-65b0-4244-b708-2b8d71c6e56b,scikit-learn_LMC001_5f1cf174,1.0024901889264584,7.066641177974331e-08,7.049087618046237e-08,0.8,0.0,10.0,1.1143769023733009e-07,0.0,1.3921029859274214e-06,1.5035406761647511e-06,Canada,CAN,,gcp,northamerica-northeast2,Linux-6.8.0-1032-gcp-x86_64-with-glibc2.35,3.10.12,3.0.4,2,Intel(R) Xeon(R) CPU @ 2.60GHz,,,,,15.61648178100586,machine,Y,1.0
2025-08-06T21:34:34,scikit-learn-benchmark,bf303b8f-6139-4e6e-bb96-81b88ced824a,scikit-learn_LMC001_5f1cf174,1.0020961570553482,7.066610619899196e-08,7.051828879041285e-08,0.8,0.0,10.0,1.1143362159944244e-07,0.0,1.392100552847195e-06,1.5035341744466377e-06,Canada,CAN,,gcp,northamerica-northeast2,Linux-6.8.0-1032-gcp-x86_64-with-glibc2.35,3.10.12,3.0.4,2,Intel(R) Xeon(R) CPU @ 2.60GHz,,,,,15.61648178100586,machine,Y,1.0
2025-08-06T21:34:36,scikit-learn-benchmark,1514f113-4503-4ce5-a11b-7ad95417b197,scikit-learn_LMC001_5f1cf174,1.0023842579685152,7.066367023505815e-08,7.04955905615167e-08,0.8000072,0.0,10.0,1.1142768996695641e-07,0.0,1.3920546554598128e-06,1.5034823454267692e-06,Canada,CAN,,gcp,northamerica-northeast2,Linux-6.8.0-1032-gcp-x86_64-with-glibc2.35,3.10.12,3.0.4,2,Intel(R) Xeon(R) CPU @ 2.60GHz,,,,,15.61648178100586,machine,Y,1.0
2025-08-06T21:34:38,scikit-learn-benchmark,6b3e5f71-cbc4-490a-ac59-cd763fd7bcb0,scikit-learn_LMC001_5f1cf174,1.0023655048571527,7.066559619981693e-08,7.049883087296337e-08,0.8,0.0,10.0,1.1143101534495753e-07,0.0,1.3920923080554028e-06,1.5035233234003604e-06,Canada,CAN,,gcp,northamerica-northeast2,Linux-6.8.0-1032-gcp-x86_64-with-glibc2.35,3.10.12,3.0.4,2,Intel(R) Xeon(R) CPU @ 2.60GHz,,,,,15.61648178100586,machine,Y,1.0
2025-08-06T21:34:40,scikit-learn-benchmark,7fd03b1e-d3ba-48e5-87b5-964b4e0c3567,scikit-learn_LMC001_5f1cf174,1.0024775490164757,7.066679459160918e-08,7.049214684253022e-08,0.8,0.0,10.0,1.1144116820974485e-07,0.0,1.392107652888323e-06,1.5035488210980678e-06,Canada,CAN,,gcp,northamerica-northeast2,Linux-6.8.0-1032-gcp-x86_64-with-glibc2.35,3.10.12,3.0.4,2,Intel(R) Xeon(R) CPU @ 2.60GHz,,,,,15.61648178100586,machine,Y,1.0
2025-08-06T21:34:42,scikit-learn-benchmark,b20dc9a9-b2c3-429c-b99d-675217ee930c,scikit-learn_LMC001_5f1cf174,1.0023939290549606,7.066317465091644e-08,7.04944160201932e-08,0.8,0.0,10.0,1.1142814557792413e-07,0.0,1.3920436555054038e-06,1.503471801083328e-06,Canada,CAN,,gcp,northamerica-northeast2,Linux-6.8.0-1032-gcp-x86_64-with-glibc2.35,3.10.12,3.0.4,2,Intel(R) Xeon(R) CPU @ 2.60GHz,,,,,15.61648178100586,machine,Y,1.0
2025-08-06T21:34:44,scikit-learn-benchmark,bb38dc5f-e856-423e-bc11-0ab0bfade0e7,scikit-learn_LMC001_5f1cf174,1.002487484132871,7.067080947027234e-08,7.049545314912433e-08,0.8,0.0,10.0,1.1143987403354713e-07,0.0,1.3921943700148e-06,1.5036342440483472e-06,Canada,CAN,,gcp,northamerica-northeast2,Linux-6.8.0-1032-gcp-x86_64-with-glibc2.35,3.10.12,3.0.4,2,Intel(R) Xeon(R) CPU @ 2.60GHz,,,,,15.61648178100586,machine,Y,1.0
2025-08-06T21:34:46,scikit-learn-benchmark,ac097a5b-101d-417c-bcf9-b022da052d7e,scikit-learn_LMC001_5f1cf174,1.0019608109723777,7.060577391526162e-08,7.046760027145223e-08,0.8004608000000001,0.0,10.0,1.1139731123693788e-07,0.0,1.390853197598416e-06,1.5022505088353537e-06,Canada,CAN,,gcp,northamerica-northeast2,Linux-6.8.0-1032-gcp-x86_64-with-glibc2.35,3.10.12,3.0.4,2,Intel(R) Xeon(R) CPU @ 2.60GHz,,,,,15.61648178100586,machine,Y,1.0
2025-08-06T21:34:48,scikit-learn-benchmark,7d689050-66ff-4c6f-b3cf-06f3313a3487,scikit-learn_LMC001_5f1cf174,1.0024089950602502,7.065749071543624e-08,7.04876862275057e-08,0.8,0.0,10.0,1.1142703513097433e-07,0.0,1.3919238311549028e-06,1.5033508662858772e-06,Canada,CAN,,gcp,northamerica-northeast2,Linux-6.8.0-1032-gcp-x86_64-with-glibc2.35,3.10.12,3.0.4,2,Intel(R) Xeon(R) CPU @ 2.60GHz,,,,,15.61648178100586,machine,Y,1.0
2025-08-06T21:34:51,scikit-learn-benchmark,0a69e5bd-f02a-4d31-89ca-b70270ceec74,scikit-learn_LMC001_5f1cf174,1.0024193769786507,7.066128797958501e-08,7.049074429562821e-08,0.8,0.0,10.0,1.1142905620444153e-07,0.0,1.392002602935665e-06,1.5034316591401065e-06,Canada,CAN,,gcp,northamerica-northeast2,Linux-6.8.0-1032-gcp-x86_64-with-glibc2.35,3.10.12,3.0.4,2,Intel(R) Xeon(R) CPU @ 2.60GHz,,,,,15.61648178100586,machine,Y,1.0
2025-08-06T21:34:53,scikit-learn-benchmark,3a2278f2-ca78-4493-8651-a3f97149eb7c,scikit-learn_LMC001_5f1cf174,1.0024447969626635,7.066680836302147e-08,7.049446371225315e-08,0.8000072,0.0,10.0,1.1143538110495777e-07,0.0,1.3921137330018814e-06,1.5035491141068392e-06,Canada,CAN,,gcp,northamerica-northeast2,Linux-6.8.0-1032-gcp-x86_64-with-glibc2.35,3.10.12,3.0.4,2,Intel(R) Xeon(R) CPU @ 2.60GHz,,,,,15.61648178100586,machine,Y,1.0
2025-08-06T21:34:55,scikit-learn-benchmark,2e0261ab-11cd-4afc-8dbb-a218bf5a0657,scikit-learn_LMC001_5f1cf174,1.0023828789126128,7.066126171070594e-08,7.049328474899675e-08,0.8000072,0.0,10.0,1.1142745020097573e-07,0.0,1.39200365002681e-06,1.5034311002277856e-06,Canada,CAN,,gcp,northamerica-northeast2,Linux-6.8.0-1032-gcp-x86_64-with-glibc2.35,3.10.12,3.0.4,2,Intel(R) Xeon(R) CPU @ 2.60GHz,,,,,15.61648178100586,machine,Y,1.0
2025-08-06T21:34:57,scikit-learn-benchmark,59014e21-5547-4ed8-8c9a-c52b82be1aa8,scikit-learn_LMC001_5f1cf174,1.0024273560848087,7.06669197216268e-08,7.049580130936505e-08,0.8,0.0,10.0,1.1143638643746577e-07,0.0,1.392115097001402e-06,1.503551483438868e-06,Canada,CAN,,gcp,northamerica-northeast2,Linux-6.8.0-1032-gcp-x86_64-with-glibc2.35,3.10.12,3.0.4,2,Intel(R) Xeon(R) CPU @ 2.60GHz,,,,,15.61648178100586,machine,Y,1.0
2025-08-06T21:34:59,scikit-learn-benchmark,2537b463-1933-43b7-a739-9fbd34142345,scikit-learn_LMC001_5f1cf174,1.0021429050248116,7.063105774963415e-08,7.048002574830925e-08,0.8000072,0.0,10.0,1.1137790417019806e-07,0.0,1.391410558587975e-06,1.5027884627581732e-06,Canada,CAN,,gcp,northamerica-northeast2,Linux-6.8.0-1032-gcp-x86_64-with-glibc2.35,3.10.12,3.0.4,2,Intel(R) Xeon(R) CPU @ 2.60GHz,,,,,15.61648178100586,machine,Y,1.0
2025-08-06T21:35:01,scikit-learn-benchmark,d3ace57b-e028-44e6-adbb-d03d6416216f,scikit-learn_LMC001_5f1cf174,1.002438115887344,7.066370772409977e-08,7.049184044797547e-08,0.8,0.0,10.0,1.1143214886801113e-07,0.0,1.3920509941979415e-06,1.5034831430659526e-06,Canada,CAN,,gcp,northamerica-northeast2,Linux-6.8.0-1032-gcp-x86_64-with-glibc2.35,3.10.12,3.0.4,2,Intel(R) Xeon(R) CPU @ 2.60GHz,,,,,15.61648178100586,machine,Y,1.0
2025-08-06T21:35:03,scikit-learn-benchmark,e03a26bf-6168-429d-8992-545f61fd1917,scikit-learn_LMC001_5f1cf174,1.002509779995307,7.066464193995733e-08,7.048773323716413e-08,0.8,0.0,10.0,1.1143736975888413e-07,0.0,1.3920656502402076e-06,1.5035030199990918e-06,Canada,CAN,,gcp,northamerica-northeast2,Linux-6.8.0-1032-gcp-x86_64-with-glibc2.35,3.10.12,3.0.4,2,Intel(R) Xeon(R) CPU @ 2.60GHz,,,,,15.61648178100586,machine,Y,1.0
2025-08-06T21:35:06,scikit-learn-benchmark,f6b2527c-8c37-4664-a696-5451f8ed4a29,scikit-learn_LMC001_5f1cf174,1.0024268080014735,7.06636167132658e-08,7.049254484140045e-08,0.8,0.0,10.0,1.1142970088662377e-07,0.0,1.392051505778606e-06,1.5034812066652295e-06,Canada,CAN,,gcp,northamerica-northeast2,Linux-6.8.0-1032-gcp-x86_64-with-glibc2.35,3.10.12,3.0.4,2,Intel(R) Xeon(R) CPU @ 2.60GHz,,,,,15.61648178100586,machine,Y,1.0
2025-08-06T21:35:08,scikit-learn-benchmark,f5e0a773-e521-45ce-b66a-6056b0a43515,scikit-learn_LMC001_5f1cf174,1.0023963409475982,7.06615254386949e-08,7.049260113209934e-08,0.8,0.0,10.0,1.1142628929681249e-07,0.0,1.3920104221647812e-06,1.5034367114615935e-06,Canada,CAN,,gcp,northamerica-northeast2,Linux-6.8.0-1032-gcp-x86_64-with-glibc2.35,3.10.12,3.0.4,2,Intel(R) Xeon(R) CPU @ 2.60GHz,,,,,15.61648178100586,machine,Y,1.0
2025-08-06T21:35:10,scikit-learn-benchmark,80c20b4c-ae9a-41c1-9d57-d86ef83d506b,scikit-learn_LMC001_5f1cf174,1.0022068941034377,7.066313576543084e-08,7.050753310637046e-08,0.8,0.0,10.0,1.114280315943891e-07,0.0,1.392042942138182e-06,1.503470973732571e-06,Canada,CAN,,gcp,northamerica-northeast2,Linux-6.8.0-1032-gcp-x86_64-with-glibc2.35,3.10.12,3.0.4,2,Intel(R) Xeon(R) CPU @ 2.60GHz,,,,,15.61648178100586,machine,Y,1.0
2025-08-06T21:35:12,scikit-learn-benchmark,8228fa9d-9055-4f8a-9b4c-5603f94b71a6,scikit-learn_LMC001_5f1cf174,1.0024451271165162,7.066611814028067e-08,7.04937519558285e-08,0.8,0.0,10.0,1.1143403671061001e-07,0.0,1.3921003918059995e-06,1.5035344285166097e-06,Canada,CAN,,gcp,northamerica-northeast2,Linux-6.8.0-1032-gcp-x86_64-with-glibc2.35,3.10.12,3.0.4,2,Intel(R) Xeon(R) CPU @ 2.60GHz,,,,,15.61648178100586,machine,Y,1.0
2025-08-06T21:35:14,scikit-learn-benchmark,575cecdb-5fc9-4f58-ac16-4e0f0ab3106c,scikit-learn_LMC001_5f1cf174,1.0024191499687731,7.066795137309885e-08,7.0497407571773e-08,0.8,0.0,10.0,1.1143514136266377e-07,0.0,1.3921382921075242e-06,1.503573433470188e-06,Canada,CAN,,gcp,northamerica-northeast2,Linux-6.8.0-1032-gcp-x86_64-with-glibc2.35,3.10.12,3.0.4,2,Intel(R) Xeon(R) CPU @ 2.60GHz,,,,,15.61648178100586,machine,Y,1.0
2025-08-06T21:35:16,scikit-learn-benchmark,3e1551e8-b724-4795-baf3-b0069a63aede,scikit-learn_LMC001_5f1cf174,1.00247211009264,7.066725178453555e-08,7.0492985363957e-08,0.8,0.0,10.0,1.11440292870005e-07,0.0,1.392118255737134e-06,1.5035585486071391e-06,Canada,CAN,,gcp,northamerica-northeast2,Linux-6.8.0-1032-gcp-x86_64-with-glibc2.35,3.10.12,3.0.4,2,Intel(R) Xeon(R) CPU @ 2.60GHz,,,,,15.61648178100586,machine,Y,1.0
2025-08-06T21:35:18,scikit-learn-benchmark,93414bfd-3fcf-4d66-8b5a-15935af0d4ba,scikit-learn_LMC001_5f1cf174,1.0020606881007552,7.066121675133604e-08,7.051590546403233e-08,0.8,0.0,10.0,1.1142544070672661e-07,0.0,1.3920047029387208e-06,1.5034301436454474e-06,Canada,CAN,,gcp,northamerica-northeast2,Linux-6.8.0-1032-gcp-x86_64-with-glibc2.35,3.10.12,3.0.4,2,Intel(R) Xeon(R) CPU @ 2.60GHz,,,,,15.61648178100586,machine,Y,1.0
2025-08-06T21:35:20,scikit-learn-benchmark,67ab0b18-56b0-4ef3-b311-de06fcc1ac26,scikit-learn_LMC001_5f1cf174,1.002367405919358,7.066150657912514e-08,7.0494617205071e-08,0.8000072,0.0,10.0,1.1142663502768573e-07,0.0,1.3920096751664663e-06,1.503436310194152e-06,Canada,CAN,,gcp,northamerica-northeast2,Linux-6.8.0-1032-gcp-x86_64-with-glibc2.35,3.10.12,3.0.4,2,Intel(R) Xeon(R) CPU @ 2.60GHz,,,,,15.61648178100586,machine,Y,1.0
2025-08-06T21:35:23,scikit-learn-benchmark,53218057-bb08-4dca-9156-a40a1a3e1755,scikit-learn_LMC001_5f1cf174,1.002497039968148,7.067242087915332e-08,7.049638857926082e-08,0.8,0.0,10.0,1.1144397930345604e-07,0.0,1.3922245500402318e-06,1.5036685293436878e-06,Canada,CAN,,gcp,northamerica-northeast2,Linux-6.8.0-1032-gcp-x86_64-with-glibc2.35,3.10.12,3.0.4,2,Intel(R) Xeon(R) CPU @ 2.60GHz,,,,,15.61648178100586,machine,Y,1.0
2025-08-06T21:35:25,scikit-learn-benchmark,bde29644-ae3e-498f-9547-5bab3ab0499b,scikit-learn_LMC001_5f1cf174,1.0024144360795617,7.066548223736635e-08,7.04952758997952e-08,0.8000072,0.0,10.0,1.1143392114020225e-07,0.0,1.3920869775271665e-06,1.5035208986673689e-06,Canada,CAN,,gcp,northamerica-northeast2,Linux-6.8.0-1032-gcp-x86_64-with-glibc2.35,3.10.12,3.0.4,2,Intel(R) Xeon(R) CPU @ 2.60GHz,,,,,15.61648178100586,machine,Y,1.0
2025-08-06T21:35:27,scikit-learn-benchmark,f60609ba-b2c1-4fc8-ad5b-dd64e2d0c6ab,scikit-learn_LMC001_5f1cf174,1.0024153888225555,7.066375837700131e-08,7.049348919114608e-08,0.8,0.0,10.0,1.1143078510132102e-07,0.0,1.392053435685941e-06,1.503484220787262e-06,Canada,CAN,,gcp,northamerica-northeast2,Linux-6.8.0-1032-gcp-x86_64-with-glibc2.35,3.10.12,3.0.4,2,Intel(R) Xeon(R) CPU @ 2.60GHz,,,,,15.61648178100586,machine,Y,1.0
2025-08-06T21:35:29,scikit-learn-benchmark,644bd6d9-eda7-4154-8df6-3172884c81b4,scikit-learn_LMC001_5f1cf174,1.0023438530042768,7.066118965758427e-08,7.049595749581832e-08,0.8,0.0,10.0,1.1142400600430041e-07,0.0,1.3920055611783431e-06,1.5034295671826437e-06,Canada,CAN,,gcp,northamerica-northeast2,Linux-6.8.0-1032-gcp-x86_64-with-glibc2.35,3.10.12,3.0.4,2,Intel(R) Xeon(R) CPU @ 2.60GHz,,,,,15.61648178100586,machine,Y,1.0
2025-08-06T21:35:31,scikit-learn-benchmark,56f56604-2009-4c5b-b369-bd9dbfcea796,scikit-learn_LMC001_5f1cf174,1.0024908748455346,7.067009303146313e-08,7.049450005452877e-08,0.8000072,0.0,10.0,1.1143971225957109e-07,0.0,1.3921792884098572e-06,1.5036190006694283e-06,Canada,CAN,,gcp,northamerica-northeast2,Linux-6.8.0-1032-gcp-x86_64-with-glibc2.35,3.10.12,3.0.4,2,Intel(R) Xeon(R) CPU @ 2.60GHz,,,,,15.61648178100586,machine,Y,1.0
2025-08-06T21:35:33,scikit-learn-benchmark,c4d4c2a0-c00c-4e16-8378-b6222336b039,scikit-learn_LMC001_5f1cf174,1.0022795209661126,7.06698867965556e-08,7.050915968874211e-08,0.8000072,0.0,10.0,1.1143410709594989e-07,0.0,1.392180505596722e-06,1.503614612692672e-06,Canada,CAN,,gcp,northamerica-northeast2,Linux-6.8.0-1032-gcp-x86_64-with-glibc2.35,3.10.12,3.0.4,2,Intel(R) Xeon(R) CPU @ 2.60GHz,,,,,15.61648178100586,machine,Y,1.0
2025-08-06T21:35:35,scikit-learn-benchmark,4f9b8df7-c23f-42a5-b19c-03edf95f05e6,scikit-learn_LMC001_5f1cf174,1.002451301086694,7.066077394485994e-08,7.048798666654534e-08,0.8,0.0,10.0,1.1143051688041952e-07,0.0,1.3919902053506423e-06,1.503420722231062e-06,Canada,CAN,,gcp,northamerica-northeast2,Linux-6.8.0-1032-gcp-x86_64-with-glibc2.35,3.10.12,3.0.4,2,Intel(R) Xeon(R) CPU @ 2.60GHz,,,,,15.61648178100586,machine,Y,1.0
2025-08-06T21:35:37,scikit-learn-benchmark,e032b929-414b-4075-a018-1ee5aff59b59,scikit-learn_LMC001_5f1cf174,1.0023926319554448,7.066253929556763e-08,7.049387340140433e-08,0.8,0.0,10.0,1.1142585240304473e-07,0.0,1.3920324304813727e-06,1.5034582828844171e-06,Canada,CAN,,gcp,northamerica-northeast2,Linux-6.8.0-1032-gcp-x86_64-with-glibc2.35,3.10.12,3.0.4,2,Intel(R) Xeon(R) CPU @ 2.60GHz,,,,,15.61648178100586,machine,Y,1.0
2025-08-06T21:35:40,scikit-learn-benchmark,4ab5e71b-438d-40bd-a3f7-e8133c73cb72,scikit-learn_LMC001_5f1cf174,1.0024367030709982,7.066558427433485e-08,7.04938117866679e-08,0.8,0.0,10.0,1.1143304981912176e-07,0.0,1.3920900198475768e-06,1.5035230696666986e-06,Canada,CAN,,gcp,northamerica-northeast2,Linux-6.8.0-1032-gcp-x86_64-with-glibc2.35,3.10.12,3.0.4,2,Intel(R) Xeon(R) CPU @ 2.60GHz,,,,,15.61648178100586,machine,Y,1.0
2025-08-06T21:35:42,scikit-learn-benchmark,983bda0e-c66f-44f4-b03c-f8f0730f8992,scikit-learn_LMC001_5f1cf174,1.002464819001034,7.066949673802958e-08,7.049573750473601e-08,0.8000072,0.0,10.0,1.1144000806063105e-07,0.0,1.3921663055144665e-06,1.5036063135750977e-06,Canada,CAN,,gcp,northamerica-northeast2,Linux-6.8.0-1032-gcp-x86_64-with-glibc2.35,3.10.12,3.0.4,2,Intel(R) Xeon(R) CPU @ 2.60GHz,,,,,15.61648178100586,machine,Y,1.0
2025-08-06T21:35:44,scikit-learn-benchmark,acb0f349-215d-4a4e-a334-26b874042cd6,scikit-learn_LMC001_5f1cf174,1.0024730220902711,7.066762359378238e-08,7.049329212514097e-08,0.8,0.0,10.0,1.1143954822586644e-07,0.0,1.392126911216312e-06,1.5035664594421784e-06,Canada,CAN,,gcp,northamerica-northeast2,Linux-6.8.0-1032-gcp-x86_64-with-glibc2.35,3.10.12,3.0.4,2,Intel(R) Xeon(R) CPU @ 2.60GHz,,,,,15.61648178100586,machine,Y,1.0
2025-08-06T21:35:46,scikit-learn-benchmark,44ac2c55-2e71-4b07-aee1-22b96352d102,scikit-learn_LMC001_5f1cf174,1.0024324520491064,7.06675031013145e-08,7.049602490108996e-08,0.8001944000000001,0.0,10.0,1.1146024045712673e-07,0.0,1.3921036553155217e-06,1.5035638957726483e-06,Canada,CAN,,gcp,northamerica-northeast2,Linux-6.8.0-1032-gcp-x86_64-with-glibc2.35,3.10.12,3.0.4,2,Intel(R) Xeon(R) CPU @ 2.60GHz,,,,,15.61648178100586,machine,Y,1.0
2025-08-06T21:35:48,scikit-learn-benchmark,d6304a6e-4f31-439e-ba0d-b729a1c2ce67,scikit-learn_LMC001_5f1cf174,1.0023810900747776,7.066020208346246e-08,7.049235344033794e-08,0.8,0.0,10.0,1.1142592178657653e-07,0.0,1.3919826331807094e-06,1.503408554967286e-06,Canada,CAN,,gcp,northamerica-northeast2,Linux-6.8.0-1032-gcp-x86_64-with-glibc2.35,3.10.12,3.0.4,2,Intel(R) Xeon(R) CPU @ 2.60GHz,,,,,15.61648178100586,machine,Y,1.0
2025-08-06T21:35:50,scikit-learn-benchmark,f19b0a02-3d76-481e-afc9-1f0d5e79f7c6,scikit-learn_LMC001_5f1cf174,1.0025330448988825,7.06639903779659e-08,7.048544757454175e-08,0.8,0.0,10.0,1.1144221532675957e-07,0.0,1.3920469416512382e-06,1.5034891569779975e-06,Canada,CAN,,gcp,northamerica-northeast2,Linux-6.8.0-1032-gcp-x86_64-with-glibc2.35,3.10.12,3.0.4,2,Intel(R) Xeon(R) CPU @ 2.60GHz,,,,,15.61648178100586,machine,Y,1.0
2025-08-06T21:35:52,scikit-learn-benchmark,56d464ec-2429-409b-823a-3aab63f0137b,scikit-learn_LMC001_5f1cf174,1.0025659808889031,7.068155352835958e-08,7.050065020727247e-08,0.8,0.0,10.0,1.1146310468514763e-07,0.0,1.3923997363437794e-06,1.5038628410289271e-06,Canada,CAN,,gcp,northamerica-northeast2,Linux-6.8.0-1032-gcp-x86_64-with-glibc2.35,3.10.12,3.0.4,2,Intel(R) Xeon(R) CPU @ 2.60GHz,,,,,15.61648178100586,machine,Y,1.0
2025-08-06T21:35:55,scikit-learn-benchmark,2ff8f304-5422-48c1-9f7c-3b0887079b9a,scikit-learn_LMC001_5f1cf174,1.0024739629589021,7.066738577719986e-08,7.049298873420912e-08,0.8,0.0,10.0,1.1143682177902924e-07,0.0,1.3921245777358612e-06,1.5035613995148905e-06,Canada,CAN,,gcp,northamerica-northeast2,Linux-6.8.0-1032-gcp-x86_64-with-glibc2.35,3.10.12,3.0.4,2,Intel(R) Xeon(R) CPU @ 2.60GHz,,,,,15.61648178100586,machine,Y,1.0
