timestamp,project_name,run_id,experiment_id,duration,emissions,emissions_rate,cpu_power,gpu_power,ram_power,cpu_energy,gpu_energy,ram_energy,energy_consumed,country_name,country_iso_code,region,cloud_provider,cloud_region,os,python_version,codecarbon_version,cpu_count,cpu_model,gpu_count,gpu_model,longitude,latitude,ram_total_size,tracking_mode,on_cloud,pue
2025-07-28T06:45:50,scipy-benchmark,e272fe6e-400d-4ba6-b473-a3d4751ae13b,scipy_LMC001_56f8cd5d,1.0018821938429028,7.06356903286651e-08,7.050299003491513e-08,0.8,0.0,10.0,1.114006535564033e-07,0.0,1.3914863747130667e-06,1.50288702826947e-06,Canada,CAN,,gcp,northamerica-northeast2,Linux-6.8.0-1032-gcp-x86_64-with-glibc2.35,3.12.11,3.0.4,2,Intel(R) Xeon(R) CPU @ 2.60GHz,,,,,15.61648178100586,machine,Y,1.0
2025-07-28T06:45:53,scipy-benchmark,423d2692-4032-49ea-b175-614ad020f584,scipy_LMC001_56f8cd5d,1.0018045709002763,7.06368480719264e-08,7.050960848426579e-08,0.8,0.0,10.0,1.113983226629595e-07,0.0,1.391513338441857e-06,1.5029116611048166e-06,Canada,CAN,,gcp,northamerica-northeast2,Linux-6.8.0-1032-gcp-x86_64-with-glibc2.35,3.12.11,3.0.4,2,Intel(R) Xeon(R) CPU @ 2.60GHz,,,,,15.61648178100586,machine,Y,1.0
2025-07-28T06:45:55,scipy-benchmark,46cdf286-fbae-4e08-b22c-30d1920cef85,scipy_LMC001_56f8cd5d,1.0017136170063168,7.0629291087984e-08,7.050846658056224e-08,0.8,0.0,10.0,1.1138275224301553e-07,0.0,1.3913681219694102e-06,1.5027508742124256e-06,Canada,CAN,,gcp,northamerica-northeast2,Linux-6.8.0-1032-gcp-x86_64-with-glibc2.35,3.12.11,3.0.4,2,Intel(R) Xeon(R) CPU @ 2.60GHz,,,,,15.61648178100586,machine,Y,1.0
2025-07-28T06:45:58,scipy-benchmark,03e228a9-221b-49bc-a59b-98de1e41823c,scipy_LMC001_56f8cd5d,1.0016531280707568,7.062559301033616e-08,7.050903254938686e-08,0.8,0.0,10.0,1.113729753221075e-07,0.0,1.3912992163871729e-06,1.50267219170928e-06,Canada,CAN,,gcp,northamerica-northeast2,Linux-6.8.0-1032-gcp-x86_64-with-glibc2.35,3.12.11,3.0.4,2,Intel(R) Xeon(R) CPU @ 2.60GHz,,,,,15.61648178100586,machine,Y,1.0
2025-07-28T06:46:00,scipy-benchmark,dbd1aea6-8ecf-4479-81b6-416ae394cc88,scipy_LMC001_56f8cd5d,1.0016861050389707,7.062766320496385e-08,7.050877799908789e-08,0.8,0.0,10.0,1.1138218537800844e-07,0.0,1.3913340530254774e-06,1.5027162384034857e-06,Canada,CAN,,gcp,northamerica-northeast2,Linux-6.8.0-1032-gcp-x86_64-with-glibc2.35,3.12.11,3.0.4,2,Intel(R) Xeon(R) CPU @ 2.60GHz,,,,,15.61648178100586,machine,Y,1.0
2025-07-28T06:46:02,scipy-benchmark,07af470b-5a99-4975-91f7-a18714e3a5dc,scipy_LMC001_56f8cd5d,1.0017493090126663,7.063513801032162e-08,7.051179109865349e-08,0.8,0.0,10.0,1.1139042132223646e-07,0.0,1.391484855493117e-06,1.5028752768153532e-06,Canada,CAN,,gcp,northamerica-northeast2,Linux-6.8.0-1032-gcp-x86_64-with-glibc2.35,3.12.11,3.0.4,2,Intel(R) Xeon(R) CPU @ 2.60GHz,,,,,15.61648178100586,machine,Y,1.0
2025-07-28T06:47:22,scipy-benchmark,ce4126f6-5807-4bc7-8200-02b0f0c97697,scipy_LMC001_56f8cd5d,1.0016639570239931,7.062882327666094e-08,7.051149517898559e-08,0.8,0.0,10.0,1.1137319268244837e-07,0.0,1.3913677280975712e-06,1.5027409207800195e-06,Canada,CAN,,gcp,northamerica-northeast2,Linux-6.8.0-1032-gcp-x86_64-with-glibc2.35,3.12.11,3.0.4,2,Intel(R) Xeon(R) CPU @ 2.60GHz,,,,,15.61648178100586,machine,Y,1.0
2025-07-28T06:47:25,scipy-benchmark,ec5ede21-20e3-438c-86e8-accdd5fbdf2f,scipy_LMC001_56f8cd5d,1.0017105820588768,7.062721487833187e-08,7.050660754044094e-08,0.8,0.0,10.0,1.1137379643817745e-07,0.0,1.3913329031007986e-06,1.502706699538976e-06,Canada,CAN,,gcp,northamerica-northeast2,Linux-6.8.0-1032-gcp-x86_64-with-glibc2.35,3.12.11,3.0.4,2,Intel(R) Xeon(R) CPU @ 2.60GHz,,,,,15.61648178100586,machine,Y,1.0
2025-07-28T06:47:37,scipy-benchmark,7c749279-a6bc-49bf-9c28-fe735793b368,scipy_LMC001_56f8cd5d,1.0018012418877331,7.063728026243755e-08,7.05102742030275e-08,0.8,0.0,10.0,1.1139837378222081e-07,0.0,1.3915224828653866e-06,1.5029208566476074e-06,Canada,CAN,,gcp,northamerica-northeast2,Linux-6.8.0-1032-gcp-x86_64-with-glibc2.35,3.12.11,3.0.4,2,Intel(R) Xeon(R) CPU @ 2.60GHz,,,,,15.61648178100586,machine,Y,1.0
2025-07-28T06:47:39,scipy-benchmark,1f0c8cb4-f909-4ed6-861e-156d03f44137,scipy_LMC001_56f8cd5d,1.0016908501274884,7.062378711201663e-08,7.050457444333061e-08,0.8,0.0,10.0,1.113737735690342e-07,0.0,1.3912599947717451e-06,1.5026337683407797e-06,Canada,CAN,,gcp,northamerica-northeast2,Linux-6.8.0-1032-gcp-x86_64-with-glibc2.35,3.12.11,3.0.4,2,Intel(R) Xeon(R) CPU @ 2.60GHz,,,,,15.61648178100586,machine,Y,1.0
2025-07-28T06:47:41,scipy-benchmark,6c086630-1dee-41cb-a303-f8632232e456,scipy_LMC001_56f8cd5d,1.0017600471619517,7.063167080164163e-08,7.05075741458701e-08,0.8,0.0,10.0,1.1139167865945237e-07,0.0,1.3914098277584546e-06,1.502801506417907e-06,Canada,CAN,,gcp,northamerica-northeast2,Linux-6.8.0-1032-gcp-x86_64-with-glibc2.35,3.12.11,3.0.4,2,Intel(R) Xeon(R) CPU @ 2.60GHz,,,,,15.61648178100586,machine,Y,1.0
2025-07-28T06:47:43,scipy-benchmark,6ce009fa-3fa9-4e3a-9401-a282869c93d0,scipy_LMC001_56f8cd5d,1.0017414239700884,7.062959574708817e-08,7.050681349201863e-08,0.8,0.0,10.0,1.1138129223965937e-07,0.0,1.3913760640813657e-06,1.502757356321025e-06,Canada,CAN,,gcp,northamerica-northeast2,Linux-6.8.0-1032-gcp-x86_64-with-glibc2.35,3.12.11,3.0.4,2,Intel(R) Xeon(R) CPU @ 2.60GHz,,,,,15.61648178100586,machine,Y,1.0
2025-07-28T06:47:45,scipy-benchmark,fa5178d3-bcf5-49ef-a3d5-965325cff06f,scipy_LMC001_56f8cd5d,1.0017331480048597,7.06339451569236e-08,7.051173787909926e-08,0.8,0.0,10.0,1.1138536046362586e-07,0.0,1.3914645364921954e-06,1.5028498969558212e-06,Canada,CAN,,gcp,northamerica-northeast2,Linux-6.8.0-1032-gcp-x86_64-with-glibc2.35,3.12.11,3.0.4,2,Intel(R) Xeon(R) CPU @ 2.60GHz,,,,,15.61648178100586,machine,Y,1.0
2025-07-28T06:47:47,scipy-benchmark,b83e321c-1d6e-4c28-989d-6dc26e6e8280,scipy_LMC001_56f8cd5d,1.0017077731899915,7.062915265925921e-08,7.050873972389866e-08,0.8000072,0.0,10.0,1.1137914532391945e-07,0.0,1.3913687835964892e-06,1.502747928920409e-06,Canada,CAN,,gcp,northamerica-northeast2,Linux-6.8.0-1032-gcp-x86_64-with-glibc2.35,3.12.11,3.0.4,2,Intel(R) Xeon(R) CPU @ 2.60GHz,,,,,15.61648178100586,machine,Y,1.0
2025-07-28T06:47:50,scipy-benchmark,61e1ccc6-9741-4b4d-bd7f-3d1dd28f7922,scipy_LMC001_56f8cd5d,1.0017162919975815,7.063153906689129e-08,7.051052242151394e-08,0.8,0.0,10.0,1.113840484370788e-07,0.0,1.3914146551137998e-06,1.5027987035508786e-06,Canada,CAN,,gcp,northamerica-northeast2,Linux-6.8.0-1032-gcp-x86_64-with-glibc2.35,3.12.11,3.0.4,2,Intel(R) Xeon(R) CPU @ 2.60GHz,,,,,15.61648178100586,machine,Y,1.0
2025-07-28T06:47:52,scipy-benchmark,c749675e-dc1d-4452-9ddf-cd355eb5b6bd,scipy_LMC001_56f8cd5d,1.0016870128456503,7.063205771957937e-08,7.0513101212048e-08,0.8,0.0,10.0,1.113795195188789e-07,0.0,1.391430219195576e-06,1.5028097387144547e-06,Canada,CAN,,gcp,northamerica-northeast2,Linux-6.8.0-1032-gcp-x86_64-with-glibc2.35,3.12.11,3.0.4,2,Intel(R) Xeon(R) CPU @ 2.60GHz,,,,,15.61648178100586,machine,Y,1.0
2025-07-28T06:47:54,scipy-benchmark,09e85183-9332-4ce8-96b9-504c5dfd8fd1,scipy_LMC001_56f8cd5d,1.001652481034398,7.062641340276848e-08,7.050989713501551e-08,0.8,0.0,10.0,1.1137446088509428e-07,0.0,1.39131518598232e-06,1.5026896468674144e-06,Canada,CAN,,gcp,northamerica-northeast2,Linux-6.8.0-1032-gcp-x86_64-with-glibc2.35,3.12.11,3.0.4,2,Intel(R) Xeon(R) CPU @ 2.60GHz,,,,,15.61648178100586,machine,Y,1.0
2025-07-28T06:47:56,scipy-benchmark,1065a308-fe3e-4dae-bafb-80af184f7e1e,scipy_LMC001_56f8cd5d,1.001695699058473,7.062980947317555e-08,7.051024531657952e-08,0.8,0.0,10.0,1.1138101160112354e-07,0.0,1.3913808920834629e-06,1.5027619036845862e-06,Canada,CAN,,gcp,northamerica-northeast2,Linux-6.8.0-1032-gcp-x86_64-with-glibc2.35,3.12.11,3.0.4,2,Intel(R) Xeon(R) CPU @ 2.60GHz,,,,,15.61648178100586,machine,Y,1.0
2025-07-28T06:47:58,scipy-benchmark,b845dc13-8565-4fe2-afb9-06506571e395,scipy_LMC001_56f8cd5d,1.0024869448971003,7.062771247661051e-08,7.045250098878849e-08,0.8,0.0,10.0,1.113777175649173e-07,0.0,1.3913395691714767e-06,1.502717286736394e-06,Canada,CAN,,gcp,northamerica-northeast2,Linux-6.8.0-1032-gcp-x86_64-with-glibc2.35,3.12.11,3.0.4,2,Intel(R) Xeon(R) CPU @ 2.60GHz,,,,,15.61648178100586,machine,Y,1.0
2025-07-28T06:48:00,scipy-benchmark,06d7c4e8-5121-4255-a4c8-ada2ade90441,scipy_LMC001_56f8cd5d,1.00173228001222,7.063141314411124e-08,7.050927134268808e-08,0.8,0.0,10.0,1.1138292402029038e-07,0.0,1.3914131003225017e-06,1.502796024342792e-06,Canada,CAN,,gcp,northamerica-northeast2,Linux-6.8.0-1032-gcp-x86_64-with-glibc2.35,3.12.11,3.0.4,2,Intel(R) Xeon(R) CPU @ 2.60GHz,,,,,15.61648178100586,machine,Y,1.0
2025-07-28T06:48:02,scipy-benchmark,9135428c-6cae-4749-b44d-e66df40d69a6,scipy_LMC001_56f8cd5d,1.0017334499862045,7.063343744970754e-08,7.051120979406278e-08,0.8,0.0,10.0,1.1139481380167937e-07,0.0,1.3914442808729492e-06,1.5028390946746289e-06,Canada,CAN,,gcp,northamerica-northeast2,Linux-6.8.0-1032-gcp-x86_64-with-glibc2.35,3.12.11,3.0.4,2,Intel(R) Xeon(R) CPU @ 2.60GHz,,,,,15.61648178100586,machine,Y,1.0
2025-07-28T06:48:04,scipy-benchmark,703b8f4a-658f-4da9-bcd7-ab9098fb5d30,scipy_LMC001_56f8cd5d,1.0015897802077234,7.062428768437048e-08,7.051218880220948e-08,0.8,0.0,10.0,1.1135925181830925e-07,0.0,1.3912851669980836e-06,1.5026444188163928e-06,Canada,CAN,,gcp,northamerica-northeast2,Linux-6.8.0-1032-gcp-x86_64-with-glibc2.35,3.12.11,3.0.4,2,Intel(R) Xeon(R) CPU @ 2.60GHz,,,,,15.61648178100586,machine,Y,1.0
2025-07-28T06:48:07,scipy-benchmark,429cdca6-2e02-445e-9ee2-401034d2e6c0,scipy_LMC001_56f8cd5d,1.0016749890055507,7.062182344910171e-08,7.05037304757046e-08,0.8,0.0,10.0,1.1137483822595744e-07,0.0,1.3912171500528024e-06,1.5025919882787598e-06,Canada,CAN,,gcp,northamerica-northeast2,Linux-6.8.0-1032-gcp-x86_64-with-glibc2.35,3.12.11,3.0.4,2,Intel(R) Xeon(R) CPU @ 2.60GHz,,,,,15.61648178100586,machine,Y,1.0
2025-07-28T06:48:09,scipy-benchmark,1d0ce62d-b1cf-488c-81ba-2e8dbbc8e807,scipy_LMC001_56f8cd5d,1.0017143699806184,7.06293185063793e-08,7.050844095183128e-08,0.8,0.0,10.0,1.113885911181569e-07,0.0,1.3913628664643813e-06,1.5027514575825385e-06,Canada,CAN,,gcp,northamerica-northeast2,Linux-6.8.0-1032-gcp-x86_64-with-glibc2.35,3.12.11,3.0.4,2,Intel(R) Xeon(R) CPU @ 2.60GHz,,,,,15.61648178100586,machine,Y,1.0
2025-07-28T06:48:11,scipy-benchmark,91c4ac0a-b750-48ef-bc94-d384f60260cd,scipy_LMC001_56f8cd5d,1.001783458981663,7.063075229026275e-08,7.05050094978216e-08,0.8,0.0,10.0,1.113840833099352e-07,0.0,1.391397880312676e-06,1.5027819636226113e-06,Canada,CAN,,gcp,northamerica-northeast2,Linux-6.8.0-1032-gcp-x86_64-with-glibc2.35,3.12.11,3.0.4,2,Intel(R) Xeon(R) CPU @ 2.60GHz,,,,,15.61648178100586,machine,Y,1.0
2025-07-28T06:48:13,scipy-benchmark,8e5bde9e-f2db-4248-908e-6d065f812635,scipy_LMC001_56f8cd5d,1.0016624960117042,7.062775143748149e-08,7.051052796595495e-08,0.8,0.0,10.0,1.1136874887678361e-07,0.0,1.391349366814312e-06,1.5027181156910954e-06,Canada,CAN,,gcp,northamerica-northeast2,Linux-6.8.0-1032-gcp-x86_64-with-glibc2.35,3.12.11,3.0.4,2,Intel(R) Xeon(R) CPU @ 2.60GHz,,,,,15.61648178100586,machine,Y,1.0
2025-07-28T06:48:15,scipy-benchmark,4f03db73-a4ce-409f-83f9-fadc86209ea9,scipy_LMC001_56f8cd5d,1.0016294119413942,7.062686232762e-08,7.051196928285929e-08,0.8,0.0,10.0,1.1137406802218821e-07,0.0,1.3913251304378114e-06,1.5026991984599995e-06,Canada,CAN,,gcp,northamerica-northeast2,Linux-6.8.0-1032-gcp-x86_64-with-glibc2.35,3.12.11,3.0.4,2,Intel(R) Xeon(R) CPU @ 2.60GHz,,,,,15.61648178100586,machine,Y,1.0
2025-07-28T06:48:17,scipy-benchmark,e25a5c50-3337-40db-961b-73115fdd575d,scipy_LMC001_56f8cd5d,1.0016280519776046,7.062424068036489e-08,7.05094476347034e-08,0.8,0.0,10.0,1.113683190714154e-07,0.0,1.3912750996597526e-06,1.502643418731168e-06,Canada,CAN,,gcp,northamerica-northeast2,Linux-6.8.0-1032-gcp-x86_64-with-glibc2.35,3.12.11,3.0.4,2,Intel(R) Xeon(R) CPU @ 2.60GHz,,,,,15.61648178100586,machine,Y,1.0
2025-07-28T06:48:19,scipy-benchmark,f401c2b1-721f-4158-81f8-b968459b7c42,scipy_LMC001_56f8cd5d,1.0017150309868157,7.063476650991167e-08,7.051383310114404e-08,0.8,0.0,10.0,1.1138644219479629e-07,0.0,1.3914809303565155e-06,1.502867372551312e-06,Canada,CAN,,gcp,northamerica-northeast2,Linux-6.8.0-1032-gcp-x86_64-with-glibc2.35,3.12.11,3.0.4,2,Intel(R) Xeon(R) CPU @ 2.60GHz,,,,,15.61648178100586,machine,Y,1.0
2025-07-28T06:48:21,scipy-benchmark,38bb124d-0d63-4e15-8d1a-b26e86b574b3,scipy_LMC001_56f8cd5d,1.0015779160894454,7.062660930872273e-08,7.051534201600293e-08,0.8,0.0,10.0,1.113669597543776e-07,0.0,1.3913268553248295e-06,1.502693815079207e-06,Canada,CAN,,gcp,northamerica-northeast2,Linux-6.8.0-1032-gcp-x86_64-with-glibc2.35,3.12.11,3.0.4,2,Intel(R) Xeon(R) CPU @ 2.60GHz,,,,,15.61648178100586,machine,Y,1.0
2025-07-28T06:48:24,scipy-benchmark,e128f121-3fdc-42f1-966e-a65f32ccc914,scipy_LMC001_56f8cd5d,1.001618891954422,7.062207082139017e-08,7.050792610709242e-08,0.8,0.0,10.0,1.1136324000027445e-07,0.0,1.3912340115186655e-06,1.50259725151894e-06,Canada,CAN,,gcp,northamerica-northeast2,Linux-6.8.0-1032-gcp-x86_64-with-glibc2.35,3.12.11,3.0.4,2,Intel(R) Xeon(R) CPU @ 2.60GHz,,,,,15.61648178100586,machine,Y,1.0
2025-07-28T06:48:26,scipy-benchmark,7ce9c206-191d-4c6c-bbff-7a0ca7351259,scipy_LMC001_56f8cd5d,1.0017302201595155,7.062830296914197e-08,7.050631152756387e-08,0.8,0.0,10.0,1.113775473398467e-07,0.0,1.3913523030674291e-06,1.5027298504072758e-06,Canada,CAN,,gcp,northamerica-northeast2,Linux-6.8.0-1032-gcp-x86_64-with-glibc2.35,3.12.11,3.0.4,2,Intel(R) Xeon(R) CPU @ 2.60GHz,,,,,15.61648178100586,machine,Y,1.0
2025-07-28T06:48:28,scipy-benchmark,a380a6f9-c486-41c6-b7cc-aabcc58d63a3,scipy_LMC001_56f8cd5d,1.0016593041364104,7.06249932891741e-08,7.050799907465949e-08,0.8,0.0,10.0,1.1137900667058097e-07,0.0,1.3912804250139743e-06,1.5026594316845552e-06,Canada,CAN,,gcp,northamerica-northeast2,Linux-6.8.0-1032-gcp-x86_64-with-glibc2.35,3.12.11,3.0.4,2,Intel(R) Xeon(R) CPU @ 2.60GHz,,,,,15.61648178100586,machine,Y,1.0
2025-07-28T06:48:30,scipy-benchmark,58d4adf5-b8bb-4c10-8a4f-9ddd0f60d907,scipy_LMC001_56f8cd5d,1.0017002229578793,7.062460525747804e-08,7.050473149435221e-08,0.8,0.0,10.0,1.1137106176465749e-07,0.0,1.3912801139263642e-06,1.5026511756910218e-06,Canada,CAN,,gcp,northamerica-northeast2,Linux-6.8.0-1032-gcp-x86_64-with-glibc2.35,3.12.11,3.0.4,2,Intel(R) Xeon(R) CPU @ 2.60GHz,,,,,15.61648178100586,machine,Y,1.0
2025-07-28T06:48:32,scipy-benchmark,9fcac565-f96a-4a91-9b66-b7a2139fd8d3,scipy_LMC001_56f8cd5d,1.0016546971164644,7.062916076610177e-08,7.051248396221477e-08,0.8,0.0,10.0,1.113784091236691e-07,0.0,1.3913696922827511e-06,1.5027481014064203e-06,Canada,CAN,,gcp,northamerica-northeast2,Linux-6.8.0-1032-gcp-x86_64-with-glibc2.35,3.12.11,3.0.4,2,Intel(R) Xeon(R) CPU @ 2.60GHz,,,,,15.61648178100586,machine,Y,1.0
2025-07-28T06:48:34,scipy-benchmark,e44e3c1e-40c0-402e-8742-32c64afb963d,scipy_LMC001_56f8cd5d,1.0017758978065103,7.065287611804283e-08,7.05276262612671e-08,0.8,0.0,10.0,1.1140900286328465e-07,0.0,1.391843680499329e-06,1.5032526833626134e-06,Canada,CAN,,gcp,northamerica-northeast2,Linux-6.8.0-1032-gcp-x86_64-with-glibc2.35,3.12.11,3.0.4,2,Intel(R) Xeon(R) CPU @ 2.60GHz,,,,,15.61648178100586,machine,Y,1.0
2025-07-28T06:48:36,scipy-benchmark,a1312ca8-35d9-4ea0-80ef-efa8d99c6efa,scipy_LMC001_56f8cd5d,1.0016470819246024,7.062932958073602e-08,7.051318858237591e-08,0.8,0.0,10.0,1.113792962084214e-07,0.0,1.3913723969987282e-06,1.5027516932071496e-06,Canada,CAN,,gcp,northamerica-northeast2,Linux-6.8.0-1032-gcp-x86_64-with-glibc2.35,3.12.11,3.0.4,2,Intel(R) Xeon(R) CPU @ 2.60GHz,,,,,15.61648178100586,machine,Y,1.0
2025-07-28T06:48:38,scipy-benchmark,c2c251d2-16e1-420a-b1b9-191fdb964781,scipy_LMC001_56f8cd5d,1.0017621940933168,7.062555535655055e-08,7.050131834978353e-08,0.8,0.0,10.0,1.1138227644066025e-07,0.0,1.3912891141242452e-06,1.5026713905649051e-06,Canada,CAN,,gcp,northamerica-northeast2,Linux-6.8.0-1032-gcp-x86_64-with-glibc2.35,3.12.11,3.0.4,2,Intel(R) Xeon(R) CPU @ 2.60GHz,,,,,15.61648178100586,machine,Y,1.0
2025-07-28T06:48:41,scipy-benchmark,bc260a31-f43e-498e-b06e-07c9f3f0ffb9,scipy_LMC001_56f8cd5d,1.0016239888500422,7.062092489661236e-08,7.050642325139573e-08,0.8,0.0,10.0,1.113678622059524e-07,0.0,1.391205007934736e-06,1.5025728701406884e-06,Canada,CAN,,gcp,northamerica-northeast2,Linux-6.8.0-1032-gcp-x86_64-with-glibc2.35,3.12.11,3.0.4,2,Intel(R) Xeon(R) CPU @ 2.60GHz,,,,,15.61648178100586,machine,Y,1.0
2025-07-28T06:48:43,scipy-benchmark,cf3ea2b9-b1eb-4d7c-9e9f-4d64171d12bf,scipy_LMC001_56f8cd5d,1.0016546049155295,7.062358719361428e-08,7.050692608713165e-08,0.8,0.0,10.0,1.1137267290097145e-07,0.0,1.3912568418567793e-06,1.5026295147577507e-06,Canada,CAN,,gcp,northamerica-northeast2,Linux-6.8.0-1032-gcp-x86_64-with-glibc2.35,3.12.11,3.0.4,2,Intel(R) Xeon(R) CPU @ 2.60GHz,,,,,15.61648178100586,machine,Y,1.0
2025-07-28T06:48:45,scipy-benchmark,dbd88625-ce6f-42ff-a962-98990312aee7,scipy_LMC001_56f8cd5d,1.00166744296439,7.062561414730852e-08,7.050804600206949e-08,0.8000072,0.0,10.0,1.1138000509761417e-07,0.0,1.391292636334482e-06,1.502672641432096e-06,Canada,CAN,,gcp,northamerica-northeast2,Linux-6.8.0-1032-gcp-x86_64-with-glibc2.35,3.12.11,3.0.4,2,Intel(R) Xeon(R) CPU @ 2.60GHz,,,,,15.61648178100586,machine,Y,1.0
2025-07-28T06:48:47,scipy-benchmark,f7a75f36-5a4c-4704-9e37-7bfa20432ae9,scipy_LMC001_56f8cd5d,1.00167115801014,7.062837602934563e-08,7.051054177266293e-08,0.8000072,0.0,10.0,1.113764714727433e-07,0.0,1.3913549334069509e-06,1.502731404879694e-06,Canada,CAN,,gcp,northamerica-northeast2,Linux-6.8.0-1032-gcp-x86_64-with-glibc2.35,3.12.11,3.0.4,2,Intel(R) Xeon(R) CPU @ 2.60GHz,,,,,15.61648178100586,machine,Y,1.0
2025-07-28T06:48:49,scipy-benchmark,0b112ccd-c97a-44f0-ba74-3a85115b2d89,scipy_LMC001_56f8cd5d,1.0016454220749438,7.06231319473332e-08,7.050711797896993e-08,0.8,0.0,10.0,1.113699620279173e-07,0.0,1.3912498666387464e-06,1.5026198286666638e-06,Canada,CAN,,gcp,northamerica-northeast2,Linux-6.8.0-1032-gcp-x86_64-with-glibc2.35,3.12.11,3.0.4,2,Intel(R) Xeon(R) CPU @ 2.60GHz,,,,,15.61648178100586,machine,Y,1.0
2025-07-28T06:48:51,scipy-benchmark,8b212c29-dca9-407f-84a5-477ad6c8c7a4,scipy_LMC001_56f8cd5d,1.0016657640226183,7.062373120280813e-08,7.05062843709345e-08,0.8,0.0,10.0,1.1136483980549709e-07,0.0,1.3912677389776543e-06,1.5026325787831517e-06,Canada,CAN,,gcp,northamerica-northeast2,Linux-6.8.0-1032-gcp-x86_64-with-glibc2.35,3.12.11,3.0.4,2,Intel(R) Xeon(R) CPU @ 2.60GHz,,,,,15.61648178100586,machine,Y,1.0
2025-07-28T06:48:53,scipy-benchmark,1740c9c5-08e5-4b3e-b195-f61e079af68b,scipy_LMC001_56f8cd5d,1.0016716250684112,7.062567824311862e-08,7.05078156110243e-08,0.8000072,0.0,10.0,1.113771106244825e-07,0.0,1.3912968945482538e-06,1.5026740051727363e-06,Canada,CAN,,gcp,northamerica-northeast2,Linux-6.8.0-1032-gcp-x86_64-with-glibc2.35,3.12.11,3.0.4,2,Intel(R) Xeon(R) CPU @ 2.60GHz,,,,,15.61648178100586,machine,Y,1.0
2025-07-28T06:48:55,scipy-benchmark,01520821-b6a5-46bd-977f-2f1a21740532,scipy_LMC001_56f8cd5d,1.001718598883599,7.062955758992275e-08,7.050838196339606e-08,0.8,0.0,10.0,1.113787975369229e-07,0.0,1.391377746929518e-06,1.5027565444664409e-06,Canada,CAN,,gcp,northamerica-northeast2,Linux-6.8.0-1032-gcp-x86_64-with-glibc2.35,3.12.11,3.0.4,2,Intel(R) Xeon(R) CPU @ 2.60GHz,,,,,15.61648178100586,machine,Y,1.0
2025-07-28T06:48:58,scipy-benchmark,918e133d-af62-4bee-87b9-ab8fe8884094,scipy_LMC001_56f8cd5d,1.0016558079514652,7.062346982099635e-08,7.050672422639052e-08,0.8,0.0,10.0,1.113718093062441e-07,0.0,1.391255208161763e-06,1.5026270174680072e-06,Canada,CAN,,gcp,northamerica-northeast2,Linux-6.8.0-1032-gcp-x86_64-with-glibc2.35,3.12.11,3.0.4,2,Intel(R) Xeon(R) CPU @ 2.60GHz,,,,,15.61648178100586,machine,Y,1.0
2025-07-28T06:49:00,scipy-benchmark,ad1bbef3-25c8-4add-ab61-aa148b5f8db9,scipy_LMC001_56f8cd5d,1.0016426399815828,7.062630790578098e-08,7.051048456471424e-08,0.8,0.0,10.0,1.113714382259383e-07,0.0,1.3913159640247209e-06,1.5026874022506591e-06,Canada,CAN,,gcp,northamerica-northeast2,Linux-6.8.0-1032-gcp-x86_64-with-glibc2.35,3.12.11,3.0.4,2,Intel(R) Xeon(R) CPU @ 2.60GHz,,,,,15.61648178100586,machine,Y,1.0
2025-07-28T06:49:02,scipy-benchmark,e94b1406-4649-4119-a5b1-8ca2fb516550,scipy_LMC001_56f8cd5d,1.0016945709940046,7.06337112043549e-08,7.05142198527276e-08,0.8000072,0.0,10.0,1.1138293289169777e-07,0.0,1.3914619863498957e-06,1.5028449192415935e-06,Canada,CAN,,gcp,northamerica-northeast2,Linux-6.8.0-1032-gcp-x86_64-with-glibc2.35,3.12.11,3.0.4,2,Intel(R) Xeon(R) CPU @ 2.60GHz,,,,,15.61648178100586,machine,Y,1.0
2025-07-28T06:49:04,scipy-benchmark,f399c2ab-9252-40f7-a70e-258cf242d0a8,scipy_LMC001_56f8cd5d,1.0016257730312643,7.062032226095392e-08,7.050569600184357e-08,0.8,0.0,10.0,1.1136488114587137e-07,0.0,1.3911951669595307e-06,1.5025600481054022e-06,Canada,CAN,,gcp,northamerica-northeast2,Linux-6.8.0-1032-gcp-x86_64-with-glibc2.35,3.12.11,3.0.4,2,Intel(R) Xeon(R) CPU @ 2.60GHz,,,,,15.61648178100586,machine,Y,1.0
2025-07-28T06:49:06,scipy-benchmark,cb186003-735e-489d-b933-20f8966142a6,scipy_LMC001_56f8cd5d,1.0016473440919071,7.062973963469269e-08,7.05135795060941e-08,0.8,0.0,10.0,1.1137939244508745e-07,0.0,1.391381025314331e-06,1.5027604177594183e-06,Canada,CAN,,gcp,northamerica-northeast2,Linux-6.8.0-1032-gcp-x86_64-with-glibc2.35,3.12.11,3.0.4,2,Intel(R) Xeon(R) CPU @ 2.60GHz,,,,,15.61648178100586,machine,Y,1.0
2025-07-28T06:49:08,scipy-benchmark,d6eff98c-c793-432f-92d1-6da15dd0ab24,scipy_LMC001_56f8cd5d,1.001677175052464,7.062137310408678e-08,7.050312701833093e-08,0.8,0.0,10.0,1.1137037869128916e-07,0.0,1.3912120277786425e-06,1.5025824064699317e-06,Canada,CAN,,gcp,northamerica-northeast2,Linux-6.8.0-1032-gcp-x86_64-with-glibc2.35,3.12.11,3.0.4,2,Intel(R) Xeon(R) CPU @ 2.60GHz,,,,,15.61648178100586,machine,Y,1.0
2025-07-28T06:49:10,scipy-benchmark,e686e39e-e270-42e2-8bb8-a1e39f8e6932,scipy_LMC001_56f8cd5d,1.0015909969806671,7.062276250421484e-08,7.051058038371928e-08,0.8,0.0,10.0,1.1136216556446424e-07,0.0,1.3912498026103196e-06,1.5026119681747838e-06,Canada,CAN,,gcp,northamerica-northeast2,Linux-6.8.0-1032-gcp-x86_64-with-glibc2.35,3.12.11,3.0.4,2,Intel(R) Xeon(R) CPU @ 2.60GHz,,,,,15.61648178100586,machine,Y,1.0
2025-07-28T06:49:12,scipy-benchmark,1bd90109-a369-40b8-acae-c848f42b0f7b,scipy_LMC001_56f8cd5d,1.001554990187287,7.061952795308188e-08,7.050988577259873e-08,0.8,0.0,10.0,1.1136153624910449e-07,0.0,1.3911816116888076e-06,1.502543147937912e-06,Canada,CAN,,gcp,northamerica-northeast2,Linux-6.8.0-1032-gcp-x86_64-with-glibc2.35,3.12.11,3.0.4,2,Intel(R) Xeon(R) CPU @ 2.60GHz,,,,,15.61648178100586,machine,Y,1.0
2025-07-28T06:49:14,scipy-benchmark,c16fedf7-52f5-4870-8bcf-36232eedbb15,scipy_LMC001_56f8cd5d,1.0017203560564667,7.06269492664271e-08,7.05056544368016e-08,0.8,0.0,10.0,1.1137397623517448e-07,0.0,1.3913270719866786e-06,1.502701048221853e-06,Canada,CAN,,gcp,northamerica-northeast2,Linux-6.8.0-1032-gcp-x86_64-with-glibc2.35,3.12.11,3.0.4,2,Intel(R) Xeon(R) CPU @ 2.60GHz,,,,,15.61648178100586,machine,Y,1.0
2025-07-28T06:49:17,scipy-benchmark,36a3d6b7-92ce-4bae-9eb1-aa30600c5572,scipy_LMC001_56f8cd5d,1.001719414955005,7.062916516310205e-08,7.050793276905245e-08,0.8000072,0.0,10.0,1.1138968695553505e-07,0.0,1.3913585080040829e-06,1.5027481949596178e-06,Canada,CAN,,gcp,northamerica-northeast2,Linux-6.8.0-1032-gcp-x86_64-with-glibc2.35,3.12.11,3.0.4,2,Intel(R) Xeon(R) CPU @ 2.60GHz,,,,,15.61648178100586,machine,Y,1.0
2025-07-28T06:49:19,scipy-benchmark,fd06f5e1-8fdd-4f16-8809-1220b99074f4,scipy_LMC001_56f8cd5d,1.0017362688668072,7.062975430323018e-08,7.050733461325964e-08,0.8,0.0,10.0,1.1138186598610548e-07,0.0,1.3913788638698558e-06,1.5027607298559613e-06,Canada,CAN,,gcp,northamerica-northeast2,Linux-6.8.0-1032-gcp-x86_64-with-glibc2.35,3.12.11,3.0.4,2,Intel(R) Xeon(R) CPU @ 2.60GHz,,,,,15.61648178100586,machine,Y,1.0
2025-07-28T06:49:21,scipy-benchmark,e76eab73-266a-4e03-b204-89b37f8fd111,scipy_LMC001_56f8cd5d,1.0017606869805604,7.064034077910603e-08,7.051618385227855e-08,0.8,0.0,10.0,1.1139464378356945e-07,0.0,1.3915913302399634e-06,1.502985974023533e-06,Canada,CAN,,gcp,northamerica-northeast2,Linux-6.8.0-1032-gcp-x86_64-with-glibc2.35,3.12.11,3.0.4,2,Intel(R) Xeon(R) CPU @ 2.60GHz,,,,,15.61648178100586,machine,Y,1.0
2025-07-28T06:49:23,scipy-benchmark,06a9e6a9-0cd8-4b3c-8db8-cde23b977bc6,scipy_LMC001_56f8cd5d,1.0017622208688408,7.062232348767836e-08,7.049809028177039e-08,0.8,0.0,10.0,1.1138142997192012e-07,0.0,1.3912211974254912e-06,1.5026026273974113e-06,Canada,CAN,,gcp,northamerica-northeast2,Linux-6.8.0-1032-gcp-x86_64-with-glibc2.35,3.12.11,3.0.4,2,Intel(R) Xeon(R) CPU @ 2.60GHz,,,,,15.61648178100586,machine,Y,1.0
2025-07-28T06:49:25,scipy-benchmark,0aade844-9114-4557-aa3c-c4324557117d,scipy_LMC001_56f8cd5d,1.0016935840249062,7.062907253309563e-08,7.05096585018553e-08,0.8000072,0.0,10.0,1.1137625436914921e-07,0.0,1.3913699697392685e-06,1.5027462241084177e-06,Canada,CAN,,gcp,northamerica-northeast2,Linux-6.8.0-1032-gcp-x86_64-with-glibc2.35,3.12.11,3.0.4,2,Intel(R) Xeon(R) CPU @ 2.60GHz,,,,,15.61648178100586,machine,Y,1.0
2025-07-28T06:49:27,scipy-benchmark,6904c49e-c5e5-491c-921f-75c1775de439,scipy_LMC001_56f8cd5d,1.0017292459961027,7.063021995755844e-08,7.050829377285969e-08,0.8,0.0,10.0,1.113880980345938e-07,0.0,1.3913825393602666e-06,1.5027706373948604e-06,Canada,CAN,,gcp,northamerica-northeast2,Linux-6.8.0-1032-gcp-x86_64-with-glibc2.35,3.12.11,3.0.4,2,Intel(R) Xeon(R) CPU @ 2.60GHz,,,,,15.61648178100586,machine,Y,1.0
2025-07-28T06:49:29,scipy-benchmark,764037a2-f8c9-46c0-9c6c-dcadd822b51c,scipy_LMC001_56f8cd5d,1.0016759920399636,7.062221105037153e-08,7.050404682910077e-08,0.8,0.0,10.0,1.1136717690775793e-07,0.0,1.39123305820653e-06,1.502600235114288e-06,Canada,CAN,,gcp,northamerica-northeast2,Linux-6.8.0-1032-gcp-x86_64-with-glibc2.35,3.12.11,3.0.4,2,Intel(R) Xeon(R) CPU @ 2.60GHz,,,,,15.61648178100586,machine,Y,1.0
2025-07-28T06:49:31,scipy-benchmark,df2aa882-efef-4d31-9532-e5330971133f,scipy_LMC001_56f8cd5d,1.0016998969949782,7.062771078408696e-08,7.050785469377067e-08,0.8,0.0,10.0,1.1137676445974245e-07,0.0,1.391340486265512e-06,1.5027172507252543e-06,Canada,CAN,,gcp,northamerica-northeast2,Linux-6.8.0-1032-gcp-x86_64-with-glibc2.35,3.12.11,3.0.4,2,Intel(R) Xeon(R) CPU @ 2.60GHz,,,,,15.61648178100586,machine,Y,1.0
2025-07-28T06:49:34,scipy-benchmark,6f2cd92b-1e48-47c5-91e1-5de82a902141,scipy_LMC001_56f8cd5d,1.0016304089222103,7.063283254640799e-08,7.05178595989427e-08,0.8,0.0,10.0,1.1137550510466101e-07,0.0,1.391450719286998e-06,1.502826224391659e-06,Canada,CAN,,gcp,northamerica-northeast2,Linux-6.8.0-1032-gcp-x86_64-with-glibc2.35,3.12.11,3.0.4,2,Intel(R) Xeon(R) CPU @ 2.60GHz,,,,,15.61648178100586,machine,Y,1.0
2025-07-28T06:49:36,scipy-benchmark,d567fd68-1d6e-41ab-8b1e-d3fcac5c9876,scipy_LMC001_56f8cd5d,1.0015480399597436,7.061822406250405e-08,7.050907319966648e-08,0.8000072,0.0,10.0,1.113559115140284e-07,0.0,1.3911594940711645e-06,1.5025154055851927e-06,Canada,CAN,,gcp,northamerica-northeast2,Linux-6.8.0-1032-gcp-x86_64-with-glibc2.35,3.12.11,3.0.4,2,Intel(R) Xeon(R) CPU @ 2.60GHz,,,,,15.61648178100586,machine,Y,1.0
2025-07-28T06:49:38,scipy-benchmark,f7c14b4f-965e-404b-970e-59d9bbd394d8,scipy_LMC001_56f8cd5d,1.0017153820954263,7.063033776911389e-08,7.05093872287023e-08,0.8,0.0,10.0,1.1138514155108069e-07,0.0,1.3913880024726192e-06,1.5027731440236998e-06,Canada,CAN,,gcp,northamerica-northeast2,Linux-6.8.0-1032-gcp-x86_64-with-glibc2.35,3.12.11,3.0.4,2,Intel(R) Xeon(R) CPU @ 2.60GHz,,,,,15.61648178100586,machine,Y,1.0
2025-07-28T06:49:40,scipy-benchmark,f327dd91-eb63-445f-9848-396064581fe3,scipy_LMC001_56f8cd5d,1.001630282960832,7.062417641310538e-08,7.050922642268704e-08,0.8,0.0,10.0,1.11370868411743e-07,0.0,1.3912711829309248e-06,1.5026420513426678e-06,Canada,CAN,,gcp,northamerica-northeast2,Linux-6.8.0-1032-gcp-x86_64-with-glibc2.35,3.12.11,3.0.4,2,Intel(R) Xeon(R) CPU @ 2.60GHz,,,,,15.61648178100586,machine,Y,1.0
2025-07-28T06:49:42,scipy-benchmark,1af88776-c8b0-4c9e-9c3d-ac473ae52089,scipy_LMC001_56f8cd5d,1.0016697109676898,7.062578787305391e-08,7.050805979230817e-08,0.8,0.0,10.0,1.113711602261497e-07,0.0,1.3913051774984018e-06,1.5026763377245514e-06,Canada,CAN,,gcp,northamerica-northeast2,Linux-6.8.0-1032-gcp-x86_64-with-glibc2.35,3.12.11,3.0.4,2,Intel(R) Xeon(R) CPU @ 2.60GHz,,,,,15.61648178100586,machine,Y,1.0
2025-07-28T06:49:44,scipy-benchmark,db01cf62-a8b8-46c5-91cf-3bf61b72fd72,scipy_LMC001_56f8cd5d,1.0018099460285157,7.063509765360505e-08,7.050748291492254e-08,0.8,0.0,10.0,1.113877653454741e-07,0.0,1.3914866528163354e-06,1.5028744181618095e-06,Canada,CAN,,gcp,northamerica-northeast2,Linux-6.8.0-1032-gcp-x86_64-with-glibc2.35,3.12.11,3.0.4,2,Intel(R) Xeon(R) CPU @ 2.60GHz,,,,,15.61648178100586,machine,Y,1.0
2025-07-28T06:49:46,scipy-benchmark,f52828ec-627b-42d7-a0b4-5ee95c78e349,scipy_LMC001_56f8cd5d,1.001617525005713,7.062787673302778e-08,7.051381886776087e-08,0.8000576,0.0,10.0,1.1137477332150525e-07,0.0,1.3913460082322771e-06,1.5027207815537824e-06,Canada,CAN,,gcp,northamerica-northeast2,Linux-6.8.0-1032-gcp-x86_64-with-glibc2.35,3.12.11,3.0.4,2,Intel(R) Xeon(R) CPU @ 2.60GHz,,,,,15.61648178100586,machine,Y,1.0
2025-07-28T06:49:48,scipy-benchmark,689a39f2-34fb-4671-ada1-bb556bc5b83b,scipy_LMC001_56f8cd5d,1.00162142701447,7.062051250692457e-08,7.05061918627509e-08,0.8,0.0,10.0,1.1136826019113265e-07,0.0,1.3911958357008797e-06,1.5025640958920122e-06,Canada,CAN,,gcp,northamerica-northeast2,Linux-6.8.0-1032-gcp-x86_64-with-glibc2.35,3.12.11,3.0.4,2,Intel(R) Xeon(R) CPU @ 2.60GHz,,,,,15.61648178100586,machine,Y,1.0
2025-07-28T06:49:51,scipy-benchmark,09dd3854-543c-4762-adb8-082a76823a35,scipy_LMC001_56f8cd5d,1.0016565250698477,7.06237452159791e-08,7.050694868787917e-08,0.8,0.0,10.0,1.1136993491608237e-07,0.0,1.391262942019643e-06,1.5026328769357254e-06,Canada,CAN,,gcp,northamerica-northeast2,Linux-6.8.0-1032-gcp-x86_64-with-glibc2.35,3.12.11,3.0.4,2,Intel(R) Xeon(R) CPU @ 2.60GHz,,,,,15.61648178100586,machine,Y,1.0
2025-07-28T06:49:53,scipy-benchmark,ea51a90f-2990-4b1f-a508-76b09e23deb1,scipy_LMC001_56f8cd5d,1.001761748921126,7.063568677339289e-08,7.051146327903404e-08,0.8,0.0,10.0,1.1138849400190845e-07,0.0,1.3914984586234722e-06,1.5028869526253809e-06,Canada,CAN,,gcp,northamerica-northeast2,Linux-6.8.0-1032-gcp-x86_64-with-glibc2.35,3.12.11,3.0.4,2,Intel(R) Xeon(R) CPU @ 2.60GHz,,,,,15.61648178100586,machine,Y,1.0
2025-07-28T06:49:55,scipy-benchmark,add1944c-1e17-4233-865f-2e248407c3f0,scipy_LMC001_56f8cd5d,1.0016636319924146,7.063015208274334e-08,7.05128446584933e-08,0.8,0.0,10.0,1.1137912375852469e-07,0.0,1.3913900694913331e-06,1.502769193249858e-06,Canada,CAN,,gcp,northamerica-northeast2,Linux-6.8.0-1032-gcp-x86_64-with-glibc2.35,3.12.11,3.0.4,2,Intel(R) Xeon(R) CPU @ 2.60GHz,,,,,15.61648178100586,machine,Y,1.0
2025-07-28T06:49:57,scipy-benchmark,a9e20c14-900e-44e8-bf48-814f171d89f7,scipy_LMC001_56f8cd5d,1.0015810739714652,7.062773990230118e-08,7.051624849723684e-08,0.8,0.0,10.0,1.1136975620562832e-07,0.0,1.3913481140560987e-06,1.502717870261727e-06,Canada,CAN,,gcp,northamerica-northeast2,Linux-6.8.0-1032-gcp-x86_64-with-glibc2.35,3.12.11,3.0.4,2,Intel(R) Xeon(R) CPU @ 2.60GHz,,,,,15.61648178100586,machine,Y,1.0
2025-07-28T06:49:59,scipy-benchmark,e05fddf8-9843-44cb-bce6-c513a1a63f9a,scipy_LMC001_56f8cd5d,1.001644239993766,7.062917413849694e-08,7.051323345995234e-08,0.8,0.0,10.0,1.1138164153736501e-07,0.0,1.3913667443881018e-06,1.5027483859254668e-06,Canada,CAN,,gcp,northamerica-northeast2,Linux-6.8.0-1032-gcp-x86_64-with-glibc2.35,3.12.11,3.0.4,2,Intel(R) Xeon(R) CPU @ 2.60GHz,,,,,15.61648178100586,machine,Y,1.0
2025-07-28T06:50:01,scipy-benchmark,73dd9952-e313-4448-8098-1b8d3d5ffa84,scipy_LMC001_56f8cd5d,1.0015149808023125,7.061639965157438e-08,7.050957899302081e-08,0.8,0.0,10.0,1.113499466640254e-07,0.0,1.3911266416673443e-06,1.50247658833137e-06,Canada,CAN,,gcp,northamerica-northeast2,Linux-6.8.0-1032-gcp-x86_64-with-glibc2.35,3.12.11,3.0.4,2,Intel(R) Xeon(R) CPU @ 2.60GHz,,,,,15.61648178100586,machine,Y,1.0
2025-07-28T06:50:03,scipy-benchmark,aab877ae-6625-4762-b97c-1899b699c8fb,scipy_LMC001_56f8cd5d,1.00165579887107,7.062304217671045e-08,7.050629792819759e-08,0.8,0.0,10.0,1.1136911333435112e-07,0.0,1.3912488053190623e-06,1.5026179186534135e-06,Canada,CAN,,gcp,northamerica-northeast2,Linux-6.8.0-1032-gcp-x86_64-with-glibc2.35,3.12.11,3.0.4,2,Intel(R) Xeon(R) CPU @ 2.60GHz,,,,,15.61648178100586,machine,Y,1.0
2025-07-28T06:50:05,scipy-benchmark,2a386f3f-dc6c-4e2d-93d8-74dabdf507ae,scipy_LMC001_56f8cd5d,1.001642603194341,7.062474979923313e-08,7.050893160295254e-08,0.8,0.0,10.0,1.1137880602230629e-07,0.0,1.3912754450252072e-06,1.5026542510475137e-06,Canada,CAN,,gcp,northamerica-northeast2,Linux-6.8.0-1032-gcp-x86_64-with-glibc2.35,3.12.11,3.0.4,2,Intel(R) Xeon(R) CPU @ 2.60GHz,,,,,15.61648178100586,machine,Y,1.0
2025-07-28T06:50:08,scipy-benchmark,95fc513b-7629-4d63-ad0c-e36141179b08,scipy_LMC001_56f8cd5d,1.0017610059585422,7.063627359878995e-08,7.051210136813134e-08,0.8,0.0,10.0,1.1139017954054809e-07,0.0,1.3915092587315786e-06,1.5028994382721266e-06,Canada,CAN,,gcp,northamerica-northeast2,Linux-6.8.0-1032-gcp-x86_64-with-glibc2.35,3.12.11,3.0.4,2,Intel(R) Xeon(R) CPU @ 2.60GHz,,,,,15.61648178100586,machine,Y,1.0
2025-07-28T06:50:10,scipy-benchmark,af8a1b07-4a2e-4a05-83f4-1c98ab183a56,scipy_LMC001_56f8cd5d,1.0016024259384722,7.062409429531545e-08,7.051110547095844e-08,0.8,0.0,10.0,1.1136956554320124e-07,0.0,1.3912707386124466e-06,1.502640304155648e-06,Canada,CAN,,gcp,northamerica-northeast2,Linux-6.8.0-1032-gcp-x86_64-with-glibc2.35,3.12.11,3.0.4,2,Intel(R) Xeon(R) CPU @ 2.60GHz,,,,,15.61648178100586,machine,Y,1.0
2025-07-28T06:50:12,scipy-benchmark,6d0df576-3e00-4edc-adf1-06ebdce7b536,scipy_LMC001_56f8cd5d,1.0016976878978312,7.062002466375836e-08,7.050033709467972e-08,0.8,0.0,10.0,1.1136909134479037e-07,0.0,1.3911846249053876e-06,1.502553716250178e-06,Canada,CAN,,gcp,northamerica-northeast2,Linux-6.8.0-1032-gcp-x86_64-with-glibc2.35,3.12.11,3.0.4,2,Intel(R) Xeon(R) CPU @ 2.60GHz,,,,,15.61648178100586,machine,Y,1.0
2025-07-28T06:50:14,scipy-benchmark,7ac05a57-3db5-46e4-bf42-547d3a1406be,scipy_LMC001_56f8cd5d,1.0016152458265424,7.06211620894416e-08,7.050727550693814e-08,0.8,0.0,10.0,1.1137461175935137e-07,0.0,1.3912033050372785e-06,1.5025779167966296e-06,Canada,CAN,,gcp,northamerica-northeast2,Linux-6.8.0-1032-gcp-x86_64-with-glibc2.35,3.12.11,3.0.4,2,Intel(R) Xeon(R) CPU @ 2.60GHz,,,,,15.61648178100586,machine,Y,1.0
2025-07-28T06:50:16,scipy-benchmark,415d6ea2-39c3-4817-a710-f8703fcd4a5b,scipy_LMC001_56f8cd5d,1.001763943815604,7.06388540807594e-08,7.05144705165811e-08,0.8,0.0,10.0,1.1139767844643861e-07,0.0,1.3915566636973785e-06,1.5029543421438171e-06,Canada,CAN,,gcp,northamerica-northeast2,Linux-6.8.0-1032-gcp-x86_64-with-glibc2.35,3.12.11,3.0.4,2,Intel(R) Xeon(R) CPU @ 2.60GHz,,,,,15.61648178100586,machine,Y,1.0
2025-07-28T06:50:18,scipy-benchmark,92fd22fd-6ac6-4f81-ae6b-a014bfdd17e4,scipy_LMC001_56f8cd5d,1.0015669718850404,7.062322797313618e-08,7.051273649750734e-08,0.8000072,0.0,10.0,1.1136451380414889e-07,0.0,1.391257357964706e-06,1.502621871768855e-06,Canada,CAN,,gcp,northamerica-northeast2,Linux-6.8.0-1032-gcp-x86_64-with-glibc2.35,3.12.11,3.0.4,2,Intel(R) Xeon(R) CPU @ 2.60GHz,,,,,15.61648178100586,machine,Y,1.0
2025-07-28T06:50:20,scipy-benchmark,59836aa5-a981-49e9-9297-251f004b63e8,scipy_LMC001_56f8cd5d,1.001696057850495,7.06237768632515e-08,7.05041976653084e-08,0.8,0.0,10.0,1.1137786999137868e-07,0.0,1.3912556802905682e-06,1.5026335502819467e-06,Canada,CAN,,gcp,northamerica-northeast2,Linux-6.8.0-1032-gcp-x86_64-with-glibc2.35,3.12.11,3.0.4,2,Intel(R) Xeon(R) CPU @ 2.60GHz,,,,,15.61648178100586,machine,Y,1.0
2025-07-28T06:50:22,scipy-benchmark,b0f5426c-53fd-4edc-8902-98979d8a86c8,scipy_LMC001_56f8cd5d,1.0015279641374946,7.668362459128081e-08,7.656663352113185e-08,1.7272709000000002,0.0,10.0,2.403963138963808e-07,0.0,1.3911701667691685e-06,1.631566480665549e-06,Canada,CAN,,gcp,northamerica-northeast2,Linux-6.8.0-1032-gcp-x86_64-with-glibc2.35,3.12.11,3.0.4,2,Intel(R) Xeon(R) CPU @ 2.60GHz,,,,,15.61648178100586,machine,Y,1.0
2025-07-28T06:50:25,scipy-benchmark,b8afdd14-5b4d-445e-bfe7-f3be328ed65f,scipy_LMC001_56f8cd5d,1.0017528228927404,7.062713677177414e-08,7.050355652387946e-08,0.8,0.0,10.0,1.1138577976574504e-07,0.0,1.3913192579315768e-06,1.5027050376973218e-06,Canada,CAN,,gcp,northamerica-northeast2,Linux-6.8.0-1032-gcp-x86_64-with-glibc2.35,3.12.11,3.0.4,2,Intel(R) Xeon(R) CPU @ 2.60GHz,,,,,15.61648178100586,machine,Y,1.0
2025-07-28T06:50:27,scipy-benchmark,f327fc56-9590-4c0a-b109-a831708d2b4a,scipy_LMC001_56f8cd5d,1.001615728950128,7.061817992019194e-08,7.050426413951425e-08,0.8000072,0.0,10.0,1.113719301477775e-07,0.0,1.3911425362392847e-06,1.5025144663870625e-06,Canada,CAN,,gcp,northamerica-northeast2,Linux-6.8.0-1032-gcp-x86_64-with-glibc2.35,3.12.11,3.0.4,2,Intel(R) Xeon(R) CPU @ 2.60GHz,,,,,15.61648178100586,machine,Y,1.0
2025-07-28T06:50:29,scipy-benchmark,f25370f5-bfc4-483c-95ad-324f22fe9756,scipy_LMC001_56f8cd5d,1.0016043479554355,7.062084877196077e-08,7.050772983974998e-08,0.8,0.0,10.0,1.1136511977141105e-07,0.0,1.3912061306958396e-06,1.5025712504672506e-06,Canada,CAN,,gcp,northamerica-northeast2,Linux-6.8.0-1032-gcp-x86_64-with-glibc2.35,3.12.11,3.0.4,2,Intel(R) Xeon(R) CPU @ 2.60GHz,,,,,15.61648178100586,machine,Y,1.0
2025-07-28T06:50:31,scipy-benchmark,0fcbc991-3657-40c4-99d6-e721cb6380d8,scipy_LMC001_56f8cd5d,1.0016282990109175,7.06263329033326e-08,7.051151906657818e-08,0.8,0.0,10.0,1.1137126448253793e-07,0.0,1.3913166696309215e-06,1.5026879341134595e-06,Canada,CAN,,gcp,northamerica-northeast2,Linux-6.8.0-1032-gcp-x86_64-with-glibc2.35,3.12.11,3.0.4,2,Intel(R) Xeon(R) CPU @ 2.60GHz,,,,,15.61648178100586,machine,Y,1.0
2025-07-28T06:50:33,scipy-benchmark,0b7ebc76-e675-4ec0-8ba0-7c5f128b580a,scipy_LMC001_56f8cd5d,1.0016180449165404,7.062661567149272e-08,7.051252324170905e-08,0.8,0.0,10.0,1.1137426178902389e-07,0.0,1.3913196886682677e-06,1.5026939504572916e-06,Canada,CAN,,gcp,northamerica-northeast2,Linux-6.8.0-1032-gcp-x86_64-with-glibc2.35,3.12.11,3.0.4,2,Intel(R) Xeon(R) CPU @ 2.60GHz,,,,,15.61648178100586,machine,Y,1.0
2025-07-28T06:50:35,scipy-benchmark,95e4b07b-a3ae-4454-96e3-1674fabc52d9,scipy_LMC001_56f8cd5d,1.0015979639720172,7.062262050246097e-08,7.050994814565541e-08,0.8,0.0,10.0,1.1136382155948217e-07,0.0,1.3912451253013894e-06,1.5026089468608716e-06,Canada,CAN,,gcp,northamerica-northeast2,Linux-6.8.0-1032-gcp-x86_64-with-glibc2.35,3.12.11,3.0.4,2,Intel(R) Xeon(R) CPU @ 2.60GHz,,,,,15.61648178100586,machine,Y,1.0
2025-07-28T06:50:37,scipy-benchmark,76863e42-3d47-4f59-ade2-01f83e465607,scipy_LMC001_56f8cd5d,1.0016751100774854,7.062801509544563e-08,7.050990324595582e-08,0.8,0.0,10.0,1.1137214220232437e-07,0.0,1.3913515832326892e-06,1.5027237254350137e-06,Canada,CAN,,gcp,northamerica-northeast2,Linux-6.8.0-1032-gcp-x86_64-with-glibc2.35,3.12.11,3.0.4,2,Intel(R) Xeon(R) CPU @ 2.60GHz,,,,,15.61648178100586,machine,Y,1.0
2025-07-28T06:50:39,scipy-benchmark,a24866c4-39aa-4f17-a0e4-f5d70d8a4130,scipy_LMC001_56f8cd5d,1.001622528070584,7.062288988728283e-08,7.05084878864726e-08,0.8,0.0,10.0,1.11371084012919e-07,0.0,1.3912435944399073e-06,1.5026146784528265e-06,Canada,CAN,,gcp,northamerica-northeast2,Linux-6.8.0-1032-gcp-x86_64-with-glibc2.35,3.12.11,3.0.4,2,Intel(R) Xeon(R) CPU @ 2.60GHz,,,,,15.61648178100586,machine,Y,1.0
2025-07-28T06:50:42,scipy-benchmark,1a69e48f-28db-43f9-a76d-34da36c319f4,scipy_LMC001_56f8cd5d,1.0015914598479867,7.062365903345766e-08,7.051144290325353e-08,0.8,0.0,10.0,1.11367449319611e-07,0.0,1.3912635939454454e-06,1.5026310432650564e-06,Canada,CAN,,gcp,northamerica-northeast2,Linux-6.8.0-1032-gcp-x86_64-with-glibc2.35,3.12.11,3.0.4,2,Intel(R) Xeon(R) CPU @ 2.60GHz,,,,,15.61648178100586,machine,Y,1.0
2025-07-28T06:50:44,scipy-benchmark,0e510ac6-d040-4752-84e0-e712ad6cbe2c,scipy_LMC001_56f8cd5d,1.001680368790403,7.063226779798666e-08,7.051377864505812e-08,0.8,0.0,10.0,1.1137239753993024e-07,0.0,1.3914418109278712e-06,1.5028142084678014e-06,Canada,CAN,,gcp,northamerica-northeast2,Linux-6.8.0-1032-gcp-x86_64-with-glibc2.35,3.12.11,3.0.4,2,Intel(R) Xeon(R) CPU @ 2.60GHz,,,,,15.61648178100586,machine,Y,1.0
2025-07-28T06:50:46,scipy-benchmark,c182d897-4cb3-420f-84df-08efa80364c3,scipy_LMC001_56f8cd5d,1.0017263959161935,7.063206495900845e-08,7.051033620253896e-08,0.8,0.0,10.0,1.1138159310859112e-07,0.0,1.3914282996362695e-06,1.5028098927448608e-06,Canada,CAN,,gcp,northamerica-northeast2,Linux-6.8.0-1032-gcp-x86_64-with-glibc2.35,3.12.11,3.0.4,2,Intel(R) Xeon(R) CPU @ 2.60GHz,,,,,15.61648178100586,machine,Y,1.0
2025-07-28T06:50:48,scipy-benchmark,718f4f3c-f686-47d4-bf44-40c0d49ad557,scipy_LMC001_56f8cd5d,1.0026851650327444,7.062994854827413e-08,7.044080336619679e-08,0.8,0.0,10.0,1.113809677772224e-07,0.0,1.3913838949520142e-06,1.5027648627292366e-06,Canada,CAN,,gcp,northamerica-northeast2,Linux-6.8.0-1032-gcp-x86_64-with-glibc2.35,3.12.11,3.0.4,2,Intel(R) Xeon(R) CPU @ 2.60GHz,,,,,15.61648178100586,machine,Y,1.0
2025-07-28T06:50:50,scipy-benchmark,049514ad-733f-468f-b39d-e915c8736b4a,scipy_LMC001_56f8cd5d,1.001624260097742,7.062088174820462e-08,7.050636107926657e-08,0.8,0.0,10.0,1.1136666023068957e-07,0.0,1.3912052918587706e-06,1.5025719520894602e-06,Canada,CAN,,gcp,northamerica-northeast2,Linux-6.8.0-1032-gcp-x86_64-with-glibc2.35,3.12.11,3.0.4,2,Intel(R) Xeon(R) CPU @ 2.60GHz,,,,,15.61648178100586,machine,Y,1.0
2025-07-28T06:50:52,scipy-benchmark,66596042-789e-416f-ac89-e63673aa0ffb,scipy_LMC001_56f8cd5d,1.0016910671256485,7.062938768949566e-08,7.051015029231181e-08,0.8,0.0,10.0,1.1137548466730449e-07,0.0,1.391377444896433e-06,1.5027529295637376e-06,Canada,CAN,,gcp,northamerica-northeast2,Linux-6.8.0-1032-gcp-x86_64-with-glibc2.35,3.12.11,3.0.4,2,Intel(R) Xeon(R) CPU @ 2.60GHz,,,,,15.61648178100586,machine,Y,1.0
2025-07-28T06:50:54,scipy-benchmark,882e401a-b30f-471d-a171-56ed598be34b,scipy_LMC001_56f8cd5d,1.001662472030148,7.06216555050471e-08,7.050444383916336e-08,0.8,0.0,10.0,1.1137311465831269e-07,0.0,1.391215300342689e-06,1.5025884150010016e-06,Canada,CAN,,gcp,northamerica-northeast2,Linux-6.8.0-1032-gcp-x86_64-with-glibc2.35,3.12.11,3.0.4,2,Intel(R) Xeon(R) CPU @ 2.60GHz,,,,,15.61648178100586,machine,Y,1.0
2025-07-28T06:50:56,scipy-benchmark,8485c4ac-b34f-4f6f-a6da-56cc176deea3,scipy_LMC001_56f8cd5d,1.0016755750402808,7.062984638335487e-08,7.051169874089684e-08,0.8000072,0.0,10.0,1.113843884585016e-07,0.0,1.3913783005490486e-06,1.5027626890075504e-06,Canada,CAN,,gcp,northamerica-northeast2,Linux-6.8.0-1032-gcp-x86_64-with-glibc2.35,3.12.11,3.0.4,2,Intel(R) Xeon(R) CPU @ 2.60GHz,,,,,15.61648178100586,machine,Y,1.0
2025-07-28T06:50:59,scipy-benchmark,dfd8194f-fe5d-4785-aff9-69b1b4fe1ced,scipy_LMC001_56f8cd5d,1.0015548430383203,7.062200353749924e-08,7.051236787319611e-08,0.8,0.0,10.0,1.1135711753740909e-07,0.0,1.3912387024093834e-06,1.5025958199467925e-06,Canada,CAN,,gcp,northamerica-northeast2,Linux-6.8.0-1032-gcp-x86_64-with-glibc2.35,3.12.11,3.0.4,2,Intel(R) Xeon(R) CPU @ 2.60GHz,,,,,15.61648178100586,machine,Y,1.0
2025-07-28T06:51:01,scipy-benchmark,81c339bc-122a-42b0-a8f9-118a49ca7904,scipy_LMC001_56f8cd5d,1.001628974918276,7.062114125632477e-08,7.050628828113404e-08,0.8,0.0,10.0,1.1136416842540109e-07,0.0,1.3912133051134234e-06,1.5025774735388245e-06,Canada,CAN,,gcp,northamerica-northeast2,Linux-6.8.0-1032-gcp-x86_64-with-glibc2.35,3.12.11,3.0.4,2,Intel(R) Xeon(R) CPU @ 2.60GHz,,,,,15.61648178100586,machine,Y,1.0
2025-07-28T06:51:03,scipy-benchmark,9cfbdc33-c371-47b4-b6cb-7849e182a33e,scipy_LMC001_56f8cd5d,1.0017285959329456,7.063171270418826e-08,7.05098296993373e-08,0.8000072,0.0,10.0,1.113870482362322e-07,0.0,1.39141534972522e-06,1.5028023979614522e-06,Canada,CAN,,gcp,northamerica-northeast2,Linux-6.8.0-1032-gcp-x86_64-with-glibc2.35,3.12.11,3.0.4,2,Intel(R) Xeon(R) CPU @ 2.60GHz,,,,,15.61648178100586,machine,Y,1.0
2025-07-28T06:51:05,scipy-benchmark,643caf66-8a3b-461e-889c-7aae48b95988,scipy_LMC001_56f8cd5d,1.0016616678331047,7.062840158052536e-08,7.051123532890683e-08,0.8,0.0,10.0,1.1137924576178192e-07,0.0,1.391352702760034e-06,1.502731948521816e-06,Canada,CAN,,gcp,northamerica-northeast2,Linux-6.8.0-1032-gcp-x86_64-with-glibc2.35,3.12.11,3.0.4,2,Intel(R) Xeon(R) CPU @ 2.60GHz,,,,,15.61648178100586,machine,Y,1.0
2025-07-28T06:51:07,scipy-benchmark,524dce3e-e2fc-4a0d-901a-e57a87dbcc2f,scipy_LMC001_56f8cd5d,1.0016590300947428,7.062539306640003e-08,7.050841747986824e-08,0.8,0.0,10.0,1.1137253444434868e-07,0.0,1.3912954031386308e-06,1.5026679375829794e-06,Canada,CAN,,gcp,northamerica-northeast2,Linux-6.8.0-1032-gcp-x86_64-with-glibc2.35,3.12.11,3.0.4,2,Intel(R) Xeon(R) CPU @ 2.60GHz,,,,,15.61648178100586,machine,Y,1.0
2025-07-28T06:51:09,scipy-benchmark,a79d5f06-c9fc-4085-bb9a-62313ab15679,scipy_LMC001_56f8cd5d,1.001588503131643,7.061953265919274e-08,7.050753122503736e-08,0.8000072,0.0,10.0,1.1136158916624237e-07,0.0,1.3911816589016885e-06,1.5025432480679303e-06,Canada,CAN,,gcp,northamerica-northeast2,Linux-6.8.0-1032-gcp-x86_64-with-glibc2.35,3.12.11,3.0.4,2,Intel(R) Xeon(R) CPU @ 2.60GHz,,,,,15.61648178100586,machine,Y,1.0
2025-07-28T06:51:11,scipy-benchmark,0b34206c-0eb0-404c-8488-e33346926b73,scipy_LMC001_56f8cd5d,1.0016559700015932,7.062768350673528e-08,7.051091953919363e-08,0.8,0.0,10.0,1.113727097399533e-07,0.0,1.3913439606161169e-06,1.50271667035607e-06,Canada,CAN,,gcp,northamerica-northeast2,Linux-6.8.0-1032-gcp-x86_64-with-glibc2.35,3.12.11,3.0.4,2,Intel(R) Xeon(R) CPU @ 2.60GHz,,,,,15.61648178100586,machine,Y,1.0
2025-07-28T06:51:13,scipy-benchmark,ada8099a-5f09-497a-a3bf-0b3d1a30c15b,scipy_LMC001_56f8cd5d,1.0016967949923128,7.062560356672232e-08,7.050596939093166e-08,0.8,0.0,10.0,1.1137529152135057e-07,0.0,1.3912971247918903e-06,1.502672416313241e-06,Canada,CAN,,gcp,northamerica-northeast2,Linux-6.8.0-1032-gcp-x86_64-with-glibc2.35,3.12.11,3.0.4,2,Intel(R) Xeon(R) CPU @ 2.60GHz,,,,,15.61648178100586,machine,Y,1.0
2025-07-28T06:51:16,scipy-benchmark,5ef32bc4-e4b0-44ef-9d49-31c09f013c50,scipy_LMC001_56f8cd5d,1.0016371048986912,7.062459281645715e-08,7.050916192207191e-08,0.8,0.0,10.0,1.113698359889289e-07,0.0,1.3912810749995212e-06,1.50265091098845e-06,Canada,CAN,,gcp,northamerica-northeast2,Linux-6.8.0-1032-gcp-x86_64-with-glibc2.35,3.12.11,3.0.4,2,Intel(R) Xeon(R) CPU @ 2.60GHz,,,,,15.61648178100586,machine,Y,1.0
2025-07-28T06:51:18,scipy-benchmark,d3610d12-1fd3-46e0-aa00-22843e840f4f,scipy_LMC001_56f8cd5d,1.0015779871027917,7.062356331346867e-08,7.051229582007636e-08,0.8,0.0,10.0,1.1136063710889882e-07,0.0,1.3912683695606474e-06,1.502629006669546e-06,Canada,CAN,,gcp,northamerica-northeast2,Linux-6.8.0-1032-gcp-x86_64-with-glibc2.35,3.12.11,3.0.4,2,Intel(R) Xeon(R) CPU @ 2.60GHz,,,,,15.61648178100586,machine,Y,1.0
2025-07-28T06:51:20,scipy-benchmark,76d5cd32-f4a9-4bf3-aaaf-c998445a9deb,scipy_LMC001_56f8cd5d,1.0017169709317386,7.062329134730518e-08,7.050224104880195e-08,0.8,0.0,10.0,1.1136975046247245e-07,0.0,1.391253469692957e-06,1.5026232201554297e-06,Canada,CAN,,gcp,northamerica-northeast2,Linux-6.8.0-1032-gcp-x86_64-with-glibc2.35,3.12.11,3.0.4,2,Intel(R) Xeon(R) CPU @ 2.60GHz,,,,,15.61648178100586,machine,Y,1.0
2025-07-28T06:51:22,scipy-benchmark,8b747e6e-2764-4603-a8a2-f735f65e91de,scipy_LMC001_56f8cd5d,1.0016876019071788,7.06240960778151e-08,7.050511151715291e-08,0.8,0.0,10.0,1.1137712001800537e-07,0.0,1.3912632220631672e-06,1.5026403420811725e-06,Canada,CAN,,gcp,northamerica-northeast2,Linux-6.8.0-1032-gcp-x86_64-with-glibc2.35,3.12.11,3.0.4,2,Intel(R) Xeon(R) CPU @ 2.60GHz,,,,,15.61648178100586,machine,Y,1.0
2025-07-28T06:51:24,scipy-benchmark,0205e799-1113-467a-88a2-2e94ed8e06b4,scipy_LMC001_56f8cd5d,1.0017016248311847,7.063250114251342e-08,7.051251529557718e-08,0.8,0.0,10.0,1.1138267085577057e-07,0.0,1.391436502389196e-06,1.5028191732449664e-06,Canada,CAN,,gcp,northamerica-northeast2,Linux-6.8.0-1032-gcp-x86_64-with-glibc2.35,3.12.11,3.0.4,2,Intel(R) Xeon(R) CPU @ 2.60GHz,,,,,15.61648178100586,machine,Y,1.0
2025-07-28T06:51:26,scipy-benchmark,b77ca2bd-30b5-417f-a902-ea7c43d6f375,scipy_LMC001_56f8cd5d,1.0017996130045503,7.06437530099518e-08,7.051684996970639e-08,0.8,0.0,10.0,1.1140107203068005e-07,0.0,1.391657502649145e-06,1.5030585746798252e-06,Canada,CAN,,gcp,northamerica-northeast2,Linux-6.8.0-1032-gcp-x86_64-with-glibc2.35,3.12.11,3.0.4,2,Intel(R) Xeon(R) CPU @ 2.60GHz,,,,,15.61648178100586,machine,Y,1.0
2025-07-28T06:51:28,scipy-benchmark,7c3a595c-0341-4121-9a12-dae0518d2d3a,scipy_LMC001_56f8cd5d,1.0017884990666062,7.064096569236266e-08,7.051484994904691e-08,0.8,0.0,10.0,1.1139622842893005e-07,0.0,1.391603041621339e-06,1.502999270050269e-06,Canada,CAN,,gcp,northamerica-northeast2,Linux-6.8.0-1032-gcp-x86_64-with-glibc2.35,3.12.11,3.0.4,2,Intel(R) Xeon(R) CPU @ 2.60GHz,,,,,15.61648178100586,machine,Y,1.0
2025-07-28T06:51:30,scipy-benchmark,626e2b61-efef-4d57-a126-8fe8387b3c77,scipy_LMC001_56f8cd5d,1.0016658380627632,7.06246603933784e-08,7.05072068045842e-08,0.8,0.0,10.0,1.1137086246162656e-07,0.0,1.3912814863336584e-06,1.502652348795285e-06,Canada,CAN,,gcp,northamerica-northeast2,Linux-6.8.0-1032-gcp-x86_64-with-glibc2.35,3.12.11,3.0.4,2,Intel(R) Xeon(R) CPU @ 2.60GHz,,,,,15.61648178100586,machine,Y,1.0
2025-07-28T06:51:33,scipy-benchmark,7e6dbb64-d8a0-4d9d-97ce-f49a70ea4f01,scipy_LMC001_56f8cd5d,1.0017317389138043,7.063146174093709e-08,7.050935794200159e-08,0.8,0.0,10.0,1.1138250021677878e-07,0.0,1.3914145581010318e-06,1.5027970583178103e-06,Canada,CAN,,gcp,northamerica-northeast2,Linux-6.8.0-1032-gcp-x86_64-with-glibc2.35,3.12.11,3.0.4,2,Intel(R) Xeon(R) CPU @ 2.60GHz,,,,,15.61648178100586,machine,Y,1.0
2025-07-28T06:51:35,scipy-benchmark,4b83e262-d4a3-4377-acd7-a61d8f50b117,scipy_LMC001_56f8cd5d,1.001771351089701,7.063673304476672e-08,7.051183183460967e-08,0.8,0.0,10.0,1.1139898291892477e-07,0.0,1.391510230799516e-06,1.5029092137184408e-06,Canada,CAN,,gcp,northamerica-northeast2,Linux-6.8.0-1032-gcp-x86_64-with-glibc2.35,3.12.11,3.0.4,2,Intel(R) Xeon(R) CPU @ 2.60GHz,,,,,15.61648178100586,machine,Y,1.0
2025-07-28T06:51:37,scipy-benchmark,7eb4aca7-cdf7-4db8-9e2a-5ae67fa13810,scipy_LMC001_56f8cd5d,1.001781702041626,7.06323964910207e-08,7.05067744270755e-08,0.8000072,0.0,10.0,1.113842193184518e-07,0.0,1.3914327272990098e-06,1.5028169466174617e-06,Canada,CAN,,gcp,northamerica-northeast2,Linux-6.8.0-1032-gcp-x86_64-with-glibc2.35,3.12.11,3.0.4,2,Intel(R) Xeon(R) CPU @ 2.60GHz,,,,,15.61648178100586,machine,Y,1.0
2025-07-28T06:51:39,scipy-benchmark,aedd1a81-38ba-42de-ac55-9f0757da494b,scipy_LMC001_56f8cd5d,1.0016547720879316,7.062303638662625e-08,7.050636442275796e-08,0.8,0.0,10.0,1.1136879223502349e-07,0.0,1.3912490032251097e-06,1.502617795460133e-06,Canada,CAN,,gcp,northamerica-northeast2,Linux-6.8.0-1032-gcp-x86_64-with-glibc2.35,3.12.11,3.0.4,2,Intel(R) Xeon(R) CPU @ 2.60GHz,,,,,15.61648178100586,machine,Y,1.0
2025-07-28T06:51:41,scipy-benchmark,0d85067a-e2e9-4232-959c-6c32d3e4ef5c,scipy_LMC001_56f8cd5d,1.0016458800528198,7.062486590002666e-08,7.050881684483379e-08,0.8,0.0,10.0,1.1137099289852713e-07,0.0,1.3912857283786354e-06,1.5026567212771626e-06,Canada,CAN,,gcp,northamerica-northeast2,Linux-6.8.0-1032-gcp-x86_64-with-glibc2.35,3.12.11,3.0.4,2,Intel(R) Xeon(R) CPU @ 2.60GHz,,,,,15.61648178100586,machine,Y,1.0
2025-07-28T06:51:43,scipy-benchmark,fd26787d-e1d1-48e2-91ec-8f755efc4035,scipy_LMC001_56f8cd5d,1.0016709160991013,7.062796742135204e-08,7.051015087510477e-08,0.8000072,0.0,10.0,1.113770999659171e-07,0.0,1.3913456111266796e-06,1.5027227110925967e-06,Canada,CAN,,gcp,northamerica-northeast2,Linux-6.8.0-1032-gcp-x86_64-with-glibc2.35,3.12.11,3.0.4,2,Intel(R) Xeon(R) CPU @ 2.60GHz,,,,,15.61648178100586,machine,Y,1.0
2025-07-28T06:51:45,scipy-benchmark,d36c81c9-fad3-468a-bcb3-99097489b035,scipy_LMC001_56f8cd5d,1.0017247488722203,7.06332292352648e-08,7.051161440783643e-08,0.8,0.0,10.0,1.1137815621784993e-07,0.0,1.391456508362252e-06,1.502834664580102e-06,Canada,CAN,,gcp,northamerica-northeast2,Linux-6.8.0-1032-gcp-x86_64-with-glibc2.35,3.12.11,3.0.4,2,Intel(R) Xeon(R) CPU @ 2.60GHz,,,,,15.61648178100586,machine,Y,1.0
2025-07-28T06:51:47,scipy-benchmark,e9754680-024c-4a6a-8440-ee31a0e114b2,scipy_LMC001_56f8cd5d,1.001679966924712,7.062843196391807e-08,7.05099775337991e-08,0.8000072,0.0,10.0,1.113760699138793e-07,0.0,1.3913565250631009e-06,1.50273259497698e-06,Canada,CAN,,gcp,northamerica-northeast2,Linux-6.8.0-1032-gcp-x86_64-with-glibc2.35,3.12.11,3.0.4,2,Intel(R) Xeon(R) CPU @ 2.60GHz,,,,,15.61648178100586,machine,Y,1.0
2025-07-28T06:51:50,scipy-benchmark,616b5ed7-d2f9-445a-b637-7148ffc76435,scipy_LMC001_56f8cd5d,1.0016396259889009,7.061980650938735e-08,7.050420598093421e-08,0.8,0.0,10.0,1.1136943557196197e-07,0.0,1.3911796390958543e-06,1.5025490746678162e-06,Canada,CAN,,gcp,northamerica-northeast2,Linux-6.8.0-1032-gcp-x86_64-with-glibc2.35,3.12.11,3.0.4,2,Intel(R) Xeon(R) CPU @ 2.60GHz,,,,,15.61648178100586,machine,Y,1.0
2025-07-28T06:51:52,scipy-benchmark,4dbded5e-b829-4d01-a274-e9dbe50512bf,scipy_LMC001_56f8cd5d,1.0016168260481209,7.062557204590284e-08,7.051156710750958e-08,0.8,0.0,10.0,1.113709317934182e-07,0.0,1.3913008138640888e-06,1.502671745657507e-06,Canada,CAN,,gcp,northamerica-northeast2,Linux-6.8.0-1032-gcp-x86_64-with-glibc2.35,3.12.11,3.0.4,2,Intel(R) Xeon(R) CPU @ 2.60GHz,,,,,15.61648178100586,machine,Y,1.0
2025-07-28T06:51:54,scipy-benchmark,377fecad-4a4e-4524-b30e-f7c636cd6b35,scipy_LMC001_56f8cd5d,1.0015750408638269,7.062657211697007e-08,7.05155073114211e-08,0.8000072,0.0,10.0,1.1136302134629106e-07,0.0,1.3913300024190296e-06,1.5026930237653208e-06,Canada,CAN,,gcp,northamerica-northeast2,Linux-6.8.0-1032-gcp-x86_64-with-glibc2.35,3.12.11,3.0.4,2,Intel(R) Xeon(R) CPU @ 2.60GHz,,,,,15.61648178100586,machine,Y,1.0
2025-07-28T06:51:56,scipy-benchmark,a78acb82-f579-46f5-a983-eadf4f4077a1,scipy_LMC001_56f8cd5d,1.0015804569702595,7.062025233735847e-08,7.050881618735042e-08,0.8,0.0,10.0,1.1135937708119557e-07,0.0,1.3911991832881335e-06,1.5025585603693293e-06,Canada,CAN,,gcp,northamerica-northeast2,Linux-6.8.0-1032-gcp-x86_64-with-glibc2.35,3.12.11,3.0.4,2,Intel(R) Xeon(R) CPU @ 2.60GHz,,,,,15.61648178100586,machine,Y,1.0
2025-07-28T06:51:58,scipy-benchmark,c7739f5a-cd85-4bef-a64a-5dd9c85787d5,scipy_LMC001_56f8cd5d,1.0016552049200982,7.062698048935271e-08,7.051027154098062e-08,0.8,0.0,10.0,1.113706960135864e-07,0.0,1.3913310165258332e-06,1.5027017125394197e-06,Canada,CAN,,gcp,northamerica-northeast2,Linux-6.8.0-1032-gcp-x86_64-with-glibc2.35,3.12.11,3.0.4,2,Intel(R) Xeon(R) CPU @ 2.60GHz,,,,,15.61648178100586,machine,Y,1.0
2025-07-28T06:52:00,scipy-benchmark,dde0b516-444a-44f3-8b30-b93fd241f119,scipy_LMC001_56f8cd5d,1.001709113828838,7.062456395844413e-08,7.050406448684039e-08,0.8,0.0,10.0,1.1137033310822316e-07,0.0,1.3912799638799497e-06,1.502650296988173e-06,Canada,CAN,,gcp,northamerica-northeast2,Linux-6.8.0-1032-gcp-x86_64-with-glibc2.35,3.12.11,3.0.4,2,Intel(R) Xeon(R) CPU @ 2.60GHz,,,,,15.61648178100586,machine,Y,1.0
2025-07-28T06:52:02,scipy-benchmark,618becfb-2728-4213-adbe-95ef00f0e80d,scipy_LMC001_56f8cd5d,1.0016789380460978,7.063033468046987e-08,7.051194948577366e-08,0.8000072,0.0,10.0,1.1137675925400885e-07,0.0,1.3913963190538603e-06,1.5027730783078692e-06,Canada,CAN,,gcp,northamerica-northeast2,Linux-6.8.0-1032-gcp-x86_64-with-glibc2.35,3.12.11,3.0.4,2,Intel(R) Xeon(R) CPU @ 2.60GHz,,,,,15.61648178100586,machine,Y,1.0
2025-07-28T06:52:04,scipy-benchmark,139d9166-a65d-4ee7-88ab-24742c3acb47,scipy_LMC001_56f8cd5d,1.0016492740251124,7.062562999659631e-08,7.05093407723327e-08,0.8,0.0,10.0,1.1137486756261852e-07,0.0,1.3912981110883669e-06,1.502672978650985e-06,Canada,CAN,,gcp,northamerica-northeast2,Linux-6.8.0-1032-gcp-x86_64-with-glibc2.35,3.12.11,3.0.4,2,Intel(R) Xeon(R) CPU @ 2.60GHz,,,,,15.61648178100586,machine,Y,1.0
2025-07-28T06:52:07,scipy-benchmark,099f1ba9-8af5-4a2a-939e-aa5cd987753f,scipy_LMC001_56f8cd5d,1.0016357370186597,7.062229599389768e-08,7.050696514094328e-08,0.8,0.0,10.0,1.1136630601767037e-07,0.0,1.391235736405684e-06,1.5026020424233545e-06,Canada,CAN,,gcp,northamerica-northeast2,Linux-6.8.0-1032-gcp-x86_64-with-glibc2.35,3.12.11,3.0.4,2,Intel(R) Xeon(R) CPU @ 2.60GHz,,,,,15.61648178100586,machine,Y,1.0
2025-07-28T06:52:09,scipy-benchmark,6eddc890-d760-4aaa-837f-f1f38939410a,scipy_LMC001_56f8cd5d,1.0017106770537794,7.063251418904918e-08,7.051189111490034e-08,0.8,0.0,10.0,1.1138437000206777e-07,0.0,1.391435080828766e-06,1.5028194508308335e-06,Canada,CAN,,gcp,northamerica-northeast2,Linux-6.8.0-1032-gcp-x86_64-with-glibc2.35,3.12.11,3.0.4,2,Intel(R) Xeon(R) CPU @ 2.60GHz,,,,,15.61648178100586,machine,Y,1.0
2025-07-28T06:52:11,scipy-benchmark,81024992-3966-4f26-8da8-92f42b4223d7,scipy_LMC001_56f8cd5d,1.001657112967223,7.06249277926464e-08,7.050808792585039e-08,0.8,0.0,10.0,1.1137124973659716e-07,0.0,1.3912867884048155e-06,1.5026580381414129e-06,Canada,CAN,,gcp,northamerica-northeast2,Linux-6.8.0-1032-gcp-x86_64-with-glibc2.35,3.12.11,3.0.4,2,Intel(R) Xeon(R) CPU @ 2.60GHz,,,,,15.61648178100586,machine,Y,1.0
2025-07-28T06:52:13,scipy-benchmark,cb8c098d-ae6c-4778-9d40-acae46a626bb,scipy_LMC001_56f8cd5d,1.001729167997837,7.062932906641317e-08,7.050740990958712e-08,0.8,0.0,10.0,1.1137794066841405e-07,0.0,1.3913737415956957e-06,1.5027516822641096e-06,Canada,CAN,,gcp,northamerica-northeast2,Linux-6.8.0-1032-gcp-x86_64-with-glibc2.35,3.12.11,3.0.4,2,Intel(R) Xeon(R) CPU @ 2.60GHz,,,,,15.61648178100586,machine,Y,1.0
2025-07-28T06:52:15,scipy-benchmark,88073f3d-b0dc-4354-8849-0c024ecf8e01,scipy_LMC001_56f8cd5d,1.0017048411536962,7.063428364106835e-08,7.051406835542148e-08,0.8000072,0.0,10.0,1.113862764733129e-07,0.0,1.3914708222728225e-06,1.5028570987461353e-06,Canada,CAN,,gcp,northamerica-northeast2,Linux-6.8.0-1032-gcp-x86_64-with-glibc2.35,3.12.11,3.0.4,2,Intel(R) Xeon(R) CPU @ 2.60GHz,,,,,15.61648178100586,machine,Y,1.0
2025-07-28T06:52:17,scipy-benchmark,454db9a4-2352-4baa-ae6d-6078d117c710,scipy_LMC001_56f8cd5d,1.0016084511298686,7.062621412514191e-08,7.051279773595332e-08,0.8,0.0,10.0,1.1136267334222797e-07,0.0,1.3913227335756852e-06,1.5026854069179131e-06,Canada,CAN,,gcp,northamerica-northeast2,Linux-6.8.0-1032-gcp-x86_64-with-glibc2.35,3.12.11,3.0.4,2,Intel(R) Xeon(R) CPU @ 2.60GHz,,,,,15.61648178100586,machine,Y,1.0
2025-07-28T06:52:19,scipy-benchmark,fc8d10e1-8e93-46fc-b0f7-f3e16b533f83,scipy_LMC001_56f8cd5d,1.0016974199097604,7.062842254860639e-08,7.050873961017996e-08,0.8,0.0,10.0,1.1137070268806485e-07,0.0,1.3913616919631345e-06,1.5027323946511994e-06,Canada,CAN,,gcp,northamerica-northeast2,Linux-6.8.0-1032-gcp-x86_64-with-glibc2.35,3.12.11,3.0.4,2,Intel(R) Xeon(R) CPU @ 2.60GHz,,,,,15.61648178100586,machine,Y,1.0
2025-07-28T06:52:21,scipy-benchmark,f106a265-5433-4757-abc0-d12681532ceb,scipy_LMC001_56f8cd5d,1.0017390719149262,7.063417707642335e-08,7.051155241593896e-08,0.8,0.0,10.0,1.1138432022805017e-07,0.0,1.3914705111852122e-06,1.5028548314132625e-06,Canada,CAN,,gcp,northamerica-northeast2,Linux-6.8.0-1032-gcp-x86_64-with-glibc2.35,3.12.11,3.0.4,2,Intel(R) Xeon(R) CPU @ 2.60GHz,,,,,15.61648178100586,machine,Y,1.0
2025-07-28T06:52:24,scipy-benchmark,7e7264ad-509b-43a8-aad9-e169e4b59559,scipy_LMC001_56f8cd5d,1.0016767610795796,7.063091860502028e-08,7.05126856780587e-08,0.8,0.0,10.0,1.1137688842912516e-07,0.0,1.391408613805349e-06,1.502785502234474e-06,Canada,CAN,,gcp,northamerica-northeast2,Linux-6.8.0-1032-gcp-x86_64-with-glibc2.35,3.12.11,3.0.4,2,Intel(R) Xeon(R) CPU @ 2.60GHz,,,,,15.61648178100586,machine,Y,1.0
2025-07-28T06:52:26,scipy-benchmark,b732d2ae-4499-4b65-a7e2-903f3c96178a,scipy_LMC001_56f8cd5d,1.0016797930002213,7.062776542876642e-08,7.05093243592574e-08,0.8,0.0,10.0,1.1137636067966621e-07,0.0,1.3913420526983425e-06,1.5027184133780086e-06,Canada,CAN,,gcp,northamerica-northeast2,Linux-6.8.0-1032-gcp-x86_64-with-glibc2.35,3.12.11,3.0.4,2,Intel(R) Xeon(R) CPU @ 2.60GHz,,,,,15.61648178100586,machine,Y,1.0
2025-07-28T06:52:28,scipy-benchmark,a0035a69-03d0-4498-bb4c-7a9811582d7a,scipy_LMC001_56f8cd5d,1.0015411719214171,7.062340484000742e-08,7.05147295188267e-08,0.8,0.0,10.0,1.113609822156529e-07,0.0,1.391264652678122e-06,1.502625634893775e-06,Canada,CAN,,gcp,northamerica-northeast2,Linux-6.8.0-1032-gcp-x86_64-with-glibc2.35,3.12.11,3.0.4,2,Intel(R) Xeon(R) CPU @ 2.60GHz,,,,,15.61648178100586,machine,Y,1.0
2025-07-28T06:52:30,scipy-benchmark,227b6273-b224-4a11-8162-1218e024ddfd,scipy_LMC001_56f8cd5d,1.0018106689676642,7.064380635605712e-08,7.051612499680545e-08,0.8,0.0,10.0,1.1140307111458649e-07,0.0,1.3916566385887565e-06,1.5030597097033428e-06,Canada,CAN,,gcp,northamerica-northeast2,Linux-6.8.0-1032-gcp-x86_64-with-glibc2.35,3.12.11,3.0.4,2,Intel(R) Xeon(R) CPU @ 2.60GHz,,,,,15.61648178100586,machine,Y,1.0
2025-07-28T06:52:32,scipy-benchmark,1e9f0e10-424f-448c-a889-6193e064ad44,scipy_LMC001_56f8cd5d,1.0016675230581311,7.062237479879221e-08,7.050480640839714e-08,0.8000072,0.0,10.0,1.113755134953733e-07,0.0,1.3912282056278651e-06,1.5026037191232385e-06,Canada,CAN,,gcp,northamerica-northeast2,Linux-6.8.0-1032-gcp-x86_64-with-glibc2.35,3.12.11,3.0.4,2,Intel(R) Xeon(R) CPU @ 2.60GHz,,,,,15.61648178100586,machine,Y,1.0
2025-07-28T06:52:34,scipy-benchmark,ca420a94-055d-475b-85b0-2d9732bd0d15,scipy_LMC001_56f8cd5d,1.001698749139905,7.062819018773735e-08,7.050841407996297e-08,0.8,0.0,10.0,1.1138356715026833e-07,0.0,1.391343883652654e-06,1.5027274508029223e-06,Canada,CAN,,gcp,northamerica-northeast2,Linux-6.8.0-1032-gcp-x86_64-with-glibc2.35,3.12.11,3.0.4,2,Intel(R) Xeon(R) CPU @ 2.60GHz,,,,,15.61648178100586,machine,Y,1.0
2025-07-28T06:52:36,scipy-benchmark,6656fad0-6045-411d-abbd-dc7390c71e49,scipy_LMC001_56f8cd5d,1.0015882388688624,7.062275763456193e-08,7.051076968946773e-08,0.8,0.0,10.0,1.1137124777047172e-07,0.0,1.3912406167946758e-06,1.5026118645651474e-06,Canada,CAN,,gcp,northamerica-northeast2,Linux-6.8.0-1032-gcp-x86_64-with-glibc2.35,3.12.11,3.0.4,2,Intel(R) Xeon(R) CPU @ 2.60GHz,,,,,15.61648178100586,machine,Y,1.0
2025-07-28T06:52:38,scipy-benchmark,a5a10054-f8f6-4f8f-8c53-88dc4b68bc5a,scipy_LMC001_56f8cd5d,1.0017177199479192,7.06296151053264e-08,7.050850124623785e-08,0.8,0.0,10.0,1.1138050180549425e-07,0.0,1.3913772663929397e-06,1.502757768198434e-06,Canada,CAN,,gcp,northamerica-northeast2,Linux-6.8.0-1032-gcp-x86_64-with-glibc2.35,3.12.11,3.0.4,2,Intel(R) Xeon(R) CPU @ 2.60GHz,,,,,15.61648178100586,machine,Y,1.0
2025-07-28T06:52:41,scipy-benchmark,48fca7f1-44f8-4038-a814-0dfc9bd05b94,scipy_LMC001_56f8cd5d,1.0016654192004353,7.062936702174033e-08,7.051193509117962e-08,0.8,0.0,10.0,1.1138377866397301e-07,0.0,1.391368711160289e-06,1.502752489824262e-06,Canada,CAN,,gcp,northamerica-northeast2,Linux-6.8.0-1032-gcp-x86_64-with-glibc2.35,3.12.11,3.0.4,2,Intel(R) Xeon(R) CPU @ 2.60GHz,,,,,15.61648178100586,machine,Y,1.0
2025-07-28T06:52:43,scipy-benchmark,8b0f658b-aed9-4263-821b-85b713d62c21,scipy_LMC001_56f8cd5d,1.0016079610213635,7.06221606528076e-08,7.050878527442262e-08,0.8,0.0,10.0,1.1137204891484645e-07,0.0,1.3912271139108473e-06,1.5025991628256936e-06,Canada,CAN,,gcp,northamerica-northeast2,Linux-6.8.0-1032-gcp-x86_64-with-glibc2.35,3.12.11,3.0.4,2,Intel(R) Xeon(R) CPU @ 2.60GHz,,,,,15.61648178100586,machine,Y,1.0
2025-07-28T06:52:45,scipy-benchmark,68d1443d-038a-4526-a22d-427e0ae32a78,scipy_LMC001_56f8cd5d,1.0016300869174302,7.062688244335975e-08,7.05119418494284e-08,0.8,0.0,10.0,1.113726488935451e-07,0.0,1.3913269775609178e-06,1.5026996264544628e-06,Canada,CAN,,gcp,northamerica-northeast2,Linux-6.8.0-1032-gcp-x86_64-with-glibc2.35,3.12.11,3.0.4,2,Intel(R) Xeon(R) CPU @ 2.60GHz,,,,,15.61648178100586,machine,Y,1.0
2025-07-28T06:52:47,scipy-benchmark,177c09b4-3c74-4e7f-9fcb-98f867882487,scipy_LMC001_56f8cd5d,1.0017075901851058,7.062648504563714e-08,7.050608953914989e-08,0.8,0.0,10.0,1.113738651490874e-07,0.0,1.391317306034681e-06,1.5026911711837683e-06,Canada,CAN,,gcp,northamerica-northeast2,Linux-6.8.0-1032-gcp-x86_64-with-glibc2.35,3.12.11,3.0.4,2,Intel(R) Xeon(R) CPU @ 2.60GHz,,,,,15.61648178100586,machine,Y,1.0
2025-07-28T06:52:49,scipy-benchmark,a6eecb95-0e7d-482c-82d4-a8aae6ec0530,scipy_LMC001_56f8cd5d,1.0017313861753792,7.063307742246738e-08,7.051099565937053e-08,0.8,0.0,10.0,1.1138578447409805e-07,0.0,1.3914456500464845e-06,1.5028314345205826e-06,Canada,CAN,,gcp,northamerica-northeast2,Linux-6.8.0-1032-gcp-x86_64-with-glibc2.35,3.12.11,3.0.4,2,Intel(R) Xeon(R) CPU @ 2.60GHz,,,,,15.61648178100586,machine,Y,1.0
2025-07-28T06:52:51,scipy-benchmark,a43423cc-ea22-4265-985e-41c88c8ea332,scipy_LMC001_56f8cd5d,1.0016550119034946,7.06279114222982e-08,7.051121452293287e-08,0.8,0.0,10.0,1.1137457554125128e-07,0.0,1.3913469440821145e-06,1.5027215196233657e-06,Canada,CAN,,gcp,northamerica-northeast2,Linux-6.8.0-1032-gcp-x86_64-with-glibc2.35,3.12.11,3.0.4,2,Intel(R) Xeon(R) CPU @ 2.60GHz,,,,,15.61648178100586,machine,Y,1.0
2025-07-28T06:52:53,scipy-benchmark,2ba36917-9fe6-426a-86c4-f05c32e002e6,scipy_LMC001_56f8cd5d,1.0016491080168637,7.06250829065943e-08,7.050880626891677e-08,0.8,0.0,10.0,1.1137127488230665e-07,0.0,1.3912900635558698e-06,1.5026613384381765e-06,Canada,CAN,,gcp,northamerica-northeast2,Linux-6.8.0-1032-gcp-x86_64-with-glibc2.35,3.12.11,3.0.4,2,Intel(R) Xeon(R) CPU @ 2.60GHz,,,,,15.61648178100586,machine,Y,1.0
2025-07-28T06:52:56,scipy-benchmark,21ab4e13-49f6-4585-a253-8cdfa31cde7d,scipy_LMC001_56f8cd5d,1.002644626190886,7.062192826407602e-08,7.043565229324916e-08,0.8000072,0.0,10.0,1.1136902920706973e-07,0.0,1.3912251891775264e-06,1.5025942183845962e-06,Canada,CAN,,gcp,northamerica-northeast2,Linux-6.8.0-1032-gcp-x86_64-with-glibc2.35,3.12.11,3.0.4,2,Intel(R) Xeon(R) CPU @ 2.60GHz,,,,,15.61648178100586,machine,Y,1.0
2025-07-28T06:52:58,scipy-benchmark,bb650af2-9d6b-42f3-a58e-f29ff5f33a29,scipy_LMC001_56f8cd5d,1.0016493478324264,7.062994224265116e-08,7.051364072216954e-08,0.8,0.0,10.0,1.1137903176455045e-07,0.0,1.3913856968024952e-06,1.5027647285670456e-06,Canada,CAN,,gcp,northamerica-northeast2,Linux-6.8.0-1032-gcp-x86_64-with-glibc2.35,3.12.11,3.0.4,2,Intel(R) Xeon(R) CPU @ 2.60GHz,,,,,15.61648178100586,machine,Y,1.0
2025-07-28T06:53:00,scipy-benchmark,3304a8e0-c34b-465d-a070-b20f31388f35,scipy_LMC001_56f8cd5d,1.0016804379411042,7.063205880050858e-08,7.05135651303011e-08,0.8,0.0,10.0,1.1137923401676949e-07,0.0,1.3914305276961792e-06,1.5028097617129489e-06,Canada,CAN,,gcp,northamerica-northeast2,Linux-6.8.0-1032-gcp-x86_64-with-glibc2.35,3.12.11,3.0.4,2,Intel(R) Xeon(R) CPU @ 2.60GHz,,,,,15.61648178100586,machine,Y,1.0
2025-07-28T06:53:02,scipy-benchmark,577f980c-3956-4804-b24f-6429901fe9c3,scipy_LMC001_56f8cd5d,1.0017047319561243,7.063220891105529e-08,7.051200484310883e-08,0.8,0.0,10.0,1.113789166427321e-07,0.0,1.3914340389116357e-06,1.5028129555543675e-06,Canada,CAN,,gcp,northamerica-northeast2,Linux-6.8.0-1032-gcp-x86_64-with-glibc2.35,3.12.11,3.0.4,2,Intel(R) Xeon(R) CPU @ 2.60GHz,,,,,15.61648178100586,machine,Y,1.0
2025-07-28T06:53:04,scipy-benchmark,6c879652-05ab-4c2a-ac34-820c1b9b9703,scipy_LMC001_56f8cd5d,1.0016250018961728,7.06225926913321e-08,7.050801702996303e-08,0.8,0.0,10.0,1.113652522261772e-07,0.0,1.3912431029085485e-06,1.5026083551347256e-06,Canada,CAN,,gcp,northamerica-northeast2,Linux-6.8.0-1032-gcp-x86_64-with-glibc2.35,3.12.11,3.0.4,2,Intel(R) Xeon(R) CPU @ 2.60GHz,,,,,15.61648178100586,machine,Y,1.0
2025-07-28T06:53:06,scipy-benchmark,a747b493-adbe-442d-9fa1-5b4c6fbba656,scipy_LMC001_56f8cd5d,1.0017412630841136,7.062972209299915e-08,7.050695094215018e-08,0.8,0.0,10.0,1.1137911687708565e-07,0.0,1.3913809276548112e-06,1.5027600445318968e-06,Canada,CAN,,gcp,northamerica-northeast2,Linux-6.8.0-1032-gcp-x86_64-with-glibc2.35,3.12.11,3.0.4,2,Intel(R) Xeon(R) CPU @ 2.60GHz,,,,,15.61648178100586,machine,Y,1.0
2025-07-28T06:53:08,scipy-benchmark,80c1dab8-ee5b-460f-be1c-1c9c2a681bb8,scipy_LMC001_56f8cd5d,1.0016946468967944,7.062962387556521e-08,7.05101340956275e-08,0.8,0.0,10.0,1.1137881864690121e-07,0.0,1.3913791361523586e-06,1.5027579547992598e-06,Canada,CAN,,gcp,northamerica-northeast2,Linux-6.8.0-1032-gcp-x86_64-with-glibc2.35,3.12.11,3.0.4,2,Intel(R) Xeon(R) CPU @ 2.60GHz,,,,,15.61648178100586,machine,Y,1.0
2025-07-28T06:53:10,scipy-benchmark,17ea3787-02c1-46d8-93da-ba3d2bd7c0b1,scipy_LMC001_56f8cd5d,1.0016244500875473,7.061893108075795e-08,7.050440020167787e-08,0.8,0.0,10.0,1.1136612580675217e-07,0.0,1.3911643227200126e-06,1.5025304485267648e-06,Canada,CAN,,gcp,northamerica-northeast2,Linux-6.8.0-1032-gcp-x86_64-with-glibc2.35,3.12.11,3.0.4,2,Intel(R) Xeon(R) CPU @ 2.60GHz,,,,,15.61648178100586,machine,Y,1.0
2025-07-28T06:53:13,scipy-benchmark,bcd07c55-f7ad-491d-bf8f-4b6ef6f5882c,scipy_LMC001_56f8cd5d,1.0016766309272498,7.063204181326244e-08,7.051381616827629e-08,0.8,0.0,10.0,1.11382478227218e-07,0.0,1.3914269220549614e-06,1.5028094002821791e-06,Canada,CAN,,gcp,northamerica-northeast2,Linux-6.8.0-1032-gcp-x86_64-with-glibc2.35,3.12.11,3.0.4,2,Intel(R) Xeon(R) CPU @ 2.60GHz,,,,,15.61648178100586,machine,Y,1.0
2025-07-28T06:53:15,scipy-benchmark,10b91140-d8ff-4dda-96f5-bd7b6471d024,scipy_LMC001_56f8cd5d,1.00163993681781,7.062259620404804e-08,7.05069692292967e-08,0.8,0.0,10.0,1.113690244447854e-07,0.0,1.3912394054285769e-06,1.5026084298733623e-06,Canada,CAN,,gcp,northamerica-northeast2,Linux-6.8.0-1032-gcp-x86_64-with-glibc2.35,3.12.11,3.0.4,2,Intel(R) Xeon(R) CPU @ 2.60GHz,,,,,15.61648178100586,machine,Y,1.0
2025-07-28T06:53:17,scipy-benchmark,407bf587-5de9-400d-a5c8-42fecc89db47,scipy_LMC001_56f8cd5d,1.0016101889777929,7.061675427903217e-08,7.050323075397332e-08,0.8,0.0,10.0,1.1136228953384693e-07,0.0,1.3911218440625817e-06,1.5024841335964289e-06,Canada,CAN,,gcp,northamerica-northeast2,Linux-6.8.0-1032-gcp-x86_64-with-glibc2.35,3.12.11,3.0.4,2,Intel(R) Xeon(R) CPU @ 2.60GHz,,,,,15.61648178100586,machine,Y,1.0
2025-07-28T06:53:19,scipy-benchmark,fe3ff633-08fb-4565-87ae-08291e89f2b2,scipy_LMC001_56f8cd5d,1.001861811848357,7.065046268158283e-08,7.051916925672433e-08,0.8,0.0,10.0,1.1141323111951353e-07,0.0,1.3917881025311847e-06,1.5032013336506985e-06,Canada,CAN,,gcp,northamerica-northeast2,Linux-6.8.0-1032-gcp-x86_64-with-glibc2.35,3.12.11,3.0.4,2,Intel(R) Xeon(R) CPU @ 2.60GHz,,,,,15.61648178100586,machine,Y,1.0
2025-07-28T06:53:21,scipy-benchmark,2a429aec-f94e-447e-898a-2b5673c7be9c,scipy_LMC001_56f8cd5d,1.0016938128974289,7.062876430218523e-08,7.05093346817122e-08,0.8,0.0,10.0,1.1137180532225304e-07,0.0,1.3913678606816877e-06,1.5027396660039407e-06,Canada,CAN,,gcp,northamerica-northeast2,Linux-6.8.0-1032-gcp-x86_64-with-glibc2.35,3.12.11,3.0.4,2,Intel(R) Xeon(R) CPU @ 2.60GHz,,,,,15.61648178100586,machine,Y,1.0
2025-07-28T06:53:23,scipy-benchmark,2f7016fd-b4dd-48ed-91f2-57b0bc8ba3d5,scipy_LMC001_56f8cd5d,1.001756187994033,7.06297996317347e-08,7.050597787987448e-08,0.8,0.0,10.0,1.1138143602551684e-07,0.0,1.3913802582667109e-06,1.5027616942922274e-06,Canada,CAN,,gcp,northamerica-northeast2,Linux-6.8.0-1032-gcp-x86_64-with-glibc2.35,3.12.11,3.0.4,2,Intel(R) Xeon(R) CPU @ 2.60GHz,,,,,15.61648178100586,machine,Y,1.0
2025-07-28T06:53:25,scipy-benchmark,3511828d-acfb-4ee9-ac9c-047f1bdd21ff,scipy_LMC001_56f8cd5d,1.001649298006669,7.06278851371155e-08,7.051159051143796e-08,0.8,0.0,10.0,1.1136874396147001e-07,0.0,1.3913522164026896e-06,1.5027209603641596e-06,Canada,CAN,,gcp,northamerica-northeast2,Linux-6.8.0-1032-gcp-x86_64-with-glibc2.35,3.12.11,3.0.4,2,Intel(R) Xeon(R) CPU @ 2.60GHz,,,,,15.61648178100586,machine,Y,1.0
2025-07-28T06:53:27,scipy-benchmark,3c983e0f-9d06-49d5-bba3-923469602a2d,scipy_LMC001_56f8cd5d,1.00162790203467,7.062339348462469e-08,7.050861237108403e-08,0.8000072,0.0,10.0,1.1136267116585141e-07,0.0,1.3912627221240353e-06,1.5026253932898868e-06,Canada,CAN,,gcp,northamerica-northeast2,Linux-6.8.0-1032-gcp-x86_64-with-glibc2.35,3.12.11,3.0.4,2,Intel(R) Xeon(R) CPU @ 2.60GHz,,,,,15.61648178100586,machine,Y,1.0
2025-07-28T06:53:30,scipy-benchmark,79a2e33c-6acf-4d82-89fb-9fb338be1918,scipy_LMC001_56f8cd5d,1.0016482169739902,7.062515146227018e-08,7.050893743477216e-08,0.8000072,0.0,10.0,1.113715667734826e-07,0.0,1.3912912302960953e-06,1.502662797069578e-06,Canada,CAN,,gcp,northamerica-northeast2,Linux-6.8.0-1032-gcp-x86_64-with-glibc2.35,3.12.11,3.0.4,2,Intel(R) Xeon(R) CPU @ 2.60GHz,,,,,15.61648178100586,machine,Y,1.0
2025-07-28T06:53:32,scipy-benchmark,70d2fd54-0fa4-47fd-874e-84beb01c7d23,scipy_LMC001_56f8cd5d,1.0016949009150269,7.062867308586526e-08,7.050916703414131e-08,0.8,0.0,10.0,1.1137836933549909e-07,0.0,1.3913593558956763e-06,1.5027377252311756e-06,Canada,CAN,,gcp,northamerica-northeast2,Linux-6.8.0-1032-gcp-x86_64-with-glibc2.35,3.12.11,3.0.4,2,Intel(R) Xeon(R) CPU @ 2.60GHz,,,,,15.61648178100586,machine,Y,1.0
2025-07-28T06:53:34,scipy-benchmark,eb3cbb5d-b433-4f72-aab8-304762be7347,scipy_LMC001_56f8cd5d,1.0017288329545408,7.062877034152755e-08,7.050687573124167e-08,0.8,0.0,10.0,1.113787913281057e-07,0.0,1.3913610031724805e-06,1.502739794500586e-06,Canada,CAN,,gcp,northamerica-northeast2,Linux-6.8.0-1032-gcp-x86_64-with-glibc2.35,3.12.11,3.0.4,2,Intel(R) Xeon(R) CPU @ 2.60GHz,,,,,15.61648178100586,machine,Y,1.0
2025-07-28T06:53:36,scipy-benchmark,cf13a6e9-bfac-4ba0-b11b-627120959bdb,scipy_LMC001_56f8cd5d,1.0016015800647438,7.062511395929484e-08,7.051218305259625e-08,0.8,0.0,10.0,1.1137132957163785e-07,0.0,1.391290669562295e-06,1.5026619991339328e-06,Canada,CAN,,gcp,northamerica-northeast2,Linux-6.8.0-1032-gcp-x86_64-with-glibc2.35,3.12.11,3.0.4,2,Intel(R) Xeon(R) CPU @ 2.60GHz,,,,,15.61648178100586,machine,Y,1.0
2025-07-28T06:53:38,scipy-benchmark,7947e54d-5a33-4683-ab7e-8ce67f4c0a4e,scipy_LMC001_56f8cd5d,1.0017262138426304,7.06293207569581e-08,7.050760954535014e-08,0.8000072,0.0,10.0,1.1138306400240025e-07,0.0,1.3913684414647931e-06,1.5027515054671935e-06,Canada,CAN,,gcp,northamerica-northeast2,Linux-6.8.0-1032-gcp-x86_64-with-glibc2.35,3.12.11,3.0.4,2,Intel(R) Xeon(R) CPU @ 2.60GHz,,,,,15.61648178100586,machine,Y,1.0
2025-07-28T06:53:40,scipy-benchmark,2ad7d67d-87a9-4f6c-86d2-93d7cd311d0b,scipy_LMC001_56f8cd5d,1.0015543680638077,7.062356183058336e-08,7.051395718747843e-08,0.8000072,0.0,10.0,1.1136135514346925e-07,0.0,1.391267619975325e-06,1.5026289751187942e-06,Canada,CAN,,gcp,northamerica-northeast2,Linux-6.8.0-1032-gcp-x86_64-with-glibc2.35,3.12.11,3.0.4,2,Intel(R) Xeon(R) CPU @ 2.60GHz,,,,,15.61648178100586,machine,Y,1.0
2025-07-28T06:53:42,scipy-benchmark,61ae7c73-a161-47bd-8597-adc141f9964e,scipy_LMC001_56f8cd5d,1.0016618901863694,7.063016863348377e-08,7.051298379769874e-08,0.8,0.0,10.0,1.1137548156289593e-07,0.0,1.3913940638303755e-06,1.5027695453932717e-06,Canada,CAN,,gcp,northamerica-northeast2,Linux-6.8.0-1032-gcp-x86_64-with-glibc2.35,3.12.11,3.0.4,2,Intel(R) Xeon(R) CPU @ 2.60GHz,,,,,15.61648178100586,machine,Y,1.0
2025-07-28T06:53:44,scipy-benchmark,ddf4831c-cb00-4a12-94b9-a80d43a6fe7e,scipy_LMC001_56f8cd5d,1.0019399309530854,7.066025472556553e-08,7.052344411341171e-08,0.8,0.0,10.0,1.1143021932285694e-07,0.0,1.391979455689175e-06,1.5034096750120322e-06,Canada,CAN,,gcp,northamerica-northeast2,Linux-6.8.0-1032-gcp-x86_64-with-glibc2.35,3.12.11,3.0.4,2,Intel(R) Xeon(R) CPU @ 2.60GHz,,,,,15.61648178100586,machine,Y,1.0
2025-07-28T06:53:47,scipy-benchmark,9bc1cdf4-5313-45cb-a0c7-1ebde49e733c,scipy_LMC001_56f8cd5d,1.001666405936703,7.062840309441235e-08,7.051090330654004e-08,0.8001944000000001,0.0,10.0,1.1140071132639561e-07,0.0,1.3913312694057823e-06,1.5027319807321778e-06,Canada,CAN,,gcp,northamerica-northeast2,Linux-6.8.0-1032-gcp-x86_64-with-glibc2.35,3.12.11,3.0.4,2,Intel(R) Xeon(R) CPU @ 2.60GHz,,,,,15.61648178100586,machine,Y,1.0
2025-07-28T06:53:49,scipy-benchmark,6d4dd182-eee8-4d5b-ae5b-7ccfc20a42cc,scipy_LMC001_56f8cd5d,1.001590045168996,7.062551824188394e-08,7.05133987528475e-08,0.8000072,0.0,10.0,1.1136416740077365e-07,0.0,1.391306433490374e-06,1.5026706008911478e-06,Canada,CAN,,gcp,northamerica-northeast2,Linux-6.8.0-1032-gcp-x86_64-with-glibc2.35,3.12.11,3.0.4,2,Intel(R) Xeon(R) CPU @ 2.60GHz,,,,,15.61648178100586,machine,Y,1.0
2025-07-28T06:53:51,scipy-benchmark,19033441-36b6-4542-82bd-6aa2cde6b7c6,scipy_LMC001_56f8cd5d,1.0017644979525355,7.063167747081671e-08,7.050726754160066e-08,0.8,0.0,10.0,1.113835401936538e-07,0.0,1.3914181081215954e-06,1.5028016483152492e-06,Canada,CAN,,gcp,northamerica-northeast2,Linux-6.8.0-1032-gcp-x86_64-with-glibc2.35,3.12.11,3.0.4,2,Intel(R) Xeon(R) CPU @ 2.60GHz,,,,,15.61648178100586,machine,Y,1.0
2025-07-28T06:53:53,scipy-benchmark,88ae846f-5622-4253-a0ac-006a4ade0d66,scipy_LMC001_56f8cd5d,1.0016515168827027,7.06268824701094e-08,7.051043329910923e-08,0.8,0.0,10.0,1.113782826707595e-07,0.0,1.3913213443528448e-06,1.5026996270236043e-06,Canada,CAN,,gcp,northamerica-northeast2,Linux-6.8.0-1032-gcp-x86_64-with-glibc2.35,3.12.11,3.0.4,2,Intel(R) Xeon(R) CPU @ 2.60GHz,,,,,15.61648178100586,machine,Y,1.0
2025-07-28T06:53:55,scipy-benchmark,989d2938-d19c-43a4-803c-bdf9aaf95a07,scipy_LMC001_56f8cd5d,1.0016045151278377,7.062227633533378e-08,7.050914334818077e-08,0.8,0.0,10.0,1.1137039043630165e-07,0.0,1.3912312337197364e-06,1.502601624156038e-06,Canada,CAN,,gcp,northamerica-northeast2,Linux-6.8.0-1032-gcp-x86_64-with-glibc2.35,3.12.11,3.0.4,2,Intel(R) Xeon(R) CPU @ 2.60GHz,,,,,15.61648178100586,machine,Y,1.0
2025-07-28T06:53:57,scipy-benchmark,57d12ed1-1364-40e7-8232-fd475af36c9c,scipy_LMC001_56f8cd5d,1.0016444311477244,7.062511178162987e-08,7.050916431562921e-08,0.8,0.0,10.0,1.1137125801502005e-07,0.0,1.3912906947856148e-06,1.5026619528006349e-06,Canada,CAN,,gcp,northamerica-northeast2,Linux-6.8.0-1032-gcp-x86_64-with-glibc2.35,3.12.11,3.0.4,2,Intel(R) Xeon(R) CPU @ 2.60GHz,,,,,15.61648178100586,machine,Y,1.0
2025-07-28T06:53:59,scipy-benchmark,8ff634a0-ddbd-452a-912a-9365d9f17905,scipy_LMC001_56f8cd5d,1.0016932899598032,7.062987531744877e-08,7.051048062853955e-08,0.8,0.0,10.0,1.1138090755169593e-07,0.0,1.3913823970748734e-06,1.5027633046265692e-06,Canada,CAN,,gcp,northamerica-northeast2,Linux-6.8.0-1032-gcp-x86_64-with-glibc2.35,3.12.11,3.0.4,2,Intel(R) Xeon(R) CPU @ 2.60GHz,,,,,15.61648178100586,machine,Y,1.0
2025-07-28T06:54:01,scipy-benchmark,ac2b3e3f-028f-469c-9ea0-9ea324c6f984,scipy_LMC001_56f8cd5d,1.0016422169283032,7.062525242158316e-08,7.050946059179377e-08,0.8,0.0,10.0,1.1137056774977181e-07,0.0,1.3912943773902954e-06,1.502664945140067e-06,Canada,CAN,,gcp,northamerica-northeast2,Linux-6.8.0-1032-gcp-x86_64-with-glibc2.35,3.12.11,3.0.4,2,Intel(R) Xeon(R) CPU @ 2.60GHz,,,,,15.61648178100586,machine,Y,1.0
2025-07-28T06:54:04,scipy-benchmark,d1158c24-a350-4b96-953c-85f8671d7fa2,scipy_LMC001_56f8cd5d,1.0016995170153675,7.062934393314127e-08,7.05095118180612e-08,0.8,0.0,10.0,1.1137840379443434e-07,0.0,1.3913735947830397e-06,1.502751998577474e-06,Canada,CAN,,gcp,northamerica-northeast2,Linux-6.8.0-1032-gcp-x86_64-with-glibc2.35,3.12.11,3.0.4,2,Intel(R) Xeon(R) CPU @ 2.60GHz,,,,,15.61648178100586,machine,Y,1.0
2025-07-28T06:54:06,scipy-benchmark,27213bea-fe7d-4d70-9f3e-009354377e52,scipy_LMC001_56f8cd5d,1.0016231790650636,7.06223936240551e-08,7.05079466012114e-08,0.8,0.0,10.0,1.1136837226028245e-07,0.0,1.3912357474004644e-06,1.5026041196607467e-06,Canada,CAN,,gcp,northamerica-northeast2,Linux-6.8.0-1032-gcp-x86_64-with-glibc2.35,3.12.11,3.0.4,2,Intel(R) Xeon(R) CPU @ 2.60GHz,,,,,15.61648178100586,machine,Y,1.0
2025-07-28T06:54:08,scipy-benchmark,721613d0-80cc-46e4-a7a4-c51e12eec267,scipy_LMC001_56f8cd5d,1.001689224038273,7.06255031181241e-08,7.050640200899833e-08,0.8,0.0,10.0,1.1137725666372317e-07,0.0,1.3912930224452996e-06,1.5026702791090228e-06,Canada,CAN,,gcp,northamerica-northeast2,Linux-6.8.0-1032-gcp-x86_64-with-glibc2.35,3.12.11,3.0.4,2,Intel(R) Xeon(R) CPU @ 2.60GHz,,,,,15.61648178100586,machine,Y,1.0
2025-07-28T06:54:10,scipy-benchmark,33890b11-9e87-41fe-a612-4391390ed0f9,scipy_LMC001_56f8cd5d,1.0016167650464922,7.062680619955065e-08,7.051280356341915e-08,0.8,0.0,10.0,1.1137327091354465e-07,0.0,1.3913247333322137e-06,1.502698004245758e-06,Canada,CAN,,gcp,northamerica-northeast2,Linux-6.8.0-1032-gcp-x86_64-with-glibc2.35,3.12.11,3.0.4,2,Intel(R) Xeon(R) CPU @ 2.60GHz,,,,,15.61648178100586,machine,Y,1.0
2025-07-28T06:54:12,scipy-benchmark,97a48212-4b96-4be5-b923-3ecf7ad23339,scipy_LMC001_56f8cd5d,1.0016555809415877,7.062241819183429e-08,7.050569031467582e-08,0.8000072,0.0,10.0,1.113703314147095e-07,0.0,1.3912343109647433e-06,1.5026046423794529e-06,Canada,CAN,,gcp,northamerica-northeast2,Linux-6.8.0-1032-gcp-x86_64-with-glibc2.35,3.12.11,3.0.4,2,Intel(R) Xeon(R) CPU @ 2.60GHz,,,,,15.61648178100586,machine,Y,1.0
2025-07-28T06:54:14,scipy-benchmark,ba6fe361-64ed-4f95-92ba-40d0c32c2917,scipy_LMC001_56f8cd5d,1.0017123608849945,7.063270798907615e-08,7.0511966056477e-08,0.8,0.0,10.0,1.1138301089199057e-07,0.0,1.3914405633436722e-06,1.5028235742356628e-06,Canada,CAN,,gcp,northamerica-northeast2,Linux-6.8.0-1032-gcp-x86_64-with-glibc2.35,3.12.11,3.0.4,2,Intel(R) Xeon(R) CPU @ 2.60GHz,,,,,15.61648178100586,machine,Y,1.0
2025-07-28T06:54:16,scipy-benchmark,871b5086-e0e3-4eb8-bfd3-de1ccb235cf8,scipy_LMC001_56f8cd5d,1.0016286680474875,7.0627647731547e-08,7.051280577783791e-08,0.8000576,0.0,10.0,1.1137689233640089e-07,0.0,1.3913390168454498e-06,1.5027159091818508e-06,Canada,CAN,,gcp,northamerica-northeast2,Linux-6.8.0-1032-gcp-x86_64-with-glibc2.35,3.12.11,3.0.4,2,Intel(R) Xeon(R) CPU @ 2.60GHz,,,,,15.61648178100586,machine,Y,1.0
2025-07-28T06:54:18,scipy-benchmark,a4f408bc-b52b-41cc-8b12-f92377c687cc,scipy_LMC001_56f8cd5d,1.0016484300140291,7.062743340111855e-08,7.051120062168854e-08,0.8,0.0,10.0,1.1137298468707336e-07,0.0,1.3913383642728958e-06,1.5027113489599692e-06,Canada,CAN,,gcp,northamerica-northeast2,Linux-6.8.0-1032-gcp-x86_64-with-glibc2.35,3.12.11,3.0.4,2,Intel(R) Xeon(R) CPU @ 2.60GHz,,,,,15.61648178100586,machine,Y,1.0
2025-07-28T06:54:21,scipy-benchmark,0676de2b-7e2c-4bac-8dbc-e3ae97da05e4,scipy_LMC001_56f8cd5d,1.0016569029539824,7.062069932164419e-08,7.050388123256271e-08,0.8,0.0,10.0,1.1137217935174705e-07,0.0,1.3911958913215332e-06,1.5025680706732805e-06,Canada,CAN,,gcp,northamerica-northeast2,Linux-6.8.0-1032-gcp-x86_64-with-glibc2.35,3.12.11,3.0.4,2,Intel(R) Xeon(R) CPU @ 2.60GHz,,,,,15.61648178100586,machine,Y,1.0
2025-07-28T06:54:23,scipy-benchmark,e4740062-6a86-4f23-97a5-4b2de8c01347,scipy_LMC001_56f8cd5d,1.001690834062174,7.063094558934164e-08,7.051172196805554e-08,0.8,0.0,10.0,1.1138651514839797e-07,0.0,1.391399561220573e-06,1.502786076368971e-06,Canada,CAN,,gcp,northamerica-northeast2,Linux-6.8.0-1032-gcp-x86_64-with-glibc2.35,3.12.11,3.0.4,2,Intel(R) Xeon(R) CPU @ 2.60GHz,,,,,15.61648178100586,machine,Y,1.0
2025-07-28T06:54:25,scipy-benchmark,1b71efdc-9f75-4a61-addb-11c4d1d9a974,scipy_LMC001_56f8cd5d,1.0017020250670612,7.063531945379347e-08,7.051530064448518e-08,0.8000072,0.0,10.0,1.1138450358135597e-07,0.0,1.3914946337333984e-06,1.5028791373147543e-06,Canada,CAN,,gcp,northamerica-northeast2,Linux-6.8.0-1032-gcp-x86_64-with-glibc2.35,3.12.11,3.0.4,2,Intel(R) Xeon(R) CPU @ 2.60GHz,,,,,15.61648178100586,machine,Y,1.0
2025-07-28T06:54:27,scipy-benchmark,83f33c1a-2385-4fb6-a40b-06c2a71e8cc3,scipy_LMC001_56f8cd5d,1.0017700111493468,7.06415296480215e-08,7.051671427753494e-08,0.8,0.0,10.0,1.1140384380188257e-07,0.0,1.3916074253049576e-06,1.50301126910684e-06,Canada,CAN,,gcp,northamerica-northeast2,Linux-6.8.0-1032-gcp-x86_64-with-glibc2.35,3.12.11,3.0.4,2,Intel(R) Xeon(R) CPU @ 2.60GHz,,,,,15.61648178100586,machine,Y,1.0
2025-07-28T06:54:29,scipy-benchmark,8de842a0-4149-4634-a957-6eb14c0ff979,scipy_LMC001_56f8cd5d,1.001654138788581,7.062362362226053e-08,7.050699526652387e-08,0.8000072,0.0,10.0,1.113699231813068e-07,0.0,1.3912603666540235e-06,1.5026302898353302e-06,Canada,CAN,,gcp,northamerica-northeast2,Linux-6.8.0-1032-gcp-x86_64-with-glibc2.35,3.12.11,3.0.4,2,Intel(R) Xeon(R) CPU @ 2.60GHz,,,,,15.61648178100586,machine,Y,1.0
2025-07-28T06:54:31,scipy-benchmark,86b0bf39-150d-402b-ad6f-ccdc9d5e6960,scipy_LMC001_56f8cd5d,1.0017019140068442,7.06322206516266e-08,7.051221492539146e-08,0.8000576,0.0,10.0,1.1139122512920745e-07,0.0,1.3914219802245495e-06,1.5028132053537571e-06,Canada,CAN,,gcp,northamerica-northeast2,Linux-6.8.0-1032-gcp-x86_64-with-glibc2.35,3.12.11,3.0.4,2,Intel(R) Xeon(R) CPU @ 2.60GHz,,,,,15.61648178100586,machine,Y,1.0
2025-07-28T06:54:33,scipy-benchmark,7757f64d-ccb2-4cc6-a6a7-99c364cc306b,scipy_LMC001_56f8cd5d,1.001565735088661,7.061979752879901e-08,7.05093984895036e-08,0.8,0.0,10.0,1.1136318313785725e-07,0.0,1.391185700453611e-06,1.5025488835914685e-06,Canada,CAN,,gcp,northamerica-northeast2,Linux-6.8.0-1032-gcp-x86_64-with-glibc2.35,3.12.11,3.0.4,2,Intel(R) Xeon(R) CPU @ 2.60GHz,,,,,15.61648178100586,machine,Y,1.0
2025-07-28T06:54:36,scipy-benchmark,eed64d04-e3b7-4065-8876-a42b2b54d7a5,scipy_LMC001_56f8cd5d,1.0018029601778835,7.062690459936857e-08,7.04997962741374e-08,0.8,0.0,10.0,1.113744642482036e-07,0.0,1.3913256336107023e-06,1.502700097858906e-06,Canada,CAN,,gcp,northamerica-northeast2,Linux-6.8.0-1032-gcp-x86_64-with-glibc2.35,3.12.11,3.0.4,2,Intel(R) Xeon(R) CPU @ 2.60GHz,,,,,15.61648178100586,machine,Y,1.0
2025-07-28T06:54:38,scipy-benchmark,62906fa5-65fa-47f2-80b3-78c90d2c1030,scipy_LMC001_56f8cd5d,1.001793459057808,7.063883651353211e-08,7.051237545508465e-08,0.8,0.0,10.0,1.1138612621774277e-07,0.0,1.391567842155281e-06,1.5029539683730235e-06,Canada,CAN,,gcp,northamerica-northeast2,Linux-6.8.0-1032-gcp-x86_64-with-glibc2.35,3.12.11,3.0.4,2,Intel(R) Xeon(R) CPU @ 2.60GHz,,,,,15.61648178100586,machine,Y,1.0
2025-07-28T06:54:40,scipy-benchmark,06bf34dc-d1ff-4e8b-9813-31de4277c14e,scipy_LMC001_56f8cd5d,1.001727649010718,7.062920253690228e-08,7.050739051343345e-08,0.8,0.0,10.0,1.1138029515536301e-07,0.0,1.3913686949914945e-06,1.5027489901468572e-06,Canada,CAN,,gcp,northamerica-northeast2,Linux-6.8.0-1032-gcp-x86_64-with-glibc2.35,3.12.11,3.0.4,2,Intel(R) Xeon(R) CPU @ 2.60GHz,,,,,15.61648178100586,machine,Y,1.0
2025-07-28T06:54:42,scipy-benchmark,5b84143e-78c4-4907-ae08-e070596ff8a9,scipy_LMC001_56f8cd5d,1.0017030930612236,7.063312911860543e-08,7.05130388514118e-08,0.8,0.0,10.0,1.1138318691195713e-07,0.0,1.391449347526456e-06,1.5028325344384131e-06,Canada,CAN,,gcp,northamerica-northeast2,Linux-6.8.0-1032-gcp-x86_64-with-glibc2.35,3.12.11,3.0.4,2,Intel(R) Xeon(R) CPU @ 2.60GHz,,,,,15.61648178100586,machine,Y,1.0
2025-07-28T06:54:44,scipy-benchmark,df054ed6-787a-4be9-83dd-88a64fc956d9,scipy_LMC001_56f8cd5d,1.001660673879087,7.06236597192215e-08,7.050657129796299e-08,0.8,0.0,10.0,1.1136978574925e-07,0.0,1.3912612721065265e-06,1.5026310578557766e-06,Canada,CAN,,gcp,northamerica-northeast2,Linux-6.8.0-1032-gcp-x86_64-with-glibc2.35,3.12.11,3.0.4,2,Intel(R) Xeon(R) CPU @ 2.60GHz,,,,,15.61648178100586,machine,Y,1.0
2025-07-28T06:54:46,scipy-benchmark,7a91aef8-fa51-42f8-9081-0af073012f43,scipy_LMC001_56f8cd5d,1.001652814913541,7.062871001954974e-08,7.051216645923979e-08,0.8000072,0.0,10.0,1.1137096922119277e-07,0.0,1.3913675418330565e-06,1.5027385110542494e-06,Canada,CAN,,gcp,northamerica-northeast2,Linux-6.8.0-1032-gcp-x86_64-with-glibc2.35,3.12.11,3.0.4,2,Intel(R) Xeon(R) CPU @ 2.60GHz,,,,,15.61648178100586,machine,Y,1.0
2025-07-28T06:54:48,scipy-benchmark,618e1c08-92bd-491d-96a4-199a92d939dd,scipy_LMC001_56f8cd5d,1.0016864298377186,7.06289829733109e-08,7.051007268287878e-08,0.8,0.0,10.0,1.1137911863625049e-07,0.0,1.3913651999448322e-06,1.5027443185810829e-06,Canada,CAN,,gcp,northamerica-northeast2,Linux-6.8.0-1032-gcp-x86_64-with-glibc2.35,3.12.11,3.0.4,2,Intel(R) Xeon(R) CPU @ 2.60GHz,,,,,15.61648178100586,machine,Y,1.0
2025-07-28T06:54:50,scipy-benchmark,07492d50-96a1-4927-90cb-68fa568cd683,scipy_LMC001_56f8cd5d,1.0016994480974972,7.063132352547515e-08,7.051149290300942e-08,0.8,0.0,10.0,1.1138749510670701e-07,0.0,1.3914066224565936e-06,1.5027941175633006e-06,Canada,CAN,,gcp,northamerica-northeast2,Linux-6.8.0-1032-gcp-x86_64-with-glibc2.35,3.12.11,3.0.4,2,Intel(R) Xeon(R) CPU @ 2.60GHz,,,,,15.61648178100586,machine,Y,1.0
2025-07-28T06:54:53,scipy-benchmark,39b679a2-3014-452a-b979-45de82a89f04,scipy_LMC001_56f8cd5d,1.0015713050961494,7.062003873164457e-08,7.050924719220577e-08,0.8,0.0,10.0,1.1136227380484345e-07,0.0,1.391191741762062e-06,1.5025540155669054e-06,Canada,CAN,,gcp,northamerica-northeast2,Linux-6.8.0-1032-gcp-x86_64-with-glibc2.35,3.12.11,3.0.4,2,Intel(R) Xeon(R) CPU @ 2.60GHz,,,,,15.61648178100586,machine,Y,1.0
2025-07-28T06:54:55,scipy-benchmark,ed42a3fb-f620-4153-9134-200240a20e3a,scipy_LMC001_56f8cd5d,1.0016327740158886,7.062826376509232e-08,7.051313175578254e-08,0.8,0.0,10.0,1.113801300008264e-07,0.0,1.3913488862777334e-06,1.5027290162785595e-06,Canada,CAN,,gcp,northamerica-northeast2,Linux-6.8.0-1032-gcp-x86_64-with-glibc2.35,3.12.11,3.0.4,2,Intel(R) Xeon(R) CPU @ 2.60GHz,,,,,15.61648178100586,machine,Y,1.0
2025-07-28T06:54:57,scipy-benchmark,0adcc6e9-adc5-4f69-8b37-41ef78e514e2,scipy_LMC001_56f8cd5d,1.0016646080184728,7.063426165274965e-08,7.051687869104287e-08,0.8,0.0,10.0,1.1137646954092716e-07,0.0,1.39148016136864e-06,1.5028566309095671e-06,Canada,CAN,,gcp,northamerica-northeast2,Linux-6.8.0-1032-gcp-x86_64-with-glibc2.35,3.12.11,3.0.4,2,Intel(R) Xeon(R) CPU @ 2.60GHz,,,,,15.61648178100586,machine,Y,1.0
2025-07-28T06:54:59,scipy-benchmark,3ee962f8-e106-4071-94ea-a1d012c8b0da,scipy_LMC001_56f8cd5d,1.0017416791524738,7.063129777042196e-08,7.0508494595313e-08,0.8,0.0,10.0,1.1138310024721757e-07,0.0,1.3914104693362283e-06,1.502793569583446e-06,Canada,CAN,,gcp,northamerica-northeast2,Linux-6.8.0-1032-gcp-x86_64-with-glibc2.35,3.12.11,3.0.4,2,Intel(R) Xeon(R) CPU @ 2.60GHz,,,,,15.61648178100586,machine,Y,1.0
2025-07-28T06:55:01,scipy-benchmark,0eae3611-1cb6-478a-9af9-78d2bc8a3841,scipy_LMC001_56f8cd5d,1.0016698990948498,7.063117412865783e-08,7.051342382603597e-08,0.8,0.0,10.0,1.113797917755114e-07,0.0,1.391411147132102e-06,1.5027909389076134e-06,Canada,CAN,,gcp,northamerica-northeast2,Linux-6.8.0-1032-gcp-x86_64-with-glibc2.35,3.12.11,3.0.4,2,Intel(R) Xeon(R) CPU @ 2.60GHz,,,,,15.61648178100586,machine,Y,1.0
2025-07-28T06:55:03,scipy-benchmark,7f1ffd6b-ce5c-4570-8f37-d0ef779cc70a,scipy_LMC001_56f8cd5d,1.0016726749017837,7.063033799855259e-08,7.051239368736706e-08,0.8000072,0.0,10.0,1.113765459274792e-07,0.0,1.3913966029778952e-06,1.5027731489053745e-06,Canada,CAN,,gcp,northamerica-northeast2,Linux-6.8.0-1032-gcp-x86_64-with-glibc2.35,3.12.11,3.0.4,2,Intel(R) Xeon(R) CPU @ 2.60GHz,,,,,15.61648178100586,machine,Y,1.0
2025-07-28T06:55:05,scipy-benchmark,957dabaf-e5a1-47ba-afa8-e1206a7bce81,scipy_LMC001_56f8cd5d,1.0017366360407325,7.063001506372044e-08,7.050756907811496e-08,0.8,0.0,10.0,1.1138937244605689e-07,0.0,1.3913769055054418e-06,1.5027662779514988e-06,Canada,CAN,,gcp,northamerica-northeast2,Linux-6.8.0-1032-gcp-x86_64-with-glibc2.35,3.12.11,3.0.4,2,Intel(R) Xeon(R) CPU @ 2.60GHz,,,,,15.61648178100586,machine,Y,1.0
2025-07-28T06:55:07,scipy-benchmark,7e6d5251-c132-473d-ab89-a4186e75aafc,scipy_LMC001_56f8cd5d,1.0016647120937705,7.063257745254107e-08,7.051518996301512e-08,0.8000072,0.0,10.0,1.1138448267815005e-07,0.0,1.3914363141844257e-06,1.5028207968625757e-06,Canada,CAN,,gcp,northamerica-northeast2,Linux-6.8.0-1032-gcp-x86_64-with-glibc2.35,3.12.11,3.0.4,2,Intel(R) Xeon(R) CPU @ 2.60GHz,,,,,15.61648178100586,machine,Y,1.0
2025-07-28T06:55:10,scipy-benchmark,00a446c5-27fe-4041-b186-0099ae4c865f,scipy_LMC001_56f8cd5d,1.0016553099267185,7.062657650148806e-08,7.050986082892641e-08,0.8,0.0,10.0,1.1137562022647925e-07,0.0,1.3913174968264584e-06,1.5026931170529376e-06,Canada,CAN,,gcp,northamerica-northeast2,Linux-6.8.0-1032-gcp-x86_64-with-glibc2.35,3.12.11,3.0.4,2,Intel(R) Xeon(R) CPU @ 2.60GHz,,,,,15.61648178100586,machine,Y,1.0
2025-07-28T06:55:12,scipy-benchmark,806788eb-765d-44a2-8027-1286ad6ce3fb,scipy_LMC001_56f8cd5d,1.0018051320221275,7.063234640062892e-08,7.050507543124545e-08,0.8,0.0,10.0,1.113983528792031e-07,0.0,1.3914175279852417e-06,1.5028158808644448e-06,Canada,CAN,,gcp,northamerica-northeast2,Linux-6.8.0-1032-gcp-x86_64-with-glibc2.35,3.12.11,3.0.4,2,Intel(R) Xeon(R) CPU @ 2.60GHz,,,,,15.61648178100586,machine,Y,1.0
2025-07-28T06:55:14,scipy-benchmark,9557e8c2-be32-4ba6-a43c-944c88119a61,scipy_LMC001_56f8cd5d,1.001744879875332,7.063910951806852e-08,7.051606745108558e-08,0.8,0.0,10.0,1.1139328265562653e-07,0.0,1.391566494324555e-06,1.5029597769801817e-06,Canada,CAN,,gcp,northamerica-northeast2,Linux-6.8.0-1032-gcp-x86_64-with-glibc2.35,3.12.11,3.0.4,2,Intel(R) Xeon(R) CPU @ 2.60GHz,,,,,15.61648178100586,machine,Y,1.0
2025-07-28T06:55:16,scipy-benchmark,671ee2dd-e909-4c3a-bc58-99cd810131cb,scipy_LMC001_56f8cd5d,1.0017005670815706,7.063504490085568e-08,7.051512919339669e-08,0.8,0.0,10.0,1.11385359791004e-07,0.0,1.3914879359718823e-06,1.5028732957628866e-06,Canada,CAN,,gcp,northamerica-northeast2,Linux-6.8.0-1032-gcp-x86_64-with-glibc2.35,3.12.11,3.0.4,2,Intel(R) Xeon(R) CPU @ 2.60GHz,,,,,15.61648178100586,machine,Y,1.0
2025-07-28T06:55:18,scipy-benchmark,d462bffb-41b9-4324-aa84-91cff66914bf,scipy_LMC001_56f8cd5d,1.0016745058819652,7.062577491406249e-08,7.050770934004868e-08,0.8,0.0,10.0,1.1137231511788237e-07,0.0,1.391303746883447e-06,1.5026760620013294e-06,Canada,CAN,,gcp,northamerica-northeast2,Linux-6.8.0-1032-gcp-x86_64-with-glibc2.35,3.12.11,3.0.4,2,Intel(R) Xeon(R) CPU @ 2.60GHz,,,,,15.61648178100586,machine,Y,1.0
2025-07-28T06:55:20,scipy-benchmark,9f0068f2-c524-4f8c-aaa5-8c8d2d8c38c6,scipy_LMC001_56f8cd5d,1.001718900864944,7.063312458575496e-08,7.051192158275751e-08,0.8,0.0,10.0,1.113810131015879e-07,0.0,1.391451424893199e-06,1.5028324379947865e-06,Canada,CAN,,gcp,northamerica-northeast2,Linux-6.8.0-1032-gcp-x86_64-with-glibc2.35,3.12.11,3.0.4,2,Intel(R) Xeon(R) CPU @ 2.60GHz,,,,,15.61648178100586,machine,Y,1.0
2025-07-28T06:55:22,scipy-benchmark,c1c91603-b4bc-45e3-8a42-bfd3a692bc9a,scipy_LMC001_56f8cd5d,1.0016995589248836,7.063779667634469e-08,7.051794726969799e-08,0.8000072,0.0,10.0,1.1139102201846122e-07,0.0,1.391540822159085e-06,1.5029318441775463e-06,Canada,CAN,,gcp,northamerica-northeast2,Linux-6.8.0-1032-gcp-x86_64-with-glibc2.35,3.12.11,3.0.4,2,Intel(R) Xeon(R) CPU @ 2.60GHz,,,,,15.61648178100586,machine,Y,1.0
2025-07-28T06:55:24,scipy-benchmark,4532808f-cabf-4862-a11d-c17153bc5808,scipy_LMC001_56f8cd5d,1.001796092838049,7.0634645828116e-08,7.050800690189439e-08,0.8000072,0.0,10.0,1.1139867476493097e-07,0.0,1.3914661300886008e-06,1.5028648048535317e-06,Canada,CAN,,gcp,northamerica-northeast2,Linux-6.8.0-1032-gcp-x86_64-with-glibc2.35,3.12.11,3.0.4,2,Intel(R) Xeon(R) CPU @ 2.60GHz,,,,,15.61648178100586,machine,Y,1.0
2025-07-28T06:55:27,scipy-benchmark,9874ef60-bdee-4b7c-81e5-46c44b663eed,scipy_LMC001_56f8cd5d,1.0017222620081156,7.063258430840343e-08,7.051114564111705e-08,0.8,0.0,10.0,1.1138436467283305e-07,0.0,1.391436578059155e-06,1.502820942731988e-06,Canada,CAN,,gcp,northamerica-northeast2,Linux-6.8.0-1032-gcp-x86_64-with-glibc2.35,3.12.11,3.0.4,2,Intel(R) Xeon(R) CPU @ 2.60GHz,,,,,15.61648178100586,machine,Y,1.0
2025-07-28T06:55:29,scipy-benchmark,a6e3a8ce-e9f0-44d9-ba54-9e6a15ac5f71,scipy_LMC001_56f8cd5d,1.00172173907049,7.063471691848503e-08,7.051331139526617e-08,0.8,0.0,10.0,1.1138765068931716e-07,0.0,1.391478666725258e-06,1.5028663174145751e-06,Canada,CAN,,gcp,northamerica-northeast2,Linux-6.8.0-1032-gcp-x86_64-with-glibc2.35,3.12.11,3.0.4,2,Intel(R) Xeon(R) CPU @ 2.60GHz,,,,,15.61648178100586,machine,Y,1.0
2025-07-28T06:55:31,scipy-benchmark,c056ae3f-2d37-46db-a5c4-f3fca89910fb,scipy_LMC001_56f8cd5d,1.0015632631257176,7.062502635904174e-08,7.051479318304109e-08,0.8,0.0,10.0,1.113627020062672e-07,0.0,1.3912974332924932e-06,1.5026601352987603e-06,Canada,CAN,,gcp,northamerica-northeast2,Linux-6.8.0-1032-gcp-x86_64-with-glibc2.35,3.12.11,3.0.4,2,Intel(R) Xeon(R) CPU @ 2.60GHz,,,,,15.61648178100586,machine,Y,1.0
2025-07-28T06:55:33,scipy-benchmark,41314086-0ca4-438c-8cc6-2649da8da87d,scipy_LMC001_56f8cd5d,1.0016648799646646,7.062297649415107e-08,7.050559314472762e-08,0.8,0.0,10.0,1.1137520133828125e-07,0.0,1.391241319813869e-06,1.5026165211521503e-06,Canada,CAN,,gcp,northamerica-northeast2,Linux-6.8.0-1032-gcp-x86_64-with-glibc2.35,3.12.11,3.0.4,2,Intel(R) Xeon(R) CPU @ 2.60GHz,,,,,15.61648178100586,machine,Y,1.0
2025-07-28T06:55:35,scipy-benchmark,bcaf4da4-93ea-485c-984a-92825913cf56,scipy_LMC001_56f8cd5d,1.0025275328662246,7.06336190701307e-08,7.045554037622218e-08,0.8,0.0,10.0,1.113845426589251e-07,0.0,1.3914584162800262e-06,1.5028429589389513e-06,Canada,CAN,,gcp,northamerica-northeast2,Linux-6.8.0-1032-gcp-x86_64-with-glibc2.35,3.12.11,3.0.4,2,Intel(R) Xeon(R) CPU @ 2.60GHz,,,,,15.61648178100586,machine,Y,1.0
2025-07-28T06:55:37,scipy-benchmark,5a81f9ae-3a13-4073-822b-c6133a1fe94d,scipy_LMC001_56f8cd5d,1.0017836950719357,7.063169103410718e-08,7.050592995430545e-08,0.8,0.0,10.0,1.1138199264597564e-07,0.0,1.3914199442499214e-06,1.502801936895897e-06,Canada,CAN,,gcp,northamerica-northeast2,Linux-6.8.0-1032-gcp-x86_64-with-glibc2.35,3.12.11,3.0.4,2,Intel(R) Xeon(R) CPU @ 2.60GHz,,,,,15.61648178100586,machine,Y,1.0
2025-07-28T06:55:39,scipy-benchmark,906a5c33-aff7-49fc-a0a8-121840ca19a2,scipy_LMC001_56f8cd5d,1.0016976539045572,7.063001931080141e-08,7.051031719550289e-08,0.8000072,0.0,10.0,1.1138020197063024e-07,0.0,1.3913861663442934e-06,1.5027663683149237e-06,Canada,CAN,,gcp,northamerica-northeast2,Linux-6.8.0-1032-gcp-x86_64-with-glibc2.35,3.12.11,3.0.4,2,Intel(R) Xeon(R) CPU @ 2.60GHz,,,,,15.61648178100586,machine,Y,1.0
2025-07-28T06:55:42,scipy-benchmark,6c766fe6-a44e-4552-8b92-ec0c21a2865e,scipy_LMC001_56f8cd5d,1.001646498916671,7.062887973180559e-08,7.051278051507606e-08,0.8,0.0,10.0,1.1137887778588468e-07,0.0,1.3913632441674256e-06,1.5027421219533102e-06,Canada,CAN,,gcp,northamerica-northeast2,Linux-6.8.0-1032-gcp-x86_64-with-glibc2.35,3.12.11,3.0.4,2,Intel(R) Xeon(R) CPU @ 2.60GHz,,,,,15.61648178100586,machine,Y,1.0
2025-07-28T06:55:44,scipy-benchmark,9b8106ba-dd22-489e-bca5-6885b653c3b9,scipy_LMC001_56f8cd5d,1.0017145639285443,7.062575497584316e-08,7.050486986917875e-08,0.8,0.0,10.0,1.1137688511775601e-07,0.0,1.3912987526661406e-06,1.5026756377838969e-06,Canada,CAN,,gcp,northamerica-northeast2,Linux-6.8.0-1032-gcp-x86_64-with-glibc2.35,3.12.11,3.0.4,2,Intel(R) Xeon(R) CPU @ 2.60GHz,,,,,15.61648178100586,machine,Y,1.0
2025-07-28T06:55:46,scipy-benchmark,fb2219d4-7019-4629-ac85-a1cc4f76cf22,scipy_LMC001_56f8cd5d,1.0016577548813077,7.062770916208521e-08,7.051081950686272e-08,0.8,0.0,10.0,1.113715468802386e-07,0.0,1.3913456693343403e-06,1.502717216214579e-06,Canada,CAN,,gcp,northamerica-northeast2,Linux-6.8.0-1032-gcp-x86_64-with-glibc2.35,3.12.11,3.0.4,2,Intel(R) Xeon(R) CPU @ 2.60GHz,,,,,15.61648178100586,machine,Y,1.0
2025-07-28T06:55:48,scipy-benchmark,63d0bf23-1aaf-4ee0-a890-12df6e828f6c,scipy_LMC001_56f8cd5d,1.0017523341812191,7.063377839958088e-08,7.05102209293211e-08,0.8,0.0,10.0,1.1139045691945489e-07,0.0,1.391455892007798e-06,1.502846348927253e-06,Canada,CAN,,gcp,northamerica-northeast2,Linux-6.8.0-1032-gcp-x86_64-with-glibc2.35,3.12.11,3.0.4,2,Intel(R) Xeon(R) CPU @ 2.60GHz,,,,,15.61648178100586,machine,Y,1.0
2025-07-28T06:55:50,scipy-benchmark,0e88877b-3908-4f3e-bd82-002b6d91d681,scipy_LMC001_56f8cd5d,1.001832032110542,7.064950127364432e-08,7.052030580895705e-08,0.8000576,0.0,10.0,1.1141645321441609e-07,0.0,1.391764424948229e-06,1.5031808781626449e-06,Canada,CAN,,gcp,northamerica-northeast2,Linux-6.8.0-1032-gcp-x86_64-with-glibc2.35,3.12.11,3.0.4,2,Intel(R) Xeon(R) CPU @ 2.60GHz,,,,,15.61648178100586,machine,Y,1.0
2025-07-28T06:55:52,scipy-benchmark,9695c9f4-31b4-45ab-936f-63f406f6ca21,scipy_LMC001_56f8cd5d,1.0015205340459945,7.061935686644707e-08,7.051214075577198e-08,0.8000072,0.0,10.0,1.1135560531310614e-07,0.0,1.3911839024836403e-06,1.5025395077967464e-06,Canada,CAN,,gcp,northamerica-northeast2,Linux-6.8.0-1032-gcp-x86_64-with-glibc2.35,3.12.11,3.0.4,2,Intel(R) Xeon(R) CPU @ 2.60GHz,,,,,15.61648178100586,machine,Y,1.0
2025-07-28T06:55:54,scipy-benchmark,84d80ecc-3dde-4405-9893-7b1aa42bf184,scipy_LMC001_56f8cd5d,1.0017364490777254,7.063035924300656e-08,7.050792582024368e-08,0.8,0.0,10.0,1.1138084287651712e-07,0.0,1.3913927580385158e-06,1.502773600915033e-06,Canada,CAN,,gcp,northamerica-northeast2,Linux-6.8.0-1032-gcp-x86_64-with-glibc2.35,3.12.11,3.0.4,2,Intel(R) Xeon(R) CPU @ 2.60GHz,,,,,15.61648178100586,machine,Y,1.0
2025-07-28T06:55:56,scipy-benchmark,fa8c0eb0-2f64-482f-bfd9-43b6b330f77c,scipy_LMC001_56f8cd5d,1.0016823941841722,7.063152850077796e-08,7.05128980112547e-08,0.8,0.0,10.0,1.1138125602155925e-07,0.0,1.3914172227183976e-06,1.5027984787399568e-06,Canada,CAN,,gcp,northamerica-northeast2,Linux-6.8.0-1032-gcp-x86_64-with-glibc2.35,3.12.11,3.0.4,2,Intel(R) Xeon(R) CPU @ 2.60GHz,,,,,15.61648178100586,machine,Y,1.0
2025-07-28T06:55:59,scipy-benchmark,58a61eeb-9c66-49e3-8173-f4580b656b8f,scipy_LMC001_56f8cd5d,1.0016859690658748,7.063010986935764e-08,7.051123011658428e-08,0.8,0.0,10.0,1.1137905603067745e-07,0.0,1.3913892390620375e-06,1.502768295092715e-06,Canada,CAN,,gcp,northamerica-northeast2,Linux-6.8.0-1032-gcp-x86_64-with-glibc2.35,3.12.11,3.0.4,2,Intel(R) Xeon(R) CPU @ 2.60GHz,,,,,15.61648178100586,machine,Y,1.0
2025-07-28T06:56:01,scipy-benchmark,04b95712-690b-47b5-b8a3-e3a7be47f424,scipy_LMC001_56f8cd5d,1.001645183889195,7.062458326196714e-08,7.050858367605332e-08,0.8,0.0,10.0,1.1138313041172096e-07,0.0,1.3912675772897072e-06,1.5026507077014282e-06,Canada,CAN,,gcp,northamerica-northeast2,Linux-6.8.0-1032-gcp-x86_64-with-glibc2.35,3.12.11,3.0.4,2,Intel(R) Xeon(R) CPU @ 2.60GHz,,,,,15.61648178100586,machine,Y,1.0
2025-07-28T06:56:03,scipy-benchmark,4a62e27a-c758-42d9-8468-2ecc15c85bf4,scipy_LMC001_56f8cd5d,1.001797100994736,7.064765560815837e-08,7.052092238838449e-08,0.8,0.0,10.0,1.1139857246437006e-07,0.0,1.39174303621985e-06,1.5031416086842203e-06,Canada,CAN,,gcp,northamerica-northeast2,Linux-6.8.0-1032-gcp-x86_64-with-glibc2.35,3.12.11,3.0.4,2,Intel(R) Xeon(R) CPU @ 2.60GHz,,,,,15.61648178100586,machine,Y,1.0
2025-07-28T06:56:05,scipy-benchmark,2425cda8-f7c6-4a9d-8840-d8ac334ba7a9,scipy_LMC001_56f8cd5d,1.0017414060421288,7.063186838552873e-08,7.050908344159857e-08,0.8,0.0,10.0,1.1138364667486817e-07,0.0,1.3914220636555305e-06,1.5028057103303983e-06,Canada,CAN,,gcp,northamerica-northeast2,Linux-6.8.0-1032-gcp-x86_64-with-glibc2.35,3.12.11,3.0.4,2,Intel(R) Xeon(R) CPU @ 2.60GHz,,,,,15.61648178100586,machine,Y,1.0
2025-07-28T06:56:07,scipy-benchmark,c60446f7-15fc-4ea8-a54c-d10a3e789602,scipy_LMC001_56f8cd5d,1.001691231969744,7.06308682889212e-08,7.051161678837037e-08,0.8,0.0,10.0,1.1137837642389869e-07,0.0,1.3914060552552756e-06,1.5027844316791743e-06,Canada,CAN,,gcp,northamerica-northeast2,Linux-6.8.0-1032-gcp-x86_64-with-glibc2.35,3.12.11,3.0.4,2,Intel(R) Xeon(R) CPU @ 2.60GHz,,,,,15.61648178100586,machine,Y,1.0
2025-07-28T06:56:09,scipy-benchmark,47b7efba-e247-44ab-af1b-4796822647ea,scipy_LMC001_56f8cd5d,1.0016879050526768,7.06288812504564e-08,7.05098672891954e-08,0.8,0.0,10.0,1.113775706746512e-07,0.0,1.3913645835903785e-06,1.5027421542650297e-06,Canada,CAN,,gcp,northamerica-northeast2,Linux-6.8.0-1032-gcp-x86_64-with-glibc2.35,3.12.11,3.0.4,2,Intel(R) Xeon(R) CPU @ 2.60GHz,,,,,15.61648178100586,machine,Y,1.0
2025-07-28T06:56:11,scipy-benchmark,449a6415-954f-4288-af64-644947e02906,scipy_LMC001_56f8cd5d,1.001608139136806,7.062028234682252e-08,7.050689744562543e-08,0.8,0.0,10.0,1.1136557958606216e-07,0.0,1.3911936192825022e-06,1.5025591988685643e-06,Canada,CAN,,gcp,northamerica-northeast2,Linux-6.8.0-1032-gcp-x86_64-with-glibc2.35,3.12.11,3.0.4,2,Intel(R) Xeon(R) CPU @ 2.60GHz,,,,,15.61648178100586,machine,Y,1.0
2025-07-28T06:56:13,scipy-benchmark,e9a1c23e-0064-41e8-9e8f-47d0eae2ed8f,scipy_LMC001_56f8cd5d,1.001717541133985,7.063041892513219e-08,7.050931627410226e-08,0.8,0.0,10.0,1.113796453509066e-07,0.0,1.3913952253965868e-06,1.5027748707474934e-06,Canada,CAN,,gcp,northamerica-northeast2,Linux-6.8.0-1032-gcp-x86_64-with-glibc2.35,3.12.11,3.0.4,2,Intel(R) Xeon(R) CPU @ 2.60GHz,,,,,15.61648178100586,machine,Y,1.0
2025-07-28T06:56:16,scipy-benchmark,7321be7d-4865-4bcb-87ce-8e1df5e16e52,scipy_LMC001_56f8cd5d,1.0017012518364936,7.062678740670285e-08,7.05068375198868e-08,0.8,0.0,10.0,1.1137437152986725e-07,0.0,1.3913232328680655e-06,1.5026976043979327e-06,Canada,CAN,,gcp,northamerica-northeast2,Linux-6.8.0-1032-gcp-x86_64-with-glibc2.35,3.12.11,3.0.4,2,Intel(R) Xeon(R) CPU @ 2.60GHz,,,,,15.61648178100586,machine,Y,1.0
2025-07-28T06:56:19,scipy-benchmark,883cff5e-3943-45ea-b117-2adabaec1688,scipy_LMC001_56f8cd5d,1.0016656590159982,7.06270561361582e-08,7.050961116660401e-08,0.8,0.0,10.0,1.1137601334808604e-07,0.0,1.391327308697833e-06,1.5027033220459191e-06,Canada,CAN,,gcp,northamerica-northeast2,Linux-6.8.0-1032-gcp-x86_64-with-glibc2.35,3.12.11,3.0.4,2,Intel(R) Xeon(R) CPU @ 2.60GHz,,,,,15.61648178100586,machine,Y,1.0
2025-07-28T06:56:21,scipy-benchmark,e61d0627-6086-495e-83ac-96da135cfd1d,scipy_LMC001_56f8cd5d,1.001559877069667,7.062480993492657e-08,7.051481549117009e-08,0.8000072,0.0,10.0,1.113631302602724e-07,0.0,1.3912924002700795e-06,1.5026555305303522e-06,Canada,CAN,,gcp,northamerica-northeast2,Linux-6.8.0-1032-gcp-x86_64-with-glibc2.35,3.12.11,3.0.4,2,Intel(R) Xeon(R) CPU @ 2.60GHz,,,,,15.61648178100586,machine,Y,1.0
2025-07-28T06:56:23,scipy-benchmark,b12e1999-f306-440b-a9f5-31e6de67b6ad,scipy_LMC001_56f8cd5d,1.0016090259887278,7.06258174010242e-08,7.051236117936005e-08,0.8,0.0,10.0,1.1136701868640053e-07,0.0,1.3913099472928378e-06,1.5026769659792385e-06,Canada,CAN,,gcp,northamerica-northeast2,Linux-6.8.0-1032-gcp-x86_64-with-glibc2.35,3.12.11,3.0.4,2,Intel(R) Xeon(R) CPU @ 2.60GHz,,,,,15.61648178100586,machine,Y,1.0
2025-07-28T06:56:25,scipy-benchmark,68324f52-69c4-4e73-9e14-5c0ca594a3d2,scipy_LMC001_56f8cd5d,1.0016585220582783,7.062358266684331e-08,7.050664583946335e-08,0.8,0.0,10.0,1.1137004067293473e-07,0.0,1.39125937777054e-06,1.5026294184434747e-06,Canada,CAN,,gcp,northamerica-northeast2,Linux-6.8.0-1032-gcp-x86_64-with-glibc2.35,3.12.11,3.0.4,2,Intel(R) Xeon(R) CPU @ 2.60GHz,,,,,15.61648178100586,machine,Y,1.0
2025-07-28T06:56:27,scipy-benchmark,edfa6f28-9f6c-4e1b-bc44-d7c42487c25c,scipy_LMC001_56f8cd5d,1.001624524826184,7.062855846481399e-08,7.051400671031938e-08,0.8,0.0,10.0,1.1137623132930864e-07,0.0,1.3913590551560952e-06,1.5027352864854038e-06,Canada,CAN,,gcp,northamerica-northeast2,Linux-6.8.0-1032-gcp-x86_64-with-glibc2.35,3.12.11,3.0.4,2,Intel(R) Xeon(R) CPU @ 2.60GHz,,,,,15.61648178100586,machine,Y,1.0
2025-07-28T06:56:30,scipy-benchmark,7edc0980-d7cc-4e85-9e2a-eb3b10870950,scipy_LMC001_56f8cd5d,1.0016212009359151,7.062669188004091e-08,7.051237714821464e-08,0.8,0.0,10.0,1.1137098022219209e-07,0.0,1.391324591693572e-06,1.502695571915764e-06,Canada,CAN,,gcp,northamerica-northeast2,Linux-6.8.0-1032-gcp-x86_64-with-glibc2.35,3.12.11,3.0.4,2,Intel(R) Xeon(R) CPU @ 2.60GHz,,,,,15.61648178100586,machine,Y,1.0
2025-07-28T06:56:32,scipy-benchmark,c703cbd0-ff1a-4ddc-a199-0d0d4951f562,scipy_LMC001_56f8cd5d,1.0017046129796654,7.062656905414123e-08,7.050638295860074e-08,0.8,0.0,10.0,1.113750497914023e-07,0.0,1.3913179088073474e-06,1.5026929585987497e-06,Canada,CAN,,gcp,northamerica-northeast2,Linux-6.8.0-1032-gcp-x86_64-with-glibc2.35,3.12.11,3.0.4,2,Intel(R) Xeon(R) CPU @ 2.60GHz,,,,,15.61648178100586,machine,Y,1.0
2025-07-28T06:56:34,scipy-benchmark,d503f714-2960-49f4-b6b5-6f0b6734af42,scipy_LMC001_56f8cd5d,1.0016389379743489,7.062472483207886e-08,7.05091646845378e-08,0.8,0.0,10.0,1.1136438645836381e-07,0.0,1.3912893333731014e-06,1.502653719831465e-06,Canada,CAN,,gcp,northamerica-northeast2,Linux-6.8.0-1032-gcp-x86_64-with-glibc2.35,3.12.11,3.0.4,2,Intel(R) Xeon(R) CPU @ 2.60GHz,,,,,15.61648178100586,machine,Y,1.0
2025-07-28T06:56:36,scipy-benchmark,23ea32c4-6984-4493-a8ec-5fa6136eb1e6,scipy_LMC001_56f8cd5d,1.0017403450328857,7.062962777007164e-08,7.050692139962975e-08,0.8,0.0,10.0,1.1139371535844273e-07,0.0,1.391364322302656e-06,1.5027580376610988e-06,Canada,CAN,,gcp,northamerica-northeast2,Linux-6.8.0-1032-gcp-x86_64-with-glibc2.35,3.12.11,3.0.4,2,Intel(R) Xeon(R) CPU @ 2.60GHz,,,,,15.61648178100586,machine,Y,1.0
2025-07-28T06:56:38,scipy-benchmark,69b14e68-5885-4103-8fbe-6879b9e29d7d,scipy_LMC001_56f8cd5d,1.0016227108426392,7.062920576874683e-08,7.051478066958796e-08,0.8,0.0,10.0,1.1136732022795413e-07,0.0,1.391381738681553e-06,1.502749058909507e-06,Canada,CAN,,gcp,northamerica-northeast2,Linux-6.8.0-1032-gcp-x86_64-with-glibc2.35,3.12.11,3.0.4,2,Intel(R) Xeon(R) CPU @ 2.60GHz,,,,,15.61648178100586,machine,Y,1.0
2025-07-28T06:56:40,scipy-benchmark,316ec553-5ecd-4756-bcc3-462ee210472c,scipy_LMC001_56f8cd5d,1.001826056977734,7.06446971207495e-08,7.051593101288203e-08,0.8,0.0,10.0,1.114029928834902e-07,0.0,1.391675669260116e-06,1.5030786621436063e-06,Canada,CAN,,gcp,northamerica-northeast2,Linux-6.8.0-1032-gcp-x86_64-with-glibc2.35,3.12.11,3.0.4,2,Intel(R) Xeon(R) CPU @ 2.60GHz,,,,,15.61648178100586,machine,Y,1.0
2025-07-28T06:56:42,scipy-benchmark,7084f0c4-cbce-4076-8105-39dc0afbd2a0,scipy_LMC001_56f8cd5d,1.0016815369017422,7.06289796955388e-08,7.051041383272197e-08,0.8000072,0.0,10.0,1.1137806259994189e-07,0.0,1.391366186241309e-06,1.502744248841251e-06,Canada,CAN,,gcp,northamerica-northeast2,Linux-6.8.0-1032-gcp-x86_64-with-glibc2.35,3.12.11,3.0.4,2,Intel(R) Xeon(R) CPU @ 2.60GHz,,,,,15.61648178100586,machine,Y,1.0
2025-07-28T06:56:44,scipy-benchmark,68a33d3e-829e-41ed-90a1-c462ad783476,scipy_LMC001_56f8cd5d,1.0016882549971342,7.062336022036878e-08,7.05043309313543e-08,0.8,0.0,10.0,1.113709079929524e-07,0.0,1.391253777546808e-06,1.5026246855397606e-06,Canada,CAN,,gcp,northamerica-northeast2,Linux-6.8.0-1032-gcp-x86_64-with-glibc2.35,3.12.11,3.0.4,2,Intel(R) Xeon(R) CPU @ 2.60GHz,,,,,15.61648178100586,machine,Y,1.0
2025-07-28T06:56:47,scipy-benchmark,f424897a-7907-4052-93b5-c29da9252577,scipy_LMC001_56f8cd5d,1.00167391798459,7.06294946567418e-08,7.051146424861627e-08,0.8001944000000001,0.0,10.0,1.1140274717473325e-07,0.0,1.3913524582878585e-06,1.5027552054625914e-06,Canada,CAN,,gcp,northamerica-northeast2,Linux-6.8.0-1032-gcp-x86_64-with-glibc2.35,3.12.11,3.0.4,2,Intel(R) Xeon(R) CPU @ 2.60GHz,,,,,15.61648178100586,machine,Y,1.0
2025-07-28T06:56:49,scipy-benchmark,7d6ea7a8-330b-478b-a47f-25b7d7bb8216,scipy_LMC001_56f8cd5d,1.001721111126244,7.062537801242435e-08,7.05040327372352e-08,0.8,0.0,10.0,1.11377969591154e-07,0.0,1.39128964769447e-06,1.502667617285624e-06,Canada,CAN,,gcp,northamerica-northeast2,Linux-6.8.0-1032-gcp-x86_64-with-glibc2.35,3.12.11,3.0.4,2,Intel(R) Xeon(R) CPU @ 2.60GHz,,,,,15.61648178100586,machine,Y,1.0
2025-07-28T06:56:51,scipy-benchmark,bee60e10-f60d-4754-8c38-98a835c21455,scipy_LMC001_56f8cd5d,1.0017609659116715,7.06344199644971e-08,7.051025381111243e-08,0.8,0.0,10.0,1.113924275462826e-07,0.0,1.3914675716983362e-06,1.5028599992446188e-06,Canada,CAN,,gcp,northamerica-northeast2,Linux-6.8.0-1032-gcp-x86_64-with-glibc2.35,3.12.11,3.0.4,2,Intel(R) Xeon(R) CPU @ 2.60GHz,,,,,15.61648178100586,machine,Y,1.0
2025-07-28T06:56:53,scipy-benchmark,cdb456b4-1a44-4dac-a309-e708390e2ee8,scipy_LMC001_56f8cd5d,1.0016236428637058,7.062220242117636e-08,7.05077230597942e-08,0.8,0.0,10.0,1.113659682062765e-07,0.0,1.391234083308114e-06,1.5026000515143905e-06,Canada,CAN,,gcp,northamerica-northeast2,Linux-6.8.0-1032-gcp-x86_64-with-glibc2.35,3.12.11,3.0.4,2,Intel(R) Xeon(R) CPU @ 2.60GHz,,,,,15.61648178100586,machine,Y,1.0
2025-07-28T06:56:55,scipy-benchmark,0df5a129-25ab-4c88-9efe-45aa7ac10e7c,scipy_LMC001_56f8cd5d,1.0016561369411647,7.062370137815984e-08,7.05069322430639e-08,0.8,0.0,10.0,1.1136997491121293e-07,0.0,1.391261969304954e-06,1.502631944216167e-06,Canada,CAN,,gcp,northamerica-northeast2,Linux-6.8.0-1032-gcp-x86_64-with-glibc2.35,3.12.11,3.0.4,2,Intel(R) Xeon(R) CPU @ 2.60GHz,,,,,15.61648178100586,machine,Y,1.0
2025-07-28T06:56:57,scipy-benchmark,afb47aee-6821-4696-ae68-6b0a4188817d,scipy_LMC001_56f8cd5d,1.0016869099345058,7.062447577334632e-08,7.050553927869937e-08,0.8,0.0,10.0,1.113800239852733e-07,0.0,1.3912683967242223e-06,1.502648420709496e-06,Canada,CAN,,gcp,northamerica-northeast2,Linux-6.8.0-1032-gcp-x86_64-with-glibc2.35,3.12.11,3.0.4,2,Intel(R) Xeon(R) CPU @ 2.60GHz,,,,,15.61648178100586,machine,Y,1.0
2025-07-28T06:56:59,scipy-benchmark,0ec3cfb3-ff3a-44b8-8a14-eceeb7ac8531,scipy_LMC001_56f8cd5d,1.0016687649767846,7.062237361166626e-08,7.050471780789039e-08,0.8,0.0,10.0,1.113751493394375e-07,0.0,1.3912285445258022e-06,1.5026036938652397e-06,Canada,CAN,,gcp,northamerica-northeast2,Linux-6.8.0-1032-gcp-x86_64-with-glibc2.35,3.12.11,3.0.4,2,Intel(R) Xeon(R) CPU @ 2.60GHz,,,,,15.61648178100586,machine,Y,1.0
2025-07-28T06:57:02,scipy-benchmark,ac00313a-802d-407c-9ffa-272963da4c17,scipy_LMC001_56f8cd5d,1.0016985209658742,7.063334390689567e-08,7.051357512117362e-08,0.8000072,0.0,10.0,1.113820046651778e-07,0.0,1.391455099736858e-06,1.5028371044020357e-06,Canada,CAN,,gcp,northamerica-northeast2,Linux-6.8.0-1032-gcp-x86_64-with-glibc2.35,3.12.11,3.0.4,2,Intel(R) Xeon(R) CPU @ 2.60GHz,,,,,15.61648178100586,machine,Y,1.0
2025-07-28T06:57:04,scipy-benchmark,7884678f-3ba8-43d3-81da-7bdcd79e3141,scipy_LMC001_56f8cd5d,1.0017492978367954,7.063257156462512e-08,7.050922992124977e-08,0.8,0.0,10.0,1.1138524151303705e-07,0.0,1.3914354300747315e-06,1.5028206715877686e-06,Canada,CAN,,gcp,northamerica-northeast2,Linux-6.8.0-1032-gcp-x86_64-with-glibc2.35,3.12.11,3.0.4,2,Intel(R) Xeon(R) CPU @ 2.60GHz,,,,,15.61648178100586,machine,Y,1.0
2025-07-28T06:57:06,scipy-benchmark,4e6e1fd5-f138-4265-a0ec-88743bb1d945,scipy_LMC001_56f8cd5d,1.001681222114712,7.062850075486737e-08,7.050995785441512e-08,0.8,0.0,10.0,1.113786724809971e-07,0.0,1.3913553861332024e-06,1.5027340586141994e-06,Canada,CAN,,gcp,northamerica-northeast2,Linux-6.8.0-1032-gcp-x86_64-with-glibc2.35,3.12.11,3.0.4,2,Intel(R) Xeon(R) CPU @ 2.60GHz,,,,,15.61648178100586,machine,Y,1.0
2025-07-28T06:57:08,scipy-benchmark,d8105f4c-fc08-4b03-aec1-39dbd9a5cf79,scipy_LMC001_56f8cd5d,1.0017489520832896,7.062878401424839e-08,7.05054733198024e-08,0.8,0.0,10.0,1.113774155577024e-07,0.0,1.391362669851838e-06,1.5027400854095405e-06,Canada,CAN,,gcp,northamerica-northeast2,Linux-6.8.0-1032-gcp-x86_64-with-glibc2.35,3.12.11,3.0.4,2,Intel(R) Xeon(R) CPU @ 2.60GHz,,,,,15.61648178100586,machine,Y,1.0
2025-07-28T06:57:10,scipy-benchmark,f1b8a198-1615-4a4e-96d5-6a8ce65970f3,scipy_LMC001_56f8cd5d,1.0016749389469624,7.062948078680268e-08,7.051137853269424e-08,0.8,0.0,10.0,1.1138031310919258e-07,0.0,1.3913745972483109e-06,1.5027549103575031e-06,Canada,CAN,,gcp,northamerica-northeast2,Linux-6.8.0-1032-gcp-x86_64-with-glibc2.35,3.12.11,3.0.4,2,Intel(R) Xeon(R) CPU @ 2.60GHz,,,,,15.61648178100586,machine,Y,1.0
2025-07-28T06:57:12,scipy-benchmark,fbed73cf-94cc-41f7-a805-1eb0cd4b70d2,scipy_LMC001_56f8cd5d,1.0016517380718142,7.062157386657439e-08,7.05051178791157e-08,0.8000072,0.0,10.0,1.1137226371948172e-07,0.0,1.3912144142927394e-06,1.502586678012221e-06,Canada,CAN,,gcp,northamerica-northeast2,Linux-6.8.0-1032-gcp-x86_64-with-glibc2.35,3.12.11,3.0.4,2,Intel(R) Xeon(R) CPU @ 2.60GHz,,,,,15.61648178100586,machine,Y,1.0
2025-07-28T06:57:14,scipy-benchmark,847e48c5-f84b-4b4e-a893-9b91f8c34480,scipy_LMC001_56f8cd5d,1.001664571929723,7.062971053798666e-08,7.05123376799854e-08,0.8000072,0.0,10.0,1.1137939036744222e-07,0.0,1.3913804083131252e-06,1.5027597986805674e-06,Canada,CAN,,gcp,northamerica-northeast2,Linux-6.8.0-1032-gcp-x86_64-with-glibc2.35,3.12.11,3.0.4,2,Intel(R) Xeon(R) CPU @ 2.60GHz,,,,,15.61648178100586,machine,Y,1.0
2025-07-28T06:57:16,scipy-benchmark,b0e31e13-40c0-4700-8c40-f6ed98ec4050,scipy_LMC001_56f8cd5d,1.0016571178566664,7.062191286095595e-08,7.050507763781664e-08,0.8000576,0.0,10.0,1.1137937159210774e-07,0.0,1.391214519066529e-06,1.5025938906586368e-06,Canada,CAN,,gcp,northamerica-northeast2,Linux-6.8.0-1032-gcp-x86_64-with-glibc2.35,3.12.11,3.0.4,2,Intel(R) Xeon(R) CPU @ 2.60GHz,,,,,15.61648178100586,machine,Y,1.0
2025-07-28T06:57:19,scipy-benchmark,4de92bcd-2180-4f43-ba12-b81de78adfbb,scipy_LMC001_56f8cd5d,1.0016993100289255,7.062986545533769e-08,7.051004702528761e-08,0.8,0.0,10.0,1.1137933889403941e-07,0.0,1.3913837559003797e-06,1.502763094794419e-06,Canada,CAN,,gcp,northamerica-northeast2,Linux-6.8.0-1032-gcp-x86_64-with-glibc2.35,3.12.11,3.0.4,2,Intel(R) Xeon(R) CPU @ 2.60GHz,,,,,15.61648178100586,machine,Y,1.0
2025-07-28T06:57:21,scipy-benchmark,08f12802-545f-49f7-9532-86a9368f8061,scipy_LMC001_56f8cd5d,1.001597317866981,7.06268947238827e-08,7.051426103485477e-08,0.8,0.0,10.0,1.1136656554622785e-07,0.0,1.3913333221959571e-06,1.502699887742185e-06,Canada,CAN,,gcp,northamerica-northeast2,Linux-6.8.0-1032-gcp-x86_64-with-glibc2.35,3.12.11,3.0.4,2,Intel(R) Xeon(R) CPU @ 2.60GHz,,,,,15.61648178100586,machine,Y,1.0
2025-07-28T06:57:23,scipy-benchmark,a612e0e1-40a1-4fef-b393-8b86aa9301f5,scipy_LMC001_56f8cd5d,1.001603219192475,7.062201701810896e-08,7.050897567506493e-08,0.8,0.0,10.0,1.1136797292985853e-07,0.0,1.391228133838417e-06,1.5025961067682757e-06,Canada,CAN,,gcp,northamerica-northeast2,Linux-6.8.0-1032-gcp-x86_64-with-glibc2.35,3.12.11,3.0.4,2,Intel(R) Xeon(R) CPU @ 2.60GHz,,,,,15.61648178100586,machine,Y,1.0
2025-07-28T06:57:25,scipy-benchmark,c969263f-cf4b-4237-9312-f6a45e3a8929,scipy_LMC001_56f8cd5d,1.0017684230115265,7.062869152610399e-08,7.050401061133399e-08,0.8,0.0,10.0,1.1138105376934012e-07,0.0,1.3913570638073405e-06,1.5027381175766805e-06,Canada,CAN,,gcp,northamerica-northeast2,Linux-6.8.0-1032-gcp-x86_64-with-glibc2.35,3.12.11,3.0.4,2,Intel(R) Xeon(R) CPU @ 2.60GHz,,,,,15.61648178100586,machine,Y,1.0
2025-07-28T06:57:27,scipy-benchmark,8ce8aa59-918e-4b8e-91e5-ce206374a8b4,scipy_LMC001_56f8cd5d,1.0018427029717714,7.06549182911921e-08,7.052496173461965e-08,0.8,0.0,10.0,1.1141782885210385e-07,0.0,1.3918783050030471e-06,1.503296133855151e-06,Canada,CAN,,gcp,northamerica-northeast2,Linux-6.8.0-1032-gcp-x86_64-with-glibc2.35,3.12.11,3.0.4,2,Intel(R) Xeon(R) CPU @ 2.60GHz,,,,,15.61648178100586,machine,Y,1.0
2025-07-28T06:57:29,scipy-benchmark,dee4a779-176d-4a31-a0af-75b515050ecd,scipy_LMC001_56f8cd5d,1.001695733051747,7.062393135629698e-08,7.050437475772755e-08,0.8000072,0.0,10.0,1.1137265099793781e-07,0.0,1.3912641863700831e-06,1.502636837368021e-06,Canada,CAN,,gcp,northamerica-northeast2,Linux-6.8.0-1032-gcp-x86_64-with-glibc2.35,3.12.11,3.0.4,2,Intel(R) Xeon(R) CPU @ 2.60GHz,,,,,15.61648178100586,machine,Y,1.0
2025-07-28T06:57:31,scipy-benchmark,faa79155-946d-42e2-9640-b70c8287021d,scipy_LMC001_56f8cd5d,1.0015468148048967,7.061664228309465e-08,7.050758011431637e-08,0.8,0.0,10.0,1.1135325932668317e-07,0.0,1.3911284913774578e-06,1.502481750704141e-06,Canada,CAN,,gcp,northamerica-northeast2,Linux-6.8.0-1032-gcp-x86_64-with-glibc2.35,3.12.11,3.0.4,2,Intel(R) Xeon(R) CPU @ 2.60GHz,,,,,15.61648178100586,machine,Y,1.0
2025-07-28T06:57:33,scipy-benchmark,1b1ccbe2-5749-407b-9c9e-4f4f874a890d,scipy_LMC001_56f8cd5d,1.0016859581228346,7.062456860455565e-08,7.050569894870694e-08,0.8000072,0.0,10.0,1.113720928202512e-07,0.0,1.3912783030213582e-06,1.5026503958416094e-06,Canada,CAN,,gcp,northamerica-northeast2,Linux-6.8.0-1032-gcp-x86_64-with-glibc2.35,3.12.11,3.0.4,2,Intel(R) Xeon(R) CPU @ 2.60GHz,,,,,15.61648178100586,machine,Y,1.0
2025-07-28T06:57:36,scipy-benchmark,1d639e85-3ab9-4e92-bdd8-37245274e7c6,scipy_LMC001_56f8cd5d,1.0017061410471797,7.063045849638163e-08,7.051015822119731e-08,0.8,0.0,10.0,1.113814373707606e-07,0.0,1.3913942753182104e-06,1.502775712688971e-06,Canada,CAN,,gcp,northamerica-northeast2,Linux-6.8.0-1032-gcp-x86_64-with-glibc2.35,3.12.11,3.0.4,2,Intel(R) Xeon(R) CPU @ 2.60GHz,,,,,15.61648178100586,machine,Y,1.0
2025-07-28T06:57:38,scipy-benchmark,6bb4b65c-8175-4edd-be1b-1e6a4901fdcb,scipy_LMC001_56f8cd5d,1.0017259120941162,7.063164237040718e-08,7.050994839771206e-08,0.8,0.0,10.0,1.1138285158409016e-07,0.0,1.3914180499139346e-06,1.502800901498025e-06,Canada,CAN,,gcp,northamerica-northeast2,Linux-6.8.0-1032-gcp-x86_64-with-glibc2.35,3.12.11,3.0.4,2,Intel(R) Xeon(R) CPU @ 2.60GHz,,,,,15.61648178100586,machine,Y,1.0
2025-07-28T06:57:40,scipy-benchmark,f472b7c8-9485-4793-9548-11d3cbc225de,scipy_LMC001_56f8cd5d,1.001715375110507,7.062663351959135e-08,7.050568981413505e-08,0.8,0.0,10.0,1.113754493287868e-07,0.0,1.3913188808752845e-06,1.5026943302040712e-06,Canada,CAN,,gcp,northamerica-northeast2,Linux-6.8.0-1032-gcp-x86_64-with-glibc2.35,3.12.11,3.0.4,2,Intel(R) Xeon(R) CPU @ 2.60GHz,,,,,15.61648178100586,machine,Y,1.0
2025-07-28T06:57:42,scipy-benchmark,14d19e18-109f-4062-a608-7a2bbbade68c,scipy_LMC001_56f8cd5d,1.0015909529756757,7.062274239698633e-08,7.051056340631848e-08,0.8,0.0,10.0,1.11359976645973e-07,0.0,1.3912515637154382e-06,1.5026115403614111e-06,Canada,CAN,,gcp,northamerica-northeast2,Linux-6.8.0-1032-gcp-x86_64-with-glibc2.35,3.12.11,3.0.4,2,Intel(R) Xeon(R) CPU @ 2.60GHz,,,,,15.61648178100586,machine,Y,1.0
2025-07-28T06:57:44,scipy-benchmark,f4d181b2-25a0-4121-ae62-273ff107f487,scipy_LMC001_56f8cd5d,1.0016591758467257,7.062408039157487e-08,7.050709671967486e-08,0.8,0.0,10.0,1.1136991711747317e-07,0.0,1.391270091213907e-06,1.50264000833138e-06,Canada,CAN,,gcp,northamerica-northeast2,Linux-6.8.0-1032-gcp-x86_64-with-glibc2.35,3.12.11,3.0.4,2,Intel(R) Xeon(R) CPU @ 2.60GHz,,,,,15.61648178100586,machine,Y,1.0
2025-07-28T06:57:46,scipy-benchmark,5e8e6a05-1261-4b9c-b107-f9975d450760,scipy_LMC001_56f8cd5d,1.0016655561048535,7.062789325969016e-08,7.051045414233738e-08,0.8001944000000001,0.0,10.0,1.1140648853382305e-07,0.0,1.3913146446510737e-06,1.5027211331848964e-06,Canada,CAN,,gcp,northamerica-northeast2,Linux-6.8.0-1032-gcp-x86_64-with-glibc2.35,3.12.11,3.0.4,2,Intel(R) Xeon(R) CPU @ 2.60GHz,,,,,15.61648178100586,machine,Y,1.0
2025-07-28T06:57:48,scipy-benchmark,b4a64c7c-3115-4f0a-a65a-ac2716f77192,scipy_LMC001_56f8cd5d,1.0015845191664994,7.062291226944783e-08,7.051118594386718e-08,0.8,0.0,10.0,1.1135649867355825e-07,0.0,1.3912586559955445e-06,1.5026151546691028e-06,Canada,CAN,,gcp,northamerica-northeast2,Linux-6.8.0-1032-gcp-x86_64-with-glibc2.35,3.12.11,3.0.4,2,Intel(R) Xeon(R) CPU @ 2.60GHz,,,,,15.61648178100586,machine,Y,1.0
2025-07-28T06:57:51,scipy-benchmark,084f3fb8-14b8-4b5f-81ab-edc2a83026b9,scipy_LMC001_56f8cd5d,1.001673812046647,7.06201170218022e-08,7.050210974120334e-08,0.8,0.0,10.0,1.1136533977049921e-07,0.0,1.3911903415444411e-06,1.5025556813149405e-06,Canada,CAN,,gcp,northamerica-northeast2,Linux-6.8.0-1032-gcp-x86_64-with-glibc2.35,3.12.11,3.0.4,2,Intel(R) Xeon(R) CPU @ 2.60GHz,,,,,15.61648178100586,machine,Y,1.0
2025-07-28T06:57:53,scipy-benchmark,bfb82101-8f7e-40aa-b169-3b4f4161bca2,scipy_LMC001_56f8cd5d,1.001736304955557,7.063365784010645e-08,7.051122884404212e-08,0.8,0.0,10.0,1.1138520845108562e-07,0.0,1.391458575380966e-06,1.5028437838320518e-06,Canada,CAN,,gcp,northamerica-northeast2,Linux-6.8.0-1032-gcp-x86_64-with-glibc2.35,3.12.11,3.0.4,2,Intel(R) Xeon(R) CPU @ 2.60GHz,,,,,15.61648178100586,machine,Y,1.0
2025-07-28T06:57:55,scipy-benchmark,a4c7ea8b-c705-4818-b4bf-625fd2496f9c,scipy_LMC001_56f8cd5d,1.001622151117772,7.062819245196124e-08,7.05138083988487e-08,0.8000072,0.0,10.0,1.1137507949514757e-07,0.0,1.3913524194827512e-06,1.5027274989778987e-06,Canada,CAN,,gcp,northamerica-northeast2,Linux-6.8.0-1032-gcp-x86_64-with-glibc2.35,3.12.11,3.0.4,2,Intel(R) Xeon(R) CPU @ 2.60GHz,,,,,15.61648178100586,machine,Y,1.0
2025-07-28T06:57:57,scipy-benchmark,4735ade0-c467-4154-a256-0d98c0a0fe54,scipy_LMC001_56f8cd5d,1.001831065164879,7.063812669565799e-08,7.050902008517028e-08,0.8,0.0,10.0,1.1139737690488497e-07,0.0,1.3915414889601784e-06,1.5029388658650634e-06,Canada,CAN,,gcp,northamerica-northeast2,Linux-6.8.0-1032-gcp-x86_64-with-glibc2.35,3.12.11,3.0.4,2,Intel(R) Xeon(R) CPU @ 2.60GHz,,,,,15.61648178100586,machine,Y,1.0
2025-07-28T06:57:59,scipy-benchmark,0e22e49f-c3d9-4710-b9ae-3911e06c0eb7,scipy_LMC001_56f8cd5d,1.0015985239297152,7.06269079260528e-08,7.0514189307061e-08,0.8,0.0,10.0,1.1137072178017765e-07,0.0,1.3913294468592438e-06,1.5027001686394214e-06,Canada,CAN,,gcp,northamerica-northeast2,Linux-6.8.0-1032-gcp-x86_64-with-glibc2.35,3.12.11,3.0.4,2,Intel(R) Xeon(R) CPU @ 2.60GHz,,,,,15.61648178100586,machine,Y,1.0
2025-07-28T06:58:01,scipy-benchmark,b965c305-95b2-4ded-ae6e-42bb8cdbd388,scipy_LMC001_56f8cd5d,1.001623007003218,7.062157562206854e-08,7.050714203676599e-08,0.8000072,0.0,10.0,1.113659098692527e-07,0.0,1.3912208054939078e-06,1.5025867153631603e-06,Canada,CAN,,gcp,northamerica-northeast2,Linux-6.8.0-1032-gcp-x86_64-with-glibc2.35,3.12.11,3.0.4,2,Intel(R) Xeon(R) CPU @ 2.60GHz,,,,,15.61648178100586,machine,Y,1.0
2025-07-28T06:58:03,scipy-benchmark,b8fe6d0f-71de-4975-bbf6-d7145144d34b,scipy_LMC001_56f8cd5d,1.0017482961993665,7.06331764509022e-08,7.05099042532785e-08,0.8,0.0,10.0,1.1139294712079897e-07,0.0,1.3914405943877584e-06,1.5028335415085574e-06,Canada,CAN,,gcp,northamerica-northeast2,Linux-6.8.0-1032-gcp-x86_64-with-glibc2.35,3.12.11,3.0.4,2,Intel(R) Xeon(R) CPU @ 2.60GHz,,,,,15.61648178100586,machine,Y,1.0
2025-07-28T06:58:05,scipy-benchmark,ac9b9e6f-aebe-4b33-976c-03df928fc715,scipy_LMC001_56f8cd5d,1.0016861259937286,7.062314489781338e-08,7.050426582254124e-08,0.8,0.0,10.0,1.1137438777627221e-07,0.0,1.3912457164325231e-06,1.5026201042087954e-06,Canada,CAN,,gcp,northamerica-northeast2,Linux-6.8.0-1032-gcp-x86_64-with-glibc2.35,3.12.11,3.0.4,2,Intel(R) Xeon(R) CPU @ 2.60GHz,,,,,15.61648178100586,machine,Y,1.0
2025-07-28T06:58:08,scipy-benchmark,06c6b200-5428-4b40-a551-da6600b0600d,scipy_LMC001_56f8cd5d,1.001631821971387,7.062520940327604e-08,7.051014939229194e-08,0.8,0.0,10.0,1.113746829020481e-07,0.0,1.3912893469548886e-06,1.5026640298569368e-06,Canada,CAN,,gcp,northamerica-northeast2,Linux-6.8.0-1032-gcp-x86_64-with-glibc2.35,3.12.11,3.0.4,2,Intel(R) Xeon(R) CPU @ 2.60GHz,,,,,15.61648178100586,machine,Y,1.0
2025-07-28T06:58:10,scipy-benchmark,7ac92cf4-6d9d-4625-b213-57c71df94376,scipy_LMC001_56f8cd5d,1.0016923360526562,7.062332339339061e-08,7.050400692062214e-08,0.8,0.0,10.0,1.1136960445178881e-07,0.0,1.3912542975352457e-06,1.5026239019870344e-06,Canada,CAN,,gcp,northamerica-northeast2,Linux-6.8.0-1032-gcp-x86_64-with-glibc2.35,3.12.11,3.0.4,2,Intel(R) Xeon(R) CPU @ 2.60GHz,,,,,15.61648178100586,machine,Y,1.0
2025-07-28T06:58:12,scipy-benchmark,edc115e6-c7dd-4436-bf67-ea43e7cf695a,scipy_LMC001_56f8cd5d,1.0016511750873178,7.062224461024419e-08,7.050582714495172e-08,0.8,0.0,10.0,1.113698991119034e-07,0.0,1.3912310500422285e-06,1.5026009491541318e-06,Canada,CAN,,gcp,northamerica-northeast2,Linux-6.8.0-1032-gcp-x86_64-with-glibc2.35,3.12.11,3.0.4,2,Intel(R) Xeon(R) CPU @ 2.60GHz,,,,,15.61648178100586,machine,Y,1.0
2025-07-28T06:58:14,scipy-benchmark,1e4940e7-e812-45e8-9932-ce0ffcf650ef,scipy_LMC001_56f8cd5d,1.0016055940650403,7.062453899372164e-08,7.051132642649315e-08,0.8,0.0,10.0,1.1136243802805741e-07,0.0,1.391287327795807e-06,1.5026497658238645e-06,Canada,CAN,,gcp,northamerica-northeast2,Linux-6.8.0-1032-gcp-x86_64-with-glibc2.35,3.12.11,3.0.4,2,Intel(R) Xeon(R) CPU @ 2.60GHz,,,,,15.61648178100586,machine,Y,1.0
2025-07-28T06:58:16,scipy-benchmark,5b000948-3ab3-4bff-a7e4-f7ce0f80949f,scipy_LMC001_56f8cd5d,1.0017143511213362,7.062573287576541e-08,7.050486278518997e-08,0.8,0.0,10.0,1.113736144680944e-07,0.0,1.3913015531013824e-06,1.5026751675694768e-06,Canada,CAN,,gcp,northamerica-northeast2,Linux-6.8.0-1032-gcp-x86_64-with-glibc2.35,3.12.11,3.0.4,2,Intel(R) Xeon(R) CPU @ 2.60GHz,,,,,15.61648178100586,machine,Y,1.0
2025-07-28T06:58:18,scipy-benchmark,39b4721f-d8e5-49b6-9905-b7193f229361,scipy_LMC001_56f8cd5d,1.0017015698831528,7.063173211184849e-08,7.05117514391912e-08,0.8,0.0,10.0,1.113793664197955e-07,0.0,1.3914234444705978e-06,1.5028028108903933e-06,Canada,CAN,,gcp,northamerica-northeast2,Linux-6.8.0-1032-gcp-x86_64-with-glibc2.35,3.12.11,3.0.4,2,Intel(R) Xeon(R) CPU @ 2.60GHz,,,,,15.61648178100586,machine,Y,1.0
2025-07-28T06:58:20,scipy-benchmark,73e67d40-92f1-4c9f-8721-d639b5608266,scipy_LMC001_56f8cd5d,1.0015558439772576,7.062044860686487e-08,7.051074488909725e-08,0.8,0.0,10.0,1.1135790041751333e-07,0.0,1.3912048358987604e-06,1.5025627363162738e-06,Canada,CAN,,gcp,northamerica-northeast2,Linux-6.8.0-1032-gcp-x86_64-with-glibc2.35,3.12.11,3.0.4,2,Intel(R) Xeon(R) CPU @ 2.60GHz,,,,,15.61648178100586,machine,Y,1.0
2025-07-28T06:58:22,scipy-benchmark,ebf67dd1-d499-4add-9abf-b3ea7cda5b81,scipy_LMC001_56f8cd5d,1.0017386840190738,7.062760476183355e-08,7.050501881235999e-08,0.8,0.0,10.0,1.1138048400688505e-07,0.0,1.3913345109257434e-06,1.5027149949326286e-06,Canada,CAN,,gcp,northamerica-northeast2,Linux-6.8.0-1032-gcp-x86_64-with-glibc2.35,3.12.11,3.0.4,2,Intel(R) Xeon(R) CPU @ 2.60GHz,,,,,15.61648178100586,machine,Y,1.0
2025-07-28T06:58:25,scipy-benchmark,e0ea4486-5d1a-48bb-ac82-b9630d82a24f,scipy_LMC001_56f8cd5d,1.0017598608974367,7.063659074390308e-08,7.051249855491572e-08,0.8,0.0,10.0,1.1139011377882629e-07,0.0,1.3915160722616648e-06,1.502906186040491e-06,Canada,CAN,,gcp,northamerica-northeast2,Linux-6.8.0-1032-gcp-x86_64-with-glibc2.35,3.12.11,3.0.4,2,Intel(R) Xeon(R) CPU @ 2.60GHz,,,,,15.61648178100586,machine,Y,1.0
2025-07-28T06:58:27,scipy-benchmark,6227019b-60c2-4a33-9404-1604c237c815,scipy_LMC001_56f8cd5d,1.0016889260150492,7.06257181902054e-08,7.05066376955677e-08,0.8,0.0,10.0,1.113879160127706e-07,0.0,1.3912869390979823e-06,1.502674855110753e-06,Canada,CAN,,gcp,northamerica-northeast2,Linux-6.8.0-1032-gcp-x86_64-with-glibc2.35,3.12.11,3.0.4,2,Intel(R) Xeon(R) CPU @ 2.60GHz,,,,,15.61648178100586,machine,Y,1.0
2025-07-28T06:58:29,scipy-benchmark,a31cf280-81f9-48dc-ab7d-033dc3aeaddf,scipy_LMC001_56f8cd5d,1.001664964016527,7.062769124589653e-08,7.051029414335312e-08,0.8,0.0,10.0,1.113742073583935e-07,0.0,1.3913426276606815e-06,1.5027168350190752e-06,Canada,CAN,,gcp,northamerica-northeast2,Linux-6.8.0-1032-gcp-x86_64-with-glibc2.35,3.12.11,3.0.4,2,Intel(R) Xeon(R) CPU @ 2.60GHz,,,,,15.61648178100586,machine,Y,1.0
2025-07-28T06:58:31,scipy-benchmark,7b84751f-d138-48b4-894e-75ee6327dade,scipy_LMC001_56f8cd5d,1.0016629318706691,7.062349658280922e-08,7.050624949344522e-08,0.8,0.0,10.0,1.113683313338293e-07,0.0,1.391259255534452e-06,1.5026275868682811e-06,Canada,CAN,,gcp,northamerica-northeast2,Linux-6.8.0-1032-gcp-x86_64-with-glibc2.35,3.12.11,3.0.4,2,Intel(R) Xeon(R) CPU @ 2.60GHz,,,,,15.61648178100586,machine,Y,1.0
2025-07-28T06:58:33,scipy-benchmark,cb691db4-25e9-455e-a841-ba23c41e88bb,scipy_LMC001_56f8cd5d,1.001656830077991,7.062120484025219e-08,7.050439104453917e-08,0.8,0.0,10.0,1.1136884557911092e-07,0.0,1.3912099808092334e-06,1.5025788263883444e-06,Canada,CAN,,gcp,northamerica-northeast2,Linux-6.8.0-1032-gcp-x86_64-with-glibc2.35,3.12.11,3.0.4,2,Intel(R) Xeon(R) CPU @ 2.60GHz,,,,,15.61648178100586,machine,Y,1.0
2025-07-28T06:58:35,scipy-benchmark,a340aa8b-3679-4b27-b2c0-6cf1821837e5,scipy_LMC001_56f8cd5d,1.0016152379103005,7.062080956912705e-08,7.050692411236207e-08,0.8,0.0,10.0,1.1136287445616392e-07,0.0,1.3912075419082409e-06,1.5025704163644049e-06,Canada,CAN,,gcp,northamerica-northeast2,Linux-6.8.0-1032-gcp-x86_64-with-glibc2.35,3.12.11,3.0.4,2,Intel(R) Xeon(R) CPU @ 2.60GHz,,,,,15.61648178100586,machine,Y,1.0
2025-07-28T06:58:37,scipy-benchmark,b337ed03-63f6-4da0-8894-868932015598,scipy_LMC001_56f8cd5d,1.0016217848751694,7.061936552188776e-08,7.050502154432365e-08,0.8,0.0,10.0,1.113638699882561e-07,0.0,1.391175821966802e-06,1.502539691955058e-06,Canada,CAN,,gcp,northamerica-northeast2,Linux-6.8.0-1032-gcp-x86_64-with-glibc2.35,3.12.11,3.0.4,2,Intel(R) Xeon(R) CPU @ 2.60GHz,,,,,15.61648178100586,machine,Y,1.0
2025-07-28T06:58:40,scipy-benchmark,99689025-f920-4da4-a024-cd875aa2b5ea,scipy_LMC001_56f8cd5d,1.0017500082030892,7.0625314700857e-08,7.05019357349871e-08,0.8,0.0,10.0,1.1139085624987881e-07,0.0,1.3912754139811214e-06,1.502666270231e-06,Canada,CAN,,gcp,northamerica-northeast2,Linux-6.8.0-1032-gcp-x86_64-with-glibc2.35,3.12.11,3.0.4,2,Intel(R) Xeon(R) CPU @ 2.60GHz,,,,,15.61648178100586,machine,Y,1.0
2025-07-28T06:58:42,scipy-benchmark,999c88f2-7e49-415c-8a99-d90119e40c4b,scipy_LMC001_56f8cd5d,1.0017483639530838,7.063696043506369e-08,7.051367686423487e-08,0.8,0.0,10.0,1.1139064602967769e-07,0.0,1.391523405780188e-06,1.502914051809866e-06,Canada,CAN,,gcp,northamerica-northeast2,Linux-6.8.0-1032-gcp-x86_64-with-glibc2.35,3.12.11,3.0.4,2,Intel(R) Xeon(R) CPU @ 2.60GHz,,,,,15.61648178100586,machine,Y,1.0
2025-07-28T06:58:44,scipy-benchmark,b9d90f44-616f-46c9-afa3-8f459b20007c,scipy_LMC001_56f8cd5d,1.0016346429474652,7.06206515163649e-08,7.050540036090674e-08,0.8,0.0,10.0,1.1136458151870305e-07,0.0,1.3912024720209753e-06,1.5025670535396784e-06,Canada,CAN,,gcp,northamerica-northeast2,Linux-6.8.0-1032-gcp-x86_64-with-glibc2.35,3.12.11,3.0.4,2,Intel(R) Xeon(R) CPU @ 2.60GHz,,,,,15.61648178100586,machine,Y,1.0
2025-07-28T06:58:46,scipy-benchmark,48e65d22-31cf-4c7e-b0b1-51c3538d756d,scipy_LMC001_56f8cd5d,1.001653998857364,7.0626360358155e-08,7.050973733317289e-08,0.8000072,0.0,10.0,1.1138304066738569e-07,0.0,1.391305477591231e-06,1.502688518258617e-06,Canada,CAN,,gcp,northamerica-northeast2,Linux-6.8.0-1032-gcp-x86_64-with-glibc2.35,3.12.11,3.0.4,2,Intel(R) Xeon(R) CPU @ 2.60GHz,,,,,15.61648178100586,machine,Y,1.0
2025-07-28T06:58:48,scipy-benchmark,e7f2d5ed-b259-43ba-859f-7efc4ca18fc3,scipy_LMC001_56f8cd5d,1.001725726062432,7.062470118781657e-08,7.050303226755198e-08,0.8,0.0,10.0,1.1137416156836685e-07,0.0,1.3912790551936877e-06,1.5026532167620543e-06,Canada,CAN,,gcp,northamerica-northeast2,Linux-6.8.0-1032-gcp-x86_64-with-glibc2.35,3.12.11,3.0.4,2,Intel(R) Xeon(R) CPU @ 2.60GHz,,,,,15.61648178100586,machine,Y,1.0
2025-07-28T06:58:50,scipy-benchmark,45faf8b3-202e-437e-b8db-00e47bfd58bd,scipy_LMC001_56f8cd5d,1.0016541460063308,7.062104833045873e-08,7.050442371953439e-08,0.8,0.0,10.0,1.1136566045590573e-07,0.0,1.3912098359368327e-06,1.5025754963927383e-06,Canada,CAN,,gcp,northamerica-northeast2,Linux-6.8.0-1032-gcp-x86_64-with-glibc2.35,3.12.11,3.0.4,2,Intel(R) Xeon(R) CPU @ 2.60GHz,,,,,15.61648178100586,machine,Y,1.0
2025-07-28T06:58:52,scipy-benchmark,b33a3a25-f638-40dd-bce8-68a8546740f9,scipy_LMC001_56f8cd5d,1.0016303090378642,7.062415667429256e-08,7.050920488032355e-08,0.8,0.0,10.0,1.1136758979409933e-07,0.0,1.3912740415738276e-06,1.502641631367927e-06,Canada,CAN,,gcp,northamerica-northeast2,Linux-6.8.0-1032-gcp-x86_64-with-glibc2.35,3.12.11,3.0.4,2,Intel(R) Xeon(R) CPU @ 2.60GHz,,,,,15.61648178100586,machine,Y,1.0
2025-07-28T06:58:54,scipy-benchmark,1ec52535-982c-4916-b05d-3c5881dfd5dc,scipy_LMC001_56f8cd5d,1.0016588550060987,7.062685127758846e-08,7.050988560087999e-08,0.8000072,0.0,10.0,1.113745521031231e-07,0.0,1.3913244112498231e-06,1.502698963352946e-06,Canada,CAN,,gcp,northamerica-northeast2,Linux-6.8.0-1032-gcp-x86_64-with-glibc2.35,3.12.11,3.0.4,2,Intel(R) Xeon(R) CPU @ 2.60GHz,,,,,15.61648178100586,machine,Y,1.0
2025-07-28T06:58:57,scipy-benchmark,9b6c5e7d-c56b-4f5f-b603-3c01da743771,scipy_LMC001_56f8cd5d,1.0016800800804049,7.062490550653699e-08,7.050644902598834e-08,0.8,0.0,10.0,1.113759722146723e-07,0.0,1.3912815917541998e-06,1.502657563968872e-06,Canada,CAN,,gcp,northamerica-northeast2,Linux-6.8.0-1032-gcp-x86_64-with-glibc2.35,3.12.11,3.0.4,2,Intel(R) Xeon(R) CPU @ 2.60GHz,,,,,15.61648178100586,machine,Y,1.0
2025-07-28T06:58:59,scipy-benchmark,dc59aa2f-e006-45fa-8595-e59e9654396e,scipy_LMC001_56f8cd5d,1.00166607205756,7.062742382960601e-08,7.050994917350804e-08,0.8,0.0,10.0,1.113754702318046e-07,0.0,1.3913356750789615e-06,1.5027111453107663e-06,Canada,CAN,,gcp,northamerica-northeast2,Linux-6.8.0-1032-gcp-x86_64-with-glibc2.35,3.12.11,3.0.4,2,Intel(R) Xeon(R) CPU @ 2.60GHz,,,,,15.61648178100586,machine,Y,1.0
2025-07-28T06:59:01,scipy-benchmark,30557616-5ded-418b-8796-7cf41b48c527,scipy_LMC001_56f8cd5d,1.001587342005223,7.062117823528954e-08,7.050925593159231e-08,0.8,0.0,10.0,1.1136500242476665e-07,0.0,1.3912132579005428e-06,1.5025782603253095e-06,Canada,CAN,,gcp,northamerica-northeast2,Linux-6.8.0-1032-gcp-x86_64-with-glibc2.35,3.12.11,3.0.4,2,Intel(R) Xeon(R) CPU @ 2.60GHz,,,,,15.61648178100586,machine,Y,1.0
2025-07-28T06:59:03,scipy-benchmark,5eea7f48-b02a-4dcd-a28e-1fadfc50e6d4,scipy_LMC001_56f8cd5d,1.001658319029957,7.06264292993583e-08,7.050950205031547e-08,0.8,0.0,10.0,1.11371954696046e-07,0.0,1.3913180303966834e-06,1.5026899850927294e-06,Canada,CAN,,gcp,northamerica-northeast2,Linux-6.8.0-1032-gcp-x86_64-with-glibc2.35,3.12.11,3.0.4,2,Intel(R) Xeon(R) CPU @ 2.60GHz,,,,,15.61648178100586,machine,Y,1.0
2025-07-28T06:59:05,scipy-benchmark,3d7728e2-3b41-412e-ab1d-a685104c1c73,scipy_LMC001_56f8cd5d,1.001654062885791,7.062408225189172e-08,7.050745848164578e-08,0.8,0.0,10.0,1.1136943153623085e-07,0.0,1.3912706163763588e-06,1.5026400479125896e-06,Canada,CAN,,gcp,northamerica-northeast2,Linux-6.8.0-1032-gcp-x86_64-with-glibc2.35,3.12.11,3.0.4,2,Intel(R) Xeon(R) CPU @ 2.60GHz,,,,,15.61648178100586,machine,Y,1.0
2025-07-28T06:59:07,scipy-benchmark,806dbc4e-b62c-4cc5-b890-609965a58304,scipy_LMC001_56f8cd5d,1.0016095170285553,7.062488529853892e-08,7.051139600596013e-08,0.8000072,0.0,10.0,1.1136913941456628e-07,0.0,1.3912879945969003e-06,1.5026571340114665e-06,Canada,CAN,,gcp,northamerica-northeast2,Linux-6.8.0-1032-gcp-x86_64-with-glibc2.35,3.12.11,3.0.4,2,Intel(R) Xeon(R) CPU @ 2.60GHz,,,,,15.61648178100586,machine,Y,1.0
2025-07-28T06:59:09,scipy-benchmark,fe29bd53-202f-4397-9985-9f42519e8bb8,scipy_LMC001_56f8cd5d,1.0015447069890795,7.0617785693405e-08,7.050887014889389e-08,0.8,0.0,10.0,1.1135868976513548e-07,0.0,1.3911473888179495e-06,1.502506078583085e-06,Canada,CAN,,gcp,northamerica-northeast2,Linux-6.8.0-1032-gcp-x86_64-with-glibc2.35,3.12.11,3.0.4,2,Intel(R) Xeon(R) CPU @ 2.60GHz,,,,,15.61648178100586,machine,Y,1.0
2025-07-28T06:59:12,scipy-benchmark,2b4fe6f7-12d3-43e0-891b-4e51a4072aa6,scipy_LMC001_56f8cd5d,1.0016266820020974,7.062247182058893e-08,7.050777808696699e-08,0.8,0.0,10.0,1.1136847734451293e-07,0.0,1.391237306072273e-06,1.502605783416786e-06,Canada,CAN,,gcp,northamerica-northeast2,Linux-6.8.0-1032-gcp-x86_64-with-glibc2.35,3.12.11,3.0.4,2,Intel(R) Xeon(R) CPU @ 2.60GHz,,,,,15.61648178100586,machine,Y,1.0
2025-07-28T06:59:14,scipy-benchmark,da1ba16a-139e-4f31-833a-1bde884d22a9,scipy_LMC001_56f8cd5d,1.0017661510501057,7.06315654396183e-08,7.05070393580163e-08,0.8,0.0,10.0,1.1139278708853657e-07,0.0,1.3914064775841931e-06,1.5027992646727298e-06,Canada,CAN,,gcp,northamerica-northeast2,Linux-6.8.0-1032-gcp-x86_64-with-glibc2.35,3.12.11,3.0.4,2,Intel(R) Xeon(R) CPU @ 2.60GHz,,,,,15.61648178100586,machine,Y,1.0
2025-07-28T06:59:16,scipy-benchmark,4bc347ad-ec4d-45a3-888c-368b74dca59b,scipy_LMC001_56f8cd5d,1.0016559101641178,7.062954699584389e-08,7.051278415985333e-08,0.8,0.0,10.0,1.113727300220895e-07,0.0,1.3913835890384185e-06,1.502756319060508e-06,Canada,CAN,,gcp,northamerica-northeast2,Linux-6.8.0-1032-gcp-x86_64-with-glibc2.35,3.12.11,3.0.4,2,Intel(R) Xeon(R) CPU @ 2.60GHz,,,,,15.61648178100586,machine,Y,1.0
2025-07-28T06:59:18,scipy-benchmark,ac720ba4-e2bd-4b35-b2ac-4f81c62db894,scipy_LMC001_56f8cd5d,1.0016201559919864,7.062185930093336e-08,7.050762594827255e-08,0.8,0.0,10.0,1.1137204001554185e-07,0.0,1.3912207110681467e-06,1.5025927510836886e-06,Canada,CAN,,gcp,northamerica-northeast2,Linux-6.8.0-1032-gcp-x86_64-with-glibc2.35,3.12.11,3.0.4,2,Intel(R) Xeon(R) CPU @ 2.60GHz,,,,,15.61648178100586,machine,Y,1.0
2025-07-28T06:59:20,scipy-benchmark,480b3401-911f-4028-bd7a-66b3842240ab,scipy_LMC001_56f8cd5d,1.0016549648717046,7.062766368280993e-08,7.051097050355673e-08,0.8,0.0,10.0,1.1138089622060457e-07,0.0,1.3913353523498194e-06,1.502716248570424e-06,Canada,CAN,,gcp,northamerica-northeast2,Linux-6.8.0-1032-gcp-x86_64-with-glibc2.35,3.12.11,3.0.4,2,Intel(R) Xeon(R) CPU @ 2.60GHz,,,,,15.61648178100586,machine,Y,1.0
2025-07-28T06:59:22,scipy-benchmark,ba5fe707-5f7f-47e6-9dde-0ffe33d63bf3,scipy_LMC001_56f8cd5d,1.001654741819948,7.062105329859898e-08,7.050438674136825e-08,0.8,0.0,10.0,1.113670493165652e-07,0.0,1.3912085527812854e-06,1.5025756020978503e-06,Canada,CAN,,gcp,northamerica-northeast2,Linux-6.8.0-1032-gcp-x86_64-with-glibc2.35,3.12.11,3.0.4,2,Intel(R) Xeon(R) CPU @ 2.60GHz,,,,,15.61648178100586,machine,Y,1.0
2025-07-28T06:59:24,scipy-benchmark,4a437777-db62-414d-9f99-992e09b38900,scipy_LMC001_56f8cd5d,1.0016802470199764,7.063259429575151e-08,7.051411316723598e-08,0.8,0.0,10.0,1.1138246358475753e-07,0.0,1.391438691643998e-06,1.5028211552287557e-06,Canada,CAN,,gcp,northamerica-northeast2,Linux-6.8.0-1032-gcp-x86_64-with-glibc2.35,3.12.11,3.0.4,2,Intel(R) Xeon(R) CPU @ 2.60GHz,,,,,15.61648178100586,machine,Y,1.0
2025-07-28T06:59:26,scipy-benchmark,0cb33085-7501-4733-8bdb-e510f48dd6cb,scipy_LMC001_56f8cd5d,1.0016201720573008,7.062390592911593e-08,7.050966813503398e-08,0.8,0.0,10.0,1.1136705692236624e-07,0.0,1.3912692394418025e-06,1.5026362963641684e-06,Canada,CAN,,gcp,northamerica-northeast2,Linux-6.8.0-1032-gcp-x86_64-with-glibc2.35,3.12.11,3.0.4,2,Intel(R) Xeon(R) CPU @ 2.60GHz,,,,,15.61648178100586,machine,Y,1.0
2025-07-28T06:59:29,scipy-benchmark,b76eadb9-891a-4ca6-914b-59a714cc86c5,scipy_LMC001_56f8cd5d,1.0017252110410482,7.062830861696663e-08,7.050666973187765e-08,0.8,0.0,10.0,1.1137552869816624e-07,0.0,1.391354441875592e-06,1.502729970573758e-06,Canada,CAN,,gcp,northamerica-northeast2,Linux-6.8.0-1032-gcp-x86_64-with-glibc2.35,3.12.11,3.0.4,2,Intel(R) Xeon(R) CPU @ 2.60GHz,,,,,15.61648178100586,machine,Y,1.0
2025-07-28T06:59:31,scipy-benchmark,0488d4a3-ab07-45d5-8496-fc8c14b0d8c4,scipy_LMC001_56f8cd5d,1.0016804970800877,7.063192453548415e-08,7.051342692742564e-08,0.8,0.0,10.0,1.1137976047272485e-07,0.0,1.3914271445375764e-06,1.5028069050103012e-06,Canada,CAN,,gcp,northamerica-northeast2,Linux-6.8.0-1032-gcp-x86_64-with-glibc2.35,3.12.11,3.0.4,2,Intel(R) Xeon(R) CPU @ 2.60GHz,,,,,15.61648178100586,machine,Y,1.0
2025-07-28T06:59:33,scipy-benchmark,4cd317b4-7b2a-4a0b-9a3e-59f71b3a1c38,scipy_LMC001_56f8cd5d,1.001632294850424,7.062689158487237e-08,7.051179554411157e-08,0.8000072,0.0,10.0,1.1137266812407929e-07,0.0,1.391327152830652e-06,1.5026998209547315e-06,Canada,CAN,,gcp,northamerica-northeast2,Linux-6.8.0-1032-gcp-x86_64-with-glibc2.35,3.12.11,3.0.4,2,Intel(R) Xeon(R) CPU @ 2.60GHz,,,,,15.61648178100586,machine,Y,1.0
2025-07-28T06:59:35,scipy-benchmark,407950aa-7e37-4bd0-a247-248f59111c54,scipy_LMC001_56f8cd5d,1.0016083910595626,7.061808433748473e-08,7.050468523210013e-08,0.8,0.0,10.0,1.1137162976794773e-07,0.0,1.391140802944493e-06,1.502512432712441e-06,Canada,CAN,,gcp,northamerica-northeast2,Linux-6.8.0-1032-gcp-x86_64-with-glibc2.35,3.12.11,3.0.4,2,Intel(R) Xeon(R) CPU @ 2.60GHz,,,,,15.61648178100586,machine,Y,1.0
2025-07-28T06:59:37,scipy-benchmark,3c7632e8-2764-4320-a6ae-df495021e882,scipy_LMC001_56f8cd5d,1.0016661731060594,7.062598168159215e-08,7.050850231129254e-08,0.8,0.0,10.0,1.1137898581930334e-07,0.0,1.3913014754911678e-06,1.5026804613104712e-06,Canada,CAN,,gcp,northamerica-northeast2,Linux-6.8.0-1032-gcp-x86_64-with-glibc2.35,3.12.11,3.0.4,2,Intel(R) Xeon(R) CPU @ 2.60GHz,,,,,15.61648178100586,machine,Y,1.0
2025-07-28T06:59:39,scipy-benchmark,34ce5d78-a4d1-4d0a-b768-b0dbb16a8f8a,scipy_LMC001_56f8cd5d,1.0016549399588257,7.06268598326068e-08,7.051016973520843e-08,0.8,0.0,10.0,1.1137102823704482e-07,0.0,1.391328117137568e-06,1.5026991453746128e-06,Canada,CAN,,gcp,northamerica-northeast2,Linux-6.8.0-1032-gcp-x86_64-with-glibc2.35,3.12.11,3.0.4,2,Intel(R) Xeon(R) CPU @ 2.60GHz,,,,,15.61648178100586,machine,Y,1.0
2025-07-28T06:59:41,scipy-benchmark,36bd52f4-716f-4658-a709-6cb0f8ec10e8,scipy_LMC001_56f8cd5d,1.0016947521362454,7.063046773717119e-08,7.051096912162359e-08,0.8,0.0,10.0,1.113803120226496e-07,0.0,1.3913955972788648e-06,1.5027759093015145e-06,Canada,CAN,,gcp,northamerica-northeast2,Linux-6.8.0-1032-gcp-x86_64-with-glibc2.35,3.12.11,3.0.4,2,Intel(R) Xeon(R) CPU @ 2.60GHz,,,,,15.61648178100586,machine,Y,1.0
2025-07-28T06:59:44,scipy-benchmark,14482b03-766f-46ae-a045-600900860027,scipy_LMC001_56f8cd5d,1.001529652159661,7.06152833374476e-08,7.05074314925928e-08,0.8,0.0,10.0,1.1135968669421145e-07,0.0,1.3910931502727586e-06,1.50245283696697e-06,Canada,CAN,,gcp,northamerica-northeast2,Linux-6.8.0-1032-gcp-x86_64-with-glibc2.35,3.12.11,3.0.4,2,Intel(R) Xeon(R) CPU @ 2.60GHz,,,,,15.61648178100586,machine,Y,1.0
2025-07-28T06:59:46,scipy-benchmark,1dcad6de-6af0-47e0-b583-ff295b7f7676,scipy_LMC001_56f8cd5d,1.0016656098887324,7.062380639365358e-08,7.050637028608645e-08,0.8,0.0,10.0,1.1137110398461425e-07,0.0,1.3912630746037596e-06,1.5026341785883738e-06,Canada,CAN,,gcp,northamerica-northeast2,Linux-6.8.0-1032-gcp-x86_64-with-glibc2.35,3.12.11,3.0.4,2,Intel(R) Xeon(R) CPU @ 2.60GHz,,,,,15.61648178100586,machine,Y,1.0
2025-07-28T06:59:48,scipy-benchmark,e4809d7d-8039-4f07-8d0d-57982474c8a7,scipy_LMC001_56f8cd5d,1.0016330548096448,7.062549969821371e-08,7.051035242805135e-08,0.8000072,0.0,10.0,1.1136685139310913e-07,0.0,1.3913033549518637e-06,1.5026702063449723e-06,Canada,CAN,,gcp,northamerica-northeast2,Linux-6.8.0-1032-gcp-x86_64-with-glibc2.35,3.12.11,3.0.4,2,Intel(R) Xeon(R) CPU @ 2.60GHz,,,,,15.61648178100586,machine,Y,1.0
2025-07-28T06:59:50,scipy-benchmark,97c6455e-dda4-491b-a72a-7dfc1f841bb6,scipy_LMC001_56f8cd5d,1.001744883833453,7.064358381717468e-08,7.052053367803337e-08,0.8,0.0,10.0,1.113997804414895e-07,0.0,1.391655194392014e-06,1.5030549748335033e-06,Canada,CAN,,gcp,northamerica-northeast2,Linux-6.8.0-1032-gcp-x86_64-with-glibc2.35,3.12.11,3.0.4,2,Intel(R) Xeon(R) CPU @ 2.60GHz,,,,,15.61648178100586,machine,Y,1.0
2025-07-28T06:59:52,scipy-benchmark,b59df150-3643-4099-9f36-78425675cfec,scipy_LMC001_56f8cd5d,1.0016403219196943,7.062382068040058e-08,7.050816459250207e-08,0.8,0.0,10.0,1.11371918891867e-07,0.0,1.3912625636698472e-06,1.502634482561714e-06,Canada,CAN,,gcp,northamerica-northeast2,Linux-6.8.0-1032-gcp-x86_64-with-glibc2.35,3.12.11,3.0.4,2,Intel(R) Xeon(R) CPU @ 2.60GHz,,,,,15.61648178100586,machine,Y,1.0
2025-07-28T06:59:54,scipy-benchmark,f015899b-d544-4d1b-92de-cf948dd02d0b,scipy_LMC001_56f8cd5d,1.0016852810513228,7.062680794803456e-08,7.050798218169677e-08,0.8000072,0.0,10.0,1.1138322734750189e-07,0.0,1.391314814100042e-06,1.502698041447544e-06,Canada,CAN,,gcp,northamerica-northeast2,Linux-6.8.0-1032-gcp-x86_64-with-glibc2.35,3.12.11,3.0.4,2,Intel(R) Xeon(R) CPU @ 2.60GHz,,,,,15.61648178100586,machine,Y,1.0
2025-07-28T06:59:56,scipy-benchmark,1f68e8c3-15b5-4c2d-91aa-d804c1b92978,scipy_LMC001_56f8cd5d,1.0016526819672436,7.062934890006566e-08,7.051281364449579e-08,0.8,0.0,10.0,1.1137721532334885e-07,0.0,1.391374888933367e-06,1.502752104256716e-06,Canada,CAN,,gcp,northamerica-northeast2,Linux-6.8.0-1032-gcp-x86_64-with-glibc2.35,3.12.11,3.0.4,2,Intel(R) Xeon(R) CPU @ 2.60GHz,,,,,15.61648178100586,machine,Y,1.0
2025-07-28T06:59:58,scipy-benchmark,177d473d-1ffb-4a49-a7e6-07e0f3e95962,scipy_LMC001_56f8cd5d,1.0016975640319288,7.06276900822866e-08,7.050799824051023e-08,0.8,0.0,10.0,1.1137703800987869e-07,0.0,1.3913397722515385e-06,1.502716810261417e-06,Canada,CAN,,gcp,northamerica-northeast2,Linux-6.8.0-1032-gcp-x86_64-with-glibc2.35,3.12.11,3.0.4,2,Intel(R) Xeon(R) CPU @ 2.60GHz,,,,,15.61648178100586,machine,Y,1.0
2025-07-28T07:00:01,scipy-benchmark,cef0fdd4-b616-45d7-a9e4-2064d706b9dd,scipy_LMC001_56f8cd5d,1.0017038849182427,7.063044747917188e-08,7.051030603214303e-08,0.8,0.0,10.0,1.1138009507622985e-07,0.0,1.3913953832040231e-06,1.502775478280253e-06,Canada,CAN,,gcp,northamerica-northeast2,Linux-6.8.0-1032-gcp-x86_64-with-glibc2.35,3.12.11,3.0.4,2,Intel(R) Xeon(R) CPU @ 2.60GHz,,,,,15.61648178100586,machine,Y,1.0
2025-07-28T07:00:03,scipy-benchmark,c5ec5b0b-92e7-4ce9-815e-2bd6669c4c3d,scipy_LMC001_56f8cd5d,1.0016681698616594,7.062996813484126e-08,7.051234157175622e-08,0.8000072,0.0,10.0,1.1137967126720685e-07,0.0,1.3913856081975004e-06,1.5027652794647072e-06,Canada,CAN,,gcp,northamerica-northeast2,Linux-6.8.0-1032-gcp-x86_64-with-glibc2.35,3.12.11,3.0.4,2,Intel(R) Xeon(R) CPU @ 2.60GHz,,,,,15.61648178100586,machine,Y,1.0
2025-07-28T07:00:05,scipy-benchmark,88790a99-d87b-4ae5-b89a-a56a5978b338,scipy_LMC001_56f8cd5d,1.0016617260407656,7.062211855979534e-08,7.050495863403006e-08,0.8,0.0,10.0,1.1136640292695828e-07,0.0,1.3912318643027297e-06,1.502598267229688e-06,Canada,CAN,,gcp,northamerica-northeast2,Linux-6.8.0-1032-gcp-x86_64-with-glibc2.35,3.12.11,3.0.4,2,Intel(R) Xeon(R) CPU @ 2.60GHz,,,,,15.61648178100586,machine,Y,1.0
2025-07-28T07:00:07,scipy-benchmark,8592fd85-6014-45dc-a4eb-f041d0e05c64,scipy_LMC001_56f8cd5d,1.0016676501836628,7.06294100278885e-08,7.051182097668633e-08,0.8,0.0,10.0,1.113782520405949e-07,0.0,1.3913751528080967e-06,1.5027534048486916e-06,Canada,CAN,,gcp,northamerica-northeast2,Linux-6.8.0-1032-gcp-x86_64-with-glibc2.35,3.12.11,3.0.4,2,Intel(R) Xeon(R) CPU @ 2.60GHz,,,,,15.61648178100586,machine,Y,1.0
2025-07-28T07:00:09,scipy-benchmark,f7c3df25-9723-40ed-b0a6-5797c03e130f,scipy_LMC001_56f8cd5d,1.001643936149776,7.062746258134332e-08,7.05115461017301e-08,0.8,0.0,10.0,1.1137626692652705e-07,0.0,1.3913357028892885e-06,1.5027119698158157e-06,Canada,CAN,,gcp,northamerica-northeast2,Linux-6.8.0-1032-gcp-x86_64-with-glibc2.35,3.12.11,3.0.4,2,Intel(R) Xeon(R) CPU @ 2.60GHz,,,,,15.61648178100586,machine,Y,1.0
2025-07-28T07:00:11,scipy-benchmark,daa9c782-2228-467c-9a7b-c1f4770254c2,scipy_LMC001_56f8cd5d,1.0015916291158646,7.06233479240392e-08,7.05111203718631e-08,0.8,0.0,10.0,1.1136446536208192e-07,0.0,1.3912599585536454e-06,1.502624423915727e-06,Canada,CAN,,gcp,northamerica-northeast2,Linux-6.8.0-1032-gcp-x86_64-with-glibc2.35,3.12.11,3.0.4,2,Intel(R) Xeon(R) CPU @ 2.60GHz,,,,,15.61648178100586,machine,Y,1.0
2025-07-28T07:00:13,scipy-benchmark,99790171-98f4-4f67-8c81-dd82644d1585,scipy_LMC001_56f8cd5d,1.0017836058977991,7.062845272464783e-08,7.050270368654171e-08,0.8,0.0,10.0,1.1139592000593741e-07,0.0,1.391337116688697e-06,1.5027330366946344e-06,Canada,CAN,,gcp,northamerica-northeast2,Linux-6.8.0-1032-gcp-x86_64-with-glibc2.35,3.12.11,3.0.4,2,Intel(R) Xeon(R) CPU @ 2.60GHz,,,,,15.61648178100586,machine,Y,1.0
2025-07-28T07:00:16,scipy-benchmark,e1218c0f-c385-4bb4-b354-28c902c8298c,scipy_LMC001_56f8cd5d,1.0016793771646917,7.063059237110429e-08,7.051217583317733e-08,0.8,0.0,10.0,1.1137916090794737e-07,0.0,1.391399400179378e-06,1.5027785610873254e-06,Canada,CAN,,gcp,northamerica-northeast2,Linux-6.8.0-1032-gcp-x86_64-with-glibc2.35,3.12.11,3.0.4,2,Intel(R) Xeon(R) CPU @ 2.60GHz,,,,,15.61648178100586,machine,Y,1.0
2025-07-28T07:00:18,scipy-benchmark,7a6d6a7b-c078-46a8-b5e7-5fbc2c4637d3,scipy_LMC001_56f8cd5d,1.001571451080963,7.061880187263404e-08,7.05080019966798e-08,0.8,0.0,10.0,1.1135883779368468e-07,0.0,1.3911688616240606e-06,1.5025276994177452e-06,Canada,CAN,,gcp,northamerica-northeast2,Linux-6.8.0-1032-gcp-x86_64-with-glibc2.35,3.12.11,3.0.4,2,Intel(R) Xeon(R) CPU @ 2.60GHz,,,,,15.61648178100586,machine,Y,1.0
2025-07-28T07:00:20,scipy-benchmark,0ce93ad0-23d5-4138-9672-b0546bbdb851,scipy_LMC001_56f8cd5d,1.0016113622114062,7.061737093272516e-08,7.050376383192448e-08,0.8,0.0,10.0,1.1136638957800137e-07,0.0,1.3911308643097678e-06,1.5024972538877692e-06,Canada,CAN,,gcp,northamerica-northeast2,Linux-6.8.0-1032-gcp-x86_64-with-glibc2.35,3.12.11,3.0.4,2,Intel(R) Xeon(R) CPU @ 2.60GHz,,,,,15.61648178100586,machine,Y,1.0
2025-07-28T07:00:22,scipy-benchmark,c88421d6-607d-4038-b8e5-fa4eebf4984a,scipy_LMC001_56f8cd5d,1.0017292159609497,8.059980068992265e-08,8.046066682062775e-08,2.324302899200001,0.0,10.0,3.235288899635309e-07,0.0,1.391360486417802e-06,1.7148893763813328e-06,Canada,CAN,,gcp,northamerica-northeast2,Linux-6.8.0-1032-gcp-x86_64-with-glibc2.35,3.12.11,3.0.4,2,Intel(R) Xeon(R) CPU @ 2.60GHz,,,,,15.61648178100586,machine,Y,1.0
2025-07-28T07:00:24,scipy-benchmark,f293d017-6604-407a-95b2-bb9ef1b5a706,scipy_LMC001_56f8cd5d,1.0017988299950955,7.063841617919711e-08,7.051157783798063e-08,0.8,0.0,10.0,1.1139657513962853e-07,0.0,1.3915484499496718e-06,1.5029450250893004e-06,Canada,CAN,,gcp,northamerica-northeast2,Linux-6.8.0-1032-gcp-x86_64-with-glibc2.35,3.12.11,3.0.4,2,Intel(R) Xeon(R) CPU @ 2.60GHz,,,,,15.61648178100586,machine,Y,1.0
2025-07-28T07:00:26,scipy-benchmark,90ef3a52-3fbb-4217-8ae9-05bc1c5117d4,scipy_LMC001_56f8cd5d,1.0016280279960483,7.062948701704026e-08,7.051468713225634e-08,0.8,0.0,10.0,1.1137383715767e-07,0.0,1.39138120575808e-06,1.50275504291575e-06,Canada,CAN,,gcp,northamerica-northeast2,Linux-6.8.0-1032-gcp-x86_64-with-glibc2.35,3.12.11,3.0.4,2,Intel(R) Xeon(R) CPU @ 2.60GHz,,,,,15.61648178100586,machine,Y,1.0
2025-07-28T07:00:28,scipy-benchmark,4a922f65-72b1-4ae8-9e68-4567ae13c711,scipy_LMC001_56f8cd5d,1.0016089708078653,7.062717490948529e-08,7.051372039182088e-08,0.8,0.0,10.0,1.1136866065983973e-07,0.0,1.3913371884781452e-06,1.5027058491379848e-06,Canada,CAN,,gcp,northamerica-northeast2,Linux-6.8.0-1032-gcp-x86_64-with-glibc2.35,3.12.11,3.0.4,2,Intel(R) Xeon(R) CPU @ 2.60GHz,,,,,15.61648178100586,machine,Y,1.0
2025-07-28T07:00:30,scipy-benchmark,63375953-4c4c-4482-ab2f-7457096fe869,scipy_LMC001_56f8cd5d,1.0016637661028651,7.062780165022964e-08,7.0510488689252e-08,0.8,0.0,10.0,1.1137434514239433e-07,0.0,1.391344838905045e-06,1.502719184047439e-06,Canada,CAN,,gcp,northamerica-northeast2,Linux-6.8.0-1032-gcp-x86_64-with-glibc2.35,3.12.11,3.0.4,2,Intel(R) Xeon(R) CPU @ 2.60GHz,,,,,15.61648178100586,machine,Y,1.0
2025-07-28T07:00:33,scipy-benchmark,f717dae3-a7b3-4719-a502-f4f3f841db19,scipy_LMC001_56f8cd5d,1.0016654601786286,7.062843075445632e-08,7.05109974959714e-08,0.8000072,0.0,10.0,1.113769024202731e-07,0.0,1.3913556668234785e-06,1.5027325692437514e-06,Canada,CAN,,gcp,northamerica-northeast2,Linux-6.8.0-1032-gcp-x86_64-with-glibc2.35,3.12.11,3.0.4,2,Intel(R) Xeon(R) CPU @ 2.60GHz,,,,,15.61648178100586,machine,Y,1.0
2025-07-28T07:00:35,scipy-benchmark,496bb2a2-76ea-4547-9c52-c73dc29da9f2,scipy_LMC001_56f8cd5d,1.001622820040211,7.06220604145589e-08,7.050763920466959e-08,0.8,0.0,10.0,1.1136778578576117e-07,0.0,1.3912292443112369e-06,1.502597030096998e-06,Canada,CAN,,gcp,northamerica-northeast2,Linux-6.8.0-1032-gcp-x86_64-with-glibc2.35,3.12.11,3.0.4,2,Intel(R) Xeon(R) CPU @ 2.60GHz,,,,,15.61648178100586,machine,Y,1.0
2025-07-28T07:00:37,scipy-benchmark,5595c8d3-105c-413a-b7a2-25cdc5c633f2,scipy_LMC001_56f8cd5d,1.0017475469503552,7.06420461400671e-08,7.051881120660031e-08,0.8,0.0,10.0,1.1139768889794748e-07,0.0,1.391624569401352e-06,1.5030222582992994e-06,Canada,CAN,,gcp,northamerica-northeast2,Linux-6.8.0-1032-gcp-x86_64-with-glibc2.35,3.12.11,3.0.4,2,Intel(R) Xeon(R) CPU @ 2.60GHz,,,,,15.61648178100586,machine,Y,1.0
2025-07-28T07:00:39,scipy-benchmark,1ad15044-4bcb-4b0c-9f11-0b41b09d3c52,scipy_LMC001_56f8cd5d,1.001747830072418,7.063248105473919e-08,7.050924287965072e-08,0.8,0.0,10.0,1.1138491777496205e-07,0.0,1.3914338280705528e-06,1.5028187458455148e-06,Canada,CAN,,gcp,northamerica-northeast2,Linux-6.8.0-1032-gcp-x86_64-with-glibc2.35,3.12.11,3.0.4,2,Intel(R) Xeon(R) CPU @ 2.60GHz,,,,,15.61648178100586,machine,Y,1.0
2025-07-28T07:00:41,scipy-benchmark,97b63fcb-744d-43eb-946c-67e2a5cf6d05,scipy_LMC001_56f8cd5d,1.0016034888103604,7.062698557178697e-08,7.051391729443067e-08,0.8,0.0,10.0,1.113720653164718e-07,0.0,1.3913297553598469e-06,1.5027018206763184e-06,Canada,CAN,,gcp,northamerica-northeast2,Linux-6.8.0-1032-gcp-x86_64-with-glibc2.35,3.12.11,3.0.4,2,Intel(R) Xeon(R) CPU @ 2.60GHz,,,,,15.61648178100586,machine,Y,1.0
2025-07-28T07:00:43,scipy-benchmark,487ff6f0-3d66-4880-829b-d5df108bd7a8,scipy_LMC001_56f8cd5d,1.0016135601326823,7.062334829002309e-08,7.05095768478491e-08,0.8,0.0,10.0,1.113655202401181e-07,0.0,1.3912589114625006e-06,1.5026244317026187e-06,Canada,CAN,,gcp,northamerica-northeast2,Linux-6.8.0-1032-gcp-x86_64-with-glibc2.35,3.12.11,3.0.4,2,Intel(R) Xeon(R) CPU @ 2.60GHz,,,,,15.61648178100586,machine,Y,1.0
2025-07-28T07:00:45,scipy-benchmark,9c28eedd-e804-4075-935f-0707e07a1634,scipy_LMC001_56f8cd5d,1.0017045040149242,7.062766566106843e-08,7.050748536917446e-08,0.8,0.0,10.0,1.1137722401569288e-07,0.0,1.3913390666453376e-06,1.5027162906610305e-06,Canada,CAN,,gcp,northamerica-northeast2,Linux-6.8.0-1032-gcp-x86_64-with-glibc2.35,3.12.11,3.0.4,2,Intel(R) Xeon(R) CPU @ 2.60GHz,,,,,15.61648178100586,machine,Y,1.0
2025-07-28T07:00:48,scipy-benchmark,50b06b6c-5f71-4882-8aed-d1afa5a7ae59,scipy_LMC001_56f8cd5d,1.0017266601789745,7.062732101283615e-08,7.05055818322909e-08,0.8000072,0.0,10.0,1.1138407692829665e-07,0.0,1.391324880791621e-06,1.5027089577199177e-06,Canada,CAN,,gcp,northamerica-northeast2,Linux-6.8.0-1032-gcp-x86_64-with-glibc2.35,3.12.11,3.0.4,2,Intel(R) Xeon(R) CPU @ 2.60GHz,,,,,15.61648178100586,machine,Y,1.0
2025-07-28T07:00:50,scipy-benchmark,a0a3cecf-6dde-4fc4-9e1e-3b023c0c6648,scipy_LMC001_56f8cd5d,1.001676294952631,7.062657345081163e-08,7.050838060827978e-08,0.8,0.0,10.0,1.113826857569317e-07,0.0,1.3913103663879966e-06,1.5026930521449284e-06,Canada,CAN,,gcp,northamerica-northeast2,Linux-6.8.0-1032-gcp-x86_64-with-glibc2.35,3.12.11,3.0.4,2,Intel(R) Xeon(R) CPU @ 2.60GHz,,,,,15.61648178100586,machine,Y,1.0
2025-07-28T07:00:52,scipy-benchmark,8e63dbea-77db-4247-95a3-0d5e4c9c2bf5,scipy_LMC001_56f8cd5d,1.0017266490031034,7.063858443573635e-08,7.051682662733825e-08,0.8,0.0,10.0,1.1139188246387577e-07,0.0,1.3915567225517912e-06,1.502948605015667e-06,Canada,CAN,,gcp,northamerica-northeast2,Linux-6.8.0-1032-gcp-x86_64-with-glibc2.35,3.12.11,3.0.4,2,Intel(R) Xeon(R) CPU @ 2.60GHz,,,,,15.61648178100586,machine,Y,1.0
2025-07-28T07:00:54,scipy-benchmark,b48b168b-0c75-415e-82ba-18ac0814e3a8,scipy_LMC001_56f8cd5d,1.0016843350604177,7.06266824872647e-08,7.05079235196433e-08,0.8,0.0,10.0,1.113797333608899e-07,0.0,1.3913156387085718e-06,1.5026953720694615e-06,Canada,CAN,,gcp,northamerica-northeast2,Linux-6.8.0-1032-gcp-x86_64-with-glibc2.35,3.12.11,3.0.4,2,Intel(R) Xeon(R) CPU @ 2.60GHz,,,,,15.61648178100586,machine,Y,1.0
2025-07-28T07:00:56,scipy-benchmark,a5600ce4-dce2-41c7-8cd1-707c6481b268,scipy_LMC001_56f8cd5d,1.0016704159788787,7.063018330931664e-08,7.051239827253312e-08,0.8,0.0,10.0,1.1137750511989e-07,0.0,1.3913923525251449e-06,1.5027698576450347e-06,Canada,CAN,,gcp,northamerica-northeast2,Linux-6.8.0-1032-gcp-x86_64-with-glibc2.35,3.12.11,3.0.4,2,Intel(R) Xeon(R) CPU @ 2.60GHz,,,,,15.61648178100586,machine,Y,1.0
2025-07-28T07:00:58,scipy-benchmark,da804a7e-6f13-40e5-a229-cb1f72b31425,scipy_LMC001_56f8cd5d,1.0017115990631282,7.06263204489369e-08,7.050564305633641e-08,0.8,0.0,10.0,1.113727075668673e-07,0.0,1.3913149615594497e-06,1.5026876691263168e-06,Canada,CAN,,gcp,northamerica-northeast2,Linux-6.8.0-1032-gcp-x86_64-with-glibc2.35,3.12.11,3.0.4,2,Intel(R) Xeon(R) CPU @ 2.60GHz,,,,,15.61648178100586,machine,Y,1.0
2025-07-28T07:01:00,scipy-benchmark,5b74f6c7-5c1a-411e-aa0e-0ca70b7d2f44,scipy_LMC001_56f8cd5d,1.0016738169360906,7.062505019176751e-08,7.050703432360314e-08,0.8,0.0,10.0,1.113744813224508e-07,0.0,1.3912861610555817e-06,1.5026606423780325e-06,Canada,CAN,,gcp,northamerica-northeast2,Linux-6.8.0-1032-gcp-x86_64-with-glibc2.35,3.12.11,3.0.4,2,Intel(R) Xeon(R) CPU @ 2.60GHz,,,,,15.61648178100586,machine,Y,1.0
2025-07-28T07:01:02,scipy-benchmark,36f76b0b-14be-47d9-977c-db06b13fcef0,scipy_LMC001_56f8cd5d,1.0016395680140704,7.06288039403088e-08,7.051319276488152e-08,0.8,0.0,10.0,1.1136905662715437e-07,0.0,1.391371452741118e-06,1.5027405093682725e-06,Canada,CAN,,gcp,northamerica-northeast2,Linux-6.8.0-1032-gcp-x86_64-with-glibc2.35,3.12.11,3.0.4,2,Intel(R) Xeon(R) CPU @ 2.60GHz,,,,,15.61648178100586,machine,Y,1.0
2025-07-28T07:01:05,scipy-benchmark,a1f0a8cd-1ef1-431c-99d6-71c5687b1d8d,scipy_LMC001_56f8cd5d,1.0017909880261868,7.063161727923175e-08,7.050534305403977e-08,0.8,0.0,10.0,1.113847120044132e-07,0.0,1.3914156556388156e-06,1.5028003676432288e-06,Canada,CAN,,gcp,northamerica-northeast2,Linux-6.8.0-1032-gcp-x86_64-with-glibc2.35,3.12.11,3.0.4,2,Intel(R) Xeon(R) CPU @ 2.60GHz,,,,,15.61648178100586,machine,Y,1.0
2025-07-28T07:01:07,scipy-benchmark,88787078-7762-42c4-b632-84b8e9612928,scipy_LMC001_56f8cd5d,1.0015812190249562,7.062474723735812e-08,7.051325034440207e-08,0.8000072,0.0,10.0,1.113630658432147e-07,0.0,1.39129113069632e-06,1.5026541965395345e-06,Canada,CAN,,gcp,northamerica-northeast2,Linux-6.8.0-1032-gcp-x86_64-with-glibc2.35,3.12.11,3.0.4,2,Intel(R) Xeon(R) CPU @ 2.60GHz,,,,,15.61648178100586,machine,Y,1.0
2025-07-28T07:01:09,scipy-benchmark,d787d51b-2550-4f07-aa13-1f9882b67a1e,scipy_LMC001_56f8cd5d,1.0016553949099034,7.06247464237365e-08,7.050802779341993e-08,0.8000072,0.0,10.0,1.1136836806557184e-07,0.0,1.391285811162864e-06,1.502654179228436e-06,Canada,CAN,,gcp,northamerica-northeast2,Linux-6.8.0-1032-gcp-x86_64-with-glibc2.35,3.12.11,3.0.4,2,Intel(R) Xeon(R) CPU @ 2.60GHz,,,,,15.61648178100586,machine,Y,1.0
2025-07-28T07:01:11,scipy-benchmark,6afc58b9-caa2-447c-b68e-d33eeb57ed8e,scipy_LMC001_56f8cd5d,1.0016114399768412,7.062494432879612e-08,7.051131956962179e-08,0.8,0.0,10.0,1.1137067930152018e-07,0.0,1.3912877106728652e-06,1.5026583899743854e-06,Canada,CAN,,gcp,northamerica-northeast2,Linux-6.8.0-1032-gcp-x86_64-with-glibc2.35,3.12.11,3.0.4,2,Intel(R) Xeon(R) CPU @ 2.60GHz,,,,,15.61648178100586,machine,Y,1.0
2025-07-28T07:01:13,scipy-benchmark,fdbdc838-2d20-485a-92af-3649e07e9d66,scipy_LMC001_56f8cd5d,1.0016045439988377,7.06183480428687e-08,7.050521931632797e-08,0.8,0.0,10.0,1.1136671269519462e-07,0.0,1.391151330770097e-06,1.5025180434652916e-06,Canada,CAN,,gcp,northamerica-northeast2,Linux-6.8.0-1032-gcp-x86_64-with-glibc2.35,3.12.11,3.0.4,2,Intel(R) Xeon(R) CPU @ 2.60GHz,,,,,15.61648178100586,machine,Y,1.0
2025-07-28T07:01:15,scipy-benchmark,22e2377d-5b02-4d3a-ac96-1133c0c9daf4,scipy_LMC001_56f8cd5d,1.0016388990916312,7.062040659774924e-08,7.05048562528808e-08,0.8,0.0,10.0,1.1136868953083952e-07,0.0,1.3911931529744632e-06,1.5025618425053029e-06,Canada,CAN,,gcp,northamerica-northeast2,Linux-6.8.0-1032-gcp-x86_64-with-glibc2.35,3.12.11,3.0.4,2,Intel(R) Xeon(R) CPU @ 2.60GHz,,,,,15.61648178100586,machine,Y,1.0
2025-07-28T07:01:17,scipy-benchmark,bd930032-9a51-444f-b120-3feaf787ff9d,scipy_LMC001_56f8cd5d,1.001912962878123,7.065938225642053e-08,7.05244715603264e-08,0.8,0.0,10.0,1.11427436893185e-07,0.0,1.3919636749455498e-06,1.5033911118387347e-06,Canada,CAN,,gcp,northamerica-northeast2,Linux-6.8.0-1032-gcp-x86_64-with-glibc2.35,3.12.11,3.0.4,2,Intel(R) Xeon(R) CPU @ 2.60GHz,,,,,15.61648178100586,machine,Y,1.0
2025-07-28T07:01:20,scipy-benchmark,e273ddfb-87fb-4f61-8278-ea550a9e9d16,scipy_LMC001_56f8cd5d,1.001797033008188,7.063861364757437e-08,7.051190143322874e-08,0.8,0.0,10.0,1.1139422111834088e-07,0.0,1.3915550054257945e-06,1.5029492265441351e-06,Canada,CAN,,gcp,northamerica-northeast2,Linux-6.8.0-1032-gcp-x86_64-with-glibc2.35,3.12.11,3.0.4,2,Intel(R) Xeon(R) CPU @ 2.60GHz,,,,,15.61648178100586,machine,Y,1.0
2025-07-28T07:01:22,scipy-benchmark,fc7c07a8-8e00-496a-8711-7fc815742c5c,scipy_LMC001_56f8cd5d,1.0015796879306436,7.061751833547734e-08,7.050614063607828e-08,0.8,0.0,10.0,1.1136240377608281e-07,0.0,1.3911379863404565e-06,1.5025003901165392e-06,Canada,CAN,,gcp,northamerica-northeast2,Linux-6.8.0-1032-gcp-x86_64-with-glibc2.35,3.12.11,3.0.4,2,Intel(R) Xeon(R) CPU @ 2.60GHz,,,,,15.61648178100586,machine,Y,1.0
2025-07-28T07:01:24,scipy-benchmark,149ffedb-7e6f-474a-99f6-2c2f08ff0aea,scipy_LMC001_56f8cd5d,1.0017877540085465,7.063369911968606e-08,7.050764878793223e-08,0.8,0.0,10.0,1.1138935154303909e-07,0.0,1.3914553105779406e-06,1.5028446621209797e-06,Canada,CAN,,gcp,northamerica-northeast2,Linux-6.8.0-1032-gcp-x86_64-with-glibc2.35,3.12.11,3.0.4,2,Intel(R) Xeon(R) CPU @ 2.60GHz,,,,,15.61648178100586,machine,Y,1.0
2025-07-28T07:01:26,scipy-benchmark,c6c96de5-7d48-43a7-9911-5a5f2c937f48,scipy_LMC001_56f8cd5d,1.0016463890206069,7.062598701450044e-08,7.050990028882084e-08,0.8,0.0,10.0,1.1137547488841748e-07,0.0,1.3913050998881874e-06,1.5026805747766048e-06,Canada,CAN,,gcp,northamerica-northeast2,Linux-6.8.0-1032-gcp-x86_64-with-glibc2.35,3.12.11,3.0.4,2,Intel(R) Xeon(R) CPU @ 2.60GHz,,,,,15.61648178100586,machine,Y,1.0
2025-07-28T07:01:28,scipy-benchmark,990312d2-f17f-4bd0-86a8-1a36daa0aaaa,scipy_LMC001_56f8cd5d,1.001601979136467,7.062071166782537e-08,7.050775970781442e-08,0.8,0.0,10.0,1.113605857826771e-07,0.0,1.3912077475753096e-06,1.5025683333579866e-06,Canada,CAN,,gcp,northamerica-northeast2,Linux-6.8.0-1032-gcp-x86_64-with-glibc2.35,3.12.11,3.0.4,2,Intel(R) Xeon(R) CPU @ 2.60GHz,,,,,15.61648178100586,machine,Y,1.0
2025-07-28T07:01:30,scipy-benchmark,ebb2d79f-23d2-4b13-9f47-bf8ee6f99201,scipy_LMC001_56f8cd5d,1.0017283959314227,7.063384408457204e-08,7.05119714799495e-08,0.8,0.0,10.0,1.1138372997649845e-07,0.0,1.391464016503758e-06,1.5028477464802565e-06,Canada,CAN,,gcp,northamerica-northeast2,Linux-6.8.0-1032-gcp-x86_64-with-glibc2.35,3.12.11,3.0.4,2,Intel(R) Xeon(R) CPU @ 2.60GHz,,,,,15.61648178100586,machine,Y,1.0
2025-07-28T07:01:32,scipy-benchmark,493a9a91-710f-4bb4-b2d9-0603fb87cb4d,scipy_LMC001_56f8cd5d,1.0017543889116496,7.064295903766634e-08,7.051924086343756e-08,0.8,0.0,10.0,1.1139987890298168e-07,0.0,1.3916418027494933e-06,1.503041681652475e-06,Canada,CAN,,gcp,northamerica-northeast2,Linux-6.8.0-1032-gcp-x86_64-with-glibc2.35,3.12.11,3.0.4,2,Intel(R) Xeon(R) CPU @ 2.60GHz,,,,,15.61648178100586,machine,Y,1.0
2025-07-28T07:01:35,scipy-benchmark,fdc0018c-d3eb-445a-acff-6f811dcbba9d,scipy_LMC001_56f8cd5d,1.001662282040343,7.062596748603715e-08,7.05087620372159e-08,0.8,0.0,10.0,1.1136495130550533e-07,0.0,1.3913152079718809e-06,1.502680159277386e-06,Canada,CAN,,gcp,northamerica-northeast2,Linux-6.8.0-1032-gcp-x86_64-with-glibc2.35,3.12.11,3.0.4,2,Intel(R) Xeon(R) CPU @ 2.60GHz,,,,,15.61648178100586,machine,Y,1.0
2025-07-28T07:01:37,scipy-benchmark,5037f82b-8db9-44a2-8357-ee436123ab1a,scipy_LMC001_56f8cd5d,1.0016798640135676,7.062495811702684e-08,7.05065167568051e-08,0.8,0.0,10.0,1.1137377180986937e-07,0.0,1.3912849115311273e-06,1.5026586833409966e-06,Canada,CAN,,gcp,northamerica-northeast2,Linux-6.8.0-1032-gcp-x86_64-with-glibc2.35,3.12.11,3.0.4,2,Intel(R) Xeon(R) CPU @ 2.60GHz,,,,,15.61648178100586,machine,Y,1.0
2025-07-28T07:01:39,scipy-benchmark,3b497713-4fbc-4077-b46b-252df3e0a255,scipy_LMC001_56f8cd5d,1.0015939541626722,7.062259527996908e-08,7.051020524480823e-08,0.8,0.0,10.0,1.1136113510777553e-07,0.0,1.3912472751043324e-06,1.502608410212108e-06,Canada,CAN,,gcp,northamerica-northeast2,Linux-6.8.0-1032-gcp-x86_64-with-glibc2.35,3.12.11,3.0.4,2,Intel(R) Xeon(R) CPU @ 2.60GHz,,,,,15.61648178100586,machine,Y,1.0
2025-07-28T07:01:41,scipy-benchmark,9b309728-8822-432e-ba7c-9f1209d6af35,scipy_LMC001_56f8cd5d,1.001668294891715,7.062311413692723e-08,7.050549018780904e-08,0.8,0.0,10.0,1.1136829734055533e-07,0.0,1.3912511523813007e-06,1.502619449721856e-06,Canada,CAN,,gcp,northamerica-northeast2,Linux-6.8.0-1032-gcp-x86_64-with-glibc2.35,3.12.11,3.0.4,2,Intel(R) Xeon(R) CPU @ 2.60GHz,,,,,15.61648178100586,machine,Y,1.0
2025-07-28T07:01:43,scipy-benchmark,a10ea072-cabd-401d-adde-15ee366e62ad,scipy_LMC001_56f8cd5d,1.001714649843052,7.062833089699658e-08,7.050743533406704e-08,0.8,0.0,10.0,1.1138166440650821e-07,0.0,1.3913487802104403e-06,1.5027304446169489e-06,Canada,CAN,,gcp,northamerica-northeast2,Linux-6.8.0-1032-gcp-x86_64-with-glibc2.35,3.12.11,3.0.4,2,Intel(R) Xeon(R) CPU @ 2.60GHz,,,,,15.61648178100586,machine,Y,1.0
2025-07-28T07:01:45,scipy-benchmark,455c80b3-b7d5-4539-9bd6-c89b003c5388,scipy_LMC001_56f8cd5d,1.0016531581059098,7.062393481607546e-08,7.050737497760481e-08,0.8000072,0.0,10.0,1.113682303320715e-07,0.0,1.3912686806482574e-06,1.502636910980329e-06,Canada,CAN,,gcp,northamerica-northeast2,Linux-6.8.0-1032-gcp-x86_64-with-glibc2.35,3.12.11,3.0.4,2,Intel(R) Xeon(R) CPU @ 2.60GHz,,,,,15.61648178100586,machine,Y,1.0
2025-07-28T07:01:47,scipy-benchmark,5cc05ecb-be87-4fa7-9e5e-1c66c104e623,scipy_LMC001_56f8cd5d,1.0016768779605627,7.063286391037723e-08,7.051461949904182e-08,0.8,0.0,10.0,1.1138281133025889e-07,0.0,1.391444080379895e-06,1.502826891710154e-06,Canada,CAN,,gcp,northamerica-northeast2,Linux-6.8.0-1032-gcp-x86_64-with-glibc2.35,3.12.11,3.0.4,2,Intel(R) Xeon(R) CPU @ 2.60GHz,,,,,15.61648178100586,machine,Y,1.0
2025-07-28T07:01:49,scipy-benchmark,ec50c20c-478f-41e0-9b3f-526cf4af784e,scipy_LMC001_56f8cd5d,1.0016658070962876,7.062368761181522e-08,7.050623782052126e-08,0.8,0.0,10.0,1.1137386778783468e-07,0.0,1.3912577835273826e-06,1.5026316513152171e-06,Canada,CAN,,gcp,northamerica-northeast2,Linux-6.8.0-1032-gcp-x86_64-with-glibc2.35,3.12.11,3.0.4,2,Intel(R) Xeon(R) CPU @ 2.60GHz,,,,,15.61648178100586,machine,Y,1.0
2025-07-28T07:01:52,scipy-benchmark,9cc2b79c-1c2d-4d29-a904-8429de797774,scipy_LMC001_56f8cd5d,1.0016713379882276,7.062307299109592e-08,7.050523491361587e-08,0.8,0.0,10.0,1.1137621642814745e-07,0.0,1.3912423578504888e-06,1.5026185742786362e-06,Canada,CAN,,gcp,northamerica-northeast2,Linux-6.8.0-1032-gcp-x86_64-with-glibc2.35,3.12.11,3.0.4,2,Intel(R) Xeon(R) CPU @ 2.60GHz,,,,,15.61648178100586,machine,Y,1.0
2025-07-28T07:01:54,scipy-benchmark,cf83e69e-d36b-4e17-b814-89df0d5bad3b,scipy_LMC001_56f8cd5d,1.0016389321535826,7.062590818327024e-08,7.051034650921605e-08,0.8,0.0,10.0,1.1137286113161181e-07,0.0,1.3913060363847762e-06,1.502678897516388e-06,Canada,CAN,,gcp,northamerica-northeast2,Linux-6.8.0-1032-gcp-x86_64-with-glibc2.35,3.12.11,3.0.4,2,Intel(R) Xeon(R) CPU @ 2.60GHz,,,,,15.61648178100586,machine,Y,1.0
2025-07-28T07:01:56,scipy-benchmark,7c0a9cb7-a101-4975-87b5-f096f0e5c017,scipy_LMC001_56f8cd5d,1.001664686948061,7.062493764867801e-08,7.050756462610537e-08,0.8,0.0,10.0,1.1137443708462849e-07,0.0,1.3912838107595845e-06,1.5026582478442128e-06,Canada,CAN,,gcp,northamerica-northeast2,Linux-6.8.0-1032-gcp-x86_64-with-glibc2.35,3.12.11,3.0.4,2,Intel(R) Xeon(R) CPU @ 2.60GHz,,,,,15.61648178100586,machine,Y,1.0
2025-07-28T07:01:58,scipy-benchmark,779d7a16-e2f6-4de4-be62-5d6088b05019,scipy_LMC001_56f8cd5d,1.0017131499480456,7.06236506206915e-08,7.050286863495247e-08,0.8,0.0,10.0,1.1137679245115985e-07,0.0,1.3912540718188715e-06,1.5026308642700315e-06,Canada,CAN,,gcp,northamerica-northeast2,Linux-6.8.0-1032-gcp-x86_64-with-glibc2.35,3.12.11,3.0.4,2,Intel(R) Xeon(R) CPU @ 2.60GHz,,,,,15.61648178100586,machine,Y,1.0
2025-07-28T07:02:00,scipy-benchmark,e6859568-8cc9-4ddc-81e9-23050577f9cf,scipy_LMC001_56f8cd5d,1.0016563800163567,7.062780296461037e-08,7.051100993681789e-08,0.8,0.0,10.0,1.1138013113910957e-07,0.0,1.3913390808738767e-06,1.5027192120129863e-06,Canada,CAN,,gcp,northamerica-northeast2,Linux-6.8.0-1032-gcp-x86_64-with-glibc2.35,3.12.11,3.0.4,2,Intel(R) Xeon(R) CPU @ 2.60GHz,,,,,15.61648178100586,machine,Y,1.0
2025-07-28T07:02:02,scipy-benchmark,e74887ef-6fbb-45ac-8a5c-5686eee65740,scipy_LMC001_56f8cd5d,1.0017336080782115,7.062883468174067e-08,7.050660386371526e-08,0.8,0.0,10.0,1.113822104719778e-07,0.0,1.3913589529693126e-06,1.5027411634412904e-06,Canada,CAN,,gcp,northamerica-northeast2,Linux-6.8.0-1032-gcp-x86_64-with-glibc2.35,3.12.11,3.0.4,2,Intel(R) Xeon(R) CPU @ 2.60GHz,,,,,15.61648178100586,machine,Y,1.0
2025-07-28T07:02:04,scipy-benchmark,0098dc06-16a8-4a23-9c8f-1f29d1a410c4,scipy_LMC001_56f8cd5d,1.0016862750053406,7.062409581153447e-08,7.050520464719149e-08,0.8,0.0,10.0,1.113772340015405e-07,0.0,1.3912631024140866e-06,1.502640336415627e-06,Canada,CAN,,gcp,northamerica-northeast2,Linux-6.8.0-1032-gcp-x86_64-with-glibc2.35,3.12.11,3.0.4,2,Intel(R) Xeon(R) CPU @ 2.60GHz,,,,,15.61648178100586,machine,Y,1.0
2025-07-28T07:02:07,scipy-benchmark,9fb0322b-1d88-44f0-9c50-e652f3878b6e,scipy_LMC001_56f8cd5d,1.0015834579244256,7.062011607788795e-08,7.050846888409432e-08,0.8000072,0.0,10.0,1.1135926156321961e-07,0.0,1.3911963996684389e-06,1.5025556612316582e-06,Canada,CAN,,gcp,northamerica-northeast2,Linux-6.8.0-1032-gcp-x86_64-with-glibc2.35,3.12.11,3.0.4,2,Intel(R) Xeon(R) CPU @ 2.60GHz,,,,,15.61648178100586,machine,Y,1.0
2025-07-28T07:02:09,scipy-benchmark,6c18d1fa-d00b-4289-bebe-d986e258dbba,scipy_LMC001_56f8cd5d,1.001578252064064,7.062350020738733e-08,7.051221415984782e-08,0.8,0.0,10.0,1.1136271380301981e-07,0.0,1.3912649501839449e-06,1.5026276639869644e-06,Canada,CAN,,gcp,northamerica-northeast2,Linux-6.8.0-1032-gcp-x86_64-with-glibc2.35,3.12.11,3.0.4,2,Intel(R) Xeon(R) CPU @ 2.60GHz,,,,,15.61648178100586,machine,Y,1.0
2025-07-28T07:02:11,scipy-benchmark,9b9b29ca-4901-47e0-bc07-98ca1719be5f,scipy_LMC001_56f8cd5d,1.0016232838388532,7.062987302913745e-08,7.051540650936065e-08,0.8,0.0,10.0,1.1136980328915849e-07,0.0,1.391393452649936e-06,1.5027632559390949e-06,Canada,CAN,,gcp,northamerica-northeast2,Linux-6.8.0-1032-gcp-x86_64-with-glibc2.35,3.12.11,3.0.4,2,Intel(R) Xeon(R) CPU @ 2.60GHz,,,,,15.61648178100586,machine,Y,1.0
2025-07-28T07:02:13,scipy-benchmark,43492a6d-966a-4f58-8e36-6881571b44c7,scipy_LMC001_56f8cd5d,1.001631734892726,7.061994189546547e-08,7.050489659558243e-08,0.8,0.0,10.0,1.1136868332202236e-07,0.0,1.3911832719006473e-06,1.5025519552226696e-06,Canada,CAN,,gcp,northamerica-northeast2,Linux-6.8.0-1032-gcp-x86_64-with-glibc2.35,3.12.11,3.0.4,2,Intel(R) Xeon(R) CPU @ 2.60GHz,,,,,15.61648178100586,machine,Y,1.0
2025-07-28T07:02:15,scipy-benchmark,9ed42f7f-e8fa-4139-b79b-393b9649b585,scipy_LMC001_56f8cd5d,1.0016802258323878,7.063152888181576e-08,7.05130510319514e-08,0.8000072,0.0,10.0,1.1138137860381256e-07,0.0,1.3914171082433311e-06,1.502798486847144e-06,Canada,CAN,,gcp,northamerica-northeast2,Linux-6.8.0-1032-gcp-x86_64-with-glibc2.35,3.12.11,3.0.4,2,Intel(R) Xeon(R) CPU @ 2.60GHz,,,,,15.61648178100586,machine,Y,1.0
2025-07-28T07:02:17,scipy-benchmark,a1d62e43-5d98-485a-badc-f8b126549e0c,scipy_LMC001_56f8cd5d,1.0016235979273915,7.06243645835461e-08,7.050988488059336e-08,0.8,0.0,10.0,1.1136757732472489e-07,0.0,1.3912784776443408e-06,1.5026460549690656e-06,Canada,CAN,,gcp,northamerica-northeast2,Linux-6.8.0-1032-gcp-x86_64-with-glibc2.35,3.12.11,3.0.4,2,Intel(R) Xeon(R) CPU @ 2.60GHz,,,,,15.61648178100586,machine,Y,1.0
2025-07-28T07:02:19,scipy-benchmark,db79d2e2-0734-48e1-97c5-fcc444f05a55,scipy_LMC001_56f8cd5d,1.0016688420437276,7.062554608181586e-08,7.050787956797873e-08,0.8000072,0.0,10.0,1.1137477081067609e-07,0.0,1.3912964224194489e-06,1.5026711932301247e-06,Canada,CAN,,gcp,northamerica-northeast2,Linux-6.8.0-1032-gcp-x86_64-with-glibc2.35,3.12.11,3.0.4,2,Intel(R) Xeon(R) CPU @ 2.60GHz,,,,,15.61648178100586,machine,Y,1.0
2025-07-28T07:02:21,scipy-benchmark,f8ec8452-5abf-4d34-915f-4dcba7bb1665,scipy_LMC001_56f8cd5d,1.0017278618179262,7.063185676888357e-08,7.05100251885792e-08,0.8,0.0,10.0,1.1137945820680925e-07,0.0,1.391426004960926e-06,1.5028054631677352e-06,Canada,CAN,,gcp,northamerica-northeast2,Linux-6.8.0-1032-gcp-x86_64-with-glibc2.35,3.12.11,3.0.4,2,Intel(R) Xeon(R) CPU @ 2.60GHz,,,,,15.61648178100586,machine,Y,1.0
2025-07-28T07:02:24,scipy-benchmark,5b6ecd2e-88c7-48ba-b2cc-7e1ad231f21b,scipy_LMC001_56f8cd5d,1.0016501899808643,7.06272326923855e-08,7.051087635068964e-08,0.8,0.0,10.0,1.1137560930930906e-07,0.0,1.3913314692520849e-06,1.5027070785613938e-06,Canada,CAN,,gcp,northamerica-northeast2,Linux-6.8.0-1032-gcp-x86_64-with-glibc2.35,3.12.11,3.0.4,2,Intel(R) Xeon(R) CPU @ 2.60GHz,,,,,15.61648178100586,machine,Y,1.0
2025-07-28T07:02:26,scipy-benchmark,1eab29eb-4b5c-4c06-9255-496d28b34a0b,scipy_LMC001_56f8cd5d,1.0015891990624368,7.062726862391476e-08,7.051520592477156e-08,0.8000072,0.0,10.0,1.1136748226635097e-07,0.0,1.391340360795665e-06,1.502707843062016e-06,Canada,CAN,,gcp,northamerica-northeast2,Linux-6.8.0-1032-gcp-x86_64-with-glibc2.35,3.12.11,3.0.4,2,Intel(R) Xeon(R) CPU @ 2.60GHz,,,,,15.61648178100586,machine,Y,1.0
2025-07-28T07:02:28,scipy-benchmark,01048cdf-117c-4275-b651-47d6920ec27b,scipy_LMC001_56f8cd5d,1.0016914480365813,7.062624348045536e-08,7.050698457982254e-08,0.8,0.0,10.0,1.1137446797349388e-07,0.0,1.391311563525556e-06,1.50268603149905e-06,Canada,CAN,,gcp,northamerica-northeast2,Linux-6.8.0-1032-gcp-x86_64-with-glibc2.35,3.12.11,3.0.4,2,Intel(R) Xeon(R) CPU @ 2.60GHz,,,,,15.61648178100586,machine,Y,1.0
2025-07-28T07:02:30,scipy-benchmark,85b69ec9-bf9b-4158-bfa7-ff074a9a67b1,scipy_LMC001_56f8cd5d,1.0016603921540082,7.0628541760871e-08,7.05114650774887e-08,0.8,0.0,10.0,1.1137496400624517e-07,0.0,1.391359967076116e-06,1.502734931082361e-06,Canada,CAN,,gcp,northamerica-northeast2,Linux-6.8.0-1032-gcp-x86_64-with-glibc2.35,3.12.11,3.0.4,2,Intel(R) Xeon(R) CPU @ 2.60GHz,,,,,15.61648178100586,machine,Y,1.0
2025-07-28T07:02:32,scipy-benchmark,b8b1d960-aa27-4de4-999c-765a4a6329ed,scipy_LMC001_56f8cd5d,1.0015765961725265,7.062378903677584e-08,7.051261911137003e-08,0.8,0.0,10.0,1.113638784736395e-07,0.0,1.3912699308194634e-06,1.502633809293103e-06,Canada,CAN,,gcp,northamerica-northeast2,Linux-6.8.0-1032-gcp-x86_64-with-glibc2.35,3.12.11,3.0.4,2,Intel(R) Xeon(R) CPU @ 2.60GHz,,,,,15.61648178100586,machine,Y,1.0
2025-07-28T07:02:34,scipy-benchmark,a9feb13c-15d2-45d5-825e-8235576bb7e3,scipy_LMC001_56f8cd5d,1.0016537769697609,7.063003761854232e-08,7.05134241416379e-08,0.8,0.0,10.0,1.1137876312972772e-07,0.0,1.391387994711598e-06,1.5027667578413257e-06,Canada,CAN,,gcp,northamerica-northeast2,Linux-6.8.0-1032-gcp-x86_64-with-glibc2.35,3.12.11,3.0.4,2,Intel(R) Xeon(R) CPU @ 2.60GHz,,,,,15.61648178100586,machine,Y,1.0
2025-07-28T07:02:36,scipy-benchmark,2e10d58a-9c60-45ac-b71f-8919d256a99c,scipy_LMC001_56f8cd5d,1.0016610990278425,7.063233644246229e-08,7.051520370613791e-08,0.8,0.0,10.0,1.1138024667484896e-07,0.0,1.3914354223137102e-06,1.5028156689885591e-06,Canada,CAN,,gcp,northamerica-northeast2,Linux-6.8.0-1032-gcp-x86_64-with-glibc2.35,3.12.11,3.0.4,2,Intel(R) Xeon(R) CPU @ 2.60GHz,,,,,15.61648178100586,machine,Y,1.0
2025-07-28T07:02:39,scipy-benchmark,feecd680-9a0a-46a0-8238-2c30bc96fc4d,scipy_LMC001_56f8cd5d,1.001668349839747,7.062342217051344e-08,7.050579384065812e-08,0.8000072,0.0,10.0,1.113696791725962e-07,0.0,1.391256324455349e-06,1.5026260036279451e-06,Canada,CAN,,gcp,northamerica-northeast2,Linux-6.8.0-1032-gcp-x86_64-with-glibc2.35,3.12.11,3.0.4,2,Intel(R) Xeon(R) CPU @ 2.60GHz,,,,,15.61648178100586,machine,Y,1.0
2025-07-28T07:02:41,scipy-benchmark,d3370034-b355-4cd1-98de-5bd9bb802625,scipy_LMC001_56f8cd5d,1.0016211159527302,7.06215750968032e-08,7.050727462911842e-08,0.8,0.0,10.0,1.1136696001307833e-07,0.0,1.3912197441742238e-06,1.502586704187302e-06,Canada,CAN,,gcp,northamerica-northeast2,Linux-6.8.0-1032-gcp-x86_64-with-glibc2.35,3.12.11,3.0.4,2,Intel(R) Xeon(R) CPU @ 2.60GHz,,,,,15.61648178100586,machine,Y,1.0
2025-07-28T07:02:43,scipy-benchmark,151efc57-cb76-4127-a49f-22a3d0978907,scipy_LMC001_56f8cd5d,1.0016671100165695,7.063164614818782e-08,7.051409140010541e-08,0.8,0.0,10.0,1.1138222376919456e-07,0.0,1.3914187581071425e-06,1.5028009818763368e-06,Canada,CAN,,gcp,northamerica-northeast2,Linux-6.8.0-1032-gcp-x86_64-with-glibc2.35,3.12.11,3.0.4,2,Intel(R) Xeon(R) CPU @ 2.60GHz,,,,,15.61648178100586,machine,Y,1.0
2025-07-28T07:02:45,scipy-benchmark,0a83f73c-0f89-48c8-99d3-b62320caf405,scipy_LMC001_56f8cd5d,1.0016232181806115,7.062171521027469e-08,7.05072665333725e-08,0.8,0.0,10.0,1.1136594357796844e-07,0.0,1.391223741747025e-06,1.5025896853249934e-06,Canada,CAN,,gcp,northamerica-northeast2,Linux-6.8.0-1032-gcp-x86_64-with-glibc2.35,3.12.11,3.0.4,2,Intel(R) Xeon(R) CPU @ 2.60GHz,,,,,15.61648178100586,machine,Y,1.0
2025-07-28T07:02:47,scipy-benchmark,f7fa658b-481b-497f-8537-6d654d54547b,scipy_LMC001_56f8cd5d,1.001688792835921,7.0632277793846e-08,7.051319561425475e-08,0.8,0.0,10.0,1.1138223841165505e-07,0.0,1.3914321827340044e-06,1.5028144211456595e-06,Canada,CAN,,gcp,northamerica-northeast2,Linux-6.8.0-1032-gcp-x86_64-with-glibc2.35,3.12.11,3.0.4,2,Intel(R) Xeon(R) CPU @ 2.60GHz,,,,,15.61648178100586,machine,Y,1.0
2025-07-28T07:02:49,scipy-benchmark,e9d2fd11-e945-4181-b5fb-1e35c819f779,scipy_LMC001_56f8cd5d,1.0024759161751715,7.06283052525897e-08,7.045386738273338e-08,0.8,0.0,10.0,1.1137561556986637e-07,0.0,1.3913542834214038e-06,1.5027298989912702e-06,Canada,CAN,,gcp,northamerica-northeast2,Linux-6.8.0-1032-gcp-x86_64-with-glibc2.35,3.12.11,3.0.4,2,Intel(R) Xeon(R) CPU @ 2.60GHz,,,,,15.61648178100586,machine,Y,1.0
2025-07-28T07:02:51,scipy-benchmark,80ab4f81-b1e5-49b3-b867-1c3dc642414b,scipy_LMC001_56f8cd5d,1.0016475659795103,7.062747456640418e-08,7.051130254316309e-08,0.8,0.0,10.0,1.113814275401334e-07,0.0,1.391330797276977e-06,1.5027122248171104e-06,Canada,CAN,,gcp,northamerica-northeast2,Linux-6.8.0-1032-gcp-x86_64-with-glibc2.35,3.12.11,3.0.4,2,Intel(R) Xeon(R) CPU @ 2.60GHz,,,,,15.61648178100586,machine,Y,1.0
2025-07-28T07:02:53,scipy-benchmark,df4c6f5b-9018-41f2-b0c2-77c599fa56a1,scipy_LMC001_56f8cd5d,1.0017519788816571,7.062915211745227e-08,7.050562774660224e-08,0.8,0.0,10.0,1.1138741998001933e-07,0.0,1.3913604974125822e-06,1.5027479173926016e-06,Canada,CAN,,gcp,northamerica-northeast2,Linux-6.8.0-1032-gcp-x86_64-with-glibc2.35,3.12.11,3.0.4,2,Intel(R) Xeon(R) CPU @ 2.60GHz,,,,,15.61648178100586,machine,Y,1.0
2025-07-28T07:02:56,scipy-benchmark,87a3fb67-b008-4ad1-845b-954731bd9134,scipy_LMC001_56f8cd5d,1.0015829307958484,7.062285470176074e-08,7.051124028805532e-08,0.8,0.0,10.0,1.1136624661998617e-07,0.0,1.3912476832047105e-06,1.5026139298246967e-06,Canada,CAN,,gcp,northamerica-northeast2,Linux-6.8.0-1032-gcp-x86_64-with-glibc2.35,3.12.11,3.0.4,2,Intel(R) Xeon(R) CPU @ 2.60GHz,,,,,15.61648178100586,machine,Y,1.0
2025-07-28T07:02:58,scipy-benchmark,e4819035-1166-40af-bc13-adf5eb8e0801,scipy_LMC001_56f8cd5d,1.0015129139646888,7.06178430583724e-08,7.05111657310714e-08,0.8000072,0.0,10.0,1.113523297186509e-07,0.0,1.3911549693956558e-06,1.5025072991143066e-06,Canada,CAN,,gcp,northamerica-northeast2,Linux-6.8.0-1032-gcp-x86_64-with-glibc2.35,3.12.11,3.0.4,2,Intel(R) Xeon(R) CPU @ 2.60GHz,,,,,15.61648178100586,machine,Y,1.0
2025-07-28T07:03:00,scipy-benchmark,e31d3b3b-325b-4e53-8cf8-f440a4419a50,scipy_LMC001_56f8cd5d,1.0016046499367803,7.062227331870236e-08,7.050913084634733e-08,0.8,0.0,10.0,1.113663881810175e-07,0.0,1.391235171791373e-06,1.5026015599723905e-06,Canada,CAN,,gcp,northamerica-northeast2,Linux-6.8.0-1032-gcp-x86_64-with-glibc2.35,3.12.11,3.0.4,2,Intel(R) Xeon(R) CPU @ 2.60GHz,,,,,15.61648178100586,machine,Y,1.0
2025-07-28T07:03:02,scipy-benchmark,f02781b0-9f3e-4e13-9308-02ed322cebbd,scipy_LMC001_56f8cd5d,1.001710871933028,7.06307881943778e-08,7.05101543503064e-08,0.8,0.0,10.0,1.1138410798998345e-07,0.0,1.3913986195499697e-06,1.5027827275399532e-06,Canada,CAN,,gcp,northamerica-northeast2,Linux-6.8.0-1032-gcp-x86_64-with-glibc2.35,3.12.11,3.0.4,2,Intel(R) Xeon(R) CPU @ 2.60GHz,,,,,15.61648178100586,machine,Y,1.0
2025-07-28T07:03:04,scipy-benchmark,739534b5-8a0e-4776-8561-c89a838744c0,scipy_LMC001_56f8cd5d,1.0016723880544305,7.063022671670964e-08,7.051230278384356e-08,0.8,0.0,10.0,1.1138489490581885e-07,0.0,1.391385886300769e-06,1.502770781206588e-06,Canada,CAN,,gcp,northamerica-northeast2,Linux-6.8.0-1032-gcp-x86_64-with-glibc2.35,3.12.11,3.0.4,2,Intel(R) Xeon(R) CPU @ 2.60GHz,,,,,15.61648178100586,machine,Y,1.0
2025-07-28T07:03:06,scipy-benchmark,fc896889-8bbb-4b3b-922d-35dbea3ebc7f,scipy_LMC001_56f8cd5d,1.0016549890860915,7.062394241078031e-08,7.050725367545716e-08,0.8,0.0,10.0,1.113696673160626e-07,0.0,1.3912674052537314e-06,1.502637072569794e-06,Canada,CAN,,gcp,northamerica-northeast2,Linux-6.8.0-1032-gcp-x86_64-with-glibc2.35,3.12.11,3.0.4,2,Intel(R) Xeon(R) CPU @ 2.60GHz,,,,,15.61648178100586,machine,Y,1.0
2025-07-28T07:03:08,scipy-benchmark,22879526-55e3-4b59-9432-6a863c48a8cd,scipy_LMC001_56f8cd5d,1.0016086441464722,7.062286024745037e-08,7.050943565651045e-08,0.8,0.0,10.0,1.1136810890295441e-07,0.0,1.3912459389151383e-06,1.5026140478180926e-06,Canada,CAN,,gcp,northamerica-northeast2,Linux-6.8.0-1032-gcp-x86_64-with-glibc2.35,3.12.11,3.0.4,2,Intel(R) Xeon(R) CPU @ 2.60GHz,,,,,15.61648178100586,machine,Y,1.0
2025-07-28T07:03:11,scipy-benchmark,89b8c39f-a3a2-49ef-bbb0-74d9de4cdf79,scipy_LMC001_56f8cd5d,1.001680505927652,7.06300745233376e-08,7.051157939619418e-08,0.8,0.0,10.0,1.1137826000857685e-07,0.0,1.3913892830411591e-06,1.502767543049736e-06,Canada,CAN,,gcp,northamerica-northeast2,Linux-6.8.0-1032-gcp-x86_64-with-glibc2.35,3.12.11,3.0.4,2,Intel(R) Xeon(R) CPU @ 2.60GHz,,,,,15.61648178100586,machine,Y,1.0
2025-07-28T07:03:13,scipy-benchmark,33fb3a64-4b88-4180-9332-686cd6378cf5,scipy_LMC001_56f8cd5d,1.0016291891224682,7.061970110480777e-08,7.050483539390263e-08,0.8,0.0,10.0,1.113644875586033e-07,0.0,1.3911823444585832e-06,1.5025468320171866e-06,Canada,CAN,,gcp,northamerica-northeast2,Linux-6.8.0-1032-gcp-x86_64-with-glibc2.35,3.12.11,3.0.4,2,Intel(R) Xeon(R) CPU @ 2.60GHz,,,,,15.61648178100586,machine,Y,1.0
2025-07-28T07:03:15,scipy-benchmark,180e661c-0266-467c-99a4-4ba3d285ffa3,scipy_LMC001_56f8cd5d,1.0016377971041948,7.062386451092447e-08,7.050838608038056e-08,0.8,0.0,10.0,1.1136894248839882e-07,0.0,1.3912664726376534e-06,1.5026354151260523e-06,Canada,CAN,,gcp,northamerica-northeast2,Linux-6.8.0-1032-gcp-x86_64-with-glibc2.35,3.12.11,3.0.4,2,Intel(R) Xeon(R) CPU @ 2.60GHz,,,,,15.61648178100586,machine,Y,1.0
2025-07-28T07:03:17,scipy-benchmark,42bc8aac-c18a-49d1-a377-32b9ae36bd10,scipy_LMC001_56f8cd5d,1.0016894550062716,7.062642891557922e-08,7.05073099877417e-08,0.8000072,0.0,10.0,1.1137558256908588e-07,0.0,1.3913143943581315e-06,1.5026899769272176e-06,Canada,CAN,,gcp,northamerica-northeast2,Linux-6.8.0-1032-gcp-x86_64-with-glibc2.35,3.12.11,3.0.4,2,Intel(R) Xeon(R) CPU @ 2.60GHz,,,,,15.61648178100586,machine,Y,1.0
2025-07-28T07:03:19,scipy-benchmark,ad0ae8b7-0099-468a-bb3a-1c0b1955f3bf,scipy_LMC001_56f8cd5d,1.0016412609256804,7.062163637539682e-08,7.050591776753574e-08,0.8,0.0,10.0,1.1137227755453853e-07,0.0,1.391215730432628e-06,1.5025880079871663e-06,Canada,CAN,,gcp,northamerica-northeast2,Linux-6.8.0-1032-gcp-x86_64-with-glibc2.35,3.12.11,3.0.4,2,Intel(R) Xeon(R) CPU @ 2.60GHz,,,,,15.61648178100586,machine,Y,1.0
2025-07-28T07:03:21,scipy-benchmark,1572bb86-20e6-46c6-bdcd-b34af78ce02d,scipy_LMC001_56f8cd5d,1.001600812887773,7.06264153384707e-08,7.051353636070206e-08,0.8,0.0,10.0,1.1136448776556389e-07,0.0,1.3913252002870045e-06,1.502689688052568e-06,Canada,CAN,,gcp,northamerica-northeast2,Linux-6.8.0-1032-gcp-x86_64-with-glibc2.35,3.12.11,3.0.4,2,Intel(R) Xeon(R) CPU @ 2.60GHz,,,,,15.61648178100586,machine,Y,1.0
2025-07-28T07:03:23,scipy-benchmark,c965003f-a7e8-447d-a5c8-2aae3e5aa47a,scipy_LMC001_56f8cd5d,1.001705626025796,7.063340480540259e-08,7.051313576587982e-08,0.8,0.0,10.0,1.113800640321441e-07,0.0,1.3914583360828049e-06,1.5028384001149487e-06,Canada,CAN,,gcp,northamerica-northeast2,Linux-6.8.0-1032-gcp-x86_64-with-glibc2.35,3.12.11,3.0.4,2,Intel(R) Xeon(R) CPU @ 2.60GHz,,,,,15.61648178100586,machine,Y,1.0
2025-07-28T07:03:26,scipy-benchmark,679fc900-4c02-4c6a-a18b-9fbe00380b64,scipy_LMC001_56f8cd5d,1.0016622280236334,7.062489183989561e-08,7.050769197840739e-08,0.8,0.0,10.0,1.1137603714855181e-07,0.0,1.3912812360407165e-06,1.5026572731892684e-06,Canada,CAN,,gcp,northamerica-northeast2,Linux-6.8.0-1032-gcp-x86_64-with-glibc2.35,3.12.11,3.0.4,2,Intel(R) Xeon(R) CPU @ 2.60GHz,,,,,15.61648178100586,machine,Y,1.0
2025-07-28T07:03:28,scipy-benchmark,7b3f3e0e-1dd5-4229-8a43-fcfe87a16933,scipy_LMC001_56f8cd5d,1.001657651970163,7.062665672370026e-08,7.050977605450777e-08,0.8,0.0,10.0,1.113745408753554e-07,0.0,1.3913202830331608e-06,1.5026948239085163e-06,Canada,CAN,,gcp,northamerica-northeast2,Linux-6.8.0-1032-gcp-x86_64-with-glibc2.35,3.12.11,3.0.4,2,Intel(R) Xeon(R) CPU @ 2.60GHz,,,,,15.61648178100586,machine,Y,1.0
2025-07-28T07:03:30,scipy-benchmark,4c350eb1-15cd-4a58-8095-1edd63b4d081,scipy_LMC001_56f8cd5d,1.0016902349889278,7.062946463244348e-08,7.051028568050697e-08,0.8,0.0,10.0,1.1137729443402754e-07,0.0,1.3913772722137056e-06,1.5027545666477333e-06,Canada,CAN,,gcp,northamerica-northeast2,Linux-6.8.0-1032-gcp-x86_64-with-glibc2.35,3.12.11,3.0.4,2,Intel(R) Xeon(R) CPU @ 2.60GHz,,,,,15.61648178100586,machine,Y,1.0
2025-07-28T07:03:32,scipy-benchmark,896c774e-78dc-4e61-878e-42261fedb2a8,scipy_LMC001_56f8cd5d,1.001576490001753,7.06226031699011e-08,7.051144258565563e-08,0.8,0.0,10.0,1.1136619177543457e-07,0.0,1.3912423863075675e-06,1.502608578083002e-06,Canada,CAN,,gcp,northamerica-northeast2,Linux-6.8.0-1032-gcp-x86_64-with-glibc2.35,3.12.11,3.0.4,2,Intel(R) Xeon(R) CPU @ 2.60GHz,,,,,15.61648178100586,machine,Y,1.0
2025-07-28T07:03:34,scipy-benchmark,50326103-a6e8-4329-b536-d87b272e97d9,scipy_LMC001_56f8cd5d,1.0016800598241389,7.063282663351857e-08,7.051435829312535e-08,0.8,0.0,10.0,1.1138169353620876e-07,0.0,1.3914444050492926e-06,1.5028260985855014e-06,Canada,CAN,,gcp,northamerica-northeast2,Linux-6.8.0-1032-gcp-x86_64-with-glibc2.35,3.12.11,3.0.4,2,Intel(R) Xeon(R) CPU @ 2.60GHz,,,,,15.61648178100586,machine,Y,1.0
2025-07-28T07:03:36,scipy-benchmark,a9e1951e-d7d4-4a04-b960-6f4ee93f59c1,scipy_LMC001_56f8cd5d,1.001675948034972,7.062549953123865e-08,7.050733290520506e-08,0.8,0.0,10.0,1.1137418847324121e-07,0.0,1.3912960143190706e-06,1.5026702027923118e-06,Canada,CAN,,gcp,northamerica-northeast2,Linux-6.8.0-1032-gcp-x86_64-with-glibc2.35,3.12.11,3.0.4,2,Intel(R) Xeon(R) CPU @ 2.60GHz,,,,,15.61648178100586,machine,Y,1.0
2025-07-28T07:03:38,scipy-benchmark,05238d97-3b48-4169-801e-c6e6a049a856,scipy_LMC001_56f8cd5d,1.001645589945838,7.063014311066622e-08,7.05141058071103e-08,0.8,0.0,10.0,1.113785493394567e-07,0.0,1.3913904530151438e-06,1.5027690023546004e-06,Canada,CAN,,gcp,northamerica-northeast2,Linux-6.8.0-1032-gcp-x86_64-with-glibc2.35,3.12.11,3.0.4,2,Intel(R) Xeon(R) CPU @ 2.60GHz,,,,,15.61648178100586,machine,Y,1.0
2025-07-28T07:03:41,scipy-benchmark,e1c3a004-ba14-4e9d-8fed-fe02bff06bd4,scipy_LMC001_56f8cd5d,1.0017310199327767,7.063402523930807e-08,7.051196761786223e-08,0.8,0.0,10.0,1.113945310935378e-07,0.0,1.3914570697428038e-06,1.5028516008363415e-06,Canada,CAN,,gcp,northamerica-northeast2,Linux-6.8.0-1032-gcp-x86_64-with-glibc2.35,3.12.11,3.0.4,2,Intel(R) Xeon(R) CPU @ 2.60GHz,,,,,15.61648178100586,machine,Y,1.0
2025-07-28T07:03:43,scipy-benchmark,eba1964e-4477-4649-8e1a-8f4a78f26111,scipy_LMC001_56f8cd5d,1.0017335389275104,7.062915427931068e-08,7.050692777535294e-08,0.8,0.0,10.0,1.113834742249714e-07,0.0,1.3913644891646172e-06,1.5027479633895886e-06,Canada,CAN,,gcp,northamerica-northeast2,Linux-6.8.0-1032-gcp-x86_64-with-glibc2.35,3.12.11,3.0.4,2,Intel(R) Xeon(R) CPU @ 2.60GHz,,,,,15.61648178100586,machine,Y,1.0
2025-07-28T07:03:45,scipy-benchmark,cfa5cd34-72da-43a9-b616-5736fb020159,scipy_LMC001_56f8cd5d,1.0016293360386044,7.062527423592595e-08,7.051038911784025e-08,0.8,0.0,10.0,1.1136774573889045e-07,0.0,1.3912976635361295e-06,1.5026654092750202e-06,Canada,CAN,,gcp,northamerica-northeast2,Linux-6.8.0-1032-gcp-x86_64-with-glibc2.35,3.12.11,3.0.4,2,Intel(R) Xeon(R) CPU @ 2.60GHz,,,,,15.61648178100586,machine,Y,1.0
2025-07-28T07:03:47,scipy-benchmark,ba8b0796-7e72-49e7-8d3e-f270c8c758bd,scipy_LMC001_56f8cd5d,1.0016348902136087,7.062634557893456e-08,7.051106772436089e-08,0.8000576,0.0,10.0,1.113804477093373e-07,0.0,1.3913077560977803e-06,1.502688203807118e-06,Canada,CAN,,gcp,northamerica-northeast2,Linux-6.8.0-1032-gcp-x86_64-with-glibc2.35,3.12.11,3.0.4,2,Intel(R) Xeon(R) CPU @ 2.60GHz,,,,,15.61648178100586,machine,Y,1.0
2025-07-28T07:03:49,scipy-benchmark,cb75252f-5e07-46f4-a00a-ac2c3a7bdfcb,scipy_LMC001_56f8cd5d,1.0016632659826428,7.06274506631566e-08,7.05101734901602e-08,0.8,0.0,10.0,1.113753937598732e-07,0.0,1.3913363224775014e-06,1.5027117162373746e-06,Canada,CAN,,gcp,northamerica-northeast2,Linux-6.8.0-1032-gcp-x86_64-with-glibc2.35,3.12.11,3.0.4,2,Intel(R) Xeon(R) CPU @ 2.60GHz,,,,,15.61648178100586,machine,Y,1.0
2025-07-28T07:03:51,scipy-benchmark,aa8923f4-b00c-4fec-94b9-40145056a72e,scipy_LMC001_56f8cd5d,1.0016694439109417,7.062352188919776e-08,7.050581638335062e-08,0.8,0.0,10.0,1.1137754464935929e-07,0.0,1.3912505806527206e-06,1.50262812530208e-06,Canada,CAN,,gcp,northamerica-northeast2,Linux-6.8.0-1032-gcp-x86_64-with-glibc2.35,3.12.11,3.0.4,2,Intel(R) Xeon(R) CPU @ 2.60GHz,,,,,15.61648178100586,machine,Y,1.0
2025-07-28T07:03:53,scipy-benchmark,034886b9-b8d2-4b96-ab0b-99872b87c3e1,scipy_LMC001_56f8cd5d,1.0017409299034623,7.063119151410078e-08,7.050844126026425e-08,0.8000072,0.0,10.0,1.1138457575950508e-07,0.0,1.3914067330511497e-06,1.5027913088106546e-06,Canada,CAN,,gcp,northamerica-northeast2,Linux-6.8.0-1032-gcp-x86_64-with-glibc2.35,3.12.11,3.0.4,2,Intel(R) Xeon(R) CPU @ 2.60GHz,,,,,15.61648178100586,machine,Y,1.0
2025-07-28T07:03:55,scipy-benchmark,49a15e4a-458a-452e-84c1-5beb2e419e0a,scipy_LMC001_56f8cd5d,1.0016798039432615,7.062863624916e-08,7.051019294900413e-08,0.8,0.0,10.0,1.1137773044821289e-07,0.0,1.391359211023276e-06,1.5027369414714891e-06,Canada,CAN,,gcp,northamerica-northeast2,Linux-6.8.0-1032-gcp-x86_64-with-glibc2.35,3.12.11,3.0.4,2,Intel(R) Xeon(R) CPU @ 2.60GHz,,,,,15.61648178100586,machine,Y,1.0
2025-07-28T07:03:58,scipy-benchmark,d6efc814-2e2d-4117-be28-dbfe26c35b88,scipy_LMC001_56f8cd5d,1.0017875938210636,7.06423498033546e-08,7.05162953095749e-08,0.8,0.0,10.0,1.1139860262887349e-07,0.0,1.391630116591437e-06,1.5030287192203105e-06,Canada,CAN,,gcp,northamerica-northeast2,Linux-6.8.0-1032-gcp-x86_64-with-glibc2.35,3.12.11,3.0.4,2,Intel(R) Xeon(R) CPU @ 2.60GHz,,,,,15.61648178100586,machine,Y,1.0
2025-07-28T07:04:00,scipy-benchmark,efe900e5-150d-42db-9d0e-d379618abc6d,scipy_LMC001_56f8cd5d,1.0016139459330589,7.062418451095517e-08,7.051038456255205e-08,0.8,0.0,10.0,1.1137128776560229e-07,0.0,1.3912709358717418e-06,1.502642223637344e-06,Canada,CAN,,gcp,northamerica-northeast2,Linux-6.8.0-1032-gcp-x86_64-with-glibc2.35,3.12.11,3.0.4,2,Intel(R) Xeon(R) CPU @ 2.60GHz,,,,,15.61648178100586,machine,Y,1.0
2025-07-28T07:04:02,scipy-benchmark,37b04190-4267-4f4a-85c2-2ce4719afb7f,scipy_LMC001_56f8cd5d,1.0016464081127197,7.061954879227819e-08,7.05034713051465e-08,0.8,0.0,10.0,1.1136992756898208e-07,0.0,1.3911736637560855e-06,1.5025435913250678e-06,Canada,CAN,,gcp,northamerica-northeast2,Linux-6.8.0-1032-gcp-x86_64-with-glibc2.35,3.12.11,3.0.4,2,Intel(R) Xeon(R) CPU @ 2.60GHz,,,,,15.61648178100586,machine,Y,1.0
2025-07-28T07:04:04,scipy-benchmark,cd686474-dbc9-4e94-920b-fc62919a7539,scipy_LMC001_56f8cd5d,1.001740070991218,7.063127749904782e-08,7.05085875512182e-08,0.8,0.0,10.0,1.1138762176657717e-07,0.0,1.3914055165110362e-06,1.5027931382776133e-06,Canada,CAN,,gcp,northamerica-northeast2,Linux-6.8.0-1032-gcp-x86_64-with-glibc2.35,3.12.11,3.0.4,2,Intel(R) Xeon(R) CPU @ 2.60GHz,,,,,15.61648178100586,machine,Y,1.0
2025-07-28T07:04:06,scipy-benchmark,a54c8d49-bed2-4fbb-897d-34cd28961566,scipy_LMC001_56f8cd5d,1.001714012119919,7.063617858645093e-08,7.051531448278753e-08,0.8,0.0,10.0,1.113765966664586e-07,0.0,1.39152082006654e-06,1.5028974167329986e-06,Canada,CAN,,gcp,northamerica-northeast2,Linux-6.8.0-1032-gcp-x86_64-with-glibc2.35,3.12.11,3.0.4,2,Intel(R) Xeon(R) CPU @ 2.60GHz,,,,,15.61648178100586,machine,Y,1.0
2025-07-28T07:04:08,scipy-benchmark,0ac446ee-0d69-4958-8178-8d649c2339ac,scipy_LMC001_56f8cd5d,1.0017336511518806,7.06306998621569e-08,7.050846278443334e-08,0.8,0.0,10.0,1.113816477979223e-07,0.0,1.3913992003330756e-06,1.502780848130998e-06,Canada,CAN,,gcp,northamerica-northeast2,Linux-6.8.0-1032-gcp-x86_64-with-glibc2.35,3.12.11,3.0.4,2,Intel(R) Xeon(R) CPU @ 2.60GHz,,,,,15.61648178100586,machine,Y,1.0
2025-07-28T07:04:10,scipy-benchmark,c3da2d09-57dc-4e76-a94e-c85899052e9d,scipy_LMC001_56f8cd5d,1.0016877320595086,7.063254551515228e-08,7.051353755718762e-08,0.8000072,0.0,10.0,1.11385622472019e-07,0.0,1.391434494871646e-06,1.502820117343665e-06,Canada,CAN,,gcp,northamerica-northeast2,Linux-6.8.0-1032-gcp-x86_64-with-glibc2.35,3.12.11,3.0.4,2,Intel(R) Xeon(R) CPU @ 2.60GHz,,,,,15.61648178100586,machine,Y,1.0
2025-07-28T07:04:13,scipy-benchmark,98afe916-4e62-4bee-b070-d3488948deaf,scipy_LMC001_56f8cd5d,1.0016124919056892,7.061886274633515e-08,7.050517372439536e-08,0.8,0.0,10.0,1.1136584444385437e-07,0.0,1.3911631501590212e-06,1.5025289946028756e-06,Canada,CAN,,gcp,northamerica-northeast2,Linux-6.8.0-1032-gcp-x86_64-with-glibc2.35,3.12.11,3.0.4,2,Intel(R) Xeon(R) CPU @ 2.60GHz,,,,,15.61648178100586,machine,Y,1.0
2025-07-28T07:04:15,scipy-benchmark,a107c760-b249-4d0a-b6e2-3322a136b4bf,scipy_LMC001_56f8cd5d,1.0017048709560186,7.062224650946963e-08,7.05020496127451e-08,0.8,0.0,10.0,1.113656813071834e-07,0.0,1.3912353082560003e-06,1.5026009895631836e-06,Canada,CAN,,gcp,northamerica-northeast2,Linux-6.8.0-1032-gcp-x86_64-with-glibc2.35,3.12.11,3.0.4,2,Intel(R) Xeon(R) CPU @ 2.60GHz,,,,,15.61648178100586,machine,Y,1.0
2025-07-28T07:04:17,scipy-benchmark,6f2e6d46-8854-4056-b748-562d3e51da0a,scipy_LMC001_56f8cd5d,1.001626447075978,7.062188719231119e-08,7.050721094523394e-08,0.8,0.0,10.0,1.1137415266906224e-07,0.0,1.391219191848197e-06,1.5025933445172591e-06,Canada,CAN,,gcp,northamerica-northeast2,Linux-6.8.0-1032-gcp-x86_64-with-glibc2.35,3.12.11,3.0.4,2,Intel(R) Xeon(R) CPU @ 2.60GHz,,,,,15.61648178100586,machine,Y,1.0
2025-07-28T07:04:19,scipy-benchmark,98ee2588-8b39-49f1-b555-4cdbf5fa0036,scipy_LMC001_56f8cd5d,1.0015915129333737,7.062037828324054e-08,7.050816362891669e-08,0.8,0.0,10.0,1.1136100710266166e-07,0.0,1.3912002329662856e-06,1.5025612400689472e-06,Canada,CAN,,gcp,northamerica-northeast2,Linux-6.8.0-1032-gcp-x86_64-with-glibc2.35,3.12.11,3.0.4,2,Intel(R) Xeon(R) CPU @ 2.60GHz,,,,,15.61648178100586,machine,Y,1.0
2025-07-28T07:04:21,scipy-benchmark,616cc15c-a53d-4e5d-9398-c88a8da7c6b8,scipy_LMC001_56f8cd5d,1.001705352915451,7.062399083914126e-08,7.050375705150324e-08,0.8000072,0.0,10.0,1.1137007229774105e-07,0.0,1.3912680306627103e-06,1.5026381029604517e-06,Canada,CAN,,gcp,northamerica-northeast2,Linux-6.8.0-1032-gcp-x86_64-with-glibc2.35,3.12.11,3.0.4,2,Intel(R) Xeon(R) CPU @ 2.60GHz,,,,,15.61648178100586,machine,Y,1.0
2025-07-28T07:04:23,scipy-benchmark,cd25b253-5af8-4cce-ac40-1c895c5a598d,scipy_LMC001_56f8cd5d,1.001683339942247,7.063125818822949e-08,7.051256157689696e-08,0.8,0.0,10.0,1.1137943823511401e-07,0.0,1.3914132891740235e-06,1.5027927274091377e-06,Canada,CAN,,gcp,northamerica-northeast2,Linux-6.8.0-1032-gcp-x86_64-with-glibc2.35,3.12.11,3.0.4,2,Intel(R) Xeon(R) CPU @ 2.60GHz,,,,,15.61648178100586,machine,Y,1.0
2025-07-28T07:04:25,scipy-benchmark,2ff8af45-a2a9-4921-bebb-55aa09c4c10a,scipy_LMC001_56f8cd5d,1.001766277011484,7.063310522929406e-08,7.05085675672873e-08,0.8000072,0.0,10.0,1.1138735981817777e-07,0.0,1.3914446663370149e-06,1.5028320261551927e-06,Canada,CAN,,gcp,northamerica-northeast2,Linux-6.8.0-1032-gcp-x86_64-with-glibc2.35,3.12.11,3.0.4,2,Intel(R) Xeon(R) CPU @ 2.60GHz,,,,,15.61648178100586,machine,Y,1.0
2025-07-28T07:04:28,scipy-benchmark,e63ac762-05cb-4450-b230-b1141d42f59c,scipy_LMC001_56f8cd5d,1.0017535029910505,7.063864083373402e-08,7.051499258332527e-08,0.8,0.0,10.0,1.113910464466446e-07,0.0,1.3915587585264196e-06,1.502949804973064e-06,Canada,CAN,,gcp,northamerica-northeast2,Linux-6.8.0-1032-gcp-x86_64-with-glibc2.35,3.12.11,3.0.4,2,Intel(R) Xeon(R) CPU @ 2.60GHz,,,,,15.61648178100586,machine,Y,1.0
2025-07-28T07:04:30,scipy-benchmark,b967a821-5d0d-4fb9-b535-af7bb5197943,scipy_LMC001_56f8cd5d,1.001709011150524,7.063735418024268e-08,7.051684011418782e-08,0.8,0.0,10.0,1.1139092625429234e-07,0.0,1.3915315031125728e-06,1.5029224293668652e-06,Canada,CAN,,gcp,northamerica-northeast2,Linux-6.8.0-1032-gcp-x86_64-with-glibc2.35,3.12.11,3.0.4,2,Intel(R) Xeon(R) CPU @ 2.60GHz,,,,,15.61648178100586,machine,Y,1.0
2025-07-28T07:04:32,scipy-benchmark,53b597d7-a6ca-4040-9d0e-6fe128207d64,scipy_LMC001_56f8cd5d,1.001607459038496,7.06211734787147e-08,7.050783502202379e-08,0.8,0.0,10.0,1.1136496201571501e-07,0.0,1.3912131971058745e-06,1.5025781591215891e-06,Canada,CAN,,gcp,northamerica-northeast2,Linux-6.8.0-1032-gcp-x86_64-with-glibc2.35,3.12.11,3.0.4,2,Intel(R) Xeon(R) CPU @ 2.60GHz,,,,,15.61648178100586,machine,Y,1.0
2025-07-28T07:04:34,scipy-benchmark,469f7d53-ccbe-4e5e-b2f9-a57cddb7c8e7,scipy_LMC001_56f8cd5d,1.001660690875724,7.062537220653355e-08,7.050827974969023e-08,0.8,0.0,10.0,1.1136897198028037e-07,0.0,1.3912985217757523e-06,1.5026674937560328e-06,Canada,CAN,,gcp,northamerica-northeast2,Linux-6.8.0-1032-gcp-x86_64-with-glibc2.35,3.12.11,3.0.4,2,Intel(R) Xeon(R) CPU @ 2.60GHz,,,,,15.61648178100586,machine,Y,1.0
2025-07-28T07:04:36,scipy-benchmark,085ebbd2-2e92-47ed-9862-9b64ffc35528,scipy_LMC001_56f8cd5d,1.0016760248690844,7.062370419538478e-08,7.050553516504007e-08,0.8,0.0,10.0,1.11369737993098e-07,0.0,1.3912622661640248e-06,1.5026320041571228e-06,Canada,CAN,,gcp,northamerica-northeast2,Linux-6.8.0-1032-gcp-x86_64-with-glibc2.35,3.12.11,3.0.4,2,Intel(R) Xeon(R) CPU @ 2.60GHz,,,,,15.61648178100586,machine,Y,1.0
2025-07-28T07:04:38,scipy-benchmark,e38e959f-933c-4789-80ca-b764cf4408c0,scipy_LMC001_56f8cd5d,1.0017225230112672,7.063624871553232e-08,7.051478537508917e-08,0.8,0.0,10.0,1.1139562803631029e-07,0.0,1.3915032808048028e-06,1.5028989088411131e-06,Canada,CAN,,gcp,northamerica-northeast2,Linux-6.8.0-1032-gcp-x86_64-with-glibc2.35,3.12.11,3.0.4,2,Intel(R) Xeon(R) CPU @ 2.60GHz,,,,,15.61648178100586,machine,Y,1.0
2025-07-28T07:04:40,scipy-benchmark,e0c359a0-8fce-47ae-b812-c3d1ba2e7c8a,scipy_LMC001_56f8cd5d,1.0016784220933914,7.06241681717802e-08,7.050582962961695e-08,0.8,0.0,10.0,1.1137642845925357e-07,0.0,1.3912654475360694e-06,1.502641875995323e-06,Canada,CAN,,gcp,northamerica-northeast2,Linux-6.8.0-1032-gcp-x86_64-with-glibc2.35,3.12.11,3.0.4,2,Intel(R) Xeon(R) CPU @ 2.60GHz,,,,,15.61648178100586,machine,Y,1.0
2025-07-28T07:04:42,scipy-benchmark,8841f890-e03d-4e55-b33f-dec8eead3d29,scipy_LMC001_56f8cd5d,1.001704630907625,7.062935779310969e-08,7.050916569000368e-08,0.8,0.0,10.0,1.1137768264032073e-07,0.0,1.3913746108300984e-06,1.5027522934704191e-06,Canada,CAN,,gcp,northamerica-northeast2,Linux-6.8.0-1032-gcp-x86_64-with-glibc2.35,3.12.11,3.0.4,2,Intel(R) Xeon(R) CPU @ 2.60GHz,,,,,15.61648178100586,machine,Y,1.0
2025-07-28T07:04:45,scipy-benchmark,799e03dd-282c-4660-8305-4e00b8e4ccf2,scipy_LMC001_56f8cd5d,1.0016783610917628,7.062605195050129e-08,7.05077145457386e-08,0.8,0.0,10.0,1.1137580359354617e-07,0.0,1.391306152800098e-06,1.5026819563936442e-06,Canada,CAN,,gcp,northamerica-northeast2,Linux-6.8.0-1032-gcp-x86_64-with-glibc2.35,3.12.11,3.0.4,2,Intel(R) Xeon(R) CPU @ 2.60GHz,,,,,15.61648178100586,machine,Y,1.0
2025-07-28T07:04:47,scipy-benchmark,0190d47e-d838-49da-8b7e-43db61dbb498,scipy_LMC001_56f8cd5d,1.0016458327881992,7.062566894409248e-08,7.05096218964917e-08,0.8,0.0,10.0,1.1137215461995869e-07,0.0,1.3913016527011578e-06,1.5026738073211163e-06,Canada,CAN,,gcp,northamerica-northeast2,Linux-6.8.0-1032-gcp-x86_64-with-glibc2.35,3.12.11,3.0.4,2,Intel(R) Xeon(R) CPU @ 2.60GHz,,,,,15.61648178100586,machine,Y,1.0
2025-07-28T07:04:49,scipy-benchmark,0cf33325-f297-40a3-9437-19df8bef41ea,scipy_LMC001_56f8cd5d,1.0016879139002413,7.062841393435596e-08,7.050940013776573e-08,0.8000072,0.0,10.0,1.1138399512639429e-07,0.0,1.391348216242881e-06,1.5027322113692755e-06,Canada,CAN,,gcp,northamerica-northeast2,Linux-6.8.0-1032-gcp-x86_64-with-glibc2.35,3.12.11,3.0.4,2,Intel(R) Xeon(R) CPU @ 2.60GHz,,,,,15.61648178100586,machine,Y,1.0
2025-07-28T07:04:51,scipy-benchmark,6cfdfeac-957c-4c19-9bfc-77ed0a4df719,scipy_LMC001_56f8cd5d,1.0017339349724352,7.062849632172017e-08,7.05062430810669e-08,0.8,0.0,10.0,1.113813475498723e-07,0.0,1.3913526167420464e-06,1.5027339642919189e-06,Canada,CAN,,gcp,northamerica-northeast2,Linux-6.8.0-1032-gcp-x86_64-with-glibc2.35,3.12.11,3.0.4,2,Intel(R) Xeon(R) CPU @ 2.60GHz,,,,,15.61648178100586,machine,Y,1.0
2025-07-28T07:04:53,scipy-benchmark,c4812df6-b56f-4ec3-ba88-b764992dd3e1,scipy_LMC001_56f8cd5d,1.0018327380530536,7.065577110906859e-08,7.052651448222777e-08,0.8,0.0,10.0,1.1141936532739136e-07,0.0,1.391894913588961e-06,1.5033142789163524e-06,Canada,CAN,,gcp,northamerica-northeast2,Linux-6.8.0-1032-gcp-x86_64-with-glibc2.35,3.12.11,3.0.4,2,Intel(R) Xeon(R) CPU @ 2.60GHz,,,,,15.61648178100586,machine,Y,1.0
2025-07-28T07:04:55,scipy-benchmark,3f95ac2c-d0ee-472f-9121-2e04d37ab37b,scipy_LMC001_56f8cd5d,1.0016557390335947,7.062939874887737e-08,7.05126482048824e-08,0.8000072,0.0,10.0,1.1137650060270597e-07,0.0,1.3913766642670252e-06,1.502753164869731e-06,Canada,CAN,,gcp,northamerica-northeast2,Linux-6.8.0-1032-gcp-x86_64-with-glibc2.35,3.12.11,3.0.4,2,Intel(R) Xeon(R) CPU @ 2.60GHz,,,,,15.61648178100586,machine,Y,1.0
2025-07-28T07:04:57,scipy-benchmark,ab54069c-c00c-40c2-9105-94ed4b5827af,scipy_LMC001_56f8cd5d,1.0016617018263787,7.06265340972071e-08,7.050936855070957e-08,0.8,0.0,10.0,1.1137300088173816e-07,0.0,1.3913192139524551e-06,1.5026922148341934e-06,Canada,CAN,,gcp,northamerica-northeast2,Linux-6.8.0-1032-gcp-x86_64-with-glibc2.35,3.12.11,3.0.4,2,Intel(R) Xeon(R) CPU @ 2.60GHz,,,,,15.61648178100586,machine,Y,1.0
2025-07-28T07:05:00,scipy-benchmark,ca02f9c4-53ed-46a0-8408-936030b7df81,scipy_LMC001_56f8cd5d,1.0017000171355903,7.063332425125151e-08,7.05134501776599e-08,0.8,0.0,10.0,1.1138020823192269e-07,0.0,1.391456477964918e-06,1.5028366861968406e-06,Canada,CAN,,gcp,northamerica-northeast2,Linux-6.8.0-1032-gcp-x86_64-with-glibc2.35,3.12.11,3.0.4,2,Intel(R) Xeon(R) CPU @ 2.60GHz,,,,,15.61648178100586,machine,Y,1.0
2025-07-28T07:05:02,scipy-benchmark,f8fc5019-9488-4dfd-8820-2cfc2524b69e,scipy_LMC001_56f8cd5d,1.0016579618677497,7.061887176340034e-08,7.050198216536937e-08,0.8,0.0,10.0,1.113619617600408e-07,0.0,1.3911672246952851e-06,1.502529186455326e-06,Canada,CAN,,gcp,northamerica-northeast2,Linux-6.8.0-1032-gcp-x86_64-with-glibc2.35,3.12.11,3.0.4,2,Intel(R) Xeon(R) CPU @ 2.60GHz,,,,,15.61648178100586,machine,Y,1.0
2025-07-28T07:05:04,scipy-benchmark,b87ffb62-ba8a-489d-88d2-143a3522e141,scipy_LMC001_56f8cd5d,1.00167123391293,7.062726112483587e-08,7.050942338529322e-08,0.8,0.0,10.0,1.1137381997994257e-07,0.0,1.3913338635272035e-06,1.502707683507146e-06,Canada,CAN,,gcp,northamerica-northeast2,Linux-6.8.0-1032-gcp-x86_64-with-glibc2.35,3.12.11,3.0.4,2,Intel(R) Xeon(R) CPU @ 2.60GHz,,,,,15.61648178100586,machine,Y,1.0
2025-07-28T07:05:06,scipy-benchmark,831a6b5d-aee2-41ed-8804-96c95c1fbb0b,scipy_LMC001_56f8cd5d,1.0016284838784486,7.062209809874184e-08,7.050727813298899e-08,0.8,0.0,10.0,1.1136827907628485e-07,0.0,1.3912295528118395e-06,1.5025978318881243e-06,Canada,CAN,,gcp,northamerica-northeast2,Linux-6.8.0-1032-gcp-x86_64-with-glibc2.35,3.12.11,3.0.4,2,Intel(R) Xeon(R) CPU @ 2.60GHz,,,,,15.61648178100586,machine,Y,1.0
2025-07-28T07:05:08,scipy-benchmark,03cf3c45-7dac-4752-80f1-3c136a380bde,scipy_LMC001_56f8cd5d,1.0016587360296398,7.062017588441572e-08,7.05032296372105e-08,0.8,0.0,10.0,1.113633862179187e-07,0.0,1.391193547493054e-06,1.5025569337109727e-06,Canada,CAN,,gcp,northamerica-northeast2,Linux-6.8.0-1032-gcp-x86_64-with-glibc2.35,3.12.11,3.0.4,2,Intel(R) Xeon(R) CPU @ 2.60GHz,,,,,15.61648178100586,machine,Y,1.0
2025-07-28T07:05:10,scipy-benchmark,7a74115a-a3b3-4142-92f6-eefa79262295,scipy_LMC001_56f8cd5d,1.0016626759897918,7.062216923944655e-08,7.050494236461524e-08,0.8,0.0,10.0,1.1136714555323125e-07,0.0,1.3912321999669075e-06,1.502599345520139e-06,Canada,CAN,,gcp,northamerica-northeast2,Linux-6.8.0-1032-gcp-x86_64-with-glibc2.35,3.12.11,3.0.4,2,Intel(R) Xeon(R) CPU @ 2.60GHz,,,,,15.61648178100586,machine,Y,1.0
2025-07-28T07:05:13,scipy-benchmark,18386ad1-4cc6-4374-8aef-cbc4b27ded8f,scipy_LMC001_56f8cd5d,1.001660665962845,7.062770517395499e-08,7.051061060290732e-08,0.8,0.0,10.0,1.113849364531537e-07,0.0,1.3913321949075907e-06,1.5027171313607444e-06,Canada,CAN,,gcp,northamerica-northeast2,Linux-6.8.0-1032-gcp-x86_64-with-glibc2.35,3.12.11,3.0.4,2,Intel(R) Xeon(R) CPU @ 2.60GHz,,,,,15.61648178100586,machine,Y,1.0
