timestamp,project_name,run_id,experiment_id,duration,emissions,emissions_rate,cpu_power,gpu_power,ram_power,cpu_energy,gpu_energy,ram_energy,energy_consumed,country_name,country_iso_code,region,cloud_provider,cloud_region,os,python_version,codecarbon_version,cpu_count,cpu_model,gpu_count,gpu_model,longitude,latitude,ram_total_size,tracking_mode,on_cloud,pue
2025-08-06T17:50:01,django-benchmark,7754f224-0bfa-4fc2-8b48-3bbfbf12e18c,django_SCL001_871b0de2,1.0013096230104566,7.646790334191043e-08,7.63678901956502e-08,1.7000000000000002,0.0,10.0,2.3650282797946905e-07,0.0,1.3904738388696892e-06,1.6269766668491585e-06,Canada,CAN,,gcp,northamerica-northeast2,Linux-6.8.0-1032-gcp-x86_64-with-glibc2.35,3.12.11,3.0.4,2,Intel(R) Xeon(R) CPU @ 2.60GHz,,,,,15.61648178100586,machine,Y,1.0
2025-08-06T17:50:03,django-benchmark,79574ab8-f953-45bd-90e4-4aa4dfde4312,django_SCL001_871b0de2,1.001192667055875,7.681579757243816e-08,7.672429103813161e-08,1.7550872000000004,0.0,10.0,2.4410341608054217e-07,0.0,1.3902752556734617e-06,1.6343786717540035e-06,Canada,CAN,,gcp,northamerica-northeast2,Linux-6.8.0-1032-gcp-x86_64-with-glibc2.35,3.12.11,3.0.4,2,Intel(R) Xeon(R) CPU @ 2.60GHz,,,,,15.61648178100586,machine,Y,1.0
2025-08-06T17:50:18,django-benchmark,fd7114ad-5b07-4349-8986-d2e7a9e99224,django_SCL001_871b0de2,1.0013091380242258,7.646576900921193e-08,7.636579564238622e-08,1.7000000000000002,0.0,10.0,2.3649773838567653e-07,0.0,1.3904335171294709e-06,1.6269312555151477e-06,Canada,CAN,,gcp,northamerica-northeast2,Linux-6.8.0-1032-gcp-x86_64-with-glibc2.35,3.12.11,3.0.4,2,Intel(R) Xeon(R) CPU @ 2.60GHz,,,,,15.61648178100586,machine,Y,1.0
2025-08-06T17:50:20,django-benchmark,9aa64d0c-f363-445f-89ff-d5261acb6f05,django_SCL001_871b0de2,1.001413321821019,7.663258435371382e-08,7.652443070595605e-08,1.7272709000000002,0.0,10.0,2.4025604026703586e-07,0.0,1.3902244778970875e-06,1.6304805181641236e-06,Canada,CAN,,gcp,northamerica-northeast2,Linux-6.8.0-1032-gcp-x86_64-with-glibc2.35,3.12.11,3.0.4,2,Intel(R) Xeon(R) CPU @ 2.60GHz,,,,,15.61648178100586,machine,Y,1.0
2025-08-06T17:50:22,django-benchmark,2473f2a4-aef0-4578-a07e-8e75bf98944a,django_SCL001_871b0de2,1.003124010050669,1.1776921270001269e-07,1.1740244627786745e-07,8.0,0.0,10.0,1.114005357440975e-06,0.0,1.3917225723465285e-06,2.5057279297875035e-06,Canada,CAN,,gcp,northamerica-northeast2,Linux-6.8.0-1032-gcp-x86_64-with-glibc2.35,3.12.11,3.0.4,2,Intel(R) Xeon(R) CPU @ 2.60GHz,,,,,15.61648178100586,machine,Y,1.0
2025-08-06T17:50:25,django-benchmark,27a2814d-4f23-4250-a1e3-2612c844cb3b,django_SCL001_871b0de2,1.0011657590512186,7.663572045978134e-08,7.654648570123617e-08,1.7272709000000002,0.0,10.0,2.4024791928388586e-07,0.0,1.3902993245412491e-06,1.6305472438251349e-06,Canada,CAN,,gcp,northamerica-northeast2,Linux-6.8.0-1032-gcp-x86_64-with-glibc2.35,3.12.11,3.0.4,2,Intel(R) Xeon(R) CPU @ 2.60GHz,,,,,15.61648178100586,machine,Y,1.0
2025-08-06T17:50:27,django-benchmark,dd84b757-99ff-4238-a440-5ece24540ebf,django_SCL001_871b0de2,1.0030866349115968,7.689534297453467e-08,7.665872547620132e-08,1.7272709000000002,0.0,10.0,2.410798414844635e-07,0.0,1.3949912856332956e-06,1.636071127117759e-06,Canada,CAN,,gcp,northamerica-northeast2,Linux-6.8.0-1032-gcp-x86_64-with-glibc2.35,3.12.11,3.0.4,2,Intel(R) Xeon(R) CPU @ 2.60GHz,,,,,15.61648178100586,machine,Y,1.0
2025-08-06T17:50:29,django-benchmark,f0642d09-2c26-4225-8d10-c89231e2bb32,django_SCL001_871b0de2,1.0013827420771122,7.66343707477053e-08,7.652855149944658e-08,1.7272709000000002,0.0,10.0,2.402586014778409e-07,0.0,1.3902599250690805e-06,1.6305185265469213e-06,Canada,CAN,,gcp,northamerica-northeast2,Linux-6.8.0-1032-gcp-x86_64-with-glibc2.35,3.12.11,3.0.4,2,Intel(R) Xeon(R) CPU @ 2.60GHz,,,,,15.61648178100586,machine,Y,1.0
2025-08-06T17:50:31,django-benchmark,13331e63-c179-497d-8a91-9e877c2b7ca4,django_SCL001_871b0de2,1.0011870281305164,7.646041721749744e-08,7.636976415911963e-08,1.7000000000000002,0.0,10.0,2.364569624834177e-07,0.0,1.3903604251229102e-06,1.626817387606328e-06,Canada,CAN,,gcp,northamerica-northeast2,Linux-6.8.0-1032-gcp-x86_64-with-glibc2.35,3.12.11,3.0.4,2,Intel(R) Xeon(R) CPU @ 2.60GHz,,,,,15.61648178100586,machine,Y,1.0
2025-08-06T17:50:33,django-benchmark,46e31619-018f-4525-b962-9f83b225cb50,django_SCL001_871b0de2,1.0011138611007482,7.644990296051968e-08,7.636484313228989e-08,1.7000000000000002,0.0,10.0,2.364339212718834e-07,0.0,1.3901597587391732e-06,1.6265936800110567e-06,Canada,CAN,,gcp,northamerica-northeast2,Linux-6.8.0-1032-gcp-x86_64-with-glibc2.35,3.12.11,3.0.4,2,Intel(R) Xeon(R) CPU @ 2.60GHz,,,,,15.61648178100586,machine,Y,1.0
2025-08-06T17:50:36,django-benchmark,16a2f599-774c-4334-a248-100f93c27ec4,django_SCL001_871b0de2,1.001105149043724,7.645060590130098e-08,7.636620985750414e-08,1.7000000000000002,0.0,10.0,2.364374752246982e-07,0.0,1.3901711609731947e-06,1.626608636197893e-06,Canada,CAN,,gcp,northamerica-northeast2,Linux-6.8.0-1032-gcp-x86_64-with-glibc2.35,3.12.11,3.0.4,2,Intel(R) Xeon(R) CPU @ 2.60GHz,,,,,15.61648178100586,machine,Y,1.0
2025-08-06T17:50:38,django-benchmark,7d434f2c-9c16-4c80-b03b-a255d26759a4,django_SCL001_871b0de2,1.0011169631034136,7.64520197044088e-08,7.63667208948406e-08,1.7000000000000002,0.0,10.0,2.364296170352545e-07,0.0,1.3902091000798263e-06,1.6266387171150808e-06,Canada,CAN,,gcp,northamerica-northeast2,Linux-6.8.0-1032-gcp-x86_64-with-glibc2.35,3.12.11,3.0.4,2,Intel(R) Xeon(R) CPU @ 2.60GHz,,,,,15.61648178100586,machine,Y,1.0
2025-08-06T17:50:40,django-benchmark,d9e352a3-ef79-45e5-a43e-48df81b7bf75,django_SCL001_871b0de2,1.001332367071882,7.681394747390029e-08,7.671173927845889e-08,1.7550872000000004,0.0,10.0,2.441200577529392e-07,0.0,1.390219250202386e-06,1.6343393079553252e-06,Canada,CAN,,gcp,northamerica-northeast2,Linux-6.8.0-1032-gcp-x86_64-with-glibc2.35,3.12.11,3.0.4,2,Intel(R) Xeon(R) CPU @ 2.60GHz,,,,,15.61648178100586,machine,Y,1.0
2025-08-06T17:50:42,django-benchmark,b5eebd4b-e9ec-457d-ba5f-ec500cd02385,django_SCL001_871b0de2,1.0014297519810498,7.645871444942895e-08,7.63495535240257e-08,1.7000000000000002,0.0,10.0,2.3649034197700935e-07,0.0,1.390290816521479e-06,1.6267811584984885e-06,Canada,CAN,,gcp,northamerica-northeast2,Linux-6.8.0-1032-gcp-x86_64-with-glibc2.35,3.12.11,3.0.4,2,Intel(R) Xeon(R) CPU @ 2.60GHz,,,,,15.61648178100586,machine,Y,1.0
2025-08-06T17:50:44,django-benchmark,7822910d-4eb0-4408-95c2-d99e25773454,django_SCL001_871b0de2,1.0011609981302172,7.663182426419875e-08,7.654295803304109e-08,1.7272709000000002,0.0,10.0,2.4022890441338545e-07,0.0,1.3902354416333966e-06,1.630464346046782e-06,Canada,CAN,,gcp,northamerica-northeast2,Linux-6.8.0-1032-gcp-x86_64-with-glibc2.35,3.12.11,3.0.4,2,Intel(R) Xeon(R) CPU @ 2.60GHz,,,,,15.61648178100586,machine,Y,1.0
2025-08-06T17:50:46,django-benchmark,16affa69-60e2-46ad-9a90-d95e5389ff37,django_SCL001_871b0de2,1.001234733965248,7.820235454946135e-08,7.810591452391193e-08,1.9655261,0.0,10.0,2.734153506261281e-07,0.0,1.3904645334049644e-06,1.6638798840310926e-06,Canada,CAN,,gcp,northamerica-northeast2,Linux-6.8.0-1032-gcp-x86_64-with-glibc2.35,3.12.11,3.0.4,2,Intel(R) Xeon(R) CPU @ 2.60GHz,,,,,15.61648178100586,machine,Y,1.0
2025-08-06T17:50:48,django-benchmark,9c8af3f8-14a5-4efe-8c82-2c420c71fed5,django_SCL001_871b0de2,1.0011888509616256,7.681422227013499e-08,7.672301004586318e-08,1.7550872000000004,0.0,10.0,2.4409916000140294e-07,0.0,1.3902459946823204e-06,1.6343451546837234e-06,Canada,CAN,,gcp,northamerica-northeast2,Linux-6.8.0-1032-gcp-x86_64-with-glibc2.35,3.12.11,3.0.4,2,Intel(R) Xeon(R) CPU @ 2.60GHz,,,,,15.61648178100586,machine,Y,1.0
2025-08-06T17:50:51,django-benchmark,9217cea5-28ba-4802-9f36-47cd85526d45,django_SCL001_871b0de2,1.001118296990171,7.680987844810358e-08,7.672407814244325e-08,1.7550872000000004,0.0,10.0,2.440905941526209e-07,0.0,1.390162138785753e-06,1.6342527329383738e-06,Canada,CAN,,gcp,northamerica-northeast2,Linux-6.8.0-1032-gcp-x86_64-with-glibc2.35,3.12.11,3.0.4,2,Intel(R) Xeon(R) CPU @ 2.60GHz,,,,,15.61648178100586,machine,Y,1.0
2025-08-06T17:50:53,django-benchmark,f838802c-419b-4f95-93cb-3024feb4fffe,django_SCL001_871b0de2,1.001330299070105,7.627671908880455e-08,7.617538304757148e-08,1.6732691000000002,0.0,10.0,2.3274350866703442e-07,0.0,1.3901654081160411e-06,1.6229089167830755e-06,Canada,CAN,,gcp,northamerica-northeast2,Linux-6.8.0-1032-gcp-x86_64-with-glibc2.35,3.12.11,3.0.4,2,Intel(R) Xeon(R) CPU @ 2.60GHz,,,,,15.61648178100586,machine,Y,1.0
2025-08-06T17:50:55,django-benchmark,05f26eec-9db4-4b4a-aa95-64d5358dc78d,django_SCL001_871b0de2,1.0013467560056597,7.663648177491096e-08,7.653340994543336e-08,1.7272709000000002,0.0,10.0,2.402629475041486e-07,0.0,1.3903004945152336e-06,1.630563442019382e-06,Canada,CAN,,gcp,northamerica-northeast2,Linux-6.8.0-1032-gcp-x86_64-with-glibc2.35,3.12.11,3.0.4,2,Intel(R) Xeon(R) CPU @ 2.60GHz,,,,,15.61648178100586,machine,Y,1.0
2025-08-06T17:50:57,django-benchmark,7871b489-4a48-420c-9397-43213adf5da4,django_SCL001_871b0de2,1.001344962976873,7.646612721747563e-08,7.63634212431163e-08,1.7000000000000002,0.0,10.0,2.365304434594388e-07,0.0,1.390408433508128e-06,1.6269388769675666e-06,Canada,CAN,,gcp,northamerica-northeast2,Linux-6.8.0-1032-gcp-x86_64-with-glibc2.35,3.12.11,3.0.4,2,Intel(R) Xeon(R) CPU @ 2.60GHz,,,,,15.61648178100586,machine,Y,1.0
2025-08-06T17:50:59,django-benchmark,8dfd4a30-ae84-4408-ad5f-b564cc3fea56,django_SCL001_871b0de2,1.0010988619178534,7.645231434151193e-08,7.63683960193987e-08,1.7000000000000002,0.0,10.0,2.364299862399801e-07,0.0,1.3902149997496355e-06,1.6266449859896155e-06,Canada,CAN,,gcp,northamerica-northeast2,Linux-6.8.0-1032-gcp-x86_64-with-glibc2.35,3.12.11,3.0.4,2,Intel(R) Xeon(R) CPU @ 2.60GHz,,,,,15.61648178100586,machine,Y,1.0
2025-08-06T17:51:01,django-benchmark,abcc6aeb-8cf0-40f8-bf7c-348c0c536ac2,django_SCL001_871b0de2,1.0010729089844972,7.662911573526205e-08,7.654698778433204e-08,1.7272709000000002,0.0,10.0,2.4021599837751936e-07,0.0,1.3901907193940134e-06,1.6304067177715329e-06,Canada,CAN,,gcp,northamerica-northeast2,Linux-6.8.0-1032-gcp-x86_64-with-glibc2.35,3.12.11,3.0.4,2,Intel(R) Xeon(R) CPU @ 2.60GHz,,,,,15.61648178100586,machine,Y,1.0
2025-08-06T17:51:04,django-benchmark,fee99d98-823f-4d5e-8874-5e5e6a87658b,django_SCL001_871b0de2,1.001165194902569,7.645594110549429e-08,7.636695871447547e-08,1.7000000000000002,0.0,10.0,2.3645141759576897e-07,0.0,1.3902707335849602e-06,1.6267221511807291e-06,Canada,CAN,,gcp,northamerica-northeast2,Linux-6.8.0-1032-gcp-x86_64-with-glibc2.35,3.12.11,3.0.4,2,Intel(R) Xeon(R) CPU @ 2.60GHz,,,,,15.61648178100586,machine,Y,1.0
2025-08-06T17:51:06,django-benchmark,96d8d20a-95f0-4cd3-a69f-b1f39c443967,django_SCL001_871b0de2,1.0013317300472409,7.66328647590037e-08,7.653094619840753e-08,1.7272709000000002,0.0,10.0,2.402594257973999e-07,0.0,1.3902270584367214e-06,1.6304864842341214e-06,Canada,CAN,,gcp,northamerica-northeast2,Linux-6.8.0-1032-gcp-x86_64-with-glibc2.35,3.12.11,3.0.4,2,Intel(R) Xeon(R) CPU @ 2.60GHz,,,,,15.61648178100586,machine,Y,1.0
2025-08-06T17:51:08,django-benchmark,2034c471-9627-4a9f-a58f-a1e2aef4d91f,django_SCL001_871b0de2,1.0014323710929602,7.64652881808385e-08,7.63559181708741e-08,1.7000000000000002,0.0,10.0,2.3649867481112281e-07,0.0,1.3904223503131009e-06,1.6269210251242235e-06,Canada,CAN,,gcp,northamerica-northeast2,Linux-6.8.0-1032-gcp-x86_64-with-glibc2.35,3.12.11,3.0.4,2,Intel(R) Xeon(R) CPU @ 2.60GHz,,,,,15.61648178100586,machine,Y,1.0
2025-08-06T17:51:10,django-benchmark,0d3240b2-6080-4ff8-8d3a-7c5fd849b127,django_SCL001_871b0de2,1.0011547771282494,7.645150398141578e-08,7.636332136446694e-08,1.7000000000000002,0.0,10.0,2.364305496125275e-07,0.0,1.390197194672914e-06,1.6266277442854415e-06,Canada,CAN,,gcp,northamerica-northeast2,Linux-6.8.0-1032-gcp-x86_64-with-glibc2.35,3.12.11,3.0.4,2,Intel(R) Xeon(R) CPU @ 2.60GHz,,,,,15.61648178100586,machine,Y,1.0
2025-08-06T17:51:12,django-benchmark,44e34d08-9ca3-443c-9001-7d30cf01d5ed,django_SCL001_871b0de2,1.001187136862427,7.645521675799845e-08,7.636456157197328e-08,1.7000000000000002,0.0,10.0,2.364507092020682e-07,0.0,1.3902560303298137e-06,1.626706739531882e-06,Canada,CAN,,gcp,northamerica-northeast2,Linux-6.8.0-1032-gcp-x86_64-with-glibc2.35,3.12.11,3.0.4,2,Intel(R) Xeon(R) CPU @ 2.60GHz,,,,,15.61648178100586,machine,Y,1.0
2025-08-06T17:51:14,django-benchmark,007d2921-f405-47d7-b1c8-298a3ad053ca,django_SCL001_871b0de2,1.0010962050873786,7.66290629108851e-08,7.65451537239587e-08,1.7272709000000002,0.0,10.0,2.402248991073183e-07,0.0,1.3901806947413005e-06,1.6304055938486188e-06,Canada,CAN,,gcp,northamerica-northeast2,Linux-6.8.0-1032-gcp-x86_64-with-glibc2.35,3.12.11,3.0.4,2,Intel(R) Xeon(R) CPU @ 2.60GHz,,,,,15.61648178100586,machine,Y,1.0
2025-08-06T17:51:16,django-benchmark,547eebda-0877-4e8a-9d06-ee167331b4cb,django_SCL001_871b0de2,1.0011412960011512,7.681421428152283e-08,7.67266464667286e-08,1.7550872000000004,0.0,10.0,2.441015181836704e-07,0.0,1.3902434665295813e-06,1.6343449847132516e-06,Canada,CAN,,gcp,northamerica-northeast2,Linux-6.8.0-1032-gcp-x86_64-with-glibc2.35,3.12.11,3.0.4,2,Intel(R) Xeon(R) CPU @ 2.60GHz,,,,,15.61648178100586,machine,Y,1.0
2025-08-06T17:51:19,django-benchmark,483ec8c6-50c9-4d8a-822a-88e90ae17ef0,django_SCL001_871b0de2,1.0013707040343434,7.663350129010939e-08,7.652860322492634e-08,1.7272709000000002,0.0,10.0,2.402563326161734e-07,0.0,1.3902436948329624e-06,1.630500027449136e-06,Canada,CAN,,gcp,northamerica-northeast2,Linux-6.8.0-1032-gcp-x86_64-with-glibc2.35,3.12.11,3.0.4,2,Intel(R) Xeon(R) CPU @ 2.60GHz,,,,,15.61648178100586,machine,Y,1.0
2025-08-06T17:51:21,django-benchmark,1141a4b3-c586-47ec-9247-f2f30b7b6794,django_SCL001_871b0de2,1.0014922788832337,7.646446494747135e-08,7.635052866581962e-08,1.7000000000000002,0.0,10.0,2.3648957926909337e-07,0.0,1.3904139302515736e-06,1.626903509520667e-06,Canada,CAN,,gcp,northamerica-northeast2,Linux-6.8.0-1032-gcp-x86_64-with-glibc2.35,3.12.11,3.0.4,2,Intel(R) Xeon(R) CPU @ 2.60GHz,,,,,15.61648178100586,machine,Y,1.0
2025-08-06T17:51:23,django-benchmark,a911680d-d39b-42ef-864b-bc333780145c,django_SCL001_871b0de2,1.001157138030976,7.662908664852978e-08,7.65405187034274e-08,1.7272709000000002,0.0,10.0,2.402230849116768e-07,0.0,1.390183013993212e-06,1.6304060989048889e-06,Canada,CAN,,gcp,northamerica-northeast2,Linux-6.8.0-1032-gcp-x86_64-with-glibc2.35,3.12.11,3.0.4,2,Intel(R) Xeon(R) CPU @ 2.60GHz,,,,,15.61648178100586,machine,Y,1.0
2025-08-06T17:51:25,django-benchmark,76a914eb-857a-4f44-89e3-15adcb4dd9d3,django_SCL001_871b0de2,1.0012735771015286,7.645756025140872e-08,7.636030950975148e-08,1.7000000000000002,0.0,10.0,2.364499844261445e-07,0.0,1.3903066166676582e-06,1.6267566010938026e-06,Canada,CAN,,gcp,northamerica-northeast2,Linux-6.8.0-1032-gcp-x86_64-with-glibc2.35,3.12.11,3.0.4,2,Intel(R) Xeon(R) CPU @ 2.60GHz,,,,,15.61648178100586,machine,Y,1.0
2025-08-06T17:51:27,django-benchmark,f1b66bac-cd27-41ed-8e66-d0dcadbe02b6,django_SCL001_871b0de2,1.0011414540931582,7.66331423551116e-08,7.654576887391652e-08,1.7272709000000002,0.0,10.0,2.4023332629183855e-07,0.0,1.390259064242451e-06,1.6304923905342891e-06,Canada,CAN,,gcp,northamerica-northeast2,Linux-6.8.0-1032-gcp-x86_64-with-glibc2.35,3.12.11,3.0.4,2,Intel(R) Xeon(R) CPU @ 2.60GHz,,,,,15.61648178100586,machine,Y,1.0
2025-08-06T17:51:29,django-benchmark,d9c0b70c-29e3-4e09-81fb-df4c3d60d28e,django_SCL001_871b0de2,1.0012451549991963,7.662928265532323e-08,7.653398598007171e-08,1.7272709000000002,0.0,10.0,2.402213581861822e-07,0.0,1.3901889110760142e-06,1.6304102692621965e-06,Canada,CAN,,gcp,northamerica-northeast2,Linux-6.8.0-1032-gcp-x86_64-with-glibc2.35,3.12.11,3.0.4,2,Intel(R) Xeon(R) CPU @ 2.60GHz,,,,,15.61648178100586,machine,Y,1.0
2025-08-06T17:51:32,django-benchmark,940caec8-8f45-4181-a089-1e4cbf9160fb,django_SCL001_871b0de2,1.0012988480739295,7.644811145108218e-08,7.634894576992239e-08,1.7000000000000002,0.0,10.0,2.364432316519217e-07,0.0,1.3901123311370611e-06,1.6265555627889828e-06,Canada,CAN,,gcp,northamerica-northeast2,Linux-6.8.0-1032-gcp-x86_64-with-glibc2.35,3.12.11,3.0.4,2,Intel(R) Xeon(R) CPU @ 2.60GHz,,,,,15.61648178100586,machine,Y,1.0
2025-08-06T17:51:34,django-benchmark,bb98d1fb-0e7f-4025-a328-402287515fb7,django_SCL001_871b0de2,1.0014901580289006,7.646583934438725e-08,7.63520627051241e-08,1.7000000000000002,0.0,10.0,2.365002075934576e-07,0.0,1.3904325444147818e-06,1.6269327520082394e-06,Canada,CAN,,gcp,northamerica-northeast2,Linux-6.8.0-1032-gcp-x86_64-with-glibc2.35,3.12.11,3.0.4,2,Intel(R) Xeon(R) CPU @ 2.60GHz,,,,,15.61648178100586,machine,Y,1.0
2025-08-06T17:51:36,django-benchmark,57cb2448-e94a-4308-8388-6b052ef738e2,django_SCL001_871b0de2,1.001148312818259,7.663170799163983e-08,7.654381175144724e-08,1.7272709000000002,0.0,10.0,2.40228761422596e-07,0.0,1.3902331107399532e-06,1.6304618721625493e-06,Canada,CAN,,gcp,northamerica-northeast2,Linux-6.8.0-1032-gcp-x86_64-with-glibc2.35,3.12.11,3.0.4,2,Intel(R) Xeon(R) CPU @ 2.60GHz,,,,,15.61648178100586,machine,Y,1.0
2025-08-06T17:51:38,django-benchmark,ae068c1c-5015-4d2a-8787-e1d9444902cd,django_SCL001_871b0de2,1.0012085719499737,7.645691686751606e-08,7.636462472410424e-08,1.7000000000000002,0.0,10.0,2.3645903972727765e-07,0.0,1.390283872347532e-06,1.6267429120748098e-06,Canada,CAN,,gcp,northamerica-northeast2,Linux-6.8.0-1032-gcp-x86_64-with-glibc2.35,3.12.11,3.0.4,2,Intel(R) Xeon(R) CPU @ 2.60GHz,,,,,15.61648178100586,machine,Y,1.0
2025-08-06T17:51:40,django-benchmark,fa3667d9-10be-4e80-b06e-6d8fd74fecd8,django_SCL001_871b0de2,1.0011723930947485,7.645594152193776e-08,7.636641007010087e-08,1.7000000000000002,0.0,10.0,2.364469768039676e-07,0.0,1.3902751832372613e-06,1.6267221600412289e-06,Canada,CAN,,gcp,northamerica-northeast2,Linux-6.8.0-1032-gcp-x86_64-with-glibc2.35,3.12.11,3.0.4,2,Intel(R) Xeon(R) CPU @ 2.60GHz,,,,,15.61648178100586,machine,Y,1.0
2025-08-06T17:51:42,django-benchmark,7134a365-bc03-43db-b974-70bb7befa3d9,django_SCL001_871b0de2,1.0012452518567443,7.663339915932826e-08,7.653808996069304e-08,1.7272709000000002,0.0,10.0,2.402595548242451e-07,0.0,1.3902382996295477e-06,1.6304978544537928e-06,Canada,CAN,,gcp,northamerica-northeast2,Linux-6.8.0-1032-gcp-x86_64-with-glibc2.35,3.12.11,3.0.4,2,Intel(R) Xeon(R) CPU @ 2.60GHz,,,,,15.61648178100586,machine,Y,1.0
2025-08-06T17:51:45,django-benchmark,b28aed75-5f82-433d-a062-5b15ad1e3946,django_SCL001_871b0de2,1.0013731841463596,7.645222879794247e-08,7.634738977269066e-08,1.7000000000000002,0.0,10.0,2.364665159580505e-07,0.0,1.3901766499556187e-06,1.6266431659136692e-06,Canada,CAN,,gcp,northamerica-northeast2,Linux-6.8.0-1032-gcp-x86_64-with-glibc2.35,3.12.11,3.0.4,2,Intel(R) Xeon(R) CPU @ 2.60GHz,,,,,15.61648178100586,machine,Y,1.0
2025-08-06T17:51:47,django-benchmark,9f043efb-c46b-40e9-a784-9cdfea6079a1,django_SCL001_871b0de2,1.001537244068459,7.682253470673028e-08,7.670462098310062e-08,1.7550872000000004,0.0,10.0,2.441456927549567e-07,0.0,1.3903763222818571e-06,1.634522015036814e-06,Canada,CAN,,gcp,northamerica-northeast2,Linux-6.8.0-1032-gcp-x86_64-with-glibc2.35,3.12.11,3.0.4,2,Intel(R) Xeon(R) CPU @ 2.60GHz,,,,,15.61648178100586,machine,Y,1.0
2025-08-06T17:51:49,django-benchmark,77885c66-8109-4bb9-b841-e1342f541369,django_SCL001_871b0de2,1.0011716759763658,7.645998531180926e-08,7.6370503827172e-08,1.7000000000000002,0.0,10.0,2.364569898604209e-07,0.0,1.3903512082631802e-06,1.626808198123601e-06,Canada,CAN,,gcp,northamerica-northeast2,Linux-6.8.0-1032-gcp-x86_64-with-glibc2.35,3.12.11,3.0.4,2,Intel(R) Xeon(R) CPU @ 2.60GHz,,,,,15.61648178100586,machine,Y,1.0
2025-08-06T17:51:51,django-benchmark,9fe234f9-2c8d-469a-a8d6-0289c06bd4f5,django_SCL001_871b0de2,1.0013396069407463,7.70066551941926e-08,7.690363455157869e-08,1.7834543000000005,0.0,10.0,2.480907306650025e-07,0.0,1.3903487415518614e-06,1.6384394722168638e-06,Canada,CAN,,gcp,northamerica-northeast2,Linux-6.8.0-1032-gcp-x86_64-with-glibc2.35,3.12.11,3.0.4,2,Intel(R) Xeon(R) CPU @ 2.60GHz,,,,,15.61648178100586,machine,Y,1.0
2025-08-06T17:51:53,django-benchmark,d7daad3e-9f08-49a6-913a-48414c72e84e,django_SCL001_871b0de2,1.0013840168248862,7.64580806020919e-08,7.635240758537318e-08,1.7000000000000002,0.0,10.0,2.364701477539105e-07,0.0,1.3902975246310234e-06,1.626767672384934e-06,Canada,CAN,,gcp,northamerica-northeast2,Linux-6.8.0-1032-gcp-x86_64-with-glibc2.35,3.12.11,3.0.4,2,Intel(R) Xeon(R) CPU @ 2.60GHz,,,,,15.61648178100586,machine,Y,1.0
2025-08-06T17:51:56,django-benchmark,0c3b6038-3b82-4a2b-83d6-049027af3aaf,django_SCL001_871b0de2,1.0011980100534856,7.663880279426586e-08,7.654709860057721e-08,1.7272709000000002,0.0,10.0,2.4025253933863625e-07,0.0,1.3903602860712757e-06,1.630612825409912e-06,Canada,CAN,,gcp,northamerica-northeast2,Linux-6.8.0-1032-gcp-x86_64-with-glibc2.35,3.12.11,3.0.4,2,Intel(R) Xeon(R) CPU @ 2.60GHz,,,,,15.61648178100586,machine,Y,1.0
2025-08-06T17:51:58,django-benchmark,6a49b6f5-67b0-4550-a955-0dc5ecad41b4,django_SCL001_871b0de2,1.0013429769314826,7.662743084678585e-08,7.65246599937247e-08,1.7272709000000002,0.0,10.0,2.402195161743637e-07,0.0,1.3901513529061857e-06,1.6303708690805494e-06,Canada,CAN,,gcp,northamerica-northeast2,Linux-6.8.0-1032-gcp-x86_64-with-glibc2.35,3.12.11,3.0.4,2,Intel(R) Xeon(R) CPU @ 2.60GHz,,,,,15.61648178100586,machine,Y,1.0
2025-08-06T17:52:00,django-benchmark,f459811b-5515-43c1-ad4f-6643c622ce8e,django_SCL001_871b0de2,1.001374783925712,7.663173885537063e-08,7.652653141009755e-08,1.7272709000000002,0.0,10.0,2.402522820669268e-07,0.0,1.390210246770746e-06,1.630462528837673e-06,Canada,CAN,,gcp,northamerica-northeast2,Linux-6.8.0-1032-gcp-x86_64-with-glibc2.35,3.12.11,3.0.4,2,Intel(R) Xeon(R) CPU @ 2.60GHz,,,,,15.61648178100586,machine,Y,1.0
2025-08-06T17:52:02,django-benchmark,b6ede6ce-1d17-4905-aa98-2de225f682a9,django_SCL001_871b0de2,1.0014797230251131,7.646729773156888e-08,7.635431449434485e-08,1.7000000000000002,0.0,10.0,2.3650549509329722e-07,0.0,1.3904582864294448e-06,1.626963781522742e-06,Canada,CAN,,gcp,northamerica-northeast2,Linux-6.8.0-1032-gcp-x86_64-with-glibc2.35,3.12.11,3.0.4,2,Intel(R) Xeon(R) CPU @ 2.60GHz,,,,,15.61648178100586,machine,Y,1.0
2025-08-06T17:52:04,django-benchmark,464399a5-5d06-4e87-add1-20bc0ce0b9a7,django_SCL001_871b0de2,1.0010686689056456,7.644880859326806e-08,7.636719734405517e-08,1.7000000000000002,0.0,10.0,2.3642034007934858e-07,0.0,1.390150055522099e-06,1.6265703956014477e-06,Canada,CAN,,gcp,northamerica-northeast2,Linux-6.8.0-1032-gcp-x86_64-with-glibc2.35,3.12.11,3.0.4,2,Intel(R) Xeon(R) CPU @ 2.60GHz,,,,,15.61648178100586,machine,Y,1.0
2025-08-06T17:52:06,django-benchmark,94af3dbc-73cf-4106-803e-2b7841764d44,django_SCL001_871b0de2,1.0011002600658685,7.680984073139549e-08,7.672542281263784e-08,1.7550872000000004,0.0,10.0,2.440941999296561e-07,0.0,1.3901577305255666e-06,1.634251930455223e-06,Canada,CAN,,gcp,northamerica-northeast2,Linux-6.8.0-1032-gcp-x86_64-with-glibc2.35,3.12.11,3.0.4,2,Intel(R) Xeon(R) CPU @ 2.60GHz,,,,,15.61648178100586,machine,Y,1.0
2025-08-06T17:52:09,django-benchmark,a6bfe510-3cd6-40d8-9a3e-88b89afb926d,django_SCL001_871b0de2,1.0013442758936435,7.64507920077627e-08,7.634815901807065e-08,1.7000000000000002,0.0,10.0,2.364477045484819e-07,0.0,1.3901648913613623e-06,1.6266125959098443e-06,Canada,CAN,,gcp,northamerica-northeast2,Linux-6.8.0-1032-gcp-x86_64-with-glibc2.35,3.12.11,3.0.4,2,Intel(R) Xeon(R) CPU @ 2.60GHz,,,,,15.61648178100586,machine,Y,1.0
2025-08-06T17:52:11,django-benchmark,519739bb-dacc-49f9-a7ab-221f7dc8eab0,django_SCL001_871b0de2,1.00132771092467,7.68110524000539e-08,7.670920475088339e-08,1.7550872000000004,0.0,10.0,2.44108796481961e-07,0.0,1.3901689141574837e-06,1.6342777106394444e-06,Canada,CAN,,gcp,northamerica-northeast2,Linux-6.8.0-1032-gcp-x86_64-with-glibc2.35,3.12.11,3.0.4,2,Intel(R) Xeon(R) CPU @ 2.60GHz,,,,,15.61648178100586,machine,Y,1.0
2025-08-06T17:52:13,django-benchmark,e281d935-617f-43ba-b35c-497d77ab073b,django_SCL001_871b0de2,1.001107077812776,7.644959247424656e-08,7.636505042125367e-08,1.7000000000000002,0.0,10.0,2.364330990822055e-07,0.0,1.390153974837934e-06,1.6265870739201391e-06,Canada,CAN,,gcp,northamerica-northeast2,Linux-6.8.0-1032-gcp-x86_64-with-glibc2.35,3.12.11,3.0.4,2,Intel(R) Xeon(R) CPU @ 2.60GHz,,,,,15.61648178100586,machine,Y,1.0
2025-08-06T17:52:15,django-benchmark,eb461d29-0bc9-4f59-ae64-1e162e13a087,django_SCL001_871b0de2,1.0011609718203545,7.663291593821454e-08,7.654405045262326e-08,1.7272709000000002,0.0,10.0,2.402417763772275e-07,0.0,1.3902457967762732e-06,1.6304875731535008e-06,Canada,CAN,,gcp,northamerica-northeast2,Linux-6.8.0-1032-gcp-x86_64-with-glibc2.35,3.12.11,3.0.4,2,Intel(R) Xeon(R) CPU @ 2.60GHz,,,,,15.61648178100586,machine,Y,1.0
2025-08-06T17:52:20,django-benchmark,b976d5ba-96d7-4b19-89a4-cc9401f1a7f0,django_SCL001_871b0de2,1.0013369319494814,7.663074729729178e-08,7.652843398884834e-08,1.7272709000000002,0.0,10.0,2.402483822165668e-07,0.0,1.3901930496407052e-06,1.630441431857272e-06,Canada,CAN,,gcp,northamerica-northeast2,Linux-6.8.0-1032-gcp-x86_64-with-glibc2.35,3.12.11,3.0.4,2,Intel(R) Xeon(R) CPU @ 2.60GHz,,,,,15.61648178100586,machine,Y,1.0
2025-08-06T17:52:22,django-benchmark,0a0ab086-804b-4175-b84b-70e5fc5967f7,django_SCL001_871b0de2,1.0014350260607898,7.681792195990269e-08,7.670784420440238e-08,1.7550872000000004,0.0,10.0,2.44143879650487e-07,0.0,1.3902799918368044e-06,1.6344238714872911e-06,Canada,CAN,,gcp,northamerica-northeast2,Linux-6.8.0-1032-gcp-x86_64-with-glibc2.35,3.12.11,3.0.4,2,Intel(R) Xeon(R) CPU @ 2.60GHz,,,,,15.61648178100586,machine,Y,1.0
2025-08-06T17:52:24,django-benchmark,476f0c66-9743-46a6-915e-c322c56d8668,django_SCL001_871b0de2,1.0013246699236331,7.663079039003396e-08,7.652941417680067e-08,1.7272709000000002,0.0,10.0,2.402408182272264e-07,0.0,1.3902015304969003e-06,1.6304423487241267e-06,Canada,CAN,,gcp,northamerica-northeast2,Linux-6.8.0-1032-gcp-x86_64-with-glibc2.35,3.12.11,3.0.4,2,Intel(R) Xeon(R) CPU @ 2.60GHz,,,,,15.61648178100586,machine,Y,1.0
2025-08-06T17:52:26,django-benchmark,d6783b2a-3250-4ed6-9437-4623a439cdd4,django_SCL001_871b0de2,1.0014186871703714,7.66328505796754e-08,7.652428655611642e-08,1.7272709000000002,0.0,10.0,2.402498658577192e-07,0.0,1.3902363166885656e-06,1.630486182546285e-06,Canada,CAN,,gcp,northamerica-northeast2,Linux-6.8.0-1032-gcp-x86_64-with-glibc2.35,3.12.11,3.0.4,2,Intel(R) Xeon(R) CPU @ 2.60GHz,,,,,15.61648178100586,machine,Y,1.0
2025-08-06T17:52:28,django-benchmark,927bdf33-8781-4e25-adec-4cae0a260e01,django_SCL001_871b0de2,1.0013664059806615,7.645431622299496e-08,7.634999113847988e-08,1.7000000000000002,0.0,10.0,2.364534207348093e-07,0.0,1.3902341584778497e-06,1.6266875792126586e-06,Canada,CAN,,gcp,northamerica-northeast2,Linux-6.8.0-1032-gcp-x86_64-with-glibc2.35,3.12.11,3.0.4,2,Intel(R) Xeon(R) CPU @ 2.60GHz,,,,,15.61648178100586,machine,Y,1.0
2025-08-06T17:52:31,django-benchmark,edef91d3-0aa6-4e5a-b557-8df47d2200b6,django_SCL001_871b0de2,1.001368135912344,7.663948916542008e-08,7.653477918547313e-08,1.7272709000000002,0.0,10.0,2.402711347322504e-07,0.0,1.3903562943192407e-06,1.6306274290514911e-06,Canada,CAN,,gcp,northamerica-northeast2,Linux-6.8.0-1032-gcp-x86_64-with-glibc2.35,3.12.11,3.0.4,2,Intel(R) Xeon(R) CPU @ 2.60GHz,,,,,15.61648178100586,machine,Y,1.0
2025-08-06T17:52:33,django-benchmark,7bce82bd-497b-49b7-961a-addaa89edaa8,django_SCL001_871b0de2,1.0013084108941257,7.644876050529356e-08,7.63488648188105e-08,1.7000000000000002,0.0,10.0,2.364467392067632e-07,0.0,1.390122633246291e-06,1.6265693724530543e-06,Canada,CAN,,gcp,northamerica-northeast2,Linux-6.8.0-1032-gcp-x86_64-with-glibc2.35,3.12.11,3.0.4,2,Intel(R) Xeon(R) CPU @ 2.60GHz,,,,,15.61648178100586,machine,Y,1.0
2025-08-06T17:52:35,django-benchmark,f01748de-d435-42f0-9f31-80d4095eec3e,django_SCL001_871b0de2,1.001473099924624,7.663669355236924e-08,7.652396610366999e-08,1.7272709000000002,0.0,10.0,2.403061815513287e-07,0.0,1.3902617663714208e-06,1.6305679479227496e-06,Canada,CAN,,gcp,northamerica-northeast2,Linux-6.8.0-1032-gcp-x86_64-with-glibc2.35,3.12.11,3.0.4,2,Intel(R) Xeon(R) CPU @ 2.60GHz,,,,,15.61648178100586,machine,Y,1.0
2025-08-06T17:52:36,django-benchmark,c9fee26f-3548-40ae-9360-7f79bc0e2656,django_SCL001_871b0de2,1.0011686419602484,7.64564729065492e-08,7.636722696073507e-08,1.7000000000000002,0.0,10.0,2.364533248603241e-07,0.0,1.3902801412364676e-06,1.6267334660967916e-06,Canada,CAN,,gcp,northamerica-northeast2,Linux-6.8.0-1032-gcp-x86_64-with-glibc2.35,3.12.11,3.0.4,2,Intel(R) Xeon(R) CPU @ 2.60GHz,,,,,15.61648178100586,machine,Y,1.0
2025-08-06T17:52:38,django-benchmark,2586244a-a558-4300-81c0-d745137f8942,django_SCL001_871b0de2,1.0010878699831665,7.662928928050558e-08,7.654601716609965e-08,1.7272709000000002,0.0,10.0,2.402224602206652e-07,0.0,1.3901879500028574e-06,1.6304104102235226e-06,Canada,CAN,,gcp,northamerica-northeast2,Linux-6.8.0-1032-gcp-x86_64-with-glibc2.35,3.12.11,3.0.4,2,Intel(R) Xeon(R) CPU @ 2.60GHz,,,,,15.61648178100586,machine,Y,1.0
2025-08-06T17:52:40,django-benchmark,91d8bc7a-b9a7-4c85-80f7-02886075c533,django_SCL001_871b0de2,1.0011150969658047,7.681540438678903e-08,7.672984317148187e-08,1.7550872000000004,0.0,10.0,2.441008673140135e-07,0.0,1.3902694387878808e-06,1.6343703061018945e-06,Canada,CAN,,gcp,northamerica-northeast2,Linux-6.8.0-1032-gcp-x86_64-with-glibc2.35,3.12.11,3.0.4,2,Intel(R) Xeon(R) CPU @ 2.60GHz,,,,,15.61648178100586,machine,Y,1.0
2025-08-06T17:52:43,django-benchmark,ac1b4806-e7c6-4da2-b3cd-116b501f62c7,django_SCL001_871b0de2,1.0013705100864172,7.665695873038383e-08,7.655204338279189e-08,1.7272709000000002,0.0,10.0,2.403344330682717e-07,0.0,1.3906646888547887e-06,1.6309991219230603e-06,Canada,CAN,,gcp,northamerica-northeast2,Linux-6.8.0-1032-gcp-x86_64-with-glibc2.35,3.12.11,3.0.4,2,Intel(R) Xeon(R) CPU @ 2.60GHz,,,,,15.61648178100586,machine,Y,1.0
2025-08-06T17:52:45,django-benchmark,f77aa069-2954-4462-8b8b-5bd0710a8937,django_SCL001_871b0de2,1.0014508368913084,7.059013351464334e-08,7.048786711664088e-08,0.8,0.0,10.0,1.1131431488320233e-07,0.0,1.3906034194709112e-06,1.5019177343541137e-06,Canada,CAN,,gcp,northamerica-northeast2,Linux-6.8.0-1032-gcp-x86_64-with-glibc2.35,3.12.11,3.0.4,2,Intel(R) Xeon(R) CPU @ 2.60GHz,,,,,15.61648178100586,machine,Y,1.0
2025-08-06T17:52:47,django-benchmark,3baae691-7389-4555-8ba5-77667385738b,django_SCL001_871b0de2,1.0014081951230764,7.058571955546117e-08,7.048646086502811e-08,0.8,0.0,10.0,1.1130957046730653e-07,0.0,1.3905142498616544e-06,1.5018238203289609e-06,Canada,CAN,,gcp,northamerica-northeast2,Linux-6.8.0-1032-gcp-x86_64-with-glibc2.35,3.12.11,3.0.4,2,Intel(R) Xeon(R) CPU @ 2.60GHz,,,,,15.61648178100586,machine,Y,1.0
2025-08-06T17:52:57,django-benchmark,4b82cf80-3097-4940-a6cf-9bd02ccb3ed8,django_SCL001_871b0de2,1.0011858311481774,7.681531994719121e-08,7.672433783756015e-08,1.7550872000000004,0.0,10.0,2.441056061536429e-07,0.0,1.390262903361064e-06,1.6343685095147068e-06,Canada,CAN,,gcp,northamerica-northeast2,Linux-6.8.0-1032-gcp-x86_64-with-glibc2.35,3.12.11,3.0.4,2,Intel(R) Xeon(R) CPU @ 2.60GHz,,,,,15.61648178100586,machine,Y,1.0
2025-08-06T17:53:00,django-benchmark,52a32eca-c784-4486-a359-455ff117d08f,django_SCL001_871b0de2,1.0012112720869482,7.663480068044225e-08,7.65420873865142e-08,1.7272709000000002,0.0,10.0,2.4024134081387735e-07,0.0,1.3902863332380852e-06,1.6305276740519626e-06,Canada,CAN,,gcp,northamerica-northeast2,Linux-6.8.0-1032-gcp-x86_64-with-glibc2.35,3.12.11,3.0.4,2,Intel(R) Xeon(R) CPU @ 2.60GHz,,,,,15.61648178100586,machine,Y,1.0
2025-08-06T17:53:02,django-benchmark,4fb94fac-193a-4620-8c13-f7b83f3abf0a,django_SCL001_871b0de2,1.0012002759613097,7.646021379793013e-08,7.636855046260979e-08,1.7000000000000002,0.0,10.0,2.364603152317513e-07,0.0,1.390352744298677e-06,1.626813059530428e-06,Canada,CAN,,gcp,northamerica-northeast2,Linux-6.8.0-1032-gcp-x86_64-with-glibc2.35,3.12.11,3.0.4,2,Intel(R) Xeon(R) CPU @ 2.60GHz,,,,,15.61648178100586,machine,Y,1.0
2025-08-06T17:53:04,django-benchmark,5a007b30-e6fc-41d2-b54d-00247f56c552,django_SCL001_871b0de2,1.0011660929303616,7.645682337625963e-08,7.636777145785515e-08,1.7000000000000002,0.0,10.0,2.3645543431889061e-07,0.0,1.39028548858025e-06,1.6267409228991407e-06,Canada,CAN,,gcp,northamerica-northeast2,Linux-6.8.0-1032-gcp-x86_64-with-glibc2.35,3.12.11,3.0.4,2,Intel(R) Xeon(R) CPU @ 2.60GHz,,,,,15.61648178100586,machine,Y,1.0
2025-08-06T17:53:06,django-benchmark,6a95955b-1418-4959-b913-9da8c05b34fa,django_SCL001_871b0de2,1.0011335250455886,7.645582537068468e-08,7.636925890300509e-08,1.7000000000000002,0.0,10.0,2.364455441840821e-07,0.0,1.39027414455389e-06,1.626719688737972e-06,Canada,CAN,,gcp,northamerica-northeast2,Linux-6.8.0-1032-gcp-x86_64-with-glibc2.35,3.12.11,3.0.4,2,Intel(R) Xeon(R) CPU @ 2.60GHz,,,,,15.61648178100586,machine,Y,1.0
2025-08-06T17:53:08,django-benchmark,7b55e335-c0a1-4fc9-bd7f-77514610f629,django_SCL001_871b0de2,1.0011233279947191,7.64544891999362e-08,7.636870209894809e-08,1.7000000000000002,0.0,10.0,2.364379960474455e-07,0.0,1.3902532635256649e-06,1.6266912595731103e-06,Canada,CAN,,gcp,northamerica-northeast2,Linux-6.8.0-1032-gcp-x86_64-with-glibc2.35,3.12.11,3.0.4,2,Intel(R) Xeon(R) CPU @ 2.60GHz,,,,,15.61648178100586,machine,Y,1.0
2025-08-06T17:53:10,django-benchmark,516ed1ea-96cc-44d4-beed-50a3b2dec708,django_SCL001_871b0de2,1.0011482839472592,7.645470260776347e-08,7.636701159424963e-08,1.7000000000000002,0.0,10.0,2.3644869759704725e-07,0.0,1.3902471025681332e-06,1.6266958001651804e-06,Canada,CAN,,gcp,northamerica-northeast2,Linux-6.8.0-1032-gcp-x86_64-with-glibc2.35,3.12.11,3.0.4,2,Intel(R) Xeon(R) CPU @ 2.60GHz,,,,,15.61648178100586,machine,Y,1.0
2025-08-06T17:53:12,django-benchmark,bb22509f-d1c6-4d88-ab84-ae46240deec5,django_SCL001_871b0de2,1.0011662892065942,7.645206681450106e-08,7.636300546544361e-08,1.7000000000000002,0.0,10.0,2.3643143040438497e-07,0.0,1.390208289053084e-06,1.6266397194574692e-06,Canada,CAN,,gcp,northamerica-northeast2,Linux-6.8.0-1032-gcp-x86_64-with-glibc2.35,3.12.11,3.0.4,2,Intel(R) Xeon(R) CPU @ 2.60GHz,,,,,15.61648178100586,machine,Y,1.0
2025-08-06T17:53:15,django-benchmark,b872581d-fe79-4ae0-8f5a-64707154cf05,django_SCL001_871b0de2,1.0011244378983974,7.645157227571409e-08,7.63657037842413e-08,1.7000000000000002,0.0,10.0,2.3643172781319461e-07,0.0,1.390197469542424e-06,1.626629197355619e-06,Canada,CAN,,gcp,northamerica-northeast2,Linux-6.8.0-1032-gcp-x86_64-with-glibc2.35,3.12.11,3.0.4,2,Intel(R) Xeon(R) CPU @ 2.60GHz,,,,,15.61648178100586,machine,Y,1.0
2025-08-06T17:56:19,django-benchmark,819f8c0c-b556-410e-ad1f-a8a4ac1cb284,django_SCL001_871b0de2,1.001268405932933,7.663598074903845e-08,7.65388983562632e-08,1.7272709000000002,0.0,10.0,2.402994375247967e-07,0.0,1.3902533443696384e-06,1.630552781894435e-06,Canada,CAN,,gcp,northamerica-northeast2,Linux-6.8.0-1032-gcp-x86_64-with-glibc2.35,3.12.11,3.0.4,2,Intel(R) Xeon(R) CPU @ 2.60GHz,,,,,15.61648178100586,machine,Y,1.0
2025-08-06T17:56:21,django-benchmark,dee9251a-1e8e-4c76-a71c-edd56fec0b10,django_SCL001_871b0de2,1.001145335147157,7.645111389182017e-08,7.636365191731398e-08,1.7000000000000002,0.0,10.0,2.364359693795753e-07,0.0,1.3901834751272368e-06,1.626619444506812e-06,Canada,CAN,,gcp,northamerica-northeast2,Linux-6.8.0-1032-gcp-x86_64-with-glibc2.35,3.12.11,3.0.4,2,Intel(R) Xeon(R) CPU @ 2.60GHz,,,,,15.61648178100586,machine,Y,1.0
2025-08-06T17:56:23,django-benchmark,c0dc34d7-9993-4ebb-b3b0-31f98e8132d6,django_SCL001_871b0de2,1.0011143288575113,7.662767115552487e-08,7.654237777514747e-08,1.7272709000000002,0.0,10.0,2.40216946361769e-07,0.0,1.3901590356706743e-06,1.6303759820324437e-06,Canada,CAN,,gcp,northamerica-northeast2,Linux-6.8.0-1032-gcp-x86_64-with-glibc2.35,3.12.11,3.0.4,2,Intel(R) Xeon(R) CPU @ 2.60GHz,,,,,15.61648178100586,machine,Y,1.0
2025-08-06T17:57:21,django-benchmark,fc0b31ee-6e7e-4ffe-b071-f2971a46ed95,django_SCL001_871b0de2,1.001185735920444,7.645572020046854e-08,7.63651712738183e-08,1.7000000000000002,0.0,10.0,2.364547792498747e-07,0.0,1.3902626718239238e-06,1.6267174510737985e-06,Canada,CAN,,gcp,northamerica-northeast2,Linux-6.8.0-1032-gcp-x86_64-with-glibc2.35,3.12.11,3.0.4,2,Intel(R) Xeon(R) CPU @ 2.60GHz,,,,,15.61648178100586,machine,Y,1.0
2025-08-06T17:57:24,django-benchmark,be52ad2e-38c2-49dd-befb-aced9881d481,django_SCL001_871b0de2,1.0011789270211011,7.441840037099416e-08,7.433076981795653e-08,1.3885748288,0.0,10.0,1.931330069261547e-07,0.0,1.3902372137332955e-06,1.5833702206594504e-06,Canada,CAN,,gcp,northamerica-northeast2,Linux-6.8.0-1032-gcp-x86_64-with-glibc2.35,3.12.11,3.0.4,2,Intel(R) Xeon(R) CPU @ 2.60GHz,,,,,15.61648178100586,machine,Y,1.0
2025-08-06T17:57:25,django-benchmark,bd1f6fb3-aea8-4610-ad19-7fdd488aeb5f,django_SCL001_871b0de2,1.001232139999047,7.646052183600195e-08,7.636642770584126e-08,1.7000000000000002,0.0,10.0,2.364616803436851e-07,0.0,1.3903579331882711e-06,1.626819613531956e-06,Canada,CAN,,gcp,northamerica-northeast2,Linux-6.8.0-1032-gcp-x86_64-with-glibc2.35,3.12.11,3.0.4,2,Intel(R) Xeon(R) CPU @ 2.60GHz,,,,,15.61648178100586,machine,Y,1.0
2025-08-06T17:57:26,django-benchmark,5f491c8b-7b30-4e6a-bb7c-02697ba14999,django_SCL001_871b0de2,1.001280894968659,7.50116054678488e-08,7.491564639330979e-08,1.4782139,0.0,10.0,2.056141082690545e-07,0.0,1.3903774974298562e-06,1.5959916056989106e-06,Canada,CAN,,gcp,northamerica-northeast2,Linux-6.8.0-1032-gcp-x86_64-with-glibc2.35,3.12.11,3.0.4,2,Intel(R) Xeon(R) CPU @ 2.60GHz,,,,,15.61648178100586,machine,Y,1.0
2025-08-06T17:57:27,django-benchmark,1f428ebc-100f-461d-87f7-73c157e88d10,django_SCL001_871b0de2,1.001162637025118,7.645437899987317e-08,7.636559353338615e-08,1.7000000000000002,0.0,10.0,2.364548954647035e-07,0.0,1.390234019426215e-06,1.6266889148909184e-06,Canada,CAN,,gcp,northamerica-northeast2,Linux-6.8.0-1032-gcp-x86_64-with-glibc2.35,3.12.11,3.0.4,2,Intel(R) Xeon(R) CPU @ 2.60GHz,,,,,15.61648178100586,machine,Y,1.0
2025-08-06T17:57:28,django-benchmark,de005c4a-4b4a-4813-ad5a-547e0f9a0b21,django_SCL001_871b0de2,1.0011066810693592,7.515098358139772e-08,7.506790734941771e-08,1.5008192,0.0,10.0,2.087326473897865e-07,0.0,1.3902244500867608e-06,1.5989570974765473e-06,Canada,CAN,,gcp,northamerica-northeast2,Linux-6.8.0-1032-gcp-x86_64-with-glibc2.35,3.12.11,3.0.4,2,Intel(R) Xeon(R) CPU @ 2.60GHz,,,,,15.61648178100586,machine,Y,1.0
2025-08-06T17:57:29,django-benchmark,fe763281-7a91-4b6b-90c1-fbbcaefbc1c7,django_SCL001_871b0de2,1.001199839869514,7.645992647746525e-08,7.636829675025742e-08,1.7000000000000002,0.0,10.0,2.364573633531109e-07,0.0,1.390349582975937e-06,1.626806946329048e-06,Canada,CAN,,gcp,northamerica-northeast2,Linux-6.8.0-1032-gcp-x86_64-with-glibc2.35,3.12.11,3.0.4,2,Intel(R) Xeon(R) CPU @ 2.60GHz,,,,,15.61648178100586,machine,Y,1.0
2025-08-06T17:57:30,django-benchmark,43bb62a3-a6f9-4df5-9c4e-4448796ac719,django_SCL001_871b0de2,1.0011471088510009,7.57784166037549e-08,7.56915901107925e-08,1.5962624,0.0,10.0,2.220247588853108e-07,0.0,1.3902819773647934e-06,1.612306736250104e-06,Canada,CAN,,gcp,northamerica-northeast2,Linux-6.8.0-1032-gcp-x86_64-with-glibc2.35,3.12.11,3.0.4,2,Intel(R) Xeon(R) CPU @ 2.60GHz,,,,,15.61648178100586,machine,Y,1.0
2025-08-06T17:57:31,django-benchmark,bfa138da-baf5-4516-ad20-8c708cdefd82,django_SCL001_871b0de2,1.0011236490681767,7.645484743373364e-08,7.636903543822592e-08,1.7000000000000002,0.0,10.0,2.364410759053297e-07,0.0,1.3902578056634714e-06,1.626698881568801e-06,Canada,CAN,,gcp,northamerica-northeast2,Linux-6.8.0-1032-gcp-x86_64-with-glibc2.35,3.12.11,3.0.4,2,Intel(R) Xeon(R) CPU @ 2.60GHz,,,,,15.61648178100586,machine,Y,1.0
2025-08-06T17:57:32,django-benchmark,a2b380ec-a859-46cf-9eb1-ffde7da6e69a,django_SCL001_871b0de2,1.0011115449015051,7.628333550037916e-08,7.619863729359382e-08,1.6732691000000002,0.0,10.0,2.327356475322381e-07,0.0,1.3903140439651903e-06,1.623049691497429e-06,Canada,CAN,,gcp,northamerica-northeast2,Linux-6.8.0-1032-gcp-x86_64-with-glibc2.35,3.12.11,3.0.4,2,Intel(R) Xeon(R) CPU @ 2.60GHz,,,,,15.61648178100586,machine,Y,1.0
2025-08-06T17:57:33,django-benchmark,60ab1dbb-c039-4f03-852b-fa53d9d3ae96,django_SCL001_871b0de2,1.0011168140918016,7.681316339901923e-08,7.672747307585977e-08,1.7550872000000004,0.0,10.0,2.440962500442137e-07,0.0,1.3902263754668334e-06,1.6343226255110471e-06,Canada,CAN,,gcp,northamerica-northeast2,Linux-6.8.0-1032-gcp-x86_64-with-glibc2.35,3.12.11,3.0.4,2,Intel(R) Xeon(R) CPU @ 2.60GHz,,,,,15.61648178100586,machine,Y,1.0
2025-08-06T17:57:34,django-benchmark,fdcf3f03-21cf-4c0f-9c94-e4f6a651ede1,django_SCL001_871b0de2,1.0011032249312848,7.66383290421646e-08,7.655387290099381e-08,1.7272709000000002,0.0,10.0,2.402521064563634e-07,0.0,1.3903506391216069e-06,1.6306027455779702e-06,Canada,CAN,,gcp,northamerica-northeast2,Linux-6.8.0-1032-gcp-x86_64-with-glibc2.35,3.12.11,3.0.4,2,Intel(R) Xeon(R) CPU @ 2.60GHz,,,,,15.61648178100586,machine,Y,1.0
2025-08-06T17:57:35,django-benchmark,28fabc08-3cb8-49fa-805b-ca88c28b7cca,django_SCL001_871b0de2,1.001177900005132,7.6454014240984e-08,7.636406500841869e-08,1.7000000000000002,0.0,10.0,2.364385231372176e-07,0.0,1.3902426309262713e-06,1.626681154063489e-06,Canada,CAN,,gcp,northamerica-northeast2,Linux-6.8.0-1032-gcp-x86_64-with-glibc2.35,3.12.11,3.0.4,2,Intel(R) Xeon(R) CPU @ 2.60GHz,,,,,15.61648178100586,machine,Y,1.0
2025-08-06T17:57:36,django-benchmark,a823c054-440c-4c7e-b8d4-99558079635d,django_SCL001_871b0de2,1.0010905519593507,7.645003422775901e-08,7.636675231639113e-08,1.7000000000000002,0.0,10.0,2.364234227958757e-07,0.0,1.390173050135167e-06,1.6265964729310429e-06,Canada,CAN,,gcp,northamerica-northeast2,Linux-6.8.0-1032-gcp-x86_64-with-glibc2.35,3.12.11,3.0.4,2,Intel(R) Xeon(R) CPU @ 2.60GHz,,,,,15.61648178100586,machine,Y,1.0
2025-08-06T17:57:37,django-benchmark,dccbe540-5549-4c78-89ee-21f27b8f632d,django_SCL001_871b0de2,1.00116944196634,7.645594256152659e-08,7.636663621231168e-08,1.7000000000000002,0.0,10.0,2.3644445460134493e-07,0.0,1.390277727558795e-06,1.62672218216014e-06,Canada,CAN,,gcp,northamerica-northeast2,Linux-6.8.0-1032-gcp-x86_64-with-glibc2.35,3.12.11,3.0.4,2,Intel(R) Xeon(R) CPU @ 2.60GHz,,,,,15.61648178100586,machine,Y,1.0
2025-08-06T17:57:39,django-benchmark,4790a0df-0516-4de6-8378-161cfe378470,django_SCL001_871b0de2,1.00115655711852,7.681757753003876e-08,7.672883624828002e-08,1.7550872000000004,0.0,10.0,2.441102376122652e-07,0.0,1.3903063055800483e-06,1.6344165431923137e-06,Canada,CAN,,gcp,northamerica-northeast2,Linux-6.8.0-1032-gcp-x86_64-with-glibc2.35,3.12.11,3.0.4,2,Intel(R) Xeon(R) CPU @ 2.60GHz,,,,,15.61648178100586,machine,Y,1.0
2025-08-06T17:57:40,django-benchmark,42777483-bd40-4e3d-a90a-bb05d07b99a3,django_SCL001_871b0de2,1.001246958039701,7.664447305686102e-08,7.654901964138795e-08,1.7272709000000002,0.0,10.0,2.402747385469915e-07,0.0,1.3904587307479234e-06,1.630733469294915e-06,Canada,CAN,,gcp,northamerica-northeast2,Linux-6.8.0-1032-gcp-x86_64-with-glibc2.35,3.12.11,3.0.4,2,Intel(R) Xeon(R) CPU @ 2.60GHz,,,,,15.61648178100586,machine,Y,1.0
2025-08-06T17:57:41,django-benchmark,6afbe67d-fea8-4cb3-9b4e-3f7b10108aec,django_SCL001_871b0de2,1.00124671892263,7.664022479896582e-08,7.654479495466702e-08,1.7272709000000002,0.0,10.0,2.4025800605525654e-07,0.0,1.3903850747738037e-06,1.63064308082906e-06,Canada,CAN,,gcp,northamerica-northeast2,Linux-6.8.0-1032-gcp-x86_64-with-glibc2.35,3.12.11,3.0.4,2,Intel(R) Xeon(R) CPU @ 2.60GHz,,,,,15.61648178100586,machine,Y,1.0
2025-08-06T17:57:42,django-benchmark,ea7cdfe3-dad7-4cb4-b097-91df1dd60dc0,django_SCL001_871b0de2,1.0011568542104214,7.64563167381178e-08,7.636797013033118e-08,1.7000000000000002,0.0,10.0,2.3644295447350805e-07,0.0,1.3902871888907004e-06,1.6267301433642085e-06,Canada,CAN,,gcp,northamerica-northeast2,Linux-6.8.0-1032-gcp-x86_64-with-glibc2.35,3.12.11,3.0.4,2,Intel(R) Xeon(R) CPU @ 2.60GHz,,,,,15.61648178100586,machine,Y,1.0
2025-08-06T17:57:43,django-benchmark,2ac9602b-fcb5-418a-9986-a5ce885e263b,django_SCL001_871b0de2,1.001206616871059,7.628575234548589e-08,7.619381560211e-08,1.6732691000000002,0.0,10.0,2.3274165033074049e-07,0.0,1.3903594634030014e-06,1.623101113733742e-06,Canada,CAN,,gcp,northamerica-northeast2,Linux-6.8.0-1032-gcp-x86_64-with-glibc2.35,3.12.11,3.0.4,2,Intel(R) Xeon(R) CPU @ 2.60GHz,,,,,15.61648178100586,machine,Y,1.0
2025-08-06T17:57:44,django-benchmark,1db69741-e843-45c3-928f-061e54a8b629,django_SCL001_871b0de2,1.001222575083375,7.663253567800497e-08,7.65389610513162e-08,1.7272709000000002,0.0,10.0,2.402374601779048e-07,0.0,1.3902420223328389e-06,1.6304794825107435e-06,Canada,CAN,,gcp,northamerica-northeast2,Linux-6.8.0-1032-gcp-x86_64-with-glibc2.35,3.12.11,3.0.4,2,Intel(R) Xeon(R) CPU @ 2.60GHz,,,,,15.61648178100586,machine,Y,1.0
2025-08-06T17:57:45,django-benchmark,ca849c14-f7c5-4675-a756-4b7ef6abb5cd,django_SCL001_871b0de2,1.0012082809116691,7.645966507437538e-08,7.636739181257427e-08,1.7000000000000002,0.0,10.0,2.364559711940173e-07,0.0,1.3903454133671606e-06,1.6268013845611775e-06,Canada,CAN,,gcp,northamerica-northeast2,Linux-6.8.0-1032-gcp-x86_64-with-glibc2.35,3.12.11,3.0.4,2,Intel(R) Xeon(R) CPU @ 2.60GHz,,,,,15.61648178100586,machine,Y,1.0
2025-08-06T17:57:46,django-benchmark,084c116c-3e1e-435c-a32d-98457d51d00b,django_SCL001_871b0de2,1.0011716110166162,7.663324645548347e-08,7.654356716893723e-08,1.7272709000000002,0.0,10.0,2.4023325233878964e-07,0.0,1.3902613530970282e-06,1.6304946054358178e-06,Canada,CAN,,gcp,northamerica-northeast2,Linux-6.8.0-1032-gcp-x86_64-with-glibc2.35,3.12.11,3.0.4,2,Intel(R) Xeon(R) CPU @ 2.60GHz,,,,,15.61648178100586,machine,Y,1.0
2025-08-06T17:57:47,django-benchmark,b47a8b8b-2c60-47a2-beba-b969a625de90,django_SCL001_871b0de2,1.001164085930213,7.663678742060933e-08,7.65476793440944e-08,1.7272709000000002,0.0,10.0,2.402472398542127e-07,0.0,1.3903227052651348e-06,1.6305699451193476e-06,Canada,CAN,,gcp,northamerica-northeast2,Linux-6.8.0-1032-gcp-x86_64-with-glibc2.35,3.12.11,3.0.4,2,Intel(R) Xeon(R) CPU @ 2.60GHz,,,,,15.61648178100586,machine,Y,1.0
2025-08-06T17:57:48,django-benchmark,e18a2a30-d42b-4113-8b12-dc55b6950a17,django_SCL001_871b0de2,1.0011437020730227,7.663257618593684e-08,7.654503147475959e-08,1.7272709000000002,0.0,10.0,2.402285192319463e-07,0.0,1.3902518251496886e-06,1.6304803443816349e-06,Canada,CAN,,gcp,northamerica-northeast2,Linux-6.8.0-1032-gcp-x86_64-with-glibc2.35,3.12.11,3.0.4,2,Intel(R) Xeon(R) CPU @ 2.60GHz,,,,,15.61648178100586,machine,Y,1.0
2025-08-06T17:57:49,django-benchmark,428fd359-2cf5-48ec-b406-985d699d5a70,django_SCL001_871b0de2,1.002214658074081,7.628714886901547e-08,7.611857225837593e-08,1.6732691000000002,0.0,10.0,2.3274587963662805e-07,0.0,1.3903849473637011e-06,1.623130827000329e-06,Canada,CAN,,gcp,northamerica-northeast2,Linux-6.8.0-1032-gcp-x86_64-with-glibc2.35,3.12.11,3.0.4,2,Intel(R) Xeon(R) CPU @ 2.60GHz,,,,,15.61648178100586,machine,Y,1.0
2025-08-06T17:57:50,django-benchmark,9c47ff80-e403-4dc7-b450-f1bc10b0327b,django_SCL001_871b0de2,1.0011828830465674,7.64557650781806e-08,7.636543370131153e-08,1.7000000000000002,0.0,10.0,2.364423948391859e-07,0.0,1.39027601107955e-06,1.6267184059187358e-06,Canada,CAN,,gcp,northamerica-northeast2,Linux-6.8.0-1032-gcp-x86_64-with-glibc2.35,3.12.11,3.0.4,2,Intel(R) Xeon(R) CPU @ 2.60GHz,,,,,15.61648178100586,machine,Y,1.0
2025-08-06T17:57:51,django-benchmark,cf23312c-31ab-4ab7-b547-258647db8fd0,django_SCL001_871b0de2,1.001180045073852,7.68148916799149e-08,7.672435348454099e-08,1.7550872000000004,0.0,10.0,2.441027501139784e-07,0.0,1.3902566473310192e-06,1.6343593974449976e-06,Canada,CAN,,gcp,northamerica-northeast2,Linux-6.8.0-1032-gcp-x86_64-with-glibc2.35,3.12.11,3.0.4,2,Intel(R) Xeon(R) CPU @ 2.60GHz,,,,,15.61648178100586,machine,Y,1.0
2025-08-06T17:57:52,django-benchmark,f06754ef-e26a-4675-b3b4-dcd741c03050,django_SCL001_871b0de2,1.001177472062409,7.645968559561556e-08,7.63697623340544e-08,1.7000000000000002,0.0,10.0,2.3645606245069453e-07,0.0,1.3903457587326151e-06,1.6268018211833098e-06,Canada,CAN,,gcp,northamerica-northeast2,Linux-6.8.0-1032-gcp-x86_64-with-glibc2.35,3.12.11,3.0.4,2,Intel(R) Xeon(R) CPU @ 2.60GHz,,,,,15.61648178100586,machine,Y,1.0
2025-08-06T17:57:53,django-benchmark,a6677f97-74e5-41e2-b851-7d9052d02ecd,django_SCL001_871b0de2,1.0012308189179748,7.646115212381118e-08,7.636715798105612e-08,1.7000000000000002,0.0,10.0,2.3646321312602002e-07,0.0,1.3903698107848563e-06,1.6268330239108762e-06,Canada,CAN,,gcp,northamerica-northeast2,Linux-6.8.0-1032-gcp-x86_64-with-glibc2.35,3.12.11,3.0.4,2,Intel(R) Xeon(R) CPU @ 2.60GHz,,,,,15.61648178100586,machine,Y,1.0
2025-08-06T17:57:55,django-benchmark,e376f93e-63e4-4cd6-b937-bef50afe00d2,django_SCL001_871b0de2,1.0020131939090788,7.64542171061039e-08,7.63006091844348e-08,1.7000000000000002,0.0,10.0,2.364357232064423e-07,0.0,1.3902497471361938e-06,1.626685470342636e-06,Canada,CAN,,gcp,northamerica-northeast2,Linux-6.8.0-1032-gcp-x86_64-with-glibc2.35,3.12.11,3.0.4,2,Intel(R) Xeon(R) CPU @ 2.60GHz,,,,,15.61648178100586,machine,Y,1.0
2025-08-06T17:57:56,django-benchmark,1e481925-72ca-4a5a-9852-0b9548f81039,django_SCL001_871b0de2,1.0012147049419582,7.645813281832832e-08,7.636537142426479e-08,1.7000000000000002,0.0,10.0,2.364522028429848e-07,0.0,1.390316580525703e-06,1.6267687833686878e-06,Canada,CAN,,gcp,northamerica-northeast2,Linux-6.8.0-1032-gcp-x86_64-with-glibc2.35,3.12.11,3.0.4,2,Intel(R) Xeon(R) CPU @ 2.60GHz,,,,,15.61648178100586,machine,Y,1.0
2025-08-06T17:57:57,django-benchmark,2fde68d6-7777-48df-86f4-e41daabfe700,django_SCL001_871b0de2,1.001208805013448,7.628611502886907e-08,7.619401132598354e-08,1.6732691000000002,0.0,10.0,2.3274466964023253e-07,0.0,1.390364160761237e-06,1.6231088304014695e-06,Canada,CAN,,gcp,northamerica-northeast2,Linux-6.8.0-1032-gcp-x86_64-with-glibc2.35,3.12.11,3.0.4,2,Intel(R) Xeon(R) CPU @ 2.60GHz,,,,,15.61648178100586,machine,Y,1.0
2025-08-06T17:57:58,django-benchmark,ee120f53-4dbb-47a6-b3e0-5b0c8ebde8cb,django_SCL001_871b0de2,1.0011722529307008,7.645646728365036e-08,7.636694590750162e-08,1.7000000000000002,0.0,10.0,2.3644791608805666e-07,0.0,1.3902854303725894e-06,1.626733346460646e-06,Canada,CAN,,gcp,northamerica-northeast2,Linux-6.8.0-1032-gcp-x86_64-with-glibc2.35,3.12.11,3.0.4,2,Intel(R) Xeon(R) CPU @ 2.60GHz,,,,,15.61648178100586,machine,Y,1.0
2025-08-06T17:57:59,django-benchmark,8ad11e75-7381-4e09-a5f2-d658382602f5,django_SCL001_871b0de2,1.001197389792651,7.646000525246038e-08,7.636856231546442e-08,1.7000000000000002,0.0,10.0,2.3645674797525218e-07,0.0,1.390351874417522e-06,1.6268086223927742e-06,Canada,CAN,,gcp,northamerica-northeast2,Linux-6.8.0-1032-gcp-x86_64-with-glibc2.35,3.12.11,3.0.4,2,Intel(R) Xeon(R) CPU @ 2.60GHz,,,,,15.61648178100586,machine,Y,1.0
2025-08-06T17:58:00,django-benchmark,77f452d6-6d9a-42b4-81b0-98bf449c364d,django_SCL001_871b0de2,1.0013370781671256,7.645601701827643e-08,7.635392585104668e-08,1.7000000000000002,0.0,10.0,2.364458382944577e-07,0.0,1.3902779280518492e-06,1.626723766346307e-06,Canada,CAN,,gcp,northamerica-northeast2,Linux-6.8.0-1032-gcp-x86_64-with-glibc2.35,3.12.11,3.0.4,2,Intel(R) Xeon(R) CPU @ 2.60GHz,,,,,15.61648178100586,machine,Y,1.0
2025-08-06T17:58:01,django-benchmark,0909a9da-e05a-43dd-8653-3d09540c9f4e,django_SCL001_871b0de2,1.001166451955214,7.663910125591741e-08,7.654980958086056e-08,1.7272709000000002,0.0,10.0,2.402545395340157e-07,0.0,1.3903646361238014e-06,1.6306191756578171e-06,Canada,CAN,,gcp,northamerica-northeast2,Linux-6.8.0-1032-gcp-x86_64-with-glibc2.35,3.12.11,3.0.4,2,Intel(R) Xeon(R) CPU @ 2.60GHz,,,,,15.61648178100586,machine,Y,1.0
2025-08-06T17:58:02,django-benchmark,9abbe987-b86d-4b7e-871b-be28e809554b,django_SCL001_871b0de2,1.0011693420819938,7.645870793102463e-08,7.636940597084608e-08,1.7000000000000002,0.0,10.0,2.364545394537143e-07,0.0,1.3903264803553206e-06,1.6267810198090347e-06,Canada,CAN,,gcp,northamerica-northeast2,Linux-6.8.0-1032-gcp-x86_64-with-glibc2.35,3.12.11,3.0.4,2,Intel(R) Xeon(R) CPU @ 2.60GHz,,,,,15.61648178100586,machine,Y,1.0
2025-08-06T17:58:03,django-benchmark,9f22caad-d9bf-4dcd-82f0-d82d0440558f,django_SCL001_871b0de2,1.0011710089165715,7.645408832506253e-08,7.63646646218793e-08,1.7000000000000002,0.0,10.0,2.3643950244230738e-07,0.0,1.3902432278781716e-06,1.626682730320479e-06,Canada,CAN,,gcp,northamerica-northeast2,Linux-6.8.0-1032-gcp-x86_64-with-glibc2.35,3.12.11,3.0.4,2,Intel(R) Xeon(R) CPU @ 2.60GHz,,,,,15.61648178100586,machine,Y,1.0
2025-08-06T17:58:04,django-benchmark,2c1bfcf5-6ed8-4d45-944b-8488b0e717b7,django_SCL001_871b0de2,1.0011838208884,7.663437110295552e-08,7.654375700453695e-08,1.7272709000000002,0.0,10.0,2.402443869645395e-07,0.0,1.3902741471408971e-06,1.6305185341054363e-06,Canada,CAN,,gcp,northamerica-northeast2,Linux-6.8.0-1032-gcp-x86_64-with-glibc2.35,3.12.11,3.0.4,2,Intel(R) Xeon(R) CPU @ 2.60GHz,,,,,15.61648178100586,machine,Y,1.0
2025-08-06T17:58:05,django-benchmark,39a5aad6-fde0-461f-abbf-2db8a759e7d5,django_SCL001_871b0de2,1.001234102062881,7.646111352649233e-08,7.636686901590406e-08,1.7000000000000002,0.0,10.0,2.3646129695569285e-07,0.0,1.3903709057356336e-06,1.6268322026913262e-06,Canada,CAN,,gcp,northamerica-northeast2,Linux-6.8.0-1032-gcp-x86_64-with-glibc2.35,3.12.11,3.0.4,2,Intel(R) Xeon(R) CPU @ 2.60GHz,,,,,15.61648178100586,machine,Y,1.0
2025-08-06T17:58:06,django-benchmark,e4f4a00f-45b4-45c3-b455-0ed69a981b9a,django_SCL001_871b0de2,1.0012386899907142,7.664537692693912e-08,7.655055452126998e-08,1.7272709000000002,0.0,10.0,2.402782809203777e-07,0.0,1.3904744196527949e-06,1.6307527005731724e-06,Canada,CAN,,gcp,northamerica-northeast2,Linux-6.8.0-1032-gcp-x86_64-with-glibc2.35,3.12.11,3.0.4,2,Intel(R) Xeon(R) CPU @ 2.60GHz,,,,,15.61648178100586,machine,Y,1.0
2025-08-06T17:58:07,django-benchmark,65eb569d-7a6b-409b-9ff5-bc5e140a4c88,django_SCL001_871b0de2,1.001153829973191,7.663304304261958e-08,7.654472344641748e-08,1.7272709000000002,0.0,10.0,2.402329303860902e-07,0.0,1.3902573471164535e-06,1.630490277502544e-06,Canada,CAN,,gcp,northamerica-northeast2,Linux-6.8.0-1032-gcp-x86_64-with-glibc2.35,3.12.11,3.0.4,2,Intel(R) Xeon(R) CPU @ 2.60GHz,,,,,15.61648178100586,machine,Y,1.0
2025-08-06T17:58:08,django-benchmark,45bce658-7081-4812-a989-1515faee53e3,django_SCL001_871b0de2,1.0011762629728764,7.663598834975091e-08,7.654595018282721e-08,1.7272709000000002,0.0,10.0,2.402550302828736e-07,0.0,1.3902979133288478e-06,1.6305529436117217e-06,Canada,CAN,,gcp,northamerica-northeast2,Linux-6.8.0-1032-gcp-x86_64-with-glibc2.35,3.12.11,3.0.4,2,Intel(R) Xeon(R) CPU @ 2.60GHz,,,,,15.61648178100586,machine,Y,1.0
2025-08-06T17:58:09,django-benchmark,127f424f-6106-4e1c-a9fe-a33b0857e39e,django_SCL001_871b0de2,1.0012244048994037,7.66354471167333e-08,7.654172904867728e-08,1.7272709000000002,0.0,10.0,2.40247836282201e-07,0.0,1.390293591733401e-06,1.630541428015602e-06,Canada,CAN,,gcp,northamerica-northeast2,Linux-6.8.0-1032-gcp-x86_64-with-glibc2.35,3.12.11,3.0.4,2,Intel(R) Xeon(R) CPU @ 2.60GHz,,,,,15.61648178100586,machine,Y,1.0
2025-08-06T17:58:11,django-benchmark,28b6c6bd-d4ca-419a-9950-197167afc3c3,django_SCL001_871b0de2,1.00109962397255,7.662849797531944e-08,7.654432799729087e-08,1.7272709000000002,0.0,10.0,2.402250458963006e-07,0.0,1.390168528046666e-06,1.6303935739429666e-06,Canada,CAN,,gcp,northamerica-northeast2,Linux-6.8.0-1032-gcp-x86_64-with-glibc2.35,3.12.11,3.0.4,2,Intel(R) Xeon(R) CPU @ 2.60GHz,,,,,15.61648178100586,machine,Y,1.0
2025-08-06T17:58:12,django-benchmark,1c147154-e36f-46fa-a28f-6008f52a5f93,django_SCL001_871b0de2,1.001134587917477,7.66305968644912e-08,7.654375124916555e-08,1.7272709000000002,0.0,10.0,2.402258869725928e-07,0.0,1.3902123441867946e-06,1.6304382311593874e-06,Canada,CAN,,gcp,northamerica-northeast2,Linux-6.8.0-1032-gcp-x86_64-with-glibc2.35,3.12.11,3.0.4,2,Intel(R) Xeon(R) CPU @ 2.60GHz,,,,,15.61648178100586,machine,Y,1.0
2025-08-06T17:58:13,django-benchmark,6ff2876f-be7c-470c-986a-cc55a8fc5f56,django_SCL001_871b0de2,1.0011593950912356,7.681385785010508e-08,7.6724903373758e-08,1.7550872000000004,0.0,10.0,2.441005094151597e-07,0.0,1.3902368916509054e-06,1.634337401066065e-06,Canada,CAN,,gcp,northamerica-northeast2,Linux-6.8.0-1032-gcp-x86_64-with-glibc2.35,3.12.11,3.0.4,2,Intel(R) Xeon(R) CPU @ 2.60GHz,,,,,15.61648178100586,machine,Y,1.0
2025-08-06T17:58:14,django-benchmark,2983e3c0-cdd2-4486-8bd6-3609782d813b,django_SCL001_871b0de2,1.0011319499462843,7.64540828602298e-08,7.636763851591385e-08,1.7000000000000002,0.0,10.0,2.3644175263406294e-07,0.0,1.3902408614133795e-06,1.6266826140474426e-06,Canada,CAN,,gcp,northamerica-northeast2,Linux-6.8.0-1032-gcp-x86_64-with-glibc2.35,3.12.11,3.0.4,2,Intel(R) Xeon(R) CPU @ 2.60GHz,,,,,15.61648178100586,machine,Y,1.0
2025-08-06T17:58:15,django-benchmark,bcf2f59e-d181-467d-9b58-1b67f052bda8,django_SCL001_871b0de2,1.0011708149686456,7.681576534633557e-08,7.67259334749398e-08,1.7550872000000004,0.0,10.0,2.441123831892191e-07,0.0,1.3902656029030267e-06,1.634377986092246e-06,Canada,CAN,,gcp,northamerica-northeast2,Linux-6.8.0-1032-gcp-x86_64-with-glibc2.35,3.12.11,3.0.4,2,Intel(R) Xeon(R) CPU @ 2.60GHz,,,,,15.61648178100586,machine,Y,1.0
2025-08-06T17:58:16,django-benchmark,3adeeb1f-f29b-4c02-9f94-2f12f3f0a924,django_SCL001_871b0de2,1.0012160930782557,7.64542859366112e-08,7.63614233382438e-08,1.7000000000000002,0.0,10.0,2.3644338744795986e-07,0.0,1.3902435473735548e-06,1.6266869348215149e-06,Canada,CAN,,gcp,northamerica-northeast2,Linux-6.8.0-1032-gcp-x86_64-with-glibc2.35,3.12.11,3.0.4,2,Intel(R) Xeon(R) CPU @ 2.60GHz,,,,,15.61648178100586,machine,Y,1.0
2025-08-06T17:58:17,django-benchmark,250712c0-ceb1-4905-b74c-f5732705252f,django_SCL001_871b0de2,1.0011947508901358,7.681621081732276e-08,7.672454409996408e-08,1.7550872000000004,0.0,10.0,2.4410853109422866e-07,0.0,1.3902789331041276e-06,1.6343874641983563e-06,Canada,CAN,,gcp,northamerica-northeast2,Linux-6.8.0-1032-gcp-x86_64-with-glibc2.35,3.12.11,3.0.4,2,Intel(R) Xeon(R) CPU @ 2.60GHz,,,,,15.61648178100586,machine,Y,1.0
2025-08-06T17:58:18,django-benchmark,00e0fc0d-a5d1-453b-b7b9-141cde2c4349,django_SCL001_871b0de2,1.0012442478910089,7.66421408646335e-08,7.654689754879516e-08,1.7272709000000002,0.0,10.0,2.402668232248128e-07,0.0,1.3904170249588783e-06,1.6306838481836911e-06,Canada,CAN,,gcp,northamerica-northeast2,Linux-6.8.0-1032-gcp-x86_64-with-glibc2.35,3.12.11,3.0.4,2,Intel(R) Xeon(R) CPU @ 2.60GHz,,,,,15.61648178100586,machine,Y,1.0
2025-08-06T17:58:19,django-benchmark,0ede27f2-b9ec-4901-8d21-0ed641dff80c,django_SCL001_871b0de2,1.001168972114101,7.66319518984715e-08,7.654247587862513e-08,1.7272709000000002,0.0,10.0,2.4023421674463775e-07,0.0,1.3902328449249682e-06,1.630467061669606e-06,Canada,CAN,,gcp,northamerica-northeast2,Linux-6.8.0-1032-gcp-x86_64-with-glibc2.35,3.12.11,3.0.4,2,Intel(R) Xeon(R) CPU @ 2.60GHz,,,,,15.61648178100586,machine,Y,1.0
2025-08-06T17:58:20,django-benchmark,fca5064d-d9f8-4a3c-9611-d722829ef3bd,django_SCL001_871b0de2,1.0012427840847522,7.646073091220914e-08,7.636582468067702e-08,1.7000000000000002,0.0,10.0,2.3646117271467426e-07,0.0,1.3903628892472225e-06,1.6268240619618963e-06,Canada,CAN,,gcp,northamerica-northeast2,Linux-6.8.0-1032-gcp-x86_64-with-glibc2.35,3.12.11,3.0.4,2,Intel(R) Xeon(R) CPU @ 2.60GHz,,,,,15.61648178100586,machine,Y,1.0
2025-08-06T17:58:21,django-benchmark,af32944d-bd4b-476e-86c1-a0266ca25214,django_SCL001_871b0de2,1.001257105031982,7.66350734390878e-08,7.653885605799514e-08,1.7272709000000002,0.0,10.0,2.402403106099238e-07,0.0,1.3902931668174762e-06,1.6305334774274e-06,Canada,CAN,,gcp,northamerica-northeast2,Linux-6.8.0-1032-gcp-x86_64-with-glibc2.35,3.12.11,3.0.4,2,Intel(R) Xeon(R) CPU @ 2.60GHz,,,,,15.61648178100586,machine,Y,1.0
2025-08-06T17:58:22,django-benchmark,f1f18387-a060-404f-9acd-24ae26268eed,django_SCL001_871b0de2,1.0011459609959277,7.628017496909627e-08,7.619286092231118e-08,1.6732691000000002,0.0,10.0,2.327371014542105e-07,0.0,1.3902453446967735e-06,1.622982446150984e-06,Canada,CAN,,gcp,northamerica-northeast2,Linux-6.8.0-1032-gcp-x86_64-with-glibc2.35,3.12.11,3.0.4,2,Intel(R) Xeon(R) CPU @ 2.60GHz,,,,,15.61648178100586,machine,Y,1.0
2025-08-06T17:58:23,django-benchmark,3f9c2e95-96da-4382-8e0c-e266fa3b7852,django_SCL001_871b0de2,1.0012090450618416,7.645901105931909e-08,7.63666803016112e-08,1.7000000000000002,0.0,10.0,2.364646832381065e-07,0.0,1.390322786109108e-06,1.6267874693472145e-06,Canada,CAN,,gcp,northamerica-northeast2,Linux-6.8.0-1032-gcp-x86_64-with-glibc2.35,3.12.11,3.0.4,2,Intel(R) Xeon(R) CPU @ 2.60GHz,,,,,15.61648178100586,machine,Y,1.0
2025-08-06T17:58:24,django-benchmark,cc2bac64-b796-48fe-8cbc-43b055fe444f,django_SCL001_871b0de2,1.0012235899921509,7.64551334352582e-08,7.636169802577023e-08,1.7000000000000002,0.0,10.0,2.3644225025782365e-07,0.0,1.3902627164497973e-06,1.626704966707621e-06,Canada,CAN,,gcp,northamerica-northeast2,Linux-6.8.0-1032-gcp-x86_64-with-glibc2.35,3.12.11,3.0.4,2,Intel(R) Xeon(R) CPU @ 2.60GHz,,,,,15.61648178100586,machine,Y,1.0
2025-08-06T17:58:26,django-benchmark,0f6b59ad-14d9-4c2a-b54a-107fc5428161,django_SCL001_871b0de2,1.0011667339131236,7.645566664553352e-08,7.63665671817737e-08,1.7000000000000002,0.0,10.0,2.364504254267862e-07,0.0,1.39026588618031e-06,1.626716311607096e-06,Canada,CAN,,gcp,northamerica-northeast2,Linux-6.8.0-1032-gcp-x86_64-with-glibc2.35,3.12.11,3.0.4,2,Intel(R) Xeon(R) CPU @ 2.60GHz,,,,,15.61648178100586,machine,Y,1.0
2025-08-06T17:58:27,django-benchmark,2076592f-5a69-4c10-a84f-7635a3d068c1,django_SCL001_871b0de2,1.001122048823163,7.645168480086918e-08,7.636599842220986e-08,1.7000000000000002,0.0,10.0,2.364269333193079e-07,0.0,1.3902046581885466e-06,1.6266315915078544e-06,Canada,CAN,,gcp,northamerica-northeast2,Linux-6.8.0-1032-gcp-x86_64-with-glibc2.35,3.12.11,3.0.4,2,Intel(R) Xeon(R) CPU @ 2.60GHz,,,,,15.61648178100586,machine,Y,1.0
2025-08-06T17:58:29,django-benchmark,e766611c-1795-4412-b3c5-f6a27aaee0d7,django_SCL001_871b0de2,1.001091041136533,7.663033707173503e-08,7.654682134078138e-08,1.7272709000000002,0.0,10.0,2.402315754366483e-07,0.0,1.3902011282172882e-06,1.6304327036539366e-06,Canada,CAN,,gcp,northamerica-northeast2,Linux-6.8.0-1032-gcp-x86_64-with-glibc2.35,3.12.11,3.0.4,2,Intel(R) Xeon(R) CPU @ 2.60GHz,,,,,15.61648178100586,machine,Y,1.0
2025-08-06T17:58:31,django-benchmark,d909cdbb-2b9f-401e-9042-155f0c0eb0f6,django_SCL001_871b0de2,1.0011844341643157,7.64543788171852e-08,7.636393076866136e-08,1.7000000000000002,0.0,10.0,2.3644923832034695e-07,0.0,1.3902396726835932e-06,1.62668891100394e-06,Canada,CAN,,gcp,northamerica-northeast2,Linux-6.8.0-1032-gcp-x86_64-with-glibc2.35,3.12.11,3.0.4,2,Intel(R) Xeon(R) CPU @ 2.60GHz,,,,,15.61648178100586,machine,Y,1.0
2025-08-06T17:58:32,django-benchmark,ed5b2f68-f4f6-44f7-8208-192b93032ef2,django_SCL001_871b0de2,1.0012540370225906,7.116681518185708e-08,7.107768113822985e-08,0.8899076096,0.0,10.0,1.237854681876998e-07,0.0,1.3904020888730883e-06,1.5141875570607885e-06,Canada,CAN,,gcp,northamerica-northeast2,Linux-6.8.0-1032-gcp-x86_64-with-glibc2.35,3.12.11,3.0.4,2,Intel(R) Xeon(R) CPU @ 2.60GHz,,,,,15.61648178100586,machine,Y,1.0
2025-08-06T17:58:33,django-benchmark,1640235a-7aba-4508-9ef1-1f934b92eda1,django_SCL001_871b0de2,1.0011460669338703,7.681397395356233e-08,7.672604077526303e-08,1.7550872000000004,0.0,10.0,2.440985520387448e-07,0.0,1.3902413193136454e-06,1.63433987135239e-06,Canada,CAN,,gcp,northamerica-northeast2,Linux-6.8.0-1032-gcp-x86_64-with-glibc2.35,3.12.11,3.0.4,2,Intel(R) Xeon(R) CPU @ 2.60GHz,,,,,15.61648178100586,machine,Y,1.0
2025-08-06T17:58:34,django-benchmark,8fb03d47-ca09-46d8-8b84-5d9dbf41944b,django_SCL001_871b0de2,1.0011470061726868,7.130922882737085e-08,7.122753041032496e-08,0.9125,0.0,10.0,1.2691602316934028e-07,0.0,1.3903016114555717e-06,1.5172176346249118e-06,Canada,CAN,,gcp,northamerica-northeast2,Linux-6.8.0-1032-gcp-x86_64-with-glibc2.35,3.12.11,3.0.4,2,Intel(R) Xeon(R) CPU @ 2.60GHz,,,,,15.61648178100586,machine,Y,1.0
2025-08-06T17:58:35,django-benchmark,db91a3fe-cb4d-4e6e-825d-f8e53a0802c4,django_SCL001_871b0de2,1.0011976170353591,7.645501644047907e-08,7.63635621375824e-08,1.7000000000000002,0.0,10.0,2.364401277154684e-07,0.0,1.3902623497415333e-06,1.6267024774570016e-06,Canada,CAN,,gcp,northamerica-northeast2,Linux-6.8.0-1032-gcp-x86_64-with-glibc2.35,3.12.11,3.0.4,2,Intel(R) Xeon(R) CPU @ 2.60GHz,,,,,15.61648178100586,machine,Y,1.0
2025-08-06T17:58:37,django-benchmark,98a19611-7d90-4073-a97a-58cadeb53f92,django_SCL001_871b0de2,1.0011411239393055,7.681125568731166e-08,7.67237044314727e-08,1.7550872000000004,0.0,10.0,2.440867885969676e-07,0.0,1.3901952473032806e-06,1.634282035900248e-06,Canada,CAN,,gcp,northamerica-northeast2,Linux-6.8.0-1032-gcp-x86_64-with-glibc2.35,3.12.11,3.0.4,2,Intel(R) Xeon(R) CPU @ 2.60GHz,,,,,15.61648178100586,machine,Y,1.0
2025-08-06T17:58:39,django-benchmark,d73330cc-0243-424a-9c1f-cb3930cbc927,django_SCL001_871b0de2,1.001175167970359,7.681642381990369e-08,7.67262575795107e-08,1.7550872000000004,0.0,10.0,2.441065961929083e-07,0.0,1.390285399975255e-06,1.6343919961681633e-06,Canada,CAN,,gcp,northamerica-northeast2,Linux-6.8.0-1032-gcp-x86_64-with-glibc2.35,3.12.11,3.0.4,2,Intel(R) Xeon(R) CPU @ 2.60GHz,,,,,15.61648178100586,machine,Y,1.0
2025-08-06T17:58:41,django-benchmark,b27fd4ee-a038-4c18-b3f4-7f9fe689c6d3,django_SCL001_871b0de2,1.0010595489293337,7.644690025167722e-08,7.636598675217644e-08,1.7000000000000002,0.0,10.0,2.364135925826203e-07,0.0,1.3901162000062563e-06,1.6265297925888769e-06,Canada,CAN,,gcp,northamerica-northeast2,Linux-6.8.0-1032-gcp-x86_64-with-glibc2.35,3.12.11,3.0.4,2,Intel(R) Xeon(R) CPU @ 2.60GHz,,,,,15.61648178100586,machine,Y,1.0
2025-08-06T17:58:43,django-benchmark,8e1a242d-2e5d-4b5a-b924-e8fe4b296a38,django_SCL001_871b0de2,1.0012565159704536,7.663055161749843e-08,7.65343849405318e-08,1.7272709000000002,0.0,10.0,2.402927491306188e-07,0.0,1.3901445193267945e-06,1.6304372684574132e-06,Canada,CAN,,gcp,northamerica-northeast2,Linux-6.8.0-1032-gcp-x86_64-with-glibc2.35,3.12.11,3.0.4,2,Intel(R) Xeon(R) CPU @ 2.60GHz,,,,,15.61648178100586,machine,Y,1.0
2025-08-06T17:58:45,django-benchmark,12fdebcb-c6b2-4b4c-8659-d9f21eb397c0,django_SCL001_871b0de2,1.0011152729857713,7.645359854923382e-08,7.636842690574e-08,1.7000000000000002,0.0,10.0,2.364373982612354e-07,0.0,1.3902349112969307e-06,1.6266723095581662e-06,Canada,CAN,,gcp,northamerica-northeast2,Linux-6.8.0-1032-gcp-x86_64-with-glibc2.35,3.12.11,3.0.4,2,Intel(R) Xeon(R) CPU @ 2.60GHz,,,,,15.61648178100586,machine,Y,1.0
2025-08-06T17:58:47,django-benchmark,ae0138c8-9138-4fc0-9a3f-9e98f118fc1c,django_SCL001_871b0de2,1.0011025110725311,7.645047386835277e-08,7.63662791999668e-08,1.7000000000000002,0.0,10.0,2.364358017091743e-07,0.0,1.390170025277055e-06,1.6266058269862292e-06,Canada,CAN,,gcp,northamerica-northeast2,Linux-6.8.0-1032-gcp-x86_64-with-glibc2.35,3.12.11,3.0.4,2,Intel(R) Xeon(R) CPU @ 2.60GHz,,,,,15.61648178100586,machine,Y,1.0
2025-08-06T17:58:49,django-benchmark,874d5136-33c9-4d19-bd91-f2452c54a751,django_SCL001_871b0de2,1.001108143012971,7.662923495892194e-08,7.654441280269269e-08,1.7272709000000002,0.0,10.0,2.402257987204649e-07,0.0,1.390183455724683e-06,1.6304092544451478e-06,Canada,CAN,,gcp,northamerica-northeast2,Linux-6.8.0-1032-gcp-x86_64-with-glibc2.35,3.12.11,3.0.4,2,Intel(R) Xeon(R) CPU @ 2.60GHz,,,,,15.61648178100586,machine,Y,1.0
2025-08-06T17:58:52,django-benchmark,4ac0c352-b36a-4bf8-a074-99db7b42efa6,django_SCL001_871b0de2,1.0011035958305,7.644744992302085e-08,7.636317584055945e-08,1.7000000000000002,0.0,10.0,2.364286294840794e-07,0.0,1.3901128582397682e-06,1.6265414877238475e-06,Canada,CAN,,gcp,northamerica-northeast2,Linux-6.8.0-1032-gcp-x86_64-with-glibc2.35,3.12.11,3.0.4,2,Intel(R) Xeon(R) CPU @ 2.60GHz,,,,,15.61648178100586,machine,Y,1.0
2025-08-06T17:58:54,django-benchmark,c03cab4e-2d6f-4c21-9cce-60ee1390bada,django_SCL001_871b0de2,1.0011599319987,7.644886154238419e-08,7.636028879997513e-08,1.7000000000000002,0.0,10.0,2.3646400804864245e-07,0.0,1.3901075141297449e-06,1.626571522178387e-06,Canada,CAN,,gcp,northamerica-northeast2,Linux-6.8.0-1032-gcp-x86_64-with-glibc2.35,3.12.11,3.0.4,2,Intel(R) Xeon(R) CPU @ 2.60GHz,,,,,15.61648178100586,machine,Y,1.0
2025-08-06T17:58:56,django-benchmark,1ed3594b-6bf1-417f-9a27-50a6a0fc7156,django_SCL001_871b0de2,1.001090724952519,7.662901978344951e-08,7.654552966424096e-08,1.7272709000000002,0.0,10.0,2.4021882624380445e-07,0.0,1.3901858499998022e-06,1.6304046762436066e-06,Canada,CAN,,gcp,northamerica-northeast2,Linux-6.8.0-1032-gcp-x86_64-with-glibc2.35,3.12.11,3.0.4,2,Intel(R) Xeon(R) CPU @ 2.60GHz,,,,,15.61648178100586,machine,Y,1.0
2025-08-06T17:58:58,django-benchmark,d85bf28e-a4f5-405f-b8c9-ee3a2c8a7462,django_SCL001_871b0de2,1.0011995499953628,7.646076707652536e-08,7.636915845285738e-08,1.7000000000000002,0.0,10.0,2.3646235091534135e-07,0.0,1.390362480500092e-06,1.6268248314154332e-06,Canada,CAN,,gcp,northamerica-northeast2,Linux-6.8.0-1032-gcp-x86_64-with-glibc2.35,3.12.11,3.0.4,2,Intel(R) Xeon(R) CPU @ 2.60GHz,,,,,15.61648178100586,machine,Y,1.0
2025-08-06T17:59:00,django-benchmark,da0b61e1-191f-468f-90ab-891cf2fb6fe0,django_SCL001_871b0de2,1.0012388268951329,7.646828300157278e-08,7.637366924603084e-08,1.7000000000000002,0.0,10.0,2.3649439168447215e-07,0.0,1.3904903530298424e-06,1.6269847447143143e-06,Canada,CAN,,gcp,northamerica-northeast2,Linux-6.8.0-1032-gcp-x86_64-with-glibc2.35,3.12.11,3.0.4,2,Intel(R) Xeon(R) CPU @ 2.60GHz,,,,,15.61648178100586,machine,Y,1.0
2025-08-06T17:59:02,django-benchmark,92a3f0c8-4c13-4045-b62f-0515819349db,django_SCL001_871b0de2,1.0011691539548335,7.663320146615759e-08,7.654371008479429e-08,1.7272709000000002,0.0,10.0,2.402477091544522e-07,0.0,1.3902459390616665e-06,1.630493648216119e-06,Canada,CAN,,gcp,northamerica-northeast2,Linux-6.8.0-1032-gcp-x86_64-with-glibc2.35,3.12.11,3.0.4,2,Intel(R) Xeon(R) CPU @ 2.60GHz,,,,,15.61648178100586,machine,Y,1.0
2025-08-06T17:59:04,django-benchmark,15aada58-0bd7-47c1-8807-330eae38e419,django_SCL001_871b0de2,1.0013644290156662,7.278361388408767e-08,7.268444112363109e-08,1.1359232,0.0,10.0,1.5804472096831933e-07,0.0,1.390542808480354e-06,1.5485875294486734e-06,Canada,CAN,,gcp,northamerica-northeast2,Linux-6.8.0-1032-gcp-x86_64-with-glibc2.35,3.12.11,3.0.4,2,Intel(R) Xeon(R) CPU @ 2.60GHz,,,,,15.61648178100586,machine,Y,1.0
2025-08-06T17:59:07,django-benchmark,030b80ff-578b-4ba2-9897-ab785bcd6be6,django_SCL001_871b0de2,1.001447844086215,7.058960182879431e-08,7.048754685093439e-08,0.8,0.0,10.0,1.113220971181161e-07,0.0,1.3905843247711246e-06,1.5019064218892409e-06,Canada,CAN,,gcp,northamerica-northeast2,Linux-6.8.0-1032-gcp-x86_64-with-glibc2.35,3.12.11,3.0.4,2,Intel(R) Xeon(R) CPU @ 2.60GHz,,,,,15.61648178100586,machine,Y,1.0
2025-08-06T17:59:09,django-benchmark,4d992279-285c-4266-89b9-4881b85d8f7b,django_SCL001_871b0de2,1.0013903111685067,7.059204835748152e-08,7.049403970676407e-08,0.8000072,0.0,10.0,1.1132103901639554e-07,0.0,1.3906374366747008e-06,1.5019584756910963e-06,Canada,CAN,,gcp,northamerica-northeast2,Linux-6.8.0-1032-gcp-x86_64-with-glibc2.35,3.12.11,3.0.4,2,Intel(R) Xeon(R) CPU @ 2.60GHz,,,,,15.61648178100586,machine,Y,1.0
2025-08-06T17:59:11,django-benchmark,dab4f15f-4b48-4c73-a140-7a1bffb4e0f7,django_SCL001_871b0de2,1.0013260249979794,7.058423355625322e-08,7.049076104498098e-08,0.8,0.0,10.0,1.1130027286708357e-07,0.0,1.390491930457453e-06,1.5017922033245366e-06,Canada,CAN,,gcp,northamerica-northeast2,Linux-6.8.0-1032-gcp-x86_64-with-glibc2.35,3.12.11,3.0.4,2,Intel(R) Xeon(R) CPU @ 2.60GHz,,,,,15.61648178100586,machine,Y,1.0
2025-08-06T17:59:13,django-benchmark,df07c3da-931b-40e5-8767-6a6f848e67de,django_SCL001_871b0de2,1.001378750894219,7.058513644671016e-08,7.048795112107036e-08,0.8000576,0.0,10.0,1.1131425560763602e-07,0.0,1.3904971581521548e-06,1.5018114137597908e-06,Canada,CAN,,gcp,northamerica-northeast2,Linux-6.8.0-1032-gcp-x86_64-with-glibc2.35,3.12.11,3.0.4,2,Intel(R) Xeon(R) CPU @ 2.60GHz,,,,,15.61648178100586,machine,Y,1.0
2025-08-06T17:59:15,django-benchmark,381073df-8bf8-4fab-aef2-02a4db9c24cf,django_SCL001_871b0de2,1.0014118971303103,7.058596689978408e-08,7.04864472871336e-08,0.8,0.0,10.0,1.1130612136589157e-07,0.0,1.390522961608238e-06,1.5018290829741294e-06,Canada,CAN,,gcp,northamerica-northeast2,Linux-6.8.0-1032-gcp-x86_64-with-glibc2.35,3.12.11,3.0.4,2,Intel(R) Xeon(R) CPU @ 2.60GHz,,,,,15.61648178100586,machine,Y,1.0
2025-08-06T17:59:17,django-benchmark,2f275aa9-217c-43fe-b104-b0ab5c8c6efc,django_SCL001_871b0de2,1.0014779700431973,7.059702559946003e-08,7.04928392947225e-08,0.8,0.0,10.0,1.1133163825919232e-07,0.0,1.3907327361974036e-06,1.502064374456596e-06,Canada,CAN,,gcp,northamerica-northeast2,Linux-6.8.0-1032-gcp-x86_64-with-glibc2.35,3.12.11,3.0.4,2,Intel(R) Xeon(R) CPU @ 2.60GHz,,,,,15.61648178100586,machine,Y,1.0
2025-08-06T17:59:19,django-benchmark,94f602d2-e989-44b1-8697-57b8439d37bd,django_SCL001_871b0de2,1.001368410885334,7.059105234944986e-08,7.049458678952996e-08,0.8,0.0,10.0,1.1131387022841309e-07,0.0,1.3906234138024352e-06,1.5019372840308482e-06,Canada,CAN,,gcp,northamerica-northeast2,Linux-6.8.0-1032-gcp-x86_64-with-glibc2.35,3.12.11,3.0.4,2,Intel(R) Xeon(R) CPU @ 2.60GHz,,,,,15.61648178100586,machine,Y,1.0
2025-08-06T17:59:22,django-benchmark,57bec85e-b273-4b1b-88bc-32faa057ca77,django_SCL001_871b0de2,1.0013081871438771,7.05889618968229e-08,7.04967389692181e-08,0.8,0.0,10.0,1.113056591194537e-07,0.0,1.3905871471959271e-06,1.5018928063153808e-06,Canada,CAN,,gcp,northamerica-northeast2,Linux-6.8.0-1032-gcp-x86_64-with-glibc2.35,3.12.11,3.0.4,2,Intel(R) Xeon(R) CPU @ 2.60GHz,,,,,15.61648178100586,machine,Y,1.0
2025-08-06T17:59:24,django-benchmark,eafadb28-ce2c-4766-84f5-f3c8331c9f0e,django_SCL001_871b0de2,1.001353266183287,7.058814296711029e-08,7.049274751573028e-08,0.8,0.0,10.0,1.113060653830568e-07,0.0,1.3905693168958855e-06,1.5018753822789424e-06,Canada,CAN,,gcp,northamerica-northeast2,Linux-6.8.0-1032-gcp-x86_64-with-glibc2.35,3.12.11,3.0.4,2,Intel(R) Xeon(R) CPU @ 2.60GHz,,,,,15.61648178100586,machine,Y,1.0
2025-08-06T17:59:26,django-benchmark,8e867381-2670-4374-8446-74b5fea573fe,django_SCL001_871b0de2,1.001395191065967,7.058329708856118e-08,7.048495710612165e-08,0.8,0.0,10.0,1.1130225932639505e-07,0.0,1.3904700191536298e-06,1.5017722784800248e-06,Canada,CAN,,gcp,northamerica-northeast2,Linux-6.8.0-1032-gcp-x86_64-with-glibc2.35,3.12.11,3.0.4,2,Intel(R) Xeon(R) CPU @ 2.60GHz,,,,,15.61648178100586,machine,Y,1.0
2025-08-06T17:59:28,django-benchmark,0d8c4fa2-0be9-48c8-89da-a597f76118ae,django_SCL001_871b0de2,1.0013087219558656,7.05853762467547e-08,7.049312035241202e-08,0.8,0.0,10.0,1.1130092401678365e-07,0.0,1.3905155918716142e-06,1.5018165158883978e-06,Canada,CAN,,gcp,northamerica-northeast2,Linux-6.8.0-1032-gcp-x86_64-with-glibc2.35,3.12.11,3.0.4,2,Intel(R) Xeon(R) CPU @ 2.60GHz,,,,,15.61648178100586,machine,Y,1.0
2025-08-06T17:59:30,django-benchmark,70a732f4-6805-4ca4-94ef-4d012091cd0d,django_SCL001_871b0de2,1.0013949850108474,7.058301917546325e-08,7.04846940837223e-08,0.8,0.0,10.0,1.1130116781633761e-07,0.0,1.3904651976190508e-06,1.5017663654353883e-06,Canada,CAN,,gcp,northamerica-northeast2,Linux-6.8.0-1032-gcp-x86_64-with-glibc2.35,3.12.11,3.0.4,2,Intel(R) Xeon(R) CPU @ 2.60GHz,,,,,15.61648178100586,machine,Y,1.0
2025-08-06T17:59:32,django-benchmark,18252d0c-3b65-4366-b1e7-ac3c3c55ae5f,django_SCL001_871b0de2,1.001411059172824,7.05911165206538e-08,7.049164863324237e-08,0.8,0.0,10.0,1.1131743000199397e-07,0.0,1.390621219373619e-06,1.5019386493756126e-06,Canada,CAN,,gcp,northamerica-northeast2,Linux-6.8.0-1032-gcp-x86_64-with-glibc2.35,3.12.11,3.0.4,2,Intel(R) Xeon(R) CPU @ 2.60GHz,,,,,15.61648178100586,machine,Y,1.0
2025-08-06T17:59:34,django-benchmark,0b8607d3-c2c5-4229-ab14-e6ca993d105d,django_SCL001_871b0de2,1.0013176591601225,7.058107678946627e-08,7.048819737052048e-08,0.8,0.0,10.0,1.113019795674417e-07,0.0,1.3904230585063085e-06,1.50172503807375e-06,Canada,CAN,,gcp,northamerica-northeast2,Linux-6.8.0-1032-gcp-x86_64-with-glibc2.35,3.12.11,3.0.4,2,Intel(R) Xeon(R) CPU @ 2.60GHz,,,,,15.61648178100586,machine,Y,1.0
2025-08-06T17:59:36,django-benchmark,2251438e-cfaa-41e6-822a-8634fbd7babd,django_SCL001_871b0de2,1.0013342341408134,7.058268321804807e-08,7.04886348748587e-08,0.8,0.0,10.0,1.1130153956926537e-07,0.0,1.3904576778360126e-06,1.501759217405278e-06,Canada,CAN,,gcp,northamerica-northeast2,Linux-6.8.0-1032-gcp-x86_64-with-glibc2.35,3.12.11,3.0.4,2,Intel(R) Xeon(R) CPU @ 2.60GHz,,,,,15.61648178100586,machine,Y,1.0
2025-08-06T17:59:39,django-benchmark,13301b98-4010-41ac-8696-0c93a6b5f604,django_SCL001_871b0de2,1.0015268451534212,7.06062720927617e-08,7.049863159878228e-08,0.8,0.0,10.0,1.113439360116091e-07,0.0,1.3909171723450225e-06,1.5022611083566315e-06,Canada,CAN,,gcp,northamerica-northeast2,Linux-6.8.0-1032-gcp-x86_64-with-glibc2.35,3.12.11,3.0.4,2,Intel(R) Xeon(R) CPU @ 2.60GHz,,,,,15.61648178100586,machine,Y,1.0
2025-08-06T17:59:41,django-benchmark,b2472fee-07ab-4972-9d43-b08a01520a87,django_SCL001_871b0de2,1.00133636710234,7.058696322052698e-08,7.049275901642425e-08,0.8000072,0.0,10.0,1.1130145348856422e-07,0.0,1.390548827799244e-06,1.5018502812878082e-06,Canada,CAN,,gcp,northamerica-northeast2,Linux-6.8.0-1032-gcp-x86_64-with-glibc2.35,3.12.11,3.0.4,2,Intel(R) Xeon(R) CPU @ 2.60GHz,,,,,15.61648178100586,machine,Y,1.0
2025-08-06T17:59:43,django-benchmark,5e51005d-4bcf-4f1a-b602-3a984700c0d0,django_SCL001_871b0de2,1.001373881008476,7.058350534347446e-08,7.048666505300735e-08,0.8000072,0.0,10.0,1.1130923977754497e-07,0.0,1.3904674696580818e-06,1.5017767094356268e-06,Canada,CAN,,gcp,northamerica-northeast2,Linux-6.8.0-1032-gcp-x86_64-with-glibc2.35,3.12.11,3.0.4,2,Intel(R) Xeon(R) CPU @ 2.60GHz,,,,,15.61648178100586,machine,Y,1.0
2025-08-06T17:59:45,django-benchmark,b9a42de5-57a6-4bf2-a4e6-e5f6b6f20055,django_SCL001_871b0de2,1.0013695990201086,7.05887135238542e-08,7.049216752029306e-08,0.8,0.0,10.0,1.1131197731528025e-07,0.0,1.3905755444688517e-06,1.5018875217841316e-06,Canada,CAN,,gcp,northamerica-northeast2,Linux-6.8.0-1032-gcp-x86_64-with-glibc2.35,3.12.11,3.0.4,2,Intel(R) Xeon(R) CPU @ 2.60GHz,,,,,15.61648178100586,machine,Y,1.0
2025-08-06T17:59:47,django-benchmark,825448d8-9362-4340-baf0-1ef5f77afa92,django_SCL001_871b0de2,1.0014152030926198,7.05888978054539e-08,7.048914135461275e-08,0.8000072,0.0,10.0,1.1131031737920228e-07,0.0,1.3905811252900297e-06,1.501891442669232e-06,Canada,CAN,,gcp,northamerica-northeast2,Linux-6.8.0-1032-gcp-x86_64-with-glibc2.35,3.12.11,3.0.4,2,Intel(R) Xeon(R) CPU @ 2.60GHz,,,,,15.61648178100586,machine,Y,1.0
2025-08-06T17:59:49,django-benchmark,e68681c1-c012-46b9-b41e-1e5ac6975d3e,django_SCL001_871b0de2,1.001309999031946,7.058641106198128e-08,7.049406390650583e-08,0.8,0.0,10.0,1.1129773356434373e-07,0.0,1.3905407996693006e-06,1.5018385332336444e-06,Canada,CAN,,gcp,northamerica-northeast2,Linux-6.8.0-1032-gcp-x86_64-with-glibc2.35,3.12.11,3.0.4,2,Intel(R) Xeon(R) CPU @ 2.60GHz,,,,,15.61648178100586,machine,Y,1.0
2025-08-06T17:59:51,django-benchmark,f09c8206-c2a5-47ee-a644-68e502f97921,django_SCL001_871b0de2,1.0013568790163845,7.05818515816555e-08,7.048621032192524e-08,0.8000072,0.0,10.0,1.1130414218929508e-07,0.0,1.390437380824652e-06,1.501741523013947e-06,Canada,CAN,,gcp,northamerica-northeast2,Linux-6.8.0-1032-gcp-x86_64-with-glibc2.35,3.12.11,3.0.4,2,Intel(R) Xeon(R) CPU @ 2.60GHz,,,,,15.61648178100586,machine,Y,1.0
2025-08-06T17:59:53,django-benchmark,f168b77a-8ab5-400d-a7ef-545d5462a252,django_SCL001_871b0de2,1.0014085951261222,7.059023801703006e-08,7.04909448157269e-08,0.8,0.0,10.0,1.1131171292314929e-07,0.0,1.390608244886001e-06,1.5019199578091505e-06,Canada,CAN,,gcp,northamerica-northeast2,Linux-6.8.0-1032-gcp-x86_64-with-glibc2.35,3.12.11,3.0.4,2,Intel(R) Xeon(R) CPU @ 2.60GHz,,,,,15.61648178100586,machine,Y,1.0
2025-08-06T17:59:56,django-benchmark,ff581b7f-5a1d-4ba1-9d06-8d6c9611211d,django_SCL001_871b0de2,1.0013431189581752,7.058332524378784e-08,7.048865060082968e-08,0.8,0.0,10.0,1.1129762485830324e-07,0.0,1.3904752526690977e-06,1.501772877527401e-06,Canada,CAN,,gcp,northamerica-northeast2,Linux-6.8.0-1032-gcp-x86_64-with-glibc2.35,3.12.11,3.0.4,2,Intel(R) Xeon(R) CPU @ 2.60GHz,,,,,15.61648178100586,machine,Y,1.0
2025-08-06T17:59:58,django-benchmark,ecba7d6b-86e6-4ce0-bf54-a3a2aa496e1d,django_SCL001_871b0de2,1.0013531970325855,7.058722999655744e-08,7.049184064697248e-08,0.8,0.0,10.0,1.1130381820516457e-07,0.0,1.3905521391683982e-06,1.5018559573735629e-06,Canada,CAN,,gcp,northamerica-northeast2,Linux-6.8.0-1032-gcp-x86_64-with-glibc2.35,3.12.11,3.0.4,2,Intel(R) Xeon(R) CPU @ 2.60GHz,,,,,15.61648178100586,machine,Y,1.0
2025-08-06T18:00:00,django-benchmark,874fad44-371d-4e35-a08c-1319c480c8bc,django_SCL001_871b0de2,1.001402399968356,7.058863096226318e-08,7.048977610248765e-08,0.8,0.0,10.0,1.1130568178163636e-07,0.0,1.3905800833728994e-06,1.5018857651545358e-06,Canada,CAN,,gcp,northamerica-northeast2,Linux-6.8.0-1032-gcp-x86_64-with-glibc2.35,3.12.11,3.0.4,2,Intel(R) Xeon(R) CPU @ 2.60GHz,,,,,15.61648178100586,machine,Y,1.0
2025-08-06T18:00:02,django-benchmark,9eb6f939-97d3-4345-b988-35fee7893770,django_SCL001_871b0de2,1.0013839709572494,7.058512244117446e-08,7.048756969187381e-08,0.8,0.0,10.0,1.1130453573746813e-07,0.0,1.3905065800322012e-06,1.5018111157696691e-06,Canada,CAN,,gcp,northamerica-northeast2,Linux-6.8.0-1032-gcp-x86_64-with-glibc2.35,3.12.11,3.0.4,2,Intel(R) Xeon(R) CPU @ 2.60GHz,,,,,15.61648178100586,machine,Y,1.0
2025-08-06T18:00:04,django-benchmark,9c5488e7-1a36-4d7d-8bc6-a37bb982dfed,django_SCL001_871b0de2,1.001356769120321,7.058460782525235e-08,7.04889705666643e-08,0.8,0.0,10.0,1.1130936914640997e-07,0.0,1.3904907973483203e-06,1.5018001664947305e-06,Canada,CAN,,gcp,northamerica-northeast2,Linux-6.8.0-1032-gcp-x86_64-with-glibc2.35,3.12.11,3.0.4,2,Intel(R) Xeon(R) CPU @ 2.60GHz,,,,,15.61648178100586,machine,Y,1.0
2025-08-06T18:00:06,django-benchmark,d65a83d5-6d2f-4b77-831a-f4b32a2554ba,django_SCL001_871b0de2,1.0014212240930649,7.05907556155386e-08,7.049057271526174e-08,0.8,0.0,10.0,1.1131331800586649e-07,0.0,1.390617652537508e-06,1.5019309705433745e-06,Canada,CAN,,gcp,northamerica-northeast2,Linux-6.8.0-1032-gcp-x86_64-with-glibc2.35,3.12.11,3.0.4,2,Intel(R) Xeon(R) CPU @ 2.60GHz,,,,,15.61648178100586,machine,Y,1.0
2025-08-06T18:00:08,django-benchmark,7fa0b151-07d7-4885-95ac-32360a4fde2c,django_SCL001_871b0de2,1.0014370970893651,7.058737602048657e-08,7.048608067910187e-08,0.8,0.0,10.0,1.1130935559049249e-07,0.0,1.3905497086751792e-06,1.5018590642656718e-06,Canada,CAN,,gcp,northamerica-northeast2,Linux-6.8.0-1032-gcp-x86_64-with-glibc2.35,3.12.11,3.0.4,2,Intel(R) Xeon(R) CPU @ 2.60GHz,,,,,15.61648178100586,machine,Y,1.0
2025-08-06T18:00:11,django-benchmark,748903ae-2115-449a-8b3c-22dd9696568e,django_SCL001_871b0de2,1.0013369829393923,7.05845214384608e-08,7.049027714053088e-08,0.8,0.0,10.0,1.113072646678322e-07,0.0,1.3904910638100572e-06,1.5017983284778892e-06,Canada,CAN,,gcp,northamerica-northeast2,Linux-6.8.0-1032-gcp-x86_64-with-glibc2.35,3.12.11,3.0.4,2,Intel(R) Xeon(R) CPU @ 2.60GHz,,,,,15.61648178100586,machine,Y,1.0
2025-08-06T18:00:13,django-benchmark,b897a40e-7d3d-40a0-975d-b9983954b495,django_SCL001_871b0de2,1.0013710448984057,7.059177259968905e-08,7.049512062419476e-08,0.8,0.0,10.0,1.1131873090441029e-07,0.0,1.390633877599612e-06,1.501952608504022e-06,Canada,CAN,,gcp,northamerica-northeast2,Linux-6.8.0-1032-gcp-x86_64-with-glibc2.35,3.12.11,3.0.4,2,Intel(R) Xeon(R) CPU @ 2.60GHz,,,,,15.61648178100586,machine,Y,1.0
2025-08-06T18:00:15,django-benchmark,b85c3693-755f-4389-91d7-178af592c1b2,django_SCL001_871b0de2,1.001470213988796,7.060441586983184e-08,7.050076465940879e-08,0.8,0.0,10.0,1.1133154533389545e-07,0.0,1.3908900689178458e-06,1.5022216142517412e-06,Canada,CAN,,gcp,northamerica-northeast2,Linux-6.8.0-1032-gcp-x86_64-with-glibc2.35,3.12.11,3.0.4,2,Intel(R) Xeon(R) CPU @ 2.60GHz,,,,,15.61648178100586,machine,Y,1.0
2025-08-06T18:00:17,django-benchmark,4c302d1b-cfe3-46a4-a88b-36732925259d,django_SCL001_871b0de2,1.0014474808704108,7.058971090172419e-08,7.048768133139736e-08,0.8,0.0,10.0,1.1131168198254373e-07,0.0,1.3905970606073324e-06,1.501908742589876e-06,Canada,CAN,,gcp,northamerica-northeast2,Linux-6.8.0-1032-gcp-x86_64-with-glibc2.35,3.12.11,3.0.4,2,Intel(R) Xeon(R) CPU @ 2.60GHz,,,,,15.61648178100586,machine,Y,1.0
2025-08-06T18:00:19,django-benchmark,23413126-3ada-4cf4-8bbc-88664d3e6b03,django_SCL001_871b0de2,1.00140681816265,7.059079456911423e-08,7.049162566980723e-08,0.8,0.0,10.0,1.1131218779418205e-07,0.0,1.3906196115486738e-06,1.501931799342856e-06,Canada,CAN,,gcp,northamerica-northeast2,Linux-6.8.0-1032-gcp-x86_64-with-glibc2.35,3.12.11,3.0.4,2,Intel(R) Xeon(R) CPU @ 2.60GHz,,,,,15.61648178100586,machine,Y,1.0
2025-08-06T18:00:21,django-benchmark,3a8b17ad-6066-45a2-9714-09584ea1670b,django_SCL001_871b0de2,1.001319780945778,7.544226138606699e-08,7.53428253607548e-08,1.5427643048,0.0,10.0,2.146435836599609e-07,0.0,1.3905109139159325e-06,1.6051544975758932e-06,Canada,CAN,,gcp,northamerica-northeast2,Linux-6.8.0-1032-gcp-x86_64-with-glibc2.35,3.12.11,3.0.4,2,Intel(R) Xeon(R) CPU @ 2.60GHz,,,,,15.61648178100586,machine,Y,1.0
2025-08-06T18:00:23,django-benchmark,59956d5c-f7f7-4af6-9831-4c22d7f334c3,django_SCL001_871b0de2,1.0013453408610076,7.059268538636137e-08,7.049784175922982e-08,0.8009550872000001,0.0,10.0,1.114392877082754e-07,0.0,1.3905327417887748e-06,1.5019720294970502e-06,Canada,CAN,,gcp,northamerica-northeast2,Linux-6.8.0-1032-gcp-x86_64-with-glibc2.35,3.12.11,3.0.4,2,Intel(R) Xeon(R) CPU @ 2.60GHz,,,,,15.61648178100586,machine,Y,1.0
2025-08-06T18:00:26,django-benchmark,17d22df5-018a-4ada-9ef7-3791d767ff5f,django_SCL001_871b0de2,1.001304048113525,7.646602902466355e-08,7.636644350807023e-08,1.7000000000000002,0.0,10.0,2.3647882923251017e-07,0.0,1.3904579585262885e-06,1.6269367877587986e-06,Canada,CAN,,gcp,northamerica-northeast2,Linux-6.8.0-1032-gcp-x86_64-with-glibc2.35,3.12.11,3.0.4,2,Intel(R) Xeon(R) CPU @ 2.60GHz,,,,,15.61648178100586,machine,Y,1.0
2025-08-06T18:00:28,django-benchmark,930c0fe1-4aa8-43c5-84fe-5e9ca75ef1b3,django_SCL001_871b0de2,1.001446307869628,7.058862964545067e-08,7.048668419938911e-08,0.8,0.0,10.0,1.1132813420974549e-07,0.0,1.3905576029275028e-06,1.5018857371372484e-06,Canada,CAN,,gcp,northamerica-northeast2,Linux-6.8.0-1032-gcp-x86_64-with-glibc2.35,3.12.11,3.0.4,2,Intel(R) Xeon(R) CPU @ 2.60GHz,,,,,15.61648178100586,machine,Y,1.0
2025-08-06T18:00:30,django-benchmark,2f002e91-5018-4247-83e1-a9b2759a5607,django_SCL001_871b0de2,1.0014186420012263,7.058597349357376e-08,7.048597912309218e-08,0.8,0.0,10.0,1.1131397288085688e-07,0.0,1.39051525038667e-06,1.5018292232675269e-06,Canada,CAN,,gcp,northamerica-northeast2,Linux-6.8.0-1032-gcp-x86_64-with-glibc2.35,3.12.11,3.0.4,2,Intel(R) Xeon(R) CPU @ 2.60GHz,,,,,15.61648178100586,machine,Y,1.0
2025-08-06T18:00:32,django-benchmark,6d87529a-8462-407e-92b9-0bf16b84153b,django_SCL001_871b0de2,1.0013394060079008,7.058288845355208e-08,7.048847576562383e-08,0.8,0.0,10.0,1.1129541467461325e-07,0.0,1.390468169443516e-06,1.5017635841181291e-06,Canada,CAN,,gcp,northamerica-northeast2,Linux-6.8.0-1032-gcp-x86_64-with-glibc2.35,3.12.11,3.0.4,2,Intel(R) Xeon(R) CPU @ 2.60GHz,,,,,15.61648178100586,machine,Y,1.0
2025-08-06T18:00:34,django-benchmark,60801526-2a00-4018-b705-93bedf5525d2,django_SCL001_871b0de2,1.001390195917338,7.05913617821514e-08,7.049336219782454e-08,0.8,0.0,10.0,1.113070648473998e-07,0.0,1.3906368028579488e-06,1.5019438677053486e-06,Canada,CAN,,gcp,northamerica-northeast2,Linux-6.8.0-1032-gcp-x86_64-with-glibc2.35,3.12.11,3.0.4,2,Intel(R) Xeon(R) CPU @ 2.60GHz,,,,,15.61648178100586,machine,Y,1.0
2025-08-06T18:00:36,django-benchmark,892b88d9-3711-494c-89f9-5eab197a550d,django_SCL001_871b0de2,1.001363991992548,7.058664681969167e-08,7.04904983443992e-08,0.8000072,0.0,10.0,1.1130181060224545e-07,0.0,1.3905417387528963e-06,1.501843549355142e-06,Canada,CAN,,gcp,northamerica-northeast2,Linux-6.8.0-1032-gcp-x86_64-with-glibc2.35,3.12.11,3.0.4,2,Intel(R) Xeon(R) CPU @ 2.60GHz,,,,,15.61648178100586,machine,Y,1.0
2025-08-06T18:00:38,django-benchmark,c9cd5632-c52c-4b66-a265-9079c5ba8f3f,django_SCL001_871b0de2,1.0014355001039803,7.05956452042382e-08,7.049445041333981e-08,0.8,0.0,10.0,1.1131813490970269e-07,0.0,1.3907168694357906e-06,1.5020350043454932e-06,Canada,CAN,,gcp,northamerica-northeast2,Linux-6.8.0-1032-gcp-x86_64-with-glibc2.35,3.12.11,3.0.4,2,Intel(R) Xeon(R) CPU @ 2.60GHz,,,,,15.61648178100586,machine,Y,1.0
2025-08-06T18:00:41,django-benchmark,de9b7d4d-2a63-4d02-b804-a8b992fb29e6,django_SCL001_871b0de2,1.0014171078801155,7.059015438545289e-08,7.04902620795885e-08,0.8,0.0,10.0,1.1130788979224033e-07,0.0,1.3906102886216507e-06,1.501918178413891e-06,Canada,CAN,,gcp,northamerica-northeast2,Linux-6.8.0-1032-gcp-x86_64-with-glibc2.35,3.12.11,3.0.4,2,Intel(R) Xeon(R) CPU @ 2.60GHz,,,,,15.61648178100586,machine,Y,1.0
2025-08-06T18:00:43,django-benchmark,1d79d18e-00c7-469e-8313-7a33f14b0e47,django_SCL001_871b0de2,1.001492306124419,7.060108965384354e-08,7.049588820812419e-08,0.8000072,0.0,10.0,1.1132884864039082e-07,0.0,1.390821995058407e-06,1.5021508436987982e-06,Canada,CAN,,gcp,northamerica-northeast2,Linux-6.8.0-1032-gcp-x86_64-with-glibc2.35,3.12.11,3.0.4,2,Intel(R) Xeon(R) CPU @ 2.60GHz,,,,,15.61648178100586,machine,Y,1.0
2025-08-06T18:00:45,django-benchmark,4e083209-760d-4eaf-9ec9-de9abd3f083c,django_SCL001_871b0de2,1.0012772839982065,7.058372254059133e-08,7.049368208848509e-08,0.8,0.0,10.0,1.112968611220519e-07,0.0,1.3904844695288274e-06,1.5017813306508794e-06,Canada,CAN,,gcp,northamerica-northeast2,Linux-6.8.0-1032-gcp-x86_64-with-glibc2.35,3.12.11,3.0.4,2,Intel(R) Xeon(R) CPU @ 2.60GHz,,,,,15.61648178100586,machine,Y,1.0
2025-08-06T18:00:47,django-benchmark,a490c196-6482-4204-ae5f-51f97f4d9307,django_SCL001_871b0de2,1.00137525703758,7.059068956430482e-08,7.049374254875928e-08,0.8000072,0.0,10.0,1.11310684478821e-07,0.0,1.3906188807191536e-06,1.5019295651979746e-06,Canada,CAN,,gcp,northamerica-northeast2,Linux-6.8.0-1032-gcp-x86_64-with-glibc2.35,3.12.11,3.0.4,2,Intel(R) Xeon(R) CPU @ 2.60GHz,,,,,15.61648178100586,machine,Y,1.0
2025-08-06T18:00:49,django-benchmark,5cc6d9a6-fd21-422c-82e3-3dee85cdbd1a,django_SCL001_871b0de2,1.0014190648216754,7.05882300202114e-08,7.048820269142886e-08,0.8,0.0,10.0,1.1131510686957177e-07,0.0,1.390562127603011e-06,1.5018772344725827e-06,Canada,CAN,,gcp,northamerica-northeast2,Linux-6.8.0-1032-gcp-x86_64-with-glibc2.35,3.12.11,3.0.4,2,Intel(R) Xeon(R) CPU @ 2.60GHz,,,,,15.61648178100586,machine,Y,1.0
2025-08-06T18:00:51,django-benchmark,fadb7266-0a23-4ce3-9f05-1f71ea89ca4d,django_SCL001_871b0de2,1.0013999121729285,7.058690841100179e-08,7.048823107826713e-08,0.8,0.0,10.0,1.1130967622415889e-07,0.0,1.390539438903539e-06,1.5018491151276978e-06,Canada,CAN,,gcp,northamerica-northeast2,Linux-6.8.0-1032-gcp-x86_64-with-glibc2.35,3.12.11,3.0.4,2,Intel(R) Xeon(R) CPU @ 2.60GHz,,,,,15.61648178100586,machine,Y,1.0
2025-08-06T18:00:53,django-benchmark,c5237114-3877-48b7-9556-ecbac9b0be2f,django_SCL001_871b0de2,1.0013031179551035,7.058588982673568e-08,7.049402779339055e-08,0.8,0.0,10.0,1.113015206841131e-07,0.0,1.3905259224379229e-06,1.501827443122036e-06,Canada,CAN,,gcp,northamerica-northeast2,Linux-6.8.0-1032-gcp-x86_64-with-glibc2.35,3.12.11,3.0.4,2,Intel(R) Xeon(R) CPU @ 2.60GHz,,,,,15.61648178100586,machine,Y,1.0
2025-08-06T18:00:55,django-benchmark,2a4eabfd-ed2f-4a97-bbe3-034986902e6e,django_SCL001_871b0de2,1.0013900329358876,7.05874991333371e-08,7.048951638392865e-08,0.8,0.0,10.0,1.1131297553785977e-07,0.0,1.3905487081501634e-06,1.5018616836880233e-06,Canada,CAN,,gcp,northamerica-northeast2,Linux-6.8.0-1032-gcp-x86_64-with-glibc2.35,3.12.11,3.0.4,2,Intel(R) Xeon(R) CPU @ 2.60GHz,,,,,15.61648178100586,machine,Y,1.0
2025-08-06T18:00:58,django-benchmark,a7f64e3a-f57d-462c-b39d-9911efddd542,django_SCL001_871b0de2,1.0014287191443143,7.059329072478773e-08,7.049257663102291e-08,0.8000072,0.0,10.0,1.1132174522396365e-07,0.0,1.390663163814073e-06,1.5019849090380366e-06,Canada,CAN,,gcp,northamerica-northeast2,Linux-6.8.0-1032-gcp-x86_64-with-glibc2.35,3.12.11,3.0.4,2,Intel(R) Xeon(R) CPU @ 2.60GHz,,,,,15.61648178100586,machine,Y,1.0
2025-08-06T18:01:00,django-benchmark,2f26955f-2101-4654-a54a-eea99352e735,django_SCL001_871b0de2,1.0013387689832598,7.058698749027421e-08,7.049261416488138e-08,0.8,0.0,10.0,1.113031062090563e-07,0.0,1.3905476914563523e-06,1.5018507976654089e-06,Canada,CAN,,gcp,northamerica-northeast2,Linux-6.8.0-1032-gcp-x86_64-with-glibc2.35,3.12.11,3.0.4,2,Intel(R) Xeon(R) CPU @ 2.60GHz,,,,,15.61648178100586,machine,Y,1.0
2025-08-06T18:01:02,django-benchmark,fbab4de5-bfc6-489b-8c15-6eaa13371a81,django_SCL001_871b0de2,1.0013847381342202,7.058837631893241e-08,7.049076506843179e-08,0.8,0.0,10.0,1.1130532467116913e-07,0.0,1.3905750225401587e-06,1.501880347211328e-06,Canada,CAN,,gcp,northamerica-northeast2,Linux-6.8.0-1032-gcp-x86_64-with-glibc2.35,3.12.11,3.0.4,2,Intel(R) Xeon(R) CPU @ 2.60GHz,,,,,15.61648178100586,machine,Y,1.0
2025-08-06T18:01:04,django-benchmark,e9dc6245-bab1-4021-acf0-6eda54bf7bf6,django_SCL001_871b0de2,1.0014689690433445,7.059225598660608e-08,7.048871025333867e-08,0.8,0.0,10.0,1.1131694022980001e-07,0.0,1.3906459531022443e-06,1.5019628933320445e-06,Canada,CAN,,gcp,northamerica-northeast2,Linux-6.8.0-1032-gcp-x86_64-with-glibc2.35,3.12.11,3.0.4,2,Intel(R) Xeon(R) CPU @ 2.60GHz,,,,,15.61648178100586,machine,Y,1.0
2025-08-06T18:01:06,django-benchmark,80791638-d9b0-4675-8dac-a7e0a198bdb9,django_SCL001_871b0de2,1.001580665819347,7.061053984364454e-08,7.049910431915269e-08,0.8000576,0.0,10.0,1.113612009565876e-07,0.0,1.390990710610317e-06,1.5023519115669045e-06,Canada,CAN,,gcp,northamerica-northeast2,Linux-6.8.0-1032-gcp-x86_64-with-glibc2.35,3.12.11,3.0.4,2,Intel(R) Xeon(R) CPU @ 2.60GHz,,,,,15.61648178100586,machine,Y,1.0
2025-08-06T18:01:08,django-benchmark,f730d801-ae16-40bb-be66-197f297d6e70,django_SCL001_871b0de2,1.0013703668955714,7.059215061485562e-08,7.049554585253407e-08,0.8,0.0,10.0,1.1130952685036597e-07,0.0,1.3906511245295405e-06,1.5019606513799064e-06,Canada,CAN,,gcp,northamerica-northeast2,Linux-6.8.0-1032-gcp-x86_64-with-glibc2.35,3.12.11,3.0.4,2,Intel(R) Xeon(R) CPU @ 2.60GHz,,,,,15.61648178100586,machine,Y,1.0
2025-08-06T18:01:10,django-benchmark,f8d04499-4259-46f9-830c-2ce5e2b1f4ad,django_SCL001_871b0de2,1.001379705965519,7.058272358449178e-08,7.048547435504168e-08,0.8,0.0,10.0,1.1130404311956632e-07,0.0,1.390456033146216e-06,1.5017600762657824e-06,Canada,CAN,,gcp,northamerica-northeast2,Linux-6.8.0-1032-gcp-x86_64-with-glibc2.35,3.12.11,3.0.4,2,Intel(R) Xeon(R) CPU @ 2.60GHz,,,,,15.61648178100586,machine,Y,1.0
2025-08-06T18:01:13,django-benchmark,87a6155b-f839-4ed8-98ec-13d4be9a0623,django_SCL001_871b0de2,1.001476339995861,7.059667171369722e-08,7.04926006679189e-08,0.8,0.0,10.0,1.1133218670470848e-07,0.0,1.3907246582675726e-06,1.502056844972281e-06,Canada,CAN,,gcp,northamerica-northeast2,Linux-6.8.0-1032-gcp-x86_64-with-glibc2.35,3.12.11,3.0.4,2,Intel(R) Xeon(R) CPU @ 2.60GHz,,,,,15.61648178100586,machine,Y,1.0
2025-08-06T18:01:15,django-benchmark,e38e88cd-7caf-464d-8283-9413f8d1b2d2,django_SCL001_871b0de2,1.0013736051041633,7.05867792892063e-08,7.04899539286976e-08,0.8,0.0,10.0,1.113070537750092e-07,0.0,1.3905393140804435e-06,1.501846367855453e-06,Canada,CAN,,gcp,northamerica-northeast2,Linux-6.8.0-1032-gcp-x86_64-with-glibc2.35,3.12.11,3.0.4,2,Intel(R) Xeon(R) CPU @ 2.60GHz,,,,,15.61648178100586,machine,Y,1.0
2025-08-06T18:01:17,django-benchmark,61c5f834-31ca-47d3-b8cf-2f380d42d5b3,django_SCL001_871b0de2,1.001409247983247,7.058763020785732e-08,7.04882947206797e-08,0.8,0.0,10.0,1.1130668331558505e-07,0.0,1.3905577891920177e-06,1.5018644725076023e-06,Canada,CAN,,gcp,northamerica-northeast2,Linux-6.8.0-1032-gcp-x86_64-with-glibc2.35,3.12.11,3.0.4,2,Intel(R) Xeon(R) CPU @ 2.60GHz,,,,,15.61648178100586,machine,Y,1.0
2025-08-06T18:01:19,django-benchmark,a8064d9d-8d81-4803-95b3-59c61ac3dd21,django_SCL001_871b0de2,1.0013166619464755,7.058495744809302e-08,7.04921431257139e-08,0.8,0.0,10.0,1.1129834446021253e-07,0.0,1.3905092608183624e-06,1.5018076052785749e-06,Canada,CAN,,gcp,northamerica-northeast2,Linux-6.8.0-1032-gcp-x86_64-with-glibc2.35,3.12.11,3.0.4,2,Intel(R) Xeon(R) CPU @ 2.60GHz,,,,,15.61648178100586,machine,Y,1.0
2025-08-06T18:01:21,django-benchmark,d0992e9b-33b8-48b7-bc7a-58584ad2cccb,django_SCL001_871b0de2,1.001361102098599,7.058844256323453e-08,7.049249508024531e-08,0.8,0.0,10.0,1.1130488958830637e-07,0.0,1.390576867076258e-06,1.501881756664564e-06,Canada,CAN,,gcp,northamerica-northeast2,Linux-6.8.0-1032-gcp-x86_64-with-glibc2.35,3.12.11,3.0.4,2,Intel(R) Xeon(R) CPU @ 2.60GHz,,,,,15.61648178100586,machine,Y,1.0
2025-08-06T18:01:23,django-benchmark,37d040c5-12c1-43c4-81f4-6900b03fb7ce,django_SCL001_871b0de2,1.0014157539699229,7.059239357709887e-08,7.049259340813115e-08,0.8,0.0,10.0,1.1131351529103189e-07,0.0,1.3906523054983054e-06,1.5019658207893374e-06,Canada,CAN,,gcp,northamerica-northeast2,Linux-6.8.0-1032-gcp-x86_64-with-glibc2.35,3.12.11,3.0.4,2,Intel(R) Xeon(R) CPU @ 2.60GHz,,,,,15.61648178100586,machine,Y,1.0
2025-08-06T18:01:25,django-benchmark,0952e8fc-69e0-444c-806e-c05757bf92e6,django_SCL001_871b0de2,1.0014291210100057,7.059347667180312e-08,7.049273402455589e-08,0.8,0.0,10.0,1.113101846745445e-07,0.0,1.3906786806829686e-06,1.501988865357513e-06,Canada,CAN,,gcp,northamerica-northeast2,Linux-6.8.0-1032-gcp-x86_64-with-glibc2.35,3.12.11,3.0.4,2,Intel(R) Xeon(R) CPU @ 2.60GHz,,,,,15.61648178100586,machine,Y,1.0
2025-08-06T18:01:27,django-benchmark,a51a974b-75f2-48ea-a5f5-4a55cd58d1d5,django_SCL001_871b0de2,1.001338619971648,7.05842500449831e-08,7.048989086926624e-08,0.8,0.0,10.0,1.1130513219783704e-07,0.0,1.3904874219507395e-06,1.5017925541485766e-06,Canada,CAN,,gcp,northamerica-northeast2,Linux-6.8.0-1032-gcp-x86_64-with-glibc2.35,3.12.11,3.0.4,2,Intel(R) Xeon(R) CPU @ 2.60GHz,,,,,15.61648178100586,machine,Y,1.0
2025-08-06T18:01:30,django-benchmark,2ebf4ec1-2ae0-41b8-a80c-2604ac033d4a,django_SCL001_871b0de2,1.001335941022262,7.058271471015843e-08,7.048854616973067e-08,0.8000072,0.0,10.0,1.113009148170871e-07,0.0,1.390458972633092e-06,1.501759887450179e-06,Canada,CAN,,gcp,northamerica-northeast2,Linux-6.8.0-1032-gcp-x86_64-with-glibc2.35,3.12.11,3.0.4,2,Intel(R) Xeon(R) CPU @ 2.60GHz,,,,,15.61648178100586,machine,Y,1.0
2025-08-06T18:01:32,django-benchmark,dae55395-740a-45bd-930d-8a537bbb4e98,django_SCL001_871b0de2,1.0013672928325832,7.058599461364146e-08,7.048961466873335e-08,0.8,0.0,10.0,1.113101006485522e-07,0.0,1.3905195719821171e-06,1.5018296726306694e-06,Canada,CAN,,gcp,northamerica-northeast2,Linux-6.8.0-1032-gcp-x86_64-with-glibc2.35,3.12.11,3.0.4,2,Intel(R) Xeon(R) CPU @ 2.60GHz,,,,,15.61648178100586,machine,Y,1.0
2025-08-06T18:01:34,django-benchmark,741641f1-3ab0-4f76-97e1-b4cdf2dced3a,django_SCL001_871b0de2,1.0014517719391731,7.059094402307852e-08,7.048861063612569e-08,0.8,0.0,10.0,1.113146931036479e-07,0.0,1.3906202861107885e-06,1.5019349792144365e-06,Canada,CAN,,gcp,northamerica-northeast2,Linux-6.8.0-1032-gcp-x86_64-with-glibc2.35,3.12.11,3.0.4,2,Intel(R) Xeon(R) CPU @ 2.60GHz,,,,,15.61648178100586,machine,Y,1.0
2025-08-06T18:01:36,django-benchmark,f2677b45-3bec-4c65-bfc4-6808d8ebc315,django_SCL001_871b0de2,1.0013112898450345,7.058256170166552e-08,7.049012871171069e-08,0.8,0.0,10.0,1.1130352664945854e-07,0.0,1.390453105300872e-06,1.5017566319503304e-06,Canada,CAN,,gcp,northamerica-northeast2,Linux-6.8.0-1032-gcp-x86_64-with-glibc2.35,3.12.11,3.0.4,2,Intel(R) Xeon(R) CPU @ 2.60GHz,,,,,15.61648178100586,machine,Y,1.0
2025-08-06T18:01:38,django-benchmark,99115d93-5e98-4221-8e9b-94848ed2cbac,django_SCL001_871b0de2,1.0013685019221157,7.058456784767027e-08,7.048810474084611e-08,0.8000072,0.0,10.0,1.1131076602202028e-07,0.0,1.3904885498858577e-06,1.5017993159078778e-06,Canada,CAN,,gcp,northamerica-northeast2,Linux-6.8.0-1032-gcp-x86_64-with-glibc2.35,3.12.11,3.0.4,2,Intel(R) Xeon(R) CPU @ 2.60GHz,,,,,15.61648178100586,machine,Y,1.0
2025-08-06T18:01:40,django-benchmark,5489487a-0c9c-400e-aff0-30a1fb320c39,django_SCL001_871b0de2,1.0012969998642802,7.058630548109715e-08,7.04948736395542e-08,0.8,0.0,10.0,1.1130042575920625e-07,0.0,1.390535861072648e-06,1.5018362868318542e-06,Canada,CAN,,gcp,northamerica-northeast2,Linux-6.8.0-1032-gcp-x86_64-with-glibc2.35,3.12.11,3.0.4,2,Intel(R) Xeon(R) CPU @ 2.60GHz,,,,,15.61648178100586,machine,Y,1.0
2025-08-06T18:01:42,django-benchmark,59c817b2-b2e7-46bc-b268-445797a03071,django_SCL001_871b0de2,1.0013327249325812,7.05834547023858e-08,7.048951157282722e-08,0.8,0.0,10.0,1.1130013999839625e-07,0.0,1.3904754919672591e-06,1.5017756319656554e-06,Canada,CAN,,gcp,northamerica-northeast2,Linux-6.8.0-1032-gcp-x86_64-with-glibc2.35,3.12.11,3.0.4,2,Intel(R) Xeon(R) CPU @ 2.60GHz,,,,,15.61648178100586,machine,Y,1.0
2025-08-06T18:01:44,django-benchmark,6f5088e2-6a76-4433-b0e9-8c03497aaf67,django_SCL001_871b0de2,1.0012892468366772,7.057857106305245e-08,7.048769502521651e-08,0.8,0.0,10.0,1.1129496396622725e-07,0.0,1.3903767607795694e-06,1.5016717247457965e-06,Canada,CAN,,gcp,northamerica-northeast2,Linux-6.8.0-1032-gcp-x86_64-with-glibc2.35,3.12.11,3.0.4,2,Intel(R) Xeon(R) CPU @ 2.60GHz,,,,,15.61648178100586,machine,Y,1.0
2025-08-06T18:01:47,django-benchmark,6b40f149-a6bc-4149-bd03-427ed6581e4f,django_SCL001_871b0de2,1.0013777138665318,7.058899511255259e-08,7.049187747547678e-08,0.8004608000000001,0.0,10.0,1.113718908477492e-07,0.0,1.3905216221852848e-06,1.501893513033034e-06,Canada,CAN,,gcp,northamerica-northeast2,Linux-6.8.0-1032-gcp-x86_64-with-glibc2.35,3.12.11,3.0.4,2,Intel(R) Xeon(R) CPU @ 2.60GHz,,,,,15.61648178100586,machine,Y,1.0
2025-08-06T18:01:49,django-benchmark,0a595146-549a-47a5-a10a-6a6bbe9a53ff,django_SCL001_871b0de2,1.0013958681374788,7.058818848261182e-08,7.048979402511471e-08,0.8000072,0.0,10.0,1.113135782793247e-07,0.0,1.3905627724145436e-06,1.5018763506938682e-06,Canada,CAN,,gcp,northamerica-northeast2,Linux-6.8.0-1032-gcp-x86_64-with-glibc2.35,3.12.11,3.0.4,2,Intel(R) Xeon(R) CPU @ 2.60GHz,,,,,15.61648178100586,machine,Y,1.0
2025-08-06T18:01:51,django-benchmark,37420995-755f-4536-97ea-456418325422,django_SCL001_871b0de2,1.0013697708491236,7.058587926062238e-08,7.048932503801091e-08,0.8,0.0,10.0,1.113102766685188e-07,0.0,1.3905169416425956e-06,1.5018272183111144e-06,Canada,CAN,,gcp,northamerica-northeast2,Linux-6.8.0-1032-gcp-x86_64-with-glibc2.35,3.12.11,3.0.4,2,Intel(R) Xeon(R) CPU @ 2.60GHz,,,,,15.61648178100586,machine,Y,1.0
2025-08-06T18:01:53,django-benchmark,6993fc8d-8b0f-4703-9ea7-12ef83635956,django_SCL001_871b0de2,1.0013779778964818,7.058348633020393e-08,7.048635768730732e-08,0.8,0.0,10.0,1.1130171062217818e-07,0.0,1.3904745942757776e-06,1.501776304897956e-06,Canada,CAN,,gcp,northamerica-northeast2,Linux-6.8.0-1032-gcp-x86_64-with-glibc2.35,3.12.11,3.0.4,2,Intel(R) Xeon(R) CPU @ 2.60GHz,,,,,15.61648178100586,machine,Y,1.0
2025-08-06T18:01:55,django-benchmark,16853f25-0b1b-40c9-976c-672b319f4dfa,django_SCL001_871b0de2,1.001366290031001,7.058974443898042e-08,7.049342996836356e-08,0.8000072,0.0,10.0,1.1130669507092813e-07,0.0,1.3906027610775912e-06,1.5019094561485194e-06,Canada,CAN,,gcp,northamerica-northeast2,Linux-6.8.0-1032-gcp-x86_64-with-glibc2.35,3.12.11,3.0.4,2,Intel(R) Xeon(R) CPU @ 2.60GHz,,,,,15.61648178100586,machine,Y,1.0
2025-08-06T18:01:57,django-benchmark,f1935da4-11b5-4e1a-b675-8d258f071455,django_SCL001_871b0de2,1.0015044989995658,7.06031733167927e-08,7.049711048459635e-08,0.8,0.0,10.0,1.113419573650592e-07,0.0,1.3908532195879767e-06,1.502195176953036e-06,Canada,CAN,,gcp,northamerica-northeast2,Linux-6.8.0-1032-gcp-x86_64-with-glibc2.35,3.12.11,3.0.4,2,Intel(R) Xeon(R) CPU @ 2.60GHz,,,,,15.61648178100586,machine,Y,1.0
2025-08-06T18:01:59,django-benchmark,ecc633c4-9862-4576-9453-e66434966b8b,django_SCL001_871b0de2,1.0015091968234628,7.060205879610861e-08,7.049566695946548e-08,0.8,0.0,10.0,1.1133992263219425e-07,0.0,1.3908315411147974e-06,1.5021714637469915e-06,Canada,CAN,,gcp,northamerica-northeast2,Linux-6.8.0-1032-gcp-x86_64-with-glibc2.35,3.12.11,3.0.4,2,Intel(R) Xeon(R) CPU @ 2.60GHz,,,,,15.61648178100586,machine,Y,1.0
2025-08-06T18:02:02,django-benchmark,5ab0ab80-43d8-4e8a-9710-515fd1e7be40,django_SCL001_871b0de2,1.0014862241223454,7.059360925524704e-08,7.048884703043408e-08,0.8,0.0,10.0,1.1131006934576565e-07,0.0,1.390681616936086e-06,1.5019916862818516e-06,Canada,CAN,,gcp,northamerica-northeast2,Linux-6.8.0-1032-gcp-x86_64-with-glibc2.35,3.12.11,3.0.4,2,Intel(R) Xeon(R) CPU @ 2.60GHz,,,,,15.61648178100586,machine,Y,1.0
2025-08-06T18:02:04,django-benchmark,7d60aaae-c3ac-40e4-8808-d6b111c1633d,django_SCL001_871b0de2,1.0014433150645343,7.059141752599842e-08,7.048967871082089e-08,0.8,0.0,10.0,1.1130674266152913e-07,0.0,1.390638311083118e-06,1.5019450537446472e-06,Canada,CAN,,gcp,northamerica-northeast2,Linux-6.8.0-1032-gcp-x86_64-with-glibc2.35,3.12.11,3.0.4,2,Intel(R) Xeon(R) CPU @ 2.60GHz,,,,,15.61648178100586,machine,Y,1.0
2025-08-06T18:02:06,django-benchmark,68be9bd5-e9a2-4262-99b3-edb4680bd0f9,django_SCL001_871b0de2,1.0013245409354568,7.058561610846989e-08,7.049224624268914e-08,0.8,0.0,10.0,1.1130364999795953e-07,0.0,1.3905179693311868e-06,1.5018216193291463e-06,Canada,CAN,,gcp,northamerica-northeast2,Linux-6.8.0-1032-gcp-x86_64-with-glibc2.35,3.12.11,3.0.4,2,Intel(R) Xeon(R) CPU @ 2.60GHz,,,,,15.61648178100586,machine,Y,1.0
2025-08-06T18:02:08,django-benchmark,5ea82b02-5195-41d8-a8da-4c76cc8a2eef,django_SCL001_871b0de2,1.0013158749789,7.05846786388817e-08,7.04919200850272e-08,0.8,0.0,10.0,1.1129977885219789e-07,0.0,1.390501894315498e-06,1.5018016731676958e-06,Canada,CAN,,gcp,northamerica-northeast2,Linux-6.8.0-1032-gcp-x86_64-with-glibc2.35,3.12.11,3.0.4,2,Intel(R) Xeon(R) CPU @ 2.60GHz,,,,,15.61648178100586,machine,Y,1.0
2025-08-06T18:02:10,django-benchmark,47056955-95d5-423f-93a2-9d218eac49d4,django_SCL001_871b0de2,1.0013766589108857,7.059456917022665e-08,7.04975181336926e-08,0.8,0.0,10.0,1.113082713240551e-07,0.0,1.3907038386807674e-06,1.5020121100048224e-06,Canada,CAN,,gcp,northamerica-northeast2,Linux-6.8.0-1032-gcp-x86_64-with-glibc2.35,3.12.11,3.0.4,2,Intel(R) Xeon(R) CPU @ 2.60GHz,,,,,15.61648178100586,machine,Y,1.0
2025-08-06T18:02:12,django-benchmark,db0f5cad-1a40-4719-bbf7-810b573fa96f,django_SCL001_871b0de2,1.0013844419736415,7.059325772466966e-08,7.049566057321252e-08,0.8,0.0,10.0,1.1131537043386037e-07,0.0,1.3906688364740048e-06,1.5019842069078652e-06,Canada,CAN,,gcp,northamerica-northeast2,Linux-6.8.0-1032-gcp-x86_64-with-glibc2.35,3.12.11,3.0.4,2,Intel(R) Xeon(R) CPU @ 2.60GHz,,,,,15.61648178100586,machine,Y,1.0
2025-08-06T18:02:14,django-benchmark,73911b05-a93c-4004-9167-06054b6e4606,django_SCL001_871b0de2,1.001374437008053,7.058751621542291e-08,7.049063128306645e-08,0.8,0.0,10.0,1.1130684753879905e-07,0.0,1.3905551995978588e-06,1.5018620471366578e-06,Canada,CAN,,gcp,northamerica-northeast2,Linux-6.8.0-1032-gcp-x86_64-with-glibc2.35,3.12.11,3.0.4,2,Intel(R) Xeon(R) CPU @ 2.60GHz,,,,,15.61648178100586,machine,Y,1.0
2025-08-06T18:02:16,django-benchmark,508951a3-fa26-4833-b8ff-1b9e5a87129c,django_SCL001_871b0de2,1.0014966370072216,7.059425656627573e-08,7.048876047875004e-08,0.8000072,0.0,10.0,1.1131944788919696e-07,0.0,1.3906860109677332e-06,1.5020054588569302e-06,Canada,CAN,,gcp,northamerica-northeast2,Linux-6.8.0-1032-gcp-x86_64-with-glibc2.35,3.12.11,3.0.4,2,Intel(R) Xeon(R) CPU @ 2.60GHz,,,,,15.61648178100586,machine,Y,1.0
2025-08-06T18:02:19,django-benchmark,49842ad6-8778-44d3-bfd3-4c285aa3b3d2,django_SCL001_871b0de2,1.0014444768894464,7.059469780323305e-08,7.049287247806777e-08,0.8,0.0,10.0,1.113180946558714e-07,0.0,1.390696752221427e-06,1.5020148468772983e-06,Canada,CAN,,gcp,northamerica-northeast2,Linux-6.8.0-1032-gcp-x86_64-with-glibc2.35,3.12.11,3.0.4,2,Intel(R) Xeon(R) CPU @ 2.60GHz,,,,,15.61648178100586,machine,Y,1.0
2025-08-06T18:02:21,django-benchmark,becfe493-2494-4d2f-9885-314f0546e7e8,django_SCL001_871b0de2,1.0013887779787185,7.058231678548165e-08,7.048442956186361e-08,0.8,0.0,10.0,1.1130041825688548e-07,0.0,1.3904510027108093e-06,1.5017514209676948e-06,Canada,CAN,,gcp,northamerica-northeast2,Linux-6.8.0-1032-gcp-x86_64-with-glibc2.35,3.12.11,3.0.4,2,Intel(R) Xeon(R) CPU @ 2.60GHz,,,,,15.61648178100586,machine,Y,1.0
2025-08-06T18:02:23,django-benchmark,a652fcfd-90d9-403d-ad2d-671a0089d6b9,django_SCL001_871b0de2,1.001357336062938,7.059342830964469e-08,7.049773918589208e-08,0.8,0.0,10.0,1.1131042267920245e-07,0.0,1.3906774136962164e-06,1.5019878363754189e-06,Canada,CAN,,gcp,northamerica-northeast2,Linux-6.8.0-1032-gcp-x86_64-with-glibc2.35,3.12.11,3.0.4,2,Intel(R) Xeon(R) CPU @ 2.60GHz,,,,,15.61648178100586,machine,Y,1.0
2025-08-06T18:02:25,django-benchmark,c836f679-4192-4810-b8fd-e5aa91e4ae18,django_SCL001_871b0de2,1.0013341130688789,7.059238078346891e-08,7.049832804269305e-08,0.8,0.0,10.0,1.1130580156006749e-07,0.0,1.3906597470243773e-06,1.5019655485844448e-06,Canada,CAN,,gcp,northamerica-northeast2,Linux-6.8.0-1032-gcp-x86_64-with-glibc2.35,3.12.11,3.0.4,2,Intel(R) Xeon(R) CPU @ 2.60GHz,,,,,15.61648178100586,machine,Y,1.0
2025-08-06T18:02:27,django-benchmark,c805bcf6-ea0e-4b12-8dad-c3d21c8b7119,django_SCL001_871b0de2,1.0013652560301125,7.05854279903126e-08,7.048919219560979e-08,0.8,0.0,10.0,1.1130447225231265e-07,0.0,1.3905131445628488e-06,1.5018176168151616e-06,Canada,CAN,,gcp,northamerica-northeast2,Linux-6.8.0-1032-gcp-x86_64-with-glibc2.35,3.12.11,3.0.4,2,Intel(R) Xeon(R) CPU @ 2.60GHz,,,,,15.61648178100586,machine,Y,1.0
2025-08-06T18:02:29,django-benchmark,91355513-06be-49a5-814c-70fc365086b9,django_SCL001_871b0de2,1.0014183700550348,7.059246746745178e-08,7.049248304040221e-08,0.8000072,0.0,10.0,1.1131538428527122e-07,0.0,1.3906520086392346e-06,1.5019673929245058e-06,Canada,CAN,,gcp,northamerica-northeast2,Linux-6.8.0-1032-gcp-x86_64-with-glibc2.35,3.12.11,3.0.4,2,Intel(R) Xeon(R) CPU @ 2.60GHz,,,,,15.61648178100586,machine,Y,1.0
2025-08-06T18:02:31,django-benchmark,1f9f14ea-0333-485e-b843-cd10ba22ef41,django_SCL001_871b0de2,1.0013793669641018,7.058740737229688e-08,7.049017555284557e-08,0.8,0.0,10.0,1.1130704823881389e-07,0.0,1.3905526830866515e-06,1.5018597313254655e-06,Canada,CAN,,gcp,northamerica-northeast2,Linux-6.8.0-1032-gcp-x86_64-with-glibc2.35,3.12.11,3.0.4,2,Intel(R) Xeon(R) CPU @ 2.60GHz,,,,,15.61648178100586,machine,Y,1.0
2025-08-06T18:02:34,django-benchmark,df7228fc-c773-404a-89ad-0b1c150faafa,django_SCL001_871b0de2,1.0013807248324156,7.05828376802771e-08,7.04855165772133e-08,0.8,0.0,10.0,1.1130255978140568e-07,0.0,1.3904599440542773e-06,1.501762503835683e-06,Canada,CAN,,gcp,northamerica-northeast2,Linux-6.8.0-1032-gcp-x86_64-with-glibc2.35,3.12.11,3.0.4,2,Intel(R) Xeon(R) CPU @ 2.60GHz,,,,,15.61648178100586,machine,Y,1.0
2025-08-06T18:02:36,django-benchmark,edf5411a-9e86-4dab-be14-28b436a3ef86,django_SCL001_871b0de2,1.0013225490693003,7.058420000002826e-08,7.049097223031098e-08,0.8,0.0,10.0,1.1129875046511493e-07,0.0,1.390492738897188e-06,1.501791489362303e-06,Canada,CAN,,gcp,northamerica-northeast2,Linux-6.8.0-1032-gcp-x86_64-with-glibc2.35,3.12.11,3.0.4,2,Intel(R) Xeon(R) CPU @ 2.60GHz,,,,,15.61648178100586,machine,Y,1.0
2025-08-06T18:02:38,django-benchmark,5eb9cc87-c79a-4bef-8bc7-add072bccd2c,django_SCL001_871b0de2,1.001357660861686,7.058832968608312e-08,7.04926246086145e-08,0.8000072,0.0,10.0,1.113062772655129e-07,0.0,1.3905730777575322e-06,1.5018793550230452e-06,Canada,CAN,,gcp,northamerica-northeast2,Linux-6.8.0-1032-gcp-x86_64-with-glibc2.35,3.12.11,3.0.4,2,Intel(R) Xeon(R) CPU @ 2.60GHz,,,,,15.61648178100586,machine,Y,1.0
2025-08-06T18:02:40,django-benchmark,3f8d69b8-4449-4865-821c-54f934ffe84a,django_SCL001_871b0de2,1.001378847984597,7.058860444606076e-08,7.049140751088297e-08,0.8,0.0,10.0,1.1130918179535205e-07,0.0,1.390576019184664e-06,1.501885200980016e-06,Canada,CAN,,gcp,northamerica-northeast2,Linux-6.8.0-1032-gcp-x86_64-with-glibc2.35,3.12.11,3.0.4,2,Intel(R) Xeon(R) CPU @ 2.60GHz,,,,,15.61648178100586,machine,Y,1.0
2025-08-06T18:02:42,django-benchmark,c6897929-49fd-44e9-ba16-79026cc768e6,django_SCL001_871b0de2,1.0013245958834889,7.058443280713012e-08,7.049106063838578e-08,0.8,0.0,10.0,1.1130057352905473e-07,0.0,1.3904958691758415e-06,1.5017964427048963e-06,Canada,CAN,,gcp,northamerica-northeast2,Linux-6.8.0-1032-gcp-x86_64-with-glibc2.35,3.12.11,3.0.4,2,Intel(R) Xeon(R) CPU @ 2.60GHz,,,,,15.61648178100586,machine,Y,1.0
2025-08-06T18:02:44,django-benchmark,deadc37c-ed5b-4510-b43e-4a5ee1470a38,django_SCL001_871b0de2,1.0013934150338173,7.059251521993429e-08,7.049428742004495e-08,0.8,0.0,10.0,1.1131183358116285e-07,0.0,1.3906565753536092e-06,1.501968408934772e-06,Canada,CAN,,gcp,northamerica-northeast2,Linux-6.8.0-1032-gcp-x86_64-with-glibc2.35,3.12.11,3.0.4,2,Intel(R) Xeon(R) CPU @ 2.60GHz,,,,,15.61648178100586,machine,Y,1.0
2025-08-06T18:02:46,django-benchmark,007c483f-7ddd-462f-ac52-2c8a65be044e,django_SCL001_871b0de2,1.0013521569781003,7.058569403912246e-08,7.049037997994363e-08,0.8001944000000001,0.0,10.0,1.1133578045419085e-07,0.0,1.3904874969739469e-06,1.5018232774281377e-06,Canada,CAN,,gcp,northamerica-northeast2,Linux-6.8.0-1032-gcp-x86_64-with-glibc2.35,3.12.11,3.0.4,2,Intel(R) Xeon(R) CPU @ 2.60GHz,,,,,15.61648178100586,machine,Y,1.0
2025-08-06T18:02:49,django-benchmark,c9d5b7c3-66c0-477e-9442-752854a22d35,django_SCL001_871b0de2,1.0014332600403577,7.05926962080929e-08,7.049166332387246e-08,0.8,0.0,10.0,1.1132238732857838e-07,0.0,1.390649872418079e-06,1.5019722597466577e-06,Canada,CAN,,gcp,northamerica-northeast2,Linux-6.8.0-1032-gcp-x86_64-with-glibc2.35,3.12.11,3.0.4,2,Intel(R) Xeon(R) CPU @ 2.60GHz,,,,,15.61648178100586,machine,Y,1.0
2025-08-06T18:02:51,django-benchmark,fa1263f4-c7de-4297-a085-06be0e7f519a,django_SCL001_871b0de2,1.0014109332114458,7.058767283099266e-08,7.048821866226641e-08,0.8000072,0.0,10.0,1.1131990434484685e-07,0.0,1.3905454750379754e-06,1.5018653793828223e-06,Canada,CAN,,gcp,northamerica-northeast2,Linux-6.8.0-1032-gcp-x86_64-with-glibc2.35,3.12.11,3.0.4,2,Intel(R) Xeon(R) CPU @ 2.60GHz,,,,,15.61648178100586,machine,Y,1.0
