timestamp,project_name,run_id,experiment_id,duration,emissions,emissions_rate,cpu_power,gpu_power,ram_power,cpu_energy,gpu_energy,ram_energy,energy_consumed,country_name,country_iso_code,region,cloud_provider,cloud_region,os,python_version,codecarbon_version,cpu_count,cpu_model,gpu_count,gpu_model,longitude,latitude,ram_total_size,tracking_mode,on_cloud,pue
2025-08-08T01:13:39,dask-benchmark,69c27f64-c1a1-499c-9f86-1997e4067fec,dask_R6301_81ec5021,1.0025149048306048,7.068081921266598e-08,7.050350959580889e-08,0.8,0.0,10.0,1.1144799511465761e-07,0.0,1.392399222176108e-06,1.5038472172907656e-06,Canada,CAN,,gcp,northamerica-northeast2,Linux-6.8.0-1032-gcp-x86_64-with-glibc2.35,3.10.12,3.0.4,2,Intel(R) Xeon(R) CPU @ 2.60GHz,,,,,15.61648178100586,machine,Y,1.0
2025-08-08T01:15:18,dask-benchmark,bb1fbe7b-fca4-4442-90d4-2df6e4210398,dask_R6301_81ec5021,1.002495818771422,7.068006928368575e-08,7.050410381791473e-08,0.8,0.0,10.0,1.1144654194100037e-07,0.0,1.3923847194140157e-06,1.503831261355016e-06,Canada,CAN,,gcp,northamerica-northeast2,Linux-6.8.0-1032-gcp-x86_64-with-glibc2.35,3.10.12,3.0.4,2,Intel(R) Xeon(R) CPU @ 2.60GHz,,,,,15.61648178100586,machine,Y,1.0
2025-08-08T01:21:55,dask-benchmark,5f1b85d9-139b-45d2-8ab6-46ea2dd19430,dask_R6301_81ec5021,1.002572325989604,7.068611182624269e-08,7.050475062382248e-08,0.8,0.0,10.0,1.1145377604083885e-07,0.0,1.3925060500494309e-06,1.5039598260902697e-06,Canada,CAN,,gcp,northamerica-northeast2,Linux-6.8.0-1032-gcp-x86_64-with-glibc2.35,3.10.12,3.0.4,2,Intel(R) Xeon(R) CPU @ 2.60GHz,,,,,15.61648178100586,machine,Y,1.0
2025-08-08T01:21:57,dask-benchmark,0245cc97-61c5-4bde-9405-28300a800c72,dask_R6301_81ec5021,1.0025578779168427,7.067919589775718e-08,7.049886839911668e-08,0.8,0.0,10.0,1.1145413977404437e-07,0.0,1.3923585389016405e-06,1.503812678675685e-06,Canada,CAN,,gcp,northamerica-northeast2,Linux-6.8.0-1032-gcp-x86_64-with-glibc2.35,3.10.12,3.0.4,2,Intel(R) Xeon(R) CPU @ 2.60GHz,,,,,15.61648178100586,machine,Y,1.0
2025-08-08T01:21:59,dask-benchmark,80d6fe29-5909-4c5e-a91a-8952b6f99480,dask_R6301_81ec5021,1.002578416839242,7.068065927405325e-08,7.04988837650058e-08,0.8,0.0,10.0,1.1145280591315696e-07,0.0,1.3923910084284015e-06,1.5038438143415584e-06,Canada,CAN,,gcp,northamerica-northeast2,Linux-6.8.0-1032-gcp-x86_64-with-glibc2.35,3.10.12,3.0.4,2,Intel(R) Xeon(R) CPU @ 2.60GHz,,,,,15.61648178100586,machine,Y,1.0
2025-08-08T01:22:01,dask-benchmark,a74c59ed-5e17-4c13-a89b-83b91333c5d6,dask_R6301_81ec5021,1.0025617689825594,7.068527605275936e-08,7.050465940317438e-08,0.8,0.0,10.0,1.114562408377727e-07,0.0,1.392485802837958e-06,1.5039420436757308e-06,Canada,CAN,,gcp,northamerica-northeast2,Linux-6.8.0-1032-gcp-x86_64-with-glibc2.35,3.10.12,3.0.4,2,Intel(R) Xeon(R) CPU @ 2.60GHz,,,,,15.61648178100586,machine,Y,1.0
2025-08-08T01:22:03,dask-benchmark,abef69cc-e49c-4756-8067-4f3fb60b85a2,dask_R6301_81ec5021,1.0025674547068777,7.068582512101986e-08,7.050480722186061e-08,0.8,0.0,10.0,1.114556064001388e-07,0.0,1.3924981195790072e-06,1.503953725979146e-06,Canada,CAN,,gcp,northamerica-northeast2,Linux-6.8.0-1032-gcp-x86_64-with-glibc2.35,3.10.12,3.0.4,2,Intel(R) Xeon(R) CPU @ 2.60GHz,,,,,15.61648178100586,machine,Y,1.0
2025-08-08T01:22:05,dask-benchmark,a5b0881a-2b65-4926-9076-0046e6f4ba9f,dask_R6301_81ec5021,1.0025393450632691,7.068095160643054e-08,7.050192289657217e-08,0.8,0.0,10.0,1.1144756918980017e-07,0.0,1.392402464989573e-06,1.5038500341793731e-06,Canada,CAN,,gcp,northamerica-northeast2,Linux-6.8.0-1032-gcp-x86_64-with-glibc2.35,3.10.12,3.0.4,2,Intel(R) Xeon(R) CPU @ 2.60GHz,,,,,15.61648178100586,machine,Y,1.0
2025-08-08T01:22:08,dask-benchmark,b6928a59-b08d-4ed0-ae9e-160a7c7a8268,dask_R6301_81ec5021,1.0025575207546351,7.06872929936896e-08,7.050696995468405e-08,0.8,0.0,10.0,1.1145814394371377e-07,0.0,1.3925268133688303e-06,1.5039849573125442e-06,Canada,CAN,,gcp,northamerica-northeast2,Linux-6.8.0-1032-gcp-x86_64-with-glibc2.35,3.10.12,3.0.4,2,Intel(R) Xeon(R) CPU @ 2.60GHz,,,,,15.61648178100586,machine,Y,1.0
2025-08-08T01:22:10,dask-benchmark,2c9650f4-a474-4507-8ab5-53de49186c55,dask_R6301_81ec5021,1.002656266093254,7.068032100765656e-08,7.049307264896982e-08,0.8,0.0,10.0,1.1146824506835806e-07,0.0,1.392368372115824e-06,1.503836617184182e-06,Canada,CAN,,gcp,northamerica-northeast2,Linux-6.8.0-1032-gcp-x86_64-with-glibc2.35,3.10.12,3.0.4,2,Intel(R) Xeon(R) CPU @ 2.60GHz,,,,,15.61648178100586,machine,Y,1.0
2025-08-08T01:22:12,dask-benchmark,e239f671-eedc-4a91-aa1b-f8e2639e728f,dask_R6301_81ec5021,1.0025791907683017,7.068007949475822e-08,7.0498251056452e-08,0.8,0.0,10.0,1.1145401445941796e-07,0.0,1.3923774641524587e-06,1.5038314786118766e-06,Canada,CAN,,gcp,northamerica-northeast2,Linux-6.8.0-1032-gcp-x86_64-with-glibc2.35,3.10.12,3.0.4,2,Intel(R) Xeon(R) CPU @ 2.60GHz,,,,,15.61648178100586,machine,Y,1.0
2025-08-08T01:22:14,dask-benchmark,9bbcfde7-566f-44c4-8e12-455db5edfc1e,dask_R6301_81ec5021,1.0026799589395523,7.069647707153734e-08,7.050751981350746e-08,0.8,0.0,10.0,1.1147363514949877e-07,0.0,1.3927067280746997e-06,1.5041803632241986e-06,Canada,CAN,,gcp,northamerica-northeast2,Linux-6.8.0-1032-gcp-x86_64-with-glibc2.35,3.10.12,3.0.4,2,Intel(R) Xeon(R) CPU @ 2.60GHz,,,,,15.61648178100586,machine,Y,1.0
2025-08-08T01:22:16,dask-benchmark,85e994ed-3cb5-4a66-9dbf-633a8c70ce2b,dask_R6301_81ec5021,1.0026019588112831,7.068309549301542e-08,7.049965828594586e-08,0.8000072,0.0,10.0,1.114528743460547e-07,0.0,1.392442774441507e-06,1.5038956487875615e-06,Canada,CAN,,gcp,northamerica-northeast2,Linux-6.8.0-1032-gcp-x86_64-with-glibc2.35,3.10.12,3.0.4,2,Intel(R) Xeon(R) CPU @ 2.60GHz,,,,,15.61648178100586,machine,Y,1.0
2025-08-08T01:22:18,dask-benchmark,86db316d-108f-4093-bb82-4b151c50c8a0,dask_R6301_81ec5021,1.0024948115460577,7.06807276194191e-08,7.0504831352109e-08,0.8,0.0,10.0,1.1144639686163929e-07,0.0,1.392398871636639e-06,1.5038452684982784e-06,Canada,CAN,,gcp,northamerica-northeast2,Linux-6.8.0-1032-gcp-x86_64-with-glibc2.35,3.10.12,3.0.4,2,Intel(R) Xeon(R) CPU @ 2.60GHz,,,,,15.61648178100586,machine,Y,1.0
2025-08-08T01:22:21,dask-benchmark,be4239b3-c658-4b6a-a425-b27cf70c04f6,dask_R6301_81ec5021,1.002704823855311,7.069801021579445e-08,7.050730038773216e-08,0.8,0.0,10.0,1.114760803886586e-07,0.0,1.392736902926117e-06,1.5042129833147756e-06,Canada,CAN,,gcp,northamerica-northeast2,Linux-6.8.0-1032-gcp-x86_64-with-glibc2.35,3.10.12,3.0.4,2,Intel(R) Xeon(R) CPU @ 2.60GHz,,,,,15.61648178100586,machine,Y,1.0
2025-08-08T01:22:23,dask-benchmark,3b7e54ba-80d8-4273-9021-e28559aadd25,dask_R6301_81ec5021,1.0025820820592344,7.068311635135777e-08,7.050107678583237e-08,0.8,0.0,10.0,1.1145023960206244e-07,0.0,1.3924458529800176e-06,1.50389609258208e-06,Canada,CAN,,gcp,northamerica-northeast2,Linux-6.8.0-1032-gcp-x86_64-with-glibc2.35,3.10.12,3.0.4,2,Intel(R) Xeon(R) CPU @ 2.60GHz,,,,,15.61648178100586,machine,Y,1.0
2025-08-08T01:22:25,dask-benchmark,26db92f1-e2d8-4d88-a5ce-6c7eee261ae4,dask_R6301_81ec5021,1.0025850981473925,7.06866613319307e-08,7.050440053672023e-08,0.8000072,0.0,10.0,1.1146007374131101e-07,0.0,1.3925114439593422e-06,1.5039715177006532e-06,Canada,CAN,,gcp,northamerica-northeast2,Linux-6.8.0-1032-gcp-x86_64-with-glibc2.35,3.10.12,3.0.4,2,Intel(R) Xeon(R) CPU @ 2.60GHz,,,,,15.61648178100586,machine,Y,1.0
2025-08-08T01:22:27,dask-benchmark,56df2949-bc6b-4c69-806c-b24281a4ef8f,dask_R6301_81ec5021,1.0025720312260091,7.068549185680847e-08,7.050415297379655e-08,0.8,0.0,10.0,1.1145305716329153e-07,0.0,1.3924935780879523e-06,1.503946635251244e-06,Canada,CAN,,gcp,northamerica-northeast2,Linux-6.8.0-1032-gcp-x86_64-with-glibc2.35,3.10.12,3.0.4,2,Intel(R) Xeon(R) CPU @ 2.60GHz,,,,,15.61648178100586,machine,Y,1.0
2025-08-08T01:22:29,dask-benchmark,12aa913c-e0d6-4d81-be89-581ce9df0cca,dask_R6301_81ec5021,1.0025750841014087,7.068572839183942e-08,7.050417421373868e-08,0.8,0.0,10.0,1.114554847073224e-07,0.0,1.3924961832041542e-06,1.5039516679114767e-06,Canada,CAN,,gcp,northamerica-northeast2,Linux-6.8.0-1032-gcp-x86_64-with-glibc2.35,3.10.12,3.0.4,2,Intel(R) Xeon(R) CPU @ 2.60GHz,,,,,15.61648178100586,machine,Y,1.0
2025-08-08T01:22:31,dask-benchmark,a4eb0a6c-a5ef-4cc3-8159-95447285075a,dask_R6301_81ec5021,1.0025373799726367,7.068124633168595e-08,7.050235506791291e-08,0.8,0.0,10.0,1.1144849130262937e-07,0.0,1.392407813626859e-06,1.5038563049294884e-06,Canada,CAN,,gcp,northamerica-northeast2,Linux-6.8.0-1032-gcp-x86_64-with-glibc2.35,3.10.12,3.0.4,2,Intel(R) Xeon(R) CPU @ 2.60GHz,,,,,15.61648178100586,machine,Y,1.0
2025-08-08T01:22:34,dask-benchmark,c15ae4e6-c596-455d-90d3-1dffa1269fe9,dask_R6301_81ec5021,1.0026866495609283,7.06856513795857e-08,7.049625265334748e-08,0.8,0.0,10.0,1.1147428221172757e-07,0.0,1.3924757471411591e-06,1.5039500293528869e-06,Canada,CAN,,gcp,northamerica-northeast2,Linux-6.8.0-1032-gcp-x86_64-with-glibc2.35,3.10.12,3.0.4,2,Intel(R) Xeon(R) CPU @ 2.60GHz,,,,,15.61648178100586,machine,Y,1.0
2025-08-08T01:22:36,dask-benchmark,c725df2d-99f1-4957-8591-2130b56fe10e,dask_R6301_81ec5021,1.0025253919884562,7.068295827549367e-08,7.050490575136229e-08,0.8,0.0,10.0,1.1145023163408045e-07,0.0,1.3924424976317418e-06,1.5038927292658223e-06,Canada,CAN,,gcp,northamerica-northeast2,Linux-6.8.0-1032-gcp-x86_64-with-glibc2.35,3.10.12,3.0.4,2,Intel(R) Xeon(R) CPU @ 2.60GHz,,,,,15.61648178100586,machine,Y,1.0
2025-08-08T01:22:38,dask-benchmark,5ae17875-39d4-49f2-a702-b96825d7842c,dask_R6301_81ec5021,1.0026027699932456,7.068399237820672e-08,7.050049580322117e-08,0.8,0.0,10.0,1.114523449084825e-07,0.0,1.3924623865427242e-06,1.5039147314512067e-06,Canada,CAN,,gcp,northamerica-northeast2,Linux-6.8.0-1032-gcp-x86_64-with-glibc2.35,3.10.12,3.0.4,2,Intel(R) Xeon(R) CPU @ 2.60GHz,,,,,15.61648178100586,machine,Y,1.0
2025-08-08T01:22:40,dask-benchmark,6379185a-1ed5-47bb-ad8f-20767d8cce53,dask_R6301_81ec5021,1.0025181812234225,7.06757213657515e-08,7.049819413699056e-08,0.8,0.0,10.0,1.114421904914909e-07,0.0,1.3922965619713068e-06,1.5037387524627977e-06,Canada,CAN,,gcp,northamerica-northeast2,Linux-6.8.0-1032-gcp-x86_64-with-glibc2.35,3.10.12,3.0.4,2,Intel(R) Xeon(R) CPU @ 2.60GHz,,,,,15.61648178100586,machine,Y,1.0
2025-08-08T01:22:42,dask-benchmark,71a163ea-6d98-4873-bb31-4ee95d63a654,dask_R6301_81ec5021,1.0025843158364296,7.069169475624545e-08,7.050947600079824e-08,0.8,0.0,10.0,1.1146343664990533e-07,0.0,1.392615175185104e-06,1.5040786118350097e-06,Canada,CAN,,gcp,northamerica-northeast2,Linux-6.8.0-1032-gcp-x86_64-with-glibc2.35,3.10.12,3.0.4,2,Intel(R) Xeon(R) CPU @ 2.60GHz,,,,,15.61648178100586,machine,Y,1.0
2025-08-08T01:22:44,dask-benchmark,43dbdf5a-d803-4f57-9db4-c7124fea88d7,dask_R6301_81ec5021,1.0026186229661107,7.068503469306355e-08,7.050042067237043e-08,0.8,0.0,10.0,1.114618726488617e-07,0.0,1.3924750357141923e-06,1.5039369083630542e-06,Canada,CAN,,gcp,northamerica-northeast2,Linux-6.8.0-1032-gcp-x86_64-with-glibc2.35,3.10.12,3.0.4,2,Intel(R) Xeon(R) CPU @ 2.60GHz,,,,,15.61648178100586,machine,Y,1.0
2025-08-08T01:22:46,dask-benchmark,659b1c9d-146b-4826-937a-e7089c755165,dask_R6301_81ec5021,1.0024858471006155,7.068445831860298e-08,7.050918326980497e-08,0.8004608000000001,0.0,10.0,1.1151103655378025e-07,0.0,1.3924136085228788e-06,1.503924645076659e-06,Canada,CAN,,gcp,northamerica-northeast2,Linux-6.8.0-1032-gcp-x86_64-with-glibc2.35,3.10.12,3.0.4,2,Intel(R) Xeon(R) CPU @ 2.60GHz,,,,,15.61648178100586,machine,Y,1.0
2025-08-08T01:22:49,dask-benchmark,54956a8b-55e5-4c1c-9644-fe06f7abdabd,dask_R6301_81ec5021,1.0025870529934764,7.068145327916783e-08,7.049906845308897e-08,0.8,0.0,10.0,1.1145659774127937e-07,0.0,1.3924041103261211e-06,1.5038607080674006e-06,Canada,CAN,,gcp,northamerica-northeast2,Linux-6.8.0-1032-gcp-x86_64-with-glibc2.35,3.10.12,3.0.4,2,Intel(R) Xeon(R) CPU @ 2.60GHz,,,,,15.61648178100586,machine,Y,1.0
2025-08-08T01:22:51,dask-benchmark,129a99cb-00e2-4a15-a578-607d433d9800,dask_R6301_81ec5021,1.002477047033608,7.067255885873198e-08,7.04979321649872e-08,0.8,0.0,10.0,1.1143777643640837e-07,0.0,1.3922336886429952e-06,1.5036714650794037e-06,Canada,CAN,,gcp,northamerica-northeast2,Linux-6.8.0-1032-gcp-x86_64-with-glibc2.35,3.10.12,3.0.4,2,Intel(R) Xeon(R) CPU @ 2.60GHz,,,,,15.61648178100586,machine,Y,1.0
2025-08-08T01:22:53,dask-benchmark,9a5c7f9d-2828-42ce-b8cc-471f54b31a37,dask_R6301_81ec5021,1.0024248152039943,7.067217931032387e-08,7.050122686352493e-08,0.8,0.0,10.0,1.1143226466245125e-07,0.0,1.3922311249189075e-06,1.503663389581359e-06,Canada,CAN,,gcp,northamerica-northeast2,Linux-6.8.0-1032-gcp-x86_64-with-glibc2.35,3.10.12,3.0.4,2,Intel(R) Xeon(R) CPU @ 2.60GHz,,,,,15.61648178100586,machine,Y,1.0
2025-08-08T01:22:55,dask-benchmark,5dedc63e-1640-4cba-b96c-db38d93abb4a,dask_R6301_81ec5021,1.0019948943518102,7.067026861415556e-08,7.052956957417643e-08,0.8,0.0,10.0,1.1142994711796444e-07,0.0,1.3921927893534302e-06,1.5036227364713946e-06,Canada,CAN,,gcp,northamerica-northeast2,Linux-6.8.0-1032-gcp-x86_64-with-glibc2.35,3.10.12,3.0.4,2,Intel(R) Xeon(R) CPU @ 2.60GHz,,,,,15.61648178100586,machine,Y,1.0
2025-08-08T01:22:57,dask-benchmark,2a37e8d6-38a4-45ea-965a-5f9c6c7e63cd,dask_R6301_81ec5021,1.0025663222186267,7.068812865044715e-08,7.05071844963015e-08,0.8,0.0,10.0,1.1145896474934288e-07,0.0,1.3925437724942136e-06,1.5040027372435565e-06,Canada,CAN,,gcp,northamerica-northeast2,Linux-6.8.0-1032-gcp-x86_64-with-glibc2.35,3.10.12,3.0.4,2,Intel(R) Xeon(R) CPU @ 2.60GHz,,,,,15.61648178100586,machine,Y,1.0
2025-08-08T01:22:59,dask-benchmark,c9151dea-9b68-4fea-bd3c-3889d8a0d523,dask_R6301_81ec5021,1.0026179333217442,7.069197296480545e-08,7.050738932087317e-08,0.8,0.0,10.0,1.1146843629992673e-07,0.0,1.3926160948661466e-06,1.5040845311660731e-06,Canada,CAN,,gcp,northamerica-northeast2,Linux-6.8.0-1032-gcp-x86_64-with-glibc2.35,3.10.12,3.0.4,2,Intel(R) Xeon(R) CPU @ 2.60GHz,,,,,15.61648178100586,machine,Y,1.0
2025-08-08T01:23:02,dask-benchmark,9556b6af-2b02-4bb2-80a6-4472bda734ec,dask_R6301_81ec5021,1.0025102877989411,7.067646884592252e-08,7.049949482423375e-08,0.8,0.0,10.0,1.114388948513402e-07,0.0,1.3923157614448832e-06,1.5037546562962237e-06,Canada,CAN,,gcp,northamerica-northeast2,Linux-6.8.0-1032-gcp-x86_64-with-glibc2.35,3.10.12,3.0.4,2,Intel(R) Xeon(R) CPU @ 2.60GHz,,,,,15.61648178100586,machine,Y,1.0
2025-08-08T01:23:04,dask-benchmark,f768fc7a-f4e0-408a-8bca-b79a2fd9b753,dask_R6301_81ec5021,1.0025018118321896,7.067717588735161e-08,7.05007961613364e-08,0.8000072,0.0,10.0,1.1144219715404428e-07,0.0,1.392327502576841e-06,1.5037696997308857e-06,Canada,CAN,,gcp,northamerica-northeast2,Linux-6.8.0-1032-gcp-x86_64-with-glibc2.35,3.10.12,3.0.4,2,Intel(R) Xeon(R) CPU @ 2.60GHz,,,,,15.61648178100586,machine,Y,1.0
2025-08-08T01:23:06,dask-benchmark,0d61cf42-039c-4c1a-b9c2-7004fff2e60c,dask_R6301_81ec5021,1.0025373669341209,7.067688498542539e-08,7.049800567689938e-08,0.8,0.0,10.0,1.1144701287978225e-07,0.0,1.3923164974484178e-06,1.5037635103282e-06,Canada,CAN,,gcp,northamerica-northeast2,Linux-6.8.0-1032-gcp-x86_64-with-glibc2.35,3.10.12,3.0.4,2,Intel(R) Xeon(R) CPU @ 2.60GHz,,,,,15.61648178100586,machine,Y,1.0
2025-08-08T01:23:08,dask-benchmark,1086aa34-0d7f-46a0-be11-ac2a9b447a98,dask_R6301_81ec5021,1.0025280471891165,7.067884985937013e-08,7.050062096271437e-08,0.8,0.0,10.0,1.1144609687228997e-07,0.0,1.392359219284521e-06,1.5038053161568111e-06,Canada,CAN,,gcp,northamerica-northeast2,Linux-6.8.0-1032-gcp-x86_64-with-glibc2.35,3.10.12,3.0.4,2,Intel(R) Xeon(R) CPU @ 2.60GHz,,,,,15.61648178100586,machine,Y,1.0
2025-08-08T01:23:10,dask-benchmark,c9539ed5-ebb2-49bc-be0f-a82b7a12195a,dask_R6301_81ec5021,1.0024630487896502,7.067828946627886e-08,7.050463311502018e-08,0.8,0.0,10.0,1.1144376235703628e-07,0.0,1.3923496305425136e-06,1.50379339289955e-06,Canada,CAN,,gcp,northamerica-northeast2,Linux-6.8.0-1032-gcp-x86_64-with-glibc2.35,3.10.12,3.0.4,2,Intel(R) Xeon(R) CPU @ 2.60GHz,,,,,15.61648178100586,machine,Y,1.0
2025-08-08T01:23:12,dask-benchmark,6aaa6c2d-a75e-424a-a4a5-cb9e0399e48f,dask_R6301_81ec5021,1.002414416987449,7.067357719308934e-08,7.050335270065677e-08,0.8000072,0.0,10.0,1.114362350837043e-07,0.0,1.3922568966841533e-06,1.5036931317678577e-06,Canada,CAN,,gcp,northamerica-northeast2,Linux-6.8.0-1032-gcp-x86_64-with-glibc2.35,3.10.12,3.0.4,2,Intel(R) Xeon(R) CPU @ 2.60GHz,,,,,15.61648178100586,machine,Y,1.0
2025-08-08T01:23:15,dask-benchmark,0cbcea22-9fb5-401a-8635-39a8b7a8488f,dask_R6301_81ec5021,1.0026030209846797,7.069492595637634e-08,7.051138334586825e-08,0.8,0.0,10.0,1.1146833954585925e-07,0.0,1.3926790212281048e-06,1.504147360773964e-06,Canada,CAN,,gcp,northamerica-northeast2,Linux-6.8.0-1032-gcp-x86_64-with-glibc2.35,3.10.12,3.0.4,2,Intel(R) Xeon(R) CPU @ 2.60GHz,,,,,15.61648178100586,machine,Y,1.0
2025-08-08T01:23:17,dask-benchmark,0426e715-7a0a-4386-b81d-cc2886a76649,dask_R6301_81ec5021,1.0025159139186144,7.068194609568828e-08,7.0504562685103e-08,0.8000072,0.0,10.0,1.1145009949721045e-07,0.0,1.3924210940280722e-06,1.5038711935252823e-06,Canada,CAN,,gcp,northamerica-northeast2,Linux-6.8.0-1032-gcp-x86_64-with-glibc2.35,3.10.12,3.0.4,2,Intel(R) Xeon(R) CPU @ 2.60GHz,,,,,15.61648178100586,machine,Y,1.0
2025-08-08T01:23:19,dask-benchmark,a9185321-7685-46d8-85a0-aa2469a9e1a1,dask_R6301_81ec5021,1.002485842909664,7.067814088654187e-08,7.050288179771416e-08,0.8,0.0,10.0,1.1144336530317865e-07,0.0,1.3923468663253718e-06,1.5037902316285505e-06,Canada,CAN,,gcp,northamerica-northeast2,Linux-6.8.0-1032-gcp-x86_64-with-glibc2.35,3.10.12,3.0.4,2,Intel(R) Xeon(R) CPU @ 2.60GHz,,,,,15.61648178100586,machine,Y,1.0
2025-08-08T01:23:21,dask-benchmark,33215b92-3a0e-44f4-a09c-37bb94cbf172,dask_R6301_81ec5021,1.0024994798004627,7.067264515797918e-08,7.049644072837409e-08,0.8,0.0,10.0,1.1144059306631485e-07,0.0,1.3922327081672848e-06,1.5036733012335995e-06,Canada,CAN,,gcp,northamerica-northeast2,Linux-6.8.0-1032-gcp-x86_64-with-glibc2.35,3.10.12,3.0.4,2,Intel(R) Xeon(R) CPU @ 2.60GHz,,,,,15.61648178100586,machine,Y,1.0
2025-08-08T01:23:23,dask-benchmark,2c861fdd-1788-4267-a18b-286c867edcd8,dask_R6301_81ec5021,1.0025010812096298,7.06752821624688e-08,7.049895854196103e-08,0.8000072,0.0,10.0,1.1144183300364029e-07,0.0,1.3922875747084618e-06,1.503729407712102e-06,Canada,CAN,,gcp,northamerica-northeast2,Linux-6.8.0-1032-gcp-x86_64-with-glibc2.35,3.10.12,3.0.4,2,Intel(R) Xeon(R) CPU @ 2.60GHz,,,,,15.61648178100586,machine,Y,1.0
2025-08-08T01:23:25,dask-benchmark,928ce5ff-b833-4d32-8d36-ec991aa86f3e,dask_R6301_81ec5021,1.0025513819418848,7.067825074737064e-08,7.04983824474621e-08,0.8,0.0,10.0,1.114457946063744e-07,0.0,1.392346774486618e-06,1.5037925690929923e-06,Canada,CAN,,gcp,northamerica-northeast2,Linux-6.8.0-1032-gcp-x86_64-with-glibc2.35,3.10.12,3.0.4,2,Intel(R) Xeon(R) CPU @ 2.60GHz,,,,,15.61648178100586,machine,Y,1.0
2025-08-08T01:23:27,dask-benchmark,cb8de28a-ccca-43e2-8c69-255493e41a8b,dask_R6301_81ec5021,1.0024648462422192,7.06803949923358e-08,7.050660704690462e-08,0.8,0.0,10.0,1.1144703026447032e-07,0.0,1.3923911610618233e-06,1.5038381913262937e-06,Canada,CAN,,gcp,northamerica-northeast2,Linux-6.8.0-1032-gcp-x86_64-with-glibc2.35,3.10.12,3.0.4,2,Intel(R) Xeon(R) CPU @ 2.60GHz,,,,,15.61648178100586,machine,Y,1.0
2025-08-08T01:23:30,dask-benchmark,47b7bd14-9598-4eca-8731-caee7f47607b,dask_R6301_81ec5021,1.002473523374647,7.067924660537393e-08,7.050485120788524e-08,0.8,0.0,10.0,1.1144425492319797e-07,0.0,1.3923695026379491e-06,1.5038137575611472e-06,Canada,CAN,,gcp,northamerica-northeast2,Linux-6.8.0-1032-gcp-x86_64-with-glibc2.35,3.10.12,3.0.4,2,Intel(R) Xeon(R) CPU @ 2.60GHz,,,,,15.61648178100586,machine,Y,1.0
2025-08-08T01:23:32,dask-benchmark,18200153-f5f6-4cfe-884b-c79faf969391,dask_R6301_81ec5021,1.0031048799864948,7.06243780799624e-08,7.040577659328429e-08,0.8,0.0,10.0,1.1135628374500409e-07,0.0,1.3912900583818556e-06,1.5026463421268597e-06,Canada,CAN,,gcp,northamerica-northeast2,Linux-6.8.0-1032-gcp-x86_64-with-glibc2.35,3.10.12,3.0.4,2,Intel(R) Xeon(R) CPU @ 2.60GHz,,,,,15.61648178100586,machine,Y,1.0
2025-08-08T01:23:34,dask-benchmark,e49d1017-d2b0-4f54-9e4d-f8f7cbf2457a,dask_R6301_81ec5021,1.0024404032155871,7.067799855892857e-08,7.0505935646858e-08,0.8,0.0,10.0,1.1144174180097053e-07,0.0,1.3923454615804885e-06,1.503787203381459e-06,Canada,CAN,,gcp,northamerica-northeast2,Linux-6.8.0-1032-gcp-x86_64-with-glibc2.35,3.10.12,3.0.4,2,Intel(R) Xeon(R) CPU @ 2.60GHz,,,,,15.61648178100586,machine,Y,1.0
2025-08-08T01:23:36,dask-benchmark,d589750c-0fd5-4ffe-8613-780c5a740cee,dask_R6301_81ec5021,1.0024195183068514,7.067317205564018e-08,7.050258974906188e-08,0.8,0.0,10.0,1.1143446165240473e-07,0.0,1.3922500501697264e-06,1.5036845118221312e-06,Canada,CAN,,gcp,northamerica-northeast2,Linux-6.8.0-1032-gcp-x86_64-with-glibc2.35,3.10.12,3.0.4,2,Intel(R) Xeon(R) CPU @ 2.60GHz,,,,,15.61648178100586,machine,Y,1.0
2025-08-08T01:23:38,dask-benchmark,66c1ec6d-ef6b-43ff-bca3-3d2f680f6dc1,dask_R6301_81ec5021,1.002464797813445,7.067804447592549e-08,7.050426571595022e-08,0.8,0.0,10.0,1.1144347157743245e-07,0.0,1.3923447087614072e-06,1.5037881803388397e-06,Canada,CAN,,gcp,northamerica-northeast2,Linux-6.8.0-1032-gcp-x86_64-with-glibc2.35,3.10.12,3.0.4,2,Intel(R) Xeon(R) CPU @ 2.60GHz,,,,,15.61648178100586,machine,Y,1.0
2025-08-08T01:23:40,dask-benchmark,597185e7-3050-492a-8113-e059c58d5246,dask_R6301_81ec5021,1.002532009035349,7.067538283672184e-08,7.049688408924396e-08,0.8,0.0,10.0,1.114428962270419e-07,0.0,1.3922886534904442e-06,1.503731549717486e-06,Canada,CAN,,gcp,northamerica-northeast2,Linux-6.8.0-1032-gcp-x86_64-with-glibc2.35,3.10.12,3.0.4,2,Intel(R) Xeon(R) CPU @ 2.60GHz,,,,,15.61648178100586,machine,Y,1.0
2025-08-08T01:23:43,dask-benchmark,a3c53e90-00c1-403c-94cd-c0d821c40649,dask_R6301_81ec5021,1.0025361981242895,7.067873559457561e-08,7.04999337947229e-08,0.8,0.0,10.0,1.1144341735376253e-07,0.0,1.392359467637208e-06,1.5038028849909703e-06,Canada,CAN,,gcp,northamerica-northeast2,Linux-6.8.0-1032-gcp-x86_64-with-glibc2.35,3.10.12,3.0.4,2,Intel(R) Xeon(R) CPU @ 2.60GHz,,,,,15.61648178100586,machine,Y,1.0
2025-08-08T01:23:45,dask-benchmark,ee7969f4-b779-4136-bc9c-fd2aa8d40a77,dask_R6301_81ec5021,1.0025778212584555,7.068180360722668e-08,7.050006703569952e-08,0.8,0.0,10.0,1.114543580139677e-07,0.0,1.3924138038419188e-06,1.5038681618558865e-06,Canada,CAN,,gcp,northamerica-northeast2,Linux-6.8.0-1032-gcp-x86_64-with-glibc2.35,3.10.12,3.0.4,2,Intel(R) Xeon(R) CPU @ 2.60GHz,,,,,15.61648178100586,machine,Y,1.0
2025-08-08T01:23:47,dask-benchmark,74754120-c2d7-4d57-8291-f7fa6abe29b4,dask_R6301_81ec5021,1.002438574563712,7.067421694089557e-08,7.050229184531817e-08,0.8,0.0,10.0,1.1143649131473569e-07,0.0,1.392270252108574e-06,1.5037067434233097e-06,Canada,CAN,,gcp,northamerica-northeast2,Linux-6.8.0-1032-gcp-x86_64-with-glibc2.35,3.10.12,3.0.4,2,Intel(R) Xeon(R) CPU @ 2.60GHz,,,,,15.61648178100586,machine,Y,1.0
2025-08-08T01:23:49,dask-benchmark,ddd1a814-ae7f-4024-86d8-855ec10ed721,dask_R6301_81ec5021,1.0024741180241108,7.067427121594343e-08,7.0499846275576e-08,0.8,0.0,10.0,1.1143729556351905e-07,0.0,1.3922706026480432e-06,1.503707898211562e-06,Canada,CAN,,gcp,northamerica-northeast2,Linux-6.8.0-1032-gcp-x86_64-with-glibc2.35,3.10.12,3.0.4,2,Intel(R) Xeon(R) CPU @ 2.60GHz,,,,,15.61648178100586,machine,Y,1.0
2025-08-08T01:23:51,dask-benchmark,61fb29e4-18e7-49f2-bb08-c7efd269abaf,dask_R6301_81ec5021,1.0019052680581808,7.061082967641175e-08,7.04765529512231e-08,0.8000072,0.0,10.0,1.1132160345469581e-07,0.0,1.3910364747668306e-06,1.5023580782215264e-06,Canada,CAN,,gcp,northamerica-northeast2,Linux-6.8.0-1032-gcp-x86_64-with-glibc2.35,3.10.12,3.0.4,2,Intel(R) Xeon(R) CPU @ 2.60GHz,,,,,15.61648178100586,machine,Y,1.0
2025-08-08T01:23:53,dask-benchmark,a592fdf8-b4b1-4bf6-bf99-0b04e5fd85f7,dask_R6301_81ec5021,1.002503054216504,7.068314219152349e-08,7.050666019842221e-08,0.8,0.0,10.0,1.1145198976414073e-07,0.0,1.3924446526086997e-06,1.5038966423728402e-06,Canada,CAN,,gcp,northamerica-northeast2,Linux-6.8.0-1032-gcp-x86_64-with-glibc2.35,3.10.12,3.0.4,2,Intel(R) Xeon(R) CPU @ 2.60GHz,,,,,15.61648178100586,machine,Y,1.0
2025-08-08T01:23:55,dask-benchmark,3e4dfc0e-588f-415c-a7e1-8f66bc8d4ab8,dask_R6301_81ec5021,1.0024892529472709,7.068259093951848e-08,7.05070809803846e-08,0.8,0.0,10.0,1.1145168263465169e-07,0.0,1.3924332309721243e-06,1.5038849136067762e-06,Canada,CAN,,gcp,northamerica-northeast2,Linux-6.8.0-1032-gcp-x86_64-with-glibc2.35,3.10.12,3.0.4,2,Intel(R) Xeon(R) CPU @ 2.60GHz,,,,,15.61648178100586,machine,Y,1.0
2025-08-08T01:23:58,dask-benchmark,02cf61c8-a1b8-4df6-824d-3decee29be4a,dask_R6301_81ec5021,1.0024683298543096,7.067907515225105e-08,7.05050454437029e-08,0.8,0.0,10.0,1.11443712686499e-07,0.0,1.3923663969358637e-06,1.5038101096223626e-06,Canada,CAN,,gcp,northamerica-northeast2,Linux-6.8.0-1032-gcp-x86_64-with-glibc2.35,3.10.12,3.0.4,2,Intel(R) Xeon(R) CPU @ 2.60GHz,,,,,15.61648178100586,machine,Y,1.0
2025-08-08T01:24:00,dask-benchmark,4e192d06-48b2-42bc-bab7-ac6c85d810d0,dask_R6301_81ec5021,1.0024647759273648,7.06765663022072e-08,7.050279271590905e-08,0.8,0.0,10.0,1.1144138489746389e-07,0.0,1.3923153449367318e-06,1.5037567298341957e-06,Canada,CAN,,gcp,northamerica-northeast2,Linux-6.8.0-1032-gcp-x86_64-with-glibc2.35,3.10.12,3.0.4,2,Intel(R) Xeon(R) CPU @ 2.60GHz,,,,,15.61648178100586,machine,Y,1.0
2025-08-08T01:24:02,dask-benchmark,eed333db-77ee-4ba9-88cb-20a13fd55f1a,dask_R6301_81ec5021,1.0025332663208246,7.06805131455573e-08,7.050191302374054e-08,0.8,0.0,10.0,1.114482209086418e-07,0.0,1.3923924843159817e-06,1.5038407052246233e-06,Canada,CAN,,gcp,northamerica-northeast2,Linux-6.8.0-1032-gcp-x86_64-with-glibc2.35,3.10.12,3.0.4,2,Intel(R) Xeon(R) CPU @ 2.60GHz,,,,,15.61648178100586,machine,Y,1.0
2025-08-08T01:24:04,dask-benchmark,4e427d5b-c127-4cf5-81a2-465e08a11569,dask_R6301_81ec5021,1.002597230952233,7.067947715820953e-08,7.049638177344708e-08,0.8,0.0,10.0,1.1145538205487865e-07,0.0,1.3923632808857491e-06,1.503818662940628e-06,Canada,CAN,,gcp,northamerica-northeast2,Linux-6.8.0-1032-gcp-x86_64-with-glibc2.35,3.10.12,3.0.4,2,Intel(R) Xeon(R) CPU @ 2.60GHz,,,,,15.61648178100586,machine,Y,1.0
2025-08-08T01:24:06,dask-benchmark,8fda7c15-eaec-49bf-b7b9-103de44e3829,dask_R6301_81ec5021,1.00252270931378,7.068042992981565e-08,7.050257243369172e-08,0.8,0.0,10.0,1.1144775938656596e-07,0.0,1.3923911752903628e-06,1.5038389346769287e-06,Canada,CAN,,gcp,northamerica-northeast2,Linux-6.8.0-1032-gcp-x86_64-with-glibc2.35,3.10.12,3.0.4,2,Intel(R) Xeon(R) CPU @ 2.60GHz,,,,,15.61648178100586,machine,Y,1.0
2025-08-08T01:24:08,dask-benchmark,e1df7491-a001-49bb-b61f-c730e1a08a10,dask_R6301_81ec5021,1.0024829911999404,7.06762334416724e-08,7.050117963305808e-08,0.8,0.0,10.0,1.1144064998047221e-07,0.0,1.392308997714685e-06,1.5037496476951573e-06,Canada,CAN,,gcp,northamerica-northeast2,Linux-6.8.0-1032-gcp-x86_64-with-glibc2.35,3.10.12,3.0.4,2,Intel(R) Xeon(R) CPU @ 2.60GHz,,,,,15.61648178100586,machine,Y,1.0
2025-08-08T01:24:11,dask-benchmark,980a78e1-e5f7-491a-a336-8bd269977afd,dask_R6301_81ec5021,1.0026101553812623,7.069252910956533e-08,7.05084909923769e-08,0.8,0.0,10.0,1.1146776357458697e-07,0.0,1.392628600458718e-06,1.504096364033305e-06,Canada,CAN,,gcp,northamerica-northeast2,Linux-6.8.0-1032-gcp-x86_64-with-glibc2.35,3.10.12,3.0.4,2,Intel(R) Xeon(R) CPU @ 2.60GHz,,,,,15.61648178100586,machine,Y,1.0
2025-08-08T01:24:13,dask-benchmark,5dc02a1c-03ad-4502-a104-781f145379e9,dask_R6301_81ec5021,1.0024690409190953,7.067289465200156e-08,7.049883015559903e-08,0.8,0.0,10.0,1.1143327556136585e-07,0.0,1.3922453340556887e-06,1.5036786096170543e-06,Canada,CAN,,gcp,northamerica-northeast2,Linux-6.8.0-1032-gcp-x86_64-with-glibc2.35,3.10.12,3.0.4,2,Intel(R) Xeon(R) CPU @ 2.60GHz,,,,,15.61648178100586,machine,Y,1.0
2025-08-08T01:24:15,dask-benchmark,1fca3c17-5ce2-4f32-86c3-e2689b77276e,dask_R6301_81ec5021,1.002574160695076,7.067891098962476e-08,7.049743925239773e-08,0.8,0.0,10.0,1.1145504729615317e-07,0.0,1.3923515695043736e-06,1.5038066168005268e-06,Canada,CAN,,gcp,northamerica-northeast2,Linux-6.8.0-1032-gcp-x86_64-with-glibc2.35,3.10.12,3.0.4,2,Intel(R) Xeon(R) CPU @ 2.60GHz,,,,,15.61648178100586,machine,Y,1.0
2025-08-08T01:24:17,dask-benchmark,3ca16cf7-4876-4e68-bf6c-3a493cb13cb2,dask_R6301_81ec5021,1.0025367490015924,7.067850566914099e-08,7.049966571253211e-08,0.8,0.0,10.0,1.1144857067200877e-07,0.0,1.3923494222884375e-06,1.5037979929604465e-06,Canada,CAN,,gcp,northamerica-northeast2,Linux-6.8.0-1032-gcp-x86_64-with-glibc2.35,3.10.12,3.0.4,2,Intel(R) Xeon(R) CPU @ 2.60GHz,,,,,15.61648178100586,machine,Y,1.0
2025-08-08T01:24:19,dask-benchmark,5e42e50a-5f69-4793-8aa7-ae467ef278d0,dask_R6301_81ec5021,1.0024798810482023,7.067955283054874e-08,7.050470953755753e-08,0.8,0.0,10.0,1.114455368369818e-07,0.0,1.3923747361534172e-06,1.503820272990399e-06,Canada,CAN,,gcp,northamerica-northeast2,Linux-6.8.0-1032-gcp-x86_64-with-glibc2.35,3.10.12,3.0.4,2,Intel(R) Xeon(R) CPU @ 2.60GHz,,,,,15.61648178100586,machine,Y,1.0
2025-08-08T01:24:21,dask-benchmark,096aafb1-7e01-4f3a-b91c-78315a067d5e,dask_R6301_81ec5021,1.0026232479140162,7.069014899587879e-08,7.050519638653052e-08,0.8,0.0,10.0,1.1146821754260197e-07,0.0,1.392577505773968e-06,1.5040457233165702e-06,Canada,CAN,,gcp,northamerica-northeast2,Linux-6.8.0-1032-gcp-x86_64-with-glibc2.35,3.10.12,3.0.4,2,Intel(R) Xeon(R) CPU @ 2.60GHz,,,,,15.61648178100586,machine,Y,1.0
2025-08-08T01:24:23,dask-benchmark,584b8e45-3ba0-4162-9262-44fa36a7978b,dask_R6301_81ec5021,1.0024850880727172,7.068115596405955e-08,7.050594248732861e-08,0.8,0.0,10.0,1.1144750379025936e-07,0.0,1.3924068784237735e-06,1.503854382214033e-06,Canada,CAN,,gcp,northamerica-northeast2,Linux-6.8.0-1032-gcp-x86_64-with-glibc2.35,3.10.12,3.0.4,2,Intel(R) Xeon(R) CPU @ 2.60GHz,,,,,15.61648178100586,machine,Y,1.0
2025-08-08T01:24:26,dask-benchmark,fc323b51-183f-432b-8062-93ca0b89de84,dask_R6301_81ec5021,1.0023188176564872,7.065386226105818e-08,7.049040785870241e-08,0.8,0.0,10.0,1.11403218160073e-07,0.0,1.391870446968824e-06,1.503273665128897e-06,Canada,CAN,,gcp,northamerica-northeast2,Linux-6.8.0-1032-gcp-x86_64-with-glibc2.35,3.10.12,3.0.4,2,Intel(R) Xeon(R) CPU @ 2.60GHz,,,,,15.61648178100586,machine,Y,1.0
2025-08-08T01:24:28,dask-benchmark,52ede83b-48cd-4c07-9821-48a15d6f2ae8,dask_R6301_81ec5021,1.0019619981758296,7.067075744219539e-08,7.05323730549247e-08,0.8,0.0,10.0,1.1143148980206914e-07,0.0,1.392201647265918e-06,1.503633137067987e-06,Canada,CAN,,gcp,northamerica-northeast2,Linux-6.8.0-1032-gcp-x86_64-with-glibc2.35,3.10.12,3.0.4,2,Intel(R) Xeon(R) CPU @ 2.60GHz,,,,,15.61648178100586,machine,Y,1.0
2025-08-08T01:24:30,dask-benchmark,bbf89ee2-d77a-4b62-8fe4-47147cd37355,dask_R6301_81ec5021,1.0023917672224345,7.066719787060801e-08,7.049858167373267e-08,0.8,0.0,10.0,1.114261622230212e-07,0.0,1.3921312392792768e-06,1.503557401502298e-06,Canada,CAN,,gcp,northamerica-northeast2,Linux-6.8.0-1032-gcp-x86_64-with-glibc2.35,3.10.12,3.0.4,2,Intel(R) Xeon(R) CPU @ 2.60GHz,,,,,15.61648178100586,machine,Y,1.0
2025-08-08T01:24:32,dask-benchmark,9a9fbe65-85a4-4e29-92da-383f110b14c1,dask_R6301_81ec5021,1.0024832640774548,7.067418667001443e-08,7.04991187409528e-08,0.8,0.0,10.0,1.1143774094267025e-07,0.0,1.3922683584193389e-06,1.503706099362009e-06,Canada,CAN,,gcp,northamerica-northeast2,Linux-6.8.0-1032-gcp-x86_64-with-glibc2.35,3.10.12,3.0.4,2,Intel(R) Xeon(R) CPU @ 2.60GHz,,,,,15.61648178100586,machine,Y,1.0
2025-08-08T01:24:34,dask-benchmark,62d7a31c-51dd-4590-a60c-f19fa0513f55,dask_R6301_81ec5021,1.002446920145303,7.067661974072045e-08,7.050410183361727e-08,0.8,0.0,10.0,1.1143877202024065e-07,0.0,1.3923190948035982e-06,1.5037578668238388e-06,Canada,CAN,,gcp,northamerica-northeast2,Linux-6.8.0-1032-gcp-x86_64-with-glibc2.35,3.10.12,3.0.4,2,Intel(R) Xeon(R) CPU @ 2.60GHz,,,,,15.61648178100586,machine,Y,1.0
2025-08-08T01:24:36,dask-benchmark,fcebded5-7f14-47cb-8808-2610fee9c70c,dask_R6301_81ec5021,1.0025344300083816,7.067762706946168e-08,7.049895240891704e-08,0.8,0.0,10.0,1.114482939657238e-07,0.0,1.3923310053845245e-06,1.5037792993502482e-06,Canada,CAN,,gcp,northamerica-northeast2,Linux-6.8.0-1032-gcp-x86_64-with-glibc2.35,3.10.12,3.0.4,2,Intel(R) Xeon(R) CPU @ 2.60GHz,,,,,15.61648178100586,machine,Y,1.0
2025-08-08T01:24:39,dask-benchmark,bd2dae65-bf5f-4396-a1ed-78865d0fac81,dask_R6301_81ec5021,1.0024653691798449,7.067595319284333e-08,7.050213939127496e-08,0.8,0.0,10.0,1.1143881868984965e-07,0.0,1.392304866264264e-06,1.5037436849541135e-06,Canada,CAN,,gcp,northamerica-northeast2,Linux-6.8.0-1032-gcp-x86_64-with-glibc2.35,3.10.12,3.0.4,2,Intel(R) Xeon(R) CPU @ 2.60GHz,,,,,15.61648178100586,machine,Y,1.0
2025-08-08T01:24:41,dask-benchmark,edc96a49-2148-45cd-8fa0-62fe28d323ca,dask_R6301_81ec5021,1.0025176252238452,7.068206969332988e-08,7.050456562052738e-08,0.8,0.0,10.0,1.1144979556815493e-07,0.0,1.3924240276941825e-06,1.5038738232623373e-06,Canada,CAN,,gcp,northamerica-northeast2,Linux-6.8.0-1032-gcp-x86_64-with-glibc2.35,3.10.12,3.0.4,2,Intel(R) Xeon(R) CPU @ 2.60GHz,,,,,15.61648178100586,machine,Y,1.0
2025-08-08T01:24:43,dask-benchmark,8dc59ef1-a4dc-4f09-b531-ca1fab4feb24,dask_R6301_81ec5021,1.002497207839042,7.067601177701727e-08,7.0499958727431e-08,0.8,0.0,10.0,1.1143947661750849e-07,0.0,1.3923054548083908e-06,1.5037449314258991e-06,Canada,CAN,,gcp,northamerica-northeast2,Linux-6.8.0-1032-gcp-x86_64-with-glibc2.35,3.10.12,3.0.4,2,Intel(R) Xeon(R) CPU @ 2.60GHz,,,,,15.61648178100586,machine,Y,1.0
2025-08-08T01:24:45,dask-benchmark,ed17af88-d29e-4993-b639-64e3e895ec77,dask_R6301_81ec5021,1.002505226992071,7.06815634580871e-08,7.05049325978688e-08,0.8000072,0.0,10.0,1.1144815156677417e-07,0.0,1.3924149007329512e-06,1.5038630522997255e-06,Canada,CAN,,gcp,northamerica-northeast2,Linux-6.8.0-1032-gcp-x86_64-with-glibc2.35,3.10.12,3.0.4,2,Intel(R) Xeon(R) CPU @ 2.60GHz,,,,,15.61648178100586,machine,Y,1.0
2025-08-08T01:24:47,dask-benchmark,00fafa96-cd59-483c-b78f-1ab176e6bc0a,dask_R6301_81ec5021,1.002611877862364,7.068728744921586e-08,7.050314185378086e-08,0.8,0.0,10.0,1.1146085616201165e-07,0.0,1.3925239831830066e-06,1.5039848393450182e-06,Canada,CAN,,gcp,northamerica-northeast2,Linux-6.8.0-1032-gcp-x86_64-with-glibc2.35,3.10.12,3.0.4,2,Intel(R) Xeon(R) CPU @ 2.60GHz,,,,,15.61648178100586,machine,Y,1.0
2025-08-08T01:24:49,dask-benchmark,cc9c680c-cf9b-475a-a0b6-4037a12be855,dask_R6301_81ec5021,1.0024488610215485,7.067705463048633e-08,7.05043991555466e-08,0.8000072,0.0,10.0,1.1143483125750917e-07,0.0,1.392332288540072e-06,1.5037671197975812e-06,Canada,CAN,,gcp,northamerica-northeast2,Linux-6.8.0-1032-gcp-x86_64-with-glibc2.35,3.10.12,3.0.4,2,Intel(R) Xeon(R) CPU @ 2.60GHz,,,,,15.61648178100586,machine,Y,1.0
2025-08-08T01:24:52,dask-benchmark,4f4675c3-5d52-4b31-8c11-d86e1f90887a,dask_R6301_81ec5021,1.002177434042096,7.067914237413141e-08,7.052557758066879e-08,0.8,0.0,10.0,1.1144539775947745e-07,0.0,1.3923661421156592e-06,1.5038115398751366e-06,Canada,CAN,,gcp,northamerica-northeast2,Linux-6.8.0-1032-gcp-x86_64-with-glibc2.35,3.10.12,3.0.4,2,Intel(R) Xeon(R) CPU @ 2.60GHz,,,,,15.61648178100586,machine,Y,1.0
2025-08-08T01:24:54,dask-benchmark,650e11fa-2180-4eb2-a9b3-16ed592cfa9e,dask_R6301_81ec5021,1.002479049842805,7.067311190782735e-08,7.049834300169102e-08,0.8,0.0,10.0,1.1143603020658097e-07,0.0,1.3922472018748525e-06,1.5036832320814332e-06,Canada,CAN,,gcp,northamerica-northeast2,Linux-6.8.0-1032-gcp-x86_64-with-glibc2.35,3.10.12,3.0.4,2,Intel(R) Xeon(R) CPU @ 2.60GHz,,,,,15.61648178100586,machine,Y,1.0
2025-08-08T01:24:56,dask-benchmark,d5818dbb-f00c-4bb4-8eb7-070aff0e896e,dask_R6301_81ec5021,1.0025711869820952,7.067830995408199e-08,7.049704885977759e-08,0.8,0.0,10.0,1.1144862851748865e-07,0.0,1.392345200292766e-06,1.5037938288102547e-06,Canada,CAN,,gcp,northamerica-northeast2,Linux-6.8.0-1032-gcp-x86_64-with-glibc2.35,3.10.12,3.0.4,2,Intel(R) Xeon(R) CPU @ 2.60GHz,,,,,15.61648178100586,machine,Y,1.0
2025-08-08T01:24:58,dask-benchmark,12a48979-466a-430b-b660-4b062bb23655,dask_R6301_81ec5021,1.0022164890542626,7.067548392123231e-08,7.051917893301171e-08,0.8,0.0,10.0,1.11446436184148e-07,0.0,1.3922872642676035e-06,1.5037337004517514e-06,Canada,CAN,,gcp,northamerica-northeast2,Linux-6.8.0-1032-gcp-x86_64-with-glibc2.35,3.10.12,3.0.4,2,Intel(R) Xeon(R) CPU @ 2.60GHz,,,,,15.61648178100586,machine,Y,1.0
2025-08-08T01:25:00,dask-benchmark,70db1183-ca2e-4dc0-8def-7726949e2064,dask_R6301_81ec5021,1.0026340000331402,7.06887292507001e-08,7.050302428240376e-08,0.8,0.0,10.0,1.1146962342576848e-07,0.0,1.392545892546574e-06,1.5040155159723426e-06,Canada,CAN,,gcp,northamerica-northeast2,Linux-6.8.0-1032-gcp-x86_64-with-glibc2.35,3.10.12,3.0.4,2,Intel(R) Xeon(R) CPU @ 2.60GHz,,,,,15.61648178100586,machine,Y,1.0
2025-08-08T01:25:02,dask-benchmark,6ce0bf03-0ceb-472f-a130-f3017d17407c,dask_R6301_81ec5021,1.0026847971603274,7.070095386687253e-08,7.051164440420609e-08,0.8,0.0,10.0,1.1147577843318385e-07,0.0,1.3927998357555932e-06,1.504275614188777e-06,Canada,CAN,,gcp,northamerica-northeast2,Linux-6.8.0-1032-gcp-x86_64-with-glibc2.35,3.10.12,3.0.4,2,Intel(R) Xeon(R) CPU @ 2.60GHz,,,,,15.61648178100586,machine,Y,1.0
2025-08-08T01:25:05,dask-benchmark,ec3a8e20-253d-4410-82a8-c66dc66f0903,dask_R6301_81ec5021,1.0025358418934047,7.0679120145169e-08,7.050034242335249e-08,0.8,0.0,10.0,1.1145009752362968e-07,0.0,1.3923609693948594e-06,1.503811066918489e-06,Canada,CAN,,gcp,northamerica-northeast2,Linux-6.8.0-1032-gcp-x86_64-with-glibc2.35,3.10.12,3.0.4,2,Intel(R) Xeon(R) CPU @ 2.60GHz,,,,,15.61648178100586,machine,Y,1.0
2025-08-08T01:25:07,dask-benchmark,a8ebc1e2-32cc-487c-ae56-179cbef79ea1,dask_R6301_81ec5021,1.0025451770052314,7.068219557476956e-08,7.050275358753307e-08,0.8,0.0,10.0,1.114506875682209e-07,0.0,1.392425814022621e-06,1.5038765015908416e-06,Canada,CAN,,gcp,northamerica-northeast2,Linux-6.8.0-1032-gcp-x86_64-with-glibc2.35,3.10.12,3.0.4,2,Intel(R) Xeon(R) CPU @ 2.60GHz,,,,,15.61648178100586,machine,Y,1.0
2025-08-08T01:25:09,dask-benchmark,84a74b69-7c8d-4bbd-bb6f-a4f95ee73b89,dask_R6301_81ec5021,1.0024981200695038,7.067564525325888e-08,7.04995289650607e-08,0.8,0.0,10.0,1.1144558599011766e-07,0.0,1.3922915470579431e-06,1.5037371330480609e-06,Canada,CAN,,gcp,northamerica-northeast2,Linux-6.8.0-1032-gcp-x86_64-with-glibc2.35,3.10.12,3.0.4,2,Intel(R) Xeon(R) CPU @ 2.60GHz,,,,,15.61648178100586,machine,Y,1.0
2025-08-08T01:25:11,dask-benchmark,482711e2-399d-47dd-a9a9-0a5a1826c582,dask_R6301_81ec5021,1.00250315759331,7.068004861106682e-08,7.050356707179562e-08,0.8,0.0,10.0,1.1144596110615466e-07,0.0,1.392384860405905e-06,1.50383082151206e-06,Canada,CAN,,gcp,northamerica-northeast2,Linux-6.8.0-1032-gcp-x86_64-with-glibc2.35,3.10.12,3.0.4,2,Intel(R) Xeon(R) CPU @ 2.60GHz,,,,,15.61648178100586,machine,Y,1.0
2025-08-08T01:25:13,dask-benchmark,19a7fdf4-d840-457d-8292-37b87e78c830,dask_R6301_81ec5021,1.0025713499635458,7.068483985344776e-08,7.050355055130782e-08,0.8,0.0,10.0,1.1145546866787809e-07,0.0,1.392477294171436e-06,1.503932762839314e-06,Canada,CAN,,gcp,northamerica-northeast2,Linux-6.8.0-1032-gcp-x86_64-with-glibc2.35,3.10.12,3.0.4,2,Intel(R) Xeon(R) CPU @ 2.60GHz,,,,,15.61648178100586,machine,Y,1.0
2025-08-08T01:25:15,dask-benchmark,fcaaa0e0-3599-46dc-b46f-07f9239b30e7,dask_R6301_81ec5021,1.0025545293465257,7.068013268522919e-08,7.050003826854103e-08,0.8,0.0,10.0,1.114481935898463e-07,0.0,1.392384416734179e-06,1.5038326103240253e-06,Canada,CAN,,gcp,northamerica-northeast2,Linux-6.8.0-1032-gcp-x86_64-with-glibc2.35,3.10.12,3.0.4,2,Intel(R) Xeon(R) CPU @ 2.60GHz,,,,,15.61648178100586,machine,Y,1.0
2025-08-08T01:25:17,dask-benchmark,8a0527b2-1575-4df5-8375-e82e846b7926,dask_R6301_81ec5021,1.0025100368075073,7.06805097580784e-08,7.050354326941249e-08,0.8,0.0,10.0,1.1144720328350862e-07,0.0,1.3923934298670955e-06,1.5038406331506042e-06,Canada,CAN,,gcp,northamerica-northeast2,Linux-6.8.0-1032-gcp-x86_64-with-glibc2.35,3.10.12,3.0.4,2,Intel(R) Xeon(R) CPU @ 2.60GHz,,,,,15.61648178100586,machine,Y,1.0
2025-08-08T01:25:20,dask-benchmark,757c277e-3297-4e8e-809a-a0598bf03cd6,dask_R6301_81ec5021,1.0034174229949713,7.067954736875577e-08,7.043882809787526e-08,0.8,0.0,10.0,1.1145418799585768e-07,0.0,1.39236596878618e-06,1.5038201567820375e-06,Canada,CAN,,gcp,northamerica-northeast2,Linux-6.8.0-1032-gcp-x86_64-with-glibc2.35,3.10.12,3.0.4,2,Intel(R) Xeon(R) CPU @ 2.60GHz,,,,,15.61648178100586,machine,Y,1.0
2025-08-08T01:25:22,dask-benchmark,aa811c1e-7de4-4135-93f1-8027f4ccbdf2,dask_R6301_81ec5021,1.0024861888960004,7.067737203339736e-08,7.050209051880469e-08,0.8,0.0,10.0,1.1144264518386789e-07,0.0,1.39233122786714e-06,1.5037738730510078e-06,Canada,CAN,,gcp,northamerica-northeast2,Linux-6.8.0-1032-gcp-x86_64-with-glibc2.35,3.10.12,3.0.4,2,Intel(R) Xeon(R) CPU @ 2.60GHz,,,,,15.61648178100586,machine,Y,1.0
2025-08-08T01:25:24,dask-benchmark,947125d9-3c44-44ad-a9aa-32a5839ed7c4,dask_R6301_81ec5021,1.002515086904168,7.068324532846196e-08,7.05059168204006e-08,0.8,0.0,10.0,1.1145034504847396e-07,0.0,1.3924484917273125e-06,1.5038988367757864e-06,Canada,CAN,,gcp,northamerica-northeast2,Linux-6.8.0-1032-gcp-x86_64-with-glibc2.35,3.10.12,3.0.4,2,Intel(R) Xeon(R) CPU @ 2.60GHz,,,,,15.61648178100586,machine,Y,1.0
2025-08-08T01:25:26,dask-benchmark,9d157219-3af2-464b-b251-e4e7ebe8909d,dask_R6301_81ec5021,1.0026874458417296,7.069409867226041e-08,7.050462132086891e-08,0.8,0.0,10.0,1.1148290977709825e-07,0.0,1.392646849207166e-06,1.5041297589842642e-06,Canada,CAN,,gcp,northamerica-northeast2,Linux-6.8.0-1032-gcp-x86_64-with-glibc2.35,3.10.12,3.0.4,2,Intel(R) Xeon(R) CPU @ 2.60GHz,,,,,15.61648178100586,machine,Y,1.0
2025-08-08T01:25:28,dask-benchmark,a05e1dce-7995-48ba-aa79-baa42ea22d70,dask_R6301_81ec5021,1.0024905856698751,7.068024015804338e-08,7.050464230625575e-08,0.8,0.0,10.0,1.114452557845248e-07,0.0,1.3923896411951217e-06,1.5038348969796464e-06,Canada,CAN,,gcp,northamerica-northeast2,Linux-6.8.0-1032-gcp-x86_64-with-glibc2.35,3.10.12,3.0.4,2,Intel(R) Xeon(R) CPU @ 2.60GHz,,,,,15.61648178100586,machine,Y,1.0
2025-08-08T01:25:30,dask-benchmark,602fe3a9-aafb-4a6f-8237-eb20c0b84239,dask_R6301_81ec5021,1.0025641019456089,7.067622823764881e-08,7.049547066416222e-08,0.8,0.0,10.0,1.1144133605476885e-07,0.0,1.3923082009164823e-06,1.5037495369712514e-06,Canada,CAN,,gcp,northamerica-northeast2,Linux-6.8.0-1032-gcp-x86_64-with-glibc2.35,3.10.12,3.0.4,2,Intel(R) Xeon(R) CPU @ 2.60GHz,,,,,15.61648178100586,machine,Y,1.0
2025-08-08T01:25:33,dask-benchmark,df896850-58f6-4089-a97a-c36893f02874,dask_R6301_81ec5021,1.002409540116787,7.06778957867581e-08,7.050800392275168e-08,0.8,0.0,10.0,1.1144116686450113e-07,0.0,1.392343849875033e-06,1.503785016739534e-06,Canada,CAN,,gcp,northamerica-northeast2,Linux-6.8.0-1032-gcp-x86_64-with-glibc2.35,3.10.12,3.0.4,2,Intel(R) Xeon(R) CPU @ 2.60GHz,,,,,15.61648178100586,machine,Y,1.0
2025-08-08T01:25:35,dask-benchmark,3aab5e94-384d-46d4-af29-d0fc8fbc2737,dask_R6301_81ec5021,1.0024985130876305,7.06811141227372e-08,7.050495656601421e-08,0.8,0.0,10.0,1.1144893150776628e-07,0.0,1.3924045604653656e-06,1.503853491973132e-06,Canada,CAN,,gcp,northamerica-northeast2,Linux-6.8.0-1032-gcp-x86_64-with-glibc2.35,3.10.12,3.0.4,2,Intel(R) Xeon(R) CPU @ 2.60GHz,,,,,15.61648178100586,machine,Y,1.0
2025-08-08T01:25:37,dask-benchmark,3cb5efe5-1072-43e7-bfdd-a3a679aa873c,dask_R6301_81ec5021,1.0024319239892066,7.067363809054303e-08,7.050218214249928e-08,0.8,0.0,10.0,1.1143727466050125e-07,0.0,1.3922571527978612e-06,1.5036944274583625e-06,Canada,CAN,,gcp,northamerica-northeast2,Linux-6.8.0-1032-gcp-x86_64-with-glibc2.35,3.10.12,3.0.4,2,Intel(R) Xeon(R) CPU @ 2.60GHz,,,,,15.61648178100586,machine,Y,1.0
2025-08-08T01:25:39,dask-benchmark,c37caf01-e78c-4ef3-8c45-118a39e19849,dask_R6301_81ec5021,1.0025202268734574,7.068045850574143e-08,7.05027755162321e-08,0.8,0.0,10.0,1.1144495382905009e-07,0.0,1.3923945888462993e-06,1.5038395426753493e-06,Canada,CAN,,gcp,northamerica-northeast2,Linux-6.8.0-1032-gcp-x86_64-with-glibc2.35,3.10.12,3.0.4,2,Intel(R) Xeon(R) CPU @ 2.60GHz,,,,,15.61648178100586,machine,Y,1.0
2025-08-08T01:25:41,dask-benchmark,65dc0539-cdba-454e-8e73-521d9a04b116,dask_R6301_81ec5021,1.0024958639405668,7.067820934133811e-08,7.050224532949124e-08,0.8,0.0,10.0,1.1144297466509873e-07,0.0,1.392348713448478e-06,1.5037916881135768e-06,Canada,CAN,,gcp,northamerica-northeast2,Linux-6.8.0-1032-gcp-x86_64-with-glibc2.35,3.10.12,3.0.4,2,Intel(R) Xeon(R) CPU @ 2.60GHz,,,,,15.61648178100586,machine,Y,1.0
2025-08-08T01:25:43,dask-benchmark,664df4ce-a7b8-4e32-931c-e9d086298467,dask_R6301_81ec5021,1.002704614773393,7.07046012259606e-08,7.051388832187589e-08,0.8,0.0,10.0,1.1148831858817077e-07,0.0,1.3928648989854589e-06,1.5043532175736295e-06,Canada,CAN,,gcp,northamerica-northeast2,Linux-6.8.0-1032-gcp-x86_64-with-glibc2.35,3.10.12,3.0.4,2,Intel(R) Xeon(R) CPU @ 2.60GHz,,,,,15.61648178100586,machine,Y,1.0
2025-08-08T01:25:46,dask-benchmark,5bf9ac3c-b782-44c5-b11e-98ccb60f4f44,dask_R6301_81ec5021,1.0024979286827147,7.06805506023682e-08,7.050443555054788e-08,0.8,0.0,10.0,1.1144675552431084e-07,0.0,1.3923947466537356e-06,1.5038415021780464e-06,Canada,CAN,,gcp,northamerica-northeast2,Linux-6.8.0-1032-gcp-x86_64-with-glibc2.35,3.10.12,3.0.4,2,Intel(R) Xeon(R) CPU @ 2.60GHz,,,,,15.61648178100586,machine,Y,1.0
2025-08-08T01:25:48,dask-benchmark,116e1e67-bf38-4e3c-a56d-44e6afbb9fe2,dask_R6301_81ec5021,1.0024622767232358,7.067605026490574e-08,7.050245371419426e-08,0.8,0.0,10.0,1.1144261217365665e-07,0.0,1.3923031381434865e-06,1.5037457503171432e-06,Canada,CAN,,gcp,northamerica-northeast2,Linux-6.8.0-1032-gcp-x86_64-with-glibc2.35,3.10.12,3.0.4,2,Intel(R) Xeon(R) CPU @ 2.60GHz,,,,,15.61648178100586,machine,Y,1.0
2025-08-08T01:25:50,dask-benchmark,c64dbc7c-fbcd-4953-898e-77226de2dcc2,dask_R6301_81ec5021,1.0026731728576124,7.069008769053551e-08,7.050162466107396e-08,0.8,0.0,10.0,1.1147311422973873e-07,0.0,1.3925713047178256e-06,1.5040444189475642e-06,Canada,CAN,,gcp,northamerica-northeast2,Linux-6.8.0-1032-gcp-x86_64-with-glibc2.35,3.10.12,3.0.4,2,Intel(R) Xeon(R) CPU @ 2.60GHz,,,,,15.61648178100586,machine,Y,1.0
2025-08-08T01:25:52,dask-benchmark,28506578-8304-40a5-abdc-07c3749a8cdf,dask_R6301_81ec5021,1.0024124761112034,7.067073947372328e-08,7.050065831970289e-08,0.8,0.0,10.0,1.114300584627523e-07,0.0,1.3922026962973177e-06,1.50363275476007e-06,Canada,CAN,,gcp,northamerica-northeast2,Linux-6.8.0-1032-gcp-x86_64-with-glibc2.35,3.10.12,3.0.4,2,Intel(R) Xeon(R) CPU @ 2.60GHz,,,,,15.61648178100586,machine,Y,1.0
2025-08-08T01:25:54,dask-benchmark,3410e7c8-54ee-484f-b51a-fca04ee5ec0d,dask_R6301_81ec5021,1.0024670539423823,7.067434994503856e-08,7.050042160198575e-08,0.8,0.0,10.0,1.1143771465867761e-07,0.0,1.3922718586400151e-06,1.5037095732986926e-06,Canada,CAN,,gcp,northamerica-northeast2,Linux-6.8.0-1032-gcp-x86_64-with-glibc2.35,3.10.12,3.0.4,2,Intel(R) Xeon(R) CPU @ 2.60GHz,,,,,15.61648178100586,machine,Y,1.0
2025-08-08T01:25:56,dask-benchmark,bbba6aa0-cba2-4a09-b8bf-c8236edb9017,dask_R6301_81ec5021,1.002337812911719,7.068107535276147e-08,7.051622161937405e-08,0.8,0.0,10.0,1.1144925912635197e-07,0.0,1.3924034079536794e-06,1.5038526670800311e-06,Canada,CAN,,gcp,northamerica-northeast2,Linux-6.8.0-1032-gcp-x86_64-with-glibc2.35,3.10.12,3.0.4,2,Intel(R) Xeon(R) CPU @ 2.60GHz,,,,,15.61648178100586,machine,Y,1.0
2025-08-08T01:25:58,dask-benchmark,fdd9ed31-de72-415b-9de6-e619303506f6,dask_R6301_81ec5021,1.0025272639468312,7.06881054195886e-08,7.050990827052212e-08,0.8,0.0,10.0,1.1145770084112882e-07,0.0,1.3925445421288411e-06,1.50400224296997e-06,Canada,CAN,,gcp,northamerica-northeast2,Linux-6.8.0-1032-gcp-x86_64-with-glibc2.35,3.10.12,3.0.4,2,Intel(R) Xeon(R) CPU @ 2.60GHz,,,,,15.61648178100586,machine,Y,1.0
2025-08-08T01:26:01,dask-benchmark,c2e32dd2-1842-4e9f-9757-2ce64dccb000,dask_R6301_81ec5021,1.0026611080393195,7.068496653737707e-08,7.049736543147653e-08,0.8,0.0,10.0,1.1146983276638721e-07,0.0,1.3924656254756782e-06,1.5039354582420653e-06,Canada,CAN,,gcp,northamerica-northeast2,Linux-6.8.0-1032-gcp-x86_64-with-glibc2.35,3.10.12,3.0.4,2,Intel(R) Xeon(R) CPU @ 2.60GHz,,,,,15.61648178100586,machine,Y,1.0
2025-08-08T01:26:03,dask-benchmark,4d56b463-4997-4c1e-bdc4-98b1827db5d4,dask_R6301_81ec5021,1.0020308229140935,7.068435387546196e-08,7.054109739847981e-08,0.8,0.0,10.0,1.1145160916364857e-07,0.0,1.392470813718521e-06,1.5039224228821695e-06,Canada,CAN,,gcp,northamerica-northeast2,Linux-6.8.0-1032-gcp-x86_64-with-glibc2.35,3.10.12,3.0.4,2,Intel(R) Xeon(R) CPU @ 2.60GHz,,,,,15.61648178100586,machine,Y,1.0
2025-08-08T01:26:05,dask-benchmark,cc6f5765-eabc-42db-afa6-c8b666d9c2bc,dask_R6301_81ec5021,1.0025411038659513,7.067881227853814e-08,7.049966530647955e-08,0.8,0.0,10.0,1.1145052820858029e-07,0.0,1.3923539883560604e-06,1.5038045165646408e-06,Canada,CAN,,gcp,northamerica-northeast2,Linux-6.8.0-1032-gcp-x86_64-with-glibc2.35,3.10.12,3.0.4,2,Intel(R) Xeon(R) CPU @ 2.60GHz,,,,,15.61648178100586,machine,Y,1.0
2025-08-08T01:26:07,dask-benchmark,f46cdcbb-302f-4832-8a02-f79615616c9c,dask_R6301_81ec5021,1.0025787209160626,7.06804759684019e-08,7.049867954889437e-08,0.8,0.0,10.0,1.114531859962477e-07,0.0,1.3923867282250689e-06,1.5038399142213166e-06,Canada,CAN,,gcp,northamerica-northeast2,Linux-6.8.0-1032-gcp-x86_64-with-glibc2.35,3.10.12,3.0.4,2,Intel(R) Xeon(R) CPU @ 2.60GHz,,,,,15.61648178100586,machine,Y,1.0
2025-08-08T01:26:09,dask-benchmark,0f832ac2-a55c-449b-bbb5-9dc4b9948fa0,dask_R6301_81ec5021,1.0025287680327892,7.068062733253466e-08,7.050234326066035e-08,0.8,0.0,10.0,1.1144654225144125e-07,0.0,1.3923965924833383e-06,1.5038431347347796e-06,Canada,CAN,,gcp,northamerica-northeast2,Linux-6.8.0-1032-gcp-x86_64-with-glibc2.35,3.10.12,3.0.4,2,Intel(R) Xeon(R) CPU @ 2.60GHz,,,,,15.61648178100586,machine,Y,1.0
2025-08-08T01:26:11,dask-benchmark,259109bb-6c1d-4715-b360-f4f35f0bc82c,dask_R6301_81ec5021,1.002474884968251,7.068134117136812e-08,7.050684484091255e-08,0.8,0.0,10.0,1.1144697531643841e-07,0.0,1.3924113474786282e-06,1.5038583227950663e-06,Canada,CAN,,gcp,northamerica-northeast2,Linux-6.8.0-1032-gcp-x86_64-with-glibc2.35,3.10.12,3.0.4,2,Intel(R) Xeon(R) CPU @ 2.60GHz,,,,,15.61648178100586,machine,Y,1.0
2025-08-08T01:26:14,dask-benchmark,5bc99d5b-57c8-44fa-99d0-b7f036a28149,dask_R6301_81ec5021,1.00243522785604,7.067773903378596e-08,7.050604075930979e-08,0.8,0.0,10.0,1.1144223995506765e-07,0.0,1.3923394416148464e-06,1.503781681569914e-06,Canada,CAN,,gcp,northamerica-northeast2,Linux-6.8.0-1032-gcp-x86_64-with-glibc2.35,3.10.12,3.0.4,2,Intel(R) Xeon(R) CPU @ 2.60GHz,,,,,15.61648178100586,machine,Y,1.0
2025-08-08T01:26:16,dask-benchmark,c8d7cbfe-3917-4a04-b1f3-bc88279bc69c,dask_R6301_81ec5021,1.0025379918515682,7.068177340200379e-08,7.050283777422036e-08,0.8,0.0,10.0,1.1144908848736025e-07,0.0,1.3924184307042096e-06,1.5038675191915698e-06,Canada,CAN,,gcp,northamerica-northeast2,Linux-6.8.0-1032-gcp-x86_64-with-glibc2.35,3.10.12,3.0.4,2,Intel(R) Xeon(R) CPU @ 2.60GHz,,,,,15.61648178100586,machine,Y,1.0
2025-08-08T01:26:18,dask-benchmark,63c92322-fdfa-4f5d-9ecb-95d8d925f093,dask_R6301_81ec5021,1.0020806291140616,7.06227292118387e-08,7.047609459757363e-08,0.8,0.0,10.0,1.113537046023541e-07,0.0,1.3912575552240013e-06,1.5026112598263553e-06,Canada,CAN,,gcp,northamerica-northeast2,Linux-6.8.0-1032-gcp-x86_64-with-glibc2.35,3.10.12,3.0.4,2,Intel(R) Xeon(R) CPU @ 2.60GHz,,,,,15.61648178100586,machine,Y,1.0
2025-08-08T01:26:20,dask-benchmark,6153a28f-fd81-4b21-a75f-312ef56ef93e,dask_R6301_81ec5021,1.0025301449932158,7.068166207480761e-08,7.05032785575599e-08,0.8,0.0,10.0,1.1144863420890441e-07,0.0,1.3924165163189172e-06,1.5038651505278215e-06,Canada,CAN,,gcp,northamerica-northeast2,Linux-6.8.0-1032-gcp-x86_64-with-glibc2.35,3.10.12,3.0.4,2,Intel(R) Xeon(R) CPU @ 2.60GHz,,,,,15.61648178100586,machine,Y,1.0
2025-08-08T01:26:22,dask-benchmark,26bbe1c8-54f4-4c08-9550-f5e582fd2250,dask_R6301_81ec5021,1.0022232541814446,7.063230712240978e-08,7.047562190132772e-08,0.8,0.0,10.0,1.1138058133009409e-07,0.0,1.3914344638275604e-06,1.5028150451576543e-06,Canada,CAN,,gcp,northamerica-northeast2,Linux-6.8.0-1032-gcp-x86_64-with-glibc2.35,3.10.12,3.0.4,2,Intel(R) Xeon(R) CPU @ 2.60GHz,,,,,15.61648178100586,machine,Y,1.0
2025-08-08T01:26:24,dask-benchmark,a83271bf-83f6-40d7-8b5b-4a0717574426,dask_R6301_81ec5021,1.0024593099951744,7.067853447365472e-08,7.050514047696854e-08,0.8,0.0,10.0,1.1144298377136393e-07,0.0,1.3923556220510769e-06,1.5037986058224406e-06,Canada,CAN,,gcp,northamerica-northeast2,Linux-6.8.0-1032-gcp-x86_64-with-glibc2.35,3.10.12,3.0.4,2,Intel(R) Xeon(R) CPU @ 2.60GHz,,,,,15.61648178100586,machine,Y,1.0
2025-08-08T01:26:27,dask-benchmark,a94b36f9-a470-4f1d-bd73-535c1a92eb38,dask_R6301_81ec5021,1.0026227687485516,7.068042174442155e-08,7.049552827594677e-08,0.8,0.0,10.0,1.1146396615852913e-07,0.0,1.3923747943610783e-06,1.5038387605196074e-06,Canada,CAN,,gcp,northamerica-northeast2,Linux-6.8.0-1032-gcp-x86_64-with-glibc2.35,3.10.12,3.0.4,2,Intel(R) Xeon(R) CPU @ 2.60GHz,,,,,15.61648178100586,machine,Y,1.0
2025-08-08T01:26:29,dask-benchmark,b7e05a14-19b2-48ff-a64b-ff689072190d,dask_R6301_81ec5021,1.0025717816315591,7.06883659150141e-08,7.050703721181709e-08,0.8,0.0,10.0,1.1146035749051309e-07,0.0,1.3925474279353188e-06,1.504007785425832e-06,Canada,CAN,,gcp,northamerica-northeast2,Linux-6.8.0-1032-gcp-x86_64-with-glibc2.35,3.10.12,3.0.4,2,Intel(R) Xeon(R) CPU @ 2.60GHz,,,,,15.61648178100586,machine,Y,1.0
2025-08-08T01:26:31,dask-benchmark,dd63a11e-eb6f-49f0-a471-5e12e9fb3478,dask_R6301_81ec5021,1.002148303668946,7.06244420359532e-08,7.047304453581512e-08,0.8,0.0,10.0,1.1135865861756937e-07,0.0,1.391289044275052e-06,1.5026477028926214e-06,Canada,CAN,,gcp,northamerica-northeast2,Linux-6.8.0-1032-gcp-x86_64-with-glibc2.35,3.10.12,3.0.4,2,Intel(R) Xeon(R) CPU @ 2.60GHz,,,,,15.61648178100586,machine,Y,1.0
2025-08-08T01:26:33,dask-benchmark,a6f625cb-9647-426c-96b2-4bd182ed659a,dask_R6301_81ec5021,1.0024297581985593,7.067577485046866e-08,7.050446604605821e-08,0.8,0.0,10.0,1.114377508767777e-07,0.0,1.3923021395587258e-06,1.5037398904355034e-06,Canada,CAN,,gcp,northamerica-northeast2,Linux-6.8.0-1032-gcp-x86_64-with-glibc2.35,3.10.12,3.0.4,2,Intel(R) Xeon(R) CPU @ 2.60GHz,,,,,15.61648178100586,machine,Y,1.0
2025-08-08T01:26:35,dask-benchmark,939ecafb-e4cf-478f-a430-16790353be2a,dask_R6301_81ec5021,1.0033090058714151,7.067258276805904e-08,7.043949805541413e-08,0.8,0.0,10.0,1.114341071289447e-07,0.0,1.3922378666595453e-06,1.50367197378849e-06,Canada,CAN,,gcp,northamerica-northeast2,Linux-6.8.0-1032-gcp-x86_64-with-glibc2.35,3.10.12,3.0.4,2,Intel(R) Xeon(R) CPU @ 2.60GHz,,,,,15.61648178100586,machine,Y,1.0
2025-08-08T01:26:37,dask-benchmark,decfc529-9f13-487d-8a73-e648341fec5e,dask_R6301_81ec5021,1.002462862059474,7.067958205819337e-08,7.050593566427811e-08,0.8,0.0,10.0,1.1144387825495669e-07,0.0,1.3923770166002214e-06,1.503820894855178e-06,Canada,CAN,,gcp,northamerica-northeast2,Linux-6.8.0-1032-gcp-x86_64-with-glibc2.35,3.10.12,3.0.4,2,Intel(R) Xeon(R) CPU @ 2.60GHz,,,,,15.61648178100586,machine,Y,1.0
2025-08-08T01:26:40,dask-benchmark,3ba24e6d-a6b1-4164-809d-8c20ad3286e7,dask_R6301_81ec5021,1.0020965007133782,7.062710800616899e-08,7.047934800280268e-08,0.8,0.0,10.0,1.1136443157576853e-07,0.0,1.3913399940874017e-06,1.50270442566317e-06,Canada,CAN,,gcp,northamerica-northeast2,Linux-6.8.0-1032-gcp-x86_64-with-glibc2.35,3.10.12,3.0.4,2,Intel(R) Xeon(R) CPU @ 2.60GHz,,,,,15.61648178100586,machine,Y,1.0
2025-08-08T01:26:42,dask-benchmark,beb3434a-30f8-464c-bb2e-044f9bca94b9,dask_R6301_81ec5021,1.0025584236718714,7.067472476880795e-08,7.049437030309085e-08,0.8000072,0.0,10.0,1.1145003451100584e-07,0.0,1.3922675137615038e-06,1.5037175482725096e-06,Canada,CAN,,gcp,northamerica-northeast2,Linux-6.8.0-1032-gcp-x86_64-with-glibc2.35,3.10.12,3.0.4,2,Intel(R) Xeon(R) CPU @ 2.60GHz,,,,,15.61648178100586,machine,Y,1.0
2025-08-08T01:26:44,dask-benchmark,fd4c9ec0-cf0f-49c1-a5e0-b70b896ac576,dask_R6301_81ec5021,1.0022508618421853,7.06475527229098e-08,7.048889196568632e-08,0.8,0.0,10.0,1.1139508667919373e-07,0.0,1.391744332957185e-06,1.5031394196363786e-06,Canada,CAN,,gcp,northamerica-northeast2,Linux-6.8.0-1032-gcp-x86_64-with-glibc2.35,3.10.12,3.0.4,2,Intel(R) Xeon(R) CPU @ 2.60GHz,,,,,15.61648178100586,machine,Y,1.0
2025-08-08T01:26:46,dask-benchmark,fa19791a-f94c-4495-a72b-050bf866537e,dask_R6301_81ec5021,1.0026203938759863,7.068283993988815e-08,7.049810713169163e-08,0.8,0.0,10.0,1.1145813173304002e-07,0.0,1.392432079753942e-06,1.503890211486982e-06,Canada,CAN,,gcp,northamerica-northeast2,Linux-6.8.0-1032-gcp-x86_64-with-glibc2.35,3.10.12,3.0.4,2,Intel(R) Xeon(R) CPU @ 2.60GHz,,,,,15.61648178100586,machine,Y,1.0
2025-08-08T01:26:48,dask-benchmark,1caf5f5f-8313-4c1e-ad10-a5e54e744f46,dask_R6301_81ec5021,1.0021106121130288,7.061931300380577e-08,7.047057695048196e-08,0.8,0.0,10.0,1.113492102465696e-07,0.0,1.3911893643024895e-06,1.502538574549059e-06,Canada,CAN,,gcp,northamerica-northeast2,Linux-6.8.0-1032-gcp-x86_64-with-glibc2.35,3.10.12,3.0.4,2,Intel(R) Xeon(R) CPU @ 2.60GHz,,,,,15.61648178100586,machine,Y,1.0
2025-08-08T01:26:50,dask-benchmark,5f4152b1-17fc-4e32-883b-8c9125b25cbf,dask_R6301_81ec5021,1.0024946457706392,7.067859071115449e-08,7.050271142029124e-08,0.8,0.0,10.0,1.1144345595190925e-07,0.0,1.3923563464130794e-06,1.5037998023649886e-06,Canada,CAN,,gcp,northamerica-northeast2,Linux-6.8.0-1032-gcp-x86_64-with-glibc2.35,3.10.12,3.0.4,2,Intel(R) Xeon(R) CPU @ 2.60GHz,,,,,15.61648178100586,machine,Y,1.0
2025-08-08T01:26:52,dask-benchmark,ba5e1efd-bb0d-4cb6-b400-e72e5393e204,dask_R6301_81ec5021,1.0025713699869812,7.068352641139387e-08,7.050223906983474e-08,0.8,0.0,10.0,1.114580368416177e-07,0.0,1.3924467804220817e-06,1.5039048172636993e-06,Canada,CAN,,gcp,northamerica-northeast2,Linux-6.8.0-1032-gcp-x86_64-with-glibc2.35,3.10.12,3.0.4,2,Intel(R) Xeon(R) CPU @ 2.60GHz,,,,,15.61648178100586,machine,Y,1.0
2025-08-08T01:26:55,dask-benchmark,3d4bc013-59ba-448a-aefd-e529652106ba,dask_R6301_81ec5021,1.0025807120837271,7.068060423056078e-08,7.049866746754065e-08,0.8,0.0,10.0,1.1145477928221229e-07,0.0,1.3923878639212086e-06,1.5038426432034208e-06,Canada,CAN,,gcp,northamerica-northeast2,Linux-6.8.0-1032-gcp-x86_64-with-glibc2.35,3.10.12,3.0.4,2,Intel(R) Xeon(R) CPU @ 2.60GHz,,,,,15.61648178100586,machine,Y,1.0
2025-08-08T01:26:57,dask-benchmark,5f66757f-74ba-4f29-9fd0-80bb7f2cc4d3,dask_R6301_81ec5021,1.002529023215175,7.067692173458638e-08,7.049862906504287e-08,0.8,0.0,10.0,1.1145001442895996e-07,0.0,1.3923142777962815e-06,1.5037642922252417e-06,Canada,CAN,,gcp,northamerica-northeast2,Linux-6.8.0-1032-gcp-x86_64-with-glibc2.35,3.10.12,3.0.4,2,Intel(R) Xeon(R) CPU @ 2.60GHz,,,,,15.61648178100586,machine,Y,1.0
2025-08-08T01:26:59,dask-benchmark,5b43fce9-3216-445a-a1dd-3c01279bb5a7,dask_R6301_81ec5021,1.0024672499857843,7.068289732762302e-08,7.050893416081709e-08,0.8,0.0,10.0,1.114423651662138e-07,0.0,1.3924490673364036e-06,1.5038914325026174e-06,Canada,CAN,,gcp,northamerica-northeast2,Linux-6.8.0-1032-gcp-x86_64-with-glibc2.35,3.10.12,3.0.4,2,Intel(R) Xeon(R) CPU @ 2.60GHz,,,,,15.61648178100586,machine,Y,1.0
2025-08-08T01:27:01,dask-benchmark,47e17bd3-b66e-4dd7-932b-609b06502f5b,dask_R6301_81ec5021,1.0026599811390042,7.068262353761952e-08,7.049510788026594e-08,0.8,0.0,10.0,1.1146068955875109e-07,0.0,1.3924249176246426e-06,1.5038856071833938e-06,Canada,CAN,,gcp,northamerica-northeast2,Linux-6.8.0-1032-gcp-x86_64-with-glibc2.35,3.10.12,3.0.4,2,Intel(R) Xeon(R) CPU @ 2.60GHz,,,,,15.61648178100586,machine,Y,1.0
2025-08-08T01:27:03,dask-benchmark,dda9a151-d496-4495-877b-ac14f475b05f,dask_R6301_81ec5021,1.0025522131472826,7.068207122778728e-08,7.050213475256032e-08,0.8,0.0,10.0,1.1145197155161037e-07,0.0,1.3924218843587572e-06,1.5038738559103675e-06,Canada,CAN,,gcp,northamerica-northeast2,Linux-6.8.0-1032-gcp-x86_64-with-glibc2.35,3.10.12,3.0.4,2,Intel(R) Xeon(R) CPU @ 2.60GHz,,,,,15.61648178100586,machine,Y,1.0
2025-08-08T01:27:05,dask-benchmark,29283532-13c6-4618-bec7-a20a03eed263,dask_R6301_81ec5021,1.0024859798140824,7.067875285539776e-08,7.050348262078e-08,0.8,0.0,10.0,1.1144399415287709e-07,0.0,1.3923592580896284e-06,1.5038032522425054e-06,Canada,CAN,,gcp,northamerica-northeast2,Linux-6.8.0-1032-gcp-x86_64-with-glibc2.35,3.10.12,3.0.4,2,Intel(R) Xeon(R) CPU @ 2.60GHz,,,,,15.61648178100586,machine,Y,1.0
2025-08-08T01:27:08,dask-benchmark,4e9c17f3-b333-43a6-b06b-a540127cfd10,dask_R6301_81ec5021,1.0024911682121456,7.067493020582739e-08,7.04993045792811e-08,0.8,0.0,10.0,1.1144070472154354e-07,0.0,1.3922812145513795e-06,1.503721919272923e-06,Canada,CAN,,gcp,northamerica-northeast2,Linux-6.8.0-1032-gcp-x86_64-with-glibc2.35,3.10.12,3.0.4,2,Intel(R) Xeon(R) CPU @ 2.60GHz,,,,,15.61648178100586,machine,Y,1.0
2025-08-08T01:27:10,dask-benchmark,b2d5bdcd-18eb-4e6e-a504-af4e0a7ae812,dask_R6301_81ec5021,1.002680754289031,7.068849724851963e-08,7.04995053970519e-08,0.8,0.0,10.0,1.1146844871756105e-07,0.0,1.3925421310381756e-06,1.5040105797557366e-06,Canada,CAN,,gcp,northamerica-northeast2,Linux-6.8.0-1032-gcp-x86_64-with-glibc2.35,3.10.12,3.0.4,2,Intel(R) Xeon(R) CPU @ 2.60GHz,,,,,15.61648178100586,machine,Y,1.0
2025-08-08T01:27:12,dask-benchmark,0d66d60f-25c2-45e8-a38d-d2c5c5208774,dask_R6301_81ec5021,1.002551123034209,7.068691281301695e-08,7.050704067747075e-08,0.8,0.0,10.0,1.1145098114179241e-07,0.0,1.3925258872202705e-06,1.5039768683620626e-06,Canada,CAN,,gcp,northamerica-northeast2,Linux-6.8.0-1032-gcp-x86_64-with-glibc2.35,3.10.12,3.0.4,2,Intel(R) Xeon(R) CPU @ 2.60GHz,,,,,15.61648178100586,machine,Y,1.0
2025-08-08T01:27:15,dask-benchmark,a0e2a201-a87a-41ee-a9ca-2d7c2d4586b9,dask_R6301_81ec5021,1.0026322538033128,7.069517954309574e-08,7.050958043183407e-08,0.8,0.0,10.0,1.1147212847653362e-07,0.0,1.392680627759546e-06,1.5041527562360796e-06,Canada,CAN,,gcp,northamerica-northeast2,Linux-6.8.0-1032-gcp-x86_64-with-glibc2.35,3.10.12,3.0.4,2,Intel(R) Xeon(R) CPU @ 2.60GHz,,,,,15.61648178100586,machine,Y,1.0
2025-08-08T01:27:17,dask-benchmark,27fd6b2b-3fa9-4670-944c-f953c7777bb6,dask_R6301_81ec5021,1.0025742040015757,7.067763404068633e-08,7.049616253698788e-08,0.8000072,0.0,10.0,1.1144759763181749e-07,0.0,1.3923318500423598e-06,1.5037794476741772e-06,Canada,CAN,,gcp,northamerica-northeast2,Linux-6.8.0-1032-gcp-x86_64-with-glibc2.35,3.10.12,3.0.4,2,Intel(R) Xeon(R) CPU @ 2.60GHz,,,,,15.61648178100586,machine,Y,1.0
2025-08-08T01:27:19,dask-benchmark,db685b1f-e3ea-435b-b926-8c959e4f40fb,dask_R6301_81ec5021,1.0025047101080418,7.068793841420364e-08,7.051132797828497e-08,0.8,0.0,10.0,1.1145455886920301e-07,0.0,1.392544130794704e-06,1.503998689663907e-06,Canada,CAN,,gcp,northamerica-northeast2,Linux-6.8.0-1032-gcp-x86_64-with-glibc2.35,3.10.12,3.0.4,2,Intel(R) Xeon(R) CPU @ 2.60GHz,,,,,15.61648178100586,machine,Y,1.0
2025-08-08T01:27:21,dask-benchmark,65095775-71ce-4a38-8a6d-1a9aab0a5689,dask_R6301_81ec5021,1.0025138747878373,7.06843422417943e-08,7.050709623021753e-08,0.8,0.0,10.0,1.1145200062957081e-07,0.0,1.3924701747277546e-06,1.5039221753573257e-06,Canada,CAN,,gcp,northamerica-northeast2,Linux-6.8.0-1032-gcp-x86_64-with-glibc2.35,3.10.12,3.0.4,2,Intel(R) Xeon(R) CPU @ 2.60GHz,,,,,15.61648178100586,machine,Y,1.0
2025-08-08T01:27:23,dask-benchmark,b7a6e0a4-8113-4dff-a1c0-b694ae07782b,dask_R6301_81ec5021,1.0025166380219162,7.06798226032406e-08,7.050239359887359e-08,0.8,0.0,10.0,1.1144725129836136e-07,0.0,1.3923787615365451e-06,1.5038260128349064e-06,Canada,CAN,,gcp,northamerica-northeast2,Linux-6.8.0-1032-gcp-x86_64-with-glibc2.35,3.10.12,3.0.4,2,Intel(R) Xeon(R) CPU @ 2.60GHz,,,,,15.61648178100586,machine,Y,1.0
2025-08-08T01:27:25,dask-benchmark,607faaa7-dbc4-451b-9e84-4020b9cdf1ef,dask_R6301_81ec5021,1.0024855467490852,7.06822592146281e-08,7.050701074328739e-08,0.8,0.0,10.0,1.1145021776772209e-07,0.0,1.3924276378626626e-06,1.5038778556303847e-06,Canada,CAN,,gcp,northamerica-northeast2,Linux-6.8.0-1032-gcp-x86_64-with-glibc2.35,3.10.12,3.0.4,2,Intel(R) Xeon(R) CPU @ 2.60GHz,,,,,15.61648178100586,machine,Y,1.0
2025-08-08T01:27:28,dask-benchmark,b221a2e4-ab3a-4752-8d2e-1af15a611b35,dask_R6301_81ec5021,1.0026048789732158,7.068373017323515e-08,7.050008598165162e-08,0.8,0.0,10.0,1.1145289469924241e-07,0.0,1.392456257922782e-06,1.5039091526220242e-06,Canada,CAN,,gcp,northamerica-northeast2,Linux-6.8.0-1032-gcp-x86_64-with-glibc2.35,3.10.12,3.0.4,2,Intel(R) Xeon(R) CPU @ 2.60GHz,,,,,15.61648178100586,machine,Y,1.0
2025-08-08T01:27:30,dask-benchmark,530c1547-1a11-4681-a585-b8f235ed3d7e,dask_R6301_81ec5021,1.0025141891092062,7.067999929686386e-08,7.050274207058083e-08,0.8,0.0,10.0,1.1144613422867329e-07,0.0,1.392383638045026e-06,1.5038297722736991e-06,Canada,CAN,,gcp,northamerica-northeast2,Linux-6.8.0-1032-gcp-x86_64-with-glibc2.35,3.10.12,3.0.4,2,Intel(R) Xeon(R) CPU @ 2.60GHz,,,,,15.61648178100586,machine,Y,1.0
2025-08-08T01:27:32,dask-benchmark,8546ce53-48fd-4de1-92d8-990ecce41a2c,dask_R6301_81ec5021,1.0025821970775723,7.068916374943102e-08,7.050710052051886e-08,0.8000072,0.0,10.0,1.1146471715049777e-07,0.0,1.392560043475694e-06,1.504024760626192e-06,Canada,CAN,,gcp,northamerica-northeast2,Linux-6.8.0-1032-gcp-x86_64-with-glibc2.35,3.10.12,3.0.4,2,Intel(R) Xeon(R) CPU @ 2.60GHz,,,,,15.61648178100586,machine,Y,1.0
2025-08-08T01:27:34,dask-benchmark,cd61b238-20c6-4f64-8b77-d17f9598c50c,dask_R6301_81ec5021,1.0024743932299316,7.067889968668009e-08,7.050444396784594e-08,0.8,0.0,10.0,1.1144191575133145e-07,0.0,1.3923644605610107e-06,1.503806376312342e-06,Canada,CAN,,gcp,northamerica-northeast2,Linux-6.8.0-1032-gcp-x86_64-with-glibc2.35,3.10.12,3.0.4,2,Intel(R) Xeon(R) CPU @ 2.60GHz,,,,,15.61648178100586,machine,Y,1.0
2025-08-08T01:27:36,dask-benchmark,6310a6fa-59ef-4ff6-a96b-fd34f95ed21e,dask_R6301_81ec5021,1.002694843802601,7.0701615108591e-08,7.05115973674139e-08,0.8,0.0,10.0,1.114848725911644e-07,0.0,1.392804810570346e-06,1.5042896831615102e-06,Canada,CAN,,gcp,northamerica-northeast2,Linux-6.8.0-1032-gcp-x86_64-with-glibc2.35,3.10.12,3.0.4,2,Intel(R) Xeon(R) CPU @ 2.60GHz,,,,,15.61648178100586,machine,Y,1.0
2025-08-08T01:27:38,dask-benchmark,c3ef2249-0540-4ace-9fea-3c22ea6a3378,dask_R6301_81ec5021,1.002623082138598,7.068449547840284e-08,7.049956931734764e-08,0.8,0.0,10.0,1.1146442674928245e-07,0.0,1.392461008961416e-06,1.5039254357106985e-06,Canada,CAN,,gcp,northamerica-northeast2,Linux-6.8.0-1032-gcp-x86_64-with-glibc2.35,3.10.12,3.0.4,2,Intel(R) Xeon(R) CPU @ 2.60GHz,,,,,15.61648178100586,machine,Y,1.0
2025-08-08T01:27:41,dask-benchmark,6ae1a035-3292-4a4e-aba3-df1fab499256,dask_R6301_81ec5021,1.002494969405234,7.067684306142232e-08,7.050094535970976e-08,0.8,0.0,10.0,1.1144544825785693e-07,0.0,1.3923171700702773e-06,1.5037626183281342e-06,Canada,CAN,,gcp,northamerica-northeast2,Linux-6.8.0-1032-gcp-x86_64-with-glibc2.35,3.10.12,3.0.4,2,Intel(R) Xeon(R) CPU @ 2.60GHz,,,,,15.61648178100586,machine,Y,1.0
2025-08-08T01:27:43,dask-benchmark,e91124d2-249e-492f-b8bf-8ddbe7a6bfa8,dask_R6301_81ec5021,1.002466935198754,7.067946586985556e-08,7.050553328808028e-08,0.8,0.0,10.0,1.1144316403402224e-07,0.0,1.3923752587288615e-06,1.503818422762884e-06,Canada,CAN,,gcp,northamerica-northeast2,Linux-6.8.0-1032-gcp-x86_64-with-glibc2.35,3.10.12,3.0.4,2,Intel(R) Xeon(R) CPU @ 2.60GHz,,,,,15.61648178100586,machine,Y,1.0
2025-08-08T01:27:45,dask-benchmark,235e5007-fb3c-4d88-9a92-ec0ac5dda721,dask_R6301_81ec5021,1.0025957911275327,7.067961538339861e-08,7.049662088039626e-08,0.8,0.0,10.0,1.114457850861881e-07,0.0,1.3923758188159102e-06,1.5038216039020982e-06,Canada,CAN,,gcp,northamerica-northeast2,Linux-6.8.0-1032-gcp-x86_64-with-glibc2.35,3.10.12,3.0.4,2,Intel(R) Xeon(R) CPU @ 2.60GHz,,,,,15.61648178100586,machine,Y,1.0
2025-08-08T01:27:47,dask-benchmark,13bcbe14-60ea-46a4-b220-59e3e9eb0660,dask_R6301_81ec5021,1.002616628073156,7.068063323448102e-08,7.049617097445924e-08,0.8,0.0,10.0,1.1145847621891237e-07,0.0,1.3923847840891943e-06,1.5038432603081069e-06,Canada,CAN,,gcp,northamerica-northeast2,Linux-6.8.0-1032-gcp-x86_64-with-glibc2.35,3.10.12,3.0.4,2,Intel(R) Xeon(R) CPU @ 2.60GHz,,,,,15.61648178100586,machine,Y,1.0
2025-08-08T01:27:49,dask-benchmark,9ce4f88e-064b-4d0f-aa19-6ae05374d006,dask_R6301_81ec5021,1.0021727429702878,7.062302014593863e-08,7.046990715056041e-08,0.8,0.0,10.0,1.1135628064059548e-07,0.0,1.3912611692729926e-06,1.502617449913588e-06,Canada,CAN,,gcp,northamerica-northeast2,Linux-6.8.0-1032-gcp-x86_64-with-glibc2.35,3.10.12,3.0.4,2,Intel(R) Xeon(R) CPU @ 2.60GHz,,,,,15.61648178100586,machine,Y,1.0
2025-08-08T01:27:51,dask-benchmark,e52f1285-9119-483e-bb43-5e4e00bff2d4,dask_R6301_81ec5021,1.0023790542036295,7.070476585548991e-08,7.053695461709689e-08,0.8,0.0,10.0,1.114887803172072e-07,0.0,1.3928679400123656e-06,1.5043567203295728e-06,Canada,CAN,,gcp,northamerica-northeast2,Linux-6.8.0-1032-gcp-x86_64-with-glibc2.35,3.10.12,3.0.4,2,Intel(R) Xeon(R) CPU @ 2.60GHz,,,,,15.61648178100586,machine,Y,1.0
2025-08-08T01:27:54,dask-benchmark,e2683b80-d9f9-484d-ac4b-42013d08306d,dask_R6301_81ec5021,1.0024832030758262,7.067662441461453e-08,7.050155473704097e-08,0.8,0.0,10.0,1.114412359893322e-07,0.0,1.3923167302790617e-06,1.503757966268394e-06,Canada,CAN,,gcp,northamerica-northeast2,Linux-6.8.0-1032-gcp-x86_64-with-glibc2.35,3.10.12,3.0.4,2,Intel(R) Xeon(R) CPU @ 2.60GHz,,,,,15.61648178100586,machine,Y,1.0
2025-08-08T01:27:56,dask-benchmark,f9c75897-b1f6-4cc5-b2b5-bb90dfae3804,dask_R6301_81ec5021,1.002520734909922,7.068334833165218e-08,7.050562234805366e-08,0.8,0.0,10.0,1.1145195582260689e-07,0.0,1.392449072510418e-06,1.5039010283330248e-06,Canada,CAN,,gcp,northamerica-northeast2,Linux-6.8.0-1032-gcp-x86_64-with-glibc2.35,3.10.12,3.0.4,2,Intel(R) Xeon(R) CPU @ 2.60GHz,,,,,15.61648178100586,machine,Y,1.0
2025-08-08T01:27:58,dask-benchmark,ae5e77bc-55fa-4f6b-ad68-fe6457eae77a,dask_R6301_81ec5021,1.002539984881878,7.068046185187996e-08,7.050138938868134e-08,0.8,0.0,10.0,1.1145033356216221e-07,0.0,1.392389280307624e-06,1.5038396138697865e-06,Canada,CAN,,gcp,northamerica-northeast2,Linux-6.8.0-1032-gcp-x86_64-with-glibc2.35,3.10.12,3.0.4,2,Intel(R) Xeon(R) CPU @ 2.60GHz,,,,,15.61648178100586,machine,Y,1.0
2025-08-08T01:28:00,dask-benchmark,5de11815-eda1-4bb0-8764-ad32a5c815ee,dask_R6301_81ec5021,1.0026068077422678,7.068529562377888e-08,7.050151173714092e-08,0.8,0.0,10.0,1.1145883550246557e-07,0.0,1.3924836245779362e-06,1.5039424600804018e-06,Canada,CAN,,gcp,northamerica-northeast2,Linux-6.8.0-1032-gcp-x86_64-with-glibc2.35,3.10.12,3.0.4,2,Intel(R) Xeon(R) CPU @ 2.60GHz,,,,,15.61648178100586,machine,Y,1.0
2025-08-08T01:28:02,dask-benchmark,4c58f65b-cd28-409b-a334-0ed6f05d7c07,dask_R6301_81ec5021,1.002531562000513,7.068017034631015e-08,7.050169094454304e-08,0.8,0.0,10.0,1.1145093643830885e-07,0.0,1.3923824751853114e-06,1.5038334116236205e-06,Canada,CAN,,gcp,northamerica-northeast2,Linux-6.8.0-1032-gcp-x86_64-with-glibc2.35,3.10.12,3.0.4,2,Intel(R) Xeon(R) CPU @ 2.60GHz,,,,,15.61648178100586,machine,Y,1.0
2025-08-08T01:28:04,dask-benchmark,9adb171e-c419-46cb-b348-aaf19333fba8,dask_R6301_81ec5021,1.0024563539773226,7.06749518000935e-08,7.050177448592667e-08,0.8,0.0,10.0,1.1143798732923137e-07,0.0,1.3922843913961618e-06,1.503722378725393e-06,Canada,CAN,,gcp,northamerica-northeast2,Linux-6.8.0-1032-gcp-x86_64-with-glibc2.35,3.10.12,3.0.4,2,Intel(R) Xeon(R) CPU @ 2.60GHz,,,,,15.61648178100586,machine,Y,1.0
2025-08-08T01:28:06,dask-benchmark,e5178ae9-e40f-4ff7-a3b7-9cee3628c7d3,dask_R6301_81ec5021,1.0024966872297227,7.067941475369865e-08,7.050338984063136e-08,0.8,0.0,10.0,1.114456206560135e-07,0.0,1.392371714529064e-06,1.5038173351850775e-06,Canada,CAN,,gcp,northamerica-northeast2,Linux-6.8.0-1032-gcp-x86_64-with-glibc2.35,3.10.12,3.0.4,2,Intel(R) Xeon(R) CPU @ 2.60GHz,,,,,15.61648178100586,machine,Y,1.0
2025-08-08T01:28:09,dask-benchmark,5620ef8e-e5eb-4f74-bac9-2c975f8b6096,dask_R6301_81ec5021,1.0027330429293215,7.068838523312783e-08,7.049571741110996e-08,0.8,0.0,10.0,1.1149346311059265e-07,0.0,1.3925147333389356e-06,1.5040081964495282e-06,Canada,CAN,,gcp,northamerica-northeast2,Linux-6.8.0-1032-gcp-x86_64-with-glibc2.35,3.10.12,3.0.4,2,Intel(R) Xeon(R) CPU @ 2.60GHz,,,,,15.61648178100586,machine,Y,1.0
2025-08-08T01:28:11,dask-benchmark,458d7e0c-5ad7-4151-9e2e-53747254d942,dask_R6301_81ec5021,1.002493848092854,7.06828968388339e-08,7.05070629344022e-08,0.8,0.0,10.0,1.1145094492369229e-07,0.0,1.3924404771791566e-06,1.5038914221028488e-06,Canada,CAN,,gcp,northamerica-northeast2,Linux-6.8.0-1032-gcp-x86_64-with-glibc2.35,3.10.12,3.0.4,2,Intel(R) Xeon(R) CPU @ 2.60GHz,,,,,15.61648178100586,machine,Y,1.0
2025-08-08T01:28:13,dask-benchmark,fbc54acf-e454-49c3-8d0d-279bafbe62fc,dask_R6301_81ec5021,1.0024620932526886,7.06755034120029e-08,7.050192110774195e-08,0.8,0.0,10.0,1.1144182820700937e-07,0.0,1.3922922869419885e-06,1.5037341151489978e-06,Canada,CAN,,gcp,northamerica-northeast2,Linux-6.8.0-1032-gcp-x86_64-with-glibc2.35,3.10.12,3.0.4,2,Intel(R) Xeon(R) CPU @ 2.60GHz,,,,,15.61648178100586,machine,Y,1.0
2025-08-08T01:28:15,dask-benchmark,5dd0a548-2bcc-4143-808a-8314405e7e43,dask_R6301_81ec5021,1.0025241379626095,7.068437723277347e-08,7.050640932838039e-08,0.8,0.0,10.0,1.114538200199604e-07,0.0,1.392469099826283e-06,1.5039229198462434e-06,Canada,CAN,,gcp,northamerica-northeast2,Linux-6.8.0-1032-gcp-x86_64-with-glibc2.35,3.10.12,3.0.4,2,Intel(R) Xeon(R) CPU @ 2.60GHz,,,,,15.61648178100586,machine,Y,1.0
2025-08-08T01:28:17,dask-benchmark,448d6650-b54d-482d-859e-9a4cf33b8bf8,dask_R6301_81ec5021,1.002679101191461,7.069498044055784e-08,7.050608749753791e-08,0.8,0.0,10.0,1.114798946720031e-07,0.0,1.3926686253398656e-06,1.5041485200118688e-06,Canada,CAN,,gcp,northamerica-northeast2,Linux-6.8.0-1032-gcp-x86_64-with-glibc2.35,3.10.12,3.0.4,2,Intel(R) Xeon(R) CPU @ 2.60GHz,,,,,15.61648178100586,machine,Y,1.0
2025-08-08T01:28:19,dask-benchmark,ad80068f-a0b0-4ce7-823f-fc1ba0b1c7c1,dask_R6301_81ec5021,1.002487844787538,7.067774971419328e-08,7.050235080822583e-08,0.8,0.0,10.0,1.114430027082563e-07,0.0,1.3923389061043662e-06,1.5037819088126224e-06,Canada,CAN,,gcp,northamerica-northeast2,Linux-6.8.0-1032-gcp-x86_64-with-glibc2.35,3.10.12,3.0.4,2,Intel(R) Xeon(R) CPU @ 2.60GHz,,,,,15.61648178100586,machine,Y,1.0
2025-08-08T01:28:22,dask-benchmark,03bcfa8b-de14-45c2-b635-9574c429fd53,dask_R6301_81ec5021,1.00252676429227,7.067583252515438e-08,7.04977014504423e-08,0.8,0.0,10.0,1.1144099198281765e-07,0.0,1.3923001255736585e-06,1.503741117556476e-06,Canada,CAN,,gcp,northamerica-northeast2,Linux-6.8.0-1032-gcp-x86_64-with-glibc2.35,3.10.12,3.0.4,2,Intel(R) Xeon(R) CPU @ 2.60GHz,,,,,15.61648178100586,machine,Y,1.0
2025-08-08T01:28:24,dask-benchmark,29588006-1aa6-41b1-8984-c265e3100c95,dask_R6301_81ec5021,1.0024481751024723,7.067827215438917e-08,7.05056619482242e-08,0.8,0.0,10.0,1.1143888357198901e-07,0.0,1.3923541409894826e-06,1.5037930245614717e-06,Canada,CAN,,gcp,northamerica-northeast2,Linux-6.8.0-1032-gcp-x86_64-with-glibc2.35,3.10.12,3.0.4,2,Intel(R) Xeon(R) CPU @ 2.60GHz,,,,,15.61648178100586,machine,Y,1.0
2025-08-08T01:28:26,dask-benchmark,068f0fbb-632d-44fc-b2bb-d05714a90f1f,dask_R6301_81ec5021,1.0024921330623329,7.068349280166956e-08,7.050777803687224e-08,0.8,0.0,10.0,1.1144250983165373e-07,0.0,1.3924615923315285e-06,1.503904102163182e-06,Canada,CAN,,gcp,northamerica-northeast2,Linux-6.8.0-1032-gcp-x86_64-with-glibc2.35,3.10.12,3.0.4,2,Intel(R) Xeon(R) CPU @ 2.60GHz,,,,,15.61648178100586,machine,Y,1.0
2025-08-08T01:28:28,dask-benchmark,8dfe4103-6dac-45fb-8bb9-db7a1c18bda6,dask_R6301_81ec5021,1.002509699203074,7.067853695894076e-08,7.05015991517342e-08,0.8,0.0,10.0,1.1144485531581776e-07,0.0,1.3923538033850491e-06,1.503798658700867e-06,Canada,CAN,,gcp,northamerica-northeast2,Linux-6.8.0-1032-gcp-x86_64-with-glibc2.35,3.10.12,3.0.4,2,Intel(R) Xeon(R) CPU @ 2.60GHz,,,,,15.61648178100586,machine,Y,1.0
2025-08-08T01:28:30,dask-benchmark,a9b0d248-94ab-467c-aa3a-e20226fad4be,dask_R6301_81ec5021,1.002446711063385,7.067507140265984e-08,7.050257197979977e-08,0.8,0.0,10.0,1.1143682358993425e-07,0.0,1.3922880998709137e-06,1.5037249234608475e-06,Canada,CAN,,gcp,northamerica-northeast2,Linux-6.8.0-1032-gcp-x86_64-with-glibc2.35,3.10.12,3.0.4,2,Intel(R) Xeon(R) CPU @ 2.60GHz,,,,,15.61648178100586,machine,Y,1.0
2025-08-08T01:28:32,dask-benchmark,ee9fef98-c4a4-4672-bbf4-b4b8a781f346,dask_R6301_81ec5021,1.0025096270255744,7.067449585467371e-08,7.049757323963413e-08,0.8,0.0,10.0,1.1144328583031892e-07,0.0,1.392269391928696e-06,1.503712677759015e-06,Canada,CAN,,gcp,northamerica-northeast2,Linux-6.8.0-1032-gcp-x86_64-with-glibc2.35,3.10.12,3.0.4,2,Intel(R) Xeon(R) CPU @ 2.60GHz,,,,,15.61648178100586,machine,Y,1.0
2025-08-08T01:28:35,dask-benchmark,ae0c3b86-e668-402a-807d-7b97f8b599d2,dask_R6301_81ec5021,1.0025029387325048,7.067645081908755e-08,7.049999365432877e-08,0.8,0.0,10.0,1.1144609511312513e-07,0.0,1.392308177633418e-06,1.5037542727465431e-06,Canada,CAN,,gcp,northamerica-northeast2,Linux-6.8.0-1032-gcp-x86_64-with-glibc2.35,3.10.12,3.0.4,2,Intel(R) Xeon(R) CPU @ 2.60GHz,,,,,15.61648178100586,machine,Y,1.0
2025-08-08T01:28:37,dask-benchmark,64ae9f6a-f448-4ba0-9446-b507faab0a56,dask_R6301_81ec5021,1.0025187148712575,7.068112363588687e-08,7.050354530784364e-08,0.8,0.0,10.0,1.114475868849291e-07,0.0,1.3924061074956424e-06,1.5038536943805715e-06,Canada,CAN,,gcp,northamerica-northeast2,Linux-6.8.0-1032-gcp-x86_64-with-glibc2.35,3.10.12,3.0.4,2,Intel(R) Xeon(R) CPU @ 2.60GHz,,,,,15.61648178100586,machine,Y,1.0
2025-08-08T01:28:39,dask-benchmark,a8d07bb7-815c-427a-a02a-666ecb6fd3c9,dask_R6301_81ec5021,1.002617082092911,7.06861872626986e-08,7.050167858216106e-08,0.8,0.0,10.0,1.114598113215632e-07,0.0,1.3925016197996837e-06,1.503961431121247e-06,Canada,CAN,,gcp,northamerica-northeast2,Linux-6.8.0-1032-gcp-x86_64-with-glibc2.35,3.10.12,3.0.4,2,Intel(R) Xeon(R) CPU @ 2.60GHz,,,,,15.61648178100586,machine,Y,1.0
2025-08-08T01:28:41,dask-benchmark,ea7020c3-9361-4cfa-a996-856f4a71973e,dask_R6301_81ec5021,1.0024815048091114,7.06769891096693e-08,7.050203796341095e-08,0.8,0.0,10.0,1.1144350841641429e-07,0.0,1.3923222173212305e-06,1.5037657257376448e-06,Canada,CAN,,gcp,northamerica-northeast2,Linux-6.8.0-1032-gcp-x86_64-with-glibc2.35,3.10.12,3.0.4,2,Intel(R) Xeon(R) CPU @ 2.60GHz,,,,,15.61648178100586,machine,Y,1.0
2025-08-08T01:28:43,dask-benchmark,ac961dd8-cfbd-476a-bca6-9fb9cb726b98,dask_R6301_81ec5021,1.0025408770889044,7.068398489803077e-08,7.0504840763478e-08,0.8,0.0,10.0,1.114527135052615e-07,0.0,1.3924618587932651e-06,1.5039145722985268e-06,Canada,CAN,,gcp,northamerica-northeast2,Linux-6.8.0-1032-gcp-x86_64-with-glibc2.35,3.10.12,3.0.4,2,Intel(R) Xeon(R) CPU @ 2.60GHz,,,,,15.61648178100586,machine,Y,1.0
2025-08-08T01:28:45,dask-benchmark,760ee16b-e0ed-4493-bafa-4ae01b187ded,dask_R6301_81ec5021,1.0025463849306109,7.06856812856988e-08,7.050614549928397e-08,0.8,0.0,10.0,1.1145690000719493e-07,0.0,1.3924937656459708e-06,1.5039506656531655e-06,Canada,CAN,,gcp,northamerica-northeast2,Linux-6.8.0-1032-gcp-x86_64-with-glibc2.35,3.10.12,3.0.4,2,Intel(R) Xeon(R) CPU @ 2.60GHz,,,,,15.61648178100586,machine,Y,1.0
2025-08-08T01:28:48,dask-benchmark,37d04c99-9f20-4f65-8569-fd43662bf7e8,dask_R6301_81ec5021,1.0025760498829186,7.06831577209135e-08,7.050154223130295e-08,0.8,0.0,10.0,1.1145907485236725e-07,0.0,1.3924378979330262e-06,1.5038969727853934e-06,Canada,CAN,,gcp,northamerica-northeast2,Linux-6.8.0-1032-gcp-x86_64-with-glibc2.35,3.10.12,3.0.4,2,Intel(R) Xeon(R) CPU @ 2.60GHz,,,,,15.61648178100586,machine,Y,1.0
2025-08-08T01:28:50,dask-benchmark,d9e70815-59ea-4997-8239-2efbb674404a,dask_R6301_81ec5021,1.0025997012853622,7.068059134695472e-08,7.049731937516053e-08,0.8,0.0,10.0,1.1145544424653056e-07,0.0,1.3923869248376125e-06,1.503842369084143e-06,Canada,CAN,,gcp,northamerica-northeast2,Linux-6.8.0-1032-gcp-x86_64-with-glibc2.35,3.10.12,3.0.4,2,Intel(R) Xeon(R) CPU @ 2.60GHz,,,,,15.61648178100586,machine,Y,1.0
2025-08-08T01:28:52,dask-benchmark,8c2be6dc-b9ef-490a-975e-b26d1df4953b,dask_R6301_81ec5021,1.0024919942952693,7.068182451329713e-08,7.050612365536639e-08,0.8,0.0,10.0,1.1144671713312469e-07,0.0,1.3924218895327711e-06,1.503868606665896e-06,Canada,CAN,,gcp,northamerica-northeast2,Linux-6.8.0-1032-gcp-x86_64-with-glibc2.35,3.10.12,3.0.4,2,Intel(R) Xeon(R) CPU @ 2.60GHz,,,,,15.61648178100586,machine,Y,1.0
2025-08-08T01:28:54,dask-benchmark,f355e0ce-fe13-4d21-ad44-bfa93affc7e8,dask_R6301_81ec5021,1.002553852275014,7.068517763105534e-08,7.050511797511446e-08,0.8,0.0,10.0,1.1145597447951636e-07,0.0,1.3924839751174051e-06,1.5039399495969218e-06,Canada,CAN,,gcp,northamerica-northeast2,Linux-6.8.0-1032-gcp-x86_64-with-glibc2.35,3.10.12,3.0.4,2,Intel(R) Xeon(R) CPU @ 2.60GHz,,,,,15.61648178100586,machine,Y,1.0
2025-08-08T01:28:56,dask-benchmark,0b2474d3-61b2-4262-8914-d3ff6622802a,dask_R6301_81ec5021,1.0026006172411144,7.068679383298797e-08,7.050344136780896e-08,0.8,0.0,10.0,1.1145971736146345e-07,0.0,1.3925146195106209e-06,1.5039743368720844e-06,Canada,CAN,,gcp,northamerica-northeast2,Linux-6.8.0-1032-gcp-x86_64-with-glibc2.35,3.10.12,3.0.4,2,Intel(R) Xeon(R) CPU @ 2.60GHz,,,,,15.61648178100586,machine,Y,1.0
2025-08-08T01:28:58,dask-benchmark,f042c48e-82d6-4481-9ea7-674f8c5a643b,dask_R6301_81ec5021,1.00250036502257,7.068042677995722e-08,7.050414069262306e-08,0.8000072,0.0,10.0,1.1144762898662637e-07,0.0,1.3923912386720378e-06,1.5038388676586642e-06,Canada,CAN,,gcp,northamerica-northeast2,Linux-6.8.0-1032-gcp-x86_64-with-glibc2.35,3.10.12,3.0.4,2,Intel(R) Xeon(R) CPU @ 2.60GHz,,,,,15.61648178100586,machine,Y,1.0
2025-08-08T01:29:01,dask-benchmark,3e932200-c84f-40c2-a2aa-267c42ac15a2,dask_R6301_81ec5021,1.00229420280084,7.06940874179515e-08,7.053227208179181e-08,0.8,0.0,10.0,1.1146832536906005e-07,0.0,1.3926611941618223e-06,1.5041295195308823e-06,Canada,CAN,,gcp,northamerica-northeast2,Linux-6.8.0-1032-gcp-x86_64-with-glibc2.35,3.10.12,3.0.4,2,Intel(R) Xeon(R) CPU @ 2.60GHz,,,,,15.61648178100586,machine,Y,1.0
2025-08-08T01:29:03,dask-benchmark,2521ce5b-a1e8-4384-a0cf-8cfd84fe58e2,dask_R6301_81ec5021,1.0023750788532195,7.065620694118038e-08,7.04887905054618e-08,0.8,0.0,10.0,1.114187546902233e-07,0.0,1.3919047972497842e-06,1.5033235519400076e-06,Canada,CAN,,gcp,northamerica-northeast2,Linux-6.8.0-1032-gcp-x86_64-with-glibc2.35,3.10.12,3.0.4,2,Intel(R) Xeon(R) CPU @ 2.60GHz,,,,,15.61648178100586,machine,Y,1.0
2025-08-08T01:29:05,dask-benchmark,22687ae1-1edd-4877-ac40-8a7eb671d862,dask_R6301_81ec5021,1.0025478452444077,7.06828174604517e-08,7.050318625264231e-08,0.8,0.0,10.0,1.1145044087121885e-07,0.0,1.392439292329881e-06,1.5038897332010998e-06,Canada,CAN,,gcp,northamerica-northeast2,Linux-6.8.0-1032-gcp-x86_64-with-glibc2.35,3.10.12,3.0.4,2,Intel(R) Xeon(R) CPU @ 2.60GHz,,,,,15.61648178100586,machine,Y,1.0
2025-08-08T01:29:07,dask-benchmark,56c91cd3-7c2a-41df-95e4-5a3d2234b9b7,dask_R6301_81ec5021,1.0024941312149167,7.067691001094259e-08,7.05010710888548e-08,0.8,0.0,10.0,1.1144459226893053e-07,0.0,1.3923194505170817e-06,1.5037640427860122e-06,Canada,CAN,,gcp,northamerica-northeast2,Linux-6.8.0-1032-gcp-x86_64-with-glibc2.35,3.10.12,3.0.4,2,Intel(R) Xeon(R) CPU @ 2.60GHz,,,,,15.61648178100586,machine,Y,1.0
2025-08-08T01:29:09,dask-benchmark,7c6babf2-5ba7-491f-b7f0-54f2454bb7f3,dask_R6301_81ec5021,1.0024266480468214,7.067702921226414e-08,7.050593612008902e-08,0.8,0.0,10.0,1.1143013959129661e-07,0.0,1.392336439393047e-06,1.5037665789843436e-06,Canada,CAN,,gcp,northamerica-northeast2,Linux-6.8.0-1032-gcp-x86_64-with-glibc2.35,3.10.12,3.0.4,2,Intel(R) Xeon(R) CPU @ 2.60GHz,,,,,15.61648178100586,machine,Y,1.0
2025-08-08T01:29:11,dask-benchmark,2ce77354-f4d1-4881-b716-06d3ffbd6e16,dask_R6301_81ec5021,1.0024229157716036,7.067274143484731e-08,7.050192121799987e-08,0.8,0.0,10.0,1.1142928091188272e-07,0.0,1.3922460687657195e-06,1.5036753496776024e-06,Canada,CAN,,gcp,northamerica-northeast2,Linux-6.8.0-1032-gcp-x86_64-with-glibc2.35,3.10.12,3.0.4,2,Intel(R) Xeon(R) CPU @ 2.60GHz,,,,,15.61648178100586,machine,Y,1.0
2025-08-08T01:29:13,dask-benchmark,b4c446a3-fefa-43e5-9724-5ac8543cae46,dask_R6301_81ec5021,1.0024618478491902,7.06780747662609e-08,7.050450340619214e-08,0.8,0.0,10.0,1.1144105821020077e-07,0.0,1.3923477666038606e-06,1.5037888248140614e-06,Canada,CAN,,gcp,northamerica-northeast2,Linux-6.8.0-1032-gcp-x86_64-with-glibc2.35,3.10.12,3.0.4,2,Intel(R) Xeon(R) CPU @ 2.60GHz,,,,,15.61648178100586,machine,Y,1.0
2025-08-08T01:29:16,dask-benchmark,699ff2de-eb11-4dbb-9917-9f8df91e4565,dask_R6301_81ec5021,1.0021018767729402,7.06815525860422e-08,7.05333002804639e-08,0.8,0.0,10.0,1.114485217258335e-07,0.0,1.392414299253788e-06,1.5038628209796217e-06,Canada,CAN,,gcp,northamerica-northeast2,Linux-6.8.0-1032-gcp-x86_64-with-glibc2.35,3.10.12,3.0.4,2,Intel(R) Xeon(R) CPU @ 2.60GHz,,,,,15.61648178100586,machine,Y,1.0
2025-08-08T01:29:18,dask-benchmark,38cfc965-414b-40c4-aa65-1e49a49920ff,dask_R6301_81ec5021,1.0025517237372696,7.068439048844287e-08,7.050448252679534e-08,0.8,0.0,10.0,1.1145344107515282e-07,0.0,1.3924697608066102e-06,1.503923201881763e-06,Canada,CAN,,gcp,northamerica-northeast2,Linux-6.8.0-1032-gcp-x86_64-with-glibc2.35,3.10.12,3.0.4,2,Intel(R) Xeon(R) CPU @ 2.60GHz,,,,,15.61648178100586,machine,Y,1.0
2025-08-08T01:29:20,dask-benchmark,4c331966-22be-4258-8671-856953d5bdc4,dask_R6301_81ec5021,1.00253089889884,7.068771648691553e-08,7.050926466661279e-08,0.8,0.0,10.0,1.1145734580026737e-07,0.0,1.3925366220064462e-06,1.5039939678067137e-06,Canada,CAN,,gcp,northamerica-northeast2,Linux-6.8.0-1032-gcp-x86_64-with-glibc2.35,3.10.12,3.0.4,2,Intel(R) Xeon(R) CPU @ 2.60GHz,,,,,15.61648178100586,machine,Y,1.0
2025-08-08T01:29:22,dask-benchmark,04c6e5d7-76df-44ce-89cc-63f7cc39fc03,dask_R6301_81ec5021,1.0025158459320664,7.06794143378631e-08,7.050204206213869e-08,0.8,0.0,10.0,1.114452509209514e-07,0.0,1.3923720754165615e-06,1.5038173263375128e-06,Canada,CAN,,gcp,northamerica-northeast2,Linux-6.8.0-1032-gcp-x86_64-with-glibc2.35,3.10.12,3.0.4,2,Intel(R) Xeon(R) CPU @ 2.60GHz,,,,,15.61648178100586,machine,Y,1.0
2025-08-08T01:29:25,dask-benchmark,5bf2ee9a-10c5-4413-8d3f-303d5c0b24b2,dask_R6301_81ec5021,1.002621600870043,7.06814823876549e-08,7.049666826080724e-08,0.8,0.0,10.0,1.114606500292818e-07,0.0,1.392400677367631e-06,1.5038613273969128e-06,Canada,CAN,,gcp,northamerica-northeast2,Linux-6.8.0-1032-gcp-x86_64-with-glibc2.35,3.10.12,3.0.4,2,Intel(R) Xeon(R) CPU @ 2.60GHz,,,,,15.61648178100586,machine,Y,1.0
2025-08-08T01:29:27,dask-benchmark,096ced5c-9a55-4747-a57f-a840fb21cd66,dask_R6301_81ec5021,1.0025632651522756,7.067858767385284e-08,7.04978829072874e-08,0.8,0.0,10.0,1.114561569152607e-07,0.0,1.3923435808262892e-06,1.50379973774155e-06,Canada,CAN,,gcp,northamerica-northeast2,Linux-6.8.0-1032-gcp-x86_64-with-glibc2.35,3.10.12,3.0.4,2,Intel(R) Xeon(R) CPU @ 2.60GHz,,,,,15.61648178100586,machine,Y,1.0
2025-08-08T01:29:29,dask-benchmark,7b28aa6a-fa14-407a-8316-05c1aa050c7f,dask_R6301_81ec5021,1.00249902298674,7.067972991325789e-08,7.05035399462856e-08,0.8,0.0,10.0,1.1144508773254025e-07,0.0,1.3923789529750746e-06,1.5038240407076148e-06,Canada,CAN,,gcp,northamerica-northeast2,Linux-6.8.0-1032-gcp-x86_64-with-glibc2.35,3.10.12,3.0.4,2,Intel(R) Xeon(R) CPU @ 2.60GHz,,,,,15.61648178100586,machine,Y,1.0
2025-08-08T01:29:31,dask-benchmark,f70ed36a-0d84-40b7-8f10-d711a47c690a,dask_R6301_81ec5021,1.0025319210253656,7.068228742092228e-08,7.050377742449349e-08,0.8,0.0,10.0,1.1145084506521625e-07,0.0,1.3924276106990874e-06,1.5038784557643037e-06,Canada,CAN,,gcp,northamerica-northeast2,Linux-6.8.0-1032-gcp-x86_64-with-glibc2.35,3.10.12,3.0.4,2,Intel(R) Xeon(R) CPU @ 2.60GHz,,,,,15.61648178100586,machine,Y,1.0
2025-08-08T01:29:33,dask-benchmark,af6afa56-cc68-444f-9aa7-8b509dfc28d9,dask_R6301_81ec5021,1.0024700569920242,7.067823202990824e-08,7.050408292690838e-08,0.8,0.0,10.0,1.1144301243540314e-07,0.0,1.3923491584137085e-06,1.5037921708491114e-06,Canada,CAN,,gcp,northamerica-northeast2,Linux-6.8.0-1032-gcp-x86_64-with-glibc2.35,3.10.12,3.0.4,2,Intel(R) Xeon(R) CPU @ 2.60GHz,,,,,15.61648178100586,machine,Y,1.0
2025-08-08T01:29:35,dask-benchmark,34dde726-324e-42fe-9b0c-c81b0d68ce80,dask_R6301_81ec5021,1.0025755148380997,7.067647886731559e-08,7.049491815958498e-08,0.8,0.0,10.0,1.1144992822988168e-07,0.0,1.3923049412874711e-06,1.5037548695173529e-06,Canada,CAN,,gcp,northamerica-northeast2,Linux-6.8.0-1032-gcp-x86_64-with-glibc2.35,3.10.12,3.0.4,2,Intel(R) Xeon(R) CPU @ 2.60GHz,,,,,15.61648178100586,machine,Y,1.0
2025-08-08T01:29:38,dask-benchmark,f9a035b5-024f-439e-84bc-8dadbc79a532,dask_R6301_81ec5021,1.0020650941878555,7.068312238948419e-08,7.053745589928048e-08,0.8,0.0,10.0,1.114510264661577e-07,0.0,1.3924451945866974e-06,1.5038962210528551e-06,Canada,CAN,,gcp,northamerica-northeast2,Linux-6.8.0-1032-gcp-x86_64-with-glibc2.35,3.10.12,3.0.4,2,Intel(R) Xeon(R) CPU @ 2.60GHz,,,,,15.61648178100586,machine,Y,1.0
2025-08-08T01:29:40,dask-benchmark,42974e81-be9b-427d-994c-5ab50679fd70,dask_R6301_81ec5021,1.0025600930675864,7.068684722529724e-08,7.050634442172235e-08,0.8,0.0,10.0,1.1147417904188237e-07,0.0,1.3925012938367823e-06,1.5039754728786648e-06,Canada,CAN,,gcp,northamerica-northeast2,Linux-6.8.0-1032-gcp-x86_64-with-glibc2.35,3.10.12,3.0.4,2,Intel(R) Xeon(R) CPU @ 2.60GHz,,,,,15.61648178100586,machine,Y,1.0
2025-08-08T01:29:42,dask-benchmark,8be3f5b7-55c8-4cf8-ac9c-0ad611cd3969,dask_R6301_81ec5021,1.0025160717777908,7.067266044905409e-08,7.04952892413268e-08,0.8,0.0,10.0,1.1144064418557617e-07,0.0,1.3922329823900428e-06,1.503673626575619e-06,Canada,CAN,,gcp,northamerica-northeast2,Linux-6.8.0-1032-gcp-x86_64-with-glibc2.35,3.10.12,3.0.4,2,Intel(R) Xeon(R) CPU @ 2.60GHz,,,,,15.61648178100586,machine,Y,1.0
2025-08-08T01:29:44,dask-benchmark,26fac2ee-1143-445a-b02f-8e4056de202f,dask_R6301_81ec5021,1.0024794726632535,7.06794277637576e-08,7.050461350194629e-08,0.8,0.0,10.0,1.114440348206295e-07,0.0,1.392373577174213e-06,1.5038176119948425e-06,Canada,CAN,,gcp,northamerica-northeast2,Linux-6.8.0-1032-gcp-x86_64-with-glibc2.35,3.10.12,3.0.4,2,Intel(R) Xeon(R) CPU @ 2.60GHz,,,,,15.61648178100586,machine,Y,1.0
2025-08-08T01:29:46,dask-benchmark,2863b432-bf67-4356-a929-8c3b32108142,dask_R6301_81ec5021,1.0025580506771803,7.068766480161074e-08,7.050730354602864e-08,0.8001944000000001,0.0,10.0,1.1148364639917825e-07,0.0,1.3925092217201988e-06,1.5039928681193769e-06,Canada,CAN,,gcp,northamerica-northeast2,Linux-6.8.0-1032-gcp-x86_64-with-glibc2.35,3.10.12,3.0.4,2,Intel(R) Xeon(R) CPU @ 2.60GHz,,,,,15.61648178100586,machine,Y,1.0
2025-08-08T01:29:48,dask-benchmark,645f43e8-62ae-433a-841d-b7fa69f0c188,dask_R6301_81ec5021,1.002558127976954,7.068191353128188e-08,7.050156151435308e-08,0.8,0.0,10.0,1.1145037288467089e-07,0.0,1.3924201277809011e-06,1.503870500665572e-06,Canada,CAN,,gcp,northamerica-northeast2,Linux-6.8.0-1032-gcp-x86_64-with-glibc2.35,3.10.12,3.0.4,2,Intel(R) Xeon(R) CPU @ 2.60GHz,,,,,15.61648178100586,machine,Y,1.0
2025-08-08T01:29:51,dask-benchmark,8044c471-57a3-4efb-8039-91d0908a9a89,dask_R6301_81ec5021,1.0025031897239387,7.067882959529136e-08,7.050234884016112e-08,0.8,0.0,10.0,1.1144443818678458e-07,0.0,1.3923604468194149e-06,1.5038048850061992e-06,Canada,CAN,,gcp,northamerica-northeast2,Linux-6.8.0-1032-gcp-x86_64-with-glibc2.35,3.10.12,3.0.4,2,Intel(R) Xeon(R) CPU @ 2.60GHz,,,,,15.61648178100586,machine,Y,1.0
2025-08-08T01:29:53,dask-benchmark,8f3ddccd-472b-4003-9eb1-f42dd2528102,dask_R6301_81ec5021,1.0025572311133146,7.067710783679246e-08,7.049683114679378e-08,0.8,0.0,10.0,1.1144978956629837e-07,0.0,1.3923184622803495e-06,1.5037682518466478e-06,Canada,CAN,,gcp,northamerica-northeast2,Linux-6.8.0-1032-gcp-x86_64-with-glibc2.35,3.10.12,3.0.4,2,Intel(R) Xeon(R) CPU @ 2.60GHz,,,,,15.61648178100586,machine,Y,1.0
2025-08-08T01:29:55,dask-benchmark,96b02f6a-4cbb-4891-97bb-389837b95fe1,dask_R6301_81ec5021,1.002684453036636,7.068871695162785e-08,7.049946445020328e-08,0.8000072,0.0,10.0,1.1147440640732574e-07,0.0,1.3925408478826285e-06,1.5040152542899542e-06,Canada,CAN,,gcp,northamerica-northeast2,Linux-6.8.0-1032-gcp-x86_64-with-glibc2.35,3.10.12,3.0.4,2,Intel(R) Xeon(R) CPU @ 2.60GHz,,,,,15.61648178100586,machine,Y,1.0
2025-08-08T01:29:57,dask-benchmark,f31a2b98-d156-4f7e-8f67-040a46b57dbe,dask_R6301_81ec5021,1.0025382419116795,7.068378585142395e-08,7.050482754317813e-08,0.8,0.0,10.0,1.1145514260149665e-07,0.0,1.3924551946628426e-06,1.5039103372643391e-06,Canada,CAN,,gcp,northamerica-northeast2,Linux-6.8.0-1032-gcp-x86_64-with-glibc2.35,3.10.12,3.0.4,2,Intel(R) Xeon(R) CPU @ 2.60GHz,,,,,15.61648178100586,machine,Y,1.0
2025-08-08T01:29:59,dask-benchmark,45222855-f319-4e7e-8e7b-b2c7fca9aa63,dask_R6301_81ec5021,1.0024940958246589,7.068044851109799e-08,7.050460327445196e-08,0.8,0.0,10.0,1.1144530514462126e-07,0.0,1.3923940248787405e-06,1.5038393300233616e-06,Canada,CAN,,gcp,northamerica-northeast2,Linux-6.8.0-1032-gcp-x86_64-with-glibc2.35,3.10.12,3.0.4,2,Intel(R) Xeon(R) CPU @ 2.60GHz,,,,,15.61648178100586,machine,Y,1.0
2025-08-08T01:30:01,dask-benchmark,28902ef0-39f7-4564-8af0-603a3b80551d,dask_R6301_81ec5021,1.0025308597832918,7.068548122260511e-08,7.050703779620766e-08,0.8,0.0,10.0,1.1145555114166605e-07,0.0,1.3924908578499323e-06,1.5039464089915983e-06,Canada,CAN,,gcp,northamerica-northeast2,Linux-6.8.0-1032-gcp-x86_64-with-glibc2.35,3.10.12,3.0.4,2,Intel(R) Xeon(R) CPU @ 2.60GHz,,,,,15.61648178100586,machine,Y,1.0
2025-08-08T01:30:04,dask-benchmark,447d7091-3e1b-4987-86c2-c93dcd76aa83,dask_R6301_81ec5021,1.0025145569816232,7.067772187023527e-08,7.05004444853471e-08,0.8,0.0,10.0,1.1144432984292509e-07,0.0,1.3923369865450597e-06,1.5037813163879846e-06,Canada,CAN,,gcp,northamerica-northeast2,Linux-6.8.0-1032-gcp-x86_64-with-glibc2.35,3.10.12,3.0.4,2,Intel(R) Xeon(R) CPU @ 2.60GHz,,,,,15.61648178100586,machine,Y,1.0
2025-08-08T01:30:06,dask-benchmark,e05d30f8-3def-445d-a763-4eb2866350f3,dask_R6301_81ec5021,1.0024741138331592,7.067421719866494e-08,7.04997926863448e-08,0.8,0.0,10.0,1.1143932439800769e-07,0.0,1.392267424509757e-06,1.5037067489077646e-06,Canada,CAN,,gcp,northamerica-northeast2,Linux-6.8.0-1032-gcp-x86_64-with-glibc2.35,3.10.12,3.0.4,2,Intel(R) Xeon(R) CPU @ 2.60GHz,,,,,15.61648178100586,machine,Y,1.0
2025-08-08T01:30:08,dask-benchmark,d6dcd2c7-749c-43e0-ac2b-5005cc7c1b97,dask_R6301_81ec5021,1.0025020511820912,7.06733493961187e-08,7.049696238804184e-08,0.8,0.0,10.0,1.114402242625753e-07,0.0,1.3922480607612264e-06,1.5036882850238017e-06,Canada,CAN,,gcp,northamerica-northeast2,Linux-6.8.0-1032-gcp-x86_64-with-glibc2.35,3.10.12,3.0.4,2,Intel(R) Xeon(R) CPU @ 2.60GHz,,,,,15.61648178100586,machine,Y,1.0
2025-08-08T01:30:13,dask-benchmark,486bf753-403d-488d-b727-0c7466c72ce7,dask_R6301_81ec5021,1.0025231069885194,7.06781919613584e-08,7.050031213112755e-08,0.8,0.0,10.0,1.1144550361980997e-07,0.0,1.3923458147069646e-06,1.5037913183267745e-06,Canada,CAN,,gcp,northamerica-northeast2,Linux-6.8.0-1032-gcp-x86_64-with-glibc2.35,3.10.12,3.0.4,2,Intel(R) Xeon(R) CPU @ 2.60GHz,,,,,15.61648178100586,machine,Y,1.0
2025-08-08T01:30:15,dask-benchmark,9e2d2dcd-cd99-46ac-8e36-b891f0fbdc23,dask_R6301_81ec5021,1.002371006179601,7.067492939117883e-08,7.050775506820233e-08,0.8,0.0,10.0,1.1143652360058496e-07,0.0,1.39228537833939e-06,1.5037219019399752e-06,Canada,CAN,,gcp,northamerica-northeast2,Linux-6.8.0-1032-gcp-x86_64-with-glibc2.35,3.10.12,3.0.4,2,Intel(R) Xeon(R) CPU @ 2.60GHz,,,,,15.61648178100586,machine,Y,1.0
2025-08-08T01:30:18,dask-benchmark,0008f3c4-83e0-4931-ae8e-cc82e5872c71,dask_R6301_81ec5021,1.002507525961846,7.067977906209936e-08,7.050299098182463e-08,0.8,0.0,10.0,1.1144501198497085e-07,0.0,1.3923800744426748e-06,1.5038250864276456e-06,Canada,CAN,,gcp,northamerica-northeast2,Linux-6.8.0-1032-gcp-x86_64-with-glibc2.35,3.10.12,3.0.4,2,Intel(R) Xeon(R) CPU @ 2.60GHz,,,,,15.61648178100586,machine,Y,1.0
2025-08-08T01:30:20,dask-benchmark,67eebff9-c81f-48a5-b735-0aa588ddd729,dask_R6301_81ec5021,1.0024829781614244,7.067627438323367e-08,7.050122139016812e-08,0.8,0.0,10.0,1.1144019652985865e-07,0.0,1.3923103222623468e-06,1.5037505187922055e-06,Canada,CAN,,gcp,northamerica-northeast2,Linux-6.8.0-1032-gcp-x86_64-with-glibc2.35,3.10.12,3.0.4,2,Intel(R) Xeon(R) CPU @ 2.60GHz,,,,,15.61648178100586,machine,Y,1.0
2025-08-08T01:30:22,dask-benchmark,0855718d-74ac-4c9b-9b7f-6476fd9567b4,dask_R6301_81ec5021,1.0021862559951842,7.853440707869137e-08,7.836308531362333e-08,2.0044458872,0.0,10.0,2.7908266679609134e-07,0.0,1.3918621646654271e-06,1.6709448314615189e-06,Canada,CAN,,gcp,northamerica-northeast2,Linux-6.8.0-1032-gcp-x86_64-with-glibc2.35,3.10.12,3.0.4,2,Intel(R) Xeon(R) CPU @ 2.60GHz,,,,,15.61648178100586,machine,Y,1.0
2025-08-08T01:30:24,dask-benchmark,8549fbf2-2772-4b8b-91d7-03297ce8373f,dask_R6301_81ec5021,1.0019080131314697,7.6545576041241e-08,7.639980421156363e-08,1.7000000000000002,0.0,10.0,2.3670664668962775e-07,0.0,1.3919226307835846e-06,1.6286292774732125e-06,Canada,CAN,,gcp,northamerica-northeast2,Linux-6.8.0-1032-gcp-x86_64-with-glibc2.35,3.10.12,3.0.4,2,Intel(R) Xeon(R) CPU @ 2.60GHz,,,,,15.61648178100586,machine,Y,1.0
2025-08-08T01:30:27,dask-benchmark,d684887f-7a69-4051-bc18-4a3e22751c6f,dask_R6301_81ec5021,1.002278194297105,7.158878369060871e-08,7.142606124521518e-08,0.9417176000000004,0.0,10.0,1.311357016423317e-07,0.0,1.3920299087961515e-06,1.5231656104384832e-06,Canada,CAN,,gcp,northamerica-northeast2,Linux-6.8.0-1032-gcp-x86_64-with-glibc2.35,3.10.12,3.0.4,2,Intel(R) Xeon(R) CPU @ 2.60GHz,,,,,15.61648178100586,machine,Y,1.0
2025-08-08T01:30:29,dask-benchmark,20c446e9-6f2a-41ae-9783-18b68e70bef0,dask_R6301_81ec5021,1.002457651309669,7.067287818394188e-08,7.049961471351008e-08,0.8,0.0,10.0,1.1143529228866101e-07,0.0,1.3922429669441448e-06,1.503678259232806e-06,Canada,CAN,,gcp,northamerica-northeast2,Linux-6.8.0-1032-gcp-x86_64-with-glibc2.35,3.10.12,3.0.4,2,Intel(R) Xeon(R) CPU @ 2.60GHz,,,,,15.61648178100586,machine,Y,1.0
2025-08-08T01:30:31,dask-benchmark,04fd51d0-bcd8-46fd-8b02-9e9fd0b4af33,dask_R6301_81ec5021,1.0025601740926504,7.069464155162378e-08,7.05141131459812e-08,0.8,0.0,10.0,1.114671066817311e-07,0.0,1.392674202927285e-06,1.504141309609016e-06,Canada,CAN,,gcp,northamerica-northeast2,Linux-6.8.0-1032-gcp-x86_64-with-glibc2.35,3.10.12,3.0.4,2,Intel(R) Xeon(R) CPU @ 2.60GHz,,,,,15.61648178100586,machine,Y,1.0
2025-08-08T01:30:33,dask-benchmark,8fe31ba1-a8b1-40be-beff-f5189cd3f366,dask_R6301_81ec5021,1.0024218042381108,7.067359431595026e-08,7.050285021450187e-08,0.8,0.0,10.0,1.1143227004342612e-07,0.0,1.3922612260406215e-06,1.5036934960840475e-06,Canada,CAN,,gcp,northamerica-northeast2,Linux-6.8.0-1032-gcp-x86_64-with-glibc2.35,3.10.12,3.0.4,2,Intel(R) Xeon(R) CPU @ 2.60GHz,,,,,15.61648178100586,machine,Y,1.0
2025-08-08T01:30:36,dask-benchmark,5f496b2b-1202-4a94-8252-18e0a8e3de3a,dask_R6301_81ec5021,1.0025677727535367,7.068622689109503e-08,7.05051855965372e-08,0.8,0.0,10.0,1.1145473281956385e-07,0.0,1.392507541459054e-06,1.5039622742786178e-06,Canada,CAN,,gcp,northamerica-northeast2,Linux-6.8.0-1032-gcp-x86_64-with-glibc2.35,3.10.12,3.0.4,2,Intel(R) Xeon(R) CPU @ 2.60GHz,,,,,15.61648178100586,machine,Y,1.0
2025-08-08T01:30:38,dask-benchmark,ea27a672-9f01-43cd-8813-a63f528c3f84,dask_R6301_81ec5021,1.0026085232384505,7.067822438680257e-08,7.049433826725327e-08,0.8,0.0,10.0,1.114529740686219e-07,0.0,1.39233903416122e-06,1.5037920082298417e-06,Canada,CAN,,gcp,northamerica-northeast2,Linux-6.8.0-1032-gcp-x86_64-with-glibc2.35,3.10.12,3.0.4,2,Intel(R) Xeon(R) CPU @ 2.60GHz,,,,,15.61648178100586,machine,Y,1.0
2025-08-08T01:30:40,dask-benchmark,faa5915f-6e45-4fb2-a0fe-382144169d71,dask_R6301_81ec5021,1.0025418759323657,7.06849156498081e-08,7.050569891065249e-08,0.8,0.0,10.0,1.114562729166614e-07,0.0,1.3924781026111709e-06,1.503934375527832e-06,Canada,CAN,,gcp,northamerica-northeast2,Linux-6.8.0-1032-gcp-x86_64-with-glibc2.35,3.10.12,3.0.4,2,Intel(R) Xeon(R) CPU @ 2.60GHz,,,,,15.61648178100586,machine,Y,1.0
2025-08-08T01:30:42,dask-benchmark,dc38e4e3-05a0-4457-869c-8dfa30a8cdcf,dask_R6301_81ec5021,1.0020225867629051,7.061351331561765e-08,7.04709796450187e-08,0.8000072,0.0,10.0,1.1134371935699538e-07,0.0,1.3910714575710398e-06,1.5024151769280351e-06,Canada,CAN,,gcp,northamerica-northeast2,Linux-6.8.0-1032-gcp-x86_64-with-glibc2.35,3.10.12,3.0.4,2,Intel(R) Xeon(R) CPU @ 2.60GHz,,,,,15.61648178100586,machine,Y,1.0
2025-08-08T01:30:44,dask-benchmark,b0b6dfc6-53e7-4f63-8734-737bbdf6143d,dask_R6301_81ec5021,1.002616733778268,7.068349701352418e-08,7.049901984695587e-08,0.8,0.0,10.0,1.1145843710336421e-07,0.0,1.3924457546737458e-06,1.50390419177711e-06,Canada,CAN,,gcp,northamerica-northeast2,Linux-6.8.0-1032-gcp-x86_64-with-glibc2.35,3.10.12,3.0.4,2,Intel(R) Xeon(R) CPU @ 2.60GHz,,,,,15.61648178100586,machine,Y,1.0
2025-08-08T01:30:47,dask-benchmark,7b723436-7b95-40eb-bae9-18724e664b86,dask_R6301_81ec5021,1.0024742428213358,7.068551300059093e-08,7.051105153749946e-08,0.8009000000000002,0.0,10.0,1.115693079386321e-07,0.0,1.392377777180324e-06,1.503947085118956e-06,Canada,CAN,,gcp,northamerica-northeast2,Linux-6.8.0-1032-gcp-x86_64-with-glibc2.35,3.10.12,3.0.4,2,Intel(R) Xeon(R) CPU @ 2.60GHz,,,,,15.61648178100586,machine,Y,1.0
2025-08-08T01:30:49,dask-benchmark,416cf960-612c-48a2-99b2-0f2055cb8a60,dask_R6301_81ec5021,1.0025232806801796,7.067445858997398e-08,7.0496575941881e-08,0.8,0.0,10.0,1.1143916348616285e-07,0.0,1.3922727214069005e-06,1.503711884893063e-06,Canada,CAN,,gcp,northamerica-northeast2,Linux-6.8.0-1032-gcp-x86_64-with-glibc2.35,3.10.12,3.0.4,2,Intel(R) Xeon(R) CPU @ 2.60GHz,,,,,15.61648178100586,machine,Y,1.0
2025-08-08T01:30:51,dask-benchmark,9c53329d-011a-4a6b-b782-f703742332dc,dask_R6301_81ec5021,1.002441704273224,7.067384545872404e-08,7.050170115374735e-08,0.8,0.0,10.0,1.114356564357877e-07,0.0,1.3922631831115315e-06,1.5036988395473197e-06,Canada,CAN,,gcp,northamerica-northeast2,Linux-6.8.0-1032-gcp-x86_64-with-glibc2.35,3.10.12,3.0.4,2,Intel(R) Xeon(R) CPU @ 2.60GHz,,,,,15.61648178100586,machine,Y,1.0
2025-08-08T01:30:53,dask-benchmark,f9589fc4-3be1-48d5-833d-2f0a13a98790,dask_R6301_81ec5021,1.0026082177646458,7.067719361806909e-08,7.049333165814925e-08,0.8,0.0,10.0,1.1144811059865689e-07,0.0,1.3923219663815367e-06,1.5037700769801935e-06,Canada,CAN,,gcp,northamerica-northeast2,Linux-6.8.0-1032-gcp-x86_64-with-glibc2.35,3.10.12,3.0.4,2,Intel(R) Xeon(R) CPU @ 2.60GHz,,,,,15.61648178100586,machine,Y,1.0
2025-08-08T01:30:56,dask-benchmark,14319908-3537-4664-89ca-1dc147db349d,dask_R6301_81ec5021,1.0025620199739933,7.068614337138005e-08,7.050550685454219e-08,0.8,0.0,10.0,1.1145685313062537e-07,0.0,1.3925036441327795e-06,1.503960497263405e-06,Canada,CAN,,gcp,northamerica-northeast2,Linux-6.8.0-1032-gcp-x86_64-with-glibc2.35,3.10.12,3.0.4,2,Intel(R) Xeon(R) CPU @ 2.60GHz,,,,,15.61648178100586,machine,Y,1.0
2025-08-08T01:30:58,dask-benchmark,238588e8-00c6-4e6f-a8b1-622c1dfa41c0,dask_R6301_81ec5021,1.0024607852101326,7.067694969413534e-08,7.050345583275884e-08,0.8000072,0.0,10.0,1.114408394804721e-07,0.0,1.39232404762879e-06,1.5037648871092625e-06,Canada,CAN,,gcp,northamerica-northeast2,Linux-6.8.0-1032-gcp-x86_64-with-glibc2.35,3.10.12,3.0.4,2,Intel(R) Xeon(R) CPU @ 2.60GHz,,,,,15.61648178100586,machine,Y,1.0
2025-08-08T01:31:00,dask-benchmark,fa1e0db1-4ac4-4972-976e-9fcc648c68b1,dask_R6301_81ec5021,1.0024724658578634,7.067808652151792e-08,7.050376836139366e-08,0.8,0.0,10.0,1.1144281396021445e-07,0.0,1.3923462609656983e-06,1.503789074925913e-06,Canada,CAN,,gcp,northamerica-northeast2,Linux-6.8.0-1032-gcp-x86_64-with-glibc2.35,3.10.12,3.0.4,2,Intel(R) Xeon(R) CPU @ 2.60GHz,,,,,15.61648178100586,machine,Y,1.0
2025-08-08T01:31:02,dask-benchmark,e637cfbd-c86d-468b-805e-b74d66eb2ed4,dask_R6301_81ec5021,1.0025289612822237,7.06897691556563e-08,7.051144843261673e-08,0.8,0.0,10.0,1.1145896650850773e-07,0.0,1.3925786751012008e-06,1.5040376416097085e-06,Canada,CAN,,gcp,northamerica-northeast2,Linux-6.8.0-1032-gcp-x86_64-with-glibc2.35,3.10.12,3.0.4,2,Intel(R) Xeon(R) CPU @ 2.60GHz,,,,,15.61648178100586,machine,Y,1.0
2025-08-08T01:31:05,dask-benchmark,400a71d2-6cf8-4c41-a259-3df27e3659fb,dask_R6301_81ec5021,1.0024977279827,7.067735460478191e-08,7.050126163079107e-08,0.8,0.0,10.0,1.114401077437732e-07,0.0,1.3923333944856292e-06,1.5037735022294025e-06,Canada,CAN,,gcp,northamerica-northeast2,Linux-6.8.0-1032-gcp-x86_64-with-glibc2.35,3.10.12,3.0.4,2,Intel(R) Xeon(R) CPU @ 2.60GHz,,,,,15.61648178100586,machine,Y,1.0
2025-08-08T01:31:07,dask-benchmark,1bc097a9-9476-4feb-ad44-4b8c95f009cb,dask_R6301_81ec5021,1.0025816769339144,7.06771739692324e-08,7.049517819373742e-08,0.8,0.0,10.0,1.1144955000943608e-07,0.0,1.3923201089104017e-06,1.5037696589198375e-06,Canada,CAN,,gcp,northamerica-northeast2,Linux-6.8.0-1032-gcp-x86_64-with-glibc2.35,3.10.12,3.0.4,2,Intel(R) Xeon(R) CPU @ 2.60GHz,,,,,15.61648178100586,machine,Y,1.0
2025-08-08T01:31:09,dask-benchmark,69bcac40-612b-4b2f-9127-f0f3d7ed0aa4,dask_R6301_81ec5021,1.0025069997645917,7.068007300918301e-08,7.050332119953287e-08,0.8,0.0,10.0,1.1144506641560133e-07,0.0,1.3923862742053138e-06,1.503831340620915e-06,Canada,CAN,,gcp,northamerica-northeast2,Linux-6.8.0-1032-gcp-x86_64-with-glibc2.35,3.10.12,3.0.4,2,Intel(R) Xeon(R) CPU @ 2.60GHz,,,,,15.61648178100586,machine,Y,1.0
2025-08-08T01:31:11,dask-benchmark,81c40ee4-3a89-4a12-9eb6-62bdd5399302,dask_R6301_81ec5021,1.0024672681465745,7.06749587185267e-08,7.050101381284508e-08,0.8,0.0,10.0,1.1143736489531069e-07,0.0,1.3922851610307893e-06,1.5037225259261e-06,Canada,CAN,,gcp,northamerica-northeast2,Linux-6.8.0-1032-gcp-x86_64-with-glibc2.35,3.10.12,3.0.4,2,Intel(R) Xeon(R) CPU @ 2.60GHz,,,,,15.61648178100586,machine,Y,1.0
2025-08-08T01:31:13,dask-benchmark,1a5746d9-acd8-4e04-b4f1-6930974e9b37,dask_R6301_81ec5021,1.0024790209718049,7.06797653112677e-08,7.050498198231682e-08,0.8000072,0.0,10.0,1.1144570247680221e-07,0.0,1.3923790913799572e-06,1.5038247938567594e-06,Canada,CAN,,gcp,northamerica-northeast2,Linux-6.8.0-1032-gcp-x86_64-with-glibc2.35,3.10.12,3.0.4,2,Intel(R) Xeon(R) CPU @ 2.60GHz,,,,,15.61648178100586,machine,Y,1.0
2025-08-08T01:31:16,dask-benchmark,16edee10-fa07-47cc-94c0-f48767a10862,dask_R6301_81ec5021,1.002396152820438,7.06758640022017e-08,7.050691865021758e-08,0.8,0.0,10.0,1.1143757682293657e-07,0.0,1.3923042104579507e-06,1.503741787280887e-06,Canada,CAN,,gcp,northamerica-northeast2,Linux-6.8.0-1032-gcp-x86_64-with-glibc2.35,3.10.12,3.0.4,2,Intel(R) Xeon(R) CPU @ 2.60GHz,,,,,15.61648178100586,machine,Y,1.0
2025-08-08T01:31:18,dask-benchmark,7e301124-3020-41da-8bf0-bad8af7cd32d,dask_R6301_81ec5021,1.0023747929371891,7.067215246096668e-08,7.050471835378159e-08,0.8,0.0,10.0,1.1143265705969601e-07,0.0,1.3922301612587438e-06,1.5036628183184398e-06,Canada,CAN,,gcp,northamerica-northeast2,Linux-6.8.0-1032-gcp-x86_64-with-glibc2.35,3.10.12,3.0.4,2,Intel(R) Xeon(R) CPU @ 2.60GHz,,,,,15.61648178100586,machine,Y,1.0
2025-08-08T01:31:20,dask-benchmark,a0cb8796-1f10-4bb1-9aaf-f76807d379d3,dask_R6301_81ec5021,1.002457763068378,7.0673058345293e-08,7.049978657352407e-08,0.8,0.0,10.0,1.1143912292189069e-07,0.0,1.392242969531152e-06,1.5036820924530427e-06,Canada,CAN,,gcp,northamerica-northeast2,Linux-6.8.0-1032-gcp-x86_64-with-glibc2.35,3.10.12,3.0.4,2,Intel(R) Xeon(R) CPU @ 2.60GHz,,,,,15.61648178100586,machine,Y,1.0
2025-08-08T01:31:22,dask-benchmark,3afb624c-0844-453b-baf8-a95e200cafbd,dask_R6301_81ec5021,1.0025489339604974,7.067554434383701e-08,7.049585506478807e-08,0.8,0.0,10.0,1.1144537406249178e-07,0.0,1.3922896119765935e-06,1.5037349860390854e-06,Canada,CAN,,gcp,northamerica-northeast2,Linux-6.8.0-1032-gcp-x86_64-with-glibc2.35,3.10.12,3.0.4,2,Intel(R) Xeon(R) CPU @ 2.60GHz,,,,,15.61648178100586,machine,Y,1.0
2025-08-08T01:31:25,dask-benchmark,bf197cce-a328-4636-b6e1-2ce0df554b3b,dask_R6301_81ec5021,1.002542391885072,7.067785074034084e-08,7.049861563204911e-08,0.8,0.0,10.0,1.114434137319525e-07,0.0,1.3923406445731718e-06,1.5037840583051242e-06,Canada,CAN,,gcp,northamerica-northeast2,Linux-6.8.0-1032-gcp-x86_64-with-glibc2.35,3.10.12,3.0.4,2,Intel(R) Xeon(R) CPU @ 2.60GHz,,,,,15.61648178100586,machine,Y,1.0
2025-08-08T01:31:27,dask-benchmark,695f4b31-e07b-46c5-a71e-70417cc9d568,dask_R6301_81ec5021,1.0025338120758531,7.068856830293138e-08,7.050990944291759e-08,0.8000072,0.0,10.0,1.1146085295487796e-07,0.0,1.3925512385968537e-06,1.5040120915517317e-06,Canada,CAN,,gcp,northamerica-northeast2,Linux-6.8.0-1032-gcp-x86_64-with-glibc2.35,3.10.12,3.0.4,2,Intel(R) Xeon(R) CPU @ 2.60GHz,,,,,15.61648178100586,machine,Y,1.0
2025-08-08T01:31:29,dask-benchmark,500ffe4d-a701-4a35-9166-75bd7d21c2fa,dask_R6301_81ec5021,1.0024528591893611,7.067620880037754e-08,7.050327419638486e-08,0.8,0.0,10.0,1.1144036758277152e-07,0.0,1.3923087558295164e-06,1.503749123412288e-06,Canada,CAN,,gcp,northamerica-northeast2,Linux-6.8.0-1032-gcp-x86_64-with-glibc2.35,3.10.12,3.0.4,2,Intel(R) Xeon(R) CPU @ 2.60GHz,,,,,15.61648178100586,machine,Y,1.0
2025-08-08T01:31:31,dask-benchmark,a15fc573-fcd4-465f-84d8-de3dd4de13dc,dask_R6301_81ec5021,1.0024776509962976,7.067632217756989e-08,7.05016437097917e-08,0.8,0.0,10.0,1.1145180463790893e-07,0.0,1.3922997310550677e-06,1.5037515356929765e-06,Canada,CAN,,gcp,northamerica-northeast2,Linux-6.8.0-1032-gcp-x86_64-with-glibc2.35,3.10.12,3.0.4,2,Intel(R) Xeon(R) CPU @ 2.60GHz,,,,,15.61648178100586,machine,Y,1.0
2025-08-08T01:31:34,dask-benchmark,60403b05-b598-48ac-b90d-09d6914742cd,dask_R6301_81ec5021,1.0024605668149889,7.067672887444498e-08,7.050325091489495e-08,0.8,0.0,10.0,1.1144250910729172e-07,0.0,1.3923176797106863e-06,1.503760188817978e-06,Canada,CAN,,gcp,northamerica-northeast2,Linux-6.8.0-1032-gcp-x86_64-with-glibc2.35,3.10.12,3.0.4,2,Intel(R) Xeon(R) CPU @ 2.60GHz,,,,,15.61648178100586,machine,Y,1.0
2025-08-08T01:31:36,dask-benchmark,4d7ae12b-b36f-497c-b4d2-eb5ab6cf071d,dask_R6301_81ec5021,1.0025884914211929,7.069767290995352e-08,7.051514506189663e-08,0.8,0.0,10.0,1.1147405828038853e-07,0.0,1.3927317483143674e-06,1.504205806594756e-06,Canada,CAN,,gcp,northamerica-northeast2,Linux-6.8.0-1032-gcp-x86_64-with-glibc2.35,3.10.12,3.0.4,2,Intel(R) Xeon(R) CPU @ 2.60GHz,,,,,15.61648178100586,machine,Y,1.0
2025-08-08T01:31:38,dask-benchmark,e585c179-a8f7-41cc-8855-827ee053b6e6,dask_R6301_81ec5021,1.002519995905459,7.06763917218066e-08,7.049873519776818e-08,0.8,0.0,10.0,1.1144871306088237e-07,0.0,1.3923043022967048e-06,1.503753015357587e-06,Canada,CAN,,gcp,northamerica-northeast2,Linux-6.8.0-1032-gcp-x86_64-with-glibc2.35,3.10.12,3.0.4,2,Intel(R) Xeon(R) CPU @ 2.60GHz,,,,,15.61648178100586,machine,Y,1.0
2025-08-08T01:31:40,dask-benchmark,2f63389f-3e01-4dc1-b43f-b82a24ee1b02,dask_R6301_81ec5021,1.0024255318567157,7.067294575599955e-08,7.050194105201758e-08,0.8,0.0,10.0,1.1143436417397529e-07,0.0,1.3922453327621851e-06,1.5036796969361604e-06,Canada,CAN,,gcp,northamerica-northeast2,Linux-6.8.0-1032-gcp-x86_64-with-glibc2.35,3.10.12,3.0.4,2,Intel(R) Xeon(R) CPU @ 2.60GHz,,,,,15.61648178100586,machine,Y,1.0
2025-08-08T01:31:43,dask-benchmark,dc83adc6-ad0a-437b-9191-ede23177de41,dask_R6301_81ec5021,1.0024908799678087,7.067870711592129e-08,7.050309237545472e-08,0.8,0.0,10.0,1.1144806692997617e-07,0.0,1.392354212132179e-06,1.503802279062155e-06,Canada,CAN,,gcp,northamerica-northeast2,Linux-6.8.0-1032-gcp-x86_64-with-glibc2.35,3.10.12,3.0.4,2,Intel(R) Xeon(R) CPU @ 2.60GHz,,,,,15.61648178100586,machine,Y,1.0
2025-08-08T01:31:45,dask-benchmark,c98f0ce7-7027-41a0-8b08-f2789d0f2167,dask_R6301_81ec5021,1.0025704340077937,7.068260696985656e-08,7.050138780504582e-08,0.8,0.0,10.0,1.1145346466865805e-07,0.0,1.392431790009141e-06,1.5038852546777991e-06,Canada,CAN,,gcp,northamerica-northeast2,Linux-6.8.0-1032-gcp-x86_64-with-glibc2.35,3.10.12,3.0.4,2,Intel(R) Xeon(R) CPU @ 2.60GHz,,,,,15.61648178100586,machine,Y,1.0
2025-08-08T01:31:47,dask-benchmark,4b867384-9d87-4fb0-9821-56b92ae4e39f,dask_R6301_81ec5021,1.0024506789632142,7.06765721263364e-08,7.050378997142656e-08,0.8,0.0,10.0,1.1143931115253105e-07,0.0,1.3923175425993072e-06,1.5037568537518385e-06,Canada,CAN,,gcp,northamerica-northeast2,Linux-6.8.0-1032-gcp-x86_64-with-glibc2.35,3.10.12,3.0.4,2,Intel(R) Xeon(R) CPU @ 2.60GHz,,,,,15.61648178100586,machine,Y,1.0
2025-08-08T01:31:49,dask-benchmark,e7cf68ea-4c5c-418e-ab19-6db8ae24ebb1,dask_R6301_81ec5021,1.0024951491504908,7.067996951963547e-08,7.050405139568934e-08,0.8,0.0,10.0,1.114463660245141e-07,0.0,1.392382772691134e-06,1.503829138715648e-06,Canada,CAN,,gcp,northamerica-northeast2,Linux-6.8.0-1032-gcp-x86_64-with-glibc2.35,3.10.12,3.0.4,2,Intel(R) Xeon(R) CPU @ 2.60GHz,,,,,15.61648178100586,machine,Y,1.0
2025-08-08T01:31:52,dask-benchmark,d396ba50-f7a8-412e-9b96-50a69579bece,dask_R6301_81ec5021,1.0022294339723885,7.06815992009619e-08,7.0524369775104e-08,0.8,0.0,10.0,1.1145063241322834e-07,0.0,1.392413180373195e-06,1.5038638127864234e-06,Canada,CAN,,gcp,northamerica-northeast2,Linux-6.8.0-1032-gcp-x86_64-with-glibc2.35,3.10.12,3.0.4,2,Intel(R) Xeon(R) CPU @ 2.60GHz,,,,,15.61648178100586,machine,Y,1.0
2025-08-08T01:31:54,dask-benchmark,2c4f043a-5d2f-47a9-bf9b-f2e98eeb7933,dask_R6301_81ec5021,1.002546625211835,7.067754019388104e-08,7.049800818884318e-08,0.8,0.0,10.0,1.1144959264331396e-07,0.0,1.3923278582903248e-06,1.5037774509336387e-06,Canada,CAN,,gcp,northamerica-northeast2,Linux-6.8.0-1032-gcp-x86_64-with-glibc2.35,3.10.12,3.0.4,2,Intel(R) Xeon(R) CPU @ 2.60GHz,,,,,15.61648178100586,machine,Y,1.0
2025-08-08T01:31:56,dask-benchmark,778f827b-0679-4a2c-b6dc-e912d05874b4,dask_R6301_81ec5021,1.0025078291073442,7.068342572569642e-08,7.050660720389041e-08,0.8,0.0,10.0,1.1145021869904465e-07,0.0,1.3924524563157723e-06,1.5039026750148171e-06,Canada,CAN,,gcp,northamerica-northeast2,Linux-6.8.0-1032-gcp-x86_64-with-glibc2.35,3.10.12,3.0.4,2,Intel(R) Xeon(R) CPU @ 2.60GHz,,,,,15.61648178100586,machine,Y,1.0
2025-08-08T01:31:58,dask-benchmark,354c6017-2b81-4acc-b130-1abab779b426,dask_R6301_81ec5021,1.0022740480490029,7.067266748907666e-08,7.051231908742523e-08,0.8,0.0,10.0,1.1143367064909805e-07,0.0,1.392240105714235e-06,1.5036737763633331e-06,Canada,CAN,,gcp,northamerica-northeast2,Linux-6.8.0-1032-gcp-x86_64-with-glibc2.35,3.10.12,3.0.4,2,Intel(R) Xeon(R) CPU @ 2.60GHz,,,,,15.61648178100586,machine,Y,1.0
2025-08-08T01:32:00,dask-benchmark,76a6249b-bfb1-454d-b4f1-f5f204ebb6c2,dask_R6301_81ec5021,1.0025261850096283,7.068145459452741e-08,7.05033500884055e-08,0.8000072,0.0,10.0,1.1144871077927297e-07,0.0,1.392412025274502e-06,1.5038607360537747e-06,Canada,CAN,,gcp,northamerica-northeast2,Linux-6.8.0-1032-gcp-x86_64-with-glibc2.35,3.10.12,3.0.4,2,Intel(R) Xeon(R) CPU @ 2.60GHz,,,,,15.61648178100586,machine,Y,1.0
2025-08-08T01:32:03,dask-benchmark,f8fc4c2d-8a23-4cb0-8222-7779a2e8358b,dask_R6301_81ec5021,1.002537447027862,7.068909854405497e-08,7.051018269055282e-08,0.8000072,0.0,10.0,1.1146027584012857e-07,0.0,1.3925630974376366e-06,1.504023373277765e-06,Canada,CAN,,gcp,northamerica-northeast2,Linux-6.8.0-1032-gcp-x86_64-with-glibc2.35,3.10.12,3.0.4,2,Intel(R) Xeon(R) CPU @ 2.60GHz,,,,,15.61648178100586,machine,Y,1.0
2025-08-08T01:32:05,dask-benchmark,84b87825-5697-4d94-bd86-312fc733dd2b,dask_R6301_81ec5021,1.0024697701446712,7.067847155603685e-08,7.050434203700417e-08,0.8,0.0,10.0,1.114437444549468e-07,0.0,1.3923535226947732e-06,1.50379726714972e-06,Canada,CAN,,gcp,northamerica-northeast2,Linux-6.8.0-1032-gcp-x86_64-with-glibc2.35,3.10.12,3.0.4,2,Intel(R) Xeon(R) CPU @ 2.60GHz,,,,,15.61648178100586,machine,Y,1.0
2025-08-08T01:32:08,dask-benchmark,7c30db5e-64fb-4803-9613-bff589a07c56,dask_R6301_81ec5021,1.0025454629212618,7.068825282720436e-08,7.050877535391738e-08,0.8,0.0,10.0,1.1144974020620189e-07,0.0,1.3925556390960183e-06,1.5040053793022203e-06,Canada,CAN,,gcp,northamerica-northeast2,Linux-6.8.0-1032-gcp-x86_64-with-glibc2.35,3.10.12,3.0.4,2,Intel(R) Xeon(R) CPU @ 2.60GHz,,,,,15.61648178100586,machine,Y,1.0
2025-08-08T01:32:10,dask-benchmark,5eee46c7-286b-4608-8430-217f9f1b5de7,dask_R6301_81ec5021,1.0025234096683562,7.068060912574746e-08,7.0502701926062e-08,0.8,0.0,10.0,1.114473668858409e-07,0.0,1.3923953804704878e-06,1.5038427473563286e-06,Canada,CAN,,gcp,northamerica-northeast2,Linux-6.8.0-1032-gcp-x86_64-with-glibc2.35,3.10.12,3.0.4,2,Intel(R) Xeon(R) CPU @ 2.60GHz,,,,,15.61648178100586,machine,Y,1.0
2025-08-08T01:32:12,dask-benchmark,524056be-84f0-4dcd-b856-95180daa2181,dask_R6301_81ec5021,1.0021888511255383,7.067746511489774e-08,7.052310054688925e-08,0.8,0.0,10.0,1.1144178381396665e-07,0.0,1.392334069694496e-06,1.5037758535084623e-06,Canada,CAN,,gcp,northamerica-northeast2,Linux-6.8.0-1032-gcp-x86_64-with-glibc2.35,3.10.12,3.0.4,2,Intel(R) Xeon(R) CPU @ 2.60GHz,,,,,15.61648178100586,machine,Y,1.0
2025-08-08T01:32:14,dask-benchmark,a9f4318b-6a98-420e-8096-a19413e6938d,dask_R6301_81ec5021,1.0024812491610646,7.068023385242041e-08,7.050529265417164e-08,0.8,0.0,10.0,1.1144542559567429e-07,0.0,1.3923893372217814e-06,1.5038347628174556e-06,Canada,CAN,,gcp,northamerica-northeast2,Linux-6.8.0-1032-gcp-x86_64-with-glibc2.35,3.10.12,3.0.4,2,Intel(R) Xeon(R) CPU @ 2.60GHz,,,,,15.61648178100586,machine,Y,1.0
2025-08-08T01:32:16,dask-benchmark,d14a0351-c482-483e-a360-8ebee1b97e24,dask_R6301_81ec5021,1.002397391013801,7.067289782305144e-08,7.050387247274712e-08,0.8,0.0,10.0,1.114332912903693e-07,0.0,1.3922453857958317e-06,1.503678677086201e-06,Canada,CAN,,gcp,northamerica-northeast2,Linux-6.8.0-1032-gcp-x86_64-with-glibc2.35,3.10.12,3.0.4,2,Intel(R) Xeon(R) CPU @ 2.60GHz,,,,,15.61648178100586,machine,Y,1.0
2025-08-08T01:32:18,dask-benchmark,fc976693-07a8-45f7-af38-a3376a09fe47,dask_R6301_81ec5021,1.0024835229851303,7.067260192567483e-08,7.049751971506777e-08,0.8,0.0,10.0,1.1143864618821277e-07,0.0,1.392233735209124e-06,1.5036723813973368e-06,Canada,CAN,,gcp,northamerica-northeast2,Linux-6.8.0-1032-gcp-x86_64-with-glibc2.35,3.10.12,3.0.4,2,Intel(R) Xeon(R) CPU @ 2.60GHz,,,,,15.61648178100586,machine,Y,1.0
2025-08-08T01:32:21,dask-benchmark,025f9b55-9f1d-4ef3-b258-dc73882cd813,dask_R6301_81ec5021,1.0024436060339212,7.067601803643629e-08,7.050373468494617e-08,0.8,0.0,10.0,1.1144021774331729e-07,0.0,1.39230484686171e-06,1.5037450646050277e-06,Canada,CAN,,gcp,northamerica-northeast2,Linux-6.8.0-1032-gcp-x86_64-with-glibc2.35,3.10.12,3.0.4,2,Intel(R) Xeon(R) CPU @ 2.60GHz,,,,,15.61648178100586,machine,Y,1.0
2025-08-08T01:32:23,dask-benchmark,59aad089-9890-417b-9596-b202f0974cd7,dask_R6301_81ec5021,1.002313286997378,7.066143442907682e-08,7.049835150919403e-08,0.8,0.0,10.0,1.1141731755601037e-07,0.0,1.3920174575307302e-06,1.5034347750867403e-06,Canada,CAN,,gcp,northamerica-northeast2,Linux-6.8.0-1032-gcp-x86_64-with-glibc2.35,3.10.12,3.0.4,2,Intel(R) Xeon(R) CPU @ 2.60GHz,,,,,15.61648178100586,machine,Y,1.0
2025-08-08T01:32:25,dask-benchmark,71079a13-9e08-4c33-8c60-cd8d3dfc7c94,dask_R6301_81ec5021,1.002528795041144,7.068050518875114e-08,7.05022195256251e-08,0.8,0.0,10.0,1.1144757819258505e-07,0.0,1.3923929577382902e-06,1.5038405359308751e-06,Canada,CAN,,gcp,northamerica-northeast2,Linux-6.8.0-1032-gcp-x86_64-with-glibc2.35,3.10.12,3.0.4,2,Intel(R) Xeon(R) CPU @ 2.60GHz,,,,,15.61648178100586,machine,Y,1.0
2025-08-08T01:32:27,dask-benchmark,ce3b08b8-834d-4534-bc64-49227f4353c5,dask_R6301_81ec5021,1.002437386196107,7.067104556271808e-08,7.04992117571448e-08,0.8,0.0,10.0,1.1143074764145746e-07,0.0,1.3922085196504163e-06,1.5036392672918735e-06,Canada,CAN,,gcp,northamerica-northeast2,Linux-6.8.0-1032-gcp-x86_64-with-glibc2.35,3.10.12,3.0.4,2,Intel(R) Xeon(R) CPU @ 2.60GHz,,,,,15.61648178100586,machine,Y,1.0
2025-08-08T01:32:29,dask-benchmark,574e06c0-8d04-44be-8b8d-8a8ba71e9e5f,dask_R6301_81ec5021,1.002534335013479,7.067631068251407e-08,7.049764602981287e-08,0.8,0.0,10.0,1.1144121332714957e-07,0.0,1.392310077790171e-06,1.5037512911173203e-06,Canada,CAN,,gcp,northamerica-northeast2,Linux-6.8.0-1032-gcp-x86_64-with-glibc2.35,3.10.12,3.0.4,2,Intel(R) Xeon(R) CPU @ 2.60GHz,,,,,15.61648178100586,machine,Y,1.0
2025-08-08T01:32:31,dask-benchmark,1aeec5ee-f980-45b5-8edf-d1769f88e396,dask_R6301_81ec5021,1.0022544539533556,7.06789632171082e-08,7.051997917127496e-08,0.8,0.0,10.0,1.1144415868653205e-07,0.0,1.3923635693370468e-06,1.5038077280235786e-06,Canada,CAN,,gcp,northamerica-northeast2,Linux-6.8.0-1032-gcp-x86_64-with-glibc2.35,3.10.12,3.0.4,2,Intel(R) Xeon(R) CPU @ 2.60GHz,,,,,15.61648178100586,machine,Y,1.0
2025-08-08T01:32:34,dask-benchmark,882736f9-c49c-444d-a66d-12060b31ee4c,dask_R6301_81ec5021,1.002518334891647,7.067859598569987e-08,7.050105072974935e-08,0.8,0.0,10.0,1.114467928806941e-07,0.0,1.3923531217086647e-06,1.5037999145893588e-06,Canada,CAN,,gcp,northamerica-northeast2,Linux-6.8.0-1032-gcp-x86_64-with-glibc2.35,3.10.12,3.0.4,2,Intel(R) Xeon(R) CPU @ 2.60GHz,,,,,15.61648178100586,machine,Y,1.0
2025-08-08T01:32:36,dask-benchmark,82d94e1a-65e9-4da8-9e4e-3daa4ecececf,dask_R6301_81ec5021,1.002487821970135,7.067956045176834e-08,7.05041586568759e-08,0.8,0.0,10.0,1.1144470816685097e-07,0.0,1.3923757269771563e-06,1.5038204351440073e-06,Canada,CAN,,gcp,northamerica-northeast2,Linux-6.8.0-1032-gcp-x86_64-with-glibc2.35,3.10.12,3.0.4,2,Intel(R) Xeon(R) CPU @ 2.60GHz,,,,,15.61648178100586,machine,Y,1.0
2025-08-08T01:32:38,dask-benchmark,ebcee5e1-1f0a-48f5-8dd1-d572d2354186,dask_R6301_81ec5021,1.0025495388545096,7.067715808480149e-08,7.049742216784181e-08,0.8,0.0,10.0,1.1144723556935789e-07,0.0,1.3923220853838655e-06,1.5037693209532231e-06,Canada,CAN,,gcp,northamerica-northeast2,Linux-6.8.0-1032-gcp-x86_64-with-glibc2.35,3.10.12,3.0.4,2,Intel(R) Xeon(R) CPU @ 2.60GHz,,,,,15.61648178100586,machine,Y,1.0
2025-08-08T01:32:40,dask-benchmark,784bec30-5b38-452e-a92a-2e4d05913d8b,dask_R6301_81ec5021,1.0024521769955754,7.067563739182186e-08,7.05027521648385e-08,0.8000072,0.0,10.0,1.1143902493732517e-07,0.0,1.3922979408461187e-06,1.503736965783444e-06,Canada,CAN,,gcp,northamerica-northeast2,Linux-6.8.0-1032-gcp-x86_64-with-glibc2.35,3.10.12,3.0.4,2,Intel(R) Xeon(R) CPU @ 2.60GHz,,,,,15.61648178100586,machine,Y,1.0
2025-08-08T01:32:43,dask-benchmark,d27c3642-ca05-40c4-9d66-e43d171de8bc,dask_R6301_81ec5021,1.0024768100120127,7.06777539746836e-08,7.050313111366301e-08,0.8,0.0,10.0,1.1144063828719988e-07,0.0,1.392341361174153e-06,1.5037819994613527e-06,Canada,CAN,,gcp,northamerica-northeast2,Linux-6.8.0-1032-gcp-x86_64-with-glibc2.35,3.10.12,3.0.4,2,Intel(R) Xeon(R) CPU @ 2.60GHz,,,,,15.61648178100586,machine,Y,1.0
2025-08-08T01:32:45,dask-benchmark,fbbc6321-843e-47e3-b9c1-9265203a083a,dask_R6301_81ec5021,1.0024864468723536,7.06793910073013e-08,7.050408634232728e-08,0.8,0.0,10.0,1.114451244680418e-07,0.0,1.3923717054745387e-06,1.5038168299425804e-06,Canada,CAN,,gcp,northamerica-northeast2,Linux-6.8.0-1032-gcp-x86_64-with-glibc2.35,3.10.12,3.0.4,2,Intel(R) Xeon(R) CPU @ 2.60GHz,,,,,15.61648178100586,machine,Y,1.0
2025-08-08T01:32:47,dask-benchmark,62c8c837-e3c7-4db5-8f39-ccd0dbb8e769,dask_R6301_81ec5021,1.0024897553958,7.0677663894008e-08,7.050213083335028e-08,0.8,0.0,10.0,1.1144447647449045e-07,0.0,1.392335606376744e-06,1.5037800828512343e-06,Canada,CAN,,gcp,northamerica-northeast2,Linux-6.8.0-1032-gcp-x86_64-with-glibc2.35,3.10.12,3.0.4,2,Intel(R) Xeon(R) CPU @ 2.60GHz,,,,,15.61648178100586,machine,Y,1.0
2025-08-08T01:32:50,dask-benchmark,dc3a74b4-4aea-493b-ac9d-a602d8a6d8f9,dask_R6301_81ec5021,1.0024472689256072,7.06753883033784e-08,7.050284887216678e-08,0.8,0.0,10.0,1.1143890695853366e-07,0.0,1.3922927590707938e-06,1.5037316660293274e-06,Canada,CAN,,gcp,northamerica-northeast2,Linux-6.8.0-1032-gcp-x86_64-with-glibc2.35,3.10.12,3.0.4,2,Intel(R) Xeon(R) CPU @ 2.60GHz,,,,,15.61648178100586,machine,Y,1.0
2025-08-08T01:32:52,dask-benchmark,11ff742a-f97e-47fd-a013-931d6db3745a,dask_R6301_81ec5021,1.00262359296903,7.06885369985054e-08,7.050356434280405e-08,0.8,0.0,10.0,1.1146337538957596e-07,0.0,1.3925480501105389e-06,1.5040114255001149e-06,Canada,CAN,,gcp,northamerica-northeast2,Linux-6.8.0-1032-gcp-x86_64-with-glibc2.35,3.10.12,3.0.4,2,Intel(R) Xeon(R) CPU @ 2.60GHz,,,,,15.61648178100586,machine,Y,1.0
2025-08-08T01:32:56,dask-benchmark,0e01dc34-8fce-41ce-88dd-70fd2519d941,dask_R6301_81ec5021,1.0024625919759274,7.067879792126932e-08,7.050517244933422e-08,0.8,0.0,10.0,1.114432326414519e-07,0.0,1.3923609784493846e-06,1.5038042110908365e-06,Canada,CAN,,gcp,northamerica-northeast2,Linux-6.8.0-1032-gcp-x86_64-with-glibc2.35,3.10.12,3.0.4,2,Intel(R) Xeon(R) CPU @ 2.60GHz,,,,,15.61648178100586,machine,Y,1.0
2025-08-08T01:32:59,dask-benchmark,b90ce88e-315e-437d-87f5-be7a1302b789,dask_R6301_81ec5021,1.0024387268349528,7.06740775216992e-08,7.050214205594568e-08,0.8,0.0,10.0,1.1143808066844941e-07,0.0,1.3922656963889798e-06,1.5037037770574292e-06,Canada,CAN,,gcp,northamerica-northeast2,Linux-6.8.0-1032-gcp-x86_64-with-glibc2.35,3.10.12,3.0.4,2,Intel(R) Xeon(R) CPU @ 2.60GHz,,,,,15.61648178100586,machine,Y,1.0
2025-08-08T01:33:01,dask-benchmark,9a1acfe0-5ae6-409c-af03-33781f90cdf3,dask_R6301_81ec5021,1.0024760817177594,7.06813460325098e-08,7.05067655194288e-08,0.8,0.0,10.0,1.114462237391207e-07,0.0,1.3924122024844918e-06,1.5038584262236123e-06,Canada,CAN,,gcp,northamerica-northeast2,Linux-6.8.0-1032-gcp-x86_64-with-glibc2.35,3.10.12,3.0.4,2,Intel(R) Xeon(R) CPU @ 2.60GHz,,,,,15.61648178100586,machine,Y,1.0
2025-08-08T01:33:03,dask-benchmark,f4479330-964a-4f7b-8eb7-74c224ca5b8e,dask_R6301_81ec5021,1.0024884222075343,7.068087522900685e-08,7.05054279563286e-08,0.8004608000000001,0.0,10.0,1.1150159195556905e-07,0.0,1.392346817172236e-06,1.503848409127805e-06,Canada,CAN,,gcp,northamerica-northeast2,Linux-6.8.0-1032-gcp-x86_64-with-glibc2.35,3.10.12,3.0.4,2,Intel(R) Xeon(R) CPU @ 2.60GHz,,,,,15.61648178100586,machine,Y,1.0
2025-08-08T01:33:05,dask-benchmark,0b7f79a5-dd37-4e85-9220-ecfdb0dbd8c0,dask_R6301_81ec5021,1.0025292909704149,7.06840313378618e-08,7.050570190267659e-08,0.8,0.0,10.0,1.1145244042078653e-07,0.0,1.3924631199592518e-06,1.5039155603800383e-06,Canada,CAN,,gcp,northamerica-northeast2,Linux-6.8.0-1032-gcp-x86_64-with-glibc2.35,3.10.12,3.0.4,2,Intel(R) Xeon(R) CPU @ 2.60GHz,,,,,15.61648178100586,machine,Y,1.0
2025-08-08T01:33:07,dask-benchmark,ea23b9f1-615a-4eff-a59d-84a2456e57eb,dask_R6301_81ec5021,1.0025855470448732,7.069117044114197e-08,7.050886644985519e-08,0.8,0.0,10.0,1.1146627025057876e-07,0.0,1.3926011859439314e-06,1.50406745619451e-06,Canada,CAN,,gcp,northamerica-northeast2,Linux-6.8.0-1032-gcp-x86_64-with-glibc2.35,3.10.12,3.0.4,2,Intel(R) Xeon(R) CPU @ 2.60GHz,,,,,15.61648178100586,machine,Y,1.0
2025-08-08T01:33:09,dask-benchmark,756dfecd-cc07-4a6a-a45f-723846edb729,dask_R6301_81ec5021,1.0024026110768318,7.067387245398843e-08,7.050447761510416e-08,0.8,0.0,10.0,1.1143527490397294e-07,0.0,1.3922641390106746e-06,1.5036994139146476e-06,Canada,CAN,,gcp,northamerica-northeast2,Linux-6.8.0-1032-gcp-x86_64-with-glibc2.35,3.10.12,3.0.4,2,Intel(R) Xeon(R) CPU @ 2.60GHz,,,,,15.61648178100586,machine,Y,1.0
2025-08-08T01:33:11,dask-benchmark,e931b8be-24cd-463a-bb63-f59a79afb6f1,dask_R6301_81ec5021,1.0020907591097057,7.063011018062631e-08,7.048274773372494e-08,0.8,0.0,10.0,1.1136700461308165e-07,0.0,1.3914012971023718e-06,1.5027683017154535e-06,Canada,CAN,,gcp,northamerica-northeast2,Linux-6.8.0-1032-gcp-x86_64-with-glibc2.35,3.10.12,3.0.4,2,Intel(R) Xeon(R) CPU @ 2.60GHz,,,,,15.61648178100586,machine,Y,1.0
2025-08-08T01:33:14,dask-benchmark,b5cb4ee7-ab84-4e15-8b23-6ea1857400be,dask_R6301_81ec5021,1.0024440828710794,7.067425818643015e-08,7.05019455888387e-08,0.8,0.0,10.0,1.1143881889681025e-07,0.0,1.3922688020910653e-06,1.5037076209878757e-06,Canada,CAN,,gcp,northamerica-northeast2,Linux-6.8.0-1032-gcp-x86_64-with-glibc2.35,3.10.12,3.0.4,2,Intel(R) Xeon(R) CPU @ 2.60GHz,,,,,15.61648178100586,machine,Y,1.0
2025-08-08T01:33:16,dask-benchmark,e9c408d7-bfae-4056-9f45-9857b90b675d,dask_R6301_81ec5021,1.0024722120724618,7.067613490081083e-08,7.050183940230967e-08,0.8,0.0,10.0,1.114401210927301e-07,0.0,1.3923074299883512e-06,1.5037475510810813e-06,Canada,CAN,,gcp,northamerica-northeast2,Linux-6.8.0-1032-gcp-x86_64-with-glibc2.35,3.10.12,3.0.4,2,Intel(R) Xeon(R) CPU @ 2.60GHz,,,,,15.61648178100586,machine,Y,1.0
2025-08-08T01:33:18,dask-benchmark,e5a14d41-d001-4e79-b79c-f0b9623c6e61,dask_R6301_81ec5021,1.002468639984727,7.067403490220509e-08,7.049999579366574e-08,0.8,0.0,10.0,1.114418123745257e-07,0.0,1.3922610578851567e-06,1.5037028702596822e-06,Canada,CAN,,gcp,northamerica-northeast2,Linux-6.8.0-1032-gcp-x86_64-with-glibc2.35,3.10.12,3.0.4,2,Intel(R) Xeon(R) CPU @ 2.60GHz,,,,,15.61648178100586,machine,Y,1.0
2025-08-08T01:33:20,dask-benchmark,da150b9e-3f27-48ea-87e4-4b732eed7e35,dask_R6301_81ec5021,1.0025365259498358,7.067773172140328e-08,7.049890940825412e-08,0.8,0.0,10.0,1.1144710704684257e-07,0.0,1.3923344189404612e-06,1.5037815259873038e-06,Canada,CAN,,gcp,northamerica-northeast2,Linux-6.8.0-1032-gcp-x86_64-with-glibc2.35,3.10.12,3.0.4,2,Intel(R) Xeon(R) CPU @ 2.60GHz,,,,,15.61648178100586,machine,Y,1.0
2025-08-08T01:33:22,dask-benchmark,40ab4c2a-cfe1-4c7c-8571-98d94d1d043f,dask_R6301_81ec5021,1.0025250809267163,7.06814446195753e-08,7.050341778406046e-08,0.8,0.0,10.0,1.1144978428880376e-07,0.0,1.3924107395319474e-06,1.5038605238207512e-06,Canada,CAN,,gcp,northamerica-northeast2,Linux-6.8.0-1032-gcp-x86_64-with-glibc2.35,3.10.12,3.0.4,2,Intel(R) Xeon(R) CPU @ 2.60GHz,,,,,15.61648178100586,machine,Y,1.0
2025-08-08T01:33:24,dask-benchmark,3b47d670-b2e2-4f39-8b67-86c360f922b5,dask_R6301_81ec5021,1.0025067357346416,7.068195222100865e-08,7.050521428089217e-08,0.8,0.0,10.0,1.1144942397044765e-07,0.0,1.3924218998807998e-06,1.5038713238512475e-06,Canada,CAN,,gcp,northamerica-northeast2,Linux-6.8.0-1032-gcp-x86_64-with-glibc2.35,3.10.12,3.0.4,2,Intel(R) Xeon(R) CPU @ 2.60GHz,,,,,15.61648178100586,machine,Y,1.0
2025-08-08T01:33:26,dask-benchmark,508621e4-8f7e-4c2c-9dc5-16da5103a7ad,dask_R6301_81ec5021,1.002273929771036,7.06494096863187e-08,7.048912237242185e-08,0.8,0.0,10.0,1.1139856082283788e-07,0.0,1.391780368673305e-06,1.5031789294961427e-06,Canada,CAN,,gcp,northamerica-northeast2,Linux-6.8.0-1032-gcp-x86_64-with-glibc2.35,3.10.12,3.0.4,2,Intel(R) Xeon(R) CPU @ 2.60GHz,,,,,15.61648178100586,machine,Y,1.0
2025-08-08T01:33:29,dask-benchmark,7b36408c-c557-4056-bcc4-0b941ba79812,dask_R6301_81ec5021,1.0024683782830834,7.06777708415563e-08,7.050374093854745e-08,0.8,0.0,10.0,1.1144442752831512e-07,0.0,1.39233793080267e-06,1.503782358330985e-06,Canada,CAN,,gcp,northamerica-northeast2,Linux-6.8.0-1032-gcp-x86_64-with-glibc2.35,3.10.12,3.0.4,2,Intel(R) Xeon(R) CPU @ 2.60GHz,,,,,15.61648178100586,machine,Y,1.0
2025-08-08T01:33:31,dask-benchmark,b709da1e-22f6-4178-addf-ac3ad1fe3f7b,dask_R6301_81ec5021,1.0025144289247692,7.06841334656088e-08,7.05068490050761e-08,0.8,0.0,10.0,1.114532719883654e-07,0.0,1.39246446132246e-06,1.5039177333108253e-06,Canada,CAN,,gcp,northamerica-northeast2,Linux-6.8.0-1032-gcp-x86_64-with-glibc2.35,3.10.12,3.0.4,2,Intel(R) Xeon(R) CPU @ 2.60GHz,,,,,15.61648178100586,machine,Y,1.0
2025-08-08T01:33:33,dask-benchmark,f845927d-3b95-40fc-9102-66293704de6d,dask_R6301_81ec5021,1.002452249173075,7.067333142764659e-08,7.05004467653648e-08,0.8,0.0,10.0,1.1143858596268628e-07,0.0,1.3922493167531988e-06,1.503687902715885e-06,Canada,CAN,,gcp,northamerica-northeast2,Linux-6.8.0-1032-gcp-x86_64-with-glibc2.35,3.10.12,3.0.4,2,Intel(R) Xeon(R) CPU @ 2.60GHz,,,,,15.61648178100586,machine,Y,1.0
2025-08-08T01:33:35,dask-benchmark,8f90389b-5742-45a9-b66b-bc4a16f4e5af,dask_R6301_81ec5021,1.0025666658766568,7.067988029008526e-08,7.049893308419733e-08,0.8,0.0,10.0,1.114515986086594e-07,0.0,1.3923756416059204e-06,1.5038272402145795e-06,Canada,CAN,,gcp,northamerica-northeast2,Linux-6.8.0-1032-gcp-x86_64-with-glibc2.35,3.10.12,3.0.4,2,Intel(R) Xeon(R) CPU @ 2.60GHz,,,,,15.61648178100586,machine,Y,1.0
2025-08-08T01:33:37,dask-benchmark,277d5518-0fd3-4593-a552-fdc766754471,dask_R6301_81ec5021,1.0025239097885787,7.068121770469265e-08,7.050327380181739e-08,0.8,0.0,10.0,1.1144588246113728e-07,0.0,1.3924098133833871e-06,1.5038556958445245e-06,Canada,CAN,,gcp,northamerica-northeast2,Linux-6.8.0-1032-gcp-x86_64-with-glibc2.35,3.10.12,3.0.4,2,Intel(R) Xeon(R) CPU @ 2.60GHz,,,,,15.61648178100586,machine,Y,1.0
2025-08-08T01:33:39,dask-benchmark,12a9b164-b1d4-4f6a-8aa1-158dbfc3da74,dask_R6301_81ec5021,1.0024864031001923,7.06794720763849e-08,7.050417028880233e-08,0.8000072,0.0,10.0,1.1144496341394757e-07,0.0,1.3923735914027523e-06,1.5038185548167e-06,Canada,CAN,,gcp,northamerica-northeast2,Linux-6.8.0-1032-gcp-x86_64-with-glibc2.35,3.10.12,3.0.4,2,Intel(R) Xeon(R) CPU @ 2.60GHz,,,,,15.61648178100586,machine,Y,1.0
2025-08-08T01:33:41,dask-benchmark,2594a964-173d-4dd0-81f3-25c3ee151af4,dask_R6301_81ec5021,1.0025819153524935,7.067531921388582e-08,7.049331145080288e-08,0.8,0.0,10.0,1.1144829851885637e-07,0.0,1.3922818975212671e-06,1.5037301960401237e-06,Canada,CAN,,gcp,northamerica-northeast2,Linux-6.8.0-1032-gcp-x86_64-with-glibc2.35,3.10.12,3.0.4,2,Intel(R) Xeon(R) CPU @ 2.60GHz,,,,,15.61648178100586,machine,Y,1.0
2025-08-08T01:33:44,dask-benchmark,60d3b6d0-ba3f-423a-91aa-f3df0bb6a727,dask_R6301_81ec5021,1.0024485397152605,7.067855292362059e-08,7.050591638718573e-08,0.8,0.0,10.0,1.114435742298762e-07,0.0,1.3923554241450297e-06,1.503798998374906e-06,Canada,CAN,,gcp,northamerica-northeast2,Linux-6.8.0-1032-gcp-x86_64-with-glibc2.35,3.10.12,3.0.4,2,Intel(R) Xeon(R) CPU @ 2.60GHz,,,,,15.61648178100586,machine,Y,1.0
2025-08-08T01:33:46,dask-benchmark,6a6e8a59-dc54-47d0-af75-6d8538c9f788,dask_R6301_81ec5021,1.0024681403301656,7.067655085063437e-08,7.050254068658666e-08,0.8,0.0,10.0,1.1143390823983485e-07,0.0,1.392322492837492e-06,1.503756401077327e-06,Canada,CAN,,gcp,northamerica-northeast2,Linux-6.8.0-1032-gcp-x86_64-with-glibc2.35,3.10.12,3.0.4,2,Intel(R) Xeon(R) CPU @ 2.60GHz,,,,,15.61648178100586,machine,Y,1.0
2025-08-08T01:33:48,dask-benchmark,85479038-e026-4a13-8267-3b05ce62a698,dask_R6301_81ec5021,1.0026370957493782,7.068403829277182e-08,7.049812797913893e-08,0.8,0.0,10.0,1.1145465282930269e-07,0.0,1.3924610555275447e-06,1.5039157083568473e-06,Canada,CAN,,gcp,northamerica-northeast2,Linux-6.8.0-1032-gcp-x86_64-with-glibc2.35,3.10.12,3.0.4,2,Intel(R) Xeon(R) CPU @ 2.60GHz,,,,,15.61648178100586,machine,Y,1.0
2025-08-08T01:33:50,dask-benchmark,14b0db19-318b-4242-b98c-f8ace6b8d566,dask_R6301_81ec5021,1.002569671254605,7.068017937462931e-08,7.049902006927948e-08,0.8000576,0.0,10.0,1.1145315027629501e-07,0.0,1.3923804534392223e-06,1.5038336037155177e-06,Canada,CAN,,gcp,northamerica-northeast2,Linux-6.8.0-1032-gcp-x86_64-with-glibc2.35,3.10.12,3.0.4,2,Intel(R) Xeon(R) CPU @ 2.60GHz,,,,,15.61648178100586,machine,Y,1.0
2025-08-08T01:33:52,dask-benchmark,3695469b-645d-4a8e-a940-b82c71fe70ee,dask_R6301_81ec5021,1.002606850117445,7.068048210866335e-08,7.049670775776553e-08,0.8,0.0,10.0,1.1145517799175449e-07,0.0,1.3923848668734233e-06,1.5038400448651778e-06,Canada,CAN,,gcp,northamerica-northeast2,Linux-6.8.0-1032-gcp-x86_64-with-glibc2.35,3.10.12,3.0.4,2,Intel(R) Xeon(R) CPU @ 2.60GHz,,,,,15.61648178100586,machine,Y,1.0
2025-08-08T01:33:54,dask-benchmark,b60a3eab-d5b8-4024-be2f-7ee7d5af508a,dask_R6301_81ec5021,1.0027078450657427,7.069194717327548e-08,7.050104127652512e-08,0.8,0.0,10.0,1.114739411407047e-07,0.0,1.3926100412694117e-06,1.5040839824101165e-06,Canada,CAN,,gcp,northamerica-northeast2,Linux-6.8.0-1032-gcp-x86_64-with-glibc2.35,3.10.12,3.0.4,2,Intel(R) Xeon(R) CPU @ 2.60GHz,,,,,15.61648178100586,machine,Y,1.0
2025-08-08T01:33:56,dask-benchmark,ae239d05-d4a0-4e3c-893e-edd732ce7edc,dask_R6301_81ec5021,1.002515200059861,7.068213156041588e-08,7.050479788854611e-08,0.8,0.0,10.0,1.1145011201086973e-07,0.0,1.3924250275724463e-06,1.5038751395833165e-06,Canada,CAN,,gcp,northamerica-northeast2,Linux-6.8.0-1032-gcp-x86_64-with-glibc2.35,3.10.12,3.0.4,2,Intel(R) Xeon(R) CPU @ 2.60GHz,,,,,15.61648178100586,machine,Y,1.0
2025-08-08T01:33:59,dask-benchmark,3cf1696f-d922-4662-8d6a-9bcb8733da58,dask_R6301_81ec5021,1.0026655662804842,7.069149352103058e-08,7.050356160456343e-08,0.8,0.0,10.0,1.114763715821836e-07,0.0,1.3925979586525095e-06,1.5040743302346931e-06,Canada,CAN,,gcp,northamerica-northeast2,Linux-6.8.0-1032-gcp-x86_64-with-glibc2.35,3.10.12,3.0.4,2,Intel(R) Xeon(R) CPU @ 2.60GHz,,,,,15.61648178100586,machine,Y,1.0
2025-08-08T01:34:01,dask-benchmark,c66216a0-7309-4d15-9269-dd324eb80baf,dask_R6301_81ec5021,1.002536532934755,7.068203626842136e-08,7.0503202573089e-08,0.8,0.0,10.0,1.1145095868657033e-07,0.0,1.392422153407501e-06,1.5038731120940713e-06,Canada,CAN,,gcp,northamerica-northeast2,Linux-6.8.0-1032-gcp-x86_64-with-glibc2.35,3.10.12,3.0.4,2,Intel(R) Xeon(R) CPU @ 2.60GHz,,,,,15.61648178100586,machine,Y,1.0
2025-08-08T01:34:03,dask-benchmark,5bd4866a-aece-4269-aa11-f28613f7a7b3,dask_R6301_81ec5021,1.0024940031580627,7.067670994784892e-08,7.050088052916298e-08,0.8,0.0,10.0,1.114416420459749e-07,0.0,1.39231814407847e-06,1.5037597861244447e-06,Canada,CAN,,gcp,northamerica-northeast2,Linux-6.8.0-1032-gcp-x86_64-with-glibc2.35,3.10.12,3.0.4,2,Intel(R) Xeon(R) CPU @ 2.60GHz,,,,,15.61648178100586,machine,Y,1.0
2025-08-08T01:34:05,dask-benchmark,978e19c1-a77f-47b9-ac59-c72e0c7ee22e,dask_R6301_81ec5021,1.0024668439291418,7.067973314996602e-08,7.050580632965247e-08,0.8,0.0,10.0,1.114466480082936e-07,0.0,1.3923774615654515e-06,1.5038241095737452e-06,Canada,CAN,,gcp,northamerica-northeast2,Linux-6.8.0-1032-gcp-x86_64-with-glibc2.35,3.10.12,3.0.4,2,Intel(R) Xeon(R) CPU @ 2.60GHz,,,,,15.61648178100586,machine,Y,1.0
2025-08-08T01:34:07,dask-benchmark,dbde73c2-371b-4816-bb65-82e8f7c1c13d,dask_R6301_81ec5021,1.0021059168502688,7.067741630164286e-08,7.052888832728371e-08,0.8,0.0,10.0,1.1144272041403586e-07,0.0,1.3923320945145356e-06,1.5037748149285715e-06,Canada,CAN,,gcp,northamerica-northeast2,Linux-6.8.0-1032-gcp-x86_64-with-glibc2.35,3.10.12,3.0.4,2,Intel(R) Xeon(R) CPU @ 2.60GHz,,,,,15.61648178100586,machine,Y,1.0
2025-08-08T01:34:09,dask-benchmark,e06b233e-992a-4650-aa0e-2bdd6f4346bd,dask_R6301_81ec5021,1.0025050579570234,7.068278007902618e-08,7.050615806674196e-08,0.8,0.0,10.0,1.1144944114817517e-07,0.0,1.392439496703446e-06,1.503888937851621e-06,Canada,CAN,,gcp,northamerica-northeast2,Linux-6.8.0-1032-gcp-x86_64-with-glibc2.35,3.10.12,3.0.4,2,Intel(R) Xeon(R) CPU @ 2.60GHz,,,,,15.61648178100586,machine,Y,1.0
2025-08-08T01:34:11,dask-benchmark,41bff20c-f8d9-42aa-bd28-581bc54534a2,dask_R6301_81ec5021,1.002495784778148,7.068275191407237e-08,7.050678216040026e-08,0.8,0.0,10.0,1.1144665845980249e-07,0.0,1.392441680137482e-06,1.5038883385972844e-06,Canada,CAN,,gcp,northamerica-northeast2,Linux-6.8.0-1032-gcp-x86_64-with-glibc2.35,3.10.12,3.0.4,2,Intel(R) Xeon(R) CPU @ 2.60GHz,,,,,15.61648178100586,machine,Y,1.0
2025-08-08T01:34:14,dask-benchmark,00a8d33c-de02-4db5-8793-392b4a1cbf2e,dask_R6301_81ec5021,1.0025418680161238,7.068689726174087e-08,7.050767605508521e-08,0.8,0.0,10.0,1.1145906450433865e-07,0.0,1.3925174729795092e-06,1.503976537483848e-06,Canada,CAN,,gcp,northamerica-northeast2,Linux-6.8.0-1032-gcp-x86_64-with-glibc2.35,3.10.12,3.0.4,2,Intel(R) Xeon(R) CPU @ 2.60GHz,,,,,15.61648178100586,machine,Y,1.0
2025-08-08T01:34:16,dask-benchmark,64c27b70-5452-4af5-bd35-841de3d674a3,dask_R6301_81ec5021,1.002705218270421,7.069533353598997e-08,7.05046031952773e-08,0.8,0.0,10.0,1.1148044053051208e-07,0.0,1.3926755921501254e-06,1.5041560326806377e-06,Canada,CAN,,gcp,northamerica-northeast2,Linux-6.8.0-1032-gcp-x86_64-with-glibc2.35,3.10.12,3.0.4,2,Intel(R) Xeon(R) CPU @ 2.60GHz,,,,,15.61648178100586,machine,Y,1.0
2025-08-08T01:34:18,dask-benchmark,fb700fc0-63dc-4828-b2c3-2bff079701bc,dask_R6301_81ec5021,1.0025657243095338,7.068006654063034e-08,7.049918506769982e-08,0.8,0.0,10.0,1.114509306434128e-07,0.0,1.3923802723487218e-06,1.5038312029921346e-06,Canada,CAN,,gcp,northamerica-northeast2,Linux-6.8.0-1032-gcp-x86_64-with-glibc2.35,3.10.12,3.0.4,2,Intel(R) Xeon(R) CPU @ 2.60GHz,,,,,15.61648178100586,machine,Y,1.0
2025-08-08T01:34:20,dask-benchmark,fb1e5cd3-0007-4462-8abd-62917fa482ba,dask_R6301_81ec5021,1.0026234770193696,7.068386171587431e-08,7.049890944704938e-08,0.8,0.0,10.0,1.1146186737136709e-07,0.0,1.392450084030214e-06,1.5039119514015812e-06,Canada,CAN,,gcp,northamerica-northeast2,Linux-6.8.0-1032-gcp-x86_64-with-glibc2.35,3.10.12,3.0.4,2,Intel(R) Xeon(R) CPU @ 2.60GHz,,,,,15.61648178100586,machine,Y,1.0
2025-08-08T01:34:22,dask-benchmark,9bcb5f71-6095-499f-bd8c-3c2dd5864071,dask_R6301_81ec5021,1.002529547084123,7.068482209654111e-08,7.050647265422682e-08,0.8,0.0,10.0,1.1145354641808405e-07,0.0,1.3924788386147057e-06,1.5039323850327897e-06,Canada,CAN,,gcp,northamerica-northeast2,Linux-6.8.0-1032-gcp-x86_64-with-glibc2.35,3.10.12,3.0.4,2,Intel(R) Xeon(R) CPU @ 2.60GHz,,,,,15.61648178100586,machine,Y,1.0
2025-08-08T01:34:24,dask-benchmark,6800dafe-5b65-4f23-a9c0-8eed36e34149,dask_R6301_81ec5021,1.0026191510260103,7.068229860957297e-08,7.049765460518249e-08,0.8,0.0,10.0,1.114562222113212e-07,0.0,1.3924224716093804e-06,1.5038786938207017e-06,Canada,CAN,,gcp,northamerica-northeast2,Linux-6.8.0-1032-gcp-x86_64-with-glibc2.35,3.10.12,3.0.4,2,Intel(R) Xeon(R) CPU @ 2.60GHz,,,,,15.61648178100586,machine,Y,1.0
2025-08-08T01:34:26,dask-benchmark,1b5adedb-7946-400b-97ea-5035543d55da,dask_R6301_81ec5021,1.002639604266733,7.068685360144203e-08,7.050075949586884e-08,0.8,0.0,10.0,1.1146174961080154e-07,0.0,1.3925138589305183e-06,1.50397560854132e-06,Canada,CAN,,gcp,northamerica-northeast2,Linux-6.8.0-1032-gcp-x86_64-with-glibc2.35,3.10.12,3.0.4,2,Intel(R) Xeon(R) CPU @ 2.60GHz,,,,,15.61648178100586,machine,Y,1.0
2025-08-08T01:34:29,dask-benchmark,0f3e5560-764d-4fbe-ab81-e6d48d037067,dask_R6301_81ec5021,1.0026078522205353,7.068848722955834e-08,7.050462159557231e-08,0.8,0.0,10.0,1.114610695383615e-07,0.0,1.392549297047986e-06,1.5040103665863474e-06,Canada,CAN,,gcp,northamerica-northeast2,Linux-6.8.0-1032-gcp-x86_64-with-glibc2.35,3.10.12,3.0.4,2,Intel(R) Xeon(R) CPU @ 2.60GHz,,,,,15.61648178100586,machine,Y,1.0
2025-08-08T01:34:31,dask-benchmark,0bb05812-ad3e-4630-ba63-bad5dc754e1e,dask_R6301_81ec5021,1.0024728258140383,7.06780103652531e-08,7.050366707731992e-08,0.8,0.0,10.0,1.1144336281965176e-07,0.0,1.3923440917602014e-06,1.5037874545798533e-06,Canada,CAN,,gcp,northamerica-northeast2,Linux-6.8.0-1032-gcp-x86_64-with-glibc2.35,3.10.12,3.0.4,2,Intel(R) Xeon(R) CPU @ 2.60GHz,,,,,15.61648178100586,machine,Y,1.0
2025-08-08T01:34:33,dask-benchmark,b3b0941a-f285-4627-84b9-65f0272ceee9,dask_R6301_81ec5021,1.0026132450439036,7.069669190530355e-08,7.051242565841808e-08,0.8,0.0,10.0,1.1147251466496125e-07,0.0,1.3927124194904334e-06,1.5041849341553949e-06,Canada,CAN,,gcp,northamerica-northeast2,Linux-6.8.0-1032-gcp-x86_64-with-glibc2.35,3.10.12,3.0.4,2,Intel(R) Xeon(R) CPU @ 2.60GHz,,,,,15.61648178100586,machine,Y,1.0
2025-08-08T01:34:35,dask-benchmark,952d7f24-f999-4b74-93cc-f434bcbee76c,dask_R6301_81ec5021,1.0025189560838044,7.068177865952669e-08,7.050418172204429e-08,0.8,0.0,10.0,1.1145011356307401e-07,0.0,1.392417517490685e-06,1.503867631053759e-06,Canada,CAN,,gcp,northamerica-northeast2,Linux-6.8.0-1032-gcp-x86_64-with-glibc2.35,3.10.12,3.0.4,2,Intel(R) Xeon(R) CPU @ 2.60GHz,,,,,15.61648178100586,machine,Y,1.0
2025-08-08T01:34:37,dask-benchmark,23c6ff69-90c4-4d5a-84ff-e9e7cadc4e51,dask_R6301_81ec5021,1.0025660819374025,7.067753975372762e-08,7.049663960020197e-08,0.8,0.0,10.0,1.1144756929328045e-07,0.0,1.3923298722753924e-06,1.5037774415686728e-06,Canada,CAN,,gcp,northamerica-northeast2,Linux-6.8.0-1032-gcp-x86_64-with-glibc2.35,3.10.12,3.0.4,2,Intel(R) Xeon(R) CPU @ 2.60GHz,,,,,15.61648178100586,machine,Y,1.0
2025-08-08T01:34:39,dask-benchmark,56484d69-834e-484c-8353-99a3de39f958,dask_R6301_81ec5021,1.002723332028836,7.069798727431852e-08,7.050597609140445e-08,0.8,0.0,10.0,1.1148368443051977e-07,0.0,1.3927288107677466e-06,1.5042124951982663e-06,Canada,CAN,,gcp,northamerica-northeast2,Linux-6.8.0-1032-gcp-x86_64-with-glibc2.35,3.10.12,3.0.4,2,Intel(R) Xeon(R) CPU @ 2.60GHz,,,,,15.61648178100586,machine,Y,1.0
2025-08-08T01:34:42,dask-benchmark,8ae25dd3-f0e8-412d-b053-3c0946ac0daa,dask_R6301_81ec5021,1.00256210193038,7.068269783113567e-08,7.050206435595351e-08,0.8,0.0,10.0,1.1144943224887057e-07,0.0,1.392437755647633e-06,1.5038871878965036e-06,Canada,CAN,,gcp,northamerica-northeast2,Linux-6.8.0-1032-gcp-x86_64-with-glibc2.35,3.10.12,3.0.4,2,Intel(R) Xeon(R) CPU @ 2.60GHz,,,,,15.61648178100586,machine,Y,1.0
2025-08-08T01:34:44,dask-benchmark,5dff8018-7bb6-4f7d-b9e2-8c31580fe6fb,dask_R6301_81ec5021,1.002508055884391,7.067986724354949e-08,7.0503041675009e-08,0.8,0.0,10.0,1.1144478753623037e-07,0.0,1.3923821750924818e-06,1.5038269626287122e-06,Canada,CAN,,gcp,northamerica-northeast2,Linux-6.8.0-1032-gcp-x86_64-with-glibc2.35,3.10.12,3.0.4,2,Intel(R) Xeon(R) CPU @ 2.60GHz,,,,,15.61648178100586,machine,Y,1.0
2025-08-08T01:34:46,dask-benchmark,f3be6ad3-aa3a-4a15-86ab-2ac98a4e359f,dask_R6301_81ec5021,1.002518012188375,7.068407622621293e-08,7.050653989938611e-08,0.8,0.0,10.0,1.1145604846792088e-07,0.0,1.3924604669834177e-06,1.5039165154513383e-06,Canada,CAN,,gcp,northamerica-northeast2,Linux-6.8.0-1032-gcp-x86_64-with-glibc2.35,3.10.12,3.0.4,2,Intel(R) Xeon(R) CPU @ 2.60GHz,,,,,15.61648178100586,machine,Y,1.0
2025-08-08T01:34:48,dask-benchmark,ee3f9441-a978-4fa8-9c1b-37dc7ce65eed,dask_R6301_81ec5021,1.0023108096793294,7.065015066632379e-08,7.048726800514802e-08,0.8,0.0,10.0,1.1140031771113477e-07,0.0,1.391794377317031e-06,1.5031946950281655e-06,Canada,CAN,,gcp,northamerica-northeast2,Linux-6.8.0-1032-gcp-x86_64-with-glibc2.35,3.10.12,3.0.4,2,Intel(R) Xeon(R) CPU @ 2.60GHz,,,,,15.61648178100586,machine,Y,1.0
2025-08-08T01:34:50,dask-benchmark,3b433568-a270-41d4-ac8c-6616744131e8,dask_R6301_81ec5021,1.0024740868248043,7.068060041022384e-08,7.050616204364414e-08,0.8,0.0,10.0,1.1144668991780945e-07,0.0,1.3923958720018468e-06,1.5038425619196563e-06,Canada,CAN,,gcp,northamerica-northeast2,Linux-6.8.0-1032-gcp-x86_64-with-glibc2.35,3.10.12,3.0.4,2,Intel(R) Xeon(R) CPU @ 2.60GHz,,,,,15.61648178100586,machine,Y,1.0
2025-08-08T01:34:52,dask-benchmark,c9c5a626-36fa-4079-b1d0-c569e68db386,dask_R6301_81ec5021,1.0025216457434,7.06813334480135e-08,7.050354847510669e-08,0.8,0.0,10.0,1.114497446558542e-07,0.0,1.3924084138125182e-06,1.5038581584683723e-06,Canada,CAN,,gcp,northamerica-northeast2,Linux-6.8.0-1032-gcp-x86_64-with-glibc2.35,3.10.12,3.0.4,2,Intel(R) Xeon(R) CPU @ 2.60GHz,,,,,15.61648178100586,machine,Y,1.0
2025-08-08T01:34:54,dask-benchmark,66c3aecc-c150-42a6-95f5-5cd8d6825cac,dask_R6301_81ec5021,1.0025351108051836,7.067686420580787e-08,7.049814360022155e-08,0.8,0.0,10.0,1.1144796903762553e-07,0.0,1.3923150991710522e-06,1.5037630682086778e-06,Canada,CAN,,gcp,northamerica-northeast2,Linux-6.8.0-1032-gcp-x86_64-with-glibc2.35,3.10.12,3.0.4,2,Intel(R) Xeon(R) CPU @ 2.60GHz,,,,,15.61648178100586,machine,Y,1.0
2025-08-08T01:34:57,dask-benchmark,e97904fd-c443-4d44-93af-357380da57a9,dask_R6301_81ec5021,1.0025264089927075,7.068348496158918e-08,7.050535958709427e-08,0.8,0.0,10.0,1.114512656090988e-07,0.0,1.3924526697438624e-06,1.5039039353529613e-06,Canada,CAN,,gcp,northamerica-northeast2,Linux-6.8.0-1032-gcp-x86_64-with-glibc2.35,3.10.12,3.0.4,2,Intel(R) Xeon(R) CPU @ 2.60GHz,,,,,15.61648178100586,machine,Y,1.0
2025-08-08T01:34:59,dask-benchmark,94cfa1ec-0278-45f0-922d-ba91b2acbda6,dask_R6301_81ec5021,1.0020587397739291,7.067513389228328e-08,7.052993111783848e-08,0.8,0.0,10.0,1.1143763446145589e-07,0.0,1.3922886185658474e-06,1.5037262530273034e-06,Canada,CAN,,gcp,northamerica-northeast2,Linux-6.8.0-1032-gcp-x86_64-with-glibc2.35,3.10.12,3.0.4,2,Intel(R) Xeon(R) CPU @ 2.60GHz,,,,,15.61648178100586,machine,Y,1.0
2025-08-08T01:35:01,dask-benchmark,deef65fc-458c-4e2b-975d-538efd154259,dask_R6301_81ec5021,1.0024927011691034,7.068470124993426e-08,7.05089435239798e-08,0.8000072,0.0,10.0,1.1145171639123206e-07,0.0,1.3924780974371563e-06,1.5039298138283886e-06,Canada,CAN,,gcp,northamerica-northeast2,Linux-6.8.0-1032-gcp-x86_64-with-glibc2.35,3.10.12,3.0.4,2,Intel(R) Xeon(R) CPU @ 2.60GHz,,,,,15.61648178100586,machine,Y,1.0
2025-08-08T01:35:03,dask-benchmark,a3f1e0fe-d218-4e05-bebe-2912b1b556a7,dask_R6301_81ec5021,1.0024991519749165,7.067874802830112e-08,7.05025514376391e-08,0.8,0.0,10.0,1.1144352797418841e-07,0.0,1.3923596215641334e-06,1.5038031495383218e-06,Canada,CAN,,gcp,northamerica-northeast2,Linux-6.8.0-1032-gcp-x86_64-with-glibc2.35,3.10.12,3.0.4,2,Intel(R) Xeon(R) CPU @ 2.60GHz,,,,,15.61648178100586,machine,Y,1.0
2025-08-08T01:35:05,dask-benchmark,a1275dfd-f107-4b3f-a734-18cf00c2b831,dask_R6301_81ec5021,1.002447857055813,7.068039589696048e-08,7.050780287420499e-08,0.8,0.0,10.0,1.1143962997529242e-07,0.0,1.392398580598335e-06,1.503838210573627e-06,Canada,CAN,,gcp,northamerica-northeast2,Linux-6.8.0-1032-gcp-x86_64-with-glibc2.35,3.10.12,3.0.4,2,Intel(R) Xeon(R) CPU @ 2.60GHz,,,,,15.61648178100586,machine,Y,1.0
2025-08-08T01:35:07,dask-benchmark,a18b770b-b8d3-437b-b96b-6640ff8baf61,dask_R6301_81ec5021,1.002477685920894,7.068306461995885e-08,7.050836703165925e-08,0.8,0.0,10.0,1.1145054755939377e-07,0.0,1.3924444443546235e-06,1.5038949919140174e-06,Canada,CAN,,gcp,northamerica-northeast2,Linux-6.8.0-1032-gcp-x86_64-with-glibc2.35,3.10.12,3.0.4,2,Intel(R) Xeon(R) CPU @ 2.60GHz,,,,,15.61648178100586,machine,Y,1.0
2025-08-08T01:35:09,dask-benchmark,c299797c-b17a-4cb8-8792-a0c38e3624c3,dask_R6301_81ec5021,1.002547664102167,7.067839485262006e-08,7.049878762214879e-08,0.8,0.0,10.0,1.1145119803647201e-07,0.0,1.3923444371256562e-06,1.5037956351621283e-06,Canada,CAN,,gcp,northamerica-northeast2,Linux-6.8.0-1032-gcp-x86_64-with-glibc2.35,3.10.12,3.0.4,2,Intel(R) Xeon(R) CPU @ 2.60GHz,,,,,15.61648178100586,machine,Y,1.0
2025-08-08T01:35:12,dask-benchmark,174d3cf5-3682-48c2-af49-8eee4a270c2e,dask_R6301_81ec5021,1.0026441579684615,7.068354402482509e-08,7.04971384544271e-08,0.8,0.0,10.0,1.114668698153562e-07,0.0,1.392438322202199e-06,1.503905192017555e-06,Canada,CAN,,gcp,northamerica-northeast2,Linux-6.8.0-1032-gcp-x86_64-with-glibc2.35,3.10.12,3.0.4,2,Intel(R) Xeon(R) CPU @ 2.60GHz,,,,,15.61648178100586,machine,Y,1.0
2025-08-08T01:35:14,dask-benchmark,153f1265-93b2-4e16-8d34-63cb85c93598,dask_R6301_81ec5021,1.0025115427561104,7.068070729454568e-08,7.050363440228316e-08,0.8,0.0,10.0,1.1144581178410189e-07,0.0,1.392399024270061e-06,1.503844836054163e-06,Canada,CAN,,gcp,northamerica-northeast2,Linux-6.8.0-1032-gcp-x86_64-with-glibc2.35,3.10.12,3.0.4,2,Intel(R) Xeon(R) CPU @ 2.60GHz,,,,,15.61648178100586,machine,Y,1.0
2025-08-08T01:35:16,dask-benchmark,c3d2aa81-e4a7-456f-897e-5bee3e2d3877,dask_R6301_81ec5021,1.0025291140191257,7.068418686278163e-08,7.05058694798495e-08,0.8,0.0,10.0,1.1145578438623085e-07,0.0,1.3924630850346551e-06,1.503918869420886e-06,Canada,CAN,,gcp,northamerica-northeast2,Linux-6.8.0-1032-gcp-x86_64-with-glibc2.35,3.10.12,3.0.4,2,Intel(R) Xeon(R) CPU @ 2.60GHz,,,,,15.61648178100586,machine,Y,1.0
2025-08-08T01:35:18,dask-benchmark,cf85a3f3-ae4d-4d9e-8f19-40f4cba47433,dask_R6301_81ec5021,1.002571179997176,7.068105833025442e-08,7.049979067865637e-08,0.8,0.0,10.0,1.1144958508925306e-07,0.0,1.3924027198097773e-06,1.5038523048990305e-06,Canada,CAN,,gcp,northamerica-northeast2,Linux-6.8.0-1032-gcp-x86_64-with-glibc2.35,3.10.12,3.0.4,2,Intel(R) Xeon(R) CPU @ 2.60GHz,,,,,15.61648178100586,machine,Y,1.0
2025-08-08T01:35:20,dask-benchmark,299a8c39-93bc-446d-88fd-b96e0c000224,dask_R6301_81ec5021,1.002515004016459,7.068190169334412e-08,7.050458238546591e-08,0.8,0.0,10.0,1.1144899049152933e-07,0.0,1.3924212583030265e-06,1.5038702487945558e-06,Canada,CAN,,gcp,northamerica-northeast2,Linux-6.8.0-1032-gcp-x86_64-with-glibc2.35,3.10.12,3.0.4,2,Intel(R) Xeon(R) CPU @ 2.60GHz,,,,,15.61648178100586,machine,Y,1.0
2025-08-08T01:35:22,dask-benchmark,6147745d-2b17-40c2-901e-dce2d0412c26,dask_R6301_81ec5021,1.00246760295704,7.067464266650173e-08,7.050067499241711e-08,0.8,0.0,10.0,1.1143649090081453e-07,0.0,1.3922793105141157e-06,1.5037158014149302e-06,Canada,CAN,,gcp,northamerica-northeast2,Linux-6.8.0-1032-gcp-x86_64-with-glibc2.35,3.10.12,3.0.4,2,Intel(R) Xeon(R) CPU @ 2.60GHz,,,,,15.61648178100586,machine,Y,1.0
2025-08-08T01:35:24,dask-benchmark,7ce6d379-8c7f-4fa4-8d3d-8b952d6b1b08,dask_R6301_81ec5021,1.0019876677542925,7.06100391346651e-08,7.046996825112631e-08,0.8,0.0,10.0,1.113398308969207e-07,0.0,1.3910014272874428e-06,1.5023412581843634e-06,Canada,CAN,,gcp,northamerica-northeast2,Linux-6.8.0-1032-gcp-x86_64-with-glibc2.35,3.10.12,3.0.4,2,Intel(R) Xeon(R) CPU @ 2.60GHz,,,,,15.61648178100586,machine,Y,1.0
2025-08-08T01:35:27,dask-benchmark,db7c456a-77f2-4fe0-a997-5845db9b7e74,dask_R6301_81ec5021,1.0026062349788845,7.069248691563393e-08,7.05087246112356e-08,0.8,0.0,10.0,1.1147133229921265e-07,0.0,1.3926241339908708e-06,1.5040954662900834e-06,Canada,CAN,,gcp,northamerica-northeast2,Linux-6.8.0-1032-gcp-x86_64-with-glibc2.35,3.10.12,3.0.4,2,Intel(R) Xeon(R) CPU @ 2.60GHz,,,,,15.61648178100586,machine,Y,1.0
2025-08-08T01:35:29,dask-benchmark,18796116-4ff7-4f9b-b29d-635c977f32b4,dask_R6301_81ec5021,1.002493497915566,7.06766445619675e-08,7.050085083735892e-08,0.8,0.0,10.0,1.1144666404773793e-07,0.0,1.3923117308877407e-06,1.5037583949354786e-06,Canada,CAN,,gcp,northamerica-northeast2,Linux-6.8.0-1032-gcp-x86_64-with-glibc2.35,3.10.12,3.0.4,2,Intel(R) Xeon(R) CPU @ 2.60GHz,,,,,15.61648178100586,machine,Y,1.0
2025-08-08T01:35:31,dask-benchmark,e1350243-63f2-46a0-b15f-c620214cc872,dask_R6301_81ec5021,1.002401826903224,7.067366638194978e-08,7.050432719210608e-08,0.8,0.0,10.0,1.1143078044470825e-07,0.0,1.3922642489584785e-06,1.5036950294031866e-06,Canada,CAN,,gcp,northamerica-northeast2,Linux-6.8.0-1032-gcp-x86_64-with-glibc2.35,3.10.12,3.0.4,2,Intel(R) Xeon(R) CPU @ 2.60GHz,,,,,15.61648178100586,machine,Y,1.0
2025-08-08T01:35:33,dask-benchmark,b56cc56a-bb43-44a7-8484-41d49bebc665,dask_R6301_81ec5021,1.0033888309262693,7.067849230404117e-08,7.04397837863064e-08,0.8,0.0,10.0,1.1145129241049289e-07,0.0,1.3923464161861277e-06,1.5037977085966204e-06,Canada,CAN,,gcp,northamerica-northeast2,Linux-6.8.0-1032-gcp-x86_64-with-glibc2.35,3.10.12,3.0.4,2,Intel(R) Xeon(R) CPU @ 2.60GHz,,,,,15.61648178100586,machine,Y,1.0
2025-08-08T01:35:35,dask-benchmark,14f93a29-2e8a-4b5e-a432-28dc79956710,dask_R6301_81ec5021,1.0020337388850749,7.067740102515868e-08,7.053395338144877e-08,0.8,0.0,10.0,1.1143998687879906e-07,0.0,1.3923345030181935e-06,1.5037744898969929e-06,Canada,CAN,,gcp,northamerica-northeast2,Linux-6.8.0-1032-gcp-x86_64-with-glibc2.35,3.10.12,3.0.4,2,Intel(R) Xeon(R) CPU @ 2.60GHz,,,,,15.61648178100586,machine,Y,1.0
2025-08-08T01:35:37,dask-benchmark,10c2637d-6007-4ef4-a086-1b376cb61fb2,dask_R6301_81ec5021,1.0024705231189728,7.067552250882405e-08,7.050134730039967e-08,0.8,0.0,10.0,1.114382233677639e-07,0.0,1.3922962980965771e-06,1.5037345214643412e-06,Canada,CAN,,gcp,northamerica-northeast2,Linux-6.8.0-1032-gcp-x86_64-with-glibc2.35,3.10.12,3.0.4,2,Intel(R) Xeon(R) CPU @ 2.60GHz,,,,,15.61648178100586,machine,Y,1.0
2025-08-08T01:35:39,dask-benchmark,2a04d5b4-73d2-4240-9250-b61c57b4f7cb,dask_R6301_81ec5021,1.0025285598821938,7.068375940574335e-08,7.050548207230058e-08,0.8,0.0,10.0,1.1144782137125733e-07,0.0,1.3924619532190264e-06,1.5039097745902835e-06,Canada,CAN,,gcp,northamerica-northeast2,Linux-6.8.0-1032-gcp-x86_64-with-glibc2.35,3.10.12,3.0.4,2,Intel(R) Xeon(R) CPU @ 2.60GHz,,,,,15.61648178100586,machine,Y,1.0
2025-08-08T01:35:42,dask-benchmark,7d64cd2c-799e-4f9a-b53f-8a4e8944c09d,dask_R6301_81ec5021,1.002543935086578,7.068373011086954e-08,7.050437156628495e-08,0.8000072,0.0,10.0,1.1146280419671309e-07,0.0,1.3924463470983836e-06,1.5039091512950967e-06,Canada,CAN,,gcp,northamerica-northeast2,Linux-6.8.0-1032-gcp-x86_64-with-glibc2.35,3.10.12,3.0.4,2,Intel(R) Xeon(R) CPU @ 2.60GHz,,,,,15.61648178100586,machine,Y,1.0
2025-08-08T01:35:44,dask-benchmark,371e31aa-4c0f-4ced-9414-4161169413f7,dask_R6301_81ec5021,1.0034069209359586,7.067557275196951e-08,7.043560421732462e-08,0.8,0.0,10.0,1.1144988228463465e-07,0.0,1.3922857081828018e-06,1.5037355904674364e-06,Canada,CAN,,gcp,northamerica-northeast2,Linux-6.8.0-1032-gcp-x86_64-with-glibc2.35,3.10.12,3.0.4,2,Intel(R) Xeon(R) CPU @ 2.60GHz,,,,,15.61648178100586,machine,Y,1.0
2025-08-08T01:35:46,dask-benchmark,68e7f405-64b8-4334-8be4-25e460d34b59,dask_R6301_81ec5021,1.0024875840172172,7.067874081318992e-08,7.050335778719837e-08,0.8,0.0,10.0,1.1144340421176621e-07,0.0,1.3923595918135513e-06,1.5038029960253176e-06,Canada,CAN,,gcp,northamerica-northeast2,Linux-6.8.0-1032-gcp-x86_64-with-glibc2.35,3.10.12,3.0.4,2,Intel(R) Xeon(R) CPU @ 2.60GHz,,,,,15.61648178100586,machine,Y,1.0
2025-08-08T01:35:48,dask-benchmark,13606cff-aeb1-4744-802c-a69b0b8d226e,dask_R6301_81ec5021,1.0023691467940807,7.068429838208896e-08,7.05172327062954e-08,0.8,0.0,10.0,1.1145371136566004e-07,0.0,1.3924675308064454e-06,1.5039212421721055e-06,Canada,CAN,,gcp,northamerica-northeast2,Linux-6.8.0-1032-gcp-x86_64-with-glibc2.35,3.10.12,3.0.4,2,Intel(R) Xeon(R) CPU @ 2.60GHz,,,,,15.61648178100586,machine,Y,1.0
2025-08-08T01:35:50,dask-benchmark,9a1f0f4c-f681-4113-9d96-eb079d6ddb0c,dask_R6301_81ec5021,1.0024266499094665,7.067614802516377e-08,7.05050569351352e-08,0.8,0.0,10.0,1.114386812680299e-07,0.0,1.3923091490546034e-06,1.5037478303226331e-06,Canada,CAN,,gcp,northamerica-northeast2,Linux-6.8.0-1032-gcp-x86_64-with-glibc2.35,3.10.12,3.0.4,2,Intel(R) Xeon(R) CPU @ 2.60GHz,,,,,15.61648178100586,machine,Y,1.0
2025-08-08T01:35:52,dask-benchmark,fff30e3c-3ae9-406d-8a8f-fcfc54119fb4,dask_R6301_81ec5021,1.002479901071638,7.06804316417935e-08,7.050558476657442e-08,0.8,0.0,10.0,1.1144602112472061e-07,0.0,1.3923929499772689e-06,1.5038389711019897e-06,Canada,CAN,,gcp,northamerica-northeast2,Linux-6.8.0-1032-gcp-x86_64-with-glibc2.35,3.10.12,3.0.4,2,Intel(R) Xeon(R) CPU @ 2.60GHz,,,,,15.61648178100586,machine,Y,1.0
2025-08-08T01:35:54,dask-benchmark,1b148a52-cd06-4f9d-b795-99b6377cec37,dask_R6301_81ec5021,1.0024678208865223,7.067896030139593e-08,7.050496667203908e-08,0.8,0.0,10.0,1.114442195329403e-07,0.0,1.392363446454207e-06,1.503807665987147e-06,Canada,CAN,,gcp,northamerica-northeast2,Linux-6.8.0-1032-gcp-x86_64-with-glibc2.35,3.10.12,3.0.4,2,Intel(R) Xeon(R) CPU @ 2.60GHz,,,,,15.61648178100586,machine,Y,1.0
2025-08-08T01:35:57,dask-benchmark,6519fdb3-1388-4a50-9b44-d818a24b890a,dask_R6301_81ec5021,1.0025090309791267,7.067180672655296e-08,7.049493275639571e-08,0.8,0.0,10.0,1.1143191469212373e-07,0.0,1.3922235475749604e-06,1.5036554622670842e-06,Canada,CAN,,gcp,northamerica-northeast2,Linux-6.8.0-1032-gcp-x86_64-with-glibc2.35,3.10.12,3.0.4,2,Intel(R) Xeon(R) CPU @ 2.60GHz,,,,,15.61648178100586,machine,Y,1.0
2025-08-08T01:35:59,dask-benchmark,f917659c-8b3a-4ed9-bfea-7546a311da63,dask_R6301_81ec5021,1.0023896992206571,7.066037388068313e-08,7.049191939584027e-08,0.8,0.0,10.0,1.1141730493141548e-07,0.0,1.3919949052958854e-06,1.5034122102273008e-06,Canada,CAN,,gcp,northamerica-northeast2,Linux-6.8.0-1032-gcp-x86_64-with-glibc2.35,3.10.12,3.0.4,2,Intel(R) Xeon(R) CPU @ 2.60GHz,,,,,15.61648178100586,machine,Y,1.0
2025-08-08T01:36:01,dask-benchmark,17da42f4-948d-4937-9f90-2b0e94f03a02,dask_R6301_81ec5021,1.0024830643087626,7.068017394535452e-08,7.050510523496005e-08,0.8,0.0,10.0,1.1144641848901909e-07,0.0,1.392387069710013e-06,1.5038334881990322e-06,Canada,CAN,,gcp,northamerica-northeast2,Linux-6.8.0-1032-gcp-x86_64-with-glibc2.35,3.10.12,3.0.4,2,Intel(R) Xeon(R) CPU @ 2.60GHz,,,,,15.61648178100586,machine,Y,1.0
2025-08-08T01:36:03,dask-benchmark,79a43adc-6110-42b0-9b48-48cd3c5d3c4d,dask_R6301_81ec5021,1.0025201169773936,7.068281945242649e-08,7.050513825651275e-08,0.8000072,0.0,10.0,1.11450078387042e-07,0.0,1.3924396971965e-06,1.5038897755835422e-06,Canada,CAN,,gcp,northamerica-northeast2,Linux-6.8.0-1032-gcp-x86_64-with-glibc2.35,3.10.12,3.0.4,2,Intel(R) Xeon(R) CPU @ 2.60GHz,,,,,15.61648178100586,machine,Y,1.0
2025-08-08T01:36:05,dask-benchmark,93e91a2f-bbd5-4ce2-b542-c4395267e32b,dask_R6301_81ec5021,1.002542797010392,7.068415192043823e-08,7.050487234182935e-08,0.8,0.0,10.0,1.1145280705144009e-07,0.0,1.3924653189153309e-06,1.5039181259667707e-06,Canada,CAN,,gcp,northamerica-northeast2,Linux-6.8.0-1032-gcp-x86_64-with-glibc2.35,3.10.12,3.0.4,2,Intel(R) Xeon(R) CPU @ 2.60GHz,,,,,15.61648178100586,machine,Y,1.0
2025-08-08T01:36:07,dask-benchmark,1043f6aa-674e-4921-a20b-02ce2d321cde,dask_R6301_81ec5021,1.00251233484596,7.068020168717744e-08,7.050307435672374e-08,0.8,0.0,10.0,1.114468173020417e-07,0.0,1.3923872611485423e-06,1.503834078450584e-06,Canada,CAN,,gcp,northamerica-northeast2,Linux-6.8.0-1032-gcp-x86_64-with-glibc2.35,3.10.12,3.0.4,2,Intel(R) Xeon(R) CPU @ 2.60GHz,,,,,15.61648178100586,machine,Y,1.0
2025-08-08T01:36:09,dask-benchmark,8ef40f40-8a5b-4c8d-bfc6-e2c20ddbe7d1,dask_R6301_81ec5021,1.0025061117485166,7.067997216298761e-08,7.050328305700946e-08,0.8,0.0,10.0,1.1144631749225988e-07,0.0,1.3923828774649235e-06,1.5038291949571834e-06,Canada,CAN,,gcp,northamerica-northeast2,Linux-6.8.0-1032-gcp-x86_64-with-glibc2.35,3.10.12,3.0.4,2,Intel(R) Xeon(R) CPU @ 2.60GHz,,,,,15.61648178100586,machine,Y,1.0
2025-08-08T01:36:12,dask-benchmark,1bd6891b-5edd-4e76-b42b-c50362970c55,dask_R6301_81ec5021,1.0024256990291178,7.06730533090627e-08,7.050203658736191e-08,0.8,0.0,10.0,1.1143512361579473e-07,0.0,1.3922468616834116e-06,1.5036819852992064e-06,Canada,CAN,,gcp,northamerica-northeast2,Linux-6.8.0-1032-gcp-x86_64-with-glibc2.35,3.10.12,3.0.4,2,Intel(R) Xeon(R) CPU @ 2.60GHz,,,,,15.61648178100586,machine,Y,1.0
2025-08-08T01:36:14,dask-benchmark,2e0bda63-fa1b-4ad1-a546-84a3cfc8f1df,dask_R6301_81ec5021,1.002533801831305,7.068773703794513e-08,7.050908099938525e-08,0.8,0.0,10.0,1.114562217974001e-07,0.0,1.3925381832652625e-06,1.5039944050626625e-06,Canada,CAN,,gcp,northamerica-northeast2,Linux-6.8.0-1032-gcp-x86_64-with-glibc2.35,3.10.12,3.0.4,2,Intel(R) Xeon(R) CPU @ 2.60GHz,,,,,15.61648178100586,machine,Y,1.0
2025-08-08T01:36:16,dask-benchmark,bbe5d89f-490b-4cc1-bad0-92a8c5baddd7,dask_R6301_81ec5021,1.0025274809449911,7.06827593091358e-08,7.050456037624985e-08,0.8,0.0,10.0,1.1145234552936424e-07,0.0,1.392436150409695e-06,1.5038884959390593e-06,Canada,CAN,,gcp,northamerica-northeast2,Linux-6.8.0-1032-gcp-x86_64-with-glibc2.35,3.10.12,3.0.4,2,Intel(R) Xeon(R) CPU @ 2.60GHz,,,,,15.61648178100586,machine,Y,1.0
2025-08-08T01:36:18,dask-benchmark,fb287382-9e0a-4636-ae2a-e77cea56261b,dask_R6301_81ec5021,1.0025675329379735,7.067726104665134e-08,7.049625957818041e-08,0.8,0.0,10.0,1.114504817459319e-07,0.0,1.3923210298849478e-06,1.5037715116308797e-06,Canada,CAN,,gcp,northamerica-northeast2,Linux-6.8.0-1032-gcp-x86_64-with-glibc2.35,3.10.12,3.0.4,2,Intel(R) Xeon(R) CPU @ 2.60GHz,,,,,15.61648178100586,machine,Y,1.0
2025-08-08T01:36:20,dask-benchmark,81f78022-4898-4dca-8b24-2a460c7f0909,dask_R6301_81ec5021,1.0024707992561162,7.067988546735919e-08,7.05056800854521e-08,0.8,0.0,10.0,1.1144649465050965e-07,0.0,1.3923808557188346e-06,1.5038273503693445e-06,Canada,CAN,,gcp,northamerica-northeast2,Linux-6.8.0-1032-gcp-x86_64-with-glibc2.35,3.10.12,3.0.4,2,Intel(R) Xeon(R) CPU @ 2.60GHz,,,,,15.61648178100586,machine,Y,1.0
2025-08-08T01:36:22,dask-benchmark,75162fe9-d899-4ec4-a298-5e99fdd71b16,dask_R6301_81ec5021,1.002254402730614,7.065431778728842e-08,7.049539278130654e-08,0.8009550872000001,0.0,10.0,1.115279660570943e-07,0.0,1.3917553911192549e-06,1.503283357176349e-06,Canada,CAN,,gcp,northamerica-northeast2,Linux-6.8.0-1032-gcp-x86_64-with-glibc2.35,3.10.12,3.0.4,2,Intel(R) Xeon(R) CPU @ 2.60GHz,,,,,15.61648178100586,machine,Y,1.0
2025-08-08T01:36:24,dask-benchmark,17fbc4cf-ebcb-4ae2-8e0d-2bf5a6a10c68,dask_R6301_81ec5021,1.0024689519777894,7.068110801652076e-08,7.050702954647393e-08,0.8,0.0,10.0,1.1144822597917585e-07,0.0,1.392405136074457e-06,1.5038533620536328e-06,Canada,CAN,,gcp,northamerica-northeast2,Linux-6.8.0-1032-gcp-x86_64-with-glibc2.35,3.10.12,3.0.4,2,Intel(R) Xeon(R) CPU @ 2.60GHz,,,,,15.61648178100586,machine,Y,1.0
2025-08-08T01:36:27,dask-benchmark,de891b6d-2062-4b42-bdf8-e9087c0a3a45,dask_R6301_81ec5021,1.0025195758789778,7.068364508015414e-08,7.050599986357467e-08,0.8,0.0,10.0,1.1145074531022045e-07,0.0,1.392456596820719e-06,1.5039073421309393e-06,Canada,CAN,,gcp,northamerica-northeast2,Linux-6.8.0-1032-gcp-x86_64-with-glibc2.35,3.10.12,3.0.4,2,Intel(R) Xeon(R) CPU @ 2.60GHz,,,,,15.61648178100586,machine,Y,1.0
2025-08-08T01:36:29,dask-benchmark,320ff2ff-152d-42e4-af41-ff0e35161016,dask_R6301_81ec5021,1.002443787176162,7.06743093342003e-08,7.050201740816469e-08,0.8,0.0,10.0,1.114360693221291e-07,0.0,1.3922726399161751e-06,1.5037087092383045e-06,Canada,CAN,,gcp,northamerica-northeast2,Linux-6.8.0-1032-gcp-x86_64-with-glibc2.35,3.10.12,3.0.4,2,Intel(R) Xeon(R) CPU @ 2.60GHz,,,,,15.61648178100586,machine,Y,1.0
2025-08-08T01:36:31,dask-benchmark,2fa61d46-9c57-4202-9deb-c0d1528f3ee6,dask_R6301_81ec5021,1.0025565992109478,7.06866047396842e-08,7.050634826534223e-08,0.8,0.0,10.0,1.1145838329361545e-07,0.0,1.3925119303166864e-06,1.503970313610302e-06,Canada,CAN,,gcp,northamerica-northeast2,Linux-6.8.0-1032-gcp-x86_64-with-glibc2.35,3.10.12,3.0.4,2,Intel(R) Xeon(R) CPU @ 2.60GHz,,,,,15.61648178100586,machine,Y,1.0
2025-08-08T01:36:33,dask-benchmark,bb6722ea-d449-4d70-9976-fc26d0194101,dask_R6301_81ec5021,1.002478152979165,7.067976556325125e-08,7.050504328020025e-08,0.8,0.0,10.0,1.1144235119637517e-07,0.0,1.3923824480217364e-06,1.5038247992181116e-06,Canada,CAN,,gcp,northamerica-northeast2,Linux-6.8.0-1032-gcp-x86_64-with-glibc2.35,3.10.12,3.0.4,2,Intel(R) Xeon(R) CPU @ 2.60GHz,,,,,15.61648178100586,machine,Y,1.0
2025-08-08T01:36:35,dask-benchmark,7d11190d-cda1-43a3-9585-b1f06ac96f32,dask_R6301_81ec5021,1.002194033935666,7.069345805938875e-08,7.053869377147655e-08,0.8,0.0,10.0,1.1146944399095244e-07,0.0,1.392646684932212e-06,1.5041161289231645e-06,Canada,CAN,,gcp,northamerica-northeast2,Linux-6.8.0-1032-gcp-x86_64-with-glibc2.35,3.10.12,3.0.4,2,Intel(R) Xeon(R) CPU @ 2.60GHz,,,,,15.61648178100586,machine,Y,1.0
2025-08-08T01:36:37,dask-benchmark,261b9e3e-f1df-4771-8793-39877ba7a3ea,dask_R6301_81ec5021,1.0025578220374882,7.067908790454064e-08,7.049876461080343e-08,0.8,0.0,10.0,1.1145062227216033e-07,0.0,1.3923597586755123e-06,1.5038103809476728e-06,Canada,CAN,,gcp,northamerica-northeast2,Linux-6.8.0-1032-gcp-x86_64-with-glibc2.35,3.10.12,3.0.4,2,Intel(R) Xeon(R) CPU @ 2.60GHz,,,,,15.61648178100586,machine,Y,1.0
2025-08-08T01:36:39,dask-benchmark,1f7a11d0-ea4b-44b8-8612-d482ce7c380b,dask_R6301_81ec5021,1.0023989458568394,7.067257499606866e-08,7.050344105824907e-08,0.8,0.0,10.0,1.114302087161276e-07,0.0,1.3922415997108652e-06,1.5036718084269928e-06,Canada,CAN,,gcp,northamerica-northeast2,Linux-6.8.0-1032-gcp-x86_64-with-glibc2.35,3.10.12,3.0.4,2,Intel(R) Xeon(R) CPU @ 2.60GHz,,,,,15.61648178100586,machine,Y,1.0
2025-08-08T01:36:42,dask-benchmark,a0579c29-2065-4507-8024-5207e2d56204,dask_R6301_81ec5021,1.0024933740496635,7.067941768643343e-08,7.050362577551758e-08,0.8,0.0,10.0,1.1144359533985457e-07,0.0,1.3923738022438354e-06,1.50381739758369e-06,Canada,CAN,,gcp,northamerica-northeast2,Linux-6.8.0-1032-gcp-x86_64-with-glibc2.35,3.10.12,3.0.4,2,Intel(R) Xeon(R) CPU @ 2.60GHz,,,,,15.61648178100586,machine,Y,1.0
2025-08-08T01:36:44,dask-benchmark,f492c9fc-bfcb-4bd6-8ac1-aa398135ad6b,dask_R6301_81ec5021,1.002412469126284,7.06663374777159e-08,7.049626740907325e-08,0.8,0.0,10.0,1.1142719775024389e-07,0.0,1.392111897520307e-06,1.503539095270551e-06,Canada,CAN,,gcp,northamerica-northeast2,Linux-6.8.0-1032-gcp-x86_64-with-glibc2.35,3.10.12,3.0.4,2,Intel(R) Xeon(R) CPU @ 2.60GHz,,,,,15.61648178100586,machine,Y,1.0
2025-08-08T01:36:46,dask-benchmark,e6504117-b99f-46cb-9313-768daddfc92e,dask_R6301_81ec5021,1.00249403109774,7.067643898601335e-08,7.050060827656201e-08,0.8,0.0,10.0,1.1144294331057205e-07,0.0,1.3923110776684353e-06,1.5037540209790072e-06,Canada,CAN,,gcp,northamerica-northeast2,Linux-6.8.0-1032-gcp-x86_64-with-glibc2.35,3.10.12,3.0.4,2,Intel(R) Xeon(R) CPU @ 2.60GHz,,,,,15.61648178100586,machine,Y,1.0
2025-08-08T01:36:48,dask-benchmark,f14215ac-0d90-43d6-9253-fab58e496012,dask_R6301_81ec5021,1.002407263033092,7.06724943847706e-08,7.050277565919583e-08,0.8,0.0,10.0,1.1143217618680662e-07,0.0,1.3922379171061849e-06,1.5036700932929914e-06,Canada,CAN,,gcp,northamerica-northeast2,Linux-6.8.0-1032-gcp-x86_64-with-glibc2.35,3.10.12,3.0.4,2,Intel(R) Xeon(R) CPU @ 2.60GHz,,,,,15.61648178100586,machine,Y,1.0
2025-08-08T01:36:50,dask-benchmark,5845e277-7528-4cc7-bdf4-c23981090dde,dask_R6301_81ec5021,1.002403195947409,7.06733592278324e-08,7.050392448224027e-08,0.8,0.0,10.0,1.1143337221195304e-07,0.0,1.392255121997247e-06,1.5036884942092e-06,Canada,CAN,,gcp,northamerica-northeast2,Linux-6.8.0-1032-gcp-x86_64-with-glibc2.35,3.10.12,3.0.4,2,Intel(R) Xeon(R) CPU @ 2.60GHz,,,,,15.61648178100586,machine,Y,1.0
2025-08-08T01:36:52,dask-benchmark,b0941dae-7b70-444c-a44c-79ddbb8b8dbb,dask_R6301_81ec5021,1.002506653778255,7.068252691543766e-08,7.050579330226765e-08,0.8,0.0,10.0,1.114482404664159e-07,0.0,1.3924353109258743e-06,1.5038835513922902e-06,Canada,CAN,,gcp,northamerica-northeast2,Linux-6.8.0-1032-gcp-x86_64-with-glibc2.35,3.10.12,3.0.4,2,Intel(R) Xeon(R) CPU @ 2.60GHz,,,,,15.61648178100586,machine,Y,1.0
2025-08-08T01:36:54,dask-benchmark,7581712e-89a4-49a8-8b9b-5f4d44eb5e34,dask_R6301_81ec5021,1.002489094156772,7.067987057996086e-08,7.05043785433019e-08,0.8,0.0,10.0,1.1144436440534065e-07,0.0,1.3923826692108478e-06,1.5038270336161883e-06,Canada,CAN,,gcp,northamerica-northeast2,Linux-6.8.0-1032-gcp-x86_64-with-glibc2.35,3.10.12,3.0.4,2,Intel(R) Xeon(R) CPU @ 2.60GHz,,,,,15.61648178100586,machine,Y,1.0
2025-08-08T01:36:57,dask-benchmark,77656816-8211-4de7-a9af-9ba87bd034c4,dask_R6301_81ec5021,1.0025999387726188,7.06881946685931e-08,7.050488628109182e-08,0.8,0.0,10.0,1.1146259421689645e-07,0.0,1.3925415476680632e-06,1.5040041418849597e-06,Canada,CAN,,gcp,northamerica-northeast2,Linux-6.8.0-1032-gcp-x86_64-with-glibc2.35,3.10.12,3.0.4,2,Intel(R) Xeon(R) CPU @ 2.60GHz,,,,,15.61648178100586,machine,Y,1.0
2025-08-08T01:36:59,dask-benchmark,4141654f-3df4-47a6-a0bc-50d5da3bbb7f,dask_R6301_81ec5021,1.0024965810589492,7.068268518341292e-08,7.050665959254439e-08,0.8,0.0,10.0,1.1144702757398289e-07,0.0,1.3924398912220363e-06,1.5038869187960194e-06,Canada,CAN,,gcp,northamerica-northeast2,Linux-6.8.0-1032-gcp-x86_64-with-glibc2.35,3.10.12,3.0.4,2,Intel(R) Xeon(R) CPU @ 2.60GHz,,,,,15.61648178100586,machine,Y,1.0
2025-08-08T01:37:01,dask-benchmark,a5982d6a-cfd9-4761-80c0-8b5cc843585c,dask_R6301_81ec5021,1.002509779762477,7.068115598351386e-08,7.050420595424042e-08,0.8,0.0,10.0,1.1144835791654057e-07,0.0,1.3924060247114137e-06,1.5038543826279545e-06,Canada,CAN,,gcp,northamerica-northeast2,Linux-6.8.0-1032-gcp-x86_64-with-glibc2.35,3.10.12,3.0.4,2,Intel(R) Xeon(R) CPU @ 2.60GHz,,,,,15.61648178100586,machine,Y,1.0
2025-08-08T01:37:03,dask-benchmark,0ecb6504-f1a8-4534-aba3-4ab0bb269ccf,dask_R6301_81ec5021,1.0022374521940949,7.063523303846728e-08,7.047754290545904e-08,0.8,0.0,10.0,1.113812951371074e-07,0.0,1.3914960035536853e-06,1.5028772986907927e-06,Canada,CAN,,gcp,northamerica-northeast2,Linux-6.8.0-1032-gcp-x86_64-with-glibc2.35,3.10.12,3.0.4,2,Intel(R) Xeon(R) CPU @ 2.60GHz,,,,,15.61648178100586,machine,Y,1.0
2025-08-08T01:37:05,dask-benchmark,1c66175b-3884-4af1-b2fc-13270cfee0db,dask_R6301_81ec5021,1.0025146240368483,7.067572730903824e-08,7.049845021157564e-08,0.8,0.0,10.0,1.1144321204887497e-07,0.0,1.3922956668668325e-06,1.5037388789157073e-06,Canada,CAN,,gcp,northamerica-northeast2,Linux-6.8.0-1032-gcp-x86_64-with-glibc2.35,3.10.12,3.0.4,2,Intel(R) Xeon(R) CPU @ 2.60GHz,,,,,15.61648178100586,machine,Y,1.0
2025-08-08T01:37:07,dask-benchmark,b68268d5-b7ea-427b-9140-fef439d2cb21,dask_R6301_81ec5021,1.0024551437236369,7.067885251244944e-08,7.05057507609883e-08,0.8,0.0,10.0,1.1144293379038581e-07,0.0,1.3923624388149214e-06,1.5038053726053072e-06,Canada,CAN,,gcp,northamerica-northeast2,Linux-6.8.0-1032-gcp-x86_64-with-glibc2.35,3.10.12,3.0.4,2,Intel(R) Xeon(R) CPU @ 2.60GHz,,,,,15.61648178100586,machine,Y,1.0
2025-08-08T01:37:10,dask-benchmark,414ab500-b74d-4731-8d6a-c3e7a1c1d860,dask_R6301_81ec5021,1.002540566958487,7.06773226146276e-08,7.049821717344448e-08,0.8,0.0,10.0,1.1145064824571213e-07,0.0,1.3923221733421086e-06,1.5037728215878208e-06,Canada,CAN,,gcp,northamerica-northeast2,Linux-6.8.0-1032-gcp-x86_64-with-glibc2.35,3.10.12,3.0.4,2,Intel(R) Xeon(R) CPU @ 2.60GHz,,,,,15.61648178100586,machine,Y,1.0
2025-08-08T01:37:12,dask-benchmark,18b1e2a3-f293-4dd6-8e57-7931008522c1,dask_R6301_81ec5021,1.002561924047768,7.067668905393739e-08,7.04960834424926e-08,0.8,0.0,10.0,1.1145174730983044e-07,0.0,1.3923075942633053e-06,1.5037593415731356e-06,Canada,CAN,,gcp,northamerica-northeast2,Linux-6.8.0-1032-gcp-x86_64-with-glibc2.35,3.10.12,3.0.4,2,Intel(R) Xeon(R) CPU @ 2.60GHz,,,,,15.61648178100586,machine,Y,1.0
2025-08-08T01:37:14,dask-benchmark,6579110f-eff5-4f82-ae21-f64c8863edc3,dask_R6301_81ec5021,1.002542472910136,7.06827361025951e-08,7.050348290723324e-08,0.8,0.0,10.0,1.1145245842635633e-07,0.0,1.392435543756518e-06,1.5038880021828744e-06,Canada,CAN,,gcp,northamerica-northeast2,Linux-6.8.0-1032-gcp-x86_64-with-glibc2.35,3.10.12,3.0.4,2,Intel(R) Xeon(R) CPU @ 2.60GHz,,,,,15.61648178100586,machine,Y,1.0
2025-08-08T01:37:16,dask-benchmark,10e29e8c-c095-4beb-b478-997a9d3bae29,dask_R6301_81ec5021,1.0025139907374978,7.067504534849689e-08,7.049781449584051e-08,0.8,0.0,10.0,1.114447054763635e-07,0.0,1.3922796636405918e-06,1.5037243691169552e-06,Canada,CAN,,gcp,northamerica-northeast2,Linux-6.8.0-1032-gcp-x86_64-with-glibc2.35,3.10.12,3.0.4,2,Intel(R) Xeon(R) CPU @ 2.60GHz,,,,,15.61648178100586,machine,Y,1.0
2025-08-08T01:37:18,dask-benchmark,16135d12-82fb-40d0-a365-1a7e8f0ae9da,dask_R6301_81ec5021,1.002516503445804,7.068081005942077e-08,7.050338804047606e-08,0.8,0.0,10.0,1.1144796075920265e-07,0.0,1.3923990617816648e-06,1.5038470225408674e-06,Canada,CAN,,gcp,northamerica-northeast2,Linux-6.8.0-1032-gcp-x86_64-with-glibc2.35,3.10.12,3.0.4,2,Intel(R) Xeon(R) CPU @ 2.60GHz,,,,,15.61648178100586,machine,Y,1.0
2025-08-08T01:37:20,dask-benchmark,c738909f-a8e8-4afe-b53d-0c96c3fefe42,dask_R6301_81ec5021,1.00249913521111,7.06790526509285e-08,7.050285647981596e-08,0.8,0.0,10.0,1.1144366984566053e-07,0.0,1.3923659610251589e-06,1.5038096308708192e-06,Canada,CAN,,gcp,northamerica-northeast2,Linux-6.8.0-1032-gcp-x86_64-with-glibc2.35,3.10.12,3.0.4,2,Intel(R) Xeon(R) CPU @ 2.60GHz,,,,,15.61648178100586,machine,Y,1.0
2025-08-08T01:37:22,dask-benchmark,6961c4ad-e959-4820-ae1f-1cee20bea505,dask_R6301_81ec5021,1.0025194589979949,7.068256057622949e-08,7.050492630524679e-08,0.8,0.0,10.0,1.1144917396207653e-07,0.0,1.392435093617274e-06,1.5038842675793503e-06,Canada,CAN,,gcp,northamerica-northeast2,Linux-6.8.0-1032-gcp-x86_64-with-glibc2.35,3.10.12,3.0.4,2,Intel(R) Xeon(R) CPU @ 2.60GHz,,,,,15.61648178100586,machine,Y,1.0
2025-08-08T01:37:25,dask-benchmark,f0241189-af5f-464f-978b-814f5a024aec,dask_R6301_81ec5021,1.0024844291619956,7.068008703329704e-08,7.05049225476554e-08,0.8,0.0,10.0,1.1144679153545037e-07,0.0,1.3923848474708696e-06,1.50383163900632e-06,Canada,CAN,,gcp,northamerica-northeast2,Linux-6.8.0-1032-gcp-x86_64-with-glibc2.35,3.10.12,3.0.4,2,Intel(R) Xeon(R) CPU @ 2.60GHz,,,,,15.61648178100586,machine,Y,1.0
2025-08-08T01:37:27,dask-benchmark,c44e81ab-c92c-4ecf-9c9c-ef1cd67f5140,dask_R6301_81ec5021,1.0025885188952088,7.06814293455229e-08,7.049894150334926e-08,0.8,0.0,10.0,1.1145530465162465e-07,0.0,1.3924048941892883e-06,1.5038601988409129e-06,Canada,CAN,,gcp,northamerica-northeast2,Linux-6.8.0-1032-gcp-x86_64-with-glibc2.35,3.10.12,3.0.4,2,Intel(R) Xeon(R) CPU @ 2.60GHz,,,,,15.61648178100586,machine,Y,1.0
2025-08-08T01:37:29,dask-benchmark,c134e6b4-8130-495a-8a29-f13b8eb2766f,dask_R6301_81ec5021,1.0025094598531723,7.068120022500969e-08,7.050427258348432e-08,0.8,0.0,10.0,1.1144867446273566e-07,0.0,1.3924066494736408e-06,1.5038553239363764e-06,Canada,CAN,,gcp,northamerica-northeast2,Linux-6.8.0-1032-gcp-x86_64-with-glibc2.35,3.10.12,3.0.4,2,Intel(R) Xeon(R) CPU @ 2.60GHz,,,,,15.61648178100586,machine,Y,1.0
2025-08-08T01:37:31,dask-benchmark,ff345f2a-0810-4fad-a2e3-a8c15e7efc2c,dask_R6301_81ec5021,1.0025315410457551,7.067910113346038e-08,7.050062590522986e-08,0.8,0.0,10.0,1.1144680333220297e-07,0.0,1.3923638590818476e-06,1.5038106624140505e-06,Canada,CAN,,gcp,northamerica-northeast2,Linux-6.8.0-1032-gcp-x86_64-with-glibc2.35,3.10.12,3.0.4,2,Intel(R) Xeon(R) CPU @ 2.60GHz,,,,,15.61648178100586,machine,Y,1.0
2025-08-08T01:37:33,dask-benchmark,b5b496d6-ab90-49b9-b618-3236ba5b980f,dask_R6301_81ec5021,1.0024798261001706,7.067623923905195e-08,7.050140800737648e-08,0.8,0.0,10.0,1.1143949534744025e-07,0.0,1.392310275696218e-06,1.5037497710436583e-06,Canada,CAN,,gcp,northamerica-northeast2,Linux-6.8.0-1032-gcp-x86_64-with-glibc2.35,3.10.12,3.0.4,2,Intel(R) Xeon(R) CPU @ 2.60GHz,,,,,15.61648178100586,machine,Y,1.0
2025-08-08T01:37:35,dask-benchmark,0b878c42-1467-4913-bf0c-9c1a54ad2949,dask_R6301_81ec5021,1.0024956515990198,7.067726841010153e-08,7.050132167393298e-08,0.8,0.0,10.0,1.1144091644220885e-07,0.0,1.3923307518578238e-06,1.5037716683000329e-06,Canada,CAN,,gcp,northamerica-northeast2,Linux-6.8.0-1032-gcp-x86_64-with-glibc2.35,3.10.12,3.0.4,2,Intel(R) Xeon(R) CPU @ 2.60GHz,,,,,15.61648178100586,machine,Y,1.0
2025-08-08T01:37:37,dask-benchmark,ad5093fd-671d-489e-a732-54a0eceb9cfe,dask_R6301_81ec5021,1.002474157139659,7.068022754436565e-08,7.050578515264298e-08,0.8,0.0,10.0,1.1144058044171996e-07,0.0,1.3923940481618045e-06,1.5038346286035245e-06,Canada,CAN,,gcp,northamerica-northeast2,Linux-6.8.0-1032-gcp-x86_64-with-glibc2.35,3.10.12,3.0.4,2,Intel(R) Xeon(R) CPU @ 2.60GHz,,,,,15.61648178100586,machine,Y,1.0
2025-08-08T01:37:40,dask-benchmark,ba4cac63-614a-4dea-b9de-330cccf0801e,dask_R6301_81ec5021,1.0025366661138833,7.068525823992159e-08,7.050640702640604e-08,0.8,0.0,10.0,1.1145561736904913e-07,0.0,1.3924860473101338e-06,1.5039416646791828e-06,Canada,CAN,,gcp,northamerica-northeast2,Linux-6.8.0-1032-gcp-x86_64-with-glibc2.35,3.10.12,3.0.4,2,Intel(R) Xeon(R) CPU @ 2.60GHz,,,,,15.61648178100586,machine,Y,1.0
2025-08-08T01:37:42,dask-benchmark,ca6cea12-318f-459c-8d30-f529c01bf3dd,dask_R6301_81ec5021,1.0025252578780055,7.067643859206388e-08,7.049841192197106e-08,0.8,0.0,10.0,1.114489600683252e-07,0.0,1.3923050525287788e-06,1.503754012597104e-06,Canada,CAN,,gcp,northamerica-northeast2,Linux-6.8.0-1032-gcp-x86_64-with-glibc2.35,3.10.12,3.0.4,2,Intel(R) Xeon(R) CPU @ 2.60GHz,,,,,15.61648178100586,machine,Y,1.0
2025-08-08T01:37:44,dask-benchmark,b1ed650b-b263-4bfb-9c40-291d3b257733,dask_R6301_81ec5021,1.0024206130765378,7.067179962573574e-08,7.050114363554067e-08,0.8,0.0,10.0,1.114307339820597e-07,0.0,1.3922245772038068e-06,1.5036553111858664e-06,Canada,CAN,,gcp,northamerica-northeast2,Linux-6.8.0-1032-gcp-x86_64-with-glibc2.35,3.10.12,3.0.4,2,Intel(R) Xeon(R) CPU @ 2.60GHz,,,,,15.61648178100586,machine,Y,1.0
2025-08-08T01:37:46,dask-benchmark,6cecae9f-942b-435e-a638-a53ef3406c77,dask_R6301_81ec5021,1.0025690393522382,7.06776832923707e-08,7.049657481746663e-08,0.8,0.0,10.0,1.114489314042861e-07,0.0,1.3923315641780695e-06,1.5037804955823557e-06,Canada,CAN,,gcp,northamerica-northeast2,Linux-6.8.0-1032-gcp-x86_64-with-glibc2.35,3.10.12,3.0.4,2,Intel(R) Xeon(R) CPU @ 2.60GHz,,,,,15.61648178100586,machine,Y,1.0
2025-08-08T01:37:48,dask-benchmark,3b579139-da3a-4fc0-9c0d-03fd102dcfe7,dask_R6301_81ec5021,1.002609623130411,7.067889268070254e-08,7.049492748735488e-08,0.8,0.0,10.0,1.1145569384098053e-07,0.0,1.3923505334080094e-06,1.50380622724899e-06,Canada,CAN,,gcp,northamerica-northeast2,Linux-6.8.0-1032-gcp-x86_64-with-glibc2.35,3.10.12,3.0.4,2,Intel(R) Xeon(R) CPU @ 2.60GHz,,,,,15.61648178100586,machine,Y,1.0
2025-08-08T01:37:50,dask-benchmark,22aff3b6-9606-4c15-9a17-e719e905cb1e,dask_R6301_81ec5021,1.0025045489892364,7.067887704917747e-08,7.05023005835122e-08,0.8,0.0,10.0,1.1144322043077813e-07,0.0,1.3923626742325725e-06,1.5038058946633504e-06,Canada,CAN,,gcp,northamerica-northeast2,Linux-6.8.0-1032-gcp-x86_64-with-glibc2.35,3.10.12,3.0.4,2,Intel(R) Xeon(R) CPU @ 2.60GHz,,,,,15.61648178100586,machine,Y,1.0
2025-08-08T01:37:52,dask-benchmark,b3e5ab7f-e1e6-4091-937c-0e65adb07ba5,dask_R6301_81ec5021,1.0025105737149715,7.068275563713786e-08,7.05057457650656e-08,0.8,0.0,10.0,1.114479626218478e-07,0.0,1.3924404551895955e-06,1.5038884178114435e-06,Canada,CAN,,gcp,northamerica-northeast2,Linux-6.8.0-1032-gcp-x86_64-with-glibc2.35,3.10.12,3.0.4,2,Intel(R) Xeon(R) CPU @ 2.60GHz,,,,,15.61648178100586,machine,Y,1.0
2025-08-08T01:37:55,dask-benchmark,57d8e164-bfcd-48a9-9cc1-a7057d9fcd22,dask_R6301_81ec5021,1.002504353877157,7.068721318001755e-08,7.051062961136954e-08,0.8,0.0,10.0,1.1145696706242041e-07,0.0,1.3925262920868892e-06,1.5039832591493095e-06,Canada,CAN,,gcp,northamerica-northeast2,Linux-6.8.0-1032-gcp-x86_64-with-glibc2.35,3.10.12,3.0.4,2,Intel(R) Xeon(R) CPU @ 2.60GHz,,,,,15.61648178100586,machine,Y,1.0
2025-08-08T01:37:57,dask-benchmark,655aeeaf-7082-4522-bf2c-f0f51c1b672e,dask_R6301_81ec5021,1.0025794771499932,7.067646827688441e-08,7.049462899220179e-08,0.8,0.0,10.0,1.1144893585393829e-07,0.0,1.3923057083350917e-06,1.50375464418903e-06,Canada,CAN,,gcp,northamerica-northeast2,Linux-6.8.0-1032-gcp-x86_64-with-glibc2.35,3.10.12,3.0.4,2,Intel(R) Xeon(R) CPU @ 2.60GHz,,,,,15.61648178100586,machine,Y,1.0
2025-08-08T01:37:59,dask-benchmark,522741b0-91a2-4743-9c2c-06c64e601efa,dask_R6301_81ec5021,1.0025166883133352,7.06823210792823e-08,7.050488226605026e-08,0.8,0.0,10.0,1.1144770785338349e-07,0.0,1.39243146404624e-06,1.5038791718996234e-06,Canada,CAN,,gcp,northamerica-northeast2,Linux-6.8.0-1032-gcp-x86_64-with-glibc2.35,3.10.12,3.0.4,2,Intel(R) Xeon(R) CPU @ 2.60GHz,,,,,15.61648178100586,machine,Y,1.0
2025-08-08T01:38:01,dask-benchmark,d7877217-cca5-414c-8624-61b2d9d14238,dask_R6301_81ec5021,1.002577279228717,7.06853847438987e-08,7.05036770814086e-08,0.8,0.0,10.0,1.114544504218633e-07,0.0,1.3924899058313005e-06,1.5039443562531636e-06,Canada,CAN,,gcp,northamerica-northeast2,Linux-6.8.0-1032-gcp-x86_64-with-glibc2.35,3.10.12,3.0.4,2,Intel(R) Xeon(R) CPU @ 2.60GHz,,,,,15.61648178100586,machine,Y,1.0
2025-08-08T01:38:03,dask-benchmark,8d73a996-de3b-454b-8e19-0656054b6cc1,dask_R6301_81ec5021,1.0025196364149451,7.067543607826036e-08,7.04978072359748e-08,0.8,0.0,10.0,1.114439902206262e-07,0.0,1.3922886922955512e-06,1.5037326825161775e-06,Canada,CAN,,gcp,northamerica-northeast2,Linux-6.8.0-1032-gcp-x86_64-with-glibc2.35,3.10.12,3.0.4,2,Intel(R) Xeon(R) CPU @ 2.60GHz,,,,,15.61648178100586,machine,Y,1.0
2025-08-08T01:38:05,dask-benchmark,574afdfa-7400-4b85-8f38-1fd450e015e8,dask_R6301_81ec5021,1.0024553122930229,7.067400331329554e-08,7.05009015829697e-08,0.8,0.0,10.0,1.1143478916751013e-07,0.0,1.3922674089877142e-06,1.5037021981552243e-06,Canada,CAN,,gcp,northamerica-northeast2,Linux-6.8.0-1032-gcp-x86_64-with-glibc2.35,3.10.12,3.0.4,2,Intel(R) Xeon(R) CPU @ 2.60GHz,,,,,15.61648178100586,machine,Y,1.0
2025-08-08T01:38:07,dask-benchmark,52ca0957-732d-4489-bcc6-1c8c630d2a17,dask_R6301_81ec5021,1.00246345018968,7.0673782747808e-08,7.050010924032748e-08,0.8,0.0,10.0,1.11436707381573e-07,0.0,1.3922607978909378e-06,1.5036975052725109e-06,Canada,CAN,,gcp,northamerica-northeast2,Linux-6.8.0-1032-gcp-x86_64-with-glibc2.35,3.10.12,3.0.4,2,Intel(R) Xeon(R) CPU @ 2.60GHz,,,,,15.61648178100586,machine,Y,1.0
2025-08-08T01:38:10,dask-benchmark,ca452411-7691-437c-b41e-015f3f90e2e7,dask_R6301_81ec5021,1.002423945814371,7.067553602712643e-08,7.050463660832593e-08,0.8,0.0,10.0,1.1143674018482369e-07,0.0,1.3922980689029729e-06,1.5037348090877963e-06,Canada,CAN,,gcp,northamerica-northeast2,Linux-6.8.0-1032-gcp-x86_64-with-glibc2.35,3.10.12,3.0.4,2,Intel(R) Xeon(R) CPU @ 2.60GHz,,,,,15.61648178100586,machine,Y,1.0
2025-08-08T01:38:12,dask-benchmark,e4aedb7b-862c-4a2f-bb1b-2b7acab5c588,dask_R6301_81ec5021,1.0024972562678158,7.068410309745621e-08,7.050802648638179e-08,0.8,0.0,10.0,1.1145285868810284e-07,0.0,1.3924642284918164e-06,1.5039170871799193e-06,Canada,CAN,,gcp,northamerica-northeast2,Linux-6.8.0-1032-gcp-x86_64-with-glibc2.35,3.10.12,3.0.4,2,Intel(R) Xeon(R) CPU @ 2.60GHz,,,,,15.61648178100586,machine,Y,1.0
2025-08-08T01:38:14,dask-benchmark,55fb55b4-78d9-4e79-9c7f-7e6cc62b8930,dask_R6301_81ec5021,1.0025218380615115,7.067567789270026e-08,7.049789362130963e-08,0.8,0.0,10.0,1.1144078046911293e-07,0.0,1.3922970470351478e-06,1.5037378275042607e-06,Canada,CAN,,gcp,northamerica-northeast2,Linux-6.8.0-1032-gcp-x86_64-with-glibc2.35,3.10.12,3.0.4,2,Intel(R) Xeon(R) CPU @ 2.60GHz,,,,,15.61648178100586,machine,Y,1.0
2025-08-08T01:38:16,dask-benchmark,9651529f-937a-40a4-ba09-da228b50d3ff,dask_R6301_81ec5021,1.0025054700672626,7.067839643084962e-08,7.050175639052371e-08,0.8,0.0,10.0,1.1144581312934558e-07,0.0,1.3923498556121356e-06,1.503795668741481e-06,Canada,CAN,,gcp,northamerica-northeast2,Linux-6.8.0-1032-gcp-x86_64-with-glibc2.35,3.10.12,3.0.4,2,Intel(R) Xeon(R) CPU @ 2.60GHz,,,,,15.61648178100586,machine,Y,1.0
2025-08-08T01:38:18,dask-benchmark,cf09fa50-829c-4de6-acb8-cf5378b61c4b,dask_R6301_81ec5021,1.002539918757975,7.068212911160662e-08,7.050305707444865e-08,0.8,0.0,10.0,1.1144356264008416e-07,0.0,1.3924315248409078e-06,1.503875087480992e-06,Canada,CAN,,gcp,northamerica-northeast2,Linux-6.8.0-1032-gcp-x86_64-with-glibc2.35,3.10.12,3.0.4,2,Intel(R) Xeon(R) CPU @ 2.60GHz,,,,,15.61648178100586,machine,Y,1.0
2025-08-08T01:38:20,dask-benchmark,f39b6022-23e3-46d6-84a5-b4ae2fd2c7bf,dask_R6301_81ec5021,1.0024746707640588,7.067572624634745e-08,7.050125884226116e-08,0.8,0.0,10.0,1.1143812019791869e-07,0.0,1.3923007361073463e-06,1.503738856305265e-06,Canada,CAN,,gcp,northamerica-northeast2,Linux-6.8.0-1032-gcp-x86_64-with-glibc2.35,3.10.12,3.0.4,2,Intel(R) Xeon(R) CPU @ 2.60GHz,,,,,15.61648178100586,machine,Y,1.0
2025-08-08T01:38:22,dask-benchmark,cd97e34d-89ec-4066-88bb-9b62bb8b69df,dask_R6301_81ec5021,1.0024702390655875,7.06762317005131e-08,7.05020747213315e-08,0.8,0.0,10.0,1.114403826908933e-07,0.0,1.3923092279583215e-06,1.5037496106492148e-06,Canada,CAN,,gcp,northamerica-northeast2,Linux-6.8.0-1032-gcp-x86_64-with-glibc2.35,3.10.12,3.0.4,2,Intel(R) Xeon(R) CPU @ 2.60GHz,,,,,15.61648178100586,machine,Y,1.0
2025-08-08T01:38:25,dask-benchmark,ef5d1e78-0223-4cff-ba5b-1953fe7f1a99,dask_R6301_81ec5021,1.0026462920941412,7.069841333551125e-08,7.05118184677565e-08,0.8,0.0,10.0,1.1147313616755937e-07,0.0,1.3927484241624672e-06,1.5042215603300265e-06,Canada,CAN,,gcp,northamerica-northeast2,Linux-6.8.0-1032-gcp-x86_64-with-glibc2.35,3.10.12,3.0.4,2,Intel(R) Xeon(R) CPU @ 2.60GHz,,,,,15.61648178100586,machine,Y,1.0
2025-08-08T01:38:27,dask-benchmark,69917ad9-6ed3-42e4-9af7-0ca0a689a0e5,dask_R6301_81ec5021,1.00253022974357,7.068391460723554e-08,7.050551944485032e-08,0.8,0.0,10.0,1.114514908856816e-07,0.0,1.3924615858640108e-06,1.5039130767496925e-06,Canada,CAN,,gcp,northamerica-northeast2,Linux-6.8.0-1032-gcp-x86_64-with-glibc2.35,3.10.12,3.0.4,2,Intel(R) Xeon(R) CPU @ 2.60GHz,,,,,15.61648178100586,machine,Y,1.0
2025-08-08T01:38:29,dask-benchmark,5fe6e4c4-e020-40fe-9ec8-a381eac92ed8,dask_R6301_81ec5021,1.0026057939976454,7.06815772638139e-08,7.049787432604832e-08,0.8,0.0,10.0,1.1145799265553557e-07,0.0,1.3924053533830578e-06,1.5038633460385933e-06,Canada,CAN,,gcp,northamerica-northeast2,Linux-6.8.0-1032-gcp-x86_64-with-glibc2.35,3.10.12,3.0.4,2,Intel(R) Xeon(R) CPU @ 2.60GHz,,,,,15.61648178100586,machine,Y,1.0
2025-08-08T01:38:31,dask-benchmark,f9edfe9c-c48e-4d7a-8080-68b7a93119cc,dask_R6301_81ec5021,1.0024813329800963,7.06782542005078e-08,7.050331200721828e-08,0.8,0.0,10.0,1.1144417617470029e-07,0.0,1.3923484663892951e-06,1.5037926425639955e-06,Canada,CAN,,gcp,northamerica-northeast2,Linux-6.8.0-1032-gcp-x86_64-with-glibc2.35,3.10.12,3.0.4,2,Intel(R) Xeon(R) CPU @ 2.60GHz,,,,,15.61648178100586,machine,Y,1.0
2025-08-08T01:38:33,dask-benchmark,e80163f2-5d39-4790-9aa4-437d08a6609c,dask_R6301_81ec5021,1.0025181812234225,7.068280706942704e-08,7.050526204239939e-08,0.8,0.0,10.0,1.1144970626466808e-07,0.0,1.3924398058508006e-06,1.5038895121154688e-06,Canada,CAN,,gcp,northamerica-northeast2,Linux-6.8.0-1032-gcp-x86_64-with-glibc2.35,3.10.12,3.0.4,2,Intel(R) Xeon(R) CPU @ 2.60GHz,,,,,15.61648178100586,machine,Y,1.0
2025-08-08T01:38:35,dask-benchmark,cc2e9628-f450-47e5-804d-fdcbeb4a9cad,dask_R6301_81ec5021,1.0024858266115189,7.067754394855972e-08,7.050228748615367e-08,0.8,0.0,10.0,1.1144014458275504e-07,0.0,1.3923373862376642e-06,1.5037775308204193e-06,Canada,CAN,,gcp,northamerica-northeast2,Linux-6.8.0-1032-gcp-x86_64-with-glibc2.35,3.10.12,3.0.4,2,Intel(R) Xeon(R) CPU @ 2.60GHz,,,,,15.61648178100586,machine,Y,1.0
2025-08-08T01:38:38,dask-benchmark,73d93941-5e40-4a18-b2a9-990c869f3166,dask_R6301_81ec5021,1.0026142988353968,7.068109114964803e-08,7.049679146980932e-08,0.8,0.0,10.0,1.1144936239967744e-07,0.0,1.3924036407843234e-06,1.5038530031840008e-06,Canada,CAN,,gcp,northamerica-northeast2,Linux-6.8.0-1032-gcp-x86_64-with-glibc2.35,3.10.12,3.0.4,2,Intel(R) Xeon(R) CPU @ 2.60GHz,,,,,15.61648178100586,machine,Y,1.0
2025-08-08T01:38:40,dask-benchmark,25395bac-a161-44c7-b6fe-562af68f2760,dask_R6301_81ec5021,1.0030212830752134,7.067096353612013e-08,7.045808970219101e-08,0.8,0.0,10.0,1.1156512424349785e-07,0.0,1.3920723978016111e-06,1.503637522045109e-06,Canada,CAN,,gcp,northamerica-northeast2,Linux-6.8.0-1032-gcp-x86_64-with-glibc2.35,3.10.12,3.0.4,2,Intel(R) Xeon(R) CPU @ 2.60GHz,,,,,15.61648178100586,machine,Y,1.0
2025-08-08T01:38:42,dask-benchmark,39628e73-f73a-4a95-9713-f98b7134ff90,dask_R6301_81ec5021,1.0024827858433127,7.067969677773201e-08,7.050464883371992e-08,0.8,0.0,10.0,1.1144434909025829e-07,0.0,1.3923789866061677e-06,1.5038233356964258e-06,Canada,CAN,,gcp,northamerica-northeast2,Linux-6.8.0-1032-gcp-x86_64-with-glibc2.35,3.10.12,3.0.4,2,Intel(R) Xeon(R) CPU @ 2.60GHz,,,,,15.61648178100586,machine,Y,1.0
2025-08-08T01:38:44,dask-benchmark,4a0cb086-7214-4570-8c35-1c49260cff48,dask_R6301_81ec5021,1.0026398105546832,7.068690760169799e-08,7.050079884878338e-08,0.8,0.0,10.0,1.1146731974764004e-07,0.0,1.392509437735296e-06,1.503976757482936e-06,Canada,CAN,,gcp,northamerica-northeast2,Linux-6.8.0-1032-gcp-x86_64-with-glibc2.35,3.10.12,3.0.4,2,Intel(R) Xeon(R) CPU @ 2.60GHz,,,,,15.61648178100586,machine,Y,1.0
2025-08-08T01:38:46,dask-benchmark,c80ad22d-e31f-49b9-8d25-4dd9302a50f8,dask_R6301_81ec5021,1.0024068392813206,7.067454874360313e-08,7.050485488933169e-08,0.8,0.0,10.0,1.1143700581871801e-07,0.0,1.3922767972366678e-06,1.503713803055386e-06,Canada,CAN,,gcp,northamerica-northeast2,Linux-6.8.0-1032-gcp-x86_64-with-glibc2.35,3.10.12,3.0.4,2,Intel(R) Xeon(R) CPU @ 2.60GHz,,,,,15.61648178100586,machine,Y,1.0
2025-08-08T01:38:48,dask-benchmark,e34e758d-db17-4853-86d6-64dc703b5da5,dask_R6301_81ec5021,1.00250980630517,7.068025811435656e-08,7.050330846623266e-08,0.8,0.0,10.0,1.114467088547018e-07,0.0,1.392388570174161e-06,1.5038352790288627e-06,Canada,CAN,,gcp,northamerica-northeast2,Linux-6.8.0-1032-gcp-x86_64-with-glibc2.35,3.10.12,3.0.4,2,Intel(R) Xeon(R) CPU @ 2.60GHz,,,,,15.61648178100586,machine,Y,1.0
2025-08-08T01:38:50,dask-benchmark,37edd541-269b-47ec-bd15-1c26aa4f40d3,dask_R6301_81ec5021,1.0024139005690813,7.067579577356164e-08,7.050560226014246e-08,0.8,0.0,10.0,1.1143765795148081e-07,0.0,1.3923026776562134e-06,1.5037403356076942e-06,Canada,CAN,,gcp,northamerica-northeast2,Linux-6.8.0-1032-gcp-x86_64-with-glibc2.35,3.10.12,3.0.4,2,Intel(R) Xeon(R) CPU @ 2.60GHz,,,,,15.61648178100586,machine,Y,1.0
2025-08-08T01:38:53,dask-benchmark,247c279e-8523-479e-a4ec-293d70c92f97,dask_R6301_81ec5021,1.0024604289792478,7.067268895445808e-08,7.049923060446418e-08,0.8,0.0,10.0,1.1143839980165165e-07,0.0,1.392235833271924e-06,1.5036742330735755e-06,Canada,CAN,,gcp,northamerica-northeast2,Linux-6.8.0-1032-gcp-x86_64-with-glibc2.35,3.10.12,3.0.4,2,Intel(R) Xeon(R) CPU @ 2.60GHz,,,,,15.61648178100586,machine,Y,1.0
2025-08-08T01:38:55,dask-benchmark,fb0e6e73-5b16-46d6-af7b-4fa3497da72b,dask_R6301_81ec5021,1.0024953852407634,7.068173249691932e-08,7.050579338072875e-08,0.8,0.0,10.0,1.1144950778947937e-07,0.0,1.3924171410811443e-06,1.5038666488706235e-06,Canada,CAN,,gcp,northamerica-northeast2,Linux-6.8.0-1032-gcp-x86_64-with-glibc2.35,3.10.12,3.0.4,2,Intel(R) Xeon(R) CPU @ 2.60GHz,,,,,15.61648178100586,machine,Y,1.0
2025-08-08T01:38:57,dask-benchmark,55fe1492-2d7e-45bf-889e-8cc3facf8527,dask_R6301_81ec5021,1.0024895002134144,7.067669731714867e-08,7.050118460303347e-08,0.8,0.0,10.0,1.1144116376009253e-07,0.0,1.3923183536260494e-06,1.503759517386142e-06,Canada,CAN,,gcp,northamerica-northeast2,Linux-6.8.0-1032-gcp-x86_64-with-glibc2.35,3.10.12,3.0.4,2,Intel(R) Xeon(R) CPU @ 2.60GHz,,,,,15.61648178100586,machine,Y,1.0
2025-08-08T01:38:59,dask-benchmark,0a1faf0c-c8e1-4c89-b07b-f7b6411f4f39,dask_R6301_81ec5021,1.0025297701358795,7.068041149444049e-08,7.05020574948719e-08,0.8,0.0,10.0,1.1144524450517365e-07,0.0,1.3923932979297306e-06,1.503838542434904e-06,Canada,CAN,,gcp,northamerica-northeast2,Linux-6.8.0-1032-gcp-x86_64-with-glibc2.35,3.10.12,3.0.4,2,Intel(R) Xeon(R) CPU @ 2.60GHz,,,,,15.61648178100586,machine,Y,1.0
2025-08-08T01:39:01,dask-benchmark,62211244-e9f2-43f1-b23f-e102d5b96f26,dask_R6301_81ec5021,1.002497541718185,7.067916699597199e-08,7.05030826059031e-08,0.8,0.0,10.0,1.1144435002158089e-07,0.0,1.392367713722504e-06,1.5038120637440847e-06,Canada,CAN,,gcp,northamerica-northeast2,Linux-6.8.0-1032-gcp-x86_64-with-glibc2.35,3.10.12,3.0.4,2,Intel(R) Xeon(R) CPU @ 2.60GHz,,,,,15.61648178100586,machine,Y,1.0
2025-08-08T01:39:03,dask-benchmark,3dab4f7d-1031-4de6-bc31-cc0975a0c32b,dask_R6301_81ec5021,1.0024763820692897,7.067796546474306e-08,7.050337217805689e-08,0.8,0.0,10.0,1.1144293265210261e-07,0.0,1.3923435665977495e-06,1.5037864992498522e-06,Canada,CAN,,gcp,northamerica-northeast2,Linux-6.8.0-1032-gcp-x86_64-with-glibc2.35,3.10.12,3.0.4,2,Intel(R) Xeon(R) CPU @ 2.60GHz,,,,,15.61648178100586,machine,Y,1.0
2025-08-08T01:39:05,dask-benchmark,93964118-4c79-4bcb-99ff-a76717de1d2c,dask_R6301_81ec5021,1.0024998518638313,7.068055044430204e-08,7.050430013819346e-08,0.8,0.0,10.0,1.1144514951027104e-07,0.0,1.392396349304666e-06,1.503841498814937e-06,Canada,CAN,,gcp,northamerica-northeast2,Linux-6.8.0-1032-gcp-x86_64-with-glibc2.35,3.10.12,3.0.4,2,Intel(R) Xeon(R) CPU @ 2.60GHz,,,,,15.61648178100586,machine,Y,1.0
2025-08-08T01:39:08,dask-benchmark,eba6fbfc-0abc-44e6-8647-a1344542ccaf,dask_R6301_81ec5021,1.0025344463065269,7.068057734229498e-08,7.050189407724778e-08,0.8,0.0,10.0,1.114469622779225e-07,0.0,1.392395108834737e-06,1.5038420711126591e-06,Canada,CAN,,gcp,northamerica-northeast2,Linux-6.8.0-1032-gcp-x86_64-with-glibc2.35,3.10.12,3.0.4,2,Intel(R) Xeon(R) CPU @ 2.60GHz,,,,,15.61648178100586,machine,Y,1.0
2025-08-08T01:39:10,dask-benchmark,5d45f8df-c320-420c-958b-ad9d01fc7daa,dask_R6301_81ec5021,1.002554704900831,7.068399433822682e-08,7.050387773624646e-08,0.8,0.0,10.0,1.1145358180834189e-07,0.0,1.3924611913454202e-06,1.503914773153762e-06,Canada,CAN,,gcp,northamerica-northeast2,Linux-6.8.0-1032-gcp-x86_64-with-glibc2.35,3.10.12,3.0.4,2,Intel(R) Xeon(R) CPU @ 2.60GHz,,,,,15.61648178100586,machine,Y,1.0
2025-08-08T01:39:12,dask-benchmark,a050a538-b5d6-4822-a22d-31a6917cd00e,dask_R6301_81ec5021,1.0024932948872447,7.067772441874775e-08,7.050194228650399e-08,0.8,0.0,10.0,1.114404181846315e-07,0.0,1.392340952427023e-06,1.5037813706116544e-06,Canada,CAN,,gcp,northamerica-northeast2,Linux-6.8.0-1032-gcp-x86_64-with-glibc2.35,3.10.12,3.0.4,2,Intel(R) Xeon(R) CPU @ 2.60GHz,,,,,15.61648178100586,machine,Y,1.0
2025-08-08T01:39:14,dask-benchmark,7d526456-69b3-4763-b9be-9a9bba366902,dask_R6301_81ec5021,1.002521761227399,7.06782691827458e-08,7.050048379619569e-08,0.8,0.0,10.0,1.1144440310696764e-07,0.0,1.392348558228049e-06,1.5037929613350169e-06,Canada,CAN,,gcp,northamerica-northeast2,Linux-6.8.0-1032-gcp-x86_64-with-glibc2.35,3.10.12,3.0.4,2,Intel(R) Xeon(R) CPU @ 2.60GHz,,,,,15.61648178100586,machine,Y,1.0
2025-08-08T01:39:16,dask-benchmark,df7a0736-a791-4abf-999b-abf785b8eee5,dask_R6301_81ec5021,1.0025183600373566,7.06755208308912e-08,7.0497981531488e-08,0.8,0.0,10.0,1.1144405241227813e-07,0.0,1.3922904333513644e-06,1.5037344857636425e-06,Canada,CAN,,gcp,northamerica-northeast2,Linux-6.8.0-1032-gcp-x86_64-with-glibc2.35,3.10.12,3.0.4,2,Intel(R) Xeon(R) CPU @ 2.60GHz,,,,,15.61648178100586,machine,Y,1.0
2025-08-08T01:39:18,dask-benchmark,452cf8cd-fef5-4757-aa2a-268549551d7a,dask_R6301_81ec5021,1.0024872347712517,7.067576387581518e-08,7.05004127977171e-08,0.8,0.0,10.0,1.1144022726350361e-07,0.0,1.3922994296687344e-06,1.503739656932238e-06,Canada,CAN,,gcp,northamerica-northeast2,Linux-6.8.0-1032-gcp-x86_64-with-glibc2.35,3.10.12,3.0.4,2,Intel(R) Xeon(R) CPU @ 2.60GHz,,,,,15.61648178100586,machine,Y,1.0
2025-08-08T01:39:21,dask-benchmark,9006a6ca-0deb-44fc-881d-454d86260043,dask_R6301_81ec5021,1.0025003398768604,7.068218844477089e-08,7.050589973211674e-08,0.8,0.0,10.0,1.1145009090089137e-07,0.0,1.3924262589878509e-06,1.503876349888742e-06,Canada,CAN,,gcp,northamerica-northeast2,Linux-6.8.0-1032-gcp-x86_64-with-glibc2.35,3.10.12,3.0.4,2,Intel(R) Xeon(R) CPU @ 2.60GHz,,,,,15.61648178100586,machine,Y,1.0
2025-08-08T01:39:23,dask-benchmark,0395db3b-28e3-4943-ba42-e8348eca091a,dask_R6301_81ec5021,1.002571651246399,7.06817152652786e-08,7.050041279085338e-08,0.8,0.0,10.0,1.1145921755168173e-07,0.0,1.3924070646882886e-06,1.5038662822399704e-06,Canada,CAN,,gcp,northamerica-northeast2,Linux-6.8.0-1032-gcp-x86_64-with-glibc2.35,3.10.12,3.0.4,2,Intel(R) Xeon(R) CPU @ 2.60GHz,,,,,15.61648178100586,machine,Y,1.0
2025-08-08T01:39:25,dask-benchmark,78bad4cc-affb-4f1d-9288-07cafabb6337,dask_R6301_81ec5021,1.0024659330956638,7.068042498599324e-08,7.05065605249334e-08,0.8,0.0,10.0,1.1143949089778797e-07,0.0,1.39239933859143e-06,1.503838829489218e-06,Canada,CAN,,gcp,northamerica-northeast2,Linux-6.8.0-1032-gcp-x86_64-with-glibc2.35,3.10.12,3.0.4,2,Intel(R) Xeon(R) CPU @ 2.60GHz,,,,,15.61648178100586,machine,Y,1.0
2025-08-08T01:39:27,dask-benchmark,1e7e8999-02c6-4b6b-941a-d47fc215d816,dask_R6301_81ec5021,1.0024027624167502,7.068206362602197e-08,7.051263850830832e-08,0.8,0.0,10.0,1.1145009980019597e-07,0.0,1.3924235943704844e-06,1.5038736941706803e-06,Canada,CAN,,gcp,northamerica-northeast2,Linux-6.8.0-1032-gcp-x86_64-with-glibc2.35,3.10.12,3.0.4,2,Intel(R) Xeon(R) CPU @ 2.60GHz,,,,,15.61648178100586,machine,Y,1.0
2025-08-08T01:39:30,dask-benchmark,f83163b5-4df2-46e2-9b6d-2c87bb731b68,dask_R6301_81ec5021,1.0024728877469895,7.067868144111709e-08,7.05043321420533e-08,0.8,0.0,10.0,1.1144506041374473e-07,0.0,1.3923566723759803e-06,1.503801732789725e-06,Canada,CAN,,gcp,northamerica-northeast2,Linux-6.8.0-1032-gcp-x86_64-with-glibc2.35,3.10.12,3.0.4,2,Intel(R) Xeon(R) CPU @ 2.60GHz,,,,,15.61648178100586,machine,Y,1.0
2025-08-08T01:39:32,dask-benchmark,8ea125ae-160f-4bde-add3-0b5ad53039df,dask_R6301_81ec5021,1.0024927868507802,7.067810135298511e-08,7.050235401195505e-08,0.8,0.0,10.0,1.1144313599086473e-07,0.0,1.3923462544981804e-06,1.503789390489045e-06,Canada,CAN,,gcp,northamerica-northeast2,Linux-6.8.0-1032-gcp-x86_64-with-glibc2.35,3.10.12,3.0.4,2,Intel(R) Xeon(R) CPU @ 2.60GHz,,,,,15.61648178100586,machine,Y,1.0
2025-08-08T01:39:34,dask-benchmark,d1383c5b-ecd2-41ab-984d-caa3dd9cc266,dask_R6301_81ec5021,1.0033523910678923,7.067823542711428e-08,7.044208600718011e-08,0.8,0.0,10.0,1.1144413116077581e-07,0.0,1.3923481119693154e-06,1.5037922431300912e-06,Canada,CAN,,gcp,northamerica-northeast2,Linux-6.8.0-1032-gcp-x86_64-with-glibc2.35,3.10.12,3.0.4,2,Intel(R) Xeon(R) CPU @ 2.60GHz,,,,,15.61648178100586,machine,Y,1.0
2025-08-08T01:39:36,dask-benchmark,cc12a11d-3ee5-42e6-b213-e1d715fa4d48,dask_R6301_81ec5021,1.002561260946095,7.067926640011784e-08,7.049870083092918e-08,0.8,0.0,10.0,1.1144682847791248e-07,0.0,1.3923673502479991e-06,1.5038141787259116e-06,Canada,CAN,,gcp,northamerica-northeast2,Linux-6.8.0-1032-gcp-x86_64-with-glibc2.35,3.10.12,3.0.4,2,Intel(R) Xeon(R) CPU @ 2.60GHz,,,,,15.61648178100586,machine,Y,1.0
2025-08-08T01:39:38,dask-benchmark,c013a377-4e69-402b-a391-2a9625b14d93,dask_R6301_81ec5021,1.002524681854993,7.06835860412361e-08,7.050558187799299e-08,0.8,0.0,10.0,1.1145261685467429e-07,0.0,1.3924534691290722e-06,1.5039060859837465e-06,Canada,CAN,,gcp,northamerica-northeast2,Linux-6.8.0-1032-gcp-x86_64-with-glibc2.35,3.10.12,3.0.4,2,Intel(R) Xeon(R) CPU @ 2.60GHz,,,,,15.61648178100586,machine,Y,1.0
2025-08-08T01:39:40,dask-benchmark,6b5df4d8-6c75-4367-94ae-b1bef1ced05e,dask_R6301_81ec5021,1.002520889043808,7.067963854859897e-08,7.050191105345679e-08,0.8,0.0,10.0,1.1144737226681577e-07,0.0,1.392374724511885e-06,1.503822096778701e-06,Canada,CAN,,gcp,northamerica-northeast2,Linux-6.8.0-1032-gcp-x86_64-with-glibc2.35,3.10.12,3.0.4,2,Intel(R) Xeon(R) CPU @ 2.60GHz,,,,,15.61648178100586,machine,Y,1.0
2025-08-08T01:39:43,dask-benchmark,c01f69b2-8379-4d43-a7d7-b4b2734ef150,dask_R6301_81ec5021,1.0025201039388776,7.068529942466153e-08,7.050761291164206e-08,0.8,0.0,10.0,1.1145570201592313e-07,0.0,1.392486838934322e-06,1.5039425409502452e-06,Canada,CAN,,gcp,northamerica-northeast2,Linux-6.8.0-1032-gcp-x86_64-with-glibc2.35,3.10.12,3.0.4,2,Intel(R) Xeon(R) CPU @ 2.60GHz,,,,,15.61648178100586,machine,Y,1.0
2025-08-08T01:39:45,dask-benchmark,fb259264-9354-489c-946c-63870913fa50,dask_R6301_81ec5021,1.002451621927321,7.067557937615654e-08,7.050273332919065e-08,0.8,0.0,10.0,1.1143837393158013e-07,0.0,1.392297357476006e-06,1.503735731407586e-06,Canada,CAN,,gcp,northamerica-northeast2,Linux-6.8.0-1032-gcp-x86_64-with-glibc2.35,3.10.12,3.0.4,2,Intel(R) Xeon(R) CPU @ 2.60GHz,,,,,15.61648178100586,machine,Y,1.0
2025-08-08T01:39:47,dask-benchmark,8b9cbaf3-82a2-474a-9125-c79f5b6b1eca,dask_R6301_81ec5021,1.0024466002359986,7.067316887486314e-08,7.05006818899132e-08,0.8,0.0,10.0,1.1143577802512381e-07,0.0,1.3922486661209e-06,1.5036844441460238e-06,Canada,CAN,,gcp,northamerica-northeast2,Linux-6.8.0-1032-gcp-x86_64-with-glibc2.35,3.10.12,3.0.4,2,Intel(R) Xeon(R) CPU @ 2.60GHz,,,,,15.61648178100586,machine,Y,1.0
2025-08-08T01:39:49,dask-benchmark,973a0663-e2df-4148-a9ee-1d34be48b769,dask_R6301_81ec5021,1.002536231186241,7.06788256230868e-08,7.050002127050988e-08,0.8000072,0.0,10.0,1.1144667809771973e-07,0.0,1.3923581223934889e-06,1.5038048004912083e-06,Canada,CAN,,gcp,northamerica-northeast2,Linux-6.8.0-1032-gcp-x86_64-with-glibc2.35,3.10.12,3.0.4,2,Intel(R) Xeon(R) CPU @ 2.60GHz,,,,,15.61648178100586,machine,Y,1.0
2025-08-08T01:39:51,dask-benchmark,7ebb701f-f1d2-4c17-acc9-ae223fb35413,dask_R6301_81ec5021,1.0025338102132082,7.068084259663638e-08,7.050220339362394e-08,0.8000072,0.0,10.0,1.1144905661350146e-07,0.0,1.392398658208549e-06,1.5038477148220503e-06,Canada,CAN,,gcp,northamerica-northeast2,Linux-6.8.0-1032-gcp-x86_64-with-glibc2.35,3.10.12,3.0.4,2,Intel(R) Xeon(R) CPU @ 2.60GHz,,,,,15.61648178100586,machine,Y,1.0
2025-08-08T01:39:53,dask-benchmark,0700bd55-f6a2-4e41-8c1a-e68f42576b46,dask_R6301_81ec5021,1.0025810757651925,7.068988779766692e-08,7.050790156169146e-08,0.8,0.0,10.0,1.1146347504109145e-07,0.0,1.3925766908667154e-06,1.504040165907807e-06,Canada,CAN,,gcp,northamerica-northeast2,Linux-6.8.0-1032-gcp-x86_64-with-glibc2.35,3.10.12,3.0.4,2,Intel(R) Xeon(R) CPU @ 2.60GHz,,,,,15.61648178100586,machine,Y,1.0
2025-08-08T01:39:55,dask-benchmark,edb29707-6646-472d-b44c-0c4916fe998f,dask_R6301_81ec5021,1.0025081667117774,7.067892675976166e-08,7.050209575009073e-08,0.8,0.0,10.0,1.1144511111908489e-07,0.0,1.3923618412162695e-06,1.5038069523353545e-06,Canada,CAN,,gcp,northamerica-northeast2,Linux-6.8.0-1032-gcp-x86_64-with-glibc2.35,3.10.12,3.0.4,2,Intel(R) Xeon(R) CPU @ 2.60GHz,,,,,15.61648178100586,machine,Y,1.0
2025-08-08T01:39:58,dask-benchmark,9d50efa2-0b81-42a0-9319-461aed58f589,dask_R6301_81ec5021,1.002574173733592,7.067991373201626e-08,7.049843850336165e-08,0.8,0.0,10.0,1.1145279132243661e-07,0.0,1.39237516042259e-06,1.5038279517450266e-06,Canada,CAN,,gcp,northamerica-northeast2,Linux-6.8.0-1032-gcp-x86_64-with-glibc2.35,3.10.12,3.0.4,2,Intel(R) Xeon(R) CPU @ 2.60GHz,,,,,15.61648178100586,machine,Y,1.0
2025-08-08T01:40:00,dask-benchmark,6c731869-192d-4c9d-ad8d-b4f5294399fc,dask_R6301_81ec5021,1.0026559811085465,7.068116040207032e-08,7.049392985610532e-08,0.8,0.0,10.0,1.114552855077717e-07,0.0,1.3923991911320225e-06,1.503854476639794e-06,Canada,CAN,,gcp,northamerica-northeast2,Linux-6.8.0-1032-gcp-x86_64-with-glibc2.35,3.10.12,3.0.4,2,Intel(R) Xeon(R) CPU @ 2.60GHz,,,,,15.61648178100586,machine,Y,1.0
2025-08-08T01:40:02,dask-benchmark,b1ee8049-63bd-44d8-b87f-9e36cd951ceb,dask_R6301_81ec5021,1.002430979628116,7.067426807893855e-08,7.050287702117652e-08,0.8,0.0,10.0,1.1143011196206013e-07,0.0,1.3922777195047177e-06,1.5037078314667777e-06,Canada,CAN,,gcp,northamerica-northeast2,Linux-6.8.0-1032-gcp-x86_64-with-glibc2.35,3.10.12,3.0.4,2,Intel(R) Xeon(R) CPU @ 2.60GHz,,,,,15.61648178100586,machine,Y,1.0
2025-08-08T01:40:04,dask-benchmark,7cafa99f-154e-4bc0-bd2f-d0d905d68ab5,dask_R6301_81ec5021,1.0025412603281438,7.068204425927252e-08,7.050287809215696e-08,0.8,0.0,10.0,1.114523264889916e-07,0.0,1.3924209556231898e-06,1.5038732821121814e-06,Canada,CAN,,gcp,northamerica-northeast2,Linux-6.8.0-1032-gcp-x86_64-with-glibc2.35,3.10.12,3.0.4,2,Intel(R) Xeon(R) CPU @ 2.60GHz,,,,,15.61648178100586,machine,Y,1.0
2025-08-08T01:40:06,dask-benchmark,ea8afbfd-bce0-4e00-92b6-1f3733ec1b2a,dask_R6301_81ec5021,1.0025171851739287,7.068431230163615e-08,7.050683354557457e-08,0.8,0.0,10.0,1.114530684426427e-07,0.0,1.3924684698900416e-06,1.5039215383326842e-06,Canada,CAN,,gcp,northamerica-northeast2,Linux-6.8.0-1032-gcp-x86_64-with-glibc2.35,3.10.12,3.0.4,2,Intel(R) Xeon(R) CPU @ 2.60GHz,,,,,15.61648178100586,machine,Y,1.0
2025-08-08T01:40:08,dask-benchmark,8aca9ee2-194b-4ecc-8c51-a7d8deb59ac8,dask_R6301_81ec5021,1.0025350698269904,7.067763579516114e-08,7.049891612006963e-08,0.8000072,0.0,10.0,1.114503319160246e-07,0.0,1.392329153087404e-06,1.5037794850034287e-06,Canada,CAN,,gcp,northamerica-northeast2,Linux-6.8.0-1032-gcp-x86_64-with-glibc2.35,3.10.12,3.0.4,2,Intel(R) Xeon(R) CPU @ 2.60GHz,,,,,15.61648178100586,machine,Y,1.0
2025-08-08T01:40:10,dask-benchmark,1676979b-8cba-40fa-87cd-74320285540d,dask_R6301_81ec5021,1.0026463558897376,7.070091850383e-08,7.05143125375355e-08,0.8,0.0,10.0,1.114817677686612e-07,0.0,1.392793094014956e-06,1.5042748617836172e-06,Canada,CAN,,gcp,northamerica-northeast2,Linux-6.8.0-1032-gcp-x86_64-with-glibc2.35,3.10.12,3.0.4,2,Intel(R) Xeon(R) CPU @ 2.60GHz,,,,,15.61648178100586,machine,Y,1.0
2025-08-08T01:40:13,dask-benchmark,48708340-740f-4dc8-b7ef-7a21ad30adaa,dask_R6301_81ec5021,1.002527778968215,7.06815275337754e-08,7.05033107476779e-08,0.8,0.0,10.0,1.114495538382067e-07,0.0,1.3924127341144615e-06,1.503862287952668e-06,Canada,CAN,,gcp,northamerica-northeast2,Linux-6.8.0-1032-gcp-x86_64-with-glibc2.35,3.10.12,3.0.4,2,Intel(R) Xeon(R) CPU @ 2.60GHz,,,,,15.61648178100586,machine,Y,1.0
2025-08-08T01:40:15,dask-benchmark,9a878487-e941-46b1-93b2-18cabf815985,dask_R6301_81ec5021,1.0025283643044531,7.06824357307309e-08,7.050417549010682e-08,0.8,0.0,10.0,1.1144466408424909e-07,0.0,1.392436947207898e-06,1.503881611292147e-06,Canada,CAN,,gcp,northamerica-northeast2,Linux-6.8.0-1032-gcp-x86_64-with-glibc2.35,3.10.12,3.0.4,2,Intel(R) Xeon(R) CPU @ 2.60GHz,,,,,15.61648178100586,machine,Y,1.0
2025-08-08T01:40:17,dask-benchmark,a711d006-8eb2-4e8a-b922-938a083ba85c,dask_R6301_81ec5021,1.0026416671462357,7.068885026370277e-08,7.050260584611508e-08,0.8,0.0,10.0,1.1146829049620365e-07,0.0,1.3925498002208768e-06,1.5040180907170804e-06,Canada,CAN,,gcp,northamerica-northeast2,Linux-6.8.0-1032-gcp-x86_64-with-glibc2.35,3.10.12,3.0.4,2,Intel(R) Xeon(R) CPU @ 2.60GHz,,,,,15.61648178100586,machine,Y,1.0
2025-08-08T01:40:19,dask-benchmark,b4a0053e-bf71-4779-a461-1adbe01bbf8c,dask_R6301_81ec5021,1.0024649850092828,7.067692190724322e-08,7.05031327419269e-08,0.8,0.0,10.0,1.1144041642546657e-07,0.0,1.3923238794733253e-06,1.5037642958987918e-06,Canada,CAN,,gcp,northamerica-northeast2,Linux-6.8.0-1032-gcp-x86_64-with-glibc2.35,3.10.12,3.0.4,2,Intel(R) Xeon(R) CPU @ 2.60GHz,,,,,15.61648178100586,machine,Y,1.0
2025-08-08T01:40:21,dask-benchmark,bb41dfb1-0f50-4514-b96d-43fc6cffb601,dask_R6301_81ec5021,1.002441427204758,7.606178099627199e-08,7.58765339620543e-08,1.6214057,0.0,10.0,2.258746935350364e-07,0.0,1.3924610723430912e-06,1.6183357658781276e-06,Canada,CAN,,gcp,northamerica-northeast2,Linux-6.8.0-1032-gcp-x86_64-with-glibc2.35,3.10.12,3.0.4,2,Intel(R) Xeon(R) CPU @ 2.60GHz,,,,,15.61648178100586,machine,Y,1.0
2025-08-08T01:40:23,dask-benchmark,b88f90ea-421f-47c6-b68c-af323f2972ff,dask_R6301_81ec5021,1.002419264987111,7.65525324680946e-08,7.636777857524407e-08,1.7000000000000002,0.0,10.0,2.3673018321601882e-07,0.0,1.3920471033391853e-06,1.6287772865552042e-06,Canada,CAN,,gcp,northamerica-northeast2,Linux-6.8.0-1032-gcp-x86_64-with-glibc2.35,3.10.12,3.0.4,2,Intel(R) Xeon(R) CPU @ 2.60GHz,,,,,15.61648178100586,machine,Y,1.0
2025-08-08T01:40:26,dask-benchmark,30a5dbef-a6b8-4c41-8bed-7a8710d284ec,dask_R6301_81ec5021,1.0025840979069471,7.067669144438372e-08,7.049452668552446e-08,0.8,0.0,10.0,1.1145038437098267e-07,0.0,1.3923090080627135e-06,1.5037593924336963e-06,Canada,CAN,,gcp,northamerica-northeast2,Linux-6.8.0-1032-gcp-x86_64-with-glibc2.35,3.10.12,3.0.4,2,Intel(R) Xeon(R) CPU @ 2.60GHz,,,,,15.61648178100586,machine,Y,1.0
2025-08-08T01:40:31,dask-benchmark,1fff7586-8014-48a8-9107-02a7dcb477c8,dask_R6301_81ec5021,1.0025932979770005,7.067900482741083e-08,7.049618720773875e-08,0.8,0.0,10.0,1.114551191114717e-07,0.0,1.3923534942376945e-06,1.5038086133491662e-06,Canada,CAN,,gcp,northamerica-northeast2,Linux-6.8.0-1032-gcp-x86_64-with-glibc2.35,3.10.12,3.0.4,2,Intel(R) Xeon(R) CPU @ 2.60GHz,,,,,15.61648178100586,machine,Y,1.0
2025-08-08T01:40:34,dask-benchmark,fb95aa50-bf89-460d-b2a0-38ae28990ba7,dask_R6301_81ec5021,1.00247753970325,7.067690897743322e-08,7.050223688637928e-08,0.8,0.0,10.0,1.1144077643338178e-07,0.0,1.3923232443630697e-06,1.5037640207964516e-06,Canada,CAN,,gcp,northamerica-northeast2,Linux-6.8.0-1032-gcp-x86_64-with-glibc2.35,3.10.12,3.0.4,2,Intel(R) Xeon(R) CPU @ 2.60GHz,,,,,15.61648178100586,machine,Y,1.0
