timestamp,project_name,run_id,experiment_id,duration,emissions,emissions_rate,cpu_power,gpu_power,ram_power,cpu_energy,gpu_energy,ram_energy,energy_consumed,country_name,country_iso_code,region,cloud_provider,cloud_region,os,python_version,codecarbon_version,cpu_count,cpu_model,gpu_count,gpu_model,longitude,latitude,ram_total_size,tracking_mode,on_cloud,pue
2025-08-08T00:08:50,dask-benchmark,9083112b-df21-485b-b317-aef8a2752e8e,dask_R6301_81ec5021,1.0030977400019765,7.076191150355671e-08,7.054338643352669e-08,0.8,0.0,10.0,1.1157708904809421e-07,0.0,1.3939954961339634e-06,1.5055725851820577e-06,Canada,CAN,,gcp,northamerica-northeast2,Linux-6.8.0-1032-gcp-x86_64-with-glibc2.35,3.10.12,3.0.4,2,Intel(R) Xeon(R) CPU @ 2.60GHz,,,,,15.61648178100586,machine,Y,1.0
2025-08-08T00:08:52,dask-benchmark,fea12fa4-0b93-41d6-8200-6d329fbf1508,dask_R6301_81ec5021,1.0030102538876235,7.075383678249396e-08,7.054148899101999e-08,0.8,0.0,10.0,1.1156033486541777e-07,0.0,1.3938404477408364e-06,1.5054007826062542e-06,Canada,CAN,,gcp,northamerica-northeast2,Linux-6.8.0-1032-gcp-x86_64-with-glibc2.35,3.10.12,3.0.4,2,Intel(R) Xeon(R) CPU @ 2.60GHz,,,,,15.61648178100586,machine,Y,1.0
2025-08-08T00:10:32,dask-benchmark,d4d0fefb-8cc1-4ad9-b26e-f63b7289c8a4,dask_R6301_81ec5021,1.0033739698119462,7.07965605734951e-08,7.055849833015291e-08,0.8,0.0,10.0,1.1162074996779365e-07,0.0,1.3946890494682724e-06,1.506309799436066e-06,Canada,CAN,,gcp,northamerica-northeast2,Linux-6.8.0-1032-gcp-x86_64-with-glibc2.35,3.10.12,3.0.4,2,Intel(R) Xeon(R) CPU @ 2.60GHz,,,,,15.61648178100586,machine,Y,1.0
2025-08-08T00:10:34,dask-benchmark,064f25c7-34dc-4fd8-a95f-645f0cf20905,dask_R6301_81ec5021,1.0031263073906302,7.077246067704015e-08,7.055189377012363e-08,0.8,0.0,10.0,1.1159362695697285e-07,0.0,1.394203408724732e-06,1.5057970356817048e-06,Canada,CAN,,gcp,northamerica-northeast2,Linux-6.8.0-1032-gcp-x86_64-with-glibc2.35,3.10.12,3.0.4,2,Intel(R) Xeon(R) CPU @ 2.60GHz,,,,,15.61648178100586,machine,Y,1.0
2025-08-08T00:17:10,dask-benchmark,17f8319c-be9e-4c85-ae8f-03bd0dc74086,dask_R6301_81ec5021,1.003390444908291,7.080177347310301e-08,7.056253508530694e-08,0.8,0.0,10.0,1.11638098437753e-07,0.0,1.394782613755928e-06,1.5064207121936811e-06,Canada,CAN,,gcp,northamerica-northeast2,Linux-6.8.0-1032-gcp-x86_64-with-glibc2.35,3.10.12,3.0.4,2,Intel(R) Xeon(R) CPU @ 2.60GHz,,,,,15.61648178100586,machine,Y,1.0
2025-08-08T00:17:12,dask-benchmark,808023c9-53c9-4260-93da-409d28dd8411,dask_R6301_81ec5021,1.0032080109231174,7.078150092686215e-08,7.05551592054488e-08,0.8,0.0,10.0,1.1160101462155581e-07,0.0,1.3943883668010432e-06,1.505989381422599e-06,Canada,CAN,,gcp,northamerica-northeast2,Linux-6.8.0-1032-gcp-x86_64-with-glibc2.35,3.10.12,3.0.4,2,Intel(R) Xeon(R) CPU @ 2.60GHz,,,,,15.61648178100586,machine,Y,1.0
2025-08-08T00:17:14,dask-benchmark,4bc0b03d-5878-4d70-9e8d-50f7861b321d,dask_R6301_81ec5021,1.0030375393107531,7.075317287553723e-08,7.053890816903616e-08,0.8,0.0,10.0,1.1156493911726608e-07,0.0,1.393821717809058e-06,1.505386656926324e-06,Canada,CAN,,gcp,northamerica-northeast2,Linux-6.8.0-1032-gcp-x86_64-with-glibc2.35,3.10.12,3.0.4,2,Intel(R) Xeon(R) CPU @ 2.60GHz,,,,,15.61648178100586,machine,Y,1.0
2025-08-08T00:17:16,dask-benchmark,6ae195d5-8961-4dae-b89b-1801c885c046,dask_R6301_81ec5021,1.003145040012896,7.075790304845822e-08,7.053606430387034e-08,0.8,0.0,10.0,1.1158154604749549e-07,0.0,1.3939057528558705e-06,1.505487298903366e-06,Canada,CAN,,gcp,northamerica-northeast2,Linux-6.8.0-1032-gcp-x86_64-with-glibc2.35,3.10.12,3.0.4,2,Intel(R) Xeon(R) CPU @ 2.60GHz,,,,,15.61648178100586,machine,Y,1.0
2025-08-08T00:17:18,dask-benchmark,652e4c45-bd87-43fb-bcb1-28c07e4c554b,dask_R6301_81ec5021,1.0027820668183267,7.072622980213622e-08,7.053001059994987e-08,0.8,0.0,10.0,1.11513189247085e-07,0.0,1.3933002107983662e-06,1.5048134000454512e-06,Canada,CAN,,gcp,northamerica-northeast2,Linux-6.8.0-1032-gcp-x86_64-with-glibc2.35,3.10.12,3.0.4,2,Intel(R) Xeon(R) CPU @ 2.60GHz,,,,,15.61648178100586,machine,Y,1.0
2025-08-08T00:17:20,dask-benchmark,c47f3a9c-ae7b-4ee8-8b24-fe6a56fffe96,dask_R6301_81ec5021,1.0031487829983234,7.07793283102413e-08,7.055715912717167e-08,0.8,0.0,10.0,1.1159527798493704e-07,0.0,1.394347877552112e-06,1.505943155537049e-06,Canada,CAN,,gcp,northamerica-northeast2,Linux-6.8.0-1032-gcp-x86_64-with-glibc2.35,3.10.12,3.0.4,2,Intel(R) Xeon(R) CPU @ 2.60GHz,,,,,15.61648178100586,machine,Y,1.0
2025-08-08T00:17:22,dask-benchmark,8d7233bc-8150-4358-9722-066b50301bf3,dask_R6301_81ec5021,1.003141927998513,7.07732842794309e-08,7.05516161812108e-08,0.8,0.0,10.0,1.1159069494654737e-07,0.0,1.3942238641902803e-06,1.5058145591368276e-06,Canada,CAN,,gcp,northamerica-northeast2,Linux-6.8.0-1032-gcp-x86_64-with-glibc2.35,3.10.12,3.0.4,2,Intel(R) Xeon(R) CPU @ 2.60GHz,,,,,15.61648178100586,machine,Y,1.0
2025-08-08T00:17:24,dask-benchmark,513f23a0-6182-42a4-a878-9df1c6efc6c5,dask_R6301_81ec5021,1.0030572568066418,7.075730545146186e-08,7.054164153771898e-08,0.8,0.0,10.0,1.1157149842215908e-07,0.0,1.393903085651497e-06,1.5054745840736562e-06,Canada,CAN,,gcp,northamerica-northeast2,Linux-6.8.0-1032-gcp-x86_64-with-glibc2.35,3.10.12,3.0.4,2,Intel(R) Xeon(R) CPU @ 2.60GHz,,,,,15.61648178100586,machine,Y,1.0
2025-08-08T00:17:27,dask-benchmark,d9f98aae-0566-4cee-abf9-05429823519d,dask_R6301_81ec5021,1.0030495929531753,7.075792568839258e-08,7.054279886607334e-08,0.8,0.0,10.0,1.1156786129706436e-07,0.0,1.3939199193070332e-06,1.5054877806040975e-06,Canada,CAN,,gcp,northamerica-northeast2,Linux-6.8.0-1032-gcp-x86_64-with-glibc2.35,3.10.12,3.0.4,2,Intel(R) Xeon(R) CPU @ 2.60GHz,,,,,15.61648178100586,machine,Y,1.0
2025-08-08T00:17:29,dask-benchmark,d5ae93ec-3fc9-468b-a7a9-35c5af784c28,dask_R6301_81ec5021,1.0027764020487666,7.07153061529518e-08,7.051951562529171e-08,0.8,0.0,10.0,1.114939923087756e-07,0.0,1.3930869896689222e-06,1.5045809819776978e-06,Canada,CAN,,gcp,northamerica-northeast2,Linux-6.8.0-1032-gcp-x86_64-with-glibc2.35,3.10.12,3.0.4,2,Intel(R) Xeon(R) CPU @ 2.60GHz,,,,,15.61648178100586,machine,Y,1.0
2025-08-08T00:17:31,dask-benchmark,642812e6-c0f6-4724-b09a-c1f3a945ce92,dask_R6301_81ec5021,1.0030480260029435,7.0750182329884e-08,7.053518923896111e-08,0.8,0.0,10.0,1.1156399237612885e-07,0.0,1.3937590359192756e-06,1.5053230282954043e-06,Canada,CAN,,gcp,northamerica-northeast2,Linux-6.8.0-1032-gcp-x86_64-with-glibc2.35,3.10.12,3.0.4,2,Intel(R) Xeon(R) CPU @ 2.60GHz,,,,,15.61648178100586,machine,Y,1.0
2025-08-08T00:17:33,dask-benchmark,9455d3c0-d651-4d6f-b129-2cf750901095,dask_R6301_81ec5021,1.0029987348243594,7.075240381812263e-08,7.054087045335354e-08,0.8,0.0,10.0,1.1156158625251717e-07,0.0,1.393808707750092e-06,1.5053702940026091e-06,Canada,CAN,,gcp,northamerica-northeast2,Linux-6.8.0-1032-gcp-x86_64-with-glibc2.35,3.10.12,3.0.4,2,Intel(R) Xeon(R) CPU @ 2.60GHz,,,,,15.61648178100586,machine,Y,1.0
2025-08-08T00:17:35,dask-benchmark,aa59c2eb-50c0-474a-b5a3-39edb263dfbf,dask_R6301_81ec5021,1.0027370946481824,7.071654913398542e-08,7.05235195859557e-08,0.8,0.0,10.0,1.1150295442591112e-07,0.0,1.393104473956757e-06,1.504607428382668e-06,Canada,CAN,,gcp,northamerica-northeast2,Linux-6.8.0-1032-gcp-x86_64-with-glibc2.35,3.10.12,3.0.4,2,Intel(R) Xeon(R) CPU @ 2.60GHz,,,,,15.61648178100586,machine,Y,1.0
2025-08-08T00:17:37,dask-benchmark,71092300-dd1a-4ce3-aefe-017b094eff49,dask_R6301_81ec5021,1.0033738440833986,7.080911895969055e-08,7.05710233301687e-08,0.8,0.0,10.0,1.1164636330472105e-07,0.0,1.3949306358376311e-06,1.506576999142352e-06,Canada,CAN,,gcp,northamerica-northeast2,Linux-6.8.0-1032-gcp-x86_64-with-glibc2.35,3.10.12,3.0.4,2,Intel(R) Xeon(R) CPU @ 2.60GHz,,,,,15.61648178100586,machine,Y,1.0
2025-08-08T00:17:39,dask-benchmark,a38f82de-f232-4f43-9f53-77d5f20542dc,dask_R6301_81ec5021,1.0033966042101383,7.080927819239219e-08,7.056958125559176e-08,0.8000072,0.0,10.0,1.11643097452149e-07,0.0,1.3949372896200252e-06,1.5065803870721742e-06,Canada,CAN,,gcp,northamerica-northeast2,Linux-6.8.0-1032-gcp-x86_64-with-glibc2.35,3.10.12,3.0.4,2,Intel(R) Xeon(R) CPU @ 2.60GHz,,,,,15.61648178100586,machine,Y,1.0
2025-08-08T00:17:42,dask-benchmark,1a4ea75a-78be-4177-985d-bbc1393b57ed,dask_R6301_81ec5021,1.0033972570672631,7.080818324706828e-08,7.05684441016183e-08,0.8,0.0,10.0,1.116488424854147e-07,0.0,1.3949082478777404e-06,1.5065570903631549e-06,Canada,CAN,,gcp,northamerica-northeast2,Linux-6.8.0-1032-gcp-x86_64-with-glibc2.35,3.10.12,3.0.4,2,Intel(R) Xeon(R) CPU @ 2.60GHz,,,,,15.61648178100586,machine,Y,1.0
2025-08-08T00:17:44,dask-benchmark,f11966fe-9f52-41fd-8400-90683f77bec4,dask_R6301_81ec5021,1.003366100601852,7.08068829925938e-08,7.056933949644253e-08,0.8,0.0,10.0,1.1164031746900745e-07,0.0,1.3948891079053285e-06,1.5065294253743358e-06,Canada,CAN,,gcp,northamerica-northeast2,Linux-6.8.0-1032-gcp-x86_64-with-glibc2.35,3.10.12,3.0.4,2,Intel(R) Xeon(R) CPU @ 2.60GHz,,,,,15.61648178100586,machine,Y,1.0
2025-08-08T00:17:46,dask-benchmark,91e2c252-3933-4c96-b8e8-d7bcb49ae12f,dask_R6301_81ec5021,1.0031972080469131,7.078138642618432e-08,7.055580483919603e-08,0.8,0.0,10.0,1.116052128167616e-07,0.0,1.3943817324212028e-06,1.5059869452379644e-06,Canada,CAN,,gcp,northamerica-northeast2,Linux-6.8.0-1032-gcp-x86_64-with-glibc2.35,3.10.12,3.0.4,2,Intel(R) Xeon(R) CPU @ 2.60GHz,,,,,15.61648178100586,machine,Y,1.0
2025-08-08T00:17:48,dask-benchmark,ebc50550-8c08-48fb-b4fb-198736a77ad4,dask_R6301_81ec5021,1.0032087522558868,7.077289639972149e-08,7.05465300622393e-08,0.8,0.0,10.0,1.1159807805799777e-07,0.0,1.3942082283190554e-06,1.5058063063770532e-06,Canada,CAN,,gcp,northamerica-northeast2,Linux-6.8.0-1032-gcp-x86_64-with-glibc2.35,3.10.12,3.0.4,2,Intel(R) Xeon(R) CPU @ 2.60GHz,,,,,15.61648178100586,machine,Y,1.0
2025-08-08T00:17:50,dask-benchmark,71666400-2222-4b40-b1d6-f29ee505d9bb,dask_R6301_81ec5021,1.0029652528464794,7.074375214581361e-08,7.053459922468735e-08,0.8000072,0.0,10.0,1.115467216690691e-07,0.0,1.3936394941993058e-06,1.5051862158683749e-06,Canada,CAN,,gcp,northamerica-northeast2,Linux-6.8.0-1032-gcp-x86_64-with-glibc2.35,3.10.12,3.0.4,2,Intel(R) Xeon(R) CPU @ 2.60GHz,,,,,15.61648178100586,machine,Y,1.0
2025-08-08T00:17:52,dask-benchmark,5ca70d91-5c5e-48fc-919d-56f70473a256,dask_R6301_81ec5021,1.0030014351941643,7.075152765752542e-08,7.053980699821142e-08,0.8,0.0,10.0,1.1155288511266312e-07,0.0,1.3937987671751111e-06,1.5053516522877743e-06,Canada,CAN,,gcp,northamerica-northeast2,Linux-6.8.0-1032-gcp-x86_64-with-glibc2.35,3.10.12,3.0.4,2,Intel(R) Xeon(R) CPU @ 2.60GHz,,,,,15.61648178100586,machine,Y,1.0
2025-08-08T00:17:54,dask-benchmark,818a07c9-6db8-4694-af62-9fb7e138f9e5,dask_R6301_81ec5021,1.002705584745854,7.071791372624123e-08,7.052709668926939e-08,0.8,0.0,10.0,1.1149843223392964e-07,0.0,1.393138030026522e-06,1.5046364622604515e-06,Canada,CAN,,gcp,northamerica-northeast2,Linux-6.8.0-1032-gcp-x86_64-with-glibc2.35,3.10.12,3.0.4,2,Intel(R) Xeon(R) CPU @ 2.60GHz,,,,,15.61648178100586,machine,Y,1.0
2025-08-08T00:17:57,dask-benchmark,3ab440af-1295-4adc-991e-ef9d12a3d04c,dask_R6301_81ec5021,1.0032280310988426,7.077819882069405e-08,7.055045974260726e-08,0.8,0.0,10.0,1.116043742125233e-07,0.0,1.3943147496320308e-06,1.505919123844554e-06,Canada,CAN,,gcp,northamerica-northeast2,Linux-6.8.0-1032-gcp-x86_64-with-glibc2.35,3.10.12,3.0.4,2,Intel(R) Xeon(R) CPU @ 2.60GHz,,,,,15.61648178100586,machine,Y,1.0
2025-08-08T00:17:59,dask-benchmark,68a334cd-1a2c-4402-b328-70a3620c3ef4,dask_R6301_81ec5021,1.0031375507824123,7.077790158826651e-08,7.05565269020806e-08,0.8,0.0,10.0,1.115946921830376e-07,0.0,1.3943181075673135e-06,1.5059127997503511e-06,Canada,CAN,,gcp,northamerica-northeast2,Linux-6.8.0-1032-gcp-x86_64-with-glibc2.35,3.10.12,3.0.4,2,Intel(R) Xeon(R) CPU @ 2.60GHz,,,,,15.61648178100586,machine,Y,1.0
2025-08-08T00:18:01,dask-benchmark,d6efd488-ffb9-408f-a7aa-5682bbe6f48d,dask_R6301_81ec5021,1.0031287521123886,7.07594921335371e-08,7.053879373363764e-08,0.8,0.0,10.0,1.1158268505500422e-07,0.0,1.3939384241691897e-06,1.5055211092241938e-06,Canada,CAN,,gcp,northamerica-northeast2,Linux-6.8.0-1032-gcp-x86_64-with-glibc2.35,3.10.12,3.0.4,2,Intel(R) Xeon(R) CPU @ 2.60GHz,,,,,15.61648178100586,machine,Y,1.0
2025-08-08T00:18:03,dask-benchmark,6e15604e-2df6-43a5-89db-3756de5f27e6,dask_R6301_81ec5021,1.0030552772805097,7.075485761251509e-08,7.053934036850508e-08,0.8,0.0,10.0,1.1156694911834269e-07,0.0,1.393855553275595e-06,1.5054225023939378e-06,Canada,CAN,,gcp,northamerica-northeast2,Linux-6.8.0-1032-gcp-x86_64-with-glibc2.35,3.10.12,3.0.4,2,Intel(R) Xeon(R) CPU @ 2.60GHz,,,,,15.61648178100586,machine,Y,1.0
2025-08-08T00:18:05,dask-benchmark,09592ff8-920a-4a29-9b37-f63c2245bb91,dask_R6301_81ec5021,1.0028249439783394,7.072485463647172e-08,7.052562370048042e-08,0.8,0.0,10.0,1.115170492687159e-07,0.0,1.39326709193281e-06,1.504784141201526e-06,Canada,CAN,,gcp,northamerica-northeast2,Linux-6.8.0-1032-gcp-x86_64-with-glibc2.35,3.10.12,3.0.4,2,Intel(R) Xeon(R) CPU @ 2.60GHz,,,,,15.61648178100586,machine,Y,1.0
2025-08-08T00:18:07,dask-benchmark,acb67f3e-f858-4791-a937-3f1707c21782,dask_R6301_81ec5021,1.0030081495642662,7.075324348489651e-08,7.054104546970395e-08,0.8,0.0,10.0,1.1155500687244865e-07,0.0,1.3938331523806686e-06,1.5053881592531171e-06,Canada,CAN,,gcp,northamerica-northeast2,Linux-6.8.0-1032-gcp-x86_64-with-glibc2.35,3.10.12,3.0.4,2,Intel(R) Xeon(R) CPU @ 2.60GHz,,,,,15.61648178100586,machine,Y,1.0
2025-08-08T00:18:09,dask-benchmark,f6197e97-56c7-41e9-84ce-444382ca5af9,dask_R6301_81ec5021,1.0031018601730466,7.076190675184546e-08,7.054309194445936e-08,0.8,0.0,10.0,1.115769362077117e-07,0.0,1.3939955478741064e-06,1.505572484081818e-06,Canada,CAN,,gcp,northamerica-northeast2,Linux-6.8.0-1032-gcp-x86_64-with-glibc2.35,3.10.12,3.0.4,2,Intel(R) Xeon(R) CPU @ 2.60GHz,,,,,15.61648178100586,machine,Y,1.0
2025-08-08T00:18:11,dask-benchmark,4fdf4d1d-3e58-4ea0-899d-a41e989b71bc,dask_R6301_81ec5021,1.002813006285578,7.072266832516302e-08,7.052428307359112e-08,0.8000072,0.0,10.0,1.1151519280479189e-07,0.0,1.3932224311348466e-06,1.5047376239396384e-06,Canada,CAN,,gcp,northamerica-northeast2,Linux-6.8.0-1032-gcp-x86_64-with-glibc2.35,3.10.12,3.0.4,2,Intel(R) Xeon(R) CPU @ 2.60GHz,,,,,15.61648178100586,machine,Y,1.0
2025-08-08T00:18:14,dask-benchmark,48a61eb3-9aa5-4663-a0b5-3e5e940a5930,dask_R6301_81ec5021,1.0034504691138864,7.081483524158184e-08,7.057133104349043e-08,0.8,0.0,10.0,1.1165521997544501e-07,0.0,1.3950434021858709e-06,1.5066986221613155e-06,Canada,CAN,,gcp,northamerica-northeast2,Linux-6.8.0-1032-gcp-x86_64-with-glibc2.35,3.10.12,3.0.4,2,Intel(R) Xeon(R) CPU @ 2.60GHz,,,,,15.61648178100586,machine,Y,1.0
2025-08-08T00:18:16,dask-benchmark,fd03e8c1-54a1-49b3-835d-b9cd94b91e8e,dask_R6301_81ec5021,1.0034720320254564,7.081399355885675e-08,7.056897581482402e-08,0.8,0.0,10.0,1.116699611561166e-07,0.0,1.3950107528621125e-06,1.5066807140182288e-06,Canada,CAN,,gcp,northamerica-northeast2,Linux-6.8.0-1032-gcp-x86_64-with-glibc2.35,3.10.12,3.0.4,2,Intel(R) Xeon(R) CPU @ 2.60GHz,,,,,15.61648178100586,machine,Y,1.0
2025-08-08T00:18:18,dask-benchmark,8770940e-1f6f-4084-bd44-b3bb3f3cf532,dask_R6301_81ec5021,1.00338006997481,7.081097284688927e-08,7.057243308477013e-08,0.8,0.0,10.0,1.1164739841802257e-07,0.0,1.3949690451328125e-06,1.506616443550835e-06,Canada,CAN,,gcp,northamerica-northeast2,Linux-6.8.0-1032-gcp-x86_64-with-glibc2.35,3.10.12,3.0.4,2,Intel(R) Xeon(R) CPU @ 2.60GHz,,,,,15.61648178100586,machine,Y,1.0
2025-08-08T00:18:20,dask-benchmark,1ca01a9b-0cbb-42ac-afff-bcaefd2d52da,dask_R6301_81ec5021,1.0044000586494803,7.08180732944877e-08,7.05078346866187e-08,0.8,0.0,10.0,1.1166483991675908e-07,0.0,1.395102676987234e-06,1.5067675169039932e-06,Canada,CAN,,gcp,northamerica-northeast2,Linux-6.8.0-1032-gcp-x86_64-with-glibc2.35,3.10.12,3.0.4,2,Intel(R) Xeon(R) CPU @ 2.60GHz,,,,,15.61648178100586,machine,Y,1.0
2025-08-08T00:18:22,dask-benchmark,732ee7f7-7eaf-4101-bd25-22333b0e08da,dask_R6301_81ec5021,1.0034059849567711,7.079437622836689e-08,7.055407012687578e-08,0.8,0.0,10.0,1.116301939926214e-07,0.0,1.3946331300151844e-06,1.506263324007806e-06,Canada,CAN,,gcp,northamerica-northeast2,Linux-6.8.0-1032-gcp-x86_64-with-glibc2.35,3.10.12,3.0.4,2,Intel(R) Xeon(R) CPU @ 2.60GHz,,,,,15.61648178100586,machine,Y,1.0
2025-08-08T00:18:24,dask-benchmark,04824e4e-b9c2-47a6-883e-dd3a474cb469,dask_R6301_81ec5021,1.003297086339444,7.07801256444719e-08,7.054752436560448e-08,0.8,0.0,10.0,1.1161145091884669e-07,0.0,1.3943486691763004e-06,1.505960120095147e-06,Canada,CAN,,gcp,northamerica-northeast2,Linux-6.8.0-1032-gcp-x86_64-with-glibc2.35,3.10.12,3.0.4,2,Intel(R) Xeon(R) CPU @ 2.60GHz,,,,,15.61648178100586,machine,Y,1.0
2025-08-08T00:18:26,dask-benchmark,d9b5565e-daf9-4dfa-b8df-28b81c199ca0,dask_R6301_81ec5021,1.0030503789894285,7.075836452688493e-08,7.054318108944229e-08,0.8000072,0.0,10.0,1.115658865974922e-07,0.0,1.3939312309958042e-06,1.5054971175932964e-06,Canada,CAN,,gcp,northamerica-northeast2,Linux-6.8.0-1032-gcp-x86_64-with-glibc2.35,3.10.12,3.0.4,2,Intel(R) Xeon(R) CPU @ 2.60GHz,,,,,15.61648178100586,machine,Y,1.0
2025-08-08T00:18:29,dask-benchmark,ef5259a3-ca70-4690-b6c0-812c0a4e618f,dask_R6301_81ec5021,1.0030147437937558,7.07504487637327e-08,7.053779538287696e-08,0.8,0.0,10.0,1.115494915801618e-07,0.0,1.393779205520534e-06,1.5053286971006955e-06,Canada,CAN,,gcp,northamerica-northeast2,Linux-6.8.0-1032-gcp-x86_64-with-glibc2.35,3.10.12,3.0.4,2,Intel(R) Xeon(R) CPU @ 2.60GHz,,,,,15.61648178100586,machine,Y,1.0
2025-08-08T00:18:31,dask-benchmark,5c8e181d-6e0e-48b3-99dc-9e9b3bf58bde,dask_R6301_81ec5021,1.0028694672510028,7.072268555323696e-08,7.052032977641364e-08,0.8,0.0,10.0,1.1151476514836152e-07,0.0,1.393223225346042e-06,1.5047379904944035e-06,Canada,CAN,,gcp,northamerica-northeast2,Linux-6.8.0-1032-gcp-x86_64-with-glibc2.35,3.10.12,3.0.4,2,Intel(R) Xeon(R) CPU @ 2.60GHz,,,,,15.61648178100586,machine,Y,1.0
2025-08-08T00:18:33,dask-benchmark,a09267dd-c5cc-4e49-b9a0-4b9310ee339f,dask_R6301_81ec5021,1.003299102187157,7.078853851277383e-08,7.055576782482643e-08,0.8,0.0,10.0,1.116172169438667e-07,0.0,1.3945219003491931e-06,1.5061391172930598e-06,Canada,CAN,,gcp,northamerica-northeast2,Linux-6.8.0-1032-gcp-x86_64-with-glibc2.35,3.10.12,3.0.4,2,Intel(R) Xeon(R) CPU @ 2.60GHz,,,,,15.61648178100586,machine,Y,1.0
2025-08-08T00:18:35,dask-benchmark,a9b58785-3dda-4193-be11-1f78480f4e58,dask_R6301_81ec5021,1.0032417140901089,7.078150511196711e-08,7.055279312838628e-08,0.8,0.0,10.0,1.1160500616663037e-07,0.0,1.394384464300755e-06,1.5059894704673854e-06,Canada,CAN,,gcp,northamerica-northeast2,Linux-6.8.0-1032-gcp-x86_64-with-glibc2.35,3.10.12,3.0.4,2,Intel(R) Xeon(R) CPU @ 2.60GHz,,,,,15.61648178100586,machine,Y,1.0
2025-08-08T00:18:37,dask-benchmark,27b377a9-1cc5-4aa9-9774-9309dd46010a,dask_R6301_81ec5021,1.0031037712469697,7.076089382756297e-08,7.054194775840518e-08,0.8,0.0,10.0,1.1158070495973033e-07,0.0,1.393970227541609e-06,1.5055509325013392e-06,Canada,CAN,,gcp,northamerica-northeast2,Linux-6.8.0-1032-gcp-x86_64-with-glibc2.35,3.10.12,3.0.4,2,Intel(R) Xeon(R) CPU @ 2.60GHz,,,,,15.61648178100586,machine,Y,1.0
2025-08-08T00:18:39,dask-benchmark,bfc1e077-3395-4de1-81fa-00cf82be3dd8,dask_R6301_81ec5021,1.0030555669218302,7.07560180246623e-08,7.054047687686722e-08,0.8,0.0,10.0,1.1156540519247453e-07,0.0,1.393881786821617e-06,1.5054471920140916e-06,Canada,CAN,,gcp,northamerica-northeast2,Linux-6.8.0-1032-gcp-x86_64-with-glibc2.35,3.10.12,3.0.4,2,Intel(R) Xeon(R) CPU @ 2.60GHz,,,,,15.61648178100586,machine,Y,1.0
2025-08-08T00:18:41,dask-benchmark,523e93e9-104a-4009-88f8-5437cd72c104,dask_R6301_81ec5021,1.0027962233871222,7.072306400977285e-08,7.052585795635842e-08,0.8,0.0,10.0,1.1150697846379545e-07,0.0,1.3932390642973286e-06,1.504746042761124e-06,Canada,CAN,,gcp,northamerica-northeast2,Linux-6.8.0-1032-gcp-x86_64-with-glibc2.35,3.10.12,3.0.4,2,Intel(R) Xeon(R) CPU @ 2.60GHz,,,,,15.61648178100586,machine,Y,1.0
2025-08-08T00:18:43,dask-benchmark,e6d43039-1f7e-4c50-bc14-4b2568976a4d,dask_R6301_81ec5021,1.003091273829341,7.074975736067781e-08,7.0531724486634e-08,0.8000072,0.0,10.0,1.115702694409736e-07,0.0,1.393743716956427e-06,1.5053139863974005e-06,Canada,CAN,,gcp,northamerica-northeast2,Linux-6.8.0-1032-gcp-x86_64-with-glibc2.35,3.10.12,3.0.4,2,Intel(R) Xeon(R) CPU @ 2.60GHz,,,,,15.61648178100586,machine,Y,1.0
2025-08-08T00:18:46,dask-benchmark,db128ac6-0ba2-49ce-8264-af8569b9db09,dask_R6301_81ec5021,1.0029979101382196,7.075305903630538e-08,7.054158171332097e-08,0.8,0.0,10.0,1.1155901290476325e-07,0.0,1.393825221910245e-06,1.505384234815008e-06,Canada,CAN,,gcp,northamerica-northeast2,Linux-6.8.0-1032-gcp-x86_64-with-glibc2.35,3.10.12,3.0.4,2,Intel(R) Xeon(R) CPU @ 2.60GHz,,,,,15.61648178100586,machine,Y,1.0
2025-08-08T00:18:48,dask-benchmark,b0452853-3966-4923-8689-b10139f832c1,dask_R6301_81ec5021,1.0027334480546417,7.071852452783949e-08,7.052574606445747e-08,0.8,0.0,10.0,1.1149889137595897e-07,0.0,1.3931505666631793e-06,1.5046494580391382e-06,Canada,CAN,,gcp,northamerica-northeast2,Linux-6.8.0-1032-gcp-x86_64-with-glibc2.35,3.10.12,3.0.4,2,Intel(R) Xeon(R) CPU @ 2.60GHz,,,,,15.61648178100586,machine,Y,1.0
2025-08-08T00:18:50,dask-benchmark,549b6436-d541-4a78-a0e2-98e4054f5e5d,dask_R6301_81ec5021,1.0035171378403902,7.081434530464725e-08,7.056615441271148e-08,0.8,0.0,10.0,1.116567813894815e-07,0.0,1.3950314165817363e-06,1.506688197971218e-06,Canada,CAN,,gcp,northamerica-northeast2,Linux-6.8.0-1032-gcp-x86_64-with-glibc2.35,3.10.12,3.0.4,2,Intel(R) Xeon(R) CPU @ 2.60GHz,,,,,15.61648178100586,machine,Y,1.0
2025-08-08T00:18:52,dask-benchmark,b3fde5aa-e0a1-470a-86e0-95b332afd6e0,dask_R6301_81ec5021,1.003502395004034,7.081695446589341e-08,7.056979118182246e-08,0.8,0.0,10.0,1.1165560895784037e-07,0.0,1.3950881030824448e-06,1.5067437120402852e-06,Canada,CAN,,gcp,northamerica-northeast2,Linux-6.8.0-1032-gcp-x86_64-with-glibc2.35,3.10.12,3.0.4,2,Intel(R) Xeon(R) CPU @ 2.60GHz,,,,,15.61648178100586,machine,Y,1.0
2025-08-08T00:18:54,dask-benchmark,d5e4005f-5363-4fff-a1f8-a4643197f8fe,dask_R6301_81ec5021,1.003621966112405,7.083647741387701e-08,7.058083601763593e-08,0.8,0.0,10.0,1.1169403025673497e-07,0.0,1.395465063655542e-06,1.5071590939122768e-06,Canada,CAN,,gcp,northamerica-northeast2,Linux-6.8.0-1032-gcp-x86_64-with-glibc2.35,3.10.12,3.0.4,2,Intel(R) Xeon(R) CPU @ 2.60GHz,,,,,15.61648178100586,machine,Y,1.0
2025-08-08T00:18:56,dask-benchmark,fb53d491-47ca-49a4-ace0-f62d404ff89f,dask_R6301_81ec5021,1.0034229401499033,7.081008413584076e-08,7.056853227340238e-08,0.8,0.0,10.0,1.116502464024557e-07,0.0,1.3949472884026667e-06,1.5065975348051225e-06,Canada,CAN,,gcp,northamerica-northeast2,Linux-6.8.0-1032-gcp-x86_64-with-glibc2.35,3.10.12,3.0.4,2,Intel(R) Xeon(R) CPU @ 2.60GHz,,,,,15.61648178100586,machine,Y,1.0
2025-08-08T00:18:58,dask-benchmark,da632b8f-2701-4bf0-8e66-d4e651bc8896,dask_R6301_81ec5021,1.0032020886428654,7.077905233649329e-08,7.055313494436937e-08,0.8,0.0,10.0,1.116041366217865e-07,0.0,1.39433314713339e-06,1.5059372837551766e-06,Canada,CAN,,gcp,northamerica-northeast2,Linux-6.8.0-1032-gcp-x86_64-with-glibc2.35,3.10.12,3.0.4,2,Intel(R) Xeon(R) CPU @ 2.60GHz,,,,,15.61648178100586,machine,Y,1.0
2025-08-08T00:19:01,dask-benchmark,4d713e75-db33-494c-abe8-a6c7fed7fad0,dask_R6301_81ec5021,1.003240929916501,7.078855184626041e-08,7.055987224539581e-08,0.8,0.0,10.0,1.1161020398139953e-07,0.0,1.3945291970028643e-06,1.506139400984264e-06,Canada,CAN,,gcp,northamerica-northeast2,Linux-6.8.0-1032-gcp-x86_64-with-glibc2.35,3.10.12,3.0.4,2,Intel(R) Xeon(R) CPU @ 2.60GHz,,,,,15.61648178100586,machine,Y,1.0
2025-08-08T00:19:03,dask-benchmark,7e0f0017-2548-4ea3-ae60-b8fc39a2d34c,dask_R6301_81ec5021,1.0031917709857223,7.076982288880069e-08,7.05446604882566e-08,0.8,0.0,10.0,1.1158873171856008e-07,0.0,1.3941521808091135e-06,1.5057409125276738e-06,Canada,CAN,,gcp,northamerica-northeast2,Linux-6.8.0-1032-gcp-x86_64-with-glibc2.35,3.10.12,3.0.4,2,Intel(R) Xeon(R) CPU @ 2.60GHz,,,,,15.61648178100586,machine,Y,1.0
2025-08-08T00:19:05,dask-benchmark,b8cad9fb-61d5-4859-949a-ebfab03f573f,dask_R6301_81ec5021,1.0028199031949043,7.073325042354029e-08,7.053435038354324e-08,0.8000072,0.0,10.0,1.115173994382715e-07,0.0,1.3934453755306702e-06,1.5049627749689418e-06,Canada,CAN,,gcp,northamerica-northeast2,Linux-6.8.0-1032-gcp-x86_64-with-glibc2.35,3.10.12,3.0.4,2,Intel(R) Xeon(R) CPU @ 2.60GHz,,,,,15.61648178100586,machine,Y,1.0
2025-08-08T00:19:07,dask-benchmark,23b98ed8-7934-4084-a645-c314e730c32b,dask_R6301_81ec5021,1.0027026762254536,7.071449408695722e-08,7.052389084384707e-08,0.8,0.0,10.0,1.1149226222187284e-07,0.0,1.3930714417559404e-06,1.5045637039778133e-06,Canada,CAN,,gcp,northamerica-northeast2,Linux-6.8.0-1032-gcp-x86_64-with-glibc2.35,3.10.12,3.0.4,2,Intel(R) Xeon(R) CPU @ 2.60GHz,,,,,15.61648178100586,machine,Y,1.0
2025-08-08T00:19:09,dask-benchmark,369f5a3f-e41f-4660-918e-159b3829e750,dask_R6301_81ec5021,1.0031719696708024,7.077749149507205e-08,7.055369730705112e-08,0.8000072,0.0,10.0,1.1159509117014553e-07,0.0,1.3943089831930896e-06,1.505904074363235e-06,Canada,CAN,,gcp,northamerica-northeast2,Linux-6.8.0-1032-gcp-x86_64-with-glibc2.35,3.10.12,3.0.4,2,Intel(R) Xeon(R) CPU @ 2.60GHz,,,,,15.61648178100586,machine,Y,1.0
2025-08-08T00:19:11,dask-benchmark,2c3c95c7-3b5f-47d9-bffe-2a1616f8d4ed,dask_R6301_81ec5021,1.003170583862811,7.077752812175702e-08,7.055383128283218e-08,0.8,0.0,10.0,1.1159226287984186e-07,0.0,1.3943125907745628e-06,1.5059048536544047e-06,Canada,CAN,,gcp,northamerica-northeast2,Linux-6.8.0-1032-gcp-x86_64-with-glibc2.35,3.10.12,3.0.4,2,Intel(R) Xeon(R) CPU @ 2.60GHz,,,,,15.61648178100586,machine,Y,1.0
2025-08-08T00:19:13,dask-benchmark,d7274d08-b7f1-4193-95be-d57dc3f4b259,dask_R6301_81ec5021,1.0025502569042146,7.069402859546243e-08,7.051419927192407e-08,0.8,0.0,10.0,1.1146122331006661e-07,0.0,1.392667044678496e-06,1.5041282679885625e-06,Canada,CAN,,gcp,northamerica-northeast2,Linux-6.8.0-1032-gcp-x86_64-with-glibc2.35,3.10.12,3.0.4,2,Intel(R) Xeon(R) CPU @ 2.60GHz,,,,,15.61648178100586,machine,Y,1.0
2025-08-08T00:19:16,dask-benchmark,9f7b9c5e-8b73-4583-9240-fef954bb41b2,dask_R6301_81ec5021,1.0032261540181937,7.076859527179559e-08,7.054101907964432e-08,0.8,0.0,10.0,1.1159234080049729e-07,0.0,1.39412245221643e-06,1.5057147930169271e-06,Canada,CAN,,gcp,northamerica-northeast2,Linux-6.8.0-1032-gcp-x86_64-with-glibc2.35,3.10.12,3.0.4,2,Intel(R) Xeon(R) CPU @ 2.60GHz,,,,,15.61648178100586,machine,Y,1.0
2025-08-08T00:19:18,dask-benchmark,f427bf74-e26e-4236-97c2-23166e67d2f5,dask_R6301_81ec5021,1.0027831522747874,7.072338184429746e-08,7.052709420163605e-08,0.8,0.0,10.0,1.1150887732704481e-07,0.0,1.3932439278707736e-06,1.5047528051978184e-06,Canada,CAN,,gcp,northamerica-northeast2,Linux-6.8.0-1032-gcp-x86_64-with-glibc2.35,3.10.12,3.0.4,2,Intel(R) Xeon(R) CPU @ 2.60GHz,,,,,15.61648178100586,machine,Y,1.0
2025-08-08T00:19:20,dask-benchmark,58fc6e6b-0c43-4ab7-bac1-1561bcb1259f,dask_R6301_81ec5021,1.0031102411448956,7.076386868819183e-08,7.054445841109727e-08,0.8,0.0,10.0,1.1157993910213313e-07,0.0,1.3940342883062032e-06,1.5056142274083365e-06,Canada,CAN,,gcp,northamerica-northeast2,Linux-6.8.0-1032-gcp-x86_64-with-glibc2.35,3.10.12,3.0.4,2,Intel(R) Xeon(R) CPU @ 2.60GHz,,,,,15.61648178100586,machine,Y,1.0
2025-08-08T00:19:22,dask-benchmark,025037cc-cdfb-42da-baf6-4171f3ca389e,dask_R6301_81ec5021,1.003026601858437,7.075693493714145e-08,7.054342806665436e-08,0.8,0.0,10.0,1.1156288172221848e-07,0.0,1.3939038190680249e-06,1.5054667007902431e-06,Canada,CAN,,gcp,northamerica-northeast2,Linux-6.8.0-1032-gcp-x86_64-with-glibc2.35,3.10.12,3.0.4,2,Intel(R) Xeon(R) CPU @ 2.60GHz,,,,,15.61648178100586,machine,Y,1.0
2025-08-08T00:19:24,dask-benchmark,34b8950f-478f-4171-ad20-aeebb54ea861,dask_R6301_81ec5021,1.0037032668478787,7.072429682836972e-08,7.046335223205834e-08,0.8,0.0,10.0,1.115090253038539e-07,0.0,1.3932632476401825e-06,1.5047722729440364e-06,Canada,CAN,,gcp,northamerica-northeast2,Linux-6.8.0-1032-gcp-x86_64-with-glibc2.35,3.10.12,3.0.4,2,Intel(R) Xeon(R) CPU @ 2.60GHz,,,,,15.61648178100586,machine,Y,1.0
2025-08-08T00:19:26,dask-benchmark,18103709-e2f3-4763-a8a7-7fe404cb6c5f,dask_R6301_81ec5021,1.0035657291300597,7.082180801551375e-08,7.057017389075812e-08,0.8,0.0,10.0,1.1167800871448385e-07,0.0,1.3951689703390005e-06,1.5068469790534842e-06,Canada,CAN,,gcp,northamerica-northeast2,Linux-6.8.0-1032-gcp-x86_64-with-glibc2.35,3.10.12,3.0.4,2,Intel(R) Xeon(R) CPU @ 2.60GHz,,,,,15.61648178100586,machine,Y,1.0
2025-08-08T00:19:28,dask-benchmark,19bce6c0-565d-4004-8d4c-935dd0d1f707,dask_R6301_81ec5021,1.003613632172346,7.083285467906132e-08,7.057781242542697e-08,0.8,0.0,10.0,1.116950396034453e-07,0.0,1.3953869748446676e-06,1.507082014448113e-06,Canada,CAN,,gcp,northamerica-northeast2,Linux-6.8.0-1032-gcp-x86_64-with-glibc2.35,3.10.12,3.0.4,2,Intel(R) Xeon(R) CPU @ 2.60GHz,,,,,15.61648178100586,machine,Y,1.0
2025-08-08T00:19:30,dask-benchmark,d12a8aa6-05ee-4618-b341-9a050b9e91bb,dask_R6301_81ec5021,1.0035824868828058,7.082451787218451e-08,7.05716956980489e-08,0.8,0.0,10.0,1.1167478261308541e-07,0.0,1.395229852965309e-06,1.506904635578394e-06,Canada,CAN,,gcp,northamerica-northeast2,Linux-6.8.0-1032-gcp-x86_64-with-glibc2.35,3.10.12,3.0.4,2,Intel(R) Xeon(R) CPU @ 2.60GHz,,,,,15.61648178100586,machine,Y,1.0
2025-08-08T00:19:33,dask-benchmark,d553e983-0904-415e-9e7e-e13bc0e2fdcd,dask_R6301_81ec5021,1.0034587578848004,7.081772025498665e-08,7.057362317935613e-08,0.8,0.0,10.0,1.116533535015252e-07,0.0,1.3951066519237228e-06,1.506760005425248e-06,Canada,CAN,,gcp,northamerica-northeast2,Linux-6.8.0-1032-gcp-x86_64-with-glibc2.35,3.10.12,3.0.4,2,Intel(R) Xeon(R) CPU @ 2.60GHz,,,,,15.61648178100586,machine,Y,1.0
2025-08-08T00:19:35,dask-benchmark,28617048-64ba-4499-9a40-a808dc1c5401,dask_R6301_81ec5021,1.0033267242833972,7.078912058767552e-08,7.055440553348661e-08,0.8,0.0,10.0,1.1163172932962577e-07,0.0,1.394519772535811e-06,1.5061515018654369e-06,Canada,CAN,,gcp,northamerica-northeast2,Linux-6.8.0-1032-gcp-x86_64-with-glibc2.35,3.10.12,3.0.4,2,Intel(R) Xeon(R) CPU @ 2.60GHz,,,,,15.61648178100586,machine,Y,1.0
2025-08-08T00:19:37,dask-benchmark,1d1df80d-9984-4628-ab6e-fcc6e87aef84,dask_R6301_81ec5021,1.0031826691702008,7.077948776736028e-08,7.055493475172047e-08,0.8,0.0,10.0,1.1160722850925396e-07,0.0,1.394339319732454e-06,1.505946548241708e-06,Canada,CAN,,gcp,northamerica-northeast2,Linux-6.8.0-1032-gcp-x86_64-with-glibc2.35,3.10.12,3.0.4,2,Intel(R) Xeon(R) CPU @ 2.60GHz,,,,,15.61648178100586,machine,Y,1.0
2025-08-08T00:19:39,dask-benchmark,62140c41-5843-4f15-ba00-b6a755e86fcf,dask_R6301_81ec5021,1.0030177850276232,7.074822275941254e-08,7.053536219944905e-08,0.8000072,0.0,10.0,1.1155790177979589e-07,0.0,1.3937234335268535e-06,1.5052813353066496e-06,Canada,CAN,,gcp,northamerica-northeast2,Linux-6.8.0-1032-gcp-x86_64-with-glibc2.35,3.10.12,3.0.4,2,Intel(R) Xeon(R) CPU @ 2.60GHz,,,,,15.61648178100586,machine,Y,1.0
2025-08-08T00:19:41,dask-benchmark,7c91bed0-e249-4f65-b6b0-d05b35bf9705,dask_R6301_81ec5021,1.0028995461761951,7.07464263501784e-08,7.054188689177976e-08,0.8,0.0,10.0,1.1154494113806222e-07,0.0,1.3936981726955208e-06,1.505243113833583e-06,Canada,CAN,,gcp,northamerica-northeast2,Linux-6.8.0-1032-gcp-x86_64-with-glibc2.35,3.10.12,3.0.4,2,Intel(R) Xeon(R) CPU @ 2.60GHz,,,,,15.61648178100586,machine,Y,1.0
2025-08-08T00:19:43,dask-benchmark,f1d81dd7-4599-40ac-a80a-a925ca0e2477,dask_R6301_81ec5021,1.0027232323773203,7.071257910111714e-08,7.052053529613273e-08,0.8,0.0,10.0,1.114924895680613e-07,0.0,1.3930304700301754e-06,1.5045229595982366e-06,Canada,CAN,,gcp,northamerica-northeast2,Linux-6.8.0-1032-gcp-x86_64-with-glibc2.35,3.10.12,3.0.4,2,Intel(R) Xeon(R) CPU @ 2.60GHz,,,,,15.61648178100586,machine,Y,1.0
2025-08-08T00:19:45,dask-benchmark,7a64af50-1022-4bec-b205-10b94d35d7a0,dask_R6301_81ec5021,1.0033274441957474,7.08022239932066e-08,7.05674148582277e-08,0.8,0.0,10.0,1.1163245296726625e-07,0.0,1.394797844760534e-06,1.5064302977278e-06,Canada,CAN,,gcp,northamerica-northeast2,Linux-6.8.0-1032-gcp-x86_64-with-glibc2.35,3.10.12,3.0.4,2,Intel(R) Xeon(R) CPU @ 2.60GHz,,,,,15.61648178100586,machine,Y,1.0
2025-08-08T00:19:48,dask-benchmark,7b11f29c-912d-40e3-84ca-f748924e94b5,dask_R6301_81ec5021,1.003265376202762,7.079230313261766e-08,7.056189200962753e-08,0.8,0.0,10.0,1.1161594351546632e-07,0.0,1.394603272072143e-06,1.5062192155876094e-06,Canada,CAN,,gcp,northamerica-northeast2,Linux-6.8.0-1032-gcp-x86_64-with-glibc2.35,3.10.12,3.0.4,2,Intel(R) Xeon(R) CPU @ 2.60GHz,,,,,15.61648178100586,machine,Y,1.0
2025-08-08T00:19:50,dask-benchmark,7ec402d1-6bd8-45ff-bc04-9643d76bf4d7,dask_R6301_81ec5021,1.0030470369383693,7.075330683294063e-08,7.053837380239224e-08,0.8,0.0,10.0,1.1156531868295537e-07,0.0,1.3938241884008875e-06,1.505389507083843e-06,Canada,CAN,,gcp,northamerica-northeast2,Linux-6.8.0-1032-gcp-x86_64-with-glibc2.35,3.10.12,3.0.4,2,Intel(R) Xeon(R) CPU @ 2.60GHz,,,,,15.61648178100586,machine,Y,1.0
2025-08-08T00:19:52,dask-benchmark,a9e7d543-c7d6-4a44-bbf0-6bd5ea1eff6c,dask_R6301_81ec5021,1.0030516749247909,7.075447217675132e-08,7.053920944008843e-08,0.8,0.0,10.0,1.1157379309750268e-07,0.0,1.3938405085355045e-06,1.505414301633007e-06,Canada,CAN,,gcp,northamerica-northeast2,Linux-6.8.0-1032-gcp-x86_64-with-glibc2.35,3.10.12,3.0.4,2,Intel(R) Xeon(R) CPU @ 2.60GHz,,,,,15.61648178100586,machine,Y,1.0
2025-08-08T00:19:54,dask-benchmark,4796ede4-870f-4dc7-9299-973d83950895,dask_R6301_81ec5021,1.002715096343309,7.071442783292799e-08,7.05229512259351e-08,0.8,0.0,10.0,1.1149712476051517e-07,0.0,1.3930651695571014e-06,1.5045622943176166e-06,Canada,CAN,,gcp,northamerica-northeast2,Linux-6.8.0-1032-gcp-x86_64-with-glibc2.35,3.10.12,3.0.4,2,Intel(R) Xeon(R) CPU @ 2.60GHz,,,,,15.61648178100586,machine,Y,1.0
2025-08-08T00:19:56,dask-benchmark,efcd6758-cc09-418e-9577-fb696a1df1d5,dask_R6301_81ec5021,1.0031574317254126,7.076345065675884e-08,7.054072313958437e-08,0.8,0.0,10.0,1.1158583861672217e-07,0.0,1.3940194945058065e-06,1.5056053331225284e-06,Canada,CAN,,gcp,northamerica-northeast2,Linux-6.8.0-1032-gcp-x86_64-with-glibc2.35,3.10.12,3.0.4,2,Intel(R) Xeon(R) CPU @ 2.60GHz,,,,,15.61648178100586,machine,Y,1.0
2025-08-08T00:19:58,dask-benchmark,1f5d0d39-7d53-489a-8367-21271e161602,dask_R6301_81ec5021,1.0031080669723451,7.075393341440295e-08,7.053470682172628e-08,0.8,0.0,10.0,1.1156428843322729e-07,0.0,1.3938385501710905e-06,1.5054028386043175e-06,Canada,CAN,,gcp,northamerica-northeast2,Linux-6.8.0-1032-gcp-x86_64-with-glibc2.35,3.10.12,3.0.4,2,Intel(R) Xeon(R) CPU @ 2.60GHz,,,,,15.61648178100586,machine,Y,1.0
2025-08-08T00:20:00,dask-benchmark,5d9288c6-b64e-4a85-bc2c-5b218f4385ae,dask_R6301_81ec5021,1.0029829433187842,7.072685986105354e-08,7.051651309943959e-08,0.8,0.0,10.0,1.1153540739582648e-07,0.0,1.3932913981585038e-06,1.5048268055543302e-06,Canada,CAN,,gcp,northamerica-northeast2,Linux-6.8.0-1032-gcp-x86_64-with-glibc2.35,3.10.12,3.0.4,2,Intel(R) Xeon(R) CPU @ 2.60GHz,,,,,15.61648178100586,machine,Y,1.0
2025-08-08T00:20:03,dask-benchmark,b3872233-d940-4b61-998a-8a51fbc9ebc1,dask_R6301_81ec5021,1.003547600004822,7.082699651943729e-08,7.05766189058665e-08,0.8,0.0,10.0,1.11672664889031e-07,0.0,1.3952847078649531e-06,1.5069573727539844e-06,Canada,CAN,,gcp,northamerica-northeast2,Linux-6.8.0-1032-gcp-x86_64-with-glibc2.35,3.10.12,3.0.4,2,Intel(R) Xeon(R) CPU @ 2.60GHz,,,,,15.61648178100586,machine,Y,1.0
2025-08-08T00:20:05,dask-benchmark,fa6c6898-229f-438e-adbb-f71853984541,dask_R6301_81ec5021,1.0034848363138735,7.081390097344087e-08,7.056798310332558e-08,0.8,0.0,10.0,1.1165252741840152e-07,0.0,1.3950262166973618e-06,1.5066787441157632e-06,Canada,CAN,,gcp,northamerica-northeast2,Linux-6.8.0-1032-gcp-x86_64-with-glibc2.35,3.10.12,3.0.4,2,Intel(R) Xeon(R) CPU @ 2.60GHz,,,,,15.61648178100586,machine,Y,1.0
2025-08-08T00:20:07,dask-benchmark,b712e9c1-692f-4212-84bb-2c287fe9f6f7,dask_R6301_81ec5021,1.0035827769897878,7.081856090663415e-08,7.056573959853319e-08,0.8,0.0,10.0,1.1167331578003037e-07,0.0,1.3951045758504835e-06,1.5067778916305138e-06,Canada,CAN,,gcp,northamerica-northeast2,Linux-6.8.0-1032-gcp-x86_64-with-glibc2.35,3.10.12,3.0.4,2,Intel(R) Xeon(R) CPU @ 2.60GHz,,,,,15.61648178100586,machine,Y,1.0
2025-08-08T00:20:09,dask-benchmark,b412c22f-94c5-4eee-9264-7fa2b0c1cd4e,dask_R6301_81ec5021,1.003396249841899,7.08077657846734e-08,7.056809888997524e-08,0.8,0.0,10.0,1.1164799425750973e-07,0.0,1.3949002139270306e-06,1.5065482081845404e-06,Canada,CAN,,gcp,northamerica-northeast2,Linux-6.8.0-1032-gcp-x86_64-with-glibc2.35,3.10.12,3.0.4,2,Intel(R) Xeon(R) CPU @ 2.60GHz,,,,,15.61648178100586,machine,Y,1.0
2025-08-08T00:20:11,dask-benchmark,024f7d43-c9f8-4f03-805f-0f23f6e604c4,dask_R6301_81ec5021,1.0032585868611932,7.078068680357603e-08,7.05507909232268e-08,0.8,0.0,10.0,1.1160161822206444e-07,0.0,1.3943704414284892e-06,1.5059720596505535e-06,Canada,CAN,,gcp,northamerica-northeast2,Linux-6.8.0-1032-gcp-x86_64-with-glibc2.35,3.10.12,3.0.4,2,Intel(R) Xeon(R) CPU @ 2.60GHz,,,,,15.61648178100586,machine,Y,1.0
2025-08-08T00:20:13,dask-benchmark,e26244cc-5e67-448f-bebe-478e6f78adca,dask_R6301_81ec5021,1.003269948065281,7.078675305118992e-08,7.055603846970202e-08,0.8,0.0,10.0,1.116137623579967e-07,0.0,1.394487366390725e-06,1.5061011287487216e-06,Canada,CAN,,gcp,northamerica-northeast2,Linux-6.8.0-1032-gcp-x86_64-with-glibc2.35,3.10.12,3.0.4,2,Intel(R) Xeon(R) CPU @ 2.60GHz,,,,,15.61648178100586,machine,Y,1.0
2025-08-08T00:20:15,dask-benchmark,b3cb3080-b0fd-4105-b223-a930dd6926ba,dask_R6301_81ec5021,1.0030126790516078,7.075599989082873e-08,7.054347504134405e-08,0.8,0.0,10.0,1.115594922254483e-07,0.0,1.3938873139623969e-06,1.505446806187845e-06,Canada,CAN,,gcp,northamerica-northeast2,Linux-6.8.0-1032-gcp-x86_64-with-glibc2.35,3.10.12,3.0.4,2,Intel(R) Xeon(R) CPU @ 2.60GHz,,,,,15.61648178100586,machine,Y,1.0
2025-08-08T00:20:18,dask-benchmark,3bb672b5-8d10-4326-8348-df286a362d77,dask_R6301_81ec5021,1.0030537289567292,7.074749130740141e-08,7.05321053748392e-08,0.8,0.0,10.0,1.1155121887309685e-07,0.0,1.3937145536248057e-06,1.5052657724979024e-06,Canada,CAN,,gcp,northamerica-northeast2,Linux-6.8.0-1032-gcp-x86_64-with-glibc2.35,3.10.12,3.0.4,2,Intel(R) Xeon(R) CPU @ 2.60GHz,,,,,15.61648178100586,machine,Y,1.0
2025-08-08T00:20:20,dask-benchmark,e5dbc9b9-e1d4-43f1-99c0-0f6fcd8ff82b,dask_R6301_81ec5021,1.0026558642275631,7.071312943633855e-08,7.052582242743406e-08,0.8,0.0,10.0,1.11484882939193e-07,0.0,1.3930497859190736e-06,1.5045346688582666e-06,Canada,CAN,,gcp,northamerica-northeast2,Linux-6.8.0-1032-gcp-x86_64-with-glibc2.35,3.10.12,3.0.4,2,Intel(R) Xeon(R) CPU @ 2.60GHz,,,,,15.61648178100586,machine,Y,1.0
2025-08-08T00:20:22,dask-benchmark,2445474c-ce00-4601-9f73-2966806603a3,dask_R6301_81ec5021,1.004878370091319,7.968848808290941e-08,7.930162540533902e-08,2.1333896,0.0,10.0,2.9861262953461226e-07,0.0,1.396887116910269e-06,1.6954997464448812e-06,Canada,CAN,,gcp,northamerica-northeast2,Linux-6.8.0-1032-gcp-x86_64-with-glibc2.35,3.10.12,3.0.4,2,Intel(R) Xeon(R) CPU @ 2.60GHz,,,,,15.61648178100586,machine,Y,1.0
2025-08-08T00:20:24,dask-benchmark,405dac97-a798-4d8d-97eb-ca9f2f690c1a,dask_R6301_81ec5021,1.0030304780229926,7.084327038930057e-08,7.06292300598234e-08,0.8121331448000003,0.0,10.0,1.1325704483358293e-07,0.0,1.3940465804706845e-06,1.5073036253042674e-06,Canada,CAN,,gcp,northamerica-northeast2,Linux-6.8.0-1032-gcp-x86_64-with-glibc2.35,3.10.12,3.0.4,2,Intel(R) Xeon(R) CPU @ 2.60GHz,,,,,15.61648178100586,machine,Y,1.0
2025-08-08T00:20:26,dask-benchmark,23f5886c-433d-4c55-a8ba-72d04a9c6d4f,dask_R6301_81ec5021,1.0029741199687123,7.075425814304295e-08,7.054445048417612e-08,0.8,0.0,10.0,1.1156260222196581e-07,0.0,1.3938471455023525e-06,1.505409747724318e-06,Canada,CAN,,gcp,northamerica-northeast2,Linux-6.8.0-1032-gcp-x86_64-with-glibc2.35,3.10.12,3.0.4,2,Intel(R) Xeon(R) CPU @ 2.60GHz,,,,,15.61648178100586,machine,Y,1.0
2025-08-08T00:20:28,dask-benchmark,311a7be2-d343-4dda-9721-5ebfa5c0584d,dask_R6301_81ec5021,1.0029582842253149,7.075098986059635e-08,7.054230567051393e-08,0.8,0.0,10.0,1.1155465317683089e-07,0.0,1.3937855566230914e-06,1.5053402097999223e-06,Canada,CAN,,gcp,northamerica-northeast2,Linux-6.8.0-1032-gcp-x86_64-with-glibc2.35,3.10.12,3.0.4,2,Intel(R) Xeon(R) CPU @ 2.60GHz,,,,,15.61648178100586,machine,Y,1.0
2025-08-08T00:20:30,dask-benchmark,b9b82be9-1fc3-406a-abff-100c14de8057,dask_R6301_81ec5021,1.002753933891654,7.071637557007168e-08,7.052216219748329e-08,0.8,0.0,10.0,1.1150214997016721e-07,0.0,1.3931015855632722e-06,1.5046037355334394e-06,Canada,CAN,,gcp,northamerica-northeast2,Linux-6.8.0-1032-gcp-x86_64-with-glibc2.35,3.10.12,3.0.4,2,Intel(R) Xeon(R) CPU @ 2.60GHz,,,,,15.61648178100586,machine,Y,1.0
2025-08-08T00:20:33,dask-benchmark,8c9aaf84-c501-4c05-8b93-55e1589ac0e5,dask_R6301_81ec5021,1.0033369599841535,7.078904783834392e-08,7.05536132541773e-08,0.8,0.0,10.0,1.1163032893091441e-07,0.0,1.394519625076403e-06,1.5061499540073175e-06,Canada,CAN,,gcp,northamerica-northeast2,Linux-6.8.0-1032-gcp-x86_64-with-glibc2.35,3.10.12,3.0.4,2,Intel(R) Xeon(R) CPU @ 2.60GHz,,,,,15.61648178100586,machine,Y,1.0
2025-08-08T00:20:35,dask-benchmark,e6bdf065-1988-4820-9724-39605dab99fa,dask_R6301_81ec5021,1.0030548856593668,7.075505749417311e-08,7.053956718197096e-08,0.8000072,0.0,10.0,1.1156649227305761e-07,0.0,1.393860262922115e-06,1.5054267551951729e-06,Canada,CAN,,gcp,northamerica-northeast2,Linux-6.8.0-1032-gcp-x86_64-with-glibc2.35,3.10.12,3.0.4,2,Intel(R) Xeon(R) CPU @ 2.60GHz,,,,,15.61648178100586,machine,Y,1.0
2025-08-08T00:20:37,dask-benchmark,c7f1ac95-bcbd-47b7-88ee-8481b1d90370,dask_R6301_81ec5021,1.0028903847560289,7.072287514019343e-08,7.05190479589632e-08,0.8,0.0,10.0,1.1152726618780041e-07,0.0,1.3932147580716344e-06,1.5047420242594347e-06,Canada,CAN,,gcp,northamerica-northeast2,Linux-6.8.0-1032-gcp-x86_64-with-glibc2.35,3.10.12,3.0.4,2,Intel(R) Xeon(R) CPU @ 2.60GHz,,,,,15.61648178100586,machine,Y,1.0
2025-08-08T00:20:39,dask-benchmark,63acddb3-0e0e-49d1-95e2-edc0ecfa142a,dask_R6301_81ec5021,1.0034132027067244,7.081401725040415e-08,7.057313682875818e-08,0.8000072,0.0,10.0,1.11653040444922e-07,0.0,1.3950281776487828e-06,1.5066812180937049e-06,Canada,CAN,,gcp,northamerica-northeast2,Linux-6.8.0-1032-gcp-x86_64-with-glibc2.35,3.10.12,3.0.4,2,Intel(R) Xeon(R) CPU @ 2.60GHz,,,,,15.61648178100586,machine,Y,1.0
2025-08-08T00:20:41,dask-benchmark,e1e76156-f7fd-444b-b84e-62988ce5e93c,dask_R6301_81ec5021,1.003381886985153,7.080966225975296e-08,7.057099911631226e-08,0.8,0.0,10.0,1.1164161438743277e-07,0.0,1.3949469443307156e-06,1.5065885587181483e-06,Canada,CAN,,gcp,northamerica-northeast2,Linux-6.8.0-1032-gcp-x86_64-with-glibc2.35,3.10.12,3.0.4,2,Intel(R) Xeon(R) CPU @ 2.60GHz,,,,,15.61648178100586,machine,Y,1.0
2025-08-08T00:20:43,dask-benchmark,3d8a44d8-e511-4d97-b71b-6c0b54ee0276,dask_R6301_81ec5021,1.0034227105788889,7.081312134018582e-08,7.057157526296443e-08,0.8,0.0,10.0,1.1164973727944825e-07,0.0,1.395012418894718e-06,1.5066621561741663e-06,Canada,CAN,,gcp,northamerica-northeast2,Linux-6.8.0-1032-gcp-x86_64-with-glibc2.35,3.10.12,3.0.4,2,Intel(R) Xeon(R) CPU @ 2.60GHz,,,,,15.61648178100586,machine,Y,1.0
2025-08-08T00:20:45,dask-benchmark,4e1eb370-76b9-4e9a-a718-1bcf3f3a21ba,dask_R6301_81ec5021,1.0034769619815052,7.081254950067443e-08,7.056719006368135e-08,0.8,0.0,10.0,1.1165476373086377e-07,0.0,1.3949952256451877e-06,1.5066499893760514e-06,Canada,CAN,,gcp,northamerica-northeast2,Linux-6.8.0-1032-gcp-x86_64-with-glibc2.35,3.10.12,3.0.4,2,Intel(R) Xeon(R) CPU @ 2.60GHz,,,,,15.61648178100586,machine,Y,1.0
2025-08-08T00:20:48,dask-benchmark,fa15784e-f7da-4cd0-9a11-6eacf2bda6c9,dask_R6301_81ec5021,1.0029043438844385,7.073012136854234e-08,7.052529166898527e-08,0.8,0.0,10.0,1.1153543574942484e-07,0.0,1.3933607635812627e-06,1.5048961993306877e-06,Canada,CAN,,gcp,northamerica-northeast2,Linux-6.8.0-1032-gcp-x86_64-with-glibc2.35,3.10.12,3.0.4,2,Intel(R) Xeon(R) CPU @ 2.60GHz,,,,,15.61648178100586,machine,Y,1.0
2025-08-08T00:20:50,dask-benchmark,8e294d29-53b9-402a-b364-bea276e3f4e9,dask_R6301_81ec5021,1.0031642140820622,7.07813827347321e-08,7.055812173234277e-08,0.8,0.0,10.0,1.116005759686232e-07,0.0,1.394386290727804e-06,1.5059868666964274e-06,Canada,CAN,,gcp,northamerica-northeast2,Linux-6.8.0-1032-gcp-x86_64-with-glibc2.35,3.10.12,3.0.4,2,Intel(R) Xeon(R) CPU @ 2.60GHz,,,,,15.61648178100586,machine,Y,1.0
2025-08-08T00:20:52,dask-benchmark,b69c3fb0-5325-4722-85dd-d1cc4733cf9c,dask_R6301_81ec5021,1.0029535936191678,7.075202932539915e-08,7.054367198594877e-08,0.8,0.0,10.0,1.1155371016098393e-07,0.0,1.393808615911338e-06,1.5053623260723222e-06,Canada,CAN,,gcp,northamerica-northeast2,Linux-6.8.0-1032-gcp-x86_64-with-glibc2.35,3.10.12,3.0.4,2,Intel(R) Xeon(R) CPU @ 2.60GHz,,,,,15.61648178100586,machine,Y,1.0
2025-08-08T00:20:54,dask-benchmark,2958b9e6-5a27-4028-b623-a3d947d5f7f6,dask_R6301_81ec5021,1.002987063024193,7.074869035091251e-08,7.053798893237169e-08,0.8,0.0,10.0,1.1155308648529981e-07,0.0,1.3937381975766684e-06,1.5052912840619682e-06,Canada,CAN,,gcp,northamerica-northeast2,Linux-6.8.0-1032-gcp-x86_64-with-glibc2.35,3.10.12,3.0.4,2,Intel(R) Xeon(R) CPU @ 2.60GHz,,,,,15.61648178100586,machine,Y,1.0
2025-08-08T00:20:56,dask-benchmark,fa16b508-267e-48be-98e4-3c5c7983a9bf,dask_R6301_81ec5021,1.0026822919026015,7.07165302900701e-08,7.05273553359406e-08,0.8,0.0,10.0,1.1149621403051749e-07,0.0,1.3931108134177825e-06,1.5046070274483e-06,Canada,CAN,,gcp,northamerica-northeast2,Linux-6.8.0-1032-gcp-x86_64-with-glibc2.35,3.10.12,3.0.4,2,Intel(R) Xeon(R) CPU @ 2.60GHz,,,,,15.61648178100586,machine,Y,1.0
2025-08-08T00:20:58,dask-benchmark,35dfa2a1-47f3-4b8d-a0ba-2103e1feaa12,dask_R6301_81ec5021,1.0031666602008045,7.077499317620985e-08,7.055158029478649e-08,0.8,0.0,10.0,1.1159663512888881e-07,0.0,1.394254283513874e-06,1.5058509186427628e-06,Canada,CAN,,gcp,northamerica-northeast2,Linux-6.8.0-1032-gcp-x86_64-with-glibc2.35,3.10.12,3.0.4,2,Intel(R) Xeon(R) CPU @ 2.60GHz,,,,,15.61648178100586,machine,Y,1.0
2025-08-08T00:21:00,dask-benchmark,9ff481a2-9a73-4f7e-9a98-c59b7cdddfdb,dask_R6301_81ec5021,1.003222893923521,7.077846607648663e-08,7.055108740558937e-08,0.8,0.0,10.0,1.1160220505876677e-07,0.0,1.3943226050792468e-06,1.5059248101380137e-06,Canada,CAN,,gcp,northamerica-northeast2,Linux-6.8.0-1032-gcp-x86_64-with-glibc2.35,3.10.12,3.0.4,2,Intel(R) Xeon(R) CPU @ 2.60GHz,,,,,15.61648178100586,machine,Y,1.0
2025-08-08T00:21:02,dask-benchmark,e98bd4bb-b9d9-4fb3-9df3-eb2df5835f19,dask_R6301_81ec5021,1.0030538979917765,7.075563478480196e-08,7.054021217250887e-08,0.8,0.0,10.0,1.115690375574761e-07,0.0,1.3938700004170338e-06,1.50543903797451e-06,Canada,CAN,,gcp,northamerica-northeast2,Linux-6.8.0-1032-gcp-x86_64-with-glibc2.35,3.10.12,3.0.4,2,Intel(R) Xeon(R) CPU @ 2.60GHz,,,,,15.61648178100586,machine,Y,1.0
2025-08-08T00:21:05,dask-benchmark,44763adc-b75b-4462-9bad-4926fb7ce1ac,dask_R6301_81ec5021,1.0030265618115664,7.076044310562105e-08,7.054692846600254e-08,0.8,0.0,10.0,1.1156611444635525e-07,0.0,1.3939752282264331e-06,1.5055413426727884e-06,Canada,CAN,,gcp,northamerica-northeast2,Linux-6.8.0-1032-gcp-x86_64-with-glibc2.35,3.10.12,3.0.4,2,Intel(R) Xeon(R) CPU @ 2.60GHz,,,,,15.61648178100586,machine,Y,1.0
2025-08-08T00:21:07,dask-benchmark,fcae1e86-3af5-4420-a241-eca7a8cbe685,dask_R6301_81ec5021,1.002777811139822,7.071763081460571e-08,7.052173475420592e-08,0.8,0.0,10.0,1.1150524309939809e-07,0.0,1.3931251997645532e-06,1.5046304428639512e-06,Canada,CAN,,gcp,northamerica-northeast2,Linux-6.8.0-1032-gcp-x86_64-with-glibc2.35,3.10.12,3.0.4,2,Intel(R) Xeon(R) CPU @ 2.60GHz,,,,,15.61648178100586,machine,Y,1.0
2025-08-08T00:21:09,dask-benchmark,b5e12a17-80f2-4cd6-bd2e-5f1e5371db96,dask_R6301_81ec5021,1.0029528248123825,7.07508769527388e-08,7.05425770808052e-08,0.8,0.0,10.0,1.1155362458278737e-07,0.0,1.3937841829222936e-06,1.505337807505081e-06,Canada,CAN,,gcp,northamerica-northeast2,Linux-6.8.0-1032-gcp-x86_64-with-glibc2.35,3.10.12,3.0.4,2,Intel(R) Xeon(R) CPU @ 2.60GHz,,,,,15.61648178100586,machine,Y,1.0
2025-08-08T00:21:11,dask-benchmark,001154b2-3aec-4d64-81e7-3ab064fadc7e,dask_R6301_81ec5021,1.0029826937243342,7.07490520791875e-08,7.053865687001834e-08,0.8,0.0,10.0,1.115545610793763e-07,0.0,1.3937444193288686e-06,1.5052989804082448e-06,Canada,CAN,,gcp,northamerica-northeast2,Linux-6.8.0-1032-gcp-x86_64-with-glibc2.35,3.10.12,3.0.4,2,Intel(R) Xeon(R) CPU @ 2.60GHz,,,,,15.61648178100586,machine,Y,1.0
2025-08-08T00:21:13,dask-benchmark,2076cbbe-53ee-4a02-abc6-6331134c3e9c,dask_R6301_81ec5021,1.002629985101521,7.071052130616997e-08,7.052504149774673e-08,0.8,0.0,10.0,1.1148391715768313e-07,0.0,1.392995259569337e-06,1.50447917672702e-06,Canada,CAN,,gcp,northamerica-northeast2,Linux-6.8.0-1032-gcp-x86_64-with-glibc2.35,3.10.12,3.0.4,2,Intel(R) Xeon(R) CPU @ 2.60GHz,,,,,15.61648178100586,machine,Y,1.0
2025-08-08T00:21:15,dask-benchmark,5994eea5-7294-4657-aca8-862f5532179c,dask_R6301_81ec5021,1.00342057319358,7.08144120766471e-08,7.057301192387013e-08,0.8,0.0,10.0,1.1165409648997917e-07,0.0,1.3950355221620866e-06,1.5066896186520658e-06,Canada,CAN,,gcp,northamerica-northeast2,Linux-6.8.0-1032-gcp-x86_64-with-glibc2.35,3.10.12,3.0.4,2,Intel(R) Xeon(R) CPU @ 2.60GHz,,,,,15.61648178100586,machine,Y,1.0
2025-08-08T00:21:17,dask-benchmark,91b5114f-c2e4-401d-b7f9-2a18a9cee13a,dask_R6301_81ec5021,1.0034904312342403,7.081734811866448e-08,7.057102480943728e-08,0.8,0.0,10.0,1.1165777314454317e-07,0.0,1.395094314486616e-06,1.5067520876311593e-06,Canada,CAN,,gcp,northamerica-northeast2,Linux-6.8.0-1032-gcp-x86_64-with-glibc2.35,3.10.12,3.0.4,2,Intel(R) Xeon(R) CPU @ 2.60GHz,,,,,15.61648178100586,machine,Y,1.0
2025-08-08T00:21:20,dask-benchmark,7262e4a8-9ec9-4776-a758-b066c10bb782,dask_R6301_81ec5021,1.0034156241454184,7.080715829030508e-08,7.056613090972108e-08,0.8,0.0,10.0,1.1165058312730657e-07,0.0,1.3948846996451416e-06,1.5065352827724485e-06,Canada,CAN,,gcp,northamerica-northeast2,Linux-6.8.0-1032-gcp-x86_64-with-glibc2.35,3.10.12,3.0.4,2,Intel(R) Xeon(R) CPU @ 2.60GHz,,,,,15.61648178100586,machine,Y,1.0
2025-08-08T00:21:22,dask-benchmark,b7d6fa39-4558-4e8b-b727-c50598e3ef9b,dask_R6301_81ec5021,1.0034174099564552,7.080886449266433e-08,7.056770571255805e-08,0.8,0.0,10.0,1.1165511556383637e-07,0.0,1.3949164693864682e-06,1.5065715849503046e-06,Canada,CAN,,gcp,northamerica-northeast2,Linux-6.8.0-1032-gcp-x86_64-with-glibc2.35,3.10.12,3.0.4,2,Intel(R) Xeon(R) CPU @ 2.60GHz,,,,,15.61648178100586,machine,Y,1.0
2025-08-08T00:21:24,dask-benchmark,6bcfb79a-7b0b-48cb-a135-ac26ae36f136,dask_R6301_81ec5021,1.0032231197692454,7.077767898494171e-08,7.0550286960314e-08,0.8,0.0,10.0,1.1160306042681137e-07,0.0,1.3943050030825867e-06,1.5059080635093982e-06,Canada,CAN,,gcp,northamerica-northeast2,Linux-6.8.0-1032-gcp-x86_64-with-glibc2.35,3.10.12,3.0.4,2,Intel(R) Xeon(R) CPU @ 2.60GHz,,,,,15.61648178100586,machine,Y,1.0
2025-08-08T00:21:26,dask-benchmark,8a086217-2eb3-4a8e-9576-6a9ea5d84cb0,dask_R6301_81ec5021,1.0031684408895671,7.078015834470799e-08,7.055660391583206e-08,0.8,0.0,10.0,1.115959972764055e-07,0.0,1.3943648185684449e-06,1.5059608158448505e-06,Canada,CAN,,gcp,northamerica-northeast2,Linux-6.8.0-1032-gcp-x86_64-with-glibc2.35,3.10.12,3.0.4,2,Intel(R) Xeon(R) CPU @ 2.60GHz,,,,,15.61648178100586,machine,Y,1.0
2025-08-08T00:21:28,dask-benchmark,25b75843-a8e5-409d-8221-30ba91fe9ef8,dask_R6301_81ec5021,1.002959378995001,7.07489873717746e-08,7.054023209062309e-08,0.8,0.0,10.0,1.1154671551452745e-07,0.0,1.3937508881402511e-06,1.5052976036547788e-06,Canada,CAN,,gcp,northamerica-northeast2,Linux-6.8.0-1032-gcp-x86_64-with-glibc2.35,3.10.12,3.0.4,2,Intel(R) Xeon(R) CPU @ 2.60GHz,,,,,15.61648178100586,machine,Y,1.0
2025-08-08T00:21:30,dask-benchmark,7f53d085-fb05-4999-83d2-8c56c7f84e57,dask_R6301_81ec5021,1.002958569675684,7.07435771034927e-08,7.0534894702947e-08,0.8,0.0,10.0,1.1154788422087828e-07,0.0,1.3936346073427963e-06,1.5051824915636745e-06,Canada,CAN,,gcp,northamerica-northeast2,Linux-6.8.0-1032-gcp-x86_64-with-glibc2.35,3.10.12,3.0.4,2,Intel(R) Xeon(R) CPU @ 2.60GHz,,,,,15.61648178100586,machine,Y,1.0
2025-08-08T00:21:32,dask-benchmark,56f24e8f-2683-47b1-95d3-de6afcd2569c,dask_R6301_81ec5021,1.0027263993397355,7.071532133945988e-08,7.052304734972946e-08,0.8,0.0,10.0,1.114925135754877e-07,0.0,1.3930887915194033e-06,1.504581305094891e-06,Canada,CAN,,gcp,northamerica-northeast2,Linux-6.8.0-1032-gcp-x86_64-with-glibc2.35,3.10.12,3.0.4,2,Intel(R) Xeon(R) CPU @ 2.60GHz,,,,,15.61648178100586,machine,Y,1.0
2025-08-08T00:21:35,dask-benchmark,2cefad6f-d21a-47d2-918a-ec3835e76d19,dask_R6301_81ec5021,1.0031976960599422,7.077937323020565e-08,7.055376373788691e-08,0.8,0.0,10.0,1.116024580680662e-07,0.0,1.394341653212905e-06,1.5059441112809713e-06,Canada,CAN,,gcp,northamerica-northeast2,Linux-6.8.0-1032-gcp-x86_64-with-glibc2.35,3.10.12,3.0.4,2,Intel(R) Xeon(R) CPU @ 2.60GHz,,,,,15.61648178100586,machine,Y,1.0
2025-08-08T00:21:37,dask-benchmark,e6797674-2abc-485b-bb58-e80d900e07e8,dask_R6301_81ec5021,1.003174080979079,7.078094456567327e-08,7.055699096271744e-08,0.8,0.0,10.0,1.1159891852488122e-07,0.0,1.3943786254256135e-06,1.5059775439504949e-06,Canada,CAN,,gcp,northamerica-northeast2,Linux-6.8.0-1032-gcp-x86_64-with-glibc2.35,3.10.12,3.0.4,2,Intel(R) Xeon(R) CPU @ 2.60GHz,,,,,15.61648178100586,machine,Y,1.0
2025-08-08T00:21:39,dask-benchmark,73f780a9-784d-43d0-b08a-ba48d9d0c40e,dask_R6301_81ec5021,1.0030529792420566,7.07571484601746e-08,7.054178585227003e-08,0.8,0.0,10.0,1.1156842464374173e-07,0.0,1.3939028191897604e-06,1.5054712438335022e-06,Canada,CAN,,gcp,northamerica-northeast2,Linux-6.8.0-1032-gcp-x86_64-with-glibc2.35,3.10.12,3.0.4,2,Intel(R) Xeon(R) CPU @ 2.60GHz,,,,,15.61648178100586,machine,Y,1.0
2025-08-08T00:21:41,dask-benchmark,6bf21dc7-410b-48f8-ab1d-9efe5b440e19,dask_R6301_81ec5021,1.0029201279394329,7.074900792037241e-08,7.054301329631406e-08,0.8,0.0,10.0,1.1154353866974517e-07,0.0,1.3937545021892422e-06,1.5052980408589874e-06,Canada,CAN,,gcp,northamerica-northeast2,Linux-6.8.0-1032-gcp-x86_64-with-glibc2.35,3.10.12,3.0.4,2,Intel(R) Xeon(R) CPU @ 2.60GHz,,,,,15.61648178100586,machine,Y,1.0
2025-08-08T00:21:43,dask-benchmark,04ea17f8-1d72-4e57-809e-b20ca6daef31,dask_R6301_81ec5021,1.002674690913409,7.071424525924442e-08,7.052561104821114e-08,0.8,0.0,10.0,1.1149184581720169e-07,0.0,1.393066563953956e-06,1.5045584097711576e-06,Canada,CAN,,gcp,northamerica-northeast2,Linux-6.8.0-1032-gcp-x86_64-with-glibc2.35,3.10.12,3.0.4,2,Intel(R) Xeon(R) CPU @ 2.60GHz,,,,,15.61648178100586,machine,Y,1.0
2025-08-08T00:21:45,dask-benchmark,ded18094-d51d-403f-bfa9-9e4430ad9f0c,dask_R6301_81ec5021,1.002959521021694,7.074632579336567e-08,7.053756837693493e-08,0.8,0.0,10.0,1.1155023022244373e-07,0.0,1.3936907441044849e-06,1.5052409743269289e-06,Canada,CAN,,gcp,northamerica-northeast2,Linux-6.8.0-1032-gcp-x86_64-with-glibc2.35,3.10.12,3.0.4,2,Intel(R) Xeon(R) CPU @ 2.60GHz,,,,,15.61648178100586,machine,Y,1.0
2025-08-08T00:21:47,dask-benchmark,7ab1817c-dedf-4aba-9974-d5ca439bc681,dask_R6301_81ec5021,1.0029554716311395,7.074554731520928e-08,7.053707698523593e-08,0.8,0.0,10.0,1.115479859419995e-07,0.0,1.3936764250199e-06,1.5052244109618995e-06,Canada,CAN,,gcp,northamerica-northeast2,Linux-6.8.0-1032-gcp-x86_64-with-glibc2.35,3.10.12,3.0.4,2,Intel(R) Xeon(R) CPU @ 2.60GHz,,,,,15.61648178100586,machine,Y,1.0
2025-08-08T00:21:49,dask-benchmark,839a460a-c307-4565-90ad-bf0d4b479bea,dask_R6301_81ec5021,1.0028097718022764,7.07204655556836e-08,7.052231394652537e-08,0.8,0.0,10.0,1.1151785620798669e-07,0.0,1.3931729002959197e-06,1.5046907565039064e-06,Canada,CAN,,gcp,northamerica-northeast2,Linux-6.8.0-1032-gcp-x86_64-with-glibc2.35,3.10.12,3.0.4,2,Intel(R) Xeon(R) CPU @ 2.60GHz,,,,,15.61648178100586,machine,Y,1.0
2025-08-08T00:21:52,dask-benchmark,be90b5ec-fa92-4cc1-89ad-2b81ea6ac7a4,dask_R6301_81ec5021,1.003520048223436,7.081715013718026e-08,7.056874475258382e-08,0.8,0.0,10.0,1.1166304732776353e-07,0.0,1.395084827931391e-06,1.5067478752591544e-06,Canada,CAN,,gcp,northamerica-northeast2,Linux-6.8.0-1032-gcp-x86_64-with-glibc2.35,3.10.12,3.0.4,2,Intel(R) Xeon(R) CPU @ 2.60GHz,,,,,15.61648178100586,machine,Y,1.0
2025-08-08T00:21:54,dask-benchmark,df0f111f-b7b2-410c-b4dc-155ac7725b3b,dask_R6301_81ec5021,1.003635685890913,7.083153828367026e-08,7.057494993394355e-08,0.8000072,0.0,10.0,1.1169951106565941e-07,0.0,1.395354494969878e-06,1.5070540060355374e-06,Canada,CAN,,gcp,northamerica-northeast2,Linux-6.8.0-1032-gcp-x86_64-with-glibc2.35,3.10.12,3.0.4,2,Intel(R) Xeon(R) CPU @ 2.60GHz,,,,,15.61648178100586,machine,Y,1.0
2025-08-08T00:21:56,dask-benchmark,337d3aee-2459-4549-9ee9-ace187150e0e,dask_R6301_81ec5021,1.003369865939021,7.08095277989697e-08,7.057171059517658e-08,0.8,0.0,10.0,1.1164092272520069e-07,0.0,1.3949447751252189e-06,1.5065856978504194e-06,Canada,CAN,,gcp,northamerica-northeast2,Linux-6.8.0-1032-gcp-x86_64-with-glibc2.35,3.10.12,3.0.4,2,Intel(R) Xeon(R) CPU @ 2.60GHz,,,,,15.61648178100586,machine,Y,1.0
2025-08-08T00:21:58,dask-benchmark,f528067f-7c6c-4679-b772-fce0f21ce081,dask_R6301_81ec5021,1.003551149275154,7.082309728317585e-08,7.05724838582767e-08,0.8,0.0,10.0,1.116696706869536e-07,0.0,1.3952047395933831e-06,1.5068744102803368e-06,Canada,CAN,,gcp,northamerica-northeast2,Linux-6.8.0-1032-gcp-x86_64-with-glibc2.35,3.10.12,3.0.4,2,Intel(R) Xeon(R) CPU @ 2.60GHz,,,,,15.61648178100586,machine,Y,1.0
2025-08-08T00:22:00,dask-benchmark,f6707665-da7e-4e36-8ef3-2f3b3849fb3a,dask_R6301_81ec5021,1.0032476419582963,7.078193155495037e-08,7.055280131711754e-08,0.8,0.0,10.0,1.116068746066756e-07,0.0,1.3943916691156724e-06,1.505998543722348e-06,Canada,CAN,,gcp,northamerica-northeast2,Linux-6.8.0-1032-gcp-x86_64-with-glibc2.35,3.10.12,3.0.4,2,Intel(R) Xeon(R) CPU @ 2.60GHz,,,,,15.61648178100586,machine,Y,1.0
2025-08-08T00:22:02,dask-benchmark,0a50181b-dabe-4a65-a51a-f0d0b27955e2,dask_R6301_81ec5021,1.0032495367340744,7.078510317873832e-08,7.055582941923742e-08,0.8,0.0,10.0,1.11612423012654e-07,0.0,1.3944536020668849e-06,1.506066025079539e-06,Canada,CAN,,gcp,northamerica-northeast2,Linux-6.8.0-1032-gcp-x86_64-with-glibc2.35,3.10.12,3.0.4,2,Intel(R) Xeon(R) CPU @ 2.60GHz,,,,,15.61648178100586,machine,Y,1.0
2025-08-08T00:22:04,dask-benchmark,90f99f53-fd93-4f18-8dc8-7e9eb8b7d411,dask_R6301_81ec5021,1.003015708643943,7.0752590715523e-08,7.053986304080826e-08,0.8,0.0,10.0,1.1156088548401993e-07,0.0,1.3938133850590224e-06,1.5053742705430422e-06,Canada,CAN,,gcp,northamerica-northeast2,Linux-6.8.0-1032-gcp-x86_64-with-glibc2.35,3.10.12,3.0.4,2,Intel(R) Xeon(R) CPU @ 2.60GHz,,,,,15.61648178100586,machine,Y,1.0
2025-08-08T00:22:07,dask-benchmark,4a39fb96-69cc-42e4-9201-18eedb6c36f3,dask_R6301_81ec5021,1.0029168277978897,7.075018621101562e-08,7.054442028494249e-08,0.8,0.0,10.0,1.1154711712151766e-07,0.0,1.3937759937511551e-06,1.5053231108726728e-06,Canada,CAN,,gcp,northamerica-northeast2,Linux-6.8.0-1032-gcp-x86_64-with-glibc2.35,3.10.12,3.0.4,2,Intel(R) Xeon(R) CPU @ 2.60GHz,,,,,15.61648178100586,machine,Y,1.0
2025-08-08T00:22:09,dask-benchmark,069a063a-e7f7-4d9b-b15e-24764049dfd3,dask_R6301_81ec5021,1.0038603357970717,7.07181556622705e-08,7.044620963743906e-08,0.8,0.0,10.0,1.114998661602537e-07,0.0,1.3931417436752883e-06,1.504641609835542e-06,Canada,CAN,,gcp,northamerica-northeast2,Linux-6.8.0-1032-gcp-x86_64-with-glibc2.35,3.10.12,3.0.4,2,Intel(R) Xeon(R) CPU @ 2.60GHz,,,,,15.61648178100586,machine,Y,1.0
2025-08-08T00:22:11,dask-benchmark,91b61ed0-47bc-4f64-85ca-8f4803f61e6f,dask_R6301_81ec5021,1.0032510519959033,7.078487494096367e-08,7.055549535696149e-08,0.8,0.0,10.0,1.1160991847929028e-07,0.0,1.3944512504773837e-06,1.506061168956674e-06,Canada,CAN,,gcp,northamerica-northeast2,Linux-6.8.0-1032-gcp-x86_64-with-glibc2.35,3.10.12,3.0.4,2,Intel(R) Xeon(R) CPU @ 2.60GHz,,,,,15.61648178100586,machine,Y,1.0
2025-08-08T00:22:13,dask-benchmark,54e9c3c4-aaee-4f23-a071-1fb3802b7b13,dask_R6301_81ec5021,1.0031601833179593,7.078089958248245e-08,7.055792360934236e-08,0.8,0.0,10.0,1.116039451832573e-07,0.0,1.3943726416780716e-06,1.5059765868613288e-06,Canada,CAN,,gcp,northamerica-northeast2,Linux-6.8.0-1032-gcp-x86_64-with-glibc2.35,3.10.12,3.0.4,2,Intel(R) Xeon(R) CPU @ 2.60GHz,,,,,15.61648178100586,machine,Y,1.0
2025-08-08T00:22:15,dask-benchmark,b117e6f5-09d5-41b3-acad-b7e63d9759ce,dask_R6301_81ec5021,1.0029265098273754,7.075073950085789e-08,7.05442909401563e-08,0.8,0.0,10.0,1.1155376438465385e-07,0.0,1.3937811186123225e-06,1.5053348829969763e-06,Canada,CAN,,gcp,northamerica-northeast2,Linux-6.8.0-1032-gcp-x86_64-with-glibc2.35,3.10.12,3.0.4,2,Intel(R) Xeon(R) CPU @ 2.60GHz,,,,,15.61648178100586,machine,Y,1.0
2025-08-08T00:22:17,dask-benchmark,9b5b16aa-7ba8-40e6-a525-9a6139b6a937,dask_R6301_81ec5021,1.0029284600168469,7.074722556174837e-08,7.054065008840211e-08,0.8,0.0,10.0,1.115531653372778e-07,0.0,1.393706952997794e-06,1.5052601183350718e-06,Canada,CAN,,gcp,northamerica-northeast2,Linux-6.8.0-1032-gcp-x86_64-with-glibc2.35,3.10.12,3.0.4,2,Intel(R) Xeon(R) CPU @ 2.60GHz,,,,,15.61648178100586,machine,Y,1.0
2025-08-08T00:22:19,dask-benchmark,a349b8d6-ea74-411f-9b45-98fe3d2f3c77,dask_R6301_81ec5021,1.0028034592978656,7.071913121728642e-08,7.052142726631789e-08,0.8,0.0,10.0,1.115084688903557e-07,0.0,1.393153897434887e-06,1.504662366325243e-06,Canada,CAN,,gcp,northamerica-northeast2,Linux-6.8.0-1032-gcp-x86_64-with-glibc2.35,3.10.12,3.0.4,2,Intel(R) Xeon(R) CPU @ 2.60GHz,,,,,15.61648178100586,machine,Y,1.0
2025-08-08T00:22:22,dask-benchmark,748d379d-be0c-4dfb-b866-0aadf98776ce,dask_R6301_81ec5021,1.002961616963148,7.075190429022122e-08,7.05429829951517e-08,0.8,0.0,10.0,1.1155338202499684e-07,0.0,1.3938062837243908e-06,1.5053596657493875e-06,Canada,CAN,,gcp,northamerica-northeast2,Linux-6.8.0-1032-gcp-x86_64-with-glibc2.35,3.10.12,3.0.4,2,Intel(R) Xeon(R) CPU @ 2.60GHz,,,,,15.61648178100586,machine,Y,1.0
2025-08-08T00:22:24,dask-benchmark,27f178bf-22f4-413e-a128-13fd4a2433a1,dask_R6301_81ec5021,1.0030568661168218,7.075024510159469e-08,7.053463018053325e-08,0.8,0.0,10.0,1.1155897554837997e-07,0.0,1.3937653883153363e-06,1.5053243638637163e-06,Canada,CAN,,gcp,northamerica-northeast2,Linux-6.8.0-1032-gcp-x86_64-with-glibc2.35,3.10.12,3.0.4,2,Intel(R) Xeon(R) CPU @ 2.60GHz,,,,,15.61648178100586,machine,Y,1.0
2025-08-08T00:22:26,dask-benchmark,3c2bbe8e-367d-4fa4-b53e-194ec1ddc58c,dask_R6301_81ec5021,1.0029927110299468,7.073802964450626e-08,7.052696282495138e-08,0.8000072,0.0,10.0,1.115435599039528e-07,0.0,1.3935209006174572e-06,1.50506446052141e-06,Canada,CAN,,gcp,northamerica-northeast2,Linux-6.8.0-1032-gcp-x86_64-with-glibc2.35,3.10.12,3.0.4,2,Intel(R) Xeon(R) CPU @ 2.60GHz,,,,,15.61648178100586,machine,Y,1.0
2025-08-08T00:22:28,dask-benchmark,9a312bc5-0e27-4890-8d04-d5d4ceb561d0,dask_R6301_81ec5021,1.0035307346843183,7.081656586637513e-08,7.056741106056106e-08,0.8,0.0,10.0,1.1166096664965156e-07,0.0,1.395074477315777e-06,1.5067354439654285e-06,Canada,CAN,,gcp,northamerica-northeast2,Linux-6.8.0-1032-gcp-x86_64-with-glibc2.35,3.10.12,3.0.4,2,Intel(R) Xeon(R) CPU @ 2.60GHz,,,,,15.61648178100586,machine,Y,1.0
2025-08-08T00:22:30,dask-benchmark,ea3823b2-c101-4eff-8684-5de9d3c62467,dask_R6301_81ec5021,1.0035089971497655,7.081766626688962e-08,7.05700362109665e-08,0.8,0.0,10.0,1.116542731308275e-07,0.0,1.3951045836115048e-06,1.5067588567423324e-06,Canada,CAN,,gcp,northamerica-northeast2,Linux-6.8.0-1032-gcp-x86_64-with-glibc2.35,3.10.12,3.0.4,2,Intel(R) Xeon(R) CPU @ 2.60GHz,,,,,15.61648178100586,machine,Y,1.0
2025-08-08T00:22:32,dask-benchmark,6d60e986-4f42-4657-9f44-2cc561d93467,dask_R6301_81ec5021,1.0034886533394456,7.081959968080953e-08,7.057339357563586e-08,0.8,0.0,10.0,1.1165742069068884e-07,0.0,1.3951425725180242e-06,1.5067999932087131e-06,Canada,CAN,,gcp,northamerica-northeast2,Linux-6.8.0-1032-gcp-x86_64-with-glibc2.35,3.10.12,3.0.4,2,Intel(R) Xeon(R) CPU @ 2.60GHz,,,,,15.61648178100586,machine,Y,1.0
2025-08-08T00:22:34,dask-benchmark,d56e6677-1426-4393-9d28-a5a5ae894311,dask_R6301_81ec5021,1.0035554370842874,7.082527392440374e-08,7.057435125873889e-08,0.8,0.0,10.0,1.1167818473445048e-07,0.0,1.3952425370613735e-06,1.506920721795824e-06,Canada,CAN,,gcp,northamerica-northeast2,Linux-6.8.0-1032-gcp-x86_64-with-glibc2.35,3.10.12,3.0.4,2,Intel(R) Xeon(R) CPU @ 2.60GHz,,,,,15.61648178100586,machine,Y,1.0
2025-08-08T00:22:37,dask-benchmark,81480b77-cf6d-4cc7-a25b-99fcc17d3291,dask_R6301_81ec5021,1.003213007003069,7.078258765587168e-08,7.055589108371195e-08,0.8,0.0,10.0,1.1160061932686305e-07,0.0,1.394411883989556e-06,1.506012503316419e-06,Canada,CAN,,gcp,northamerica-northeast2,Linux-6.8.0-1032-gcp-x86_64-with-glibc2.35,3.10.12,3.0.4,2,Intel(R) Xeon(R) CPU @ 2.60GHz,,,,,15.61648178100586,machine,Y,1.0
2025-08-08T00:22:39,dask-benchmark,44c60186-7918-4e98-a520-7da12593be2f,dask_R6301_81ec5021,1.003416145220399,7.080685037747027e-08,7.056578740011964e-08,0.8,0.0,10.0,1.1164898073507681e-07,0.0,1.3948797507004605e-06,1.5065287314355372e-06,Canada,CAN,,gcp,northamerica-northeast2,Linux-6.8.0-1032-gcp-x86_64-with-glibc2.35,3.10.12,3.0.4,2,Intel(R) Xeon(R) CPU @ 2.60GHz,,,,,15.61648178100586,machine,Y,1.0
2025-08-08T00:22:41,dask-benchmark,3f859b54-5b66-4a4b-8e1b-214941a77d05,dask_R6301_81ec5021,1.0029928130097687,7.075337220666309e-08,7.054225243583474e-08,0.8,0.0,10.0,1.115557471704152e-07,0.0,1.3938351508436932e-06,1.5053908980141084e-06,Canada,CAN,,gcp,northamerica-northeast2,Linux-6.8.0-1032-gcp-x86_64-with-glibc2.35,3.10.12,3.0.4,2,Intel(R) Xeon(R) CPU @ 2.60GHz,,,,,15.61648178100586,machine,Y,1.0
2025-08-08T00:22:43,dask-benchmark,978523a1-af8a-4226-bc79-fc2edb4fdfaf,dask_R6301_81ec5021,1.0030017686076462,7.075500485720113e-08,7.054325034284068e-08,0.8,0.0,10.0,1.1155718575335213e-07,0.0,1.3938684495062463e-06,1.5054256352595984e-06,Canada,CAN,,gcp,northamerica-northeast2,Linux-6.8.0-1032-gcp-x86_64-with-glibc2.35,3.10.12,3.0.4,2,Intel(R) Xeon(R) CPU @ 2.60GHz,,,,,15.61648178100586,machine,Y,1.0
2025-08-08T00:22:45,dask-benchmark,f09049aa-4dc9-4c6b-bcbf-1030bba40350,dask_R6301_81ec5021,1.0027801310643554,7.072135152124489e-08,7.052528199395108e-08,0.8,0.0,10.0,1.1150403651926257e-07,0.0,1.3932055703157353e-06,1.5047096068349978e-06,Canada,CAN,,gcp,northamerica-northeast2,Linux-6.8.0-1032-gcp-x86_64-with-glibc2.35,3.10.12,3.0.4,2,Intel(R) Xeon(R) CPU @ 2.60GHz,,,,,15.61648178100586,machine,Y,1.0
2025-08-08T00:22:47,dask-benchmark,32e9a0ad-e788-409a-83a8-b8f85cf647e8,dask_R6301_81ec5021,1.0033135912381113,7.078891440134289e-08,7.055512356210367e-08,0.8,0.0,10.0,1.1161725047147936e-07,0.0,1.39452986445071e-06,1.5061471149221892e-06,Canada,CAN,,gcp,northamerica-northeast2,Linux-6.8.0-1032-gcp-x86_64-with-glibc2.35,3.10.12,3.0.4,2,Intel(R) Xeon(R) CPU @ 2.60GHz,,,,,15.61648178100586,machine,Y,1.0
2025-08-08T00:22:49,dask-benchmark,6b3324c2-6b16-4241-8cc9-615133047a20,dask_R6301_81ec5021,1.0033271117135882,7.079670864255687e-08,7.056194118151829e-08,0.8,0.0,10.0,1.116250813421276e-07,0.0,1.3946878684995074e-06,1.506312949841635e-06,Canada,CAN,,gcp,northamerica-northeast2,Linux-6.8.0-1032-gcp-x86_64-with-glibc2.35,3.10.12,3.0.4,2,Intel(R) Xeon(R) CPU @ 2.60GHz,,,,,15.61648178100586,machine,Y,1.0
2025-08-08T00:22:52,dask-benchmark,dd67de19-5420-4c77-9e39-7212fe004255,dask_R6301_81ec5021,1.0031553539447486,7.076511833232103e-08,7.054253167672231e-08,0.8,0.0,10.0,1.1157810770803029e-07,0.0,1.3940627078732682e-06,1.5056408155812983e-06,Canada,CAN,,gcp,northamerica-northeast2,Linux-6.8.0-1032-gcp-x86_64-with-glibc2.35,3.10.12,3.0.4,2,Intel(R) Xeon(R) CPU @ 2.60GHz,,,,,15.61648178100586,machine,Y,1.0
2025-08-08T00:22:54,dask-benchmark,069bf545-7aec-4113-b593-8983be81fddc,dask_R6301_81ec5021,1.0030876132659614,7.076085417971222e-08,7.054304453957053e-08,0.8,0.0,10.0,1.1157486846463549e-07,0.0,1.3939752204654118e-06,1.5055500889300473e-06,Canada,CAN,,gcp,northamerica-northeast2,Linux-6.8.0-1032-gcp-x86_64-with-glibc2.35,3.10.12,3.0.4,2,Intel(R) Xeon(R) CPU @ 2.60GHz,,,,,15.61648178100586,machine,Y,1.0
2025-08-08T00:22:56,dask-benchmark,eb74b664-9533-425c-8fec-ad70a6e54351,dask_R6301_81ec5021,1.0028063552454114,7.071848469517297e-08,7.052057889867123e-08,0.8,0.0,10.0,1.115110151262747e-07,0.0,1.3931375954093204e-06,1.5046486105355951e-06,Canada,CAN,,gcp,northamerica-northeast2,Linux-6.8.0-1032-gcp-x86_64-with-glibc2.35,3.10.12,3.0.4,2,Intel(R) Xeon(R) CPU @ 2.60GHz,,,,,15.61648178100586,machine,Y,1.0
2025-08-08T00:22:58,dask-benchmark,1ef21a1d-d212-4464-85df-700afc820a1c,dask_R6301_81ec5021,1.0029189912602303,7.074885296935423e-08,7.054293874767877e-08,0.8,0.0,10.0,1.1155086021042536e-07,0.0,1.393743883818388e-06,1.505294744028813e-06,Canada,CAN,,gcp,northamerica-northeast2,Linux-6.8.0-1032-gcp-x86_64-with-glibc2.35,3.10.12,3.0.4,2,Intel(R) Xeon(R) CPU @ 2.60GHz,,,,,15.61648178100586,machine,Y,1.0
2025-08-08T00:23:00,dask-benchmark,8a0db8bb-535d-4632-80cb-1cd03b9f9c97,dask_R6301_81ec5021,1.0030213012360036,7.07613961047539e-08,7.054824859407872e-08,0.8000072,0.0,10.0,1.1156749034939933e-07,0.0,1.3939941289006836e-06,1.505561619250083e-06,Canada,CAN,,gcp,northamerica-northeast2,Linux-6.8.0-1032-gcp-x86_64-with-glibc2.35,3.10.12,3.0.4,2,Intel(R) Xeon(R) CPU @ 2.60GHz,,,,,15.61648178100586,machine,Y,1.0
2025-08-08T00:23:02,dask-benchmark,ff7beb80-72e3-4e74-8b46-17a9d486035b,dask_R6301_81ec5021,1.0029120459221303,7.073639824779498e-08,7.053100871149297e-08,0.8,0.0,10.0,1.1152889734754961e-07,0.0,1.393500852605535e-06,1.5050297499530849e-06,Canada,CAN,,gcp,northamerica-northeast2,Linux-6.8.0-1032-gcp-x86_64-with-glibc2.35,3.10.12,3.0.4,2,Intel(R) Xeon(R) CPU @ 2.60GHz,,,,,15.61648178100586,machine,Y,1.0
2025-08-08T00:23:04,dask-benchmark,34e5cd11-ca95-4073-bbba-4e2a21f0f915,dask_R6301_81ec5021,1.003527007997036,7.08184867420027e-08,7.056958724344755e-08,0.8,0.0,10.0,1.1167010282062825e-07,0.0,1.3951062108390036e-06,1.5067763136596318e-06,Canada,CAN,,gcp,northamerica-northeast2,Linux-6.8.0-1032-gcp-x86_64-with-glibc2.35,3.10.12,3.0.4,2,Intel(R) Xeon(R) CPU @ 2.60GHz,,,,,15.61648178100586,machine,Y,1.0
2025-08-08T00:23:07,dask-benchmark,f36e89be-f031-439b-a03c-ef3957461141,dask_R6301_81ec5021,1.0034818556159737,7.081554581209397e-08,7.056983184676004e-08,0.8,0.0,10.0,1.116576556944185e-07,0.0,1.395056084988432e-06,1.5067137406828504e-06,Canada,CAN,,gcp,northamerica-northeast2,Linux-6.8.0-1032-gcp-x86_64-with-glibc2.35,3.10.12,3.0.4,2,Intel(R) Xeon(R) CPU @ 2.60GHz,,,,,15.61648178100586,machine,Y,1.0
2025-08-08T00:23:09,dask-benchmark,c770490e-b487-48b2-9b8e-462e890ee749,dask_R6301_81ec5021,1.003503407817334,7.081631320373469e-08,7.056908093392868e-08,0.8,0.0,10.0,1.116612848515312e-07,0.0,1.395068783313036e-06,1.5067300681645672e-06,Canada,CAN,,gcp,northamerica-northeast2,Linux-6.8.0-1032-gcp-x86_64-with-glibc2.35,3.10.12,3.0.4,2,Intel(R) Xeon(R) CPU @ 2.60GHz,,,,,15.61648178100586,machine,Y,1.0
2025-08-08T00:23:11,dask-benchmark,013d81de-d28f-43cb-9472-d4782967b6c1,dask_R6301_81ec5021,1.0035372842103245,7.082639722505378e-08,7.05767472115264e-08,0.8,0.0,10.0,1.1167366647471984e-07,0.0,1.395270955334935e-06,1.506944621809655e-06,Canada,CAN,,gcp,northamerica-northeast2,Linux-6.8.0-1032-gcp-x86_64-with-glibc2.35,3.10.12,3.0.4,2,Intel(R) Xeon(R) CPU @ 2.60GHz,,,,,15.61648178100586,machine,Y,1.0
2025-08-08T00:23:13,dask-benchmark,90743250-ea51-4b4f-b4a2-c0b5320ec2b7,dask_R6301_81ec5021,1.0030690603889525,7.075770557764917e-08,7.05412103431961e-08,0.8,0.0,10.0,1.1157628645499548e-07,0.0,1.3939068109417954e-06,1.505483097396791e-06,Canada,CAN,,gcp,northamerica-northeast2,Linux-6.8.0-1032-gcp-x86_64-with-glibc2.35,3.10.12,3.0.4,2,Intel(R) Xeon(R) CPU @ 2.60GHz,,,,,15.61648178100586,machine,Y,1.0
2025-08-08T00:23:15,dask-benchmark,dde9c029-bc37-4878-bd7a-8bb6cb1db851,dask_R6301_81ec5021,1.0031998790800571,7.078051572008472e-08,7.055474905458627e-08,0.8,0.0,10.0,1.1159784491691325e-07,0.0,1.3943705746593577e-06,1.5059684195762708e-06,Canada,CAN,,gcp,northamerica-northeast2,Linux-6.8.0-1032-gcp-x86_64-with-glibc2.35,3.10.12,3.0.4,2,Intel(R) Xeon(R) CPU @ 2.60GHz,,,,,15.61648178100586,machine,Y,1.0
2025-08-08T00:23:17,dask-benchmark,789120a1-aa1a-4f22-92c9-1840d65e7fb0,dask_R6301_81ec5021,1.0030540768057108,7.075419990175095e-08,7.053876908319059e-08,0.8,0.0,10.0,1.115641984053784e-07,0.0,1.3938443101425138e-06,1.5054085085478922e-06,Canada,CAN,,gcp,northamerica-northeast2,Linux-6.8.0-1032-gcp-x86_64-with-glibc2.35,3.10.12,3.0.4,2,Intel(R) Xeon(R) CPU @ 2.60GHz,,,,,15.61648178100586,machine,Y,1.0
2025-08-08T00:23:19,dask-benchmark,024fb0aa-8a35-475f-9265-5db940470b8b,dask_R6301_81ec5021,1.003026296850294,7.075589202406506e-08,7.054240975162159e-08,0.8,0.0,10.0,1.1155747270418538e-07,0.0,1.3938870384461351e-06,1.5054445111503204e-06,Canada,CAN,,gcp,northamerica-northeast2,Linux-6.8.0-1032-gcp-x86_64-with-glibc2.35,3.10.12,3.0.4,2,Intel(R) Xeon(R) CPU @ 2.60GHz,,,,,15.61648178100586,machine,Y,1.0
2025-08-08T00:23:22,dask-benchmark,359df611-937e-4f19-84b9-9a845dc6ac35,dask_R6301_81ec5021,1.0028259437531233,7.072062809144455e-08,7.052133875472873e-08,0.8,0.0,10.0,1.115077119320631e-07,0.0,1.3931865027795234e-06,1.5046942147115864e-06,Canada,CAN,,gcp,northamerica-northeast2,Linux-6.8.0-1032-gcp-x86_64-with-glibc2.35,3.10.12,3.0.4,2,Intel(R) Xeon(R) CPU @ 2.60GHz,,,,,15.61648178100586,machine,Y,1.0
2025-08-08T00:23:24,dask-benchmark,ff230f9b-1568-4cc4-96fa-bbcf15503095,dask_R6301_81ec5021,1.0033297487534585,7.078491085845357e-08,7.054999709357474e-08,0.8,0.0,10.0,1.1162410924832029e-07,0.0,1.394437823910266e-06,1.5060619331585863e-06,Canada,CAN,,gcp,northamerica-northeast2,Linux-6.8.0-1032-gcp-x86_64-with-glibc2.35,3.10.12,3.0.4,2,Intel(R) Xeon(R) CPU @ 2.60GHz,,,,,15.61648178100586,machine,Y,1.0
2025-08-08T00:23:26,dask-benchmark,8cbd33af-8299-49f4-9131-f25f5104d24c,dask_R6301_81ec5021,1.0033149439841509,7.078552779608504e-08,7.055165301833999e-08,0.8000072,0.0,10.0,1.1160599488254077e-07,0.0,1.3944690646086302e-06,1.506075059491171e-06,Canada,CAN,,gcp,northamerica-northeast2,Linux-6.8.0-1032-gcp-x86_64-with-glibc2.35,3.10.12,3.0.4,2,Intel(R) Xeon(R) CPU @ 2.60GHz,,,,,15.61648178100586,machine,Y,1.0
2025-08-08T00:23:28,dask-benchmark,94fbc97d-54bb-4c70-af56-832f67082a92,dask_R6301_81ec5021,1.0030076880939305,7.075672259109302e-08,7.05445465981979e-08,0.8,0.0,10.0,1.1156203597784045e-07,0.0,1.3939001468113729e-06,1.5054621827892133e-06,Canada,CAN,,gcp,northamerica-northeast2,Linux-6.8.0-1032-gcp-x86_64-with-glibc2.35,3.10.12,3.0.4,2,Intel(R) Xeon(R) CPU @ 2.60GHz,,,,,15.61648178100586,machine,Y,1.0
2025-08-08T00:23:30,dask-benchmark,6b8b5b77-6299-4eec-9b99-e124218c445f,dask_R6301_81ec5021,1.0032722116447983,7.076870291240305e-08,7.053788801384467e-08,0.8,0.0,10.0,1.1160833440307117e-07,0.0,1.3941087488395472e-06,1.5057170832426185e-06,Canada,CAN,,gcp,northamerica-northeast2,Linux-6.8.0-1032-gcp-x86_64-with-glibc2.35,3.10.12,3.0.4,2,Intel(R) Xeon(R) CPU @ 2.60GHz,,,,,15.61648178100586,machine,Y,1.0
2025-08-08T00:23:32,dask-benchmark,857569b5-45d3-4664-86e8-8a34ef788b89,dask_R6301_81ec5021,1.002790940925479,7.072466227241482e-08,7.052782328402648e-08,0.8,0.0,10.0,1.1151344536079305e-07,0.0,1.3932666029884585e-06,1.5047800483492516e-06,Canada,CAN,,gcp,northamerica-northeast2,Linux-6.8.0-1032-gcp-x86_64-with-glibc2.35,3.10.12,3.0.4,2,Intel(R) Xeon(R) CPU @ 2.60GHz,,,,,15.61648178100586,machine,Y,1.0
2025-08-08T00:23:34,dask-benchmark,0fb7b461-5d22-4387-916a-ddf416b70581,dask_R6301_81ec5021,1.0030526439659295,7.075379687930563e-08,7.05384680504455e-08,0.8,0.0,10.0,1.1156263554261793e-07,0.0,1.393837298059629e-06,1.505399933602247e-06,Canada,CAN,,gcp,northamerica-northeast2,Linux-6.8.0-1032-gcp-x86_64-with-glibc2.35,3.10.12,3.0.4,2,Intel(R) Xeon(R) CPU @ 2.60GHz,,,,,15.61648178100586,machine,Y,1.0
2025-08-08T00:23:36,dask-benchmark,3f805465-243c-40b6-87d8-68959231e8e8,dask_R6301_81ec5021,1.0029807821847498,7.075132075867926e-08,7.054105324387643e-08,0.8,0.0,10.0,1.115577250926031e-07,0.0,1.393789525092062e-06,1.5053472501846651e-06,Canada,CAN,,gcp,northamerica-northeast2,Linux-6.8.0-1032-gcp-x86_64-with-glibc2.35,3.10.12,3.0.4,2,Intel(R) Xeon(R) CPU @ 2.60GHz,,,,,15.61648178100586,machine,Y,1.0
2025-08-08T00:23:39,dask-benchmark,ca904d38-fb4b-4cda-9a1b-f04dd1fe9134,dask_R6301_81ec5021,1.0027963439933956,7.07194661861803e-08,7.052226168332147e-08,0.8,0.0,10.0,1.1150561780151397e-07,0.0,1.3931638755214712e-06,1.504669493322985e-06,Canada,CAN,,gcp,northamerica-northeast2,Linux-6.8.0-1032-gcp-x86_64-with-glibc2.35,3.10.12,3.0.4,2,Intel(R) Xeon(R) CPU @ 2.60GHz,,,,,15.61648178100586,machine,Y,1.0
2025-08-08T00:23:41,dask-benchmark,74b4ef03-3dda-44e7-8b7a-cd79e82f0a6e,dask_R6301_81ec5021,1.003555958159268,7.082709992630409e-08,7.05761341462372e-08,0.8,0.0,10.0,1.116806146585279e-07,0.0,1.3952789582415589e-06,1.5069595729000869e-06,Canada,CAN,,gcp,northamerica-northeast2,Linux-6.8.0-1032-gcp-x86_64-with-glibc2.35,3.10.12,3.0.4,2,Intel(R) Xeon(R) CPU @ 2.60GHz,,,,,15.61648178100586,machine,Y,1.0
2025-08-08T00:23:43,dask-benchmark,bec0591b-be17-410a-b219-cedd5f832c68,dask_R6301_81ec5021,1.0034590060822666,7.082024475357806e-08,7.057612151997768e-08,0.8,0.0,10.0,1.1166830381585493e-07,0.0,1.3951454143453802e-06,1.5068137181612352e-06,Canada,CAN,,gcp,northamerica-northeast2,Linux-6.8.0-1032-gcp-x86_64-with-glibc2.35,3.10.12,3.0.4,2,Intel(R) Xeon(R) CPU @ 2.60GHz,,,,,15.61648178100586,machine,Y,1.0
2025-08-08T00:23:45,dask-benchmark,8b1ddf6b-dd5c-4f2a-aad6-b29063ddb9ca,dask_R6301_81ec5021,1.0034332061186433,7.081548286043108e-08,7.057319055081984e-08,0.8,0.0,10.0,1.1165737308975724e-07,0.0,1.3950550281960103e-06,1.5067124012857676e-06,Canada,CAN,,gcp,northamerica-northeast2,Linux-6.8.0-1032-gcp-x86_64-with-glibc2.35,3.10.12,3.0.4,2,Intel(R) Xeon(R) CPU @ 2.60GHz,,,,,15.61648178100586,machine,Y,1.0
2025-08-08T00:23:47,dask-benchmark,1c77a398-3266-409e-a575-3df81e7d1e6e,dask_R6301_81ec5021,1.0034319357946515,7.081326635005987e-08,7.057107096554632e-08,0.8,0.0,10.0,1.11652122810483e-07,0.0,1.3950131186801526e-06,1.5066652414906355e-06,Canada,CAN,,gcp,northamerica-northeast2,Linux-6.8.0-1032-gcp-x86_64-with-glibc2.35,3.10.12,3.0.4,2,Intel(R) Xeon(R) CPU @ 2.60GHz,,,,,15.61648178100586,machine,Y,1.0
2025-08-08T00:23:49,dask-benchmark,ea1c1918-4de8-40c3-ab2f-c728307cc1a2,dask_R6301_81ec5021,1.0032779346220195,7.078591157030314e-08,7.055463807939864e-08,0.8,0.0,10.0,1.116142805872692e-07,0.0,1.3944689443127978e-06,1.506083224900067e-06,Canada,CAN,,gcp,northamerica-northeast2,Linux-6.8.0-1032-gcp-x86_64-with-glibc2.35,3.10.12,3.0.4,2,Intel(R) Xeon(R) CPU @ 2.60GHz,,,,,15.61648178100586,machine,Y,1.0
2025-08-08T00:23:52,dask-benchmark,2095aa95-3238-439b-b530-785e88073c35,dask_R6301_81ec5021,1.003285912796855,7.078761738114473e-08,7.05557772497876e-08,0.8,0.0,10.0,1.1161403554595181e-07,0.0,1.3945054832018084e-06,1.5061195187477602e-06,Canada,CAN,,gcp,northamerica-northeast2,Linux-6.8.0-1032-gcp-x86_64-with-glibc2.35,3.10.12,3.0.4,2,Intel(R) Xeon(R) CPU @ 2.60GHz,,,,,15.61648178100586,machine,Y,1.0
2025-08-08T00:23:54,dask-benchmark,3fc56a38-23e2-4c35-8998-01152ad88327,dask_R6301_81ec5021,1.0030310559086502,7.07525730412971e-08,7.053876609752829e-08,0.8,0.0,10.0,1.1155772840397225e-07,0.0,1.3938161660917105e-06,1.5053738944956826e-06,Canada,CAN,,gcp,northamerica-northeast2,Linux-6.8.0-1032-gcp-x86_64-with-glibc2.35,3.10.12,3.0.4,2,Intel(R) Xeon(R) CPU @ 2.60GHz,,,,,15.61648178100586,machine,Y,1.0
2025-08-08T00:23:56,dask-benchmark,88173b1b-f772-4e9c-99da-b8677cd34eab,dask_R6301_81ec5021,1.0031081270426512,7.075795159908013e-08,7.053870833215929e-08,0.8,0.0,10.0,1.1158430069271064e-07,0.0,1.3939040312026111e-06,1.5054883318953218e-06,Canada,CAN,,gcp,northamerica-northeast2,Linux-6.8.0-1032-gcp-x86_64-with-glibc2.35,3.10.12,3.0.4,2,Intel(R) Xeon(R) CPU @ 2.60GHz,,,,,15.61648178100586,machine,Y,1.0
2025-08-08T00:23:58,dask-benchmark,14d60953-6557-47f4-a790-ed54fb657e83,dask_R6301_81ec5021,1.0027473797090352,7.071717042874337e-08,7.052341582708819e-08,0.8,0.0,10.0,1.1149830371141437e-07,0.0,1.3931223437086575e-06,1.5046206474200718e-06,Canada,CAN,,gcp,northamerica-northeast2,Linux-6.8.0-1032-gcp-x86_64-with-glibc2.35,3.10.12,3.0.4,2,Intel(R) Xeon(R) CPU @ 2.60GHz,,,,,15.61648178100586,machine,Y,1.0
2025-08-08T00:24:00,dask-benchmark,a1ad3808-51c8-4007-a08f-7742b920227d,dask_R6301_81ec5021,1.0028900522738695,7.073437566025596e-08,7.053053871646122e-08,0.8,0.0,10.0,1.1152789338181417e-07,0.0,1.3934588227938446e-06,1.5049867161756588e-06,Canada,CAN,,gcp,northamerica-northeast2,Linux-6.8.0-1032-gcp-x86_64-with-glibc2.35,3.10.12,3.0.4,2,Intel(R) Xeon(R) CPU @ 2.60GHz,,,,,15.61648178100586,machine,Y,1.0
2025-08-08T00:24:02,dask-benchmark,39caf597-b9d5-4ae2-9c91-17acde505146,dask_R6301_81ec5021,1.003287648782134,7.0783929484172e-08,7.055197935516786e-08,0.8,0.0,10.0,1.1161064460045764e-07,0.0,1.394430408254266e-06,1.5060410528547237e-06,Canada,CAN,,gcp,northamerica-northeast2,Linux-6.8.0-1032-gcp-x86_64-with-glibc2.35,3.10.12,3.0.4,2,Intel(R) Xeon(R) CPU @ 2.60GHz,,,,,15.61648178100586,machine,Y,1.0
2025-08-08T00:24:04,dask-benchmark,1ec55c55-b066-48ee-aa25-705124badade,dask_R6301_81ec5021,1.0029876898042858,7.074525358455462e-08,7.053451832330987e-08,0.8,0.0,10.0,1.115581172828873e-07,0.0,1.3936600440906154e-06,1.5052181613735027e-06,Canada,CAN,,gcp,northamerica-northeast2,Linux-6.8.0-1032-gcp-x86_64-with-glibc2.35,3.10.12,3.0.4,2,Intel(R) Xeon(R) CPU @ 2.60GHz,,,,,15.61648178100586,machine,Y,1.0
2025-08-08T00:24:06,dask-benchmark,ede3d2fb-7338-4d81-852c-4a6dbbbadfd0,dask_R6301_81ec5021,1.0030108522623775,7.074877950264556e-08,7.053640480864745e-08,0.8,0.0,10.0,1.115532409813669e-07,0.0,1.3937399399259851e-06,1.5052931809073523e-06,Canada,CAN,,gcp,northamerica-northeast2,Linux-6.8.0-1032-gcp-x86_64-with-glibc2.35,3.10.12,3.0.4,2,Intel(R) Xeon(R) CPU @ 2.60GHz,,,,,15.61648178100586,machine,Y,1.0
2025-08-08T00:24:09,dask-benchmark,edb12ee5-4056-4731-9536-1db5d2a079ac,dask_R6301_81ec5021,1.0026637758128345,7.071364511373556e-08,7.052578024613463e-08,0.8,0.0,10.0,1.1149214891095957e-07,0.0,1.3930534918068184e-06,1.504545640717778e-06,Canada,CAN,,gcp,northamerica-northeast2,Linux-6.8.0-1032-gcp-x86_64-with-glibc2.35,3.10.12,3.0.4,2,Intel(R) Xeon(R) CPU @ 2.60GHz,,,,,15.61648178100586,machine,Y,1.0
2025-08-08T00:24:11,dask-benchmark,d95ee108-f8ec-4426-8cd8-865107f86cf4,dask_R6301_81ec5021,1.0027623199857771,7.071998937050297e-08,7.052517626660127e-08,0.8,0.0,10.0,1.1150988863988057e-07,0.0,1.3931707362644375e-06,1.5046806249043182e-06,Canada,CAN,,gcp,northamerica-northeast2,Linux-6.8.0-1032-gcp-x86_64-with-glibc2.35,3.10.12,3.0.4,2,Intel(R) Xeon(R) CPU @ 2.60GHz,,,,,15.61648178100586,machine,Y,1.0
2025-08-08T00:24:13,dask-benchmark,4bbc8e58-c52a-4363-a27e-2f419d8d6dae,dask_R6301_81ec5021,1.0029260641895237,7.075013566146503e-08,7.054372020796873e-08,0.8,0.0,10.0,1.115518817678094e-07,0.0,1.3937701535825102e-06,1.5053220353503197e-06,Canada,CAN,,gcp,northamerica-northeast2,Linux-6.8.0-1032-gcp-x86_64-with-glibc2.35,3.10.12,3.0.4,2,Intel(R) Xeon(R) CPU @ 2.60GHz,,,,,15.61648178100586,machine,Y,1.0
2025-08-08T00:24:15,dask-benchmark,14c69200-c0e4-43f1-8d79-ccac3a443534,dask_R6301_81ec5021,1.002691384870559,7.071455789217726e-08,7.052474865065891e-08,0.8,0.0,10.0,1.11493692215946e-07,0.0,1.3930713693197404e-06,1.5045650615356865e-06,Canada,CAN,,gcp,northamerica-northeast2,Linux-6.8.0-1032-gcp-x86_64-with-glibc2.35,3.10.12,3.0.4,2,Intel(R) Xeon(R) CPU @ 2.60GHz,,,,,15.61648178100586,machine,Y,1.0
2025-08-08T00:24:17,dask-benchmark,d219833c-1d9d-4f14-bfbe-e4ff4cee372a,dask_R6301_81ec5021,1.003480982966721,7.081424267108863e-08,7.056859459531688e-08,0.8,0.0,10.0,1.1164716651870144e-07,0.0,1.3950388477597798e-06,1.5066860142784811e-06,Canada,CAN,,gcp,northamerica-northeast2,Linux-6.8.0-1032-gcp-x86_64-with-glibc2.35,3.10.12,3.0.4,2,Intel(R) Xeon(R) CPU @ 2.60GHz,,,,,15.61648178100586,machine,Y,1.0
2025-08-08T00:24:19,dask-benchmark,430b5001-5f78-4da5-948e-c29e6e377c25,dask_R6301_81ec5021,1.0034658778458834,7.081305026878708e-08,7.056846857692837e-08,0.8,0.0,10.0,1.1165541441490253e-07,0.0,1.3950052296018436e-06,1.506660644016746e-06,Canada,CAN,,gcp,northamerica-northeast2,Linux-6.8.0-1032-gcp-x86_64-with-glibc2.35,3.10.12,3.0.4,2,Intel(R) Xeon(R) CPU @ 2.60GHz,,,,,15.61648178100586,machine,Y,1.0
2025-08-08T00:24:21,dask-benchmark,2e098ca1-6da4-475b-8c8d-8dbb59af61ad,dask_R6301_81ec5021,1.003361871931702,7.081014488430486e-08,7.057288787342405e-08,0.8,0.0,10.0,1.116422942529122e-07,0.0,1.3949565330727232e-06,1.5065988273256354e-06,Canada,CAN,,gcp,northamerica-northeast2,Linux-6.8.0-1032-gcp-x86_64-with-glibc2.35,3.10.12,3.0.4,2,Intel(R) Xeon(R) CPU @ 2.60GHz,,,,,15.61648178100586,machine,Y,1.0
2025-08-08T00:24:24,dask-benchmark,7aa17924-2d48-441b-b9d2-96058e092d49,dask_R6301_81ec5021,1.0034491186961532,7.081773736746983e-08,7.057431816721105e-08,0.8,0.0,10.0,1.1165611704604497e-07,0.0,1.3951042524745896e-06,1.5067603695206346e-06,Canada,CAN,,gcp,northamerica-northeast2,Linux-6.8.0-1032-gcp-x86_64-with-glibc2.35,3.10.12,3.0.4,2,Intel(R) Xeon(R) CPU @ 2.60GHz,,,,,15.61648178100586,machine,Y,1.0
2025-08-08T00:24:26,dask-benchmark,a4c9ff09-6368-4d0e-9aea-0df591a4eb9f,dask_R6301_81ec5021,1.003339926712215,7.078079449038747e-08,7.054517876341753e-08,0.8,0.0,10.0,1.11628039740026e-07,0.0,1.3943463111192814e-06,1.5059743508593075e-06,Canada,CAN,,gcp,northamerica-northeast2,Linux-6.8.0-1032-gcp-x86_64-with-glibc2.35,3.10.12,3.0.4,2,Intel(R) Xeon(R) CPU @ 2.60GHz,,,,,15.61648178100586,machine,Y,1.0
2025-08-08T00:24:28,dask-benchmark,d76a8b36-2947-4514-8d66-fc6c33ad85ea,dask_R6301_81ec5021,1.003308781888336,7.078806716198514e-08,7.055461732205148e-08,0.8,0.0,10.0,1.1161736419631377e-07,0.0,1.3945117243565618e-06,1.5061290885528757e-06,Canada,CAN,,gcp,northamerica-northeast2,Linux-6.8.0-1032-gcp-x86_64-with-glibc2.35,3.10.12,3.0.4,2,Intel(R) Xeon(R) CPU @ 2.60GHz,,,,,15.61648178100586,machine,Y,1.0
2025-08-08T00:24:30,dask-benchmark,8cacf317-39f9-4437-a04c-b1d1efa92f66,dask_R6301_81ec5021,1.0032177506946027,7.077293608496038e-08,7.05459368476674e-08,0.8000576,0.0,10.0,1.1161251197335045e-07,0.0,1.3941946387704876e-06,1.505807150743838e-06,Canada,CAN,,gcp,northamerica-northeast2,Linux-6.8.0-1032-gcp-x86_64-with-glibc2.35,3.10.12,3.0.4,2,Intel(R) Xeon(R) CPU @ 2.60GHz,,,,,15.61648178100586,machine,Y,1.0
2025-08-08T00:24:32,dask-benchmark,dbef6af8-9ebd-4318-95ab-19d45a2d7100,dask_R6301_81ec5021,1.0029603452421725,7.075338972039107e-08,7.054455348711432e-08,0.8,0.0,10.0,1.1155600338760353e-07,0.0,1.393835267259015e-06,1.5053912706466185e-06,Canada,CAN,,gcp,northamerica-northeast2,Linux-6.8.0-1032-gcp-x86_64-with-glibc2.35,3.10.12,3.0.4,2,Intel(R) Xeon(R) CPU @ 2.60GHz,,,,,15.61648178100586,machine,Y,1.0
2025-08-08T00:24:34,dask-benchmark,1efc9fb1-baeb-4a23-8355-05b1809d73a1,dask_R6301_81ec5021,1.0027495520189404,7.071384126408441e-08,7.051994301239911e-08,0.8,0.0,10.0,1.1149563805924525e-07,0.0,1.3930541760702102e-06,1.5045498141294557e-06,Canada,CAN,,gcp,northamerica-northeast2,Linux-6.8.0-1032-gcp-x86_64-with-glibc2.35,3.10.12,3.0.4,2,Intel(R) Xeon(R) CPU @ 2.60GHz,,,,,15.61648178100586,machine,Y,1.0
2025-08-08T00:24:36,dask-benchmark,1b0ce11d-822a-4847-9433-9e6d63a8258b,dask_R6301_81ec5021,1.0031531201675534,7.077703435475835e-08,7.055456732561098e-08,0.8,0.0,10.0,1.1159538684619797e-07,0.0,1.3942989611273837e-06,1.5058943479735816e-06,Canada,CAN,,gcp,northamerica-northeast2,Linux-6.8.0-1032-gcp-x86_64-with-glibc2.35,3.10.12,3.0.4,2,Intel(R) Xeon(R) CPU @ 2.60GHz,,,,,15.61648178100586,machine,Y,1.0
2025-08-08T00:24:39,dask-benchmark,c39e4750-5025-4923-b6b5-4d3a984fd075,dask_R6301_81ec5021,1.0032449928112328,7.078128953164238e-08,7.055234767063555e-08,0.8,0.0,10.0,1.116116068636378e-07,0.0,1.3943732767883274e-06,1.5059848836519653e-06,Canada,CAN,,gcp,northamerica-northeast2,Linux-6.8.0-1032-gcp-x86_64-with-glibc2.35,3.10.12,3.0.4,2,Intel(R) Xeon(R) CPU @ 2.60GHz,,,,,15.61648178100586,machine,Y,1.0
2025-08-08T00:24:41,dask-benchmark,9d574747-4889-4982-8a1a-3aec1e7603f2,dask_R6301_81ec5021,1.002973057795316,7.074465938233255e-08,7.053495488486981e-08,0.8,0.0,10.0,1.115466465966569e-07,0.0,1.3936588721763755e-06,1.5052055187730329e-06,Canada,CAN,,gcp,northamerica-northeast2,Linux-6.8.0-1032-gcp-x86_64-with-glibc2.35,3.10.12,3.0.4,2,Intel(R) Xeon(R) CPU @ 2.60GHz,,,,,15.61648178100586,machine,Y,1.0
2025-08-08T00:24:43,dask-benchmark,0bd4e03e-9e35-4b70-8dce-84d25356d06b,dask_R6301_81ec5021,1.0029767439700663,7.074986523219074e-08,7.053988605173708e-08,0.8,0.0,10.0,1.1155150375432441e-07,0.0,1.393764777781649e-06,1.5053162815359731e-06,Canada,CAN,,gcp,northamerica-northeast2,Linux-6.8.0-1032-gcp-x86_64-with-glibc2.35,3.10.12,3.0.4,2,Intel(R) Xeon(R) CPU @ 2.60GHz,,,,,15.61648178100586,machine,Y,1.0
2025-08-08T00:24:45,dask-benchmark,ab7360b9-50fd-457e-9ae4-7ded623415d7,dask_R6301_81ec5021,1.0028198109939694,7.072010159016484e-08,7.052124500818234e-08,0.8,0.0,10.0,1.115084591632089e-07,0.0,1.3931745533934898e-06,1.5046830125566986e-06,Canada,CAN,,gcp,northamerica-northeast2,Linux-6.8.0-1032-gcp-x86_64-with-glibc2.35,3.10.12,3.0.4,2,Intel(R) Xeon(R) CPU @ 2.60GHz,,,,,15.61648178100586,machine,Y,1.0
2025-08-08T00:24:47,dask-benchmark,25901f37-b813-4ffa-b481-1d3fa0295907,dask_R6301_81ec5021,1.0030170963145792,7.075700428683519e-08,7.054416574435282e-08,0.8,0.0,10.0,1.1156523165603478e-07,0.0,1.3939029446596074e-06,1.5054681763156422e-06,Canada,CAN,,gcp,northamerica-northeast2,Linux-6.8.0-1032-gcp-x86_64-with-glibc2.35,3.10.12,3.0.4,2,Intel(R) Xeon(R) CPU @ 2.60GHz,,,,,15.61648178100586,machine,Y,1.0
2025-08-08T00:24:49,dask-benchmark,e24814f7-c2ee-4348-b147-e3ca3a276265,dask_R6301_81ec5021,1.003138013649732,7.076460800728658e-08,7.054324234989626e-08,0.8,0.0,10.0,1.1158763017091486e-07,0.0,1.3940423274309272e-06,1.505629957601842e-06,Canada,CAN,,gcp,northamerica-northeast2,Linux-6.8.0-1032-gcp-x86_64-with-glibc2.35,3.10.12,3.0.4,2,Intel(R) Xeon(R) CPU @ 2.60GHz,,,,,15.61648178100586,machine,Y,1.0
2025-08-08T00:24:51,dask-benchmark,b977898f-bbde-4cf7-9971-4adcfebdd78c,dask_R6301_81ec5021,1.002691122237593,7.071587715836034e-08,7.05260828484765e-08,0.8,0.0,10.0,1.1149443385915625e-07,0.0,1.3930986971697872e-06,1.5045931310289437e-06,Canada,CAN,,gcp,northamerica-northeast2,Linux-6.8.0-1032-gcp-x86_64-with-glibc2.35,3.10.12,3.0.4,2,Intel(R) Xeon(R) CPU @ 2.60GHz,,,,,15.61648178100586,machine,Y,1.0
2025-08-08T00:24:54,dask-benchmark,706cf3e7-58dc-4178-947f-ba76e4e50298,dask_R6301_81ec5021,1.0035578031092882,7.0827572801823e-08,7.057647559749962e-08,0.8,0.0,10.0,1.116786307344835e-07,0.0,1.3952910033468571e-06,1.5069696340813405e-06,Canada,CAN,,gcp,northamerica-northeast2,Linux-6.8.0-1032-gcp-x86_64-with-glibc2.35,3.10.12,3.0.4,2,Intel(R) Xeon(R) CPU @ 2.60GHz,,,,,15.61648178100586,machine,Y,1.0
2025-08-08T00:24:56,dask-benchmark,a2f86d2f-3c59-4261-94e3-a7b2ea523db7,dask_R6301_81ec5021,1.0031986548565328,7.08288289242321e-08,7.060299431358518e-08,0.8,0.0,10.0,1.1169690111031137e-07,0.0,1.3952994589797329e-06,1.506996360090044e-06,Canada,CAN,,gcp,northamerica-northeast2,Linux-6.8.0-1032-gcp-x86_64-with-glibc2.35,3.10.12,3.0.4,2,Intel(R) Xeon(R) CPU @ 2.60GHz,,,,,15.61648178100586,machine,Y,1.0
2025-08-08T00:24:58,dask-benchmark,867d2713-c1ce-45fd-b6fd-99326bebab8b,dask_R6301_81ec5021,1.0035287477076054,7.081732394670446e-08,7.056830619797877e-08,0.8,0.0,10.0,1.1165894557618437e-07,0.0,1.3950926277579533e-06,1.5067515733341377e-06,Canada,CAN,,gcp,northamerica-northeast2,Linux-6.8.0-1032-gcp-x86_64-with-glibc2.35,3.10.12,3.0.4,2,Intel(R) Xeon(R) CPU @ 2.60GHz,,,,,15.61648178100586,machine,Y,1.0
2025-08-08T00:25:00,dask-benchmark,03cbb343-0088-40bf-852a-20f2a45f8a45,dask_R6301_81ec5021,1.0035210009664297,7.082473091858751e-08,7.057623193772782e-08,0.8,0.0,10.0,1.1166954309576089e-07,0.0,1.3952396253848245e-06,1.5069091684805853e-06,Canada,CAN,,gcp,northamerica-northeast2,Linux-6.8.0-1032-gcp-x86_64-with-glibc2.35,3.10.12,3.0.4,2,Intel(R) Xeon(R) CPU @ 2.60GHz,,,,,15.61648178100586,machine,Y,1.0
2025-08-08T00:25:02,dask-benchmark,a93e1e8d-466d-47cb-b7fd-95e8f9e72ca8,dask_R6301_81ec5021,1.0033658095635474,7.079650419981528e-08,7.055901598900499e-08,0.8,0.0,10.0,1.116279194959336e-07,0.0,1.3946806805001365e-06,1.50630859999607e-06,Canada,CAN,,gcp,northamerica-northeast2,Linux-6.8.0-1032-gcp-x86_64-with-glibc2.35,3.10.12,3.0.4,2,Intel(R) Xeon(R) CPU @ 2.60GHz,,,,,15.61648178100586,machine,Y,1.0
2025-08-08T00:25:04,dask-benchmark,9e4d19b2-f580-4cd8-bfb3-7dd1b0e77f3a,dask_R6301_81ec5021,1.0033883466385305,7.080127190250077e-08,7.05621827677124e-08,0.8,0.0,10.0,1.116428297633926e-07,0.0,1.3947672107153469e-06,1.5064100404787395e-06,Canada,CAN,,gcp,northamerica-northeast2,Linux-6.8.0-1032-gcp-x86_64-with-glibc2.35,3.10.12,3.0.4,2,Intel(R) Xeon(R) CPU @ 2.60GHz,,,,,15.61648178100586,machine,Y,1.0
2025-08-08T00:25:06,dask-benchmark,6467ced2-c41c-4dd3-a6e9-6ee7def1a2b9,dask_R6301_81ec5021,1.0031292499043047,7.07614961884295e-08,7.054075653279967e-08,0.8,0.0,10.0,1.1157421043349637e-07,0.0,1.3939895382564929e-06,1.5055637486899893e-06,Canada,CAN,,gcp,northamerica-northeast2,Linux-6.8.0-1032-gcp-x86_64-with-glibc2.35,3.10.12,3.0.4,2,Intel(R) Xeon(R) CPU @ 2.60GHz,,,,,15.61648178100586,machine,Y,1.0
2025-08-08T00:25:09,dask-benchmark,88bdb9b3-c3fe-4880-8f05-9eb16c93af66,dask_R6301_81ec5021,1.003103288821876,7.07601052356056e-08,7.054119553202928e-08,0.8,0.0,10.0,1.1157599350230565e-07,0.0,1.39395816044675e-06,1.5055341539490557e-06,Canada,CAN,,gcp,northamerica-northeast2,Linux-6.8.0-1032-gcp-x86_64-with-glibc2.35,3.10.12,3.0.4,2,Intel(R) Xeon(R) CPU @ 2.60GHz,,,,,15.61648178100586,machine,Y,1.0
2025-08-08T00:25:11,dask-benchmark,80e6a49a-5bc5-42fd-94cf-db0a38da3d17,dask_R6301_81ec5021,1.0027732532471418,7.071513418429014e-08,7.051956557008586e-08,0.8,0.0,10.0,1.1149667803612024e-07,0.0,1.3930806450338826e-06,1.5045773230700028e-06,Canada,CAN,,gcp,northamerica-northeast2,Linux-6.8.0-1032-gcp-x86_64-with-glibc2.35,3.10.12,3.0.4,2,Intel(R) Xeon(R) CPU @ 2.60GHz,,,,,15.61648178100586,machine,Y,1.0
2025-08-08T00:25:13,dask-benchmark,59321250-57d8-4629-963a-489ce89f0c7c,dask_R6301_81ec5021,1.0034526200033724,7.079426919813788e-08,7.055068449360363e-08,0.8,0.0,10.0,1.1164028394139477e-07,0.0,1.3946207628274958e-06,1.5062610467688906e-06,Canada,CAN,,gcp,northamerica-northeast2,Linux-6.8.0-1032-gcp-x86_64-with-glibc2.35,3.10.12,3.0.4,2,Intel(R) Xeon(R) CPU @ 2.60GHz,,,,,15.61648178100586,machine,Y,1.0
2025-08-08T00:25:15,dask-benchmark,a982267f-6e35-4d08-98ed-8ac7a9ca7cac,dask_R6301_81ec5021,1.0032331910915673,7.078606222192239e-08,7.055793493525037e-08,0.8,0.0,10.0,1.1160818953067065e-07,0.0,1.3944782407229973e-06,1.506086430253668e-06,Canada,CAN,,gcp,northamerica-northeast2,Linux-6.8.0-1032-gcp-x86_64-with-glibc2.35,3.10.12,3.0.4,2,Intel(R) Xeon(R) CPU @ 2.60GHz,,,,,15.61648178100586,machine,Y,1.0
2025-08-08T00:25:17,dask-benchmark,c6cbd506-0120-4193-99f1-c029e393922b,dask_R6301_81ec5021,1.0031880191527307,7.075433528904493e-08,7.05294859370454e-08,0.8,0.0,10.0,1.115849448574914e-07,0.0,1.393826444271124e-06,1.5054113891286155e-06,Canada,CAN,,gcp,northamerica-northeast2,Linux-6.8.0-1032-gcp-x86_64-with-glibc2.35,3.10.12,3.0.4,2,Intel(R) Xeon(R) CPU @ 2.60GHz,,,,,15.61648178100586,machine,Y,1.0
2025-08-08T00:25:19,dask-benchmark,136ff7ad-349b-4b45-841e-e535c5c6f423,dask_R6301_81ec5021,1.0030726501718163,7.07523320488011e-08,7.05356008228137e-08,0.8,0.0,10.0,1.1156207840475773e-07,0.0,1.39380668859101e-06,1.5053687669957675e-06,Canada,CAN,,gcp,northamerica-northeast2,Linux-6.8.0-1032-gcp-x86_64-with-glibc2.35,3.10.12,3.0.4,2,Intel(R) Xeon(R) CPU @ 2.60GHz,,,,,15.61648178100586,machine,Y,1.0
2025-08-08T00:25:21,dask-benchmark,e0be8d93-bae5-429b-8208-3db611e32a83,dask_R6301_81ec5021,1.0028133844025433,7.072033297953508e-08,7.052192768813997e-08,0.8,0.0,10.0,1.115121716219518e-07,0.0,1.3931757641128369e-06,1.5046879357347887e-06,Canada,CAN,,gcp,northamerica-northeast2,Linux-6.8.0-1032-gcp-x86_64-with-glibc2.35,3.10.12,3.0.4,2,Intel(R) Xeon(R) CPU @ 2.60GHz,,,,,15.61648178100586,machine,Y,1.0
2025-08-08T00:25:24,dask-benchmark,41d02555-b47e-4b00-973e-7ea08ff2cbb7,dask_R6301_81ec5021,1.0031135492026806,7.07609434335803e-08,7.05413095953337e-08,0.8,0.0,10.0,1.115686869662669e-07,0.0,1.3939833009822502e-06,1.505551987948517e-06,Canada,CAN,,gcp,northamerica-northeast2,Linux-6.8.0-1032-gcp-x86_64-with-glibc2.35,3.10.12,3.0.4,2,Intel(R) Xeon(R) CPU @ 2.60GHz,,,,,15.61648178100586,machine,Y,1.0
2025-08-08T00:25:26,dask-benchmark,6e8e83bb-5345-46f8-a731-8e833b385a6a,dask_R6301_81ec5021,1.003242620266974,7.076574802647036e-08,7.053702324532305e-08,0.8,0.0,10.0,1.1158773230595721e-07,0.0,1.394066481023199e-06,1.5056542133291562e-06,Canada,CAN,,gcp,northamerica-northeast2,Linux-6.8.0-1032-gcp-x86_64-with-glibc2.35,3.10.12,3.0.4,2,Intel(R) Xeon(R) CPU @ 2.60GHz,,,,,15.61648178100586,machine,Y,1.0
2025-08-08T00:25:28,dask-benchmark,d992f44c-b470-4836-8c8e-a167284a06b6,dask_R6301_81ec5021,1.0028150221332908,7.07226515398361e-08,7.052412456824554e-08,0.8,0.0,10.0,1.1151323560625317e-07,0.0,1.39322403119877e-06,1.5047372668050231e-06,Canada,CAN,,gcp,northamerica-northeast2,Linux-6.8.0-1032-gcp-x86_64-with-glibc2.35,3.10.12,3.0.4,2,Intel(R) Xeon(R) CPU @ 2.60GHz,,,,,15.61648178100586,machine,Y,1.0
2025-08-08T00:25:30,dask-benchmark,bf25e2c4-9b50-4946-9d6d-d8aec0e8980d,dask_R6301_81ec5021,1.0034779380075634,7.081544187266587e-08,7.05700037743452e-08,0.8,0.0,10.0,1.1165639106184245e-07,0.0,1.3950551381438142e-06,1.5067115292056568e-06,Canada,CAN,,gcp,northamerica-northeast2,Linux-6.8.0-1032-gcp-x86_64-with-glibc2.35,3.10.12,3.0.4,2,Intel(R) Xeon(R) CPU @ 2.60GHz,,,,,15.61648178100586,machine,Y,1.0
2025-08-08T00:25:32,dask-benchmark,fd884976-1d88-41d8-ac49-1cb91237db80,dask_R6301_81ec5021,1.0036796112544837,7.08178944098246e-08,7.055826741494768e-08,0.8,0.0,10.0,1.1167613292733829e-07,0.0,1.3950875779199931e-06,1.5067637108473315e-06,Canada,CAN,,gcp,northamerica-northeast2,Linux-6.8.0-1032-gcp-x86_64-with-glibc2.35,3.10.12,3.0.4,2,Intel(R) Xeon(R) CPU @ 2.60GHz,,,,,15.61648178100586,machine,Y,1.0
2025-08-08T00:25:34,dask-benchmark,c71a2fe0-5246-435d-a2d6-3bf96a58b502,dask_R6301_81ec5021,1.0035243569873271,7.082494860240776e-08,7.057621283356868e-08,0.8,0.0,10.0,1.1167077533900741e-07,0.0,1.3952430247122215e-06,1.506913800051229e-06,Canada,CAN,,gcp,northamerica-northeast2,Linux-6.8.0-1032-gcp-x86_64-with-glibc2.35,3.10.12,3.0.4,2,Intel(R) Xeon(R) CPU @ 2.60GHz,,,,,15.61648178100586,machine,Y,1.0
2025-08-08T00:25:36,dask-benchmark,979cff30-8af9-4575-8759-899f808f5922,dask_R6301_81ec5021,1.0036146407946944,7.08228382589813e-08,7.05677611507356e-08,0.8,0.0,10.0,1.116809155791998e-07,0.0,1.3951879835480616e-06,1.5068688991272617e-06,Canada,CAN,,gcp,northamerica-northeast2,Linux-6.8.0-1032-gcp-x86_64-with-glibc2.35,3.10.12,3.0.4,2,Intel(R) Xeon(R) CPU @ 2.60GHz,,,,,15.61648178100586,machine,Y,1.0
2025-08-08T00:25:39,dask-benchmark,7d412352-0b00-41aa-b72e-2f47daac2484,dask_R6301_81ec5021,1.0033884979784489,7.079878661160668e-08,7.055969522697012e-08,0.8,0.0,10.0,1.1163273774501352e-07,0.0,1.3947244242040649e-06,1.5063571619490784e-06,Canada,CAN,,gcp,northamerica-northeast2,Linux-6.8.0-1032-gcp-x86_64-with-glibc2.35,3.10.12,3.0.4,2,Intel(R) Xeon(R) CPU @ 2.60GHz,,,,,15.61648178100586,machine,Y,1.0
2025-08-08T00:25:41,dask-benchmark,bed8aaa6-f913-49d9-abed-f482a037549d,dask_R6301_81ec5021,1.0033039362169802,7.079250537702402e-08,7.055938168044226e-08,0.8,0.0,10.0,1.1162663778911036e-07,0.0,1.3945968808709748e-06,1.5062235186600852e-06,Canada,CAN,,gcp,northamerica-northeast2,Linux-6.8.0-1032-gcp-x86_64-with-glibc2.35,3.10.12,3.0.4,2,Intel(R) Xeon(R) CPU @ 2.60GHz,,,,,15.61648178100586,machine,Y,1.0
2025-08-08T00:25:43,dask-benchmark,748ddfe7-38b9-4649-92c4-8c71681f8a98,dask_R6301_81ec5021,1.0030360179953275,7.07614830543494e-08,7.054730018147667e-08,0.8,0.0,10.0,1.1156962491157985e-07,0.0,1.393993844329897e-06,1.5055634692414768e-06,Canada,CAN,,gcp,northamerica-northeast2,Linux-6.8.0-1032-gcp-x86_64-with-glibc2.35,3.10.12,3.0.4,2,Intel(R) Xeon(R) CPU @ 2.60GHz,,,,,15.61648178100586,machine,Y,1.0
2025-08-08T00:25:45,dask-benchmark,40ff9680-eed3-4385-a1e3-78f3c34a9d4c,dask_R6301_81ec5021,1.0031925570219755,7.076702223650904e-08,7.054181347455797e-08,0.8,0.0,10.0,1.1159141910158929e-07,0.0,1.3940899050794545e-06,1.5056813241810436e-06,Canada,CAN,,gcp,northamerica-northeast2,Linux-6.8.0-1032-gcp-x86_64-with-glibc2.35,3.10.12,3.0.4,2,Intel(R) Xeon(R) CPU @ 2.60GHz,,,,,15.61648178100586,machine,Y,1.0
2025-08-08T00:25:47,dask-benchmark,62b05fd0-4f35-4932-863e-5acb55348bcc,dask_R6301_81ec5021,1.0028458591550589,7.072277933509192e-08,7.052208341836197e-08,0.8,0.0,10.0,1.1151191892309324e-07,0.0,1.3932280669299264e-06,1.5047399858530196e-06,Canada,CAN,,gcp,northamerica-northeast2,Linux-6.8.0-1032-gcp-x86_64-with-glibc2.35,3.10.12,3.0.4,2,Intel(R) Xeon(R) CPU @ 2.60GHz,,,,,15.61648178100586,machine,Y,1.0
2025-08-08T00:25:49,dask-benchmark,bb36dc14-c7ac-422b-9bd8-a53261f09545,dask_R6301_81ec5021,1.0032768310047686,7.078474652317044e-08,7.05535544484571e-08,0.8,0.0,10.0,1.116132889356878e-07,0.0,1.3944451477275127e-06,1.5060584366632004e-06,Canada,CAN,,gcp,northamerica-northeast2,Linux-6.8.0-1032-gcp-x86_64-with-glibc2.35,3.10.12,3.0.4,2,Intel(R) Xeon(R) CPU @ 2.60GHz,,,,,15.61648178100586,machine,Y,1.0
2025-08-08T00:25:51,dask-benchmark,da73cc64-835d-4d8e-84e1-cafbebe4caf6,dask_R6301_81ec5021,1.0032712910324335,7.078316775129901e-08,7.055237041464465e-08,0.8,0.0,10.0,1.1162100866850881e-07,0.0,1.3944038371038104e-06,1.5060248457723192e-06,Canada,CAN,,gcp,northamerica-northeast2,Linux-6.8.0-1032-gcp-x86_64-with-glibc2.35,3.10.12,3.0.4,2,Intel(R) Xeon(R) CPU @ 2.60GHz,,,,,15.61648178100586,machine,Y,1.0
2025-08-08T00:25:54,dask-benchmark,5db5ffe2-0df1-432e-89a3-5da6cb2298df,dask_R6301_81ec5021,1.0030277180485427,7.075174138482869e-08,7.053817168929379e-08,0.8,0.0,10.0,1.1156124445713229e-07,0.0,1.3937949552200737e-06,1.505356199677206e-06,Canada,CAN,,gcp,northamerica-northeast2,Linux-6.8.0-1032-gcp-x86_64-with-glibc2.35,3.10.12,3.0.4,2,Intel(R) Xeon(R) CPU @ 2.60GHz,,,,,15.61648178100586,machine,Y,1.0
2025-08-08T00:25:56,dask-benchmark,159a4a62-c864-45f1-aaa6-26e44fe6c9b3,dask_R6301_81ec5021,1.003063042182475,7.074885263863122e-08,7.053280767347894e-08,0.8,0.0,10.0,1.1156724445107913e-07,0.0,1.3937274925410748e-06,1.5052947369921538e-06,Canada,CAN,,gcp,northamerica-northeast2,Linux-6.8.0-1032-gcp-x86_64-with-glibc2.35,3.10.12,3.0.4,2,Intel(R) Xeon(R) CPU @ 2.60GHz,,,,,15.61648178100586,machine,Y,1.0
2025-08-08T00:25:58,dask-benchmark,03434edf-7b1d-43d3-83ea-15dba7c56452,dask_R6301_81ec5021,1.002950574271381,7.07194289117534e-08,7.051137984853275e-08,0.8,0.0,10.0,1.1153406049642301e-07,0.0,1.3931346397536495e-06,1.5046687002500724e-06,Canada,CAN,,gcp,northamerica-northeast2,Linux-6.8.0-1032-gcp-x86_64-with-glibc2.35,3.10.12,3.0.4,2,Intel(R) Xeon(R) CPU @ 2.60GHz,,,,,15.61648178100586,machine,Y,1.0
2025-08-08T00:26:00,dask-benchmark,47d03d95-74b1-46ab-9d1c-e2c40fe3f566,dask_R6301_81ec5021,1.0033484692685306,7.07667317644486e-08,7.053056234394773e-08,0.8,0.0,10.0,1.1159018778966536e-07,0.0,1.394084956134773e-06,1.5056751439244384e-06,Canada,CAN,,gcp,northamerica-northeast2,Linux-6.8.0-1032-gcp-x86_64-with-glibc2.35,3.10.12,3.0.4,2,Intel(R) Xeon(R) CPU @ 2.60GHz,,,,,15.61648178100586,machine,Y,1.0
2025-08-08T00:26:02,dask-benchmark,7b35d36a-f0d3-4b53-9328-ae07b4bc6aac,dask_R6301_81ec5021,1.0032259551808238,7.076681144437236e-08,7.053925496935251e-08,0.8,0.0,10.0,1.1159301621632445e-07,0.0,1.3940838230256403e-06,1.505676839241965e-06,Canada,CAN,,gcp,northamerica-northeast2,Linux-6.8.0-1032-gcp-x86_64-with-glibc2.35,3.10.12,3.0.4,2,Intel(R) Xeon(R) CPU @ 2.60GHz,,,,,15.61648178100586,machine,Y,1.0
2025-08-08T00:26:04,dask-benchmark,24051b13-8bfa-44f3-854d-d88dd75c7253,dask_R6301_81ec5021,1.0027816742658615,7.071798135179819e-08,7.05218126403945e-08,0.8,0.0,10.0,1.115059233787987e-07,0.0,1.3931319777232904e-06,1.5046379011020892e-06,Canada,CAN,,gcp,northamerica-northeast2,Linux-6.8.0-1032-gcp-x86_64-with-glibc2.35,3.10.12,3.0.4,2,Intel(R) Xeon(R) CPU @ 2.60GHz,,,,,15.61648178100586,machine,Y,1.0
2025-08-08T00:26:06,dask-benchmark,a87fe167-1fe9-406e-96ef-728453c38179,dask_R6301_81ec5021,1.0035298727452755,7.081630548767538e-08,7.05672122085902e-08,0.8,0.0,10.0,1.1165820641650105e-07,0.0,1.3950716975765924e-06,1.5067299039930933e-06,Canada,CAN,,gcp,northamerica-northeast2,Linux-6.8.0-1032-gcp-x86_64-with-glibc2.35,3.10.12,3.0.4,2,Intel(R) Xeon(R) CPU @ 2.60GHz,,,,,15.61648178100586,machine,Y,1.0
2025-08-08T00:26:09,dask-benchmark,cddbd310-51b0-47d2-9cd0-332c7aaedfad,dask_R6301_81ec5021,1.003418511711061,7.08120317149183e-08,7.057078466109557e-08,0.8,0.0,10.0,1.1164912022650245e-07,0.0,1.3949898524313335e-06,1.506638972657836e-06,Canada,CAN,,gcp,northamerica-northeast2,Linux-6.8.0-1032-gcp-x86_64-with-glibc2.35,3.10.12,3.0.4,2,Intel(R) Xeon(R) CPU @ 2.60GHz,,,,,15.61648178100586,machine,Y,1.0
2025-08-08T00:26:11,dask-benchmark,aa8651b6-644d-483f-8dcc-880f06f16d0d,dask_R6301_81ec5021,1.0035119019448755,7.081672361151626e-08,7.056889258041537e-08,0.8,0.0,10.0,1.1166348991294701e-07,0.0,1.3950753103320797e-06,1.5067388002450268e-06,Canada,CAN,,gcp,northamerica-northeast2,Linux-6.8.0-1032-gcp-x86_64-with-glibc2.35,3.10.12,3.0.4,2,Intel(R) Xeon(R) CPU @ 2.60GHz,,,,,15.61648178100586,machine,Y,1.0
2025-08-08T00:26:13,dask-benchmark,62dcd34c-e66b-4e23-bdef-921a5230e6bf,dask_R6301_81ec5021,1.0035152533091605,7.081396027012831e-08,7.056590324523163e-08,0.8,0.0,10.0,1.116672440742453e-07,0.0,1.3950127616731657e-06,1.506680005747411e-06,Canada,CAN,,gcp,northamerica-northeast2,Linux-6.8.0-1032-gcp-x86_64-with-glibc2.35,3.10.12,3.0.4,2,Intel(R) Xeon(R) CPU @ 2.60GHz,,,,,15.61648178100586,machine,Y,1.0
2025-08-08T00:26:15,dask-benchmark,9738be19-3fe5-4de7-91f2-1a45409a2e1f,dask_R6301_81ec5021,1.0032408060505986,7.07825073072066e-08,7.055385594397031e-08,0.8,0.0,10.0,1.1160238025089105e-07,0.0,1.394408413519462e-06,1.5060107937703531e-06,Canada,CAN,,gcp,northamerica-northeast2,Linux-6.8.0-1032-gcp-x86_64-with-glibc2.35,3.10.12,3.0.4,2,Intel(R) Xeon(R) CPU @ 2.60GHz,,,,,15.61648178100586,machine,Y,1.0
2025-08-08T00:26:17,dask-benchmark,96d7b60b-cce9-4001-85c8-59322163c5a9,dask_R6301_81ec5021,1.003342874813825,7.079607808025969e-08,7.056020415094515e-08,0.8,0.0,10.0,1.1163313728239804e-07,0.0,1.3946663963401486e-06,1.5062995336225463e-06,Canada,CAN,,gcp,northamerica-northeast2,Linux-6.8.0-1032-gcp-x86_64-with-glibc2.35,3.10.12,3.0.4,2,Intel(R) Xeon(R) CPU @ 2.60GHz,,,,,15.61648178100586,machine,Y,1.0
2025-08-08T00:26:19,dask-benchmark,dac56343-cf78-4f57-92d3-874f773bca82,dask_R6301_81ec5021,1.003138849977404,7.075392796720069e-08,7.053253691529787e-08,0.8,0.0,10.0,1.1157840107464129e-07,0.0,1.3938243216317565e-06,1.5054027227063977e-06,Canada,CAN,,gcp,northamerica-northeast2,Linux-6.8.0-1032-gcp-x86_64-with-glibc2.35,3.10.12,3.0.4,2,Intel(R) Xeon(R) CPU @ 2.60GHz,,,,,15.61648178100586,machine,Y,1.0
2025-08-08T00:26:21,dask-benchmark,5e36c0e8-a096-43df-a784-75b5ae40708f,dask_R6301_81ec5021,1.0030607809312642,7.075351204141373e-08,7.053761186408324e-08,0.8000072,0.0,10.0,1.1156933428121205e-07,0.0,1.3938245389403569e-06,1.505393873221569e-06,Canada,CAN,,gcp,northamerica-northeast2,Linux-6.8.0-1032-gcp-x86_64-with-glibc2.35,3.10.12,3.0.4,2,Intel(R) Xeon(R) CPU @ 2.60GHz,,,,,15.61648178100586,machine,Y,1.0
2025-08-08T00:26:24,dask-benchmark,f3b95004-04c7-418d-9252-e63ab8437dd6,dask_R6301_81ec5021,1.002812194172293,7.072431446125525e-08,7.052598170650497e-08,0.8,0.0,10.0,1.1151009249604413e-07,0.0,1.3932625556157695e-06,1.5047726481118135e-06,Canada,CAN,,gcp,northamerica-northeast2,Linux-6.8.0-1032-gcp-x86_64-with-glibc2.35,3.10.12,3.0.4,2,Intel(R) Xeon(R) CPU @ 2.60GHz,,,,,15.61648178100586,machine,Y,1.0
2025-08-08T00:26:26,dask-benchmark,6f84de95-4e53-46a5-985d-6556cf3ed92b,dask_R6301_81ec5021,1.0033057010732591,7.079371175966743e-08,7.05604599714103e-08,0.8,0.0,10.0,1.1162212159898548e-07,0.0,1.3946270647769171e-06,1.5062491863759028e-06,Canada,CAN,,gcp,northamerica-northeast2,Linux-6.8.0-1032-gcp-x86_64-with-glibc2.35,3.10.12,3.0.4,2,Intel(R) Xeon(R) CPU @ 2.60GHz,,,,,15.61648178100586,machine,Y,1.0
2025-08-08T00:26:28,dask-benchmark,aa575ffa-07d9-47c5-924b-a0208a8ca9a4,dask_R6301_81ec5021,1.003291096072644,7.078200944994268e-08,7.054982320387069e-08,0.8,0.0,10.0,1.116170587225093e-07,0.0,1.3943831423401004e-06,1.5060002010626098e-06,Canada,CAN,,gcp,northamerica-northeast2,Linux-6.8.0-1032-gcp-x86_64-with-glibc2.35,3.10.12,3.0.4,2,Intel(R) Xeon(R) CPU @ 2.60GHz,,,,,15.61648178100586,machine,Y,1.0
2025-08-08T00:26:30,dask-benchmark,48f58d88-c67e-4533-9e68-4d7ad4950572,dask_R6301_81ec5021,1.002687798347324,7.07576961982478e-08,7.056802358109261e-08,0.8,0.0,10.0,1.1156173029707537e-07,0.0,1.393921167537984e-06,1.5054828978350594e-06,Canada,CAN,,gcp,northamerica-northeast2,Linux-6.8.0-1032-gcp-x86_64-with-glibc2.35,3.10.12,3.0.4,2,Intel(R) Xeon(R) CPU @ 2.60GHz,,,,,15.61648178100586,machine,Y,1.0
2025-08-08T00:26:32,dask-benchmark,d956cfa3-9972-4729-9bdd-ed145083e0fd,dask_R6301_81ec5021,1.0029693730175495,7.07413219301444e-08,7.053188644964398e-08,0.8,0.0,10.0,1.1154072866257696e-07,0.0,1.3935937804894317e-06,1.5051345091520085e-06,Canada,CAN,,gcp,northamerica-northeast2,Linux-6.8.0-1032-gcp-x86_64-with-glibc2.35,3.10.12,3.0.4,2,Intel(R) Xeon(R) CPU @ 2.60GHz,,,,,15.61648178100586,machine,Y,1.0
2025-08-08T00:26:34,dask-benchmark,8fe98b44-ccd0-4852-804b-dc4e15a7ea4d,dask_R6301_81ec5021,1.0027836351655424,7.072066762500132e-08,7.05243535544201e-08,0.8,0.0,10.0,1.115076721956333e-07,0.0,1.3931873836554588e-06,1.504695055851092e-06,Canada,CAN,,gcp,northamerica-northeast2,Linux-6.8.0-1032-gcp-x86_64-with-glibc2.35,3.10.12,3.0.4,2,Intel(R) Xeon(R) CPU @ 2.60GHz,,,,,15.61648178100586,machine,Y,1.0
2025-08-08T00:26:36,dask-benchmark,11d551ff-1755-4211-81aa-aebfa5850e77,dask_R6301_81ec5021,1.002624565735459,7.075903272768484e-08,7.057380713166614e-08,0.8,0.0,10.0,1.115623955718345e-07,0.0,1.3939489390597576e-06,1.505511334631592e-06,Canada,CAN,,gcp,northamerica-northeast2,Linux-6.8.0-1032-gcp-x86_64-with-glibc2.35,3.10.12,3.0.4,2,Intel(R) Xeon(R) CPU @ 2.60GHz,,,,,15.61648178100586,machine,Y,1.0
2025-08-08T00:26:39,dask-benchmark,95d0cc00-bbed-43be-bc2d-43a855e4bb38,dask_R6301_81ec5021,1.0031096851453185,7.075464754018727e-08,7.053530495016325e-08,0.8,0.0,10.0,1.1157196604957185e-07,0.0,1.39384606672037e-06,1.5054180327699415e-06,Canada,CAN,,gcp,northamerica-northeast2,Linux-6.8.0-1032-gcp-x86_64-with-glibc2.35,3.10.12,3.0.4,2,Intel(R) Xeon(R) CPU @ 2.60GHz,,,,,15.61648178100586,machine,Y,1.0
2025-08-08T00:26:41,dask-benchmark,81575849-674c-435e-9b64-65f2d2968874,dask_R6301_81ec5021,1.0027153906412425,7.071228948990917e-08,7.052079797507471e-08,0.8,0.0,10.0,1.1148977352099286e-07,0.0,1.393027024136649e-06,1.504516797657642e-06,Canada,CAN,,gcp,northamerica-northeast2,Linux-6.8.0-1032-gcp-x86_64-with-glibc2.35,3.10.12,3.0.4,2,Intel(R) Xeon(R) CPU @ 2.60GHz,,,,,15.61648178100586,machine,Y,1.0
2025-08-08T00:26:43,dask-benchmark,ec780fd1-3997-4f9c-87f4-f477f67854eb,dask_R6301_81ec5021,1.0035148402675986,7.082174120460533e-08,7.057368597132049e-08,0.8,0.0,10.0,1.116653182026413e-07,0.0,1.395180239342153e-06,1.5068455575447943e-06,Canada,CAN,,gcp,northamerica-northeast2,Linux-6.8.0-1032-gcp-x86_64-with-glibc2.35,3.10.12,3.0.4,2,Intel(R) Xeon(R) CPU @ 2.60GHz,,,,,15.61648178100586,machine,Y,1.0
2025-08-08T00:26:45,dask-benchmark,9d9fcf3a-df9d-4ba5-a3a9-28a222a3ad47,dask_R6301_81ec5021,1.0034851138480008,7.081852445171939e-08,7.057257100721313e-08,0.8,0.0,10.0,1.1166531333906784e-07,0.0,1.3951118026549617e-06,1.5067771159940296e-06,Canada,CAN,,gcp,northamerica-northeast2,Linux-6.8.0-1032-gcp-x86_64-with-glibc2.35,3.10.12,3.0.4,2,Intel(R) Xeon(R) CPU @ 2.60GHz,,,,,15.61648178100586,machine,Y,1.0
2025-08-08T00:26:47,dask-benchmark,249ce09c-48bb-4810-b8e8-a37a065c79f5,dask_R6301_81ec5021,1.0035154060460627,7.082553055572016e-08,7.057742225879606e-08,0.8,0.0,10.0,1.1167200085603529e-07,0.0,1.3952541811805634e-06,1.5069261820365986e-06,Canada,CAN,,gcp,northamerica-northeast2,Linux-6.8.0-1032-gcp-x86_64-with-glibc2.35,3.10.12,3.0.4,2,Intel(R) Xeon(R) CPU @ 2.60GHz,,,,,15.61648178100586,machine,Y,1.0
2025-08-08T00:26:49,dask-benchmark,4242dba5-f7aa-4eda-8b80-e64692aa6dad,dask_R6301_81ec5021,1.0034402781166136,7.081292507067944e-08,7.057014414808053e-08,0.8,0.0,10.0,1.116500161588192e-07,0.0,1.3950079640684026e-06,1.5066579802272218e-06,Canada,CAN,,gcp,northamerica-northeast2,Linux-6.8.0-1032-gcp-x86_64-with-glibc2.35,3.10.12,3.0.4,2,Intel(R) Xeon(R) CPU @ 2.60GHz,,,,,15.61648178100586,machine,Y,1.0
2025-08-08T00:26:51,dask-benchmark,be24e6e0-87a5-4224-a0f3-e077ad89a998,dask_R6301_81ec5021,1.0032591787166891,7.07854218303433e-08,7.055546894760322e-08,0.8,0.0,10.0,1.1161196956204045e-07,0.0,1.3944608353388806e-06,1.506072804900921e-06,Canada,CAN,,gcp,northamerica-northeast2,Linux-6.8.0-1032-gcp-x86_64-with-glibc2.35,3.10.12,3.0.4,2,Intel(R) Xeon(R) CPU @ 2.60GHz,,,,,15.61648178100586,machine,Y,1.0
2025-08-08T00:26:54,dask-benchmark,1bbea243-3787-48ed-a1d1-fe484b2f4b7b,dask_R6301_81ec5021,1.0033312770538032,7.07967717668766e-08,7.056171115762013e-08,0.8,0.0,10.0,1.1162912007421257e-07,0.0,1.3946851728380554e-06,1.506314292912268e-06,Canada,CAN,,gcp,northamerica-northeast2,Linux-6.8.0-1032-gcp-x86_64-with-glibc2.35,3.10.12,3.0.4,2,Intel(R) Xeon(R) CPU @ 2.60GHz,,,,,15.61648178100586,machine,Y,1.0
2025-08-08T00:26:56,dask-benchmark,9862ec18-0b5c-4b62-942c-e5df3ff71fb1,dask_R6301_81ec5021,1.0029787640087306,7.075001351281794e-08,7.053989182187916e-08,0.8,0.0,10.0,1.1155042890459301e-07,0.0,1.3937690075383418e-06,1.5053194364429347e-06,Canada,CAN,,gcp,northamerica-northeast2,Linux-6.8.0-1032-gcp-x86_64-with-glibc2.35,3.10.12,3.0.4,2,Intel(R) Xeon(R) CPU @ 2.60GHz,,,,,15.61648178100586,machine,Y,1.0
2025-08-08T00:26:58,dask-benchmark,5dc598e9-2b5e-4fc9-b485-d08c2ce63abe,dask_R6301_81ec5021,1.0030657411552966,7.075761003518063e-08,7.054134851987314e-08,0.8,0.0,10.0,1.1156908091571597e-07,0.0,1.3939119836625954e-06,1.5054810645783113e-06,Canada,CAN,,gcp,northamerica-northeast2,Linux-6.8.0-1032-gcp-x86_64-with-glibc2.35,3.10.12,3.0.4,2,Intel(R) Xeon(R) CPU @ 2.60GHz,,,,,15.61648178100586,machine,Y,1.0
2025-08-08T00:27:00,dask-benchmark,1178535f-206d-4b97-a9b1-261ded99ec4e,dask_R6301_81ec5021,1.0028083380311728,7.072414088275076e-08,7.052607981062906e-08,0.8,0.0,10.0,1.115092075326377e-07,0.0,1.3932597474195065e-06,1.5047689549521438e-06,Canada,CAN,,gcp,northamerica-northeast2,Linux-6.8.0-1032-gcp-x86_64-with-glibc2.35,3.10.12,3.0.4,2,Intel(R) Xeon(R) CPU @ 2.60GHz,,,,,15.61648178100586,machine,Y,1.0
2025-08-08T00:27:02,dask-benchmark,5bfe1848-26f8-4116-93b0-90646cc56a0a,dask_R6301_81ec5021,1.0034070988185704,7.079901424873e-08,7.055861407806468e-08,0.8,0.0,10.0,1.1163948641883005e-07,0.0,1.3947225188732977e-06,1.5063620052921277e-06,Canada,CAN,,gcp,northamerica-northeast2,Linux-6.8.0-1032-gcp-x86_64-with-glibc2.35,3.10.12,3.0.4,2,Intel(R) Xeon(R) CPU @ 2.60GHz,,,,,15.61648178100586,machine,Y,1.0
2025-08-08T00:27:04,dask-benchmark,713bc0b3-774f-4198-a519-ff81385e8bf6,dask_R6301_81ec5021,1.0033648177050054,7.079946365750707e-08,7.056203527192288e-08,0.8,0.0,10.0,1.1162987599770229e-07,0.0,1.3947416911832989e-06,1.5063715671810012e-06,Canada,CAN,,gcp,northamerica-northeast2,Linux-6.8.0-1032-gcp-x86_64-with-glibc2.35,3.10.12,3.0.4,2,Intel(R) Xeon(R) CPU @ 2.60GHz,,,,,15.61648178100586,machine,Y,1.0
2025-08-08T00:27:06,dask-benchmark,00bbeabe-6855-43c5-98fd-785416a701a3,dask_R6301_81ec5021,1.00289408210665,7.073885002137266e-08,7.053471675970078e-08,0.8,0.0,10.0,1.1154009360406137e-07,0.0,1.393541821744293e-06,1.5050819153483543e-06,Canada,CAN,,gcp,northamerica-northeast2,Linux-6.8.0-1032-gcp-x86_64-with-glibc2.35,3.10.12,3.0.4,2,Intel(R) Xeon(R) CPU @ 2.60GHz,,,,,15.61648178100586,machine,Y,1.0
2025-08-08T00:27:09,dask-benchmark,56c5130a-5711-453c-9aa9-a5c9597c0e8d,dask_R6301_81ec5021,1.0030815759673717,7.07611208713303e-08,7.054373499292749e-08,0.8,0.0,10.0,1.1157489402426617e-07,0.0,1.3939808691955277e-06,1.5055557632197936e-06,Canada,CAN,,gcp,northamerica-northeast2,Linux-6.8.0-1032-gcp-x86_64-with-glibc2.35,3.10.12,3.0.4,2,Intel(R) Xeon(R) CPU @ 2.60GHz,,,,,15.61648178100586,machine,Y,1.0
2025-08-08T00:27:11,dask-benchmark,f5a0dd60-c624-415f-a652-4ae82052e39c,dask_R6301_81ec5021,1.0027662301436069,7.071937566291956e-08,7.05242892481449e-08,0.8,0.0,10.0,1.1150043085217477e-07,0.0,1.3931671364439855e-06,1.5046675672961606e-06,Canada,CAN,,gcp,northamerica-northeast2,Linux-6.8.0-1032-gcp-x86_64-with-glibc2.35,3.10.12,3.0.4,2,Intel(R) Xeon(R) CPU @ 2.60GHz,,,,,15.61648178100586,machine,Y,1.0
2025-08-08T00:27:13,dask-benchmark,c5c96254-97fb-40e3-aab1-3babdbc7d4f2,dask_R6301_81ec5021,1.003059676848352,7.076415737045724e-08,7.054830236302653e-08,0.8,0.0,10.0,1.11574519943032e-07,0.0,1.394045849641164e-06,1.505620369584196e-06,Canada,CAN,,gcp,northamerica-northeast2,Linux-6.8.0-1032-gcp-x86_64-with-glibc2.35,3.10.12,3.0.4,2,Intel(R) Xeon(R) CPU @ 2.60GHz,,,,,15.61648178100586,machine,Y,1.0
2025-08-08T00:27:15,dask-benchmark,99d89725-bdc7-4932-913b-84ad7437b9d8,dask_R6301_81ec5021,1.0031433417461812,7.07687281470539e-08,7.054697489579715e-08,0.8,0.0,10.0,1.115881455027395e-07,0.0,1.3941294746473431e-06,1.5057176201500828e-06,Canada,CAN,,gcp,northamerica-northeast2,Linux-6.8.0-1032-gcp-x86_64-with-glibc2.35,3.10.12,3.0.4,2,Intel(R) Xeon(R) CPU @ 2.60GHz,,,,,15.61648178100586,machine,Y,1.0
2025-08-08T00:27:17,dask-benchmark,21eeb81e-f525-46a8-80e6-044a198e5fa5,dask_R6301_81ec5021,1.0026802700012922,7.071527258943145e-08,7.052624321543727e-08,0.8,0.0,10.0,1.114935368920366e-07,0.0,1.393086730968207e-06,1.5045802678602435e-06,Canada,CAN,,gcp,northamerica-northeast2,Linux-6.8.0-1032-gcp-x86_64-with-glibc2.35,3.10.12,3.0.4,2,Intel(R) Xeon(R) CPU @ 2.60GHz,,,,,15.61648178100586,machine,Y,1.0
2025-08-08T00:27:19,dask-benchmark,5c3d6b9f-6dc4-41a0-aae6-29ec64017426,dask_R6301_81ec5021,1.0034928410314023,7.081330958479603e-08,7.056683086250344e-08,0.8,0.0,10.0,1.1165175307542089e-07,0.0,1.3950144083032178e-06,1.5066661613786386e-06,Canada,CAN,,gcp,northamerica-northeast2,Linux-6.8.0-1032-gcp-x86_64-with-glibc2.35,3.10.12,3.0.4,2,Intel(R) Xeon(R) CPU @ 2.60GHz,,,,,15.61648178100586,machine,Y,1.0
2025-08-08T00:27:21,dask-benchmark,e9584d5a-3d32-40a5-9601-98f3c0e3577e,dask_R6301_81ec5021,1.003449695650488,7.081124919270063e-08,7.056781171954725e-08,0.8,0.0,10.0,1.116532457785474e-07,0.0,1.3949690774704018e-06,1.5066223232489492e-06,Canada,CAN,,gcp,northamerica-northeast2,Linux-6.8.0-1032-gcp-x86_64-with-glibc2.35,3.10.12,3.0.4,2,Intel(R) Xeon(R) CPU @ 2.60GHz,,,,,15.61648178100586,machine,Y,1.0
2025-08-08T00:27:24,dask-benchmark,19198f15-76f1-4323-a005-08981345b97b,dask_R6301_81ec5021,1.003434712998569,7.080881747163625e-08,7.056644199604965e-08,0.8,0.0,10.0,1.1165230421142448e-07,0.0,1.3949182802914744e-06,1.5065705845028988e-06,Canada,CAN,,gcp,northamerica-northeast2,Linux-6.8.0-1032-gcp-x86_64-with-glibc2.35,3.10.12,3.0.4,2,Intel(R) Xeon(R) CPU @ 2.60GHz,,,,,15.61648178100586,machine,Y,1.0
2025-08-08T00:27:26,dask-benchmark,a6951acd-b4b6-4e62-80c2-1a686c4e0685,dask_R6301_81ec5021,1.003539679106325,7.082635750668125e-08,7.057653920545895e-08,0.8,0.0,10.0,1.1167265712800953e-07,0.0,1.3952711196098889e-06,1.5069437767378984e-06,Canada,CAN,,gcp,northamerica-northeast2,Linux-6.8.0-1032-gcp-x86_64-with-glibc2.35,3.10.12,3.0.4,2,Intel(R) Xeon(R) CPU @ 2.60GHz,,,,,15.61648178100586,machine,Y,1.0
2025-08-08T00:27:28,dask-benchmark,43e97ff2-6ea5-4a71-ac49-f6c44d316ce8,dask_R6301_81ec5021,1.0032726610079408,7.078505033114928e-08,7.055415051381431e-08,0.8,0.0,10.0,1.1161182893233168e-07,0.0,1.3944530717304184e-06,1.50606490066275e-06,Canada,CAN,,gcp,northamerica-northeast2,Linux-6.8.0-1032-gcp-x86_64-with-glibc2.35,3.10.12,3.0.4,2,Intel(R) Xeon(R) CPU @ 2.60GHz,,,,,15.61648178100586,machine,Y,1.0
2025-08-08T00:27:30,dask-benchmark,275bb955-37d3-4d62-afc8-6dd4a0274ba0,dask_R6301_81ec5021,1.003376901615411,7.08021938293241e-08,7.056390645961094e-08,0.8,0.0,10.0,1.1163353154228797e-07,0.0,1.394796124400778e-06,1.506429655943066e-06,Canada,CAN,,gcp,northamerica-northeast2,Linux-6.8.0-1032-gcp-x86_64-with-glibc2.35,3.10.12,3.0.4,2,Intel(R) Xeon(R) CPU @ 2.60GHz,,,,,15.61648178100586,machine,Y,1.0
2025-08-08T00:27:32,dask-benchmark,5abf5015-f27a-4604-b05c-615c06f6d47f,dask_R6301_81ec5021,1.0031561902724206,7.077075519205796e-08,7.054809199038008e-08,0.8,0.0,10.0,1.1159203956938453e-07,0.0,1.394168709197806e-06,1.5057607487671907e-06,Canada,CAN,,gcp,northamerica-northeast2,Linux-6.8.0-1032-gcp-x86_64-with-glibc2.35,3.10.12,3.0.4,2,Intel(R) Xeon(R) CPU @ 2.60GHz,,,,,15.61648178100586,machine,Y,1.0
2025-08-08T00:27:34,dask-benchmark,f1ede0af-b324-4e3e-b84c-abe9a68e70d8,dask_R6301_81ec5021,1.0030020461417737,7.075242052936098e-08,7.054065423049017e-08,0.8,0.0,10.0,1.115535004064441e-07,0.0,1.3938171491544278e-06,1.505370649560872e-06,Canada,CAN,,gcp,northamerica-northeast2,Linux-6.8.0-1032-gcp-x86_64-with-glibc2.35,3.10.12,3.0.4,2,Intel(R) Xeon(R) CPU @ 2.60GHz,,,,,15.61648178100586,machine,Y,1.0
2025-08-08T00:27:36,dask-benchmark,63ebc849-4176-4734-bd60-a7805a57599d,dask_R6301_81ec5021,1.0035211448557677,7.071322724766409e-08,7.046510939022359e-08,0.8,0.0,10.0,1.114936824887991e-07,0.0,1.3930430674615005e-06,1.5045367499502996e-06,Canada,CAN,,gcp,northamerica-northeast2,Linux-6.8.0-1032-gcp-x86_64-with-glibc2.35,3.10.12,3.0.4,2,Intel(R) Xeon(R) CPU @ 2.60GHz,,,,,15.61648178100586,machine,Y,1.0
2025-08-08T00:27:39,dask-benchmark,5e76aeef-49a4-4d69-951b-954ec75fd5a6,dask_R6301_81ec5021,1.0032281600870192,7.077837741597452e-08,7.05506286923159e-08,0.8,0.0,10.0,1.1161022560877933e-07,0.0,1.3943126981353593e-06,1.5059229237441389e-06,Canada,CAN,,gcp,northamerica-northeast2,Linux-6.8.0-1032-gcp-x86_64-with-glibc2.35,3.10.12,3.0.4,2,Intel(R) Xeon(R) CPU @ 2.60GHz,,,,,15.61648178100586,machine,Y,1.0
2025-08-08T00:27:41,dask-benchmark,c067ec1a-444e-47b9-adaf-af35b7d49e77,dask_R6301_81ec5021,1.003159306012094,7.077866592487889e-08,7.05557586922546e-08,0.8000072,0.0,10.0,1.1159707925129405e-07,0.0,1.3943319829801718e-06,1.5059290622314658e-06,Canada,CAN,,gcp,northamerica-northeast2,Linux-6.8.0-1032-gcp-x86_64-with-glibc2.35,3.10.12,3.0.4,2,Intel(R) Xeon(R) CPU @ 2.60GHz,,,,,15.61648178100586,machine,Y,1.0
2025-08-08T00:27:43,dask-benchmark,2b23a620-331d-41c1-9e67-f511b045ae2f,dask_R6301_81ec5021,1.0030928710475564,7.076262521107371e-08,7.054444035393696e-08,0.8,0.0,10.0,1.1158190170923868e-07,0.0,1.394005868739138e-06,1.5055877704483768e-06,Canada,CAN,,gcp,northamerica-northeast2,Linux-6.8.0-1032-gcp-x86_64-with-glibc2.35,3.10.12,3.0.4,2,Intel(R) Xeon(R) CPU @ 2.60GHz,,,,,15.61648178100586,machine,Y,1.0
2025-08-08T00:27:45,dask-benchmark,db4ca910-ad5e-4f90-9eb1-b729e771fa8a,dask_R6301_81ec5021,1.002958850003779,7.075442771882646e-08,7.054569359307202e-08,0.8,0.0,10.0,1.1155409138235785e-07,0.0,1.3938592643373543e-06,1.505413355719712e-06,Canada,CAN,,gcp,northamerica-northeast2,Linux-6.8.0-1032-gcp-x86_64-with-glibc2.35,3.10.12,3.0.4,2,Intel(R) Xeon(R) CPU @ 2.60GHz,,,,,15.61648178100586,machine,Y,1.0
2025-08-08T00:27:47,dask-benchmark,cdb4f4a5-daa3-42a9-b6ee-a4c751078c63,dask_R6301_81ec5021,1.0027724681422114,7.071354419215479e-08,7.051803518614984e-08,0.8,0.0,10.0,1.1150545771751141e-07,0.0,1.3930380357325906e-06,1.504543493450102e-06,Canada,CAN,,gcp,northamerica-northeast2,Linux-6.8.0-1032-gcp-x86_64-with-glibc2.35,3.10.12,3.0.4,2,Intel(R) Xeon(R) CPU @ 2.60GHz,,,,,15.61648178100586,machine,Y,1.0
2025-08-08T00:27:49,dask-benchmark,38515446-ab33-4197-92bf-7d58f7b4cdfe,dask_R6301_81ec5021,1.0029739351011813,7.075248575474448e-08,7.054269635392555e-08,0.8,0.0,10.0,1.1155508220609693e-07,0.0,1.3938169551288918e-06,1.5053720373349887e-06,Canada,CAN,,gcp,northamerica-northeast2,Linux-6.8.0-1032-gcp-x86_64-with-glibc2.35,3.10.12,3.0.4,2,Intel(R) Xeon(R) CPU @ 2.60GHz,,,,,15.61648178100586,machine,Y,1.0
2025-08-08T00:27:51,dask-benchmark,d1b9ff3d-2558-4ebe-820b-b7b7e5935930,dask_R6301_81ec5021,1.0030932878144083,7.075424463933128e-08,7.053605631585302e-08,0.8,0.0,10.0,1.1157263059996897e-07,0.0,1.3938368298113343e-06,1.5054094604113036e-06,Canada,CAN,,gcp,northamerica-northeast2,Linux-6.8.0-1032-gcp-x86_64-with-glibc2.35,3.10.12,3.0.4,2,Intel(R) Xeon(R) CPU @ 2.60GHz,,,,,15.61648178100586,machine,Y,1.0
2025-08-08T00:27:54,dask-benchmark,0e98fda5-2a90-4255-9ae8-400e678a54a1,dask_R6301_81ec5021,1.0028312508948147,7.072800058302368e-08,7.052831722177974e-08,0.8,0.0,10.0,1.1151358536962005e-07,0.0,1.393337490864926e-06,1.504851076234546e-06,Canada,CAN,,gcp,northamerica-northeast2,Linux-6.8.0-1032-gcp-x86_64-with-glibc2.35,3.10.12,3.0.4,2,Intel(R) Xeon(R) CPU @ 2.60GHz,,,,,15.61648178100586,machine,Y,1.0
2025-08-08T00:27:56,dask-benchmark,4455184f-b266-4bc1-b16b-ff8d36f24d28,dask_R6301_81ec5021,1.0035971864126625,7.081952469180237e-08,7.056568676218126e-08,0.8,0.0,10.0,1.1167738917801117e-07,0.0,1.3951210085199111e-06,1.5067983976979225e-06,Canada,CAN,,gcp,northamerica-northeast2,Linux-6.8.0-1032-gcp-x86_64-with-glibc2.35,3.10.12,3.0.4,2,Intel(R) Xeon(R) CPU @ 2.60GHz,,,,,15.61648178100586,machine,Y,1.0
2025-08-08T00:27:58,dask-benchmark,b68349a3-3600-487f-bb9c-dd78b4f2cc19,dask_R6301_81ec5021,1.0033991998061538,7.080902476200008e-08,7.056914613414045e-08,0.8,0.0,10.0,1.1164360886646641e-07,0.0,1.3949313860697052e-06,1.5065749949361716e-06,Canada,CAN,,gcp,northamerica-northeast2,Linux-6.8.0-1032-gcp-x86_64-with-glibc2.35,3.10.12,3.0.4,2,Intel(R) Xeon(R) CPU @ 2.60GHz,,,,,15.61648178100586,machine,Y,1.0
2025-08-08T00:28:00,dask-benchmark,936c4c76-5990-487f-975f-76141c5c1a7b,dask_R6301_81ec5021,1.0034630578011274,7.082041181246233e-08,7.057600303458104e-08,0.8,0.0,10.0,1.1166193191376e-07,0.0,1.3951553406918216e-06,1.5068172726055816e-06,Canada,CAN,,gcp,northamerica-northeast2,Linux-6.8.0-1032-gcp-x86_64-with-glibc2.35,3.10.12,3.0.4,2,Intel(R) Xeon(R) CPU @ 2.60GHz,,,,,15.61648178100586,machine,Y,1.0
2025-08-08T00:28:02,dask-benchmark,fa954b45-7575-4f9e-a2d2-843c9086bcb1,dask_R6301_81ec5021,1.0036623827181756,7.083222011404319e-08,7.057375202427269e-08,0.8,0.0,10.0,1.1170036904513845e-07,0.0,1.3953681440196104e-06,1.5070685130647489e-06,Canada,CAN,,gcp,northamerica-northeast2,Linux-6.8.0-1032-gcp-x86_64-with-glibc2.35,3.10.12,3.0.4,2,Intel(R) Xeon(R) CPU @ 2.60GHz,,,,,15.61648178100586,machine,Y,1.0
2025-08-08T00:28:04,dask-benchmark,8ede7c62-d2e9-4ef5-9639-4b81bb295abc,dask_R6301_81ec5021,1.003259165212512,7.07908054486745e-08,7.056083602653106e-08,0.8,0.0,10.0,1.1161545312239069e-07,0.0,1.3945718968494073e-06,1.506187349971798e-06,Canada,CAN,,gcp,northamerica-northeast2,Linux-6.8.0-1032-gcp-x86_64-with-glibc2.35,3.10.12,3.0.4,2,Intel(R) Xeon(R) CPU @ 2.60GHz,,,,,15.61648178100586,machine,Y,1.0
2025-08-08T00:28:07,dask-benchmark,c900834b-8fee-4af4-8c39-835535735961,dask_R6301_81ec5021,1.00321472203359,7.078181244603668e-08,7.05549977402213e-08,0.8,0.0,10.0,1.1160196550190449e-07,0.0,1.3943940439882378e-06,1.5059960094901425e-06,Canada,CAN,,gcp,northamerica-northeast2,Linux-6.8.0-1032-gcp-x86_64-with-glibc2.35,3.10.12,3.0.4,2,Intel(R) Xeon(R) CPU @ 2.60GHz,,,,,15.61648178100586,machine,Y,1.0
2025-08-08T00:28:09,dask-benchmark,a84641ab-45d4-4e68-974b-01ce4d62235a,dask_R6301_81ec5021,1.003078885842115,7.07598334827618e-08,7.054264074490694e-08,0.8000072,0.0,10.0,1.1157414636478317e-07,0.0,1.3939542256088725e-06,1.5055283719736554e-06,Canada,CAN,,gcp,northamerica-northeast2,Linux-6.8.0-1032-gcp-x86_64-with-glibc2.35,3.10.12,3.0.4,2,Intel(R) Xeon(R) CPU @ 2.60GHz,,,,,15.61648178100586,machine,Y,1.0
2025-08-08T00:28:11,dask-benchmark,6ec8e3ac-7f02-469d-a0dc-c1e6e3d8c424,dask_R6301_81ec5021,1.0030197291634977,7.075548645797085e-08,7.05424673121632e-08,0.8,0.0,10.0,1.1156197916716337e-07,0.0,1.3938739029173222e-06,1.5054358820844856e-06,Canada,CAN,,gcp,northamerica-northeast2,Linux-6.8.0-1032-gcp-x86_64-with-glibc2.35,3.10.12,3.0.4,2,Intel(R) Xeon(R) CPU @ 2.60GHz,,,,,15.61648178100586,machine,Y,1.0
2025-08-08T00:28:13,dask-benchmark,43c87097-238b-43a6-b915-2f9e7a913616,dask_R6301_81ec5021,1.0027321996167302,7.071882838445405e-08,7.052613690024575e-08,0.8,0.0,10.0,1.1149988747719265e-07,0.0,1.3931560355962978e-06,1.5046559230734903e-06,Canada,CAN,,gcp,northamerica-northeast2,Linux-6.8.0-1032-gcp-x86_64-with-glibc2.35,3.10.12,3.0.4,2,Intel(R) Xeon(R) CPU @ 2.60GHz,,,,,15.61648178100586,machine,Y,1.0
2025-08-08T00:28:15,dask-benchmark,0ee0dc6c-b035-4ca3-a3db-fd21231693ed,dask_R6301_81ec5021,1.0032822829671204,7.078780957984014e-08,7.055622408729408e-08,0.8,0.0,10.0,1.11610713104407e-07,0.0,1.3945128949772985e-06,1.5061236080817052e-06,Canada,CAN,,gcp,northamerica-northeast2,Linux-6.8.0-1032-gcp-x86_64-with-glibc2.35,3.10.12,3.0.4,2,Intel(R) Xeon(R) CPU @ 2.60GHz,,,,,15.61648178100586,machine,Y,1.0
2025-08-08T00:28:17,dask-benchmark,7d931021-18ae-4664-8c64-54f05ee73db6,dask_R6301_81ec5021,1.0033103469759226,7.079225163953379e-08,7.055867793341184e-08,0.8,0.0,10.0,1.1163057821492357e-07,0.0,1.394587541775157e-06,1.5062181199900806e-06,Canada,CAN,,gcp,northamerica-northeast2,Linux-6.8.0-1032-gcp-x86_64-with-glibc2.35,3.10.12,3.0.4,2,Intel(R) Xeon(R) CPU @ 2.60GHz,,,,,15.61648178100586,machine,Y,1.0
2025-08-08T00:28:19,dask-benchmark,38e65a25-fdc2-40b9-971d-cd97d4f87302,dask_R6301_81ec5021,1.0030332580208778,7.075134874124908e-08,7.053739063533267e-08,0.8,0.0,10.0,1.1155762068099449e-07,0.0,1.3937902248774967e-06,1.5053478455584912e-06,Canada,CAN,,gcp,northamerica-northeast2,Linux-6.8.0-1032-gcp-x86_64-with-glibc2.35,3.10.12,3.0.4,2,Intel(R) Xeon(R) CPU @ 2.60GHz,,,,,15.61648178100586,machine,Y,1.0
2025-08-08T00:28:21,dask-benchmark,11d0dae5-b764-4b50-a5f7-2dc6062cd2a3,dask_R6301_81ec5021,1.003067578189075,7.07580027590092e-08,7.054161085213695e-08,0.8,0.0,10.0,1.1156968606842889e-07,0.0,1.393919734336022e-06,1.5054894204044508e-06,Canada,CAN,,gcp,northamerica-northeast2,Linux-6.8.0-1032-gcp-x86_64-with-glibc2.35,3.10.12,3.0.4,2,Intel(R) Xeon(R) CPU @ 2.60GHz,,,,,15.61648178100586,machine,Y,1.0
2025-08-08T00:28:24,dask-benchmark,527b0833-37a1-4bd1-a402-dd6c001becc5,dask_R6301_81ec5021,1.0027601011097431,7.071771146238056e-08,7.05230606843233e-08,0.8,0.0,10.0,1.1150375888165505e-07,0.0,1.3931283998923997e-06,1.5046321587740546e-06,Canada,CAN,,gcp,northamerica-northeast2,Linux-6.8.0-1032-gcp-x86_64-with-glibc2.35,3.10.12,3.0.4,2,Intel(R) Xeon(R) CPU @ 2.60GHz,,,,,15.61648178100586,machine,Y,1.0
2025-08-08T00:28:26,dask-benchmark,3e2928b5-a3bf-4d24-b502-b88ca3e8fca8,dask_R6301_81ec5021,1.0031979558989406,7.076314239374674e-08,7.053756636728555e-08,0.8,0.0,10.0,1.1158849992271929e-07,0.0,1.3940102744123171e-06,1.5055987743350367e-06,Canada,CAN,,gcp,northamerica-northeast2,Linux-6.8.0-1032-gcp-x86_64-with-glibc2.35,3.10.12,3.0.4,2,Intel(R) Xeon(R) CPU @ 2.60GHz,,,,,15.61648178100586,machine,Y,1.0
2025-08-08T00:28:28,dask-benchmark,cf46579c-6d6f-4717-ac11-4ca664d1af0e,dask_R6301_81ec5021,1.0031890240497887,7.07625768282451e-08,7.053763062775806e-08,0.8,0.0,10.0,1.1158241155660817e-07,0.0,1.3940043294698829e-06,1.5055867410264909e-06,Canada,CAN,,gcp,northamerica-northeast2,Linux-6.8.0-1032-gcp-x86_64-with-glibc2.35,3.10.12,3.0.4,2,Intel(R) Xeon(R) CPU @ 2.60GHz,,,,,15.61648178100586,machine,Y,1.0
2025-08-08T00:28:30,dask-benchmark,175c4fa3-43d7-49cb-9e19-4f80172b6d71,dask_R6301_81ec5021,1.002817764878273,7.073003123436744e-08,7.05312906407806e-08,0.8,0.0,10.0,1.1151899842338432e-07,0.0,1.3933752831589018e-06,1.504894281582286e-06,Canada,CAN,,gcp,northamerica-northeast2,Linux-6.8.0-1032-gcp-x86_64-with-glibc2.35,3.10.12,3.0.4,2,Intel(R) Xeon(R) CPU @ 2.60GHz,,,,,15.61648178100586,machine,Y,1.0
2025-08-08T00:28:32,dask-benchmark,221b614e-8b89-430a-913e-1b8dc2e2d81d,dask_R6301_81ec5021,1.003582718782127,7.082220596768375e-08,7.05693757397779e-08,0.8,0.0,10.0,1.1167342950486477e-07,0.0,1.395182016616066e-06,1.5068554461209308e-06,Canada,CAN,,gcp,northamerica-northeast2,Linux-6.8.0-1032-gcp-x86_64-with-glibc2.35,3.10.12,3.0.4,2,Intel(R) Xeon(R) CPU @ 2.60GHz,,,,,15.61648178100586,machine,Y,1.0
2025-08-08T00:28:34,dask-benchmark,d450ba43-ae96-43d2-9dd6-cf8cf4a7859b,dask_R6301_81ec5021,1.0035247639752924,7.081837070200387e-08,7.056962941449391e-08,0.8,0.0,10.0,1.116617484432128e-07,0.0,1.3951120962802735e-06,1.5067738447234863e-06,Canada,CAN,,gcp,northamerica-northeast2,Linux-6.8.0-1032-gcp-x86_64-with-glibc2.35,3.10.12,3.0.4,2,Intel(R) Xeon(R) CPU @ 2.60GHz,,,,,15.61648178100586,machine,Y,1.0
2025-08-08T00:28:37,dask-benchmark,a35b7500-349b-4d48-ab2c-8102a3d73521,dask_R6301_81ec5021,1.003567609935999,7.081645619765752e-08,7.056470884126457e-08,0.8,0.0,10.0,1.116548277851608e-07,0.0,1.3950782828032972e-06,1.506733110588458e-06,Canada,CAN,,gcp,northamerica-northeast2,Linux-6.8.0-1032-gcp-x86_64-with-glibc2.35,3.10.12,3.0.4,2,Intel(R) Xeon(R) CPU @ 2.60GHz,,,,,15.61648178100586,machine,Y,1.0
2025-08-08T00:28:39,dask-benchmark,47b6398e-451f-49db-b2cb-760ac2a39cf0,dask_R6301_81ec5021,1.0035074995830655,7.081728249203622e-08,7.056975909144593e-08,0.8,0.0,10.0,1.1166338374217365e-07,0.0,1.3950873075777455e-06,1.5067506913199191e-06,Canada,CAN,,gcp,northamerica-northeast2,Linux-6.8.0-1032-gcp-x86_64-with-glibc2.35,3.10.12,3.0.4,2,Intel(R) Xeon(R) CPU @ 2.60GHz,,,,,15.61648178100586,machine,Y,1.0
2025-08-08T00:28:41,dask-benchmark,23e912e1-e16d-4bc4-9958-1bdbbe1ca4a5,dask_R6301_81ec5021,1.0033249389380217,7.079418824395786e-08,7.05595819425067e-08,0.8,0.0,10.0,1.1163316242810753e-07,0.0,1.394626161911421e-06,1.5062593243395288e-06,Canada,CAN,,gcp,northamerica-northeast2,Linux-6.8.0-1032-gcp-x86_64-with-glibc2.35,3.10.12,3.0.4,2,Intel(R) Xeon(R) CPU @ 2.60GHz,,,,,15.61648178100586,machine,Y,1.0
2025-08-08T00:28:43,dask-benchmark,7c10f1e9-8ca9-49e6-ace1-77d1bc56528b,dask_R6301_81ec5021,1.003297757357359,7.07871670701748e-08,7.055449546366474e-08,0.8,0.0,10.0,1.1161803495552805e-07,0.0,1.3944919027077657e-06,1.5061099376632935e-06,Canada,CAN,,gcp,northamerica-northeast2,Linux-6.8.0-1032-gcp-x86_64-with-glibc2.35,3.10.12,3.0.4,2,Intel(R) Xeon(R) CPU @ 2.60GHz,,,,,15.61648178100586,machine,Y,1.0
2025-08-08T00:28:45,dask-benchmark,7b829b35-8242-432b-bc3a-3d0ebbda9750,dask_R6301_81ec5021,1.00316546484828,7.076895942456192e-08,7.054564965039455e-08,0.8,0.0,10.0,1.1158821307536629e-07,0.0,1.3941343278727597e-06,1.505722540948126e-06,Canada,CAN,,gcp,northamerica-northeast2,Linux-6.8.0-1032-gcp-x86_64-with-glibc2.35,3.10.12,3.0.4,2,Intel(R) Xeon(R) CPU @ 2.60GHz,,,,,15.61648178100586,machine,Y,1.0
2025-08-08T00:28:47,dask-benchmark,bf47ed0b-85c7-45f6-bbfc-1192d5daa647,dask_R6301_81ec5021,1.0031829900108278,7.077289358128069e-08,7.054833892320765e-08,0.8,0.0,10.0,1.115972044774228e-07,0.0,1.3942090419328046e-06,1.5058062464102274e-06,Canada,CAN,,gcp,northamerica-northeast2,Linux-6.8.0-1032-gcp-x86_64-with-glibc2.35,3.10.12,3.0.4,2,Intel(R) Xeon(R) CPU @ 2.60GHz,,,,,15.61648178100586,machine,Y,1.0
2025-08-08T00:28:49,dask-benchmark,0f842d6d-ca49-459a-9a0f-3ead6fc204a4,dask_R6301_81ec5021,1.0027989861555398,7.071366439780429e-08,7.051629027757733e-08,0.8,0.0,10.0,1.1150729221602284e-07,0.0,1.3930387588010897e-06,1.5045460510171122e-06,Canada,CAN,,gcp,northamerica-northeast2,Linux-6.8.0-1032-gcp-x86_64-with-glibc2.35,3.10.12,3.0.4,2,Intel(R) Xeon(R) CPU @ 2.60GHz,,,,,15.61648178100586,machine,Y,1.0
2025-08-08T00:28:52,dask-benchmark,362d25c7-49cd-401f-9cde-4c9a6b110db2,dask_R6301_81ec5021,1.0031751631759107,7.077771044496654e-08,7.055369096349468e-08,0.8,0.0,10.0,1.1159591573394008e-07,0.0,1.3943128171376883e-06,1.5059087328716286e-06,Canada,CAN,,gcp,northamerica-northeast2,Linux-6.8.0-1032-gcp-x86_64-with-glibc2.35,3.10.12,3.0.4,2,Intel(R) Xeon(R) CPU @ 2.60GHz,,,,,15.61648178100586,machine,Y,1.0
2025-08-08T00:28:54,dask-benchmark,55e80e4f-cae7-45e3-8e2b-c9045adf9946,dask_R6301_81ec5021,1.0032441527582705,7.078477803669456e-08,7.055588397109753e-08,0.8,0.0,10.0,1.1161121332810988e-07,0.0,1.3944478938356045e-06,1.5060591071637142e-06,Canada,CAN,,gcp,northamerica-northeast2,Linux-6.8.0-1032-gcp-x86_64-with-glibc2.35,3.10.12,3.0.4,2,Intel(R) Xeon(R) CPU @ 2.60GHz,,,,,15.61648178100586,machine,Y,1.0
2025-08-08T00:28:56,dask-benchmark,66b09b2c-c5eb-4270-bd20-47c6f6c3ac62,dask_R6301_81ec5021,1.003084099851549,7.07533310316503e-08,7.053579160722558e-08,0.8,0.0,10.0,1.1156845289385981e-07,0.0,1.3938215690561463e-06,1.5053900219500062e-06,Canada,CAN,,gcp,northamerica-northeast2,Linux-6.8.0-1032-gcp-x86_64-with-glibc2.35,3.10.12,3.0.4,2,Intel(R) Xeon(R) CPU @ 2.60GHz,,,,,15.61648178100586,machine,Y,1.0
2025-08-08T00:28:58,dask-benchmark,84400ec9-7b28-4fcb-b5df-79729ce7fa38,dask_R6301_81ec5021,1.0031443773768842,7.07666436875653e-08,7.054482413848799e-08,0.8,0.0,10.0,1.115870060813096e-07,0.0,1.3940862638668882e-06,1.505673269948198e-06,Canada,CAN,,gcp,northamerica-northeast2,Linux-6.8.0-1032-gcp-x86_64-with-glibc2.35,3.10.12,3.0.4,2,Intel(R) Xeon(R) CPU @ 2.60GHz,,,,,15.61648178100586,machine,Y,1.0
2025-08-08T00:29:00,dask-benchmark,6e486e19-008a-44f7-ae0d-c82963064bf3,dask_R6301_81ec5021,1.002807625103742,7.071913628341103e-08,7.052113936219326e-08,0.8000072,0.0,10.0,1.1150844603638041e-07,0.0,1.393154028078748e-06,1.5046624741151283e-06,Canada,CAN,,gcp,northamerica-northeast2,Linux-6.8.0-1032-gcp-x86_64-with-glibc2.35,3.10.12,3.0.4,2,Intel(R) Xeon(R) CPU @ 2.60GHz,,,,,15.61648178100586,machine,Y,1.0
2025-08-08T00:29:02,dask-benchmark,fb705d88-c5b0-4e5b-933d-a71bab3e1c9c,dask_R6301_81ec5021,1.004133011214435,7.07593414405775e-08,7.04680960095103e-08,0.8,0.0,10.0,1.1157474977274737e-07,0.0,1.3939431532182629e-06,1.5055179029910103e-06,Canada,CAN,,gcp,northamerica-northeast2,Linux-6.8.0-1032-gcp-x86_64-with-glibc2.35,3.10.12,3.0.4,2,Intel(R) Xeon(R) CPU @ 2.60GHz,,,,,15.61648178100586,machine,Y,1.0
2025-08-08T00:29:04,dask-benchmark,f31ea5c0-5748-4e7b-8e95-a82a34222039,dask_R6301_81ec5021,1.0029671927914023,7.075059494572796e-08,7.054128535233427e-08,0.8,0.0,10.0,1.1155155280398e-07,0.0,1.393780254551934e-06,1.505331807355914e-06,Canada,CAN,,gcp,northamerica-northeast2,Linux-6.8.0-1032-gcp-x86_64-with-glibc2.35,3.10.12,3.0.4,2,Intel(R) Xeon(R) CPU @ 2.60GHz,,,,,15.61648178100586,machine,Y,1.0
2025-08-08T00:29:07,dask-benchmark,da9f052d-3c1a-4878-b1b5-011cb6af0b27,dask_R6301_81ec5021,1.0028390428051353,7.071783331678147e-08,7.05176307445809e-08,0.8,0.0,10.0,1.1152053479519157e-07,0.0,1.3931142166256905e-06,1.504634751420882e-06,Canada,CAN,,gcp,northamerica-northeast2,Linux-6.8.0-1032-gcp-x86_64-with-glibc2.35,3.10.12,3.0.4,2,Intel(R) Xeon(R) CPU @ 2.60GHz,,,,,15.61648178100586,machine,Y,1.0
2025-08-08T00:29:09,dask-benchmark,1df401e1-3c72-449b-aa4b-b80fe5102f33,dask_R6301_81ec5021,1.003471665084362,7.081477927401044e-08,7.056978461674552e-08,0.8,0.0,10.0,1.1165265935576629e-07,0.0,1.3950447720061573e-06,1.5066974313619236e-06,Canada,CAN,,gcp,northamerica-northeast2,Linux-6.8.0-1032-gcp-x86_64-with-glibc2.35,3.10.12,3.0.4,2,Intel(R) Xeon(R) CPU @ 2.60GHz,,,,,15.61648178100586,machine,Y,1.0
2025-08-08T00:29:11,dask-benchmark,7e802d9b-ac61-4e8a-ad83-cdb549bc6bab,dask_R6301_81ec5021,1.003406931180507,7.080714955651612e-08,7.05667335516724e-08,0.8000072,0.0,10.0,1.1164754642012829e-07,0.0,1.394887550527023e-06,1.5065350969471511e-06,Canada,CAN,,gcp,northamerica-northeast2,Linux-6.8.0-1032-gcp-x86_64-with-glibc2.35,3.10.12,3.0.4,2,Intel(R) Xeon(R) CPU @ 2.60GHz,,,,,15.61648178100586,machine,Y,1.0
2025-08-08T00:29:13,dask-benchmark,32121acb-c00d-4718-a2aa-d318aae48d0d,dask_R6301_81ec5021,1.003383232280612,7.080986185351179e-08,7.057110341834844e-08,0.8,0.0,10.0,1.1164192493177125e-07,0.0,1.3949508804620968e-06,1.506592805393868e-06,Canada,CAN,,gcp,northamerica-northeast2,Linux-6.8.0-1032-gcp-x86_64-with-glibc2.35,3.10.12,3.0.4,2,Intel(R) Xeon(R) CPU @ 2.60GHz,,,,,15.61648178100586,machine,Y,1.0
2025-08-08T00:29:15,dask-benchmark,b403b6d3-d980-4d65-8644-1d1623a64ac0,dask_R6301_81ec5021,1.003480767365545,7.08159232643019e-08,7.057028452096412e-08,0.8,0.0,10.0,1.1166800713787477e-07,0.0,1.3950537644430168e-06,1.5067217715808916e-06,Canada,CAN,,gcp,northamerica-northeast2,Linux-6.8.0-1032-gcp-x86_64-with-glibc2.35,3.10.12,3.0.4,2,Intel(R) Xeon(R) CPU @ 2.60GHz,,,,,15.61648178100586,machine,Y,1.0
2025-08-08T00:29:17,dask-benchmark,a030571b-c6ea-4347-9834-b53ed4d8c2a2,dask_R6301_81ec5021,1.0032113776542246,7.07812871606503e-08,7.055470934366375e-08,0.8,0.0,10.0,1.1159910644508073e-07,0.0,1.394385726760245e-06,1.5059848332053257e-06,Canada,CAN,,gcp,northamerica-northeast2,Linux-6.8.0-1032-gcp-x86_64-with-glibc2.35,3.10.12,3.0.4,2,Intel(R) Xeon(R) CPU @ 2.60GHz,,,,,15.61648178100586,machine,Y,1.0
2025-08-08T00:29:19,dask-benchmark,bedc5721-a331-48ad-beb4-0310557b2da5,dask_R6301_81ec5021,1.0033089993521571,7.078763031581833e-08,7.055416662416696e-08,0.8,0.0,10.0,1.1161821583906808e-07,0.0,1.394501578114513e-06,1.5061197939535812e-06,Canada,CAN,,gcp,northamerica-northeast2,Linux-6.8.0-1032-gcp-x86_64-with-glibc2.35,3.10.12,3.0.4,2,Intel(R) Xeon(R) CPU @ 2.60GHz,,,,,15.61648178100586,machine,Y,1.0
2025-08-08T00:29:22,dask-benchmark,76ed3193-0f58-4673-921d-bee91dd2dc14,dask_R6301_81ec5021,1.0029788129031658,7.075381139707233e-08,7.0543674987782e-08,0.8,0.0,10.0,1.1156414997660453e-07,0.0,1.3938360925142963e-06,1.5054002424909007e-06,Canada,CAN,,gcp,northamerica-northeast2,Linux-6.8.0-1032-gcp-x86_64-with-glibc2.35,3.10.12,3.0.4,2,Intel(R) Xeon(R) CPU @ 2.60GHz,,,,,15.61648178100586,machine,Y,1.0
2025-08-08T00:29:24,dask-benchmark,4ed30818-a8c8-4e75-b6e3-be0c884e1edc,dask_R6301_81ec5021,1.003012313041836,7.07518262930939e-08,7.053933972009257e-08,0.8,0.0,10.0,1.115540922102001e-07,0.0,1.39380391402584e-06,1.50535800623604e-06,Canada,CAN,,gcp,northamerica-northeast2,Linux-6.8.0-1032-gcp-x86_64-with-glibc2.35,3.10.12,3.0.4,2,Intel(R) Xeon(R) CPU @ 2.60GHz,,,,,15.61648178100586,machine,Y,1.0
2025-08-08T00:29:26,dask-benchmark,f3affb78-ab85-4294-abb3-31404e152c9d,dask_R6301_81ec5021,1.0027408334426582,7.071466959630035e-08,7.052138223345244e-08,0.8,0.0,10.0,1.1149827691002025e-07,0.0,1.3930691613091362e-06,1.5045674382191564e-06,Canada,CAN,,gcp,northamerica-northeast2,Linux-6.8.0-1032-gcp-x86_64-with-glibc2.35,3.10.12,3.0.4,2,Intel(R) Xeon(R) CPU @ 2.60GHz,,,,,15.61648178100586,machine,Y,1.0
2025-08-08T00:29:28,dask-benchmark,1a4eb0a2-98f4-4063-a0dd-06460a7ae1c5,dask_R6301_81ec5021,1.0032341871410608,7.077750518028108e-08,7.054933542683323e-08,0.8,0.0,10.0,1.116012768406007e-07,0.0,1.3943030886972946e-06,1.5059043655378953e-06,Canada,CAN,,gcp,northamerica-northeast2,Linux-6.8.0-1032-gcp-x86_64-with-glibc2.35,3.10.12,3.0.4,2,Intel(R) Xeon(R) CPU @ 2.60GHz,,,,,15.61648178100586,machine,Y,1.0
2025-08-08T00:29:30,dask-benchmark,1e6c2339-cbb2-495f-b243-66cc767ec4b6,dask_R6301_81ec5021,1.0032720053568482,7.078359263793877e-08,7.055274368266876e-08,0.8,0.0,10.0,1.1161757426129449e-07,0.0,1.3944163116522962e-06,1.5060338859135907e-06,Canada,CAN,,gcp,northamerica-northeast2,Linux-6.8.0-1032-gcp-x86_64-with-glibc2.35,3.10.12,3.0.4,2,Intel(R) Xeon(R) CPU @ 2.60GHz,,,,,15.61648178100586,machine,Y,1.0
2025-08-08T00:29:32,dask-benchmark,95bf6191-9aa1-49a6-86ac-43a079841c52,dask_R6301_81ec5021,1.0030751889571548,7.075876282854005e-08,7.05418333615691e-08,0.8,0.0,10.0,1.1157513978994557e-07,0.0,1.3939304523066514e-06,1.5055055920965969e-06,Canada,CAN,,gcp,northamerica-northeast2,Linux-6.8.0-1032-gcp-x86_64-with-glibc2.35,3.10.12,3.0.4,2,Intel(R) Xeon(R) CPU @ 2.60GHz,,,,,15.61648178100586,machine,Y,1.0
2025-08-08T00:29:34,dask-benchmark,6a802acd-262d-4dc7-8560-1cabed14c2ff,dask_R6301_81ec5021,1.0029159910045564,7.074378838198674e-08,7.053809991714981e-08,0.8,0.0,10.0,1.115424790316158e-07,0.0,1.3936445078191656e-06,1.5051869868507815e-06,Canada,CAN,,gcp,northamerica-northeast2,Linux-6.8.0-1032-gcp-x86_64-with-glibc2.35,3.10.12,3.0.4,2,Intel(R) Xeon(R) CPU @ 2.60GHz,,,,,15.61648178100586,machine,Y,1.0
2025-08-08T00:29:37,dask-benchmark,4ab8855e-1c39-48fd-884a-94b7ed6e26b4,dask_R6301_81ec5021,1.0027338066138327,7.071429825517246e-08,7.052150609539144e-08,0.8,0.0,10.0,1.1149317129618593e-07,0.0,1.393066366047909e-06,1.5045595373440949e-06,Canada,CAN,,gcp,northamerica-northeast2,Linux-6.8.0-1032-gcp-x86_64-with-glibc2.35,3.10.12,3.0.4,2,Intel(R) Xeon(R) CPU @ 2.60GHz,,,,,15.61648178100586,machine,Y,1.0
2025-08-08T00:29:39,dask-benchmark,6f2db82e-957b-4e33-8827-5b645ee4a30d,dask_R6301_81ec5021,1.003014510963112,7.075813410224188e-08,7.054547399747854e-08,0.8,0.0,10.0,1.1156399910234744e-07,0.0,1.3939282158389688e-06,1.5054922149413163e-06,Canada,CAN,,gcp,northamerica-northeast2,Linux-6.8.0-1032-gcp-x86_64-with-glibc2.35,3.10.12,3.0.4,2,Intel(R) Xeon(R) CPU @ 2.60GHz,,,,,15.61648178100586,machine,Y,1.0
2025-08-08T00:29:41,dask-benchmark,7be63712-130b-444f-9c0d-eadd8f291408,dask_R6301_81ec5021,1.002870739903301,7.07528097416895e-08,7.055027824274905e-08,0.8,0.0,10.0,1.1157264177583989e-07,0.0,1.393806288898405e-06,1.5053789306742448e-06,Canada,CAN,,gcp,northamerica-northeast2,Linux-6.8.0-1032-gcp-x86_64-with-glibc2.35,3.10.12,3.0.4,2,Intel(R) Xeon(R) CPU @ 2.60GHz,,,,,15.61648178100586,machine,Y,1.0
2025-08-08T00:29:43,dask-benchmark,c48aded5-8f43-4fd8-9b09-d7e986befef2,dask_R6301_81ec5021,1.002682626247406,7.071810487484275e-08,7.052890219062545e-08,0.8000072,0.0,10.0,1.1149629816930844e-07,0.0,1.3931442310826648e-06,1.5046405292519732e-06,Canada,CAN,,gcp,northamerica-northeast2,Linux-6.8.0-1032-gcp-x86_64-with-glibc2.35,3.10.12,3.0.4,2,Intel(R) Xeon(R) CPU @ 2.60GHz,,,,,15.61648178100586,machine,Y,1.0
2025-08-08T00:29:45,dask-benchmark,b8294a13-476e-4821-9b53-af313b425399,dask_R6301_81ec5021,1.0034781149588523,7.081472527375448e-08,7.056927721503742e-08,0.8,0.0,10.0,1.116659743711353e-07,0.0,1.3950303080491722e-06,1.5066962824203077e-06,Canada,CAN,,gcp,northamerica-northeast2,Linux-6.8.0-1032-gcp-x86_64-with-glibc2.35,3.10.12,3.0.4,2,Intel(R) Xeon(R) CPU @ 2.60GHz,,,,,15.61648178100586,machine,Y,1.0
2025-08-08T00:29:47,dask-benchmark,3160a934-d77b-45c6-b87c-bfb8beeb5516,dask_R6301_81ec5021,1.0034284577704966,7.08122417386104e-08,7.057029446418841e-08,0.8,0.0,10.0,1.1164706955767341e-07,0.0,1.394996371689356e-06,1.5066434412470296e-06,Canada,CAN,,gcp,northamerica-northeast2,Linux-6.8.0-1032-gcp-x86_64-with-glibc2.35,3.10.12,3.0.4,2,Intel(R) Xeon(R) CPU @ 2.60GHz,,,,,15.61648178100586,machine,Y,1.0
2025-08-08T00:29:49,dask-benchmark,ec69b6df-e34c-42a0-bb8b-85d3029adce4,dask_R6301_81ec5021,1.0033320542424915,7.080916550165662e-08,7.05740090753076e-08,0.8,0.0,10.0,1.1164327514254385e-07,0.0,1.3949347142544056e-06,1.5065779893969497e-06,Canada,CAN,,gcp,northamerica-northeast2,Linux-6.8.0-1032-gcp-x86_64-with-glibc2.35,3.10.12,3.0.4,2,Intel(R) Xeon(R) CPU @ 2.60GHz,,,,,15.61648178100586,machine,Y,1.0
2025-08-08T00:29:52,dask-benchmark,6436a640-18b7-4393-93ee-bd39cf165465,dask_R6301_81ec5021,1.0033459248952568,7.080622267495429e-08,7.057010041910124e-08,0.8,0.0,10.0,1.1164292848358553e-07,0.0,1.3948724475792713e-06,1.5065153760628568e-06,Canada,CAN,,gcp,northamerica-northeast2,Linux-6.8.0-1032-gcp-x86_64-with-glibc2.35,3.10.12,3.0.4,2,Intel(R) Xeon(R) CPU @ 2.60GHz,,,,,15.61648178100586,machine,Y,1.0
2025-08-08T00:29:54,dask-benchmark,7f90e86b-5029-44cc-a8a1-a3bbac8516e6,dask_R6301_81ec5021,1.0031618629582226,7.077725795025212e-08,7.055417531677008e-08,0.8,0.0,10.0,1.1159255262464285e-07,0.0,1.3943065526998705e-06,1.5058991053245132e-06,Canada,CAN,,gcp,northamerica-northeast2,Linux-6.8.0-1032-gcp-x86_64-with-glibc2.35,3.10.12,3.0.4,2,Intel(R) Xeon(R) CPU @ 2.60GHz,,,,,15.61648178100586,machine,Y,1.0
2025-08-08T00:29:56,dask-benchmark,a6be291f-1ff5-4954-9bdd-7b7c1eaf8f1e,dask_R6301_81ec5021,1.0033129341900349,7.07886592339621e-08,7.055491544231823e-08,0.8,0.0,10.0,1.1162450288732849e-07,0.0,1.394517182941652e-06,1.5061416858289803e-06,Canada,CAN,,gcp,northamerica-northeast2,Linux-6.8.0-1032-gcp-x86_64-with-glibc2.35,3.10.12,3.0.4,2,Intel(R) Xeon(R) CPU @ 2.60GHz,,,,,15.61648178100586,machine,Y,1.0
2025-08-08T00:29:58,dask-benchmark,be26b557-137a-489f-8204-be0f7485189c,dask_R6301_81ec5021,1.0029442328959703,7.074318202326283e-08,7.05355090571627e-08,0.8,0.0,10.0,1.1153947955204384e-07,0.0,1.3936346060492927e-06,1.5051740856013366e-06,Canada,CAN,,gcp,northamerica-northeast2,Linux-6.8.0-1032-gcp-x86_64-with-glibc2.35,3.10.12,3.0.4,2,Intel(R) Xeon(R) CPU @ 2.60GHz,,,,,15.61648178100586,machine,Y,1.0
2025-08-08T00:30:00,dask-benchmark,7cbaec1f-da8a-4a05-8b87-06904a0b4dbe,dask_R6301_81ec5021,1.0030403109267354,7.075926038669421e-08,7.054478231420019e-08,0.8,0.0,10.0,1.1156589154981909e-07,0.0,1.3939502868904834e-06,1.5055161784403024e-06,Canada,CAN,,gcp,northamerica-northeast2,Linux-6.8.0-1032-gcp-x86_64-with-glibc2.35,3.10.12,3.0.4,2,Intel(R) Xeon(R) CPU @ 2.60GHz,,,,,15.61648178100586,machine,Y,1.0
2025-08-08T00:30:02,dask-benchmark,b1cb0356-4b3b-427d-9cf3-525a50b467e2,dask_R6301_81ec5021,1.0028002271428704,7.072282362035994e-08,7.052533665838904e-08,0.8,0.0,10.0,1.115083610638976e-07,0.0,1.3932325670288668e-06,1.5047409280927645e-06,Canada,CAN,,gcp,northamerica-northeast2,Linux-6.8.0-1032-gcp-x86_64-with-glibc2.35,3.10.12,3.0.4,2,Intel(R) Xeon(R) CPU @ 2.60GHz,,,,,15.61648178100586,machine,Y,1.0
2025-08-08T00:30:04,dask-benchmark,f15667da-d1a5-41a6-a072-d726490e6ce0,dask_R6301_81ec5021,1.0032170386984944,7.078177565553535e-08,7.055479813955595e-08,0.8,0.0,10.0,1.1160187992370792e-07,0.0,1.3943933467898103e-06,1.5059952267135182e-06,Canada,CAN,,gcp,northamerica-northeast2,Linux-6.8.0-1032-gcp-x86_64-with-glibc2.35,3.10.12,3.0.4,2,Intel(R) Xeon(R) CPU @ 2.60GHz,,,,,15.61648178100586,machine,Y,1.0
2025-08-08T00:30:07,dask-benchmark,2865ab6a-5f5e-4fd3-a64e-56bd683ca40b,dask_R6301_81ec5021,1.003215054050088,7.078203625309591e-08,7.05551974796841e-08,0.8,0.0,10.0,1.116048802311222e-07,0.0,1.394395891111344e-06,1.5060007713424662e-06,Canada,CAN,,gcp,northamerica-northeast2,Linux-6.8.0-1032-gcp-x86_64-with-glibc2.35,3.10.12,3.0.4,2,Intel(R) Xeon(R) CPU @ 2.60GHz,,,,,15.61648178100586,machine,Y,1.0
2025-08-08T00:30:09,dask-benchmark,14578641-a911-4103-b558-6506bed44926,dask_R6301_81ec5021,1.002977296244353,7.0750330099836e-08,7.054031069772017e-08,0.8,0.0,10.0,1.1155049161364637e-07,0.0,1.3937756807232897e-06,1.505326172336936e-06,Canada,CAN,,gcp,northamerica-northeast2,Linux-6.8.0-1032-gcp-x86_64-with-glibc2.35,3.10.12,3.0.4,2,Intel(R) Xeon(R) CPU @ 2.60GHz,,,,,15.61648178100586,machine,Y,1.0
2025-08-08T00:30:11,dask-benchmark,40665516-1f5b-49f0-afc1-45ec23400606,dask_R6301_81ec5021,1.0029242248274386,7.074803351315979e-08,7.0541753566011e-08,0.8,0.0,10.0,1.1154348713656266e-07,0.0,1.3937338216540713e-06,1.505277308790634e-06,Canada,CAN,,gcp,northamerica-northeast2,Linux-6.8.0-1032-gcp-x86_64-with-glibc2.35,3.10.12,3.0.4,2,Intel(R) Xeon(R) CPU @ 2.60GHz,,,,,15.61648178100586,machine,Y,1.0
2025-08-08T00:30:13,dask-benchmark,c33b6718-6bfc-48ca-a0e0-c5699b9153bd,dask_R6301_81ec5021,1.0027537061832843,7.07182707490089e-08,7.05240681863737e-08,0.8,0.0,10.0,1.1150518897920849e-07,0.0,1.3931388695103428e-06,1.5046440584895513e-06,Canada,CAN,,gcp,northamerica-northeast2,Linux-6.8.0-1032-gcp-x86_64-with-glibc2.35,3.10.12,3.0.4,2,Intel(R) Xeon(R) CPU @ 2.60GHz,,,,,15.61648178100586,machine,Y,1.0
2025-08-08T00:30:15,dask-benchmark,d85637a8-d031-44a2-a189-0a3931d9fc62,dask_R6301_81ec5021,1.0030079423449934,7.075447603842866e-08,7.054228890053198e-08,0.8,0.0,10.0,1.1156333320670657e-07,0.0,1.3938510505896476e-06,1.505414383796354e-06,Canada,CAN,,gcp,northamerica-northeast2,Linux-6.8.0-1032-gcp-x86_64-with-glibc2.35,3.10.12,3.0.4,2,Intel(R) Xeon(R) CPU @ 2.60GHz,,,,,15.61648178100586,machine,Y,1.0
2025-08-08T00:30:17,dask-benchmark,ce917a28-93c0-4e49-971f-05725b6c4534,dask_R6301_81ec5021,1.00307609513402,7.075975795700732e-08,7.05427617109679e-08,0.8,0.0,10.0,1.1156917891154689e-07,0.0,1.393957586131162e-06,1.505526765042709e-06,Canada,CAN,,gcp,northamerica-northeast2,Linux-6.8.0-1032-gcp-x86_64-with-glibc2.35,3.10.12,3.0.4,2,Intel(R) Xeon(R) CPU @ 2.60GHz,,,,,15.61648178100586,machine,Y,1.0
2025-08-08T00:30:19,dask-benchmark,732eb856-614f-4278-9cfd-9ff9c9e44021,dask_R6301_81ec5021,1.0028307270258665,7.071888676922148e-08,7.051926597717562e-08,0.8,0.0,10.0,1.115129924275809e-07,0.0,1.3931441728750037e-06,1.5046571653025846e-06,Canada,CAN,,gcp,northamerica-northeast2,Linux-6.8.0-1032-gcp-x86_64-with-glibc2.35,3.10.12,3.0.4,2,Intel(R) Xeon(R) CPU @ 2.60GHz,,,,,15.61648178100586,machine,Y,1.0
2025-08-08T00:30:22,dask-benchmark,a92a2e24-ecde-41ae-8577-a3dfea51b979,dask_R6301_81ec5021,1.0035493290051818,7.896834540037671e-08,7.86890520654904e-08,2.0375332352000006,0.0,10.0,2.844747960764801e-07,0.0,1.3957027656336626e-06,1.6801775617101427e-06,Canada,CAN,,gcp,northamerica-northeast2,Linux-6.8.0-1032-gcp-x86_64-with-glibc2.35,3.10.12,3.0.4,2,Intel(R) Xeon(R) CPU @ 2.60GHz,,,,,15.61648178100586,machine,Y,1.0
2025-08-08T00:30:24,dask-benchmark,2ff3641a-d4ad-4126-815e-b082b58528d5,dask_R6301_81ec5021,1.0032389094121754,7.338753117288906e-08,7.31506029963379e-08,1.1950784,0.0,10.0,1.667358695360149e-07,0.0,1.3947009639297097e-06,1.5614368334657244e-06,Canada,CAN,,gcp,northamerica-northeast2,Linux-6.8.0-1032-gcp-x86_64-with-glibc2.35,3.10.12,3.0.4,2,Intel(R) Xeon(R) CPU @ 2.60GHz,,,,,15.61648178100586,machine,Y,1.0
2025-08-08T00:30:26,dask-benchmark,69e3d8e1-c1d8-4e2c-bb5e-38b0dd35d1cb,dask_R6301_81ec5021,1.0034340741112828,7.081160747756562e-08,7.05692673833921e-08,0.8,0.0,10.0,1.116467153446542e-07,0.0,1.394983230986529e-06,1.5066299463311832e-06,Canada,CAN,,gcp,northamerica-northeast2,Linux-6.8.0-1032-gcp-x86_64-with-glibc2.35,3.10.12,3.0.4,2,Intel(R) Xeon(R) CPU @ 2.60GHz,,,,,15.61648178100586,machine,Y,1.0
2025-08-08T00:30:28,dask-benchmark,298d36be-9e85-4dc0-bb53-bcf17cecee5c,dask_R6301_81ec5021,1.0034767161123457,7.082211437930044e-08,7.057673909333782e-08,0.8,0.0,10.0,1.1165779425452157e-07,0.0,1.3951957031774026e-06,1.506853497431924e-06,Canada,CAN,,gcp,northamerica-northeast2,Linux-6.8.0-1032-gcp-x86_64-with-glibc2.35,3.10.12,3.0.4,2,Intel(R) Xeon(R) CPU @ 2.60GHz,,,,,15.61648178100586,machine,Y,1.0
2025-08-08T00:30:30,dask-benchmark,1aed8dbb-6818-4eb6-91b7-c18a09facbb9,dask_R6301_81ec5021,1.0031506228260696,7.077949774011763e-08,7.055719861960319e-08,0.8,0.0,10.0,1.1159577199982273e-07,0.0,1.394350988428212e-06,1.5059467604280348e-06,Canada,CAN,,gcp,northamerica-northeast2,Linux-6.8.0-1032-gcp-x86_64-with-glibc2.35,3.10.12,3.0.4,2,Intel(R) Xeon(R) CPU @ 2.60GHz,,,,,15.61648178100586,machine,Y,1.0
2025-08-08T00:30:32,dask-benchmark,fa03f98d-6f1e-4a07-9222-54979d7eafc0,dask_R6301_81ec5021,1.00323974667117,7.077843329843342e-08,7.054986959326715e-08,0.8,0.0,10.0,1.116013407914175e-07,0.0,1.394322771941208e-06,1.5059241127326255e-06,Canada,CAN,,gcp,northamerica-northeast2,Linux-6.8.0-1032-gcp-x86_64-with-glibc2.35,3.10.12,3.0.4,2,Intel(R) Xeon(R) CPU @ 2.60GHz,,,,,15.61648178100586,machine,Y,1.0
2025-08-08T00:30:35,dask-benchmark,ea0bb970-e3e5-4afe-a633-497e641d9831,dask_R6301_81ec5021,1.0030007036402822,7.074648766768061e-08,7.053483353592267e-08,0.8,0.0,10.0,1.115498352381918e-07,0.0,1.393694583223098e-06,1.5052444184612897e-06,Canada,CAN,,gcp,northamerica-northeast2,Linux-6.8.0-1032-gcp-x86_64-with-glibc2.35,3.10.12,3.0.4,2,Intel(R) Xeon(R) CPU @ 2.60GHz,,,,,15.61648178100586,machine,Y,1.0
2025-08-08T00:30:37,dask-benchmark,659e142f-51c3-4a07-9267-080dde1cd546,dask_R6301_81ec5021,1.0029893652535975,7.075376116766008e-08,7.054288272515292e-08,0.8000072,0.0,10.0,1.1155647404943957e-07,0.0,1.393842699730562e-06,1.5053991737800016e-06,Canada,CAN,,gcp,northamerica-northeast2,Linux-6.8.0-1032-gcp-x86_64-with-glibc2.35,3.10.12,3.0.4,2,Intel(R) Xeon(R) CPU @ 2.60GHz,,,,,15.61648178100586,machine,Y,1.0
2025-08-08T00:30:39,dask-benchmark,8c9bf5da-8528-4b59-ad83-ed79afd748b6,dask_R6301_81ec5021,1.0027002738788724,7.07139141423007e-08,7.052348142755473e-08,0.8,0.0,10.0,1.1149383977883393e-07,0.0,1.393057524950968e-06,1.504551364729802e-06,Canada,CAN,,gcp,northamerica-northeast2,Linux-6.8.0-1032-gcp-x86_64-with-glibc2.35,3.10.12,3.0.4,2,Intel(R) Xeon(R) CPU @ 2.60GHz,,,,,15.61648178100586,machine,Y,1.0
2025-08-08T00:30:41,dask-benchmark,e8703e0e-7457-4cb1-afd9-2a43e12e9e7a,dask_R6301_81ec5021,1.0032275333069265,7.077816829447532e-08,7.055046432105997e-08,0.8,0.0,10.0,1.1160220226479904e-07,0.0,1.3943162720857395e-06,1.5059184743505386e-06,Canada,CAN,,gcp,northamerica-northeast2,Linux-6.8.0-1032-gcp-x86_64-with-glibc2.35,3.10.12,3.0.4,2,Intel(R) Xeon(R) CPU @ 2.60GHz,,,,,15.61648178100586,machine,Y,1.0
2025-08-08T00:30:43,dask-benchmark,13c5074d-b89c-4f1d-8079-b4d1173e424c,dask_R6301_81ec5021,1.003337087109685,7.079020469278717e-08,7.055475732160232e-08,0.8,0.0,10.0,1.11622356913156e-07,0.0,1.394552211018486e-06,1.506174567931642e-06,Canada,CAN,,gcp,northamerica-northeast2,Linux-6.8.0-1032-gcp-x86_64-with-glibc2.35,3.10.12,3.0.4,2,Intel(R) Xeon(R) CPU @ 2.60GHz,,,,,15.61648178100586,machine,Y,1.0
2025-08-08T00:30:45,dask-benchmark,216f03f0-e0d9-46a8-afd3-84bc9b5b6d84,dask_R6301_81ec5021,1.0030156932771206,7.075409106409576e-08,7.054135995910814e-08,0.8000072,0.0,10.0,1.11562811446155e-07,0.0,1.3938433814069464e-06,1.5054061928531011e-06,Canada,CAN,,gcp,northamerica-northeast2,Linux-6.8.0-1032-gcp-x86_64-with-glibc2.35,3.10.12,3.0.4,2,Intel(R) Xeon(R) CPU @ 2.60GHz,,,,,15.61648178100586,machine,Y,1.0
2025-08-08T00:30:47,dask-benchmark,31fce2b5-4226-4173-8bc7-e4fed359cce7,dask_R6301_81ec5021,1.003047410864383,7.076218378828423e-08,7.054719749219475e-08,0.8,0.0,10.0,1.115700262081292e-07,0.0,1.3940083522660036e-06,1.5055783784741328e-06,Canada,CAN,,gcp,northamerica-northeast2,Linux-6.8.0-1032-gcp-x86_64-with-glibc2.35,3.10.12,3.0.4,2,Intel(R) Xeon(R) CPU @ 2.60GHz,,,,,15.61648178100586,machine,Y,1.0
2025-08-08T00:30:50,dask-benchmark,d0c30549-da26-4ad4-b5cc-d091b3460145,dask_R6301_81ec5021,1.0026588230393827,7.069713939783266e-08,7.050966667158706e-08,0.8,0.0,10.0,1.114750663853354e-07,0.0,1.3927193888877e-06,1.5041944552730354e-06,Canada,CAN,,gcp,northamerica-northeast2,Linux-6.8.0-1032-gcp-x86_64-with-glibc2.35,3.10.12,3.0.4,2,Intel(R) Xeon(R) CPU @ 2.60GHz,,,,,15.61648178100586,machine,Y,1.0
2025-08-08T00:30:52,dask-benchmark,886cae24-ac05-4ccc-b040-aba116a285f0,dask_R6301_81ec5021,1.003046051133424,7.076089915317587e-08,7.054601239217017e-08,0.8,0.0,10.0,1.115671925039755e-07,0.0,1.393983853308277e-06,1.5055510458122523e-06,Canada,CAN,,gcp,northamerica-northeast2,Linux-6.8.0-1032-gcp-x86_64-with-glibc2.35,3.10.12,3.0.4,2,Intel(R) Xeon(R) CPU @ 2.60GHz,,,,,15.61648178100586,machine,Y,1.0
2025-08-08T00:30:54,dask-benchmark,d40aaf7d-97d9-459a-be84-d554b01effdb,dask_R6301_81ec5021,1.0030601816251874,7.075518400206543e-08,7.053932086849049e-08,0.8,0.0,10.0,1.1156739501489536e-07,0.0,1.3938620518375604e-06,1.5054294468524558e-06,Canada,CAN,,gcp,northamerica-northeast2,Linux-6.8.0-1032-gcp-x86_64-with-glibc2.35,3.10.12,3.0.4,2,Intel(R) Xeon(R) CPU @ 2.60GHz,,,,,15.61648178100586,machine,Y,1.0
2025-08-08T00:30:56,dask-benchmark,a48f02ba-4d53-454c-876d-56940f0a36bb,dask_R6301_81ec5021,1.0027468353509903,7.071856706222107e-08,7.052484691957916e-08,0.8,0.0,10.0,1.114997122850683e-07,0.0,1.3931506507409116e-06,1.5046503630259798e-06,Canada,CAN,,gcp,northamerica-northeast2,Linux-6.8.0-1032-gcp-x86_64-with-glibc2.35,3.10.12,3.0.4,2,Intel(R) Xeon(R) CPU @ 2.60GHz,,,,,15.61648178100586,machine,Y,1.0
2025-08-08T00:30:58,dask-benchmark,e98183c9-c74c-4de9-b4cc-3c05f830c657,dask_R6301_81ec5021,1.0034803641028702,7.081050398381841e-08,7.056491239579391e-08,0.8,0.0,10.0,1.1165040420989197e-07,0.0,1.3949560635309253e-06,1.5066064677408173e-06,Canada,CAN,,gcp,northamerica-northeast2,Linux-6.8.0-1032-gcp-x86_64-with-glibc2.35,3.10.12,3.0.4,2,Intel(R) Xeon(R) CPU @ 2.60GHz,,,,,15.61648178100586,machine,Y,1.0
2025-08-08T00:31:00,dask-benchmark,f69434ec-8002-4f87-a16e-f771b83ce3a8,dask_R6301_81ec5021,1.0033833826892078,7.081306251526499e-08,7.057428270884464e-08,0.8,0.0,10.0,1.1164966018663513e-07,0.0,1.395011244393471e-06,1.506660904580106e-06,Canada,CAN,,gcp,northamerica-northeast2,Linux-6.8.0-1032-gcp-x86_64-with-glibc2.35,3.10.12,3.0.4,2,Intel(R) Xeon(R) CPU @ 2.60GHz,,,,,15.61648178100586,machine,Y,1.0
2025-08-08T00:31:02,dask-benchmark,4c69c0dc-a731-439d-ba4e-26e37b5af596,dask_R6301_81ec5021,1.0037109041586518,7.082520622589317e-08,7.056335238806785e-08,0.8,0.0,10.0,1.1169453648229441e-07,0.0,1.3952247449196874e-06,1.5069192814019818e-06,Canada,CAN,,gcp,northamerica-northeast2,Linux-6.8.0-1032-gcp-x86_64-with-glibc2.35,3.10.12,3.0.4,2,Intel(R) Xeon(R) CPU @ 2.60GHz,,,,,15.61648178100586,machine,Y,1.0
2025-08-08T00:31:05,dask-benchmark,f1bb8c5e-34a5-440b-bda5-37e3177148ae,dask_R6301_81ec5021,1.003436115104705,7.081181350583211e-08,7.056932916794922e-08,0.8,0.0,10.0,1.1165152448746896e-07,0.0,1.3949828054238523e-06,1.5066343299113215e-06,Canada,CAN,,gcp,northamerica-northeast2,Linux-6.8.0-1032-gcp-x86_64-with-glibc2.35,3.10.12,3.0.4,2,Intel(R) Xeon(R) CPU @ 2.60GHz,,,,,15.61648178100586,machine,Y,1.0
2025-08-08T00:31:07,dask-benchmark,79c73016-268a-4aa4-8d29-4a35a7ac89e3,dask_R6301_81ec5021,1.0032287938520312,7.078431918042609e-08,7.055650676516194e-08,0.8,0.0,10.0,1.1160836420539356e-07,0.0,1.3944409800589911e-06,1.5060493442643847e-06,Canada,CAN,,gcp,northamerica-northeast2,Linux-6.8.0-1032-gcp-x86_64-with-glibc2.35,3.10.12,3.0.4,2,Intel(R) Xeon(R) CPU @ 2.60GHz,,,,,15.61648178100586,machine,Y,1.0
2025-08-08T00:31:09,dask-benchmark,f8d1c69e-7a35-4548-9834-14b7f2ece7b5,dask_R6301_81ec5021,1.0032449960708618,7.077989229751338e-08,7.05509547266299e-08,0.8,0.0,10.0,1.1160673573613168e-07,0.0,1.3943484195301102e-06,1.505955155266242e-06,Canada,CAN,,gcp,northamerica-northeast2,Linux-6.8.0-1032-gcp-x86_64-with-glibc2.35,3.10.12,3.0.4,2,Intel(R) Xeon(R) CPU @ 2.60GHz,,,,,15.61648178100586,machine,Y,1.0
2025-08-08T00:31:11,dask-benchmark,e94399aa-2f9f-47cf-9f3b-72e89675062d,dask_R6301_81ec5021,1.0032552597112954,7.07847884325828e-08,7.055511321510777e-08,0.8,0.0,10.0,1.1160942311916089e-07,0.0,1.3944499052336646e-06,1.5060593283528256e-06,Canada,CAN,,gcp,northamerica-northeast2,Linux-6.8.0-1032-gcp-x86_64-with-glibc2.35,3.10.12,3.0.4,2,Intel(R) Xeon(R) CPU @ 2.60GHz,,,,,15.61648178100586,machine,Y,1.0
2025-08-08T00:31:13,dask-benchmark,eebdcd3d-5e40-4d86-96e9-a6b3cada5639,dask_R6301_81ec5021,1.0032571353949606,7.077584346123388e-08,7.054606537472662e-08,0.8000072,0.0,10.0,1.116070208988112e-07,0.0,1.3942619889146752e-06,1.5058690098134864e-06,Canada,CAN,,gcp,northamerica-northeast2,Linux-6.8.0-1032-gcp-x86_64-with-glibc2.35,3.10.12,3.0.4,2,Intel(R) Xeon(R) CPU @ 2.60GHz,,,,,15.61648178100586,machine,Y,1.0
2025-08-08T00:31:15,dask-benchmark,7d45ff01-a4da-450d-b6b9-a524f3ff9bc7,dask_R6301_81ec5021,1.0033828280866146,7.08114720221816e-08,7.057273658670682e-08,0.8,0.0,10.0,1.1164722488158278e-07,0.0,1.3949798394201531e-06,1.5066270643017358e-06,Canada,CAN,,gcp,northamerica-northeast2,Linux-6.8.0-1032-gcp-x86_64-with-glibc2.35,3.10.12,3.0.4,2,Intel(R) Xeon(R) CPU @ 2.60GHz,,,,,15.61648178100586,machine,Y,1.0
2025-08-08T00:31:18,dask-benchmark,95c49cf8-7339-42c6-b73f-8fb321b4d1ca,dask_R6301_81ec5021,1.003566671628505,7.08116267470436e-08,7.055996253057741e-08,0.8,0.0,10.0,1.116730704282721e-07,0.0,1.3949572858918045e-06,1.5066303563200765e-06,Canada,CAN,,gcp,northamerica-northeast2,Linux-6.8.0-1032-gcp-x86_64-with-glibc2.35,3.10.12,3.0.4,2,Intel(R) Xeon(R) CPU @ 2.60GHz,,,,,15.61648178100586,machine,Y,1.0
2025-08-08T00:31:20,dask-benchmark,28a23068-e788-4e3d-be60-42ddca962a72,dask_R6301_81ec5021,1.0034537208266556,7.082127966364432e-08,7.05775245970497e-08,0.8,0.0,10.0,1.1166207306087017e-07,0.0,1.3951736644634771e-06,1.5068357375243471e-06,Canada,CAN,,gcp,northamerica-northeast2,Linux-6.8.0-1032-gcp-x86_64-with-glibc2.35,3.10.12,3.0.4,2,Intel(R) Xeon(R) CPU @ 2.60GHz,,,,,15.61648178100586,machine,Y,1.0
2025-08-08T00:31:22,dask-benchmark,181a9c4d-4e12-4472-92cd-d6675e7dc69d,dask_R6301_81ec5021,1.0033467207103968,7.080728928822404e-08,7.057110750119415e-08,0.8,0.0,10.0,1.1163971997383568e-07,0.0,1.3948983499883778e-06,1.5065380699622136e-06,Canada,CAN,,gcp,northamerica-northeast2,Linux-6.8.0-1032-gcp-x86_64-with-glibc2.35,3.10.12,3.0.4,2,Intel(R) Xeon(R) CPU @ 2.60GHz,,,,,15.61648178100586,machine,Y,1.0
2025-08-08T00:31:24,dask-benchmark,e9406f1b-b252-4c14-a941-3ffaf8e0e7c1,dask_R6301_81ec5021,1.0031361663714051,7.07890916883221e-08,7.056777939168915e-08,0.8,0.0,10.0,1.1161419801000093e-07,0.0,1.394536688975576e-06,1.5061508869855768e-06,Canada,CAN,,gcp,northamerica-northeast2,Linux-6.8.0-1032-gcp-x86_64-with-glibc2.35,3.10.12,3.0.4,2,Intel(R) Xeon(R) CPU @ 2.60GHz,,,,,15.61648178100586,machine,Y,1.0
2025-08-08T00:31:26,dask-benchmark,710f2c77-ca35-49bd-bf65-5c6cbcedb030,dask_R6301_81ec5021,1.0032358379103243,7.07852427025015e-08,7.055693190739937e-08,0.8,0.0,10.0,1.116054277453158e-07,0.0,1.394463565924929e-06,1.5060689936702448e-06,Canada,CAN,,gcp,northamerica-northeast2,Linux-6.8.0-1032-gcp-x86_64-with-glibc2.35,3.10.12,3.0.4,2,Intel(R) Xeon(R) CPU @ 2.60GHz,,,,,15.61648178100586,machine,Y,1.0
2025-08-08T00:31:28,dask-benchmark,c684f5ef-3e36-4c47-aaa6-903fb22aedae,dask_R6301_81ec5021,1.0032712849788368,7.07840906775867e-08,7.055329075732475e-08,0.8,0.0,10.0,1.1160433157864544e-07,0.0,1.394440150923199e-06,1.5060444825018446e-06,Canada,CAN,,gcp,northamerica-northeast2,Linux-6.8.0-1032-gcp-x86_64-with-glibc2.35,3.10.12,3.0.4,2,Intel(R) Xeon(R) CPU @ 2.60GHz,,,,,15.61648178100586,machine,Y,1.0
2025-08-08T00:31:30,dask-benchmark,939fc1c8-5ecf-4ac2-ac71-37481b89f23b,dask_R6301_81ec5021,1.0032950770109892,7.078510096581239e-08,7.055262463431491e-08,0.8,0.0,10.0,1.116207940503955e-07,0.0,1.3944451839456128e-06,1.5060659779960085e-06,Canada,CAN,,gcp,northamerica-northeast2,Linux-6.8.0-1032-gcp-x86_64-with-glibc2.35,3.10.12,3.0.4,2,Intel(R) Xeon(R) CPU @ 2.60GHz,,,,,15.61648178100586,machine,Y,1.0
2025-08-08T00:31:33,dask-benchmark,a8c62663-586d-45d0-9f39-22e6d108c146,dask_R6301_81ec5021,1.0033807288855314,7.081092511091588e-08,7.057233916537997e-08,0.8,0.0,10.0,1.1164769178463356e-07,0.0,1.3949677361071938e-06,1.5066154278918273e-06,Canada,CAN,,gcp,northamerica-northeast2,Linux-6.8.0-1032-gcp-x86_64-with-glibc2.35,3.10.12,3.0.4,2,Intel(R) Xeon(R) CPU @ 2.60GHz,,,,,15.61648178100586,machine,Y,1.0
2025-08-08T00:31:35,dask-benchmark,3ee99be7-02ae-48cf-b746-5c1a52115ecc,dask_R6301_81ec5021,1.00350044015795,7.081548434382098e-08,7.056846365974157e-08,0.8,0.0,10.0,1.116576555909382e-07,0.0,1.3950547772563166e-06,1.5067124328472548e-06,Canada,CAN,,gcp,northamerica-northeast2,Linux-6.8.0-1032-gcp-x86_64-with-glibc2.35,3.10.12,3.0.4,2,Intel(R) Xeon(R) CPU @ 2.60GHz,,,,,15.61648178100586,machine,Y,1.0
2025-08-08T00:31:37,dask-benchmark,5b814c9b-2d7c-48d8-b439-aca5f3968d13,dask_R6301_81ec5021,1.003456492908299,7.081103752268893e-08,7.056712276329853e-08,0.8,0.0,10.0,1.1165026202797901e-07,0.0,1.3949675576037002e-06,1.5066178196316791e-06,Canada,CAN,,gcp,northamerica-northeast2,Linux-6.8.0-1032-gcp-x86_64-with-glibc2.35,3.10.12,3.0.4,2,Intel(R) Xeon(R) CPU @ 2.60GHz,,,,,15.61648178100586,machine,Y,1.0
2025-08-08T00:31:39,dask-benchmark,579903ab-5043-4e9a-adfc-86fec24c223a,dask_R6301_81ec5021,1.003470690920949,7.081776712181516e-08,7.057283063924986e-08,0.8000072,0.0,10.0,1.1165962557567193e-07,0.0,1.3951013770161402e-06,1.506761002591812e-06,Canada,CAN,,gcp,northamerica-northeast2,Linux-6.8.0-1032-gcp-x86_64-with-glibc2.35,3.10.12,3.0.4,2,Intel(R) Xeon(R) CPU @ 2.60GHz,,,,,15.61648178100586,machine,Y,1.0
2025-08-08T00:31:41,dask-benchmark,5b1626d5-47bd-4558-a4ac-f8dfdd87686c,dask_R6301_81ec5021,1.0034653800539672,7.08003968337758e-08,7.055589384655012e-08,0.8,0.0,10.0,1.1164839462273653e-07,0.0,1.3947430273724928e-06,1.5063914219952292e-06,Canada,CAN,,gcp,northamerica-northeast2,Linux-6.8.0-1032-gcp-x86_64-with-glibc2.35,3.10.12,3.0.4,2,Intel(R) Xeon(R) CPU @ 2.60GHz,,,,,15.61648178100586,machine,Y,1.0
2025-08-08T00:31:43,dask-benchmark,066f808c-cbea-4578-af4e-2fd07f411f75,dask_R6301_81ec5021,1.0031859008595347,7.077640266411213e-08,7.055163215857654e-08,0.8,0.0,10.0,1.1159298279219205e-07,0.0,1.3942879249548746e-06,1.505880907747067e-06,Canada,CAN,,gcp,northamerica-northeast2,Linux-6.8.0-1032-gcp-x86_64-with-glibc2.35,3.10.12,3.0.4,2,Intel(R) Xeon(R) CPU @ 2.60GHz,,,,,15.61648178100586,machine,Y,1.0
2025-08-08T00:31:46,dask-benchmark,25454e40-cecd-4c72-a9c3-3cd4b212d480,dask_R6301_81ec5021,1.0031702159903944,7.078063071211498e-08,7.0556949941178e-08,0.8000576,0.0,10.0,1.1160581352262034e-07,0.0,1.3943650526925922e-06,1.5059708662152125e-06,Canada,CAN,,gcp,northamerica-northeast2,Linux-6.8.0-1032-gcp-x86_64-with-glibc2.35,3.10.12,3.0.4,2,Intel(R) Xeon(R) CPU @ 2.60GHz,,,,,15.61648178100586,machine,Y,1.0
2025-08-08T00:31:48,dask-benchmark,d72415b8-abb2-4136-b457-cf57212d619f,dask_R6301_81ec5021,1.0031863409094512,7.077796457937677e-08,7.055315816522391e-08,0.8000072,0.0,10.0,1.1160001770394306e-07,0.0,1.3943141222827965e-06,1.5059141399867396e-06,Canada,CAN,,gcp,northamerica-northeast2,Linux-6.8.0-1032-gcp-x86_64-with-glibc2.35,3.10.12,3.0.4,2,Intel(R) Xeon(R) CPU @ 2.60GHz,,,,,15.61648178100586,machine,Y,1.0
2025-08-08T00:31:50,dask-benchmark,9938df89-3f95-450c-9eb6-230a76fc160d,dask_R6301_81ec5021,1.0034024468623102,7.081022066121094e-08,7.057010961318467e-08,0.8,0.0,10.0,1.116439621481631e-07,0.0,1.3949564774520695e-06,1.5066004396002326e-06,Canada,CAN,,gcp,northamerica-northeast2,Linux-6.8.0-1032-gcp-x86_64-with-glibc2.35,3.10.12,3.0.4,2,Intel(R) Xeon(R) CPU @ 2.60GHz,,,,,15.61648178100586,machine,Y,1.0
2025-08-08T00:31:52,dask-benchmark,da77a9f9-f8f0-4be1-a76f-a695fb89d54a,dask_R6301_81ec5021,1.003575909882784,7.082752579295389e-08,7.05751553972897e-08,0.8,0.0,10.0,1.116812200182014e-07,0.0,1.3952874138744342e-06,1.5069686338926357e-06,Canada,CAN,,gcp,northamerica-northeast2,Linux-6.8.0-1032-gcp-x86_64-with-glibc2.35,3.10.12,3.0.4,2,Intel(R) Xeon(R) CPU @ 2.60GHz,,,,,15.61648178100586,machine,Y,1.0
2025-08-08T00:31:54,dask-benchmark,023f1824-1d89-4b6e-b5a3-b230ff4d1842,dask_R6301_81ec5021,1.0035235323011875,7.083158492405587e-08,7.058288385288924e-08,0.8,0.0,10.0,1.1167607042524557e-07,0.0,1.395378927958922e-06,1.5070549983841675e-06,Canada,CAN,,gcp,northamerica-northeast2,Linux-6.8.0-1032-gcp-x86_64-with-glibc2.35,3.10.12,3.0.4,2,Intel(R) Xeon(R) CPU @ 2.60GHz,,,,,15.61648178100586,machine,Y,1.0
2025-08-08T00:31:56,dask-benchmark,59b39e17-1878-4bf8-ae18-fa4f9dfee874,dask_R6301_81ec5021,1.003404047805816,7.081268548861974e-08,7.057245348318925e-08,0.8,0.0,10.0,1.1165031128459509e-07,0.0,1.395002571451995e-06,1.50665288273659e-06,Canada,CAN,,gcp,northamerica-northeast2,Linux-6.8.0-1032-gcp-x86_64-with-glibc2.35,3.10.12,3.0.4,2,Intel(R) Xeon(R) CPU @ 2.60GHz,,,,,15.61648178100586,machine,Y,1.0
2025-08-08T00:31:59,dask-benchmark,5dc084e7-75b4-4771-97d8-5de5ac1a552b,dask_R6301_81ec5021,1.0031323502771556,7.077271827377586e-08,7.055172555667461e-08,0.8,0.0,10.0,1.115857911192709e-07,0.0,1.3942167253440452e-06,1.505802516463316e-06,Canada,CAN,,gcp,northamerica-northeast2,Linux-6.8.0-1032-gcp-x86_64-with-glibc2.35,3.10.12,3.0.4,2,Intel(R) Xeon(R) CPU @ 2.60GHz,,,,,15.61648178100586,machine,Y,1.0
2025-08-08T00:32:01,dask-benchmark,96cb4993-022b-47c8-bf2f-68b3b94305c7,dask_R6301_81ec5021,1.0033031478524208,7.07877341652703e-08,7.05546816201983e-08,0.8,0.0,10.0,1.116251117653317e-07,0.0,1.3944968917510575e-06,1.5061220035163891e-06,Canada,CAN,,gcp,northamerica-northeast2,Linux-6.8.0-1032-gcp-x86_64-with-glibc2.35,3.10.12,3.0.4,2,Intel(R) Xeon(R) CPU @ 2.60GHz,,,,,15.61648178100586,machine,Y,1.0
2025-08-08T00:32:03,dask-benchmark,a700a307-0007-4604-abd2-f4e38e407193,dask_R6301_81ec5021,1.003104628995061,7.077258688190745e-08,7.05535443025614e-08,0.8,0.0,10.0,1.1158934535665649e-07,0.0,1.3942103755349913e-06,1.5057997208916475e-06,Canada,CAN,,gcp,northamerica-northeast2,Linux-6.8.0-1032-gcp-x86_64-with-glibc2.35,3.10.12,3.0.4,2,Intel(R) Xeon(R) CPU @ 2.60GHz,,,,,15.61648178100586,machine,Y,1.0
2025-08-08T00:32:05,dask-benchmark,3c6b30ae-8ef9-4c44-bc8d-6818d22ea97a,dask_R6301_81ec5021,1.0031843190081418,7.077823323533975e-08,7.055356816713292e-08,0.8,0.0,10.0,1.115998315314453e-07,0.0,1.394320024539613e-06,1.5059198560710583e-06,Canada,CAN,,gcp,northamerica-northeast2,Linux-6.8.0-1032-gcp-x86_64-with-glibc2.35,3.10.12,3.0.4,2,Intel(R) Xeon(R) CPU @ 2.60GHz,,,,,15.61648178100586,machine,Y,1.0
2025-08-08T00:32:07,dask-benchmark,ec08efbd-26d6-4f2f-8dd9-26ca812eacc6,dask_R6301_81ec5021,1.0034213159233332,7.081551750852831e-08,7.057406134866186e-08,0.8,0.0,10.0,1.116540435080727e-07,0.0,1.395059094971253e-06,1.5067131384793257e-06,Canada,CAN,,gcp,northamerica-northeast2,Linux-6.8.0-1032-gcp-x86_64-with-glibc2.35,3.10.12,3.0.4,2,Intel(R) Xeon(R) CPU @ 2.60GHz,,,,,15.61648178100586,machine,Y,1.0
2025-08-08T00:32:09,dask-benchmark,bca1ca14-a590-4afb-98a7-d5f43fdb2d40,dask_R6301_81ec5021,1.003440027590841,7.081218507797975e-08,7.05694243112792e-08,0.8,0.0,10.0,1.1164800346725518e-07,0.0,1.3949942322344416e-06,1.5066422357016968e-06,Canada,CAN,,gcp,northamerica-northeast2,Linux-6.8.0-1032-gcp-x86_64-with-glibc2.35,3.10.12,3.0.4,2,Intel(R) Xeon(R) CPU @ 2.60GHz,,,,,15.61648178100586,machine,Y,1.0
2025-08-08T00:32:11,dask-benchmark,b5039866-95c5-4582-b5c1-c39f48c10728,dask_R6301_81ec5021,1.003185234032571,7.081387823380323e-08,7.05890356351717e-08,0.8,0.0,10.0,1.1165122480856049e-07,0.0,1.3950270354851251e-06,1.5066782602936858e-06,Canada,CAN,,gcp,northamerica-northeast2,Linux-6.8.0-1032-gcp-x86_64-with-glibc2.35,3.10.12,3.0.4,2,Intel(R) Xeon(R) CPU @ 2.60GHz,,,,,15.61648178100586,machine,Y,1.0
2025-08-08T00:32:14,dask-benchmark,1c079ed3-5094-4533-be3e-587b3aae3524,dask_R6301_81ec5021,1.0034545119851828,7.08076573367127e-08,7.056389352082386e-08,0.8,0.0,10.0,1.1164727268947497e-07,0.0,1.3948986280916463e-06,1.5065459007811217e-06,Canada,CAN,,gcp,northamerica-northeast2,Linux-6.8.0-1032-gcp-x86_64-with-glibc2.35,3.10.12,3.0.4,2,Intel(R) Xeon(R) CPU @ 2.60GHz,,,,,15.61648178100586,machine,Y,1.0
2025-08-08T00:32:16,dask-benchmark,50473219-8c92-4d3d-92c8-f85b23e91152,dask_R6301_81ec5021,1.0032622939907014,7.077888476207024e-08,7.054873405092434e-08,0.8,0.0,10.0,1.1159879910863109e-07,0.0,1.394334919233289e-06,1.50593371834192e-06,Canada,CAN,,gcp,northamerica-northeast2,Linux-6.8.0-1032-gcp-x86_64-with-glibc2.35,3.10.12,3.0.4,2,Intel(R) Xeon(R) CPU @ 2.60GHz,,,,,15.61648178100586,machine,Y,1.0
2025-08-08T00:32:18,dask-benchmark,9bea87a9-f01e-4ad1-b6ec-4580e8a753f6,dask_R6301_81ec5021,1.0031991521827877,7.078153729423261e-08,7.055581849349079e-08,0.8,0.0,10.0,1.116044775893291e-07,0.0,1.3943856776071094e-06,1.5059901551964384e-06,Canada,CAN,,gcp,northamerica-northeast2,Linux-6.8.0-1032-gcp-x86_64-with-glibc2.35,3.10.12,3.0.4,2,Intel(R) Xeon(R) CPU @ 2.60GHz,,,,,15.61648178100586,machine,Y,1.0
2025-08-08T00:32:20,dask-benchmark,6190b736-0532-4f5e-8ffa-25d47b0ee307,dask_R6301_81ec5021,1.0030768662691116,7.075472442841986e-08,7.05376893912309e-08,0.8,0.0,10.0,1.1156155427710881e-07,0.0,1.3938581144126755e-06,1.5054196686897842e-06,Canada,CAN,,gcp,northamerica-northeast2,Linux-6.8.0-1032-gcp-x86_64-with-glibc2.35,3.10.12,3.0.4,2,Intel(R) Xeon(R) CPU @ 2.60GHz,,,,,15.61648178100586,machine,Y,1.0
2025-08-08T00:32:22,dask-benchmark,64b496c1-eaef-48a0-b7a1-f925e519518b,dask_R6301_81ec5021,1.0030492381192744,7.076136915917481e-08,7.054625682369588e-08,0.8000072,0.0,10.0,1.1157572062454333e-07,0.0,1.3939853253153465e-06,1.5055610459398896e-06,Canada,CAN,,gcp,northamerica-northeast2,Linux-6.8.0-1032-gcp-x86_64-with-glibc2.35,3.10.12,3.0.4,2,Intel(R) Xeon(R) CPU @ 2.60GHz,,,,,15.61648178100586,machine,Y,1.0
2025-08-08T00:32:24,dask-benchmark,152be5c5-1c28-4282-ac7a-1f48a0474ab8,dask_R6301_81ec5021,1.00272984104231,7.070852008674088e-08,7.051602255423186e-08,0.8,0.0,10.0,1.1149164237495929e-07,0.0,1.392944955215272e-06,1.5044365975902312e-06,Canada,CAN,,gcp,northamerica-northeast2,Linux-6.8.0-1032-gcp-x86_64-with-glibc2.35,3.10.12,3.0.4,2,Intel(R) Xeon(R) CPU @ 2.60GHz,,,,,15.61648178100586,machine,Y,1.0
2025-08-08T00:32:26,dask-benchmark,52e7ebb0-905f-4694-894e-85623fa39bf7,dask_R6301_81ec5021,1.0032108728773892,7.077548955981102e-08,7.054896579899916e-08,0.8,0.0,10.0,1.115974188885755e-07,0.0,1.3942640611074037e-06,1.5058614799959792e-06,Canada,CAN,,gcp,northamerica-northeast2,Linux-6.8.0-1032-gcp-x86_64-with-glibc2.35,3.10.12,3.0.4,2,Intel(R) Xeon(R) CPU @ 2.60GHz,,,,,15.61648178100586,machine,Y,1.0
2025-08-08T00:32:29,dask-benchmark,b89d2782-5748-4b09-b9f0-8a73733079df,dask_R6301_81ec5021,1.0031138421036303,7.077354653303822e-08,7.05538529750711e-08,0.8,0.0,10.0,1.115884827449918e-07,0.0,1.3942316562558213e-06,1.505820139000813e-06,Canada,CAN,,gcp,northamerica-northeast2,Linux-6.8.0-1032-gcp-x86_64-with-glibc2.35,3.10.12,3.0.4,2,Intel(R) Xeon(R) CPU @ 2.60GHz,,,,,15.61648178100586,machine,Y,1.0
2025-08-08T00:32:31,dask-benchmark,ac9cb5f6-0afa-4c93-be10-815101b85459,dask_R6301_81ec5021,1.0030339481309056,7.074855106292521e-08,7.053455288802633e-08,0.8000072,0.0,10.0,1.11558247407062e-07,0.0,1.3937300730807085e-06,1.5052883204877705e-06,Canada,CAN,,gcp,northamerica-northeast2,Linux-6.8.0-1032-gcp-x86_64-with-glibc2.35,3.10.12,3.0.4,2,Intel(R) Xeon(R) CPU @ 2.60GHz,,,,,15.61648178100586,machine,Y,1.0
2025-08-08T00:32:33,dask-benchmark,0ceba959-208c-45d4-8e10-9eec01c4b575,dask_R6301_81ec5021,1.0030499161221087,7.075048075145523e-08,7.053535383860424e-08,0.8,0.0,10.0,1.1156286920110389e-07,0.0,1.3937665084894332e-06,1.505329377690537e-06,Canada,CAN,,gcp,northamerica-northeast2,Linux-6.8.0-1032-gcp-x86_64-with-glibc2.35,3.10.12,3.0.4,2,Intel(R) Xeon(R) CPU @ 2.60GHz,,,,,15.61648178100586,machine,Y,1.0
2025-08-08T00:32:35,dask-benchmark,f3f8c3a0-b4e2-4267-8b53-f738390a1dbe,dask_R6301_81ec5021,1.002656641881913,7.071261314126767e-08,7.052525280094417e-08,0.8,0.0,10.0,1.1149086999810404e-07,0.0,1.3930328138586548e-06,1.5045236838567588e-06,Canada,CAN,,gcp,northamerica-northeast2,Linux-6.8.0-1032-gcp-x86_64-with-glibc2.35,3.10.12,3.0.4,2,Intel(R) Xeon(R) CPU @ 2.60GHz,,,,,15.61648178100586,machine,Y,1.0
2025-08-08T00:32:37,dask-benchmark,026d9680-481f-482d-9639-c2503fd4a4e3,dask_R6301_81ec5021,1.0029642060399055,7.075483328005714e-08,7.054572122710627e-08,0.8,0.0,10.0,1.115573768814405e-07,0.0,1.3938646078006265e-06,1.5054219846820669e-06,Canada,CAN,,gcp,northamerica-northeast2,Linux-6.8.0-1032-gcp-x86_64-with-glibc2.35,3.10.12,3.0.4,2,Intel(R) Xeon(R) CPU @ 2.60GHz,,,,,15.61648178100586,machine,Y,1.0
2025-08-08T00:32:39,dask-benchmark,420f30bf-0541-4db7-b5b5-5ee1c8473847,dask_R6301_81ec5021,1.0030073090456426,7.075138116182967e-08,7.053924784371642e-08,0.8,0.0,10.0,1.1155748781230717e-07,0.0,1.3937910475457708e-06,1.505348535358078e-06,Canada,CAN,,gcp,northamerica-northeast2,Linux-6.8.0-1032-gcp-x86_64-with-glibc2.35,3.10.12,3.0.4,2,Intel(R) Xeon(R) CPU @ 2.60GHz,,,,,15.61648178100586,machine,Y,1.0
2025-08-08T00:32:41,dask-benchmark,13d227a7-94a8-4c96-ba25-a326afbd99ae,dask_R6301_81ec5021,1.0026706070639193,7.071020095474605e-08,7.052186476454509e-08,0.8,0.0,10.0,1.1149054713961153e-07,0.0,1.392981813599666e-06,1.5044723607392775e-06,Canada,CAN,,gcp,northamerica-northeast2,Linux-6.8.0-1032-gcp-x86_64-with-glibc2.35,3.10.12,3.0.4,2,Intel(R) Xeon(R) CPU @ 2.60GHz,,,,,15.61648178100586,machine,Y,1.0
2025-08-08T00:32:44,dask-benchmark,469d15ff-1a65-4d29-bf5c-c0ddf438c8b3,dask_R6301_81ec5021,1.0034377668052912,7.080804869387713e-08,7.056546109412766e-08,0.8,0.0,10.0,1.1165050820757949e-07,0.0,1.3949037193217211e-06,1.5065542275293005e-06,Canada,CAN,,gcp,northamerica-northeast2,Linux-6.8.0-1032-gcp-x86_64-with-glibc2.35,3.10.12,3.0.4,2,Intel(R) Xeon(R) CPU @ 2.60GHz,,,,,15.61648178100586,machine,Y,1.0
2025-08-08T00:32:46,dask-benchmark,12ec8ca9-7016-4bdc-8292-c3b0c117faed,dask_R6301_81ec5021,1.0033927150070667,7.08077449272387e-08,7.056832670619898e-08,0.8,0.0,10.0,1.1164014258732401e-07,0.0,1.3949076218220097e-06,1.5065477644093337e-06,Canada,CAN,,gcp,northamerica-northeast2,Linux-6.8.0-1032-gcp-x86_64-with-glibc2.35,3.10.12,3.0.4,2,Intel(R) Xeon(R) CPU @ 2.60GHz,,,,,15.61648178100586,machine,Y,1.0
2025-08-08T00:32:48,dask-benchmark,bc8f3c4e-39f0-4fd2-b84e-f484cffffd65,dask_R6301_81ec5021,1.0033483346924186,7.08043785975832e-08,7.056809300360143e-08,0.8,0.0,10.0,1.1163501886443961e-07,0.0,1.3948411215096711e-06,1.506476140374111e-06,Canada,CAN,,gcp,northamerica-northeast2,Linux-6.8.0-1032-gcp-x86_64-with-glibc2.35,3.10.12,3.0.4,2,Intel(R) Xeon(R) CPU @ 2.60GHz,,,,,15.61648178100586,machine,Y,1.0
2025-08-08T00:32:50,dask-benchmark,8c39d85d-e12f-4342-84a8-e7b20e5d0c42,dask_R6301_81ec5021,1.0033838897943497,7.08054363956261e-08,7.056664664023872e-08,0.8,0.0,10.0,1.1163903327865733e-07,0.0,1.3948596134367915e-06,1.5064986467154488e-06,Canada,CAN,,gcp,northamerica-northeast2,Linux-6.8.0-1032-gcp-x86_64-with-glibc2.35,3.10.12,3.0.4,2,Intel(R) Xeon(R) CPU @ 2.60GHz,,,,,15.61648178100586,machine,Y,1.0
2025-08-08T00:32:52,dask-benchmark,b640c410-e09c-49b4-b01f-f3938c89dbbb,dask_R6301_81ec5021,1.0029066759161651,7.077857137528351e-08,7.057343726486474e-08,0.8,0.0,10.0,1.1159501193712157e-07,0.0,1.3943320386008256e-06,1.5059270505379472e-06,Canada,CAN,,gcp,northamerica-northeast2,Linux-6.8.0-1032-gcp-x86_64-with-glibc2.35,3.10.12,3.0.4,2,Intel(R) Xeon(R) CPU @ 2.60GHz,,,,,15.61648178100586,machine,Y,1.0
2025-08-08T00:32:54,dask-benchmark,122c594a-53dd-494b-bd7e-e7975c28eb81,dask_R6301_81ec5021,1.003201205749065,7.07785858468463e-08,7.055273203544223e-08,0.8,0.0,10.0,1.1160028042892617e-07,0.0,1.3943270780146125e-06,1.5059273584435384e-06,Canada,CAN,,gcp,northamerica-northeast2,Linux-6.8.0-1032-gcp-x86_64-with-glibc2.35,3.10.12,3.0.4,2,Intel(R) Xeon(R) CPU @ 2.60GHz,,,,,15.61648178100586,machine,Y,1.0
2025-08-08T00:32:57,dask-benchmark,16282c17-b8b2-40eb-89fe-8a101aeb85d0,dask_R6301_81ec5021,1.0030251522548497,7.07503059230124e-08,7.053692099740692e-08,0.8,0.0,10.0,1.1155641886095208e-07,0.0,1.393769239075482e-06,1.505325657936434e-06,Canada,CAN,,gcp,northamerica-northeast2,Linux-6.8.0-1032-gcp-x86_64-with-glibc2.35,3.10.12,3.0.4,2,Intel(R) Xeon(R) CPU @ 2.60GHz,,,,,15.61648178100586,machine,Y,1.0
2025-08-08T00:32:59,dask-benchmark,7cdfaab6-e81a-43d5-acc6-164a92cb47f5,dask_R6301_81ec5021,1.0031399447470903,7.076674230138048e-08,7.054523416393517e-08,0.8,0.0,10.0,1.115860515791509e-07,0.0,1.394089316535327e-06,1.505675368114478e-06,Canada,CAN,,gcp,northamerica-northeast2,Linux-6.8.0-1032-gcp-x86_64-with-glibc2.35,3.10.12,3.0.4,2,Intel(R) Xeon(R) CPU @ 2.60GHz,,,,,15.61648178100586,machine,Y,1.0
2025-08-08T00:33:01,dask-benchmark,16d46998-469c-481b-9b0e-587bacd790de,dask_R6301_81ec5021,1.00284467311576,7.071570135233926e-08,7.051510891774605e-08,0.8,0.0,10.0,1.1150025359044473e-07,0.0,1.3930891368848585e-06,1.504589390475303e-06,Canada,CAN,,gcp,northamerica-northeast2,Linux-6.8.0-1032-gcp-x86_64-with-glibc2.35,3.10.12,3.0.4,2,Intel(R) Xeon(R) CPU @ 2.60GHz,,,,,15.61648178100586,machine,Y,1.0
2025-08-08T00:33:03,dask-benchmark,35defe3b-d6f7-4708-8d63-9f2923671b6d,dask_R6301_81ec5021,1.0032470487058165,7.078095615800059e-08,7.055187079723548e-08,0.8,0.0,10.0,1.1160381014148397e-07,0.0,1.3943739804542729e-06,1.5059777905957568e-06,Canada,CAN,,gcp,northamerica-northeast2,Linux-6.8.0-1032-gcp-x86_64-with-glibc2.35,3.10.12,3.0.4,2,Intel(R) Xeon(R) CPU @ 2.60GHz,,,,,15.61648178100586,machine,Y,1.0
2025-08-08T00:33:05,dask-benchmark,e6ca3e68-c1aa-4b0e-a774-d3881e80328c,dask_R6301_81ec5021,1.003317138180137,7.078581589408634e-08,7.055178587149516e-08,0.8,0.0,10.0,1.1161333405309254e-07,0.0,1.3944678551827869e-06,1.5060811892358791e-06,Canada,CAN,,gcp,northamerica-northeast2,Linux-6.8.0-1032-gcp-x86_64-with-glibc2.35,3.10.12,3.0.4,2,Intel(R) Xeon(R) CPU @ 2.60GHz,,,,,15.61648178100586,machine,Y,1.0
2025-08-08T00:33:07,dask-benchmark,38275677-f161-4868-8c79-0162336a7724,dask_R6301_81ec5021,1.0031717219389975,7.077144631070809e-08,7.054768865884328e-08,0.8,0.0,10.0,1.115920138027933e-07,0.0,1.3941834396165278e-06,1.5057754534193212e-06,Canada,CAN,,gcp,northamerica-northeast2,Linux-6.8.0-1032-gcp-x86_64-with-glibc2.35,3.10.12,3.0.4,2,Intel(R) Xeon(R) CPU @ 2.60GHz,,,,,15.61648178100586,machine,Y,1.0
2025-08-08T00:33:09,dask-benchmark,c2e39279-634c-4142-96ed-2c4110df34ac,dask_R6301_81ec5021,1.0030639530159533,7.074965077778326e-08,7.05335393272357e-08,0.8,0.0,10.0,1.1155594367947845e-07,0.0,1.3937557749967608e-06,1.5053117186762393e-06,Canada,CAN,,gcp,northamerica-northeast2,Linux-6.8.0-1032-gcp-x86_64-with-glibc2.35,3.10.12,3.0.4,2,Intel(R) Xeon(R) CPU @ 2.60GHz,,,,,15.61648178100586,machine,Y,1.0
2025-08-08T00:33:12,dask-benchmark,3e504ab8-ee89-4d3f-af75-89117003f20e,dask_R6301_81ec5021,1.0027644499205053,7.071725391927693e-08,7.052229855663818e-08,0.8,0.0,10.0,1.1150157927638957e-07,0.0,1.3931208445380132e-06,1.5046224238144028e-06,Canada,CAN,,gcp,northamerica-northeast2,Linux-6.8.0-1032-gcp-x86_64-with-glibc2.35,3.10.12,3.0.4,2,Intel(R) Xeon(R) CPU @ 2.60GHz,,,,,15.61648178100586,machine,Y,1.0
2025-08-08T00:33:14,dask-benchmark,1aac6113-a252-4d97-9517-f8842bbbfaa7,dask_R6301_81ec5021,1.003026104066521,7.075581189426078e-08,7.054234342196963e-08,0.8,0.0,10.0,1.115591891316904e-07,0.0,1.3938836171291768e-06,1.5054428062608672e-06,Canada,CAN,,gcp,northamerica-northeast2,Linux-6.8.0-1032-gcp-x86_64-with-glibc2.35,3.10.12,3.0.4,2,Intel(R) Xeon(R) CPU @ 2.60GHz,,,,,15.61648178100586,machine,Y,1.0
2025-08-08T00:33:16,dask-benchmark,e225f825-3458-4d5e-b1e9-d81ee5aa026c,dask_R6301_81ec5021,1.0029892399907112,7.075638145066162e-08,7.05455040089133e-08,0.8000072,0.0,10.0,1.1155929846578701e-07,0.0,1.3938956260163752e-06,1.5054549244821625e-06,Canada,CAN,,gcp,northamerica-northeast2,Linux-6.8.0-1032-gcp-x86_64-with-glibc2.35,3.10.12,3.0.4,2,Intel(R) Xeon(R) CPU @ 2.60GHz,,,,,15.61648178100586,machine,Y,1.0
2025-08-08T00:33:18,dask-benchmark,34e82c0a-2187-4286-a90c-7c2f419ab844,dask_R6301_81ec5021,1.0028271828778088,7.072074589448879e-08,7.052136908728558e-08,0.8,0.0,10.0,1.115174348362619e-07,0.0,1.393179286323074e-06,1.5046967211593358e-06,Canada,CAN,,gcp,northamerica-northeast2,Linux-6.8.0-1032-gcp-x86_64-with-glibc2.35,3.10.12,3.0.4,2,Intel(R) Xeon(R) CPU @ 2.60GHz,,,,,15.61648178100586,machine,Y,1.0
2025-08-08T00:33:20,dask-benchmark,3fe5b897-bef1-4734-ac08-fa49cf8139f4,dask_R6301_81ec5021,1.0033685583621264,7.08053835212874e-08,7.056767219900564e-08,0.8,0.0,10.0,1.1163850718488296e-07,0.0,1.394859014544636e-06,1.5064975217295189e-06,Canada,CAN,,gcp,northamerica-northeast2,Linux-6.8.0-1032-gcp-x86_64-with-glibc2.35,3.10.12,3.0.4,2,Intel(R) Xeon(R) CPU @ 2.60GHz,,,,,15.61648178100586,machine,Y,1.0
2025-08-08T00:33:22,dask-benchmark,f1bc4612-9064-40b7-ae66-d14c331f6f35,dask_R6301_81ec5021,1.0034107971005142,7.081274157291691e-08,7.057203468164736e-08,0.8,0.0,10.0,1.1165179560581845e-07,0.0,1.3950022804136905e-06,1.5066540760195088e-06,Canada,CAN,,gcp,northamerica-northeast2,Linux-6.8.0-1032-gcp-x86_64-with-glibc2.35,3.10.12,3.0.4,2,Intel(R) Xeon(R) CPU @ 2.60GHz,,,,,15.61648178100586,machine,Y,1.0
2025-08-08T00:33:24,dask-benchmark,6c70a79a-19fd-4129-814d-50827f1399b2,dask_R6301_81ec5021,1.003488436806947,7.081102792929029e-08,7.056486685049174e-08,0.8,0.0,10.0,1.1165264621376993e-07,0.0,1.394964969303045e-06,1.5066176155168148e-06,Canada,CAN,,gcp,northamerica-northeast2,Linux-6.8.0-1032-gcp-x86_64-with-glibc2.35,3.10.12,3.0.4,2,Intel(R) Xeon(R) CPU @ 2.60GHz,,,,,15.61648178100586,machine,Y,1.0
2025-08-08T00:33:27,dask-benchmark,f993a890-8444-41f2-8378-5b5572939371,dask_R6301_81ec5021,1.0035479618236425,7.08179164591493e-08,7.056754550172104e-08,0.8000072,0.0,10.0,1.1166847497893953e-07,0.0,1.39509570500296e-06,1.5067641799818995e-06,Canada,CAN,,gcp,northamerica-northeast2,Linux-6.8.0-1032-gcp-x86_64-with-glibc2.35,3.10.12,3.0.4,2,Intel(R) Xeon(R) CPU @ 2.60GHz,,,,,15.61648178100586,machine,Y,1.0
2025-08-08T00:33:29,dask-benchmark,240c4d3c-0a3f-454a-8a46-8cff94f56007,dask_R6301_81ec5021,1.0028293328359723,7.07317173988041e-08,7.053215844691822e-08,0.8,0.0,10.0,1.115217359943523e-07,0.0,1.3934084214270116e-06,1.5049301574213635e-06,Canada,CAN,,gcp,northamerica-northeast2,Linux-6.8.0-1032-gcp-x86_64-with-glibc2.35,3.10.12,3.0.4,2,Intel(R) Xeon(R) CPU @ 2.60GHz,,,,,15.61648178100586,machine,Y,1.0
2025-08-08T00:33:31,dask-benchmark,54d929bf-3811-487a-b922-ee82886370eb,dask_R6301_81ec5021,1.003254375886172,7.078271094502674e-08,7.055310462264823e-08,0.8,0.0,10.0,1.1160815134644509e-07,0.0,1.3944069751434856e-06,1.5060151264899307e-06,Canada,CAN,,gcp,northamerica-northeast2,Linux-6.8.0-1032-gcp-x86_64-with-glibc2.35,3.10.12,3.0.4,2,Intel(R) Xeon(R) CPU @ 2.60GHz,,,,,15.61648178100586,machine,Y,1.0
2025-08-08T00:33:33,dask-benchmark,e04df862-d412-49c3-a750-c2a1943a1cae,dask_R6301_81ec5021,1.0029992759227753,7.075228592510233e-08,7.054071485745503e-08,0.8,0.0,10.0,1.115599988649289e-07,0.0,1.393807786775546e-06,1.505367785640475e-06,Canada,CAN,,gcp,northamerica-northeast2,Linux-6.8.0-1032-gcp-x86_64-with-glibc2.35,3.10.12,3.0.4,2,Intel(R) Xeon(R) CPU @ 2.60GHz,,,,,15.61648178100586,machine,Y,1.0
2025-08-08T00:33:35,dask-benchmark,ed126532-b108-4621-92b4-ebe90827245d,dask_R6301_81ec5021,1.0029578348621726,7.075219702141152e-08,7.054354087690471e-08,0.8,0.0,10.0,1.1155280263887513e-07,0.0,1.3938130914337106e-06,1.5053658940725856e-06,Canada,CAN,,gcp,northamerica-northeast2,Linux-6.8.0-1032-gcp-x86_64-with-glibc2.35,3.10.12,3.0.4,2,Intel(R) Xeon(R) CPU @ 2.60GHz,,,,,15.61648178100586,machine,Y,1.0
2025-08-08T00:33:37,dask-benchmark,e78aae2e-a2f7-41a3-8b91-1bc5216f5297,dask_R6301_81ec5021,1.0026687309145927,7.072240601448963e-08,7.053416929635334e-08,0.8,0.0,10.0,1.1150388150579401e-07,0.0,1.3932281613556876e-06,1.5047320428614816e-06,Canada,CAN,,gcp,northamerica-northeast2,Linux-6.8.0-1032-gcp-x86_64-with-glibc2.35,3.10.12,3.0.4,2,Intel(R) Xeon(R) CPU @ 2.60GHz,,,,,15.61648178100586,machine,Y,1.0
2025-08-08T00:33:39,dask-benchmark,dd3a42bf-a0c1-459c-bbb0-9470cc49c3ca,dask_R6301_81ec5021,1.0031778612174094,7.077983499975462e-08,7.055561903435504e-08,0.8,0.0,10.0,1.1159912155320249e-07,0.0,1.3943548146117894e-06,1.505953936164992e-06,Canada,CAN,,gcp,northamerica-northeast2,Linux-6.8.0-1032-gcp-x86_64-with-glibc2.35,3.10.12,3.0.4,2,Intel(R) Xeon(R) CPU @ 2.60GHz,,,,,15.61648178100586,machine,Y,1.0
2025-08-08T00:33:42,dask-benchmark,0b4deb3d-963c-4abf-9f51-d13d8cd5bab6,dask_R6301_81ec5021,1.0030202278867364,7.07833584714681e-08,7.057022032407219e-08,0.8,0.0,10.0,1.116039539790816e-07,0.0,1.3944249496691756e-06,1.5060289036482572e-06,Canada,CAN,,gcp,northamerica-northeast2,Linux-6.8.0-1032-gcp-x86_64-with-glibc2.35,3.10.12,3.0.4,2,Intel(R) Xeon(R) CPU @ 2.60GHz,,,,,15.61648178100586,machine,Y,1.0
2025-08-08T00:33:44,dask-benchmark,f30d4fb4-7f84-4bdd-8fd8-14b252c95fd5,dask_R6301_81ec5021,1.002963739912957,7.074699603269497e-08,7.053793992476219e-08,0.8,0.0,10.0,1.1154799070209264e-07,0.0,1.3937072440360983e-06,1.505255234738191e-06,Canada,CAN,,gcp,northamerica-northeast2,Linux-6.8.0-1032-gcp-x86_64-with-glibc2.35,3.10.12,3.0.4,2,Intel(R) Xeon(R) CPU @ 2.60GHz,,,,,15.61648178100586,machine,Y,1.0
2025-08-08T00:33:46,dask-benchmark,cffa4dbb-0e7f-432b-a401-1dac5e51ce4e,dask_R6301_81ec5021,1.003043123986572,7.075775936877148e-08,7.054308800557485e-08,0.8,0.0,10.0,1.115680996121632e-07,0.0,1.3939161422765918e-06,1.505484241888755e-06,Canada,CAN,,gcp,northamerica-northeast2,Linux-6.8.0-1032-gcp-x86_64-with-glibc2.35,3.10.12,3.0.4,2,Intel(R) Xeon(R) CPU @ 2.60GHz,,,,,15.61648178100586,machine,Y,1.0
2025-08-08T00:33:48,dask-benchmark,91e6d556-6382-4096-8702-416cad9d9254,dask_R6301_81ec5021,1.0027275099419055,7.072083223750817e-08,7.052846514763063e-08,0.8,0.0,10.0,1.115031471062038e-07,0.0,1.3931954111386504e-06,1.5046985582448542e-06,Canada,CAN,,gcp,northamerica-northeast2,Linux-6.8.0-1032-gcp-x86_64-with-glibc2.35,3.10.12,3.0.4,2,Intel(R) Xeon(R) CPU @ 2.60GHz,,,,,15.61648178100586,machine,Y,1.0
2025-08-08T00:33:50,dask-benchmark,8813e12b-70dd-480b-99a5-0a06db679c6e,dask_R6301_81ec5021,1.003908172249794,7.07503417091858e-08,7.047491360751826e-08,0.8,0.0,10.0,1.1154580778545805e-07,0.0,1.3937806115589208e-06,1.5053264193443788e-06,Canada,CAN,,gcp,northamerica-northeast2,Linux-6.8.0-1032-gcp-x86_64-with-glibc2.35,3.10.12,3.0.4,2,Intel(R) Xeon(R) CPU @ 2.60GHz,,,,,15.61648178100586,machine,Y,1.0
2025-08-08T00:33:52,dask-benchmark,635dee98-0d46-43db-8924-83360287c7d1,dask_R6301_81ec5021,1.003060673829168,7.074603048691319e-08,7.053016066998356e-08,0.8,0.0,10.0,1.1156369373202325e-07,0.0,1.3936709974788955e-06,1.505234691210919e-06,Canada,CAN,,gcp,northamerica-northeast2,Linux-6.8.0-1032-gcp-x86_64-with-glibc2.35,3.10.12,3.0.4,2,Intel(R) Xeon(R) CPU @ 2.60GHz,,,,,15.61648178100586,machine,Y,1.0
2025-08-08T00:33:54,dask-benchmark,3faf27f2-fe83-44f8-83f2-305bb16718e5,dask_R6301_81ec5021,1.0027507599443195,7.071522405826382e-08,7.052123706412395e-08,0.8,0.0,10.0,1.1150359352015789e-07,0.0,1.3930756417620513e-06,1.504579235282209e-06,Canada,CAN,,gcp,northamerica-northeast2,Linux-6.8.0-1032-gcp-x86_64-with-glibc2.35,3.10.12,3.0.4,2,Intel(R) Xeon(R) CPU @ 2.60GHz,,,,,15.61648178100586,machine,Y,1.0
2025-08-08T00:33:57,dask-benchmark,1003d7e5-4097-43f6-aa88-d21c968375f4,dask_R6301_81ec5021,1.003375357016921,7.081451891476497e-08,7.05762987096869e-08,0.8,0.0,10.0,1.1164779112570816e-07,0.0,1.3950441006778016e-06,1.5066918918035097e-06,Canada,CAN,,gcp,northamerica-northeast2,Linux-6.8.0-1032-gcp-x86_64-with-glibc2.35,3.10.12,3.0.4,2,Intel(R) Xeon(R) CPU @ 2.60GHz,,,,,15.61648178100586,machine,Y,1.0
2025-08-08T00:33:59,dask-benchmark,1259556c-d509-478f-b006-ce386a0f8afa,dask_R6301_81ec5021,1.0033910446800292,7.081081004363176e-08,7.057149893759772e-08,0.8,0.0,10.0,1.1164802975124785e-07,0.0,1.394964949900491e-06,1.5066129796517392e-06,Canada,CAN,,gcp,northamerica-northeast2,Linux-6.8.0-1032-gcp-x86_64-with-glibc2.35,3.10.12,3.0.4,2,Intel(R) Xeon(R) CPU @ 2.60GHz,,,,,15.61648178100586,machine,Y,1.0
2025-08-08T00:34:01,dask-benchmark,7afe81a9-e785-4ed0-ba88-7dedb858136a,dask_R6301_81ec5021,1.003505015745759,7.08234205971574e-08,7.05760504291298e-08,0.8000072,0.0,10.0,1.1166924788015225e-07,0.0,1.395212041421069e-06,1.5068812893012211e-06,Canada,CAN,,gcp,northamerica-northeast2,Linux-6.8.0-1032-gcp-x86_64-with-glibc2.35,3.10.12,3.0.4,2,Intel(R) Xeon(R) CPU @ 2.60GHz,,,,,15.61648178100586,machine,Y,1.0
2025-08-08T00:34:03,dask-benchmark,c96e8b56-54f1-451b-b6cb-1c86ba951dbd,dask_R6301_81ec5021,1.003499899059534,7.08204764153084e-08,7.057347637172693e-08,0.8,0.0,10.0,1.116630555027061e-07,0.0,1.395155591631515e-06,1.5068186471342212e-06,Canada,CAN,,gcp,northamerica-northeast2,Linux-6.8.0-1032-gcp-x86_64-with-glibc2.35,3.10.12,3.0.4,2,Intel(R) Xeon(R) CPU @ 2.60GHz,,,,,15.61648178100586,machine,Y,1.0
2025-08-08T00:34:05,dask-benchmark,ac75f79a-4109-4577-8c70-61356397c28d,dask_R6301_81ec5021,1.0031868922524154,7.078094866566568e-08,7.055609399634804e-08,0.8,0.0,10.0,1.1159841333412465e-07,0.0,1.3943792178502515e-06,1.505977631184376e-06,Canada,CAN,,gcp,northamerica-northeast2,Linux-6.8.0-1032-gcp-x86_64-with-glibc2.35,3.10.12,3.0.4,2,Intel(R) Xeon(R) CPU @ 2.60GHz,,,,,15.61648178100586,machine,Y,1.0
2025-08-08T00:34:07,dask-benchmark,754eeede-ce8c-4ca9-95c9-8c02be65f94d,dask_R6301_81ec5021,1.0031608915887773,7.07769805733632e-08,7.055396713210049e-08,0.8,0.0,10.0,1.1159110969553393e-07,0.0,1.3943020939930447e-06,1.5058932036885786e-06,Canada,CAN,,gcp,northamerica-northeast2,Linux-6.8.0-1032-gcp-x86_64-with-glibc2.35,3.10.12,3.0.4,2,Intel(R) Xeon(R) CPU @ 2.60GHz,,,,,15.61648178100586,machine,Y,1.0
2025-08-08T00:34:10,dask-benchmark,b2e89838-eae6-4d65-a546-53f4bdd9b622,dask_R6301_81ec5021,1.0029489579610529,7.074814295328949e-08,7.054012309571274e-08,0.8,0.0,10.0,1.115517295483086e-07,0.0,1.3937279077557228e-06,1.5052796373040314e-06,Canada,CAN,,gcp,northamerica-northeast2,Linux-6.8.0-1032-gcp-x86_64-with-glibc2.35,3.10.12,3.0.4,2,Intel(R) Xeon(R) CPU @ 2.60GHz,,,,,15.61648178100586,machine,Y,1.0
2025-08-08T00:34:12,dask-benchmark,b5111788-4a21-4365-8f37-780906f2504f,dask_R6301_81ec5021,1.003086084034294,7.074992213843184e-08,7.053225367645814e-08,0.8,0.0,10.0,1.115666235693627e-07,0.0,1.3937508687376977e-06,1.5053174923070602e-06,Canada,CAN,,gcp,northamerica-northeast2,Linux-6.8.0-1032-gcp-x86_64-with-glibc2.35,3.10.12,3.0.4,2,Intel(R) Xeon(R) CPU @ 2.60GHz,,,,,15.61648178100586,machine,Y,1.0
2025-08-08T00:34:14,dask-benchmark,5768c8b8-5fd6-45e4-b966-1898623dc70e,dask_R6301_81ec5021,1.002824051771313,7.071397168323813e-08,7.051483414097844e-08,0.8,0.0,10.0,1.1150448334713781e-07,0.0,1.3930481056579286e-06,1.5045525890050663e-06,Canada,CAN,,gcp,northamerica-northeast2,Linux-6.8.0-1032-gcp-x86_64-with-glibc2.35,3.10.12,3.0.4,2,Intel(R) Xeon(R) CPU @ 2.60GHz,,,,,15.61648178100586,machine,Y,1.0
2025-08-08T00:34:16,dask-benchmark,43096dfe-14ea-4083-9577-22a308acc46e,dask_R6301_81ec5021,1.003352235071361,7.07883783844817e-08,7.055187192506434e-08,0.8,0.0,10.0,1.1161427044620116e-07,0.0,1.39452143986192e-06,1.5061357103081212e-06,Canada,CAN,,gcp,northamerica-northeast2,Linux-6.8.0-1032-gcp-x86_64-with-glibc2.35,3.10.12,3.0.4,2,Intel(R) Xeon(R) CPU @ 2.60GHz,,,,,15.61648178100586,machine,Y,1.0
2025-08-08T00:34:18,dask-benchmark,1c3a993e-ae20-4a93-b1e7-e14a1289204b,dask_R6301_81ec5021,1.003242451231927,7.078072548600744e-08,7.055196418282798e-08,0.8,0.0,10.0,1.1160630753470793e-07,0.0,1.394366575146301e-06,1.505972882681009e-06,Canada,CAN,,gcp,northamerica-northeast2,Linux-6.8.0-1032-gcp-x86_64-with-glibc2.35,3.10.12,3.0.4,2,Intel(R) Xeon(R) CPU @ 2.60GHz,,,,,15.61648178100586,machine,Y,1.0
2025-08-08T00:34:20,dask-benchmark,387561c9-0611-4fdf-97f2-9b8a31a0fa33,dask_R6301_81ec5021,1.002998284995556,7.075243567939229e-08,7.054093385583983e-08,0.8,0.0,10.0,1.115554991281695e-07,0.0,1.3938154727737935e-06,1.505370971901963e-06,Canada,CAN,,gcp,northamerica-northeast2,Linux-6.8.0-1032-gcp-x86_64-with-glibc2.35,3.10.12,3.0.4,2,Intel(R) Xeon(R) CPU @ 2.60GHz,,,,,15.61648178100586,machine,Y,1.0
2025-08-08T00:34:22,dask-benchmark,4a12cf6d-85d6-45c3-9866-bf1c8b840de5,dask_R6301_81ec5021,1.0027839145623147,7.072235976190617e-08,7.052602134406432e-08,0.8,0.0,10.0,1.115129893231723e-07,0.0,1.3932180694407886e-06,1.504731058763961e-06,Canada,CAN,,gcp,northamerica-northeast2,Linux-6.8.0-1032-gcp-x86_64-with-glibc2.35,3.10.12,3.0.4,2,Intel(R) Xeon(R) CPU @ 2.60GHz,,,,,15.61648178100586,machine,Y,1.0
2025-08-08T00:34:25,dask-benchmark,461678ee-8fcb-4e01-91fb-a1a2fbfa8dbd,dask_R6301_81ec5021,1.002873621881008,7.073225468262616e-08,7.052957934017594e-08,0.8,0.0,10.0,1.115228557545278e-07,0.0,1.3934187332375182e-06,1.504941588992046e-06,Canada,CAN,,gcp,northamerica-northeast2,Linux-6.8.0-1032-gcp-x86_64-with-glibc2.35,3.10.12,3.0.4,2,Intel(R) Xeon(R) CPU @ 2.60GHz,,,,,15.61648178100586,machine,Y,1.0
2025-08-08T00:34:27,dask-benchmark,90e755a7-a099-48fe-91b5-c03c3399a1d5,dask_R6301_81ec5021,1.0029992782510817,7.075443169479778e-08,7.05428540468857e-08,0.8,0.0,10.0,1.1156365089118482e-07,0.0,1.393849789423661e-06,1.5054134403148458e-06,Canada,CAN,,gcp,northamerica-northeast2,Linux-6.8.0-1032-gcp-x86_64-with-glibc2.35,3.10.12,3.0.4,2,Intel(R) Xeon(R) CPU @ 2.60GHz,,,,,15.61648178100586,machine,Y,1.0
2025-08-08T00:34:29,dask-benchmark,d69ea18c-f845-4857-91c9-ae72a80f8534,dask_R6301_81ec5021,1.0030479938723147,7.075371991325586e-08,7.05387183320189e-08,0.8,0.0,10.0,1.1156154641260704e-07,0.0,1.3938367496141128e-06,1.5053982960267198e-06,Canada,CAN,,gcp,northamerica-northeast2,Linux-6.8.0-1032-gcp-x86_64-with-glibc2.35,3.10.12,3.0.4,2,Intel(R) Xeon(R) CPU @ 2.60GHz,,,,,15.61648178100586,machine,Y,1.0
2025-08-08T00:34:31,dask-benchmark,a9a5d6d0-44b8-4905-9fdc-846cd941776d,dask_R6301_81ec5021,1.0027124271728098,7.071524947529868e-08,7.05239583742702e-08,0.8,0.0,10.0,1.1149445890138549e-07,0.0,1.3930853171687989e-06,1.5045797760701844e-06,Canada,CAN,,gcp,northamerica-northeast2,Linux-6.8.0-1032-gcp-x86_64-with-glibc2.35,3.10.12,3.0.4,2,Intel(R) Xeon(R) CPU @ 2.60GHz,,,,,15.61648178100586,machine,Y,1.0
2025-08-08T00:34:33,dask-benchmark,7bc381eb-a3f5-45b4-ba44-b7c630487cf5,dask_R6301_81ec5021,1.0034094280563297,7.081302963507674e-08,7.057241805296395e-08,0.8,0.0,10.0,1.1164913264413676e-07,0.0,1.3950110723574957e-06,1.5066602050016323e-06,Canada,CAN,,gcp,northamerica-northeast2,Linux-6.8.0-1032-gcp-x86_64-with-glibc2.35,3.10.12,3.0.4,2,Intel(R) Xeon(R) CPU @ 2.60GHz,,,,,15.61648178100586,machine,Y,1.0
2025-08-08T00:34:35,dask-benchmark,22c72e38-a47f-4f70-9669-be87d63e429f,dask_R6301_81ec5021,1.003383968025446,7.08110448739802e-08,7.05722307018009e-08,0.8,0.0,10.0,1.1164251383807925e-07,0.0,1.3949754622040525e-06,1.5066179760421315e-06,Canada,CAN,,gcp,northamerica-northeast2,Linux-6.8.0-1032-gcp-x86_64-with-glibc2.35,3.10.12,3.0.4,2,Intel(R) Xeon(R) CPU @ 2.60GHz,,,,,15.61648178100586,machine,Y,1.0
2025-08-08T00:34:37,dask-benchmark,22e7e718-cf36-4675-9253-41f1caa50ccf,dask_R6301_81ec5021,1.0033701499924064,7.080591936062814e-08,7.056809429816507e-08,0.8,0.0,10.0,1.1163843981921674e-07,0.0,1.3948704827473395e-06,1.5065089225665565e-06,Canada,CAN,,gcp,northamerica-northeast2,Linux-6.8.0-1032-gcp-x86_64-with-glibc2.35,3.10.12,3.0.4,2,Intel(R) Xeon(R) CPU @ 2.60GHz,,,,,15.61648178100586,machine,Y,1.0
2025-08-08T00:34:40,dask-benchmark,c2f15161-6fd1-4e8a-b9f3-4ca59ef731f2,dask_R6301_81ec5021,1.0034089661203325,7.08174233022146e-08,7.057682928231072e-08,0.8,0.0,10.0,1.1165536163995665e-07,0.0,1.395098325641205e-06,1.5067536872811615e-06,Canada,CAN,,gcp,northamerica-northeast2,Linux-6.8.0-1032-gcp-x86_64-with-glibc2.35,3.10.12,3.0.4,2,Intel(R) Xeon(R) CPU @ 2.60GHz,,,,,15.61648178100586,machine,Y,1.0
2025-08-08T00:34:42,dask-benchmark,48f9d9ec-de05-4241-852b-010807e56a24,dask_R6301_81ec5021,1.0031697489321232,7.07759106504317e-08,7.05522776437117e-08,0.8,0.0,10.0,1.1159845555408141e-07,0.0,1.3942719838168058e-06,1.5058704393708872e-06,Canada,CAN,,gcp,northamerica-northeast2,Linux-6.8.0-1032-gcp-x86_64-with-glibc2.35,3.10.12,3.0.4,2,Intel(R) Xeon(R) CPU @ 2.60GHz,,,,,15.61648178100586,machine,Y,1.0
2025-08-08T00:34:44,dask-benchmark,b8d380bd-6d9f-4d0e-a3d1-e4ecc1acdeb6,dask_R6301_81ec5021,1.0031617069616914,7.077622726257677e-08,7.055315884907435e-08,0.8000072,0.0,10.0,1.1158915900587736e-07,0.0,1.3942880167936284e-06,1.505877175799506e-06,Canada,CAN,,gcp,northamerica-northeast2,Linux-6.8.0-1032-gcp-x86_64-with-glibc2.35,3.10.12,3.0.4,2,Intel(R) Xeon(R) CPU @ 2.60GHz,,,,,15.61648178100586,machine,Y,1.0
2025-08-08T00:34:46,dask-benchmark,45a856c3-2791-462f-9296-01f9054bd4a7,dask_R6301_81ec5021,1.00295850308612,7.075083783988117e-08,7.054213870482147e-08,0.8,0.0,10.0,1.1154987425025969e-07,0.0,1.393787101066361e-06,1.5053369753166207e-06,Canada,CAN,,gcp,northamerica-northeast2,Linux-6.8.0-1032-gcp-x86_64-with-glibc2.35,3.10.12,3.0.4,2,Intel(R) Xeon(R) CPU @ 2.60GHz,,,,,15.61648178100586,machine,Y,1.0
2025-08-08T00:34:48,dask-benchmark,1f3d4159-a797-460a-a96f-a3e7066c0e38,dask_R6301_81ec5021,1.0029858788475394,7.07500578383503e-08,7.053943562958655e-08,0.8000072,0.0,10.0,1.1155595747120236e-07,0.0,1.3937644220681656e-06,1.505320379539368e-06,Canada,CAN,,gcp,northamerica-northeast2,Linux-6.8.0-1032-gcp-x86_64-with-glibc2.35,3.10.12,3.0.4,2,Intel(R) Xeon(R) CPU @ 2.60GHz,,,,,15.61648178100586,machine,Y,1.0
2025-08-08T00:34:50,dask-benchmark,11e88992-315f-4e82-8a29-48d94a0a32c5,dask_R6301_81ec5021,1.0026731621474028,7.071390116142316e-08,7.052537539747925e-08,0.8,0.0,10.0,1.1149233476155334e-07,0.0,1.393058753779365e-06,1.5045510885409184e-06,Canada,CAN,,gcp,northamerica-northeast2,Linux-6.8.0-1032-gcp-x86_64-with-glibc2.35,3.10.12,3.0.4,2,Intel(R) Xeon(R) CPU @ 2.60GHz,,,,,15.61648178100586,machine,Y,1.0
2025-08-08T00:34:53,dask-benchmark,f7dfcd9c-f052-4d1a-98c7-ac447e66d312,dask_R6301_81ec5021,1.0031868666410446,7.077300704115383e-08,7.054817940163232e-08,0.8,0.0,10.0,1.1160143330279325e-07,0.0,1.394207227147288e-06,1.5058086604500812e-06,Canada,CAN,,gcp,northamerica-northeast2,Linux-6.8.0-1032-gcp-x86_64-with-glibc2.35,3.10.12,3.0.4,2,Intel(R) Xeon(R) CPU @ 2.60GHz,,,,,15.61648178100586,machine,Y,1.0
2025-08-08T00:34:55,dask-benchmark,78500802-4304-4505-b2c1-6a408a802286,dask_R6301_81ec5021,1.0031346143223343,7.077619774960396e-08,7.05550349266102e-08,0.8,0.0,10.0,1.1159098872707961e-07,0.0,1.3942855591368343e-06,1.505876547863914e-06,Canada,CAN,,gcp,northamerica-northeast2,Linux-6.8.0-1032-gcp-x86_64-with-glibc2.35,3.10.12,3.0.4,2,Intel(R) Xeon(R) CPU @ 2.60GHz,,,,,15.61648178100586,machine,Y,1.0
2025-08-08T00:34:57,dask-benchmark,ac060132-18fd-4027-8bbb-8671e6a2a2ed,dask_R6301_81ec5021,1.003063936252147,7.07539286408056e-08,7.053780530199394e-08,0.8,0.0,10.0,1.1156609737210805e-07,0.0,1.3938366396663089e-06,1.5054027370384169e-06,Canada,CAN,,gcp,northamerica-northeast2,Linux-6.8.0-1032-gcp-x86_64-with-glibc2.35,3.10.12,3.0.4,2,Intel(R) Xeon(R) CPU @ 2.60GHz,,,,,15.61648178100586,machine,Y,1.0
2025-08-08T00:34:59,dask-benchmark,98239ad8-5696-4dbd-a753-4fc201e0eaf5,dask_R6301_81ec5021,1.0031682336702945,7.075843784213069e-08,7.053496658605963e-08,0.8,0.0,10.0,1.1158899238540068e-07,0.0,1.3939096851067412e-06,1.5054986774921418e-06,Canada,CAN,,gcp,northamerica-northeast2,Linux-6.8.0-1032-gcp-x86_64-with-glibc2.35,3.10.12,3.0.4,2,Intel(R) Xeon(R) CPU @ 2.60GHz,,,,,15.61648178100586,machine,Y,1.0
2025-08-08T00:35:01,dask-benchmark,a69a8c78-9eda-4d2f-a875-9f6a099f9935,dask_R6301_81ec5021,1.0028275488875806,7.072187590376483e-08,7.052247017168144e-08,0.8000072,0.0,10.0,1.1151091727133292e-07,0.0,1.393209846638557e-06,1.5047207639098898e-06,Canada,CAN,,gcp,northamerica-northeast2,Linux-6.8.0-1032-gcp-x86_64-with-glibc2.35,3.10.12,3.0.4,2,Intel(R) Xeon(R) CPU @ 2.60GHz,,,,,15.61648178100586,machine,Y,1.0
2025-08-08T00:35:03,dask-benchmark,7ac36449-d9aa-4470-abb9-8d4eda136a56,dask_R6301_81ec5021,1.0030811401084063,7.075464720635102e-08,7.053731186562268e-08,0.8000072,0.0,10.0,1.1156263925340929e-07,0.0,1.3938553864136338e-06,1.505418025667043e-06,Canada,CAN,,gcp,northamerica-northeast2,Linux-6.8.0-1032-gcp-x86_64-with-glibc2.35,3.10.12,3.0.4,2,Intel(R) Xeon(R) CPU @ 2.60GHz,,,,,15.61648178100586,machine,Y,1.0
2025-08-08T00:35:05,dask-benchmark,0e73f98e-5e55-415e-af9f-25a45e3da9b6,dask_R6301_81ec5021,1.0030487449839711,7.075599327150527e-08,7.054093195903051e-08,0.8,0.0,10.0,1.115607380246123e-07,0.0,1.3938859273265634e-06,1.5054466653511756e-06,Canada,CAN,,gcp,northamerica-northeast2,Linux-6.8.0-1032-gcp-x86_64-with-glibc2.35,3.10.12,3.0.4,2,Intel(R) Xeon(R) CPU @ 2.60GHz,,,,,15.61648178100586,machine,Y,1.0
2025-08-08T00:35:08,dask-benchmark,0ae26fbc-7835-4055-919f-13cfc0e894c3,dask_R6301_81ec5021,1.002820627298206,7.071861136451158e-08,7.051970156920414e-08,0.8,0.0,10.0,1.1151553535213077e-07,0.0,1.3931357702757749e-06,1.5046513056279056e-06,Canada,CAN,,gcp,northamerica-northeast2,Linux-6.8.0-1032-gcp-x86_64-with-glibc2.35,3.10.12,3.0.4,2,Intel(R) Xeon(R) CPU @ 2.60GHz,,,,,15.61648178100586,machine,Y,1.0
2025-08-08T00:35:10,dask-benchmark,6f9d6c42-f9f7-4cf0-85d3-3385dc2153be,dask_R6301_81ec5021,1.0034295809455216,7.081241607340054e-08,7.057038921124362e-08,0.8,0.0,10.0,1.1164541335569488e-07,0.0,1.3950017371421887e-06,1.5066471504978837e-06,Canada,CAN,,gcp,northamerica-northeast2,Linux-6.8.0-1032-gcp-x86_64-with-glibc2.35,3.10.12,3.0.4,2,Intel(R) Xeon(R) CPU @ 2.60GHz,,,,,15.61648178100586,machine,Y,1.0
2025-08-08T00:35:12,dask-benchmark,810de196-501f-453f-92fd-2357cb94eb12,dask_R6301_81ec5021,1.003459483385086,7.081597119724998e-08,7.057182912693025e-08,0.8,0.0,10.0,1.116608378166954e-07,0.0,1.3950619536141554e-06,1.5067227914308508e-06,Canada,CAN,,gcp,northamerica-northeast2,Linux-6.8.0-1032-gcp-x86_64-with-glibc2.35,3.10.12,3.0.4,2,Intel(R) Xeon(R) CPU @ 2.60GHz,,,,,15.61648178100586,machine,Y,1.0
2025-08-08T00:35:14,dask-benchmark,c0a47465-36d7-487b-a370-9a6f53ae0c8b,dask_R6301_81ec5021,1.00358230387792,7.082554306239926e-08,7.057273009769488e-08,0.8,0.0,10.0,1.1167517087111873e-07,0.0,1.3952512772650355e-06,1.5069264481361543e-06,Canada,CAN,,gcp,northamerica-northeast2,Linux-6.8.0-1032-gcp-x86_64-with-glibc2.35,3.10.12,3.0.4,2,Intel(R) Xeon(R) CPU @ 2.60GHz,,,,,15.61648178100586,machine,Y,1.0
2025-08-08T00:35:16,dask-benchmark,7f2a32f9-3308-4a49-a384-bd5c150edef2,dask_R6301_81ec5021,1.0034638461656868,7.081253855033883e-08,7.056810150252949e-08,0.8,0.0,10.0,1.116542009015878e-07,0.0,1.3949955554885998e-06,1.5066497563901876e-06,Canada,CAN,,gcp,northamerica-northeast2,Linux-6.8.0-1032-gcp-x86_64-with-glibc2.35,3.10.12,3.0.4,2,Intel(R) Xeon(R) CPU @ 2.60GHz,,,,,15.61648178100586,machine,Y,1.0
2025-08-08T00:35:18,dask-benchmark,9073a839-b487-439c-b47e-3332a02572da,dask_R6301_81ec5021,1.003148518037051,7.077353057565375e-08,7.055139822580066e-08,0.8,0.0,10.0,1.1158881067401833e-07,0.0,1.3942309888079764e-06,1.5058197994819948e-06,Canada,CAN,,gcp,northamerica-northeast2,Linux-6.8.0-1032-gcp-x86_64-with-glibc2.35,3.10.12,3.0.4,2,Intel(R) Xeon(R) CPU @ 2.60GHz,,,,,15.61648178100586,machine,Y,1.0
2025-08-08T00:35:20,dask-benchmark,8cd85abc-5514-4bcd-b103-0bb0cfadaf1f,dask_R6301_81ec5021,1.002824089024216,7.077068371211904e-08,7.05713838415883e-08,0.8,0.0,10.0,1.1158620617869829e-07,0.0,1.394173021738728e-06,1.505759227917426e-06,Canada,CAN,,gcp,northamerica-northeast2,Linux-6.8.0-1032-gcp-x86_64-with-glibc2.35,3.10.12,3.0.4,2,Intel(R) Xeon(R) CPU @ 2.60GHz,,,,,15.61648178100586,machine,Y,1.0
2025-08-08T00:35:23,dask-benchmark,a22a3f39-30c2-4983-a14a-a19cb7c68f51,dask_R6301_81ec5021,1.003028814215213,7.075167044960996e-08,7.053802388016867e-08,0.8,0.0,10.0,1.1155941182126601e-07,0.0,1.3937952785959674e-06,1.5053546904172334e-06,Canada,CAN,,gcp,northamerica-northeast2,Linux-6.8.0-1032-gcp-x86_64-with-glibc2.35,3.10.12,3.0.4,2,Intel(R) Xeon(R) CPU @ 2.60GHz,,,,,15.61648178100586,machine,Y,1.0
2025-08-08T00:35:25,dask-benchmark,d2831be1-36f8-4b55-a827-1f6b30d69ba9,dask_R6301_81ec5021,1.0030244560912251,7.075670424083042e-08,7.05433489793145e-08,0.8,0.0,10.0,1.1155927843517729e-07,0.0,1.3939025139229163e-06,1.505461792358094e-06,Canada,CAN,,gcp,northamerica-northeast2,Linux-6.8.0-1032-gcp-x86_64-with-glibc2.35,3.10.12,3.0.4,2,Intel(R) Xeon(R) CPU @ 2.60GHz,,,,,15.61648178100586,machine,Y,1.0
2025-08-08T00:35:27,dask-benchmark,ee81db30-8426-438a-9380-ed390f5d7ed9,dask_R6301_81ec5021,1.0027964562177658,7.072162655632324e-08,7.052440813668515e-08,0.8,0.0,10.0,1.1150818607873389e-07,0.0,1.3932072725664412e-06,1.504715458645175e-06,Canada,CAN,,gcp,northamerica-northeast2,Linux-6.8.0-1032-gcp-x86_64-with-glibc2.35,3.10.12,3.0.4,2,Intel(R) Xeon(R) CPU @ 2.60GHz,,,,,15.61648178100586,machine,Y,1.0
2025-08-08T00:35:29,dask-benchmark,a0e08aba-239b-420c-afb6-316dfcf45698,dask_R6301_81ec5021,1.003163926769048,7.077025822482798e-08,7.054705251689236e-08,0.8,0.0,10.0,1.1158701104836332e-07,0.0,1.3941631639479764e-06,1.5057501749963398e-06,Canada,CAN,,gcp,northamerica-northeast2,Linux-6.8.0-1032-gcp-x86_64-with-glibc2.35,3.10.12,3.0.4,2,Intel(R) Xeon(R) CPU @ 2.60GHz,,,,,15.61648178100586,machine,Y,1.0
2025-08-08T00:35:31,dask-benchmark,c698a8b1-3784-45f1-a890-2587c5f90ac5,dask_R6301_81ec5021,1.003140406217426,7.076876047279479e-08,7.054721356469412e-08,0.8,0.0,10.0,1.1158369419475397e-07,0.0,1.39413461373705e-06,1.505718307931804e-06,Canada,CAN,,gcp,northamerica-northeast2,Linux-6.8.0-1032-gcp-x86_64-with-glibc2.35,3.10.12,3.0.4,2,Intel(R) Xeon(R) CPU @ 2.60GHz,,,,,15.61648178100586,machine,Y,1.0
2025-08-08T00:35:33,dask-benchmark,dc295aed-24d1-4336-a284-776c7f39e2fe,dask_R6301_81ec5021,1.002995517104864,7.075292388246293e-08,7.05416152673249e-08,0.8,0.0,10.0,1.115586027089093e-07,0.0,1.3938227564924292e-06,1.5053813592013383e-06,Canada,CAN,,gcp,northamerica-northeast2,Linux-6.8.0-1032-gcp-x86_64-with-glibc2.35,3.10.12,3.0.4,2,Intel(R) Xeon(R) CPU @ 2.60GHz,,,,,15.61648178100586,machine,Y,1.0
2025-08-08T00:35:35,dask-benchmark,a34960f0-3ac4-439e-bc5e-45979a3e4b0e,dask_R6301_81ec5021,1.0029735043644905,7.074795409343723e-08,7.053820842282861e-08,0.8,0.0,10.0,1.1154645784861513e-07,0.0,1.3937291611606878e-06,1.505275619009303e-06,Canada,CAN,,gcp,northamerica-northeast2,Linux-6.8.0-1032-gcp-x86_64-with-glibc2.35,3.10.12,3.0.4,2,Intel(R) Xeon(R) CPU @ 2.60GHz,,,,,15.61648178100586,machine,Y,1.0
2025-08-08T00:35:38,dask-benchmark,6d89a964-071d-4eab-8392-c65c15b0153a,dask_R6301_81ec5021,1.0027227960526943,7.071183813327097e-08,7.051982702660622e-08,0.8,0.0,10.0,1.1149304960336953e-07,0.0,1.3930141447215445e-06,1.504507194324914e-06,Canada,CAN,,gcp,northamerica-northeast2,Linux-6.8.0-1032-gcp-x86_64-with-glibc2.35,3.10.12,3.0.4,2,Intel(R) Xeon(R) CPU @ 2.60GHz,,,,,15.61648178100586,machine,Y,1.0
2025-08-08T00:35:40,dask-benchmark,1768aba8-c0f0-49c1-8294-2009b1e5d230,dask_R6301_81ec5021,1.0029310449026525,7.074830857741959e-08,7.054154813234106e-08,0.8,0.0,10.0,1.1154633863932557e-07,0.0,1.3937368225823674e-06,1.505283161221693e-06,Canada,CAN,,gcp,northamerica-northeast2,Linux-6.8.0-1032-gcp-x86_64-with-glibc2.35,3.10.12,3.0.4,2,Intel(R) Xeon(R) CPU @ 2.60GHz,,,,,15.61648178100586,machine,Y,1.0
2025-08-08T00:35:42,dask-benchmark,24f4daf0-fcb1-440e-ad45-37550ffbf927,dask_R6301_81ec5021,1.0029065907001495,7.074526297611497e-08,7.054023139555423e-08,0.8,0.0,10.0,1.1154195945709945e-07,0.0,1.3936764017368356e-06,1.505218361193935e-06,Canada,CAN,,gcp,northamerica-northeast2,Linux-6.8.0-1032-gcp-x86_64-with-glibc2.35,3.10.12,3.0.4,2,Intel(R) Xeon(R) CPU @ 2.60GHz,,,,,15.61648178100586,machine,Y,1.0
2025-08-08T00:35:44,dask-benchmark,9148449d-26ed-4c71-a2ce-3817a0d64552,dask_R6301_81ec5021,1.0027452213689685,7.071940119668016e-08,7.052579228463693e-08,0.8,0.0,10.0,1.115007878591617e-07,0.0,1.3931673227085008e-06,1.5046681105676623e-06,Canada,CAN,,gcp,northamerica-northeast2,Linux-6.8.0-1032-gcp-x86_64-with-glibc2.35,3.10.12,3.0.4,2,Intel(R) Xeon(R) CPU @ 2.60GHz,,,,,15.61648178100586,machine,Y,1.0
2025-08-08T00:35:46,dask-benchmark,c9cd37cd-5a2b-4bde-bdf0-c7328fa7e988,dask_R6301_81ec5021,1.0033992808312178,7.080765383203688e-08,7.056777415006687e-08,0.8009000000000002,0.0,10.0,1.1176084922658957e-07,0.0,1.3947849769869612e-06,1.5065458262135509e-06,Canada,CAN,,gcp,northamerica-northeast2,Linux-6.8.0-1032-gcp-x86_64-with-glibc2.35,3.10.12,3.0.4,2,Intel(R) Xeon(R) CPU @ 2.60GHz,,,,,15.61648178100586,machine,Y,1.0
2025-08-08T00:35:48,dask-benchmark,ddaed8c6-302e-4c9a-849b-1f1c1824f170,dask_R6301_81ec5021,1.0034547899849713,7.081103016653409e-08,7.056723518913555e-08,0.8,0.0,10.0,1.1164944194671185e-07,0.0,1.3949682211710348e-06,1.5066176631177466e-06,Canada,CAN,,gcp,northamerica-northeast2,Linux-6.8.0-1032-gcp-x86_64-with-glibc2.35,3.10.12,3.0.4,2,Intel(R) Xeon(R) CPU @ 2.60GHz,,,,,15.61648178100586,machine,Y,1.0
2025-08-08T00:35:51,dask-benchmark,db777dd5-4502-440b-bffa-efefb91153dd,dask_R6301_81ec5021,1.003425385337323,7.081773816509586e-08,7.057598820991454e-08,0.8,0.0,10.0,1.1165323915580908e-07,0.0,1.3951071473355923e-06,1.5067603864914013e-06,Canada,CAN,,gcp,northamerica-northeast2,Linux-6.8.0-1032-gcp-x86_64-with-glibc2.35,3.10.12,3.0.4,2,Intel(R) Xeon(R) CPU @ 2.60GHz,,,,,15.61648178100586,machine,Y,1.0
2025-08-08T00:35:53,dask-benchmark,be05da97-3336-4e03-b572-b5b4003f50e0,dask_R6301_81ec5021,1.0034573609009385,7.081092028868283e-08,7.056694489251276e-08,0.8,0.0,10.0,1.116520142596629e-07,0.0,1.394963311031461e-06,1.506615325291124e-06,Canada,CAN,,gcp,northamerica-northeast2,Linux-6.8.0-1032-gcp-x86_64-with-glibc2.35,3.10.12,3.0.4,2,Intel(R) Xeon(R) CPU @ 2.60GHz,,,,,15.61648178100586,machine,Y,1.0
2025-08-08T00:35:55,dask-benchmark,ef5db989-943a-48b1-a933-7eaa7e230aea,dask_R6301_81ec5021,1.0031101778149605,7.077615029328607e-08,7.055670639037405e-08,0.8,0.0,10.0,1.1158968797988364e-07,0.0,1.3942858501751392e-06,1.5058755381550227e-06,Canada,CAN,,gcp,northamerica-northeast2,Linux-6.8.0-1032-gcp-x86_64-with-glibc2.35,3.10.12,3.0.4,2,Intel(R) Xeon(R) CPU @ 2.60GHz,,,,,15.61648178100586,machine,Y,1.0
2025-08-08T00:35:57,dask-benchmark,c55e9950-811d-4790-bc12-d8a15e1660aa,dask_R6301_81ec5021,1.0031333388760686,7.077605417934764e-08,7.055498151287307e-08,0.8,0.0,10.0,1.1159009289824301e-07,0.0,1.3942834002793664e-06,1.5058734931776094e-06,Canada,CAN,,gcp,northamerica-northeast2,Linux-6.8.0-1032-gcp-x86_64-with-glibc2.35,3.10.12,3.0.4,2,Intel(R) Xeon(R) CPU @ 2.60GHz,,,,,15.61648178100586,machine,Y,1.0
2025-08-08T00:35:59,dask-benchmark,f1ed10f4-8d23-4407-a3e4-3eb5e5623d9f,dask_R6301_81ec5021,1.003064511809498,7.075216213013563e-08,7.053600371376e-08,0.8,0.0,10.0,1.115569134967195e-07,0.0,1.3938082382082938e-06,1.5053651517050132e-06,Canada,CAN,,gcp,northamerica-northeast2,Linux-6.8.0-1032-gcp-x86_64-with-glibc2.35,3.10.12,3.0.4,2,Intel(R) Xeon(R) CPU @ 2.60GHz,,,,,15.61648178100586,machine,Y,1.0
2025-08-08T00:36:01,dask-benchmark,f64d6927-039a-456f-a113-f015d17d7b22,dask_R6301_81ec5021,1.0030029597692192,7.075835374681115e-08,7.05465054291484e-08,0.8000072,0.0,10.0,1.1156022451920145e-07,0.0,1.3939366637108229e-06,1.505496888230024e-06,Canada,CAN,,gcp,northamerica-northeast2,Linux-6.8.0-1032-gcp-x86_64-with-glibc2.35,3.10.12,3.0.4,2,Intel(R) Xeon(R) CPU @ 2.60GHz,,,,,15.61648178100586,machine,Y,1.0
2025-08-08T00:36:03,dask-benchmark,325fdfe3-43d7-4cd7-8ae6-2427927fb941,dask_R6301_81ec5021,1.0025307349860668,7.068341211012255e-08,7.050498268375274e-08,0.8,0.0,10.0,1.1145167911632197e-07,0.0,1.3924507062054344e-06,1.5039023853217565e-06,Canada,CAN,,gcp,northamerica-northeast2,Linux-6.8.0-1032-gcp-x86_64-with-glibc2.35,3.10.12,3.0.4,2,Intel(R) Xeon(R) CPU @ 2.60GHz,,,,,15.61648178100586,machine,Y,1.0
2025-08-08T00:36:06,dask-benchmark,1fb9492f-cb62-474c-8a7e-604e213c8af7,dask_R6301_81ec5021,1.0032849069684744,7.079470207319698e-08,7.056290948012987e-08,0.8,0.0,10.0,1.116258759672443e-07,0.0,1.3946443809092871e-06,1.5062702568765317e-06,Canada,CAN,,gcp,northamerica-northeast2,Linux-6.8.0-1032-gcp-x86_64-with-glibc2.35,3.10.12,3.0.4,2,Intel(R) Xeon(R) CPU @ 2.60GHz,,,,,15.61648178100586,machine,Y,1.0
2025-08-08T00:36:08,dask-benchmark,266c235a-23bc-445a-91d9-2ffbdda7e3d3,dask_R6301_81ec5021,1.0032357634045184,7.07861905035356e-08,7.055788189141106e-08,0.8,0.0,10.0,1.1161090340465309e-07,0.0,1.3944782562450403e-06,1.5060891596496934e-06,Canada,CAN,,gcp,northamerica-northeast2,Linux-6.8.0-1032-gcp-x86_64-with-glibc2.35,3.10.12,3.0.4,2,Intel(R) Xeon(R) CPU @ 2.60GHz,,,,,15.61648178100586,machine,Y,1.0
2025-08-08T00:36:10,dask-benchmark,710beeb5-8005-4a65-9927-5b5283d74f78,dask_R6301_81ec5021,1.0029698978178203,7.074967129476784e-08,7.054017418538599e-08,0.8,0.0,10.0,1.1154924136483009e-07,0.0,1.393762913842996e-06,1.505312155207826e-06,Canada,CAN,,gcp,northamerica-northeast2,Linux-6.8.0-1032-gcp-x86_64-with-glibc2.35,3.10.12,3.0.4,2,Intel(R) Xeon(R) CPU @ 2.60GHz,,,,,15.61648178100586,machine,Y,1.0
2025-08-08T00:36:12,dask-benchmark,2d6f620b-6d5f-4943-9dbc-07f16ae671f2,dask_R6301_81ec5021,1.0029882602393627,7.075330956432786e-08,7.054251018595435e-08,0.8000072,0.0,10.0,1.1155391247538426e-07,0.0,1.3938356527230803e-06,1.5053895651984649e-06,Canada,CAN,,gcp,northamerica-northeast2,Linux-6.8.0-1032-gcp-x86_64-with-glibc2.35,3.10.12,3.0.4,2,Intel(R) Xeon(R) CPU @ 2.60GHz,,,,,15.61648178100586,machine,Y,1.0
2025-08-08T00:36:14,dask-benchmark,4484909f-ee5d-4c89-9ac3-66d0c37f994b,dask_R6301_81ec5021,1.002697100862861,7.070875714217418e-08,7.051856146918794e-08,0.8,0.0,10.0,1.1148579998148813e-07,0.0,1.3929558413413666e-06,1.5044416413228548e-06,Canada,CAN,,gcp,northamerica-northeast2,Linux-6.8.0-1032-gcp-x86_64-with-glibc2.35,3.10.12,3.0.4,2,Intel(R) Xeon(R) CPU @ 2.60GHz,,,,,15.61648178100586,machine,Y,1.0
2025-08-08T00:36:16,dask-benchmark,61674a0d-6242-44bd-9710-338422116b58,dask_R6301_81ec5021,1.0030954480171204,7.076296151015493e-08,7.054459438534625e-08,0.8,0.0,10.0,1.115737535680334e-07,0.0,1.3940211721799442e-06,1.5055949257479777e-06,Canada,CAN,,gcp,northamerica-northeast2,Linux-6.8.0-1032-gcp-x86_64-with-glibc2.35,3.10.12,3.0.4,2,Intel(R) Xeon(R) CPU @ 2.60GHz,,,,,15.61648178100586,machine,Y,1.0
2025-08-08T00:36:19,dask-benchmark,62c953de-73b3-4e42-a00a-b5951ef10adf,dask_R6301_81ec5021,1.0029395860619843,7.07466413347154e-08,7.05392850356024e-08,0.8,0.0,10.0,1.1154186290999253e-07,0.0,1.3937058250626755e-06,1.505247687972668e-06,Canada,CAN,,gcp,northamerica-northeast2,Linux-6.8.0-1032-gcp-x86_64-with-glibc2.35,3.10.12,3.0.4,2,Intel(R) Xeon(R) CPU @ 2.60GHz,,,,,15.61648178100586,machine,Y,1.0
2025-08-08T00:36:21,dask-benchmark,9b1c1b30-ebb1-46fc-95db-74cdd087b07e,dask_R6301_81ec5021,1.0028475490398705,7.071636015011207e-08,7.051556362461685e-08,0.8,0.0,10.0,1.1151990377240717e-07,0.0,1.3930835036767855e-06,1.5046034074491927e-06,Canada,CAN,,gcp,northamerica-northeast2,Linux-6.8.0-1032-gcp-x86_64-with-glibc2.35,3.10.12,3.0.4,2,Intel(R) Xeon(R) CPU @ 2.60GHz,,,,,15.61648178100586,machine,Y,1.0
2025-08-08T00:36:23,dask-benchmark,30b9519d-24ca-488e-b1f5-0c7162b518f1,dask_R6301_81ec5021,1.0035141208209095,7.08180991541077e-08,7.05701072708135e-08,0.8,0.0,10.0,1.1166455969214441e-07,0.0,1.3951035074165298e-06,1.5067680671086743e-06,Canada,CAN,,gcp,northamerica-northeast2,Linux-6.8.0-1032-gcp-x86_64-with-glibc2.35,3.10.12,3.0.4,2,Intel(R) Xeon(R) CPU @ 2.60GHz,,,,,15.61648178100586,machine,Y,1.0
2025-08-08T00:36:25,dask-benchmark,29cbd40b-2d83-4c0a-8279-916130eb951d,dask_R6301_81ec5021,1.0034675961360335,7.081293842605212e-08,7.05682362825919e-08,0.8,0.0,10.0,1.1164958630171086e-07,0.0,1.3950086780823768e-06,1.5066582643840876e-06,Canada,CAN,,gcp,northamerica-northeast2,Linux-6.8.0-1032-gcp-x86_64-with-glibc2.35,3.10.12,3.0.4,2,Intel(R) Xeon(R) CPU @ 2.60GHz,,,,,15.61648178100586,machine,Y,1.0
2025-08-08T00:36:27,dask-benchmark,30bd3152-0728-47de-b9ce-0305082b2eab,dask_R6301_81ec5021,1.0035287523642182,7.081589856464417e-08,7.056688550059841e-08,0.8,0.0,10.0,1.1166953957743116e-07,0.0,1.3950517064788277e-06,1.5067212460562588e-06,Canada,CAN,,gcp,northamerica-northeast2,Linux-6.8.0-1032-gcp-x86_64-with-glibc2.35,3.10.12,3.0.4,2,Intel(R) Xeon(R) CPU @ 2.60GHz,,,,,15.61648178100586,machine,Y,1.0
2025-08-08T00:36:29,dask-benchmark,eae24d70-0f3c-4eb7-8032-43cc83b14c5e,dask_R6301_81ec5021,1.0034543611109257,7.081505737314002e-08,7.057127869247641e-08,0.8,0.0,10.0,1.1165352393355645e-07,0.0,1.3950498244311248e-06,1.5067033483646811e-06,Canada,CAN,,gcp,northamerica-northeast2,Linux-6.8.0-1032-gcp-x86_64-with-glibc2.35,3.10.12,3.0.4,2,Intel(R) Xeon(R) CPU @ 2.60GHz,,,,,15.61648178100586,machine,Y,1.0
2025-08-08T00:36:31,dask-benchmark,5f547155-2adc-4ab9-9638-9f0865329924,dask_R6301_81ec5021,1.0032481169328094,7.078075020755127e-08,7.055159039216183e-08,0.8,0.0,10.0,1.116069835714168e-07,0.0,1.3943664250998864e-06,1.5059734086713032e-06,Canada,CAN,,gcp,northamerica-northeast2,Linux-6.8.0-1032-gcp-x86_64-with-glibc2.35,3.10.12,3.0.4,2,Intel(R) Xeon(R) CPU @ 2.60GHz,,,,,15.61648178100586,machine,Y,1.0
2025-08-08T00:36:34,dask-benchmark,c3dffe23-5f87-4f0a-840c-b32ada5c4859,dask_R6301_81ec5021,1.003222884144634,7.078487738004576e-08,7.05574788003348e-08,0.8,0.0,10.0,1.116044820389814e-07,0.0,1.3944567388130558e-06,1.5060612208520372e-06,Canada,CAN,,gcp,northamerica-northeast2,Linux-6.8.0-1032-gcp-x86_64-with-glibc2.35,3.10.12,3.0.4,2,Intel(R) Xeon(R) CPU @ 2.60GHz,,,,,15.61648178100586,machine,Y,1.0
2025-08-08T00:36:36,dask-benchmark,77748b72-ef84-47dd-9d2b-58bc9e5ca536,dask_R6301_81ec5021,1.003000128082931,7.075135563293265e-08,7.053972741575037e-08,0.8,0.0,10.0,1.1155293995721473e-07,0.0,1.3937950522328417e-06,1.5053479921900564e-06,Canada,CAN,,gcp,northamerica-northeast2,Linux-6.8.0-1032-gcp-x86_64-with-glibc2.35,3.10.12,3.0.4,2,Intel(R) Xeon(R) CPU @ 2.60GHz,,,,,15.61648178100586,machine,Y,1.0
2025-08-08T00:36:38,dask-benchmark,4bf2f29f-a9e9-46d3-9fd3-bd51585b2314,dask_R6301_81ec5021,1.0030448432080448,7.076065749193853e-08,7.05458564201619e-08,0.8,0.0,10.0,1.1157342067195313e-07,0.0,1.3939724834118451e-06,1.5055459040837983e-06,Canada,CAN,,gcp,northamerica-northeast2,Linux-6.8.0-1032-gcp-x86_64-with-glibc2.35,3.10.12,3.0.4,2,Intel(R) Xeon(R) CPU @ 2.60GHz,,,,,15.61648178100586,machine,Y,1.0
2025-08-08T00:36:40,dask-benchmark,2bdc8dac-0388-4385-ad30-98e29d0fa660,dask_R6301_81ec5021,1.002526185940951,7.073730471088656e-08,7.055905940700586e-08,0.8,0.0,10.0,1.1152815777394509e-07,0.0,1.3935208786278964e-06,1.5050490364018415e-06,Canada,CAN,,gcp,northamerica-northeast2,Linux-6.8.0-1032-gcp-x86_64-with-glibc2.35,3.10.12,3.0.4,2,Intel(R) Xeon(R) CPU @ 2.60GHz,,,,,15.61648178100586,machine,Y,1.0
2025-08-08T00:36:42,dask-benchmark,6c961b3b-28f0-4d52-af69-9cd18dc599e4,dask_R6301_81ec5021,1.003154740203172,7.077325858760419e-08,7.05506894911051e-08,0.8,0.0,10.0,1.115908067052563e-07,0.0,1.3942232057969603e-06,1.505814012502217e-06,Canada,CAN,,gcp,northamerica-northeast2,Linux-6.8.0-1032-gcp-x86_64-with-glibc2.35,3.10.12,3.0.4,2,Intel(R) Xeon(R) CPU @ 2.60GHz,,,,,15.61648178100586,machine,Y,1.0
2025-08-08T00:36:44,dask-benchmark,bd7a3c6a-e55c-4063-91f8-34e8a8247c21,dask_R6301_81ec5021,1.0033686463721097,7.078792022613602e-08,7.055026134420748e-08,0.8,0.0,10.0,1.116275622819861e-07,0.0,1.3944983999762272e-06,1.5061259622582134e-06,Canada,CAN,,gcp,northamerica-northeast2,Linux-6.8.0-1032-gcp-x86_64-with-glibc2.35,3.10.12,3.0.4,2,Intel(R) Xeon(R) CPU @ 2.60GHz,,,,,15.61648178100586,machine,Y,1.0
2025-08-08T00:36:46,dask-benchmark,fda59d25-8d11-4525-8bae-42cd0bddfadf,dask_R6301_81ec5021,1.0028259670361876,7.076435568316905e-08,7.0564941484623e-08,0.8009000000000002,0.0,10.0,1.1168986942864853e-07,0.0,1.393934719574948e-06,1.505624589003597e-06,Canada,CAN,,gcp,northamerica-northeast2,Linux-6.8.0-1032-gcp-x86_64-with-glibc2.35,3.10.12,3.0.4,2,Intel(R) Xeon(R) CPU @ 2.60GHz,,,,,15.61648178100586,machine,Y,1.0
2025-08-08T00:36:49,dask-benchmark,3a675359-2196-46a0-b716-e95afbed6539,dask_R6301_81ec5021,1.0029697068966923,7.075266666022232e-08,7.05431741095546e-08,0.8,0.0,10.0,1.1155241976181668e-07,0.0,1.3938234666258924e-06,1.505375886387709e-06,Canada,CAN,,gcp,northamerica-northeast2,Linux-6.8.0-1032-gcp-x86_64-with-glibc2.35,3.10.12,3.0.4,2,Intel(R) Xeon(R) CPU @ 2.60GHz,,,,,15.61648178100586,machine,Y,1.0
2025-08-08T00:36:51,dask-benchmark,d03d8a3c-3178-42d7-97e9-4f4e7efa8323,dask_R6301_81ec5021,1.0028227400034666,7.071993771935294e-08,7.05208756226534e-08,0.8,0.0,10.0,1.1151137927340137e-07,0.0,1.3931681466702785e-06,1.5046795259436795e-06,Canada,CAN,,gcp,northamerica-northeast2,Linux-6.8.0-1032-gcp-x86_64-with-glibc2.35,3.10.12,3.0.4,2,Intel(R) Xeon(R) CPU @ 2.60GHz,,,,,15.61648178100586,machine,Y,1.0
2025-08-08T00:36:53,dask-benchmark,0fa82d0a-f89f-44cf-b710-85448ed0cf72,dask_R6301_81ec5021,1.0029917866922915,7.075427937254103e-08,7.054322907855256e-08,0.8,0.0,10.0,1.115542244580057e-07,0.0,1.393855974957761e-06,1.5054101994157666e-06,Canada,CAN,,gcp,northamerica-northeast2,Linux-6.8.0-1032-gcp-x86_64-with-glibc2.35,3.10.12,3.0.4,2,Intel(R) Xeon(R) CPU @ 2.60GHz,,,,,15.61648178100586,machine,Y,1.0
2025-08-08T00:36:55,dask-benchmark,3d780d61-86da-486f-91e1-808c1a038a5b,dask_R6301_81ec5021,1.0031113540753722,7.0754911510636e-08,7.053545074849147e-08,0.8,0.0,10.0,1.1157698484344617e-07,0.0,1.393846664319022e-06,1.5054236491624685e-06,Canada,CAN,,gcp,northamerica-northeast2,Linux-6.8.0-1032-gcp-x86_64-with-glibc2.35,3.10.12,3.0.4,2,Intel(R) Xeon(R) CPU @ 2.60GHz,,,,,15.61648178100586,machine,Y,1.0
2025-08-08T00:36:57,dask-benchmark,cea9b689-8fd6-4307-a97b-738d942a8bd2,dask_R6301_81ec5021,1.0028056190349162,7.072445790019507e-08,7.05265871647779e-08,0.8,0.0,10.0,1.1151301374451985e-07,0.0,1.3932626862596309e-06,1.5047757000041504e-06,Canada,CAN,,gcp,northamerica-northeast2,Linux-6.8.0-1032-gcp-x86_64-with-glibc2.35,3.10.12,3.0.4,2,Intel(R) Xeon(R) CPU @ 2.60GHz,,,,,15.61648178100586,machine,Y,1.0
2025-08-08T00:36:59,dask-benchmark,b8ef0cbf-97a7-4bf9-981a-41eb237db281,dask_R6301_81ec5021,1.0033651320263743,7.080806410654138e-08,7.057058477160648e-08,0.8,0.0,10.0,1.11646026890311e-07,0.0,1.3949085285680165e-06,1.506554555458327e-06,Canada,CAN,,gcp,northamerica-northeast2,Linux-6.8.0-1032-gcp-x86_64-with-glibc2.35,3.10.12,3.0.4,2,Intel(R) Xeon(R) CPU @ 2.60GHz,,,,,15.61648178100586,machine,Y,1.0
2025-08-08T00:37:02,dask-benchmark,1e910b90-bc35-4c26-8814-e007eca66073,dask_R6301_81ec5021,1.0034651961177588,7.080999024455539e-08,7.056546706204418e-08,0.8,0.0,10.0,1.1165346670895817e-07,0.0,1.3949420704092415e-06,1.5065955371181998e-06,Canada,CAN,,gcp,northamerica-northeast2,Linux-6.8.0-1032-gcp-x86_64-with-glibc2.35,3.10.12,3.0.4,2,Intel(R) Xeon(R) CPU @ 2.60GHz,,,,,15.61648178100586,machine,Y,1.0
2025-08-08T00:37:04,dask-benchmark,9ba14052-30b9-4c82-a410-94419f4a26c5,dask_R6301_81ec5021,1.0034976322203877,7.081443488680654e-08,7.056761532174134e-08,0.8,0.0,10.0,1.116529597590367e-07,0.0,1.3950371442155708e-06,1.5066901039746074e-06,Canada,CAN,,gcp,northamerica-northeast2,Linux-6.8.0-1032-gcp-x86_64-with-glibc2.35,3.10.12,3.0.4,2,Intel(R) Xeon(R) CPU @ 2.60GHz,,,,,15.61648178100586,machine,Y,1.0
2025-08-08T00:37:06,dask-benchmark,e1f161e9-1783-41b3-9eaa-668937d62d7d,dask_R6301_81ec5021,1.003509969916195,7.082116615270367e-08,7.057345544720208e-08,0.8,0.0,10.0,1.1166010289970373e-07,0.0,1.3951732194982467e-06,1.5068333223979506e-06,Canada,CAN,,gcp,northamerica-northeast2,Linux-6.8.0-1032-gcp-x86_64-with-glibc2.35,3.10.12,3.0.4,2,Intel(R) Xeon(R) CPU @ 2.60GHz,,,,,15.61648178100586,machine,Y,1.0
2025-08-08T00:37:08,dask-benchmark,9fe94802-0d55-4686-b166-da99b10946f8,dask_R6301_81ec5021,1.0032213390804827,7.078298461587273e-08,7.055570077960057e-08,0.8,0.0,10.0,1.1160525979681149e-07,0.0,1.3944156894770765e-06,1.5060209492738878e-06,Canada,CAN,,gcp,northamerica-northeast2,Linux-6.8.0-1032-gcp-x86_64-with-glibc2.35,3.10.12,3.0.4,2,Intel(R) Xeon(R) CPU @ 2.60GHz,,,,,15.61648178100586,machine,Y,1.0
2025-08-08T00:37:10,dask-benchmark,4949ffb8-461a-4a6f-8dba-d40ca4e4b5da,dask_R6301_81ec5021,1.003268986940384,7.079630424128845e-08,7.056562613102614e-08,0.8,0.0,10.0,1.1161988156123293e-07,0.0,1.3946844639980958e-06,1.5063043455593288e-06,Canada,CAN,,gcp,northamerica-northeast2,Linux-6.8.0-1032-gcp-x86_64-with-glibc2.35,3.10.12,3.0.4,2,Intel(R) Xeon(R) CPU @ 2.60GHz,,,,,15.61648178100586,machine,Y,1.0
2025-08-08T00:37:12,dask-benchmark,95cb7925-f931-4912-8e32-1da3f199cbbd,dask_R6301_81ec5021,1.0030718399211764,7.075166906835511e-08,7.05349968491937e-08,0.8,0.0,10.0,1.1155783022857376e-07,0.0,1.3937968308002583e-06,1.505354661028832e-06,Canada,CAN,,gcp,northamerica-northeast2,Linux-6.8.0-1032-gcp-x86_64-with-glibc2.35,3.10.12,3.0.4,2,Intel(R) Xeon(R) CPU @ 2.60GHz,,,,,15.61648178100586,machine,Y,1.0
2025-08-08T00:37:14,dask-benchmark,1bc3de1d-260c-46ba-9d4e-40511071d996,dask_R6301_81ec5021,1.0030677551403642,7.076072194401384e-08,7.054430927660707e-08,0.8,0.0,10.0,1.1156929201549956e-07,0.0,1.3939779833890498e-06,1.5055472754045494e-06,Canada,CAN,,gcp,northamerica-northeast2,Linux-6.8.0-1032-gcp-x86_64-with-glibc2.35,3.10.12,3.0.4,2,Intel(R) Xeon(R) CPU @ 2.60GHz,,,,,15.61648178100586,machine,Y,1.0
2025-08-08T00:37:17,dask-benchmark,4bd6cf0c-aaf2-482e-98ad-5f3acfdb2647,dask_R6301_81ec5021,1.002998684067279,7.07376377440782e-08,7.052615209546305e-08,0.8,0.0,10.0,1.1154484914408789e-07,0.0,1.393511273070342e-06,1.50505612221443e-06,Canada,CAN,,gcp,northamerica-northeast2,Linux-6.8.0-1032-gcp-x86_64-with-glibc2.35,3.10.12,3.0.4,2,Intel(R) Xeon(R) CPU @ 2.60GHz,,,,,15.61648178100586,machine,Y,1.0
2025-08-08T00:37:19,dask-benchmark,aa1b7aa6-f436-4d42-b8df-6f67a6f4f6ac,dask_R6301_81ec5021,1.0032338770106437,7.078492377367286e-08,7.0556751915707e-08,0.8,0.0,10.0,1.1160411871969704e-07,0.0,1.3944580892307892e-06,1.5060622079504865e-06,Canada,CAN,,gcp,northamerica-northeast2,Linux-6.8.0-1032-gcp-x86_64-with-glibc2.35,3.10.12,3.0.4,2,Intel(R) Xeon(R) CPU @ 2.60GHz,,,,,15.61648178100586,machine,Y,1.0
2025-08-08T00:37:21,dask-benchmark,c4402338-d7d1-446c-a66e-ed2544c5d8cb,dask_R6301_81ec5021,1.0032396093010902,7.077830177281673e-08,7.054974815251228e-08,0.8,0.0,10.0,1.116042777688967e-07,0.0,1.3943170365463529e-06,1.5059213143152497e-06,Canada,CAN,,gcp,northamerica-northeast2,Linux-6.8.0-1032-gcp-x86_64-with-glibc2.35,3.10.12,3.0.4,2,Intel(R) Xeon(R) CPU @ 2.60GHz,,,,,15.61648178100586,machine,Y,1.0
2025-08-08T00:37:23,dask-benchmark,0378d4a3-e7f3-4691-86e2-8d31dc9afc61,dask_R6301_81ec5021,1.0028957859613,7.074139528985446e-08,7.053713484501992e-08,0.8,0.0,10.0,1.1153424779574077e-07,0.0,1.3936018222011626e-06,1.5051360699969034e-06,Canada,CAN,,gcp,northamerica-northeast2,Linux-6.8.0-1032-gcp-x86_64-with-glibc2.35,3.10.12,3.0.4,2,Intel(R) Xeon(R) CPU @ 2.60GHz,,,,,15.61648178100586,machine,Y,1.0
2025-08-08T00:37:25,dask-benchmark,b08073b2-8d6f-4f6e-85ec-29b36de655a6,dask_R6301_81ec5021,1.0031359340064228,7.075733819303829e-08,7.053614150820088e-08,0.8,0.0,10.0,1.1158080202423865e-07,0.0,1.3938944786787031e-06,1.505475280702942e-06,Canada,CAN,,gcp,northamerica-northeast2,Linux-6.8.0-1032-gcp-x86_64-with-glibc2.35,3.10.12,3.0.4,2,Intel(R) Xeon(R) CPU @ 2.60GHz,,,,,15.61648178100586,machine,Y,1.0
2025-08-08T00:37:27,dask-benchmark,7ae2f9f8-c2c9-4d75-a72c-4d62934c4469,dask_R6301_81ec5021,1.0027586328797042,7.071507284003827e-08,7.052053258016837e-08,0.8,0.0,10.0,1.1150077709721197e-07,0.0,1.3930752407759428e-06,1.5045760178731547e-06,Canada,CAN,,gcp,northamerica-northeast2,Linux-6.8.0-1032-gcp-x86_64-with-glibc2.35,3.10.12,3.0.4,2,Intel(R) Xeon(R) CPU @ 2.60GHz,,,,,15.61648178100586,machine,Y,1.0
2025-08-08T00:37:30,dask-benchmark,bafc6a60-4601-4bab-9dfa-b87bb064da9c,dask_R6301_81ec5021,1.0029090410098431,7.074883753237213e-08,7.05436232393858e-08,0.8,0.0,10.0,1.1154435399091909e-07,0.0,1.3937500615914665e-06,1.5052944155823855e-06,Canada,CAN,,gcp,northamerica-northeast2,Linux-6.8.0-1032-gcp-x86_64-with-glibc2.35,3.10.12,3.0.4,2,Intel(R) Xeon(R) CPU @ 2.60GHz,,,,,15.61648178100586,machine,Y,1.0
2025-08-08T00:37:32,dask-benchmark,bf27e75c-b495-40be-a843-bf245425c33b,dask_R6301_81ec5021,1.0029858630150557,7.074846980974285e-08,7.053785344198898e-08,0.8,0.0,10.0,1.1155271312842769e-07,0.0,1.3937338785682286e-06,1.5052865916966562e-06,Canada,CAN,,gcp,northamerica-northeast2,Linux-6.8.0-1032-gcp-x86_64-with-glibc2.35,3.10.12,3.0.4,2,Intel(R) Xeon(R) CPU @ 2.60GHz,,,,,15.61648178100586,machine,Y,1.0
2025-08-08T00:37:34,dask-benchmark,0b57d078-eea0-4d62-a61c-d6a7ab364dc0,dask_R6301_81ec5021,1.002823829650879,7.072746089659632e-08,7.052830098903737e-08,0.8,0.0,10.0,1.115124688173334e-07,0.0,1.393327124727269e-06,1.5048395935446023e-06,Canada,CAN,,gcp,northamerica-northeast2,Linux-6.8.0-1032-gcp-x86_64-with-glibc2.35,3.10.12,3.0.4,2,Intel(R) Xeon(R) CPU @ 2.60GHz,,,,,15.61648178100586,machine,Y,1.0
2025-08-08T00:37:36,dask-benchmark,ab0ea9dd-5e08-419d-9b33-bf95beb6ff7f,dask_R6301_81ec5021,1.0034017958678303,7.081234908740347e-08,7.057227660845345e-08,0.8,0.0,10.0,1.116458559408784e-07,0.0,1.3949998693230254e-06,1.5066457252639038e-06,Canada,CAN,,gcp,northamerica-northeast2,Linux-6.8.0-1032-gcp-x86_64-with-glibc2.35,3.10.12,3.0.4,2,Intel(R) Xeon(R) CPU @ 2.60GHz,,,,,15.61648178100586,machine,Y,1.0
2025-08-08T00:37:38,dask-benchmark,383a53dd-3a41-4d90-8f5a-0a57467d7d89,dask_R6301_81ec5021,1.0034757987596097,7.081366255620702e-08,7.056838106483422e-08,0.8,0.0,10.0,1.1165656615048649e-07,0.0,1.3950171052581734e-06,1.50667367140866e-06,Canada,CAN,,gcp,northamerica-northeast2,Linux-6.8.0-1032-gcp-x86_64-with-glibc2.35,3.10.12,3.0.4,2,Intel(R) Xeon(R) CPU @ 2.60GHz,,,,,15.61648178100586,machine,Y,1.0
2025-08-08T00:37:40,dask-benchmark,0afcd9c1-e03c-4375-b883-d5efa505d51a,dask_R6301_81ec5021,1.0043633137829602,7.08434226697104e-08,7.053565348068798e-08,0.8,0.0,10.0,1.1184809325883785e-07,0.0,1.3954587720541489e-06,1.507306865312987e-06,Canada,CAN,,gcp,northamerica-northeast2,Linux-6.8.0-1032-gcp-x86_64-with-glibc2.35,3.10.12,3.0.4,2,Intel(R) Xeon(R) CPU @ 2.60GHz,,,,,15.61648178100586,machine,Y,1.0
2025-08-08T00:37:42,dask-benchmark,9bd981be-f2cb-4272-97cd-f54bcd373803,dask_R6301_81ec5021,1.0034221252426505,7.080708763231006e-08,7.056560329999428e-08,0.8,0.0,10.0,1.116434400901199e-07,0.0,1.3948903393207326e-06,1.5065337794108524e-06,Canada,CAN,,gcp,northamerica-northeast2,Linux-6.8.0-1032-gcp-x86_64-with-glibc2.35,3.10.12,3.0.4,2,Intel(R) Xeon(R) CPU @ 2.60GHz,,,,,15.61648178100586,machine,Y,1.0
2025-08-08T00:37:45,dask-benchmark,012f78da-bce2-4465-8283-053bd7c75ca1,dask_R6301_81ec5021,1.0032012448646128,7.078296081597608e-08,7.055709029301356e-08,0.8,0.0,10.0,1.1160170980211765e-07,0.0,1.3944187330909902e-06,1.5060204428931078e-06,Canada,CAN,,gcp,northamerica-northeast2,Linux-6.8.0-1032-gcp-x86_64-with-glibc2.35,3.10.12,3.0.4,2,Intel(R) Xeon(R) CPU @ 2.60GHz,,,,,15.61648178100586,machine,Y,1.0
2025-08-08T00:37:47,dask-benchmark,81860cec-fce3-4fab-b61d-b0b72d77f619,dask_R6301_81ec5021,1.0032777050510049,7.077537879460308e-08,7.05441558586264e-08,0.8000072,0.0,10.0,1.116223201828776e-07,0.0,1.3942368031065497e-06,1.5058591232894272e-06,Canada,CAN,,gcp,northamerica-northeast2,Linux-6.8.0-1032-gcp-x86_64-with-glibc2.35,3.10.12,3.0.4,2,Intel(R) Xeon(R) CPU @ 2.60GHz,,,,,15.61648178100586,machine,Y,1.0
2025-08-08T00:37:49,dask-benchmark,52e8365e-0f22-4fe6-95a6-9c292a0ce06b,dask_R6301_81ec5021,1.0032454188913107,7.078740150900557e-08,7.055840991253459e-08,0.8,0.0,10.0,1.11607958873113e-07,0.0,1.39450696685041e-06,1.506114925723523e-06,Canada,CAN,,gcp,northamerica-northeast2,Linux-6.8.0-1032-gcp-x86_64-with-glibc2.35,3.10.12,3.0.4,2,Intel(R) Xeon(R) CPU @ 2.60GHz,,,,,15.61648178100586,machine,Y,1.0
2025-08-08T00:37:51,dask-benchmark,ff58b57f-6101-4d28-8d68-11eae7564876,dask_R6301_81ec5021,1.0031833718530834,7.077787225605505e-08,7.055327494644768e-08,0.8,0.0,10.0,1.1159380939271717e-07,0.0,1.3943183662680288e-06,1.505912175660746e-06,Canada,CAN,,gcp,northamerica-northeast2,Linux-6.8.0-1032-gcp-x86_64-with-glibc2.35,3.10.12,3.0.4,2,Intel(R) Xeon(R) CPU @ 2.60GHz,,,,,15.61648178100586,machine,Y,1.0
2025-08-08T00:37:53,dask-benchmark,f10aad2b-9fb7-470c-9085-37cfe616720e,dask_R6301_81ec5021,1.0034665940329432,7.08150938061687e-08,7.057045468904156e-08,0.8,0.0,10.0,1.1165230193485817e-07,0.0,1.3950518216006457e-06,1.506704123535504e-06,Canada,CAN,,gcp,northamerica-northeast2,Linux-6.8.0-1032-gcp-x86_64-with-glibc2.35,3.10.12,3.0.4,2,Intel(R) Xeon(R) CPU @ 2.60GHz,,,,,15.61648178100586,machine,Y,1.0
2025-08-08T00:37:55,dask-benchmark,214a98b7-e5a3-4d3d-96be-e1ea00c664b6,dask_R6301_81ec5021,1.0034284559078517,7.081474086637092e-08,7.057278518407305e-08,0.8,0.0,10.0,1.1164973376111865e-07,0.0,1.395046880416986e-06,1.5066966141781049e-06,Canada,CAN,,gcp,northamerica-northeast2,Linux-6.8.0-1032-gcp-x86_64-with-glibc2.35,3.10.12,3.0.4,2,Intel(R) Xeon(R) CPU @ 2.60GHz,,,,,15.61648178100586,machine,Y,1.0
2025-08-08T00:37:58,dask-benchmark,7fc48c65-51fc-4500-b785-b0b0ed9d1fb7,dask_R6301_81ec5021,1.003278519026935,7.082110704812739e-08,7.058967744751051e-08,0.8,0.0,10.0,1.116660643989841e-07,0.0,1.39516600045479e-06,1.5068320648537742e-06,Canada,CAN,,gcp,northamerica-northeast2,Linux-6.8.0-1032-gcp-x86_64-with-glibc2.35,3.10.12,3.0.4,2,Intel(R) Xeon(R) CPU @ 2.60GHz,,,,,15.61648178100586,machine,Y,1.0
2025-08-08T00:38:00,dask-benchmark,335ee3c8-4860-4f27-8f8c-f4356e1d5e40,dask_R6301_81ec5021,1.003432463854551,7.081248245874628e-08,7.057025261743039e-08,0.8,0.0,10.0,1.1164770151178045e-07,0.0,1.395000861440268e-06,1.5066485629520484e-06,Canada,CAN,,gcp,northamerica-northeast2,Linux-6.8.0-1032-gcp-x86_64-with-glibc2.35,3.10.12,3.0.4,2,Intel(R) Xeon(R) CPU @ 2.60GHz,,,,,15.61648178100586,machine,Y,1.0
2025-08-08T00:38:02,dask-benchmark,4a9c17fa-37f9-41d2-bad2-c1a9ea84a0bf,dask_R6301_81ec5021,1.003249388653785,7.078092210082753e-08,7.055167229735892e-08,0.8,0.0,10.0,1.116054668608639e-07,0.0,1.3943715991141895e-06,1.5059770659750537e-06,Canada,CAN,,gcp,northamerica-northeast2,Linux-6.8.0-1032-gcp-x86_64-with-glibc2.35,3.10.12,3.0.4,2,Intel(R) Xeon(R) CPU @ 2.60GHz,,,,,15.61648178100586,machine,Y,1.0
2025-08-08T00:38:04,dask-benchmark,8a222639-1991-47cc-aa41-69764f948cc2,dask_R6301_81ec5021,1.0032587531022727,7.078875210389702e-08,7.055881833575268e-08,0.8,0.0,10.0,1.1161154405110413e-07,0.0,1.3945321177339389e-06,1.5061436617850428e-06,Canada,CAN,,gcp,northamerica-northeast2,Linux-6.8.0-1032-gcp-x86_64-with-glibc2.35,3.10.12,3.0.4,2,Intel(R) Xeon(R) CPU @ 2.60GHz,,,,,15.61648178100586,machine,Y,1.0
2025-08-08T00:38:06,dask-benchmark,66fa494e-461c-462d-bb4a-5f439bb6070a,dask_R6301_81ec5021,1.003051910083741,7.075901043792772e-08,7.054371735558564e-08,0.8,0.0,10.0,1.1157231332941189e-07,0.0,1.393938547052029e-06,1.505510860381441e-06,Canada,CAN,,gcp,northamerica-northeast2,Linux-6.8.0-1032-gcp-x86_64-with-glibc2.35,3.10.12,3.0.4,2,Intel(R) Xeon(R) CPU @ 2.60GHz,,,,,15.61648178100586,machine,Y,1.0
2025-08-08T00:38:08,dask-benchmark,6b368bdc-288d-4047-aaaf-7a5a098177ce,dask_R6301_81ec5021,1.0030185910873115,7.075299491495308e-08,7.054006330855148e-08,0.8,0.0,10.0,1.115571700243487e-07,0.0,1.3938257005065678e-06,1.5053828705309164e-06,Canada,CAN,,gcp,northamerica-northeast2,Linux-6.8.0-1032-gcp-x86_64-with-glibc2.35,3.10.12,3.0.4,2,Intel(R) Xeon(R) CPU @ 2.60GHz,,,,,15.61648178100586,machine,Y,1.0
2025-08-08T00:38:10,dask-benchmark,7e3dd557-b015-4d24-8f04-5166b9934fda,dask_R6301_81ec5021,1.002832051832229,7.07231587643425e-08,7.052343274741509e-08,0.8,0.0,10.0,1.1150930625283057e-07,0.0,1.3932387525629667e-06,1.5047480588157974e-06,Canada,CAN,,gcp,northamerica-northeast2,Linux-6.8.0-1032-gcp-x86_64-with-glibc2.35,3.10.12,3.0.4,2,Intel(R) Xeon(R) CPU @ 2.60GHz,,,,,15.61648178100586,machine,Y,1.0
2025-08-08T00:38:13,dask-benchmark,7c68340f-041b-4ba3-9c46-29d601c62392,dask_R6301_81ec5021,1.003315281122923,7.079124515462253e-08,7.055732777775707e-08,0.8,0.0,10.0,1.116201053890917e-07,0.0,1.394576600028409e-06,1.5061967054175007e-06,Canada,CAN,,gcp,northamerica-northeast2,Linux-6.8.0-1032-gcp-x86_64-with-glibc2.35,3.10.12,3.0.4,2,Intel(R) Xeon(R) CPU @ 2.60GHz,,,,,15.61648178100586,machine,Y,1.0
2025-08-08T00:38:15,dask-benchmark,52065aa3-834d-4678-bc1d-0c969fae8124,dask_R6301_81ec5021,1.00329583697021,7.077948495864662e-08,7.054697363480459e-08,0.8,0.0,10.0,1.116042182677322e-07,0.0,1.3943422702141106e-06,1.5059464884818429e-06,Canada,CAN,,gcp,northamerica-northeast2,Linux-6.8.0-1032-gcp-x86_64-with-glibc2.35,3.10.12,3.0.4,2,Intel(R) Xeon(R) CPU @ 2.60GHz,,,,,15.61648178100586,machine,Y,1.0
2025-08-08T00:38:17,dask-benchmark,02d081ae-535f-4599-a0bd-adf719f97154,dask_R6301_81ec5021,1.0031025419011712,7.075559676868014e-08,7.05367535352644e-08,0.8,0.0,10.0,1.115695441969567e-07,0.0,1.3938686849238972e-06,1.505438229120854e-06,Canada,CAN,,gcp,northamerica-northeast2,Linux-6.8.0-1032-gcp-x86_64-with-glibc2.35,3.10.12,3.0.4,2,Intel(R) Xeon(R) CPU @ 2.60GHz,,,,,15.61648178100586,machine,Y,1.0
2025-08-08T00:38:19,dask-benchmark,e7b20dae-583f-498a-845e-89fe2f75cbad,dask_R6301_81ec5021,1.0030623967759311,7.075413586551118e-08,7.053812015377202e-08,0.8,0.0,10.0,1.1156445669217245e-07,0.0,1.3938426893825333e-06,1.5054071460747057e-06,Canada,CAN,,gcp,northamerica-northeast2,Linux-6.8.0-1032-gcp-x86_64-with-glibc2.35,3.10.12,3.0.4,2,Intel(R) Xeon(R) CPU @ 2.60GHz,,,,,15.61648178100586,machine,Y,1.0
2025-08-08T00:38:21,dask-benchmark,f360e93d-5b6b-41b9-a2a8-389bea1c34eb,dask_R6301_81ec5021,1.0028169970028102,7.072808452100599e-08,7.05294034030097e-08,0.8,0.0,10.0,1.1151476980497441e-07,0.0,1.3933380923440889e-06,1.504852862149063e-06,Canada,CAN,,gcp,northamerica-northeast2,Linux-6.8.0-1032-gcp-x86_64-with-glibc2.35,3.10.12,3.0.4,2,Intel(R) Xeon(R) CPU @ 2.60GHz,,,,,15.61648178100586,machine,Y,1.0
2025-08-08T00:38:23,dask-benchmark,523a7960-a689-4066-b5ec-ee0090ba3391,dask_R6301_81ec5021,1.0030306279659271,7.075678817881272e-08,7.054299859447196e-08,0.8,0.0,10.0,1.1156259197741749e-07,0.0,1.3939009862951936e-06,1.505463578272611e-06,Canada,CAN,,gcp,northamerica-northeast2,Linux-6.8.0-1032-gcp-x86_64-with-glibc2.35,3.10.12,3.0.4,2,Intel(R) Xeon(R) CPU @ 2.60GHz,,,,,15.61648178100586,machine,Y,1.0
2025-08-08T00:38:26,dask-benchmark,40de8f87-28c1-4fcf-b18e-e853aa2aa892,dask_R6301_81ec5021,1.003146429080516,7.076200084253734e-08,7.054005157292716e-08,0.8,0.0,10.0,1.1157655291673217e-07,0.0,1.3939979330947003e-06,1.5055744860114324e-06,Canada,CAN,,gcp,northamerica-northeast2,Linux-6.8.0-1032-gcp-x86_64-with-glibc2.35,3.10.12,3.0.4,2,Intel(R) Xeon(R) CPU @ 2.60GHz,,,,,15.61648178100586,machine,Y,1.0
2025-08-08T00:38:28,dask-benchmark,38ab03c3-919b-4a3f-8768-0bd8fcee0b78,dask_R6301_81ec5021,1.0029183197766542,7.073486461920193e-08,7.052903833180979e-08,0.8000576,0.0,10.0,1.1154169221052945e-07,0.0,1.393455427346958e-06,1.5049971195574877e-06,Canada,CAN,,gcp,northamerica-northeast2,Linux-6.8.0-1032-gcp-x86_64-with-glibc2.35,3.10.12,3.0.4,2,Intel(R) Xeon(R) CPU @ 2.60GHz,,,,,15.61648178100586,machine,Y,1.0
2025-08-08T00:38:30,dask-benchmark,5f29cf71-058a-44f3-a69c-fc18e7b8cef7,dask_R6301_81ec5021,1.0034720599651337,7.082432726144583e-08,7.057927179746957e-08,0.8,0.0,10.0,1.116673962937461e-07,0.0,1.3952331837370165e-06,1.5069005800307625e-06,Canada,CAN,,gcp,northamerica-northeast2,Linux-6.8.0-1032-gcp-x86_64-with-glibc2.35,3.10.12,3.0.4,2,Intel(R) Xeon(R) CPU @ 2.60GHz,,,,,15.61648178100586,machine,Y,1.0
2025-08-08T00:38:32,dask-benchmark,1a9fd4cb-5e04-4f3e-a7e4-4865007112ec,dask_R6301_81ec5021,1.003306431695819,7.078098507194469e-08,7.054772384176639e-08,0.8,0.0,10.0,1.1161937047210005e-07,0.0,1.394359035313957e-06,1.5059784057860571e-06,Canada,CAN,,gcp,northamerica-northeast2,Linux-6.8.0-1032-gcp-x86_64-with-glibc2.35,3.10.12,3.0.4,2,Intel(R) Xeon(R) CPU @ 2.60GHz,,,,,15.61648178100586,machine,Y,1.0
2025-08-08T00:38:34,dask-benchmark,04071dae-60c9-4fb5-8ced-73d32a6e481b,dask_R6301_81ec5021,1.0034759719856083,7.081038924239369e-08,7.056510690762134e-08,0.8,0.0,10.0,1.1165494782229265e-07,0.0,1.3949490786116155e-06,1.5066040264339084e-06,Canada,CAN,,gcp,northamerica-northeast2,Linux-6.8.0-1032-gcp-x86_64-with-glibc2.35,3.10.12,3.0.4,2,Intel(R) Xeon(R) CPU @ 2.60GHz,,,,,15.61648178100586,machine,Y,1.0
2025-08-08T00:38:36,dask-benchmark,3dc48391-22ba-4cc2-b62c-90f72674462d,dask_R6301_81ec5021,1.003639082890004,7.083239407676999e-08,7.057556375027399e-08,0.8,0.0,10.0,1.1169667024579316e-07,0.0,1.395375544153568e-06,1.5070722143993612e-06,Canada,CAN,,gcp,northamerica-northeast2,Linux-6.8.0-1032-gcp-x86_64-with-glibc2.35,3.10.12,3.0.4,2,Intel(R) Xeon(R) CPU @ 2.60GHz,,,,,15.61648178100586,machine,Y,1.0
2025-08-08T00:38:39,dask-benchmark,d6c92b0e-a085-48d3-a637-568e0a54ac8e,dask_R6301_81ec5021,1.003189176786691,7.07763714618567e-08,7.055137066825228e-08,0.8,0.0,10.0,1.1159334466275245e-07,0.0,1.394286899206539e-06,1.5058802438692911e-06,Canada,CAN,,gcp,northamerica-northeast2,Linux-6.8.0-1032-gcp-x86_64-with-glibc2.35,3.10.12,3.0.4,2,Intel(R) Xeon(R) CPU @ 2.60GHz,,,,,15.61648178100586,machine,Y,1.0
2025-08-08T00:38:41,dask-benchmark,29f1a990-114d-4658-80ce-e79071da1c16,dask_R6301_81ec5021,1.0031881290487945,7.076622006302285e-08,7.054132521496457e-08,0.8,0.0,10.0,1.1160121506286993e-07,0.0,1.3940630415971908e-06,1.5056642566600608e-06,Canada,CAN,,gcp,northamerica-northeast2,Linux-6.8.0-1032-gcp-x86_64-with-glibc2.35,3.10.12,3.0.4,2,Intel(R) Xeon(R) CPU @ 2.60GHz,,,,,15.61648178100586,machine,Y,1.0
2025-08-08T00:38:43,dask-benchmark,71a7db64-e0a8-4152-93a7-fb002062a00d,dask_R6301_81ec5021,1.0031084488146007,7.076693559296907e-08,7.054764185925878e-08,0.8000072,0.0,10.0,1.1157816174646157e-07,0.0,1.3941013189550077e-06,1.5056794807014692e-06,Canada,CAN,,gcp,northamerica-northeast2,Linux-6.8.0-1032-gcp-x86_64-with-glibc2.35,3.10.12,3.0.4,2,Intel(R) Xeon(R) CPU @ 2.60GHz,,,,,15.61648178100586,machine,Y,1.0
2025-08-08T00:38:45,dask-benchmark,6c28f982-576d-439f-b9fc-6a9e5782fc91,dask_R6301_81ec5021,1.0031675416976211,7.07638469115417e-08,7.054040723027263e-08,0.8,0.0,10.0,1.115824728169375e-07,0.0,1.394031291258418e-06,1.5056137640753554e-06,Canada,CAN,,gcp,northamerica-northeast2,Linux-6.8.0-1032-gcp-x86_64-with-glibc2.35,3.10.12,3.0.4,2,Intel(R) Xeon(R) CPU @ 2.60GHz,,,,,15.61648178100586,machine,Y,1.0
2025-08-08T00:38:47,dask-benchmark,f2c55668-0ce3-44ec-a11d-e366b334274e,dask_R6301_81ec5021,1.002850275952369,7.073002988229404e-08,7.052900276177756e-08,0.8,0.0,10.0,1.115172389480803e-07,0.0,1.3933770138666862e-06,1.5048942528147666e-06,Canada,CAN,,gcp,northamerica-northeast2,Linux-6.8.0-1032-gcp-x86_64-with-glibc2.35,3.10.12,3.0.4,2,Intel(R) Xeon(R) CPU @ 2.60GHz,,,,,15.61648178100586,machine,Y,1.0
2025-08-08T00:38:49,dask-benchmark,3523cbdc-8868-40d5-95d4-275ed4254820,dask_R6301_81ec5021,1.0032089659944177,7.077828663737619e-08,7.055188802785285e-08,0.8,0.0,10.0,1.1160221985644765e-07,0.0,1.3943187724281517e-06,1.5059209922845994e-06,Canada,CAN,,gcp,northamerica-northeast2,Linux-6.8.0-1032-gcp-x86_64-with-glibc2.35,3.10.12,3.0.4,2,Intel(R) Xeon(R) CPU @ 2.60GHz,,,,,15.61648178100586,machine,Y,1.0
2025-08-08T00:38:51,dask-benchmark,ec62c655-e0ab-47d1-9593-aa3e0e0f04e8,dask_R6301_81ec5021,1.0033051590435207,7.079859087466159e-08,7.056536113315306e-08,0.8,0.0,10.0,1.1162388935271237e-07,0.0,1.3947291079805128e-06,1.5063529973332253e-06,Canada,CAN,,gcp,northamerica-northeast2,Linux-6.8.0-1032-gcp-x86_64-with-glibc2.35,3.10.12,3.0.4,2,Intel(R) Xeon(R) CPU @ 2.60GHz,,,,,15.61648178100586,machine,Y,1.0
2025-08-08T00:38:54,dask-benchmark,f30d9fd1-2262-4bf5-b8d8-54d811455638,dask_R6301_81ec5021,1.0030446872115135,7.07530657942407e-08,7.053829873815071e-08,0.8,0.0,10.0,1.1156173981726173e-07,0.0,1.393822638783604e-06,1.5053843786008658e-06,Canada,CAN,,gcp,northamerica-northeast2,Linux-6.8.0-1032-gcp-x86_64-with-glibc2.35,3.10.12,3.0.4,2,Intel(R) Xeon(R) CPU @ 2.60GHz,,,,,15.61648178100586,machine,Y,1.0
2025-08-08T00:38:56,dask-benchmark,e2b3baf4-7081-495c-b04e-472c0eaf7cc7,dask_R6301_81ec5021,1.0032047210261226,7.075909182496577e-08,7.053305306676608e-08,0.8,0.0,10.0,1.1158413170940349e-07,0.0,1.3939284603111444e-06,1.505512592020548e-06,Canada,CAN,,gcp,northamerica-northeast2,Linux-6.8.0-1032-gcp-x86_64-with-glibc2.35,3.10.12,3.0.4,2,Intel(R) Xeon(R) CPU @ 2.60GHz,,,,,15.61648178100586,machine,Y,1.0
2025-08-08T00:38:58,dask-benchmark,aa486570-2e90-4771-98d0-d4aae62b2a46,dask_R6301_81ec5021,1.0028218333609402,7.071989629872972e-08,7.05208980758957e-08,0.8,0.0,10.0,1.1150698870834377e-07,0.0,1.39317165594548e-06,1.504678644653824e-06,Canada,CAN,,gcp,northamerica-northeast2,Linux-6.8.0-1032-gcp-x86_64-with-glibc2.35,3.10.12,3.0.4,2,Intel(R) Xeon(R) CPU @ 2.60GHz,,,,,15.61648178100586,machine,Y,1.0
2025-08-08T00:39:00,dask-benchmark,b2918be4-2946-49ee-81fa-b0c9475c1d07,dask_R6301_81ec5021,1.003223710693419,7.07647009720612e-08,7.053730909444842e-08,0.8,0.0,10.0,1.1159063906719288e-07,0.0,1.3940412965085772e-06,1.5056319355757702e-06,Canada,CAN,,gcp,northamerica-northeast2,Linux-6.8.0-1032-gcp-x86_64-with-glibc2.35,3.10.12,3.0.4,2,Intel(R) Xeon(R) CPU @ 2.60GHz,,,,,15.61648178100586,machine,Y,1.0
2025-08-08T00:39:02,dask-benchmark,e364d65a-b694-436d-9ba1-2cb14ff3dfe5,dask_R6301_81ec5021,1.0031380280852318,7.076179247975559e-08,7.054043461478991e-08,0.8,0.0,10.0,1.1157790292054417e-07,0.0,1.3939921498402128e-06,1.505570052760757e-06,Canada,CAN,,gcp,northamerica-northeast2,Linux-6.8.0-1032-gcp-x86_64-with-glibc2.35,3.10.12,3.0.4,2,Intel(R) Xeon(R) CPU @ 2.60GHz,,,,,15.61648178100586,machine,Y,1.0
2025-08-08T00:39:04,dask-benchmark,a7f6ae7a-daa1-42d5-bc9b-93f14f16e33b,dask_R6301_81ec5021,1.0026010177098217,7.07236573584378e-08,7.05401810981475e-08,0.8,0.0,10.0,1.1150601464841104e-07,0.0,1.3932526525523928e-06,1.5047586672008038e-06,Canada,CAN,,gcp,northamerica-northeast2,Linux-6.8.0-1032-gcp-x86_64-with-glibc2.35,3.10.12,3.0.4,2,Intel(R) Xeon(R) CPU @ 2.60GHz,,,,,15.61648178100586,machine,Y,1.0
2025-08-08T00:39:07,dask-benchmark,62f650fb-c736-4475-993d-094f219cc4e9,dask_R6301_81ec5021,1.0034767990000546,7.082265149289743e-08,7.05772685162934e-08,0.8,0.0,10.0,1.1166246235370637e-07,0.0,1.39520246302709e-06,1.5068649253807964e-06,Canada,CAN,,gcp,northamerica-northeast2,Linux-6.8.0-1032-gcp-x86_64-with-glibc2.35,3.10.12,3.0.4,2,Intel(R) Xeon(R) CPU @ 2.60GHz,,,,,15.61648178100586,machine,Y,1.0
2025-08-08T00:39:09,dask-benchmark,7da1f0a6-65e3-46e6-9ca0-7802b82f0f2a,dask_R6301_81ec5021,1.0034966808743775,7.081696980803584e-08,7.057020831033625e-08,0.8,0.0,10.0,1.1166231106552816e-07,0.0,1.3950817274033197e-06,1.5067440384688478e-06,Canada,CAN,,gcp,northamerica-northeast2,Linux-6.8.0-1032-gcp-x86_64-with-glibc2.35,3.10.12,3.0.4,2,Intel(R) Xeon(R) CPU @ 2.60GHz,,,,,15.61648178100586,machine,Y,1.0
2025-08-08T00:39:11,dask-benchmark,66c2cbfb-da6d-4930-8396-093658065c39,dask_R6301_81ec5021,1.003529633861035,7.082338740019543e-08,7.057428601057412e-08,0.8,0.0,10.0,1.116795919628607e-07,0.0,1.3952009910200204e-06,1.5068805829828811e-06,Canada,CAN,,gcp,northamerica-northeast2,Linux-6.8.0-1032-gcp-x86_64-with-glibc2.35,3.10.12,3.0.4,2,Intel(R) Xeon(R) CPU @ 2.60GHz,,,,,15.61648178100586,machine,Y,1.0
2025-08-08T00:39:13,dask-benchmark,ec7c3068-f914-496b-b915-f21aa4a298e0,dask_R6301_81ec5021,1.0033660447224977,7.080965265662721e-08,7.057210379907878e-08,0.8,0.0,10.0,1.1164959147572518e-07,0.0,1.3949387629205984e-06,1.5065883543963235e-06,Canada,CAN,,gcp,northamerica-northeast2,Linux-6.8.0-1032-gcp-x86_64-with-glibc2.35,3.10.12,3.0.4,2,Intel(R) Xeon(R) CPU @ 2.60GHz,,,,,15.61648178100586,machine,Y,1.0
2025-08-08T00:39:15,dask-benchmark,c48bf26c-4bed-4bb7-9688-aedc3adf073e,dask_R6301_81ec5021,1.0029635545797646,7.078593702381477e-08,7.057677888751764e-08,0.8,0.0,10.0,1.1160865084578597e-07,0.0,1.3944751156183582e-06,1.506083766464144e-06,Canada,CAN,,gcp,northamerica-northeast2,Linux-6.8.0-1032-gcp-x86_64-with-glibc2.35,3.10.12,3.0.4,2,Intel(R) Xeon(R) CPU @ 2.60GHz,,,,,15.61648178100586,machine,Y,1.0
2025-08-08T00:39:17,dask-benchmark,157e3485-10a2-483c-abc4-d50489cd4d8b,dask_R6301_81ec5021,1.003305375110358,7.078390064561329e-08,7.055070410424885e-08,0.8,0.0,10.0,1.1161009439577661e-07,0.0,1.3944303448725906e-06,1.5060404392683673e-06,Canada,CAN,,gcp,northamerica-northeast2,Linux-6.8.0-1032-gcp-x86_64-with-glibc2.35,3.10.12,3.0.4,2,Intel(R) Xeon(R) CPU @ 2.60GHz,,,,,15.61648178100586,machine,Y,1.0
2025-08-08T00:39:19,dask-benchmark,47038f7e-1952-44bb-9e0c-fa8c9f97199d,dask_R6301_81ec5021,1.0030660452321172,7.075310314648474e-08,7.053683402284037e-08,0.8,0.0,10.0,1.1156378665732013e-07,0.0,1.3938213866721426e-06,1.5053851733294627e-06,Canada,CAN,,gcp,northamerica-northeast2,Linux-6.8.0-1032-gcp-x86_64-with-glibc2.35,3.10.12,3.0.4,2,Intel(R) Xeon(R) CPU @ 2.60GHz,,,,,15.61648178100586,machine,Y,1.0
2025-08-08T00:39:22,dask-benchmark,95459f65-b024-4806-b0f6-4c736e83f7dc,dask_R6301_81ec5021,1.0030153449624777,7.075379964181535e-08,7.05410939096472e-08,0.8,0.0,10.0,1.1156230109433337e-07,0.0,1.393837691284716e-06,1.5053999923790494e-06,Canada,CAN,,gcp,northamerica-northeast2,Linux-6.8.0-1032-gcp-x86_64-with-glibc2.35,3.10.12,3.0.4,2,Intel(R) Xeon(R) CPU @ 2.60GHz,,,,,15.61648178100586,machine,Y,1.0
2025-08-08T00:39:24,dask-benchmark,3bf20b8d-969a-41dd-ba22-880c14d6b341,dask_R6301_81ec5021,1.0027958881109953,7.072429564652139e-08,7.052710973889952e-08,0.8,0.0,10.0,1.1151061445060705e-07,0.0,1.39326163334772e-06,1.5047722477983269e-06,Canada,CAN,,gcp,northamerica-northeast2,Linux-6.8.0-1032-gcp-x86_64-with-glibc2.35,3.10.12,3.0.4,2,Intel(R) Xeon(R) CPU @ 2.60GHz,,,,,15.61648178100586,machine,Y,1.0
2025-08-08T00:39:26,dask-benchmark,f9ad3fe0-5bc8-4ffc-926e-14bb9fac1bbf,dask_R6301_81ec5021,1.0032707741484046,7.078514775825251e-08,7.05543803150613e-08,0.8,0.0,10.0,1.116201675807437e-07,0.0,1.394446805999097e-06,1.5060669735798409e-06,Canada,CAN,,gcp,northamerica-northeast2,Linux-6.8.0-1032-gcp-x86_64-with-glibc2.35,3.10.12,3.0.4,2,Intel(R) Xeon(R) CPU @ 2.60GHz,,,,,15.61648178100586,machine,Y,1.0
2025-08-08T00:39:28,dask-benchmark,989a7292-3c60-4da9-982a-26b3a02f343b,dask_R6301_81ec5021,1.0030866372399032,7.076754020221739e-08,7.054977862823655e-08,0.8,0.0,10.0,1.115808277908299e-07,0.0,1.3941115169371996e-06,1.5056923447280297e-06,Canada,CAN,,gcp,northamerica-northeast2,Linux-6.8.0-1032-gcp-x86_64-with-glibc2.35,3.10.12,3.0.4,2,Intel(R) Xeon(R) CPU @ 2.60GHz,,,,,15.61648178100586,machine,Y,1.0
2025-08-08T00:39:30,dask-benchmark,5a4b3cda-1f11-4592-81e9-0f4eaee2983f,dask_R6301_81ec5021,1.002889218274504,7.07375565199699e-08,7.053376906541644e-08,0.8,0.0,10.0,1.1152505978114085e-07,0.0,1.3935293342607716e-06,1.5050543940419124e-06,Canada,CAN,,gcp,northamerica-northeast2,Linux-6.8.0-1032-gcp-x86_64-with-glibc2.35,3.10.12,3.0.4,2,Intel(R) Xeon(R) CPU @ 2.60GHz,,,,,15.61648178100586,machine,Y,1.0
2025-08-08T00:39:32,dask-benchmark,3f63aef9-40b2-4558-9e57-88c9eb8c56a5,dask_R6301_81ec5021,1.0029348889365792,7.07512684332988e-08,7.054422895619575e-08,0.8000072,0.0,10.0,1.1155127349737837e-07,0.0,1.3937948633813196e-06,1.505346136878698e-06,Canada,CAN,,gcp,northamerica-northeast2,Linux-6.8.0-1032-gcp-x86_64-with-glibc2.35,3.10.12,3.0.4,2,Intel(R) Xeon(R) CPU @ 2.60GHz,,,,,15.61648178100586,machine,Y,1.0
2025-08-08T00:39:34,dask-benchmark,b6d39760-9952-4c40-a60b-82350ca595e8,dask_R6301_81ec5021,1.002773615065962,7.072032882604335e-08,7.052472039902186e-08,0.8,0.0,10.0,1.115014273673296e-07,0.0,1.3931864199952949e-06,1.5046878473626244e-06,Canada,CAN,,gcp,northamerica-northeast2,Linux-6.8.0-1032-gcp-x86_64-with-glibc2.35,3.10.12,3.0.4,2,Intel(R) Xeon(R) CPU @ 2.60GHz,,,,,15.61648178100586,machine,Y,1.0
2025-08-08T00:39:37,dask-benchmark,7e00f78d-1100-4238-a128-d4977ad076c7,dask_R6301_81ec5021,1.0030760779045522,7.07545875504406e-08,7.053760837188788e-08,0.8,0.0,10.0,1.1156732268217537e-07,0.0,1.3938494337101778e-06,1.505416756392353e-06,Canada,CAN,,gcp,northamerica-northeast2,Linux-6.8.0-1032-gcp-x86_64-with-glibc2.35,3.10.12,3.0.4,2,Intel(R) Xeon(R) CPU @ 2.60GHz,,,,,15.61648178100586,machine,Y,1.0
2025-08-08T00:39:39,dask-benchmark,2582a2b4-d6d4-4425-bea6-bb6733018f3e,dask_R6301_81ec5021,1.003111861180514,7.075828506269803e-08,7.05387781771676e-08,0.8,0.0,10.0,1.1158116534352305e-07,0.0,1.3939142615223926e-06,1.5054954268659156e-06,Canada,CAN,,gcp,northamerica-northeast2,Linux-6.8.0-1032-gcp-x86_64-with-glibc2.35,3.10.12,3.0.4,2,Intel(R) Xeon(R) CPU @ 2.60GHz,,,,,15.61648178100586,machine,Y,1.0
2025-08-08T00:39:41,dask-benchmark,4c593e60-a3d6-400a-a41c-5b35cc4e2a39,dask_R6301_81ec5021,1.0029085264541209,7.072349286752028e-08,7.051838826973579e-08,0.8,0.0,10.0,1.115293860849407e-07,0.0,1.3932257813091078e-06,1.5047551673940485e-06,Canada,CAN,,gcp,northamerica-northeast2,Linux-6.8.0-1032-gcp-x86_64-with-glibc2.35,3.10.12,3.0.4,2,Intel(R) Xeon(R) CPU @ 2.60GHz,,,,,15.61648178100586,machine,Y,1.0
2025-08-08T00:39:43,dask-benchmark,e5cd431d-c30c-437e-9db2-8d5ddc2a153f,dask_R6301_81ec5021,1.003347362857312,7.080518882271525e-08,7.056896887741618e-08,0.8,0.0,10.0,1.1163532444172436e-07,0.0,1.3948580547649828e-06,1.5064933792067073e-06,Canada,CAN,,gcp,northamerica-northeast2,Linux-6.8.0-1032-gcp-x86_64-with-glibc2.35,3.10.12,3.0.4,2,Intel(R) Xeon(R) CPU @ 2.60GHz,,,,,15.61648178100586,machine,Y,1.0
2025-08-08T00:39:45,dask-benchmark,f4b0229f-859d-4e5f-8b12-d584c5d352c6,dask_R6301_81ec5021,1.0034159608185291,7.080897646914754e-08,7.056791922203993e-08,0.8,0.0,10.0,1.11641312431958e-07,0.0,1.394932654996713e-06,1.5065739674286711e-06,Canada,CAN,,gcp,northamerica-northeast2,Linux-6.8.0-1032-gcp-x86_64-with-glibc2.35,3.10.12,3.0.4,2,Intel(R) Xeon(R) CPU @ 2.60GHz,,,,,15.61648178100586,machine,Y,1.0
2025-08-08T00:39:47,dask-benchmark,3200df11-1a71-447e-844e-40428a786779,dask_R6301_81ec5021,1.003352674189955,7.07980468961307e-08,7.0561477252541e-08,0.8,0.0,10.0,1.116296288867793e-07,0.0,1.3947117944351502e-06,1.5063414233219294e-06,Canada,CAN,,gcp,northamerica-northeast2,Linux-6.8.0-1032-gcp-x86_64-with-glibc2.35,3.10.12,3.0.4,2,Intel(R) Xeon(R) CPU @ 2.60GHz,,,,,15.61648178100586,machine,Y,1.0
2025-08-08T00:39:50,dask-benchmark,ee5ed171-2083-4c63-b289-2103f9d7c699,dask_R6301_81ec5021,1.0035027679987252,7.08055242196036e-08,7.055837460300214e-08,0.8,0.0,10.0,1.116538459642066e-07,0.0,1.3948466693465082e-06,1.5065005153107147e-06,Canada,CAN,,gcp,northamerica-northeast2,Linux-6.8.0-1032-gcp-x86_64-with-glibc2.35,3.10.12,3.0.4,2,Intel(R) Xeon(R) CPU @ 2.60GHz,,,,,15.61648178100586,machine,Y,1.0
2025-08-08T00:39:52,dask-benchmark,eb756b24-d3ed-459d-bf0c-8974efd293e0,dask_R6301_81ec5021,1.0032060290686786,7.077769019061493e-08,7.05515000306777e-08,0.8,0.0,10.0,1.1159904580563308e-07,0.0,1.3943092561223442e-06,1.505908301927977e-06,Canada,CAN,,gcp,northamerica-northeast2,Linux-6.8.0-1032-gcp-x86_64-with-glibc2.35,3.10.12,3.0.4,2,Intel(R) Xeon(R) CPU @ 2.60GHz,,,,,15.61648178100586,machine,Y,1.0
2025-08-08T00:39:54,dask-benchmark,b2711f16-4524-4c40-ba2c-f280d830f458,dask_R6301_81ec5021,1.0032152207568288,7.077807696872495e-08,7.05512391601572e-08,0.8,0.0,10.0,1.115979011067086e-07,0.0,1.3943186301427585e-06,1.5059165312494669e-06,Canada,CAN,,gcp,northamerica-northeast2,Linux-6.8.0-1032-gcp-x86_64-with-glibc2.35,3.10.12,3.0.4,2,Intel(R) Xeon(R) CPU @ 2.60GHz,,,,,15.61648178100586,machine,Y,1.0
2025-08-08T00:39:56,dask-benchmark,56258f04-b25c-4fc9-ae4d-dde7bc61298e,dask_R6301_81ec5021,1.0030133090913296,7.07523262392626e-08,7.053976811470229e-08,0.8,0.0,10.0,1.1155873268014856e-07,0.0,1.3938099107084175e-06,1.505368643388566e-06,Canada,CAN,,gcp,northamerica-northeast2,Linux-6.8.0-1032-gcp-x86_64-with-glibc2.35,3.10.12,3.0.4,2,Intel(R) Xeon(R) CPU @ 2.60GHz,,,,,15.61648178100586,machine,Y,1.0
2025-08-08T00:39:58,dask-benchmark,7b3f6539-ff57-4a9d-b9ae-52d917875b7b,dask_R6301_81ec5021,1.003102496266365,7.076907496361268e-08,7.055019325245562e-08,0.8,0.0,10.0,1.1158201781411965e-07,0.0,1.3941429814116822e-06,1.5057249992258018e-06,Canada,CAN,,gcp,northamerica-northeast2,Linux-6.8.0-1032-gcp-x86_64-with-glibc2.35,3.10.12,3.0.4,2,Intel(R) Xeon(R) CPU @ 2.60GHz,,,,,15.61648178100586,machine,Y,1.0
2025-08-08T00:40:00,dask-benchmark,f201f04f-9111-41e6-9bf9-17466189515f,dask_R6301_81ec5021,1.002734932117164,7.07135581870874e-08,7.052068889011727e-08,0.8,0.0,10.0,1.1149883911841445e-07,0.0,1.3930449520962107e-06,1.5045437912146251e-06,Canada,CAN,,gcp,northamerica-northeast2,Linux-6.8.0-1032-gcp-x86_64-with-glibc2.35,3.10.12,3.0.4,2,Intel(R) Xeon(R) CPU @ 2.60GHz,,,,,15.61648178100586,machine,Y,1.0
2025-08-08T00:40:02,dask-benchmark,b4e3d5c0-022a-4be3-9dc1-40fa052a1a4d,dask_R6301_81ec5021,1.0031888508237898,7.078342742478061e-08,7.055842712631355e-08,0.8,0.0,10.0,1.1160422975404397e-07,0.0,1.3944261409859691e-06,1.506030370740013e-06,Canada,CAN,,gcp,northamerica-northeast2,Linux-6.8.0-1032-gcp-x86_64-with-glibc2.35,3.10.12,3.0.4,2,Intel(R) Xeon(R) CPU @ 2.60GHz,,,,,15.61648178100586,machine,Y,1.0
2025-08-08T00:40:05,dask-benchmark,fb548c57-bd7f-489d-bc31-80cff65213fe,dask_R6301_81ec5021,1.0032136589288712,7.07818392418946e-08,7.055509921731747e-08,0.8,0.0,10.0,1.1159985419362785e-07,0.0,1.3943967254211507e-06,1.5059965796147789e-06,Canada,CAN,,gcp,northamerica-northeast2,Linux-6.8.0-1032-gcp-x86_64-with-glibc2.35,3.10.12,3.0.4,2,Intel(R) Xeon(R) CPU @ 2.60GHz,,,,,15.61648178100586,machine,Y,1.0
2025-08-08T00:40:07,dask-benchmark,48bc6294-f7d5-49d9-b40b-53cb59f1526f,dask_R6301_81ec5021,1.002891201991588,7.074528963092921e-08,7.054134036717037e-08,0.8,0.0,10.0,1.1154857888403868e-07,0.0,1.3936703494336042e-06,1.505218928317643e-06,Canada,CAN,,gcp,northamerica-northeast2,Linux-6.8.0-1032-gcp-x86_64-with-glibc2.35,3.10.12,3.0.4,2,Intel(R) Xeon(R) CPU @ 2.60GHz,,,,,15.61648178100586,machine,Y,1.0
2025-08-08T00:40:09,dask-benchmark,5c39f6ce-453b-473c-8823-efcaa3a99914,dask_R6301_81ec5021,1.0030355639755726,7.075023377433214e-08,7.053611687895758e-08,0.8,0.0,10.0,1.1156207954304085e-07,0.0,1.3937620433150894e-06,1.5053241228581302e-06,Canada,CAN,,gcp,northamerica-northeast2,Linux-6.8.0-1032-gcp-x86_64-with-glibc2.35,3.10.12,3.0.4,2,Intel(R) Xeon(R) CPU @ 2.60GHz,,,,,15.61648178100586,machine,Y,1.0
2025-08-08T00:40:11,dask-benchmark,563f0649-0beb-4cfd-9639-b00280c767fc,dask_R6301_81ec5021,1.0027379202656448,7.071622382658017e-08,7.052313710031637e-08,0.8,0.0,10.0,1.1149555310193037e-07,0.0,1.3931049538465835e-06,1.5046005069485142e-06,Canada,CAN,,gcp,northamerica-northeast2,Linux-6.8.0-1032-gcp-x86_64-with-glibc2.35,3.10.12,3.0.4,2,Intel(R) Xeon(R) CPU @ 2.60GHz,,,,,15.61648178100586,machine,Y,1.0
2025-08-08T00:40:13,dask-benchmark,c0021735-1738-4909-9dc0-3bd4d820fe90,dask_R6301_81ec5021,1.0028138672932982,7.072048798891612e-08,7.052204830373785e-08,0.8,0.0,10.0,1.1152038112696677e-07,0.0,1.3931708526797592e-06,1.504691233806726e-06,Canada,CAN,,gcp,northamerica-northeast2,Linux-6.8.0-1032-gcp-x86_64-with-glibc2.35,3.10.12,3.0.4,2,Intel(R) Xeon(R) CPU @ 2.60GHz,,,,,15.61648178100586,machine,Y,1.0
2025-08-08T00:40:15,dask-benchmark,1a8d1b69-4189-49f4-bd50-0adf375bd322,dask_R6301_81ec5021,1.0030177049338818,7.075119227279599e-08,7.053832841112196e-08,0.8,0.0,10.0,1.115574671162501e-07,0.0,1.3937870493262178e-06,1.5053445164424677e-06,Canada,CAN,,gcp,northamerica-northeast2,Linux-6.8.0-1032-gcp-x86_64-with-glibc2.35,3.10.12,3.0.4,2,Intel(R) Xeon(R) CPU @ 2.60GHz,,,,,15.61648178100586,machine,Y,1.0
2025-08-08T00:40:18,dask-benchmark,9d65762e-6a30-4af1-a231-5c13319e0d63,dask_R6301_81ec5021,1.0027632750570774,7.071105232570941e-08,7.051619667830829e-08,0.8,0.0,10.0,1.1150261687321796e-07,0.0,1.392987858141876e-06,1.504490475015094e-06,Canada,CAN,,gcp,northamerica-northeast2,Linux-6.8.0-1032-gcp-x86_64-with-glibc2.35,3.10.12,3.0.4,2,Intel(R) Xeon(R) CPU @ 2.60GHz,,,,,15.61648178100586,machine,Y,1.0
2025-08-08T00:40:20,dask-benchmark,3946dafa-60fa-4a68-8a95-ce2265522868,dask_R6301_81ec5021,1.0035208370536566,7.082770137525062e-08,7.057920350034901e-08,0.8,0.0,10.0,1.1167039484199553e-07,0.0,1.3953019748441875e-06,1.506972369686183e-06,Canada,CAN,,gcp,northamerica-northeast2,Linux-6.8.0-1032-gcp-x86_64-with-glibc2.35,3.10.12,3.0.4,2,Intel(R) Xeon(R) CPU @ 2.60GHz,,,,,15.61648178100586,machine,Y,1.0
2025-08-08T00:40:22,dask-benchmark,b04fdbc5-aaef-4ca0-adfd-509b32cd61d1,dask_R6301_81ec5021,1.0031718108803034,8.048240355964782e-08,8.022793572022613e-08,2.2787288,0.0,10.0,3.1788759529626466e-07,0.0,1.3945039698026248e-06,1.7123915650988895e-06,Canada,CAN,,gcp,northamerica-northeast2,Linux-6.8.0-1032-gcp-x86_64-with-glibc2.35,3.10.12,3.0.4,2,Intel(R) Xeon(R) CPU @ 2.60GHz,,,,,15.61648178100586,machine,Y,1.0
2025-08-08T00:40:24,dask-benchmark,de8f15c3-47f9-48fe-a827-01704d28ef7a,dask_R6301_81ec5021,1.0032383752986789,7.092659635072888e-08,7.069765082462378e-08,0.8197568000000001,0.0,10.0,1.1437235921707257e-07,0.0,1.3947041588835418e-06,1.5090765181006142e-06,Canada,CAN,,gcp,northamerica-northeast2,Linux-6.8.0-1032-gcp-x86_64-with-glibc2.35,3.10.12,3.0.4,2,Intel(R) Xeon(R) CPU @ 2.60GHz,,,,,15.61648178100586,machine,Y,1.0
2025-08-08T00:40:26,dask-benchmark,c058f2b1-86ab-4d79-b61b-ea62a45ab5e2,dask_R6301_81ec5021,1.003450551070273,7.081115526493845e-08,7.056765795724743e-08,0.8,0.0,10.0,1.1165447460694446e-07,0.0,1.3949658501789802e-06,1.5066203247859243e-06,Canada,CAN,,gcp,northamerica-northeast2,Linux-6.8.0-1032-gcp-x86_64-with-glibc2.35,3.10.12,3.0.4,2,Intel(R) Xeon(R) CPU @ 2.60GHz,,,,,15.61648178100586,machine,Y,1.0
2025-08-08T00:40:28,dask-benchmark,fd4b2ffb-7949-4ddb-a46a-7ae61653a411,dask_R6301_81ec5021,1.0031152730807662,7.077426834083682e-08,7.055447189381832e-08,0.8,0.0,10.0,1.115865306928754e-07,0.0,1.3942489659206736e-06,1.505835496613549e-06,Canada,CAN,,gcp,northamerica-northeast2,Linux-6.8.0-1032-gcp-x86_64-with-glibc2.35,3.10.12,3.0.4,2,Intel(R) Xeon(R) CPU @ 2.60GHz,,,,,15.61648178100586,machine,Y,1.0
2025-08-08T00:40:31,dask-benchmark,c8a859ce-06c0-440b-803f-37aa2ddaabc1,dask_R6301_81ec5021,1.0031629209406674,7.077456331656628e-08,7.055141476939842e-08,0.8,0.0,10.0,1.1159318706227676e-07,0.0,1.3942485856306225e-06,1.505841772692899e-06,Canada,CAN,,gcp,northamerica-northeast2,Linux-6.8.0-1032-gcp-x86_64-with-glibc2.35,3.10.12,3.0.4,2,Intel(R) Xeon(R) CPU @ 2.60GHz,,,,,15.61648178100586,machine,Y,1.0
2025-08-08T00:40:33,dask-benchmark,4fd06854-64b8-4448-93c4-53b94acdc5d1,dask_R6301_81ec5021,1.0029679359868169,7.07477070000145e-08,7.053835368167184e-08,0.8000072,0.0,10.0,1.1154801083807525e-07,0.0,1.3937223508643608e-06,1.505270361702436e-06,Canada,CAN,,gcp,northamerica-northeast2,Linux-6.8.0-1032-gcp-x86_64-with-glibc2.35,3.10.12,3.0.4,2,Intel(R) Xeon(R) CPU @ 2.60GHz,,,,,15.61648178100586,machine,Y,1.0
2025-08-08T00:40:35,dask-benchmark,7c00646f-5932-42e9-9316-56c405c3b243,dask_R6301_81ec5021,1.0029406170360744,7.074732905129595e-08,7.053989822485296e-08,0.8,0.0,10.0,1.1155454845478137e-07,0.0,1.3937077717855574e-06,1.5052623202403387e-06,Canada,CAN,,gcp,northamerica-northeast2,Linux-6.8.0-1032-gcp-x86_64-with-glibc2.35,3.10.12,3.0.4,2,Intel(R) Xeon(R) CPU @ 2.60GHz,,,,,15.61648178100586,machine,Y,1.0
2025-08-08T00:40:37,dask-benchmark,64c637bd-173e-40cc-b9b6-2edee61ac268,dask_R6301_81ec5021,1.0027272421866655,7.071213534844637e-08,7.051981074558533e-08,0.8000072,0.0,10.0,1.1148897097474865e-07,0.0,1.3930245470773015e-06,1.5045135180520502e-06,Canada,CAN,,gcp,northamerica-northeast2,Linux-6.8.0-1032-gcp-x86_64-with-glibc2.35,3.10.12,3.0.4,2,Intel(R) Xeon(R) CPU @ 2.60GHz,,,,,15.61648178100586,machine,Y,1.0
2025-08-08T00:40:39,dask-benchmark,4930ab5a-7528-4a08-b998-2a8fea96bb3b,dask_R6301_81ec5021,1.0031925980001688,7.077128787493956e-08,7.0546062656383e-08,0.8,0.0,10.0,1.1158854969673686e-07,0.0,1.3941835327487853e-06,1.5057720824455222e-06,Canada,CAN,,gcp,northamerica-northeast2,Linux-6.8.0-1032-gcp-x86_64-with-glibc2.35,3.10.12,3.0.4,2,Intel(R) Xeon(R) CPU @ 2.60GHz,,,,,15.61648178100586,machine,Y,1.0
2025-08-08T00:40:41,dask-benchmark,c918666f-57a9-4d4b-a622-68fb796a49ba,dask_R6301_81ec5021,1.0032507628202438,7.077745432675715e-08,7.054811912407046e-08,0.8,0.0,10.0,1.1161122326221733e-07,0.0,1.3942920602858066e-06,1.505903283548024e-06,Canada,CAN,,gcp,northamerica-northeast2,Linux-6.8.0-1032-gcp-x86_64-with-glibc2.35,3.10.12,3.0.4,2,Intel(R) Xeon(R) CPU @ 2.60GHz,,,,,15.61648178100586,machine,Y,1.0
2025-08-08T00:40:43,dask-benchmark,af0c2464-974c-4d81-bd98-f1a487194d5c,dask_R6301_81ec5021,1.0029854299500585,7.07513675851644e-08,7.054077304860482e-08,0.8,0.0,10.0,1.1154662714236313e-07,0.0,1.3938016193504965e-06,1.5053482464928596e-06,Canada,CAN,,gcp,northamerica-northeast2,Linux-6.8.0-1032-gcp-x86_64-with-glibc2.35,3.10.12,3.0.4,2,Intel(R) Xeon(R) CPU @ 2.60GHz,,,,,15.61648178100586,machine,Y,1.0
2025-08-08T00:40:46,dask-benchmark,6507a625-269e-4510-9ec8-43a5ed991684,dask_R6301_81ec5021,1.00309550575912,7.07630429506923e-08,7.054467151374626e-08,0.8,0.0,10.0,1.115752949068944e-07,0.0,1.3940213636184734e-06,1.5055966585253675e-06,Canada,CAN,,gcp,northamerica-northeast2,Linux-6.8.0-1032-gcp-x86_64-with-glibc2.35,3.10.12,3.0.4,2,Intel(R) Xeon(R) CPU @ 2.60GHz,,,,,15.61648178100586,machine,Y,1.0
2025-08-08T00:40:48,dask-benchmark,a14ea2a9-b633-4f34-a921-f8a5d1c1ac53,dask_R6301_81ec5021,1.002795608714223,7.071608529741775e-08,7.051894192884367e-08,0.8,0.0,10.0,1.1149873170587753e-07,0.0,1.3930988278136486e-06,1.504597559519526e-06,Canada,CAN,,gcp,northamerica-northeast2,Linux-6.8.0-1032-gcp-x86_64-with-glibc2.35,3.10.12,3.0.4,2,Intel(R) Xeon(R) CPU @ 2.60GHz,,,,,15.61648178100586,machine,Y,1.0
2025-08-08T00:40:50,dask-benchmark,0710e607-7e9e-4e1f-b63b-53a4d56b1b37,dask_R6301_81ec5021,1.0030196970328689,7.0753283431857e-08,7.054027317824288e-08,0.8,0.0,10.0,1.1155786820583873e-07,0.0,1.393831140982608e-06,1.505389009188447e-06,Canada,CAN,,gcp,northamerica-northeast2,Linux-6.8.0-1032-gcp-x86_64-with-glibc2.35,3.10.12,3.0.4,2,Intel(R) Xeon(R) CPU @ 2.60GHz,,,,,15.61648178100586,machine,Y,1.0
2025-08-08T00:40:52,dask-benchmark,922e4a4c-e37a-4564-b45f-5e4f10aec5b8,dask_R6301_81ec5021,1.0029508071020246,7.07514258799557e-08,7.05432663087319e-08,0.8,0.0,10.0,1.1154891778197557e-07,0.0,1.3938005690255926e-06,1.5053494868075682e-06,Canada,CAN,,gcp,northamerica-northeast2,Linux-6.8.0-1032-gcp-x86_64-with-glibc2.35,3.10.12,3.0.4,2,Intel(R) Xeon(R) CPU @ 2.60GHz,,,,,15.61648178100586,machine,Y,1.0
2025-08-08T00:40:54,dask-benchmark,78c5be05-ebea-4773-9589-d45b9db10ea0,dask_R6301_81ec5021,1.0027878489345312,7.071822806872013e-08,7.052162443318268e-08,0.8,0.0,10.0,1.115053143973152e-07,0.0,1.3931378360009856e-06,1.5046431503983007e-06,Canada,CAN,,gcp,northamerica-northeast2,Linux-6.8.0-1032-gcp-x86_64-with-glibc2.35,3.10.12,3.0.4,2,Intel(R) Xeon(R) CPU @ 2.60GHz,,,,,15.61648178100586,machine,Y,1.0
2025-08-08T00:40:56,dask-benchmark,7fcb6b06-9882-49e4-9f3c-68b90067cd2c,dask_R6301_81ec5021,1.0034051132388413,7.080798912969314e-08,7.056769812656782e-08,0.8,0.0,10.0,1.1164503182388017e-07,0.0,1.394907928382357e-06,1.506552960206237e-06,Canada,CAN,,gcp,northamerica-northeast2,Linux-6.8.0-1032-gcp-x86_64-with-glibc2.35,3.10.12,3.0.4,2,Intel(R) Xeon(R) CPU @ 2.60GHz,,,,,15.61648178100586,machine,Y,1.0
2025-08-08T00:40:58,dask-benchmark,a211ebda-e44e-4583-9eba-f62349a62e5e,dask_R6301_81ec5021,1.0035464307293296,7.082426050160496e-08,7.057397478872328e-08,0.8,0.0,10.0,1.1168036868588792e-07,0.0,1.3952187909227278e-06,1.5068991596086158e-06,Canada,CAN,,gcp,northamerica-northeast2,Linux-6.8.0-1032-gcp-x86_64-with-glibc2.35,3.10.12,3.0.4,2,Intel(R) Xeon(R) CPU @ 2.60GHz,,,,,15.61648178100586,machine,Y,1.0
2025-08-08T00:41:01,dask-benchmark,619f646d-9d6b-4ab6-b4e2-2b39eb51dccd,dask_R6301_81ec5021,1.0035942480899394,7.082214085416249e-08,7.056850015726236e-08,0.8,0.0,10.0,1.1168277242945301e-07,0.0,1.395171288297408e-06,1.5068540607268611e-06,Canada,CAN,,gcp,northamerica-northeast2,Linux-6.8.0-1032-gcp-x86_64-with-glibc2.35,3.10.12,3.0.4,2,Intel(R) Xeon(R) CPU @ 2.60GHz,,,,,15.61648178100586,machine,Y,1.0
2025-08-08T00:41:03,dask-benchmark,f584255f-cbf9-49ed-964f-6395431f6811,dask_R6301_81ec5021,1.003666494973004,7.08339446228929e-08,7.057518107625798e-08,0.8,0.0,10.0,1.1170326535486513e-07,0.0,1.3954019393875368e-06,1.507105204742402e-06,Canada,CAN,,gcp,northamerica-northeast2,Linux-6.8.0-1032-gcp-x86_64-with-glibc2.35,3.10.12,3.0.4,2,Intel(R) Xeon(R) CPU @ 2.60GHz,,,,,15.61648178100586,machine,Y,1.0
2025-08-08T00:41:05,dask-benchmark,77846cd2-c2da-43a9-914f-bb5726d148c1,dask_R6301_81ec5021,1.00329820625484,7.079420824540366e-08,7.056148192436993e-08,0.8,0.0,10.0,1.1162357756661044e-07,0.0,1.394636172335595e-06,1.5062597499022054e-06,Canada,CAN,,gcp,northamerica-northeast2,Linux-6.8.0-1032-gcp-x86_64-with-glibc2.35,3.10.12,3.0.4,2,Intel(R) Xeon(R) CPU @ 2.60GHz,,,,,15.61648178100586,machine,Y,1.0
2025-08-08T00:41:07,dask-benchmark,ffcefa1c-204d-410c-a190-3596ec85d2a4,dask_R6301_81ec5021,1.0041295122355225,7.09036708228911e-08,7.061207738535266e-08,0.8,0.0,10.0,1.1179212397999237e-07,0.0,1.3967966169325842e-06,1.5085887409125766e-06,Canada,CAN,,gcp,northamerica-northeast2,Linux-6.8.0-1032-gcp-x86_64-with-glibc2.35,3.10.12,3.0.4,2,Intel(R) Xeon(R) CPU @ 2.60GHz,,,,,15.61648178100586,machine,Y,1.0
2025-08-08T00:41:10,dask-benchmark,85700c15-8078-4184-a6e5-9f91c23c37c4,dask_R6301_81ec5021,1.0033427122980356,7.079561625964318e-08,7.055975529786263e-08,0.8,0.0,10.0,1.116273237599267e-07,0.0,1.394662383892056e-06,1.5062897076519828e-06,Canada,CAN,,gcp,northamerica-northeast2,Linux-6.8.0-1032-gcp-x86_64-with-glibc2.35,3.10.12,3.0.4,2,Intel(R) Xeon(R) CPU @ 2.60GHz,,,,,15.61648178100586,machine,Y,1.0
2025-08-08T00:41:12,dask-benchmark,1547c013-f653-4a78-9720-9e72ae7f12b8,dask_R6301_81ec5021,1.0037335231900215,7.08633393604412e-08,7.059975354337718e-08,0.8,0.0,10.0,1.1172402153412501e-07,0.0,1.396006603156113e-06,1.507730624690238e-06,Canada,CAN,,gcp,northamerica-northeast2,Linux-6.8.0-1032-gcp-x86_64-with-glibc2.35,3.10.12,3.0.4,2,Intel(R) Xeon(R) CPU @ 2.60GHz,,,,,15.61648178100586,machine,Y,1.0
2025-08-08T00:41:14,dask-benchmark,0204f526-53ce-43af-bd70-ffab4420a536,dask_R6301_81ec5021,1.0032302192412317,7.07890855018567e-08,7.056115749323846e-08,0.8,0.0,10.0,1.1161060755451522e-07,0.0,1.3945401478041375e-06,1.5061507553586529e-06,Canada,CAN,,gcp,northamerica-northeast2,Linux-6.8.0-1032-gcp-x86_64-with-glibc2.35,3.10.12,3.0.4,2,Intel(R) Xeon(R) CPU @ 2.60GHz,,,,,15.61648178100586,machine,Y,1.0
2025-08-08T00:41:16,dask-benchmark,76c79949-3e64-429f-9539-c8ceb6a753cc,dask_R6301_81ec5021,1.0039545740000904,7.088612142060369e-08,7.060690120487194e-08,0.8,0.0,10.0,1.1176851133091585e-07,0.0,1.3964468380436302e-06,1.508215349374546e-06,Canada,CAN,,gcp,northamerica-northeast2,Linux-6.8.0-1032-gcp-x86_64-with-glibc2.35,3.10.12,3.0.4,2,Intel(R) Xeon(R) CPU @ 2.60GHz,,,,,15.61648178100586,machine,Y,1.0
2025-08-08T00:41:18,dask-benchmark,d77a4293-e271-4a30-b3ec-bbebb2bf4e77,dask_R6301_81ec5021,1.0034387460909784,7.079316453713303e-08,7.05505590778876e-08,0.8,0.0,10.0,1.1164577181140582e-07,0.0,1.39459177153185e-06,1.506237543343256e-06,Canada,CAN,,gcp,northamerica-northeast2,Linux-6.8.0-1032-gcp-x86_64-with-glibc2.35,3.10.12,3.0.4,2,Intel(R) Xeon(R) CPU @ 2.60GHz,,,,,15.61648178100586,machine,Y,1.0
2025-08-08T00:41:20,dask-benchmark,ed795f0a-2850-4ffa-bd48-c6e3eb320d72,dask_R6301_81ec5021,1.0038456446491182,7.086986440839247e-08,7.059836817159689e-08,0.8,0.0,10.0,1.1174858423570792e-07,0.0,1.396120871262004e-06,1.507869455497712e-06,Canada,CAN,,gcp,northamerica-northeast2,Linux-6.8.0-1032-gcp-x86_64-with-glibc2.35,3.10.12,3.0.4,2,Intel(R) Xeon(R) CPU @ 2.60GHz,,,,,15.61648178100586,machine,Y,1.0
2025-08-08T00:41:22,dask-benchmark,8688faeb-1df6-44ff-981b-3bb468180c6b,dask_R6301_81ec5021,1.0032573249191046,7.07928195225282e-08,7.056297299223447e-08,0.8,0.0,10.0,1.1161496045274869e-07,0.0,1.394615242154234e-06,1.5062302026069825e-06,Canada,CAN,,gcp,northamerica-northeast2,Linux-6.8.0-1032-gcp-x86_64-with-glibc2.35,3.10.12,3.0.4,2,Intel(R) Xeon(R) CPU @ 2.60GHz,,,,,15.61648178100586,machine,Y,1.0
2025-08-08T00:41:25,dask-benchmark,db50aed9-2a84-4252-ac18-58244237ac37,dask_R6301_81ec5021,1.0039047109894454,7.087315380847495e-08,7.059749100950286e-08,0.8,0.0,10.0,1.1175021239452893e-07,0.0,1.3961892303389809e-06,1.5079394427335097e-06,Canada,CAN,,gcp,northamerica-northeast2,Linux-6.8.0-1032-gcp-x86_64-with-glibc2.35,3.10.12,3.0.4,2,Intel(R) Xeon(R) CPU @ 2.60GHz,,,,,15.61648178100586,machine,Y,1.0
2025-08-08T00:41:27,dask-benchmark,416144a7-1dac-4456-9357-b27d4fa82295,dask_R6301_81ec5021,1.0033590220846236,7.08052811236121e-08,7.056824084414357e-08,0.8,0.0,10.0,1.1163824030922521e-07,0.0,1.394857102746351e-06,1.5064953430555762e-06,Canada,CAN,,gcp,northamerica-northeast2,Linux-6.8.0-1032-gcp-x86_64-with-glibc2.35,3.10.12,3.0.4,2,Intel(R) Xeon(R) CPU @ 2.60GHz,,,,,15.61648178100586,machine,Y,1.0
2025-08-08T00:41:29,dask-benchmark,7d3e1287-bfe1-4ab9-b446-a9fd61627af3,dask_R6301_81ec5021,1.003921512980014,7.087679002268448e-08,7.059993147501708e-08,0.8,0.0,10.0,1.1176292805208105e-07,0.0,1.3962538809412055e-06,1.5080168089932863e-06,Canada,CAN,,gcp,northamerica-northeast2,Linux-6.8.0-1032-gcp-x86_64-with-glibc2.35,3.10.12,3.0.4,2,Intel(R) Xeon(R) CPU @ 2.60GHz,,,,,15.61648178100586,machine,Y,1.0
2025-08-08T00:41:31,dask-benchmark,e3f1dfc5-ca4f-4763-add2-639626621875,dask_R6301_81ec5021,1.003341516945511,7.07898150865092e-08,7.055405750777242e-08,0.8,0.0,10.0,1.116183644367589e-07,0.0,1.394547913999607e-06,1.506166278436366e-06,Canada,CAN,,gcp,northamerica-northeast2,Linux-6.8.0-1032-gcp-x86_64-with-glibc2.35,3.10.12,3.0.4,2,Intel(R) Xeon(R) CPU @ 2.60GHz,,,,,15.61648178100586,machine,Y,1.0
2025-08-08T00:41:33,dask-benchmark,b2a509f5-9948-4011-a2b4-c8e18ec2f24f,dask_R6301_81ec5021,1.0038871709257364,7.087549217567883e-08,7.060105381197459e-08,0.8,0.0,10.0,1.1174168996512893e-07,0.0,1.3962475052620804e-06,1.5079891952272093e-06,Canada,CAN,,gcp,northamerica-northeast2,Linux-6.8.0-1032-gcp-x86_64-with-glibc2.35,3.10.12,3.0.4,2,Intel(R) Xeon(R) CPU @ 2.60GHz,,,,,15.61648178100586,machine,Y,1.0
2025-08-08T00:41:35,dask-benchmark,d2db8353-3527-41db-b5b2-8dea764f43b4,dask_R6301_81ec5021,1.003345388919115,7.080043822521756e-08,7.056437295385347e-08,0.8,0.0,10.0,1.1162876420550877e-07,0.0,1.3947635384586949e-06,1.5063923026642035e-06,Canada,CAN,,gcp,northamerica-northeast2,Linux-6.8.0-1032-gcp-x86_64-with-glibc2.35,3.10.12,3.0.4,2,Intel(R) Xeon(R) CPU @ 2.60GHz,,,,,15.61648178100586,machine,Y,1.0
2025-08-08T00:41:38,dask-benchmark,b0aeb24e-1495-4d8e-be4b-b28f680c60b0,dask_R6301_81ec5021,1.00397467892617,7.088441004340229e-08,7.060378267629096e-08,0.8,0.0,10.0,1.1177752818912269e-07,0.0,1.3964014089045426e-06,1.5081789370936653e-06,Canada,CAN,,gcp,northamerica-northeast2,Linux-6.8.0-1032-gcp-x86_64-with-glibc2.35,3.10.12,3.0.4,2,Intel(R) Xeon(R) CPU @ 2.60GHz,,,,,15.61648178100586,machine,Y,1.0
2025-08-08T00:41:40,dask-benchmark,af9b6ee5-0167-4f0c-982e-d723c035b21f,dask_R6301_81ec5021,1.003423057962209,7.080929498214067e-08,7.056773752632614e-08,0.8,0.0,10.0,1.1165068536582921e-07,0.0,1.3949300589350362e-06,1.5065807443008654e-06,Canada,CAN,,gcp,northamerica-northeast2,Linux-6.8.0-1032-gcp-x86_64-with-glibc2.35,3.10.12,3.0.4,2,Intel(R) Xeon(R) CPU @ 2.60GHz,,,,,15.61648178100586,machine,Y,1.0
2025-08-08T00:41:42,dask-benchmark,237d16eb-3708-458f-9ab9-8e25ff1dc96d,dask_R6301_81ec5021,1.0039788358844817,7.08854111662238e-08,7.060448749776225e-08,0.8,0.0,10.0,1.1176962136394449e-07,0.0,1.3964306162152853e-06,1.5082002375792296e-06,Canada,CAN,,gcp,northamerica-northeast2,Linux-6.8.0-1032-gcp-x86_64-with-glibc2.35,3.10.12,3.0.4,2,Intel(R) Xeon(R) CPU @ 2.60GHz,,,,,15.61648178100586,machine,Y,1.0
2025-08-08T00:41:44,dask-benchmark,29b46125-83c7-402b-89a4-14a587ada4dc,dask_R6301_81ec5021,1.0034408504143355,7.081251699498131e-08,7.056969722305182e-08,0.8,0.0,10.0,1.1165488314711385e-07,0.0,1.394994414618446e-06,1.5066492977655595e-06,Canada,CAN,,gcp,northamerica-northeast2,Linux-6.8.0-1032-gcp-x86_64-with-glibc2.35,3.10.12,3.0.4,2,Intel(R) Xeon(R) CPU @ 2.60GHz,,,,,15.61648178100586,machine,Y,1.0
2025-08-08T00:41:46,dask-benchmark,8bbef414-b2ad-4643-9a10-a232d8caafcf,dask_R6301_81ec5021,1.0039380718953907,7.087922034547148e-08,7.060118779204644e-08,0.8,0.0,10.0,1.1175616551190616e-07,0.0,1.3963123524768486e-06,1.5080685179887547e-06,Canada,CAN,,gcp,northamerica-northeast2,Linux-6.8.0-1032-gcp-x86_64-with-glibc2.35,3.10.12,3.0.4,2,Intel(R) Xeon(R) CPU @ 2.60GHz,,,,,15.61648178100586,machine,Y,1.0
2025-08-08T00:41:48,dask-benchmark,fd19d474-86b8-4874-845d-2252947dd8ae,dask_R6301_81ec5021,1.0034962422214448,7.081346211618639e-08,7.056674368747636e-08,0.8,0.0,10.0,1.1165703181177378e-07,0.0,1.3950123749155964e-06,1.5066694067273702e-06,Canada,CAN,,gcp,northamerica-northeast2,Linux-6.8.0-1032-gcp-x86_64-with-glibc2.35,3.10.12,3.0.4,2,Intel(R) Xeon(R) CPU @ 2.60GHz,,,,,15.61648178100586,machine,Y,1.0
2025-08-08T00:41:51,dask-benchmark,3a1f2258-dd5e-425b-8ad9-0570a04952b6,dask_R6301_81ec5021,1.004000776913017,7.088195099148694e-08,7.059949814922095e-08,0.8,0.0,10.0,1.1176545659287108e-07,0.0,1.3963611602472765e-06,1.5081266168401474e-06,Canada,CAN,,gcp,northamerica-northeast2,Linux-6.8.0-1032-gcp-x86_64-with-glibc2.35,3.10.12,3.0.4,2,Intel(R) Xeon(R) CPU @ 2.60GHz,,,,,15.61648178100586,machine,Y,1.0
2025-08-08T00:41:53,dask-benchmark,df97e115-dceb-4ed5-84c2-7e95f0aa1340,dask_R6301_81ec5021,1.0033695418387651,7.079743004667884e-08,7.055967626537294e-08,0.8,0.0,10.0,1.116342577669356e-07,0.0,1.3946940410985716e-06,1.5063282988655072e-06,Canada,CAN,,gcp,northamerica-northeast2,Linux-6.8.0-1032-gcp-x86_64-with-glibc2.35,3.10.12,3.0.4,2,Intel(R) Xeon(R) CPU @ 2.60GHz,,,,,15.61648178100586,machine,Y,1.0
2025-08-08T00:41:55,dask-benchmark,b0d61dbb-354d-4528-b8fe-ca99cdbe132d,dask_R6301_81ec5021,1.0040187947452068,7.08885298864916e-08,7.060478375256034e-08,0.8,0.0,10.0,1.1177296926163969e-07,0.0,1.396493624067969e-06,1.5082665933296083e-06,Canada,CAN,,gcp,northamerica-northeast2,Linux-6.8.0-1032-gcp-x86_64-with-glibc2.35,3.10.12,3.0.4,2,Intel(R) Xeon(R) CPU @ 2.60GHz,,,,,15.61648178100586,machine,Y,1.0
2025-08-08T00:41:57,dask-benchmark,6bb6e2aa-e1f5-4e9f-81af-a8b247f28d00,dask_R6301_81ec5021,1.00335829006508,7.080201964773651e-08,7.056504176902166e-08,0.8,0.0,10.0,1.1163532423476381e-07,0.0,1.3947906257170769e-06,1.5064259499518409e-06,Canada,CAN,,gcp,northamerica-northeast2,Linux-6.8.0-1032-gcp-x86_64-with-glibc2.35,3.10.12,3.0.4,2,Intel(R) Xeon(R) CPU @ 2.60GHz,,,,,15.61648178100586,machine,Y,1.0
2025-08-08T00:41:59,dask-benchmark,968ae445-c76c-426b-aa08-5e6306502d5c,dask_R6301_81ec5021,1.0040421849116683,7.08863693485554e-08,7.060098710373577e-08,0.8,0.0,10.0,1.1178149955554144e-07,0.0,1.3964391248818072e-06,1.5082206244373486e-06,Canada,CAN,,gcp,northamerica-northeast2,Linux-6.8.0-1032-gcp-x86_64-with-glibc2.35,3.10.12,3.0.4,2,Intel(R) Xeon(R) CPU @ 2.60GHz,,,,,15.61648178100586,machine,Y,1.0
2025-08-08T00:42:01,dask-benchmark,152782fa-9a0e-4197-94ba-619ccc15f92b,dask_R6301_81ec5021,1.0034291143529117,7.081546362742989e-08,7.057345916567025e-08,0.8,0.0,10.0,1.11650577849812e-07,0.0,1.3950614142231642e-06,1.506711992072976e-06,Canada,CAN,,gcp,northamerica-northeast2,Linux-6.8.0-1032-gcp-x86_64-with-glibc2.35,3.10.12,3.0.4,2,Intel(R) Xeon(R) CPU @ 2.60GHz,,,,,15.61648178100586,machine,Y,1.0
2025-08-08T00:42:03,dask-benchmark,9953e3fe-33ff-4609-ad40-836cf996e293,dask_R6301_81ec5021,1.0039423629641533,7.0880144915647e-08,7.060180696665934e-08,0.8,0.0,10.0,1.1175325005832649e-07,0.0,1.3963349396362902e-06,1.5080881896946166e-06,Canada,CAN,,gcp,northamerica-northeast2,Linux-6.8.0-1032-gcp-x86_64-with-glibc2.35,3.10.12,3.0.4,2,Intel(R) Xeon(R) CPU @ 2.60GHz,,,,,15.61648178100586,machine,Y,1.0
2025-08-08T00:42:06,dask-benchmark,ed970a59-3bdc-4b97-9a84-ebb7e885885e,dask_R6301_81ec5021,1.0033357799984517,7.079492699401454e-08,7.055955583894736e-08,0.8,0.0,10.0,1.1162060064574084e-07,0.0,1.3946544417801002e-06,1.506275042425841e-06,Canada,CAN,,gcp,northamerica-northeast2,Linux-6.8.0-1032-gcp-x86_64-with-glibc2.35,3.10.12,3.0.4,2,Intel(R) Xeon(R) CPU @ 2.60GHz,,,,,15.61648178100586,machine,Y,1.0
2025-08-08T00:42:08,dask-benchmark,dc11e5b9-8d6e-433d-89c3-357f3653e6a7,dask_R6301_81ec5021,1.0040208320133388,7.089179368229168e-08,7.06078912129085e-08,0.8,0.0,10.0,1.1178356378028801e-07,0.0,1.3965524720131522e-06,1.50833603579344e-06,Canada,CAN,,gcp,northamerica-northeast2,Linux-6.8.0-1032-gcp-x86_64-with-glibc2.35,3.10.12,3.0.4,2,Intel(R) Xeon(R) CPU @ 2.60GHz,,,,,15.61648178100586,machine,Y,1.0
2025-08-08T00:42:10,dask-benchmark,5d9379eb-1ae5-4dbe-bf91-85153cb4a835,dask_R6301_81ec5021,1.0032738409936428,7.079432652507805e-08,7.056331345683579e-08,0.8,0.0,10.0,1.1161951927675142e-07,0.0,1.3946427472142709e-06,1.5062622664910225e-06,Canada,CAN,,gcp,northamerica-northeast2,Linux-6.8.0-1032-gcp-x86_64-with-glibc2.35,3.10.12,3.0.4,2,Intel(R) Xeon(R) CPU @ 2.60GHz,,,,,15.61648178100586,machine,Y,1.0
2025-08-08T00:42:12,dask-benchmark,9b1dd0dc-dc1f-4927-8c2f-c0366660ae00,dask_R6301_81ec5021,1.0039186920039356,7.087996175590283e-08,7.060328921102005e-08,0.8,0.0,10.0,1.1175588135504061e-07,0.0,1.3963284113237429e-06,1.5080842926787836e-06,Canada,CAN,,gcp,northamerica-northeast2,Linux-6.8.0-1032-gcp-x86_64-with-glibc2.35,3.10.12,3.0.4,2,Intel(R) Xeon(R) CPU @ 2.60GHz,,,,,15.61648178100586,machine,Y,1.0
2025-08-08T00:42:14,dask-benchmark,f1750b24-5b4b-406c-bebd-944bc68a18d6,dask_R6301_81ec5021,1.003331100102514,7.07966893268749e-08,7.056164143585437e-08,0.8,0.0,10.0,1.1162439226690269e-07,0.0,1.394688146602776e-06,1.5063125388696788e-06,Canada,CAN,,gcp,northamerica-northeast2,Linux-6.8.0-1032-gcp-x86_64-with-glibc2.35,3.10.12,3.0.4,2,Intel(R) Xeon(R) CPU @ 2.60GHz,,,,,15.61648178100586,machine,Y,1.0
2025-08-08T00:42:16,dask-benchmark,ac549777-8031-4022-a410-5f670e47a12d,dask_R6301_81ec5021,1.0041058817878366,7.090115048933891e-08,7.061122912963877e-08,0.8000072,0.0,10.0,1.1179851196026225e-07,0.0,1.3967366048341823e-06,1.5085351167944449e-06,Canada,CAN,,gcp,northamerica-northeast2,Linux-6.8.0-1032-gcp-x86_64-with-glibc2.35,3.10.12,3.0.4,2,Intel(R) Xeon(R) CPU @ 2.60GHz,,,,,15.61648178100586,machine,Y,1.0
2025-08-08T00:42:19,dask-benchmark,f18e336a-dc26-4bc9-a31f-3c3c28b9e8ec,dask_R6301_81ec5021,1.0032942038960757,7.079654191439557e-08,7.056408941611797e-08,0.8,0.0,10.0,1.1162244197395112e-07,0.0,1.3946869604599972e-06,1.5063094024339484e-06,Canada,CAN,,gcp,northamerica-northeast2,Linux-6.8.0-1032-gcp-x86_64-with-glibc2.35,3.10.12,3.0.4,2,Intel(R) Xeon(R) CPU @ 2.60GHz,,,,,15.61648178100586,machine,Y,1.0
2025-08-08T00:42:21,dask-benchmark,a46e5af0-34b3-4868-ac6f-a8fda214cc62,dask_R6301_81ec5021,1.0038630748167634,7.08736914254518e-08,7.060095465548276e-08,0.8,0.0,10.0,1.1174211268209749e-07,0.0,1.396208768710494e-06,1.5079508813925915e-06,Canada,CAN,,gcp,northamerica-northeast2,Linux-6.8.0-1032-gcp-x86_64-with-glibc2.35,3.10.12,3.0.4,2,Intel(R) Xeon(R) CPU @ 2.60GHz,,,,,15.61648178100586,machine,Y,1.0
2025-08-08T00:42:23,dask-benchmark,3a4a8a09-21de-4c62-8b87-05076a83fa6c,dask_R6301_81ec5021,1.003350212238729,7.080204330415775e-08,7.056563345532206e-08,0.8,0.0,10.0,1.1163322762068776e-07,0.0,1.3947932256592644e-06,1.5064264532799522e-06,Canada,CAN,,gcp,northamerica-northeast2,Linux-6.8.0-1032-gcp-x86_64-with-glibc2.35,3.10.12,3.0.4,2,Intel(R) Xeon(R) CPU @ 2.60GHz,,,,,15.61648178100586,machine,Y,1.0
2025-08-08T00:42:25,dask-benchmark,b6943c2e-de62-45f1-8cf6-1ec70432b65b,dask_R6301_81ec5021,1.0039928960613906,7.08788348027091e-08,7.059694852499744e-08,0.8,0.0,10.0,1.1176477931439877e-07,0.0,1.396295535636859e-06,1.5080603149512576e-06,Canada,CAN,,gcp,northamerica-northeast2,Linux-6.8.0-1032-gcp-x86_64-with-glibc2.35,3.10.12,3.0.4,2,Intel(R) Xeon(R) CPU @ 2.60GHz,,,,,15.61648178100586,machine,Y,1.0
2025-08-08T00:42:27,dask-benchmark,9bc46375-6113-4dbc-a17e-8d09aa19ebfe,dask_R6301_81ec5021,1.0032962867990136,7.079653854150738e-08,7.056393955905249e-08,0.8,0.0,10.0,1.116215384875735e-07,0.0,1.3946877921827964e-06,1.50630933067037e-06,Canada,CAN,,gcp,northamerica-northeast2,Linux-6.8.0-1032-gcp-x86_64-with-glibc2.35,3.10.12,3.0.4,2,Intel(R) Xeon(R) CPU @ 2.60GHz,,,,,15.61648178100586,machine,Y,1.0
2025-08-08T00:42:29,dask-benchmark,d7adc980-7c76-4d10-b643-42a9096d6471,dask_R6301_81ec5021,1.0039299833588302,7.08869894103975e-08,7.060949526901486e-08,0.8,0.0,10.0,1.1176559111724301e-07,0.0,1.3964682261252567e-06,1.5082338172424998e-06,Canada,CAN,,gcp,northamerica-northeast2,Linux-6.8.0-1032-gcp-x86_64-with-glibc2.35,3.10.12,3.0.4,2,Intel(R) Xeon(R) CPU @ 2.60GHz,,,,,15.61648178100586,machine,Y,1.0
2025-08-08T00:42:32,dask-benchmark,e4fabbd3-8788-43c6-a7e2-7754ca87906c,dask_R6301_81ec5021,1.0032886578701437,7.079491021225437e-08,7.05628531299687e-08,0.8,0.0,10.0,1.1161878063446948e-07,0.0,1.3946559047326446e-06,1.506274685367114e-06,Canada,CAN,,gcp,northamerica-northeast2,Linux-6.8.0-1032-gcp-x86_64-with-glibc2.35,3.10.12,3.0.4,2,Intel(R) Xeon(R) CPU @ 2.60GHz,,,,,15.61648178100586,machine,Y,1.0
2025-08-08T00:42:34,dask-benchmark,d4502f01-a9f1-4106-94ab-13456148deb1,dask_R6301_81ec5021,1.0038298410363495,7.087424247318673e-08,7.060384098565595e-08,0.8,0.0,10.0,1.1174247237957189e-07,0.0,1.3962201334329115e-06,1.5079626058124833e-06,Canada,CAN,,gcp,northamerica-northeast2,Linux-6.8.0-1032-gcp-x86_64-with-glibc2.35,3.10.12,3.0.4,2,Intel(R) Xeon(R) CPU @ 2.60GHz,,,,,15.61648178100586,machine,Y,1.0
2025-08-08T00:42:36,dask-benchmark,037e3708-56a6-4acb-a6eb-51c2f22f24be,dask_R6301_81ec5021,1.003411153331399,7.080289637737183e-08,7.056219790093126e-08,0.8,0.0,10.0,1.116441564841403e-07,0.0,1.3948004472897285e-06,1.5064446037738688e-06,Canada,CAN,,gcp,northamerica-northeast2,Linux-6.8.0-1032-gcp-x86_64-with-glibc2.35,3.10.12,3.0.4,2,Intel(R) Xeon(R) CPU @ 2.60GHz,,,,,15.61648178100586,machine,Y,1.0
2025-08-08T00:42:38,dask-benchmark,5a2fddb9-5f78-4943-b9db-cebc337f19e7,dask_R6301_81ec5021,1.0037209526635706,7.08829365192602e-08,7.062016223847716e-08,0.8,0.0,10.0,1.1176351085305217e-07,0.0,1.3963840746631223e-06,1.5081475855161746e-06,Canada,CAN,,gcp,northamerica-northeast2,Linux-6.8.0-1032-gcp-x86_64-with-glibc2.35,3.10.12,3.0.4,2,Intel(R) Xeon(R) CPU @ 2.60GHz,,,,,15.61648178100586,machine,Y,1.0
2025-08-08T00:42:40,dask-benchmark,86a7f033-1d7a-4918-910b-64aabf1b0ab6,dask_R6301_81ec5021,1.003377242013812,7.079672877775092e-08,7.05584358637231e-08,0.8,0.0,10.0,1.1163465223378608e-07,0.0,1.3946787260162337e-06,1.5063133782500197e-06,Canada,CAN,,gcp,northamerica-northeast2,Linux-6.8.0-1032-gcp-x86_64-with-glibc2.35,3.10.12,3.0.4,2,Intel(R) Xeon(R) CPU @ 2.60GHz,,,,,15.61648178100586,machine,Y,1.0
2025-08-08T00:42:42,dask-benchmark,a4c2bb4b-8df4-4ac4-9a9f-f85a0d553cbb,dask_R6301_81ec5021,1.0038489950820804,7.087275896184594e-08,7.060101599847792e-08,0.8000072,0.0,10.0,1.1174856995860621e-07,0.0,1.3961824717827968e-06,1.5079310417414031e-06,Canada,CAN,,gcp,northamerica-northeast2,Linux-6.8.0-1032-gcp-x86_64-with-glibc2.35,3.10.12,3.0.4,2,Intel(R) Xeon(R) CPU @ 2.60GHz,,,,,15.61648178100586,machine,Y,1.0
2025-08-08T00:42:44,dask-benchmark,60008ba1-8adb-4b40-aa53-a108b7382678,dask_R6301_81ec5021,1.003354473039508,7.079069034004998e-08,7.055401878620273e-08,0.8,0.0,10.0,1.1163142737415101e-07,0.0,1.3945534734779763e-06,1.5061849008521274e-06,Canada,CAN,,gcp,northamerica-northeast2,Linux-6.8.0-1032-gcp-x86_64-with-glibc2.35,3.10.12,3.0.4,2,Intel(R) Xeon(R) CPU @ 2.60GHz,,,,,15.61648178100586,machine,Y,1.0
2025-08-08T00:42:47,dask-benchmark,772ada65-2f11-4c55-9dd2-0538000ab4ba,dask_R6301_81ec5021,1.0040187132544816,7.088993812467914e-08,7.060619208469989e-08,0.8001944000000001,0.0,10.0,1.1180526655022221e-07,0.0,1.3964912892940144e-06,1.5082965558442366e-06,Canada,CAN,,gcp,northamerica-northeast2,Linux-6.8.0-1032-gcp-x86_64-with-glibc2.35,3.10.12,3.0.4,2,Intel(R) Xeon(R) CPU @ 2.60GHz,,,,,15.61648178100586,machine,Y,1.0
2025-08-08T00:42:49,dask-benchmark,dde8d912-3e4a-4f8c-849c-76e2f2aab14e,dask_R6301_81ec5021,1.0037204353138804,7.083748045863923e-08,7.057491106723074e-08,0.8000072,0.0,10.0,1.117041854157302e-07,0.0,1.395476249874466e-06,1.5071804352901965e-06,Canada,CAN,,gcp,northamerica-northeast2,Linux-6.8.0-1032-gcp-x86_64-with-glibc2.35,3.10.12,3.0.4,2,Intel(R) Xeon(R) CPU @ 2.60GHz,,,,,15.61648178100586,machine,Y,1.0
2025-08-08T00:42:51,dask-benchmark,6ce6b44c-cacc-4d39-bbe3-9a45ccaeef4f,dask_R6301_81ec5021,1.003907070029527,7.08775347525047e-08,7.060168900934232e-08,0.8,0.0,10.0,1.117503395718005e-07,0.0,1.39628231473681e-06,1.5080326543086106e-06,Canada,CAN,,gcp,northamerica-northeast2,Linux-6.8.0-1032-gcp-x86_64-with-glibc2.35,3.10.12,3.0.4,2,Intel(R) Xeon(R) CPU @ 2.60GHz,,,,,15.61648178100586,machine,Y,1.0
2025-08-08T00:42:53,dask-benchmark,7e96a167-2617-4ba5-a494-803ff1642204,dask_R6301_81ec5021,1.003279141150415,7.07948885571936e-08,7.056350087774802e-08,0.8,0.0,10.0,1.1161936891989577e-07,0.0,1.3946548557012446e-06,1.5062742246211405e-06,Canada,CAN,,gcp,northamerica-northeast2,Linux-6.8.0-1032-gcp-x86_64-with-glibc2.35,3.10.12,3.0.4,2,Intel(R) Xeon(R) CPU @ 2.60GHz,,,,,15.61648178100586,machine,Y,1.0
2025-08-08T00:42:55,dask-benchmark,a0e8f2a5-51cd-4daa-8345-05650f403672,dask_R6301_81ec5021,1.0040620560757816,7.089607177876558e-08,7.060925303347458e-08,0.8,0.0,10.0,1.1179231769508785e-07,0.0,1.396634741427584e-06,1.5084270591226718e-06,Canada,CAN,,gcp,northamerica-northeast2,Linux-6.8.0-1032-gcp-x86_64-with-glibc2.35,3.10.12,3.0.4,2,Intel(R) Xeon(R) CPU @ 2.60GHz,,,,,15.61648178100586,machine,Y,1.0
2025-08-08T00:42:57,dask-benchmark,a1fba110-3e5e-414c-b299-c9cb63c1914c,dask_R6301_81ec5021,1.003042965196073,7.076328510558232e-08,7.054860814636156e-08,0.8,0.0,10.0,1.1156921564704845e-07,0.0,1.3940325951100225e-06,1.5056018107570709e-06,Canada,CAN,,gcp,northamerica-northeast2,Linux-6.8.0-1032-gcp-x86_64-with-glibc2.35,3.10.12,3.0.4,2,Intel(R) Xeon(R) CPU @ 2.60GHz,,,,,15.61648178100586,machine,Y,1.0
2025-08-08T00:43:00,dask-benchmark,f6449bb0-45e6-4d59-9706-541dd0515e72,dask_R6301_81ec5021,1.003959385678172,7.087702811162715e-08,7.05975053599901e-08,0.8,0.0,10.0,1.1176540547360977e-07,0.0,1.396256469241861e-06,1.5080218747154709e-06,Canada,CAN,,gcp,northamerica-northeast2,Linux-6.8.0-1032-gcp-x86_64-with-glibc2.35,3.10.12,3.0.4,2,Intel(R) Xeon(R) CPU @ 2.60GHz,,,,,15.61648178100586,machine,Y,1.0
2025-08-08T00:43:02,dask-benchmark,b501c5b2-11c6-40df-9c84-3c45fcdb8c53,dask_R6301_81ec5021,1.003486196976155,7.080681488554304e-08,7.05608259474899e-08,0.8,0.0,10.0,1.1163894469953246e-07,0.0,1.3948890315886173e-06,1.5065279762881498e-06,Canada,CAN,,gcp,northamerica-northeast2,Linux-6.8.0-1032-gcp-x86_64-with-glibc2.35,3.10.12,3.0.4,2,Intel(R) Xeon(R) CPU @ 2.60GHz,,,,,15.61648178100586,machine,Y,1.0
2025-08-08T00:43:04,dask-benchmark,59e72e14-57d8-4e2f-a53b-48b236f769b2,dask_R6301_81ec5021,1.0038422937504947,7.087612264070453e-08,7.06048381124703e-08,0.8,0.0,10.0,1.1174794327881604e-07,0.0,1.396254666097876e-06,1.508002609376692e-06,Canada,CAN,,gcp,northamerica-northeast2,Linux-6.8.0-1032-gcp-x86_64-with-glibc2.35,3.10.12,3.0.4,2,Intel(R) Xeon(R) CPU @ 2.60GHz,,,,,15.61648178100586,machine,Y,1.0
2025-08-08T00:43:06,dask-benchmark,e2cbe67b-2b23-4fd4-8a5c-33f204f51ca3,dask_R6301_81ec5021,1.0032916986383498,7.079513081421868e-08,7.056285914684695e-08,0.8,0.0,10.0,1.1162058201928933e-07,0.0,1.39465879700664e-06,1.5062793790259293e-06,Canada,CAN,,gcp,northamerica-northeast2,Linux-6.8.0-1032-gcp-x86_64-with-glibc2.35,3.10.12,3.0.4,2,Intel(R) Xeon(R) CPU @ 2.60GHz,,,,,15.61648178100586,machine,Y,1.0
2025-08-08T00:43:08,dask-benchmark,0d79a289-2ee0-4cb1-8634-50bd2030cb22,dask_R6301_81ec5021,1.0039105657488108,7.087507734934077e-08,7.059899533627825e-08,0.8,0.0,10.0,1.117477637405197e-07,0.0,1.39623260539439e-06,1.5079803691349095e-06,Canada,CAN,,gcp,northamerica-northeast2,Linux-6.8.0-1032-gcp-x86_64-with-glibc2.35,3.10.12,3.0.4,2,Intel(R) Xeon(R) CPU @ 2.60GHz,,,,,15.61648178100586,machine,Y,1.0
2025-08-08T00:43:10,dask-benchmark,82f74c45-7a38-46ba-a226-a8a6f5dba3df,dask_R6301_81ec5021,1.0032832669094205,7.079209420809315e-08,7.056042549794111e-08,0.8,0.0,10.0,1.11620234635969e-07,0.0,1.3945945357489916e-06,1.5062147703849605e-06,Canada,CAN,,gcp,northamerica-northeast2,Linux-6.8.0-1032-gcp-x86_64-with-glibc2.35,3.10.12,3.0.4,2,Intel(R) Xeon(R) CPU @ 2.60GHz,,,,,15.61648178100586,machine,Y,1.0
2025-08-08T00:43:13,dask-benchmark,d7857fe1-6820-4b76-af9a-54aa9969d688,dask_R6301_81ec5021,1.0037686079740524,7.086862505315288e-08,7.060255171377588e-08,0.8,0.0,10.0,1.1173372198310165e-07,0.0,1.3961093642541933e-06,1.507843086237295e-06,Canada,CAN,,gcp,northamerica-northeast2,Linux-6.8.0-1032-gcp-x86_64-with-glibc2.35,3.10.12,3.0.4,2,Intel(R) Xeon(R) CPU @ 2.60GHz,,,,,15.61648178100586,machine,Y,1.0
2025-08-08T00:43:15,dask-benchmark,66638bb9-1853-4da0-b529-76ba1ac21f66,dask_R6301_81ec5021,1.0032669571228323,7.078807072941628e-08,7.055756219902049e-08,0.8,0.0,10.0,1.1161358157793682e-07,0.0,1.3945155828777285e-06,1.5061291644556654e-06,Canada,CAN,,gcp,northamerica-northeast2,Linux-6.8.0-1032-gcp-x86_64-with-glibc2.35,3.10.12,3.0.4,2,Intel(R) Xeon(R) CPU @ 2.60GHz,,,,,15.61648178100586,machine,Y,1.0
2025-08-08T00:43:17,dask-benchmark,ef44a9ac-8e15-41a5-a23a-73595e3cdcb4,dask_R6301_81ec5021,1.0038642939180136,7.086821985912198e-08,7.059541841310858e-08,0.8,0.0,10.0,1.1173476847923465e-07,0.0,1.3960996966084672e-06,1.5078344650877018e-06,Canada,CAN,,gcp,northamerica-northeast2,Linux-6.8.0-1032-gcp-x86_64-with-glibc2.35,3.10.12,3.0.4,2,Intel(R) Xeon(R) CPU @ 2.60GHz,,,,,15.61648178100586,machine,Y,1.0
2025-08-08T00:43:19,dask-benchmark,487d108a-24da-4533-a79a-5ec48cedfc27,dask_R6301_81ec5021,1.0031978110782802,7.078710688102162e-08,7.056146464767164e-08,0.8,0.0,10.0,1.116047131104602e-07,0.0,1.3945039439325532e-06,1.5061086570430134e-06,Canada,CAN,,gcp,northamerica-northeast2,Linux-6.8.0-1032-gcp-x86_64-with-glibc2.35,3.10.12,3.0.4,2,Intel(R) Xeon(R) CPU @ 2.60GHz,,,,,15.61648178100586,machine,Y,1.0
2025-08-08T00:43:21,dask-benchmark,1cc3e630-8a0f-43b8-8ec7-080072336208,dask_R6301_81ec5021,1.0040641482919457,7.090075669613565e-08,7.061377185585981e-08,0.8,0.0,10.0,1.117856436305576e-07,0.0,1.3967410945850945e-06,1.508526738215652e-06,Canada,CAN,,gcp,northamerica-northeast2,Linux-6.8.0-1032-gcp-x86_64-with-glibc2.35,3.10.12,3.0.4,2,Intel(R) Xeon(R) CPU @ 2.60GHz,,,,,15.61648178100586,machine,Y,1.0
2025-08-08T00:43:23,dask-benchmark,b48c1055-7948-4f9e-9d0d-af9b6d53675f,dask_R6301_81ec5021,1.0032246131449938,7.07809741532223e-08,7.055346651766456e-08,0.8,0.0,10.0,1.1160133437563976e-07,0.0,1.394376839097175e-06,1.505978173472815e-06,Canada,CAN,,gcp,northamerica-northeast2,Linux-6.8.0-1032-gcp-x86_64-with-glibc2.35,3.10.12,3.0.4,2,Intel(R) Xeon(R) CPU @ 2.60GHz,,,,,15.61648178100586,machine,Y,1.0
2025-08-08T00:43:25,dask-benchmark,ea6e2722-9df5-4cff-a910-d0088a920c1d,dask_R6301_81ec5021,1.0037921164184809,7.086554243762255e-08,7.059782725776928e-08,0.8,0.0,10.0,1.1173254830969704e-07,0.0,1.3960449503631229e-06,1.50777749867282e-06,Canada,CAN,,gcp,northamerica-northeast2,Linux-6.8.0-1032-gcp-x86_64-with-glibc2.35,3.10.12,3.0.4,2,Intel(R) Xeon(R) CPU @ 2.60GHz,,,,,15.61648178100586,machine,Y,1.0
2025-08-08T00:43:28,dask-benchmark,7c419e22-9898-4a98-9477-9507ef1be951,dask_R6301_81ec5021,1.003272817004472,7.07932636869072e-08,7.05623261061519e-08,0.8000072,0.0,10.0,1.116182743777213e-07,0.0,1.3946213785351978e-06,1.5062396529129191e-06,Canada,CAN,,gcp,northamerica-northeast2,Linux-6.8.0-1032-gcp-x86_64-with-glibc2.35,3.10.12,3.0.4,2,Intel(R) Xeon(R) CPU @ 2.60GHz,,,,,15.61648178100586,machine,Y,1.0
2025-08-08T00:43:30,dask-benchmark,49e4ae00-a61f-4416-8c96-faf6b9d741f8,dask_R6301_81ec5021,1.0037762029096484,7.086790520780616e-08,7.060130037191676e-08,0.8,0.0,10.0,1.1173126484370897e-07,0.0,1.3960965055351457e-06,1.5078277703788545e-06,Canada,CAN,,gcp,northamerica-northeast2,Linux-6.8.0-1032-gcp-x86_64-with-glibc2.35,3.10.12,3.0.4,2,Intel(R) Xeon(R) CPU @ 2.60GHz,,,,,15.61648178100586,machine,Y,1.0
2025-08-08T00:43:32,dask-benchmark,ac54b699-97cd-48e9-8e44-38c92c549f99,dask_R6301_81ec5021,1.0032669422216711,7.079107486146192e-08,7.05605575966647e-08,0.8,0.0,10.0,1.116128629073501e-07,0.0,1.394580219251414e-06,1.5061930821587642e-06,Canada,CAN,,gcp,northamerica-northeast2,Linux-6.8.0-1032-gcp-x86_64-with-glibc2.35,3.10.12,3.0.4,2,Intel(R) Xeon(R) CPU @ 2.60GHz,,,,,15.61648178100586,machine,Y,1.0
2025-08-08T00:43:34,dask-benchmark,fc132c34-04c5-4068-9e2e-ab0c67f710aa,dask_R6301_81ec5021,1.0039218333549798,7.087135669376909e-08,7.059449684137855e-08,0.8,0.0,10.0,1.1175300584485137e-07,0.0,1.3961482004055547e-06,1.5079012062504062e-06,Canada,CAN,,gcp,northamerica-northeast2,Linux-6.8.0-1032-gcp-x86_64-with-glibc2.35,3.10.12,3.0.4,2,Intel(R) Xeon(R) CPU @ 2.60GHz,,,,,15.61648178100586,machine,Y,1.0
2025-08-08T00:43:36,dask-benchmark,cb4b057e-8229-46b1-b165-bb13f0063f1b,dask_R6301_81ec5021,1.003215436823666,7.078797750930407e-08,7.056109277328272e-08,0.8,0.0,10.0,1.1160933712704317e-07,0.0,1.3945178439219797e-06,1.5061271810490226e-06,Canada,CAN,,gcp,northamerica-northeast2,Linux-6.8.0-1032-gcp-x86_64-with-glibc2.35,3.10.12,3.0.4,2,Intel(R) Xeon(R) CPU @ 2.60GHz,,,,,15.61648178100586,machine,Y,1.0
2025-08-08T00:43:38,dask-benchmark,05a00cee-6af0-4a08-944b-bb9b7b588502,dask_R6301_81ec5021,1.003937880974263,7.0880231285416e-08,7.06022081930317e-08,0.8,0.0,10.0,1.11762707742552e-07,0.0,1.3963273196067246e-06,1.5080900273492763e-06,Canada,CAN,,gcp,northamerica-northeast2,Linux-6.8.0-1032-gcp-x86_64-with-glibc2.35,3.10.12,3.0.4,2,Intel(R) Xeon(R) CPU @ 2.60GHz,,,,,15.61648178100586,machine,Y,1.0
2025-08-08T00:43:41,dask-benchmark,3c065953-5f29-46db-b9ee-80b654b87b7f,dask_R6301_81ec5021,1.0030238796025517,7.079365881480691e-08,7.05802326888358e-08,0.8,0.0,10.0,1.1164181017213398e-07,0.0,1.3946062497173747e-06,1.5062480598895087e-06,Canada,CAN,,gcp,northamerica-northeast2,Linux-6.8.0-1032-gcp-x86_64-with-glibc2.35,3.10.12,3.0.4,2,Intel(R) Xeon(R) CPU @ 2.60GHz,,,,,15.61648178100586,machine,Y,1.0
2025-08-08T00:43:43,dask-benchmark,eee9887a-75b6-47a1-94fb-3ee2ad5bcb5e,dask_R6301_81ec5021,1.0037336023524404,7.086329118674621e-08,7.059969998081626e-08,0.8,0.0,10.0,1.1172383475220869e-07,0.0,1.396005764965796e-06,1.5077295997180043e-06,Canada,CAN,,gcp,northamerica-northeast2,Linux-6.8.0-1032-gcp-x86_64-with-glibc2.35,3.10.12,3.0.4,2,Intel(R) Xeon(R) CPU @ 2.60GHz,,,,,15.61648178100586,machine,Y,1.0
2025-08-08T00:43:45,dask-benchmark,406fdc08-a1a4-4c21-835a-39cc5590ed7a,dask_R6301_81ec5021,1.003186603076756,7.078267163519439e-08,7.055783183119188e-08,0.8,0.0,10.0,1.116005408888062e-07,0.0,1.3944137492217123e-06,1.5060142901105188e-06,Canada,CAN,,gcp,northamerica-northeast2,Linux-6.8.0-1032-gcp-x86_64-with-glibc2.35,3.10.12,3.0.4,2,Intel(R) Xeon(R) CPU @ 2.60GHz,,,,,15.61648178100586,machine,Y,1.0
2025-08-08T00:43:47,dask-benchmark,4e3c5921-ef13-4e9d-acb1-19793f1702c0,dask_R6301_81ec5021,1.0037883296608925,7.086312722109467e-08,7.05956874842669e-08,0.8,0.0,10.0,1.1172702577379014e-07,0.0,1.39599908531333e-06,1.5077261110871202e-06,Canada,CAN,,gcp,northamerica-northeast2,Linux-6.8.0-1032-gcp-x86_64-with-glibc2.35,3.10.12,3.0.4,2,Intel(R) Xeon(R) CPU @ 2.60GHz,,,,,15.61648178100586,machine,Y,1.0
2025-08-08T00:43:49,dask-benchmark,fbe0e0fc-231d-47b9-b8b3-2a255ad8e93e,dask_R6301_81ec5021,1.0031521101482213,7.078126356745554e-08,7.055885428681122e-08,0.8,0.0,10.0,1.1159477310462133e-07,0.0,1.3943895581178366e-06,1.505984331222458e-06,Canada,CAN,,gcp,northamerica-northeast2,Linux-6.8.0-1032-gcp-x86_64-with-glibc2.35,3.10.12,3.0.4,2,Intel(R) Xeon(R) CPU @ 2.60GHz,,,,,15.61648178100586,machine,Y,1.0
2025-08-08T00:43:51,dask-benchmark,8bf83ce3-ab60-4d6d-8149-6b54c05e0a4b,dask_R6301_81ec5021,1.0038582533597946,7.086977736988208e-08,7.059739473445514e-08,0.8,0.0,10.0,1.1174016911536457e-07,0.0,1.396127434499148e-06,1.5078676036145123e-06,Canada,CAN,,gcp,northamerica-northeast2,Linux-6.8.0-1032-gcp-x86_64-with-glibc2.35,3.10.12,3.0.4,2,Intel(R) Xeon(R) CPU @ 2.60GHz,,,,,15.61648178100586,machine,Y,1.0
2025-08-08T00:43:54,dask-benchmark,ca9edc95-67ca-4861-8224-4a1b514955e0,dask_R6301_81ec5021,1.0031548901461065,7.07774263685052e-08,7.055483361915991e-08,0.8,0.0,10.0,1.115884849180778e-07,0.0,1.3943142037735218e-06,1.5059026886915995e-06,Canada,CAN,,gcp,northamerica-northeast2,Linux-6.8.0-1032-gcp-x86_64-with-glibc2.35,3.10.12,3.0.4,2,Intel(R) Xeon(R) CPU @ 2.60GHz,,,,,15.61648178100586,machine,Y,1.0
2025-08-08T00:43:56,dask-benchmark,2b75b4af-46cc-4185-afb9-179811a985c4,dask_R6301_81ec5021,1.0038865157403052,7.087477586128648e-08,7.060038634847149e-08,0.8,0.0,10.0,1.117536968862017e-07,0.0,1.3962202576092549e-06,1.5079739544954566e-06,Canada,CAN,,gcp,northamerica-northeast2,Linux-6.8.0-1032-gcp-x86_64-with-glibc2.35,3.10.12,3.0.4,2,Intel(R) Xeon(R) CPU @ 2.60GHz,,,,,15.61648178100586,machine,Y,1.0
2025-08-08T00:43:58,dask-benchmark,90ae5400-f81d-46c0-814d-436777084dbc,dask_R6301_81ec5021,1.0032283798791468,7.078761141840368e-08,7.05598175232354e-08,0.8,0.0,10.0,1.116054646877779e-07,0.0,1.3945139271931514e-06,1.5061193918809293e-06,Canada,CAN,,gcp,northamerica-northeast2,Linux-6.8.0-1032-gcp-x86_64-with-glibc2.35,3.10.12,3.0.4,2,Intel(R) Xeon(R) CPU @ 2.60GHz,,,,,15.61648178100586,machine,Y,1.0
2025-08-08T00:44:00,dask-benchmark,ed381611-8284-42a8-bfe4-375751728e58,dask_R6301_81ec5021,1.0040668421424923,7.088644840107816e-08,7.059933206221573e-08,0.8,0.0,10.0,1.1178085063066749e-07,0.0,1.396441455775251e-06,1.5082223064059183e-06,Canada,CAN,,gcp,northamerica-northeast2,Linux-6.8.0-1032-gcp-x86_64-with-glibc2.35,3.10.12,3.0.4,2,Intel(R) Xeon(R) CPU @ 2.60GHz,,,,,15.61648178100586,machine,Y,1.0
2025-08-08T00:44:02,dask-benchmark,26e65533-a41d-429f-bfd6-36d6e2f42287,dask_R6301_81ec5021,1.003353943116963,7.08009999874048e-08,7.056433123435823e-08,0.8,0.0,10.0,1.1163745178944536e-07,0.0,1.3947668032617206e-06,1.506404255051166e-06,Canada,CAN,,gcp,northamerica-northeast2,Linux-6.8.0-1032-gcp-x86_64-with-glibc2.35,3.10.12,3.0.4,2,Intel(R) Xeon(R) CPU @ 2.60GHz,,,,,15.61648178100586,machine,Y,1.0
2025-08-08T00:44:04,dask-benchmark,5ef9cee4-a228-4952-b25b-23dd76a20d46,dask_R6301_81ec5021,1.0039549763314426,7.087822834185015e-08,7.059901092462e-08,0.8,0.0,10.0,1.1175924756874642e-07,0.0,1.39628816395998e-06,1.5080474115287264e-06,Canada,CAN,,gcp,northamerica-northeast2,Linux-6.8.0-1032-gcp-x86_64-with-glibc2.35,3.10.12,3.0.4,2,Intel(R) Xeon(R) CPU @ 2.60GHz,,,,,15.61648178100586,machine,Y,1.0
2025-08-08T00:44:06,dask-benchmark,91e9b5d3-2a4d-4538-905e-8b6d0270ba67,dask_R6301_81ec5021,1.003372590057552,7.079227825300767e-08,7.055432742980067e-08,0.8,0.0,10.0,1.1162945514337885e-07,0.0,1.394589231090827e-06,1.506218686234206e-06,Canada,CAN,,gcp,northamerica-northeast2,Linux-6.8.0-1032-gcp-x86_64-with-glibc2.35,3.10.12,3.0.4,2,Intel(R) Xeon(R) CPU @ 2.60GHz,,,,,15.61648178100586,machine,Y,1.0
2025-08-08T00:44:09,dask-benchmark,64fd5a29-2799-498b-bb79-3b7634baaa1a,dask_R6301_81ec5021,1.00493217818439,7.088809429026313e-08,7.05401775653523e-08,0.8,0.0,10.0,1.1178161628130413e-07,0.0,1.3964757090434432e-06,1.5082573253247473e-06,Canada,CAN,,gcp,northamerica-northeast2,Linux-6.8.0-1032-gcp-x86_64-with-glibc2.35,3.10.12,3.0.4,2,Intel(R) Xeon(R) CPU @ 2.60GHz,,,,,15.61648178100586,machine,Y,1.0
2025-08-08T00:44:11,dask-benchmark,ea516f4b-b6da-49b7-8bd1-445109e951ef,dask_R6301_81ec5021,1.003320368938148,7.079476824940907e-08,7.056048141864585e-08,0.8,0.0,10.0,1.116294402422177e-07,0.0,1.3946422246388263e-06,1.506271664881044e-06,Canada,CAN,,gcp,northamerica-northeast2,Linux-6.8.0-1032-gcp-x86_64-with-glibc2.35,3.10.12,3.0.4,2,Intel(R) Xeon(R) CPU @ 2.60GHz,,,,,15.61648178100586,machine,Y,1.0
2025-08-08T00:44:13,dask-benchmark,830398c6-4064-48e0-ae99-9e1afdf8966f,dask_R6301_81ec5021,1.0037846192717552,7.086619396678483e-08,7.059900361712873e-08,0.8,0.0,10.0,1.1173419737153585e-07,0.0,1.396057163623886e-06,1.5077913609954217e-06,Canada,CAN,,gcp,northamerica-northeast2,Linux-6.8.0-1032-gcp-x86_64-with-glibc2.35,3.10.12,3.0.4,2,Intel(R) Xeon(R) CPU @ 2.60GHz,,,,,15.61648178100586,machine,Y,1.0
2025-08-08T00:44:15,dask-benchmark,69bd4121-de49-42bc-b97b-e70b552a127e,dask_R6301_81ec5021,1.0033056321553886,7.078937021058261e-08,7.055613757345976e-08,0.8,0.0,10.0,1.11615720929371e-07,0.0,1.3945410920617482e-06,1.5061568129911193e-06,Canada,CAN,,gcp,northamerica-northeast2,Linux-6.8.0-1032-gcp-x86_64-with-glibc2.35,3.10.12,3.0.4,2,Intel(R) Xeon(R) CPU @ 2.60GHz,,,,,15.61648178100586,machine,Y,1.0
2025-08-08T00:44:17,dask-benchmark,e6996eb8-a9ef-4d68-96d9-31662064f3a1,dask_R6301_81ec5021,1.0036821928806603,7.085512615193725e-08,7.05951810787601e-08,0.8000072,0.0,10.0,1.1171462356612845e-07,0.0,1.3958412520070043e-06,1.5075558755731329e-06,Canada,CAN,,gcp,northamerica-northeast2,Linux-6.8.0-1032-gcp-x86_64-with-glibc2.35,3.10.12,3.0.4,2,Intel(R) Xeon(R) CPU @ 2.60GHz,,,,,15.61648178100586,machine,Y,1.0
2025-08-08T00:44:19,dask-benchmark,f66ea747-2e7b-45db-b7e1-66a2412fd3e7,dask_R6301_81ec5021,1.0032921503297985,7.07955303786633e-08,7.056322563212686e-08,0.8,0.0,10.0,1.1161893844190573e-07,0.0,1.3946689419551856e-06,1.5062878803970911e-06,Canada,CAN,,gcp,northamerica-northeast2,Linux-6.8.0-1032-gcp-x86_64-with-glibc2.35,3.10.12,3.0.4,2,Intel(R) Xeon(R) CPU @ 2.60GHz,,,,,15.61648178100586,machine,Y,1.0
2025-08-08T00:44:22,dask-benchmark,69b74eb3-c1e4-48ba-b1f2-383689dcf76a,dask_R6301_81ec5021,1.003804680891335,7.0870427432677e-08,7.0601810074991e-08,0.8,0.0,10.0,1.1173848466326793e-07,0.0,1.3961429500745402e-06,1.507881434737808e-06,Canada,CAN,,gcp,northamerica-northeast2,Linux-6.8.0-1032-gcp-x86_64-with-glibc2.35,3.10.12,3.0.4,2,Intel(R) Xeon(R) CPU @ 2.60GHz,,,,,15.61648178100586,machine,Y,1.0
2025-08-08T00:44:24,dask-benchmark,475df453-cd50-4bca-bb20-eff276727b92,dask_R6301_81ec5021,1.00327965663746,7.079355057597989e-08,7.056213101464437e-08,0.8,0.0,10.0,1.1161724860883425e-07,0.0,1.394628508326908e-06,1.506245756935742e-06,Canada,CAN,,gcp,northamerica-northeast2,Linux-6.8.0-1032-gcp-x86_64-with-glibc2.35,3.10.12,3.0.4,2,Intel(R) Xeon(R) CPU @ 2.60GHz,,,,,15.61648178100586,machine,Y,1.0
2025-08-08T00:44:26,dask-benchmark,87c84f7e-a84e-409c-8f5d-bef41ec1c970,dask_R6301_81ec5021,1.0037795337848363,7.087002413543978e-08,7.060317704249087e-08,0.8,0.0,10.0,1.1173490972982521e-07,0.0,1.3961379442157017e-06,1.5078728539455269e-06,Canada,CAN,,gcp,northamerica-northeast2,Linux-6.8.0-1032-gcp-x86_64-with-glibc2.35,3.10.12,3.0.4,2,Intel(R) Xeon(R) CPU @ 2.60GHz,,,,,15.61648178100586,machine,Y,1.0
2025-08-08T00:44:28,dask-benchmark,4b4c2c7d-82ca-41a2-b1c3-af8ed28ecbd6,dask_R6301_81ec5021,1.0032666847109797,7.079230998782442e-08,7.056180681233148e-08,0.8,0.0,10.0,1.1163512327604825e-07,0.0,1.3945842381670245e-06,1.5062193614430725e-06,Canada,CAN,,gcp,northamerica-northeast2,Linux-6.8.0-1032-gcp-x86_64-with-glibc2.35,3.10.12,3.0.4,2,Intel(R) Xeon(R) CPU @ 2.60GHz,,,,,15.61648178100586,machine,Y,1.0
2025-08-08T00:44:30,dask-benchmark,356dccaf-6c0e-4cda-8c70-d16535a1a317,dask_R6301_81ec5021,1.0038194512017071,7.087481337402844e-08,7.060514048535498e-08,0.8,0.0,10.0,1.117450214094586e-07,0.0,1.3962297312294443e-06,1.507974752638903e-06,Canada,CAN,,gcp,northamerica-northeast2,Linux-6.8.0-1032-gcp-x86_64-with-glibc2.35,3.10.12,3.0.4,2,Intel(R) Xeon(R) CPU @ 2.60GHz,,,,,15.61648178100586,machine,Y,1.0
2025-08-08T00:44:35,dask-benchmark,c41bcaeb-1f60-4385-94e6-ce1f2a9d0522,dask_R6301_81ec5021,1.0027461107820272,7.07144647328597e-08,7.052080678499019e-08,0.8,0.0,10.0,1.1149533579332965e-07,0.0,1.3930677436292172e-06,1.5045630794225468e-06,Canada,CAN,,gcp,northamerica-northeast2,Linux-6.8.0-1032-gcp-x86_64-with-glibc2.35,3.10.12,3.0.4,2,Intel(R) Xeon(R) CPU @ 2.60GHz,,,,,15.61648178100586,machine,Y,1.0
2025-08-08T00:44:38,dask-benchmark,eb2bac4e-dabb-449b-a439-bb7d6664999c,dask_R6301_81ec5021,1.0032054628245533,7.078096214505947e-08,7.055480135223115e-08,0.8,0.0,10.0,1.1160849841932457e-07,0.0,1.3943694195606643e-06,1.5059779179799889e-06,Canada,CAN,,gcp,northamerica-northeast2,Linux-6.8.0-1032-gcp-x86_64-with-glibc2.35,3.10.12,3.0.4,2,Intel(R) Xeon(R) CPU @ 2.60GHz,,,,,15.61648178100586,machine,Y,1.0
2025-08-08T00:44:40,dask-benchmark,13993143-d19d-4e56-8db9-64bed32ba94f,dask_R6301_81ec5021,1.0032393839210272,7.078025316736768e-08,7.055170909532327e-08,0.8,0.0,10.0,1.1160761645684641e-07,0.0,1.3943552168914015e-06,1.505962833348248e-06,Canada,CAN,,gcp,northamerica-northeast2,Linux-6.8.0-1032-gcp-x86_64-with-glibc2.35,3.10.12,3.0.4,2,Intel(R) Xeon(R) CPU @ 2.60GHz,,,,,15.61648178100586,machine,Y,1.0
2025-08-08T00:44:42,dask-benchmark,7a138600-4112-46b1-8e32-da726ec9f475,dask_R6301_81ec5021,1.002731021028012,7.071444850311514e-08,7.052185184279809e-08,0.8,0.0,10.0,1.1150007912268245e-07,0.0,1.3930626549861495e-06,1.5045627341088322e-06,Canada,CAN,,gcp,northamerica-northeast2,Linux-6.8.0-1032-gcp-x86_64-with-glibc2.35,3.10.12,3.0.4,2,Intel(R) Xeon(R) CPU @ 2.60GHz,,,,,15.61648178100586,machine,Y,1.0
2025-08-08T00:44:44,dask-benchmark,f71dc2f2-4be1-4fc9-8e9f-94f9c52eb21b,dask_R6301_81ec5021,1.0031108409166336,7.077674690054522e-08,7.055725450626182e-08,0.8,0.0,10.0,1.1158944024807877e-07,0.0,1.3942987916784157e-06,1.5058882319264942e-06,Canada,CAN,,gcp,northamerica-northeast2,Linux-6.8.0-1032-gcp-x86_64-with-glibc2.35,3.10.12,3.0.4,2,Intel(R) Xeon(R) CPU @ 2.60GHz,,,,,15.61648178100586,machine,Y,1.0
2025-08-08T00:44:46,dask-benchmark,a09f7380-42f3-458f-b20b-b0d594e305af,dask_R6301_81ec5021,1.0031456528231502,7.077390723339752e-08,7.055197521338869e-08,0.8001944000000001,0.0,10.0,1.1162172719940897e-07,0.0,1.3942060862771337e-06,1.5058278134765429e-06,Canada,CAN,,gcp,northamerica-northeast2,Linux-6.8.0-1032-gcp-x86_64-with-glibc2.35,3.10.12,3.0.4,2,Intel(R) Xeon(R) CPU @ 2.60GHz,,,,,15.61648178100586,machine,Y,1.0
2025-08-08T00:44:48,dask-benchmark,30cd2d27-39d0-48a2-bac1-bee8bd52b6d1,dask_R6301_81ec5021,1.0027492898516357,7.071358400050346e-08,7.051970489150487e-08,0.8,0.0,10.0,1.1149564623418785e-07,0.0,1.3930486942020551e-06,1.5045443404362432e-06,Canada,CAN,,gcp,northamerica-northeast2,Linux-6.8.0-1032-gcp-x86_64-with-glibc2.35,3.10.12,3.0.4,2,Intel(R) Xeon(R) CPU @ 2.60GHz,,,,,15.61648178100586,machine,Y,1.0
2025-08-08T00:44:51,dask-benchmark,5bea8bae-038b-43f2-8465-d045330b4bb5,dask_R6301_81ec5021,1.0027980101294816,7.072826004980338e-08,7.053091383844182e-08,0.8,0.0,10.0,1.1152048740122054e-07,0.0,1.3933361094031069e-06,1.5048565968043271e-06,Canada,CAN,,gcp,northamerica-northeast2,Linux-6.8.0-1032-gcp-x86_64-with-glibc2.35,3.10.12,3.0.4,2,Intel(R) Xeon(R) CPU @ 2.60GHz,,,,,15.61648178100586,machine,Y,1.0
2025-08-08T00:44:53,dask-benchmark,bb1c73f7-0c48-403a-bcff-cb2d0677b027,dask_R6301_81ec5021,1.0032172626815736,7.079094533720571e-08,7.05639226621593e-08,0.8,0.0,10.0,1.1161532377203305e-07,0.0,1.394575002551493e-06,1.5061903263235256e-06,Canada,CAN,,gcp,northamerica-northeast2,Linux-6.8.0-1032-gcp-x86_64-with-glibc2.35,3.10.12,3.0.4,2,Intel(R) Xeon(R) CPU @ 2.60GHz,,,,,15.61648178100586,machine,Y,1.0
2025-08-08T00:44:55,dask-benchmark,ed4476c7-5312-4062-8dda-3e0dcd0b868e,dask_R6301_81ec5021,1.003248153720051,7.079075419876934e-08,7.056155940708858e-08,0.8,0.0,10.0,1.116121572752795e-07,0.0,1.394574102273004e-06,1.5061862595482837e-06,Canada,CAN,,gcp,northamerica-northeast2,Linux-6.8.0-1032-gcp-x86_64-with-glibc2.35,3.10.12,3.0.4,2,Intel(R) Xeon(R) CPU @ 2.60GHz,,,,,15.61648178100586,machine,Y,1.0
2025-08-08T00:44:57,dask-benchmark,18fc6031-3fb9-4633-a05a-6324048051ca,dask_R6301_81ec5021,1.0027823043055832,7.07293327911757e-08,7.053308827597936e-08,0.8,0.0,10.0,1.1151397114412656e-07,0.0,1.393365449944718e-06,1.5048794210888446e-06,Canada,CAN,,gcp,northamerica-northeast2,Linux-6.8.0-1032-gcp-x86_64-with-glibc2.35,3.10.12,3.0.4,2,Intel(R) Xeon(R) CPU @ 2.60GHz,,,,,15.61648178100586,machine,Y,1.0
2025-08-08T00:44:59,dask-benchmark,8d9b48f3-421f-46db-98e6-8501d1ce1ee4,dask_R6301_81ec5021,1.0032225977629423,7.079131944084333e-08,7.056392030911076e-08,0.8,0.0,10.0,1.1161527793026633e-07,0.0,1.3945830080451235e-06,1.50619828597539e-06,Canada,CAN,,gcp,northamerica-northeast2,Linux-6.8.0-1032-gcp-x86_64-with-glibc2.35,3.10.12,3.0.4,2,Intel(R) Xeon(R) CPU @ 2.60GHz,,,,,15.61648178100586,machine,Y,1.0
2025-08-08T00:45:01,dask-benchmark,96b1b1dd-6b01-4e07-a775-bc6ea8f879b2,dask_R6301_81ec5021,1.003372522071004,7.079334118212055e-08,7.05553915668331e-08,0.8,0.0,10.0,1.1163560694290533e-07,0.0,1.3946056948043404e-06,1.5062413017472458e-06,Canada,CAN,,gcp,northamerica-northeast2,Linux-6.8.0-1032-gcp-x86_64-with-glibc2.35,3.10.12,3.0.4,2,Intel(R) Xeon(R) CPU @ 2.60GHz,,,,,15.61648178100586,machine,Y,1.0
2025-08-08T00:45:04,dask-benchmark,11482e7b-11d3-4e80-aee1-9459970be417,dask_R6301_81ec5021,1.0028426256030798,7.0728701630659e-08,7.052821631721615e-08,0.8,0.0,10.0,1.1151568394982153e-07,0.0,1.3933503081918591e-06,1.5048659921416807e-06,Canada,CAN,,gcp,northamerica-northeast2,Linux-6.8.0-1032-gcp-x86_64-with-glibc2.35,3.10.12,3.0.4,2,Intel(R) Xeon(R) CPU @ 2.60GHz,,,,,15.61648178100586,machine,Y,1.0
2025-08-08T00:45:06,dask-benchmark,75b25ddf-e9b8-4e17-99e9-d2f06dcdfbfe,dask_R6301_81ec5021,1.0027262479998171,7.071775486004645e-08,7.05254848979074e-08,0.8,0.0,10.0,1.1150234358178245e-07,0.0,1.393130738546865e-06,1.5046330821286477e-06,Canada,CAN,,gcp,northamerica-northeast2,Linux-6.8.0-1032-gcp-x86_64-with-glibc2.35,3.10.12,3.0.4,2,Intel(R) Xeon(R) CPU @ 2.60GHz,,,,,15.61648178100586,machine,Y,1.0
2025-08-08T00:45:08,dask-benchmark,3669370a-0c6d-4b8a-b177-bcfeebcd5e53,dask_R6301_81ec5021,1.0031989398412406,7.07830529515114e-08,7.05573442518919e-08,0.8,0.0,10.0,1.116068366294106e-07,0.0,1.3944155665942365e-06,1.5060224032236469e-06,Canada,CAN,,gcp,northamerica-northeast2,Linux-6.8.0-1032-gcp-x86_64-with-glibc2.35,3.10.12,3.0.4,2,Intel(R) Xeon(R) CPU @ 2.60GHz,,,,,15.61648178100586,machine,Y,1.0
2025-08-08T00:45:10,dask-benchmark,f2fb8183-e2fd-470a-a7fd-00bcd0e1c83f,dask_R6301_81ec5021,1.0032745790667832,7.078245746773773e-08,7.055143122790722e-08,0.8,0.0,10.0,1.1161745370676125e-07,0.0,1.3943922796493604e-06,1.5060097333561216e-06,Canada,CAN,,gcp,northamerica-northeast2,Linux-6.8.0-1032-gcp-x86_64-with-glibc2.35,3.10.12,3.0.4,2,Intel(R) Xeon(R) CPU @ 2.60GHz,,,,,15.61648178100586,machine,Y,1.0
2025-08-08T00:45:12,dask-benchmark,5bc3b686-612b-44e8-a8df-2565fd42371b,dask_R6301_81ec5021,1.0027738763019445,7.07185224413665e-08,7.052290063854088e-08,0.8,0.0,10.0,1.114971162751317e-07,0.0,1.3931522973709635e-06,1.5046494136460955e-06,Canada,CAN,,gcp,northamerica-northeast2,Linux-6.8.0-1032-gcp-x86_64-with-glibc2.35,3.10.12,3.0.4,2,Intel(R) Xeon(R) CPU @ 2.60GHz,,,,,15.61648178100586,machine,Y,1.0
2025-08-08T00:45:14,dask-benchmark,74c1c0a6-ff87-4e6f-af72-2e3486760331,dask_R6301_81ec5021,1.0032983319833877,7.079798006819976e-08,7.056523250491363e-08,0.8,0.0,10.0,1.1162366552485361e-07,0.0,1.394716335926205e-06,1.5063400014510586e-06,Canada,CAN,,gcp,northamerica-northeast2,Linux-6.8.0-1032-gcp-x86_64-with-glibc2.35,3.10.12,3.0.4,2,Intel(R) Xeon(R) CPU @ 2.60GHz,,,,,15.61648178100586,machine,Y,1.0
2025-08-08T00:45:17,dask-benchmark,3efe62f6-6a06-480c-a8f7-c723521e582d,dask_R6301_81ec5021,1.0033839992247522,7.079912795421358e-08,7.056035177849688e-08,0.8,0.0,10.0,1.11630548723042e-07,0.0,1.3947338758346935e-06,1.5063644245577354e-06,Canada,CAN,,gcp,northamerica-northeast2,Linux-6.8.0-1032-gcp-x86_64-with-glibc2.35,3.10.12,3.0.4,2,Intel(R) Xeon(R) CPU @ 2.60GHz,,,,,15.61648178100586,machine,Y,1.0
2025-08-08T00:45:19,dask-benchmark,4c38d1b6-2af6-4127-9282-1891ccda7682,dask_R6301_81ec5021,1.0028200540691614,7.07166438788279e-08,7.051777992659769e-08,0.8,0.0,10.0,1.1151017403850957e-07,0.0,1.3930992701918711e-06,1.5046094442303808e-06,Canada,CAN,,gcp,northamerica-northeast2,Linux-6.8.0-1032-gcp-x86_64-with-glibc2.35,3.10.12,3.0.4,2,Intel(R) Xeon(R) CPU @ 2.60GHz,,,,,15.61648178100586,machine,Y,1.0
2025-08-08T00:45:21,dask-benchmark,b272ccdb-e43f-4f7a-9f42-e0c2ba2f3e1e,dask_R6301_81ec5021,1.0028770421631634,7.073706735634349e-08,7.053413766832932e-08,0.8,0.0,10.0,1.1152507250921594e-07,0.0,1.3935189137959645e-06,1.5050439863051803e-06,Canada,CAN,,gcp,northamerica-northeast2,Linux-6.8.0-1032-gcp-x86_64-with-glibc2.35,3.10.12,3.0.4,2,Intel(R) Xeon(R) CPU @ 2.60GHz,,,,,15.61648178100586,machine,Y,1.0
2025-08-08T00:45:23,dask-benchmark,f0d9c8c5-c307-4bbb-8446-a77a5fb1e3f3,dask_R6301_81ec5021,1.0034031150862577,7.080666108962357e-08,7.056651511744277e-08,0.8,0.0,10.0,1.1164387584560449e-07,0.0,1.3948808281889393e-06,1.5065247040345438e-06,Canada,CAN,,gcp,northamerica-northeast2,Linux-6.8.0-1032-gcp-x86_64-with-glibc2.35,3.10.12,3.0.4,2,Intel(R) Xeon(R) CPU @ 2.60GHz,,,,,15.61648178100586,machine,Y,1.0
2025-08-08T00:45:25,dask-benchmark,0eedce0a-7447-4ec6-96c2-7df955789be0,dask_R6301_81ec5021,1.0033165840432048,7.079811882838193e-08,7.056408710307257e-08,0.8,0.0,10.0,1.1162523770083985e-07,0.0,1.3947177160945205e-06,1.5063429537953605e-06,Canada,CAN,,gcp,northamerica-northeast2,Linux-6.8.0-1032-gcp-x86_64-with-glibc2.35,3.10.12,3.0.4,2,Intel(R) Xeon(R) CPU @ 2.60GHz,,,,,15.61648178100586,machine,Y,1.0
2025-08-08T00:45:27,dask-benchmark,39f094e3-afa0-4dc0-b97d-2496401ed128,dask_R6301_81ec5021,1.002959962002933,7.073744736922284e-08,7.052868514108839e-08,0.8,0.0,10.0,1.1153596608589096e-07,0.0,1.3935161055997014e-06,1.5050520716855924e-06,Canada,CAN,,gcp,northamerica-northeast2,Linux-6.8.0-1032-gcp-x86_64-with-glibc2.35,3.10.12,3.0.4,2,Intel(R) Xeon(R) CPU @ 2.60GHz,,,,,15.61648178100586,machine,Y,1.0
2025-08-08T00:45:30,dask-benchmark,7f00f779-8534-4319-b32e-3a4dd9e62ba2,dask_R6301_81ec5021,1.003387470729649,7.080033895238821e-08,7.056131456465488e-08,0.8,0.0,10.0,1.116338995181852e-07,0.0,1.3947562909581597e-06,1.506390190476345e-06,Canada,CAN,,gcp,northamerica-northeast2,Linux-6.8.0-1032-gcp-x86_64-with-glibc2.35,3.10.12,3.0.4,2,Intel(R) Xeon(R) CPU @ 2.60GHz,,,,,15.61648178100586,machine,Y,1.0
2025-08-08T00:45:32,dask-benchmark,7abb1261-a45f-40db-9840-3c6bd574dbc1,dask_R6301_81ec5021,1.0033006989397109,7.079083235882637e-08,7.055794183502333e-08,0.8,0.0,10.0,1.1161475804530917e-07,0.0,1.3945731644829113e-06,1.5061879225282204e-06,Canada,CAN,,gcp,northamerica-northeast2,Linux-6.8.0-1032-gcp-x86_64-with-glibc2.35,3.10.12,3.0.4,2,Intel(R) Xeon(R) CPU @ 2.60GHz,,,,,15.61648178100586,machine,Y,1.0
2025-08-08T00:45:34,dask-benchmark,7e7085dd-acd8-408d-b4cd-05b2d644778b,dask_R6301_81ec5021,1.0030088438652456,7.074851059810156e-08,7.05362779509117e-08,0.8,0.0,10.0,1.115570566099551e-07,0.0,1.3937304029241204e-06,1.5052874595340756e-06,Canada,CAN,,gcp,northamerica-northeast2,Linux-6.8.0-1032-gcp-x86_64-with-glibc2.35,3.10.12,3.0.4,2,Intel(R) Xeon(R) CPU @ 2.60GHz,,,,,15.61648178100586,machine,Y,1.0
2025-08-08T00:45:36,dask-benchmark,f3e04999-1f5a-4c2f-a96b-e229d4096cdf,dask_R6301_81ec5021,1.0027545867487788,7.072111750797679e-08,7.05268451947701e-08,0.8,0.0,10.0,1.1150267285605273e-07,0.0,1.3932019549732408e-06,1.5047046278292937e-06,Canada,CAN,,gcp,northamerica-northeast2,Linux-6.8.0-1032-gcp-x86_64-with-glibc2.35,3.10.12,3.0.4,2,Intel(R) Xeon(R) CPU @ 2.60GHz,,,,,15.61648178100586,machine,Y,1.0
2025-08-08T00:45:38,dask-benchmark,49c4f4d6-21bf-4905-bf8b-ccd0934c11ff,dask_R6301_81ec5021,1.0032495437189937,7.078737054020167e-08,7.05580889454448e-08,0.8,0.0,10.0,1.1161258909851313e-07,0.0,1.3945016777142885e-06,1.5061142668128011e-06,Canada,CAN,,gcp,northamerica-northeast2,Linux-6.8.0-1032-gcp-x86_64-with-glibc2.35,3.10.12,3.0.4,2,Intel(R) Xeon(R) CPU @ 2.60GHz,,,,,15.61648178100586,machine,Y,1.0
2025-08-08T00:45:40,dask-benchmark,a16860bd-cc06-4b60-a824-b28bf2c8cb2b,dask_R6301_81ec5021,1.003230007365346,7.078409918397665e-08,7.055620213142132e-08,0.8,0.0,10.0,1.1160401844729985e-07,0.0,1.394440645041565e-06,1.5060446634888648e-06,Canada,CAN,,gcp,northamerica-northeast2,Linux-6.8.0-1032-gcp-x86_64-with-glibc2.35,3.10.12,3.0.4,2,Intel(R) Xeon(R) CPU @ 2.60GHz,,,,,15.61648178100586,machine,Y,1.0
2025-08-08T00:45:43,dask-benchmark,d84c190b-39bf-4add-931f-bd15086d968c,dask_R6301_81ec5021,1.0027785617858171,7.072220378467398e-08,7.052624226302466e-08,0.8,0.0,10.0,1.1150388481716317e-07,0.0,1.3932238552822834e-06,1.5047277400994463e-06,Canada,CAN,,gcp,northamerica-northeast2,Linux-6.8.0-1032-gcp-x86_64-with-glibc2.35,3.10.12,3.0.4,2,Intel(R) Xeon(R) CPU @ 2.60GHz,,,,,15.61648178100586,machine,Y,1.0
2025-08-08T00:45:45,dask-benchmark,0c547280-b8da-40b6-86ca-73c97f917137,dask_R6301_81ec5021,1.0032364898361266,7.079207102100677e-08,7.056369234792314e-08,0.8,0.0,10.0,1.1161662524359097e-07,0.0,1.394597651799106e-06,1.506214277042697e-06,Canada,CAN,,gcp,northamerica-northeast2,Linux-6.8.0-1032-gcp-x86_64-with-glibc2.35,3.10.12,3.0.4,2,Intel(R) Xeon(R) CPU @ 2.60GHz,,,,,15.61648178100586,machine,Y,1.0
2025-08-08T00:45:47,dask-benchmark,759bfe20-c424-4db9-b054-f64408cfbc23,dask_R6301_81ec5021,1.0034017846919596,7.078201716843372e-08,7.054204830835886e-08,0.8,0.0,10.0,1.116234964380663e-07,0.0,1.3943768688477577e-06,1.506000365285824e-06,Canada,CAN,,gcp,northamerica-northeast2,Linux-6.8.0-1032-gcp-x86_64-with-glibc2.35,3.10.12,3.0.4,2,Intel(R) Xeon(R) CPU @ 2.60GHz,,,,,15.61648178100586,machine,Y,1.0
2025-08-08T00:45:49,dask-benchmark,841f2428-e38b-455a-b9b5-767b9b62790a,dask_R6301_81ec5021,1.0028279549442232,7.072634142114678e-08,7.05268945410288e-08,0.8,0.0,10.0,1.1151450862073236e-07,0.0,1.3933012662972842e-06,1.5048157749180169e-06,Canada,CAN,,gcp,northamerica-northeast2,Linux-6.8.0-1032-gcp-x86_64-with-glibc2.35,3.10.12,3.0.4,2,Intel(R) Xeon(R) CPU @ 2.60GHz,,,,,15.61648178100586,machine,Y,1.0
2025-08-08T00:45:51,dask-benchmark,ad223058-eff3-45c5-8f2c-c2101f75e733,dask_R6301_81ec5021,1.0029243640601635,7.073829265585583e-08,7.053203131837805e-08,0.8,0.0,10.0,1.115381895667977e-07,0.0,1.3935318669407733e-06,1.505070056507571e-06,Canada,CAN,,gcp,northamerica-northeast2,Linux-6.8.0-1032-gcp-x86_64-with-glibc2.35,3.10.12,3.0.4,2,Intel(R) Xeon(R) CPU @ 2.60GHz,,,,,15.61648178100586,machine,Y,1.0
2025-08-08T00:45:53,dask-benchmark,2f4b8364-a72f-46aa-aa62-ae063a29d6bc,dask_R6301_81ec5021,1.0032896641641855,7.079247808264985e-08,7.056035820086435e-08,0.8,0.0,10.0,1.1162682022485468e-07,0.0,1.394596117703865e-06,1.5062229379287197e-06,Canada,CAN,,gcp,northamerica-northeast2,Linux-6.8.0-1032-gcp-x86_64-with-glibc2.35,3.10.12,3.0.4,2,Intel(R) Xeon(R) CPU @ 2.60GHz,,,,,15.61648178100586,machine,Y,1.0
2025-08-08T00:45:56,dask-benchmark,500896e7-59a5-468f-9a7c-00e5d1ff4d17,dask_R6301_81ec5021,1.003381125163287,7.080299113680504e-08,7.056440405462361e-08,0.8,0.0,10.0,1.1163395291401281e-07,0.0,1.3948126670180097e-06,1.5064466199320222e-06,Canada,CAN,,gcp,northamerica-northeast2,Linux-6.8.0-1032-gcp-x86_64-with-glibc2.35,3.10.12,3.0.4,2,Intel(R) Xeon(R) CPU @ 2.60GHz,,,,,15.61648178100586,machine,Y,1.0
2025-08-08T00:45:58,dask-benchmark,90074c30-b619-4dec-9bd5-30422afbe464,dask_R6301_81ec5021,1.002859169151634,7.073103422236939e-08,7.05293787982256e-08,0.8,0.0,10.0,1.115205544564459e-07,0.0,1.3933950672960944e-06,1.5049156217525405e-06,Canada,CAN,,gcp,northamerica-northeast2,Linux-6.8.0-1032-gcp-x86_64-with-glibc2.35,3.10.12,3.0.4,2,Intel(R) Xeon(R) CPU @ 2.60GHz,,,,,15.61648178100586,machine,Y,1.0
2025-08-08T00:46:00,dask-benchmark,8af2e8c7-5217-4824-b683-2640b00b40f7,dask_R6301_81ec5021,1.0033406047150493,7.079327174001893e-08,7.05575667996855e-08,0.8,0.0,10.0,1.1162454976389805e-07,0.0,1.3946152744918236e-06,1.5062398242557217e-06,Canada,CAN,,gcp,northamerica-northeast2,Linux-6.8.0-1032-gcp-x86_64-with-glibc2.35,3.10.12,3.0.4,2,Intel(R) Xeon(R) CPU @ 2.60GHz,,,,,15.61648178100586,machine,Y,1.0
2025-08-08T00:46:02,dask-benchmark,096683f3-d292-4cbd-b05e-479bf8d4e24e,dask_R6301_81ec5021,1.0043604127131402,7.080665865540505e-08,7.049925281715426e-08,0.8,0.0,10.0,1.1165120866563586e-07,0.0,1.3948734435770248e-06,1.5065246522426607e-06,Canada,CAN,,gcp,northamerica-northeast2,Linux-6.8.0-1032-gcp-x86_64-with-glibc2.35,3.10.12,3.0.4,2,Intel(R) Xeon(R) CPU @ 2.60GHz,,,,,15.61648178100586,machine,Y,1.0
2025-08-08T00:46:04,dask-benchmark,88db978d-f43a-4514-8d30-736976719797,dask_R6301_81ec5021,1.0028089890256524,7.07319982263984e-08,7.053386936142536e-08,0.8,0.0,10.0,1.1152146601428589e-07,0.0,1.3934146664622758e-06,1.5049361324765617e-06,Canada,CAN,,gcp,northamerica-northeast2,Linux-6.8.0-1032-gcp-x86_64-with-glibc2.35,3.10.12,3.0.4,2,Intel(R) Xeon(R) CPU @ 2.60GHz,,,,,15.61648178100586,machine,Y,1.0
2025-08-08T00:46:07,dask-benchmark,3226336a-b9ba-407e-966b-01677cf33d1e,dask_R6301_81ec5021,1.0027623600326478,7.072220483034228e-08,7.052738280686933e-08,0.8,0.0,10.0,1.115044037707978e-07,0.0,1.3932233585769104e-06,1.5047277623477082e-06,Canada,CAN,,gcp,northamerica-northeast2,Linux-6.8.0-1032-gcp-x86_64-with-glibc2.35,3.10.12,3.0.4,2,Intel(R) Xeon(R) CPU @ 2.60GHz,,,,,15.61648178100586,machine,Y,1.0
2025-08-08T00:46:09,dask-benchmark,050396cd-9bf5-477e-9854-528abee8b63e,dask_R6301_81ec5021,1.0032792259007692,7.078892028383497e-08,7.055754615100188e-08,0.8,0.0,10.0,1.1161881530036529e-07,0.0,1.3945284247812296e-06,1.506147240081595e-06,Canada,CAN,,gcp,northamerica-northeast2,Linux-6.8.0-1032-gcp-x86_64-with-glibc2.35,3.10.12,3.0.4,2,Intel(R) Xeon(R) CPU @ 2.60GHz,,,,,15.61648178100586,machine,Y,1.0
2025-08-08T00:46:11,dask-benchmark,e5c275db-a7c7-4fbb-981d-e75e93612043,dask_R6301_81ec5021,1.003312042914331,7.079013500999328e-08,7.055644902294648e-08,0.8000072,0.0,10.0,1.1162186900476977e-07,0.0,1.3945512163142363e-06,1.506173085319006e-06,Canada,CAN,,gcp,northamerica-northeast2,Linux-6.8.0-1032-gcp-x86_64-with-glibc2.35,3.10.12,3.0.4,2,Intel(R) Xeon(R) CPU @ 2.60GHz,,,,,15.61648178100586,machine,Y,1.0
2025-08-08T00:46:13,dask-benchmark,d27ecedc-0707-4410-af2d-8319bde578e1,dask_R6301_81ec5021,1.0027933400124311,7.071840039728625e-08,7.052141012066313e-08,0.8,0.0,10.0,1.1151509535395437e-07,0.0,1.3931317216095823e-06,1.504646816963537e-06,Canada,CAN,,gcp,northamerica-northeast2,Linux-6.8.0-1032-gcp-x86_64-with-glibc2.35,3.10.12,3.0.4,2,Intel(R) Xeon(R) CPU @ 2.60GHz,,,,,15.61648178100586,machine,Y,1.0
2025-08-08T00:46:15,dask-benchmark,19786dc0-704b-4543-8ea0-3265d193d333,dask_R6301_81ec5021,1.0032308627851307,7.078251949775344e-08,7.055456737171116e-08,0.8,0.0,10.0,1.1160752001321977e-07,0.0,1.39440353313047e-06,1.50601105314369e-06,Canada,CAN,,gcp,northamerica-northeast2,Linux-6.8.0-1032-gcp-x86_64-with-glibc2.35,3.10.12,3.0.4,2,Intel(R) Xeon(R) CPU @ 2.60GHz,,,,,15.61648178100586,machine,Y,1.0
2025-08-08T00:46:17,dask-benchmark,a50cc92d-d1ec-421a-9f75-8fd1247da222,dask_R6301_81ec5021,1.0031668562442064,7.078099031730866e-08,7.055754471624815e-08,0.8,0.0,10.0,1.1160097850693597e-07,0.0,1.39437753888261e-06,1.505978517389546e-06,Canada,CAN,,gcp,northamerica-northeast2,Linux-6.8.0-1032-gcp-x86_64-with-glibc2.35,3.10.12,3.0.4,2,Intel(R) Xeon(R) CPU @ 2.60GHz,,,,,15.61648178100586,machine,Y,1.0
2025-08-08T00:46:19,dask-benchmark,9f184be7-90b0-4339-9be5-b8e14bda7f44,dask_R6301_81ec5021,1.0027516172267497,7.071849907919143e-08,7.052444280745552e-08,0.8,0.0,10.0,1.1150470489843025e-07,0.0,1.393144211680111e-06,1.5046489165785412e-06,Canada,CAN,,gcp,northamerica-northeast2,Linux-6.8.0-1032-gcp-x86_64-with-glibc2.35,3.10.12,3.0.4,2,Intel(R) Xeon(R) CPU @ 2.60GHz,,,,,15.61648178100586,machine,Y,1.0
2025-08-08T00:46:22,dask-benchmark,46e92373-15e7-4e1f-a086-72695ccc148d,dask_R6301_81ec5021,1.0028348448686302,7.073447836190461e-08,7.053452392868411e-08,0.8,0.0,10.0,1.1152005775107281e-07,0.0,1.3934688435660467e-06,1.5049889013171197e-06,Canada,CAN,,gcp,northamerica-northeast2,Linux-6.8.0-1032-gcp-x86_64-with-glibc2.35,3.10.12,3.0.4,2,Intel(R) Xeon(R) CPU @ 2.60GHz,,,,,15.61648178100586,machine,Y,1.0
2025-08-08T00:46:24,dask-benchmark,424242d8-5a57-467f-a466-160d016aa4ef,dask_R6301_81ec5021,1.0034421337768435,7.080223971713955e-08,7.05593649437939e-08,0.8,0.0,10.0,1.1163797705537745e-07,0.0,1.3947926552241875e-06,1.506430632279565e-06,Canada,CAN,,gcp,northamerica-northeast2,Linux-6.8.0-1032-gcp-x86_64-with-glibc2.35,3.10.12,3.0.4,2,Intel(R) Xeon(R) CPU @ 2.60GHz,,,,,15.61648178100586,machine,Y,1.0
2025-08-08T00:46:26,dask-benchmark,b4988403-eb80-4a6c-926e-e58af70c6f09,dask_R6301_81ec5021,1.0033569051884117,7.079524573228139e-08,7.05583879138076e-08,0.8000072,0.0,10.0,1.1163115158041341e-07,0.0,1.39465067251068e-06,1.5062818240910935e-06,Canada,CAN,,gcp,northamerica-northeast2,Linux-6.8.0-1032-gcp-x86_64-with-glibc2.35,3.10.12,3.0.4,2,Intel(R) Xeon(R) CPU @ 2.60GHz,,,,,15.61648178100586,machine,Y,1.0
2025-08-08T00:46:28,dask-benchmark,a606b4d3-4095-41b9-9313-b8cf2f344e8d,dask_R6301_81ec5021,1.0028926390223205,7.072878004362186e-08,7.052477732070352e-08,0.8,0.0,10.0,1.1152219130761105e-07,0.0,1.3933454691949818e-06,1.5048676605025927e-06,Canada,CAN,,gcp,northamerica-northeast2,Linux-6.8.0-1032-gcp-x86_64-with-glibc2.35,3.10.12,3.0.4,2,Intel(R) Xeon(R) CPU @ 2.60GHz,,,,,15.61648178100586,machine,Y,1.0
2025-08-08T00:46:30,dask-benchmark,a861bc3f-0768-4d64-8352-86462dcd7a3d,dask_R6301_81ec5021,1.0033204997889698,7.07936517431711e-08,7.055935940515643e-08,0.8,0.0,10.0,1.1162451820241081e-07,0.0,1.3946233912267615e-06,1.5062479094291724e-06,Canada,CAN,,gcp,northamerica-northeast2,Linux-6.8.0-1032-gcp-x86_64-with-glibc2.35,3.10.12,3.0.4,2,Intel(R) Xeon(R) CPU @ 2.60GHz,,,,,15.61648178100586,machine,Y,1.0
2025-08-08T00:46:32,dask-benchmark,ce927a71-0a7d-46df-9b93-c1079971fafb,dask_R6301_81ec5021,1.0032865046523511,7.07968700645595e-08,7.056495800179366e-08,0.8,0.0,10.0,1.1162005375242897e-07,0.0,1.3946963305999007e-06,1.5063163843523295e-06,Canada,CAN,,gcp,northamerica-northeast2,Linux-6.8.0-1032-gcp-x86_64-with-glibc2.35,3.10.12,3.0.4,2,Intel(R) Xeon(R) CPU @ 2.60GHz,,,,,15.61648178100586,machine,Y,1.0
2025-08-08T00:46:35,dask-benchmark,a684f971-8d0a-4d8b-804c-418e2de0b420,dask_R6301_81ec5021,1.002740478143096,7.072139704186055e-08,7.052811628071952e-08,0.8,0.0,10.0,1.1150745105826197e-07,0.0,1.3932031243004732e-06,1.5047105753587353e-06,Canada,CAN,,gcp,northamerica-northeast2,Linux-6.8.0-1032-gcp-x86_64-with-glibc2.35,3.10.12,3.0.4,2,Intel(R) Xeon(R) CPU @ 2.60GHz,,,,,15.61648178100586,machine,Y,1.0
2025-08-08T00:46:37,dask-benchmark,23ec3c6f-6a54-4138-8969-8e930caa1c60,dask_R6301_81ec5021,1.002717994619161,7.07196090269006e-08,7.052791453469464e-08,0.8,0.0,10.0,1.1150093862993865e-07,0.0,1.393171593857308e-06,1.5046725324872469e-06,Canada,CAN,,gcp,northamerica-northeast2,Linux-6.8.0-1032-gcp-x86_64-with-glibc2.35,3.10.12,3.0.4,2,Intel(R) Xeon(R) CPU @ 2.60GHz,,,,,15.61648178100586,machine,Y,1.0
2025-08-08T00:46:39,dask-benchmark,a157f02c-469e-43d6-83f9-8e35ba0cfd4a,dask_R6301_81ec5021,1.003145988099277,7.077495383962784e-08,7.055299495712436e-08,0.8,0.0,10.0,1.1159387086000709e-07,0.0,1.394256210834202e-06,1.505850081694209e-06,Canada,CAN,,gcp,northamerica-northeast2,Linux-6.8.0-1032-gcp-x86_64-with-glibc2.35,3.10.12,3.0.4,2,Intel(R) Xeon(R) CPU @ 2.60GHz,,,,,15.61648178100586,machine,Y,1.0
2025-08-08T00:46:41,dask-benchmark,fd739d35-ed74-413e-91e6-4a6163ad08f4,dask_R6301_81ec5021,1.0031751180067658,7.07803038360758e-08,7.05562793231066e-08,0.8,0.0,10.0,1.1159435473382473e-07,0.0,1.3943695566720434e-06,1.505963911405868e-06,Canada,CAN,,gcp,northamerica-northeast2,Linux-6.8.0-1032-gcp-x86_64-with-glibc2.35,3.10.12,3.0.4,2,Intel(R) Xeon(R) CPU @ 2.60GHz,,,,,15.61648178100586,machine,Y,1.0
2025-08-08T00:46:43,dask-benchmark,5155895e-1ee5-4110-9a76-013ac81d4e13,dask_R6301_81ec5021,1.002738208975643,7.071850135291203e-08,7.052538810219988e-08,0.8,0.0,10.0,1.1149655375629665e-07,0.0,1.3931524111992784e-06,1.504648964955575e-06,Canada,CAN,,gcp,northamerica-northeast2,Linux-6.8.0-1032-gcp-x86_64-with-glibc2.35,3.10.12,3.0.4,2,Intel(R) Xeon(R) CPU @ 2.60GHz,,,,,15.61648178100586,machine,Y,1.0
2025-08-08T00:46:46,dask-benchmark,23074a6e-2b24-45b1-bd1b-790ba6e83ce7,dask_R6301_81ec5021,1.0032711829990149,7.078619562685973e-08,7.055539601492695e-08,0.8000072,0.0,10.0,1.1160917692997557e-07,0.0,1.3944800917266143e-06,1.50608926865659e-06,Canada,CAN,,gcp,northamerica-northeast2,Linux-6.8.0-1032-gcp-x86_64-with-glibc2.35,3.10.12,3.0.4,2,Intel(R) Xeon(R) CPU @ 2.60GHz,,,,,15.61648178100586,machine,Y,1.0
2025-08-08T00:46:48,dask-benchmark,76b2c281-35f8-4bd3-ad73-95b594d7d1ba,dask_R6301_81ec5021,1.0032478659413755,7.07861300249998e-08,7.055697044376884e-08,0.8,0.0,10.0,1.116060232743621e-07,0.0,1.394481849597974e-06,1.506087872872336e-06,Canada,CAN,,gcp,northamerica-northeast2,Linux-6.8.0-1032-gcp-x86_64-with-glibc2.35,3.10.12,3.0.4,2,Intel(R) Xeon(R) CPU @ 2.60GHz,,,,,15.61648178100586,machine,Y,1.0
2025-08-08T00:46:50,dask-benchmark,65748a63-1668-450f-8364-5025fe2e0360,dask_R6301_81ec5021,1.002474570646882,7.067360465590738e-08,7.049914952985066e-08,0.8,0.0,10.0,1.1143536420745982e-07,0.0,1.392258351875676e-06,1.5036937160831358e-06,Canada,CAN,,gcp,northamerica-northeast2,Linux-6.8.0-1032-gcp-x86_64-with-glibc2.35,3.10.12,3.0.4,2,Intel(R) Xeon(R) CPU @ 2.60GHz,,,,,15.61648178100586,machine,Y,1.0
2025-08-08T00:46:52,dask-benchmark,6f7ee634-8025-4b28-b054-9b64dffbe3f3,dask_R6301_81ec5021,1.0028366432525218,7.072949049497645e-08,7.052942368118696e-08,0.8,0.0,10.0,1.1152287955499361e-07,0.0,1.3933598969338668e-06,1.5048827764888604e-06,Canada,CAN,,gcp,northamerica-northeast2,Linux-6.8.0-1032-gcp-x86_64-with-glibc2.35,3.10.12,3.0.4,2,Intel(R) Xeon(R) CPU @ 2.60GHz,,,,,15.61648178100586,machine,Y,1.0
2025-08-08T00:46:54,dask-benchmark,1b8ccdf8-61bb-4e5c-b6c7-fbf0f3552d46,dask_R6301_81ec5021,1.0032717399299145,7.079024111608871e-08,7.055938914519202e-08,0.8,0.0,10.0,1.1161686355868977e-07,0.0,1.3945584793368146e-06,1.5061753428955044e-06,Canada,CAN,,gcp,northamerica-northeast2,Linux-6.8.0-1032-gcp-x86_64-with-glibc2.35,3.10.12,3.0.4,2,Intel(R) Xeon(R) CPU @ 2.60GHz,,,,,15.61648178100586,machine,Y,1.0
2025-08-08T00:46:56,dask-benchmark,bbe41598-e840-49cc-9712-700bab3af7e8,dask_R6301_81ec5021,1.0033260420896113,7.078985496294788e-08,7.055518544651246e-08,0.8,0.0,10.0,1.1162715757058729e-07,0.0,1.3945399693006444e-06,1.5061671268712317e-06,Canada,CAN,,gcp,northamerica-northeast2,Linux-6.8.0-1032-gcp-x86_64-with-glibc2.35,3.10.12,3.0.4,2,Intel(R) Xeon(R) CPU @ 2.60GHz,,,,,15.61648178100586,machine,Y,1.0
2025-08-08T00:46:59,dask-benchmark,a3c2ff3a-a416-4be3-9a27-2265c4a1dbbb,dask_R6301_81ec5021,1.0029748328961432,7.074268298171874e-08,7.053285951098642e-08,0.8,0.0,10.0,1.1154573669450152e-07,0.0,1.393617731001642e-06,1.5051634676961437e-06,Canada,CAN,,gcp,northamerica-northeast2,Linux-6.8.0-1032-gcp-x86_64-with-glibc2.35,3.10.12,3.0.4,2,Intel(R) Xeon(R) CPU @ 2.60GHz,,,,,15.61648178100586,machine,Y,1.0
2025-08-08T00:47:01,dask-benchmark,9134dbca-2970-4772-acd0-64a7ddf868c7,dask_R6301_81ec5021,1.0032932399772108,7.079366412339735e-08,7.05612888660601e-08,0.8,0.0,10.0,1.1162111711584861e-07,0.0,1.3946270557223922e-06,1.5062481728382409e-06,Canada,CAN,,gcp,northamerica-northeast2,Linux-6.8.0-1032-gcp-x86_64-with-glibc2.35,3.10.12,3.0.4,2,Intel(R) Xeon(R) CPU @ 2.60GHz,,,,,15.61648178100586,machine,Y,1.0
2025-08-08T00:47:03,dask-benchmark,b69bdc84-917e-4401-891e-bbfd3c9c4336,dask_R6301_81ec5021,1.0034370510838926,7.081063842514739e-08,7.056809228706389e-08,0.8,0.0,10.0,1.116543473261926e-07,0.0,1.3949549808684323e-06,1.506609328194625e-06,Canada,CAN,,gcp,northamerica-northeast2,Linux-6.8.0-1032-gcp-x86_64-with-glibc2.35,3.10.12,3.0.4,2,Intel(R) Xeon(R) CPU @ 2.60GHz,,,,,15.61648178100586,machine,Y,1.0
2025-08-08T00:47:05,dask-benchmark,b0d2893a-1ef0-4a0c-b990-bd044ce1f205,dask_R6301_81ec5021,1.002957636024803,7.073546548979357e-08,7.052687267046671e-08,0.8,0.0,10.0,1.1152767659061485e-07,0.0,1.3934822274475465e-06,1.505009904038161e-06,Canada,CAN,,gcp,northamerica-northeast2,Linux-6.8.0-1032-gcp-x86_64-with-glibc2.35,3.10.12,3.0.4,2,Intel(R) Xeon(R) CPU @ 2.60GHz,,,,,15.61648178100586,machine,Y,1.0
2025-08-08T00:47:07,dask-benchmark,2206ef92-1b7e-4b75-b0fa-91f54f3e2945,dask_R6301_81ec5021,1.0025471937842667,7.072612029148474e-08,7.0546424876537e-08,0.8,0.0,10.0,1.1150970154752337e-07,0.0,1.3933013684840668e-06,1.5048110700315902e-06,Canada,CAN,,gcp,northamerica-northeast2,Linux-6.8.0-1032-gcp-x86_64-with-glibc2.35,3.10.12,3.0.4,2,Intel(R) Xeon(R) CPU @ 2.60GHz,,,,,15.61648178100586,machine,Y,1.0
2025-08-08T00:47:09,dask-benchmark,998be1b2-c7fe-47c2-bdb9-395cad5fee84,dask_R6301_81ec5021,1.0032775807194412,7.07821675185114e-08,7.05509311468459e-08,0.8,0.0,10.0,1.1161032867514425e-07,0.0,1.3943932355485028e-06,1.506003564223647e-06,Canada,CAN,,gcp,northamerica-northeast2,Linux-6.8.0-1032-gcp-x86_64-with-glibc2.35,3.10.12,3.0.4,2,Intel(R) Xeon(R) CPU @ 2.60GHz,,,,,15.61648178100586,machine,Y,1.0
2025-08-08T00:47:12,dask-benchmark,f87ce6b6-3b94-4c7a-aa90-a7bcff2e7cfe,dask_R6301_81ec5021,1.0032348991371691,7.078833512785947e-08,7.056008038470442e-08,0.8,0.0,10.0,1.1161100109004313e-07,0.0,1.394523788864414e-06,1.506134789954457e-06,Canada,CAN,,gcp,northamerica-northeast2,Linux-6.8.0-1032-gcp-x86_64-with-glibc2.35,3.10.12,3.0.4,2,Intel(R) Xeon(R) CPU @ 2.60GHz,,,,,15.61648178100586,machine,Y,1.0
2025-08-08T00:47:14,dask-benchmark,122c948a-d653-4626-b3b0-e45f36040f31,dask_R6301_81ec5021,1.0029762112535536,7.073021048866214e-08,7.052032709755013e-08,0.8,0.0,10.0,1.115367731286421e-07,0.0,1.3933613223748076e-06,1.5048980955034497e-06,Canada,CAN,,gcp,northamerica-northeast2,Linux-6.8.0-1032-gcp-x86_64-with-glibc2.35,3.10.12,3.0.4,2,Intel(R) Xeon(R) CPU @ 2.60GHz,,,,,15.61648178100586,machine,Y,1.0
2025-08-08T00:47:16,dask-benchmark,09c8b30a-d1fd-439b-85b5-402cf55bfa94,dask_R6301_81ec5021,1.003246647771448,7.078829430788756e-08,7.055921339496369e-08,0.8,0.0,10.0,1.116098997493585e-07,0.0,1.3945240216950576e-06,1.506133921444416e-06,Canada,CAN,,gcp,northamerica-northeast2,Linux-6.8.0-1032-gcp-x86_64-with-glibc2.35,3.10.12,3.0.4,2,Intel(R) Xeon(R) CPU @ 2.60GHz,,,,,15.61648178100586,machine,Y,1.0
2025-08-08T00:47:18,dask-benchmark,42c47a8d-31a7-44bd-a299-91adf4608bf3,dask_R6301_81ec5021,1.0033076968975363,7.078748938648236e-08,7.055411775009197e-08,0.8,0.0,10.0,1.1161598180317217e-07,0.0,1.3945008136538995e-06,1.5061167954570716e-06,Canada,CAN,,gcp,northamerica-northeast2,Linux-6.8.0-1032-gcp-x86_64-with-glibc2.35,3.10.12,3.0.4,2,Intel(R) Xeon(R) CPU @ 2.60GHz,,,,,15.61648178100586,machine,Y,1.0
2025-08-08T00:47:20,dask-benchmark,dcc49ee9-b4cd-4e81-9ef6-d1e722dae1c0,dask_R6301_81ec5021,1.0027207238599658,7.0722689942612e-08,7.053079512545182e-08,0.8,0.0,10.0,1.1151185114350585e-07,0.0,1.393226232741856e-06,1.5047380838853618e-06,Canada,CAN,,gcp,northamerica-northeast2,Linux-6.8.0-1032-gcp-x86_64-with-glibc2.35,3.10.12,3.0.4,2,Intel(R) Xeon(R) CPU @ 2.60GHz,,,,,15.61648178100586,machine,Y,1.0
2025-08-08T00:47:22,dask-benchmark,11745bd7-98e3-46da-9203-ff28b5775d18,dask_R6301_81ec5021,1.0030008871108294,7.074360785141206e-08,7.053194943345553e-08,0.8000072,0.0,10.0,1.1154796799685125e-07,0.0,1.3936351777778732e-06,1.5051831457747245e-06,Canada,CAN,,gcp,northamerica-northeast2,Linux-6.8.0-1032-gcp-x86_64-with-glibc2.35,3.10.12,3.0.4,2,Intel(R) Xeon(R) CPU @ 2.60GHz,,,,,15.61648178100586,machine,Y,1.0
2025-08-08T00:47:25,dask-benchmark,2dd64cc7-3938-4a7c-854b-dd8a93db308b,dask_R6301_81ec5021,1.0033490369096398,7.079751779527094e-08,7.05612057129496e-08,0.8,0.0,10.0,1.1163001683437161e-07,0.0,1.3947001490224567e-06,1.5063301658568284e-06,Canada,CAN,,gcp,northamerica-northeast2,Linux-6.8.0-1032-gcp-x86_64-with-glibc2.35,3.10.12,3.0.4,2,Intel(R) Xeon(R) CPU @ 2.60GHz,,,,,15.61648178100586,machine,Y,1.0
2025-08-08T00:47:27,dask-benchmark,c4898bb2-6078-4f1a-9faa-18c8f8ff9f94,dask_R6301_81ec5021,1.0033161817118526,7.07977766492404e-08,7.05637743512176e-08,0.8,0.0,10.0,1.1163105660428604e-07,0.0,1.3947046167838076e-06,1.5063356733880936e-06,Canada,CAN,,gcp,northamerica-northeast2,Linux-6.8.0-1032-gcp-x86_64-with-glibc2.35,3.10.12,3.0.4,2,Intel(R) Xeon(R) CPU @ 2.60GHz,,,,,15.61648178100586,machine,Y,1.0
2025-08-08T00:47:29,dask-benchmark,7d7667e6-27b8-4d8a-bc1d-587fb341b505,dask_R6301_81ec5021,1.0028280480764806,7.072664860444557e-08,7.052719430824259e-08,0.8,0.0,10.0,1.1150921405189569e-07,0.0,1.3933130966809888e-06,1.5048223107328845e-06,Canada,CAN,,gcp,northamerica-northeast2,Linux-6.8.0-1032-gcp-x86_64-with-glibc2.35,3.10.12,3.0.4,2,Intel(R) Xeon(R) CPU @ 2.60GHz,,,,,15.61648178100586,machine,Y,1.0
2025-08-08T00:47:31,dask-benchmark,fa25bb42-6cf3-435d-ba4c-a3db10adcebd,dask_R6301_81ec5021,1.0032667028717697,7.078995629306883e-08,7.055945950407636e-08,0.8,0.0,10.0,1.1161783886038597e-07,0.0,1.3945514439708657e-06,1.5061692828312517e-06,Canada,CAN,,gcp,northamerica-northeast2,Linux-6.8.0-1032-gcp-x86_64-with-glibc2.35,3.10.12,3.0.4,2,Intel(R) Xeon(R) CPU @ 2.60GHz,,,,,15.61648178100586,machine,Y,1.0
2025-08-08T00:47:33,dask-benchmark,632f431e-af36-40e6-b2bc-539025a4d00d,dask_R6301_81ec5021,1.003249139059335,7.079061977689467e-08,7.05613561186499e-08,0.8,0.0,10.0,1.1161342997931772e-07,0.0,1.3945699695290792e-06,1.506183399508397e-06,Canada,CAN,,gcp,northamerica-northeast2,Linux-6.8.0-1032-gcp-x86_64-with-glibc2.35,3.10.12,3.0.4,2,Intel(R) Xeon(R) CPU @ 2.60GHz,,,,,15.61648178100586,machine,Y,1.0
2025-08-08T00:47:35,dask-benchmark,89496a99-de51-4b31-bca1-e9151af5e631,dask_R6301_81ec5021,1.0027691395953298,7.072323166930841e-08,7.052792998580806e-08,0.8,0.0,10.0,1.1150814106480945e-07,0.0,1.393241468920476e-06,1.5047496099852853e-06,Canada,CAN,,gcp,northamerica-northeast2,Linux-6.8.0-1032-gcp-x86_64-with-glibc2.35,3.10.12,3.0.4,2,Intel(R) Xeon(R) CPU @ 2.60GHz,,,,,15.61648178100586,machine,Y,1.0
2025-08-08T00:47:38,dask-benchmark,59574497-f598-4a57-92cc-9aa0b92a17f3,dask_R6301_81ec5021,1.0027421349659562,7.071474373418218e-08,7.052136463437132e-08,0.8,0.0,10.0,1.1149938218295585e-07,0.0,1.3930696334379416e-06,1.5045690156208973e-06,Canada,CAN,,gcp,northamerica-northeast2,Linux-6.8.0-1032-gcp-x86_64-with-glibc2.35,3.10.12,3.0.4,2,Intel(R) Xeon(R) CPU @ 2.60GHz,,,,,15.61648178100586,machine,Y,1.0
2025-08-08T00:47:40,dask-benchmark,793bb1f3-7191-4a06-8252-6952c47c9a39,dask_R6301_81ec5021,1.003289855085313,7.07880715319059e-08,7.055595267220811e-08,0.8,0.0,10.0,1.1164452373567557e-07,0.0,1.394484657794237e-06,1.5061291815299126e-06,Canada,CAN,,gcp,northamerica-northeast2,Linux-6.8.0-1032-gcp-x86_64-with-glibc2.35,3.10.12,3.0.4,2,Intel(R) Xeon(R) CPU @ 2.60GHz,,,,,15.61648178100586,machine,Y,1.0
2025-08-08T00:47:42,dask-benchmark,d281b925-b017-41fe-a2ed-4ae998e7846f,dask_R6301_81ec5021,1.003233129158616,7.078511268945618e-08,7.055699281863001e-08,0.8,0.0,10.0,1.1160876684718665e-07,0.0,1.3944574605880514e-06,1.506066227435238e-06,Canada,CAN,,gcp,northamerica-northeast2,Linux-6.8.0-1032-gcp-x86_64-with-glibc2.35,3.10.12,3.0.4,2,Intel(R) Xeon(R) CPU @ 2.60GHz,,,,,15.61648178100586,machine,Y,1.0
2025-08-08T00:47:44,dask-benchmark,52af359d-bf68-4759-afd0-5f6656191099,dask_R6301_81ec5021,1.0027432898059487,7.072509910155915e-08,7.053161045360463e-08,0.8,0.0,10.0,1.11510594892833e-07,0.0,1.393278747693532e-06,1.504789342586365e-06,Canada,CAN,,gcp,northamerica-northeast2,Linux-6.8.0-1032-gcp-x86_64-with-glibc2.35,3.10.12,3.0.4,2,Intel(R) Xeon(R) CPU @ 2.60GHz,,,,,15.61648178100586,machine,Y,1.0
2025-08-08T00:47:46,dask-benchmark,0998e38c-7bbb-4af1-b250-f45c72254d6d,dask_R6301_81ec5021,1.0037791258655488,7.07712763682751e-08,7.050482974254894e-08,0.8004608000000001,0.0,10.0,1.1164118847428429e-07,0.0,1.39413064914859e-06,1.5057718376228744e-06,Canada,CAN,,gcp,northamerica-northeast2,Linux-6.8.0-1032-gcp-x86_64-with-glibc2.35,3.10.12,3.0.4,2,Intel(R) Xeon(R) CPU @ 2.60GHz,,,,,15.61648178100586,machine,Y,1.0
2025-08-08T00:47:48,dask-benchmark,0f3196b3-400f-4230-a89b-0cd1a9a64661,dask_R6301_81ec5021,1.0031070681288838,7.076336268950284e-08,7.054417712507919e-08,0.8000072,0.0,10.0,1.115762137125442e-07,0.0,1.3940272477662395e-06,1.505603461478784e-06,Canada,CAN,,gcp,northamerica-northeast2,Linux-6.8.0-1032-gcp-x86_64-with-glibc2.35,3.10.12,3.0.4,2,Intel(R) Xeon(R) CPU @ 2.60GHz,,,,,15.61648178100586,machine,Y,1.0
2025-08-08T00:47:51,dask-benchmark,edf6ea81-8e40-4af9-a0dc-45ed7212bc9c,dask_R6301_81ec5021,1.0027538919821382,7.071639319079825e-08,7.052218271725033e-08,0.8,0.0,10.0,1.114965178486374e-07,0.0,1.3931075925938786e-06,1.504604110442516e-06,Canada,CAN,,gcp,northamerica-northeast2,Linux-6.8.0-1032-gcp-x86_64-with-glibc2.35,3.10.12,3.0.4,2,Intel(R) Xeon(R) CPU @ 2.60GHz,,,,,15.61648178100586,machine,Y,1.0
2025-08-08T00:47:53,dask-benchmark,f9a175f0-750d-4ac5-a502-8786dd76a480,dask_R6301_81ec5021,1.0032639941200614,7.078163024198471e-08,7.05513510470049e-08,0.8,0.0,10.0,1.1160653022428357e-07,0.0,1.3943856025839018e-06,1.5059921328081854e-06,Canada,CAN,,gcp,northamerica-northeast2,Linux-6.8.0-1032-gcp-x86_64-with-glibc2.35,3.10.12,3.0.4,2,Intel(R) Xeon(R) CPU @ 2.60GHz,,,,,15.61648178100586,machine,Y,1.0
2025-08-08T00:47:55,dask-benchmark,006b44bf-964d-4515-9507-4a41cae9afa0,dask_R6301_81ec5021,1.003173065837473,7.078213525356518e-08,7.055824928321275e-08,0.8,0.0,10.0,1.1159973912354973e-07,0.0,1.3944031386118798e-06,1.5060028777354294e-06,Canada,CAN,,gcp,northamerica-northeast2,Linux-6.8.0-1032-gcp-x86_64-with-glibc2.35,3.10.12,3.0.4,2,Intel(R) Xeon(R) CPU @ 2.60GHz,,,,,15.61648178100586,machine,Y,1.0
2025-08-08T00:47:57,dask-benchmark,65239c70-e026-45eb-81b1-e23e61e943c7,dask_R6301_81ec5021,1.00278929900378,7.072382230896296e-08,7.052710113602477e-08,0.8,0.0,10.0,1.1150784397290817e-07,0.0,1.393254332813538e-06,1.504762176786446e-06,Canada,CAN,,gcp,northamerica-northeast2,Linux-6.8.0-1032-gcp-x86_64-with-glibc2.35,3.10.12,3.0.4,2,Intel(R) Xeon(R) CPU @ 2.60GHz,,,,,15.61648178100586,machine,Y,1.0
2025-08-08T00:47:59,dask-benchmark,9da1bf03-5b9e-4a2b-b498-779e788c67bc,dask_R6301_81ec5021,1.0032340441830456,7.078178889661406e-08,7.055361538717834e-08,0.8,0.0,10.0,1.1160459731602008e-07,0.0,1.394390911122577e-06,1.5059955084385971e-06,Canada,CAN,,gcp,northamerica-northeast2,Linux-6.8.0-1032-gcp-x86_64-with-glibc2.35,3.10.12,3.0.4,2,Intel(R) Xeon(R) CPU @ 2.60GHz,,,,,15.61648178100586,machine,Y,1.0
2025-08-08T00:48:01,dask-benchmark,f52d460d-98cf-40e7-aa64-a87799f2ee8f,dask_R6301_81ec5021,1.0042862831614912,7.078730334750274e-08,7.04851838906576e-08,0.8,0.0,10.0,1.1162624042481185e-07,0.0,1.3944865967560974e-06,1.5061128371809092e-06,Canada,CAN,,gcp,northamerica-northeast2,Linux-6.8.0-1032-gcp-x86_64-with-glibc2.35,3.10.12,3.0.4,2,Intel(R) Xeon(R) CPU @ 2.60GHz,,,,,15.61648178100586,machine,Y,1.0
2025-08-08T00:48:04,dask-benchmark,69c95bfa-0a10-4e27-9636-0237e51a85a8,dask_R6301_81ec5021,1.00273868907243,7.07209938078498e-08,7.052783998318573e-08,0.8,0.0,10.0,1.1150494331700937e-07,0.0,1.3931970525946882e-06,1.5047019959116977e-06,Canada,CAN,,gcp,northamerica-northeast2,Linux-6.8.0-1032-gcp-x86_64-with-glibc2.35,3.10.12,3.0.4,2,Intel(R) Xeon(R) CPU @ 2.60GHz,,,,,15.61648178100586,machine,Y,1.0
2025-08-08T00:48:06,dask-benchmark,b9939f63-d4bd-4697-9629-d5e17004b321,dask_R6301_81ec5021,1.002807434182614,7.072752114897596e-08,7.052951417998388e-08,0.8,0.0,10.0,1.115145255914993e-07,0.0,1.3933263499186272e-06,1.5048408755101264e-06,Canada,CAN,,gcp,northamerica-northeast2,Linux-6.8.0-1032-gcp-x86_64-with-glibc2.35,3.10.12,3.0.4,2,Intel(R) Xeon(R) CPU @ 2.60GHz,,,,,15.61648178100586,machine,Y,1.0
2025-08-08T00:48:08,dask-benchmark,7ad4b855-c815-4660-aa6f-8bb168eaba0b,dask_R6301_81ec5021,1.003261648118496,7.078782819030392e-08,7.055769382100722e-08,0.8,0.0,10.0,1.1161703978561697e-07,0.0,1.394506964263403e-06,1.5061240040490196e-06,Canada,CAN,,gcp,northamerica-northeast2,Linux-6.8.0-1032-gcp-x86_64-with-glibc2.35,3.10.12,3.0.4,2,Intel(R) Xeon(R) CPU @ 2.60GHz,,,,,15.61648178100586,machine,Y,1.0
2025-08-08T00:48:10,dask-benchmark,4409ad29-866f-4787-a17d-60356c2bd168,dask_R6301_81ec5021,1.0033045480959115,7.078772144945755e-08,7.055457047792684e-08,0.8,0.0,10.0,1.1161032939950625e-07,0.0,1.3945114035676753e-06,1.5061217329671815e-06,Canada,CAN,,gcp,northamerica-northeast2,Linux-6.8.0-1032-gcp-x86_64-with-glibc2.35,3.10.12,3.0.4,2,Intel(R) Xeon(R) CPU @ 2.60GHz,,,,,15.61648178100586,machine,Y,1.0
2025-08-08T00:48:12,dask-benchmark,da7a562b-ae7f-41b1-a048-d0bd154cb45d,dask_R6301_81ec5021,1.0027981619350612,7.07276864521102e-08,7.053033116417933e-08,0.8,0.0,10.0,1.1151510642634501e-07,0.0,1.3933292861717444e-06,1.5048443925980894e-06,Canada,CAN,,gcp,northamerica-northeast2,Linux-6.8.0-1032-gcp-x86_64-with-glibc2.35,3.10.12,3.0.4,2,Intel(R) Xeon(R) CPU @ 2.60GHz,,,,,15.61648178100586,machine,Y,1.0
2025-08-08T00:48:14,dask-benchmark,ebb73183-778d-41c3-b944-5fb12e6eecad,dask_R6301_81ec5021,1.0032150512561202,7.078893213879526e-08,7.056207146230591e-08,0.8,0.0,10.0,1.1161701474338773e-07,0.0,1.394530477571405e-06,1.5061474923147924e-06,Canada,CAN,,gcp,northamerica-northeast2,Linux-6.8.0-1032-gcp-x86_64-with-glibc2.35,3.10.12,3.0.4,2,Intel(R) Xeon(R) CPU @ 2.60GHz,,,,,15.61648178100586,machine,Y,1.0
2025-08-08T00:48:17,dask-benchmark,25048902-0856-49db-b9ab-8ffbd58d9e3a,dask_R6301_81ec5021,1.0032139038667085,7.078626939069686e-08,7.05594979474107e-08,0.8,0.0,10.0,1.1160567971981233e-07,0.0,1.394485158380121e-06,1.5060908380999332e-06,Canada,CAN,,gcp,northamerica-northeast2,Linux-6.8.0-1032-gcp-x86_64-with-glibc2.35,3.10.12,3.0.4,2,Intel(R) Xeon(R) CPU @ 2.60GHz,,,,,15.61648178100586,machine,Y,1.0
2025-08-08T00:48:19,dask-benchmark,179980c5-9688-4d29-b9e9-ab5f99ab347f,dask_R6301_81ec5021,1.0028650113381443,7.072484666750662e-08,7.052279805149142e-08,0.8,0.0,10.0,1.1151687066174217e-07,0.0,1.393267100987335e-06,1.504783971649077e-06,Canada,CAN,,gcp,northamerica-northeast2,Linux-6.8.0-1032-gcp-x86_64-with-glibc2.35,3.10.12,3.0.4,2,Intel(R) Xeon(R) CPU @ 2.60GHz,,,,,15.61648178100586,machine,Y,1.0
2025-08-08T00:48:21,dask-benchmark,8e536c2f-3b33-4d36-a086-2028f34ab314,dask_R6301_81ec5021,1.0026613371446729,7.071493153377541e-08,7.052723478413333e-08,0.8,0.0,10.0,1.1149081670575673e-07,0.0,1.3930821946511668e-06,1.5045730113569236e-06,Canada,CAN,,gcp,northamerica-northeast2,Linux-6.8.0-1032-gcp-x86_64-with-glibc2.35,3.10.12,3.0.4,2,Intel(R) Xeon(R) CPU @ 2.60GHz,,,,,15.61648178100586,machine,Y,1.0
2025-08-08T00:48:23,dask-benchmark,ab604053-dd65-4af0-8632-8be84762bf5f,dask_R6301_81ec5021,1.0031631370075047,7.07779768301795e-08,7.05548023238916e-08,0.8,0.0,10.0,1.1159395312683449e-07,0.0,1.3943204475152824e-06,1.5059144006421168e-06,Canada,CAN,,gcp,northamerica-northeast2,Linux-6.8.0-1032-gcp-x86_64-with-glibc2.35,3.10.12,3.0.4,2,Intel(R) Xeon(R) CPU @ 2.60GHz,,,,,15.61648178100586,machine,Y,1.0
2025-08-08T00:48:25,dask-benchmark,6bd9d00b-933b-49bd-a08d-e788d87bb2f3,dask_R6301_81ec5021,1.0031675887294114,7.077941273944453e-08,7.055592060055696e-08,0.8,0.0,10.0,1.1159425839367841e-07,0.0,1.3943506935093966e-06,1.5059449519030751e-06,Canada,CAN,,gcp,northamerica-northeast2,Linux-6.8.0-1032-gcp-x86_64-with-glibc2.35,3.10.12,3.0.4,2,Intel(R) Xeon(R) CPU @ 2.60GHz,,,,,15.61648178100586,machine,Y,1.0
2025-08-08T00:48:28,dask-benchmark,3504ff8c-ed45-4756-adaa-c3f888250ea1,dask_R6301_81ec5021,1.0028087561950088,7.07194859882196e-08,7.052140854508784e-08,0.8,0.0,10.0,1.1150827817618849e-07,0.0,1.3931616364667817e-06,1.50466991464297e-06,Canada,CAN,,gcp,northamerica-northeast2,Linux-6.8.0-1032-gcp-x86_64-with-glibc2.35,3.10.12,3.0.4,2,Intel(R) Xeon(R) CPU @ 2.60GHz,,,,,15.61648178100586,machine,Y,1.0
2025-08-08T00:48:30,dask-benchmark,99978d54-b385-45e5-9c11-a8ebf41b7d23,dask_R6301_81ec5021,1.0029540807008743,7.075093242908934e-08,7.054254406108788e-08,0.8,0.0,10.0,1.11551890667114e-07,0.0,1.3937870971858502e-06,1.5053389878529642e-06,Canada,CAN,,gcp,northamerica-northeast2,Linux-6.8.0-1032-gcp-x86_64-with-glibc2.35,3.10.12,3.0.4,2,Intel(R) Xeon(R) CPU @ 2.60GHz,,,,,15.61648178100586,machine,Y,1.0
2025-08-08T00:48:32,dask-benchmark,0c4bd6b2-6725-40f3-bb97-7166371f213f,dask_R6301_81ec5021,1.0032943463884294,7.079023894936676e-08,7.055779712523171e-08,0.8,0.0,10.0,1.1162104333440465e-07,0.0,1.3945542534606323e-06,1.5061752967950372e-06,Canada,CAN,,gcp,northamerica-northeast2,Linux-6.8.0-1032-gcp-x86_64-with-glibc2.35,3.10.12,3.0.4,2,Intel(R) Xeon(R) CPU @ 2.60GHz,,,,,15.61648178100586,machine,Y,1.0
2025-08-08T00:48:34,dask-benchmark,e630927e-fa17-4b91-83ea-c66cd2ae038a,dask_R6301_81ec5021,1.0027768579311669,7.072110972869106e-08,7.052527107037161e-08,0.8,0.0,10.0,1.1150539573282005e-07,0.0,1.3931990665797558e-06,1.5047044623125758e-06,Canada,CAN,,gcp,northamerica-northeast2,Linux-6.8.0-1032-gcp-x86_64-with-glibc2.35,3.10.12,3.0.4,2,Intel(R) Xeon(R) CPU @ 2.60GHz,,,,,15.61648178100586,machine,Y,1.0
2025-08-08T00:48:36,dask-benchmark,f84275d7-cb91-45f4-966f-6c43a6a0fb1a,dask_R6301_81ec5021,1.0028496948070824,7.073242858942184e-08,7.05314355238734e-08,0.8,0.0,10.0,1.1151935108419925e-07,0.0,1.3934259380524355e-06,1.504945289136635e-06,Canada,CAN,,gcp,northamerica-northeast2,Linux-6.8.0-1032-gcp-x86_64-with-glibc2.35,3.10.12,3.0.4,2,Intel(R) Xeon(R) CPU @ 2.60GHz,,,,,15.61648178100586,machine,Y,1.0
2025-08-08T00:48:38,dask-benchmark,5ad8a19c-6238-4ee7-8872-f05a90139fc7,dask_R6301_81ec5021,1.0032675568945706,7.079030878784965e-08,7.055975078768415e-08,0.8,0.0,10.0,1.116127050999138e-07,0.0,1.394564077620291e-06,1.506176782720205e-06,Canada,CAN,,gcp,northamerica-northeast2,Linux-6.8.0-1032-gcp-x86_64-with-glibc2.35,3.10.12,3.0.4,2,Intel(R) Xeon(R) CPU @ 2.60GHz,,,,,15.61648178100586,machine,Y,1.0
2025-08-08T00:48:41,dask-benchmark,dd2b5247-3f37-44a6-9679-53475e9fe8f9,dask_R6301_81ec5021,1.0032347193919122,7.07867158424213e-08,7.055847896225824e-08,0.8,0.0,10.0,1.1160633630222745e-07,0.0,1.3944940007705658e-06,1.5061003370727933e-06,Canada,CAN,,gcp,northamerica-northeast2,Linux-6.8.0-1032-gcp-x86_64-with-glibc2.35,3.10.12,3.0.4,2,Intel(R) Xeon(R) CPU @ 2.60GHz,,,,,15.61648178100586,machine,Y,1.0
2025-08-08T00:48:43,dask-benchmark,4b73bbdf-606f-4954-8974-e19ef8ffeb73,dask_R6301_81ec5021,1.0028702151030302,7.073967716930848e-08,7.053722017463749e-08,0.8,0.0,10.0,1.1153239932739073e-07,0.0,1.3935671149132152e-06,1.505099514240606e-06,Canada,CAN,,gcp,northamerica-northeast2,Linux-6.8.0-1032-gcp-x86_64-with-glibc2.35,3.10.12,3.0.4,2,Intel(R) Xeon(R) CPU @ 2.60GHz,,,,,15.61648178100586,machine,Y,1.0
2025-08-08T00:48:45,dask-benchmark,70d5cf17-8a3f-4de9-8a7d-cbab1585ac3a,dask_R6301_81ec5021,1.0033439542166889,7.079172713475097e-08,7.05557917972587e-08,0.8,0.0,10.0,1.1162113760494525e-07,0.0,1.394585822708905e-06,1.5062069603138502e-06,Canada,CAN,,gcp,northamerica-northeast2,Linux-6.8.0-1032-gcp-x86_64-with-glibc2.35,3.10.12,3.0.4,2,Intel(R) Xeon(R) CPU @ 2.60GHz,,,,,15.61648178100586,machine,Y,1.0
2025-08-08T00:48:47,dask-benchmark,5e63b8df-66c2-4f27-be12-3399152e7908,dask_R6301_81ec5021,1.0032375426962972,7.078616886792911e-08,7.055773518770489e-08,0.8,0.0,10.0,1.1160987263752357e-07,0.0,1.3944788266801173e-06,1.5060886993176408e-06,Canada,CAN,,gcp,northamerica-northeast2,Linux-6.8.0-1032-gcp-x86_64-with-glibc2.35,3.10.12,3.0.4,2,Intel(R) Xeon(R) CPU @ 2.60GHz,,,,,15.61648178100586,machine,Y,1.0
2025-08-08T00:48:49,dask-benchmark,8b17739e-04ae-4fef-8023-7ff696af22fc,dask_R6301_81ec5021,1.0028549856506288,7.072340768446318e-08,7.052206819172315e-08,0.8,0.0,10.0,1.115095719902052e-07,0.0,1.393243782998373e-06,1.5047533549885785e-06,Canada,CAN,,gcp,northamerica-northeast2,Linux-6.8.0-1032-gcp-x86_64-with-glibc2.35,3.10.12,3.0.4,2,Intel(R) Xeon(R) CPU @ 2.60GHz,,,,,15.61648178100586,machine,Y,1.0
2025-08-08T00:48:51,dask-benchmark,37717b50-c7a0-454c-a420-15c74bc037f7,dask_R6301_81ec5021,1.0026992373168468,7.071045251821894e-08,7.052010202723916e-08,0.8,0.0,10.0,1.1149319354444745e-07,0.0,1.3929845196091468e-06,1.5044777131535945e-06,Canada,CAN,,gcp,northamerica-northeast2,Linux-6.8.0-1032-gcp-x86_64-with-glibc2.35,3.10.12,3.0.4,2,Intel(R) Xeon(R) CPU @ 2.60GHz,,,,,15.61648178100586,machine,Y,1.0
2025-08-08T00:48:54,dask-benchmark,f17026bc-ea69-40de-9846-64df9dd7f5dc,dask_R6301_81ec5021,1.0032524103298783,7.07819262196103e-08,7.055246066773621e-08,0.8,0.0,10.0,1.1160583494024145e-07,0.0,1.3943925952642329e-06,1.5059984302044745e-06,Canada,CAN,,gcp,northamerica-northeast2,Linux-6.8.0-1032-gcp-x86_64-with-glibc2.35,3.10.12,3.0.4,2,Intel(R) Xeon(R) CPU @ 2.60GHz,,,,,15.61648178100586,machine,Y,1.0
2025-08-08T00:48:56,dask-benchmark,d03633e2-af30-4c28-974c-00fe1bbf1ebf,dask_R6301_81ec5021,1.0032529551535845,7.078852279127266e-08,7.055899753660419e-08,0.8,0.0,10.0,1.11610121300651e-07,0.0,1.394528661492384e-06,1.5061387827930352e-06,Canada,CAN,,gcp,northamerica-northeast2,Linux-6.8.0-1032-gcp-x86_64-with-glibc2.35,3.10.12,3.0.4,2,Intel(R) Xeon(R) CPU @ 2.60GHz,,,,,15.61648178100586,machine,Y,1.0
2025-08-08T00:48:58,dask-benchmark,552f026e-5774-48fe-9755-700c825517bf,dask_R6301_81ec5021,1.002791193779558,7.072384888109648e-08,7.052699437311134e-08,0.8,0.0,10.0,1.115074223942227e-07,0.0,1.3932553197567662e-06,1.5047627421509888e-06,Canada,CAN,,gcp,northamerica-northeast2,Linux-6.8.0-1032-gcp-x86_64-with-glibc2.35,3.10.12,3.0.4,2,Intel(R) Xeon(R) CPU @ 2.60GHz,,,,,15.61648178100586,machine,Y,1.0
2025-08-08T00:49:00,dask-benchmark,70acc092-ca59-4191-a62a-69585ee6667d,dask_R6301_81ec5021,1.0032231253571808,7.078320147774906e-08,7.055579131765716e-08,0.8,0.0,10.0,1.11607162695792e-07,0.0,1.3944184006605711e-06,1.506025563356363e-06,Canada,CAN,,gcp,northamerica-northeast2,Linux-6.8.0-1032-gcp-x86_64-with-glibc2.35,3.10.12,3.0.4,2,Intel(R) Xeon(R) CPU @ 2.60GHz,,,,,15.61648178100586,machine,Y,1.0
2025-08-08T00:49:02,dask-benchmark,aa874519-d912-48ff-b5ca-562f1799ac3e,dask_R6301_81ec5021,1.003300089854747,7.078947789982583e-08,7.055663466558087e-08,0.8,0.0,10.0,1.116224489071303e-07,0.0,1.394536655344483e-06,1.5061591042516134e-06,Canada,CAN,,gcp,northamerica-northeast2,Linux-6.8.0-1032-gcp-x86_64-with-glibc2.35,3.10.12,3.0.4,2,Intel(R) Xeon(R) CPU @ 2.60GHz,,,,,15.61648178100586,machine,Y,1.0
2025-08-08T00:49:04,dask-benchmark,b9e412c4-6aac-4cc6-a54e-2d99f5eaf6a3,dask_R6301_81ec5021,1.0027616890147328,7.07215984862091e-08,7.052682532745826e-08,0.8,0.0,10.0,1.1150300337208645e-07,0.0,1.3932118580366171e-06,1.5047148614087038e-06,Canada,CAN,,gcp,northamerica-northeast2,Linux-6.8.0-1032-gcp-x86_64-with-glibc2.35,3.10.12,3.0.4,2,Intel(R) Xeon(R) CPU @ 2.60GHz,,,,,15.61648178100586,machine,Y,1.0
2025-08-08T00:49:07,dask-benchmark,d026dee4-b236-4175-b3de-3e205b2ed4d6,dask_R6301_81ec5021,1.0028697419911623,7.072994479650839e-08,7.05275489278165e-08,0.8,0.0,10.0,1.115250975514452e-07,0.0,1.3933673449274568e-06,1.504892442478902e-06,Canada,CAN,,gcp,northamerica-northeast2,Linux-6.8.0-1032-gcp-x86_64-with-glibc2.35,3.10.12,3.0.4,2,Intel(R) Xeon(R) CPU @ 2.60GHz,,,,,15.61648178100586,machine,Y,1.0
2025-08-08T00:49:09,dask-benchmark,c20f5978-2c52-41b2-9efa-eda5dc65fb36,dask_R6301_81ec5021,1.0033834441564975,7.079088521857437e-08,7.055217587139407e-08,0.8,0.0,10.0,1.1162904670668973e-07,0.0,1.3945600004970198e-06,1.5061890472037096e-06,Canada,CAN,,gcp,northamerica-northeast2,Linux-6.8.0-1032-gcp-x86_64-with-glibc2.35,3.10.12,3.0.4,2,Intel(R) Xeon(R) CPU @ 2.60GHz,,,,,15.61648178100586,machine,Y,1.0
2025-08-08T00:49:11,dask-benchmark,f5bf8691-ff2a-4057-9f32-c8c24e25c6ca,dask_R6301_81ec5021,1.0033036372624338,7.07943967186018e-08,7.056128781887805e-08,0.8,0.0,10.0,1.116245427272386e-07,0.0,1.3946392172430125e-06,1.506263759970251e-06,Canada,CAN,,gcp,northamerica-northeast2,Linux-6.8.0-1032-gcp-x86_64-with-glibc2.35,3.10.12,3.0.4,2,Intel(R) Xeon(R) CPU @ 2.60GHz,,,,,15.61648178100586,machine,Y,1.0
2025-08-08T00:49:13,dask-benchmark,4bde3789-3a28-4c20-a220-21e8bd1ddf14,dask_R6301_81ec5021,1.0028099957853556,7.07253875090327e-08,7.052720635641824e-08,0.8,0.0,10.0,1.1151594865239329e-07,0.0,1.3932795302631955e-06,1.5047954789155887e-06,Canada,CAN,,gcp,northamerica-northeast2,Linux-6.8.0-1032-gcp-x86_64-with-glibc2.35,3.10.12,3.0.4,2,Intel(R) Xeon(R) CPU @ 2.60GHz,,,,,15.61648178100586,machine,Y,1.0
2025-08-08T00:49:15,dask-benchmark,8e58d425-70d8-43ee-bffb-7b75f08be727,dask_R6301_81ec5021,1.0032562469132245,7.07868609690211e-08,7.055710959868434e-08,0.8,0.0,10.0,1.1160796891070077e-07,0.0,1.3944954559620885e-06,1.506103424872789e-06,Canada,CAN,,gcp,northamerica-northeast2,Linux-6.8.0-1032-gcp-x86_64-with-glibc2.35,3.10.12,3.0.4,2,Intel(R) Xeon(R) CPU @ 2.60GHz,,,,,15.61648178100586,machine,Y,1.0
2025-08-08T00:49:17,dask-benchmark,8a996349-2c05-4aa0-a24b-d0023636308e,dask_R6301_81ec5021,1.0032488270662725,7.079037997840594e-08,7.056113904006559e-08,0.8,0.0,10.0,1.1161280599319277e-07,0.0,1.3945654914196996e-06,1.5061782974128924e-06,Canada,CAN,,gcp,northamerica-northeast2,Linux-6.8.0-1032-gcp-x86_64-with-glibc2.35,3.10.12,3.0.4,2,Intel(R) Xeon(R) CPU @ 2.60GHz,,,,,15.61648178100586,machine,Y,1.0
2025-08-08T00:49:20,dask-benchmark,c8f3fed9-5bca-4871-84a6-b43f70eb2a62,dask_R6301_81ec5021,1.0027433293871582,7.072326058811613e-08,7.052977418592226e-08,0.8,0.0,10.0,1.115056778200799e-07,0.0,1.3932445474589866e-06,1.5047502252790664e-06,Canada,CAN,,gcp,northamerica-northeast2,Linux-6.8.0-1032-gcp-x86_64-with-glibc2.35,3.10.12,3.0.4,2,Intel(R) Xeon(R) CPU @ 2.60GHz,,,,,15.61648178100586,machine,Y,1.0
2025-08-08T00:49:22,dask-benchmark,ee954863-1b00-4e3c-a548-f9d222f6a771,dask_R6301_81ec5021,1.0027599590830505,7.071324034619629e-08,7.051861186286127e-08,0.8000072,0.0,10.0,1.1149745881464269e-07,0.0,1.3930395698278317e-06,1.5045370286424743e-06,Canada,CAN,,gcp,northamerica-northeast2,Linux-6.8.0-1032-gcp-x86_64-with-glibc2.35,3.10.12,3.0.4,2,Intel(R) Xeon(R) CPU @ 2.60GHz,,,,,15.61648178100586,machine,Y,1.0
2025-08-08T00:49:24,dask-benchmark,d31da13f-e498-471a-bab5-a1dd8868b5a1,dask_R6301_81ec5021,1.0032713850960135,7.078709767670888e-08,7.05562809109068e-08,0.8,0.0,10.0,1.1162443852259056e-07,0.0,1.3944840226839814e-06,1.506108461206572e-06,Canada,CAN,,gcp,northamerica-northeast2,Linux-6.8.0-1032-gcp-x86_64-with-glibc2.35,3.10.12,3.0.4,2,Intel(R) Xeon(R) CPU @ 2.60GHz,,,,,15.61648178100586,machine,Y,1.0
2025-08-08T00:49:26,dask-benchmark,7dfe9f75-b7d1-476f-aa8f-d308985cb003,dask_R6301_81ec5021,1.0032567959278822,7.078608242034292e-08,7.05562949662105e-08,0.8,0.0,10.0,1.1160671266002789e-07,0.0,1.394480147347268e-06,1.506086860007296e-06,Canada,CAN,,gcp,northamerica-northeast2,Linux-6.8.0-1032-gcp-x86_64-with-glibc2.35,3.10.12,3.0.4,2,Intel(R) Xeon(R) CPU @ 2.60GHz,,,,,15.61648178100586,machine,Y,1.0
2025-08-08T00:49:28,dask-benchmark,2f6bfa41-96db-4fb3-8bfe-9c2685ea23cc,dask_R6301_81ec5021,1.0027443110011518,7.07229817983591e-08,7.052942711562076e-08,0.8,0.0,10.0,1.1150298246906865e-07,0.0,1.3932413111130396e-06,1.5047442935821082e-06,Canada,CAN,,gcp,northamerica-northeast2,Linux-6.8.0-1032-gcp-x86_64-with-glibc2.35,3.10.12,3.0.4,2,Intel(R) Xeon(R) CPU @ 2.60GHz,,,,,15.61648178100586,machine,Y,1.0
2025-08-08T00:49:30,dask-benchmark,16a80a29-157c-473a-9893-4693f7496b94,dask_R6301_81ec5021,1.0032202349975703,7.07768824945411e-08,7.054969589475285e-08,0.8,0.0,10.0,1.116010913004478e-07,0.0,1.394290025604682e-06,1.5058911169051297e-06,Canada,CAN,,gcp,northamerica-northeast2,Linux-6.8.0-1032-gcp-x86_64-with-glibc2.35,3.10.12,3.0.4,2,Intel(R) Xeon(R) CPU @ 2.60GHz,,,,,15.61648178100586,machine,Y,1.0
2025-08-08T00:49:33,dask-benchmark,40776295-c0fd-4268-8215-e0edba8b5df4,dask_R6301_81ec5021,1.0033037457615137,7.07921813852154e-08,7.055907214966458e-08,0.8,0.0,10.0,1.1162312815172805e-07,0.0,1.3945934970656205e-06,1.5062166252173484e-06,Canada,CAN,,gcp,northamerica-northeast2,Linux-6.8.0-1032-gcp-x86_64-with-glibc2.35,3.10.12,3.0.4,2,Intel(R) Xeon(R) CPU @ 2.60GHz,,,,,15.61648178100586,machine,Y,1.0
2025-08-08T00:49:35,dask-benchmark,f0949a10-f473-470d-b3ef-c3c60f14148f,dask_R6301_81ec5021,1.00279627321288,7.072286387858913e-08,7.05256548790301e-08,0.8,0.0,10.0,1.1150843246529501e-07,0.0,1.3932333521855374e-06,1.5047417846508323e-06,Canada,CAN,,gcp,northamerica-northeast2,Linux-6.8.0-1032-gcp-x86_64-with-glibc2.35,3.10.12,3.0.4,2,Intel(R) Xeon(R) CPU @ 2.60GHz,,,,,15.61648178100586,machine,Y,1.0
2025-08-08T00:49:37,dask-benchmark,8b63f3de-9ac6-4d94-b738-9c031fa20611,dask_R6301_81ec5021,1.0028687110170722,7.073396988745988e-08,7.053163500905728e-08,0.8,0.0,10.0,1.1153154044101637e-07,0.0,1.3934465422708957e-06,1.504978082711912e-06,Canada,CAN,,gcp,northamerica-northeast2,Linux-6.8.0-1032-gcp-x86_64-with-glibc2.35,3.10.12,3.0.4,2,Intel(R) Xeon(R) CPU @ 2.60GHz,,,,,15.61648178100586,machine,Y,1.0
2025-08-08T00:49:39,dask-benchmark,66ff2d34-280d-478d-85ea-9b677f491f25,dask_R6301_81ec5021,1.0035726851783693,7.0811163263085e-08,7.055907789130334e-08,0.8,0.0,10.0,1.1166333065678677e-07,0.0,1.3949571643024685e-06,1.5066204949592552e-06,Canada,CAN,,gcp,northamerica-northeast2,Linux-6.8.0-1032-gcp-x86_64-with-glibc2.35,3.10.12,3.0.4,2,Intel(R) Xeon(R) CPU @ 2.60GHz,,,,,15.61648178100586,machine,Y,1.0
2025-08-08T00:49:41,dask-benchmark,fe134c56-e96c-4f80-9628-8dc6c39df7bb,dask_R6301_81ec5021,1.003228201996535,7.078252810871022e-08,7.055476308166493e-08,0.8,0.0,10.0,1.1160752860208356e-07,0.0,1.3944037077534531e-06,1.5060112363555367e-06,Canada,CAN,,gcp,northamerica-northeast2,Linux-6.8.0-1032-gcp-x86_64-with-glibc2.35,3.10.12,3.0.4,2,Intel(R) Xeon(R) CPU @ 2.60GHz,,,,,15.61648178100586,machine,Y,1.0
2025-08-08T00:49:43,dask-benchmark,af015e23-17b2-4f56-96d8-8bafa375bc9c,dask_R6301_81ec5021,1.002829670906067,7.072464961496494e-08,7.052508682861813e-08,0.8,0.0,10.0,1.1151526506162356e-07,0.0,1.3932645139801831e-06,1.5047797790418068e-06,Canada,CAN,,gcp,northamerica-northeast2,Linux-6.8.0-1032-gcp-x86_64-with-glibc2.35,3.10.12,3.0.4,2,Intel(R) Xeon(R) CPU @ 2.60GHz,,,,,15.61648178100586,machine,Y,1.0
2025-08-08T00:49:46,dask-benchmark,9f6541a3-3263-4d3f-9244-78b4c5d09a7b,dask_R6301_81ec5021,1.003265297971666,7.078515660995617e-08,7.055477424871051e-08,0.8,0.0,10.0,1.116143281882008e-07,0.0,1.3944528337257603e-06,1.5060671619139611e-06,Canada,CAN,,gcp,northamerica-northeast2,Linux-6.8.0-1032-gcp-x86_64-with-glibc2.35,3.10.12,3.0.4,2,Intel(R) Xeon(R) CPU @ 2.60GHz,,,,,15.61648178100586,machine,Y,1.0
2025-08-08T00:49:48,dask-benchmark,349fa840-16f3-49c1-a0d8-d08c8e563798,dask_R6301_81ec5021,1.0032806140370667,7.079041164756444e-08,7.055893501491402e-08,0.8,0.0,10.0,1.1161501778082716e-07,0.0,1.3945639534439475e-06,1.506178971224775e-06,Canada,CAN,,gcp,northamerica-northeast2,Linux-6.8.0-1032-gcp-x86_64-with-glibc2.35,3.10.12,3.0.4,2,Intel(R) Xeon(R) CPU @ 2.60GHz,,,,,15.61648178100586,machine,Y,1.0
2025-08-08T00:49:50,dask-benchmark,880e1f96-f34e-42ed-8738-782dfcd08ea1,dask_R6301_81ec5021,1.002815596293658,7.072783812507986e-08,7.052925621269296e-08,0.8,0.0,10.0,1.1151952741460669e-07,0.0,1.3933280922679435e-06,1.5048476196825504e-06,Canada,CAN,,gcp,northamerica-northeast2,Linux-6.8.0-1032-gcp-x86_64-with-glibc2.35,3.10.12,3.0.4,2,Intel(R) Xeon(R) CPU @ 2.60GHz,,,,,15.61648178100586,machine,Y,1.0
2025-08-08T00:49:52,dask-benchmark,497d4917-9764-480d-9789-d70a739c1408,dask_R6301_81ec5021,1.0027165310457349,7.071660488364419e-08,7.05250214733108e-08,0.8000072,0.0,10.0,1.1150325324541053e-07,0.0,1.3931053613002102e-06,1.5046086145456208e-06,Canada,CAN,,gcp,northamerica-northeast2,Linux-6.8.0-1032-gcp-x86_64-with-glibc2.35,3.10.12,3.0.4,2,Intel(R) Xeon(R) CPU @ 2.60GHz,,,,,15.61648178100586,machine,Y,1.0
2025-08-08T00:49:54,dask-benchmark,12bc2a1a-680f-4f87-9f85-ed2e346065e3,dask_R6301_81ec5021,1.003320947755128,7.07941792439152e-08,7.055985365631309e-08,0.8,0.0,10.0,1.116231441911724e-07,0.0,1.394635988658087e-06,1.5062591328492594e-06,Canada,CAN,,gcp,northamerica-northeast2,Linux-6.8.0-1032-gcp-x86_64-with-glibc2.35,3.10.12,3.0.4,2,Intel(R) Xeon(R) CPU @ 2.60GHz,,,,,15.61648178100586,machine,Y,1.0
2025-08-08T00:49:57,dask-benchmark,c63e9c03-02b6-4cf7-992b-58e31081e8a1,dask_R6301_81ec5021,1.0032481071539223,7.077820857702236e-08,7.054905767807572e-08,0.8,0.0,10.0,1.1160323913726542e-07,0.0,1.3943160922887424e-06,1.5059193314260078e-06,Canada,CAN,,gcp,northamerica-northeast2,Linux-6.8.0-1032-gcp-x86_64-with-glibc2.35,3.10.12,3.0.4,2,Intel(R) Xeon(R) CPU @ 2.60GHz,,,,,15.61648178100586,machine,Y,1.0
2025-08-08T00:49:59,dask-benchmark,cd7d8585-0efd-4193-9a32-35559a36e46a,dask_R6301_81ec5021,1.002869584131986,7.07294673686847e-08,7.052708396765588e-08,0.8,0.0,10.0,1.115282030983105e-07,0.0,1.39335408134179e-06,1.5048822844401002e-06,Canada,CAN,,gcp,northamerica-northeast2,Linux-6.8.0-1032-gcp-x86_64-with-glibc2.35,3.10.12,3.0.4,2,Intel(R) Xeon(R) CPU @ 2.60GHz,,,,,15.61648178100586,machine,Y,1.0
2025-08-08T00:50:01,dask-benchmark,5aec999f-e047-4222-934c-99575719de13,dask_R6301_81ec5021,1.0032676542177796,7.078938956274134e-08,7.05588277117674e-08,0.8,0.0,10.0,1.1161409670280085e-07,0.0,1.3945431280363766e-06,1.5061572247391774e-06,Canada,CAN,,gcp,northamerica-northeast2,Linux-6.8.0-1032-gcp-x86_64-with-glibc2.35,3.10.12,3.0.4,2,Intel(R) Xeon(R) CPU @ 2.60GHz,,,,,15.61648178100586,machine,Y,1.0
2025-08-08T00:50:03,dask-benchmark,8cd7e935-4f59-4603-b8e5-dd3ed9858662,dask_R6301_81ec5021,1.00331025198102,7.078484519196256e-08,7.055130260275823e-08,0.8000072,0.0,10.0,1.1161373517412041e-07,0.0,1.3944468008250826e-06,1.506060535999203e-06,Canada,CAN,,gcp,northamerica-northeast2,Linux-6.8.0-1032-gcp-x86_64-with-glibc2.35,3.10.12,3.0.4,2,Intel(R) Xeon(R) CPU @ 2.60GHz,,,,,15.61648178100586,machine,Y,1.0
2025-08-08T00:50:05,dask-benchmark,176db230-ec47-4c4b-91fa-c26e026c9161,dask_R6301_81ec5021,1.002717929892242,7.071722510746784e-08,7.052554162970591e-08,0.8,0.0,10.0,1.1149798602693612e-07,0.0,1.393123824770252e-06,1.504621810797188e-06,Canada,CAN,,gcp,northamerica-northeast2,Linux-6.8.0-1032-gcp-x86_64-with-glibc2.35,3.10.12,3.0.4,2,Intel(R) Xeon(R) CPU @ 2.60GHz,,,,,15.61648178100586,machine,Y,1.0
2025-08-08T00:50:07,dask-benchmark,fead4877-5de3-4f3d-a067-dfe48d871082,dask_R6301_81ec5021,1.002902809996158,7.073241851452947e-08,7.052769003090183e-08,0.8,0.0,10.0,1.1151977959606385e-07,0.0,1.3934252951811586e-06,1.5049450747772224e-06,Canada,CAN,,gcp,northamerica-northeast2,Linux-6.8.0-1032-gcp-x86_64-with-glibc2.35,3.10.12,3.0.4,2,Intel(R) Xeon(R) CPU @ 2.60GHz,,,,,15.61648178100586,machine,Y,1.0
2025-08-08T00:50:10,dask-benchmark,2fe71970-7490-4354-855b-a08ddaa618f8,dask_R6301_81ec5021,1.0032826801761985,7.07903420182152e-08,7.055872030580938e-08,0.8,0.0,10.0,1.1162511962983345e-07,0.0,1.394552370119426e-06,1.5061774897492594e-06,Canada,CAN,,gcp,northamerica-northeast2,Linux-6.8.0-1032-gcp-x86_64-with-glibc2.35,3.10.12,3.0.4,2,Intel(R) Xeon(R) CPU @ 2.60GHz,,,,,15.61648178100586,machine,Y,1.0
2025-08-08T00:50:12,dask-benchmark,a0f6e295-9415-4806-a76f-78237b3cb986,dask_R6301_81ec5021,1.003271047025919,7.079232580659704e-08,7.05615157702923e-08,0.8,0.0,10.0,1.1161385704245833e-07,0.0,1.3946058409702449e-06,1.506219698012703e-06,Canada,CAN,,gcp,northamerica-northeast2,Linux-6.8.0-1032-gcp-x86_64-with-glibc2.35,3.10.12,3.0.4,2,Intel(R) Xeon(R) CPU @ 2.60GHz,,,,,15.61648178100586,machine,Y,1.0
2025-08-08T00:50:14,dask-benchmark,a2639dda-ee20-4bcd-9a96-1ca29777ef97,dask_R6301_81ec5021,1.00287425192073,7.072809797365011e-08,7.052539023530606e-08,0.8,0.0,10.0,1.1152267994152177e-07,0.0,1.3933304684340123e-06,1.5048531483755342e-06,Canada,CAN,,gcp,northamerica-northeast2,Linux-6.8.0-1032-gcp-x86_64-with-glibc2.35,3.10.12,3.0.4,2,Intel(R) Xeon(R) CPU @ 2.60GHz,,,,,15.61648178100586,machine,Y,1.0
2025-08-08T00:50:16,dask-benchmark,72e58a8e-7319-40ab-a6bc-85543d217849,dask_R6301_81ec5021,1.0032752328552306,7.078842873948937e-08,7.055733703106765e-08,0.8,0.0,10.0,1.1161741531557506e-07,0.0,1.394519366375688e-06,1.5061367816912631e-06,Canada,CAN,,gcp,northamerica-northeast2,Linux-6.8.0-1032-gcp-x86_64-with-glibc2.35,3.10.12,3.0.4,2,Intel(R) Xeon(R) CPU @ 2.60GHz,,,,,15.61648178100586,machine,Y,1.0
2025-08-08T00:50:18,dask-benchmark,0341cd9e-5093-46f6-983e-b0d8685c8472,dask_R6301_81ec5021,1.0033254739828408,7.07966006493403e-08,7.056194872467781e-08,0.8,0.0,10.0,1.1162959132343537e-07,0.0,1.3946810607901876e-06,1.5063106521136229e-06,Canada,CAN,,gcp,northamerica-northeast2,Linux-6.8.0-1032-gcp-x86_64-with-glibc2.35,3.10.12,3.0.4,2,Intel(R) Xeon(R) CPU @ 2.60GHz,,,,,15.61648178100586,machine,Y,1.0
2025-08-08T00:50:20,dask-benchmark,628cba8f-00ee-4783-a3bb-81d90505409c,dask_R6301_81ec5021,1.0029452252201736,7.073133478634472e-08,7.052362682201045e-08,0.8,0.0,10.0,1.115160193294287e-07,0.0,1.3934059974013104e-06,1.504922016730739e-06,Canada,CAN,,gcp,northamerica-northeast2,Linux-6.8.0-1032-gcp-x86_64-with-glibc2.35,3.10.12,3.0.4,2,Intel(R) Xeon(R) CPU @ 2.60GHz,,,,,15.61648178100586,machine,Y,1.0
2025-08-08T00:50:23,dask-benchmark,b62a2392-314e-47cc-95b2-18b67971d8d7,dask_R6301_81ec5021,1.0027013700455427,7.678638698770833e-08,7.657951737337377e-08,1.7272709000000002,0.0,10.0,2.407170312894514e-07,0.0,1.3930358833426404e-06,1.6337529146320918e-06,Canada,CAN,,gcp,northamerica-northeast2,Linux-6.8.0-1032-gcp-x86_64-with-glibc2.35,3.10.12,3.0.4,2,Intel(R) Xeon(R) CPU @ 2.60GHz,,,,,15.61648178100586,machine,Y,1.0
2025-08-08T00:50:25,dask-benchmark,4ead137d-c9f7-4305-bed3-24b31f454759,dask_R6301_81ec5021,1.0032192273065448,7.078197456109858e-08,7.055484248556007e-08,0.8,0.0,10.0,1.1160605762981709e-07,0.0,1.3943934011169609e-06,1.5059994587467775e-06,Canada,CAN,,gcp,northamerica-northeast2,Linux-6.8.0-1032-gcp-x86_64-with-glibc2.35,3.10.12,3.0.4,2,Intel(R) Xeon(R) CPU @ 2.60GHz,,,,,15.61648178100586,machine,Y,1.0
2025-08-08T00:50:27,dask-benchmark,d86204dc-68ae-49c2-8375-40d6314a773f,dask_R6301_81ec5021,1.0031911646947265,7.078549932895434e-08,7.056032969598027e-08,0.8,0.0,10.0,1.116080628708005e-07,0.0,1.3944663909367388e-06,1.5060744538075392e-06,Canada,CAN,,gcp,northamerica-northeast2,Linux-6.8.0-1032-gcp-x86_64-with-glibc2.35,3.10.12,3.0.4,2,Intel(R) Xeon(R) CPU @ 2.60GHz,,,,,15.61648178100586,machine,Y,1.0
2025-08-08T00:50:29,dask-benchmark,3e190c2d-7013-4156-8771-6b2a9fc4ee1a,dask_R6301_81ec5021,1.0027889860793948,7.07169968356482e-08,7.052031665418516e-08,0.8,0.0,10.0,1.1149825662788421e-07,0.0,1.3931186973220773e-06,1.5046169539499616e-06,Canada,CAN,,gcp,northamerica-northeast2,Linux-6.8.0-1032-gcp-x86_64-with-glibc2.35,3.10.12,3.0.4,2,Intel(R) Xeon(R) CPU @ 2.60GHz,,,,,15.61648178100586,machine,Y,1.0
2025-08-08T00:50:31,dask-benchmark,58d63ecb-ef01-4e3a-8112-564cbd7aa991,dask_R6301_81ec5021,1.0032560671679676,7.07822618694045e-08,7.055253806658907e-08,0.8,0.0,10.0,1.116076497774985e-07,0.0,1.3943979219119584e-06,1.506005571689457e-06,Canada,CAN,,gcp,northamerica-northeast2,Linux-6.8.0-1032-gcp-x86_64-with-glibc2.35,3.10.12,3.0.4,2,Intel(R) Xeon(R) CPU @ 2.60GHz,,,,,15.61648178100586,machine,Y,1.0
2025-08-08T00:50:33,dask-benchmark,b4caa319-61eb-4d8f-85a8-dae8df907d2a,dask_R6301_81ec5021,1.0032529891468585,7.078884111215463e-08,7.05593124345951e-08,0.8,0.0,10.0,1.1161154674159157e-07,0.0,1.3945340088361666e-06,1.5061455555777585e-06,Canada,CAN,,gcp,northamerica-northeast2,Linux-6.8.0-1032-gcp-x86_64-with-glibc2.35,3.10.12,3.0.4,2,Intel(R) Xeon(R) CPU @ 2.60GHz,,,,,15.61648178100586,machine,Y,1.0
2025-08-08T00:50:36,dask-benchmark,cacac3e1-6fc2-4632-b60c-cbd6aa76948b,dask_R6301_81ec5021,1.0028469827957451,7.07234926097509e-08,7.052271565158163e-08,0.8,0.0,10.0,1.1151595662037532e-07,0.0,1.3932392052892182e-06,1.5047551619095936e-06,Canada,CAN,,gcp,northamerica-northeast2,Linux-6.8.0-1032-gcp-x86_64-with-glibc2.35,3.10.12,3.0.4,2,Intel(R) Xeon(R) CPU @ 2.60GHz,,,,,15.61648178100586,machine,Y,1.0
2025-08-08T00:50:38,dask-benchmark,03150090-7267-4144-b6bd-4fd631557c98,dask_R6301_81ec5021,1.0030293590389192,7.07410302081456e-08,7.052737745974665e-08,0.8,0.0,10.0,1.115546797712644e-07,0.0,1.3935736225297055e-06,1.5051283023009698e-06,Canada,CAN,,gcp,northamerica-northeast2,Linux-6.8.0-1032-gcp-x86_64-with-glibc2.35,3.10.12,3.0.4,2,Intel(R) Xeon(R) CPU @ 2.60GHz,,,,,15.61648178100586,machine,Y,1.0
2025-08-08T00:50:40,dask-benchmark,412c7271-8350-44cb-bb18-78e1412bb0d1,dask_R6301_81ec5021,1.0033423048444092,7.079313297983672e-08,7.055730894434358e-08,0.8,0.0,10.0,1.1163141381823357e-07,0.0,1.3946054580931862e-06,1.5062368719114196e-06,Canada,CAN,,gcp,northamerica-northeast2,Linux-6.8.0-1032-gcp-x86_64-with-glibc2.35,3.10.12,3.0.4,2,Intel(R) Xeon(R) CPU @ 2.60GHz,,,,,15.61648178100586,machine,Y,1.0
2025-08-08T00:50:42,dask-benchmark,47e840bb-f158-4aeb-86e4-1c62c7d5546a,dask_R6301_81ec5021,1.0032565300352871,7.078786118964976e-08,7.055808666120515e-08,0.8,0.0,10.0,1.1160975063426629e-07,0.0,1.3945149555284944e-06,1.5061247061627609e-06,Canada,CAN,,gcp,northamerica-northeast2,Linux-6.8.0-1032-gcp-x86_64-with-glibc2.35,3.10.12,3.0.4,2,Intel(R) Xeon(R) CPU @ 2.60GHz,,,,,15.61648178100586,machine,Y,1.0
2025-08-08T00:50:44,dask-benchmark,64c54929-ea0f-4cd0-bfe8-5153251300f5,dask_R6301_81ec5021,1.002768169157207,7.072693364632627e-08,7.05316899974696e-08,0.8,0.0,10.0,1.11510931307243e-07,0.0,1.3933174441465075e-06,1.5048283754537506e-06,Canada,CAN,,gcp,northamerica-northeast2,Linux-6.8.0-1032-gcp-x86_64-with-glibc2.35,3.10.12,3.0.4,2,Intel(R) Xeon(R) CPU @ 2.60GHz,,,,,15.61648178100586,machine,Y,1.0
2025-08-08T00:50:46,dask-benchmark,2b2c0723-2409-47b8-b04b-099a09df94c9,dask_R6301_81ec5021,1.00328302802518,7.0788676776453e-08,7.05570360497281e-08,0.8004608000000001,0.0,10.0,1.1168618173379369e-07,0.0,1.3944558773396745e-06,1.506142059073468e-06,Canada,CAN,,gcp,northamerica-northeast2,Linux-6.8.0-1032-gcp-x86_64-with-glibc2.35,3.10.12,3.0.4,2,Intel(R) Xeon(R) CPU @ 2.60GHz,,,,,15.61648178100586,machine,Y,1.0
2025-08-08T00:50:49,dask-benchmark,97373552-48b0-42a7-aeab-0a78a5e0ad64,dask_R6301_81ec5021,1.0034385048784316,7.080896036828767e-08,7.056631774048403e-08,0.8,0.0,10.0,1.1164928579496017e-07,0.0,1.3949243390622235e-06,1.506573624857184e-06,Canada,CAN,,gcp,northamerica-northeast2,Linux-6.8.0-1032-gcp-x86_64-with-glibc2.35,3.10.12,3.0.4,2,Intel(R) Xeon(R) CPU @ 2.60GHz,,,,,15.61648178100586,machine,Y,1.0
2025-08-08T00:50:51,dask-benchmark,7582f395-2625-4606-8ff0-5838f194d809,dask_R6301_81ec5021,1.0028334488160908,7.073033542656858e-08,7.053049089065615e-08,0.8,0.0,10.0,1.1151898755795429e-07,0.0,1.3933817661988238e-06,1.504900753756778e-06,Canada,CAN,,gcp,northamerica-northeast2,Linux-6.8.0-1032-gcp-x86_64-with-glibc2.35,3.10.12,3.0.4,2,Intel(R) Xeon(R) CPU @ 2.60GHz,,,,,15.61648178100586,machine,Y,1.0
2025-08-08T00:50:53,dask-benchmark,10896a3e-6523-499e-b8b0-2d49614b0d98,dask_R6301_81ec5021,1.0028220815584064,7.07192399351754e-08,7.052022610558817e-08,0.8,0.0,10.0,1.1151616947932376e-07,0.0,1.3931485099924934e-06,1.504664679471817e-06,Canada,CAN,,gcp,northamerica-northeast2,Linux-6.8.0-1032-gcp-x86_64-with-glibc2.35,3.10.12,3.0.4,2,Intel(R) Xeon(R) CPU @ 2.60GHz,,,,,15.61648178100586,machine,Y,1.0
2025-08-08T00:50:55,dask-benchmark,348c65f0-2e70-4d2b-aece-a2ba015540f9,dask_R6301_81ec5021,1.003180640283972,7.078238069866269e-08,7.055796120489943e-08,0.8,0.0,10.0,1.1160211823880677e-07,0.0,1.3944059817327391e-06,1.506008099971546e-06,Canada,CAN,,gcp,northamerica-northeast2,Linux-6.8.0-1032-gcp-x86_64-with-glibc2.35,3.10.12,3.0.4,2,Intel(R) Xeon(R) CPU @ 2.60GHz,,,,,15.61648178100586,machine,Y,1.0
2025-08-08T00:50:57,dask-benchmark,4a5ff547-9fd4-4512-a80b-9364b2273f31,dask_R6301_81ec5021,1.0032770279794931,7.078548221647119e-08,7.055427388687107e-08,0.8,0.0,10.0,1.1161370192550953e-07,0.0,1.3944603877866432e-06,1.506074089712153e-06,Canada,CAN,,gcp,northamerica-northeast2,Linux-6.8.0-1032-gcp-x86_64-with-glibc2.35,3.10.12,3.0.4,2,Intel(R) Xeon(R) CPU @ 2.60GHz,,,,,15.61648178100586,machine,Y,1.0
2025-08-08T00:51:00,dask-benchmark,653f976a-f2d9-49cb-8b55-90e473bbfc38,dask_R6301_81ec5021,1.0028399541042743,7.072179731881867e-08,7.052151944024469e-08,0.8,0.0,10.0,1.1151074959586065e-07,0.0,1.3932083422938982e-06,1.5047190918897589e-06,Canada,CAN,,gcp,northamerica-northeast2,Linux-6.8.0-1032-gcp-x86_64-with-glibc2.35,3.10.12,3.0.4,2,Intel(R) Xeon(R) CPU @ 2.60GHz,,,,,15.61648178100586,machine,Y,1.0
2025-08-08T00:51:02,dask-benchmark,d7eca8b0-bd73-40be-a7d8-95088993e617,dask_R6301_81ec5021,1.003260069061071,7.078644941100436e-08,7.055643057462843e-08,0.8,0.0,10.0,1.1160861224763925e-07,0.0,1.3944860560716026e-06,1.5060946683192418e-06,Canada,CAN,,gcp,northamerica-northeast2,Linux-6.8.0-1032-gcp-x86_64-with-glibc2.35,3.10.12,3.0.4,2,Intel(R) Xeon(R) CPU @ 2.60GHz,,,,,15.61648178100586,machine,Y,1.0
2025-08-08T00:51:04,dask-benchmark,7554671a-9f27-4c46-a8e9-8ae7e088b598,dask_R6301_81ec5021,1.002979455050081,7.075338707217533e-08,7.054320675854968e-08,0.8,0.0,10.0,1.1155445821997193e-07,0.0,1.393836756081631e-06,1.505391214301603e-06,Canada,CAN,,gcp,northamerica-northeast2,Linux-6.8.0-1032-gcp-x86_64-with-glibc2.35,3.10.12,3.0.4,2,Intel(R) Xeon(R) CPU @ 2.60GHz,,,,,15.61648178100586,machine,Y,1.0
2025-08-08T00:51:06,dask-benchmark,effecacd-eda0-4dfc-9dda-21036b25f9b9,dask_R6301_81ec5021,1.0027656587772071,7.072633666457196e-08,7.05312712352127e-08,0.8,0.0,10.0,1.1151094600144361e-07,0.0,1.3933047277128531e-06,1.5048156737142967e-06,Canada,CAN,,gcp,northamerica-northeast2,Linux-6.8.0-1032-gcp-x86_64-with-glibc2.35,3.10.12,3.0.4,2,Intel(R) Xeon(R) CPU @ 2.60GHz,,,,,15.61648178100586,machine,Y,1.0
2025-08-08T00:51:08,dask-benchmark,7bc3eef0-b15a-4bb3-808a-2be025af3b01,dask_R6301_81ec5021,1.002789488993585,7.072619208026057e-08,7.052945095310328e-08,0.8,0.0,10.0,1.1151114489055345e-07,0.0,1.393301452561799e-06,1.5048125974523525e-06,Canada,CAN,,gcp,northamerica-northeast2,Linux-6.8.0-1032-gcp-x86_64-with-glibc2.35,3.10.12,3.0.4,2,Intel(R) Xeon(R) CPU @ 2.60GHz,,,,,15.61648178100586,machine,Y,1.0
2025-08-08T00:51:10,dask-benchmark,ed27e36a-b2e5-4d13-84fa-5d650442ff7a,dask_R6301_81ec5021,1.0032878443598747,7.07954911685342e-08,7.05634893979042e-08,0.8,0.0,10.0,1.1162357311695814e-07,0.0,1.394663473022067e-06,1.5062870461390251e-06,Canada,CAN,,gcp,northamerica-northeast2,Linux-6.8.0-1032-gcp-x86_64-with-glibc2.35,3.10.12,3.0.4,2,Intel(R) Xeon(R) CPU @ 2.60GHz,,,,,15.61648178100586,machine,Y,1.0
2025-08-08T00:51:13,dask-benchmark,dd381e2e-5ce0-4a48-a463-e29be8f97f2f,dask_R6301_81ec5021,1.0032164505682886,7.078207590337842e-08,7.055513878713088e-08,0.8,0.0,10.0,1.1160657368600369e-07,0.0,1.3943950412794949e-06,1.5060016149654983e-06,Canada,CAN,,gcp,northamerica-northeast2,Linux-6.8.0-1032-gcp-x86_64-with-glibc2.35,3.10.12,3.0.4,2,Intel(R) Xeon(R) CPU @ 2.60GHz,,,,,15.61648178100586,machine,Y,1.0
2025-08-08T00:51:15,dask-benchmark,df6853c9-7d2a-40ec-979a-08cdea1c063c,dask_R6301_81ec5021,1.0029774541035297,7.073704256670963e-08,7.052705150778793e-08,0.8,0.0,10.0,1.1153045379453237e-07,0.0,1.39351300507163e-06,1.5050434588661624e-06,Canada,CAN,,gcp,northamerica-northeast2,Linux-6.8.0-1032-gcp-x86_64-with-glibc2.35,3.10.12,3.0.4,2,Intel(R) Xeon(R) CPU @ 2.60GHz,,,,,15.61648178100586,machine,Y,1.0
2025-08-08T00:51:17,dask-benchmark,ba442e17-515c-4eef-98d2-14659a1d12bb,dask_R6301_81ec5021,1.0042538768611848,7.079379500215873e-08,7.049392253622771e-08,0.8,0.0,10.0,1.1162634649210509e-07,0.0,1.3946246110006338e-06,1.506250957492739e-06,Canada,CAN,,gcp,northamerica-northeast2,Linux-6.8.0-1032-gcp-x86_64-with-glibc2.35,3.10.12,3.0.4,2,Intel(R) Xeon(R) CPU @ 2.60GHz,,,,,15.61648178100586,machine,Y,1.0
2025-08-08T00:51:19,dask-benchmark,2ab7f4c7-dca5-46b5-af58-a0014130cbf1,dask_R6301_81ec5021,1.0032218839041889,7.07861728998315e-08,7.05588405073028e-08,0.8,0.0,10.0,1.1160597701867421e-07,0.0,1.3944828080841236e-06,1.5060887851027978e-06,Canada,CAN,,gcp,northamerica-northeast2,Linux-6.8.0-1032-gcp-x86_64-with-glibc2.35,3.10.12,3.0.4,2,Intel(R) Xeon(R) CPU @ 2.60GHz,,,,,15.61648178100586,machine,Y,1.0
2025-08-08T00:51:21,dask-benchmark,2a27bbad-18fb-4e26-b2ad-881b482e0508,dask_R6301_81ec5021,1.0029833661392331,7.073927722064158e-08,7.052886379655235e-08,0.8,0.0,10.0,1.1154438534544577e-07,0.0,1.3935466193490558e-06,1.5050910046945016e-06,Canada,CAN,,gcp,northamerica-northeast2,Linux-6.8.0-1032-gcp-x86_64-with-glibc2.35,3.10.12,3.0.4,2,Intel(R) Xeon(R) CPU @ 2.60GHz,,,,,15.61648178100586,machine,Y,1.0
2025-08-08T00:51:23,dask-benchmark,0b1d799c-b82e-4add-b406-a7259fbbdb09,dask_R6301_81ec5021,1.0028304550796747,7.07210427645801e-08,7.052143501062832e-08,0.8,0.0,10.0,1.115127577342921e-07,0.0,1.3931902798099651e-06,1.5047030375442573e-06,Canada,CAN,,gcp,northamerica-northeast2,Linux-6.8.0-1032-gcp-x86_64-with-glibc2.35,3.10.12,3.0.4,2,Intel(R) Xeon(R) CPU @ 2.60GHz,,,,,15.61648178100586,machine,Y,1.0
2025-08-08T00:51:26,dask-benchmark,d491ee36-81ca-49a3-ad12-91655e8c7b74,dask_R6301_81ec5021,1.0032606991007924,7.078364206886746e-08,7.055358804776245e-08,0.8,0.0,10.0,1.1160545682327617e-07,0.0,1.3944294808122018e-06,1.506034937635478e-06,Canada,CAN,,gcp,northamerica-northeast2,Linux-6.8.0-1032-gcp-x86_64-with-glibc2.35,3.10.12,3.0.4,2,Intel(R) Xeon(R) CPU @ 2.60GHz,,,,,15.61648178100586,machine,Y,1.0
2025-08-08T00:51:28,dask-benchmark,17e7dfaa-326e-45dc-997c-1524c4fb7351,dask_R6301_81ec5021,1.0031618690118194,7.077878615068685e-08,7.055569827470479e-08,0.8,0.0,10.0,1.1159680059386625e-07,0.0,1.3943348196335137e-06,1.5059316202273798e-06,Canada,CAN,,gcp,northamerica-northeast2,Linux-6.8.0-1032-gcp-x86_64-with-glibc2.35,3.10.12,3.0.4,2,Intel(R) Xeon(R) CPU @ 2.60GHz,,,,,15.61648178100586,machine,Y,1.0
2025-08-08T00:51:30,dask-benchmark,083490c2-7bce-4e1a-a25e-1fcabd40ec53,dask_R6301_81ec5021,1.0028887493535876,7.073217847772564e-08,7.052843949372858e-08,0.8,0.0,10.0,1.1152818695538576e-07,0.0,1.393411780655798e-06,1.5049399676111836e-06,Canada,CAN,,gcp,northamerica-northeast2,Linux-6.8.0-1032-gcp-x86_64-with-glibc2.35,3.10.12,3.0.4,2,Intel(R) Xeon(R) CPU @ 2.60GHz,,,,,15.61648178100586,machine,Y,1.0
2025-08-08T00:51:32,dask-benchmark,1b4daccb-eaf8-4e55-933d-f5072d57a5dc,dask_R6301_81ec5021,1.0032407329417763,7.078240899736475e-08,7.055376309314252e-08,0.8,0.0,10.0,1.1160912706206245e-07,0.0,1.394399575009528e-06,1.5060087020715905e-06,Canada,CAN,,gcp,northamerica-northeast2,Linux-6.8.0-1032-gcp-x86_64-with-glibc2.35,3.10.12,3.0.4,2,Intel(R) Xeon(R) CPU @ 2.60GHz,,,,,15.61648178100586,machine,Y,1.0
2025-08-08T00:51:34,dask-benchmark,377a821e-30cd-4873-badb-159a046e644b,dask_R6301_81ec5021,1.0032996400259435,7.078595578018576e-08,7.0553155763472e-08,0.8,0.0,10.0,1.1161589643193617e-07,0.0,1.394468269103931e-06,1.5060841655358673e-06,Canada,CAN,,gcp,northamerica-northeast2,Linux-6.8.0-1032-gcp-x86_64-with-glibc2.35,3.10.12,3.0.4,2,Intel(R) Xeon(R) CPU @ 2.60GHz,,,,,15.61648178100586,machine,Y,1.0
2025-08-08T00:51:36,dask-benchmark,2129ed8f-9604-44aa-8228-aacbde61f01c,dask_R6301_81ec5021,1.002603851724416,7.06897749603312e-08,7.050618730294043e-08,0.8,0.0,10.0,1.114680397634705e-07,0.0,1.3925697253499593e-06,1.5040377651134298e-06,Canada,CAN,,gcp,northamerica-northeast2,Linux-6.8.0-1032-gcp-x86_64-with-glibc2.35,3.10.12,3.0.4,2,Intel(R) Xeon(R) CPU @ 2.60GHz,,,,,15.61648178100586,machine,Y,1.0
2025-08-08T00:51:39,dask-benchmark,01206ffc-a3f4-4003-b4fd-8d130de66279,dask_R6301_81ec5021,1.0030427668243649,7.07443364191697e-08,7.052973089387446e-08,0.8,0.0,10.0,1.1156348625404969e-07,0.0,1.3936351609623266e-06,1.5051986472163763e-06,Canada,CAN,,gcp,northamerica-northeast2,Linux-6.8.0-1032-gcp-x86_64-with-glibc2.35,3.10.12,3.0.4,2,Intel(R) Xeon(R) CPU @ 2.60GHz,,,,,15.61648178100586,machine,Y,1.0
2025-08-08T00:51:41,dask-benchmark,3b946400-d5fa-4d3b-bfb6-32c1416339ef,dask_R6301_81ec5021,1.00327917188406,7.07940019155956e-08,7.0562614972512e-08,0.8,0.0,10.0,1.1162613239139318e-07,0.0,1.394629227514896e-06,1.5062553599062893e-06,Canada,CAN,,gcp,northamerica-northeast2,Linux-6.8.0-1032-gcp-x86_64-with-glibc2.35,3.10.12,3.0.4,2,Intel(R) Xeon(R) CPU @ 2.60GHz,,,,,15.61648178100586,machine,Y,1.0
2025-08-08T00:51:43,dask-benchmark,18e5b46c-4cc6-43ad-8957-0fc35ad97813,dask_R6301_81ec5021,1.0032949293963611,7.079020989194719e-08,7.055772716257878e-08,0.8,0.0,10.0,1.1161897248691985e-07,0.0,1.394555706065148e-06,1.5061746785520678e-06,Canada,CAN,,gcp,northamerica-northeast2,Linux-6.8.0-1032-gcp-x86_64-with-glibc2.35,3.10.12,3.0.4,2,Intel(R) Xeon(R) CPU @ 2.60GHz,,,,,15.61648178100586,machine,Y,1.0
2025-08-08T00:51:45,dask-benchmark,a939cb85-7a34-4c8b-9506-651f5cbce1f3,dask_R6301_81ec5021,1.002806318923831,7.072436558957108e-08,7.052644588983988e-08,0.8,0.0,10.0,1.115150440277325e-07,0.0,1.3932586919205885e-06,1.5047737359483208e-06,Canada,CAN,,gcp,northamerica-northeast2,Linux-6.8.0-1032-gcp-x86_64-with-glibc2.35,3.10.12,3.0.4,2,Intel(R) Xeon(R) CPU @ 2.60GHz,,,,,15.61648178100586,machine,Y,1.0
2025-08-08T00:51:47,dask-benchmark,447640ab-23a8-4888-8133-cb32b06edb9a,dask_R6301_81ec5021,1.0032079350203276,7.078858361755397e-08,7.056222458619169e-08,0.8,0.0,10.0,1.1160958516928885e-07,0.0,1.3945304917999442e-06,1.506140076969233e-06,Canada,CAN,,gcp,northamerica-northeast2,Linux-6.8.0-1032-gcp-x86_64-with-glibc2.35,3.10.12,3.0.4,2,Intel(R) Xeon(R) CPU @ 2.60GHz,,,,,15.61648178100586,machine,Y,1.0
2025-08-08T00:51:49,dask-benchmark,d006a878-6a29-4a3a-be57-6c47c65b2186,dask_R6301_81ec5021,1.0033288011327386,7.078942926645955e-08,7.05545671434326e-08,0.8000072,0.0,10.0,1.1162733840103376e-07,0.0,1.3945307310981054e-06,1.506158069499139e-06,Canada,CAN,,gcp,northamerica-northeast2,Linux-6.8.0-1032-gcp-x86_64-with-glibc2.35,3.10.12,3.0.4,2,Intel(R) Xeon(R) CPU @ 2.60GHz,,,,,15.61648178100586,machine,Y,1.0
2025-08-08T00:51:52,dask-benchmark,28764a32-a22e-42b3-bc08-fa141c82e6c1,dask_R6301_81ec5021,1.002827384043485,7.07320050402648e-08,7.05325823424041e-08,0.8,0.0,10.0,1.1152821044541069e-07,0.0,1.393408067007032e-06,1.5049362774524426e-06,Canada,CAN,,gcp,northamerica-northeast2,Linux-6.8.0-1032-gcp-x86_64-with-glibc2.35,3.10.12,3.0.4,2,Intel(R) Xeon(R) CPU @ 2.60GHz,,,,,15.61648178100586,machine,Y,1.0
2025-08-08T00:51:54,dask-benchmark,116faa50-517e-4318-ac04-f72f71500ed4,dask_R6301_81ec5021,1.002721295226365,7.071640373988905e-08,7.052448579335774e-08,0.8,0.0,10.0,1.1149605156646837e-07,0.0,1.393108283324788e-06,1.5046043348912563e-06,Canada,CAN,,gcp,northamerica-northeast2,Linux-6.8.0-1032-gcp-x86_64-with-glibc2.35,3.10.12,3.0.4,2,Intel(R) Xeon(R) CPU @ 2.60GHz,,,,,15.61648178100586,machine,Y,1.0
2025-08-08T00:51:56,dask-benchmark,4a9bc8c5-23a4-41cc-9e67-36d05016c4a8,dask_R6301_81ec5021,1.0032893368043003,7.079260914622703e-08,7.05605118576434e-08,0.8,0.0,10.0,1.1161841224465105e-07,0.0,1.3946073142708176e-06,1.506225726515469e-06,Canada,CAN,,gcp,northamerica-northeast2,Linux-6.8.0-1032-gcp-x86_64-with-glibc2.35,3.10.12,3.0.4,2,Intel(R) Xeon(R) CPU @ 2.60GHz,,,,,15.61648178100586,machine,Y,1.0
2025-08-08T00:51:58,dask-benchmark,51049488-3882-4009-88f3-c38746c593b6,dask_R6301_81ec5021,1.0032851709984243,7.078899601453708e-08,7.055720353575151e-08,0.8,0.0,10.0,1.116125931342443e-07,0.0,1.394536258238885e-06,1.5061488513731294e-06,Canada,CAN,,gcp,northamerica-northeast2,Linux-6.8.0-1032-gcp-x86_64-with-glibc2.35,3.10.12,3.0.4,2,Intel(R) Xeon(R) CPU @ 2.60GHz,,,,,15.61648178100586,machine,Y,1.0
2025-08-08T00:52:00,dask-benchmark,d9ee1b7a-f76b-492d-87c1-9a369655d7c7,dask_R6301_81ec5021,1.0028976402245462,7.073102163057775e-08,7.052666074151022e-08,0.8,0.0,10.0,1.1152178183611896e-07,0.0,1.3933935720059608e-06,1.5049153538420798e-06,Canada,CAN,,gcp,northamerica-northeast2,Linux-6.8.0-1032-gcp-x86_64-with-glibc2.35,3.10.12,3.0.4,2,Intel(R) Xeon(R) CPU @ 2.60GHz,,,,,15.61648178100586,machine,Y,1.0
2025-08-08T00:52:03,dask-benchmark,9556cd32-9304-449c-b633-20da18969707,dask_R6301_81ec5021,1.0033185207284987,7.079495319651648e-08,7.05607957332563e-08,0.8,0.0,10.0,1.1162911707328429e-07,0.0,1.3946464828525982e-06,1.5062755999258824e-06,Canada,CAN,,gcp,northamerica-northeast2,Linux-6.8.0-1032-gcp-x86_64-with-glibc2.35,3.10.12,3.0.4,2,Intel(R) Xeon(R) CPU @ 2.60GHz,,,,,15.61648178100586,machine,Y,1.0
2025-08-08T00:52:05,dask-benchmark,d8f8cdbc-4bf4-41d4-aa5e-3fc6952438cf,dask_R6301_81ec5021,1.0033191088587046,7.079376874129393e-08,7.05595738347127e-08,0.8,0.0,10.0,1.116275637307101e-07,0.0,1.3946228350202245e-06,1.5062503987509345e-06,Canada,CAN,,gcp,northamerica-northeast2,Linux-6.8.0-1032-gcp-x86_64-with-glibc2.35,3.10.12,3.0.4,2,Intel(R) Xeon(R) CPU @ 2.60GHz,,,,,15.61648178100586,machine,Y,1.0
2025-08-08T00:52:07,dask-benchmark,e0dd24bc-b88c-4ac9-b3ac-97b3632ac399,dask_R6301_81ec5021,1.00292209116742,7.073301901751094e-08,7.052693288984829e-08,0.8,0.0,10.0,1.1153769017093713e-07,0.0,1.393420161265466e-06,1.5049578514364031e-06,Canada,CAN,,gcp,northamerica-northeast2,Linux-6.8.0-1032-gcp-x86_64-with-glibc2.35,3.10.12,3.0.4,2,Intel(R) Xeon(R) CPU @ 2.60GHz,,,,,15.61648178100586,machine,Y,1.0
2025-08-08T00:52:09,dask-benchmark,62ddcca1-c2ad-42eb-826d-e27484c2afd5,dask_R6301_81ec5021,1.002851182129234,7.072492057193694e-08,7.052384424753346e-08,0.8,0.0,10.0,1.1151859961036181e-07,0.0,1.3932669444734025e-06,1.5047855440837642e-06,Canada,CAN,,gcp,northamerica-northeast2,Linux-6.8.0-1032-gcp-x86_64-with-glibc2.35,3.10.12,3.0.4,2,Intel(R) Xeon(R) CPU @ 2.60GHz,,,,,15.61648178100586,machine,Y,1.0
2025-08-08T00:52:11,dask-benchmark,686da01e-e5ba-472f-a8a9-7c44a71fea90,dask_R6301_81ec5021,1.0032944441772995,7.07934263432916e-08,7.056096717583454e-08,0.8,0.0,10.0,1.1162076890468596e-07,0.0,1.394622344782369e-06,1.506243113687055e-06,Canada,CAN,,gcp,northamerica-northeast2,Linux-6.8.0-1032-gcp-x86_64-with-glibc2.35,3.10.12,3.0.4,2,Intel(R) Xeon(R) CPU @ 2.60GHz,,,,,15.61648178100586,machine,Y,1.0
2025-08-08T00:52:13,dask-benchmark,cf2ced77-6839-4892-865f-d3538e14192b,dask_R6301_81ec5021,1.0033354330807924,7.07956884399367e-08,7.056033915054204e-08,0.8,0.0,10.0,1.1162617419742877e-07,0.0,1.3946650692054796e-06,1.5062912434029084e-06,Canada,CAN,,gcp,northamerica-northeast2,Linux-6.8.0-1032-gcp-x86_64-with-glibc2.35,3.10.12,3.0.4,2,Intel(R) Xeon(R) CPU @ 2.60GHz,,,,,15.61648178100586,machine,Y,1.0
2025-08-08T00:52:16,dask-benchmark,cf5386ce-990f-4312-b04b-95cedc5dedc6,dask_R6301_81ec5021,1.002839998807758,7.073248161453136e-08,7.05321703348717e-08,0.8,0.0,10.0,1.1151671130210165e-07,0.0,1.3934297060283524e-06,1.504946417330454e-06,Canada,CAN,,gcp,northamerica-northeast2,Linux-6.8.0-1032-gcp-x86_64-with-glibc2.35,3.10.12,3.0.4,2,Intel(R) Xeon(R) CPU @ 2.60GHz,,,,,15.61648178100586,machine,Y,1.0
2025-08-08T00:52:18,dask-benchmark,4ff91fed-ac9f-4aaf-8482-6c20680394aa,dask_R6301_81ec5021,1.0034985300153494,7.081603126967742e-08,7.056914300471792e-08,0.8,0.0,10.0,1.1165968028621541e-07,0.0,1.3950643892813889e-06,1.5067240695676045e-06,Canada,CAN,,gcp,northamerica-northeast2,Linux-6.8.0-1032-gcp-x86_64-with-glibc2.35,3.10.12,3.0.4,2,Intel(R) Xeon(R) CPU @ 2.60GHz,,,,,15.61648178100586,machine,Y,1.0
2025-08-08T00:52:20,dask-benchmark,a39a3721-b1ff-485c-bf88-a9e890b69bc2,dask_R6301_81ec5021,1.0034182043746114,7.081087312661111e-08,7.056965163467864e-08,0.8,0.0,10.0,1.1164826340973381e-07,0.0,1.394966058433056e-06,1.5066143218427896e-06,Canada,CAN,,gcp,northamerica-northeast2,Linux-6.8.0-1032-gcp-x86_64-with-glibc2.35,3.10.12,3.0.4,2,Intel(R) Xeon(R) CPU @ 2.60GHz,,,,,15.61648178100586,machine,Y,1.0
2025-08-08T00:52:22,dask-benchmark,038121e4-5ddf-4b7a-bbd0-0ce46a41aa50,dask_R6301_81ec5021,1.0029864748939872,7.074821048400676e-08,7.05375518563046e-08,0.8,0.0,10.0,1.1154861841350796e-07,0.0,1.3937324557142952e-06,1.5052810741278033e-06,Canada,CAN,,gcp,northamerica-northeast2,Linux-6.8.0-1032-gcp-x86_64-with-glibc2.35,3.10.12,3.0.4,2,Intel(R) Xeon(R) CPU @ 2.60GHz,,,,,15.61648178100586,machine,Y,1.0
2025-08-08T00:52:24,dask-benchmark,d6aa34eb-51dc-4bd5-b5f5-0abc3d68908d,dask_R6301_81ec5021,1.0028572790324688,7.072531842440367e-08,7.052381221447349e-08,0.8,0.0,10.0,1.115151449210114e-07,0.0,1.393278864108854e-06,1.5047940090298653e-06,Canada,CAN,,gcp,northamerica-northeast2,Linux-6.8.0-1032-gcp-x86_64-with-glibc2.35,3.10.12,3.0.4,2,Intel(R) Xeon(R) CPU @ 2.60GHz,,,,,15.61648178100586,machine,Y,1.0
2025-08-08T00:52:27,dask-benchmark,6509c767-d184-47a5-a4ce-009d07dda418,dask_R6301_81ec5021,1.0032760621979833,7.07870084593176e-08,7.055586306348924e-08,0.8,0.0,10.0,1.11614220465223e-07,0.0,1.3944923424989813e-06,1.5061065629642042e-06,Canada,CAN,,gcp,northamerica-northeast2,Linux-6.8.0-1032-gcp-x86_64-with-glibc2.35,3.10.12,3.0.4,2,Intel(R) Xeon(R) CPU @ 2.60GHz,,,,,15.61648178100586,machine,Y,1.0
2025-08-08T00:52:29,dask-benchmark,2bd8a7c2-adbb-4c9d-86ad-1ae7104e4037,dask_R6301_81ec5021,1.003532816655934,7.081721215260526e-08,7.056790866948327e-08,0.8,0.0,10.0,1.1166872332493464e-07,0.0,1.3950804714113471e-06,1.506749194736282e-06,Canada,CAN,,gcp,northamerica-northeast2,Linux-6.8.0-1032-gcp-x86_64-with-glibc2.35,3.10.12,3.0.4,2,Intel(R) Xeon(R) CPU @ 2.60GHz,,,,,15.61648178100586,machine,Y,1.0
2025-08-08T00:52:31,dask-benchmark,7294cd2f-62d2-4798-b457-adf2b669df8c,dask_R6301_81ec5021,1.002962542232126,7.07304650383691e-08,7.052154199194332e-08,0.8,0.0,10.0,1.1153959431168109e-07,0.0,1.3933639171429806e-06,1.5049035114546616e-06,Canada,CAN,,gcp,northamerica-northeast2,Linux-6.8.0-1032-gcp-x86_64-with-glibc2.35,3.10.12,3.0.4,2,Intel(R) Xeon(R) CPU @ 2.60GHz,,,,,15.61648178100586,machine,Y,1.0
2025-08-08T00:52:33,dask-benchmark,0c3cfca9-e9a8-43b4-8889-e5ddfc3d8db5,dask_R6301_81ec5021,1.0033418550156057,7.079226025292236e-08,7.055647075723885e-08,0.8,0.0,10.0,1.1162224505096677e-07,0.0,1.3945960582027003e-06,1.5062183032536674e-06,Canada,CAN,,gcp,northamerica-northeast2,Linux-6.8.0-1032-gcp-x86_64-with-glibc2.35,3.10.12,3.0.4,2,Intel(R) Xeon(R) CPU @ 2.60GHz,,,,,15.61648178100586,machine,Y,1.0
2025-08-08T00:52:35,dask-benchmark,5d1b868f-15ee-4afc-bd7e-3cc592916464,dask_R6301_81ec5021,1.0033452869392931,7.079459584059402e-08,7.055855722066833e-08,0.8,0.0,10.0,1.116295024338696e-07,0.0,1.3946384941745136e-06,1.5062679966083831e-06,Canada,CAN,,gcp,northamerica-northeast2,Linux-6.8.0-1032-gcp-x86_64-with-glibc2.35,3.10.12,3.0.4,2,Intel(R) Xeon(R) CPU @ 2.60GHz,,,,,15.61648178100586,machine,Y,1.0
2025-08-08T00:52:37,dask-benchmark,1f44b7b3-b0e8-4689-a329-1c9c017998ce,dask_R6301_81ec5021,1.0023836488835514,7.072561882788108e-08,7.055743467748584e-08,0.8,0.0,10.0,1.1151079781767397e-07,0.0,1.3932896027755409e-06,1.5048004005932146e-06,Canada,CAN,,gcp,northamerica-northeast2,Linux-6.8.0-1032-gcp-x86_64-with-glibc2.35,3.10.12,3.0.4,2,Intel(R) Xeon(R) CPU @ 2.60GHz,,,,,15.61648178100586,machine,Y,1.0
2025-08-08T00:52:40,dask-benchmark,f0929540-b9d5-44fe-ac9f-c586da5ca5cf,dask_R6301_81ec5021,1.00288551999256,7.073785351165053e-08,7.053432530581885e-08,0.8,0.0,10.0,1.115320319723752e-07,0.0,1.393528681041466e-06,1.505060713013841e-06,Canada,CAN,,gcp,northamerica-northeast2,Linux-6.8.0-1032-gcp-x86_64-with-glibc2.35,3.10.12,3.0.4,2,Intel(R) Xeon(R) CPU @ 2.60GHz,,,,,15.61648178100586,machine,Y,1.0
2025-08-08T00:52:42,dask-benchmark,3a5df25d-6911-4fc8-b6a4-71b90e0830ed,dask_R6301_81ec5021,1.0032548704184592,7.079192082169985e-08,7.05622498420291e-08,0.8,0.0,10.0,1.1161365846378937e-07,0.0,1.394597422848973e-06,1.5062110813127624e-06,Canada,CAN,,gcp,northamerica-northeast2,Linux-6.8.0-1032-gcp-x86_64-with-glibc2.35,3.10.12,3.0.4,2,Intel(R) Xeon(R) CPU @ 2.60GHz,,,,,15.61648178100586,machine,Y,1.0
2025-08-08T00:52:44,dask-benchmark,a21e1548-a037-420a-ac07-1f92ab2845de,dask_R6301_81ec5021,1.0034526023082435,7.080368111008368e-08,7.056006526587688e-08,0.8,0.0,10.0,1.1165212177568012e-07,0.0,1.3948091784388656e-06,1.5064613002145455e-06,Canada,CAN,,gcp,northamerica-northeast2,Linux-6.8.0-1032-gcp-x86_64-with-glibc2.35,3.10.12,3.0.4,2,Intel(R) Xeon(R) CPU @ 2.60GHz,,,,,15.61648178100586,machine,Y,1.0
2025-08-08T00:52:46,dask-benchmark,14b6e43e-6de7-495d-9da3-9962ecf331b6,dask_R6301_81ec5021,1.0028628590516746,7.073038770197887e-08,7.052847462001216e-08,0.8000072,0.0,10.0,1.1151658276450385e-07,0.0,1.3933852832350463e-06,1.5049018659995504e-06,Canada,CAN,,gcp,northamerica-northeast2,Linux-6.8.0-1032-gcp-x86_64-with-glibc2.35,3.10.12,3.0.4,2,Intel(R) Xeon(R) CPU @ 2.60GHz,,,,,15.61648178100586,machine,Y,1.0
2025-08-08T00:52:48,dask-benchmark,cf413c72-8341-421a-b404-0f799fe2c03c,dask_R6301_81ec5021,1.0032635550014677,7.078513083301691e-08,7.05548711304612e-08,0.8,0.0,10.0,1.1161128328078324e-07,0.0,1.3944553301876615e-06,1.506066613468445e-06,Canada,CAN,,gcp,northamerica-northeast2,Linux-6.8.0-1032-gcp-x86_64-with-glibc2.35,3.10.12,3.0.4,2,Intel(R) Xeon(R) CPU @ 2.60GHz,,,,,15.61648178100586,machine,Y,1.0
2025-08-08T00:52:50,dask-benchmark,c0670d25-a55b-4923-9f66-89d5a6b64566,dask_R6301_81ec5021,1.0033603529445827,7.079463415582561e-08,7.055753593219337e-08,0.8,0.0,10.0,1.1163514241990117e-07,0.0,1.3946336694061756e-06,1.5062688118260769e-06,Canada,CAN,,gcp,northamerica-northeast2,Linux-6.8.0-1032-gcp-x86_64-with-glibc2.35,3.10.12,3.0.4,2,Intel(R) Xeon(R) CPU @ 2.60GHz,,,,,15.61648178100586,machine,Y,1.0
2025-08-08T00:52:52,dask-benchmark,052c177f-aa37-45d2-ac95-642757ec366d,dask_R6301_81ec5021,1.0027374308556318,7.07189589981507e-08,7.052589922548967e-08,0.8,0.0,10.0,1.1150144930515025e-07,0.0,1.3931572527831626e-06,1.5046587020883128e-06,Canada,CAN,,gcp,northamerica-northeast2,Linux-6.8.0-1032-gcp-x86_64-with-glibc2.35,3.10.12,3.0.4,2,Intel(R) Xeon(R) CPU @ 2.60GHz,,,,,15.61648178100586,machine,Y,1.0
2025-08-08T00:52:55,dask-benchmark,28a92eff-2be6-445e-a600-1eaea7cd9b7f,dask_R6301_81ec5021,1.0028160121291876,7.071954736651646e-08,7.052095948923283e-08,0.8,0.0,10.0,1.1151037830859425e-07,0.0,1.3931608422555855e-06,1.50467122056418e-06,Canada,CAN,,gcp,northamerica-northeast2,Linux-6.8.0-1032-gcp-x86_64-with-glibc2.35,3.10.12,3.0.4,2,Intel(R) Xeon(R) CPU @ 2.60GHz,,,,,15.61648178100586,machine,Y,1.0
2025-08-08T00:52:57,dask-benchmark,6669c3a8-aa31-494e-a93c-7eed93f95678,dask_R6301_81ec5021,1.0031917700544,7.078326371689845e-08,7.055805861830394e-08,0.8,0.0,10.0,1.1160282397435773e-07,0.0,1.394424063619226e-06,1.5060268875935838e-06,Canada,CAN,,gcp,northamerica-northeast2,Linux-6.8.0-1032-gcp-x86_64-with-glibc2.35,3.10.12,3.0.4,2,Intel(R) Xeon(R) CPU @ 2.60GHz,,,,,15.61648178100586,machine,Y,1.0
2025-08-08T00:52:59,dask-benchmark,6b6d1de7-1bd3-4960-ab2a-0624431c2ff8,dask_R6301_81ec5021,1.0031489431858065,7.07817872770441e-08,7.055959910823898e-08,0.8,0.0,10.0,1.115981522533629e-07,0.0,1.3943973217262988e-06,1.5059954739796616e-06,Canada,CAN,,gcp,northamerica-northeast2,Linux-6.8.0-1032-gcp-x86_64-with-glibc2.35,3.10.12,3.0.4,2,Intel(R) Xeon(R) CPU @ 2.60GHz,,,,,15.61648178100586,machine,Y,1.0
2025-08-08T00:53:01,dask-benchmark,ed48a98a-c520-4c65-86d4-66cc5bd4750a,dask_R6301_81ec5021,1.0027042450383306,7.07171438517463e-08,7.052642312194756e-08,0.8,0.0,10.0,1.114973282027576e-07,0.0,1.393122753749291e-06,1.5046200819520486e-06,Canada,CAN,,gcp,northamerica-northeast2,Linux-6.8.0-1032-gcp-x86_64-with-glibc2.35,3.10.12,3.0.4,2,Intel(R) Xeon(R) CPU @ 2.60GHz,,,,,15.61648178100586,machine,Y,1.0
2025-08-08T00:53:03,dask-benchmark,af699785-f952-44b8-ad13-7cf566ba3aa8,dask_R6301_81ec5021,1.003278308082372,7.078827597221567e-08,7.055696849214024e-08,0.8,0.0,10.0,1.116096700231235e-07,0.0,1.394523861300614e-06,1.5061335313237375e-06,Canada,CAN,,gcp,northamerica-northeast2,Linux-6.8.0-1032-gcp-x86_64-with-glibc2.35,3.10.12,3.0.4,2,Intel(R) Xeon(R) CPU @ 2.60GHz,,,,,15.61648178100586,machine,Y,1.0
2025-08-08T00:53:06,dask-benchmark,3d89969a-5668-4c11-bfa7-78fc28a61c64,dask_R6301_81ec5021,1.0031788079068065,7.078359445934703e-08,7.05592999986127e-08,0.8,0.0,10.0,1.1160348666210969e-07,0.0,1.394430438004848e-06,1.5060339246669576e-06,Canada,CAN,,gcp,northamerica-northeast2,Linux-6.8.0-1032-gcp-x86_64-with-glibc2.35,3.10.12,3.0.4,2,Intel(R) Xeon(R) CPU @ 2.60GHz,,,,,15.61648178100586,machine,Y,1.0
2025-08-08T00:53:08,dask-benchmark,1cedbe96-cdd7-4b00-94c7-79143e2b8190,dask_R6301_81ec5021,1.0027859499678016,7.072159427921807e-08,7.052511483780646e-08,0.8,0.0,10.0,1.1150257755070929e-07,0.0,1.3932121943475472e-06,1.5047147718982565e-06,Canada,CAN,,gcp,northamerica-northeast2,Linux-6.8.0-1032-gcp-x86_64-with-glibc2.35,3.10.12,3.0.4,2,Intel(R) Xeon(R) CPU @ 2.60GHz,,,,,15.61648178100586,machine,Y,1.0
2025-08-08T00:53:10,dask-benchmark,939ed821-909c-4169-83b5-c4d8d32f2402,dask_R6301_81ec5021,1.0028078160248697,7.07285805276802e-08,7.053054373673342e-08,0.8,0.0,10.0,1.1152110372980437e-07,0.0,1.3933423117527532e-06,1.5048634154825576e-06,Canada,CAN,,gcp,northamerica-northeast2,Linux-6.8.0-1032-gcp-x86_64-with-glibc2.35,3.10.12,3.0.4,2,Intel(R) Xeon(R) CPU @ 2.60GHz,,,,,15.61648178100586,machine,Y,1.0
2025-08-08T00:53:12,dask-benchmark,96e5afac-9c48-4b7c-afdc-a12b19d53924,dask_R6301_81ec5021,1.0032633901573718,7.079093922612568e-08,7.056067222289596e-08,0.8,0.0,10.0,1.1161916092452077e-07,0.0,1.3945710353760257e-06,1.5061901963005464e-06,Canada,CAN,,gcp,northamerica-northeast2,Linux-6.8.0-1032-gcp-x86_64-with-glibc2.35,3.10.12,3.0.4,2,Intel(R) Xeon(R) CPU @ 2.60GHz,,,,,15.61648178100586,machine,Y,1.0
2025-08-08T00:53:14,dask-benchmark,0d214573-2d43-4b56-bdf4-766b47f7ed6d,dask_R6301_81ec5021,1.0031926832161844,7.078823524465165e-08,7.05629500981887e-08,0.8,0.0,10.0,1.116075229106678e-07,0.0,1.3945251418691545e-06,1.5061326647798223e-06,Canada,CAN,,gcp,northamerica-northeast2,Linux-6.8.0-1032-gcp-x86_64-with-glibc2.35,3.10.12,3.0.4,2,Intel(R) Xeon(R) CPU @ 2.60GHz,,,,,15.61648178100586,machine,Y,1.0
2025-08-08T00:53:16,dask-benchmark,f7dd1917-7bdc-4fc8-ad22-28fb4bd8484f,dask_R6301_81ec5021,1.003596096299589,7.072056170562553e-08,7.046715503017896e-08,0.8000072,0.0,10.0,1.1151139069790248e-07,0.0,1.393181411549449e-06,1.5046928022473515e-06,Canada,CAN,,gcp,northamerica-northeast2,Linux-6.8.0-1032-gcp-x86_64-with-glibc2.35,3.10.12,3.0.4,2,Intel(R) Xeon(R) CPU @ 2.60GHz,,,,,15.61648178100586,machine,Y,1.0
2025-08-08T00:53:19,dask-benchmark,247b50ac-0f41-464c-9727-9d2751bbbca4,dask_R6301_81ec5021,1.0033330149017274,7.079831006895337e-08,7.05631221313771e-08,0.8,0.0,10.0,1.1162776996692021e-07,0.0,1.3947192527767683e-06,1.5063470227436888e-06,Canada,CAN,,gcp,northamerica-northeast2,Linux-6.8.0-1032-gcp-x86_64-with-glibc2.35,3.10.12,3.0.4,2,Intel(R) Xeon(R) CPU @ 2.60GHz,,,,,15.61648178100586,machine,Y,1.0
2025-08-08T00:53:21,dask-benchmark,d49b4580-7107-4821-81ff-e1af1591ab58,dask_R6301_81ec5021,1.0033024321310222,7.07930098317253e-08,7.055999025275002e-08,0.8,0.0,10.0,1.1163043510168792e-07,0.0,1.3946038166371484e-06,1.5062342517388365e-06,Canada,CAN,,gcp,northamerica-northeast2,Linux-6.8.0-1032-gcp-x86_64-with-glibc2.35,3.10.12,3.0.4,2,Intel(R) Xeon(R) CPU @ 2.60GHz,,,,,15.61648178100586,machine,Y,1.0
2025-08-08T00:53:23,dask-benchmark,aa22c923-311d-491f-ba96-9ad212b1d372,dask_R6301_81ec5021,1.0027717198245227,7.072630593408313e-08,7.053081427790932e-08,0.8,0.0,10.0,1.1150993903477989e-07,0.0,1.3933050808393293e-06,1.5048150198741091e-06,Canada,CAN,,gcp,northamerica-northeast2,Linux-6.8.0-1032-gcp-x86_64-with-glibc2.35,3.10.12,3.0.4,2,Intel(R) Xeon(R) CPU @ 2.60GHz,,,,,15.61648178100586,machine,Y,1.0
2025-08-08T00:53:25,dask-benchmark,7783ec96-cd6d-4c69-95a2-e0ff9b07a877,dask_R6301_81ec5021,1.0028837397694588,7.072427806713515e-08,7.052091410255902e-08,0.8,0.0,10.0,1.1152475482473773e-07,0.0,1.3932471189440952e-06,1.5047718737688329e-06,Canada,CAN,,gcp,northamerica-northeast2,Linux-6.8.0-1032-gcp-x86_64-with-glibc2.35,3.10.12,3.0.4,2,Intel(R) Xeon(R) CPU @ 2.60GHz,,,,,15.61648178100586,machine,Y,1.0
2025-08-08T00:53:27,dask-benchmark,f7353075-8ca3-4b79-a8d7-e3c3ad71e24c,dask_R6301_81ec5021,1.003440322354436,7.081072167250225e-08,7.056794519314765e-08,0.8,0.0,10.0,1.1165349402775369e-07,0.0,1.3949576053871877e-06,1.5066110994149414e-06,Canada,CAN,,gcp,northamerica-northeast2,Linux-6.8.0-1032-gcp-x86_64-with-glibc2.35,3.10.12,3.0.4,2,Intel(R) Xeon(R) CPU @ 2.60GHz,,,,,15.61648178100586,machine,Y,1.0
2025-08-08T00:53:30,dask-benchmark,8b8dbc63-c1a2-4617-8d13-dd0ccfd9a5ef,dask_R6301_81ec5021,1.0032523795962334,7.078742776257505e-08,7.055794653690626e-08,0.8,0.0,10.0,1.1161535750660632e-07,0.0,1.3945001268035007e-06,1.506115484310107e-06,Canada,CAN,,gcp,northamerica-northeast2,Linux-6.8.0-1032-gcp-x86_64-with-glibc2.35,3.10.12,3.0.4,2,Intel(R) Xeon(R) CPU @ 2.60GHz,,,,,15.61648178100586,machine,Y,1.0
2025-08-08T00:53:32,dask-benchmark,743e1ee7-ddfe-4277-bd00-c7e4c869535f,dask_R6301_81ec5021,1.0027848770841956,7.072336587475406e-08,7.052695696847454e-08,0.8,0.0,10.0,1.1151473472515744e-07,0.0,1.393237730695142e-06,1.5047524654202993e-06,Canada,CAN,,gcp,northamerica-northeast2,Linux-6.8.0-1032-gcp-x86_64-with-glibc2.35,3.10.12,3.0.4,2,Intel(R) Xeon(R) CPU @ 2.60GHz,,,,,15.61648178100586,machine,Y,1.0
2025-08-08T00:53:34,dask-benchmark,530f4827-f3e1-4db6-9a5f-538a5a261ea1,dask_R6301_81ec5021,1.0032468768768013,7.078315586958909e-08,7.055407547337052e-08,0.8,0.0,10.0,1.1160688174681532e-07,0.0,1.3944177112231651e-06,1.5060245929699803e-06,Canada,CAN,,gcp,northamerica-northeast2,Linux-6.8.0-1032-gcp-x86_64-with-glibc2.35,3.10.12,3.0.4,2,Intel(R) Xeon(R) CPU @ 2.60GHz,,,,,15.61648178100586,machine,Y,1.0
2025-08-08T00:53:36,dask-benchmark,15f1fd00-940c-44f6-a6df-d119f3b6dde8,dask_R6301_81ec5021,1.0032919426448643,7.07938125912721e-08,7.056152808787284e-08,0.8,0.0,10.0,1.1161945511897409e-07,0.0,1.3946318766102194e-06,1.5062513317291936e-06,Canada,CAN,,gcp,northamerica-northeast2,Linux-6.8.0-1032-gcp-x86_64-with-glibc2.35,3.10.12,3.0.4,2,Intel(R) Xeon(R) CPU @ 2.60GHz,,,,,15.61648178100586,machine,Y,1.0
2025-08-08T00:53:38,dask-benchmark,8ef991dc-2585-4098-9699-e0579cdb0657,dask_R6301_81ec5021,1.002798296045512,7.072272089682519e-08,7.052537003275427e-08,0.8,0.0,10.0,1.1150726199977929e-07,0.0,1.393231480485863e-06,1.5047387424856424e-06,Canada,CAN,,gcp,northamerica-northeast2,Linux-6.8.0-1032-gcp-x86_64-with-glibc2.35,3.10.12,3.0.4,2,Intel(R) Xeon(R) CPU @ 2.60GHz,,,,,15.61648178100586,machine,Y,1.0
2025-08-08T00:53:40,dask-benchmark,150a9a24-69f4-40e0-9e91-4359179c089c,dask_R6301_81ec5021,1.0027638841420412,7.072174680817668e-08,7.05268188519631e-08,0.8,0.0,10.0,1.115029422152375e-07,0.0,1.3932150749800109e-06,1.504718017195248e-06,Canada,CAN,,gcp,northamerica-northeast2,Linux-6.8.0-1032-gcp-x86_64-with-glibc2.35,3.10.12,3.0.4,2,Intel(R) Xeon(R) CPU @ 2.60GHz,,,,,15.61648178100586,machine,Y,1.0
2025-08-08T00:53:43,dask-benchmark,39bc03b2-3e18-485b-8884-d2dc5976e269,dask_R6301_81ec5021,1.003284813836217,7.079342980615589e-08,7.056164792873332e-08,0.8,0.0,10.0,1.1162315795405044e-07,0.0,1.3946200294109684e-06,1.5062431873650188e-06,Canada,CAN,,gcp,northamerica-northeast2,Linux-6.8.0-1032-gcp-x86_64-with-glibc2.35,3.10.12,3.0.4,2,Intel(R) Xeon(R) CPU @ 2.60GHz,,,,,15.61648178100586,machine,Y,1.0
2025-08-08T00:53:45,dask-benchmark,6bd969e8-ae89-4491-a9b2-0cb4765ae34c,dask_R6301_81ec5021,1.0033883792348206,7.07981585953902e-08,7.05590776817453e-08,0.8,0.0,10.0,1.1163521982315517e-07,0.0,1.394708580078764e-06,1.5063437999019192e-06,Canada,CAN,,gcp,northamerica-northeast2,Linux-6.8.0-1032-gcp-x86_64-with-glibc2.35,3.10.12,3.0.4,2,Intel(R) Xeon(R) CPU @ 2.60GHz,,,,,15.61648178100586,machine,Y,1.0
2025-08-08T00:53:47,dask-benchmark,4b5ffb66-91d2-4b4c-8dad-5551299ec7d3,dask_R6301_81ec5021,1.002775814849883,7.072193838190287e-08,7.052617078971936e-08,0.8,0.0,10.0,1.1151087159911792e-07,0.0,1.393211221632858e-06,1.504722093231976e-06,Canada,CAN,,gcp,northamerica-northeast2,Linux-6.8.0-1032-gcp-x86_64-with-glibc2.35,3.10.12,3.0.4,2,Intel(R) Xeon(R) CPU @ 2.60GHz,,,,,15.61648178100586,machine,Y,1.0
2025-08-08T00:53:49,dask-benchmark,b5974190-a0ca-4fd1-bf3f-3fbe1acec35a,dask_R6301_81ec5021,1.0033517479896543,7.0795244933106e-08,7.055874978536039e-08,0.8,0.0,10.0,1.1162622314360408e-07,0.0,1.3946555839437576e-06,1.5062818070873618e-06,Canada,CAN,,gcp,northamerica-northeast2,Linux-6.8.0-1032-gcp-x86_64-with-glibc2.35,3.10.12,3.0.4,2,Intel(R) Xeon(R) CPU @ 2.60GHz,,,,,15.61648178100586,machine,Y,1.0
2025-08-08T00:53:51,dask-benchmark,ece2e635-320f-41ea-b7d6-1bf302d1569f,dask_R6301_81ec5021,1.0032401853241026,7.078049029575454e-08,7.055188910010467e-08,0.8,0.0,10.0,1.1159875916524069e-07,0.0,1.3943691194678348e-06,1.5059678786330754e-06,Canada,CAN,,gcp,northamerica-northeast2,Linux-6.8.0-1032-gcp-x86_64-with-glibc2.35,3.10.12,3.0.4,2,Intel(R) Xeon(R) CPU @ 2.60GHz,,,,,15.61648178100586,machine,Y,1.0
2025-08-08T00:53:53,dask-benchmark,ed8a06a9-43f2-421b-b990-c6caf2e66125,dask_R6301_81ec5021,1.0028735562227666,7.072783537800696e-08,7.05251773158692e-08,0.8000576,0.0,10.0,1.115291275574474e-07,0.0,1.3933184336767428e-06,1.5048475612341902e-06,Canada,CAN,,gcp,northamerica-northeast2,Linux-6.8.0-1032-gcp-x86_64-with-glibc2.35,3.10.12,3.0.4,2,Intel(R) Xeon(R) CPU @ 2.60GHz,,,,,15.61648178100586,machine,Y,1.0
2025-08-08T00:53:56,dask-benchmark,ad066e92-a937-4697-8bf0-af812a623704,dask_R6301_81ec5021,1.0029107448644936,7.073598945715156e-08,7.053069260585988e-08,0.8,0.0,10.0,1.115353297856119e-07,0.0,1.393485722494208e-06,1.50502105227982e-06,Canada,CAN,,gcp,northamerica-northeast2,Linux-6.8.0-1032-gcp-x86_64-with-glibc2.35,3.10.12,3.0.4,2,Intel(R) Xeon(R) CPU @ 2.60GHz,,,,,15.61648178100586,machine,Y,1.0
2025-08-08T00:53:58,dask-benchmark,d5d3a75e-3fb6-47b3-a2ce-4efb6866469f,dask_R6301_81ec5021,1.0032086810097098,7.078105096850131e-08,7.055466355939184e-08,0.8,0.0,10.0,1.1159901579635013e-07,0.0,1.3943807920441032e-06,1.5059798078404534e-06,Canada,CAN,,gcp,northamerica-northeast2,Linux-6.8.0-1032-gcp-x86_64-with-glibc2.35,3.10.12,3.0.4,2,Intel(R) Xeon(R) CPU @ 2.60GHz,,,,,15.61648178100586,machine,Y,1.0
2025-08-08T00:54:00,dask-benchmark,e315b9d7-a211-42ef-9a79-9f8eeca6dc4b,dask_R6301_81ec5021,1.0032002977095544,7.078357823383906e-08,7.055777235657503e-08,0.8000072,0.0,10.0,1.1160301079467488e-07,0.0,1.3944305686487092e-06,1.506033579443384e-06,Canada,CAN,,gcp,northamerica-northeast2,Linux-6.8.0-1032-gcp-x86_64-with-glibc2.35,3.10.12,3.0.4,2,Intel(R) Xeon(R) CPU @ 2.60GHz,,,,,15.61648178100586,machine,Y,1.0
2025-08-08T00:54:02,dask-benchmark,55da9247-aa0e-467c-a1e2-e56303e4235f,dask_R6301_81ec5021,1.002482705749571,7.073199742634056e-08,7.055682558977733e-08,0.8,0.0,10.0,1.1152168570293325e-07,0.0,1.3934144297511213e-06,1.5049361154540546e-06,Canada,CAN,,gcp,northamerica-northeast2,Linux-6.8.0-1032-gcp-x86_64-with-glibc2.35,3.10.12,3.0.4,2,Intel(R) Xeon(R) CPU @ 2.60GHz,,,,,15.61648178100586,machine,Y,1.0
2025-08-08T00:54:04,dask-benchmark,03ce9ea3-bf25-4005-af6b-449aaa1f20b1,dask_R6301_81ec5021,1.003154020756483,7.077872217524177e-08,7.055618649852713e-08,0.8,0.0,10.0,1.1159640178084377e-07,0.0,1.394333857266853e-06,1.505930259047697e-06,Canada,CAN,,gcp,northamerica-northeast2,Linux-6.8.0-1032-gcp-x86_64-with-glibc2.35,3.10.12,3.0.4,2,Intel(R) Xeon(R) CPU @ 2.60GHz,,,,,15.61648178100586,machine,Y,1.0
2025-08-08T00:54:06,dask-benchmark,0270612e-59e4-4600-8c5a-e2a91ef85368,dask_R6301_81ec5021,1.0032775509171188,7.077806633208983e-08,7.054684545407198e-08,0.8,0.0,10.0,1.1162234708252881e-07,0.0,1.3942939578555523e-06,1.505916304938081e-06,Canada,CAN,,gcp,northamerica-northeast2,Linux-6.8.0-1032-gcp-x86_64-with-glibc2.35,3.10.12,3.0.4,2,Intel(R) Xeon(R) CPU @ 2.60GHz,,,,,15.61648178100586,machine,Y,1.0
2025-08-08T00:54:09,dask-benchmark,cbb9d1a5-5ee1-4dda-9315-07310b3f9594,dask_R6301_81ec5021,1.0026685488410294,7.071429433815559e-08,7.05260920170412e-08,0.8000072,0.0,10.0,1.114909122823869e-07,0.0,1.3930685417209237e-06,1.5045594540033105e-06,Canada,CAN,,gcp,northamerica-northeast2,Linux-6.8.0-1032-gcp-x86_64-with-glibc2.35,3.10.12,3.0.4,2,Intel(R) Xeon(R) CPU @ 2.60GHz,,,,,15.61648178100586,machine,Y,1.0
2025-08-08T00:54:11,dask-benchmark,0cc6ba47-8786-4228-b08f-e91e5a227a2f,dask_R6301_81ec5021,1.0029959459789095,7.073923141793868e-08,7.052793353905153e-08,0.8,0.0,10.0,1.115537135758334e-07,0.0,1.3935363165930744e-06,1.5050900301689075e-06,Canada,CAN,,gcp,northamerica-northeast2,Linux-6.8.0-1032-gcp-x86_64-with-glibc2.35,3.10.12,3.0.4,2,Intel(R) Xeon(R) CPU @ 2.60GHz,,,,,15.61648178100586,machine,Y,1.0
2025-08-08T00:54:13,dask-benchmark,ad3dd4ca-49c8-48ff-b320-25b979958fdd,dask_R6301_81ec5021,1.0033273622393608,7.079678885017833e-08,7.056200350418485e-08,0.8,0.0,10.0,1.1162988582832949e-07,0.0,1.3946847705584433e-06,1.5063146563867727e-06,Canada,CAN,,gcp,northamerica-northeast2,Linux-6.8.0-1032-gcp-x86_64-with-glibc2.35,3.10.12,3.0.4,2,Intel(R) Xeon(R) CPU @ 2.60GHz,,,,,15.61648178100586,machine,Y,1.0
2025-08-08T00:54:15,dask-benchmark,6c61fad4-8cc9-4e6b-a8a3-2de33572b7e9,dask_R6301_81ec5021,1.003336210269481,7.079157866709356e-08,7.055618838682202e-08,0.8000072,0.0,10.0,1.1162225374793604e-07,0.0,1.3945815476795866e-06,1.5062038014275227e-06,Canada,CAN,,gcp,northamerica-northeast2,Linux-6.8.0-1032-gcp-x86_64-with-glibc2.35,3.10.12,3.0.4,2,Intel(R) Xeon(R) CPU @ 2.60GHz,,,,,15.61648178100586,machine,Y,1.0
2025-08-08T00:54:17,dask-benchmark,d1849cc0-e2b1-4014-aeba-33347bacc4c3,dask_R6301_81ec5021,1.0027418602257967,7.07154174541734e-08,7.052205583424009e-08,0.8000576,0.0,10.0,1.115075466387977e-07,0.0,1.3930758034499984e-06,1.504583350088796e-06,Canada,CAN,,gcp,northamerica-northeast2,Linux-6.8.0-1032-gcp-x86_64-with-glibc2.35,3.10.12,3.0.4,2,Intel(R) Xeon(R) CPU @ 2.60GHz,,,,,15.61648178100586,machine,Y,1.0
2025-08-08T00:54:20,dask-benchmark,6d5544c5-7d77-4992-bf7e-79a3b787747c,dask_R6301_81ec5021,1.0032790368422866,7.079293333744216e-08,7.056155938457099e-08,0.8,0.0,10.0,1.1162224691361189e-07,0.0,1.3946103772872852e-06,1.506232624200897e-06,Canada,CAN,,gcp,northamerica-northeast2,Linux-6.8.0-1032-gcp-x86_64-with-glibc2.35,3.10.12,3.0.4,2,Intel(R) Xeon(R) CPU @ 2.60GHz,,,,,15.61648178100586,machine,Y,1.0
2025-08-08T00:54:22,dask-benchmark,30faf3b2-a208-4910-b287-7ef9241ec9cd,dask_R6301_81ec5021,1.0032946402207017,7.079113124730065e-08,7.055866582894157e-08,0.8,0.0,10.0,1.1162049778633649e-07,0.0,1.3945737840711242e-06,1.5061942818574608e-06,Canada,CAN,,gcp,northamerica-northeast2,Linux-6.8.0-1032-gcp-x86_64-with-glibc2.35,3.10.12,3.0.4,2,Intel(R) Xeon(R) CPU @ 2.60GHz,,,,,15.61648178100586,machine,Y,1.0
2025-08-08T00:54:24,dask-benchmark,101e0630-fd0d-4e99-a713-7b249ae77156,dask_R6301_81ec5021,1.0028421566821637,7.072819054447529e-08,7.052773965792862e-08,0.8,0.0,10.0,1.1152242600089977e-07,0.0,1.3933326919666594e-06,1.504855117967559e-06,Canada,CAN,,gcp,northamerica-northeast2,Linux-6.8.0-1032-gcp-x86_64-with-glibc2.35,3.10.12,3.0.4,2,Intel(R) Xeon(R) CPU @ 2.60GHz,,,,,15.61648178100586,machine,Y,1.0
2025-08-08T00:54:26,dask-benchmark,72460b19-de47-46d5-bcac-be2fafff2130,dask_R6301_81ec5021,1.002862547989935,7.07306289626803e-08,7.05287370681532e-08,0.8,0.0,10.0,1.1152342727614777e-07,0.0,1.3933835719298157e-06,1.5049069992059631e-06,Canada,CAN,,gcp,northamerica-northeast2,Linux-6.8.0-1032-gcp-x86_64-with-glibc2.35,3.10.12,3.0.4,2,Intel(R) Xeon(R) CPU @ 2.60GHz,,,,,15.61648178100586,machine,Y,1.0
2025-08-08T00:54:28,dask-benchmark,8e655d99-95b2-45b5-8451-ed566da62e29,dask_R6301_81ec5021,1.0032765651121736,7.07827954642061e-08,7.055162845978773e-08,0.8,0.0,10.0,1.116180495462484e-07,0.0,1.3943988752240938e-06,1.5060169247703422e-06,Canada,CAN,,gcp,northamerica-northeast2,Linux-6.8.0-1032-gcp-x86_64-with-glibc2.35,3.10.12,3.0.4,2,Intel(R) Xeon(R) CPU @ 2.60GHz,,,,,15.61648178100586,machine,Y,1.0
2025-08-08T00:54:30,dask-benchmark,d536b74c-182e-4f25-80b1-8a8858ec4b18,dask_R6301_81ec5021,1.0033634067513049,7.07916994512909e-08,7.055439631837944e-08,0.8,0.0,10.0,1.1164028487271733e-07,0.0,1.3945660864313445e-06,1.5062063713040615e-06,Canada,CAN,,gcp,northamerica-northeast2,Linux-6.8.0-1032-gcp-x86_64-with-glibc2.35,3.10.12,3.0.4,2,Intel(R) Xeon(R) CPU @ 2.60GHz,,,,,15.61648178100586,machine,Y,1.0
2025-08-08T00:54:33,dask-benchmark,02e3597d-c70d-4a0b-8c61-b617dcd78ca7,dask_R6301_81ec5021,1.0028165271505711,7.072186828078704e-08,7.05232376671513e-08,0.8,0.0,10.0,1.1151194251659845e-07,0.0,1.3932086592022745e-06,1.5047206017188729e-06,Canada,CAN,,gcp,northamerica-northeast2,Linux-6.8.0-1032-gcp-x86_64-with-glibc2.35,3.10.12,3.0.4,2,Intel(R) Xeon(R) CPU @ 2.60GHz,,,,,15.61648178100586,machine,Y,1.0
2025-08-08T00:54:35,dask-benchmark,886eef80-4ae3-46bb-b8c9-35647fa33b99,dask_R6301_81ec5021,1.0033787339925766,7.079698581274392e-08,7.055858711598696e-08,0.8,0.0,10.0,1.1164333930032121e-07,0.0,1.3946755077793367e-06,1.506318847079658e-06,Canada,CAN,,gcp,northamerica-northeast2,Linux-6.8.0-1032-gcp-x86_64-with-glibc2.35,3.10.12,3.0.4,2,Intel(R) Xeon(R) CPU @ 2.60GHz,,,,,15.61648178100586,machine,Y,1.0
2025-08-08T00:54:37,dask-benchmark,612524c6-61ca-4670-b221-82877ac36947,dask_R6301_81ec5021,1.003261290024966,7.078805648400965e-08,7.055794655672212e-08,0.8,0.0,10.0,1.1161250496904057e-07,0.0,1.394516356392867e-06,1.5061288613619076e-06,Canada,CAN,,gcp,northamerica-northeast2,Linux-6.8.0-1032-gcp-x86_64-with-glibc2.35,3.10.12,3.0.4,2,Intel(R) Xeon(R) CPU @ 2.60GHz,,,,,15.61648178100586,machine,Y,1.0
2025-08-08T00:54:39,dask-benchmark,034e90bb-4cf1-45de-bfb1-bc534e9b0469,dask_R6301_81ec5021,1.0028764251619575,7.07232034849003e-08,7.052035695572262e-08,0.8,0.0,10.0,1.11514435770611e-07,0.0,1.3932345745464166e-06,1.5047490103170276e-06,Canada,CAN,,gcp,northamerica-northeast2,Linux-6.8.0-1032-gcp-x86_64-with-glibc2.35,3.10.12,3.0.4,2,Intel(R) Xeon(R) CPU @ 2.60GHz,,,,,15.61648178100586,machine,Y,1.0
2025-08-08T00:54:41,dask-benchmark,096ad65e-ad83-4d72-a951-33f70eab1017,dask_R6301_81ec5021,1.0027914731763303,7.072132547194553e-08,7.052445833821915e-08,0.8,0.0,10.0,1.1151270754635337e-07,0.0,1.3931963450482322e-06,1.5047090525945856e-06,Canada,CAN,,gcp,northamerica-northeast2,Linux-6.8.0-1032-gcp-x86_64-with-glibc2.35,3.10.12,3.0.4,2,Intel(R) Xeon(R) CPU @ 2.60GHz,,,,,15.61648178100586,machine,Y,1.0
2025-08-08T00:54:43,dask-benchmark,1e3bd41a-1c60-4b41-9328-0e467adb637e,dask_R6301_81ec5021,1.0032185246236622,7.078696159635569e-08,7.055986294004093e-08,0.8,0.0,10.0,1.1160982793403997e-07,0.0,1.3944957379458678e-06,1.5061055658799078e-06,Canada,CAN,,gcp,northamerica-northeast2,Linux-6.8.0-1032-gcp-x86_64-with-glibc2.35,3.10.12,3.0.4,2,Intel(R) Xeon(R) CPU @ 2.60GHz,,,,,15.61648178100586,machine,Y,1.0
2025-08-08T00:54:46,dask-benchmark,d0885fb6-bab6-4b5f-a297-27c90dd88bbe,dask_R6301_81ec5021,1.0032852911390364,7.079331572860896e-08,7.056150065574749e-08,0.8,0.0,10.0,1.1162043197287457e-07,0.0,1.3946203282102944e-06,1.5062407601831689e-06,Canada,CAN,,gcp,northamerica-northeast2,Linux-6.8.0-1032-gcp-x86_64-with-glibc2.35,3.10.12,3.0.4,2,Intel(R) Xeon(R) CPU @ 2.60GHz,,,,,15.61648178100586,machine,Y,1.0
2025-08-08T00:54:48,dask-benchmark,11b189ff-6f17-4d1e-b2de-eae5336aa76b,dask_R6301_81ec5021,1.002780755981803,7.072874935604978e-08,7.053261536396424e-08,0.8000072,0.0,10.0,1.1151623630938805e-07,0.0,1.3933507712661391e-06,1.5048670075755272e-06,Canada,CAN,,gcp,northamerica-northeast2,Linux-6.8.0-1032-gcp-x86_64-with-glibc2.35,3.10.12,3.0.4,2,Intel(R) Xeon(R) CPU @ 2.60GHz,,,,,15.61648178100586,machine,Y,1.0
2025-08-08T00:54:50,dask-benchmark,350db544-d3d2-46d4-8ca3-b7f5ffc622d7,dask_R6301_81ec5021,1.0033905277960002,7.080873284302652e-08,7.056946511002212e-08,0.8,0.0,10.0,1.116501039101018e-07,0.0,1.3949186799840796e-06,1.5065687838941814e-06,Canada,CAN,,gcp,northamerica-northeast2,Linux-6.8.0-1032-gcp-x86_64-with-glibc2.35,3.10.12,3.0.4,2,Intel(R) Xeon(R) CPU @ 2.60GHz,,,,,15.61648178100586,machine,Y,1.0
2025-08-08T00:54:52,dask-benchmark,9b6dac63-5572-438c-9f2a-2e62e9721cb9,dask_R6301_81ec5021,1.003291456028819,7.079053120879912e-08,7.055829169421899e-08,0.8000072,0.0,10.0,1.116217603494915e-07,0.0,1.3945597547313404e-06,1.506181515080832e-06,Canada,CAN,,gcp,northamerica-northeast2,Linux-6.8.0-1032-gcp-x86_64-with-glibc2.35,3.10.12,3.0.4,2,Intel(R) Xeon(R) CPU @ 2.60GHz,,,,,15.61648178100586,machine,Y,1.0
2025-08-08T00:54:54,dask-benchmark,f4b628df-5836-4a2d-be09-5534ca87ce55,dask_R6301_81ec5021,1.0028688041493297,7.074016784793802e-08,7.053780868968445e-08,0.8,0.0,10.0,1.1153369293444689e-07,0.0,1.3935762612770002e-06,1.505109954211447e-06,Canada,CAN,,gcp,northamerica-northeast2,Linux-6.8.0-1032-gcp-x86_64-with-glibc2.35,3.10.12,3.0.4,2,Intel(R) Xeon(R) CPU @ 2.60GHz,,,,,15.61648178100586,machine,Y,1.0
2025-08-08T00:54:57,dask-benchmark,713b337c-58c7-41ea-b857-a5f00d1ce42c,dask_R6301_81ec5021,1.0026599392294884,7.071270303226387e-08,7.052511052411677e-08,0.8,0.0,10.0,1.1148908444576792e-07,0.0,1.3930365119853782e-06,1.5045255964311462e-06,Canada,CAN,,gcp,northamerica-northeast2,Linux-6.8.0-1032-gcp-x86_64-with-glibc2.35,3.10.12,3.0.4,2,Intel(R) Xeon(R) CPU @ 2.60GHz,,,,,15.61648178100586,machine,Y,1.0
2025-08-08T00:54:59,dask-benchmark,b5210cb2-3a7f-4aee-8f5c-7dd7fa341314,dask_R6301_81ec5021,1.0031975670717657,7.077997491017192e-08,7.055437257166768e-08,0.8,0.0,10.0,1.1160309954235965e-07,0.0,1.3943538134400215e-06,1.505956912982381e-06,Canada,CAN,,gcp,northamerica-northeast2,Linux-6.8.0-1032-gcp-x86_64-with-glibc2.35,3.10.12,3.0.4,2,Intel(R) Xeon(R) CPU @ 2.60GHz,,,,,15.61648178100586,machine,Y,1.0
2025-08-08T00:55:01,dask-benchmark,f2f5be05-b67f-419f-95ac-39ebef8c5f2e,dask_R6301_81ec5021,1.0032781376503408,7.078340045869767e-08,7.055212089488076e-08,0.8,0.0,10.0,1.1161166926225029e-07,0.0,1.3944181277313168e-06,1.506029796993567e-06,Canada,CAN,,gcp,northamerica-northeast2,Linux-6.8.0-1032-gcp-x86_64-with-glibc2.35,3.10.12,3.0.4,2,Intel(R) Xeon(R) CPU @ 2.60GHz,,,,,15.61648178100586,machine,Y,1.0
2025-08-08T00:55:03,dask-benchmark,d0d7cb74-47aa-4944-8d1a-6b90f4f0dee8,dask_R6301_81ec5021,1.0025736028328538,7.068351461966005e-08,7.050207029183495e-08,0.8,0.0,10.0,1.1146046479956973e-07,0.0,1.392444101576176e-06,1.5039045663757457e-06,Canada,CAN,,gcp,northamerica-northeast2,Linux-6.8.0-1032-gcp-x86_64-with-glibc2.35,3.10.12,3.0.4,2,Intel(R) Xeon(R) CPU @ 2.60GHz,,,,,15.61648178100586,machine,Y,1.0
2025-08-08T00:55:05,dask-benchmark,63a07dba-aa25-4e72-a53c-211821acd656,dask_R6301_81ec5021,1.003161272034049,7.077281907619908e-08,7.054979199176753e-08,0.8,0.0,10.0,1.1158933024853469e-07,0.0,1.3942153309471906e-06,1.5058046611957253e-06,Canada,CAN,,gcp,northamerica-northeast2,Linux-6.8.0-1032-gcp-x86_64-with-glibc2.35,3.10.12,3.0.4,2,Intel(R) Xeon(R) CPU @ 2.60GHz,,,,,15.61648178100586,machine,Y,1.0
2025-08-08T00:55:07,dask-benchmark,79b1e647-17be-4d60-b085-47cdec7c3793,dask_R6301_81ec5021,1.0032070917077365,7.078739330902076e-08,7.056109739866475e-08,0.8,0.0,10.0,1.1160769903411468e-07,0.0,1.394507052221646e-06,1.5061147512557609e-06,Canada,CAN,,gcp,northamerica-northeast2,Linux-6.8.0-1032-gcp-x86_64-with-glibc2.35,3.10.12,3.0.4,2,Intel(R) Xeon(R) CPU @ 2.60GHz,,,,,15.61648178100586,machine,Y,1.0
2025-08-08T00:55:10,dask-benchmark,f604b8ed-b4e0-4a6b-931b-1c4012af7b0f,dask_R6301_81ec5021,1.002813785802573,7.072749576355433e-08,7.052904214609459e-08,0.8,0.0,10.0,1.1151369961185589e-07,0.0,1.3933266357829172e-06,1.5048403353947731e-06,Canada,CAN,,gcp,northamerica-northeast2,Linux-6.8.0-1032-gcp-x86_64-with-glibc2.35,3.10.12,3.0.4,2,Intel(R) Xeon(R) CPU @ 2.60GHz,,,,,15.61648178100586,machine,Y,1.0
2025-08-08T00:55:12,dask-benchmark,654224ea-4aeb-4069-823c-66b7d569d900,dask_R6301_81ec5021,1.0027572670951486,7.072459609863452e-08,7.05301257038147e-08,0.8,0.0,10.0,1.1150812067919308e-07,0.0,1.393270519717286e-06,1.5047786403964792e-06,Canada,CAN,,gcp,northamerica-northeast2,Linux-6.8.0-1032-gcp-x86_64-with-glibc2.35,3.10.12,3.0.4,2,Intel(R) Xeon(R) CPU @ 2.60GHz,,,,,15.61648178100586,machine,Y,1.0
2025-08-08T00:55:14,dask-benchmark,ce9cfb33-1587-4f98-b9a0-75ebf7f3ff9c,dask_R6301_81ec5021,1.0033849929459393,7.079891917559629e-08,7.0560073823439e-08,0.8,0.0,10.0,1.1162990693830785e-07,0.0,1.3947300755211875e-06,1.5063599824594957e-06,Canada,CAN,,gcp,northamerica-northeast2,Linux-6.8.0-1032-gcp-x86_64-with-glibc2.35,3.10.12,3.0.4,2,Intel(R) Xeon(R) CPU @ 2.60GHz,,,,,15.61648178100586,machine,Y,1.0
2025-08-08T00:55:16,dask-benchmark,c9b81bef-fcff-462c-b037-aff008a23513,dask_R6301_81ec5021,1.0033511868678031,7.079035171618064e-08,7.055391237156889e-08,0.8,0.0,10.0,1.1163054396294889e-07,0.0,1.394547152126001e-06,1.5061776960889495e-06,Canada,CAN,,gcp,northamerica-northeast2,Linux-6.8.0-1032-gcp-x86_64-with-glibc2.35,3.10.12,3.0.4,2,Intel(R) Xeon(R) CPU @ 2.60GHz,,,,,15.61648178100586,machine,Y,1.0
2025-08-08T00:55:18,dask-benchmark,c11a816d-684b-44df-aa3c-ef12ec0f0510,dask_R6301_81ec5021,1.00294180912897,7.073163374290906e-08,7.052416511017497e-08,0.8,0.0,10.0,1.1153019157548748e-07,0.0,1.393398185933216e-06,1.5049283775087031e-06,Canada,CAN,,gcp,northamerica-northeast2,Linux-6.8.0-1032-gcp-x86_64-with-glibc2.35,3.10.12,3.0.4,2,Intel(R) Xeon(R) CPU @ 2.60GHz,,,,,15.61648178100586,machine,Y,1.0
2025-08-08T00:55:20,dask-benchmark,550ea7a5-55b1-4037-8dbf-ec2e6a062176,dask_R6301_81ec5021,1.003216558136046,7.07866119710832e-08,7.055965274596659e-08,0.8,0.0,10.0,1.1161184072908429e-07,0.0,1.3944862863152392e-06,1.5060981270443237e-06,Canada,CAN,,gcp,northamerica-northeast2,Linux-6.8.0-1032-gcp-x86_64-with-glibc2.35,3.10.12,3.0.4,2,Intel(R) Xeon(R) CPU @ 2.60GHz,,,,,15.61648178100586,machine,Y,1.0
2025-08-08T00:55:23,dask-benchmark,ba0e8e09-24a3-4831-99f8-ae90b812373f,dask_R6301_81ec5021,1.0032687233760953,7.079579486465081e-08,7.056513695195857e-08,0.8,0.0,10.0,1.1162580756677525e-07,0.0,1.3946677001917527e-06,1.506293507758528e-06,Canada,CAN,,gcp,northamerica-northeast2,Linux-6.8.0-1032-gcp-x86_64-with-glibc2.35,3.10.12,3.0.4,2,Intel(R) Xeon(R) CPU @ 2.60GHz,,,,,15.61648178100586,machine,Y,1.0
2025-08-08T00:55:25,dask-benchmark,1aac45b3-4ba6-4f95-9209-bf9c212d0559,dask_R6301_81ec5021,1.0027952743694186,7.072915664713622e-08,7.053200035432198e-08,0.8,0.0,10.0,1.1151368998818929e-07,0.0,1.3933619833551348e-06,1.504875673343324e-06,Canada,CAN,,gcp,northamerica-northeast2,Linux-6.8.0-1032-gcp-x86_64-with-glibc2.35,3.10.12,3.0.4,2,Intel(R) Xeon(R) CPU @ 2.60GHz,,,,,15.61648178100586,machine,Y,1.0
2025-08-08T00:55:27,dask-benchmark,fd73e18d-ba4c-4d63-8676-e7af9aefbc16,dask_R6301_81ec5021,1.0027965479530394,7.07200001311592e-08,7.052277979567896e-08,0.8,0.0,10.0,1.1151097776989141e-07,0.0,1.3931698760845596e-06,1.504680853854451e-06,Canada,CAN,,gcp,northamerica-northeast2,Linux-6.8.0-1032-gcp-x86_64-with-glibc2.35,3.10.12,3.0.4,2,Intel(R) Xeon(R) CPU @ 2.60GHz,,,,,15.61648178100586,machine,Y,1.0
2025-08-08T00:55:29,dask-benchmark,3cf21791-1938-448b-80db-954d180ff597,dask_R6301_81ec5021,1.003271171823144,7.07847296927745e-08,7.055393564647583e-08,0.8,0.0,10.0,1.1160623954815997e-07,0.0,1.3944518390215105e-06,1.5060580785696704e-06,Canada,CAN,,gcp,northamerica-northeast2,Linux-6.8.0-1032-gcp-x86_64-with-glibc2.35,3.10.12,3.0.4,2,Intel(R) Xeon(R) CPU @ 2.60GHz,,,,,15.61648178100586,machine,Y,1.0
2025-08-08T00:55:31,dask-benchmark,21528840-50e8-49cd-a544-348557194d26,dask_R6301_81ec5021,1.003211717121303,7.07816643621395e-08,7.055506146324341e-08,0.8000072,0.0,10.0,1.1160966339517852e-07,0.0,1.394383195373747e-06,1.5059928587689257e-06,Canada,CAN,,gcp,northamerica-northeast2,Linux-6.8.0-1032-gcp-x86_64-with-glibc2.35,3.10.12,3.0.4,2,Intel(R) Xeon(R) CPU @ 2.60GHz,,,,,15.61648178100586,machine,Y,1.0
2025-08-08T00:55:34,dask-benchmark,3e15a137-f859-4e7e-8e3e-b10a90c702e1,dask_R6301_81ec5021,1.0027910331264138,7.071920333435345e-08,7.052237305500361e-08,0.8,0.0,10.0,1.114985557893912e-07,0.0,1.3931653449415332e-06,1.5046639007309243e-06,Canada,CAN,,gcp,northamerica-northeast2,Linux-6.8.0-1032-gcp-x86_64-with-glibc2.35,3.10.12,3.0.4,2,Intel(R) Xeon(R) CPU @ 2.60GHz,,,,,15.61648178100586,machine,Y,1.0
2025-08-08T00:55:36,dask-benchmark,419983af-dd5c-4689-8804-73caf4eb4c8b,dask_R6301_81ec5021,1.0031322450377047,7.077752746031103e-08,7.055652712833562e-08,0.8,0.0,10.0,1.115921375652155e-07,0.0,1.3943127020158705e-06,1.5059048395810855e-06,Canada,CAN,,gcp,northamerica-northeast2,Linux-6.8.0-1032-gcp-x86_64-with-glibc2.35,3.10.12,3.0.4,2,Intel(R) Xeon(R) CPU @ 2.60GHz,,,,,15.61648178100586,machine,Y,1.0
2025-08-08T00:55:38,dask-benchmark,30fbeca0-2398-4165-91f7-7bcd882bfb23,dask_R6301_81ec5021,1.0033521950244904,7.079349136683676e-08,7.055697064091118e-08,0.8,0.0,10.0,1.1163162729806373e-07,0.0,1.394612869868676e-06,1.5062444971667395e-06,Canada,CAN,,gcp,northamerica-northeast2,Linux-6.8.0-1032-gcp-x86_64-with-glibc2.35,3.10.12,3.0.4,2,Intel(R) Xeon(R) CPU @ 2.60GHz,,,,,15.61648178100586,machine,Y,1.0
2025-08-08T00:55:40,dask-benchmark,6e4ce1a8-0cb8-4e3d-b6a2-f18c62528d9a,dask_R6301_81ec5021,1.0027931076474488,7.072675096807589e-08,7.052975377343861e-08,0.8,0.0,10.0,1.115128588345316e-07,0.0,1.3933116298479338e-06,1.5048244886824651e-06,Canada,CAN,,gcp,northamerica-northeast2,Linux-6.8.0-1032-gcp-x86_64-with-glibc2.35,3.10.12,3.0.4,2,Intel(R) Xeon(R) CPU @ 2.60GHz,,,,,15.61648178100586,machine,Y,1.0
2025-08-08T00:55:42,dask-benchmark,1ca48777-de7c-4220-badd-e142bb258ee5,dask_R6301_81ec5021,1.0028321198187768,7.072960839042854e-08,7.052985937786893e-08,0.8,0.0,10.0,1.1151705133832165e-07,0.0,1.3933682335644131e-06,1.5048852849027349e-06,Canada,CAN,,gcp,northamerica-northeast2,Linux-6.8.0-1032-gcp-x86_64-with-glibc2.35,3.10.12,3.0.4,2,Intel(R) Xeon(R) CPU @ 2.60GHz,,,,,15.61648178100586,machine,Y,1.0
2025-08-08T00:55:44,dask-benchmark,ab3fbb1b-03cf-4132-a2d6-d326874e6ec2,dask_R6301_81ec5021,1.0034114830195904,7.079897354068497e-08,7.055826521700539e-08,0.8000072,0.0,10.0,1.1164488860854081e-07,0.0,1.394716250554969e-06,1.5063611391635098e-06,Canada,CAN,,gcp,northamerica-northeast2,Linux-6.8.0-1032-gcp-x86_64-with-glibc2.35,3.10.12,3.0.4,2,Intel(R) Xeon(R) CPU @ 2.60GHz,,,,,15.61648178100586,machine,Y,1.0
2025-08-08T00:55:47,dask-benchmark,2a92df43-9fe4-478a-9ee0-86f7869898ae,dask_R6301_81ec5021,1.0033926917240024,7.079722968061767e-08,7.055784865143454e-08,0.8004608000000001,0.0,10.0,1.1168389754026469e-07,0.0,1.3946401382175584e-06,1.506324035757823e-06,Canada,CAN,,gcp,northamerica-northeast2,Linux-6.8.0-1032-gcp-x86_64-with-glibc2.35,3.10.12,3.0.4,2,Intel(R) Xeon(R) CPU @ 2.60GHz,,,,,15.61648178100586,machine,Y,1.0
2025-08-08T00:55:49,dask-benchmark,6a7ae7bf-9e44-403f-9b9f-ecd5e302a1c6,dask_R6301_81ec5021,1.003831455949694,7.073219714168873e-08,7.046222423342092e-08,0.8,0.0,10.0,1.1154450062248444e-07,0.0,1.3933958640942971e-06,1.5049403647167816e-06,Canada,CAN,,gcp,northamerica-northeast2,Linux-6.8.0-1032-gcp-x86_64-with-glibc2.35,3.10.12,3.0.4,2,Intel(R) Xeon(R) CPU @ 2.60GHz,,,,,15.61648178100586,machine,Y,1.0
2025-08-08T00:55:51,dask-benchmark,0a911553-9c09-4c28-85f6-61b008f204db,dask_R6301_81ec5021,1.0032966150902212,7.079601142886185e-08,7.056339108898074e-08,0.8000072,0.0,10.0,1.1162515463690317e-07,0.0,1.3946729608707955e-06,1.506298115507699e-06,Canada,CAN,,gcp,northamerica-northeast2,Linux-6.8.0-1032-gcp-x86_64-with-glibc2.35,3.10.12,3.0.4,2,Intel(R) Xeon(R) CPU @ 2.60GHz,,,,,15.61648178100586,machine,Y,1.0
2025-08-08T00:55:53,dask-benchmark,7542601d-990e-43e2-ba8a-073f33f3881e,dask_R6301_81ec5021,1.003221666906029,7.078964950615127e-08,7.056232121109291e-08,0.8,0.0,10.0,1.116145361835758e-07,0.0,1.3945482192664512e-06,1.506162755450027e-06,Canada,CAN,,gcp,northamerica-northeast2,Linux-6.8.0-1032-gcp-x86_64-with-glibc2.35,3.10.12,3.0.4,2,Intel(R) Xeon(R) CPU @ 2.60GHz,,,,,15.61648178100586,machine,Y,1.0
2025-08-08T00:55:55,dask-benchmark,1396d13a-ff27-48fc-a699-92584a5ee4b8,dask_R6301_81ec5021,1.0027992161922157,7.072347425705649e-08,7.05260565775116e-08,0.8,0.0,10.0,1.115100933238864e-07,0.0,1.3932446781028475e-06,1.5047547714267338e-06,Canada,CAN,,gcp,northamerica-northeast2,Linux-6.8.0-1032-gcp-x86_64-with-glibc2.35,3.10.12,3.0.4,2,Intel(R) Xeon(R) CPU @ 2.60GHz,,,,,15.61648178100586,machine,Y,1.0
2025-08-08T00:55:58,dask-benchmark,2efc3338-8b21-4756-b1f4-4a4dab02237e,dask_R6301_81ec5021,1.0026831650175154,7.071678479843669e-08,7.052754774954396e-08,0.8,0.0,10.0,1.1149400907258193e-07,0.0,1.3931184334473476e-06,1.5046124425199296e-06,Canada,CAN,,gcp,northamerica-northeast2,Linux-6.8.0-1032-gcp-x86_64-with-glibc2.35,3.10.12,3.0.4,2,Intel(R) Xeon(R) CPU @ 2.60GHz,,,,,15.61648178100586,machine,Y,1.0
2025-08-08T00:56:00,dask-benchmark,f0122ea1-fc6b-4619-8891-43fdbdc5bc05,dask_R6301_81ec5021,1.0032213372178376,7.078241979449782e-08,7.055513790286166e-08,0.8,0.0,10.0,1.1160231495483057e-07,0.0,1.3944066168429952e-06,1.5060089317978258e-06,Canada,CAN,,gcp,northamerica-northeast2,Linux-6.8.0-1032-gcp-x86_64-with-glibc2.35,3.10.12,3.0.4,2,Intel(R) Xeon(R) CPU @ 2.60GHz,,,,,15.61648178100586,machine,Y,1.0
2025-08-08T00:56:02,dask-benchmark,ef65f9b1-47ca-4c32-9b97-1000c9ada5f0,dask_R6301_81ec5021,1.0032291589304805,7.078018244857798e-08,7.05523576727326e-08,0.8,0.0,10.0,1.1160099599510433e-07,0.0,1.394360332698044e-06,1.5059613286931482e-06,Canada,CAN,,gcp,northamerica-northeast2,Linux-6.8.0-1032-gcp-x86_64-with-glibc2.35,3.10.12,3.0.4,2,Intel(R) Xeon(R) CPU @ 2.60GHz,,,,,15.61648178100586,machine,Y,1.0
2025-08-08T00:56:04,dask-benchmark,c9a8f26c-2509-4392-a9ee-791e0d81452b,dask_R6301_81ec5021,1.002813721075654,7.072573559498414e-08,7.052729146857025e-08,0.8,0.0,10.0,1.1151722870353197e-07,0.0,1.3932856562961309e-06,1.5048028849996626e-06,Canada,CAN,,gcp,northamerica-northeast2,Linux-6.8.0-1032-gcp-x86_64-with-glibc2.35,3.10.12,3.0.4,2,Intel(R) Xeon(R) CPU @ 2.60GHz,,,,,15.61648178100586,machine,Y,1.0
2025-08-08T00:56:06,dask-benchmark,cd538da1-914e-439a-9ca2-101494cba5c7,dask_R6301_81ec5021,1.003300692886114,7.079109857381425e-08,7.055820759993219e-08,0.8,0.0,10.0,1.1162212315118977e-07,0.0,1.3945714635257092e-06,1.5061935866768989e-06,Canada,CAN,,gcp,northamerica-northeast2,Linux-6.8.0-1032-gcp-x86_64-with-glibc2.35,3.10.12,3.0.4,2,Intel(R) Xeon(R) CPU @ 2.60GHz,,,,,15.61648178100586,machine,Y,1.0
2025-08-08T00:56:08,dask-benchmark,4373ac22-7d4b-4579-9f02-0d0b317cda3d,dask_R6301_81ec5021,1.0031763412989676,7.077689772968492e-08,7.055279796375492e-08,0.8,0.0,10.0,1.1160483159538777e-07,0.0,1.3942866094617382e-06,1.5058914410571258e-06,Canada,CAN,,gcp,northamerica-northeast2,Linux-6.8.0-1032-gcp-x86_64-with-glibc2.35,3.10.12,3.0.4,2,Intel(R) Xeon(R) CPU @ 2.60GHz,,,,,15.61648178100586,machine,Y,1.0
2025-08-08T00:56:10,dask-benchmark,f522bac7-e4bc-46f4-9fc3-6b325db0e49c,dask_R6301_81ec5021,1.0028013070113957,7.071998313297003e-08,7.052242816050335e-08,0.8,0.0,10.0,1.1150810153534017e-07,0.0,1.393172390655511e-06,1.5046804921908513e-06,Canada,CAN,,gcp,northamerica-northeast2,Linux-6.8.0-1032-gcp-x86_64-with-glibc2.35,3.10.12,3.0.4,2,Intel(R) Xeon(R) CPU @ 2.60GHz,,,,,15.61648178100586,machine,Y,1.0
2025-08-08T00:56:13,dask-benchmark,e29b8de3-b79d-456c-b569-9de4f93ddbda,dask_R6301_81ec5021,1.002713579684496,7.072147263638261e-08,7.053008363428681e-08,0.8,0.0,10.0,1.1150145882533656e-07,0.0,1.393210724927485e-06,1.5047121837528215e-06,Canada,CAN,,gcp,northamerica-northeast2,Linux-6.8.0-1032-gcp-x86_64-with-glibc2.35,3.10.12,3.0.4,2,Intel(R) Xeon(R) CPU @ 2.60GHz,,,,,15.61648178100586,machine,Y,1.0
2025-08-08T00:56:15,dask-benchmark,e5d12952-e916-4a4d-a38a-b07908157b4e,dask_R6301_81ec5021,1.00318050570786,7.078770816703844e-08,7.0563281248263e-08,0.8,0.0,10.0,1.1160513924227821e-07,0.0,1.3945163111202418e-06,1.50612145036252e-06,Canada,CAN,,gcp,northamerica-northeast2,Linux-6.8.0-1032-gcp-x86_64-with-glibc2.35,3.10.12,3.0.4,2,Intel(R) Xeon(R) CPU @ 2.60GHz,,,,,15.61648178100586,machine,Y,1.0
2025-08-08T00:56:17,dask-benchmark,6d9f4b34-05b7-4c54-b335-d9537f94c4f2,dask_R6301_81ec5021,1.003198352176696,7.078661628264107e-08,7.056093755442416e-08,0.8,0.0,10.0,1.1160634064839949e-07,0.0,1.3944918781311977e-06,1.506098218779597e-06,Canada,CAN,,gcp,northamerica-northeast2,Linux-6.8.0-1032-gcp-x86_64-with-glibc2.35,3.10.12,3.0.4,2,Intel(R) Xeon(R) CPU @ 2.60GHz,,,,,15.61648178100586,machine,Y,1.0
2025-08-08T00:56:19,dask-benchmark,b26c3ff8-18c2-45a8-98d8-58b641e9fd2d,dask_R6301_81ec5021,1.0028466288931668,7.072768232779993e-08,7.052691836423826e-08,0.8,0.0,10.0,1.1151656311833197e-07,0.0,1.3933277417284748e-06,1.5048443048468068e-06,Canada,CAN,,gcp,northamerica-northeast2,Linux-6.8.0-1032-gcp-x86_64-with-glibc2.35,3.10.12,3.0.4,2,Intel(R) Xeon(R) CPU @ 2.60GHz,,,,,15.61648178100586,machine,Y,1.0
2025-08-08T00:56:21,dask-benchmark,c898d7a5-f6e6-4f2a-9590-5f422254cdb2,dask_R6301_81ec5021,1.0033134031109512,7.079053494158307e-08,7.055675198007367e-08,0.8,0.0,10.0,1.1162161599430777e-07,0.0,1.3945599785074592e-06,1.5061815945017669e-06,Canada,CAN,,gcp,northamerica-northeast2,Linux-6.8.0-1032-gcp-x86_64-with-glibc2.35,3.10.12,3.0.4,2,Intel(R) Xeon(R) CPU @ 2.60GHz,,,,,15.61648178100586,machine,Y,1.0
2025-08-08T00:56:24,dask-benchmark,2cab46f1-e296-4f3f-acd5-95cc7d1e4c04,dask_R6301_81ec5021,1.00328418193385,7.078987065526763e-08,7.055814487059762e-08,0.8,0.0,10.0,1.1162054662903153e-07,0.0,1.3945469141213433e-06,1.5061674607503748e-06,Canada,CAN,,gcp,northamerica-northeast2,Linux-6.8.0-1032-gcp-x86_64-with-glibc2.35,3.10.12,3.0.4,2,Intel(R) Xeon(R) CPU @ 2.60GHz,,,,,15.61648178100586,machine,Y,1.0
2025-08-08T00:56:26,dask-benchmark,d5970da0-4b72-447b-a667-d8ef3233849b,dask_R6301_81ec5021,1.0024549276567996,7.067490791363849e-08,7.05018310188154e-08,0.8,0.0,10.0,1.114318653320273e-07,0.0,1.3922895796390044e-06,1.5037214449710318e-06,Canada,CAN,,gcp,northamerica-northeast2,Linux-6.8.0-1032-gcp-x86_64-with-glibc2.35,3.10.12,3.0.4,2,Intel(R) Xeon(R) CPU @ 2.60GHz,,,,,15.61648178100586,machine,Y,1.0
2025-08-08T00:56:28,dask-benchmark,98b38337-f918-4336-ba62-42a4f23d0d8c,dask_R6301_81ec5021,1.002541922032833,7.06769969886583e-08,7.049779708498176e-08,0.8,0.0,10.0,1.1144561889684864e-07,0.0,1.3923202744788591e-06,1.503765893375708e-06,Canada,CAN,,gcp,northamerica-northeast2,Linux-6.8.0-1032-gcp-x86_64-with-glibc2.35,3.10.12,3.0.4,2,Intel(R) Xeon(R) CPU @ 2.60GHz,,,,,15.61648178100586,machine,Y,1.0
2025-08-08T00:56:30,dask-benchmark,40c80576-47d2-406f-ba4c-3cc57a9b05ac,dask_R6301_81ec5021,1.0025997371412814,7.068412455554224e-08,7.050084090096044e-08,0.8,0.0,10.0,1.1146370207683909e-07,0.0,1.3924538416581022e-06,1.5039175437349414e-06,Canada,CAN,,gcp,northamerica-northeast2,Linux-6.8.0-1032-gcp-x86_64-with-glibc2.35,3.10.12,3.0.4,2,Intel(R) Xeon(R) CPU @ 2.60GHz,,,,,15.61648178100586,machine,Y,1.0
2025-08-08T00:56:32,dask-benchmark,c63af096-2eb7-4f08-994f-7a6b98d0cdc6,dask_R6301_81ec5021,1.0025737350806594,7.069013540219101e-08,7.0508664778161e-08,0.8,0.0,10.0,1.11462345553769e-07,0.0,1.3925830885354011e-06,1.5040454340891703e-06,Canada,CAN,,gcp,northamerica-northeast2,Linux-6.8.0-1032-gcp-x86_64-with-glibc2.35,3.10.12,3.0.4,2,Intel(R) Xeon(R) CPU @ 2.60GHz,,,,,15.61648178100586,machine,Y,1.0
2025-08-08T00:56:35,dask-benchmark,da5c7e88-4d3f-4e8e-95ed-706e5b4aa43d,dask_R6301_81ec5021,1.002675180323422,7.069132989339737e-08,7.050272239769138e-08,0.8,0.0,10.0,1.114700198587445e-07,0.0,1.3926008289369445e-06,1.5040708487956888e-06,Canada,CAN,,gcp,northamerica-northeast2,Linux-6.8.0-1032-gcp-x86_64-with-glibc2.35,3.10.12,3.0.4,2,Intel(R) Xeon(R) CPU @ 2.60GHz,,,,,15.61648178100586,machine,Y,1.0
2025-08-08T00:56:37,dask-benchmark,02ac7937-5592-4d15-b8e7-9f1c955f6d7e,dask_R6301_81ec5021,1.0024521998129785,7.067737599964151e-08,7.0504484914919e-08,0.8,0.0,10.0,1.1143764998349881e-07,0.0,1.3923363074556822e-06,1.503773957439181e-06,Canada,CAN,,gcp,northamerica-northeast2,Linux-6.8.0-1032-gcp-x86_64-with-glibc2.35,3.10.12,3.0.4,2,Intel(R) Xeon(R) CPU @ 2.60GHz,,,,,15.61648178100586,machine,Y,1.0
2025-08-08T00:56:39,dask-benchmark,5149c153-3923-4e61-8825-e1b8555e4788,dask_R6301_81ec5021,1.00251688901335,7.067607599807283e-08,7.049863874874995e-08,0.8,0.0,10.0,1.1143940335346596e-07,0.0,1.3923068944778706e-06,1.5037462978313366e-06,Canada,CAN,,gcp,northamerica-northeast2,Linux-6.8.0-1032-gcp-x86_64-with-glibc2.35,3.10.12,3.0.4,2,Intel(R) Xeon(R) CPU @ 2.60GHz,,,,,15.61648178100586,machine,Y,1.0
2025-08-08T00:56:41,dask-benchmark,069327d3-5220-4624-beb0-0f72660adf58,dask_R6301_81ec5021,1.002331922762096,7.064680607440985e-08,7.048244645319743e-08,0.8,0.0,10.0,1.1139229726460245e-07,0.0,1.3917312362334795e-06,1.503123533498082e-06,Canada,CAN,,gcp,northamerica-northeast2,Linux-6.8.0-1032-gcp-x86_64-with-glibc2.35,3.10.12,3.0.4,2,Intel(R) Xeon(R) CPU @ 2.60GHz,,,,,15.61648178100586,machine,Y,1.0
2025-08-08T00:56:43,dask-benchmark,60221745-33b3-4580-80fa-dd985b4d633b,dask_R6301_81ec5021,1.00248729204759,7.067906336051723e-08,7.050370006801238e-08,0.8,0.0,10.0,1.114407700176041e-07,0.0,1.392369088716805e-06,1.503809858734409e-06,Canada,CAN,,gcp,northamerica-northeast2,Linux-6.8.0-1032-gcp-x86_64-with-glibc2.35,3.10.12,3.0.4,2,Intel(R) Xeon(R) CPU @ 2.60GHz,,,,,15.61648178100586,machine,Y,1.0
2025-08-08T00:56:46,dask-benchmark,ccc2f261-082d-47a0-87e9-ef60aeed51dc,dask_R6301_81ec5021,1.0025651846081018,7.068809435739078e-08,7.050723029547693e-08,0.8,0.0,10.0,1.1145905260410577e-07,0.0,1.3925429549999537e-06,1.5040020076040591e-06,Canada,CAN,,gcp,northamerica-northeast2,Linux-6.8.0-1032-gcp-x86_64-with-glibc2.35,3.10.12,3.0.4,2,Intel(R) Xeon(R) CPU @ 2.60GHz,,,,,15.61648178100586,machine,Y,1.0
2025-08-08T00:56:48,dask-benchmark,b9889b23-1838-4166-91d4-0212bde11e3a,dask_R6301_81ec5021,1.0024963608011603,7.068243277611003e-08,7.050642330474205e-08,0.8,0.0,10.0,1.114473343930311e-07,0.0,1.392434214034842e-06,1.503881548427873e-06,Canada,CAN,,gcp,northamerica-northeast2,Linux-6.8.0-1032-gcp-x86_64-with-glibc2.35,3.10.12,3.0.4,2,Intel(R) Xeon(R) CPU @ 2.60GHz,,,,,15.61648178100586,machine,Y,1.0
2025-08-08T00:56:51,dask-benchmark,ad4197d3-db77-4fd4-8975-2cf2bf28a756,dask_R6301_81ec5021,1.002467615995556,7.067385558820161e-08,7.049988893458171e-08,0.8000072,0.0,10.0,1.1143459138804725e-07,0.0,1.392264463680072e-06,1.5036990550681194e-06,Canada,CAN,,gcp,northamerica-northeast2,Linux-6.8.0-1032-gcp-x86_64-with-glibc2.35,3.10.12,3.0.4,2,Intel(R) Xeon(R) CPU @ 2.60GHz,,,,,15.61648178100586,machine,Y,1.0
2025-08-08T00:56:53,dask-benchmark,76605ac2-8feb-4fe1-9932-f7a96ad4cfe9,dask_R6301_81ec5021,1.0025270339101553,7.068241894167537e-08,7.050425230528975e-08,0.8,0.0,10.0,1.1144806579169305e-07,0.0,1.3924331882865065e-06,1.5038812540781994e-06,Canada,CAN,,gcp,northamerica-northeast2,Linux-6.8.0-1032-gcp-x86_64-with-glibc2.35,3.10.12,3.0.4,2,Intel(R) Xeon(R) CPU @ 2.60GHz,,,,,15.61648178100586,machine,Y,1.0
2025-08-08T00:56:55,dask-benchmark,a04bf2af-ac9b-4a42-900f-6bf823f189b9,dask_R6301_81ec5021,1.0024284892715514,7.067034897741137e-08,7.04991425660362e-08,0.8,0.0,10.0,1.1143535510119465e-07,0.0,1.3921890912267068e-06,1.5036244463279015e-06,Canada,CAN,,gcp,northamerica-northeast2,Linux-6.8.0-1032-gcp-x86_64-with-glibc2.35,3.10.12,3.0.4,2,Intel(R) Xeon(R) CPU @ 2.60GHz,,,,,15.61648178100586,machine,Y,1.0
2025-08-08T00:56:57,dask-benchmark,5e2c5ad5-0689-4c19-a0ae-a8183d6937e2,dask_R6301_81ec5021,1.0024823499843478,7.067848027885582e-08,7.050346600113144e-08,0.8,0.0,10.0,1.1144345015701325e-07,0.0,1.3923540025846e-06,1.5037974527416131e-06,Canada,CAN,,gcp,northamerica-northeast2,Linux-6.8.0-1032-gcp-x86_64-with-glibc2.35,3.10.12,3.0.4,2,Intel(R) Xeon(R) CPU @ 2.60GHz,,,,,15.61648178100586,machine,Y,1.0
2025-08-08T00:56:59,dask-benchmark,0fed9e38-3bb1-449c-8727-2a803d7581e1,dask_R6301_81ec5021,1.0025495770387352,7.068524780998834e-08,7.05054886350596e-08,0.8,0.0,10.0,1.1145550022936533e-07,0.0,1.392485942536344e-06,1.5039414427657094e-06,Canada,CAN,,gcp,northamerica-northeast2,Linux-6.8.0-1032-gcp-x86_64-with-glibc2.35,3.10.12,3.0.4,2,Intel(R) Xeon(R) CPU @ 2.60GHz,,,,,15.61648178100586,machine,Y,1.0
2025-08-08T00:57:01,dask-benchmark,f31a04a9-6fc2-4d39-b471-e277065e7273,dask_R6301_81ec5021,1.0025136559270322,7.068113894884785e-08,7.050391636160651e-08,0.8,0.0,10.0,1.1144676794194517e-07,0.0,1.392407252246307e-06,1.5038540201882522e-06,Canada,CAN,,gcp,northamerica-northeast2,Linux-6.8.0-1032-gcp-x86_64-with-glibc2.35,3.10.12,3.0.4,2,Intel(R) Xeon(R) CPU @ 2.60GHz,,,,,15.61648178100586,machine,Y,1.0
2025-08-08T00:57:04,dask-benchmark,8e9825a2-9321-4603-8f2b-915a96d4ee70,dask_R6301_81ec5021,1.0025581363588572,7.068163101116406e-08,7.050127912568669e-08,0.8,0.0,10.0,1.1144749985800852e-07,0.0,1.3924169897412262e-06,1.5038644895992349e-06,Canada,CAN,,gcp,northamerica-northeast2,Linux-6.8.0-1032-gcp-x86_64-with-glibc2.35,3.10.12,3.0.4,2,Intel(R) Xeon(R) CPU @ 2.60GHz,,,,,15.61648178100586,machine,Y,1.0
2025-08-08T00:57:06,dask-benchmark,c810b622-102c-493c-b14a-89fda2437314,dask_R6301_81ec5021,1.0025273859500885,7.068237483149601e-08,7.050418354857289e-08,0.8,0.0,10.0,1.1144990960343021e-07,0.0,1.3924304059603148e-06,1.5038803155637449e-06,Canada,CAN,,gcp,northamerica-northeast2,Linux-6.8.0-1032-gcp-x86_64-with-glibc2.35,3.10.12,3.0.4,2,Intel(R) Xeon(R) CPU @ 2.60GHz,,,,,15.61648178100586,machine,Y,1.0
2025-08-08T00:57:08,dask-benchmark,ecc3f6f3-6597-41ab-9427-846dd6b66e41,dask_R6301_81ec5021,1.002281925175339,7.068143904105656e-08,7.05205164990794e-08,0.8,0.0,10.0,1.1144657671037649e-07,0.0,1.3924138284184866e-06,1.503860405128863e-06,Canada,CAN,,gcp,northamerica-northeast2,Linux-6.8.0-1032-gcp-x86_64-with-glibc2.35,3.10.12,3.0.4,2,Intel(R) Xeon(R) CPU @ 2.60GHz,,,,,15.61648178100586,machine,Y,1.0
2025-08-08T00:57:10,dask-benchmark,c112f91f-478d-4363-a40c-3646ef297f4d,dask_R6301_81ec5021,1.0024682059884071,7.067610150265198e-08,7.050208782728149e-08,0.8,0.0,10.0,1.1143919577201209e-07,0.0,1.3923076447099449e-06,1.5037468404819569e-06,Canada,CAN,,gcp,northamerica-northeast2,Linux-6.8.0-1032-gcp-x86_64-with-glibc2.35,3.10.12,3.0.4,2,Intel(R) Xeon(R) CPU @ 2.60GHz,,,,,15.61648178100586,machine,Y,1.0
2025-08-08T00:57:13,dask-benchmark,3559a0fa-4227-40d7-834d-93bb505e0391,dask_R6301_81ec5021,1.0025145397521555,7.068354508751588e-08,7.050625430828213e-08,0.8,0.0,10.0,1.1145043776681026e-07,0.0,1.3924547768611874e-06,1.5039052146279976e-06,Canada,CAN,,gcp,northamerica-northeast2,Linux-6.8.0-1032-gcp-x86_64-with-glibc2.35,3.10.12,3.0.4,2,Intel(R) Xeon(R) CPU @ 2.60GHz,,,,,15.61648178100586,machine,Y,1.0
2025-08-08T00:57:15,dask-benchmark,9355b57b-357e-4156-90a1-1c304e3cf29f,dask_R6301_81ec5021,1.0025716559030116,7.06772602101167e-08,7.049596883572179e-08,0.8,0.0,10.0,1.1144971888926297e-07,0.0,1.3923217749430073e-06,1.5037714938322702e-06,Canada,CAN,,gcp,northamerica-northeast2,Linux-6.8.0-1032-gcp-x86_64-with-glibc2.35,3.10.12,3.0.4,2,Intel(R) Xeon(R) CPU @ 2.60GHz,,,,,15.61648178100586,machine,Y,1.0
2025-08-08T00:57:18,dask-benchmark,9cc0b940-510d-42e4-a2fc-52d8f8f9db49,dask_R6301_81ec5021,1.0024374150671065,7.067874797237003e-08,7.050689340804239e-08,0.8,0.0,10.0,1.114425760590368e-07,0.0,1.3923605722892617e-06,1.5038031483482986e-06,Canada,CAN,,gcp,northamerica-northeast2,Linux-6.8.0-1032-gcp-x86_64-with-glibc2.35,3.10.12,3.0.4,2,Intel(R) Xeon(R) CPU @ 2.60GHz,,,,,15.61648178100586,machine,Y,1.0
2025-08-08T00:57:20,dask-benchmark,7c261d88-6e29-4caf-8cf9-0d3127d2f160,dask_R6301_81ec5021,1.0025924262590706,7.068176161513354e-08,7.049899816106263e-08,0.8,0.0,10.0,1.1145925428718329e-07,0.0,1.3924080141199132e-06,1.5038672684070965e-06,Canada,CAN,,gcp,northamerica-northeast2,Linux-6.8.0-1032-gcp-x86_64-with-glibc2.35,3.10.12,3.0.4,2,Intel(R) Xeon(R) CPU @ 2.60GHz,,,,,15.61648178100586,machine,Y,1.0
2025-08-08T00:57:24,dask-benchmark,b60c18b1-e2ec-45db-ac7e-8116e98f5445,dask_R6301_81ec5021,1.0032571502961218,7.07856388673083e-08,7.055582793146819e-08,0.8,0.0,10.0,1.1161261113981406e-07,0.0,1.3944648115688727e-06,1.5060774227086868e-06,Canada,CAN,,gcp,northamerica-northeast2,Linux-6.8.0-1032-gcp-x86_64-with-glibc2.35,3.10.12,3.0.4,2,Intel(R) Xeon(R) CPU @ 2.60GHz,,,,,15.61648178100586,machine,Y,1.0
2025-08-08T00:57:26,dask-benchmark,413ba222-dda0-48c5-b6b4-b65681218029,dask_R6301_81ec5021,1.003229581285268,7.078131205728278e-08,7.055345394281805e-08,0.8,0.0,10.0,1.115991704993778e-07,0.0,1.3943861924215323e-06,1.5059853629209104e-06,Canada,CAN,,gcp,northamerica-northeast2,Linux-6.8.0-1032-gcp-x86_64-with-glibc2.35,3.10.12,3.0.4,2,Intel(R) Xeon(R) CPU @ 2.60GHz,,,,,15.61648178100586,machine,Y,1.0
2025-08-08T00:57:28,dask-benchmark,e022a4ff-b839-47f1-8b60-084605243e12,dask_R6301_81ec5021,1.003090426791459,7.077578913648095e-08,7.055773561997627e-08,0.8,0.0,10.0,1.1158641593323816e-07,0.0,1.3942814380344418e-06,1.50586785396768e-06,Canada,CAN,,gcp,northamerica-northeast2,Linux-6.8.0-1032-gcp-x86_64-with-glibc2.35,3.10.12,3.0.4,2,Intel(R) Xeon(R) CPU @ 2.60GHz,,,,,15.61648178100586,machine,Y,1.0
2025-08-08T00:57:31,dask-benchmark,e47a88d0-b39f-4458-8216-a60b0a7564ca,dask_R6301_81ec5021,1.003200733102858,7.078109702897362e-08,7.05552684456785e-08,0.8,0.0,10.0,1.1159783177491693e-07,0.0,1.3943829560755856e-06,1.5059807878505023e-06,Canada,CAN,,gcp,northamerica-northeast2,Linux-6.8.0-1032-gcp-x86_64-with-glibc2.35,3.10.12,3.0.4,2,Intel(R) Xeon(R) CPU @ 2.60GHz,,,,,15.61648178100586,machine,Y,1.0
2025-08-08T00:57:33,dask-benchmark,4663d1e4-e97d-447c-890e-b91ffd2428ca,dask_R6301_81ec5021,1.0032056290656328,7.078215854278662e-08,7.055598223537862e-08,0.8,0.0,10.0,1.1160207270748085e-07,0.0,1.3944013005432984e-06,1.5060033732507793e-06,Canada,CAN,,gcp,northamerica-northeast2,Linux-6.8.0-1032-gcp-x86_64-with-glibc2.35,3.10.12,3.0.4,2,Intel(R) Xeon(R) CPU @ 2.60GHz,,,,,15.61648178100586,machine,Y,1.0
2025-08-08T00:57:35,dask-benchmark,0ac47f32-bd3d-426e-8975-715bd6aafab3,dask_R6301_81ec5021,1.003188186790794,7.078399824537337e-08,7.05590428370293e-08,0.8,0.0,10.0,1.1160329108436905e-07,0.0,1.3944392247746389e-06,1.506042515859008e-06,Canada,CAN,,gcp,northamerica-northeast2,Linux-6.8.0-1032-gcp-x86_64-with-glibc2.35,3.10.12,3.0.4,2,Intel(R) Xeon(R) CPU @ 2.60GHz,,,,,15.61648178100586,machine,Y,1.0
2025-08-08T00:57:37,dask-benchmark,b53cf789-3475-4544-9421-bf1db91d7801,dask_R6301_81ec5021,1.003177063073963,7.077815633008463e-08,7.05540018161941e-08,0.8,0.0,10.0,1.1159287248220709e-07,0.0,1.3943253473068276e-06,1.5059182197890349e-06,Canada,CAN,,gcp,northamerica-northeast2,Linux-6.8.0-1032-gcp-x86_64-with-glibc2.35,3.10.12,3.0.4,2,Intel(R) Xeon(R) CPU @ 2.60GHz,,,,,15.61648178100586,machine,Y,1.0
2025-08-08T00:57:39,dask-benchmark,a80e6549-8e28-4ca2-adf2-d9c9c1c5ea80,dask_R6301_81ec5021,1.0032373419962823,7.078644944748119e-08,7.05580289770987e-08,0.8,0.0,10.0,1.1161413757751388e-07,0.0,1.39448053151783e-06,1.506094669095344e-06,Canada,CAN,,gcp,northamerica-northeast2,Linux-6.8.0-1032-gcp-x86_64-with-glibc2.35,3.10.12,3.0.4,2,Intel(R) Xeon(R) CPU @ 2.60GHz,,,,,15.61648178100586,machine,Y,1.0
2025-08-08T00:57:41,dask-benchmark,930b109c-1ad5-47fb-8470-682438999e88,dask_R6301_81ec5021,1.003171434160322,7.077671255267248e-08,7.05529584900055e-08,0.8000072,0.0,10.0,1.1160137930980149e-07,0.0,1.3942861218108895e-06,1.5058875011206911e-06,Canada,CAN,,gcp,northamerica-northeast2,Linux-6.8.0-1032-gcp-x86_64-with-glibc2.35,3.10.12,3.0.4,2,Intel(R) Xeon(R) CPU @ 2.60GHz,,,,,15.61648178100586,machine,Y,1.0
2025-08-08T00:57:44,dask-benchmark,df562175-8b83-4fd2-afd7-f6eabd885103,dask_R6301_81ec5021,1.0031869150698185,7.077707084614993e-08,7.055222689106154e-08,0.8,0.0,10.0,1.1159909692489438e-07,0.0,1.394296027461274e-06,1.5058951243861684e-06,Canada,CAN,,gcp,northamerica-northeast2,Linux-6.8.0-1032-gcp-x86_64-with-glibc2.35,3.10.12,3.0.4,2,Intel(R) Xeon(R) CPU @ 2.60GHz,,,,,15.61648178100586,machine,Y,1.0
2025-08-08T00:57:46,dask-benchmark,789deea3-93a6-4c46-af6c-2015723a28cb,dask_R6301_81ec5021,1.0027758008800447,7.078133875343742e-08,7.058540771657943e-08,0.8,0.0,10.0,1.1160605338712536e-07,0.0,1.3943798775370751e-06,1.5059859309242005e-06,Canada,CAN,,gcp,northamerica-northeast2,Linux-6.8.0-1032-gcp-x86_64-with-glibc2.35,3.10.12,3.0.4,2,Intel(R) Xeon(R) CPU @ 2.60GHz,,,,,15.61648178100586,machine,Y,1.0
2025-08-08T00:57:48,dask-benchmark,59da6cf1-d22a-4781-9a54-779e2e834d13,dask_R6301_81ec5021,1.0031801098957658,7.0775903783066e-08,7.055154212579023e-08,0.8,0.0,10.0,1.1159822665568857e-07,0.0,1.3942720666010347e-06,1.5058702932567232e-06,Canada,CAN,,gcp,northamerica-northeast2,Linux-6.8.0-1032-gcp-x86_64-with-glibc2.35,3.10.12,3.0.4,2,Intel(R) Xeon(R) CPU @ 2.60GHz,,,,,15.61648178100586,machine,Y,1.0
2025-08-08T00:57:50,dask-benchmark,824b0baa-2bc0-4622-ad99-e72fda817703,dask_R6301_81ec5021,1.0033097830601037,7.078944965462303e-08,7.055592484976533e-08,0.8,0.0,10.0,1.1162058419237537e-07,0.0,1.3945379190974763e-06,1.506158503289852e-06,Canada,CAN,,gcp,northamerica-northeast2,Linux-6.8.0-1032-gcp-x86_64-with-glibc2.35,3.10.12,3.0.4,2,Intel(R) Xeon(R) CPU @ 2.60GHz,,,,,15.61648178100586,machine,Y,1.0
2025-08-08T00:57:52,dask-benchmark,09ddebfe-748f-4ce5-ae41-3caa47fbb40c,dask_R6301_81ec5021,1.0032139802351594,7.078112660922732e-08,7.055436627052966e-08,0.8,0.0,10.0,1.1160441643248005e-07,0.0,1.3943770007851224e-06,1.5059814172176024e-06,Canada,CAN,,gcp,northamerica-northeast2,Linux-6.8.0-1032-gcp-x86_64-with-glibc2.35,3.10.12,3.0.4,2,Intel(R) Xeon(R) CPU @ 2.60GHz,,,,,15.61648178100586,machine,Y,1.0
2025-08-08T00:57:54,dask-benchmark,42216def-e950-4702-9593-c8e1f7a81376,dask_R6301_81ec5021,1.0031733619980514,7.077922319382843e-08,7.055532560479403e-08,0.8,0.0,10.0,1.1159674088574117e-07,0.0,1.394344178131885e-06,1.5059409190176265e-06,Canada,CAN,,gcp,northamerica-northeast2,Linux-6.8.0-1032-gcp-x86_64-with-glibc2.35,3.10.12,3.0.4,2,Intel(R) Xeon(R) CPU @ 2.60GHz,,,,,15.61648178100586,machine,Y,1.0
2025-08-08T00:57:57,dask-benchmark,6fd8d119-1a04-4176-8ad5-ee7feca3387c,dask_R6301_81ec5021,1.003327931277454,7.079529615869332e-08,7.056047574451114e-08,0.8,0.0,10.0,1.1162785761472256e-07,0.0,1.3946550393787525e-06,1.5062828969934749e-06,Canada,CAN,,gcp,northamerica-northeast2,Linux-6.8.0-1032-gcp-x86_64-with-glibc2.35,3.10.12,3.0.4,2,Intel(R) Xeon(R) CPU @ 2.60GHz,,,,,15.61648178100586,machine,Y,1.0
2025-08-08T00:57:59,dask-benchmark,dd6e5e82-5fc6-482c-909f-0b78ae5578c1,dask_R6301_81ec5021,1.0031708623282611,7.077080222281317e-08,7.054710705867301e-08,0.8,0.0,10.0,1.1158425733447077e-07,0.0,1.394177492087086e-06,1.5057617494215568e-06,Canada,CAN,,gcp,northamerica-northeast2,Linux-6.8.0-1032-gcp-x86_64-with-glibc2.35,3.10.12,3.0.4,2,Intel(R) Xeon(R) CPU @ 2.60GHz,,,,,15.61648178100586,machine,Y,1.0
2025-08-08T00:58:01,dask-benchmark,642086fd-0f8c-4457-8d44-9818d792079f,dask_R6301_81ec5021,1.0032341522164645,7.078716642575132e-08,7.055896798305748e-08,0.8,0.0,10.0,1.1160851269960405e-07,0.0,1.394501411252552e-06,1.5061099239521558e-06,Canada,CAN,,gcp,northamerica-northeast2,Linux-6.8.0-1032-gcp-x86_64-with-glibc2.35,3.10.12,3.0.4,2,Intel(R) Xeon(R) CPU @ 2.60GHz,,,,,15.61648178100586,machine,Y,1.0
2025-08-08T00:58:03,dask-benchmark,b571d3df-bbc4-4f51-8983-56590ac8751f,dask_R6301_81ec5021,1.0032297964207828,7.078055650844343e-08,7.055268569670361e-08,0.8,0.0,10.0,1.1160017053286237e-07,0.0,1.3943691168808276e-06,1.50596928741369e-06,Canada,CAN,,gcp,northamerica-northeast2,Linux-6.8.0-1032-gcp-x86_64-with-glibc2.35,3.10.12,3.0.4,2,Intel(R) Xeon(R) CPU @ 2.60GHz,,,,,15.61648178100586,machine,Y,1.0
2025-08-08T00:58:05,dask-benchmark,5faee34d-d239-4004-afbe-efd72ea1db33,dask_R6301_81ec5021,1.003263948019594,7.078437824852558e-08,7.055409335524448e-08,0.8,0.0,10.0,1.116061724929346e-07,0.0,1.3944444285395246e-06,1.5060506010324593e-06,Canada,CAN,,gcp,northamerica-northeast2,Linux-6.8.0-1032-gcp-x86_64-with-glibc2.35,3.10.12,3.0.4,2,Intel(R) Xeon(R) CPU @ 2.60GHz,,,,,15.61648178100586,machine,Y,1.0
2025-08-08T00:58:07,dask-benchmark,4f8d6ef6-9b1e-4b73-956d-8991cfb9b16f,dask_R6301_81ec5021,1.002976424060762,7.074474747380655e-08,7.053480598016602e-08,0.8,0.0,10.0,1.1155224229312608e-07,0.0,1.3936551507665875e-06,1.5052073930597135e-06,Canada,CAN,,gcp,northamerica-northeast2,Linux-6.8.0-1032-gcp-x86_64-with-glibc2.35,3.10.12,3.0.4,2,Intel(R) Xeon(R) CPU @ 2.60GHz,,,,,15.61648178100586,machine,Y,1.0
2025-08-08T00:58:10,dask-benchmark,b0313a92-2aea-4a41-b45c-67e17b69f139,dask_R6301_81ec5021,1.003201632294804,7.078408234385362e-08,7.055818099292404e-08,0.8,0.0,10.0,1.1160364850527713e-07,0.0,1.3944406566830974e-06,1.5060443051883746e-06,Canada,CAN,,gcp,northamerica-northeast2,Linux-6.8.0-1032-gcp-x86_64-with-glibc2.35,3.10.12,3.0.4,2,Intel(R) Xeon(R) CPU @ 2.60GHz,,,,,15.61648178100586,machine,Y,1.0
2025-08-08T00:58:12,dask-benchmark,1390730f-6d4a-422a-8e10-1ef4ad45649f,dask_R6301_81ec5021,1.0032315594144166,7.07767676558449e-08,7.054878506529154e-08,0.8,0.0,10.0,1.116023033650385e-07,0.0,1.3942863701635765e-06,1.505888673528615e-06,Canada,CAN,,gcp,northamerica-northeast2,Linux-6.8.0-1032-gcp-x86_64-with-glibc2.35,3.10.12,3.0.4,2,Intel(R) Xeon(R) CPU @ 2.60GHz,,,,,15.61648178100586,machine,Y,1.0
2025-08-08T00:58:14,dask-benchmark,cf1a5d0c-e1e4-4153-8083-da10bb683a07,dask_R6301_81ec5021,1.003269128035754,7.078519196083979e-08,7.055454013563267e-08,0.8,0.0,10.0,1.1161329400622184e-07,0.0,1.3944546200541988e-06,1.5060679140604207e-06,Canada,CAN,,gcp,northamerica-northeast2,Linux-6.8.0-1032-gcp-x86_64-with-glibc2.35,3.10.12,3.0.4,2,Intel(R) Xeon(R) CPU @ 2.60GHz,,,,,15.61648178100586,machine,Y,1.0
2025-08-08T00:58:16,dask-benchmark,54358b72-76d2-468d-b816-b66e978bcdd5,dask_R6301_81ec5021,1.003241220023483,7.078264861590125e-08,7.05539676831106e-08,0.8,0.0,10.0,1.1160772159281705e-07,0.0,1.3944060787455075e-06,1.5060138003383246e-06,Canada,CAN,,gcp,northamerica-northeast2,Linux-6.8.0-1032-gcp-x86_64-with-glibc2.35,3.10.12,3.0.4,2,Intel(R) Xeon(R) CPU @ 2.60GHz,,,,,15.61648178100586,machine,Y,1.0
2025-08-08T00:58:18,dask-benchmark,8923de33-c823-494b-a750-58aa3bc6c5ab,dask_R6301_81ec5021,1.0032263966277242,7.07734274338517e-08,7.054581864248353e-08,0.8,0.0,10.0,1.1159365800105865e-07,0.0,1.3942239469745093e-06,1.5058176049755678e-06,Canada,CAN,,gcp,northamerica-northeast2,Linux-6.8.0-1032-gcp-x86_64-with-glibc2.35,3.10.12,3.0.4,2,Intel(R) Xeon(R) CPU @ 2.60GHz,,,,,15.61648178100586,machine,Y,1.0
2025-08-08T00:58:20,dask-benchmark,64f83c6b-4337-4cc5-9bf0-9ac47493a46e,dask_R6301_81ec5021,1.003174970857799,7.077787684483663e-08,7.055387036253066e-08,0.8,0.0,10.0,1.1159400662614241e-07,0.0,1.3943182666682536e-06,1.505912273294396e-06,Canada,CAN,,gcp,northamerica-northeast2,Linux-6.8.0-1032-gcp-x86_64-with-glibc2.35,3.10.12,3.0.4,2,Intel(R) Xeon(R) CPU @ 2.60GHz,,,,,15.61648178100586,machine,Y,1.0
2025-08-08T00:58:23,dask-benchmark,362e968c-fc2a-4014-9df0-ab92463dfda8,dask_R6301_81ec5021,1.003258758224547,7.07832107209704e-08,7.055329459195e-08,0.8,0.0,10.0,1.1160914310150677e-07,0.0,1.39441661691914e-06,1.5060257600206468e-06,Canada,CAN,,gcp,northamerica-northeast2,Linux-6.8.0-1032-gcp-x86_64-with-glibc2.35,3.10.12,3.0.4,2,Intel(R) Xeon(R) CPU @ 2.60GHz,,,,,15.61648178100586,machine,Y,1.0
2025-08-08T00:58:25,dask-benchmark,6f3b09e1-929c-444e-8a63-47ca438d3995,dask_R6301_81ec5021,1.0033095702528954,7.078974829774043e-08,7.055623747304344e-08,0.8000072,0.0,10.0,1.1162808822593497e-07,0.0,1.3945367691727975e-06,1.506164857398733e-06,Canada,CAN,,gcp,northamerica-northeast2,Linux-6.8.0-1032-gcp-x86_64-with-glibc2.35,3.10.12,3.0.4,2,Intel(R) Xeon(R) CPU @ 2.60GHz,,,,,15.61648178100586,machine,Y,1.0
2025-08-08T00:58:27,dask-benchmark,02ee694c-ba01-41e9-a323-1023596465c6,dask_R6301_81ec5021,1.0027707773260772,7.072149203474529e-08,7.052607997146325e-08,0.8,0.0,10.0,1.1150612071570425e-07,0.0,1.3932064757682385e-06,1.5047125964839425e-06,Canada,CAN,,gcp,northamerica-northeast2,Linux-6.8.0-1032-gcp-x86_64-with-glibc2.35,3.10.12,3.0.4,2,Intel(R) Xeon(R) CPU @ 2.60GHz,,,,,15.61648178100586,machine,Y,1.0
2025-08-08T00:58:29,dask-benchmark,e237cdd4-7136-4653-bbd9-ea7f5964d59b,dask_R6301_81ec5021,1.003234462812543,7.07782587739639e-08,7.05500672051664e-08,0.8,0.0,10.0,1.1160010844469072e-07,0.0,1.3943202910013497e-06,1.5059203994460404e-06,Canada,CAN,,gcp,northamerica-northeast2,Linux-6.8.0-1032-gcp-x86_64-with-glibc2.35,3.10.12,3.0.4,2,Intel(R) Xeon(R) CPU @ 2.60GHz,,,,,15.61648178100586,machine,Y,1.0
2025-08-08T00:58:31,dask-benchmark,28ca0a6a-d374-4761-88bd-36ae498dec64,dask_R6301_81ec5021,1.0031931600533426,7.077369993257647e-08,7.054842751201898e-08,0.8,0.0,10.0,1.1159808602597978e-07,0.0,1.3942253167947965e-06,1.505823402820776e-06,Canada,CAN,,gcp,northamerica-northeast2,Linux-6.8.0-1032-gcp-x86_64-with-glibc2.35,3.10.12,3.0.4,2,Intel(R) Xeon(R) CPU @ 2.60GHz,,,,,15.61648178100586,machine,Y,1.0
2025-08-08T00:58:33,dask-benchmark,fd511329-0eef-492b-9958-32983764b38a,dask_R6301_81ec5021,1.0031897346489131,7.078153708753075e-08,7.0556480636539e-08,0.8,0.0,10.0,1.1159637973954281e-07,0.0,1.3943937710589837e-06,1.5059901507985262e-06,Canada,CAN,,gcp,northamerica-northeast2,Linux-6.8.0-1032-gcp-x86_64-with-glibc2.35,3.10.12,3.0.4,2,Intel(R) Xeon(R) CPU @ 2.60GHz,,,,,15.61648178100586,machine,Y,1.0
2025-08-08T00:58:36,dask-benchmark,a02f1f7b-5cb0-4efb-94cd-e2027db0c060,dask_R6301_81ec5021,1.0031789802014828,7.078449670572042e-08,7.056018726738447e-08,0.8,0.0,10.0,1.1160601271937292e-07,0.0,1.3944471086789337e-06,1.5060531213983066e-06,Canada,CAN,,gcp,northamerica-northeast2,Linux-6.8.0-1032-gcp-x86_64-with-glibc2.35,3.10.12,3.0.4,2,Intel(R) Xeon(R) CPU @ 2.60GHz,,,,,15.61648178100586,machine,Y,1.0
2025-08-08T00:58:38,dask-benchmark,e65e72b2-1901-4e0e-b658-b7e0a00d46de,dask_R6301_81ec5021,1.0034206360578537,7.080206124831198e-08,7.056069877780527e-08,0.8,0.0,10.0,1.1163904600673253e-07,0.0,1.3947877890637352e-06,1.5064268350704678e-06,Canada,CAN,,gcp,northamerica-northeast2,Linux-6.8.0-1032-gcp-x86_64-with-glibc2.35,3.10.12,3.0.4,2,Intel(R) Xeon(R) CPU @ 2.60GHz,,,,,15.61648178100586,machine,Y,1.0
2025-08-08T00:58:40,dask-benchmark,3e399876-bdb4-46d6-b5f7-889ce3ac11b1,dask_R6301_81ec5021,1.003183628898114,7.078116741947209e-08,7.05565415747637e-08,0.8,0.0,10.0,1.1159894398103157e-07,0.0,1.394383341539651e-06,1.5059822855206829e-06,Canada,CAN,,gcp,northamerica-northeast2,Linux-6.8.0-1032-gcp-x86_64-with-glibc2.35,3.10.12,3.0.4,2,Intel(R) Xeon(R) CPU @ 2.60GHz,,,,,15.61648178100586,machine,Y,1.0
2025-08-08T00:58:42,dask-benchmark,86a1e030-72a9-45f3-9d38-c4d9ec0f0640,dask_R6301_81ec5021,1.0032524592243135,7.07895499050307e-08,7.056005619937694e-08,0.8,0.0,10.0,1.1161344405263664e-07,0.0,1.394547192224612e-06,1.5061606362772487e-06,Canada,CAN,,gcp,northamerica-northeast2,Linux-6.8.0-1032-gcp-x86_64-with-glibc2.35,3.10.12,3.0.4,2,Intel(R) Xeon(R) CPU @ 2.60GHz,,,,,15.61648178100586,machine,Y,1.0
2025-08-08T00:58:44,dask-benchmark,a2d9d9e3-69f8-4266-b005-f2a59f3c1eaa,dask_R6301_81ec5021,1.0032375897280872,7.078099775128067e-08,7.055257745123446e-08,0.8,0.0,10.0,1.1159783177491693e-07,0.0,1.394380843784246e-06,1.505978675559163e-06,Canada,CAN,,gcp,northamerica-northeast2,Linux-6.8.0-1032-gcp-x86_64-with-glibc2.35,3.10.12,3.0.4,2,Intel(R) Xeon(R) CPU @ 2.60GHz,,,,,15.61648178100586,machine,Y,1.0
2025-08-08T00:58:46,dask-benchmark,0a00457a-09bf-424e-bb54-534d3fb4cea6,dask_R6301_81ec5021,1.0032149138860404,7.077810460642211e-08,7.05512882900205e-08,0.8004608000000001,0.0,10.0,1.1166706940890685e-07,0.0,1.39425004987667e-06,1.505917119285577e-06,Canada,CAN,,gcp,northamerica-northeast2,Linux-6.8.0-1032-gcp-x86_64-with-glibc2.35,3.10.12,3.0.4,2,Intel(R) Xeon(R) CPU @ 2.60GHz,,,,,15.61648178100586,machine,Y,1.0
2025-08-08T00:58:49,dask-benchmark,e62dabf5-406c-43f2-9690-58d9879c9b5d,dask_R6301_81ec5021,1.0032374509610236,7.07866861843504e-08,7.055825728649012e-08,0.8,0.0,10.0,1.1161089998980364e-07,0.0,1.394488806060205e-06,1.5060997060500089e-06,Canada,CAN,,gcp,northamerica-northeast2,Linux-6.8.0-1032-gcp-x86_64-with-glibc2.35,3.10.12,3.0.4,2,Intel(R) Xeon(R) CPU @ 2.60GHz,,,,,15.61648178100586,machine,Y,1.0
2025-08-08T00:58:51,dask-benchmark,b0d63694-889c-4ab8-bcb8-3fbd70b94e85,dask_R6301_81ec5021,1.0032635503448546,7.078227162812576e-08,7.05520215538535e-08,0.8000072,0.0,10.0,1.1160440116831174e-07,0.0,1.394401378153513e-06,1.5060057793218246e-06,Canada,CAN,,gcp,northamerica-northeast2,Linux-6.8.0-1032-gcp-x86_64-with-glibc2.35,3.10.12,3.0.4,2,Intel(R) Xeon(R) CPU @ 2.60GHz,,,,,15.61648178100586,machine,Y,1.0
2025-08-08T00:58:53,dask-benchmark,40ecf494-4f55-4f67-adce-c91973d3913b,dask_R6301_81ec5021,1.0031951582059264,7.078129467243951e-08,7.05558575452277e-08,0.8,0.0,10.0,1.1159749028997301e-07,0.0,1.3943875027406548e-06,1.5059849930306278e-06,Canada,CAN,,gcp,northamerica-northeast2,Linux-6.8.0-1032-gcp-x86_64-with-glibc2.35,3.10.12,3.0.4,2,Intel(R) Xeon(R) CPU @ 2.60GHz,,,,,15.61648178100586,machine,Y,1.0
2025-08-08T00:58:55,dask-benchmark,2307b27a-4ce8-4c8d-8732-384fbe458592,dask_R6301_81ec5021,1.003202867694199,7.078365176926472e-08,7.055766490376634e-08,0.8,0.0,10.0,1.1160175554040409e-07,0.0,1.3944333884865043e-06,1.5060351440269086e-06,Canada,CAN,,gcp,northamerica-northeast2,Linux-6.8.0-1032-gcp-x86_64-with-glibc2.35,3.10.12,3.0.4,2,Intel(R) Xeon(R) CPU @ 2.60GHz,,,,,15.61648178100586,machine,Y,1.0
2025-08-08T00:58:57,dask-benchmark,fc8cfa6b-061d-4eae-b196-6f0e89c223d2,dask_R6301_81ec5021,1.0031519560143352,7.077822803131615e-08,7.055583912982443e-08,0.8,0.0,10.0,1.1159402421779105e-07,0.0,1.3943257211293612e-06,1.5059197453471522e-06,Canada,CAN,,gcp,northamerica-northeast2,Linux-6.8.0-1032-gcp-x86_64-with-glibc2.35,3.10.12,3.0.4,2,Intel(R) Xeon(R) CPU @ 2.60GHz,,,,,15.61648178100586,machine,Y,1.0
2025-08-08T00:58:59,dask-benchmark,772fc106-e8da-4d3a-aafd-1333c4d852db,dask_R6301_81ec5021,1.0032372698187828,7.078575361602836e-08,7.05573404672402e-08,0.8,0.0,10.0,1.1160836130794553e-07,0.0,1.3944715028628709e-06,1.506079864170816e-06,Canada,CAN,,gcp,northamerica-northeast2,Linux-6.8.0-1032-gcp-x86_64-with-glibc2.35,3.10.12,3.0.4,2,Intel(R) Xeon(R) CPU @ 2.60GHz,,,,,15.61648178100586,machine,Y,1.0
2025-08-08T00:59:02,dask-benchmark,96246231-d991-4957-a608-522a5a92e7b0,dask_R6301_81ec5021,1.0032643796876073,7.078513121723922e-08,7.055481351713097e-08,0.8,0.0,10.0,1.1160431688444482e-07,0.0,1.3944623047589428e-06,1.5060666216433876e-06,Canada,CAN,,gcp,northamerica-northeast2,Linux-6.8.0-1032-gcp-x86_64-with-glibc2.35,3.10.12,3.0.4,2,Intel(R) Xeon(R) CPU @ 2.60GHz,,,,,15.61648178100586,machine,Y,1.0
2025-08-08T00:59:04,dask-benchmark,9426ff3b-87fa-4162-a25e-d26ac3b6806f,dask_R6301_81ec5021,1.0033037047833204,7.079086467727191e-08,7.055776265927409e-08,0.8,0.0,10.0,1.1162052396684889e-07,0.0,1.3945680861878726e-06,1.5061886101547214e-06,Canada,CAN,,gcp,northamerica-northeast2,Linux-6.8.0-1032-gcp-x86_64-with-glibc2.35,3.10.12,3.0.4,2,Intel(R) Xeon(R) CPU @ 2.60GHz,,,,,15.61648178100586,machine,Y,1.0
2025-08-08T00:59:06,dask-benchmark,20044a9e-c4f1-4f91-b6ff-05bb35a646cd,dask_R6301_81ec5021,1.003021591808647,7.07837901622471e-08,7.057055475207657e-08,0.8,0.0,10.0,1.1160029439876477e-07,0.0,1.394437794159684e-06,1.5060380885584488e-06,Canada,CAN,,gcp,northamerica-northeast2,Linux-6.8.0-1032-gcp-x86_64-with-glibc2.35,3.10.12,3.0.4,2,Intel(R) Xeon(R) CPU @ 2.60GHz,,,,,15.61648178100586,machine,Y,1.0
2025-08-08T00:59:08,dask-benchmark,1995bb03-40b1-45c4-aa26-affeb71706ce,dask_R6301_81ec5021,1.003251926973462,7.078248522901496e-08,7.055305185662231e-08,0.8,0.0,10.0,1.116055879327986e-07,0.0,1.394404736088796e-06,1.5060103240215945e-06,Canada,CAN,,gcp,northamerica-northeast2,Linux-6.8.0-1032-gcp-x86_64-with-glibc2.35,3.10.12,3.0.4,2,Intel(R) Xeon(R) CPU @ 2.60GHz,,,,,15.61648178100586,machine,Y,1.0
2025-08-08T00:59:10,dask-benchmark,02467105-fe9a-4e28-a574-78db095a8eda,dask_R6301_81ec5021,1.0032113599590955,7.07831303212378e-08,7.055654784862468e-08,0.8,0.0,10.0,1.1160139956822e-07,0.0,1.3944226498198178e-06,1.5060240493880378e-06,Canada,CAN,,gcp,northamerica-northeast2,Linux-6.8.0-1032-gcp-x86_64-with-glibc2.35,3.10.12,3.0.4,2,Intel(R) Xeon(R) CPU @ 2.60GHz,,,,,15.61648178100586,machine,Y,1.0
2025-08-08T00:59:12,dask-benchmark,71613f4b-0260-468b-9375-c14c66d97726,dask_R6301_81ec5021,1.003465101122856,7.080517037274938e-08,7.05606705141214e-08,0.8,0.0,10.0,1.1165542486641141e-07,0.0,1.3948375617878304e-06,1.5064929866542418e-06,Canada,CAN,,gcp,northamerica-northeast2,Linux-6.8.0-1032-gcp-x86_64-with-glibc2.35,3.10.12,3.0.4,2,Intel(R) Xeon(R) CPU @ 2.60GHz,,,,,15.61648178100586,machine,Y,1.0
2025-08-08T00:59:15,dask-benchmark,41111085-e4fe-4889-a0a0-b3aa4e140cf3,dask_R6301_81ec5021,1.0032236319966614,7.078417470068155e-08,7.055672578187144e-08,0.8,0.0,10.0,1.1160498619493513e-07,0.0,1.3944412840323317e-06,1.5060462702272668e-06,Canada,CAN,,gcp,northamerica-northeast2,Linux-6.8.0-1032-gcp-x86_64-with-glibc2.35,3.10.12,3.0.4,2,Intel(R) Xeon(R) CPU @ 2.60GHz,,,,,15.61648178100586,machine,Y,1.0
2025-08-08T00:59:17,dask-benchmark,0668cf8b-da50-46b6-89df-b8e45ccc9ac4,dask_R6301_81ec5021,1.0033293338492513,7.07890280265775e-08,7.055412977411609e-08,0.8,0.0,10.0,1.1162317730486397e-07,0.0,1.3945263551755083e-06,1.5061495324803725e-06,Canada,CAN,,gcp,northamerica-northeast2,Linux-6.8.0-1032-gcp-x86_64-with-glibc2.35,3.10.12,3.0.4,2,Intel(R) Xeon(R) CPU @ 2.60GHz,,,,,15.61648178100586,machine,Y,1.0
2025-08-08T00:59:19,dask-benchmark,2168b627-f546-45fe-9e6b-89854f6ac73c,dask_R6301_81ec5021,1.0031320387497544,7.078500821260324e-08,7.056399903329331e-08,0.8,0.0,10.0,1.1160449373225385e-07,0.0,1.394459510791219e-06,1.5060640045234729e-06,Canada,CAN,,gcp,northamerica-northeast2,Linux-6.8.0-1032-gcp-x86_64-with-glibc2.35,3.10.12,3.0.4,2,Intel(R) Xeon(R) CPU @ 2.60GHz,,,,,15.61648178100586,machine,Y,1.0
2025-08-08T00:59:21,dask-benchmark,3d46e15d-156b-4e9b-b994-5aacacf48c06,dask_R6301_81ec5021,1.0032376409508288,7.07813235717929e-08,7.05528986180275e-08,0.8,0.0,10.0,1.1159949956668749e-07,0.0,1.3943861083437998e-06,1.5059856079104872e-06,Canada,CAN,,gcp,northamerica-northeast2,Linux-6.8.0-1032-gcp-x86_64-with-glibc2.35,3.10.12,3.0.4,2,Intel(R) Xeon(R) CPU @ 2.60GHz,,,,,15.61648178100586,machine,Y,1.0
2025-08-08T00:59:23,dask-benchmark,b5493b5e-0c90-4b7c-9a48-8545daa4bd35,dask_R6301_81ec5021,1.003406165167689,7.079657135846921e-08,7.055624513393106e-08,0.8,0.0,10.0,1.1164320312026477e-07,0.0,1.3946668257833354e-06,1.5063100289036002e-06,Canada,CAN,,gcp,northamerica-northeast2,Linux-6.8.0-1032-gcp-x86_64-with-glibc2.35,3.10.12,3.0.4,2,Intel(R) Xeon(R) CPU @ 2.60GHz,,,,,15.61648178100586,machine,Y,1.0
2025-08-08T00:59:25,dask-benchmark,4a005d0f-a917-4ed6-b916-644f742e3455,dask_R6301_81ec5021,1.0033060917630792,7.077939039132455e-08,7.054615831839122e-08,0.8,0.0,10.0,1.116050130998095e-07,0.0,1.394339463311351e-06,1.5059444764111604e-06,Canada,CAN,,gcp,northamerica-northeast2,Linux-6.8.0-1032-gcp-x86_64-with-glibc2.35,3.10.12,3.0.4,2,Intel(R) Xeon(R) CPU @ 2.60GHz,,,,,15.61648178100586,machine,Y,1.0
2025-08-08T00:59:28,dask-benchmark,f652d418-72a8-4c49-9105-5b9925148bec,dask_R6301_81ec5021,1.0033015101216731,7.078824004499862e-08,7.055530100459427e-08,0.8,0.0,10.0,1.116204747102327e-07,0.0,1.3945122922046316e-06,1.5061327669148643e-06,Canada,CAN,,gcp,northamerica-northeast2,Linux-6.8.0-1032-gcp-x86_64-with-glibc2.35,3.10.12,3.0.4,2,Intel(R) Xeon(R) CPU @ 2.60GHz,,,,,15.61648178100586,machine,Y,1.0
2025-08-08T00:59:30,dask-benchmark,3c93f0bc-dbb3-4300-9271-60b220185d11,dask_R6301_81ec5021,1.0032387841492891,7.078285861527546e-08,7.055434831030462e-08,0.8,0.0,10.0,1.1161071248352528e-07,0.0,1.394407555926591e-06,1.5060182684101165e-06,Canada,CAN,,gcp,northamerica-northeast2,Linux-6.8.0-1032-gcp-x86_64-with-glibc2.35,3.10.12,3.0.4,2,Intel(R) Xeon(R) CPU @ 2.60GHz,,,,,15.61648178100586,machine,Y,1.0
2025-08-08T00:59:32,dask-benchmark,aad5e354-661c-4f41-96ea-409647f7fc66,dask_R6301_81ec5021,1.0031718532554803,7.077256129221578e-08,7.054879088019222e-08,0.8,0.0,10.0,1.1159190401020978e-07,0.0,1.394207272419913e-06,1.5057991764301227e-06,Canada,CAN,,gcp,northamerica-northeast2,Linux-6.8.0-1032-gcp-x86_64-with-glibc2.35,3.10.12,3.0.4,2,Intel(R) Xeon(R) CPU @ 2.60GHz,,,,,15.61648178100586,machine,Y,1.0
2025-08-08T00:59:34,dask-benchmark,194e0323-2ed9-458d-9d4c-5fbc25f8148a,dask_R6301_81ec5021,1.0031768279150128,7.077769890370676e-08,7.055356237724314e-08,0.8,0.0,10.0,1.1159566758821409e-07,0.0,1.3943128197246955e-06,1.5059084873129097e-06,Canada,CAN,,gcp,northamerica-northeast2,Linux-6.8.0-1032-gcp-x86_64-with-glibc2.35,3.10.12,3.0.4,2,Intel(R) Xeon(R) CPU @ 2.60GHz,,,,,15.61648178100586,machine,Y,1.0
2025-08-08T00:59:36,dask-benchmark,5b0adea7-d9c5-415d-8a0c-f391f442a262,dask_R6301_81ec5021,1.0033173798583448,7.07950793259984e-08,7.056100168023974e-08,0.8,0.0,10.0,1.1162952799350025e-07,0.0,1.3946487555383808e-06,1.506278283531881e-06,Canada,CAN,,gcp,northamerica-northeast2,Linux-6.8.0-1032-gcp-x86_64-with-glibc2.35,3.10.12,3.0.4,2,Intel(R) Xeon(R) CPU @ 2.60GHz,,,,,15.61648178100586,machine,Y,1.0
2025-08-08T00:59:38,dask-benchmark,a468508c-dca2-40db-9b30-240eaca39fda,dask_R6301_81ec5021,1.0031391950324178,7.07740813437332e-08,7.055260296298765e-08,0.8,0.0,10.0,1.1158454273309973e-07,0.0,1.3942469752186704e-06,1.5058315179517702e-06,Canada,CAN,,gcp,northamerica-northeast2,Linux-6.8.0-1032-gcp-x86_64-with-glibc2.35,3.10.12,3.0.4,2,Intel(R) Xeon(R) CPU @ 2.60GHz,,,,,15.61648178100586,machine,Y,1.0
2025-08-08T00:59:41,dask-benchmark,2f59e524-0927-43af-9a88-0e0fd4c68483,dask_R6301_81ec5021,1.0032447259873152,7.07848612913448e-08,7.055592664260842e-08,0.8,0.0,10.0,1.1161201198895773e-07,0.0,1.3944488665502931e-06,1.506060878539251e-06,Canada,CAN,,gcp,northamerica-northeast2,Linux-6.8.0-1032-gcp-x86_64-with-glibc2.35,3.10.12,3.0.4,2,Intel(R) Xeon(R) CPU @ 2.60GHz,,,,,15.61648178100586,machine,Y,1.0
2025-08-08T00:59:43,dask-benchmark,b6ff43ab-13b7-40a2-ab04-bcd14c146938,dask_R6301_81ec5021,1.0031790300272403,7.077942657387919e-08,7.055512969799344e-08,0.8,0.0,10.0,1.1159880448960596e-07,0.0,1.3943464417631427e-06,1.5059452462527488e-06,Canada,CAN,,gcp,northamerica-northeast2,Linux-6.8.0-1032-gcp-x86_64-with-glibc2.35,3.10.12,3.0.4,2,Intel(R) Xeon(R) CPU @ 2.60GHz,,,,,15.61648178100586,machine,Y,1.0
2025-08-08T00:59:45,dask-benchmark,c98a41f5-9b29-4cbb-8520-347ecea8e083,dask_R6301_81ec5021,1.0032260920852425,7.078282976942136e-08,7.055521215790617e-08,0.8,0.0,10.0,1.1160093038860297e-07,0.0,1.3944167242799368e-06,1.5060176546685398e-06,Canada,CAN,,gcp,northamerica-northeast2,Linux-6.8.0-1032-gcp-x86_64-with-glibc2.35,3.10.12,3.0.4,2,Intel(R) Xeon(R) CPU @ 2.60GHz,,,,,15.61648178100586,machine,Y,1.0
2025-08-08T00:59:47,dask-benchmark,1b0d709e-7362-4b5d-96fb-6f8c09f57ae0,dask_R6301_81ec5021,1.0033050021156669,7.077797504038448e-08,7.05448242469988e-08,0.8,0.0,10.0,1.1160581527898709e-07,0.0,1.3943085472823846e-06,1.5059143625613718e-06,Canada,CAN,,gcp,northamerica-northeast2,Linux-6.8.0-1032-gcp-x86_64-with-glibc2.35,3.10.12,3.0.4,2,Intel(R) Xeon(R) CPU @ 2.60GHz,,,,,15.61648178100586,machine,Y,1.0
2025-08-08T00:59:49,dask-benchmark,64530161-3307-4dc2-8c12-236d8ee3ff12,dask_R6301_81ec5021,1.003325454890728,7.078844194165948e-08,7.055381840119768e-08,0.8,0.0,10.0,1.1162588797095749e-07,0.0,1.394511174617542e-06,1.5061370625884997e-06,Canada,CAN,,gcp,northamerica-northeast2,Linux-6.8.0-1032-gcp-x86_64-with-glibc2.35,3.10.12,3.0.4,2,Intel(R) Xeon(R) CPU @ 2.60GHz,,,,,15.61648178100586,machine,Y,1.0
2025-08-08T00:59:51,dask-benchmark,928d9b60-7f49-486b-8ba6-24a346f8a2ba,dask_R6301_81ec5021,1.0032196240499616,7.077894257779957e-08,7.055179233044458e-08,0.8,0.0,10.0,1.1160188799517024e-07,0.0,1.3943330604686504e-06,1.5059349484638206e-06,Canada,CAN,,gcp,northamerica-northeast2,Linux-6.8.0-1032-gcp-x86_64-with-glibc2.35,3.10.12,3.0.4,2,Intel(R) Xeon(R) CPU @ 2.60GHz,,,,,15.61648178100586,machine,Y,1.0
2025-08-08T00:59:54,dask-benchmark,1572d6a5-c0a5-47be-8312-fa3669d58d6a,dask_R6301_81ec5021,1.003276110161096,7.078085557930172e-08,7.054972690213509e-08,0.8,0.0,10.0,1.1160889826714993e-07,0.0,1.3943667523562909e-06,1.5059756506234406e-06,Canada,CAN,,gcp,northamerica-northeast2,Linux-6.8.0-1032-gcp-x86_64-with-glibc2.35,3.10.12,3.0.4,2,Intel(R) Xeon(R) CPU @ 2.60GHz,,,,,15.61648178100586,machine,Y,1.0
2025-08-08T00:59:56,dask-benchmark,0cff6f8f-dd35-40d5-b8d6-544b823fa473,dask_R6301_81ec5021,1.0033097728155551,7.079595216477495e-08,7.056240662951246e-08,0.8,0.0,10.0,1.1162630220254264e-07,0.0,1.3946705523671374e-06,1.50629685456968e-06,Canada,CAN,,gcp,northamerica-northeast2,Linux-6.8.0-1032-gcp-x86_64-with-glibc2.35,3.10.12,3.0.4,2,Intel(R) Xeon(R) CPU @ 2.60GHz,,,,,15.61648178100586,machine,Y,1.0
2025-08-08T00:59:58,dask-benchmark,6ebd3f48-35f8-4d11-b3d0-7865cb3ba21a,dask_R6301_81ec5021,1.0032822540961206,7.078606150211354e-08,7.055448375879656e-08,0.8,0.0,10.0,1.116233573605617e-07,0.0,1.394463057578024e-06,1.5060864149385857e-06,Canada,CAN,,gcp,northamerica-northeast2,Linux-6.8.0-1032-gcp-x86_64-with-glibc2.35,3.10.12,3.0.4,2,Intel(R) Xeon(R) CPU @ 2.60GHz,,,,,15.61648178100586,machine,Y,1.0
2025-08-08T01:00:00,dask-benchmark,6669e7fc-51c0-4dba-9494-639ca173d25f,dask_R6301_81ec5021,1.003304730169475,7.078766414197164e-08,7.055450055539397e-08,0.8,0.0,10.0,1.1162175796926025e-07,0.0,1.3944987556897103e-06,1.5061205136589707e-06,Canada,CAN,,gcp,northamerica-northeast2,Linux-6.8.0-1032-gcp-x86_64-with-glibc2.35,3.10.12,3.0.4,2,Intel(R) Xeon(R) CPU @ 2.60GHz,,,,,15.61648178100586,machine,Y,1.0
2025-08-08T01:00:02,dask-benchmark,7b3a6ff2-3b00-4308-b027-5577badaa414,dask_R6301_81ec5021,1.0034393360838294,7.079271162171951e-08,7.055006623320709e-08,0.8,0.0,10.0,1.116366759977407e-07,0.0,1.3945912308473554e-06,1.506227906845096e-06,Canada,CAN,,gcp,northamerica-northeast2,Linux-6.8.0-1032-gcp-x86_64-with-glibc2.35,3.10.12,3.0.4,2,Intel(R) Xeon(R) CPU @ 2.60GHz,,,,,15.61648178100586,machine,Y,1.0
2025-08-08T01:00:04,dask-benchmark,e990e012-8649-4a8d-9e59-0d0ea46a0b13,dask_R6301_81ec5021,1.0032605472952127,7.078204439471786e-08,7.0552006241595e-08,0.8,0.0,10.0,1.1160457227379085e-07,0.0,1.3943963722946742e-06,1.506000944568465e-06,Canada,CAN,,gcp,northamerica-northeast2,Linux-6.8.0-1032-gcp-x86_64-with-glibc2.35,3.10.12,3.0.4,2,Intel(R) Xeon(R) CPU @ 2.60GHz,,,,,15.61648178100586,machine,Y,1.0
2025-08-08T01:00:07,dask-benchmark,8059f20f-17e1-47bc-a9e8-89ddab64d1a1,dask_R6301_81ec5021,1.0032438007183373,7.078371706030644e-08,7.055485118335567e-08,0.8,0.0,10.0,1.11602447513077e-07,0.0,1.394434085684932e-06,1.5060365331980091e-06,Canada,CAN,,gcp,northamerica-northeast2,Linux-6.8.0-1032-gcp-x86_64-with-glibc2.35,3.10.12,3.0.4,2,Intel(R) Xeon(R) CPU @ 2.60GHz,,,,,15.61648178100586,machine,Y,1.0
2025-08-08T01:00:09,dask-benchmark,8337585d-cf58-41ae-8491-9d17d9961787,dask_R6301_81ec5021,1.0032012481242418,7.078163187857717e-08,7.05557653670415e-08,0.8,0.0,10.0,1.116045484733251e-07,0.0,1.3943876191559765e-06,1.5059921676293016e-06,Canada,CAN,,gcp,northamerica-northeast2,Linux-6.8.0-1032-gcp-x86_64-with-glibc2.35,3.10.12,3.0.4,2,Intel(R) Xeon(R) CPU @ 2.60GHz,,,,,15.61648178100586,machine,Y,1.0
2025-08-08T01:00:11,dask-benchmark,4d47407c-b1c4-45a9-917e-e6999f4ee3eb,dask_R6301_81ec5021,1.0032325792126358,7.077804901776836e-08,7.054999058475246e-08,0.8,0.0,10.0,1.1161155822790333e-07,0.0,1.3943043783203597e-06,1.5059159365482629e-06,Canada,CAN,,gcp,northamerica-northeast2,Linux-6.8.0-1032-gcp-x86_64-with-glibc2.35,3.10.12,3.0.4,2,Intel(R) Xeon(R) CPU @ 2.60GHz,,,,,15.61648178100586,machine,Y,1.0
2025-08-08T01:00:13,dask-benchmark,470eecbf-e7ad-4f1e-823b-c393691727a2,dask_R6301_81ec5021,1.0028753490187228,7.078103429617155e-08,7.057809763240089e-08,0.8,0.0,10.0,1.1160151194781069e-07,0.0,1.394377941162222e-06,1.5059794531100327e-06,Canada,CAN,,gcp,northamerica-northeast2,Linux-6.8.0-1032-gcp-x86_64-with-glibc2.35,3.10.12,3.0.4,2,Intel(R) Xeon(R) CPU @ 2.60GHz,,,,,15.61648178100586,machine,Y,1.0
2025-08-08T01:00:15,dask-benchmark,8cf302ea-fe12-4213-8aee-8cd5a905c089,dask_R6301_81ec5021,1.003234310075641,7.078655800244048e-08,7.055835041876049e-08,0.8,0.0,10.0,1.1160705383453105e-07,0.0,1.394489924940798e-06,1.5060969787753292e-06,Canada,CAN,,gcp,northamerica-northeast2,Linux-6.8.0-1032-gcp-x86_64-with-glibc2.35,3.10.12,3.0.4,2,Intel(R) Xeon(R) CPU @ 2.60GHz,,,,,15.61648178100586,machine,Y,1.0
2025-08-08T01:00:18,dask-benchmark,928a24fe-9cad-4d73-9fff-aea5acc0ce27,dask_R6301_81ec5021,1.0033218609169126,7.079250801064902e-08,7.055812373703628e-08,0.8,0.0,10.0,1.1163180445631345e-07,0.0,1.3945917702383466e-06,1.50622357469466e-06,Canada,CAN,,gcp,northamerica-northeast2,Linux-6.8.0-1032-gcp-x86_64-with-glibc2.35,3.10.12,3.0.4,2,Intel(R) Xeon(R) CPU @ 2.60GHz,,,,,15.61648178100586,machine,Y,1.0
2025-08-08T01:00:20,dask-benchmark,7bbae82b-bfcd-4f5f-be27-1af664ac3930,dask_R6301_81ec5021,1.003235355950892,7.078288292341556e-08,7.055461363433086e-08,0.8,0.0,10.0,1.116085547126002e-07,0.0,1.394410230891986e-06,1.5060187856045862e-06,Canada,CAN,,gcp,northamerica-northeast2,Linux-6.8.0-1032-gcp-x86_64-with-glibc2.35,3.10.12,3.0.4,2,Intel(R) Xeon(R) CPU @ 2.60GHz,,,,,15.61648178100586,machine,Y,1.0
2025-08-08T01:00:22,dask-benchmark,7b56e92c-da7c-4670-a10f-5b142985be61,dask_R6301_81ec5021,1.0050328089855611,7.882027940109177e-08,7.842557844519494e-08,1.9979000000000005,0.0,10.0,2.799133997788369e-07,0.0,1.3971138215209875e-06,1.6770272212998244e-06,Canada,CAN,,gcp,northamerica-northeast2,Linux-6.8.0-1032-gcp-x86_64-with-glibc2.35,3.10.12,3.0.4,2,Intel(R) Xeon(R) CPU @ 2.60GHz,,,,,15.61648178100586,machine,Y,1.0
2025-08-08T01:00:24,dask-benchmark,6408ea88-9aaa-4da4-89d9-d67820ffa48d,dask_R6301_81ec5021,1.0030389027670026,7.076375444983334e-08,7.054936179905195e-08,0.8000072,0.0,10.0,1.1156350890956021e-07,0.0,1.3940482878954043e-06,1.505611796804965e-06,Canada,CAN,,gcp,northamerica-northeast2,Linux-6.8.0-1032-gcp-x86_64-with-glibc2.35,3.10.12,3.0.4,2,Intel(R) Xeon(R) CPU @ 2.60GHz,,,,,15.61648178100586,machine,Y,1.0
2025-08-08T01:00:26,dask-benchmark,6a01341d-0e30-4ca3-932a-6744a28ad54e,dask_R6301_81ec5021,1.0032570427283645,7.078348988519545e-08,7.055369349085183e-08,0.8000072,0.0,10.0,1.1161017780031017e-07,0.0,1.3944215218846996e-06,1.5060316996850097e-06,Canada,CAN,,gcp,northamerica-northeast2,Linux-6.8.0-1032-gcp-x86_64-with-glibc2.35,3.10.12,3.0.4,2,Intel(R) Xeon(R) CPU @ 2.60GHz,,,,,15.61648178100586,machine,Y,1.0
2025-08-08T01:00:28,dask-benchmark,24974a93-2c0d-4d7e-b349-64ca73ad4fc8,dask_R6301_81ec5021,1.0033563491888344,7.080021108174696e-08,7.056337575277772e-08,0.8,0.0,10.0,1.116358522946636e-07,0.0,1.3947516175297398e-06,1.5063874698244037e-06,Canada,CAN,,gcp,northamerica-northeast2,Linux-6.8.0-1032-gcp-x86_64-with-glibc2.35,3.10.12,3.0.4,2,Intel(R) Xeon(R) CPU @ 2.60GHz,,,,,15.61648178100586,machine,Y,1.0
2025-08-08T01:00:31,dask-benchmark,f79a978c-2434-4da9-a2d8-c369e91ad6d6,dask_R6301_81ec5021,1.0032749148085711,7.078159420533729e-08,7.055054717364549e-08,0.8,0.0,10.0,1.116098522519072e-07,0.0,1.3943815138190983e-06,1.5059913660710058e-06,Canada,CAN,,gcp,northamerica-northeast2,Linux-6.8.0-1032-gcp-x86_64-with-glibc2.35,3.10.12,3.0.4,2,Intel(R) Xeon(R) CPU @ 2.60GHz,,,,,15.61648178100586,machine,Y,1.0
2025-08-08T01:00:33,dask-benchmark,58e903f6-f9cd-4b83-8167-1db6b8b3a25f,dask_R6301_81ec5021,1.0032424801029265,7.078703909780085e-08,7.055825535870302e-08,0.8000072,0.0,10.0,1.1161694195356613e-07,0.0,1.39449027289326e-06,1.506107214846826e-06,Canada,CAN,,gcp,northamerica-northeast2,Linux-6.8.0-1032-gcp-x86_64-with-glibc2.35,3.10.12,3.0.4,2,Intel(R) Xeon(R) CPU @ 2.60GHz,,,,,15.61648178100586,machine,Y,1.0
2025-08-08T01:00:35,dask-benchmark,fca7f172-e2fe-41e6-a5dc-1a35b40eec84,dask_R6301_81ec5021,1.003375398926437,7.078338307142259e-08,7.054526466082123e-08,0.8,0.0,10.0,1.1160284756786297e-07,0.0,1.3944265794836811e-06,1.5060294270515445e-06,Canada,CAN,,gcp,northamerica-northeast2,Linux-6.8.0-1032-gcp-x86_64-with-glibc2.35,3.10.12,3.0.4,2,Intel(R) Xeon(R) CPU @ 2.60GHz,,,,,15.61648178100586,machine,Y,1.0
2025-08-08T01:00:37,dask-benchmark,11fa7315-3987-4c8c-a886-1bf0e094c107,dask_R6301_81ec5021,1.0032340888865292,7.07859802245059e-08,7.055779005981538e-08,0.8,0.0,10.0,1.1160809670885405e-07,0.0,1.394476588918931e-06,1.506084685627785e-06,Canada,CAN,,gcp,northamerica-northeast2,Linux-6.8.0-1032-gcp-x86_64-with-glibc2.35,3.10.12,3.0.4,2,Intel(R) Xeon(R) CPU @ 2.60GHz,,,,,15.61648178100586,machine,Y,1.0
2025-08-08T01:00:39,dask-benchmark,fe4fc86e-4826-4d53-ba83-3456deb95b9b,dask_R6301_81ec5021,1.0032252152450385,7.07814589955637e-08,7.055390745763433e-08,0.8,0.0,10.0,1.1160587208966417e-07,0.0,1.3943826171776487e-06,1.505988489267313e-06,Canada,CAN,,gcp,northamerica-northeast2,Linux-6.8.0-1032-gcp-x86_64-with-glibc2.35,3.10.12,3.0.4,2,Intel(R) Xeon(R) CPU @ 2.60GHz,,,,,15.61648178100586,machine,Y,1.0
2025-08-08T01:00:41,dask-benchmark,57faf4bd-8bb5-4b93-a9ff-9cd87251e91e,dask_R6301_81ec5021,1.003262884914875,7.078453042294999e-08,7.055431979720442e-08,0.8000072,0.0,10.0,1.1161143975375625e-07,0.0,1.394442399032414e-06,1.5060538387861702e-06,Canada,CAN,,gcp,northamerica-northeast2,Linux-6.8.0-1032-gcp-x86_64-with-glibc2.35,3.10.12,3.0.4,2,Intel(R) Xeon(R) CPU @ 2.60GHz,,,,,15.61648178100586,machine,Y,1.0
2025-08-08T01:00:44,dask-benchmark,5e6fa491-522d-4dfd-93a9-ac16eca3bba4,dask_R6301_81ec5021,1.0033496501855552,7.079513934492651e-08,7.055879207396341e-08,0.8,0.0,10.0,1.1162875996281704e-07,0.0,1.3946508005675343e-06,1.506279560530351e-06,Canada,CAN,,gcp,northamerica-northeast2,Linux-6.8.0-1032-gcp-x86_64-with-glibc2.35,3.10.12,3.0.4,2,Intel(R) Xeon(R) CPU @ 2.60GHz,,,,,15.61648178100586,machine,Y,1.0
2025-08-08T01:00:46,dask-benchmark,448df3b5-6d74-47d8-9d33-ae60717660c8,dask_R6301_81ec5021,1.0032559968531132,7.078069299247324e-08,7.05509792261289e-08,0.8,0.0,10.0,1.1161321422292129e-07,0.0,1.3943589771062964e-06,1.5059721913292177e-06,Canada,CAN,,gcp,northamerica-northeast2,Linux-6.8.0-1032-gcp-x86_64-with-glibc2.35,3.10.12,3.0.4,2,Intel(R) Xeon(R) CPU @ 2.60GHz,,,,,15.61648178100586,machine,Y,1.0
2025-08-08T01:00:48,dask-benchmark,c13af957-0416-4ae3-83cb-81cf204e9731,dask_R6301_81ec5021,1.0032813930884004,7.07819633432664e-08,7.055045955290604e-08,0.8,0.0,10.0,1.1161924163914389e-07,0.0,1.394379978430354e-06,1.505999220069498e-06,Canada,CAN,,gcp,northamerica-northeast2,Linux-6.8.0-1032-gcp-x86_64-with-glibc2.35,3.10.12,3.0.4,2,Intel(R) Xeon(R) CPU @ 2.60GHz,,,,,15.61648178100586,machine,Y,1.0
2025-08-08T01:00:50,dask-benchmark,5ea58e79-0ab3-49c6-9300-0201a11a969a,dask_R6301_81ec5021,1.0032185022719204,7.077854839733078e-08,7.055147830412164e-08,0.8,0.0,10.0,1.116010720531146e-07,0.0,1.3943254895922213e-06,1.505926561645336e-06,Canada,CAN,,gcp,northamerica-northeast2,Linux-6.8.0-1032-gcp-x86_64-with-glibc2.35,3.10.12,3.0.4,2,Intel(R) Xeon(R) CPU @ 2.60GHz,,,,,15.61648178100586,machine,Y,1.0
2025-08-08T01:00:52,dask-benchmark,150d7d5b-b80b-4979-81ef-9c3175e3d9a5,dask_R6301_81ec5021,1.0032255901023746,7.078082452295348e-08,7.055324866237776e-08,0.8,0.0,10.0,1.116008890999688e-07,0.0,1.3943741007501053e-06,1.505974989850074e-06,Canada,CAN,,gcp,northamerica-northeast2,Linux-6.8.0-1032-gcp-x86_64-with-glibc2.35,3.10.12,3.0.4,2,Intel(R) Xeon(R) CPU @ 2.60GHz,,,,,15.61648178100586,machine,Y,1.0
2025-08-08T01:00:54,dask-benchmark,01b83f44-db0b-40a1-8ddb-287fd7154a4d,dask_R6301_81ec5021,1.0032102139666677,7.07825783494239e-08,7.055607824161938e-08,0.8,0.0,10.0,1.1160249997758205e-07,0.0,1.3944098053293095e-06,1.5060123053068916e-06,Canada,CAN,,gcp,northamerica-northeast2,Linux-6.8.0-1032-gcp-x86_64-with-glibc2.35,3.10.12,3.0.4,2,Intel(R) Xeon(R) CPU @ 2.60GHz,,,,,15.61648178100586,machine,Y,1.0
2025-08-08T01:00:57,dask-benchmark,13c140de-406e-498f-8d78-a26d2e47e77b,dask_R6301_81ec5021,1.0032682050950823,7.077787802182139e-08,7.054731492773019e-08,0.8,0.0,10.0,1.1160171507961221e-07,0.0,1.3943105832570128e-06,1.505912298336625e-06,Canada,CAN,,gcp,northamerica-northeast2,Linux-6.8.0-1032-gcp-x86_64-with-glibc2.35,3.10.12,3.0.4,2,Intel(R) Xeon(R) CPU @ 2.60GHz,,,,,15.61648178100586,machine,Y,1.0
2025-08-08T01:00:59,dask-benchmark,fa4291dc-a06b-4639-a4a8-8225d8ea508c,dask_R6301_81ec5021,1.0032028160057962,7.077911915712887e-08,7.055315039777551e-08,0.8,0.0,10.0,1.1159983846462437e-07,0.0,1.3943388670062024e-06,1.5059387054708268e-06,Canada,CAN,,gcp,northamerica-northeast2,Linux-6.8.0-1032-gcp-x86_64-with-glibc2.35,3.10.12,3.0.4,2,Intel(R) Xeon(R) CPU @ 2.60GHz,,,,,15.61648178100586,machine,Y,1.0
2025-08-08T01:01:01,dask-benchmark,6cf20fb8-c125-4911-900b-a9d956ea86ec,dask_R6301_81ec5021,1.0033064507879317,7.078884286547289e-08,7.055555439704383e-08,0.8,0.0,10.0,1.116102012909121e-07,0.0,1.3945353915914894e-06,1.5061455928824015e-06,Canada,CAN,,gcp,northamerica-northeast2,Linux-6.8.0-1032-gcp-x86_64-with-glibc2.35,3.10.12,3.0.4,2,Intel(R) Xeon(R) CPU @ 2.60GHz,,,,,15.61648178100586,machine,Y,1.0
2025-08-08T01:01:03,dask-benchmark,a8301b68-82b5-4bcf-ad3a-77bc08042931,dask_R6301_81ec5021,1.003100193105638,7.076755382265483e-08,7.054883879899939e-08,0.8,0.0,10.0,1.1157943473921884e-07,0.0,1.3941131997853518e-06,1.505692634524571e-06,Canada,CAN,,gcp,northamerica-northeast2,Linux-6.8.0-1032-gcp-x86_64-with-glibc2.35,3.10.12,3.0.4,2,Intel(R) Xeon(R) CPU @ 2.60GHz,,,,,15.61648178100586,machine,Y,1.0
2025-08-08T01:01:05,dask-benchmark,313b9b55-1843-48c5-a09a-9304cdaf9840,dask_R6301_81ec5021,1.00328739406541,7.078450581519348e-08,7.055257170965573e-08,0.8,0.0,10.0,1.1160997580736877e-07,0.0,1.3944433394095137e-06,1.5060533152168822e-06,Canada,CAN,,gcp,northamerica-northeast2,Linux-6.8.0-1032-gcp-x86_64-with-glibc2.35,3.10.12,3.0.4,2,Intel(R) Xeon(R) CPU @ 2.60GHz,,,,,15.61648178100586,machine,Y,1.0
2025-08-08T01:01:07,dask-benchmark,d37f7ab4-387c-4304-b9f8-0d24c19ba6c4,dask_R6301_81ec5021,1.003123198170215,7.077772020859023e-08,7.055735560467054e-08,0.8,0.0,10.0,1.1159169580787421e-07,0.0,1.3943172448004286e-06,1.5059089406083027e-06,Canada,CAN,,gcp,northamerica-northeast2,Linux-6.8.0-1032-gcp-x86_64-with-glibc2.35,3.10.12,3.0.4,2,Intel(R) Xeon(R) CPU @ 2.60GHz,,,,,15.61648178100586,machine,Y,1.0
2025-08-08T01:01:10,dask-benchmark,bd1f9f09-0003-470d-931f-e4c1bd2a6ca7,dask_R6301_81ec5021,1.003198903053999,7.077625393117261e-08,7.055056949894108e-08,0.8,0.0,10.0,1.1159848732252917e-07,0.0,1.3942792558939094e-06,1.5058777432164386e-06,Canada,CAN,,gcp,northamerica-northeast2,Linux-6.8.0-1032-gcp-x86_64-with-glibc2.35,3.10.12,3.0.4,2,Intel(R) Xeon(R) CPU @ 2.60GHz,,,,,15.61648178100586,machine,Y,1.0
2025-08-08T01:01:12,dask-benchmark,8501185d-f9e1-4728-bba9-e967bde0a536,dask_R6301_81ec5021,1.0030943849124014,7.07746493726348e-08,7.055632095758907e-08,0.8,0.0,10.0,1.115880926243133e-07,0.0,1.3942555110487673e-06,1.505843603673081e-06,Canada,CAN,,gcp,northamerica-northeast2,Linux-6.8.0-1032-gcp-x86_64-with-glibc2.35,3.10.12,3.0.4,2,Intel(R) Xeon(R) CPU @ 2.60GHz,,,,,15.61648178100586,machine,Y,1.0
2025-08-08T01:01:14,dask-benchmark,576cc47d-d537-40e1-a10c-b74ac0b700ea,dask_R6301_81ec5021,1.0032262871973217,7.078494040709404e-08,7.055730228605099e-08,0.8,0.0,10.0,1.1160295663608444e-07,0.0,1.3944596052169798e-06,1.5060625618530644e-06,Canada,CAN,,gcp,northamerica-northeast2,Linux-6.8.0-1032-gcp-x86_64-with-glibc2.35,3.10.12,3.0.4,2,Intel(R) Xeon(R) CPU @ 2.60GHz,,,,,15.61648178100586,machine,Y,1.0
2025-08-08T01:01:16,dask-benchmark,7a4d3fce-201d-4897-a464-5fee9572d219,dask_R6301_81ec5021,1.0032015861943364,7.077925708564e-08,7.055337437627308e-08,0.8,0.0,10.0,1.1159909827013813e-07,0.0,1.3943425418498616e-06,1.5059416401199997e-06,Canada,CAN,,gcp,northamerica-northeast2,Linux-6.8.0-1032-gcp-x86_64-with-glibc2.35,3.10.12,3.0.4,2,Intel(R) Xeon(R) CPU @ 2.60GHz,,,,,15.61648178100586,machine,Y,1.0
2025-08-08T01:01:18,dask-benchmark,bdb404a5-a9c5-4efb-88bb-55169e997452,dask_R6301_81ec5021,1.003139954060316,7.077282868418843e-08,7.055130084065325e-08,0.8,0.0,10.0,1.1159116578184897e-07,0.0,1.3942136998391811e-06,1.5058048656210304e-06,Canada,CAN,,gcp,northamerica-northeast2,Linux-6.8.0-1032-gcp-x86_64-with-glibc2.35,3.10.12,3.0.4,2,Intel(R) Xeon(R) CPU @ 2.60GHz,,,,,15.61648178100586,machine,Y,1.0
2025-08-08T01:01:20,dask-benchmark,485ca6cb-f896-4ae8-a42e-1f33e191eb34,dask_R6301_81ec5021,1.003304080106318,7.079293115856125e-08,7.055979594048842e-08,0.8,0.0,10.0,1.1162070267730289e-07,0.0,1.394611875164426e-06,1.5062325778417288e-06,Canada,CAN,,gcp,northamerica-northeast2,Linux-6.8.0-1032-gcp-x86_64-with-glibc2.35,3.10.12,3.0.4,2,Intel(R) Xeon(R) CPU @ 2.60GHz,,,,,15.61648178100586,machine,Y,1.0
2025-08-08T01:01:23,dask-benchmark,4ed0bdc6-7d52-4246-91a3-c1d3dfc10cb0,dask_R6301_81ec5021,1.0032123951241374,7.078385580832968e-08,7.055719820883083e-08,0.8,0.0,10.0,1.1160359128067901e-07,0.0,1.394435894002931e-06,1.50603948528361e-06,Canada,CAN,,gcp,northamerica-northeast2,Linux-6.8.0-1032-gcp-x86_64-with-glibc2.35,3.10.12,3.0.4,2,Intel(R) Xeon(R) CPU @ 2.60GHz,,,,,15.61648178100586,machine,Y,1.0
2025-08-08T01:01:25,dask-benchmark,e0e81936-39c1-4b2f-88cc-08d82a52ff8c,dask_R6301_81ec5021,1.003208394628018,7.077887094952166e-08,7.055251065334828e-08,0.8,0.0,10.0,1.115951110712356e-07,0.0,1.394338313386672e-06,1.5059334244579077e-06,Canada,CAN,,gcp,northamerica-northeast2,Linux-6.8.0-1032-gcp-x86_64-with-glibc2.35,3.10.12,3.0.4,2,Intel(R) Xeon(R) CPU @ 2.60GHz,,,,,15.61648178100586,machine,Y,1.0
2025-08-08T01:01:27,dask-benchmark,d3f26a58-abfe-4146-a89f-fb68c36c6d01,dask_R6301_81ec5021,1.0032181548886,7.078172604222265e-08,7.055467018545178e-08,0.8,0.0,10.0,1.1160011289434301e-07,0.0,1.394394058216777e-06,1.50599417111112e-06,Canada,CAN,,gcp,northamerica-northeast2,Linux-6.8.0-1032-gcp-x86_64-with-glibc2.35,3.10.12,3.0.4,2,Intel(R) Xeon(R) CPU @ 2.60GHz,,,,,15.61648178100586,machine,Y,1.0
2025-08-08T01:01:29,dask-benchmark,2b5629eb-9da9-4c07-84cd-a3b6fc43e96a,dask_R6301_81ec5021,1.0031796959228814,7.077769318900796e-08,7.0553354973852e-08,0.8,0.0,10.0,1.1159257870167496e-07,0.0,1.3943157870218985e-06,1.5059083657235737e-06,Canada,CAN,,gcp,northamerica-northeast2,Linux-6.8.0-1032-gcp-x86_64-with-glibc2.35,3.10.12,3.0.4,2,Intel(R) Xeon(R) CPU @ 2.60GHz,,,,,15.61648178100586,machine,Y,1.0
2025-08-08T01:01:31,dask-benchmark,70b3a4b9-69e1-4cf4-87e7-ecc92bcf63f3,dask_R6301_81ec5021,1.003278557676822,7.078448280319573e-08,7.055317016552541e-08,0.8,0.0,10.0,1.1161129580189785e-07,0.0,1.394441529798011e-06,1.506052825599909e-06,Canada,CAN,,gcp,northamerica-northeast2,Linux-6.8.0-1032-gcp-x86_64-with-glibc2.35,3.10.12,3.0.4,2,Intel(R) Xeon(R) CPU @ 2.60GHz,,,,,15.61648178100586,machine,Y,1.0
2025-08-08T01:01:33,dask-benchmark,1f2d4407-1224-424c-8db5-fb4ce465a128,dask_R6301_81ec5021,1.0033063641749322,7.079333844879228e-08,7.056004125620103e-08,0.8,0.0,10.0,1.116167541800274e-07,0.0,1.3946244894112978e-06,1.5062412435913252e-06,Canada,CAN,,gcp,northamerica-northeast2,Linux-6.8.0-1032-gcp-x86_64-with-glibc2.35,3.10.12,3.0.4,2,Intel(R) Xeon(R) CPU @ 2.60GHz,,,,,15.61648178100586,machine,Y,1.0
2025-08-08T01:01:36,dask-benchmark,efe0ed30-01bc-4869-84d2-9d2f5b042802,dask_R6301_81ec5021,1.0033129560761154,7.079208366386591e-08,7.055832702562584e-08,0.8,0.0,10.0,1.1162186000082228e-07,0.0,1.394592686038878e-06,1.5062145460397003e-06,Canada,CAN,,gcp,northamerica-northeast2,Linux-6.8.0-1032-gcp-x86_64-with-glibc2.35,3.10.12,3.0.4,2,Intel(R) Xeon(R) CPU @ 2.60GHz,,,,,15.61648178100586,machine,Y,1.0
2025-08-08T01:01:38,dask-benchmark,b495e6ae-32c8-498c-bcd5-850385581d13,dask_R6301_81ec5021,1.0031971191056073,7.078124869951152e-08,7.055567380677489e-08,0.8,0.0,10.0,1.1159870980514421e-07,0.0,1.3943853050780794e-06,1.5059840148832236e-06,Canada,CAN,,gcp,northamerica-northeast2,Linux-6.8.0-1032-gcp-x86_64-with-glibc2.35,3.10.12,3.0.4,2,Intel(R) Xeon(R) CPU @ 2.60GHz,,,,,15.61648178100586,machine,Y,1.0
2025-08-08T01:01:40,dask-benchmark,89af2df0-ce7c-4308-9e5a-d1f500b8204a,dask_R6301_81ec5021,1.003118470776826,7.077334773933723e-08,7.055332924388238e-08,0.8,0.0,10.0,1.115851533702679e-07,0.0,1.3942307559773329e-06,1.5058159093476006e-06,Canada,CAN,,gcp,northamerica-northeast2,Linux-6.8.0-1032-gcp-x86_64-with-glibc2.35,3.10.12,3.0.4,2,Intel(R) Xeon(R) CPU @ 2.60GHz,,,,,15.61648178100586,machine,Y,1.0
2025-08-08T01:01:42,dask-benchmark,b1af9444-d867-4a4a-a649-f5c42e2bc776,dask_R6301_81ec5021,1.0032271449454129,7.07790016069905e-08,7.055132226395416e-08,0.8,0.0,10.0,1.1160187888890508e-07,0.0,1.3943343255151477e-06,1.5059362044040528e-06,Canada,CAN,,gcp,northamerica-northeast2,Linux-6.8.0-1032-gcp-x86_64-with-glibc2.35,3.10.12,3.0.4,2,Intel(R) Xeon(R) CPU @ 2.60GHz,,,,,15.61648178100586,machine,Y,1.0
2025-08-08T01:01:44,dask-benchmark,eb5c2cbe-8964-46e4-8378-faf7fd2c13bd,dask_R6301_81ec5021,1.0031763557344675,7.077984033509468e-08,7.055573023675762e-08,0.8,0.0,10.0,1.1159439219368829e-07,0.0,1.3943596574891772e-06,1.5059540496828656e-06,Canada,CAN,,gcp,northamerica-northeast2,Linux-6.8.0-1032-gcp-x86_64-with-glibc2.35,3.10.12,3.0.4,2,Intel(R) Xeon(R) CPU @ 2.60GHz,,,,,15.61648178100586,machine,Y,1.0
2025-08-08T01:01:46,dask-benchmark,7bcc46f1-c1ce-4806-b6da-4ff78fe61975,dask_R6301_81ec5021,1.003083765041083,7.077224532893023e-08,7.05546713000899e-08,0.8001944000000001,0.0,10.0,1.1160771163239737e-07,0.0,1.3941847421746286e-06,1.505792453807026e-06,Canada,CAN,,gcp,northamerica-northeast2,Linux-6.8.0-1032-gcp-x86_64-with-glibc2.35,3.10.12,3.0.4,2,Intel(R) Xeon(R) CPU @ 2.60GHz,,,,,15.61648178100586,machine,Y,1.0
2025-08-08T01:01:49,dask-benchmark,3ed75dd4-0ae1-40a8-82bc-bbf73e38446c,dask_R6301_81ec5021,1.0031937919557097,7.077789920025196e-08,7.05525689730113e-08,0.8,0.0,10.0,1.1159943251146213e-07,0.0,1.3943133164300689e-06,1.5059127489415308e-06,Canada,CAN,,gcp,northamerica-northeast2,Linux-6.8.0-1032-gcp-x86_64-with-glibc2.35,3.10.12,3.0.4,2,Intel(R) Xeon(R) CPU @ 2.60GHz,,,,,15.61648178100586,machine,Y,1.0
2025-08-08T01:01:51,dask-benchmark,96d23f84-4d23-4802-b090-034465425bfa,dask_R6301_81ec5021,1.003209874033928,7.077966296786649e-08,7.055319609570827e-08,0.8,0.0,10.0,1.1160383932292462e-07,0.0,1.3943464365891284e-06,1.505950275912053e-06,Canada,CAN,,gcp,northamerica-northeast2,Linux-6.8.0-1032-gcp-x86_64-with-glibc2.35,3.10.12,3.0.4,2,Intel(R) Xeon(R) CPU @ 2.60GHz,,,,,15.61648178100586,machine,Y,1.0
2025-08-08T01:01:53,dask-benchmark,c20914d3-d140-4f1c-ad6a-1d9ab7f69b14,dask_R6301_81ec5021,1.0031267660669982,7.077526208561742e-08,7.05546541870366e-08,0.8,0.0,10.0,1.1158587866359289e-07,0.0,1.3942707614559268e-06,1.5058566401195196e-06,Canada,CAN,,gcp,northamerica-northeast2,Linux-6.8.0-1032-gcp-x86_64-with-glibc2.35,3.10.12,3.0.4,2,Intel(R) Xeon(R) CPU @ 2.60GHz,,,,,15.61648178100586,machine,Y,1.0
2025-08-08T01:01:55,dask-benchmark,ed79151f-2946-49c5-9433-bb1198ea5345,dask_R6301_81ec5021,1.003211589064449,7.07854321775958e-08,7.055882622289797e-08,0.8,0.0,10.0,1.1160487754063474e-07,0.0,1.3944681475145949e-06,1.5060730250552297e-06,Canada,CAN,,gcp,northamerica-northeast2,Linux-6.8.0-1032-gcp-x86_64-with-glibc2.35,3.10.12,3.0.4,2,Intel(R) Xeon(R) CPU @ 2.60GHz,,,,,15.61648178100586,machine,Y,1.0
2025-08-08T01:01:57,dask-benchmark,a2e4b9ff-220d-4849-9221-e0b8b7f7a467,dask_R6301_81ec5021,1.0031585739925504,7.077279700043925e-08,7.054995973245283e-08,0.8,0.0,10.0,1.115908215029372e-07,0.0,1.3942133699957696e-06,1.5058041914987069e-06,Canada,CAN,,gcp,northamerica-northeast2,Linux-6.8.0-1032-gcp-x86_64-with-glibc2.35,3.10.12,3.0.4,2,Intel(R) Xeon(R) CPU @ 2.60GHz,,,,,15.61648178100586,machine,Y,1.0
2025-08-08T01:01:59,dask-benchmark,662d46d5-8412-4172-aef0-0166a49bb321,dask_R6301_81ec5021,1.0034218239597976,7.08122622677539e-08,7.057078147683483e-08,0.8,0.0,10.0,1.1165011146416269e-07,0.0,1.3949937665731544e-06,1.5066438780373171e-06,Canada,CAN,,gcp,northamerica-northeast2,Linux-6.8.0-1032-gcp-x86_64-with-glibc2.35,3.10.12,3.0.4,2,Intel(R) Xeon(R) CPU @ 2.60GHz,,,,,15.61648178100586,machine,Y,1.0
2025-08-08T01:02:02,dask-benchmark,1dfd0586-f3f6-47c0-a0fb-b180d5386bcf,dask_R6301_81ec5021,1.0030956366099415,7.077173017673314e-08,7.055332272794349e-08,0.8000072,0.0,10.0,1.1158416645106313e-07,0.0,1.3941973266709182e-06,1.5057814931219814e-06,Canada,CAN,,gcp,northamerica-northeast2,Linux-6.8.0-1032-gcp-x86_64-with-glibc2.35,3.10.12,3.0.4,2,Intel(R) Xeon(R) CPU @ 2.60GHz,,,,,15.61648178100586,machine,Y,1.0
2025-08-08T01:02:04,dask-benchmark,da2c020e-8a36-4378-acdb-db565bd5b278,dask_R6301_81ec5021,1.0025992207229135,7.070534891283346e-08,7.052204654802355e-08,0.8,0.0,10.0,1.114702257845137e-07,0.0,1.3928989000204536e-06,1.5043691258049672e-06,Canada,CAN,,gcp,northamerica-northeast2,Linux-6.8.0-1032-gcp-x86_64-with-glibc2.35,3.10.12,3.0.4,2,Intel(R) Xeon(R) CPU @ 2.60GHz,,,,,15.61648178100586,machine,Y,1.0
2025-08-08T01:02:06,dask-benchmark,6108386d-f8f1-48e8-b280-4e15b75e1bef,dask_R6301_81ec5021,1.003131503239274,7.077096318034455e-08,7.055003551559659e-08,0.8,0.0,10.0,1.1158807130737441e-07,0.0,1.3941771027425098e-06,1.5057651740498842e-06,Canada,CAN,,gcp,northamerica-northeast2,Linux-6.8.0-1032-gcp-x86_64-with-glibc2.35,3.10.12,3.0.4,2,Intel(R) Xeon(R) CPU @ 2.60GHz,,,,,15.61648178100586,machine,Y,1.0
2025-08-08T01:02:08,dask-benchmark,a935b2ae-4ce1-4455-98ed-1873e0b57114,dask_R6301_81ec5021,1.0032145027071238,7.077416558812061e-08,7.054739080938334e-08,0.8,0.0,10.0,1.1160069176306329e-07,0.0,1.3942326186224818e-06,1.505833310385545e-06,Canada,CAN,,gcp,northamerica-northeast2,Linux-6.8.0-1032-gcp-x86_64-with-glibc2.35,3.10.12,3.0.4,2,Intel(R) Xeon(R) CPU @ 2.60GHz,,,,,15.61648178100586,machine,Y,1.0
2025-08-08T01:02:10,dask-benchmark,3821d925-bb2b-43d4-8cbd-6e8be121778d,dask_R6301_81ec5021,1.0032387371174991,7.078373196204669e-08,7.055522214525147e-08,0.8000072,0.0,10.0,1.116096537714253e-07,0.0,1.394427196484887e-06,1.5060368502563125e-06,Canada,CAN,,gcp,northamerica-northeast2,Linux-6.8.0-1032-gcp-x86_64-with-glibc2.35,3.10.12,3.0.4,2,Intel(R) Xeon(R) CPU @ 2.60GHz,,,,,15.61648178100586,machine,Y,1.0
2025-08-08T01:02:12,dask-benchmark,d2d4fef6-85cb-477c-bc6b-bdb87a82ac72,dask_R6301_81ec5021,1.0032086060382426,7.077820352401035e-08,7.055183049467607e-08,0.8000072,0.0,10.0,1.115993132038151e-07,0.0,1.3943199107112984e-06,1.5059192239151134e-06,Canada,CAN,,gcp,northamerica-northeast2,Linux-6.8.0-1032-gcp-x86_64-with-glibc2.35,3.10.12,3.0.4,2,Intel(R) Xeon(R) CPU @ 2.60GHz,,,,,15.61648178100586,machine,Y,1.0
2025-08-08T01:02:15,dask-benchmark,940a13c1-4f39-469f-a541-c0398f27dcc4,dask_R6301_81ec5021,1.0031990390270948,7.077940013549394e-08,7.055369610813821e-08,0.8,0.0,10.0,1.1159534452276101e-07,0.0,1.394349339211153e-06,1.5059446837339136e-06,Canada,CAN,,gcp,northamerica-northeast2,Linux-6.8.0-1032-gcp-x86_64-with-glibc2.35,3.10.12,3.0.4,2,Intel(R) Xeon(R) CPU @ 2.60GHz,,,,,15.61648178100586,machine,Y,1.0
2025-08-08T01:02:17,dask-benchmark,0f289b99-12bb-41f2-84da-68d615e2a825,dask_R6301_81ec5021,1.0030955388210714,7.077241795784277e-08,7.055401526460871e-08,0.8,0.0,10.0,1.1158429862310505e-07,0.0,1.3942118281395072e-06,1.505796126762612e-06,Canada,CAN,,gcp,northamerica-northeast2,Linux-6.8.0-1032-gcp-x86_64-with-glibc2.35,3.10.12,3.0.4,2,Intel(R) Xeon(R) CPU @ 2.60GHz,,,,,15.61648178100586,machine,Y,1.0
2025-08-08T01:02:19,dask-benchmark,93167375-cf0c-4830-9ada-dce3547999c5,dask_R6301_81ec5021,1.0030801151879132,7.077288488764317e-08,7.055556561839015e-08,0.8,0.0,10.0,1.115827327594161e-07,0.0,1.3942233286798e-06,1.505806061439216e-06,Canada,CAN,,gcp,northamerica-northeast2,Linux-6.8.0-1032-gcp-x86_64-with-glibc2.35,3.10.12,3.0.4,2,Intel(R) Xeon(R) CPU @ 2.60GHz,,,,,15.61648178100586,machine,Y,1.0
2025-08-08T01:02:21,dask-benchmark,d3b4a5cc-7832-4c4a-98c5-cff878a0acce,dask_R6301_81ec5021,1.0033113840036094,7.077991301147268e-08,7.054630709863257e-08,0.8,0.0,10.0,1.1162216040409277e-07,0.0,1.3943334355846876e-06,1.5059555959887803e-06,Canada,CAN,,gcp,northamerica-northeast2,Linux-6.8.0-1032-gcp-x86_64-with-glibc2.35,3.10.12,3.0.4,2,Intel(R) Xeon(R) CPU @ 2.60GHz,,,,,15.61648178100586,machine,Y,1.0
2025-08-08T01:02:23,dask-benchmark,ca98dc93-4b1f-4b3f-9a5a-cbc2a87d9869,dask_R6301_81ec5021,1.003180231899023,7.078062562954922e-08,7.05562404230806e-08,0.8,0.0,10.0,1.115977244658603e-07,0.0,1.3943730336096552e-06,1.5059707580755154e-06,Canada,CAN,,gcp,northamerica-northeast2,Linux-6.8.0-1032-gcp-x86_64-with-glibc2.35,3.10.12,3.0.4,2,Intel(R) Xeon(R) CPU @ 2.60GHz,,,,,15.61648178100586,machine,Y,1.0
2025-08-08T01:02:26,dask-benchmark,08c92a49-f967-4d03-81ee-39552d7c09ab,dask_R6301_81ec5021,1.0033209417015314,7.078971916468193e-08,7.05554087654442e-08,0.8,0.0,10.0,1.1162006306565473e-07,0.0,1.3945441744807692e-06,1.506164237546424e-06,Canada,CAN,,gcp,northamerica-northeast2,Linux-6.8.0-1032-gcp-x86_64-with-glibc2.35,3.10.12,3.0.4,2,Intel(R) Xeon(R) CPU @ 2.60GHz,,,,,15.61648178100586,machine,Y,1.0
2025-08-08T01:02:28,dask-benchmark,57c6e9ca-762a-452d-8dd8-ef78f7b71096,dask_R6301_81ec5021,1.00324775185436,7.078673677037782e-08,7.055758324854318e-08,0.8,0.0,10.0,1.1161034129973916e-07,0.0,1.3944904410487248e-06,1.506100782348464e-06,Canada,CAN,,gcp,northamerica-northeast2,Linux-6.8.0-1032-gcp-x86_64-with-glibc2.35,3.10.12,3.0.4,2,Intel(R) Xeon(R) CPU @ 2.60GHz,,,,,15.61648178100586,machine,Y,1.0
2025-08-08T01:02:30,dask-benchmark,1dcca0f3-2a56-4047-b18c-e5309773ba93,dask_R6301_81ec5021,1.002703260164708,7.07183836836161e-08,7.052772888361769e-08,0.8,0.0,10.0,1.1149703556050857e-07,0.0,1.3931494257930254e-06,1.504646461353534e-06,Canada,CAN,,gcp,northamerica-northeast2,Linux-6.8.0-1032-gcp-x86_64-with-glibc2.35,3.10.12,3.0.4,2,Intel(R) Xeon(R) CPU @ 2.60GHz,,,,,15.61648178100586,machine,Y,1.0
2025-08-08T01:02:32,dask-benchmark,4fd1e995-1fe0-4895-b98d-a8c219729cc7,dask_R6301_81ec5021,1.0033297156915069,7.078861221293403e-08,7.05536884892776e-08,0.8,0.0,10.0,1.116179662446181e-07,0.0,1.3945227191369566e-06,1.5061406853815747e-06,Canada,CAN,,gcp,northamerica-northeast2,Linux-6.8.0-1032-gcp-x86_64-with-glibc2.35,3.10.12,3.0.4,2,Intel(R) Xeon(R) CPU @ 2.60GHz,,,,,15.61648178100586,machine,Y,1.0
2025-08-08T01:02:34,dask-benchmark,c2a070a8-1cfc-436f-b9a2-6b121bd4f67f,dask_R6301_81ec5021,1.0032690800726414,7.078951087728556e-08,7.05588483521889e-08,0.8,0.0,10.0,1.116130366507504e-07,0.0,1.3945467692489424e-06,1.5061598058996928e-06,Canada,CAN,,gcp,northamerica-northeast2,Linux-6.8.0-1032-gcp-x86_64-with-glibc2.35,3.10.12,3.0.4,2,Intel(R) Xeon(R) CPU @ 2.60GHz,,,,,15.61648178100586,machine,Y,1.0
2025-08-08T01:02:36,dask-benchmark,490a2bd8-c10e-40de-80f4-ea6ad2d48c1c,dask_R6301_81ec5021,1.0031826118938625,7.077945477044626e-08,7.05549058877974e-08,0.8,0.0,10.0,1.1159531823876833e-07,0.0,1.394350527940939e-06,1.5059458461797073e-06,Canada,CAN,,gcp,northamerica-northeast2,Linux-6.8.0-1032-gcp-x86_64-with-glibc2.35,3.10.12,3.0.4,2,Intel(R) Xeon(R) CPU @ 2.60GHz,,,,,15.61648178100586,machine,Y,1.0
2025-08-08T01:02:39,dask-benchmark,c202d6e4-5772-41e5-9020-277890c31f15,dask_R6301_81ec5021,1.003213297110051,7.078444750581144e-08,7.055772457334815e-08,0.8,0.0,10.0,1.1160324296603605e-07,0.0,1.3944488316256968e-06,1.5060520745917328e-06,Canada,CAN,,gcp,northamerica-northeast2,Linux-6.8.0-1032-gcp-x86_64-with-glibc2.35,3.10.12,3.0.4,2,Intel(R) Xeon(R) CPU @ 2.60GHz,,,,,15.61648178100586,machine,Y,1.0
2025-08-08T01:02:41,dask-benchmark,5e0475ea-dcd4-4f69-b565-d393c41f431b,dask_R6301_81ec5021,1.0032777171581984,7.078838146798728e-08,7.055711520086042e-08,0.8,0.0,10.0,1.1161233112215997e-07,0.0,1.3945234447924627e-06,1.5061357759146227e-06,Canada,CAN,,gcp,northamerica-northeast2,Linux-6.8.0-1032-gcp-x86_64-with-glibc2.35,3.10.12,3.0.4,2,Intel(R) Xeon(R) CPU @ 2.60GHz,,,,,15.61648178100586,machine,Y,1.0
2025-08-08T01:02:43,dask-benchmark,097eff34-4280-4a4d-b8b4-090ee1029cfc,dask_R6301_81ec5021,1.003338472917676,7.079028357022133e-08,7.055473848657019e-08,0.8,0.0,10.0,1.1162163441379865e-07,0.0,1.394554611761123e-06,1.5061762461749215e-06,Canada,CAN,,gcp,northamerica-northeast2,Linux-6.8.0-1032-gcp-x86_64-with-glibc2.35,3.10.12,3.0.4,2,Intel(R) Xeon(R) CPU @ 2.60GHz,,,,,15.61648178100586,machine,Y,1.0
2025-08-08T01:02:45,dask-benchmark,e797fb1e-37cd-4114-9ca8-fe8f7aa58f30,dask_R6301_81ec5021,1.0032629119232297,7.079039780340262e-08,7.056016619581722e-08,0.8,0.0,10.0,1.1161339997003477e-07,0.0,1.394565276698106e-06,1.5061786766681409e-06,Canada,CAN,,gcp,northamerica-northeast2,Linux-6.8.0-1032-gcp-x86_64-with-glibc2.35,3.10.12,3.0.4,2,Intel(R) Xeon(R) CPU @ 2.60GHz,,,,,15.61648178100586,machine,Y,1.0
2025-08-08T01:02:47,dask-benchmark,79665609-f39f-4679-b1b8-a5a35afa0236,dask_R6301_81ec5021,1.0031714900396764,7.077483315491637e-08,7.055108110390693e-08,0.8,0.0,10.0,1.115974420681596e-07,0.0,1.394250071866231e-06,1.5058475139343906e-06,Canada,CAN,,gcp,northamerica-northeast2,Linux-6.8.0-1032-gcp-x86_64-with-glibc2.35,3.10.12,3.0.4,2,Intel(R) Xeon(R) CPU @ 2.60GHz,,,,,15.61648178100586,machine,Y,1.0
2025-08-08T01:02:49,dask-benchmark,294cd42e-ad22-460b-90e7-43cd4b7006af,dask_R6301_81ec5021,1.0032285447232423,7.078839528783122e-08,7.056058727611203e-08,0.8,0.0,10.0,1.1160985059622264e-07,0.0,1.3945262193576329e-06,1.5061360699538554e-06,Canada,CAN,,gcp,northamerica-northeast2,Linux-6.8.0-1032-gcp-x86_64-with-glibc2.35,3.10.12,3.0.4,2,Intel(R) Xeon(R) CPU @ 2.60GHz,,,,,15.61648178100586,machine,Y,1.0
2025-08-08T01:02:52,dask-benchmark,20dd1920-9016-4c03-b7dd-8644bcc42fec,dask_R6301_81ec5021,1.0031632599420846,7.078017826104122e-08,7.055698816673924e-08,0.8,0.0,10.0,1.1159809223479694e-07,0.0,1.394363147361825e-06,1.5059612395966218e-06,Canada,CAN,,gcp,northamerica-northeast2,Linux-6.8.0-1032-gcp-x86_64-with-glibc2.35,3.10.12,3.0.4,2,Intel(R) Xeon(R) CPU @ 2.60GHz,,,,,15.61648178100586,machine,Y,1.0
2025-08-08T01:02:54,dask-benchmark,4844f072-4eb7-4ddb-9281-72d29effad0d,dask_R6301_81ec5021,1.003290249966085,7.07842839219504e-08,7.055214971374754e-08,0.8,0.0,10.0,1.1160845868289473e-07,0.0,1.3944401354011564e-06,1.5060485940840512e-06,Canada,CAN,,gcp,northamerica-northeast2,Linux-6.8.0-1032-gcp-x86_64-with-glibc2.35,3.10.12,3.0.4,2,Intel(R) Xeon(R) CPU @ 2.60GHz,,,,,15.61648178100586,machine,Y,1.0
2025-08-08T01:02:56,dask-benchmark,c8d82e25-9b5f-4255-bc74-b3e0414161a5,dask_R6301_81ec5021,1.003164843656123,7.07759140208881e-08,7.055262599010053e-08,0.8,0.0,10.0,1.1158758681267501e-07,0.0,1.3942829242700504e-06,1.5058705110827254e-06,Canada,CAN,,gcp,northamerica-northeast2,Linux-6.8.0-1032-gcp-x86_64-with-glibc2.35,3.10.12,3.0.4,2,Intel(R) Xeon(R) CPU @ 2.60GHz,,,,,15.61648178100586,machine,Y,1.0
2025-08-08T01:02:58,dask-benchmark,1465d2a4-08c8-405b-b9cc-1090582b9823,dask_R6301_81ec5021,1.0032216650433838,7.077879658791546e-08,7.055150327605282e-08,0.8,0.0,10.0,1.116083666889204e-07,0.0,1.3943234756071533e-06,1.5059318422960735e-06,Canada,CAN,,gcp,northamerica-northeast2,Linux-6.8.0-1032-gcp-x86_64-with-glibc2.35,3.10.12,3.0.4,2,Intel(R) Xeon(R) CPU @ 2.60GHz,,,,,15.61648178100586,machine,Y,1.0
2025-08-08T01:03:00,dask-benchmark,22572b86-95e5-4f83-a75d-16ce1c7b8760,dask_R6301_81ec5021,1.0034418259747326,7.079629587227203e-08,7.055346313026298e-08,0.8000072,0.0,10.0,1.1164180817966153e-07,0.0,1.394662359315488e-06,1.5063041674951497e-06,Canada,CAN,,gcp,northamerica-northeast2,Linux-6.8.0-1032-gcp-x86_64-with-glibc2.35,3.10.12,3.0.4,2,Intel(R) Xeon(R) CPU @ 2.60GHz,,,,,15.61648178100586,machine,Y,1.0
2025-08-08T01:03:02,dask-benchmark,4d157905-bb92-4561-abf5-3cd05d10364f,dask_R6301_81ec5021,1.0032504159025848,7.07889713805376e-08,7.055962325901608e-08,0.8,0.0,10.0,1.1160879644254845e-07,0.0,1.394539530802932e-06,1.5061483272454805e-06,Canada,CAN,,gcp,northamerica-northeast2,Linux-6.8.0-1032-gcp-x86_64-with-glibc2.35,3.10.12,3.0.4,2,Intel(R) Xeon(R) CPU @ 2.60GHz,,,,,15.61648178100586,machine,Y,1.0
2025-08-08T01:03:05,dask-benchmark,c8038836-84c5-4d60-abed-83ad55b2adfc,dask_R6301_81ec5021,1.0032797581516206,7.078928930503835e-08,7.055787653431389e-08,0.8,0.0,10.0,1.1161783089240393e-07,0.0,1.3945372607041565e-06,1.5061550915965603e-06,Canada,CAN,,gcp,northamerica-northeast2,Linux-6.8.0-1032-gcp-x86_64-with-glibc2.35,3.10.12,3.0.4,2,Intel(R) Xeon(R) CPU @ 2.60GHz,,,,,15.61648178100586,machine,Y,1.0
2025-08-08T01:03:07,dask-benchmark,76a13cd9-47ae-4397-aa4f-b28f0858c261,dask_R6301_81ec5021,1.003338921815157,7.078788763046679e-08,7.05523189536027e-08,0.8,0.0,10.0,1.1161658022966652e-07,0.0,1.3945086885036692e-06,1.5061252687333358e-06,Canada,CAN,,gcp,northamerica-northeast2,Linux-6.8.0-1032-gcp-x86_64-with-glibc2.35,3.10.12,3.0.4,2,Intel(R) Xeon(R) CPU @ 2.60GHz,,,,,15.61648178100586,machine,Y,1.0
2025-08-08T01:03:09,dask-benchmark,e3cfbff0-8749-4111-a2da-17ff54fbde6e,dask_R6301_81ec5021,1.0033612516708672,7.079029434303652e-08,7.05531474582575e-08,0.8,0.0,10.0,1.1162662888980577e-07,0.0,1.3945498464939495e-06,1.5061764753837557e-06,Canada,CAN,,gcp,northamerica-northeast2,Linux-6.8.0-1032-gcp-x86_64-with-glibc2.35,3.10.12,3.0.4,2,Intel(R) Xeon(R) CPU @ 2.60GHz,,,,,15.61648178100586,machine,Y,1.0
2025-08-08T01:03:11,dask-benchmark,6a9620e3-882a-4704-823e-3ceca4a12e3e,dask_R6301_81ec5021,1.0033470592461526,7.078686057993522e-08,7.055072312976098e-08,0.8,0.0,10.0,1.1162133287224509e-07,0.0,1.394482083722121e-06,1.5061034165943662e-06,Canada,CAN,,gcp,northamerica-northeast2,Linux-6.8.0-1032-gcp-x86_64-with-glibc2.35,3.10.12,3.0.4,2,Intel(R) Xeon(R) CPU @ 2.60GHz,,,,,15.61648178100586,machine,Y,1.0
2025-08-08T01:03:13,dask-benchmark,9b3379e0-d131-4080-9031-773143b7dc8d,dask_R6301_81ec5021,1.003352934028953,7.077835407568557e-08,7.054183196681932e-08,0.8,0.0,10.0,1.1161889736023217e-07,0.0,1.3943035297820138e-06,1.5059224271422458e-06,Canada,CAN,,gcp,northamerica-northeast2,Linux-6.8.0-1032-gcp-x86_64-with-glibc2.35,3.10.12,3.0.4,2,Intel(R) Xeon(R) CPU @ 2.60GHz,,,,,15.61648178100586,machine,Y,1.0
2025-08-08T01:03:15,dask-benchmark,0abbc986-fe00-410e-ab06-ed2526356a50,dask_R6301_81ec5021,1.0033503780141473,7.079598716791307e-08,7.055958588268437e-08,0.8,0.0,10.0,1.116264571125309e-07,0.0,1.3946711422047682e-06,1.5062975993172991e-06,Canada,CAN,,gcp,northamerica-northeast2,Linux-6.8.0-1032-gcp-x86_64-with-glibc2.35,3.10.12,3.0.4,2,Intel(R) Xeon(R) CPU @ 2.60GHz,,,,,15.61648178100586,machine,Y,1.0
2025-08-08T01:03:18,dask-benchmark,df2e0644-1e29-460b-a5c2-8d52c65b3efa,dask_R6301_81ec5021,1.002789057791233,7.078268920242166e-08,7.05858212676645e-08,0.8,0.0,10.0,1.1160148380117285e-07,0.0,1.3944131800801392e-06,1.506014663881312e-06,Canada,CAN,,gcp,northamerica-northeast2,Linux-6.8.0-1032-gcp-x86_64-with-glibc2.35,3.10.12,3.0.4,2,Intel(R) Xeon(R) CPU @ 2.60GHz,,,,,15.61648178100586,machine,Y,1.0
2025-08-08T01:03:20,dask-benchmark,dfa1ec21-3655-4e5b-a0de-3785f2e48721,dask_R6301_81ec5021,1.003301773220301,7.078071339030027e-08,7.054778061750573e-08,0.8,0.0,10.0,1.116071005041401e-07,0.0,1.394365524821397e-06,1.5059726253255374e-06,Canada,CAN,,gcp,northamerica-northeast2,Linux-6.8.0-1032-gcp-x86_64-with-glibc2.35,3.10.12,3.0.4,2,Intel(R) Xeon(R) CPU @ 2.60GHz,,,,,15.61648178100586,machine,Y,1.0
2025-08-08T01:03:22,dask-benchmark,916cb07f-f817-4bc2-9273-6b232f8161f2,dask_R6301_81ec5021,1.0033328128047287,7.079868747982092e-08,7.056351250180827e-08,0.8,0.0,10.0,1.1162877238045137e-07,0.0,1.394726280381696e-06,1.5063550527621474e-06,Canada,CAN,,gcp,northamerica-northeast2,Linux-6.8.0-1032-gcp-x86_64-with-glibc2.35,3.10.12,3.0.4,2,Intel(R) Xeon(R) CPU @ 2.60GHz,,,,,15.61648178100586,machine,Y,1.0
2025-08-08T01:03:24,dask-benchmark,76f649ec-826b-4909-8691-40eabff74c4e,dask_R6301_81ec5021,1.0032639829441905,7.078349104518485e-08,7.055320658224247e-08,0.8,0.0,10.0,1.1160509960932865e-07,0.0,1.3944266247563066e-06,1.5060317243656353e-06,Canada,CAN,,gcp,northamerica-northeast2,Linux-6.8.0-1032-gcp-x86_64-with-glibc2.35,3.10.12,3.0.4,2,Intel(R) Xeon(R) CPU @ 2.60GHz,,,,,15.61648178100586,machine,Y,1.0
2025-08-08T01:03:26,dask-benchmark,eb226432-c195-40c7-b8a4-4cbe178686f4,dask_R6301_81ec5021,1.0032779881730676,7.078860646662199e-08,7.055732040481168e-08,0.8,0.0,10.0,1.1161606024122905e-07,0.0,1.394524502878388e-06,1.5061405631196169e-06,Canada,CAN,,gcp,northamerica-northeast2,Linux-6.8.0-1032-gcp-x86_64-with-glibc2.35,3.10.12,3.0.4,2,Intel(R) Xeon(R) CPU @ 2.60GHz,,,,,15.61648178100586,machine,Y,1.0
2025-08-08T01:03:28,dask-benchmark,ce7008c4-c6f0-44c7-992b-17920d080501,dask_R6301_81ec5021,1.0032204273156822,7.078695717293562e-08,7.055972470809864e-08,0.8,0.0,10.0,1.1161060175961921e-07,0.0,1.3944948700049689e-06,1.5061054717645878e-06,Canada,CAN,,gcp,northamerica-northeast2,Linux-6.8.0-1032-gcp-x86_64-with-glibc2.35,3.10.12,3.0.4,2,Intel(R) Xeon(R) CPU @ 2.60GHz,,,,,15.61648178100586,machine,Y,1.0
2025-08-08T01:03:31,dask-benchmark,aae23351-beca-44d6-8a21-c4a496eecd23,dask_R6301_81ec5021,1.003231979906559,7.077869580494656e-08,7.055067743308867e-08,0.8,0.0,10.0,1.1159932023535173e-07,0.0,1.3943303777422343e-06,1.505929697977586e-06,Canada,CAN,,gcp,northamerica-northeast2,Linux-6.8.0-1032-gcp-x86_64-with-glibc2.35,3.10.12,3.0.4,2,Intel(R) Xeon(R) CPU @ 2.60GHz,,,,,15.61648178100586,machine,Y,1.0
2025-08-08T01:03:33,dask-benchmark,754e5518-7ad0-4e52-ad1b-972668a97ed3,dask_R6301_81ec5021,1.003324587829411,7.078584400310906e-08,7.055129004288324e-08,0.8,0.0,10.0,1.1162307330717645e-07,0.0,1.3944587139930163e-06,1.5060817873001929e-06,Canada,CAN,,gcp,northamerica-northeast2,Linux-6.8.0-1032-gcp-x86_64-with-glibc2.35,3.10.12,3.0.4,2,Intel(R) Xeon(R) CPU @ 2.60GHz,,,,,15.61648178100586,machine,Y,1.0
2025-08-08T01:03:35,dask-benchmark,1ab10e3f-192b-4991-873a-5e9b136f2a6d,dask_R6301_81ec5021,1.003110236953944,7.077521914512747e-08,7.055577396961305e-08,0.8,0.0,10.0,1.1158849888791641e-07,0.0,1.3942672276041572e-06,1.5058557264920736e-06,Canada,CAN,,gcp,northamerica-northeast2,Linux-6.8.0-1032-gcp-x86_64-with-glibc2.35,3.10.12,3.0.4,2,Intel(R) Xeon(R) CPU @ 2.60GHz,,,,,15.61648178100586,machine,Y,1.0
2025-08-08T01:03:37,dask-benchmark,63373c11-82ba-412c-b22f-3157d8020266,dask_R6301_81ec5021,1.003195057157427,7.077654669165684e-08,7.055113179305685e-08,0.8000072,0.0,10.0,1.1159326100133473e-07,0.0,1.3942907111615768e-06,1.5058839721629117e-06,Canada,CAN,,gcp,northamerica-northeast2,Linux-6.8.0-1032-gcp-x86_64-with-glibc2.35,3.10.12,3.0.4,2,Intel(R) Xeon(R) CPU @ 2.60GHz,,,,,15.61648178100586,machine,Y,1.0
2025-08-08T01:03:39,dask-benchmark,a9c28c8e-6ddb-4365-b358-c9435b0fccbd,dask_R6301_81ec5021,1.003219057340175,7.07803643486566e-08,7.055324939332385e-08,0.8,0.0,10.0,1.11601695832279e-07,0.0,1.3943635030753084e-06,1.5059651989075874e-06,Canada,CAN,,gcp,northamerica-northeast2,Linux-6.8.0-1032-gcp-x86_64-with-glibc2.35,3.10.12,3.0.4,2,Intel(R) Xeon(R) CPU @ 2.60GHz,,,,,15.61648178100586,machine,Y,1.0
2025-08-08T01:03:41,dask-benchmark,43a1e4f0-0964-4573-a086-7a7bc37ccad2,dask_R6301_81ec5021,1.0032163332216442,7.077827704397754e-08,7.055136035982006e-08,0.8,0.0,10.0,1.1159823741763833e-07,0.0,1.3943225507520966e-06,1.505920788169735e-06,Canada,CAN,,gcp,northamerica-northeast2,Linux-6.8.0-1032-gcp-x86_64-with-glibc2.35,3.10.12,3.0.4,2,Intel(R) Xeon(R) CPU @ 2.60GHz,,,,,15.61648178100586,machine,Y,1.0
2025-08-08T01:03:44,dask-benchmark,98a0f07c-4d4a-408d-b77e-8c449b85b105,dask_R6301_81ec5021,1.0035727503709495,7.080307918937049e-08,7.055101801359155e-08,0.8,0.0,10.0,1.1167220098690857e-07,0.0,1.394776292403953e-06,1.5064484933908614e-06,Canada,CAN,,gcp,northamerica-northeast2,Linux-6.8.0-1032-gcp-x86_64-with-glibc2.35,3.10.12,3.0.4,2,Intel(R) Xeon(R) CPU @ 2.60GHz,,,,,15.61648178100586,machine,Y,1.0
2025-08-08T01:03:46,dask-benchmark,e557d576-b81c-4124-83c2-596b4766cd71,dask_R6301_81ec5021,1.0032465979456902,7.078583041914843e-08,7.055676098388359e-08,0.8,0.0,10.0,1.1160586525996526e-07,0.0,1.3944756330197883e-06,1.5060814982797537e-06,Canada,CAN,,gcp,northamerica-northeast2,Linux-6.8.0-1032-gcp-x86_64-with-glibc2.35,3.10.12,3.0.4,2,Intel(R) Xeon(R) CPU @ 2.60GHz,,,,,15.61648178100586,machine,Y,1.0
2025-08-08T01:03:48,dask-benchmark,1ae44ce7-7a8b-427a-aaaf-ffe4d67de031,dask_R6301_81ec5021,1.003159651067108,7.077650111256581e-08,7.055357642951203e-08,0.8,0.0,10.0,1.1158909886661504e-07,0.0,1.3942939035284022e-06,1.5058830023950172e-06,Canada,CAN,,gcp,northamerica-northeast2,Linux-6.8.0-1032-gcp-x86_64-with-glibc2.35,3.10.12,3.0.4,2,Intel(R) Xeon(R) CPU @ 2.60GHz,,,,,15.61648178100586,machine,Y,1.0
2025-08-08T01:03:50,dask-benchmark,d2d366f5-ed35-4f28-9c57-19a5d390ee2a,dask_R6301_81ec5021,1.003250946290791,7.078494653519657e-08,7.05555741531089e-08,0.8,0.0,10.0,1.116175897833374e-07,0.0,1.3944451024548877e-06,1.5060626922382249e-06,Canada,CAN,,gcp,northamerica-northeast2,Linux-6.8.0-1032-gcp-x86_64-with-glibc2.35,3.10.12,3.0.4,2,Intel(R) Xeon(R) CPU @ 2.60GHz,,,,,15.61648178100586,machine,Y,1.0
2025-08-08T01:03:52,dask-benchmark,82924907-c811-44cb-a8cc-dc4195116e0a,dask_R6301_81ec5021,1.0031932680867612,7.077806603298005e-08,7.05527721173452e-08,0.8,0.0,10.0,1.1160070428417789e-07,0.0,1.394315594289866e-06,1.5059162985740436e-06,Canada,CAN,,gcp,northamerica-northeast2,Linux-6.8.0-1032-gcp-x86_64-with-glibc2.35,3.10.12,3.0.4,2,Intel(R) Xeon(R) CPU @ 2.60GHz,,,,,15.61648178100586,machine,Y,1.0
2025-08-08T01:03:54,dask-benchmark,f1b5e09d-3965-43d1-a815-5cde730008c7,dask_R6301_81ec5021,1.0031693852506578,7.077446900701358e-08,7.055086613247219e-08,0.8,0.0,10.0,1.1159419951339562e-07,0.0,1.394245566593276e-06,1.5058397661066718e-06,Canada,CAN,,gcp,northamerica-northeast2,Linux-6.8.0-1032-gcp-x86_64-with-glibc2.35,3.10.12,3.0.4,2,Intel(R) Xeon(R) CPU @ 2.60GHz,,,,,15.61648178100586,machine,Y,1.0
2025-08-08T01:03:57,dask-benchmark,4e6993d0-dc63-4bd5-9764-d7dc7067c578,dask_R6301_81ec5021,1.0034579928033054,7.08037150772806e-08,7.05597200730647e-08,0.8,0.0,10.0,1.116495563959082e-07,0.0,1.3948124665249551e-06,1.5064620229208635e-06,Canada,CAN,,gcp,northamerica-northeast2,Linux-6.8.0-1032-gcp-x86_64-with-glibc2.35,3.10.12,3.0.4,2,Intel(R) Xeon(R) CPU @ 2.60GHz,,,,,15.61648178100586,machine,Y,1.0
2025-08-08T01:03:59,dask-benchmark,ef4420fd-2302-4bae-990d-4b9bf57e3cfd,dask_R6301_81ec5021,1.0032059070654211,7.07816598587152e-08,7.05554655930663e-08,0.8,0.0,10.0,1.1159655493166713e-07,0.0,1.39439620801972e-06,1.5059927629513873e-06,Canada,CAN,,gcp,northamerica-northeast2,Linux-6.8.0-1032-gcp-x86_64-with-glibc2.35,3.10.12,3.0.4,2,Intel(R) Xeon(R) CPU @ 2.60GHz,,,,,15.61648178100586,machine,Y,1.0
2025-08-08T01:04:01,dask-benchmark,62e55f57-5421-49d5-a5f0-67928e415ed1,dask_R6301_81ec5021,1.0032659796997905,7.079000522791304e-08,7.05595591401352e-08,0.8,0.0,10.0,1.1161577173819145e-07,0.0,1.3945545522599585e-06,1.50617032399815e-06,Canada,CAN,,gcp,northamerica-northeast2,Linux-6.8.0-1032-gcp-x86_64-with-glibc2.35,3.10.12,3.0.4,2,Intel(R) Xeon(R) CPU @ 2.60GHz,,,,,15.61648178100586,machine,Y,1.0
2025-08-08T01:04:03,dask-benchmark,eb261ae1-4529-49f2-bb86-bdcacb604390,dask_R6301_81ec5021,1.0032236659899354,7.078367461346917e-08,7.055622491084586e-08,0.8,0.0,10.0,1.1160258824626609e-07,0.0,1.3944330418275462e-06,1.5060356300738125e-06,Canada,CAN,,gcp,northamerica-northeast2,Linux-6.8.0-1032-gcp-x86_64-with-glibc2.35,3.10.12,3.0.4,2,Intel(R) Xeon(R) CPU @ 2.60GHz,,,,,15.61648178100586,machine,Y,1.0
2025-08-08T01:04:05,dask-benchmark,1634ffa0-04ad-4704-acfd-417faf666341,dask_R6301_81ec5021,1.003219715319574,7.078506920424601e-08,7.055789287563748e-08,0.8,0.0,10.0,1.1160374381062057e-07,0.0,1.3944615584073797e-06,1.5060653022180002e-06,Canada,CAN,,gcp,northamerica-northeast2,Linux-6.8.0-1032-gcp-x86_64-with-glibc2.35,3.10.12,3.0.4,2,Intel(R) Xeon(R) CPU @ 2.60GHz,,,,,15.61648178100586,machine,Y,1.0
2025-08-08T01:04:08,dask-benchmark,f4fe8bbd-d05c-4e87-baf2-abbacda4d930,dask_R6301_81ec5021,1.0032031531445682,7.077937308429844e-08,7.05533798039196e-08,0.8,0.0,10.0,1.1159539760814772e-07,0.0,1.3943487105684148e-06,1.5059441081765625e-06,Canada,CAN,,gcp,northamerica-northeast2,Linux-6.8.0-1032-gcp-x86_64-with-glibc2.35,3.10.12,3.0.4,2,Intel(R) Xeon(R) CPU @ 2.60GHz,,,,,15.61648178100586,machine,Y,1.0
2025-08-08T01:04:10,dask-benchmark,3adb4757-62b7-4614-8b86-976fb4279b43,dask_R6301_81ec5021,1.003257154021412,7.078808469516743e-08,7.055826555676534e-08,0.8,0.0,10.0,1.1161593151175317e-07,0.0,1.394513530087554e-06,1.506129461599307e-06,Canada,CAN,,gcp,northamerica-northeast2,Linux-6.8.0-1032-gcp-x86_64-with-glibc2.35,3.10.12,3.0.4,2,Intel(R) Xeon(R) CPU @ 2.60GHz,,,,,15.61648178100586,machine,Y,1.0
2025-08-08T01:04:12,dask-benchmark,5e3e44c3-8e59-42d6-9efa-7130e0528f7f,dask_R6301_81ec5021,1.0031168418936431,7.077254149990366e-08,7.055264007560886e-08,0.8,0.0,10.0,1.1158457170757985e-07,0.0,1.3942141836095188e-06,1.5057987553170983e-06,Canada,CAN,,gcp,northamerica-northeast2,Linux-6.8.0-1032-gcp-x86_64-with-glibc2.35,3.10.12,3.0.4,2,Intel(R) Xeon(R) CPU @ 2.60GHz,,,,,15.61648178100586,machine,Y,1.0
2025-08-08T01:04:14,dask-benchmark,70ccdd68-9d96-4f3c-9e65-2963241ad5c6,dask_R6301_81ec5021,1.003212741110474,7.077603010952267e-08,7.05493732378034e-08,0.8,0.0,10.0,1.1159131665610609e-07,0.0,1.3942816643975675e-06,1.5058729810536735e-06,Canada,CAN,,gcp,northamerica-northeast2,Linux-6.8.0-1032-gcp-x86_64-with-glibc2.35,3.10.12,3.0.4,2,Intel(R) Xeon(R) CPU @ 2.60GHz,,,,,15.61648178100586,machine,Y,1.0
2025-08-08T01:04:16,dask-benchmark,bc374011-1aa7-49aa-8449-48650780773a,dask_R6301_81ec5021,1.0033306092955172,7.078235675042705e-08,7.054739095434003e-08,0.8,0.0,10.0,1.1161998938769105e-07,0.0,1.3943876010469264e-06,1.5060075904346175e-06,Canada,CAN,,gcp,northamerica-northeast2,Linux-6.8.0-1032-gcp-x86_64-with-glibc2.35,3.10.12,3.0.4,2,Intel(R) Xeon(R) CPU @ 2.60GHz,,,,,15.61648178100586,machine,Y,1.0
2025-08-08T01:04:18,dask-benchmark,3137d123-af38-43aa-8996-beb8df8b3fe1,dask_R6301_81ec5021,1.0032395320013163,7.078311834955174e-08,7.055455461204738e-08,0.8,0.0,10.0,1.1160169717752277e-07,0.0,1.394422097493791e-06,1.5060237946713136e-06,Canada,CAN,,gcp,northamerica-northeast2,Linux-6.8.0-1032-gcp-x86_64-with-glibc2.35,3.10.12,3.0.4,2,Intel(R) Xeon(R) CPU @ 2.60GHz,,,,,15.61648178100586,machine,Y,1.0
2025-08-08T01:04:21,dask-benchmark,df45d326-9d95-4e10-a126-17e59de563f6,dask_R6301_81ec5021,1.003213008865714,7.078372257316692e-08,7.055702223518689e-08,0.8,0.0,10.0,1.1160481421069968e-07,0.0,1.3944318362822136e-06,1.5060366504929133e-06,Canada,CAN,,gcp,northamerica-northeast2,Linux-6.8.0-1032-gcp-x86_64-with-glibc2.35,3.10.12,3.0.4,2,Intel(R) Xeon(R) CPU @ 2.60GHz,,,,,15.61648178100586,machine,Y,1.0
2025-08-08T01:04:23,dask-benchmark,1ef8aa5e-6d72-4980-af00-6b1197e56716,dask_R6301_81ec5021,1.0033274129964411,7.07844743794865e-08,7.05497263032896e-08,0.8,0.0,10.0,1.116249104961753e-07,0.0,1.394427735875878e-06,1.5060526463720531e-06,Canada,CAN,,gcp,northamerica-northeast2,Linux-6.8.0-1032-gcp-x86_64-with-glibc2.35,3.10.12,3.0.4,2,Intel(R) Xeon(R) CPU @ 2.60GHz,,,,,15.61648178100586,machine,Y,1.0
2025-08-08T01:04:25,dask-benchmark,81d9eabb-8729-441e-937b-5d1ed4252c00,dask_R6301_81ec5021,1.0033530369400978,7.078944275564414e-08,7.055287635499566e-08,0.8,0.0,10.0,1.1163070135646397e-07,0.0,1.394527655146602e-06,1.5061583565030662e-06,Canada,CAN,,gcp,northamerica-northeast2,Linux-6.8.0-1032-gcp-x86_64-with-glibc2.35,3.10.12,3.0.4,2,Intel(R) Xeon(R) CPU @ 2.60GHz,,,,,15.61648178100586,machine,Y,1.0
2025-08-08T01:04:27,dask-benchmark,4e2bf5eb-f61c-4ae4-b2cf-a548924ce03d,dask_R6301_81ec5021,1.0031327083706856,7.077555411158958e-08,7.055452735316057e-08,0.8,0.0,10.0,1.1159030047969689e-07,0.0,1.3942725529583791e-06,1.5058628534380762e-06,Canada,CAN,,gcp,northamerica-northeast2,Linux-6.8.0-1032-gcp-x86_64-with-glibc2.35,3.10.12,3.0.4,2,Intel(R) Xeon(R) CPU @ 2.60GHz,,,,,15.61648178100586,machine,Y,1.0
2025-08-08T01:04:29,dask-benchmark,1dd57741-4e45-4c1a-814d-628194342477,dask_R6301_81ec5021,1.0031625372357666,7.076892970083282e-08,7.054582589959743e-08,0.8,0.0,10.0,1.1158657560331954e-07,0.0,1.394135332925038e-06,1.5057219085283577e-06,Canada,CAN,,gcp,northamerica-northeast2,Linux-6.8.0-1032-gcp-x86_64-with-glibc2.35,3.10.12,3.0.4,2,Intel(R) Xeon(R) CPU @ 2.60GHz,,,,,15.61648178100586,machine,Y,1.0
2025-08-08T01:04:31,dask-benchmark,0afb772c-6c80-47af-89ed-9eb3ddfe82fb,dask_R6301_81ec5021,1.0031807469204068,7.077824861882255e-08,7.0553834726294e-08,0.8,0.0,10.0,1.115959135608541e-07,0.0,1.3943242698183492e-06,1.5059201833792032e-06,Canada,CAN,,gcp,northamerica-northeast2,Linux-6.8.0-1032-gcp-x86_64-with-glibc2.35,3.10.12,3.0.4,2,Intel(R) Xeon(R) CPU @ 2.60GHz,,,,,15.61648178100586,machine,Y,1.0
2025-08-08T01:04:34,dask-benchmark,9350decf-0dd1-4f60-8e56-74c2337911b1,dask_R6301_81ec5021,1.00319734076038,7.077568815896908e-08,7.055011539935323e-08,0.8,0.0,10.0,1.1159462843918138e-07,0.0,1.394271077070799e-06,1.5058657055099804e-06,Canada,CAN,,gcp,northamerica-northeast2,Linux-6.8.0-1032-gcp-x86_64-with-glibc2.35,3.10.12,3.0.4,2,Intel(R) Xeon(R) CPU @ 2.60GHz,,,,,15.61648178100586,machine,Y,1.0
2025-08-08T01:04:36,dask-benchmark,55b1d1eb-fee3-4200-af7b-9579c3de9815,dask_R6301_81ec5021,1.003249991685152,7.078418081662515e-08,7.055487804961697e-08,0.8,0.0,10.0,1.1161144284738437e-07,0.0,1.394434957506342e-06,1.5060464003537265e-06,Canada,CAN,,gcp,northamerica-northeast2,Linux-6.8.0-1032-gcp-x86_64-with-glibc2.35,3.10.12,3.0.4,2,Intel(R) Xeon(R) CPU @ 2.60GHz,,,,,15.61648178100586,machine,Y,1.0
2025-08-08T01:04:38,dask-benchmark,35038831-f61c-42a7-87e7-db3a170709cc,dask_R6301_81ec5021,1.003242419101298,7.078349706872056e-08,7.05547290675052e-08,0.8,0.0,10.0,1.1160710205634437e-07,0.0,1.394424750469625e-06,1.5060318525259691e-06,Canada,CAN,,gcp,northamerica-northeast2,Linux-6.8.0-1032-gcp-x86_64-with-glibc2.35,3.10.12,3.0.4,2,Intel(R) Xeon(R) CPU @ 2.60GHz,,,,,15.61648178100586,machine,Y,1.0
2025-08-08T01:04:40,dask-benchmark,534d47b0-a863-46fb-af74-577fe4fce097,dask_R6301_81ec5021,1.0031018652953207,7.077478939977787e-08,7.055593439549756e-08,0.8,0.0,10.0,1.1158777090410393e-07,0.0,1.394258812069893e-06,1.5058465829739969e-06,Canada,CAN,,gcp,northamerica-northeast2,Linux-6.8.0-1032-gcp-x86_64-with-glibc2.35,3.10.12,3.0.4,2,Intel(R) Xeon(R) CPU @ 2.60GHz,,,,,15.61648178100586,machine,Y,1.0
2025-08-08T01:04:42,dask-benchmark,8ad345a7-b7f9-4479-b7f3-873e00ba3bbf,dask_R6301_81ec5021,1.0031092511489987,7.078010548739177e-08,7.056071450474373e-08,0.8,0.0,10.0,1.1159651540219785e-07,0.0,1.3943631758189037e-06,1.5059596912211015e-06,Canada,CAN,,gcp,northamerica-northeast2,Linux-6.8.0-1032-gcp-x86_64-with-glibc2.35,3.10.12,3.0.4,2,Intel(R) Xeon(R) CPU @ 2.60GHz,,,,,15.61648178100586,machine,Y,1.0
2025-08-08T01:04:44,dask-benchmark,015979d8-9c05-4342-9bdc-9bdc95455658,dask_R6301_81ec5021,1.0031316140666604,7.07770571843721e-08,7.055610270066597e-08,0.8,0.0,10.0,1.1158991729219757e-07,0.0,1.394304916417847e-06,1.5058948337100445e-06,Canada,CAN,,gcp,northamerica-northeast2,Linux-6.8.0-1032-gcp-x86_64-with-glibc2.35,3.10.12,3.0.4,2,Intel(R) Xeon(R) CPU @ 2.60GHz,,,,,15.61648178100586,machine,Y,1.0
2025-08-08T01:04:47,dask-benchmark,a519a0f4-65fc-44aa-a234-374300e5b242,dask_R6301_81ec5021,1.0033026849851012,7.07832920588173e-08,7.055028668628392e-08,0.8001944000000001,0.0,10.0,1.1164269905597409e-07,0.0,1.3943847915571598e-06,1.506027490613134e-06,Canada,CAN,,gcp,northamerica-northeast2,Linux-6.8.0-1032-gcp-x86_64-with-glibc2.35,3.10.12,3.0.4,2,Intel(R) Xeon(R) CPU @ 2.60GHz,,,,,15.61648178100586,machine,Y,1.0
2025-08-08T01:04:49,dask-benchmark,a9595f4a-5bea-4d46-bb07-0470c851cd71,dask_R6301_81ec5021,1.0032262192107737,7.078059890421315e-08,7.055297952628813e-08,0.8,0.0,10.0,1.116042726983627e-07,0.0,1.394365916752981e-06,1.5059701894513437e-06,Canada,CAN,,gcp,northamerica-northeast2,Linux-6.8.0-1032-gcp-x86_64-with-glibc2.35,3.10.12,3.0.4,2,Intel(R) Xeon(R) CPU @ 2.60GHz,,,,,15.61648178100586,machine,Y,1.0
2025-08-08T01:04:51,dask-benchmark,0c8f657d-28df-4bc7-9474-dfc685a2808c,dask_R6301_81ec5021,1.0032424167729914,7.078465831010707e-08,7.055588671957423e-08,0.8,0.0,10.0,1.116107355596291e-07,0.0,1.3944458242298828e-06,1.506056559789512e-06,Canada,CAN,,gcp,northamerica-northeast2,Linux-6.8.0-1032-gcp-x86_64-with-glibc2.35,3.10.12,3.0.4,2,Intel(R) Xeon(R) CPU @ 2.60GHz,,,,,15.61648178100586,machine,Y,1.0
2025-08-08T01:04:53,dask-benchmark,917b1d85-fbc7-4b3b-82a5-66d045fbae9b,dask_R6301_81ec5021,1.003342187963426,7.078872152904257e-08,7.05529204076715e-08,0.8,0.0,10.0,1.1162661605825029e-07,0.0,1.3945163951979745e-06,1.5061430112562246e-06,Canada,CAN,,gcp,northamerica-northeast2,Linux-6.8.0-1032-gcp-x86_64-with-glibc2.35,3.10.12,3.0.4,2,Intel(R) Xeon(R) CPU @ 2.60GHz,,,,,15.61648178100586,machine,Y,1.0
2025-08-08T01:04:55,dask-benchmark,8e34d406-6561-4598-9fd0-7e11c10e8bc2,dask_R6301_81ec5021,1.0031358441337943,7.07809879463166e-08,7.055972365082403e-08,0.8,0.0,10.0,1.1159703849504393e-07,0.0,1.3943814284478624e-06,1.5059784669429064e-06,Canada,CAN,,gcp,northamerica-northeast2,Linux-6.8.0-1032-gcp-x86_64-with-glibc2.35,3.10.12,3.0.4,2,Intel(R) Xeon(R) CPU @ 2.60GHz,,,,,15.61648178100586,machine,Y,1.0
2025-08-08T01:04:57,dask-benchmark,10541e49-236f-4aaa-ac9b-aabaab57664b,dask_R6301_81ec5021,1.003319893963635,7.078737257803894e-08,7.055314362241144e-08,0.8,0.0,10.0,1.116295721795824e-07,0.0,1.3944847379914588e-06,1.5061143101710413e-06,Canada,CAN,,gcp,northamerica-northeast2,Linux-6.8.0-1032-gcp-x86_64-with-glibc2.35,3.10.12,3.0.4,2,Intel(R) Xeon(R) CPU @ 2.60GHz,,,,,15.61648178100586,machine,Y,1.0
2025-08-08T01:05:03,dask-benchmark,a5cd91ef-58e1-4a8a-afca-04da155aea11,dask_R6301_81ec5021,1.003254930023104,7.078873054853953e-08,7.05590657271022e-08,0.8,0.0,10.0,1.1160581051889393e-07,0.0,1.3945373926415212e-06,1.5061432031604151e-06,Canada,CAN,,gcp,northamerica-northeast2,Linux-6.8.0-1032-gcp-x86_64-with-glibc2.35,3.10.12,3.0.4,2,Intel(R) Xeon(R) CPU @ 2.60GHz,,,,,15.61648178100586,machine,Y,1.0
2025-08-08T01:05:05,dask-benchmark,5b254cff-8f88-4556-9b51-a36b6bcdf901,dask_R6301_81ec5021,1.003331665880978,7.078894002507958e-08,7.055387807672068e-08,0.8,0.0,10.0,1.1162800528109075e-07,0.0,1.3945196548269855e-06,1.5061476601080763e-06,Canada,CAN,,gcp,northamerica-northeast2,Linux-6.8.0-1032-gcp-x86_64-with-glibc2.35,3.10.12,3.0.4,2,Intel(R) Xeon(R) CPU @ 2.60GHz,,,,,15.61648178100586,machine,Y,1.0
