timestamp,project_name,run_id,experiment_id,duration,emissions,emissions_rate,cpu_power,gpu_power,ram_power,cpu_energy,gpu_energy,ram_energy,energy_consumed,country_name,country_iso_code,region,cloud_provider,cloud_region,os,python_version,codecarbon_version,cpu_count,cpu_model,gpu_count,gpu_model,longitude,latitude,ram_total_size,tracking_mode,on_cloud,pue
2025-08-07T12:16:38,django-benchmark,9140fe59-c247-4326-81af-5a74948cde15,django_SCL001_871b0de2,1.0014332171995193,7.665236370299544e-08,7.654266144411675e-08,1.7272709000000002,0.0,10.0,2.403348298677125e-07,0.0,1.390566525515169e-06,1.6309013553828814e-06,Canada,CAN,,gcp,northamerica-northeast2,Linux-6.8.0-1032-gcp-x86_64-with-glibc2.35,3.12.11,3.0.4,2,Intel(R) Xeon(R) CPU @ 2.60GHz,,,,,15.61648178100586,machine,Y,1.0
2025-08-07T12:16:40,django-benchmark,eaee15e5-dc5a-4422-a977-e578419ff9f0,django_SCL001_871b0de2,1.001273473026231,7.646161097673595e-08,7.636436302026435e-08,1.7000000000000002,0.0,10.0,2.3647804519472026e-07,0.0,1.3903647415443427e-06,1.626842786739063e-06,Canada,CAN,,gcp,northamerica-northeast2,Linux-6.8.0-1032-gcp-x86_64-with-glibc2.35,3.12.11,3.0.4,2,Intel(R) Xeon(R) CPU @ 2.60GHz,,,,,15.61648178100586,machine,Y,1.0
2025-08-07T12:16:56,django-benchmark,0b6ba68a-804e-431d-8489-13c5e3a66cb0,django_SCL001_871b0de2,1.0013455899897965,7.664531198840064e-08,7.654231741229483e-08,1.7272709000000002,0.0,10.0,2.4030375238358083e-07,0.0,1.3904475665185602e-06,1.630751318902141e-06,Canada,CAN,,gcp,northamerica-northeast2,Linux-6.8.0-1032-gcp-x86_64-with-glibc2.35,3.12.11,3.0.4,2,Intel(R) Xeon(R) CPU @ 2.60GHz,,,,,15.61648178100586,machine,Y,1.0
2025-08-07T12:16:58,django-benchmark,fcea5f58-7b9a-42b6-a21a-d64668457738,django_SCL001_871b0de2,1.0014463199768215,7.645995107255617e-08,7.634952522899663e-08,1.7000000000000002,0.0,10.0,2.3647844430524858e-07,0.0,1.3903290253236062e-06,1.6268074696288548e-06,Canada,CAN,,gcp,northamerica-northeast2,Linux-6.8.0-1032-gcp-x86_64-with-glibc2.35,3.12.11,3.0.4,2,Intel(R) Xeon(R) CPU @ 2.60GHz,,,,,15.61648178100586,machine,Y,1.0
2025-08-07T12:17:00,django-benchmark,1b469454-4343-420a-8548-4c335ea0ef59,django_SCL001_871b0de2,1.001502004917711,7.664221418932731e-08,7.65272698536681e-08,1.7272709000000002,0.0,10.0,2.403174808399096e-07,0.0,1.39036792744365e-06,1.6306854082835596e-06,Canada,CAN,,gcp,northamerica-northeast2,Linux-6.8.0-1032-gcp-x86_64-with-glibc2.35,3.12.11,3.0.4,2,Intel(R) Xeon(R) CPU @ 2.60GHz,,,,,15.61648178100586,machine,Y,1.0
2025-08-07T12:17:02,django-benchmark,65a7d673-0e06-41e9-9919-8c3606c42ae0,django_SCL001_871b0de2,1.0011671730317175,7.645933870245549e-08,7.637020146288115e-08,1.7000000000000002,0.0,10.0,2.3645618471265254e-07,0.0,1.3903382557651234e-06,1.626794440477776e-06,Canada,CAN,,gcp,northamerica-northeast2,Linux-6.8.0-1032-gcp-x86_64-with-glibc2.35,3.12.11,3.0.4,2,Intel(R) Xeon(R) CPU @ 2.60GHz,,,,,15.61648178100586,machine,Y,1.0
2025-08-07T12:17:05,django-benchmark,f9b968b7-a393-40c1-9c1f-c9f3dcb8500b,django_SCL001_871b0de2,1.0013208710588517,7.64557067578555e-08,7.635485184385207e-08,1.7000000000000002,0.0,10.0,2.364640457607392e-07,0.0,1.390253119300016e-06,1.6267171650607553e-06,Canada,CAN,,gcp,northamerica-northeast2,Linux-6.8.0-1032-gcp-x86_64-with-glibc2.35,3.12.11,3.0.4,2,Intel(R) Xeon(R) CPU @ 2.60GHz,,,,,15.61648178100586,machine,Y,1.0
2025-08-07T12:17:07,django-benchmark,6d22df33-a7db-44f6-90fb-4b82da472a88,django_SCL001_871b0de2,1.0013427739031613,7.699884134798234e-08,7.689558795920246e-08,1.7834543000000005,0.0,10.0,2.480786422546565e-07,0.0,1.39019457791518e-06,1.6382732201698366e-06,Canada,CAN,,gcp,northamerica-northeast2,Linux-6.8.0-1032-gcp-x86_64-with-glibc2.35,3.12.11,3.0.4,2,Intel(R) Xeon(R) CPU @ 2.60GHz,,,,,15.61648178100586,machine,Y,1.0
2025-08-07T12:17:09,django-benchmark,a1e9f7ed-5337-46c9-9f9c-593961c8e89a,django_SCL001_871b0de2,1.001068616984412,7.662762567133447e-08,7.65458274999821e-08,1.7272709000000002,0.0,10.0,2.402135364782862e-07,0.0,1.3901614778054258e-06,1.630375014283712e-06,Canada,CAN,,gcp,northamerica-northeast2,Linux-6.8.0-1032-gcp-x86_64-with-glibc2.35,3.12.11,3.0.4,2,Intel(R) Xeon(R) CPU @ 2.60GHz,,,,,15.61648178100586,machine,Y,1.0
2025-08-07T12:17:11,django-benchmark,d0c1d956-618d-45d8-aa18-7dca1a33310f,django_SCL001_871b0de2,1.0011112701613456,7.645555918609415e-08,7.637069071629978e-08,1.7000000000000002,0.0,10.0,2.364421190900937e-07,0.0,1.3902719061459518e-06,1.6267140252360454e-06,Canada,CAN,,gcp,northamerica-northeast2,Linux-6.8.0-1032-gcp-x86_64-with-glibc2.35,3.12.11,3.0.4,2,Intel(R) Xeon(R) CPU @ 2.60GHz,,,,,15.61648178100586,machine,Y,1.0
2025-08-07T12:17:13,django-benchmark,b4c6fb65-b368-4797-b799-90c472a84fef,django_SCL001_871b0de2,1.0011201188899577,7.645137877084524e-08,7.636583995096866e-08,1.7000000000000002,0.0,10.0,2.3644011628089681e-07,0.0,1.3901849639498526e-06,1.6266250802307495e-06,Canada,CAN,,gcp,northamerica-northeast2,Linux-6.8.0-1032-gcp-x86_64-with-glibc2.35,3.12.11,3.0.4,2,Intel(R) Xeon(R) CPU @ 2.60GHz,,,,,15.61648178100586,machine,Y,1.0
2025-08-07T12:17:15,django-benchmark,d511761c-7dec-4434-9f77-228d31042ae8,django_SCL001_871b0de2,1.0011763898655772,7.646027968871123e-08,7.637043827909001e-08,1.7000000000000002,0.0,10.0,2.3646243117723825e-07,0.0,1.390352030284703e-06,1.6268144614619411e-06,Canada,CAN,,gcp,northamerica-northeast2,Linux-6.8.0-1032-gcp-x86_64-with-glibc2.35,3.12.11,3.0.4,2,Intel(R) Xeon(R) CPU @ 2.60GHz,,,,,15.61648178100586,machine,Y,1.0
2025-08-07T12:17:17,django-benchmark,39a2b02e-fe65-4a2b-8b29-8283a9193e47,django_SCL001_871b0de2,1.0014701350592077,7.645857165430464e-08,7.634633223464459e-08,1.7000000000000002,0.0,10.0,2.365143341271e-07,0.0,1.3902637861772543e-06,1.6267781203043545e-06,Canada,CAN,,gcp,northamerica-northeast2,Linux-6.8.0-1032-gcp-x86_64-with-glibc2.35,3.12.11,3.0.4,2,Intel(R) Xeon(R) CPU @ 2.60GHz,,,,,15.61648178100586,machine,Y,1.0
2025-08-07T12:17:20,django-benchmark,29aea138-a7a5-44b1-838f-ed33ab730471,django_SCL001_871b0de2,1.0014233698602766,7.664090101803434e-08,7.65319677218314e-08,1.7272709000000002,0.0,10.0,2.40286285276665e-07,0.0,1.3903711831921503e-06,1.6306574684688156e-06,Canada,CAN,,gcp,northamerica-northeast2,Linux-6.8.0-1032-gcp-x86_64-with-glibc2.35,3.12.11,3.0.4,2,Intel(R) Xeon(R) CPU @ 2.60GHz,,,,,15.61648178100586,machine,Y,1.0
2025-08-07T12:17:22,django-benchmark,1c50ccb3-a34c-4643-84b0-66dc9d86cec8,django_SCL001_871b0de2,1.0012548309750855,7.645528771327939e-08,7.63594694857276e-08,1.7000000000000002,0.0,10.0,2.3648951835801e-07,0.0,1.3902187308607005e-06,1.6267082492187102e-06,Canada,CAN,,gcp,northamerica-northeast2,Linux-6.8.0-1032-gcp-x86_64-with-glibc2.35,3.12.11,3.0.4,2,Intel(R) Xeon(R) CPU @ 2.60GHz,,,,,15.61648178100586,machine,Y,1.0
2025-08-07T12:17:24,django-benchmark,86213d4b-cfc6-43a9-b6f7-d8a82b873f0e,django_SCL001_871b0de2,1.001230778871104,7.645863077468756e-08,7.636464278584733e-08,1.7000000000000002,0.0,10.0,2.36464514138384e-07,0.0,1.3903148640464578e-06,1.6267793781848418e-06,Canada,CAN,,gcp,northamerica-northeast2,Linux-6.8.0-1032-gcp-x86_64-with-glibc2.35,3.12.11,3.0.4,2,Intel(R) Xeon(R) CPU @ 2.60GHz,,,,,15.61648178100586,machine,Y,1.0
2025-08-07T12:17:26,django-benchmark,53913c25-0337-4552-b972-21442bfe00db,django_SCL001_871b0de2,1.00113364495337,7.663195225299399e-08,7.654517719915737e-08,1.7272709000000002,0.0,10.0,2.402290800239488e-07,0.0,1.3902379891886894e-06,1.630467069212638e-06,Canada,CAN,,gcp,northamerica-northeast2,Linux-6.8.0-1032-gcp-x86_64-with-glibc2.35,3.12.11,3.0.4,2,Intel(R) Xeon(R) CPU @ 2.60GHz,,,,,15.61648178100586,machine,Y,1.0
2025-08-07T12:17:28,django-benchmark,03e74562-1fa0-4661-b5ae-b59125b2450c,django_SCL001_871b0de2,1.001239048084244,7.663565494134477e-08,7.654081718844095e-08,1.7272709000000002,0.0,10.0,2.402594939414481e-07,0.0,1.3902863558743978e-06,1.630545849815846e-06,Canada,CAN,,gcp,northamerica-northeast2,Linux-6.8.0-1032-gcp-x86_64-with-glibc2.35,3.12.11,3.0.4,2,Intel(R) Xeon(R) CPU @ 2.60GHz,,,,,15.61648178100586,machine,Y,1.0
2025-08-07T12:17:30,django-benchmark,826909bc-9765-46c0-bc54-ede0e45e8c56,django_SCL001_871b0de2,1.0014224238693714,7.628402361725194e-08,7.617566952665186e-08,1.6732691000000002,0.0,10.0,2.3276087435002985e-07,0.0,1.390303457931926e-06,1.6230643322819558e-06,Canada,CAN,,gcp,northamerica-northeast2,Linux-6.8.0-1032-gcp-x86_64-with-glibc2.35,3.12.11,3.0.4,2,Intel(R) Xeon(R) CPU @ 2.60GHz,,,,,15.61648178100586,machine,Y,1.0
2025-08-07T12:17:33,django-benchmark,d4ef6f2c-d95e-4d25-bef6-2bc097fd205b,django_SCL001_871b0de2,1.001380505040288,7.664006253434114e-08,7.653440640054971e-08,1.7272709000000002,0.0,10.0,2.4028150893745016e-07,0.0,1.3903581194527862e-06,1.6306396283902364e-06,Canada,CAN,,gcp,northamerica-northeast2,Linux-6.8.0-1032-gcp-x86_64-with-glibc2.35,3.12.11,3.0.4,2,Intel(R) Xeon(R) CPU @ 2.60GHz,,,,,15.61648178100586,machine,Y,1.0
2025-08-07T12:17:35,django-benchmark,a2934896-f57d-4648-92d5-6e6f99c5d426,django_SCL001_871b0de2,1.001179693965241,7.645557286246266e-08,7.63654849607018e-08,1.7000000000000002,0.0,10.0,2.3645554107820826e-07,0.0,1.3902587751444017e-06,1.62671431622261e-06,Canada,CAN,,gcp,northamerica-northeast2,Linux-6.8.0-1032-gcp-x86_64-with-glibc2.35,3.12.11,3.0.4,2,Intel(R) Xeon(R) CPU @ 2.60GHz,,,,,15.61648178100586,machine,Y,1.0
2025-08-07T12:17:37,django-benchmark,4e8bd633-015f-4c34-94a7-d47476d71f95,django_SCL001_871b0de2,1.001235530944541,7.645764044839113e-08,7.63632912390383e-08,1.7000000000000002,0.0,10.0,2.364652602441816e-07,0.0,1.3902930471683956e-06,1.6267583074125771e-06,Canada,CAN,,gcp,northamerica-northeast2,Linux-6.8.0-1032-gcp-x86_64-with-glibc2.35,3.12.11,3.0.4,2,Intel(R) Xeon(R) CPU @ 2.60GHz,,,,,15.61648178100586,machine,Y,1.0
2025-08-07T12:17:39,django-benchmark,e3b51fe5-608c-4c9a-8195-5d54c408bf7b,django_SCL001_871b0de2,1.0020865960977972,7.646449514995847e-08,7.630527685702726e-08,1.7000000000000002,0.0,10.0,2.36470891111013e-07,0.0,1.390433261015763e-06,1.626904152126776e-06,Canada,CAN,,gcp,northamerica-northeast2,Linux-6.8.0-1032-gcp-x86_64-with-glibc2.35,3.12.11,3.0.4,2,Intel(R) Xeon(R) CPU @ 2.60GHz,,,,,15.61648178100586,machine,Y,1.0
2025-08-07T12:17:41,django-benchmark,bebd3d33-b7aa-4e8c-a42f-06864a90c27e,django_SCL001_871b0de2,1.0012380310799929,7.646416609030632e-08,7.636961812949485e-08,1.7000000000000002,0.0,10.0,2.364703981050601e-07,0.0,1.390426752752521e-06,1.626897150857581e-06,Canada,CAN,,gcp,northamerica-northeast2,Linux-6.8.0-1032-gcp-x86_64-with-glibc2.35,3.12.11,3.0.4,2,Intel(R) Xeon(R) CPU @ 2.60GHz,,,,,15.61648178100586,machine,Y,1.0
2025-08-07T12:17:43,django-benchmark,5fa4ca7f-2936-4b43-8a1a-3d387717739c,django_SCL001_871b0de2,1.0014155870303512,7.663198085330974e-08,7.652365495983352e-08,1.7272709000000002,0.0,10.0,2.402565306807592e-07,0.0,1.390211147049235e-06,1.6304676777299942e-06,Canada,CAN,,gcp,northamerica-northeast2,Linux-6.8.0-1032-gcp-x86_64-with-glibc2.35,3.12.11,3.0.4,2,Intel(R) Xeon(R) CPU @ 2.60GHz,,,,,15.61648178100586,machine,Y,1.0
2025-08-07T12:17:46,django-benchmark,5e6eeb74-a668-47f0-a81d-dc0fe6d40c4d,django_SCL001_871b0de2,1.0014845780096948,7.646361707007358e-08,7.635026913947484e-08,1.7000000000000002,0.0,10.0,2.3649998088108586e-07,0.0,1.3903854886949477e-06,1.6268854695760336e-06,Canada,CAN,,gcp,northamerica-northeast2,Linux-6.8.0-1032-gcp-x86_64-with-glibc2.35,3.12.11,3.0.4,2,Intel(R) Xeon(R) CPU @ 2.60GHz,,,,,15.61648178100586,machine,Y,1.0
2025-08-07T12:17:48,django-benchmark,1169eca8-ba55-42f7-b040-eeaf06a74828,django_SCL001_871b0de2,1.0012523629702628,7.664261372911355e-08,7.654674941465265e-08,1.7272709000000002,0.0,10.0,2.4026763950114e-07,0.0,1.3904262696289357e-06,1.6306939091300754e-06,Canada,CAN,,gcp,northamerica-northeast2,Linux-6.8.0-1032-gcp-x86_64-with-glibc2.35,3.12.11,3.0.4,2,Intel(R) Xeon(R) CPU @ 2.60GHz,,,,,15.61648178100586,machine,Y,1.0
2025-08-07T12:17:50,django-benchmark,3674f744-8981-457e-8c09-842ab3c06afe,django_SCL001_871b0de2,1.001192919211462,7.66386391156955e-08,7.654732434190203e-08,1.7272709000000002,0.0,10.0,2.4025769806650137e-07,0.0,1.390351644820637e-06,1.6306093428871384e-06,Canada,CAN,,gcp,northamerica-northeast2,Linux-6.8.0-1032-gcp-x86_64-with-glibc2.35,3.12.11,3.0.4,2,Intel(R) Xeon(R) CPU @ 2.60GHz,,,,,15.61648178100586,machine,Y,1.0
2025-08-07T12:17:52,django-benchmark,d7b246ef-52fb-47e7-ab09-c6aa17e61011,django_SCL001_871b0de2,1.0012036161497235,7.663508426473886e-08,7.654295592683775e-08,1.7272709000000002,0.0,10.0,2.402558767213204e-07,0.0,1.3902778310390808e-06,1.6305337077604013e-06,Canada,CAN,,gcp,northamerica-northeast2,Linux-6.8.0-1032-gcp-x86_64-with-glibc2.35,3.12.11,3.0.4,2,Intel(R) Xeon(R) CPU @ 2.60GHz,,,,,15.61648178100586,machine,Y,1.0
2025-08-07T12:17:54,django-benchmark,2c82a399-0ce0-47da-9e31-3a340b27485c,django_SCL001_871b0de2,1.0011465309653431,7.662895492176613e-08,7.654119806805666e-08,1.7272709000000002,0.0,10.0,2.402214075626893e-07,0.0,1.390181888645101e-06,1.63040329620779e-06,Canada,CAN,,gcp,northamerica-northeast2,Linux-6.8.0-1032-gcp-x86_64-with-glibc2.35,3.12.11,3.0.4,2,Intel(R) Xeon(R) CPU @ 2.60GHz,,,,,15.61648178100586,machine,Y,1.0
2025-08-07T12:17:56,django-benchmark,cc05d843-5e36-49f5-879e-67cad5ffe8c3,django_SCL001_871b0de2,1.0013235709629953,7.645144867407444e-08,7.635039351021105e-08,1.7000000000000002,0.0,10.0,2.364614291129531e-07,0.0,1.3901651384205455e-06,1.6266265675334986e-06,Canada,CAN,,gcp,northamerica-northeast2,Linux-6.8.0-1032-gcp-x86_64-with-glibc2.35,3.12.11,3.0.4,2,Intel(R) Xeon(R) CPU @ 2.60GHz,,,,,15.61648178100586,machine,Y,1.0
2025-08-07T12:17:58,django-benchmark,cf61ae26-b787-4ec4-96f2-5e28813a0baa,django_SCL001_871b0de2,1.0013675699010491,7.663119299059827e-08,7.652653760114346e-08,1.7272709000000002,0.0,10.0,2.402456925374744e-07,0.0,1.3902052221561058e-06,1.63045091469358e-06,Canada,CAN,,gcp,northamerica-northeast2,Linux-6.8.0-1032-gcp-x86_64-with-glibc2.35,3.12.11,3.0.4,2,Intel(R) Xeon(R) CPU @ 2.60GHz,,,,,15.61648178100586,machine,Y,1.0
2025-08-07T12:18:01,django-benchmark,ecd2687a-30dd-4018-a073-3073be12d18e,django_SCL001_871b0de2,1.001305160112679,7.628302678735218e-08,7.618359499792039e-08,1.6732691000000002,0.0,10.0,2.3278177262513122e-07,0.0,1.3902613505100212e-06,1.6230431231351524e-06,Canada,CAN,,gcp,northamerica-northeast2,Linux-6.8.0-1032-gcp-x86_64-with-glibc2.35,3.12.11,3.0.4,2,Intel(R) Xeon(R) CPU @ 2.60GHz,,,,,15.61648178100586,machine,Y,1.0
2025-08-07T12:18:03,django-benchmark,8acc7674-084f-417c-8b73-335ddc95cb67,django_SCL001_871b0de2,1.0011148960329592,7.66308057794094e-08,7.65454655435339e-08,1.7272709000000002,0.0,10.0,2.402234563525948e-07,0.0,1.390219219805052e-06,1.6304426761576467e-06,Canada,CAN,,gcp,northamerica-northeast2,Linux-6.8.0-1032-gcp-x86_64-with-glibc2.35,3.12.11,3.0.4,2,Intel(R) Xeon(R) CPU @ 2.60GHz,,,,,15.61648178100586,machine,Y,1.0
2025-08-07T12:18:05,django-benchmark,424ce34a-33cd-42ad-b400-0db5551552ac,django_SCL001_871b0de2,1.001090164994821,7.645200426590683e-08,7.636874972825483e-08,1.7000000000000002,0.0,10.0,2.364289884636593e-07,0.0,1.390209400172656e-06,1.6266383886363152e-06,Canada,CAN,,gcp,northamerica-northeast2,Linux-6.8.0-1032-gcp-x86_64-with-glibc2.35,3.12.11,3.0.4,2,Intel(R) Xeon(R) CPU @ 2.60GHz,,,,,15.61648178100586,machine,Y,1.0
2025-08-07T12:18:07,django-benchmark,b0bb369e-00c6-460a-8a51-a05e77931b19,django_SCL001_871b0de2,1.0011430878657848,7.645268818221265e-08,7.636539582487938e-08,1.7000000000000002,0.0,10.0,2.364478957477129e-07,0.0,1.3902050442993642e-06,1.6266529400470772e-06,Canada,CAN,,gcp,northamerica-northeast2,Linux-6.8.0-1032-gcp-x86_64-with-glibc2.35,3.12.11,3.0.4,2,Intel(R) Xeon(R) CPU @ 2.60GHz,,,,,15.61648178100586,machine,Y,1.0
2025-08-07T12:18:09,django-benchmark,2b393f99-a124-42d0-b08f-c1245be7a0c6,django_SCL001_871b0de2,1.0014127478934824,7.663180502707968e-08,7.652369633627912e-08,1.7272709000000002,0.0,10.0,2.403017203504085e-07,0.0,1.3901622163959676e-06,1.630463936746376e-06,Canada,CAN,,gcp,northamerica-northeast2,Linux-6.8.0-1032-gcp-x86_64-with-glibc2.35,3.12.11,3.0.4,2,Intel(R) Xeon(R) CPU @ 2.60GHz,,,,,15.61648178100586,machine,Y,1.0
2025-08-07T12:18:11,django-benchmark,43789da4-25e5-4e54-8aaf-575291b6f443,django_SCL001_871b0de2,1.001356540014967,7.66368792447372e-08,7.6533059087617e-08,1.7272709000000002,0.0,10.0,2.402667043637191e-07,0.0,1.3903051944604766e-06,1.6305718988241957e-06,Canada,CAN,,gcp,northamerica-northeast2,Linux-6.8.0-1032-gcp-x86_64-with-glibc2.35,3.12.11,3.0.4,2,Intel(R) Xeon(R) CPU @ 2.60GHz,,,,,15.61648178100586,machine,Y,1.0
2025-08-07T12:18:14,django-benchmark,fe23fb59-9724-492e-91e2-ebbd43f17900,django_SCL001_871b0de2,1.0010937079787254,7.644887142273366e-08,7.636535003010758e-08,1.7000000000000002,0.0,10.0,2.3642399936215965e-07,0.0,1.3901477330364288e-06,1.6265717323985885e-06,Canada,CAN,,gcp,northamerica-northeast2,Linux-6.8.0-1032-gcp-x86_64-with-glibc2.35,3.12.11,3.0.4,2,Intel(R) Xeon(R) CPU @ 2.60GHz,,,,,15.61648178100586,machine,Y,1.0
2025-08-07T12:18:16,django-benchmark,0b27ad77-4cb0-4f49-b75d-24086f62a5c0,django_SCL001_871b0de2,1.0010921040084213,7.644730495114346e-08,7.636390762153127e-08,1.7000000000000002,0.0,10.0,2.364133446503224e-07,0.0,1.3901250585654956e-06,1.626538403215818e-06,Canada,CAN,,gcp,northamerica-northeast2,Linux-6.8.0-1032-gcp-x86_64-with-glibc2.35,3.12.11,3.0.4,2,Intel(R) Xeon(R) CPU @ 2.60GHz,,,,,15.61648178100586,machine,Y,1.0
2025-08-07T12:18:18,django-benchmark,3a0602bb-b481-47e5-bc3f-063f2f4d9f29,django_SCL001_871b0de2,1.001095765037462,7.645049588149413e-08,7.636681579472399e-08,1.7000000000000002,0.0,10.0,2.364238563200666e-07,0.0,1.3901824390308724e-06,1.626606295350939e-06,Canada,CAN,,gcp,northamerica-northeast2,Linux-6.8.0-1032-gcp-x86_64-with-glibc2.35,3.12.11,3.0.4,2,Intel(R) Xeon(R) CPU @ 2.60GHz,,,,,15.61648178100586,machine,Y,1.0
2025-08-07T12:18:20,django-benchmark,65a4dbfd-aa7e-46b8-adc2-9a3201449407,django_SCL001_871b0de2,1.0011001981329173,7.663158878671116e-08,7.654737151149449e-08,1.7272709000000002,0.0,10.0,2.402257219746271e-07,0.0,1.390233613912844e-06,1.6304593358874712e-06,Canada,CAN,,gcp,northamerica-northeast2,Linux-6.8.0-1032-gcp-x86_64-with-glibc2.35,3.12.11,3.0.4,2,Intel(R) Xeon(R) CPU @ 2.60GHz,,,,,15.61648178100586,machine,Y,1.0
2025-08-07T12:18:22,django-benchmark,29cde646-79c6-4563-8108-ff922d187be4,django_SCL001_871b0de2,1.001377950888127,7.645724434073137e-08,7.635203498631167e-08,1.7000000000000002,0.0,10.0,2.364694602502924e-07,0.0,1.3902804193397363e-06,1.6267498795900288e-06,Canada,CAN,,gcp,northamerica-northeast2,Linux-6.8.0-1032-gcp-x86_64-with-glibc2.35,3.12.11,3.0.4,2,Intel(R) Xeon(R) CPU @ 2.60GHz,,,,,15.61648178100586,machine,Y,1.0
2025-08-07T12:18:24,django-benchmark,caac2da6-d2b6-4585-b85c-35205f3b1120,django_SCL001_871b0de2,1.0013101699296385,7.682108575897339e-08,7.672056877677729e-08,1.7550872000000004,0.0,10.0,2.4415230065977096e-07,0.0,1.3903388857013649e-06,1.634491186361136e-06,Canada,CAN,,gcp,northamerica-northeast2,Linux-6.8.0-1032-gcp-x86_64-with-glibc2.35,3.12.11,3.0.4,2,Intel(R) Xeon(R) CPU @ 2.60GHz,,,,,15.61648178100586,machine,Y,1.0
2025-08-07T12:18:27,django-benchmark,8e9d519d-ec3b-46e4-95af-72589ab0ac46,django_SCL001_871b0de2,1.001060217153281,7.64476566361393e-08,7.636669136002008e-08,1.7000000000000002,0.0,10.0,2.364213356567133e-07,0.0,1.3901245502185906e-06,1.626545885875304e-06,Canada,CAN,,gcp,northamerica-northeast2,Linux-6.8.0-1032-gcp-x86_64-with-glibc2.35,3.12.11,3.0.4,2,Intel(R) Xeon(R) CPU @ 2.60GHz,,,,,15.61648178100586,machine,Y,1.0
2025-08-07T12:18:29,django-benchmark,d34b4d76-8876-44d8-bf1a-350b9c956fdf,django_SCL001_871b0de2,1.0012901180889455,7.681427527012503e-08,7.67153034694202e-08,1.7550872000000004,0.0,10.0,2.441155374211733e-07,0.0,1.3902307449219128e-06,1.634346282343086e-06,Canada,CAN,,gcp,northamerica-northeast2,Linux-6.8.0-1032-gcp-x86_64-with-glibc2.35,3.12.11,3.0.4,2,Intel(R) Xeon(R) CPU @ 2.60GHz,,,,,15.61648178100586,machine,Y,1.0
2025-08-07T12:18:31,django-benchmark,aa914263-7ce8-4312-b226-14c6eecdb624,django_SCL001_871b0de2,1.001454200828448,7.66449300327238e-08,7.65336347576551e-08,1.7272709000000002,0.0,10.0,2.4029639271467324e-07,0.0,1.3904467994709396e-06,1.6307431921856128e-06,Canada,CAN,,gcp,northamerica-northeast2,Linux-6.8.0-1032-gcp-x86_64-with-glibc2.35,3.12.11,3.0.4,2,Intel(R) Xeon(R) CPU @ 2.60GHz,,,,,15.61648178100586,machine,Y,1.0
2025-08-07T12:18:33,django-benchmark,b6c124fb-df4d-4f87-840f-37edb81e78b4,django_SCL001_871b0de2,1.0011441861279309,7.681385157687837e-08,7.67260626803088e-08,1.7550872000000004,0.0,10.0,2.440963537928824e-07,0.0,1.3902409138002743e-06,1.6343372675931568e-06,Canada,CAN,,gcp,northamerica-northeast2,Linux-6.8.0-1032-gcp-x86_64-with-glibc2.35,3.12.11,3.0.4,2,Intel(R) Xeon(R) CPU @ 2.60GHz,,,,,15.61648178100586,machine,Y,1.0
2025-08-07T12:18:35,django-benchmark,c9aa22ee-c475-4ce0-a653-cc34351bf340,django_SCL001_871b0de2,1.0012434860691428,7.645910498464948e-08,7.636414723138527e-08,1.7000000000000002,0.0,10.0,2.364666486650499e-07,0.0,1.3903228190934493e-06,1.6267894677584992e-06,Canada,CAN,,gcp,northamerica-northeast2,Linux-6.8.0-1032-gcp-x86_64-with-glibc2.35,3.12.11,3.0.4,2,Intel(R) Xeon(R) CPU @ 2.60GHz,,,,,15.61648178100586,machine,Y,1.0
2025-08-07T12:18:37,django-benchmark,80a3a043-ef06-466f-b357-c9952cc6c21c,django_SCL001_871b0de2,1.0014545919839293,7.646292380506769e-08,7.63518629971939e-08,1.7000000000000002,0.0,10.0,2.3650202799924765e-07,0.0,1.3903686912575117e-06,1.626870719256759e-06,Canada,CAN,,gcp,northamerica-northeast2,Linux-6.8.0-1032-gcp-x86_64-with-glibc2.35,3.12.11,3.0.4,2,Intel(R) Xeon(R) CPU @ 2.60GHz,,,,,15.61648178100586,machine,Y,1.0
2025-08-07T12:18:40,django-benchmark,e829efbe-36e3-4116-8700-fa6653615269,django_SCL001_871b0de2,1.0014317869208753,7.646204236992506e-08,7.635272154184822e-08,1.7000000000000002,0.0,10.0,2.364833878883575e-07,0.0,1.390368577429197e-06,1.6268519653175543e-06,Canada,CAN,,gcp,northamerica-northeast2,Linux-6.8.0-1032-gcp-x86_64-with-glibc2.35,3.12.11,3.0.4,2,Intel(R) Xeon(R) CPU @ 2.60GHz,,,,,15.61648178100586,machine,Y,1.0
2025-08-07T12:18:42,django-benchmark,7c8fdbee-2ba7-44da-af42-1f4b39274895,django_SCL001_871b0de2,1.0011223289184272,7.645123338617203e-08,7.636552614780546e-08,1.7000000000000002,0.0,10.0,2.364387756873233e-07,0.0,1.3901832112525071e-06,1.6266219869398304e-06,Canada,CAN,,gcp,northamerica-northeast2,Linux-6.8.0-1032-gcp-x86_64-with-glibc2.35,3.12.11,3.0.4,2,Intel(R) Xeon(R) CPU @ 2.60GHz,,,,,15.61648178100586,machine,Y,1.0
2025-08-07T12:18:44,django-benchmark,6926dfea-3769-4f6f-896d-38af08791f9e,django_SCL001_871b0de2,1.0011804380919784,7.645182849575455e-08,7.636168825017626e-08,1.7000000000000002,0.0,10.0,2.364387379752265e-07,0.0,1.390195910870615e-06,1.6266346488458415e-06,Canada,CAN,,gcp,northamerica-northeast2,Linux-6.8.0-1032-gcp-x86_64-with-glibc2.35,3.12.11,3.0.4,2,Intel(R) Xeon(R) CPU @ 2.60GHz,,,,,15.61648178100586,machine,Y,1.0
2025-08-07T12:18:46,django-benchmark,1bcd4fb7-71dd-45f1-8f36-067f9f6b2d8c,django_SCL001_871b0de2,1.0013745380565524,7.645236922754622e-08,7.634742678391189e-08,1.7000000000000002,0.0,10.0,2.364562952101955e-07,0.0,1.3901898585673834e-06,1.626646153777579e-06,Canada,CAN,,gcp,northamerica-northeast2,Linux-6.8.0-1032-gcp-x86_64-with-glibc2.35,3.12.11,3.0.4,2,Intel(R) Xeon(R) CPU @ 2.60GHz,,,,,15.61648178100586,machine,Y,1.0
2025-08-07T12:18:48,django-benchmark,e16b2db8-c3a9-4059-a1cb-1ba5bdc55eb8,django_SCL001_871b0de2,1.001458405982703,7.645786754930547e-08,7.634652332293273e-08,1.7000000000000002,0.0,10.0,2.3647246446408746e-07,0.0,1.3902906748828376e-06,1.626763139346925e-06,Canada,CAN,,gcp,northamerica-northeast2,Linux-6.8.0-1032-gcp-x86_64-with-glibc2.35,3.12.11,3.0.4,2,Intel(R) Xeon(R) CPU @ 2.60GHz,,,,,15.61648178100586,machine,Y,1.0
2025-08-07T12:18:51,django-benchmark,ae2233f6-3be0-4dd1-ba3d-a313388b89e6,django_SCL001_871b0de2,1.0012118259910494,7.663403057756614e-08,7.65412758700787e-08,1.7272709000000002,0.0,10.0,2.402405164943183e-07,0.0,1.3902707723900677e-06,1.630511288884386e-06,Canada,CAN,,gcp,northamerica-northeast2,Linux-6.8.0-1032-gcp-x86_64-with-glibc2.35,3.12.11,3.0.4,2,Intel(R) Xeon(R) CPU @ 2.60GHz,,,,,15.61648178100586,machine,Y,1.0
2025-08-07T12:18:53,django-benchmark,52c18938-2a58-4f87-8088-03d429cf16af,django_SCL001_871b0de2,1.001219849102199,7.64526845032233e-08,7.635953739009364e-08,1.7000000000000002,0.0,10.0,2.3643347510369495e-07,0.0,1.390219386667013e-06,1.6266528617707083e-06,Canada,CAN,,gcp,northamerica-northeast2,Linux-6.8.0-1032-gcp-x86_64-with-glibc2.35,3.12.11,3.0.4,2,Intel(R) Xeon(R) CPU @ 2.60GHz,,,,,15.61648178100586,machine,Y,1.0
2025-08-07T12:18:57,django-benchmark,846f8475-a229-4fb1-8578-d0d61b6ba08f,django_SCL001_871b0de2,1.0015176499728111,7.64590609246257e-08,7.634319867123797e-08,1.7000000000000002,0.0,10.0,2.3647060777552225e-07,0.0,1.3903179225356628e-06,1.626788530311185e-06,Canada,CAN,,gcp,northamerica-northeast2,Linux-6.8.0-1032-gcp-x86_64-with-glibc2.35,3.12.11,3.0.4,2,Intel(R) Xeon(R) CPU @ 2.60GHz,,,,,15.61648178100586,machine,Y,1.0
2025-08-07T12:18:59,django-benchmark,758c67b8-e6d8-4e33-968c-e99f0b32745c,django_SCL001_871b0de2,1.001400648150593,7.645736535798968e-08,7.63504252760298e-08,1.7000000000000002,0.0,10.0,2.364622206271937e-07,0.0,1.390290233798118e-06,1.6267524544253117e-06,Canada,CAN,,gcp,northamerica-northeast2,Linux-6.8.0-1032-gcp-x86_64-with-glibc2.35,3.12.11,3.0.4,2,Intel(R) Xeon(R) CPU @ 2.60GHz,,,,,15.61648178100586,machine,Y,1.0
2025-08-07T12:19:01,django-benchmark,feefd2d6-bda1-4a1c-b755-a8412a2559fc,django_SCL001_871b0de2,1.001438386971131,7.683064671004835e-08,7.672029323983082e-08,1.7550872000000004,0.0,10.0,2.4416963849254564e-07,0.0,1.3905249723595465e-06,1.6346946108520922e-06,Canada,CAN,,gcp,northamerica-northeast2,Linux-6.8.0-1032-gcp-x86_64-with-glibc2.35,3.12.11,3.0.4,2,Intel(R) Xeon(R) CPU @ 2.60GHz,,,,,15.61648178100586,machine,Y,1.0
2025-08-07T12:19:03,django-benchmark,287aecbd-b48e-4dba-a3bf-7d572273ceae,django_SCL001_871b0de2,1.0013261889107523,7.663168493956076e-08,7.653019144832423e-08,1.7272709000000002,0.0,10.0,2.4024234297823084e-07,0.0,1.3902190387145514e-06,1.6304613816927822e-06,Canada,CAN,,gcp,northamerica-northeast2,Linux-6.8.0-1032-gcp-x86_64-with-glibc2.35,3.12.11,3.0.4,2,Intel(R) Xeon(R) CPU @ 2.60GHz,,,,,15.61648178100586,machine,Y,1.0
2025-08-07T12:19:05,django-benchmark,dd1811b2-58de-477a-b8dc-541a92093284,django_SCL001_871b0de2,1.001303842989728,7.644365827538745e-08,7.634411753293518e-08,1.7000000000000002,0.0,10.0,2.3642182294538042e-07,0.0,1.3900389914245654e-06,1.6264608143699458e-06,Canada,CAN,,gcp,northamerica-northeast2,Linux-6.8.0-1032-gcp-x86_64-with-glibc2.35,3.12.11,3.0.4,2,Intel(R) Xeon(R) CPU @ 2.60GHz,,,,,15.61648178100586,machine,Y,1.0
2025-08-07T12:19:07,django-benchmark,eaab0f02-b0bf-4ce6-99c0-d48fe95c0474,django_SCL001_871b0de2,1.001206876942888,7.64486117693143e-08,7.635645891960365e-08,1.7000000000000002,0.0,10.0,2.364316413942208e-07,0.0,1.3901345664635302e-06,1.6265662078577508e-06,Canada,CAN,,gcp,northamerica-northeast2,Linux-6.8.0-1032-gcp-x86_64-with-glibc2.35,3.12.11,3.0.4,2,Intel(R) Xeon(R) CPU @ 2.60GHz,,,,,15.61648178100586,machine,Y,1.0
2025-08-07T12:19:10,django-benchmark,f2a9c29e-022d-4364-a660-8547333a736e,django_SCL001_871b0de2,1.0012612440623343,7.662925019904567e-08,7.653272375563461e-08,1.7272709000000002,0.0,10.0,2.402312400785624e-07,0.0,1.3901783386245371e-06,1.6304095787030995e-06,Canada,CAN,,gcp,northamerica-northeast2,Linux-6.8.0-1032-gcp-x86_64-with-glibc2.35,3.12.11,3.0.4,2,Intel(R) Xeon(R) CPU @ 2.60GHz,,,,,15.61648178100586,machine,Y,1.0
2025-08-07T12:19:12,django-benchmark,0ec0a6f6-0bd4-4192-9e25-c6e4cf4cce98,django_SCL001_871b0de2,1.001450801966712,7.058485980820842e-08,7.048260350841944e-08,0.8,0.0,10.0,1.1130422529660993e-07,0.0,1.390501302537612e-06,1.5018055278342218e-06,Canada,CAN,,gcp,northamerica-northeast2,Linux-6.8.0-1032-gcp-x86_64-with-glibc2.35,3.12.11,3.0.4,2,Intel(R) Xeon(R) CPU @ 2.60GHz,,,,,15.61648178100586,machine,Y,1.0
2025-08-07T12:19:12,django-benchmark,cf7fa716-64f8-454d-b346-9f3a1c89c903,django_SCL001_871b0de2,1.0013746279291809,7.35198719612928e-08,7.341894822453226e-08,1.2471137792000002,0.0,10.0,1.735356866802252e-07,0.0,1.3907169082408977e-06,1.564252594921123e-06,Canada,CAN,,gcp,northamerica-northeast2,Linux-6.8.0-1032-gcp-x86_64-with-glibc2.35,3.12.11,3.0.4,2,Intel(R) Xeon(R) CPU @ 2.60GHz,,,,,15.61648178100586,machine,Y,1.0
2025-08-07T12:19:14,django-benchmark,2bd06e6f-709f-4414-a93e-9049b240ea07,django_SCL001_871b0de2,1.001115801045671,7.645688659085943e-08,7.637167100049742e-08,1.7000000000000002,0.0,10.0,2.3644682903411906e-07,0.0,1.3902954388565072e-06,1.6267422678906265e-06,Canada,CAN,,gcp,northamerica-northeast2,Linux-6.8.0-1032-gcp-x86_64-with-glibc2.35,3.12.11,3.0.4,2,Intel(R) Xeon(R) CPU @ 2.60GHz,,,,,15.61648178100586,machine,Y,1.0
2025-08-07T12:19:16,django-benchmark,a545133b-7796-47f0-b822-549caa4d17b6,django_SCL001_871b0de2,1.0010720791760832,7.680878106674946e-08,7.67265241579465e-08,1.7550872000000004,0.0,10.0,2.440765510778965e-07,0.0,1.3901528333210282e-06,1.6342293843989248e-06,Canada,CAN,,gcp,northamerica-northeast2,Linux-6.8.0-1032-gcp-x86_64-with-glibc2.35,3.12.11,3.0.4,2,Intel(R) Xeon(R) CPU @ 2.60GHz,,,,,15.61648178100586,machine,Y,1.0
2025-08-07T12:19:19,django-benchmark,36fb249e-315b-4fca-984d-3938e8b40886,django_SCL001_871b0de2,1.0010952141601592,7.69985645081113e-08,7.691432684822799e-08,1.7834543000000005,0.0,10.0,2.480401350584661e-07,0.0,1.3902271949013487e-06,1.6382673299598148e-06,Canada,CAN,,gcp,northamerica-northeast2,Linux-6.8.0-1032-gcp-x86_64-with-glibc2.35,3.12.11,3.0.4,2,Intel(R) Xeon(R) CPU @ 2.60GHz,,,,,15.61648178100586,machine,Y,1.0
2025-08-07T12:19:21,django-benchmark,ec529c99-94f5-44fe-a279-618c27678128,django_SCL001_871b0de2,1.001427159877494,7.058876778795903e-08,7.04881699000397e-08,0.8,0.0,10.0,1.1131550997702621e-07,0.0,1.3905731663625275e-06,1.5018886763395537e-06,Canada,CAN,,gcp,northamerica-northeast2,Linux-6.8.0-1032-gcp-x86_64-with-glibc2.35,3.12.11,3.0.4,2,Intel(R) Xeon(R) CPU @ 2.60GHz,,,,,15.61648178100586,machine,Y,1.0
2025-08-07T12:19:23,django-benchmark,9411d15f-3af8-49a3-8ecd-5eab0d78f98c,django_SCL001_871b0de2,1.0015233478043228,7.060909072933203e-08,7.050169213142257e-08,0.8,0.0,10.0,1.1134653817862273e-07,0.0,1.390974541168867e-06,1.5023210793474897e-06,Canada,CAN,,gcp,northamerica-northeast2,Linux-6.8.0-1032-gcp-x86_64-with-glibc2.35,3.12.11,3.0.4,2,Intel(R) Xeon(R) CPU @ 2.60GHz,,,,,15.61648178100586,machine,Y,1.0
2025-08-07T12:19:33,django-benchmark,45f18e40-df4d-44b5-9291-ae7f86b2816c,django_SCL001_871b0de2,1.001244873041287,7.646440905802107e-08,7.636933892681017e-08,1.7000000000000002,0.0,10.0,2.364758315056357e-07,0.0,1.3904264888777917e-06,1.626902320383427e-06,Canada,CAN,,gcp,northamerica-northeast2,Linux-6.8.0-1032-gcp-x86_64-with-glibc2.35,3.12.11,3.0.4,2,Intel(R) Xeon(R) CPU @ 2.60GHz,,,,,15.61648178100586,machine,Y,1.0
2025-08-07T12:19:35,django-benchmark,d7c7f382-953c-49d1-9875-46990bfb403e,django_SCL001_871b0de2,1.001174194039777,7.645787608183714e-08,7.636820499070859e-08,1.7000000000000002,0.0,10.0,2.3644888175961882e-07,0.0,1.390314439130533e-06,1.6267633208901518e-06,Canada,CAN,,gcp,northamerica-northeast2,Linux-6.8.0-1032-gcp-x86_64-with-glibc2.35,3.12.11,3.0.4,2,Intel(R) Xeon(R) CPU @ 2.60GHz,,,,,15.61648178100586,machine,Y,1.0
2025-08-07T12:19:37,django-benchmark,5dace080-728d-45a6-9f77-8636dbace948,django_SCL001_871b0de2,1.0011121209245175,7.69994960050998e-08,7.691395838259504e-08,1.7834543000000005,0.0,10.0,2.480419214099768e-07,0.0,1.3902452276347e-06,1.6382871490446769e-06,Canada,CAN,,gcp,northamerica-northeast2,Linux-6.8.0-1032-gcp-x86_64-with-glibc2.35,3.12.11,3.0.4,2,Intel(R) Xeon(R) CPU @ 2.60GHz,,,,,15.61648178100586,machine,Y,1.0
2025-08-07T12:19:39,django-benchmark,0271bc11-4cb3-4274-b537-2c9b3a2b7faf,django_SCL001_871b0de2,1.001183213898912,7.645156452469786e-08,7.636121287628489e-08,1.7000000000000002,0.0,10.0,2.364289629557688e-07,0.0,1.3902000694846112e-06,1.62662903244038e-06,Canada,CAN,,gcp,northamerica-northeast2,Linux-6.8.0-1032-gcp-x86_64-with-glibc2.35,3.12.11,3.0.4,2,Intel(R) Xeon(R) CPU @ 2.60GHz,,,,,15.61648178100586,machine,Y,1.0
2025-08-07T12:19:42,django-benchmark,7500091f-318e-469e-8ba3-9da429e65e0a,django_SCL001_871b0de2,1.0012224710080773,7.646382885316336e-08,7.637046816995232e-08,1.7000000000000002,0.0,10.0,2.364746981636725e-07,0.0,1.3904152774355478e-06,1.6268899755992203e-06,Canada,CAN,,gcp,northamerica-northeast2,Linux-6.8.0-1032-gcp-x86_64-with-glibc2.35,3.12.11,3.0.4,2,Intel(R) Xeon(R) CPU @ 2.60GHz,,,,,15.61648178100586,machine,Y,1.0
2025-08-07T12:19:44,django-benchmark,a617c06f-205a-4053-a763-17c4056bcaf0,django_SCL001_871b0de2,1.0011279950849712,7.64541941321028e-08,7.636805134553621e-08,1.7000000000000002,0.0,10.0,2.3644058432869825e-07,0.0,1.390244397205404e-06,1.6266849815341022e-06,Canada,CAN,,gcp,northamerica-northeast2,Linux-6.8.0-1032-gcp-x86_64-with-glibc2.35,3.12.11,3.0.4,2,Intel(R) Xeon(R) CPU @ 2.60GHz,,,,,15.61648178100586,machine,Y,1.0
2025-08-07T12:19:46,django-benchmark,fa68a30e-f1f2-4044-a3b7-7c115e860784,django_SCL001_871b0de2,1.0011323080398142,7.645187886748078e-08,7.636540970011361e-08,1.7000000000000002,0.0,10.0,2.3644125391082425e-07,0.0,1.3901944666738726e-06,1.6266357205846969e-06,Canada,CAN,,gcp,northamerica-northeast2,Linux-6.8.0-1032-gcp-x86_64-with-glibc2.35,3.12.11,3.0.4,2,Intel(R) Xeon(R) CPU @ 2.60GHz,,,,,15.61648178100586,machine,Y,1.0
2025-08-07T12:19:48,django-benchmark,3f867778-01ab-43af-ab47-8bfcf67ebd7e,django_SCL001_871b0de2,1.0011157870758325,7.645483789140255e-08,7.6369625650116e-08,1.7000000000000002,0.0,10.0,2.3643950629048055e-07,0.0,1.3902591722499992e-06,1.6266986785404798e-06,Canada,CAN,,gcp,northamerica-northeast2,Linux-6.8.0-1032-gcp-x86_64-with-glibc2.35,3.12.11,3.0.4,2,Intel(R) Xeon(R) CPU @ 2.60GHz,,,,,15.61648178100586,machine,Y,1.0
2025-08-07T12:19:50,django-benchmark,ec6d5d4e-8a29-4a05-985a-6dde5a4de36b,django_SCL001_871b0de2,1.0010945568792522,7.645219788081401e-08,7.636860809546422e-08,1.7000000000000002,0.0,10.0,2.36432022033518e-07,0.0,1.3902104860689078e-06,1.6266425081024258e-06,Canada,CAN,,gcp,northamerica-northeast2,Linux-6.8.0-1032-gcp-x86_64-with-glibc2.35,3.12.11,3.0.4,2,Intel(R) Xeon(R) CPU @ 2.60GHz,,,,,15.61648178100586,machine,Y,1.0
2025-08-07T12:22:58,django-benchmark,cd6ee868-2d1f-41c1-b863-c0a87505cea1,django_SCL001_871b0de2,1.0011639271397144,7.645070155289594e-08,7.636182195588346e-08,1.7000000000000002,0.0,10.0,2.364261575276033e-07,0.0,1.390184513810608e-06,1.6266106713382114e-06,Canada,CAN,,gcp,northamerica-northeast2,Linux-6.8.0-1032-gcp-x86_64-with-glibc2.35,3.12.11,3.0.4,2,Intel(R) Xeon(R) CPU @ 2.60GHz,,,,,15.61648178100586,machine,Y,1.0
2025-08-07T12:23:00,django-benchmark,875ec1aa-b6f9-41f0-a95d-ad69a1e8d9a1,django_SCL001_871b0de2,1.0011499118991196,7.663003766997371e-08,7.654202108914064e-08,1.7272709000000002,0.0,10.0,2.402240804850485e-07,0.0,1.3902022529186474e-06,1.630426333403696e-06,Canada,CAN,,gcp,northamerica-northeast2,Linux-6.8.0-1032-gcp-x86_64-with-glibc2.35,3.12.11,3.0.4,2,Intel(R) Xeon(R) CPU @ 2.60GHz,,,,,15.61648178100586,machine,Y,1.0
2025-08-07T12:23:02,django-benchmark,72897f43-f4bd-42f2-98c2-b6631aae578b,django_SCL001_871b0de2,1.0011968109756708,7.645248190833567e-08,7.636109211517801e-08,1.7000000000000002,0.0,10.0,2.364302737534874e-07,0.0,1.390218277487697e-06,1.6266485512411844e-06,Canada,CAN,,gcp,northamerica-northeast2,Linux-6.8.0-1032-gcp-x86_64-with-glibc2.35,3.12.11,3.0.4,2,Intel(R) Xeon(R) CPU @ 2.60GHz,,,,,15.61648178100586,machine,Y,1.0
2025-08-07T12:23:59,django-benchmark,a38b2254-01ca-4bb4-badf-352022fe9631,django_SCL001_871b0de2,1.0011795528698713,7.700552999839369e-08,7.691480491951529e-08,1.7834543000000005,0.0,10.0,2.480690293835449e-07,0.0,1.3903465024971717e-06,1.6384155318807164e-06,Canada,CAN,,gcp,northamerica-northeast2,Linux-6.8.0-1032-gcp-x86_64-with-glibc2.35,3.12.11,3.0.4,2,Intel(R) Xeon(R) CPU @ 2.60GHz,,,,,15.61648178100586,machine,Y,1.0
2025-08-07T12:24:01,django-benchmark,c0bec3e7-f78b-4090-867b-74c70ea8fa4e,django_SCL001_871b0de2,1.001147948903963,7.700091905803217e-08,7.69126272918316e-08,1.7834543000000005,0.0,10.0,2.4804836309479764e-07,0.0,1.390269063671844e-06,1.6383174267666416e-06,Canada,CAN,,gcp,northamerica-northeast2,Linux-6.8.0-1032-gcp-x86_64-with-glibc2.35,3.12.11,3.0.4,2,Intel(R) Xeon(R) CPU @ 2.60GHz,,,,,15.61648178100586,machine,Y,1.0
2025-08-07T12:24:03,django-benchmark,3828c848-a68b-441d-a915-9e32dc61d949,django_SCL001_871b0de2,1.0011522700078783,7.056808843062684e-08,7.048686852607497e-08,0.8000576,0.0,10.0,1.1126730648138208e-07,0.0,1.3901813835319546e-06,1.501448690013337e-06,Canada,CAN,,gcp,northamerica-northeast2,Linux-6.8.0-1032-gcp-x86_64-with-glibc2.35,3.12.11,3.0.4,2,Intel(R) Xeon(R) CPU @ 2.60GHz,,,,,15.61648178100586,machine,Y,1.0
2025-08-07T12:24:04,django-benchmark,09787e3c-d567-4c1c-a18c-8dd3180b07d8,django_SCL001_871b0de2,1.0011417879723012,7.718684808236848e-08,7.709881757977726e-08,1.8123776000000005,0.0,10.0,2.520695111188293e-07,0.0,1.390203852335819e-06,1.6422733634546485e-06,Canada,CAN,,gcp,northamerica-northeast2,Linux-6.8.0-1032-gcp-x86_64-with-glibc2.35,3.12.11,3.0.4,2,Intel(R) Xeon(R) CPU @ 2.60GHz,,,,,15.61648178100586,machine,Y,1.0
2025-08-07T12:24:05,django-benchmark,9fcde682-04ee-4016-ae00-20b9b951d3be,django_SCL001_871b0de2,1.001175010111183,7.056417440665912e-08,7.048135809824377e-08,0.8001944000000001,0.0,10.0,1.1128527642783085e-07,0.0,1.39008013647981e-06,1.501365412907641e-06,Canada,CAN,,gcp,northamerica-northeast2,Linux-6.8.0-1032-gcp-x86_64-with-glibc2.35,3.12.11,3.0.4,2,Intel(R) Xeon(R) CPU @ 2.60GHz,,,,,15.61648178100586,machine,Y,1.0
2025-08-07T12:24:06,django-benchmark,7971f5c8-c05f-442b-b5ed-6d1e06261dc3,django_SCL001_871b0de2,1.001109518809244,7.6990846880344e-08,7.690551876074427e-08,1.7834543000000005,0.0,10.0,2.480087976061612e-07,0.0,1.3900943275075408e-06,1.638103125113702e-06,Canada,CAN,,gcp,northamerica-northeast2,Linux-6.8.0-1032-gcp-x86_64-with-glibc2.35,3.12.11,3.0.4,2,Intel(R) Xeon(R) CPU @ 2.60GHz,,,,,15.61648178100586,machine,Y,1.0
2025-08-07T12:24:07,django-benchmark,6d150982-9e26-4414-8451-86aff61091dc,django_SCL001_871b0de2,1.0011502348352224,7.057524244534206e-08,7.049415760957987e-08,0.8004608000000001,0.0,10.0,1.1133143972793557e-07,0.0,1.3902694633644488e-06,1.5016009030923843e-06,Canada,CAN,,gcp,northamerica-northeast2,Linux-6.8.0-1032-gcp-x86_64-with-glibc2.35,3.12.11,3.0.4,2,Intel(R) Xeon(R) CPU @ 2.60GHz,,,,,15.61648178100586,machine,Y,1.0
2025-08-07T12:24:08,django-benchmark,a5647f28-786e-4606-978b-78562b693fa6,django_SCL001_871b0de2,1.0010822140611708,7.662574989871424e-08,7.654291408081297e-08,1.7272709000000002,0.0,10.0,2.4020472936276975e-07,0.0,1.3901303748651924e-06,1.630335104227962e-06,Canada,CAN,,gcp,northamerica-northeast2,Linux-6.8.0-1032-gcp-x86_64-with-glibc2.35,3.12.11,3.0.4,2,Intel(R) Xeon(R) CPU @ 2.60GHz,,,,,15.61648178100586,machine,Y,1.0
2025-08-07T12:24:09,django-benchmark,f38d3148-9402-404e-b547-0aa5578f3cb8,django_SCL001_871b0de2,1.0012416099198165,7.058189565692146e-08,7.049436914889501e-08,0.8009000000000002,0.0,10.0,1.1139847221259133e-07,0.0,1.3903439885729716e-06,1.501742460785563e-06,Canada,CAN,,gcp,northamerica-northeast2,Linux-6.8.0-1032-gcp-x86_64-with-glibc2.35,3.12.11,3.0.4,2,Intel(R) Xeon(R) CPU @ 2.60GHz,,,,,15.61648178100586,machine,Y,1.0
2025-08-07T12:24:10,django-benchmark,0835a9cb-72d0-4052-97e2-0c515c0fe4d9,django_SCL001_871b0de2,1.0011249219533056,7.681310966154877e-08,7.67267980020694e-08,1.7550872000000004,0.0,10.0,2.44090496647034e-07,0.0,1.3902309855135778e-06,1.6343214821606118e-06,Canada,CAN,,gcp,northamerica-northeast2,Linux-6.8.0-1032-gcp-x86_64-with-glibc2.35,3.12.11,3.0.4,2,Intel(R) Xeon(R) CPU @ 2.60GHz,,,,,15.61648178100586,machine,Y,1.0
2025-08-07T12:24:12,django-benchmark,265498d6-4bc9-4b04-bab0-c365bfe47ef1,django_SCL001_871b0de2,1.0011820499785244,7.058170569878531e-08,7.049837309837838e-08,0.8009550872000001,0.0,10.0,1.1140689151681829e-07,0.0,1.3903315276062735e-06,1.5017384191230918e-06,Canada,CAN,,gcp,northamerica-northeast2,Linux-6.8.0-1032-gcp-x86_64-with-glibc2.35,3.12.11,3.0.4,2,Intel(R) Xeon(R) CPU @ 2.60GHz,,,,,15.61648178100586,machine,Y,1.0
2025-08-07T12:24:12,django-benchmark,b12889db-41de-4cdd-bdc4-72301b0bf5ad,django_SCL001_871b0de2,1.0011363958474249,7.680916369306376e-08,7.672197715681654e-08,1.7550872000000004,0.0,10.0,2.441020036684145e-07,0.0,1.390135521715921e-06,1.6342375253843353e-06,Canada,CAN,,gcp,northamerica-northeast2,Linux-6.8.0-1032-gcp-x86_64-with-glibc2.35,3.12.11,3.0.4,2,Intel(R) Xeon(R) CPU @ 2.60GHz,,,,,15.61648178100586,machine,Y,1.0
2025-08-07T12:24:14,django-benchmark,f2ed28aa-7692-4bb9-8dba-5181cbedbc04,django_SCL001_871b0de2,1.0012658881023526,7.059918341324768e-08,7.050992573715924e-08,0.8025769592,0.0,10.0,1.116414045177654e-07,0.0,1.390468880870483e-06,1.5021102853882485e-06,Canada,CAN,,gcp,northamerica-northeast2,Linux-6.8.0-1032-gcp-x86_64-with-glibc2.35,3.12.11,3.0.4,2,Intel(R) Xeon(R) CPU @ 2.60GHz,,,,,15.61648178100586,machine,Y,1.0
2025-08-07T12:24:14,django-benchmark,a46bf369-d650-4c22-bb1c-ed615b1c3274,django_SCL001_871b0de2,1.00113190500997,7.69843376014349e-08,7.68972971655201e-08,1.7834543000000005,0.0,10.0,2.479894630933901e-07,0.0,1.3899751667243738e-06,1.637964629817764e-06,Canada,CAN,,gcp,northamerica-northeast2,Linux-6.8.0-1032-gcp-x86_64-with-glibc2.35,3.12.11,3.0.4,2,Intel(R) Xeon(R) CPU @ 2.60GHz,,,,,15.61648178100586,machine,Y,1.0
2025-08-07T12:24:16,django-benchmark,751be750-6def-4e17-9c00-81d2e8599407,django_SCL001_871b0de2,1.001194158103317,7.059804193256878e-08,7.05138372624059e-08,0.8036864,0.0,10.0,1.1178036237334544e-07,0.0,1.3903056361919476e-06,1.502085998565293e-06,Canada,CAN,,gcp,northamerica-northeast2,Linux-6.8.0-1032-gcp-x86_64-with-glibc2.35,3.12.11,3.0.4,2,Intel(R) Xeon(R) CPU @ 2.60GHz,,,,,15.61648178100586,machine,Y,1.0
2025-08-07T12:24:16,django-benchmark,d367a778-8405-41cc-80b8-fbb3fa50c248,django_SCL001_871b0de2,1.0015801780391484,7.706863411995373e-08,7.69470440907042e-08,1.7834543000000005,0.0,10.0,2.4826243114576135e-07,0.0,1.3914957416192112e-06,1.6397581727649729e-06,Canada,CAN,,gcp,northamerica-northeast2,Linux-6.8.0-1032-gcp-x86_64-with-glibc2.35,3.12.11,3.0.4,2,Intel(R) Xeon(R) CPU @ 2.60GHz,,,,,15.61648178100586,machine,Y,1.0
2025-08-07T12:24:18,django-benchmark,eebe610e-9db2-4456-83bf-46414e83153a,django_SCL001_871b0de2,1.0011580511927605,7.060821904894125e-08,7.052654569857373e-08,0.8054257112000001,0.0,10.0,1.1202793567605513e-07,0.0,1.3902745972801412e-06,1.5023025329561963e-06,Canada,CAN,,gcp,northamerica-northeast2,Linux-6.8.0-1032-gcp-x86_64-with-glibc2.35,3.12.11,3.0.4,2,Intel(R) Xeon(R) CPU @ 2.60GHz,,,,,15.61648178100586,machine,Y,1.0
2025-08-07T12:24:19,django-benchmark,032264fa-571a-4479-9b58-19c748813865,django_SCL001_871b0de2,1.0020705270580947,7.696099053082689e-08,7.680196997388097e-08,1.7550872000000004,0.0,10.0,2.4455839758089575e-07,0.0,1.3929094860537186e-06,1.6374678836346143e-06,Canada,CAN,,gcp,northamerica-northeast2,Linux-6.8.0-1032-gcp-x86_64-with-glibc2.35,3.12.11,3.0.4,2,Intel(R) Xeon(R) CPU @ 2.60GHz,,,,,15.61648178100586,machine,Y,1.0
2025-08-07T12:24:20,django-benchmark,a5d1fdbe-80b6-429d-af95-7563e4b8afe9,django_SCL001_871b0de2,1.0011412061285228,7.060505810796901e-08,7.052457503073248e-08,0.8052488000000001,0.0,10.0,1.1199813694911084e-07,0.0,1.3902371419438471e-06,1.502235278892958e-06,Canada,CAN,,gcp,northamerica-northeast2,Linux-6.8.0-1032-gcp-x86_64-with-glibc2.35,3.12.11,3.0.4,2,Intel(R) Xeon(R) CPU @ 2.60GHz,,,,,15.61648178100586,machine,Y,1.0
2025-08-07T12:24:21,django-benchmark,2593ffc0-6216-469b-b6aa-92c8ed19b946,django_SCL001_871b0de2,1.0024652269203216,7.664876107620593e-08,7.646026916233191e-08,1.7000000000000002,0.0,10.0,2.370588620607224e-07,0.0,1.39376584168834e-06,1.6308247037490624e-06,Canada,CAN,,gcp,northamerica-northeast2,Linux-6.8.0-1032-gcp-x86_64-with-glibc2.35,3.12.11,3.0.4,2,Intel(R) Xeon(R) CPU @ 2.60GHz,,,,,15.61648178100586,machine,Y,1.0
2025-08-07T12:24:22,django-benchmark,d59dd774-bcd5-4286-9351-751eabbab408,django_SCL001_871b0de2,1.0012312470935285,7.062039482126515e-08,7.053355059210239e-08,0.8072,0.0,10.0,1.1226956987499985e-07,0.0,1.3902920220668118e-06,1.5025615919418116e-06,Canada,CAN,,gcp,northamerica-northeast2,Linux-6.8.0-1032-gcp-x86_64-with-glibc2.35,3.12.11,3.0.4,2,Intel(R) Xeon(R) CPU @ 2.60GHz,,,,,15.61648178100586,machine,Y,1.0
2025-08-07T12:24:23,django-benchmark,f4d09640-85c1-4517-92d5-23b6e319cc2e,django_SCL001_871b0de2,1.0010960749350488,7.644280098028766e-08,7.635910567849074e-08,1.7000000000000002,0.0,10.0,2.3639868541956985e-07,0.0,1.390043888629104e-06,1.6264425740486738e-06,Canada,CAN,,gcp,northamerica-northeast2,Linux-6.8.0-1032-gcp-x86_64-with-glibc2.35,3.12.11,3.0.4,2,Intel(R) Xeon(R) CPU @ 2.60GHz,,,,,15.61648178100586,machine,Y,1.0
2025-08-07T12:24:24,django-benchmark,a3c112fe-3244-4fd7-b0f1-00ca37029ac2,django_SCL001_871b0de2,1.0012154229916632,7.066148270731669e-08,7.057570337478217e-08,0.8124416000000001,0.0,10.0,1.1300975772402025e-07,0.0,1.390426044559313e-06,1.5034358022833335e-06,Canada,CAN,,gcp,northamerica-northeast2,Linux-6.8.0-1032-gcp-x86_64-with-glibc2.35,3.12.11,3.0.4,2,Intel(R) Xeon(R) CPU @ 2.60GHz,,,,,15.61648178100586,machine,Y,1.0
2025-08-07T12:24:25,django-benchmark,b1548922-f715-47cf-9023-d69fe80a2ba4,django_SCL001_871b0de2,1.0011722550261766,7.663467379685518e-08,7.654494360198935e-08,1.7272709000000002,0.0,10.0,2.4023861270601025e-07,0.0,1.3902863616951638e-06,1.630524974401174e-06,Canada,CAN,,gcp,northamerica-northeast2,Linux-6.8.0-1032-gcp-x86_64-with-glibc2.35,3.12.11,3.0.4,2,Intel(R) Xeon(R) CPU @ 2.60GHz,,,,,15.61648178100586,machine,Y,1.0
2025-08-07T12:24:27,django-benchmark,a7609e9e-9db6-4685-838f-9a65c2223b83,django_SCL001_871b0de2,1.0011373138986528,7.065397558901748e-08,7.057371112647384e-08,0.8124416000000001,0.0,10.0,1.1299919863512782e-07,0.0,1.3902768777269458e-06,1.5032760763620737e-06,Canada,CAN,,gcp,northamerica-northeast2,Linux-6.8.0-1032-gcp-x86_64-with-glibc2.35,3.12.11,3.0.4,2,Intel(R) Xeon(R) CPU @ 2.60GHz,,,,,15.61648178100586,machine,Y,1.0
2025-08-07T12:24:27,django-benchmark,ee601ad1-d0fb-45fd-a4f6-0df326d2431b,django_SCL001_871b0de2,1.0011514939833432,7.645493059992764e-08,7.636699446527487e-08,1.7000000000000002,0.0,10.0,2.364478202135717e-07,0.0,1.3902528308487188e-06,1.6267006510622903e-06,Canada,CAN,,gcp,northamerica-northeast2,Linux-6.8.0-1032-gcp-x86_64-with-glibc2.35,3.12.11,3.0.4,2,Intel(R) Xeon(R) CPU @ 2.60GHz,,,,,15.61648178100586,machine,Y,1.0
2025-08-07T12:24:29,django-benchmark,8fcf77eb-b4b8-4eac-9d24-8ffeea7b2462,django_SCL001_871b0de2,1.0011623399332166,7.0700171643817e-08,7.061808941847845e-08,0.8197568000000001,0.0,10.0,1.1401929652119389e-07,0.0,1.3902396746238486e-06,1.5042589711450426e-06,Canada,CAN,,gcp,northamerica-northeast2,Linux-6.8.0-1032-gcp-x86_64-with-glibc2.35,3.12.11,3.0.4,2,Intel(R) Xeon(R) CPU @ 2.60GHz,,,,,15.61648178100586,machine,Y,1.0
2025-08-07T12:24:29,django-benchmark,1c04752b-1e70-4cba-bb0f-6da4cc6c8b83,django_SCL001_871b0de2,1.0011324579827487,7.64552810076275e-08,7.636879655433662e-08,1.7000000000000002,0.0,10.0,2.364399340973857e-07,0.0,1.39026817244788e-06,1.6267081065452658e-06,Canada,CAN,,gcp,northamerica-northeast2,Linux-6.8.0-1032-gcp-x86_64-with-glibc2.35,3.12.11,3.0.4,2,Intel(R) Xeon(R) CPU @ 2.60GHz,,,,,15.61648178100586,machine,Y,1.0
2025-08-07T12:24:31,django-benchmark,b8e46b75-01dd-46a3-9683-e6f48ad1770c,django_SCL001_871b0de2,1.0011718259193003,7.073225976016919e-08,7.06494708790083e-08,0.8243,0.0,10.0,1.146492778524666e-07,0.0,1.3902924191724095e-06,1.504941697024876e-06,Canada,CAN,,gcp,northamerica-northeast2,Linux-6.8.0-1032-gcp-x86_64-with-glibc2.35,3.12.11,3.0.4,2,Intel(R) Xeon(R) CPU @ 2.60GHz,,,,,15.61648178100586,machine,Y,1.0
2025-08-07T12:24:31,django-benchmark,dae85546-ec8b-4721-bda6-7e79bce3f7e3,django_SCL001_871b0de2,1.001137614948675,7.627989004357024e-08,7.619321150717213e-08,1.6732691000000002,0.0,10.0,2.3271780860765082e-07,0.0,1.390258575298099e-06,1.62297638390575e-06,Canada,CAN,,gcp,northamerica-northeast2,Linux-6.8.0-1032-gcp-x86_64-with-glibc2.35,3.12.11,3.0.4,2,Intel(R) Xeon(R) CPU @ 2.60GHz,,,,,15.61648178100586,machine,Y,1.0
2025-08-07T12:24:33,django-benchmark,6e55bda5-7451-42f2-8115-83c8583ad1dc,django_SCL001_871b0de2,1.0011561349965632,7.074214113062445e-08,7.066044811368738e-08,0.8252850176000001,0.0,10.0,1.1479129716469765e-07,0.0,1.390360641784759e-06,1.5051519389494563e-06,Canada,CAN,,gcp,northamerica-northeast2,Linux-6.8.0-1032-gcp-x86_64-with-glibc2.35,3.12.11,3.0.4,2,Intel(R) Xeon(R) CPU @ 2.60GHz,,,,,15.61648178100586,machine,Y,1.0
2025-08-07T12:24:34,django-benchmark,76a3fa66-3d31-4132-9de4-ba4cd8831a0f,django_SCL001_871b0de2,1.0011394890025258,7.645489847784889e-08,7.636787812058425e-08,1.7000000000000002,0.0,10.0,2.364402094066868e-07,0.0,1.3902597582071192e-06,1.626699967613806e-06,Canada,CAN,,gcp,northamerica-northeast2,Linux-6.8.0-1032-gcp-x86_64-with-glibc2.35,3.12.11,3.0.4,2,Intel(R) Xeon(R) CPU @ 2.60GHz,,,,,15.61648178100586,machine,Y,1.0
2025-08-07T12:24:35,django-benchmark,4f84ecb0-2e27-495f-893d-3d66ecc8e190,django_SCL001_871b0de2,1.0012320301029831,7.07775532105185e-08,7.069046043526852e-08,0.8306110016,0.0,10.0,1.155449681556965e-07,0.0,1.390360419302144e-06,1.5059053874578406e-06,Canada,CAN,,gcp,northamerica-northeast2,Linux-6.8.0-1032-gcp-x86_64-with-glibc2.35,3.12.11,3.0.4,2,Intel(R) Xeon(R) CPU @ 2.60GHz,,,,,15.61648178100586,machine,Y,1.0
2025-08-07T12:24:36,django-benchmark,19d5269d-e38b-415b-85bd-1e345358da54,django_SCL001_871b0de2,1.001153839053586,7.645195596241523e-08,7.636384437649165e-08,1.7000000000000002,0.0,10.0,2.364327298774799e-07,0.0,1.3902046310249716e-06,1.6266373609024514e-06,Canada,CAN,,gcp,northamerica-northeast2,Linux-6.8.0-1032-gcp-x86_64-with-glibc2.35,3.12.11,3.0.4,2,Intel(R) Xeon(R) CPU @ 2.60GHz,,,,,15.61648178100586,machine,Y,1.0
2025-08-07T12:24:37,django-benchmark,93939d02-d56b-4aad-a64d-3218cfd29dfc,django_SCL001_871b0de2,1.002231101039797,7.082303602514295e-08,7.066537443476389e-08,0.8353736,0.0,10.0,1.164249175774029e-07,0.0,1.3904481893405317e-06,1.5068731069179345e-06,Canada,CAN,,gcp,northamerica-northeast2,Linux-6.8.0-1032-gcp-x86_64-with-glibc2.35,3.12.11,3.0.4,2,Intel(R) Xeon(R) CPU @ 2.60GHz,,,,,15.61648178100586,machine,Y,1.0
2025-08-07T12:24:38,django-benchmark,3b2b8e75-ea7f-4d21-939b-24f07ad45c05,django_SCL001_871b0de2,1.001120996195823,7.645048948255136e-08,7.636488473726642e-08,1.7000000000000002,0.0,10.0,2.3642333923554465e-07,0.0,1.3901828199676755e-06,1.6266061592032202e-06,Canada,CAN,,gcp,northamerica-northeast2,Linux-6.8.0-1032-gcp-x86_64-with-glibc2.35,3.12.11,3.0.4,2,Intel(R) Xeon(R) CPU @ 2.60GHz,,,,,15.61648178100586,machine,Y,1.0
2025-08-07T12:24:39,django-benchmark,8bbb1545-524f-497c-b583-2ab782c536df,django_SCL001_871b0de2,1.0012649069540205,7.085791971492108e-08,7.076840426823728e-08,0.8419904,0.0,10.0,1.1712571610642517e-07,0.0,1.390489596977002e-06,1.5076153130834274e-06,Canada,CAN,,gcp,northamerica-northeast2,Linux-6.8.0-1032-gcp-x86_64-with-glibc2.35,3.12.11,3.0.4,2,Intel(R) Xeon(R) CPU @ 2.60GHz,,,,,15.61648178100586,machine,Y,1.0
2025-08-07T12:24:40,django-benchmark,09b39f55-d7fa-401b-af0d-5b89f3e841b9,django_SCL001_871b0de2,1.0012049779761585,7.66353511369186e-08,7.654311836506223e-08,1.7272709000000002,0.0,10.0,2.402413968930776e-07,0.0,1.3902979889988072e-06,1.630539385891885e-06,Canada,CAN,,gcp,northamerica-northeast2,Linux-6.8.0-1032-gcp-x86_64-with-glibc2.35,3.12.11,3.0.4,2,Intel(R) Xeon(R) CPU @ 2.60GHz,,,,,15.61648178100586,machine,Y,1.0
2025-08-07T12:24:41,django-benchmark,f828430e-5ac4-46e0-91b4-f4f084ec1204,django_SCL001_871b0de2,1.0011521091219038,7.09466160265462e-08,7.086497184605889e-08,0.8576,0.0,10.0,1.19281071231597e-07,0.0,1.390221397418322e-06,1.5095024686499188e-06,Canada,CAN,,gcp,northamerica-northeast2,Linux-6.8.0-1032-gcp-x86_64-with-glibc2.35,3.12.11,3.0.4,2,Intel(R) Xeon(R) CPU @ 2.60GHz,,,,,15.61648178100586,machine,Y,1.0
2025-08-07T12:24:42,django-benchmark,b9eef098-78fc-4f99-8c27-fb87c85afe7d,django_SCL001_871b0de2,1.0011210041120648,7.663142590091185e-08,7.654561794843113e-08,1.7272709000000002,0.0,10.0,2.4022626165314585e-07,0.0,1.3902296085790212e-06,1.6304558702321672e-06,Canada,CAN,,gcp,northamerica-northeast2,Linux-6.8.0-1032-gcp-x86_64-with-glibc2.35,3.12.11,3.0.4,2,Intel(R) Xeon(R) CPU @ 2.60GHz,,,,,15.61648178100586,machine,Y,1.0
2025-08-07T12:24:44,django-benchmark,4cfc8695-9bc2-4a19-b60a-f2bd30c0f63e,django_SCL001_871b0de2,1.001203296938911,7.113310723201223e-08,7.104761585333898e-08,0.8853369344,0.0,10.0,1.2314290839453393e-07,0.0,1.3903274582440242e-06,1.513470366638558e-06,Canada,CAN,,gcp,northamerica-northeast2,Linux-6.8.0-1032-gcp-x86_64-with-glibc2.35,3.12.11,3.0.4,2,Intel(R) Xeon(R) CPU @ 2.60GHz,,,,,15.61648178100586,machine,Y,1.0
2025-08-07T12:24:44,django-benchmark,0ccebedd-ed92-4a28-9ac7-600988b2e09b,django_SCL001_871b0de2,1.001136776059866,7.66287067602597e-08,7.65416959926737e-08,1.7272709000000002,0.0,10.0,2.402301523431584e-07,0.0,1.3901678638325796e-06,1.630398016175738e-06,Canada,CAN,,gcp,northamerica-northeast2,Linux-6.8.0-1032-gcp-x86_64-with-glibc2.35,3.12.11,3.0.4,2,Intel(R) Xeon(R) CPU @ 2.60GHz,,,,,15.61648178100586,machine,Y,1.0
2025-08-07T12:24:46,django-benchmark,0df17727-9564-43ba-8fb4-9f2e3107fd2f,django_SCL001_871b0de2,1.0011695800349116,7.113052937543004e-08,7.104743371542479e-08,0.8853369344,0.0,10.0,1.231364522911752e-07,0.0,1.390279066334996e-06,1.5134155186261712e-06,Canada,CAN,,gcp,northamerica-northeast2,Linux-6.8.0-1032-gcp-x86_64-with-glibc2.35,3.12.11,3.0.4,2,Intel(R) Xeon(R) CPU @ 2.60GHz,,,,,15.61648178100586,machine,Y,1.0
2025-08-07T12:24:46,django-benchmark,d8d51d8b-0868-4392-8895-8b5f35521945,django_SCL001_871b0de2,1.001159615116194,7.798617101574628e-08,7.789584182008306e-08,1.9337408000000005,0.0,10.0,2.689633343564939e-07,0.0,1.3903169000210862e-06,1.6592802343775802e-06,Canada,CAN,,gcp,northamerica-northeast2,Linux-6.8.0-1032-gcp-x86_64-with-glibc2.35,3.12.11,3.0.4,2,Intel(R) Xeon(R) CPU @ 2.60GHz,,,,,15.61648178100586,machine,Y,1.0
2025-08-07T12:24:48,django-benchmark,38e7fe03-c799-4a29-a3da-d9a73b19b15d,django_SCL001_871b0de2,1.0011957848910242,7.122430469532619e-08,7.113923747000058e-08,0.8995328,0.0,10.0,1.2512005232081148e-07,0.0,1.390290685877618e-06,1.5154107381984297e-06,Canada,CAN,,gcp,northamerica-northeast2,Linux-6.8.0-1032-gcp-x86_64-with-glibc2.35,3.12.11,3.0.4,2,Intel(R) Xeon(R) CPU @ 2.60GHz,,,,,15.61648178100586,machine,Y,1.0
2025-08-07T12:24:49,django-benchmark,35cb919c-4564-463b-ac44-43a4e80f6a04,django_SCL001_871b0de2,1.0012202421203256,7.64530828192494e-08,7.635990524656347e-08,1.7000000000000002,0.0,10.0,2.364331502079343e-07,0.0,1.3902281863718396e-06,1.626661336579774e-06,Canada,CAN,,gcp,northamerica-northeast2,Linux-6.8.0-1032-gcp-x86_64-with-glibc2.35,3.12.11,3.0.4,2,Intel(R) Xeon(R) CPU @ 2.60GHz,,,,,15.61648178100586,machine,Y,1.0
2025-08-07T12:24:50,django-benchmark,c148baed-05e9-4ec0-b1a8-d0a6c7c4dc7b,django_SCL001_871b0de2,1.0011538460385054,7.124312577859999e-08,7.116101692112951e-08,0.9020419136000004,0.0,10.0,1.2546815087113504e-07,0.0,1.390343035907588e-06,1.515811186778723e-06,Canada,CAN,,gcp,northamerica-northeast2,Linux-6.8.0-1032-gcp-x86_64-with-glibc2.35,3.12.11,3.0.4,2,Intel(R) Xeon(R) CPU @ 2.60GHz,,,,,15.61648178100586,machine,Y,1.0
2025-08-07T12:24:51,django-benchmark,cb331728-b10f-42ed-87b5-05df908cedd1,django_SCL001_871b0de2,1.0011606100015342,7.645467060727405e-08,7.636603941814777e-08,1.7000000000000002,0.0,10.0,2.364356113895257e-07,0.0,1.3902595079141773e-06,1.626695119303703e-06,Canada,CAN,,gcp,northamerica-northeast2,Linux-6.8.0-1032-gcp-x86_64-with-glibc2.35,3.12.11,3.0.4,2,Intel(R) Xeon(R) CPU @ 2.60GHz,,,,,15.61648178100586,machine,Y,1.0
2025-08-07T12:24:52,django-benchmark,8f162af2-3869-47ab-9960-9bd21cb43661,django_SCL001_871b0de2,1.001186205074191,7.139655998178522e-08,7.131196936187761e-08,0.9265472,0.0,10.0,1.2886153875486266e-07,0.0,1.39021420553844e-06,1.5190757442933026e-06,Canada,CAN,,gcp,northamerica-northeast2,Linux-6.8.0-1032-gcp-x86_64-with-glibc2.35,3.12.11,3.0.4,2,Intel(R) Xeon(R) CPU @ 2.60GHz,,,,,15.61648178100586,machine,Y,1.0
2025-08-07T12:24:53,django-benchmark,2b2082cc-f452-4a26-a59a-f0d50927ce56,django_SCL001_871b0de2,1.0011785828974098,7.627986600817929e-08,7.619006969508419e-08,1.6732691000000002,0.0,10.0,2.327218723385016e-07,0.0,1.3902540001759512e-06,1.6229758725144528e-06,Canada,CAN,,gcp,northamerica-northeast2,Linux-6.8.0-1032-gcp-x86_64-with-glibc2.35,3.12.11,3.0.4,2,Intel(R) Xeon(R) CPU @ 2.60GHz,,,,,15.61648178100586,machine,Y,1.0
2025-08-07T12:24:54,django-benchmark,ced573c1-3f72-49b0-85b8-a87660dbaa82,django_SCL001_871b0de2,1.0012107288930563,7.150113076494506e-08,7.14146669642634e-08,0.9417176000000004,0.0,10.0,1.3098331605450025e-07,0.0,1.3903173385187984e-06,1.5213006545732988e-06,Canada,CAN,,gcp,northamerica-northeast2,Linux-6.8.0-1032-gcp-x86_64-with-glibc2.35,3.12.11,3.0.4,2,Intel(R) Xeon(R) CPU @ 2.60GHz,,,,,15.61648178100586,machine,Y,1.0
2025-08-07T12:24:55,django-benchmark,37be093d-8f3e-4d9f-9d52-ec2650948251,django_SCL001_871b0de2,1.0011664479970932,7.66370501130313e-08,7.654776113037879e-08,1.7272709000000002,0.0,10.0,2.4024637576534035e-07,0.0,1.3903291585544745e-06,1.6305755343198147e-06,Canada,CAN,,gcp,northamerica-northeast2,Linux-6.8.0-1032-gcp-x86_64-with-glibc2.35,3.12.11,3.0.4,2,Intel(R) Xeon(R) CPU @ 2.60GHz,,,,,15.61648178100586,machine,Y,1.0
2025-08-07T12:24:56,django-benchmark,b4eeffd7-4f0f-489a-8eb6-b5a9180bf1c8,django_SCL001_871b0de2,1.00119551201351,7.164202281981624e-08,7.155647619288322e-08,0.9631893464,0.0,10.0,1.339706467444576e-07,0.0,1.3903277111239731e-06,1.5242983578684307e-06,Canada,CAN,,gcp,northamerica-northeast2,Linux-6.8.0-1032-gcp-x86_64-with-glibc2.35,3.12.11,3.0.4,2,Intel(R) Xeon(R) CPU @ 2.60GHz,,,,,15.61648178100586,machine,Y,1.0
2025-08-07T12:24:57,django-benchmark,1c6d01da-3b65-401c-8adf-1719daaf0f52,django_SCL001_871b0de2,1.0011723700445143,7.645524437549626e-08,7.636571549821822e-08,1.7000000000000002,0.0,10.0,2.36440287799471e-07,0.0,1.3902670393387476e-06,1.6267073271382184e-06,Canada,CAN,,gcp,northamerica-northeast2,Linux-6.8.0-1032-gcp-x86_64-with-glibc2.35,3.12.11,3.0.4,2,Intel(R) Xeon(R) CPU @ 2.60GHz,,,,,15.61648178100586,machine,Y,1.0
2025-08-07T12:24:58,django-benchmark,f0bf223d-3a04-4582-8f18-89205b410488,django_SCL001_871b0de2,1.0012476150877774,7.187915695857296e-08,7.178959118146959e-08,1.0002905144,0.0,10.0,1.391508816505245e-07,0.0,1.3901928834254955e-06,1.5293437650760203e-06,Canada,CAN,,gcp,northamerica-northeast2,Linux-6.8.0-1032-gcp-x86_64-with-glibc2.35,3.12.11,3.0.4,2,Intel(R) Xeon(R) CPU @ 2.60GHz,,,,,15.61648178100586,machine,Y,1.0
2025-08-07T12:24:59,django-benchmark,b0cea115-2dc7-4c69-ae3e-a3031f203bd9,django_SCL001_871b0de2,1.0011654179543257,7.645384883936237e-08,7.636485186991374e-08,1.7000000000000002,0.0,10.0,2.364379738379891e-07,0.0,1.3902396610420611e-06,1.6266776348800505e-06,Canada,CAN,,gcp,northamerica-northeast2,Linux-6.8.0-1032-gcp-x86_64-with-glibc2.35,3.12.11,3.0.4,2,Intel(R) Xeon(R) CPU @ 2.60GHz,,,,,15.61648178100586,machine,Y,1.0
2025-08-07T12:25:01,django-benchmark,9caefa9f-ec22-4188-8f4d-30a53636b3cd,django_SCL001_871b0de2,1.0011731151025742,7.222100163737155e-08,7.213637736364127e-08,1.0517536376,0.0,10.0,1.4628915031802705e-07,0.0,1.3903279057962611e-06,1.5366170561142883e-06,Canada,CAN,,gcp,northamerica-northeast2,Linux-6.8.0-1032-gcp-x86_64-with-glibc2.35,3.12.11,3.0.4,2,Intel(R) Xeon(R) CPU @ 2.60GHz,,,,,15.61648178100586,machine,Y,1.0
2025-08-07T12:25:01,django-benchmark,e7470ca5-16c0-4e76-bda4-64ee78b9af2f,django_SCL001_871b0de2,1.0011665290221572,7.645731583009345e-08,7.636823007334212e-08,1.7000000000000002,0.0,10.0,2.364480752924768e-07,0.0,1.3903033253478097e-06,1.6267514006402863e-06,Canada,CAN,,gcp,northamerica-northeast2,Linux-6.8.0-1032-gcp-x86_64-with-glibc2.35,3.12.11,3.0.4,2,Intel(R) Xeon(R) CPU @ 2.60GHz,,,,,15.61648178100586,machine,Y,1.0
2025-08-07T12:25:03,django-benchmark,e7f601df-aafd-4ea4-84d3-1425080e9913,django_SCL001_871b0de2,1.0012004990130663,7.216049936968692e-08,7.207397463427071e-08,1.0426275224,0.0,10.0,1.4502141868666194e-07,0.0,1.3903083551364642e-06,1.535329773823126e-06,Canada,CAN,,gcp,northamerica-northeast2,Linux-6.8.0-1032-gcp-x86_64-with-glibc2.35,3.12.11,3.0.4,2,Intel(R) Xeon(R) CPU @ 2.60GHz,,,,,15.61648178100586,machine,Y,1.0
2025-08-07T12:25:04,django-benchmark,4f11f5ab-64c0-4034-90ec-80032e56360a,django_SCL001_871b0de2,1.00122454110533,7.663410970388391e-08,7.654038285885556e-08,1.7272709000000002,0.0,10.0,2.402380446527568e-07,0.0,1.3902749277703052e-06,1.630512972423062e-06,Canada,CAN,,gcp,northamerica-northeast2,Linux-6.8.0-1032-gcp-x86_64-with-glibc2.35,3.12.11,3.0.4,2,Intel(R) Xeon(R) CPU @ 2.60GHz,,,,,15.61648178100586,machine,Y,1.0
2025-08-07T12:25:05,django-benchmark,70616d78-bed6-494e-b2b7-0c6bc2fb1ec2,django_SCL001_871b0de2,1.0012050590012225,7.644966323741634e-08,7.635764776666297e-08,1.7000000000000002,0.0,10.0,2.3642766568163002e-07,0.0,1.3901609138378666e-06,1.6265885795194963e-06,Canada,CAN,,gcp,northamerica-northeast2,Linux-6.8.0-1032-gcp-x86_64-with-glibc2.35,3.12.11,3.0.4,2,Intel(R) Xeon(R) CPU @ 2.60GHz,,,,,15.61648178100586,machine,Y,1.0
2025-08-07T12:25:07,django-benchmark,69244a12-6561-4b8c-b33f-5437af01b125,django_SCL001_871b0de2,1.0012235559988767,7.738722441334789e-08,7.729265252468222e-08,1.8418625,0.0,10.0,2.561899310348204e-07,0.0,1.3903467586108796e-06,1.6465366896456998e-06,Canada,CAN,,gcp,northamerica-northeast2,Linux-6.8.0-1032-gcp-x86_64-with-glibc2.35,3.12.11,3.0.4,2,Intel(R) Xeon(R) CPU @ 2.60GHz,,,,,15.61648178100586,machine,Y,1.0
2025-08-07T12:25:09,django-benchmark,fb4e919c-d851-48b4-8040-fe440c25171f,django_SCL001_871b0de2,1.0013260159175843,7.058939084795913e-08,7.049591214632847e-08,0.8000576,0.0,10.0,1.1131895793515777e-07,0.0,1.390582975000143e-06,1.5019019329353008e-06,Canada,CAN,,gcp,northamerica-northeast2,Linux-6.8.0-1032-gcp-x86_64-with-glibc2.35,3.12.11,3.0.4,2,Intel(R) Xeon(R) CPU @ 2.60GHz,,,,,15.61648178100586,machine,Y,1.0
2025-08-07T12:25:09,django-benchmark,0e284828-c697-4b97-b468-e317cc7d6578,django_SCL001_871b0de2,1.0013998080976307,7.154874544943673e-08,7.144873093730525e-08,0.9464942024,0.0,10.0,1.3170769415108633e-07,0.0,1.3906060388156525e-06,1.5223137329667389e-06,Canada,CAN,,gcp,northamerica-northeast2,Linux-6.8.0-1032-gcp-x86_64-with-glibc2.35,3.12.11,3.0.4,2,Intel(R) Xeon(R) CPU @ 2.60GHz,,,,,15.61648178100586,machine,Y,1.0
2025-08-07T12:25:11,django-benchmark,7dbae0ca-7493-4cc8-b040-7e5793713f84,django_SCL001_871b0de2,1.0013360150624069,7.058663224271084e-08,7.0492453263365e-08,0.8,0.0,10.0,1.113055555874275e-07,0.0,1.3905376836191862e-06,1.5018432392066138e-06,Canada,CAN,,gcp,northamerica-northeast2,Linux-6.8.0-1032-gcp-x86_64-with-glibc2.35,3.12.11,3.0.4,2,Intel(R) Xeon(R) CPU @ 2.60GHz,,,,,15.61648178100586,machine,Y,1.0
2025-08-07T12:25:11,django-benchmark,ef18affb-7a7b-4fa2-8cd0-14f829d1bab6,django_SCL001_871b0de2,1.001389464829117,7.165123149603234e-08,7.15518127687306e-08,0.9631893464,0.0,10.0,1.3402861546151217e-07,0.0,1.3904656716881115e-06,1.5244942871496236e-06,Canada,CAN,,gcp,northamerica-northeast2,Linux-6.8.0-1032-gcp-x86_64-with-glibc2.35,3.12.11,3.0.4,2,Intel(R) Xeon(R) CPU @ 2.60GHz,,,,,15.61648178100586,machine,Y,1.0
2025-08-07T12:25:13,django-benchmark,4381339d-214a-4693-8779-58649cd8e432,django_SCL001_871b0de2,1.001289117150009,7.05816550695648e-08,7.049078419074695e-08,0.8,0.0,10.0,1.1129504447388981e-07,0.0,1.390442297431744e-06,1.501737341905634e-06,Canada,CAN,,gcp,northamerica-northeast2,Linux-6.8.0-1032-gcp-x86_64-with-glibc2.35,3.12.11,3.0.4,2,Intel(R) Xeon(R) CPU @ 2.60GHz,,,,,15.61648178100586,machine,Y,1.0
2025-08-07T12:25:13,django-benchmark,87727d0f-91a0-41c2-89a5-4188af43bda2,django_SCL001_871b0de2,1.0012628610711545,7.185554674689925e-08,7.176491762615457e-08,0.9944,0.0,10.0,1.3834380344761952e-07,0.0,1.3904976166991724e-06,1.528841420146792e-06,Canada,CAN,,gcp,northamerica-northeast2,Linux-6.8.0-1032-gcp-x86_64-with-glibc2.35,3.12.11,3.0.4,2,Intel(R) Xeon(R) CPU @ 2.60GHz,,,,,15.61648178100586,machine,Y,1.0
2025-08-07T12:25:15,django-benchmark,36b3767e-6eea-4dfd-b0f5-7cbf68348723,django_SCL001_871b0de2,1.0011274199932814,7.645624577067795e-08,7.637014454283056e-08,1.7000000000000002,0.0,10.0,2.3644526359728642e-07,0.0,1.390283369821393e-06,1.6267286334186795e-06,Canada,CAN,,gcp,northamerica-northeast2,Linux-6.8.0-1032-gcp-x86_64-with-glibc2.35,3.12.11,3.0.4,2,Intel(R) Xeon(R) CPU @ 2.60GHz,,,,,15.61648178100586,machine,Y,1.0
2025-08-07T12:25:17,django-benchmark,7e39222c-4a5e-43e1-9653-a525a52f30f5,django_SCL001_871b0de2,1.001153213903308,7.64522334459988e-08,7.636416922433474e-08,1.7000000000000002,0.0,10.0,2.3643007078984133e-07,0.0,1.390213194018644e-06,1.6266432648084852e-06,Canada,CAN,,gcp,northamerica-northeast2,Linux-6.8.0-1032-gcp-x86_64-with-glibc2.35,3.12.11,3.0.4,2,Intel(R) Xeon(R) CPU @ 2.60GHz,,,,,15.61648178100586,machine,Y,1.0
2025-08-07T12:25:20,django-benchmark,d0585fea-6063-4aa4-8690-e8a14275df0a,django_SCL001_871b0de2,1.0013136100023985,7.663415277454849e-08,7.653361744914756e-08,1.7272709000000002,0.0,10.0,2.403132527810032e-07,0.0,1.3902006360391776e-06,1.6305138888201808e-06,Canada,CAN,,gcp,northamerica-northeast2,Linux-6.8.0-1032-gcp-x86_64-with-glibc2.35,3.12.11,3.0.4,2,Intel(R) Xeon(R) CPU @ 2.60GHz,,,,,15.61648178100586,machine,Y,1.0
2025-08-07T12:25:22,django-benchmark,4e32104b-ca70-4d3b-8bf2-e5e6813733f4,django_SCL001_871b0de2,1.0011502811685205,7.681624599935388e-08,7.672798724053262e-08,1.7550872000000004,0.0,10.0,2.4410907333426186e-07,0.0,1.3902791394179482e-06,1.63438821275221e-06,Canada,CAN,,gcp,northamerica-northeast2,Linux-6.8.0-1032-gcp-x86_64-with-glibc2.35,3.12.11,3.0.4,2,Intel(R) Xeon(R) CPU @ 2.60GHz,,,,,15.61648178100586,machine,Y,1.0
2025-08-07T12:25:24,django-benchmark,e8b8c028-b98c-45e3-938f-8d856deed152,django_SCL001_871b0de2,1.0011522329878062,7.681240461150013e-08,7.672400068695217e-08,1.7550872000000004,0.0,10.0,2.440952169844391e-07,0.0,1.3902112641113086e-06,1.6343064810957476e-06,Canada,CAN,,gcp,northamerica-northeast2,Linux-6.8.0-1032-gcp-x86_64-with-glibc2.35,3.12.11,3.0.4,2,Intel(R) Xeon(R) CPU @ 2.60GHz,,,,,15.61648178100586,machine,Y,1.0
2025-08-07T12:25:26,django-benchmark,ada76179-d93d-4f7d-b3eb-1ace7454570a,django_SCL001_871b0de2,1.0011549019254744,7.628485494336968e-08,7.619685504875877e-08,1.6732691000000002,0.0,10.0,2.32740192296447e-07,0.0,1.3903418277752482e-06,1.6230820200716952e-06,Canada,CAN,,gcp,northamerica-northeast2,Linux-6.8.0-1032-gcp-x86_64-with-glibc2.35,3.12.11,3.0.4,2,Intel(R) Xeon(R) CPU @ 2.60GHz,,,,,15.61648178100586,machine,Y,1.0
2025-08-07T12:25:28,django-benchmark,13b26651-1f72-4231-bca2-3b6e5dd60198,django_SCL001_871b0de2,1.0011042328551412,7.662645166200324e-08,7.654193154639374e-08,1.7272709000000002,0.0,10.0,2.4021160196930066e-07,0.0,1.3901384333924702e-06,1.630350035361771e-06,Canada,CAN,,gcp,northamerica-northeast2,Linux-6.8.0-1032-gcp-x86_64-with-glibc2.35,3.12.11,3.0.4,2,Intel(R) Xeon(R) CPU @ 2.60GHz,,,,,15.61648178100586,machine,Y,1.0
2025-08-07T12:25:30,django-benchmark,c0391a9a-3e0d-4f10-8de2-12e82eaae17d,django_SCL001_871b0de2,1.00114278588444,7.64570625491712e-08,7.636978823318065e-08,1.7000000000000002,0.0,10.0,2.3644590910084341e-07,0.0,1.3903001025836502e-06,1.6267460116844936e-06,Canada,CAN,,gcp,northamerica-northeast2,Linux-6.8.0-1032-gcp-x86_64-with-glibc2.35,3.12.11,3.0.4,2,Intel(R) Xeon(R) CPU @ 2.60GHz,,,,,15.61648178100586,machine,Y,1.0
2025-08-07T12:25:32,django-benchmark,11fb60fb-bcae-4200-a214-463972f200b1,django_SCL001_871b0de2,1.0011080522090197,7.64523795009332e-08,7.636776003572773e-08,1.7000000000000002,0.0,10.0,2.364334415696149e-07,0.0,1.390212930790666e-06,1.626646372360281e-06,Canada,CAN,,gcp,northamerica-northeast2,Linux-6.8.0-1032-gcp-x86_64-with-glibc2.35,3.12.11,3.0.4,2,Intel(R) Xeon(R) CPU @ 2.60GHz,,,,,15.61648178100586,machine,Y,1.0
2025-08-07T12:25:35,django-benchmark,137d1b19-4a6a-447c-ae9e-17a71e416cef,django_SCL001_871b0de2,1.001160023966804,7.627638554337106e-08,7.618800563085625e-08,1.6732691000000002,0.0,10.0,2.327132647091937e-07,0.0,1.3901885553625309e-06,1.6229018200717246e-06,Canada,CAN,,gcp,northamerica-northeast2,Linux-6.8.0-1032-gcp-x86_64-with-glibc2.35,3.12.11,3.0.4,2,Intel(R) Xeon(R) CPU @ 2.60GHz,,,,,15.61648178100586,machine,Y,1.0
2025-08-07T12:25:37,django-benchmark,c6509d99-86f1-4cf6-99c6-425a1d56e7e2,django_SCL001_871b0de2,1.0011236348655077,7.645488655662242e-08,7.636907560063099e-08,1.7000000000000002,0.0,10.0,2.364460087135538e-07,0.0,1.390253705257136e-06,1.6266997139706895e-06,Canada,CAN,,gcp,northamerica-northeast2,Linux-6.8.0-1032-gcp-x86_64-with-glibc2.35,3.12.11,3.0.4,2,Intel(R) Xeon(R) CPU @ 2.60GHz,,,,,15.61648178100586,machine,Y,1.0
2025-08-07T12:25:39,django-benchmark,c78da417-1942-4d7d-9fda-951f782c0ea5,django_SCL001_871b0de2,1.001187274930999,7.645922976145004e-08,7.63685592854939e-08,1.7000000000000002,0.0,10.0,2.364560230893808e-07,0.0,1.3903360994946626e-06,1.6267921225840437e-06,Canada,CAN,,gcp,northamerica-northeast2,Linux-6.8.0-1032-gcp-x86_64-with-glibc2.35,3.12.11,3.0.4,2,Intel(R) Xeon(R) CPU @ 2.60GHz,,,,,15.61648178100586,machine,Y,1.0
2025-08-07T12:25:41,django-benchmark,2c50597f-84ae-457c-927d-5cdcb7c3b026,django_SCL001_871b0de2,1.0011584130115807,7.681091527249335e-08,7.672203946370358e-08,1.7550872000000004,0.0,10.0,2.440900043516553e-07,0.0,1.3901847886801178e-06,1.6342747930317732e-06,Canada,CAN,,gcp,northamerica-northeast2,Linux-6.8.0-1032-gcp-x86_64-with-glibc2.35,3.12.11,3.0.4,2,Intel(R) Xeon(R) CPU @ 2.60GHz,,,,,15.61648178100586,machine,Y,1.0
2025-08-07T12:25:43,django-benchmark,a41b95b6-4889-4f7b-bfd3-15dd6df98118,django_SCL001_871b0de2,1.0013961780350655,7.071799502108869e-08,7.061939776907393e-08,0.8197568000000001,0.0,10.0,1.1406921135310085e-07,0.0,1.390568980584956e-06,1.5046381919380567e-06,Canada,CAN,,gcp,northamerica-northeast2,Linux-6.8.0-1032-gcp-x86_64-with-glibc2.35,3.12.11,3.0.4,2,Intel(R) Xeon(R) CPU @ 2.60GHz,,,,,15.61648178100586,machine,Y,1.0
2025-08-07T12:25:45,django-benchmark,6ab0c4e3-50df-4ef0-861c-4a9384c79b1a,django_SCL001_871b0de2,1.0013392940163612,7.058856529064683e-08,7.049415289348813e-08,0.8,0.0,10.0,1.113063069060445e-07,0.0,1.3905780609800583e-06,1.5018843678861029e-06,Canada,CAN,,gcp,northamerica-northeast2,Linux-6.8.0-1032-gcp-x86_64-with-glibc2.35,3.12.11,3.0.4,2,Intel(R) Xeon(R) CPU @ 2.60GHz,,,,,15.61648178100586,machine,Y,1.0
2025-08-07T12:25:47,django-benchmark,a415e2ea-2a76-47ba-99f6-f2362590054b,django_SCL001_871b0de2,1.0014179630670696,7.05891214933424e-08,7.048917045301165e-08,0.8000072,0.0,10.0,1.1131603518212861e-07,0.0,1.39058016680388e-06,1.5018962019860085e-06,Canada,CAN,,gcp,northamerica-northeast2,Linux-6.8.0-1032-gcp-x86_64-with-glibc2.35,3.12.11,3.0.4,2,Intel(R) Xeon(R) CPU @ 2.60GHz,,,,,15.61648178100586,machine,Y,1.0
2025-08-07T12:25:50,django-benchmark,af424223-8c16-423a-92b0-5b3d2801b25c,django_SCL001_871b0de2,1.001400405075401,7.059292630496848e-08,7.049420586129396e-08,0.8,0.0,10.0,1.1132209153018065e-07,0.0,1.390655063894681e-06,1.5019771554248614e-06,Canada,CAN,,gcp,northamerica-northeast2,Linux-6.8.0-1032-gcp-x86_64-with-glibc2.35,3.12.11,3.0.4,2,Intel(R) Xeon(R) CPU @ 2.60GHz,,,,,15.61648178100586,machine,Y,1.0
2025-08-07T12:25:52,django-benchmark,9d9d5d69-003c-4c5f-909b-ed5925da6e0c,django_SCL001_871b0de2,1.0014292658306658,7.05848821733509e-08,7.048414159816084e-08,0.8,0.0,10.0,1.1131876800209284e-07,0.0,1.3904872356862244e-06,1.5018060036883172e-06,Canada,CAN,,gcp,northamerica-northeast2,Linux-6.8.0-1032-gcp-x86_64-with-glibc2.35,3.12.11,3.0.4,2,Intel(R) Xeon(R) CPU @ 2.60GHz,,,,,15.61648178100586,machine,Y,1.0
2025-08-07T12:25:54,django-benchmark,1c91fc62-4291-484a-9cfa-337097c099f7,django_SCL001_871b0de2,1.0015227280091494,7.059225435609308e-08,7.048492498659322e-08,0.8,0.0,10.0,1.113281557853851e-07,0.0,1.3906347028548932e-06,1.5019628586402785e-06,Canada,CAN,,gcp,northamerica-northeast2,Linux-6.8.0-1032-gcp-x86_64-with-glibc2.35,3.12.11,3.0.4,2,Intel(R) Xeon(R) CPU @ 2.60GHz,,,,,15.61648178100586,machine,Y,1.0
2025-08-07T12:25:56,django-benchmark,8e307676-ed1e-4683-aa26-c696c12c94a1,django_SCL001_871b0de2,1.0014495060313493,7.0590052917936e-08,7.048788031028919e-08,0.8,0.0,10.0,1.11310711544421e-07,0.0,1.390605307986132e-06,1.501916019530553e-06,Canada,CAN,,gcp,northamerica-northeast2,Linux-6.8.0-1032-gcp-x86_64-with-glibc2.35,3.12.11,3.0.4,2,Intel(R) Xeon(R) CPU @ 2.60GHz,,,,,15.61648178100586,machine,Y,1.0
2025-08-07T12:25:58,django-benchmark,229d89ab-8b4b-49a9-9ea7-e53b96996dd9,django_SCL001_871b0de2,1.0013278690166771,7.058208733059778e-08,7.048848785154727e-08,0.8,0.0,10.0,1.1129887800456748e-07,0.0,1.3904476609443212e-06,1.5017465389488889e-06,Canada,CAN,,gcp,northamerica-northeast2,Linux-6.8.0-1032-gcp-x86_64-with-glibc2.35,3.12.11,3.0.4,2,Intel(R) Xeon(R) CPU @ 2.60GHz,,,,,15.61648178100586,machine,Y,1.0
2025-08-07T12:26:00,django-benchmark,b076884c-0071-4a7b-8fe9-dc3e14120367,django_SCL001_871b0de2,1.001474767923355,7.059452650752121e-08,7.049056927705237e-08,0.8000072,0.0,10.0,1.113154965106515e-07,0.0,1.390695705777034e-06,1.5020112022876854e-06,Canada,CAN,,gcp,northamerica-northeast2,Linux-6.8.0-1032-gcp-x86_64-with-glibc2.35,3.12.11,3.0.4,2,Intel(R) Xeon(R) CPU @ 2.60GHz,,,,,15.61648178100586,machine,Y,1.0
2025-08-07T12:26:02,django-benchmark,69d2b8f8-539a-4c27-9625-bb55cdb38a04,django_SCL001_871b0de2,1.002152016153559,7.058783451198704e-08,7.043625455438979e-08,0.8,0.0,10.0,1.1130828022335969e-07,0.0,1.39056053918062e-06,1.5018688194039797e-06,Canada,CAN,,gcp,northamerica-northeast2,Linux-6.8.0-1032-gcp-x86_64-with-glibc2.35,3.12.11,3.0.4,2,Intel(R) Xeon(R) CPU @ 2.60GHz,,,,,15.61648178100586,machine,Y,1.0
2025-08-07T12:26:05,django-benchmark,1b30e0b1-f07c-43e7-b688-39eba4f76cd0,django_SCL001_871b0de2,1.0013568620197475,7.058681651499742e-08,7.049116972407126e-08,0.8,0.0,10.0,1.1130737109730644e-07,0.0,1.3905397887962558e-06,1.5018471598935622e-06,Canada,CAN,,gcp,northamerica-northeast2,Linux-6.8.0-1032-gcp-x86_64-with-glibc2.35,3.12.11,3.0.4,2,Intel(R) Xeon(R) CPU @ 2.60GHz,,,,,15.61648178100586,machine,Y,1.0
2025-08-07T12:26:07,django-benchmark,2edc0d9e-b5c8-4b59-b8c4-becf2f160513,django_SCL001_871b0de2,1.0013716828543693,7.058779659070488e-08,7.049110515038456e-08,0.8,0.0,10.0,1.1131569618980093e-07,0.0,1.3905523163783882e-06,1.501868012568189e-06,Canada,CAN,,gcp,northamerica-northeast2,Linux-6.8.0-1032-gcp-x86_64-with-glibc2.35,3.12.11,3.0.4,2,Intel(R) Xeon(R) CPU @ 2.60GHz,,,,,15.61648178100586,machine,Y,1.0
2025-08-07T12:26:09,django-benchmark,79efe750-b97e-4f8a-b982-a2dcbc40a50f,django_SCL001_871b0de2,1.0012566959485412,7.058005025447347e-08,7.049146391736178e-08,0.8,0.0,10.0,1.112949528938367e-07,0.0,1.390408244009854e-06,1.5017031969036909e-06,Canada,CAN,,gcp,northamerica-northeast2,Linux-6.8.0-1032-gcp-x86_64-with-glibc2.35,3.12.11,3.0.4,2,Intel(R) Xeon(R) CPU @ 2.60GHz,,,,,15.61648178100586,machine,Y,1.0
2025-08-07T12:26:11,django-benchmark,874be07b-cc8a-4530-af4d-8378322300ee,django_SCL001_871b0de2,1.001768748043105,7.063457702265846e-08,7.050986284073928e-08,0.8,0.0,10.0,1.1138024134561421e-07,0.0,1.3914830995620124e-06,1.5028633409076266e-06,Canada,CAN,,gcp,northamerica-northeast2,Linux-6.8.0-1032-gcp-x86_64-with-glibc2.35,3.12.11,3.0.4,2,Intel(R) Xeon(R) CPU @ 2.60GHz,,,,,15.61648178100586,machine,Y,1.0
2025-08-07T12:26:13,django-benchmark,faeee9c4-383d-450b-a69f-f94a8b44531b,django_SCL001_871b0de2,1.00137288402766,7.05886649671528e-08,7.049188778033959e-08,0.8,0.0,10.0,1.113070526884662e-07,0.0,1.3905794359743597e-06,1.5018864886628256e-06,Canada,CAN,,gcp,northamerica-northeast2,Linux-6.8.0-1032-gcp-x86_64-with-glibc2.35,3.12.11,3.0.4,2,Intel(R) Xeon(R) CPU @ 2.60GHz,,,,,15.61648178100586,machine,Y,1.0
2025-08-07T12:26:15,django-benchmark,3d6bafed-d250-47ce-8c0f-b8cfb463ee52,django_SCL001_871b0de2,1.0013874650467187,7.058853564108721e-08,7.049073221402266e-08,0.8,0.0,10.0,1.1130542577140861e-07,0.0,1.3905783112730005e-06,1.5018837370444088e-06,Canada,CAN,,gcp,northamerica-northeast2,Linux-6.8.0-1032-gcp-x86_64-with-glibc2.35,3.12.11,3.0.4,2,Intel(R) Xeon(R) CPU @ 2.60GHz,,,,,15.61648178100586,machine,Y,1.0
2025-08-07T12:26:17,django-benchmark,1a1ead35-dfd2-480c-92f6-c787e6da763b,django_SCL001_871b0de2,1.00137855601497,7.058891487214716e-08,7.049173806263521e-08,0.8,0.0,10.0,1.1130864711271393e-07,0.0,1.3905831586776509e-06,1.5018918057903647e-06,Canada,CAN,,gcp,northamerica-northeast2,Linux-6.8.0-1032-gcp-x86_64-with-glibc2.35,3.12.11,3.0.4,2,Intel(R) Xeon(R) CPU @ 2.60GHz,,,,,15.61648178100586,machine,Y,1.0
2025-08-07T12:26:19,django-benchmark,a1887020-d423-4c04-9827-a81dcfabad81,django_SCL001_871b0de2,1.0013681189157069,7.058874030512139e-08,7.049229845818908e-08,0.8,0.0,10.0,1.1130776375325193e-07,0.0,1.3905803278450752e-06,1.5018880915983272e-06,Canada,CAN,,gcp,northamerica-northeast2,Linux-6.8.0-1032-gcp-x86_64-with-glibc2.35,3.12.11,3.0.4,2,Intel(R) Xeon(R) CPU @ 2.60GHz,,,,,15.61648178100586,machine,Y,1.0
2025-08-07T12:26:22,django-benchmark,e3a2aae3-3e19-435a-a84e-fadbeb8e9170,django_SCL001_871b0de2,1.0013071619905531,7.058355499048613e-08,7.04914112969783e-08,0.8,0.0,10.0,1.1129429351745381e-07,0.0,1.3904834722375703e-06,1.501777765755024e-06,Canada,CAN,,gcp,northamerica-northeast2,Linux-6.8.0-1032-gcp-x86_64-with-glibc2.35,3.12.11,3.0.4,2,Intel(R) Xeon(R) CPU @ 2.60GHz,,,,,15.61648178100586,machine,Y,1.0
2025-08-07T12:26:24,django-benchmark,1e40c2d7-ae38-4e39-8bb1-51844f0d0beb,django_SCL001_871b0de2,1.0014485591091216,7.05913328572642e-08,7.048922504822567e-08,0.8,0.0,10.0,1.1131178577327068e-07,0.0,1.3906314665089464e-06,1.5019432522822171e-06,Canada,CAN,,gcp,northamerica-northeast2,Linux-6.8.0-1032-gcp-x86_64-with-glibc2.35,3.12.11,3.0.4,2,Intel(R) Xeon(R) CPU @ 2.60GHz,,,,,15.61648178100586,machine,Y,1.0
2025-08-07T12:26:26,django-benchmark,1604295d-1896-4010-952d-3d50f144876b,django_SCL001_871b0de2,1.001537512987852,7.059766504021053e-08,7.04892868461801e-08,0.8,0.0,10.0,1.1132620688941745e-07,0.0,1.3907517726895298e-06,1.5020779795789473e-06,Canada,CAN,,gcp,northamerica-northeast2,Linux-6.8.0-1032-gcp-x86_64-with-glibc2.35,3.12.11,3.0.4,2,Intel(R) Xeon(R) CPU @ 2.60GHz,,,,,15.61648178100586,machine,Y,1.0
2025-08-07T12:26:28,django-benchmark,2e89c2d7-3d68-4b39-85df-9bcbf98627e0,django_SCL001_871b0de2,1.0013902641367167,7.059132109592775e-08,7.04933167657501e-08,0.8,0.0,10.0,1.1131037978662385e-07,0.0,1.3906326222543916e-06,1.5019430020410151e-06,Canada,CAN,,gcp,northamerica-northeast2,Linux-6.8.0-1032-gcp-x86_64-with-glibc2.35,3.12.11,3.0.4,2,Intel(R) Xeon(R) CPU @ 2.60GHz,,,,,15.61648178100586,machine,Y,1.0
2025-08-07T12:26:30,django-benchmark,23eb4c8f-da05-43e6-bdc5-a37d5c8d4407,django_SCL001_871b0de2,1.001389557030052,7.058626064016587e-08,7.048831310914857e-08,0.8,0.0,10.0,1.1130675735572977e-07,0.0,1.3905285754137568e-06,1.5018353327694869e-06,Canada,CAN,,gcp,northamerica-northeast2,Linux-6.8.0-1032-gcp-x86_64-with-glibc2.35,3.12.11,3.0.4,2,Intel(R) Xeon(R) CPU @ 2.60GHz,,,,,15.61648178100586,machine,Y,1.0
2025-08-07T12:26:32,django-benchmark,438ab700-c427-452b-90f7-572c5b70284e,django_SCL001_871b0de2,1.001396708888933,7.059105345104926e-08,7.049259581586926e-08,0.8,0.0,10.0,1.113149155345228e-07,0.0,1.39062239193461e-06,1.5019373074691329e-06,Canada,CAN,,gcp,northamerica-northeast2,Linux-6.8.0-1032-gcp-x86_64-with-glibc2.35,3.12.11,3.0.4,2,Intel(R) Xeon(R) CPU @ 2.60GHz,,,,,15.61648178100586,machine,Y,1.0
2025-08-07T12:26:34,django-benchmark,73becef2-b751-4b35-998d-7729482edfd1,django_SCL001_871b0de2,1.0022058729082346,7.058694830446298e-08,7.0431585178833e-08,0.8,0.0,10.0,1.1130485042101809e-07,0.0,1.3905451135037262e-06,1.5018499639247442e-06,Canada,CAN,,gcp,northamerica-northeast2,Linux-6.8.0-1032-gcp-x86_64-with-glibc2.35,3.12.11,3.0.4,2,Intel(R) Xeon(R) CPU @ 2.60GHz,,,,,15.61648178100586,machine,Y,1.0
2025-08-07T12:26:37,django-benchmark,bbc1dd25-3899-424b-b5aa-c7a3d3f38fd2,django_SCL001_871b0de2,1.001340778078884,7.058395470205383e-08,7.048944400074495e-08,0.8,0.0,10.0,1.112988366641932e-07,0.0,1.3904874335922714e-06,1.5017862702564646e-06,Canada,CAN,,gcp,northamerica-northeast2,Linux-6.8.0-1032-gcp-x86_64-with-glibc2.35,3.12.11,3.0.4,2,Intel(R) Xeon(R) CPU @ 2.60GHz,,,,,15.61648178100586,machine,Y,1.0
2025-08-07T12:26:39,django-benchmark,c76f0b66-efe1-4047-9ee6-532240c5af80,django_SCL001_871b0de2,1.001459256047383,7.05983982774067e-08,7.049552725294937e-08,0.8,0.0,10.0,1.113223831376268e-07,0.0,1.390771197232728e-06,1.502093580370355e-06,Canada,CAN,,gcp,northamerica-northeast2,Linux-6.8.0-1032-gcp-x86_64-with-glibc2.35,3.12.11,3.0.4,2,Intel(R) Xeon(R) CPU @ 2.60GHz,,,,,15.61648178100586,machine,Y,1.0
2025-08-07T12:26:41,django-benchmark,347ad46b-7165-4f9e-bcdf-a4b9053b8b10,django_SCL001_871b0de2,1.0014314379077405,7.059004374158879e-08,7.04891429103428e-08,0.8,0.0,10.0,1.1131791579019693e-07,0.0,1.3905979084989262e-06,1.5019158242891232e-06,Canada,CAN,,gcp,northamerica-northeast2,Linux-6.8.0-1032-gcp-x86_64-with-glibc2.35,3.12.11,3.0.4,2,Intel(R) Xeon(R) CPU @ 2.60GHz,,,,,15.61648178100586,machine,Y,1.0
2025-08-07T12:26:43,django-benchmark,887bd7d0-c3e9-422c-84ea-f371753a9c03,django_SCL001_871b0de2,1.0015274290926754,7.060145573123979e-08,7.049378147855672e-08,0.8,0.0,10.0,1.1133391534288725e-07,0.0,1.3908247172366829e-06,1.50215863257957e-06,Canada,CAN,,gcp,northamerica-northeast2,Linux-6.8.0-1032-gcp-x86_64-with-glibc2.35,3.12.11,3.0.4,2,Intel(R) Xeon(R) CPU @ 2.60GHz,,,,,15.61648178100586,machine,Y,1.0
2025-08-07T12:26:45,django-benchmark,f6cded00-ace7-4362-8487-821b16442220,django_SCL001_871b0de2,1.0014227328356355,7.059173084104744e-08,7.049144035422424e-08,0.8,0.0,10.0,1.1131399554303953e-07,0.0,1.3906377244792465e-06,1.501951720022286e-06,Canada,CAN,,gcp,northamerica-northeast2,Linux-6.8.0-1032-gcp-x86_64-with-glibc2.35,3.12.11,3.0.4,2,Intel(R) Xeon(R) CPU @ 2.60GHz,,,,,15.61648178100586,machine,Y,1.0
2025-08-07T12:26:47,django-benchmark,ac2e1f5a-10bf-48ef-8d6a-83ee0f8bfe50,django_SCL001_871b0de2,1.0014089290052652,7.059191967898092e-08,7.049260060932588e-08,0.8000072,0.0,10.0,1.1131409340882489e-07,0.0,1.390641644441833e-06,1.501955737850658e-06,Canada,CAN,,gcp,northamerica-northeast2,Linux-6.8.0-1032-gcp-x86_64-with-glibc2.35,3.12.11,3.0.4,2,Intel(R) Xeon(R) CPU @ 2.60GHz,,,,,15.61648178100586,machine,Y,1.0
2025-08-07T12:26:49,django-benchmark,5566b6f3-f164-428b-88f4-f8f5727c2126,django_SCL001_871b0de2,1.0014841288793832,7.0594326577615e-08,7.048971076217349e-08,0.8,0.0,10.0,1.1132663731566736e-07,0.0,1.390680311144226e-06,1.5020069484598936e-06,Canada,CAN,,gcp,northamerica-northeast2,Linux-6.8.0-1032-gcp-x86_64-with-glibc2.35,3.12.11,3.0.4,2,Intel(R) Xeon(R) CPU @ 2.60GHz,,,,,15.61648178100586,machine,Y,1.0
2025-08-07T12:26:51,django-benchmark,3eec40a2-2694-4f20-9bbf-645691e10e2c,django_SCL001_871b0de2,1.0014165458269415,7.059100740273588e-08,7.049115345347504e-08,0.8,0.0,10.0,1.1130646709352733e-07,0.0,1.3906298606242571e-06,1.5019363277177843e-06,Canada,CAN,,gcp,northamerica-northeast2,Linux-6.8.0-1032-gcp-x86_64-with-glibc2.35,3.12.11,3.0.4,2,Intel(R) Xeon(R) CPU @ 2.60GHz,,,,,15.61648178100586,machine,Y,1.0
2025-08-07T12:26:54,django-benchmark,0b5cc521-0021-4ac3-bca1-a6b5ec1b7bef,django_SCL001_871b0de2,1.0014118768740443,7.059061819527093e-08,7.04910934506019e-08,0.8,0.0,10.0,1.1131016910076142e-07,0.0,1.3906178776071304e-06,1.5019280467078918e-06,Canada,CAN,,gcp,northamerica-northeast2,Linux-6.8.0-1032-gcp-x86_64-with-glibc2.35,3.12.11,3.0.4,2,Intel(R) Xeon(R) CPU @ 2.60GHz,,,,,15.61648178100586,machine,Y,1.0
2025-08-07T12:26:56,django-benchmark,93ee4788-1f83-4804-bdcc-efa06baec192,django_SCL001_871b0de2,1.0014552611391991,7.059233105586223e-08,7.04897500618853e-08,0.8,0.0,10.0,1.1131414600337549e-07,0.0,1.3906503445468844e-06,1.5019644905502598e-06,Canada,CAN,,gcp,northamerica-northeast2,Linux-6.8.0-1032-gcp-x86_64-with-glibc2.35,3.12.11,3.0.4,2,Intel(R) Xeon(R) CPU @ 2.60GHz,,,,,15.61648178100586,machine,Y,1.0
2025-08-07T12:26:58,django-benchmark,43b4bee0-be69-45bd-adc6-41a55d7d5a27,django_SCL001_871b0de2,1.001456055091694,7.05976053191763e-08,7.049496077260457e-08,0.8,0.0,10.0,1.113209308952921e-07,0.0,1.3907557780233525e-06,1.5020767089186445e-06,Canada,CAN,,gcp,northamerica-northeast2,Linux-6.8.0-1032-gcp-x86_64-with-glibc2.35,3.12.11,3.0.4,2,Intel(R) Xeon(R) CPU @ 2.60GHz,,,,,15.61648178100586,machine,Y,1.0
2025-08-07T12:27:00,django-benchmark,854b1a49-2145-448f-bf66-38ae22ca097b,django_SCL001_871b0de2,1.0013317780103534,7.058610441367558e-08,7.049222441929306e-08,0.8,0.0,10.0,1.1129953153431417e-07,0.0,1.3905324772672936e-06,1.5018320088016077e-06,Canada,CAN,,gcp,northamerica-northeast2,Linux-6.8.0-1032-gcp-x86_64-with-glibc2.35,3.12.11,3.0.4,2,Intel(R) Xeon(R) CPU @ 2.60GHz,,,,,15.61648178100586,machine,Y,1.0
2025-08-07T12:27:02,django-benchmark,bde6266d-42da-49e9-a946-480a412333d0,django_SCL001_871b0de2,1.0015063029713929,7.0601151694673e-08,7.049496491954647e-08,0.8,0.0,10.0,1.1133154688609972e-07,0.0,1.3908206168303472e-06,1.502152163716447e-06,Canada,CAN,,gcp,northamerica-northeast2,Linux-6.8.0-1032-gcp-x86_64-with-glibc2.35,3.12.11,3.0.4,2,Intel(R) Xeon(R) CPU @ 2.60GHz,,,,,15.61648178100586,machine,Y,1.0
2025-08-07T12:27:04,django-benchmark,c044b211-3902-48bf-bf44-aed24dbba2d3,django_SCL001_871b0de2,1.001439387910068,7.059521509047289e-08,7.049374724295597e-08,0.8,0.0,10.0,1.1131793912500145e-07,0.0,1.3907079138637831e-06,1.5020258529887845e-06,Canada,CAN,,gcp,northamerica-northeast2,Linux-6.8.0-1032-gcp-x86_64-with-glibc2.35,3.12.11,3.0.4,2,Intel(R) Xeon(R) CPU @ 2.60GHz,,,,,15.61648178100586,machine,Y,1.0
2025-08-07T12:27:06,django-benchmark,2e38683e-8890-481a-9cca-e00894597839,django_SCL001_871b0de2,1.0013399817980826,7.058156453657689e-08,7.048711308803952e-08,0.8,0.0,10.0,1.1129930506770809e-07,0.0,1.3904361106041405e-06,1.5017354156718483e-06,Canada,CAN,,gcp,northamerica-northeast2,Linux-6.8.0-1032-gcp-x86_64-with-glibc2.35,3.12.11,3.0.4,2,Intel(R) Xeon(R) CPU @ 2.60GHz,,,,,15.61648178100586,machine,Y,1.0
2025-08-07T12:27:09,django-benchmark,1fb91ede-3b9f-4191-a415-9a11283c37ab,django_SCL001_871b0de2,1.0015773139894009,7.060718059733823e-08,7.04959862919633e-08,0.8,0.0,10.0,1.113451768954595e-07,0.0,1.390935261345779e-06,1.5022804382412386e-06,Canada,CAN,,gcp,northamerica-northeast2,Linux-6.8.0-1032-gcp-x86_64-with-glibc2.35,3.12.11,3.0.4,2,Intel(R) Xeon(R) CPU @ 2.60GHz,,,,,15.61648178100586,machine,Y,1.0
2025-08-07T12:27:11,django-benchmark,d2744290-7ac7-4fe6-a29e-def53917a1c4,django_SCL001_871b0de2,1.0014070579782128,7.058814331120812e-08,7.048896125589709e-08,0.8,0.0,10.0,1.1131578109537565e-07,0.0,1.3905596085047972e-06,1.5018753896001728e-06,Canada,CAN,,gcp,northamerica-northeast2,Linux-6.8.0-1032-gcp-x86_64-with-glibc2.35,3.12.11,3.0.4,2,Intel(R) Xeon(R) CPU @ 2.60GHz,,,,,15.61648178100586,machine,Y,1.0
2025-08-07T12:27:13,django-benchmark,4fe31669-0b63-47b2-b96f-35fb648657c2,django_SCL001_871b0de2,1.0012991589028388,7.058107593712502e-08,7.048949887710219e-08,0.8,0.0,10.0,1.1129861707902621e-07,0.0,1.3904264028598038e-06,1.50172501993883e-06,Canada,CAN,,gcp,northamerica-northeast2,Linux-6.8.0-1032-gcp-x86_64-with-glibc2.35,3.12.11,3.0.4,2,Intel(R) Xeon(R) CPU @ 2.60GHz,,,,,15.61648178100586,machine,Y,1.0
2025-08-07T12:27:15,django-benchmark,5832cd4c-5823-440c-bb9a-2872a77730d1,django_SCL001_871b0de2,1.0014486981090158,7.059340557851829e-08,7.049128498725515e-08,0.8,0.0,10.0,1.1131765802080433e-07,0.0,1.3906696947136272e-06,1.5019873527344316e-06,Canada,CAN,,gcp,northamerica-northeast2,Linux-6.8.0-1032-gcp-x86_64-with-glibc2.35,3.12.11,3.0.4,2,Intel(R) Xeon(R) CPU @ 2.60GHz,,,,,15.61648178100586,machine,Y,1.0
2025-08-07T12:27:17,django-benchmark,1370c994-376b-466e-bc6c-2975becd2ab9,django_SCL001_871b0de2,1.0013856531586498,7.058641003941497e-08,7.04887370982056e-08,0.8,0.0,10.0,1.1130475558133589e-07,0.0,1.390533755895578e-06,1.501838511476914e-06,Canada,CAN,,gcp,northamerica-northeast2,Linux-6.8.0-1032-gcp-x86_64-with-glibc2.35,3.12.11,3.0.4,2,Intel(R) Xeon(R) CPU @ 2.60GHz,,,,,15.61648178100586,machine,Y,1.0
2025-08-07T12:27:19,django-benchmark,ebc955cb-695c-4982-8be2-09206d7a9b38,django_SCL001_871b0de2,1.001488349866122,7.060097795080705e-08,7.049605515655265e-08,0.8,0.0,10.0,1.1133784511023098e-07,0.0,1.3908106219282166e-06,1.5021484670384476e-06,Canada,CAN,,gcp,northamerica-northeast2,Linux-6.8.0-1032-gcp-x86_64-with-glibc2.35,3.12.11,3.0.4,2,Intel(R) Xeon(R) CPU @ 2.60GHz,,,,,15.61648178100586,machine,Y,1.0
2025-08-07T12:27:21,django-benchmark,7aad0a25-294f-4861-b1a0-303d6397e22f,django_SCL001_871b0de2,1.001418936997652,7.058865847428227e-08,7.048863953573086e-08,0.8,0.0,10.0,1.113132255462309e-07,0.0,1.3905731249704128e-06,1.5018863505166435e-06,Canada,CAN,,gcp,northamerica-northeast2,Linux-6.8.0-1032-gcp-x86_64-with-glibc2.35,3.12.11,3.0.4,2,Intel(R) Xeon(R) CPU @ 2.60GHz,,,,,15.61648178100586,machine,Y,1.0
2025-08-07T12:27:23,django-benchmark,b6285a62-9a49-4d20-8134-079a321e0dae,django_SCL001_871b0de2,1.0015403958968818,7.060063828248531e-08,7.049205261387611e-08,0.8,0.0,10.0,1.1133179844667516e-07,0.0,1.3908094416062038e-06,1.502141240052879e-06,Canada,CAN,,gcp,northamerica-northeast2,Linux-6.8.0-1032-gcp-x86_64-with-glibc2.35,3.12.11,3.0.4,2,Intel(R) Xeon(R) CPU @ 2.60GHz,,,,,15.61648178100586,machine,Y,1.0
2025-08-07T12:27:26,django-benchmark,d61b527f-5b38-4300-a60c-61f4a9eb7ca0,django_SCL001_871b0de2,1.0014834548346698,7.059503371809197e-08,7.04904642980309e-08,0.8,0.0,10.0,1.1132104953544009e-07,0.0,1.3907009444665162e-06,1.5020219940019564e-06,Canada,CAN,,gcp,northamerica-northeast2,Linux-6.8.0-1032-gcp-x86_64-with-glibc2.35,3.12.11,3.0.4,2,Intel(R) Xeon(R) CPU @ 2.60GHz,,,,,15.61648178100586,machine,Y,1.0
2025-08-07T12:27:28,django-benchmark,a77edd8c-28e5-47bf-81a8-211d25a0d76a,django_SCL001_871b0de2,1.001412150915712,7.05881105124847e-08,7.048857001379248e-08,0.8,0.0,10.0,1.113077561991911e-07,0.0,1.3905669355558024e-06,1.5018746917549937e-06,Canada,CAN,,gcp,northamerica-northeast2,Linux-6.8.0-1032-gcp-x86_64-with-glibc2.35,3.12.11,3.0.4,2,Intel(R) Xeon(R) CPU @ 2.60GHz,,,,,15.61648178100586,machine,Y,1.0
2025-08-07T12:27:30,django-benchmark,710fd384-6370-4336-b166-7951c8b9a527,django_SCL001_871b0de2,1.0016444250941277,7.062315517143705e-08,7.050721134378638e-08,0.8000072,0.0,10.0,1.1136718941450577e-07,0.0,1.3912531333820272e-06,1.5026203227965329e-06,Canada,CAN,,gcp,northamerica-northeast2,Linux-6.8.0-1032-gcp-x86_64-with-glibc2.35,3.12.11,3.0.4,2,Intel(R) Xeon(R) CPU @ 2.60GHz,,,,,15.61648178100586,machine,Y,1.0
2025-08-07T12:27:32,django-benchmark,36f60f45-6f29-4a95-962f-f1164e655d14,django_SCL001_871b0de2,1.001464326865971,7.059035983617003e-08,7.048714361806454e-08,0.8,0.0,10.0,1.1132278308893245e-07,0.0,1.390599766616813e-06,1.5019225497057454e-06,Canada,CAN,,gcp,northamerica-northeast2,Linux-6.8.0-1032-gcp-x86_64-with-glibc2.35,3.12.11,3.0.4,2,Intel(R) Xeon(R) CPU @ 2.60GHz,,,,,15.61648178100586,machine,Y,1.0
2025-08-07T12:27:34,django-benchmark,b93d3690-0fcf-42ae-ac62-8ec1d1d669c4,django_SCL001_871b0de2,1.0013741811271757,7.058503630728876e-08,7.04881727905509e-08,0.8,0.0,10.0,1.1130258021876217e-07,0.0,1.390506702915041e-06,1.5018092831338031e-06,Canada,CAN,,gcp,northamerica-northeast2,Linux-6.8.0-1032-gcp-x86_64-with-glibc2.35,3.12.11,3.0.4,2,Intel(R) Xeon(R) CPU @ 2.60GHz,,,,,15.61648178100586,machine,Y,1.0
2025-08-07T12:27:36,django-benchmark,7fc398bd-ef31-4590-91f2-9e9e0346085a,django_SCL001_871b0de2,1.0014336560852826,7.05951148120997e-08,7.049405058749872e-08,0.8,0.0,10.0,1.1131357489567665e-07,0.0,1.3907101445106997e-06,1.5020237194063765e-06,Canada,CAN,,gcp,northamerica-northeast2,Linux-6.8.0-1032-gcp-x86_64-with-glibc2.35,3.12.11,3.0.4,2,Intel(R) Xeon(R) CPU @ 2.60GHz,,,,,15.61648178100586,machine,Y,1.0
2025-08-07T12:27:38,django-benchmark,1d233ba9-f171-490d-b822-9e0416e1a235,django_SCL001_871b0de2,1.001418903004378,7.059925186129598e-08,7.049922030579777e-08,0.8,0.0,10.0,1.1132317533095681e-07,0.0,1.390788566398745e-06,1.5021117417297016e-06,Canada,CAN,,gcp,northamerica-northeast2,Linux-6.8.0-1032-gcp-x86_64-with-glibc2.35,3.12.11,3.0.4,2,Intel(R) Xeon(R) CPU @ 2.60GHz,,,,,15.61648178100586,machine,Y,1.0
2025-08-07T12:27:41,django-benchmark,b34aee09-e06a-40ac-9b8d-85f05edd12f5,django_SCL001_871b0de2,1.0013599509838969,7.058586657763876e-08,7.049000362785015e-08,0.8,0.0,10.0,1.1130301737123069e-07,0.0,1.3905239310891675e-06,1.5018269484603985e-06,Canada,CAN,,gcp,northamerica-northeast2,Linux-6.8.0-1032-gcp-x86_64-with-glibc2.35,3.12.11,3.0.4,2,Intel(R) Xeon(R) CPU @ 2.60GHz,,,,,15.61648178100586,machine,Y,1.0
2025-08-07T12:27:43,django-benchmark,ab1b2df5-db3d-4fd2-9180-1ec230da9f0e,django_SCL001_871b0de2,1.0022802131716162,7.05879238071955e-08,7.042733447149179e-08,0.8,0.0,10.0,1.113080471340153e-07,0.0,1.3905626721680164e-06,1.5018707193020318e-06,Canada,CAN,,gcp,northamerica-northeast2,Linux-6.8.0-1032-gcp-x86_64-with-glibc2.35,3.12.11,3.0.4,2,Intel(R) Xeon(R) CPU @ 2.60GHz,,,,,15.61648178100586,machine,Y,1.0
2025-08-07T12:27:45,django-benchmark,0a56f8ee-be15-4dc6-9b3b-0b7cc76e1d49,django_SCL001_871b0de2,1.001375074032694,7.059132809096223e-08,7.049439308158521e-08,0.8,0.0,10.0,1.1131385356808705e-07,0.0,1.3906292973034495e-06,1.5019431508715368e-06,Canada,CAN,,gcp,northamerica-northeast2,Linux-6.8.0-1032-gcp-x86_64-with-glibc2.35,3.12.11,3.0.4,2,Intel(R) Xeon(R) CPU @ 2.60GHz,,,,,15.61648178100586,machine,Y,1.0
2025-08-07T12:27:47,django-benchmark,59cf5a8e-27b3-4bd8-b2dd-f191898b14bd,django_SCL001_871b0de2,1.001444882946089,7.058792756065829e-08,7.0486083420787e-08,0.8,0.0,10.0,1.1130753263003297e-07,0.0,1.3905632665329095e-06,1.5018707991629425e-06,Canada,CAN,,gcp,northamerica-northeast2,Linux-6.8.0-1032-gcp-x86_64-with-glibc2.35,3.12.11,3.0.4,2,Intel(R) Xeon(R) CPU @ 2.60GHz,,,,,15.61648178100586,machine,Y,1.0
2025-08-07T12:27:49,django-benchmark,069f4273-7558-4023-94b0-04c2e2fceb17,django_SCL001_871b0de2,1.001366427866742,7.058766175542649e-08,7.04913404235078e-08,0.8,0.0,10.0,1.1131022999890977e-07,0.0,1.3905549137335683e-06,1.5018651437324784e-06,Canada,CAN,,gcp,northamerica-northeast2,Linux-6.8.0-1032-gcp-x86_64-with-glibc2.35,3.12.11,3.0.4,2,Intel(R) Xeon(R) CPU @ 2.60GHz,,,,,15.61648178100586,machine,Y,1.0
2025-08-07T12:27:51,django-benchmark,9d902d9b-5a8f-4a84-93ae-d64176c82fc3,django_SCL001_871b0de2,1.0015178530011326,7.059189130492613e-08,7.04849055794578e-08,0.8,0.0,10.0,1.1131133666882916e-07,0.0,1.390643797478535e-06,1.5019551341473643e-06,Canada,CAN,,gcp,northamerica-northeast2,Linux-6.8.0-1032-gcp-x86_64-with-glibc2.35,3.12.11,3.0.4,2,Intel(R) Xeon(R) CPU @ 2.60GHz,,,,,15.61648178100586,machine,Y,1.0
2025-08-07T12:27:53,django-benchmark,db34fc1f-ee91-4cb4-9688-bf050ca949a0,django_SCL001_871b0de2,1.002270432189107,7.059105807509169e-08,7.043114892745102e-08,0.8,0.0,10.0,1.1130935290000505e-07,0.0,1.3906280529530097e-06,1.5019374058530147e-06,Canada,CAN,,gcp,northamerica-northeast2,Linux-6.8.0-1032-gcp-x86_64-with-glibc2.35,3.12.11,3.0.4,2,Intel(R) Xeon(R) CPU @ 2.60GHz,,,,,15.61648178100586,machine,Y,1.0
2025-08-07T12:27:55,django-benchmark,e8ac0643-1c30-4e78-b970-404744a8cc3b,django_SCL001_871b0de2,1.0014188811182976,7.058873311311214e-08,7.048871800208596e-08,0.8,0.0,10.0,1.113076631186737e-07,0.0,1.3905802754581802e-06,1.5018879385768538e-06,Canada,CAN,,gcp,northamerica-northeast2,Linux-6.8.0-1032-gcp-x86_64-with-glibc2.35,3.12.11,3.0.4,2,Intel(R) Xeon(R) CPU @ 2.60GHz,,,,,15.61648178100586,machine,Y,1.0
2025-08-07T12:27:58,django-benchmark,f34b64f9-38f2-4330-ba25-086b41d74830,django_SCL001_871b0de2,1.001443145098165,7.059456474072713e-08,7.049283335381683e-08,0.8,0.0,10.0,1.1132226268657381e-07,0.0,1.390689753073578e-06,1.5020120157601518e-06,Canada,CAN,,gcp,northamerica-northeast2,Linux-6.8.0-1032-gcp-x86_64-with-glibc2.35,3.12.11,3.0.4,2,Intel(R) Xeon(R) CPU @ 2.60GHz,,,,,15.61648178100586,machine,Y,1.0
2025-08-07T12:28:00,django-benchmark,fc916c7c-443b-4363-b9c4-f3048c8be0fc,django_SCL001_871b0de2,1.0015044810716065,7.05945723315494e-08,7.04885236819045e-08,0.8,0.0,10.0,1.1132170177168317e-07,0.0,1.3906904754953251e-06,1.5020121772670085e-06,Canada,CAN,,gcp,northamerica-northeast2,Linux-6.8.0-1032-gcp-x86_64-with-glibc2.35,3.12.11,3.0.4,2,Intel(R) Xeon(R) CPU @ 2.60GHz,,,,,15.61648178100586,machine,Y,1.0
2025-08-07T12:28:02,django-benchmark,79f07860-5125-4ee6-ace8-a3e30b36cc18,django_SCL001_871b0de2,1.0015286731068045,7.059237063319112e-08,7.04846226860477e-08,0.8,0.0,10.0,1.1133669047719905e-07,0.0,1.3906286421438889e-06,1.5019653326210878e-06,Canada,CAN,,gcp,northamerica-northeast2,Linux-6.8.0-1032-gcp-x86_64-with-glibc2.35,3.12.11,3.0.4,2,Intel(R) Xeon(R) CPU @ 2.60GHz,,,,,15.61648178100586,machine,Y,1.0
2025-08-07T12:28:04,django-benchmark,46054d17-5e85-4a26-b9a0-74dd405b9c26,django_SCL001_871b0de2,1.0014833831228316,7.059397026128138e-08,7.0489407463911e-08,0.8,0.0,10.0,1.1132165023850073e-07,0.0,1.3906777170228047e-06,1.5019993672613051e-06,Canada,CAN,,gcp,northamerica-northeast2,Linux-6.8.0-1032-gcp-x86_64-with-glibc2.35,3.12.11,3.0.4,2,Intel(R) Xeon(R) CPU @ 2.60GHz,,,,,15.61648178100586,machine,Y,1.0
2025-08-07T12:28:06,django-benchmark,47d74873-0bd5-4ce1-9608-635f344daf4a,django_SCL001_871b0de2,1.0014820389915258,7.05915323318655e-08,7.048706774906307e-08,0.8,0.0,10.0,1.1131757176998589e-07,0.0,1.390629924652684e-06,1.50194749642267e-06,Canada,CAN,,gcp,northamerica-northeast2,Linux-6.8.0-1032-gcp-x86_64-with-glibc2.35,3.12.11,3.0.4,2,Intel(R) Xeon(R) CPU @ 2.60GHz,,,,,15.61648178100586,machine,Y,1.0
2025-08-07T12:28:08,django-benchmark,95208e12-4e5b-433e-a704-6a69c36ceca5,django_SCL001_871b0de2,1.0013207260053605,7.058716178615577e-08,7.049405844993754e-08,0.8,0.0,10.0,1.1130104819312693e-07,0.0,1.3905534578952938e-06,1.5018545060884208e-06,Canada,CAN,,gcp,northamerica-northeast2,Linux-6.8.0-1032-gcp-x86_64-with-glibc2.35,3.12.11,3.0.4,2,Intel(R) Xeon(R) CPU @ 2.60GHz,,,,,15.61648178100586,machine,Y,1.0
2025-08-07T12:28:10,django-benchmark,315142f5-e19e-4aa4-b1ef-2bc27e2ee97b,django_SCL001_871b0de2,1.0014980260748416,7.059440240923627e-08,7.048880833636387e-08,0.8,0.0,10.0,1.1132061196905045e-07,0.0,1.3906879499295931e-06,1.5020085618986435e-06,Canada,CAN,,gcp,northamerica-northeast2,Linux-6.8.0-1032-gcp-x86_64-with-glibc2.35,3.12.11,3.0.4,2,Intel(R) Xeon(R) CPU @ 2.60GHz,,,,,15.61648178100586,machine,Y,1.0
2025-08-07T12:28:12,django-benchmark,667944f3-b5f8-4df9-a168-5f2eaae583b7,django_SCL001_871b0de2,1.0015553319826722,7.060647155763582e-08,7.049682559011863e-08,0.8,0.0,10.0,1.113478746782575e-07,0.0,1.3909174776118662e-06,1.5022653522901237e-06,Canada,CAN,,gcp,northamerica-northeast2,Linux-6.8.0-1032-gcp-x86_64-with-glibc2.35,3.12.11,3.0.4,2,Intel(R) Xeon(R) CPU @ 2.60GHz,,,,,15.61648178100586,machine,Y,1.0
2025-08-07T12:28:15,django-benchmark,cc553cb2-c380-4419-ad35-78c62f08f9a1,django_SCL001_871b0de2,1.0013682160060853,7.058853992467955e-08,7.04920915167639e-08,0.8,0.0,10.0,1.1130826754702465e-07,0.0,1.3905755606376463e-06,1.501883828184671e-06,Canada,CAN,,gcp,northamerica-northeast2,Linux-6.8.0-1032-gcp-x86_64-with-glibc2.35,3.12.11,3.0.4,2,Intel(R) Xeon(R) CPU @ 2.60GHz,,,,,15.61648178100586,machine,Y,1.0
2025-08-07T12:28:17,django-benchmark,45aed526-2713-496b-a7fe-7d27cfc90224,django_SCL001_871b0de2,1.0013930189888924,7.058871693154964e-08,7.049052229545513e-08,0.8000072,0.0,10.0,1.1131884718073e-07,0.0,1.3905687471075604e-06,1.5018875942882905e-06,Canada,CAN,,gcp,northamerica-northeast2,Linux-6.8.0-1032-gcp-x86_64-with-glibc2.35,3.12.11,3.0.4,2,Intel(R) Xeon(R) CPU @ 2.60GHz,,,,,15.61648178100586,machine,Y,1.0
2025-08-07T12:28:19,django-benchmark,aded8eca-bb1d-40af-90e3-f44b5fc2af83,django_SCL001_871b0de2,1.0014755309093744,7.059693552607982e-08,7.049292104218998e-08,0.8,0.0,10.0,1.1131996620032525e-07,0.0,1.390742491801373e-06,1.5020624580016985e-06,Canada,CAN,,gcp,northamerica-northeast2,Linux-6.8.0-1032-gcp-x86_64-with-glibc2.35,3.12.11,3.0.4,2,Intel(R) Xeon(R) CPU @ 2.60GHz,,,,,15.61648178100586,machine,Y,1.0
2025-08-07T12:28:21,django-benchmark,71a46887-8eec-49f6-9c03-63e34cdf9172,django_SCL001_871b0de2,1.0014495600480586,7.059212591762964e-08,7.048994650738276e-08,0.8,0.0,10.0,1.1132770931969089e-07,0.0,1.3906324165873228e-06,1.5019601259070135e-06,Canada,CAN,,gcp,northamerica-northeast2,Linux-6.8.0-1032-gcp-x86_64-with-glibc2.35,3.12.11,3.0.4,2,Intel(R) Xeon(R) CPU @ 2.60GHz,,,,,15.61648178100586,machine,Y,1.0
2025-08-07T12:28:23,django-benchmark,8e728c22-bc3b-40aa-a011-f7902e73b5d9,django_SCL001_871b0de2,1.0013693619985131,7.058504866319708e-08,7.048852435661185e-08,0.8,0.0,10.0,1.1130848796003397e-07,0.0,1.390501058065436e-06,1.50180954602547e-06,Canada,CAN,,gcp,northamerica-northeast2,Linux-6.8.0-1032-gcp-x86_64-with-glibc2.35,3.12.11,3.0.4,2,Intel(R) Xeon(R) CPU @ 2.60GHz,,,,,15.61648178100586,machine,Y,1.0
2025-08-07T12:28:25,django-benchmark,c74f2bca-ea54-441d-862a-e530107d982e,django_SCL001_871b0de2,1.0015343949198725,7.06066144968435e-08,7.049844204550994e-08,0.8,0.0,10.0,1.1134034089951053e-07,0.0,1.3909280526503508e-06,1.5022683935498614e-06,Canada,CAN,,gcp,northamerica-northeast2,Linux-6.8.0-1032-gcp-x86_64-with-glibc2.35,3.12.11,3.0.4,2,Intel(R) Xeon(R) CPU @ 2.60GHz,,,,,15.61648178100586,machine,Y,1.0
2025-08-07T12:28:27,django-benchmark,c20be0d1-2549-40d5-8c80-2dfbf7ec4832,django_SCL001_871b0de2,1.001450581010431,7.059109520725906e-08,7.048884542663597e-08,0.8,0.0,10.0,1.1132129618070193e-07,0.0,1.3906168997184272e-06,1.501938195899129e-06,Canada,CAN,,gcp,northamerica-northeast2,Linux-6.8.0-1032-gcp-x86_64-with-glibc2.35,3.12.11,3.0.4,2,Intel(R) Xeon(R) CPU @ 2.60GHz,,,,,15.61648178100586,machine,Y,1.0
2025-08-07T12:28:30,django-benchmark,50d191ce-5bdd-418e-8cc2-ed12c7925d67,django_SCL001_871b0de2,1.0013996958732605,7.05891243304488e-08,7.049045912570632e-08,0.8,0.0,10.0,1.1131101531080077e-07,0.0,1.390585247039174e-06,1.5018962623499747e-06,Canada,CAN,,gcp,northamerica-northeast2,Linux-6.8.0-1032-gcp-x86_64-with-glibc2.35,3.12.11,3.0.4,2,Intel(R) Xeon(R) CPU @ 2.60GHz,,,,,15.61648178100586,machine,Y,1.0
2025-08-07T12:28:32,django-benchmark,e54edb7c-e425-4c11-9f43-34c37ccf98a0,django_SCL001_871b0de2,1.0014367820695045,7.05895908796746e-08,7.048831453324365e-08,0.8,0.0,10.0,1.1132271334321964e-07,0.0,1.3905834755860271e-06,1.5019061889292468e-06,Canada,CAN,,gcp,northamerica-northeast2,Linux-6.8.0-1032-gcp-x86_64-with-glibc2.35,3.12.11,3.0.4,2,Intel(R) Xeon(R) CPU @ 2.60GHz,,,,,15.61648178100586,machine,Y,1.0
2025-08-07T12:28:34,django-benchmark,c1eeeb75-5643-45cc-899f-038284aa19eb,django_SCL001_871b0de2,1.0014357860200107,7.05996672651834e-08,7.049844658114973e-08,0.8,0.0,10.0,1.1132641866182289e-07,0.0,1.3907941614484622e-06,1.502120580110285e-06,Canada,CAN,,gcp,northamerica-northeast2,Linux-6.8.0-1032-gcp-x86_64-with-glibc2.35,3.12.11,3.0.4,2,Intel(R) Xeon(R) CPU @ 2.60GHz,,,,,15.61648178100586,machine,Y,1.0
2025-08-07T12:28:36,django-benchmark,73e4b1fb-f5fa-421d-99ad-4cb56cdde497,django_SCL001_871b0de2,1.0013544419780374,7.058835556241684e-08,7.04928770505869e-08,0.8,0.0,10.0,1.1130597799395525e-07,0.0,1.390573927589382e-06,1.501879905583337e-06,Canada,CAN,,gcp,northamerica-northeast2,Linux-6.8.0-1032-gcp-x86_64-with-glibc2.35,3.12.11,3.0.4,2,Intel(R) Xeon(R) CPU @ 2.60GHz,,,,,15.61648178100586,machine,Y,1.0
2025-08-07T12:28:38,django-benchmark,e3efe50d-0442-476d-97e4-fb6fba1fcca2,django_SCL001_871b0de2,1.0014296248555183,7.059490353846923e-08,7.049412338750647e-08,0.8,0.0,10.0,1.1132051040314969e-07,0.0,1.3906987138195998e-06,1.5020192242227496e-06,Canada,CAN,,gcp,northamerica-northeast2,Linux-6.8.0-1032-gcp-x86_64-with-glibc2.35,3.12.11,3.0.4,2,Intel(R) Xeon(R) CPU @ 2.60GHz,,,,,15.61648178100586,machine,Y,1.0
2025-08-07T12:28:40,django-benchmark,628180d8-68df-4939-a0e5-d79bbf5584dc,django_SCL001_871b0de2,1.0014449858572334,7.059161378212997e-08,7.048975708006945e-08,0.8,0.0,10.0,1.1132015199917888e-07,0.0,1.390629077407842e-06,1.5019492294070209e-06,Canada,CAN,,gcp,northamerica-northeast2,Linux-6.8.0-1032-gcp-x86_64-with-glibc2.35,3.12.11,3.0.4,2,Intel(R) Xeon(R) CPU @ 2.60GHz,,,,,15.61648178100586,machine,Y,1.0
2025-08-07T12:28:42,django-benchmark,9608225b-751f-41db-bf55-5e867231b0bd,django_SCL001_871b0de2,1.0013104740064591,7.058447258994501e-08,7.049209453239945e-08,0.8,0.0,10.0,1.11301736233549e-07,0.0,1.390495552914217e-06,1.501797289147766e-06,Canada,CAN,,gcp,northamerica-northeast2,Linux-6.8.0-1032-gcp-x86_64-with-glibc2.35,3.12.11,3.0.4,2,Intel(R) Xeon(R) CPU @ 2.60GHz,,,,,15.61648178100586,machine,Y,1.0
2025-08-07T12:28:45,django-benchmark,b26c5ef1-5a70-4526-82db-64096b6a6229,django_SCL001_871b0de2,1.001326123951003,7.058365805082336e-08,7.04901793356958e-08,0.8,0.0,10.0,1.113031277846959e-07,0.0,1.3904768307434604e-06,1.5017799585281565e-06,Canada,CAN,,gcp,northamerica-northeast2,Linux-6.8.0-1032-gcp-x86_64-with-glibc2.35,3.12.11,3.0.4,2,Intel(R) Xeon(R) CPU @ 2.60GHz,,,,,15.61648178100586,machine,Y,1.0
2025-08-07T12:28:47,django-benchmark,92c4b003-32dc-4d14-89f7-39377586d4c1,django_SCL001_871b0de2,1.001386344898492,7.05869142547105e-08,7.04891919230891e-08,0.8004608000000001,0.0,10.0,1.1137625624485149e-07,0.0,1.3904729832170738e-06,1.5018492394619254e-06,Canada,CAN,,gcp,northamerica-northeast2,Linux-6.8.0-1032-gcp-x86_64-with-glibc2.35,3.12.11,3.0.4,2,Intel(R) Xeon(R) CPU @ 2.60GHz,,,,,15.61648178100586,machine,Y,1.0
2025-08-07T12:28:49,django-benchmark,12b6d4d5-525e-4aa0-889c-1f2983b3a23a,django_SCL001_871b0de2,1.0014594099484384,7.058663522164959e-08,7.048377050577004e-08,0.8,0.0,10.0,1.1131732776347137e-07,0.0,1.3905259748248177e-06,1.501843302588289e-06,Canada,CAN,,gcp,northamerica-northeast2,Linux-6.8.0-1032-gcp-x86_64-with-glibc2.35,3.12.11,3.0.4,2,Intel(R) Xeon(R) CPU @ 2.60GHz,,,,,15.61648178100586,machine,Y,1.0
2025-08-07T12:28:51,django-benchmark,bf3f4386-6c21-40dc-bd96-4f0147e692cc,django_SCL001_871b0de2,1.001307612052187,7.058252541332815e-08,7.049035138030037e-08,0.8,0.0,10.0,1.1129642091691497e-07,0.0,1.390459438941131e-06,1.501755859858046e-06,Canada,CAN,,gcp,northamerica-northeast2,Linux-6.8.0-1032-gcp-x86_64-with-glibc2.35,3.12.11,3.0.4,2,Intel(R) Xeon(R) CPU @ 2.60GHz,,,,,15.61648178100586,machine,Y,1.0
2025-08-07T12:28:53,django-benchmark,29b721c1-da56-40f0-81c1-1a6cbec9a65d,django_SCL001_871b0de2,1.0013146148994565,7.058737564112786e-08,7.049470225521039e-08,0.8,0.0,10.0,1.1130578132967157e-07,0.0,1.390553274864538e-06,1.5018590561942095e-06,Canada,CAN,,gcp,northamerica-northeast2,Linux-6.8.0-1032-gcp-x86_64-with-glibc2.35,3.12.11,3.0.4,2,Intel(R) Xeon(R) CPU @ 2.60GHz,,,,,15.61648178100586,machine,Y,1.0
2025-08-07T12:28:55,django-benchmark,176d4534-7b23-45e5-8203-ba16d77228d4,django_SCL001_871b0de2,1.0013210771139711,7.058407260342426e-08,7.049094862445437e-08,0.8000072,0.0,10.0,1.1129941723690901e-07,0.0,1.3904893615593512e-06,1.5017887787962602e-06,Canada,CAN,,gcp,northamerica-northeast2,Linux-6.8.0-1032-gcp-x86_64-with-glibc2.35,3.12.11,3.0.4,2,Intel(R) Xeon(R) CPU @ 2.60GHz,,,,,15.61648178100586,machine,Y,1.0
2025-08-07T12:28:57,django-benchmark,cea0afab-3fcd-4099-b9af-1fe3cbc6619d,django_SCL001_871b0de2,1.0013759010471404,7.059067364608766e-08,7.0493681316148e-08,0.8,0.0,10.0,1.1130787132100929e-07,0.0,1.3906213551914942e-06,1.5019292265125035e-06,Canada,CAN,,gcp,northamerica-northeast2,Linux-6.8.0-1032-gcp-x86_64-with-glibc2.35,3.12.11,3.0.4,2,Intel(R) Xeon(R) CPU @ 2.60GHz,,,,,15.61648178100586,machine,Y,1.0
2025-08-07T12:28:59,django-benchmark,5a4bd110-7502-4307-b6aa-49f3e746af0c,django_SCL001_871b0de2,1.0014753218274564,7.059396460616133e-08,7.04899692159603e-08,0.8,0.0,10.0,1.1132179443827937e-07,0.0,1.3906774525013237e-06,1.5019992469396028e-06,Canada,CAN,,gcp,northamerica-northeast2,Linux-6.8.0-1032-gcp-x86_64-with-glibc2.35,3.12.11,3.0.4,2,Intel(R) Xeon(R) CPU @ 2.60GHz,,,,,15.61648178100586,machine,Y,1.0
2025-08-07T12:29:02,django-benchmark,4dafdf4b-8869-40ae-abe2-8be75c31f163,django_SCL001_871b0de2,1.0014117709361017,7.059001759866565e-08,7.049050115785975e-08,0.8,0.0,10.0,1.1131218489673405e-07,0.0,1.3906030831599816e-06,1.5019152680567155e-06,Canada,CAN,,gcp,northamerica-northeast2,Linux-6.8.0-1032-gcp-x86_64-with-glibc2.35,3.12.11,3.0.4,2,Intel(R) Xeon(R) CPU @ 2.60GHz,,,,,15.61648178100586,machine,Y,1.0
2025-08-07T12:29:04,django-benchmark,8a4423d5-e21a-424b-9c99-255de4f02e1d,django_SCL001_871b0de2,1.0015206469688565,7.05926612985786e-08,7.048547777045857e-08,0.8,0.0,10.0,1.1132123129856257e-07,0.0,1.3906502856924715e-06,1.501971516991034e-06,Canada,CAN,,gcp,northamerica-northeast2,Linux-6.8.0-1032-gcp-x86_64-with-glibc2.35,3.12.11,3.0.4,2,Intel(R) Xeon(R) CPU @ 2.60GHz,,,,,15.61648178100586,machine,Y,1.0
2025-08-07T12:29:06,django-benchmark,e7a6f592-4aa1-4d97-9cb3-f9b8a9b90dc2,django_SCL001_871b0de2,1.0014174301177263,7.059211101077703e-08,7.049219325299567e-08,0.8,0.0,10.0,1.1131841135728693e-07,0.0,1.39064139738265e-06,1.501959808739937e-06,Canada,CAN,,gcp,northamerica-northeast2,Linux-6.8.0-1032-gcp-x86_64-with-glibc2.35,3.12.11,3.0.4,2,Intel(R) Xeon(R) CPU @ 2.60GHz,,,,,15.61648178100586,machine,Y,1.0
2025-08-07T12:29:08,django-benchmark,44d0d625-9c8e-4aea-bfd3-e18177fb2064,django_SCL001_871b0de2,1.001395208062604,7.058791735323353e-08,7.048956973720668e-08,0.8,0.0,10.0,1.1131470976397397e-07,0.0,1.3905558722197183e-06,1.5018705819836925e-06,Canada,CAN,,gcp,northamerica-northeast2,Linux-6.8.0-1032-gcp-x86_64-with-glibc2.35,3.12.11,3.0.4,2,Intel(R) Xeon(R) CPU @ 2.60GHz,,,,,15.61648178100586,machine,Y,1.0
2025-08-07T12:29:10,django-benchmark,d16cf5c1-c1c9-4a8b-8518-1780afd01c33,django_SCL001_871b0de2,1.0013635901268572,7.058664790463325e-08,7.049052771700138e-08,0.8,0.0,10.0,1.113010142515931e-07,0.0,1.3905425581874118e-06,1.501843572439005e-06,Canada,CAN,,gcp,northamerica-northeast2,Linux-6.8.0-1032-gcp-x86_64-with-glibc2.35,3.12.11,3.0.4,2,Intel(R) Xeon(R) CPU @ 2.60GHz,,,,,15.61648178100586,machine,Y,1.0
2025-08-07T12:29:12,django-benchmark,08bb3105-ea7b-4fd4-8eb2-803484c25570,django_SCL001_871b0de2,1.0014615189284086,7.059204854182383e-08,7.048902749389637e-08,0.8,0.0,10.0,1.1132813845243718e-07,0.0,1.3906303411608356e-06,1.5019584796132728e-06,Canada,CAN,,gcp,northamerica-northeast2,Linux-6.8.0-1032-gcp-x86_64-with-glibc2.35,3.12.11,3.0.4,2,Intel(R) Xeon(R) CPU @ 2.60GHz,,,,,15.61648178100586,machine,Y,1.0
2025-08-07T12:29:14,django-benchmark,08fcb45f-4a09-446b-94d7-b206b146d31c,django_SCL001_871b0de2,1.001435708021745,7.059255230954539e-08,7.049134731673911e-08,0.8,0.0,10.0,1.1131225666031241e-07,0.0,1.390656941415121e-06,1.5019691980754334e-06,Canada,CAN,,gcp,northamerica-northeast2,Linux-6.8.0-1032-gcp-x86_64-with-glibc2.35,3.12.11,3.0.4,2,Intel(R) Xeon(R) CPU @ 2.60GHz,,,,,15.61648178100586,machine,Y,1.0
2025-08-07T12:29:17,django-benchmark,f35aca0d-133d-4550-8822-94f78604b37f,django_SCL001_871b0de2,1.0014583179727197,7.059499794650927e-08,7.049219790736445e-08,0.8,0.0,10.0,1.1132469152410828e-07,0.0,1.3906965413803442e-06,1.5020212329044524e-06,Canada,CAN,,gcp,northamerica-northeast2,Linux-6.8.0-1032-gcp-x86_64-with-glibc2.35,3.12.11,3.0.4,2,Intel(R) Xeon(R) CPU @ 2.60GHz,,,,,15.61648178100586,machine,Y,1.0
2025-08-07T12:29:19,django-benchmark,4a4356b6-36db-4b43-a777-11471cd2ca20,django_SCL001_871b0de2,1.0021753869950771,7.058610486963557e-08,7.043288608522004e-08,0.8,0.0,10.0,1.1130401352420453e-07,0.0,1.39052800497868e-06,1.5018320185028844e-06,Canada,CAN,,gcp,northamerica-northeast2,Linux-6.8.0-1032-gcp-x86_64-with-glibc2.35,3.12.11,3.0.4,2,Intel(R) Xeon(R) CPU @ 2.60GHz,,,,,15.61648178100586,machine,Y,1.0
2025-08-07T12:29:21,django-benchmark,f7a0af51-74eb-47af-a654-85571721a9b9,django_SCL001_871b0de2,1.0014373031444848,7.059463988293689e-08,7.049331961299196e-08,0.8,0.0,10.0,1.1132013357968793e-07,0.0,1.3906934809508836e-06,1.5020136145305715e-06,Canada,CAN,,gcp,northamerica-northeast2,Linux-6.8.0-1032-gcp-x86_64-with-glibc2.35,3.12.11,3.0.4,2,Intel(R) Xeon(R) CPU @ 2.60GHz,,,,,15.61648178100586,machine,Y,1.0
2025-08-07T12:29:23,django-benchmark,59b67997-c4de-423e-bea5-1edd7c5f2e28,django_SCL001_871b0de2,1.001442497828975,7.059266986576323e-08,7.049098677038465e-08,0.8,0.0,10.0,1.1132269932164089e-07,0.0,1.3906489999499172e-06,1.501971699271558e-06,Canada,CAN,,gcp,northamerica-northeast2,Linux-6.8.0-1032-gcp-x86_64-with-glibc2.35,3.12.11,3.0.4,2,Intel(R) Xeon(R) CPU @ 2.60GHz,,,,,15.61648178100586,machine,Y,1.0
2025-08-07T12:29:25,django-benchmark,842e9285-e30e-4b6f-9ef8-6731425613a7,django_SCL001_871b0de2,1.001419762847945,7.059293236984458e-08,7.049284924144578e-08,0.8,0.0,10.0,1.1132044329618417e-07,0.0,1.390656841168594e-06,1.501977284464778e-06,Canada,CAN,,gcp,northamerica-northeast2,Linux-6.8.0-1032-gcp-x86_64-with-glibc2.35,3.12.11,3.0.4,2,Intel(R) Xeon(R) CPU @ 2.60GHz,,,,,15.61648178100586,machine,Y,1.0
2025-08-07T12:29:27,django-benchmark,962e9aa2-f436-4b6e-9cec-d316799218fc,django_SCL001_871b0de2,1.001437879865989,7.05901670939703e-08,7.048881264948412e-08,0.8,0.0,10.0,1.1131682666018605e-07,0.0,1.3906016221476925e-06,1.5019184488078786e-06,Canada,CAN,,gcp,northamerica-northeast2,Linux-6.8.0-1032-gcp-x86_64-with-glibc2.35,3.12.11,3.0.4,2,Intel(R) Xeon(R) CPU @ 2.60GHz,,,,,15.61648178100586,machine,Y,1.0
