timestamp,project_name,run_id,experiment_id,duration,emissions,emissions_rate,cpu_power,gpu_power,ram_power,cpu_energy,gpu_energy,ram_energy,energy_consumed,country_name,country_iso_code,region,cloud_provider,cloud_region,os,python_version,codecarbon_version,cpu_count,cpu_model,gpu_count,gpu_model,longitude,latitude,ram_total_size,tracking_mode,on_cloud,pue
2025-08-07T12:30:54,django-benchmark,1d562fae-69db-4d85-bf67-99dd98e8eb0e,django_SCL001_871b0de2,1.002039783867076,7.682424530431779e-08,7.666785944150577e-08,1.7550872000000004,0.0,10.0,2.441581250010622e-07,0.0,1.3904002857291037e-06,1.6345584107301658e-06,Canada,CAN,,gcp,northamerica-northeast2,Linux-6.8.0-1032-gcp-x86_64-with-glibc2.35,3.12.11,3.0.4,2,Intel(R) Xeon(R) CPU @ 2.60GHz,,,,,15.61648178100586,machine,Y,1.0
2025-08-07T12:30:56,django-benchmark,bdbd96b7-4c93-4fb6-9f5c-d1d5b45f8fe9,django_SCL001_871b0de2,1.001203055959195,7.645851204270085e-08,7.63666387029256e-08,1.7000000000000002,0.0,10.0,2.3646144659465386e-07,0.0,1.3903154053777044e-06,1.6267768519723585e-06,Canada,CAN,,gcp,northamerica-northeast2,Linux-6.8.0-1032-gcp-x86_64-with-glibc2.35,3.12.11,3.0.4,2,Intel(R) Xeon(R) CPU @ 2.60GHz,,,,,15.61648178100586,machine,Y,1.0
2025-08-07T12:31:11,django-benchmark,91fefa14-62a2-4899-8164-5b3737538121,django_SCL001_871b0de2,1.0013446379452944,7.647635832359082e-08,7.637366339776507e-08,1.7000000000000002,0.0,10.0,2.365335129822294e-07,0.0,1.3906230470941711e-06,1.6271565600764005e-06,Canada,CAN,,gcp,northamerica-northeast2,Linux-6.8.0-1032-gcp-x86_64-with-glibc2.35,3.12.11,3.0.4,2,Intel(R) Xeon(R) CPU @ 2.60GHz,,,,,15.61648178100586,machine,Y,1.0
2025-08-07T12:31:13,django-benchmark,85f48b5f-bdc4-4fa4-be22-d0dfb69e035c,django_SCL001_871b0de2,1.0013878708705306,7.61098954798099e-08,7.600441117151315e-08,1.6470728,0.0,10.0,2.2910710081811226e-07,0.0,1.3902523774757153e-06,1.6193594782938276e-06,Canada,CAN,,gcp,northamerica-northeast2,Linux-6.8.0-1032-gcp-x86_64-with-glibc2.35,3.12.11,3.0.4,2,Intel(R) Xeon(R) CPU @ 2.60GHz,,,,,15.61648178100586,machine,Y,1.0
2025-08-07T12:31:15,django-benchmark,97e516dd-ee49-4438-b3f0-483b581d67b5,django_SCL001_871b0de2,1.0014683660119772,7.682212464009615e-08,7.67094870365355e-08,1.7550872000000004,0.0,10.0,2.44161045855267e-07,0.0,1.3903522443595448e-06,1.6345132902148117e-06,Canada,CAN,,gcp,northamerica-northeast2,Linux-6.8.0-1032-gcp-x86_64-with-glibc2.35,3.12.11,3.0.4,2,Intel(R) Xeon(R) CPU @ 2.60GHz,,,,,15.61648178100586,machine,Y,1.0
2025-08-07T12:31:18,django-benchmark,4ee06280-b701-4b6f-ba64-ffb0b23c093b,django_SCL001_871b0de2,1.001150387106463,7.627708125247436e-08,7.618943391005548e-08,1.6732691000000002,0.0,10.0,2.327119001760975e-07,0.0,1.390204722216974e-06,1.6229166223930713e-06,Canada,CAN,,gcp,northamerica-northeast2,Linux-6.8.0-1032-gcp-x86_64-with-glibc2.35,3.12.11,3.0.4,2,Intel(R) Xeon(R) CPU @ 2.60GHz,,,,,15.61648178100586,machine,Y,1.0
2025-08-07T12:31:20,django-benchmark,d4d43fdc-70ea-41d3-a2ea-dfcc0469d979,django_SCL001_871b0de2,1.0014072661288085,7.645159076914813e-08,7.634415422677228e-08,1.7000000000000002,0.0,10.0,2.3645198756518465e-07,0.0,1.390177603267754e-06,1.6266295908329387e-06,Canada,CAN,,gcp,northamerica-northeast2,Linux-6.8.0-1032-gcp-x86_64-with-glibc2.35,3.12.11,3.0.4,2,Intel(R) Xeon(R) CPU @ 2.60GHz,,,,,15.61648178100586,machine,Y,1.0
2025-08-07T12:31:22,django-benchmark,1147282b-4c07-491b-b5a4-c563c70129ad,django_SCL001_871b0de2,1.001412712968886,7.66378771307254e-08,7.652976254267562e-08,1.7272709000000002,0.0,10.0,2.402758915219432e-07,0.0,1.390317238919023e-06,1.6305931304409662e-06,Canada,CAN,,gcp,northamerica-northeast2,Linux-6.8.0-1032-gcp-x86_64-with-glibc2.35,3.12.11,3.0.4,2,Intel(R) Xeon(R) CPU @ 2.60GHz,,,,,15.61648178100586,machine,Y,1.0
2025-08-07T12:31:24,django-benchmark,8100cb0b-fc51-422b-81f2-266347d90704,django_SCL001_871b0de2,1.0011617168784142,7.645320907457628e-08,7.636449515164705e-08,1.7000000000000002,0.0,10.0,2.3644279812773082e-07,0.0,1.3902212247355945e-06,1.626664022863325e-06,Canada,CAN,,gcp,northamerica-northeast2,Linux-6.8.0-1032-gcp-x86_64-with-glibc2.35,3.12.11,3.0.4,2,Intel(R) Xeon(R) CPU @ 2.60GHz,,,,,15.61648178100586,machine,Y,1.0
2025-08-07T12:31:26,django-benchmark,048e4e70-241a-4ed3-abae-5398a254a5c7,django_SCL001_871b0de2,1.0011392051819712,7.66301680273365e-08,7.654296987940642e-08,1.7272709000000002,0.0,10.0,2.402229981117991e-07,0.0,1.3902061088528071e-06,1.6304291069646062e-06,Canada,CAN,,gcp,northamerica-northeast2,Linux-6.8.0-1032-gcp-x86_64-with-glibc2.35,3.12.11,3.0.4,2,Intel(R) Xeon(R) CPU @ 2.60GHz,,,,,15.61648178100586,machine,Y,1.0
2025-08-07T12:31:28,django-benchmark,fa0b8c95-989d-4b7c-8bf9-960697ddf9dc,django_SCL001_871b0de2,1.001114078098908,7.645232712571873e-08,7.636724804719548e-08,1.7000000000000002,0.0,10.0,2.364297246741545e-07,0.0,1.3902155333198608e-06,1.6266452579940154e-06,Canada,CAN,,gcp,northamerica-northeast2,Linux-6.8.0-1032-gcp-x86_64-with-glibc2.35,3.12.11,3.0.4,2,Intel(R) Xeon(R) CPU @ 2.60GHz,,,,,15.61648178100586,machine,Y,1.0
2025-08-07T12:31:31,django-benchmark,3dcc3e83-ff00-4c9a-8ebf-37294849b9fc,django_SCL001_871b0de2,1.0011625250335785,7.663093149855902e-08,7.65419495660696e-08,1.7272709000000002,0.0,10.0,2.402250420981078e-07,0.0,1.3902203089350628e-06,1.6304453510331706e-06,Canada,CAN,,gcp,northamerica-northeast2,Linux-6.8.0-1032-gcp-x86_64-with-glibc2.35,3.12.11,3.0.4,2,Intel(R) Xeon(R) CPU @ 2.60GHz,,,,,15.61648178100586,machine,Y,1.0
2025-08-07T12:31:33,django-benchmark,830b7bd8-28d0-4110-b164-d19b7d7d5442,django_SCL001_871b0de2,1.0013461669441313,7.64560295675118e-08,7.635324535254109e-08,1.7000000000000002,0.0,10.0,2.3646782257775258e-07,0.0,1.3902562107735624e-06,1.626724033351315e-06,Canada,CAN,,gcp,northamerica-northeast2,Linux-6.8.0-1032-gcp-x86_64-with-glibc2.35,3.12.11,3.0.4,2,Intel(R) Xeon(R) CPU @ 2.60GHz,,,,,15.61648178100586,machine,Y,1.0
2025-08-07T12:31:35,django-benchmark,ded6d71e-5d53-46cb-a8ee-8f68dbb55ae2,django_SCL001_871b0de2,1.0014649131335318,7.663802974439062e-08,7.65259259104687e-08,1.7272709000000002,0.0,10.0,2.402762748042859e-07,0.0,1.39032010273594e-06,1.630596377540226e-06,Canada,CAN,,gcp,northamerica-northeast2,Linux-6.8.0-1032-gcp-x86_64-with-glibc2.35,3.12.11,3.0.4,2,Intel(R) Xeon(R) CPU @ 2.60GHz,,,,,15.61648178100586,machine,Y,1.0
2025-08-07T12:31:37,django-benchmark,a655ba82-cf3c-41d9-b7ef-dc7827d3e5a4,django_SCL001_871b0de2,1.001213300973177,7.645704708878314e-08,7.636439409511147e-08,1.7000000000000002,0.0,10.0,2.364516777322732e-07,0.0,1.3902940050077936e-06,1.6267456827400666e-06,Canada,CAN,,gcp,northamerica-northeast2,Linux-6.8.0-1032-gcp-x86_64-with-glibc2.35,3.12.11,3.0.4,2,Intel(R) Xeon(R) CPU @ 2.60GHz,,,,,15.61648178100586,machine,Y,1.0
2025-08-07T12:31:39,django-benchmark,d99219ea-9d72-4cb2-8868-c6e4a8354114,django_SCL001_871b0de2,1.0011605890467763,7.663621968278023e-08,7.654737963241943e-08,1.7272709000000002,0.0,10.0,2.402454876584838e-07,0.0,1.390312377932585e-06,1.6305578655910687e-06,Canada,CAN,,gcp,northamerica-northeast2,Linux-6.8.0-1032-gcp-x86_64-with-glibc2.35,3.12.11,3.0.4,2,Intel(R) Xeon(R) CPU @ 2.60GHz,,,,,15.61648178100586,machine,Y,1.0
2025-08-07T12:31:41,django-benchmark,726f27a0-d8ef-43c8-bcf2-a2f75c00e7b6,django_SCL001_871b0de2,1.0011450578458607,7.645821201037488e-08,7.637076306892842e-08,1.7000000000000002,0.0,10.0,2.364530075509619e-07,0.0,1.3903174607548862e-06,1.6267704683058482e-06,Canada,CAN,,gcp,northamerica-northeast2,Linux-6.8.0-1032-gcp-x86_64-with-glibc2.35,3.12.11,3.0.4,2,Intel(R) Xeon(R) CPU @ 2.60GHz,,,,,15.61648178100586,machine,Y,1.0
2025-08-07T12:31:43,django-benchmark,58aaa670-06f3-4626-99a9-4661634bcbc4,django_SCL001_871b0de2,1.0011569960042834,7.681492785121622e-08,7.672615599530564e-08,1.7550872000000004,0.0,10.0,2.44110336479979e-07,0.0,1.3902498305671745e-06,1.6343601670471537e-06,Canada,CAN,,gcp,northamerica-northeast2,Linux-6.8.0-1032-gcp-x86_64-with-glibc2.35,3.12.11,3.0.4,2,Intel(R) Xeon(R) CPU @ 2.60GHz,,,,,15.61648178100586,machine,Y,1.0
2025-08-07T12:31:46,django-benchmark,b225186e-af73-4db5-bece-27fd1c500fa0,django_SCL001_871b0de2,1.0014025650452822,7.663385928007446e-08,7.65265258498805e-08,1.7272709000000002,0.0,10.0,2.40261700021222e-07,0.0,1.3902459442356808e-06,1.6305076442569029e-06,Canada,CAN,,gcp,northamerica-northeast2,Linux-6.8.0-1032-gcp-x86_64-with-glibc2.35,3.12.11,3.0.4,2,Intel(R) Xeon(R) CPU @ 2.60GHz,,,,,15.61648178100586,machine,Y,1.0
2025-08-07T12:31:48,django-benchmark,9abddf75-76b5-4712-a0f0-17dcfb7a165d,django_SCL001_871b0de2,1.0014512909110636,7.646024623249347e-08,7.634944098273047e-08,1.7000000000000002,0.0,10.0,2.3648702221301697e-07,0.0,1.3903267274145035e-06,1.6268137496275208e-06,Canada,CAN,,gcp,northamerica-northeast2,Linux-6.8.0-1032-gcp-x86_64-with-glibc2.35,3.12.11,3.0.4,2,Intel(R) Xeon(R) CPU @ 2.60GHz,,,,,15.61648178100586,machine,Y,1.0
2025-08-07T12:31:50,django-benchmark,47eb232b-08c0-47f4-adb2-39f5105ba9a9,django_SCL001_871b0de2,1.001115954015404,7.66302752951852e-08,7.654485475716042e-08,1.7272709000000002,0.0,10.0,2.402214225320376e-07,0.0,1.390209966727222e-06,1.6304313892592596e-06,Canada,CAN,,gcp,northamerica-northeast2,Linux-6.8.0-1032-gcp-x86_64-with-glibc2.35,3.12.11,3.0.4,2,Intel(R) Xeon(R) CPU @ 2.60GHz,,,,,15.61648178100586,machine,Y,1.0
2025-08-07T12:31:52,django-benchmark,8021bfbb-8c03-4dea-9ab0-e330d6022d49,django_SCL001_871b0de2,1.0011713278945535,7.663277993873043e-08,7.654312284380725e-08,1.7272709000000002,0.0,10.0,2.402448658719727e-07,0.0,1.390239813675483e-06,1.6304846795474555e-06,Canada,CAN,,gcp,northamerica-northeast2,Linux-6.8.0-1032-gcp-x86_64-with-glibc2.35,3.12.11,3.0.4,2,Intel(R) Xeon(R) CPU @ 2.60GHz,,,,,15.61648178100586,machine,Y,1.0
2025-08-07T12:31:54,django-benchmark,db45bc37-f4cc-410b-881f-7a0d3a02f6e1,django_SCL001_871b0de2,1.0011524530127645,7.64555886721161e-08,7.6367578626051e-08,1.7000000000000002,0.0,10.0,2.364448244657575e-07,0.0,1.3902698281324572e-06,1.6267146525982147e-06,Canada,CAN,,gcp,northamerica-northeast2,Linux-6.8.0-1032-gcp-x86_64-with-glibc2.35,3.12.11,3.0.4,2,Intel(R) Xeon(R) CPU @ 2.60GHz,,,,,15.61648178100586,machine,Y,1.0
2025-08-07T12:31:56,django-benchmark,2b3601d1-aeed-4494-8b07-d25b56b7c71e,django_SCL001_871b0de2,1.001216797158122,7.646260142249394e-08,7.636967501896414e-08,1.7000000000000002,0.0,10.0,2.3646795671407341e-07,0.0,1.3903959033389886e-06,1.626863860053062e-06,Canada,CAN,,gcp,northamerica-northeast2,Linux-6.8.0-1032-gcp-x86_64-with-glibc2.35,3.12.11,3.0.4,2,Intel(R) Xeon(R) CPU @ 2.60GHz,,,,,15.61648178100586,machine,Y,1.0
2025-08-07T12:31:59,django-benchmark,c37a38c8-9c66-4cdd-961d-b60344bb6883,django_SCL001_871b0de2,1.0014259121380746,7.645792777463149e-08,7.634906072221708e-08,1.7000000000000002,0.0,10.0,2.3647670086292138e-07,0.0,1.3902877198739185e-06,1.6267644207368398e-06,Canada,CAN,,gcp,northamerica-northeast2,Linux-6.8.0-1032-gcp-x86_64-with-glibc2.35,3.12.11,3.0.4,2,Intel(R) Xeon(R) CPU @ 2.60GHz,,,,,15.61648178100586,machine,Y,1.0
2025-08-07T12:32:01,django-benchmark,b5d55573-1a70-48d8-9b9b-a9ea197aa067,django_SCL001_871b0de2,1.0014614681713283,7.646362758755115e-08,7.635204150906971e-08,1.7000000000000002,0.0,10.0,2.365056541877697e-07,0.0,1.3903800391643826e-06,1.6268856933521522e-06,Canada,CAN,,gcp,northamerica-northeast2,Linux-6.8.0-1032-gcp-x86_64-with-glibc2.35,3.12.11,3.0.4,2,Intel(R) Xeon(R) CPU @ 2.60GHz,,,,,15.61648178100586,machine,Y,1.0
2025-08-07T12:32:03,django-benchmark,b7374102-e8d1-47a0-90ed-4531b785781e,django_SCL001_871b0de2,1.001178712118417,7.645888834953725e-08,7.63688714353066e-08,1.7000000000000002,0.0,10.0,2.364548695170217e-07,0.0,1.3903299889837703e-06,1.626784858500792e-06,Canada,CAN,,gcp,northamerica-northeast2,Linux-6.8.0-1032-gcp-x86_64-with-glibc2.35,3.12.11,3.0.4,2,Intel(R) Xeon(R) CPU @ 2.60GHz,,,,,15.61648178100586,machine,Y,1.0
2025-08-07T12:32:05,django-benchmark,1950c53f-f871-47d8-903a-cd41b7c06ea0,django_SCL001_871b0de2,1.0010971270967275,7.662837824380976e-08,7.654439930922488e-08,1.7272709000000002,0.0,10.0,2.402251125880985e-07,0.0,1.3901659138759392e-06,1.6303910264640376e-06,Canada,CAN,,gcp,northamerica-northeast2,Linux-6.8.0-1032-gcp-x86_64-with-glibc2.35,3.12.11,3.0.4,2,Intel(R) Xeon(R) CPU @ 2.60GHz,,,,,15.61648178100586,machine,Y,1.0
2025-08-07T12:32:07,django-benchmark,fd0b709b-da5d-423d-ad86-043052826a49,django_SCL001_871b0de2,1.001178584061563,7.663517323263359e-08,7.65449585644765e-08,1.7272709000000002,0.0,10.0,2.402417754835351e-07,0.0,1.3902938252107966e-06,1.6305356006943318e-06,Canada,CAN,,gcp,northamerica-northeast2,Linux-6.8.0-1032-gcp-x86_64-with-glibc2.35,3.12.11,3.0.4,2,Intel(R) Xeon(R) CPU @ 2.60GHz,,,,,15.61648178100586,machine,Y,1.0
2025-08-07T12:32:09,django-benchmark,d8784b8a-4b0f-4a6e-a151-6814713f83bc,django_SCL001_871b0de2,1.0011503701098263,7.645348641042884e-08,7.636563766344298e-08,1.7000000000000002,0.0,10.0,2.3643467925204377e-07,0.0,1.3902352443741014e-06,1.6266699236261453e-06,Canada,CAN,,gcp,northamerica-northeast2,Linux-6.8.0-1032-gcp-x86_64-with-glibc2.35,3.12.11,3.0.4,2,Intel(R) Xeon(R) CPU @ 2.60GHz,,,,,15.61648178100586,machine,Y,1.0
2025-08-07T12:32:11,django-benchmark,ce694881-3386-4148-a2af-bf426c68858b,django_SCL001_871b0de2,1.0014570630155504,7.646021539926168e-08,7.634897013859738e-08,1.7000000000000002,0.0,10.0,2.3648342669993225e-07,0.0,1.39032966690138e-06,1.6268130936013125e-06,Canada,CAN,,gcp,northamerica-northeast2,Linux-6.8.0-1032-gcp-x86_64-with-glibc2.35,3.12.11,3.0.4,2,Intel(R) Xeon(R) CPU @ 2.60GHz,,,,,15.61648178100586,machine,Y,1.0
2025-08-07T12:32:14,django-benchmark,3368a370-040c-458b-bbcc-f9ea05eeef5d,django_SCL001_871b0de2,1.0013874820433557,7.64578288018238e-08,7.635189192280467e-08,1.7000000000000002,0.0,10.0,2.364736508008921e-07,0.0,1.390288664131529e-06,1.626762314932421e-06,Canada,CAN,,gcp,northamerica-northeast2,Linux-6.8.0-1032-gcp-x86_64-with-glibc2.35,3.12.11,3.0.4,2,Intel(R) Xeon(R) CPU @ 2.60GHz,,,,,15.61648178100586,machine,Y,1.0
2025-08-07T12:32:16,django-benchmark,3a32e797-eeb6-45cc-9ffc-057b8a7c60eb,django_SCL001_871b0de2,1.0012399859260768,7.645437231762722e-08,7.635968737995646e-08,1.7000000000000002,0.0,10.0,2.364512343127798e-07,0.0,1.390237538402693e-06,1.6266887727154728e-06,Canada,CAN,,gcp,northamerica-northeast2,Linux-6.8.0-1032-gcp-x86_64-with-glibc2.35,3.12.11,3.0.4,2,Intel(R) Xeon(R) CPU @ 2.60GHz,,,,,15.61648178100586,machine,Y,1.0
2025-08-07T12:32:18,django-benchmark,7d3b08b0-c9c6-4e13-9371-72f44d04493c,django_SCL001_871b0de2,1.0011506129521877,7.645290961524008e-08,7.63650430076611e-08,1.7000000000000002,0.0,10.0,2.3643462350850725e-07,0.0,1.3902230278795792e-06,1.6266576513880864e-06,Canada,CAN,,gcp,northamerica-northeast2,Linux-6.8.0-1032-gcp-x86_64-with-glibc2.35,3.12.11,3.0.4,2,Intel(R) Xeon(R) CPU @ 2.60GHz,,,,,15.61648178100586,machine,Y,1.0
2025-08-07T12:32:20,django-benchmark,0ec18210-492a-4be9-9ebc-1cfbd84904ab,django_SCL001_871b0de2,1.0011686240322888,7.645582749089875e-08,7.63665836659629e-08,1.7000000000000002,0.0,10.0,2.3644603620050482e-07,0.0,1.3902736976484044e-06,1.626719733848909e-06,Canada,CAN,,gcp,northamerica-northeast2,Linux-6.8.0-1032-gcp-x86_64-with-glibc2.35,3.12.11,3.0.4,2,Intel(R) Xeon(R) CPU @ 2.60GHz,,,,,15.61648178100586,machine,Y,1.0
2025-08-07T12:32:22,django-benchmark,ad5e5a3a-eb24-4170-82fa-7728746778be,django_SCL001_871b0de2,1.0010964879766109,7.681014940941018e-08,7.672602025071209e-08,1.7550872000000004,0.0,10.0,2.440856814147852e-07,0.0,1.3901728166577718e-06,1.634258498072557e-06,Canada,CAN,,gcp,northamerica-northeast2,Linux-6.8.0-1032-gcp-x86_64-with-glibc2.35,3.12.11,3.0.4,2,Intel(R) Xeon(R) CPU @ 2.60GHz,,,,,15.61648178100586,machine,Y,1.0
2025-08-07T12:32:24,django-benchmark,9c5d8fd0-9fde-4ff0-8e2f-0dd1ee4c90a5,django_SCL001_871b0de2,1.0013372499961406,7.681126273940949e-08,7.670868405195706e-08,1.7550872000000004,0.0,10.0,2.441122861376745e-07,0.0,1.390169899807208e-06,1.6342821859448824e-06,Canada,CAN,,gcp,northamerica-northeast2,Linux-6.8.0-1032-gcp-x86_64-with-glibc2.35,3.12.11,3.0.4,2,Intel(R) Xeon(R) CPU @ 2.60GHz,,,,,15.61648178100586,machine,Y,1.0
2025-08-07T12:32:27,django-benchmark,c715054d-0118-44f7-b3aa-05807e061699,django_SCL001_871b0de2,1.001406081020832,7.645595430128096e-08,7.634860198106831e-08,1.7000000000000002,0.0,10.0,2.364840042557464e-07,0.0,1.3902384276864016e-06,1.626722431942148e-06,Canada,CAN,,gcp,northamerica-northeast2,Linux-6.8.0-1032-gcp-x86_64-with-glibc2.35,3.12.11,3.0.4,2,Intel(R) Xeon(R) CPU @ 2.60GHz,,,,,15.61648178100586,machine,Y,1.0
2025-08-07T12:32:29,django-benchmark,09426baa-4d3d-4b19-a9fe-449867a713bf,django_SCL001_871b0de2,1.0011025879066435,7.645080746723882e-08,7.636660657036292e-08,1.7000000000000002,0.0,10.0,2.3642843883458734e-07,0.0,1.390184486000281e-06,1.6266129248348684e-06,Canada,CAN,,gcp,northamerica-northeast2,Linux-6.8.0-1032-gcp-x86_64-with-glibc2.35,3.12.11,3.0.4,2,Intel(R) Xeon(R) CPU @ 2.60GHz,,,,,15.61648178100586,machine,Y,1.0
2025-08-07T12:32:31,django-benchmark,b753ea2a-f0fd-462c-b2e4-ca67338e183c,django_SCL001_871b0de2,1.0011572788935157,7.645501588451183e-08,7.63666383857393e-08,1.7000000000000002,0.0,10.0,2.3644247653040417e-07,0.0,1.3902599890975071e-06,1.6267024656279114e-06,Canada,CAN,,gcp,northamerica-northeast2,Linux-6.8.0-1032-gcp-x86_64-with-glibc2.35,3.12.11,3.0.4,2,Intel(R) Xeon(R) CPU @ 2.60GHz,,,,,15.61648178100586,machine,Y,1.0
2025-08-07T12:32:33,django-benchmark,a9732813-6f03-4b59-ada8-7375d1b2ad78,django_SCL001_871b0de2,1.001108872005716,7.662634201380172e-08,7.654146732341037e-08,1.7272709000000002,0.0,10.0,2.402124775644631e-07,0.0,1.3901352248568502e-06,1.6303477024213132e-06,Canada,CAN,,gcp,northamerica-northeast2,Linux-6.8.0-1032-gcp-x86_64-with-glibc2.35,3.12.11,3.0.4,2,Intel(R) Xeon(R) CPU @ 2.60GHz,,,,,15.61648178100586,machine,Y,1.0
2025-08-07T12:32:35,django-benchmark,3b14c8a3-70a4-4ff8-9140-e475687cdb71,django_SCL001_871b0de2,1.00118708005175,7.645823113181783e-08,7.636757670491095e-08,1.7000000000000002,0.0,10.0,2.3645254192201213e-07,0.0,1.390318333223048e-06,1.6267708751450605e-06,Canada,CAN,,gcp,northamerica-northeast2,Linux-6.8.0-1032-gcp-x86_64-with-glibc2.35,3.12.11,3.0.4,2,Intel(R) Xeon(R) CPU @ 2.60GHz,,,,,15.61648178100586,machine,Y,1.0
2025-08-07T12:32:37,django-benchmark,9c09680a-72c4-4f48-a9b2-cc70f6cbddd3,django_SCL001_871b0de2,1.0014922711998224,7.646987427921139e-08,7.635593052315605e-08,1.7000000000000002,0.0,10.0,2.365110735150261e-07,0.0,1.3905075281703225e-06,1.6270186016853484e-06,Canada,CAN,,gcp,northamerica-northeast2,Linux-6.8.0-1032-gcp-x86_64-with-glibc2.35,3.12.11,3.0.4,2,Intel(R) Xeon(R) CPU @ 2.60GHz,,,,,15.61648178100586,machine,Y,1.0
2025-08-07T12:32:40,django-benchmark,03fc922f-3f70-4819-93e2-5a1bd4f45040,django_SCL001_871b0de2,1.0014016469940543,7.64605802238091e-08,7.635355948666926e-08,1.7000000000000002,0.0,10.0,2.3651546087219485e-07,0.0,1.3903053949535308e-06,1.6268208558257256e-06,Canada,CAN,,gcp,northamerica-northeast2,Linux-6.8.0-1032-gcp-x86_64-with-glibc2.35,3.12.11,3.0.4,2,Intel(R) Xeon(R) CPU @ 2.60GHz,,,,,15.61648178100586,machine,Y,1.0
2025-08-07T12:32:42,django-benchmark,a8a1108a-e630-4b13-b2db-71ca2cf9827d,django_SCL001_871b0de2,1.0010379599407315,7.680302173079562e-08,7.672338592968331e-08,1.7550872000000004,0.0,10.0,2.440611871940812e-07,0.0,1.3900456581419956e-06,1.6341068453360767e-06,Canada,CAN,,gcp,northamerica-northeast2,Linux-6.8.0-1032-gcp-x86_64-with-glibc2.35,3.12.11,3.0.4,2,Intel(R) Xeon(R) CPU @ 2.60GHz,,,,,15.61648178100586,machine,Y,1.0
2025-08-07T12:32:44,django-benchmark,9c2a54d5-80b0-4dda-aff9-41d9717c0471,django_SCL001_871b0de2,1.0012169419787824,7.680399041311379e-08,7.671063801749115e-08,1.7550872000000004,0.0,10.0,2.440919611605172e-07,0.0,1.3900354944376484e-06,1.6341274555981657e-06,Canada,CAN,,gcp,northamerica-northeast2,Linux-6.8.0-1032-gcp-x86_64-with-glibc2.35,3.12.11,3.0.4,2,Intel(R) Xeon(R) CPU @ 2.60GHz,,,,,15.61648178100586,machine,Y,1.0
2025-08-07T12:32:46,django-benchmark,ab73b051-e44d-463a-9032-abd642ed81d4,django_SCL001_871b0de2,1.001343724085018,7.644890674838745e-08,7.63463183616025e-08,1.7000000000000002,0.0,10.0,2.3644763693058245e-07,0.0,1.3901248470776611e-06,1.6265724840082437e-06,Canada,CAN,,gcp,northamerica-northeast2,Linux-6.8.0-1032-gcp-x86_64-with-glibc2.35,3.12.11,3.0.4,2,Intel(R) Xeon(R) CPU @ 2.60GHz,,,,,15.61648178100586,machine,Y,1.0
2025-08-07T12:32:48,django-benchmark,4bc1b4af-a95b-416f-844e-d7ebb84cee52,django_SCL001_871b0de2,1.0011595610994846,7.645723574162953e-08,7.636868158923972e-08,1.7000000000000002,0.0,10.0,2.3644956882344562e-07,0.0,1.39030012780697e-06,1.6267496966304156e-06,Canada,CAN,,gcp,northamerica-northeast2,Linux-6.8.0-1032-gcp-x86_64-with-glibc2.35,3.12.11,3.0.4,2,Intel(R) Xeon(R) CPU @ 2.60GHz,,,,,15.61648178100586,machine,Y,1.0
2025-08-07T12:32:50,django-benchmark,63dae677-9c27-40fb-9638-ec4ee9b8b9b7,django_SCL001_871b0de2,1.0012133431155237,7.663613976618557e-08,7.654326652071297e-08,1.7272709000000002,0.0,10.0,2.4024132059408605e-07,0.0,1.3903148446439042e-06,1.6305561652379902e-06,Canada,CAN,,gcp,northamerica-northeast2,Linux-6.8.0-1032-gcp-x86_64-with-glibc2.35,3.12.11,3.0.4,2,Intel(R) Xeon(R) CPU @ 2.60GHz,,,,,15.61648178100586,machine,Y,1.0
2025-08-07T12:32:53,django-benchmark,26b5c869-d735-47b3-a20f-4689f4643328,django_SCL001_871b0de2,1.0013395729474723,7.663083555749304e-08,7.652832028991717e-08,1.7272709000000002,0.0,10.0,2.4025071799345525e-07,0.0,1.390192591740439e-06,1.6304433097338943e-06,Canada,CAN,,gcp,northamerica-northeast2,Linux-6.8.0-1032-gcp-x86_64-with-glibc2.35,3.12.11,3.0.4,2,Intel(R) Xeon(R) CPU @ 2.60GHz,,,,,15.61648178100586,machine,Y,1.0
2025-08-07T12:32:55,django-benchmark,109861fa-134a-490e-ad5f-231553bdcb68,django_SCL001_871b0de2,1.0013748090714216,7.645677191387709e-08,7.635180276281936e-08,1.7000000000000002,0.0,10.0,2.364684359765508e-07,0.0,1.3902713919782806e-06,1.6267398279548314e-06,Canada,CAN,,gcp,northamerica-northeast2,Linux-6.8.0-1032-gcp-x86_64-with-glibc2.35,3.12.11,3.0.4,2,Intel(R) Xeon(R) CPU @ 2.60GHz,,,,,15.61648178100586,machine,Y,1.0
2025-08-07T12:32:57,django-benchmark,de7911d5-adbb-400c-b9ea-66bd37b33bce,django_SCL001_871b0de2,1.0011639040894806,7.645455247897837e-08,7.63656701631795e-08,1.7000000000000002,0.0,10.0,2.3644332510755506e-07,0.0,1.3902492808281548e-06,1.62669260593571e-06,Canada,CAN,,gcp,northamerica-northeast2,Linux-6.8.0-1032-gcp-x86_64-with-glibc2.35,3.12.11,3.0.4,2,Intel(R) Xeon(R) CPU @ 2.60GHz,,,,,15.61648178100586,machine,Y,1.0
2025-08-07T12:32:59,django-benchmark,5a92914d-d51d-4be1-9d48-75ad6f54f777,django_SCL001_871b0de2,1.0012084830086678,7.627557743753393e-08,7.618351095899933e-08,1.6732691000000002,0.0,10.0,2.3275867912805682e-07,0.0,1.3901259472024523e-06,1.6228846263305092e-06,Canada,CAN,,gcp,northamerica-northeast2,Linux-6.8.0-1032-gcp-x86_64-with-glibc2.35,3.12.11,3.0.4,2,Intel(R) Xeon(R) CPU @ 2.60GHz,,,,,15.61648178100586,machine,Y,1.0
2025-08-07T12:33:01,django-benchmark,481501d7-3ac8-48d0-bce9-c06f23a05556,django_SCL001_871b0de2,1.0013932758010924,7.663348615326419e-08,7.652686312673619e-08,1.7272709000000002,0.0,10.0,2.4026346372324096e-07,0.0,1.3902362416653585e-06,1.6304997053885994e-06,Canada,CAN,,gcp,northamerica-northeast2,Linux-6.8.0-1032-gcp-x86_64-with-glibc2.35,3.12.11,3.0.4,2,Intel(R) Xeon(R) CPU @ 2.60GHz,,,,,15.61648178100586,machine,Y,1.0
2025-08-07T12:33:04,django-benchmark,749cda44-ca4c-4d84-a886-071c6df3b4c1,django_SCL001_871b0de2,1.001387907192111,7.645744094491237e-08,7.635147218753502e-08,1.7000000000000002,0.0,10.0,2.364712736194229e-07,0.0,1.3902827890382871e-06,1.62675406265771e-06,Canada,CAN,,gcp,northamerica-northeast2,Linux-6.8.0-1032-gcp-x86_64-with-glibc2.35,3.12.11,3.0.4,2,Intel(R) Xeon(R) CPU @ 2.60GHz,,,,,15.61648178100586,machine,Y,1.0
2025-08-07T12:33:06,django-benchmark,a2a84eb0-edd3-4da3-b38f-93db7997be7b,django_SCL001_871b0de2,1.00118092703633,7.645252720522693e-08,7.636234884292065e-08,1.7000000000000002,0.0,10.0,2.364386680484232e-07,0.0,1.3902108469564052e-06,1.6266495150048285e-06,Canada,CAN,,gcp,northamerica-northeast2,Linux-6.8.0-1032-gcp-x86_64-with-glibc2.35,3.12.11,3.0.4,2,Intel(R) Xeon(R) CPU @ 2.60GHz,,,,,15.61648178100586,machine,Y,1.0
2025-08-07T12:33:08,django-benchmark,215f9bb9-99d7-42d6-a96d-5edb355985aa,django_SCL001_871b0de2,1.0011778988409787,7.645145417295217e-08,7.636150804113513e-08,1.7000000000000002,0.0,10.0,2.3646453733737066e-07,0.0,1.3901621471935263e-06,1.626626684530897e-06,Canada,CAN,,gcp,northamerica-northeast2,Linux-6.8.0-1032-gcp-x86_64-with-glibc2.35,3.12.11,3.0.4,2,Intel(R) Xeon(R) CPU @ 2.60GHz,,,,,15.61648178100586,machine,Y,1.0
2025-08-07T12:33:12,django-benchmark,f0804c95-be5d-42a5-abe3-0b10ef2dab00,django_SCL001_871b0de2,1.0013429529499265,7.662975008749502e-08,7.652697795669911e-08,1.7272709000000002,0.0,10.0,2.402394176994704e-07,0.0,1.3901807969280828e-06,1.630420214627553e-06,Canada,CAN,,gcp,northamerica-northeast2,Linux-6.8.0-1032-gcp-x86_64-with-glibc2.35,3.12.11,3.0.4,2,Intel(R) Xeon(R) CPU @ 2.60GHz,,,,,15.61648178100586,machine,Y,1.0
2025-08-07T12:33:14,django-benchmark,8b1b2fb6-2776-4b70-b3b7-c4f8fda4302c,django_SCL001_871b0de2,1.0013327370397749,7.64512052054116e-08,7.634945146347975e-08,1.7000000000000002,0.0,10.0,2.3645216469109682e-07,0.0,1.3901692226580862e-06,1.626621387349183e-06,Canada,CAN,,gcp,northamerica-northeast2,Linux-6.8.0-1032-gcp-x86_64-with-glibc2.35,3.12.11,3.0.4,2,Intel(R) Xeon(R) CPU @ 2.60GHz,,,,,15.61648178100586,machine,Y,1.0
2025-08-07T12:33:16,django-benchmark,536c8d6c-909d-45f8-a25e-7d24d42bf3d7,django_SCL001_871b0de2,1.0013668900355697,7.662769502845236e-08,7.652309637053253e-08,1.7272709000000002,0.0,10.0,2.4022873170732257e-07,0.0,1.3901477582597486e-06,1.6303764899670711e-06,Canada,CAN,,gcp,northamerica-northeast2,Linux-6.8.0-1032-gcp-x86_64-with-glibc2.35,3.12.11,3.0.4,2,Intel(R) Xeon(R) CPU @ 2.60GHz,,,,,15.61648178100586,machine,Y,1.0
2025-08-07T12:33:18,django-benchmark,db61f18b-e966-4a39-8f3a-16d2cc526cfd,django_SCL001_871b0de2,1.0013387599028647,7.627935510242429e-08,7.617737189143043e-08,1.6732691000000002,0.0,10.0,2.3273808538116021e-07,0.0,1.39022691679808e-06,1.6229650021792405e-06,Canada,CAN,,gcp,northamerica-northeast2,Linux-6.8.0-1032-gcp-x86_64-with-glibc2.35,3.12.11,3.0.4,2,Intel(R) Xeon(R) CPU @ 2.60GHz,,,,,15.61648178100586,machine,Y,1.0
2025-08-07T12:33:20,django-benchmark,07197b2b-5d25-4934-a5df-7ede7ac35d8f,django_SCL001_871b0de2,1.001346442848444,7.628157839461695e-08,7.617900771447824e-08,1.6732691000000002,0.0,10.0,2.327580590333117e-07,0.0,1.3902542472351342e-06,1.6230123062684458e-06,Canada,CAN,,gcp,northamerica-northeast2,Linux-6.8.0-1032-gcp-x86_64-with-glibc2.35,3.12.11,3.0.4,2,Intel(R) Xeon(R) CPU @ 2.60GHz,,,,,15.61648178100586,machine,Y,1.0
2025-08-07T12:33:22,django-benchmark,7c897f20-08be-49e1-9d08-73fa09b6528f,django_SCL001_871b0de2,1.0012293779291213,7.662378499328419e-08,7.65297010678691e-08,1.7272709000000002,0.0,10.0,2.402143842572716e-07,0.0,1.390078913472179e-06,1.6302932977294506e-06,Canada,CAN,,gcp,northamerica-northeast2,Linux-6.8.0-1032-gcp-x86_64-with-glibc2.35,3.12.11,3.0.4,2,Intel(R) Xeon(R) CPU @ 2.60GHz,,,,,15.61648178100586,machine,Y,1.0
2025-08-07T12:33:25,django-benchmark,994d1c66-947c-4e28-8800-4191606f3fff,django_SCL001_871b0de2,1.0013207369484007,7.64527727409085e-08,7.63519319233356e-08,1.7000000000000002,0.0,10.0,2.364527921632141e-07,0.0,1.390201947005052e-06,1.626654739168266e-06,Canada,CAN,,gcp,northamerica-northeast2,Linux-6.8.0-1032-gcp-x86_64-with-glibc2.35,3.12.11,3.0.4,2,Intel(R) Xeon(R) CPU @ 2.60GHz,,,,,15.61648178100586,machine,Y,1.0
2025-08-07T12:33:27,django-benchmark,aa744d4b-ca2f-4333-8a93-6cae178b201e,django_SCL001_871b0de2,1.0014816871844232,7.058561255076589e-08,7.0481181487413e-08,0.8,0.0,10.0,1.113046737801699e-07,0.0,1.3905168698531472e-06,1.5018215436333169e-06,Canada,CAN,,gcp,northamerica-northeast2,Linux-6.8.0-1032-gcp-x86_64-with-glibc2.35,3.12.11,3.0.4,2,Intel(R) Xeon(R) CPU @ 2.60GHz,,,,,15.61648178100586,machine,Y,1.0
2025-08-07T12:33:27,django-benchmark,ae3bc69a-256c-47a6-a839-bf523b89dd61,django_SCL001_871b0de2,1.001403820933774,7.407796158142443e-08,7.397411516999139e-08,1.3334336,0.0,10.0,1.8554034818134538e-07,0.0,1.3905864939766213e-06,1.5761268421579666e-06,Canada,CAN,,gcp,northamerica-northeast2,Linux-6.8.0-1032-gcp-x86_64-with-glibc2.35,3.12.11,3.0.4,2,Intel(R) Xeon(R) CPU @ 2.60GHz,,,,,15.61648178100586,machine,Y,1.0
2025-08-07T12:33:29,django-benchmark,167e4141-9b6e-454f-b587-d98abe2f8c2f,django_SCL001_871b0de2,1.0010925012174994,7.680933722375078e-08,7.672551450573999e-08,1.7550872000000004,0.0,10.0,2.440789034711245e-07,0.0,1.3901623140554876e-06,1.634241217526612e-06,Canada,CAN,,gcp,northamerica-northeast2,Linux-6.8.0-1032-gcp-x86_64-with-glibc2.35,3.12.11,3.0.4,2,Intel(R) Xeon(R) CPU @ 2.60GHz,,,,,15.61648178100586,machine,Y,1.0
2025-08-07T12:33:31,django-benchmark,a8fb1782-b9f7-4825-9122-b6c2b681d4e5,django_SCL001_871b0de2,1.0010448170360178,7.662845810541805e-08,7.65484789505293e-08,1.7272709000000002,0.0,10.0,2.402125030346975e-07,0.0,1.3901802226124951e-06,1.6303927256471923e-06,Canada,CAN,,gcp,northamerica-northeast2,Linux-6.8.0-1032-gcp-x86_64-with-glibc2.35,3.12.11,3.0.4,2,Intel(R) Xeon(R) CPU @ 2.60GHz,,,,,15.61648178100586,machine,Y,1.0
2025-08-07T12:33:34,django-benchmark,7e0e2f89-9ca5-46ed-9f8d-d24e4050636d,django_SCL001_871b0de2,1.001125297974795,7.663099880089003e-08,7.654486302155092e-08,1.7272709000000002,0.0,10.0,2.402276550313624e-07,0.0,1.390219127966298e-06,1.6304467829976604e-06,Canada,CAN,,gcp,northamerica-northeast2,Linux-6.8.0-1032-gcp-x86_64-with-glibc2.35,3.12.11,3.0.4,2,Intel(R) Xeon(R) CPU @ 2.60GHz,,,,,15.61648178100586,machine,Y,1.0
2025-08-07T12:33:36,django-benchmark,a0c90bcd-1433-4184-8150-00b32818f5fb,django_SCL001_871b0de2,1.001094472128898,7.680855944381715e-08,7.67245865222673e-08,1.7550872000000004,0.0,10.0,2.4408264421223745e-07,0.0,1.3901420248051485e-06,1.634224669017386e-06,Canada,CAN,,gcp,northamerica-northeast2,Linux-6.8.0-1032-gcp-x86_64-with-glibc2.35,3.12.11,3.0.4,2,Intel(R) Xeon(R) CPU @ 2.60GHz,,,,,15.61648178100586,machine,Y,1.0
2025-08-07T12:33:38,django-benchmark,0aeae279-231b-4e58-89ee-9caf1708c38c,django_SCL001_871b0de2,1.0014265170320868,7.058950561150497e-08,7.048895192101567e-08,0.8,0.0,10.0,1.1131079686391689e-07,0.0,1.3905935778489544e-06,1.5019043747128714e-06,Canada,CAN,,gcp,northamerica-northeast2,Linux-6.8.0-1032-gcp-x86_64-with-glibc2.35,3.12.11,3.0.4,2,Intel(R) Xeon(R) CPU @ 2.60GHz,,,,,15.61648178100586,machine,Y,1.0
2025-08-07T12:33:49,django-benchmark,9621db2f-d980-43d9-8d9e-54da3b8a835f,django_SCL001_871b0de2,1.00120458798483,7.66328438256864e-08,7.65406438857105e-08,1.7272709000000002,0.0,10.0,2.402327442746408e-07,0.0,1.3902532945697506e-06,1.6304860388443911e-06,Canada,CAN,,gcp,northamerica-northeast2,Linux-6.8.0-1032-gcp-x86_64-with-glibc2.35,3.12.11,3.0.4,2,Intel(R) Xeon(R) CPU @ 2.60GHz,,,,,15.61648178100586,machine,Y,1.0
2025-08-07T12:33:51,django-benchmark,30745da1-4dd2-452d-945d-11a6bf85d65c,django_SCL001_871b0de2,1.0011902321130035,7.682279739372368e-08,7.673146913508118e-08,1.7550872000000004,0.0,10.0,2.441311898488791e-07,0.0,1.3903964142729013e-06,1.6345276041217804e-06,Canada,CAN,,gcp,northamerica-northeast2,Linux-6.8.0-1032-gcp-x86_64-with-glibc2.35,3.12.11,3.0.4,2,Intel(R) Xeon(R) CPU @ 2.60GHz,,,,,15.61648178100586,machine,Y,1.0
2025-08-07T12:33:53,django-benchmark,f170ced7-eaf5-4c53-ba2d-e433d880f14d,django_SCL001_871b0de2,1.0011842949315906,7.5303117823405e-08,7.521404221442601e-08,1.5239213,0.0,10.0,2.119576045308865e-07,0.0,1.390236391711773e-06,1.6021939962426596e-06,Canada,CAN,,gcp,northamerica-northeast2,Linux-6.8.0-1032-gcp-x86_64-with-glibc2.35,3.12.11,3.0.4,2,Intel(R) Xeon(R) CPU @ 2.60GHz,,,,,15.61648178100586,machine,Y,1.0
2025-08-07T12:33:55,django-benchmark,9be2af6e-ef6b-4f60-a0a2-1d750c3eed18,django_SCL001_871b0de2,1.0012354739010334,7.646177475939557e-08,7.636742479916706e-08,1.7000000000000002,0.0,10.0,2.364796304221576e-07,0.0,1.390366641054344e-06,1.6268462714765016e-06,Canada,CAN,,gcp,northamerica-northeast2,Linux-6.8.0-1032-gcp-x86_64-with-glibc2.35,3.12.11,3.0.4,2,Intel(R) Xeon(R) CPU @ 2.60GHz,,,,,15.61648178100586,machine,Y,1.0
2025-08-07T12:33:57,django-benchmark,bb9d7fd9-7545-4ba0-93bf-c6d0db374dc7,django_SCL001_871b0de2,1.001161275897175,7.645867385014169e-08,7.636998722471005e-08,1.7000000000000002,0.0,10.0,2.3644981675574362e-07,0.0,1.390330477928122e-06,1.6267802946838655e-06,Canada,CAN,,gcp,northamerica-northeast2,Linux-6.8.0-1032-gcp-x86_64-with-glibc2.35,3.12.11,3.0.4,2,Intel(R) Xeon(R) CPU @ 2.60GHz,,,,,15.61648178100586,machine,Y,1.0
2025-08-07T12:34:00,django-benchmark,f2d244eb-acc2-4d05-bc21-47e5c3300b5a,django_SCL001_871b0de2,1.0012278221547604,7.645931600172643e-08,7.636555268428013e-08,1.7000000000000002,0.0,10.0,2.3645836827603898e-07,0.0,1.390335589207502e-06,1.6267939574835409e-06,Canada,CAN,,gcp,northamerica-northeast2,Linux-6.8.0-1032-gcp-x86_64-with-glibc2.35,3.12.11,3.0.4,2,Intel(R) Xeon(R) CPU @ 2.60GHz,,,,,15.61648178100586,machine,Y,1.0
2025-08-07T12:34:02,django-benchmark,027c4387-26ca-4fd2-92c1-95ee86b9d659,django_SCL001_871b0de2,1.001196043100208,7.663115927703414e-08,7.65396145991003e-08,1.7272709000000002,0.0,10.0,2.402266249391204e-07,0.0,1.3902235724445847e-06,1.630450197383705e-06,Canada,CAN,,gcp,northamerica-northeast2,Linux-6.8.0-1032-gcp-x86_64-with-glibc2.35,3.12.11,3.0.4,2,Intel(R) Xeon(R) CPU @ 2.60GHz,,,,,15.61648178100586,machine,Y,1.0
2025-08-07T12:34:04,django-benchmark,3207a467-2fbe-4007-a566-7c5b911a203d,django_SCL001_871b0de2,1.00107801402919,7.64486096120155e-08,7.636628568469028e-08,1.7000000000000002,0.0,10.0,2.3641903686802842e-07,0.0,1.390147125089748e-06,1.6265661619577763e-06,Canada,CAN,,gcp,northamerica-northeast2,Linux-6.8.0-1032-gcp-x86_64-with-glibc2.35,3.12.11,3.0.4,2,Intel(R) Xeon(R) CPU @ 2.60GHz,,,,,15.61648178100586,machine,Y,1.0
2025-08-07T12:34:06,django-benchmark,f0e7f3db-995b-4132-8542-b190a5151b93,django_SCL001_871b0de2,1.0011828599963335,7.645540405512374e-08,7.636507486295134e-08,1.7000000000000002,0.0,10.0,2.364620161242784e-07,0.0,1.3902487084528225e-06,1.6267107245771009e-06,Canada,CAN,,gcp,northamerica-northeast2,Linux-6.8.0-1032-gcp-x86_64-with-glibc2.35,3.12.11,3.0.4,2,Intel(R) Xeon(R) CPU @ 2.60GHz,,,,,15.61648178100586,machine,Y,1.0
2025-08-07T12:37:10,django-benchmark,43ea016b-e03e-458b-87c8-5821b8240cdf,django_SCL001_871b0de2,1.0011584430467335,7.663539894211336e-08,7.654672392203564e-08,1.7272709000000002,0.0,10.0,2.402442081143411e-07,0.0,1.3902961949093477e-06,1.6305404030236886e-06,Canada,CAN,,gcp,northamerica-northeast2,Linux-6.8.0-1032-gcp-x86_64-with-glibc2.35,3.12.11,3.0.4,2,Intel(R) Xeon(R) CPU @ 2.60GHz,,,,,15.61648178100586,machine,Y,1.0
2025-08-07T12:37:12,django-benchmark,462e2c9a-9504-4108-86da-5d07240a2849,django_SCL001_871b0de2,1.0011670258827507,7.64555335891071e-08,7.636641200971894e-08,1.7000000000000002,0.0,10.0,2.364415557175461e-07,0.0,1.3902719249017537e-06,1.6267134806193e-06,Canada,CAN,,gcp,northamerica-northeast2,Linux-6.8.0-1032-gcp-x86_64-with-glibc2.35,3.12.11,3.0.4,2,Intel(R) Xeon(R) CPU @ 2.60GHz,,,,,15.61648178100586,machine,Y,1.0
2025-08-07T12:37:14,django-benchmark,644285eb-249f-4766-9083-cd92da561b6a,django_SCL001_871b0de2,1.0011511580087245,7.645415513627489e-08,7.636624552114701e-08,1.7000000000000002,0.0,10.0,2.3644460720889685e-07,0.0,1.3902395446267393e-06,1.626684151835636e-06,Canada,CAN,,gcp,northamerica-northeast2,Linux-6.8.0-1032-gcp-x86_64-with-glibc2.35,3.12.11,3.0.4,2,Intel(R) Xeon(R) CPU @ 2.60GHz,,,,,15.61648178100586,machine,Y,1.0
2025-08-07T12:38:13,django-benchmark,cfdd64a4-84b1-462e-a450-9bd9168c8b10,django_SCL001_871b0de2,1.0011952540371567,7.663572142055987e-08,7.654423161869657e-08,1.7272709000000002,0.0,10.0,2.402434389802899e-07,0.0,1.3903038252869414e-06,1.6305472642672313e-06,Canada,CAN,,gcp,northamerica-northeast2,Linux-6.8.0-1032-gcp-x86_64-with-glibc2.35,3.12.11,3.0.4,2,Intel(R) Xeon(R) CPU @ 2.60GHz,,,,,15.61648178100586,machine,Y,1.0
2025-08-07T12:38:15,django-benchmark,3b9d316a-5a06-418b-b949-241a93237c23,django_SCL001_871b0de2,1.0013700411655009,7.517036528623697e-08,7.506751969406406e-08,1.5008192,0.0,10.0,2.0879117648404215e-07,0.0,1.3905782976912128e-06,1.5993694741752548e-06,Canada,CAN,,gcp,northamerica-northeast2,Linux-6.8.0-1032-gcp-x86_64-with-glibc2.35,3.12.11,3.0.4,2,Intel(R) Xeon(R) CPU @ 2.60GHz,,,,,15.61648178100586,machine,Y,1.0
2025-08-07T12:38:16,django-benchmark,67974645-391d-4e7d-9231-6312f3a4f59b,django_SCL001_871b0de2,1.001251470996067,7.646257391503443e-08,7.636700282594121e-08,1.7000000000000002,0.0,10.0,2.364693388679169e-07,0.0,1.3903939359200495e-06,1.6268632747879666e-06,Canada,CAN,,gcp,northamerica-northeast2,Linux-6.8.0-1032-gcp-x86_64-with-glibc2.35,3.12.11,3.0.4,2,Intel(R) Xeon(R) CPU @ 2.60GHz,,,,,15.61648178100586,machine,Y,1.0
2025-08-07T12:38:17,django-benchmark,de61d7b7-96e1-441f-bf67-fdf5f9498619,django_SCL001_871b0de2,1.0012528779916463,7.432242396997657e-08,7.422942355886704e-08,1.3724504,0.0,10.0,1.9090778085904165e-07,0.0,1.390420388714928e-06,1.5813281695739694e-06,Canada,CAN,,gcp,northamerica-northeast2,Linux-6.8.0-1032-gcp-x86_64-with-glibc2.35,3.12.11,3.0.4,2,Intel(R) Xeon(R) CPU @ 2.60GHz,,,,,15.61648178100586,machine,Y,1.0
2025-08-07T12:38:18,django-benchmark,9b642650-91b1-4a06-bde9-fe232d2d8c69,django_SCL001_871b0de2,1.0011715258006006,7.68145109620207e-08,7.6724626083023e-08,1.7550872000000004,0.0,10.0,2.4410423653500325e-07,0.0,1.3902470605292667e-06,1.63435129706427e-06,Canada,CAN,,gcp,northamerica-northeast2,Linux-6.8.0-1032-gcp-x86_64-with-glibc2.35,3.12.11,3.0.4,2,Intel(R) Xeon(R) CPU @ 2.60GHz,,,,,15.61648178100586,machine,Y,1.0
2025-08-07T12:38:19,django-benchmark,c34eeb1b-e005-49ce-bc85-b42c16617bf6,django_SCL001_871b0de2,1.0011137770488858,7.485475262106084e-08,7.477147386955355e-08,1.4561000000000002,0.0,10.0,2.0250053286101e-07,0.0,1.3901537782253905e-06,1.5926543110864003e-06,Canada,CAN,,gcp,northamerica-northeast2,Linux-6.8.0-1032-gcp-x86_64-with-glibc2.35,3.12.11,3.0.4,2,Intel(R) Xeon(R) CPU @ 2.60GHz,,,,,15.61648178100586,machine,Y,1.0
2025-08-07T12:38:20,django-benchmark,8279d31d-53d7-4bec-94c4-dd8dcdd9dd00,django_SCL001_871b0de2,1.0012035339605063,7.645766824492926e-08,7.636575945999929e-08,1.7000000000000002,0.0,10.0,2.364530155771516e-07,0.0,1.3903058832511306e-06,1.6267588988282822e-06,Canada,CAN,,gcp,northamerica-northeast2,Linux-6.8.0-1032-gcp-x86_64-with-glibc2.35,3.12.11,3.0.4,2,Intel(R) Xeon(R) CPU @ 2.60GHz,,,,,15.61648178100586,machine,Y,1.0
2025-08-07T12:38:21,django-benchmark,481e475d-7214-43be-8736-65ccc6a0dc91,django_SCL001_871b0de2,1.0011953408829868,7.515846740855463e-08,7.50687346809564e-08,1.5008192,0.0,10.0,2.0875186116675494e-07,0.0,1.390364466674833e-06,1.599116327841588e-06,Canada,CAN,,gcp,northamerica-northeast2,Linux-6.8.0-1032-gcp-x86_64-with-glibc2.35,3.12.11,3.0.4,2,Intel(R) Xeon(R) CPU @ 2.60GHz,,,,,15.61648178100586,machine,Y,1.0
2025-08-07T12:38:22,django-benchmark,f57e0923-92b6-4e64-a749-175d7388299f,django_SCL001_871b0de2,1.00128017202951,7.646381000833614e-08,7.636604832926079e-08,1.7000000000000002,0.0,10.0,2.364915163295033e-07,0.0,1.390398058315946e-06,1.6268895746454494e-06,Canada,CAN,,gcp,northamerica-northeast2,Linux-6.8.0-1032-gcp-x86_64-with-glibc2.35,3.12.11,3.0.4,2,Intel(R) Xeon(R) CPU @ 2.60GHz,,,,,15.61648178100586,machine,Y,1.0
2025-08-07T12:38:23,django-benchmark,2c3a9823-7553-482d-93bc-da8a7d211c1d,django_SCL001_871b0de2,1.0011385111138225,7.530780829549793e-08,7.522216702233719e-08,1.5239213,0.0,10.0,2.1196193801180215e-07,0.0,1.39033185550943e-06,1.6022937935212322e-06,Canada,CAN,,gcp,northamerica-northeast2,Linux-6.8.0-1032-gcp-x86_64-with-glibc2.35,3.12.11,3.0.4,2,Intel(R) Xeon(R) CPU @ 2.60GHz,,,,,15.61648178100586,machine,Y,1.0
2025-08-07T12:38:24,django-benchmark,99735440-e49f-4654-9862-5aa526f908fa,django_SCL001_871b0de2,1.001202312996611,7.645875394742083e-08,7.63669369865705e-08,1.7000000000000002,0.0,10.0,2.364609932798582e-07,0.0,1.390321005601436e-06,1.626781998881294e-06,Canada,CAN,,gcp,northamerica-northeast2,Linux-6.8.0-1032-gcp-x86_64-with-glibc2.35,3.12.11,3.0.4,2,Intel(R) Xeon(R) CPU @ 2.60GHz,,,,,15.61648178100586,machine,Y,1.0
2025-08-07T12:38:25,django-benchmark,22d97142-c027-44cc-86f7-a028b0a103b6,django_SCL001_871b0de2,1.0013036711607128,7.547022876959205e-08,7.537196850792211e-08,1.5475256,0.0,10.0,2.15270120190552e-07,0.0,1.3904794280986406e-06,1.6057495482891926e-06,Canada,CAN,,gcp,northamerica-northeast2,Linux-6.8.0-1032-gcp-x86_64-with-glibc2.35,3.12.11,3.0.4,2,Intel(R) Xeon(R) CPU @ 2.60GHz,,,,,15.61648178100586,machine,Y,1.0
2025-08-07T12:38:26,django-benchmark,5579225f-b3af-4f58-8455-4a8c99b10568,django_SCL001_871b0de2,1.001270362176001,7.646367238349438e-08,7.636665906830642e-08,1.7000000000000002,0.0,10.0,2.36468646196752e-07,0.0,1.3904180002605748e-06,1.6268866464573267e-06,Canada,CAN,,gcp,northamerica-northeast2,Linux-6.8.0-1032-gcp-x86_64-with-glibc2.35,3.12.11,3.0.4,2,Intel(R) Xeon(R) CPU @ 2.60GHz,,,,,15.61648178100586,machine,Y,1.0
2025-08-07T12:38:27,django-benchmark,8a06ab7f-22ba-4cb7-bb78-83ed170f5612,django_SCL001_871b0de2,1.0011869920417666,7.594358881401897e-08,7.585355125234272e-08,1.6214057,0.0,10.0,2.255274468627473e-07,0.0,1.390293591733401e-06,1.6158210385961485e-06,Canada,CAN,,gcp,northamerica-northeast2,Linux-6.8.0-1032-gcp-x86_64-with-glibc2.35,3.12.11,3.0.4,2,Intel(R) Xeon(R) CPU @ 2.60GHz,,,,,15.61648178100586,machine,Y,1.0
2025-08-07T12:38:28,django-benchmark,1fe9b6c0-cbd0-415f-b994-e874a5537051,django_SCL001_871b0de2,1.0011673090048134,7.66313642755141e-08,7.654201609088464e-08,1.7272709000000002,0.0,10.0,2.4022733698856733e-07,0.0,1.390227222064924e-06,1.6304545590534915e-06,Canada,CAN,,gcp,northamerica-northeast2,Linux-6.8.0-1032-gcp-x86_64-with-glibc2.35,3.12.11,3.0.4,2,Intel(R) Xeon(R) CPU @ 2.60GHz,,,,,15.61648178100586,machine,Y,1.0
2025-08-07T12:38:30,django-benchmark,c06f1c6d-4d1e-40eb-9096-2591c68c761a,django_SCL001_871b0de2,1.0011245568748564,7.64647764642141e-08,7.637888406504489e-08,1.7000000000000002,0.0,10.0,2.3647540127987885e-07,0.0,1.3904347362565911e-06,1.62691013753647e-06,Canada,CAN,,gcp,northamerica-northeast2,Linux-6.8.0-1032-gcp-x86_64-with-glibc2.35,3.12.11,3.0.4,2,Intel(R) Xeon(R) CPU @ 2.60GHz,,,,,15.61648178100586,machine,Y,1.0
2025-08-07T12:38:31,django-benchmark,b52b01aa-ac45-4f21-9ad6-50d19fe12d5f,django_SCL001_871b0de2,1.0012653111480176,7.646598330129766e-08,7.63693523084549e-08,1.7000000000000002,0.0,10.0,2.3647826772907545e-07,0.0,1.3904575471921512e-06,1.6269358149212266e-06,Canada,CAN,,gcp,northamerica-northeast2,Linux-6.8.0-1032-gcp-x86_64-with-glibc2.35,3.12.11,3.0.4,2,Intel(R) Xeon(R) CPU @ 2.60GHz,,,,,15.61648178100586,machine,Y,1.0
2025-08-07T12:38:32,django-benchmark,9e8e7fa5-9596-4542-ba10-9f866e383671,django_SCL001_871b0de2,1.0011124019511044,7.6284150908703e-08,7.619938656241802e-08,1.6732691000000002,0.0,10.0,2.327360291123553e-07,0.0,1.3903310114983472e-06,1.6230670406107023e-06,Canada,CAN,,gcp,northamerica-northeast2,Linux-6.8.0-1032-gcp-x86_64-with-glibc2.35,3.12.11,3.0.4,2,Intel(R) Xeon(R) CPU @ 2.60GHz,,,,,15.61648178100586,machine,Y,1.0
2025-08-07T12:38:33,django-benchmark,a42691a6-da4b-425a-9f41-e2e3808118e4,django_SCL001_871b0de2,1.0011942081619054,7.663517210354636e-08,7.654376291712779e-08,1.7272709000000002,0.0,10.0,2.402410600827415e-07,0.0,1.3902945165884578e-06,1.6305355766711993e-06,Canada,CAN,,gcp,northamerica-northeast2,Linux-6.8.0-1032-gcp-x86_64-with-glibc2.35,3.12.11,3.0.4,2,Intel(R) Xeon(R) CPU @ 2.60GHz,,,,,15.61648178100586,machine,Y,1.0
2025-08-07T12:38:34,django-benchmark,7c997011-75f4-4537-a663-d5da2f2d8325,django_SCL001_871b0de2,1.0011018521618098,7.663000162349106e-08,7.654565962295834e-08,1.7272709000000002,0.0,10.0,2.4022291902001863e-07,0.0,1.390202647437238e-06,1.6304255664572566e-06,Canada,CAN,,gcp,northamerica-northeast2,Linux-6.8.0-1032-gcp-x86_64-with-glibc2.35,3.12.11,3.0.4,2,Intel(R) Xeon(R) CPU @ 2.60GHz,,,,,15.61648178100586,machine,Y,1.0
2025-08-07T12:38:35,django-benchmark,7a4f736b-8709-41d4-ae59-e94faefdc98d,django_SCL001_871b0de2,1.0012498979922384,7.66397959744903e-08,7.654412362804995e-08,1.7272709000000002,0.0,10.0,2.402724426511278e-07,0.0,1.390361514252921e-06,1.6306339569040489e-06,Canada,CAN,,gcp,northamerica-northeast2,Linux-6.8.0-1032-gcp-x86_64-with-glibc2.35,3.12.11,3.0.4,2,Intel(R) Xeon(R) CPU @ 2.60GHz,,,,,15.61648178100586,machine,Y,1.0
2025-08-07T12:38:36,django-benchmark,1e257d78-5511-4c3b-a29c-1f2e2dce06f3,django_SCL001_871b0de2,1.0020325598306954,7.645948199640004e-08,7.630438876089889e-08,1.7000000000000002,0.0,10.0,2.364550697319727e-07,0.0,1.3903424195531342e-06,1.626797489285107e-06,Canada,CAN,,gcp,northamerica-northeast2,Linux-6.8.0-1032-gcp-x86_64-with-glibc2.35,3.12.11,3.0.4,2,Intel(R) Xeon(R) CPU @ 2.60GHz,,,,,15.61648178100586,machine,Y,1.0
2025-08-07T12:38:37,django-benchmark,c5c8b344-827c-4ad2-821d-0e0ac8dbfc5f,django_SCL001_871b0de2,1.0013250808697194,7.664717406281283e-08,7.65457447607719e-08,1.7272709000000002,0.0,10.0,2.402804989532879e-07,0.0,1.390510438553368e-06,1.630790937506656e-06,Canada,CAN,,gcp,northamerica-northeast2,Linux-6.8.0-1032-gcp-x86_64-with-glibc2.35,3.12.11,3.0.4,2,Intel(R) Xeon(R) CPU @ 2.60GHz,,,,,15.61648178100586,machine,Y,1.0
2025-08-07T12:38:38,django-benchmark,d956f4dd-d9ee-4aa9-83bb-9fb14f51eebb,django_SCL001_871b0de2,1.0012633330188692,7.646192383977665e-08,7.636544884674778e-08,1.7000000000000002,0.0,10.0,2.3646808227446562e-07,0.0,1.3903813611250372e-06,1.6268494433995028e-06,Canada,CAN,,gcp,northamerica-northeast2,Linux-6.8.0-1032-gcp-x86_64-with-glibc2.35,3.12.11,3.0.4,2,Intel(R) Xeon(R) CPU @ 2.60GHz,,,,,15.61648178100586,machine,Y,1.0
2025-08-07T12:38:39,django-benchmark,9fa7bf78-ed19-403e-81e1-6c0b80fba49f,django_SCL001_871b0de2,1.0011778119951489,7.645380971890538e-08,7.63638674398388e-08,1.7000000000000002,0.0,10.0,2.364492939539357e-07,0.0,1.390227508575966e-06,1.6266768025299016e-06,Canada,CAN,,gcp,northamerica-northeast2,Linux-6.8.0-1032-gcp-x86_64-with-glibc2.35,3.12.11,3.0.4,2,Intel(R) Xeon(R) CPU @ 2.60GHz,,,,,15.61648178100586,machine,Y,1.0
2025-08-07T12:38:40,django-benchmark,45abc6b7-0e23-46dd-8261-7d5705db8731,django_SCL001_871b0de2,1.0012416320387274,7.645982178691904e-08,7.636500455063142e-08,1.7000000000000002,0.0,10.0,2.364542220344043e-07,0.0,1.3903504968362136e-06,1.626804718870618e-06,Canada,CAN,,gcp,northamerica-northeast2,Linux-6.8.0-1032-gcp-x86_64-with-glibc2.35,3.12.11,3.0.4,2,Intel(R) Xeon(R) CPU @ 2.60GHz,,,,,15.61648178100586,machine,Y,1.0
2025-08-07T12:38:41,django-benchmark,01f31531-7beb-4b40-bb51-2c1ba6e5167f,django_SCL001_871b0de2,1.00132394884713,7.646152091247494e-08,7.636042361766e-08,1.7000000000000002,0.0,10.0,2.364701652356113e-07,0.0,1.390370705242579e-06,1.6268408704781904e-06,Canada,CAN,,gcp,northamerica-northeast2,Linux-6.8.0-1032-gcp-x86_64-with-glibc2.35,3.12.11,3.0.4,2,Intel(R) Xeon(R) CPU @ 2.60GHz,,,,,15.61648178100586,machine,Y,1.0
2025-08-07T12:38:42,django-benchmark,0f940606-1c19-41ca-9122-3d1eed0b9651,django_SCL001_871b0de2,1.0012435228563843,7.64625140161758e-08,7.636754922323064e-08,1.7000000000000002,0.0,10.0,2.364707781946183e-07,0.0,1.3903912221495477e-06,1.626862000344166e-06,Canada,CAN,,gcp,northamerica-northeast2,Linux-6.8.0-1032-gcp-x86_64-with-glibc2.35,3.12.11,3.0.4,2,Intel(R) Xeon(R) CPU @ 2.60GHz,,,,,15.61648178100586,machine,Y,1.0
2025-08-07T12:38:43,django-benchmark,a1aaf1b0-4c70-4227-a5af-de9f6220ff5b,django_SCL001_871b0de2,1.001306408084929,7.629156953710869e-08,7.619203165095275e-08,1.6732691000000002,0.0,10.0,2.3277239999586625e-07,0.0,1.3904524837724038e-06,1.62322488376827e-06,Canada,CAN,,gcp,northamerica-northeast2,Linux-6.8.0-1032-gcp-x86_64-with-glibc2.35,3.12.11,3.0.4,2,Intel(R) Xeon(R) CPU @ 2.60GHz,,,,,15.61648178100586,machine,Y,1.0
2025-08-07T12:38:45,django-benchmark,3ba9eaf0-67d3-4c7a-9403-e171a42ff341,django_SCL001_871b0de2,1.001238316996023,7.646069089715862e-08,7.6366125426123e-08,1.7000000000000002,0.0,10.0,2.3645867470056858e-07,0.0,1.3903645358772742e-06,1.6268232105778429e-06,Canada,CAN,,gcp,northamerica-northeast2,Linux-6.8.0-1032-gcp-x86_64-with-glibc2.35,3.12.11,3.0.4,2,Intel(R) Xeon(R) CPU @ 2.60GHz,,,,,15.61648178100586,machine,Y,1.0
2025-08-07T12:38:46,django-benchmark,394adc5e-c3fa-4d89-a258-ee24f17b0d53,django_SCL001_871b0de2,1.0012136180885136,7.663574859463392e-08,7.654285480150037e-08,1.7272709000000002,0.0,10.0,2.4025530297077764e-07,0.0,1.390292539468242e-06,1.6305478424390195e-06,Canada,CAN,,gcp,northamerica-northeast2,Linux-6.8.0-1032-gcp-x86_64-with-glibc2.35,3.12.11,3.0.4,2,Intel(R) Xeon(R) CPU @ 2.60GHz,,,,,15.61648178100586,machine,Y,1.0
2025-08-07T12:38:47,django-benchmark,14e2340c-565a-4aff-8032-b6aa0ae8a625,django_SCL001_871b0de2,1.0030719030182809,7.753802503555676e-08,7.730056519601628e-08,1.8418625,0.0,10.0,2.566850129593691e-07,0.0,1.3930602005631148e-06,1.649745213522484e-06,Canada,CAN,,gcp,northamerica-northeast2,Linux-6.8.0-1032-gcp-x86_64-with-glibc2.35,3.12.11,3.0.4,2,Intel(R) Xeon(R) CPU @ 2.60GHz,,,,,15.61648178100586,machine,Y,1.0
2025-08-07T12:38:48,django-benchmark,9b7fce2b-dfc9-4ff8-8fd4-3cbe12ba5fa0,django_SCL001_871b0de2,1.0012093752156943,7.645920712090771e-08,7.636685094407532e-08,1.7000000000000002,0.0,10.0,2.364570295515781e-07,0.0,1.3903346113187986e-06,1.6267916408703767e-06,Canada,CAN,,gcp,northamerica-northeast2,Linux-6.8.0-1032-gcp-x86_64-with-glibc2.35,3.12.11,3.0.4,2,Intel(R) Xeon(R) CPU @ 2.60GHz,,,,,15.61648178100586,machine,Y,1.0
2025-08-07T12:38:49,django-benchmark,74431315-588b-4b7a-a257-e265adcde81d,django_SCL001_871b0de2,1.0012124460190537,7.645568883224367e-08,7.636310269238169e-08,1.7000000000000002,0.0,10.0,2.3645143881569522e-07,0.0,1.3902653448490634e-06,1.6267167836647585e-06,Canada,CAN,,gcp,northamerica-northeast2,Linux-6.8.0-1032-gcp-x86_64-with-glibc2.35,3.12.11,3.0.4,2,Intel(R) Xeon(R) CPU @ 2.60GHz,,,,,15.61648178100586,machine,Y,1.0
2025-08-07T12:38:50,django-benchmark,47494afe-0a62-4334-8e80-bbe2ebe61f07,django_SCL001_871b0de2,1.0011874239426106,7.663425021087125e-08,7.654336079161938e-08,1.7272709000000002,0.0,10.0,2.402378728403863e-07,0.0,1.3902780890930443e-06,1.6305159619334306e-06,Canada,CAN,,gcp,northamerica-northeast2,Linux-6.8.0-1032-gcp-x86_64-with-glibc2.35,3.12.11,3.0.4,2,Intel(R) Xeon(R) CPU @ 2.60GHz,,,,,15.61648178100586,machine,Y,1.0
2025-08-07T12:38:51,django-benchmark,a90d32d5-4acd-41d6-9e13-37a00d94ac46,django_SCL001_871b0de2,1.001223636092618,7.681757941619153e-08,7.67236975307338e-08,1.7550872000000004,0.0,10.0,2.441351388819036e-07,0.0,1.3902814444413203e-06,1.6344165833232238e-06,Canada,CAN,,gcp,northamerica-northeast2,Linux-6.8.0-1032-gcp-x86_64-with-glibc2.35,3.12.11,3.0.4,2,Intel(R) Xeon(R) CPU @ 2.60GHz,,,,,15.61648178100586,machine,Y,1.0
2025-08-07T12:38:52,django-benchmark,a056fa20-6a82-481e-9bd3-2bb681919ddf,django_SCL001_871b0de2,1.0012204381637275,7.645223078106454e-08,7.63590392953629e-08,1.7000000000000002,0.0,10.0,2.364410159837765e-07,0.0,1.3902021921239795e-06,1.626643208107756e-06,Canada,CAN,,gcp,northamerica-northeast2,Linux-6.8.0-1032-gcp-x86_64-with-glibc2.35,3.12.11,3.0.4,2,Intel(R) Xeon(R) CPU @ 2.60GHz,,,,,15.61648178100586,machine,Y,1.0
2025-08-07T12:38:53,django-benchmark,01a91a14-839d-40b1-bcfc-90384788f6ba,django_SCL001_871b0de2,1.0012059230357409,7.663704669642389e-08,7.65447396316373e-08,1.7272709000000002,0.0,10.0,2.4024531160107425e-07,0.0,1.3903301500249654e-06,1.6305754616260396e-06,Canada,CAN,,gcp,northamerica-northeast2,Linux-6.8.0-1032-gcp-x86_64-with-glibc2.35,3.12.11,3.0.4,2,Intel(R) Xeon(R) CPU @ 2.60GHz,,,,,15.61648178100586,machine,Y,1.0
2025-08-07T12:38:54,django-benchmark,d0939cc4-40b8-40f8-88fc-f6bdc5c9eb2c,django_SCL001_871b0de2,1.0013570631854236,7.682615019994876e-08,7.672203355270356e-08,1.7550872000000004,0.0,10.0,2.441851763880777e-07,0.0,1.3904137640363642e-06,1.6345989404244418e-06,Canada,CAN,,gcp,northamerica-northeast2,Linux-6.8.0-1032-gcp-x86_64-with-glibc2.35,3.12.11,3.0.4,2,Intel(R) Xeon(R) CPU @ 2.60GHz,,,,,15.61648178100586,machine,Y,1.0
2025-08-07T12:38:55,django-benchmark,f7b40a6d-ef3e-461e-a4ef-dd59ac2f658e,django_SCL001_871b0de2,1.001144662965089,7.681572947751706e-08,7.672790188983476e-08,1.7550872000000004,0.0,10.0,2.441023035633628e-07,0.0,1.3902749193625318e-06,1.6343772229258946e-06,Canada,CAN,,gcp,northamerica-northeast2,Linux-6.8.0-1032-gcp-x86_64-with-glibc2.35,3.12.11,3.0.4,2,Intel(R) Xeon(R) CPU @ 2.60GHz,,,,,15.61648178100586,machine,Y,1.0
2025-08-07T12:38:56,django-benchmark,91322ac1-ada1-4882-80f3-7e3c4d50ab2a,django_SCL001_871b0de2,1.0012161571066829,7.645781343353964e-08,7.636494166702989e-08,1.7000000000000002,0.0,10.0,2.3646491280912125e-07,0.0,1.390297075138531e-06,1.626761987947652e-06,Canada,CAN,,gcp,northamerica-northeast2,Linux-6.8.0-1032-gcp-x86_64-with-glibc2.35,3.12.11,3.0.4,2,Intel(R) Xeon(R) CPU @ 2.60GHz,,,,,15.61648178100586,machine,Y,1.0
2025-08-07T12:38:57,django-benchmark,08ab853a-f6bc-4560-9734-9e0b46777dc0,django_SCL001_871b0de2,1.0012844169978052,7.645903353753965e-08,7.636095422995807e-08,1.7000000000000002,0.0,10.0,2.364524838695717e-07,0.0,1.390335463737655e-06,1.6267879476072267e-06,Canada,CAN,,gcp,northamerica-northeast2,Linux-6.8.0-1032-gcp-x86_64-with-glibc2.35,3.12.11,3.0.4,2,Intel(R) Xeon(R) CPU @ 2.60GHz,,,,,15.61648178100586,machine,Y,1.0
2025-08-07T12:38:58,django-benchmark,38ce7ed3-5d15-4f0a-9b1a-a4811c979fa4,django_SCL001_871b0de2,1.0012267078272998,7.646405050657148e-08,7.637036638035892e-08,1.7000000000000002,0.0,10.0,2.3647148889722306e-07,0.0,1.3904232027319571e-06,1.6268946916291805e-06,Canada,CAN,,gcp,northamerica-northeast2,Linux-6.8.0-1032-gcp-x86_64-with-glibc2.35,3.12.11,3.0.4,2,Intel(R) Xeon(R) CPU @ 2.60GHz,,,,,15.61648178100586,machine,Y,1.0
2025-08-07T12:38:59,django-benchmark,1b1df31b-54d6-4b36-9e37-f83616430a70,django_SCL001_871b0de2,1.0011830888688564,7.645502767624569e-08,7.636468147162285e-08,1.7000000000000002,0.0,10.0,2.364416053040057e-07,0.0,1.3902611112118596e-06,1.6267027165158652e-06,Canada,CAN,,gcp,northamerica-northeast2,Linux-6.8.0-1032-gcp-x86_64-with-glibc2.35,3.12.11,3.0.4,2,Intel(R) Xeon(R) CPU @ 2.60GHz,,,,,15.61648178100586,machine,Y,1.0
2025-08-07T12:39:01,django-benchmark,e5e343cf-6e81-4e97-a8db-069f19dbbaca,django_SCL001_871b0de2,1.0012661770451814,7.64599735456092e-08,7.636328410817675e-08,1.7000000000000002,0.0,10.0,2.364610113112981e-07,0.0,1.3903469364676211e-06,1.6268079477789192e-06,Canada,CAN,,gcp,northamerica-northeast2,Linux-6.8.0-1032-gcp-x86_64-with-glibc2.35,3.12.11,3.0.4,2,Intel(R) Xeon(R) CPU @ 2.60GHz,,,,,15.61648178100586,machine,Y,1.0
2025-08-07T12:39:02,django-benchmark,707ff073-c7a8-4392-b990-e43117cf1b54,django_SCL001_871b0de2,1.001215344062075,7.662888800180584e-08,7.653587058595346e-08,1.7272709000000002,0.0,10.0,2.402204642703249e-07,0.0,1.3901814081085224e-06,1.6304018723788477e-06,Canada,CAN,,gcp,northamerica-northeast2,Linux-6.8.0-1032-gcp-x86_64-with-glibc2.35,3.12.11,3.0.4,2,Intel(R) Xeon(R) CPU @ 2.60GHz,,,,,15.61648178100586,machine,Y,1.0
2025-08-07T12:39:03,django-benchmark,38bdf880-a21d-4acd-a217-492a2b7391ee,django_SCL001_871b0de2,1.0012871997896582,7.663904403719761e-08,7.65405210945444e-08,1.7272709000000002,0.0,10.0,2.4025775559795186e-07,0.0,1.3903602026402952e-06,1.630617958238247e-06,Canada,CAN,,gcp,northamerica-northeast2,Linux-6.8.0-1032-gcp-x86_64-with-glibc2.35,3.12.11,3.0.4,2,Intel(R) Xeon(R) CPU @ 2.60GHz,,,,,15.61648178100586,machine,Y,1.0
2025-08-07T12:39:04,django-benchmark,eab9b2a2-f637-4069-a3f2-f3161a612d6d,django_SCL001_871b0de2,1.001215955009684,7.645624888792454e-08,7.636339443590374e-08,1.7000000000000002,0.0,10.0,2.364454411629898e-07,0.0,1.3902832585800855e-06,1.6267286997430754e-06,Canada,CAN,,gcp,northamerica-northeast2,Linux-6.8.0-1032-gcp-x86_64-with-glibc2.35,3.12.11,3.0.4,2,Intel(R) Xeon(R) CPU @ 2.60GHz,,,,,15.61648178100586,machine,Y,1.0
2025-08-07T12:39:05,django-benchmark,8c394187-a2f7-468f-ac83-e670efb2485b,django_SCL001_871b0de2,1.0011397749185562,7.6812070451815e-08,7.672462165241984e-08,1.7550872000000004,0.0,10.0,2.441062822226482e-07,0.0,1.3901930890925645e-06,1.6342993713152124e-06,Canada,CAN,,gcp,northamerica-northeast2,Linux-6.8.0-1032-gcp-x86_64-with-glibc2.35,3.12.11,3.0.4,2,Intel(R) Xeon(R) CPU @ 2.60GHz,,,,,15.61648178100586,machine,Y,1.0
2025-08-07T12:39:06,django-benchmark,155b2fc0-d66c-42a6-adfc-94f4985b4474,django_SCL001_871b0de2,1.0012127589434383,7.645881498800331e-08,7.636620119452822e-08,1.7000000000000002,0.0,10.0,2.364529645613705e-07,0.0,1.3903303330557213e-06,1.6267832976170918e-06,Canada,CAN,,gcp,northamerica-northeast2,Linux-6.8.0-1032-gcp-x86_64-with-glibc2.35,3.12.11,3.0.4,2,Intel(R) Xeon(R) CPU @ 2.60GHz,,,,,15.61648178100586,machine,Y,1.0
2025-08-07T12:39:07,django-benchmark,0d56f0f5-5769-4603-aa95-aac3e8d63db6,django_SCL001_871b0de2,1.001145616872236,7.663439324247789e-08,7.654670005138504e-08,1.7272709000000002,0.0,10.0,2.402380522491424e-07,0.0,1.3902809529099616e-06,1.630519005159104e-06,Canada,CAN,,gcp,northamerica-northeast2,Linux-6.8.0-1032-gcp-x86_64-with-glibc2.35,3.12.11,3.0.4,2,Intel(R) Xeon(R) CPU @ 2.60GHz,,,,,15.61648178100586,machine,Y,1.0
2025-08-07T12:39:08,django-benchmark,b27c0a64-ce87-4507-a00f-de58ad091304,django_SCL001_871b0de2,1.0011969248298556,7.645068024953232e-08,7.635928392661059e-08,1.7000000000000002,0.0,10.0,2.364361628877103e-07,0.0,1.3901740551874457e-06,1.6266102180751558e-06,Canada,CAN,,gcp,northamerica-northeast2,Linux-6.8.0-1032-gcp-x86_64-with-glibc2.35,3.12.11,3.0.4,2,Intel(R) Xeon(R) CPU @ 2.60GHz,,,,,15.61648178100586,machine,Y,1.0
2025-08-07T12:39:09,django-benchmark,2dbd50c9-f329-4ab7-8ae4-0d6f4616b835,django_SCL001_871b0de2,1.0012137270532548,7.663352880127308e-08,7.654062936873508e-08,1.7272709000000002,0.0,10.0,2.4024130149141023e-07,0.0,1.3902593113016337e-06,1.630500612793044e-06,Canada,CAN,,gcp,northamerica-northeast2,Linux-6.8.0-1032-gcp-x86_64-with-glibc2.35,3.12.11,3.0.4,2,Intel(R) Xeon(R) CPU @ 2.60GHz,,,,,15.61648178100586,machine,Y,1.0
2025-08-07T12:39:10,django-benchmark,da55214b-eeaa-488e-b25e-5247696b0ca1,django_SCL001_871b0de2,1.001194706885144,7.645622392684973e-08,7.636499014733676e-08,1.7000000000000002,0.0,10.0,2.3645095526525337e-07,0.0,1.3902772133911237e-06,1.626728168656377e-06,Canada,CAN,,gcp,northamerica-northeast2,Linux-6.8.0-1032-gcp-x86_64-with-glibc2.35,3.12.11,3.0.4,2,Intel(R) Xeon(R) CPU @ 2.60GHz,,,,,15.61648178100586,machine,Y,1.0
2025-08-07T12:39:11,django-benchmark,771adf81-ca50-4b9c-98ec-1e665311bbe9,django_SCL001_871b0de2,1.001210707006976,7.64628743954171e-08,7.637041220223822e-08,1.7000000000000002,0.0,10.0,2.3647106251963935e-07,0.0,1.3903986054679586e-06,1.626869667987598e-06,Canada,CAN,,gcp,northamerica-northeast2,Linux-6.8.0-1032-gcp-x86_64-with-glibc2.35,3.12.11,3.0.4,2,Intel(R) Xeon(R) CPU @ 2.60GHz,,,,,15.61648178100586,machine,Y,1.0
2025-08-07T12:39:12,django-benchmark,53eee598-e4fb-4f85-9ba6-9c7356f71f50,django_SCL001_871b0de2,1.001290739979595,7.646368461264582e-08,7.63651171029546e-08,1.7000000000000002,0.0,10.0,2.3649727033787525e-07,0.0,1.3903896363141636e-06,1.6268869066520387e-06,Canada,CAN,,gcp,northamerica-northeast2,Linux-6.8.0-1032-gcp-x86_64-with-glibc2.35,3.12.11,3.0.4,2,Intel(R) Xeon(R) CPU @ 2.60GHz,,,,,15.61648178100586,machine,Y,1.0
2025-08-07T12:39:13,django-benchmark,5db0bb46-47ba-4764-9744-20de33081613,django_SCL001_871b0de2,1.001195163000375,7.628414567219254e-08,7.619308251908118e-08,1.6732691000000002,0.0,10.0,2.327351655249091e-07,0.0,1.3903317636706762e-06,1.6230669291955854e-06,Canada,CAN,,gcp,northamerica-northeast2,Linux-6.8.0-1032-gcp-x86_64-with-glibc2.35,3.12.11,3.0.4,2,Intel(R) Xeon(R) CPU @ 2.60GHz,,,,,15.61648178100586,machine,Y,1.0
2025-08-07T12:39:14,django-benchmark,327fd4ed-1010-4e19-90e2-91cf106ac3eb,django_SCL001_871b0de2,1.0012436569668353,7.646032415089171e-08,7.636535184903983e-08,1.7000000000000002,0.0,10.0,2.364595516442529e-07,0.0,1.3903558558215285e-06,1.6268154074657812e-06,Canada,CAN,,gcp,northamerica-northeast2,Linux-6.8.0-1032-gcp-x86_64-with-glibc2.35,3.12.11,3.0.4,2,Intel(R) Xeon(R) CPU @ 2.60GHz,,,,,15.61648178100586,machine,Y,1.0
2025-08-07T12:39:16,django-benchmark,db894a6f-6ddf-41da-94d1-93ba90db64bf,django_SCL001_871b0de2,1.0012119051534685,7.663676679860979e-08,7.654400272723756e-08,1.7272709000000002,0.0,10.0,2.4024513699591496e-07,0.0,1.390324369357485e-06,1.6305695063534e-06,Canada,CAN,,gcp,northamerica-northeast2,Linux-6.8.0-1032-gcp-x86_64-with-glibc2.35,3.12.11,3.0.4,2,Intel(R) Xeon(R) CPU @ 2.60GHz,,,,,15.61648178100586,machine,Y,1.0
2025-08-07T12:39:17,django-benchmark,a2ed0e7b-9479-4102-badb-3d0e3e0096b5,django_SCL001_871b0de2,1.0012439240235835,7.681917745128376e-08,7.672373894922568e-08,1.7550872000000004,0.0,10.0,2.4413365041768826e-07,0.0,1.3903169336521791e-06,1.6344505840698674e-06,Canada,CAN,,gcp,northamerica-northeast2,Linux-6.8.0-1032-gcp-x86_64-with-glibc2.35,3.12.11,3.0.4,2,Intel(R) Xeon(R) CPU @ 2.60GHz,,,,,15.61648178100586,machine,Y,1.0
2025-08-07T12:39:18,django-benchmark,87313ca1-c543-4611-affb-6b1e313ea7a0,django_SCL001_871b0de2,1.0011632719542831,7.663582436588313e-08,7.654677964393265e-08,1.7272709000000002,0.0,10.0,2.402423573890213e-07,0.0,1.3903070972042369e-06,1.630549454593258e-06,Canada,CAN,,gcp,northamerica-northeast2,Linux-6.8.0-1032-gcp-x86_64-with-glibc2.35,3.12.11,3.0.4,2,Intel(R) Xeon(R) CPU @ 2.60GHz,,,,,15.61648178100586,machine,Y,1.0
2025-08-07T12:39:20,django-benchmark,8ae2b609-c92f-4db6-a284-eb0a94c96777,django_SCL001_871b0de2,1.0011248409282416,7.681004129601005e-08,7.672373929388455e-08,1.7550872000000004,0.0,10.0,2.440931955880579e-07,0.0,1.39016300219939e-06,1.634256197787448e-06,Canada,CAN,,gcp,northamerica-northeast2,Linux-6.8.0-1032-gcp-x86_64-with-glibc2.35,3.12.11,3.0.4,2,Intel(R) Xeon(R) CPU @ 2.60GHz,,,,,15.61648178100586,machine,Y,1.0
2025-08-07T12:39:22,django-benchmark,1c98be0f-e74b-4aa5-83dc-29ea6802fff6,django_SCL001_871b0de2,1.0012013369705528,7.663714783378796e-08,7.654519126560255e-08,1.7272709000000002,0.0,10.0,2.402471827696085e-07,0.0,1.3903304307152413e-06,1.6305776134848498e-06,Canada,CAN,,gcp,northamerica-northeast2,Linux-6.8.0-1032-gcp-x86_64-with-glibc2.35,3.12.11,3.0.4,2,Intel(R) Xeon(R) CPU @ 2.60GHz,,,,,15.61648178100586,machine,Y,1.0
2025-08-07T12:39:23,django-benchmark,1becbfb4-007e-483b-82ce-41836902146d,django_SCL001_871b0de2,1.001174720004201,7.416306466053505e-08,7.407604604741104e-08,1.3488201728,0.0,10.0,1.876105514458389e-07,0.0,1.390326994522992e-06,1.5779375459688309e-06,Canada,CAN,,gcp,northamerica-northeast2,Linux-6.8.0-1032-gcp-x86_64-with-glibc2.35,3.12.11,3.0.4,2,Intel(R) Xeon(R) CPU @ 2.60GHz,,,,,15.61648178100586,machine,Y,1.0
2025-08-07T12:39:24,django-benchmark,dcca4faf-303b-4ff5-ae78-f3f032241c3c,django_SCL001_871b0de2,1.001350934850052,7.664081848884785e-08,7.65374214189199e-08,1.7272709000000002,0.0,10.0,2.403059407012177e-07,0.0,1.3903497718274596e-06,1.6306557125286773e-06,Canada,CAN,,gcp,northamerica-northeast2,Linux-6.8.0-1032-gcp-x86_64-with-glibc2.35,3.12.11,3.0.4,2,Intel(R) Xeon(R) CPU @ 2.60GHz,,,,,15.61648178100586,machine,Y,1.0
2025-08-07T12:39:25,django-benchmark,63a51d5b-1f9c-4acf-991d-23665dfe49c4,django_SCL001_871b0de2,1.0013117101043465,7.459207040318961e-08,7.44943554044888e-08,1.4133248,0.0,10.0,1.966014889338944e-07,0.0,1.3904638387935445e-06,1.5870653277274386e-06,Canada,CAN,,gcp,northamerica-northeast2,Linux-6.8.0-1032-gcp-x86_64-with-glibc2.35,3.12.11,3.0.4,2,Intel(R) Xeon(R) CPU @ 2.60GHz,,,,,15.61648178100586,machine,Y,1.0
2025-08-07T12:39:26,django-benchmark,c9312fd2-6d0a-42b7-a59f-3eb541b57297,django_SCL001_871b0de2,1.0012674760073423,7.646204516161622e-08,7.636525403433308e-08,1.7000000000000002,0.0,10.0,2.36464669494631e-07,0.0,1.3903873552206077e-06,1.6268520247152383e-06,Canada,CAN,,gcp,northamerica-northeast2,Linux-6.8.0-1032-gcp-x86_64-with-glibc2.35,3.12.11,3.0.4,2,Intel(R) Xeon(R) CPU @ 2.60GHz,,,,,15.61648178100586,machine,Y,1.0
2025-08-07T12:39:27,django-benchmark,f9d74f78-2a43-4ab3-95c3-f3fdcdfcf5d2,django_SCL001_871b0de2,1.001134221907705,7.68149490492724e-08,7.672792255857375e-08,1.7550872000000004,0.0,10.0,2.4410016525108575e-07,0.0,1.3902604528185396e-06,1.634360618069625e-06,Canada,CAN,,gcp,northamerica-northeast2,Linux-6.8.0-1032-gcp-x86_64-with-glibc2.35,3.12.11,3.0.4,2,Intel(R) Xeon(R) CPU @ 2.60GHz,,,,,15.61648178100586,machine,Y,1.0
2025-08-07T12:39:30,django-benchmark,48adf245-74c4-4348-94bb-fd919333ac28,django_SCL001_871b0de2,1.0011362910736352,7.645563547124366e-08,7.636885821934528e-08,1.7000000000000002,0.0,10.0,2.364420289328943e-07,0.0,1.3902736193914382e-06,1.6267156483243326e-06,Canada,CAN,,gcp,northamerica-northeast2,Linux-6.8.0-1032-gcp-x86_64-with-glibc2.35,3.12.11,3.0.4,2,Intel(R) Xeon(R) CPU @ 2.60GHz,,,,,15.61648178100586,machine,Y,1.0
2025-08-07T12:39:32,django-benchmark,c85a7c78-b467-4f38-b40e-edfcd44e02a1,django_SCL001_871b0de2,1.001191159011796,7.663505221109567e-08,7.65438762830633e-08,1.7272709000000002,0.0,10.0,2.402656003184281e-07,0.0,1.390267425449565e-06,1.630533025767993e-06,Canada,CAN,,gcp,northamerica-northeast2,Linux-6.8.0-1032-gcp-x86_64-with-glibc2.35,3.12.11,3.0.4,2,Intel(R) Xeon(R) CPU @ 2.60GHz,,,,,15.61648178100586,machine,Y,1.0
2025-08-07T12:39:34,django-benchmark,4c30feac-a9d4-4ed5-82a0-45ba1e974024,django_SCL001_871b0de2,1.001160487998277,7.645296514174618e-08,7.636434523560399e-08,1.7000000000000002,0.0,10.0,2.36435630300548e-07,0.0,1.3902232025025622e-06,1.62665883280311e-06,Canada,CAN,,gcp,northamerica-northeast2,Linux-6.8.0-1032-gcp-x86_64-with-glibc2.35,3.12.11,3.0.4,2,Intel(R) Xeon(R) CPU @ 2.60GHz,,,,,15.61648178100586,machine,Y,1.0
2025-08-07T12:39:36,django-benchmark,21a09aea-6312-4fde-b8b9-ac378706a27b,django_SCL001_871b0de2,1.0011487971059978,7.64547464012026e-08,7.636701619400525e-08,1.7000000000000002,0.0,10.0,2.3643924318538565e-07,0.0,1.3902574887550954e-06,1.626696731940481e-06,Canada,CAN,,gcp,northamerica-northeast2,Linux-6.8.0-1032-gcp-x86_64-with-glibc2.35,3.12.11,3.0.4,2,Intel(R) Xeon(R) CPU @ 2.60GHz,,,,,15.61648178100586,machine,Y,1.0
2025-08-07T12:39:38,django-benchmark,d749f8c5-4179-48df-8df4-c7c52a2e1970,django_SCL001_871b0de2,1.0011661159805954,7.645493953036041e-08,7.636588804793538e-08,1.7000000000000002,0.0,10.0,2.364393857876874e-07,0.0,1.3902614552838106e-06,1.626700841071498e-06,Canada,CAN,,gcp,northamerica-northeast2,Linux-6.8.0-1032-gcp-x86_64-with-glibc2.35,3.12.11,3.0.4,2,Intel(R) Xeon(R) CPU @ 2.60GHz,,,,,15.61648178100586,machine,Y,1.0
2025-08-07T12:39:40,django-benchmark,a0630996-43c6-4bbb-ab56-fb4185102646,django_SCL001_871b0de2,1.0011293860152364,7.645460932381683e-08,7.636835996606465e-08,1.7000000000000002,0.0,10.0,2.3643523492824495e-07,0.0,1.3902585804721132e-06,1.626693815400358e-06,Canada,CAN,,gcp,northamerica-northeast2,Linux-6.8.0-1032-gcp-x86_64-with-glibc2.35,3.12.11,3.0.4,2,Intel(R) Xeon(R) CPU @ 2.60GHz,,,,,15.61648178100586,machine,Y,1.0
2025-08-07T12:39:42,django-benchmark,bb44f19a-3310-426f-9202-589eae002d0c,django_SCL001_871b0de2,1.0011485260911286,7.628237016237718e-08,7.619485837951846e-08,1.6732691000000002,0.0,10.0,2.3273215227567986e-07,0.0,1.3902970001153235e-06,1.6230291523910034e-06,Canada,CAN,,gcp,northamerica-northeast2,Linux-6.8.0-1032-gcp-x86_64-with-glibc2.35,3.12.11,3.0.4,2,Intel(R) Xeon(R) CPU @ 2.60GHz,,,,,15.61648178100586,machine,Y,1.0
2025-08-07T12:39:45,django-benchmark,2f4c4083-4024-40e5-8250-c2dfaf382842,django_SCL001_871b0de2,1.0012625269591808,7.645668166054468e-08,7.636027475505596e-08,1.7000000000000002,0.0,10.0,2.364833189510844e-07,0.0,1.3902545887200784e-06,1.6267379076711629e-06,Canada,CAN,,gcp,northamerica-northeast2,Linux-6.8.0-1032-gcp-x86_64-with-glibc2.35,3.12.11,3.0.4,2,Intel(R) Xeon(R) CPU @ 2.60GHz,,,,,15.61648178100586,machine,Y,1.0
2025-08-07T12:39:47,django-benchmark,04b4fd80-6b11-4375-abe4-cf17a35a831b,django_SCL001_871b0de2,1.0011414270848036,7.663455280443448e-08,7.654717978016809e-08,1.7272709000000002,0.0,10.0,2.4023816362556204e-07,0.0,1.3902842364687883e-06,1.6305224000943506e-06,Canada,CAN,,gcp,northamerica-northeast2,Linux-6.8.0-1032-gcp-x86_64-with-glibc2.35,3.12.11,3.0.4,2,Intel(R) Xeon(R) CPU @ 2.60GHz,,,,,15.61648178100586,machine,Y,1.0
2025-08-07T12:39:49,django-benchmark,2af7cab5-ba33-4ca7-8e7f-60bf80b4a699,django_SCL001_871b0de2,1.0011830229777845,7.627736048083916e-08,7.618722923803684e-08,1.6732691000000002,0.0,10.0,2.3271954086883505e-07,0.0,1.390203022553275e-06,1.62292256342211e-06,Canada,CAN,,gcp,northamerica-northeast2,Linux-6.8.0-1032-gcp-x86_64-with-glibc2.35,3.12.11,3.0.4,2,Intel(R) Xeon(R) CPU @ 2.60GHz,,,,,15.61648178100586,machine,Y,1.0
2025-08-07T12:39:51,django-benchmark,06ea180d-5cab-42b3-9779-19fb3caf2b90,django_SCL001_871b0de2,1.0011752110440284,7.663362951354615e-08,7.654367454187402e-08,1.7272709000000002,0.0,10.0,2.402336861147549e-07,0.0,1.39026906949261e-06,1.6305027556073648e-06,Canada,CAN,,gcp,northamerica-northeast2,Linux-6.8.0-1032-gcp-x86_64-with-glibc2.35,3.12.11,3.0.4,2,Intel(R) Xeon(R) CPU @ 2.60GHz,,,,,15.61648178100586,machine,Y,1.0
2025-08-07T12:39:53,django-benchmark,114600b3-23d1-44af-a540-4d7b086fb2e8,django_SCL001_871b0de2,1.0010988609865308,7.645016714800537e-08,7.636625125381495e-08,1.7000000000000002,0.0,10.0,2.3642294210407682e-07,0.0,1.390176358917314e-06,1.6265993010213909e-06,Canada,CAN,,gcp,northamerica-northeast2,Linux-6.8.0-1032-gcp-x86_64-with-glibc2.35,3.12.11,3.0.4,2,Intel(R) Xeon(R) CPU @ 2.60GHz,,,,,15.61648178100586,machine,Y,1.0
2025-08-07T12:39:55,django-benchmark,e53b1a38-7b75-49d8-8eb2-22f89fd83e86,django_SCL001_871b0de2,1.0014998549595475,7.179086495409397e-08,7.168335032559116e-08,0.9811070504,0.0,10.0,1.365477005462744e-07,0.0,1.3909175112429591e-06,1.5274652117892334e-06,Canada,CAN,,gcp,northamerica-northeast2,Linux-6.8.0-1032-gcp-x86_64-with-glibc2.35,3.12.11,3.0.4,2,Intel(R) Xeon(R) CPU @ 2.60GHz,,,,,15.61648178100586,machine,Y,1.0
2025-08-07T12:39:57,django-benchmark,4ceec514-accb-4bb1-b75d-1c24ce869595,django_SCL001_871b0de2,1.001415085978806,7.059661848796534e-08,7.049685937071996e-08,0.8,0.0,10.0,1.11324862887462e-07,0.0,1.3907308496224384e-06,1.5020557125099003e-06,Canada,CAN,,gcp,northamerica-northeast2,Linux-6.8.0-1032-gcp-x86_64-with-glibc2.35,3.12.11,3.0.4,2,Intel(R) Xeon(R) CPU @ 2.60GHz,,,,,15.61648178100586,machine,Y,1.0
2025-08-07T12:40:00,django-benchmark,c1898751-5dd9-4c19-872c-da622aa8f70f,django_SCL001_871b0de2,1.001398243941367,7.059038978119173e-08,7.04918250139501e-08,0.8,0.0,10.0,1.1130918132969077e-07,0.0,1.390614005504176e-06,1.5019231868338669e-06,Canada,CAN,,gcp,northamerica-northeast2,Linux-6.8.0-1032-gcp-x86_64-with-glibc2.35,3.12.11,3.0.4,2,Intel(R) Xeon(R) CPU @ 2.60GHz,,,,,15.61648178100586,machine,Y,1.0
2025-08-07T12:40:02,django-benchmark,2c570378-e5e7-437f-b4d5-7c9d13d2c696,django_SCL001_871b0de2,1.00155735691078,7.058980878478745e-08,7.048004619776925e-08,0.8,0.0,10.0,1.1133743377609385e-07,0.0,1.3905733914321494e-06,1.5019108252082432e-06,Canada,CAN,,gcp,northamerica-northeast2,Linux-6.8.0-1032-gcp-x86_64-with-glibc2.35,3.12.11,3.0.4,2,Intel(R) Xeon(R) CPU @ 2.60GHz,,,,,15.61648178100586,machine,Y,1.0
2025-08-07T12:40:04,django-benchmark,d9340544-81ae-4b17-b544-59333c00457f,django_SCL001_871b0de2,1.001316447975114,7.05841956836068e-08,7.049139742620214e-08,0.8,0.0,10.0,1.1130242530877393e-07,0.0,1.390488972214775e-06,1.501791397523549e-06,Canada,CAN,,gcp,northamerica-northeast2,Linux-6.8.0-1032-gcp-x86_64-with-glibc2.35,3.12.11,3.0.4,2,Intel(R) Xeon(R) CPU @ 2.60GHz,,,,,15.61648178100586,machine,Y,1.0
2025-08-07T12:40:06,django-benchmark,acf434ea-23a7-48d4-835b-f6ffb782d1a8,django_SCL001_871b0de2,1.0014191740192473,7.058841982967635e-08,7.048838454567042e-08,0.8,0.0,10.0,1.113167866650555e-07,0.0,1.3905644863067816e-06,1.5018812729718371e-06,Canada,CAN,,gcp,northamerica-northeast2,Linux-6.8.0-1032-gcp-x86_64-with-glibc2.35,3.12.11,3.0.4,2,Intel(R) Xeon(R) CPU @ 2.60GHz,,,,,15.61648178100586,machine,Y,1.0
2025-08-07T12:40:08,django-benchmark,acd1bcd2-e975-409b-9492-27ddb814ee5d,django_SCL001_871b0de2,1.001369362929836,7.058779390844413e-08,7.049126578220479e-08,0.8,0.0,10.0,1.1130036154968872e-07,0.0,1.3905675939491226e-06,1.5018679554988112e-06,Canada,CAN,,gcp,northamerica-northeast2,Linux-6.8.0-1032-gcp-x86_64-with-glibc2.35,3.12.11,3.0.4,2,Intel(R) Xeon(R) CPU @ 2.60GHz,,,,,15.61648178100586,machine,Y,1.0
2025-08-07T12:40:10,django-benchmark,6b5f8a7f-8e10-445b-91db-a3625d254cde,django_SCL001_871b0de2,1.0014088349416852,7.058463643400725e-08,7.048533423226446e-08,0.8,0.0,10.0,1.1130528953961205e-07,0.0,1.3904954856520312e-06,1.5018007751916432e-06,Canada,CAN,,gcp,northamerica-northeast2,Linux-6.8.0-1032-gcp-x86_64-with-glibc2.35,3.12.11,3.0.4,2,Intel(R) Xeon(R) CPU @ 2.60GHz,,,,,15.61648178100586,machine,Y,1.0
2025-08-07T12:40:12,django-benchmark,0f6b3880-cbd2-4f3d-95a6-fd2b4710f1df,django_SCL001_871b0de2,1.0022320919670165,7.059084290087533e-08,7.043362856434902e-08,0.8,0.0,10.0,1.1131752737694317e-07,0.0,1.3906153003012554e-06,1.5019328276781989e-06,Canada,CAN,,gcp,northamerica-northeast2,Linux-6.8.0-1032-gcp-x86_64-with-glibc2.35,3.12.11,3.0.4,2,Intel(R) Xeon(R) CPU @ 2.60GHz,,,,,15.61648178100586,machine,Y,1.0
2025-08-07T12:40:15,django-benchmark,35e0d15d-4e6c-4b0e-ab8c-b799e6da9b06,django_SCL001_871b0de2,1.0013724309392271,7.059103628020322e-08,7.049428773867185e-08,0.8,0.0,10.0,1.1130804775489702e-07,0.0,1.390628894377086e-06,1.5019369421319831e-06,Canada,CAN,,gcp,northamerica-northeast2,Linux-6.8.0-1032-gcp-x86_64-with-glibc2.35,3.12.11,3.0.4,2,Intel(R) Xeon(R) CPU @ 2.60GHz,,,,,15.61648178100586,machine,Y,1.0
2025-08-07T12:40:17,django-benchmark,cafdcafa-3c23-4c57-8c36-48ae7cd576a3,django_SCL001_871b0de2,1.0013443159405142,7.059035036702587e-08,7.049558203236394e-08,0.8000072,0.0,10.0,1.113089733134102e-07,0.0,1.3906133749211827e-06,1.501922348234593e-06,Canada,CAN,,gcp,northamerica-northeast2,Linux-6.8.0-1032-gcp-x86_64-with-glibc2.35,3.12.11,3.0.4,2,Intel(R) Xeon(R) CPU @ 2.60GHz,,,,,15.61648178100586,machine,Y,1.0
2025-08-07T12:40:19,django-benchmark,7357a3a6-6e6c-4596-a20c-c2c572a0eb14,django_SCL001_871b0de2,1.0012999260798097,7.05825527697129e-08,7.0490919784695e-08,0.8,0.0,10.0,1.113027778143684e-07,0.0,1.3904536640944166e-06,1.501756441908785e-06,Canada,CAN,,gcp,northamerica-northeast2,Linux-6.8.0-1032-gcp-x86_64-with-glibc2.35,3.12.11,3.0.4,2,Intel(R) Xeon(R) CPU @ 2.60GHz,,,,,15.61648178100586,machine,Y,1.0
2025-08-07T12:40:21,django-benchmark,bb62fca1-1367-4d2d-a3a7-2b3cbaf1d8e4,django_SCL001_871b0de2,1.0014004381373525,7.059029969888614e-08,7.049158060105016e-08,0.8000072,0.0,10.0,1.1132468947156085e-07,0.0,1.3905965807175057e-06,1.5019212701890665e-06,Canada,CAN,,gcp,northamerica-northeast2,Linux-6.8.0-1032-gcp-x86_64-with-glibc2.35,3.12.11,3.0.4,2,Intel(R) Xeon(R) CPU @ 2.60GHz,,,,,15.61648178100586,machine,Y,1.0
2025-08-07T12:40:23,django-benchmark,cc8ab255-e2dc-4993-a3ce-b91e2c4fcc23,django_SCL001_871b0de2,1.0012072240933776,7.66346759640857e-08,7.654227228881677e-08,1.7272709000000002,0.0,10.0,2.4024061200769724e-07,0.0,1.3902844085047643e-06,1.6305250205124615e-06,Canada,CAN,,gcp,northamerica-northeast2,Linux-6.8.0-1032-gcp-x86_64-with-glibc2.35,3.12.11,3.0.4,2,Intel(R) Xeon(R) CPU @ 2.60GHz,,,,,15.61648178100586,machine,Y,1.0
2025-08-07T12:40:25,django-benchmark,86e5b701-6979-42c2-aeea-f5b987694c9d,django_SCL001_871b0de2,1.0014402749948204,7.059402899987378e-08,7.049250041420481e-08,0.8,0.0,10.0,1.1131665043325889e-07,0.0,1.3906839665853317e-06,1.5020006170185905e-06,Canada,CAN,,gcp,northamerica-northeast2,Linux-6.8.0-1032-gcp-x86_64-with-glibc2.35,3.12.11,3.0.4,2,Intel(R) Xeon(R) CPU @ 2.60GHz,,,,,15.61648178100586,machine,Y,1.0
2025-08-07T12:40:27,django-benchmark,585142e6-6be4-410c-aec5-71e79624ddbc,django_SCL001_871b0de2,1.0013957580085844,7.058864320752524e-08,7.049025586836979e-08,0.8,0.0,10.0,1.1131039779219364e-07,0.0,1.3905756278998324e-06,1.501886025692026e-06,Canada,CAN,,gcp,northamerica-northeast2,Linux-6.8.0-1032-gcp-x86_64-with-glibc2.35,3.12.11,3.0.4,2,Intel(R) Xeon(R) CPU @ 2.60GHz,,,,,15.61648178100586,machine,Y,1.0
2025-08-07T12:40:29,django-benchmark,4d62ff35-a0e3-43cd-8ce5-51a81800e5fb,django_SCL001_871b0de2,1.0014794340822846,7.05947047326093e-08,7.049041880455534e-08,0.8,0.0,10.0,1.1131686644835605e-07,0.0,1.39069812786248e-06,1.502014994310836e-06,Canada,CAN,,gcp,northamerica-northeast2,Linux-6.8.0-1032-gcp-x86_64-with-glibc2.35,3.12.11,3.0.4,2,Intel(R) Xeon(R) CPU @ 2.60GHz,,,,,15.61648178100586,machine,Y,1.0
2025-08-07T12:40:32,django-benchmark,23eb26a4-2932-470f-92c4-2beb24d9eb05,django_SCL001_871b0de2,1.0013072649016976,7.058175659301277e-08,7.048960800253665e-08,0.8,0.0,10.0,1.112938601937559e-07,0.0,1.3904456417852393e-06,1.5017395019789952e-06,Canada,CAN,,gcp,northamerica-northeast2,Linux-6.8.0-1032-gcp-x86_64-with-glibc2.35,3.12.11,3.0.4,2,Intel(R) Xeon(R) CPU @ 2.60GHz,,,,,15.61648178100586,machine,Y,1.0
2025-08-07T12:40:34,django-benchmark,82772f0e-3712-4e0c-90f6-734874f2a46a,django_SCL001_871b0de2,1.0013878750614822,7.059030989091843e-08,7.04924751426458e-08,0.8,0.0,10.0,1.1130781202680536e-07,0.0,1.3906136750140125e-06,1.5019214870408178e-06,Canada,CAN,,gcp,northamerica-northeast2,Linux-6.8.0-1032-gcp-x86_64-with-glibc2.35,3.12.11,3.0.4,2,Intel(R) Xeon(R) CPU @ 2.60GHz,,,,,15.61648178100586,machine,Y,1.0
2025-08-07T12:40:36,django-benchmark,d6d2c4cd-0ba3-4cfe-ae3b-31422082b6b6,django_SCL001_871b0de2,1.001424829941243,7.059444972086284e-08,7.049400774794536e-08,0.8,0.0,10.0,1.1131394618294309e-07,0.0,1.3906956223460537e-06,1.5020095685289966e-06,Canada,CAN,,gcp,northamerica-northeast2,Linux-6.8.0-1032-gcp-x86_64-with-glibc2.35,3.12.11,3.0.4,2,Intel(R) Xeon(R) CPU @ 2.60GHz,,,,,15.61648178100586,machine,Y,1.0
2025-08-07T12:40:38,django-benchmark,e9182ed1-eb56-4ec8-bbcf-5c49b57ce19d,django_SCL001_871b0de2,1.0014616851694882,7.059421792620948e-08,7.049118201088447e-08,0.8000072,0.0,10.0,1.1132761949049066e-07,0.0,1.3906770172373702e-06,1.502004636727861e-06,Canada,CAN,,gcp,northamerica-northeast2,Linux-6.8.0-1032-gcp-x86_64-with-glibc2.35,3.12.11,3.0.4,2,Intel(R) Xeon(R) CPU @ 2.60GHz,,,,,15.61648178100586,machine,Y,1.0
2025-08-07T12:40:40,django-benchmark,bb117359-db5c-4e5f-ae1c-f7f00c7dbde8,django_SCL001_871b0de2,1.0014044910203663,7.059400685723973e-08,7.049499726659803e-08,0.8,0.0,10.0,1.113138400121697e-07,0.0,1.3906863058865484e-06,1.5020001458987178e-06,Canada,CAN,,gcp,northamerica-northeast2,Linux-6.8.0-1032-gcp-x86_64-with-glibc2.35,3.12.11,3.0.4,2,Intel(R) Xeon(R) CPU @ 2.60GHz,,,,,15.61648178100586,machine,Y,1.0
2025-08-07T12:40:42,django-benchmark,516fc10c-8a8a-4efe-b581-b840e4e29f01,django_SCL001_871b0de2,1.0014650041703137,7.059784820846592e-08,7.049457336450245e-08,0.8,0.0,10.0,1.1132708181523617e-07,0.0,1.390754794960635e-06,1.5020818767758708e-06,Canada,CAN,,gcp,northamerica-northeast2,Linux-6.8.0-1032-gcp-x86_64-with-glibc2.35,3.12.11,3.0.4,2,Intel(R) Xeon(R) CPU @ 2.60GHz,,,,,15.61648178100586,machine,Y,1.0
2025-08-07T12:40:44,django-benchmark,9a708d59-c8fe-4eed-94da-6acd69cfdd25,django_SCL001_871b0de2,1.0014467488508672,7.05943184720728e-08,7.049233376919727e-08,0.8000072,0.0,10.0,1.113161064806875e-07,0.0,1.3906906695208615e-06,1.502006776001549e-06,Canada,CAN,,gcp,northamerica-northeast2,Linux-6.8.0-1032-gcp-x86_64-with-glibc2.35,3.12.11,3.0.4,2,Intel(R) Xeon(R) CPU @ 2.60GHz,,,,,15.61648178100586,machine,Y,1.0
2025-08-07T12:40:47,django-benchmark,48de2f86-b3d4-40cd-be56-79cdb61a11b6,django_SCL001_871b0de2,1.0013876371085644,7.059183118498282e-08,7.049401107927766e-08,0.8001944000000001,0.0,10.0,1.113361630102667e-07,0.0,1.3906176919893673e-06,1.501953854999634e-06,Canada,CAN,,gcp,northamerica-northeast2,Linux-6.8.0-1032-gcp-x86_64-with-glibc2.35,3.12.11,3.0.4,2,Intel(R) Xeon(R) CPU @ 2.60GHz,,,,,15.61648178100586,machine,Y,1.0
2025-08-07T12:40:49,django-benchmark,43c865a5-55d0-4508-a503-b58310ed1be0,django_SCL001_871b0de2,1.0014817758928984,7.059839811934057e-08,7.049394189564421e-08,0.8,0.0,10.0,1.1132507155545885e-07,0.0,1.390768505451787e-06,1.5020935770072458e-06,Canada,CAN,,gcp,northamerica-northeast2,Linux-6.8.0-1032-gcp-x86_64-with-glibc2.35,3.12.11,3.0.4,2,Intel(R) Xeon(R) CPU @ 2.60GHz,,,,,15.61648178100586,machine,Y,1.0
2025-08-07T12:40:51,django-benchmark,9fa1de79-d49c-4b64-a5df-bf0c0a23f40f,django_SCL001_871b0de2,1.001417063875124,7.05912501655726e-08,7.049135940664905e-08,0.8,0.0,10.0,1.1131295422092085e-07,0.0,1.3906285386636023e-06,1.5019414928845234e-06,Canada,CAN,,gcp,northamerica-northeast2,Linux-6.8.0-1032-gcp-x86_64-with-glibc2.35,3.12.11,3.0.4,2,Intel(R) Xeon(R) CPU @ 2.60GHz,,,,,15.61648178100586,machine,Y,1.0
2025-08-07T12:40:53,django-benchmark,d45e7c8e-c6e1-4008-bf2a-abee18a7bfb0,django_SCL001_871b0de2,1.001562299206853,7.060454453080376e-08,7.049441116814818e-08,0.8,0.0,10.0,1.1133638733170101e-07,0.0,1.3908879643875278e-06,1.5022243517192287e-06,Canada,CAN,,gcp,northamerica-northeast2,Linux-6.8.0-1032-gcp-x86_64-with-glibc2.35,3.12.11,3.0.4,2,Intel(R) Xeon(R) CPU @ 2.60GHz,,,,,15.61648178100586,machine,Y,1.0
2025-08-07T12:40:55,django-benchmark,4c92d591-e974-4601-b3de-ce7ef060e380,django_SCL001_871b0de2,1.001473906217143,7.059355777310625e-08,7.048966262112465e-08,0.8,0.0,10.0,1.1132401290039221e-07,0.0,1.3906665780167617e-06,1.5019905909171537e-06,Canada,CAN,,gcp,northamerica-northeast2,Linux-6.8.0-1032-gcp-x86_64-with-glibc2.35,3.12.11,3.0.4,2,Intel(R) Xeon(R) CPU @ 2.60GHz,,,,,15.61648178100586,machine,Y,1.0
2025-08-07T12:40:57,django-benchmark,33658f89-771f-4761-9dc8-96a2ea1c9851,django_SCL001_871b0de2,1.0015970841050148,7.061528458070244e-08,7.05026858617518e-08,0.8000072,0.0,10.0,1.1135011082264692e-07,0.0,1.391102752596554e-06,1.5024528634192009e-06,Canada,CAN,,gcp,northamerica-northeast2,Linux-6.8.0-1032-gcp-x86_64-with-glibc2.35,3.12.11,3.0.4,2,Intel(R) Xeon(R) CPU @ 2.60GHz,,,,,15.61648178100586,machine,Y,1.0
2025-08-07T12:40:59,django-benchmark,ae8bcd5d-e1e4-48d6-a79c-32bc260ace37,django_SCL001_871b0de2,1.0013865020591766,7.058933543750188e-08,7.049159869076249e-08,0.8,0.0,10.0,1.1130911510230768e-07,0.0,1.390591638887094e-06,1.5019007539894017e-06,Canada,CAN,,gcp,northamerica-northeast2,Linux-6.8.0-1032-gcp-x86_64-with-glibc2.35,3.12.11,3.0.4,2,Intel(R) Xeon(R) CPU @ 2.60GHz,,,,,15.61648178100586,machine,Y,1.0
2025-08-07T12:41:01,django-benchmark,f9098ffe-4ffa-48c3-9456-725de12b629e,django_SCL001_871b0de2,1.0014840580988675,7.059771366500191e-08,7.049309781227933e-08,0.8,0.0,10.0,1.1132811134060225e-07,0.0,1.3907509028083749e-06,1.5020790141489769e-06,Canada,CAN,,gcp,northamerica-northeast2,Linux-6.8.0-1032-gcp-x86_64-with-glibc2.35,3.12.11,3.0.4,2,Intel(R) Xeon(R) CPU @ 2.60GHz,,,,,15.61648178100586,machine,Y,1.0
2025-08-07T12:41:04,django-benchmark,52219863-44ca-4979-b66d-5f5360b6f185,django_SCL001_871b0de2,1.001469881972298,7.059261552505712e-08,7.048900500735159e-08,0.8,0.0,10.0,1.113162100211614e-07,0.0,1.3906543330651605e-06,1.5019705430863215e-06,Canada,CAN,,gcp,northamerica-northeast2,Linux-6.8.0-1032-gcp-x86_64-with-glibc2.35,3.12.11,3.0.4,2,Intel(R) Xeon(R) CPU @ 2.60GHz,,,,,15.61648178100586,machine,Y,1.0
2025-08-07T12:41:06,django-benchmark,97c3fa41-b21f-48c3-b394-57bbfe3cafbe,django_SCL001_871b0de2,1.0014580260030923,7.058772940408542e-08,7.048496049885116e-08,0.8,0.0,10.0,1.1130810508297552e-07,0.0,1.3905584779826718e-06,1.5018665830656474e-06,Canada,CAN,,gcp,northamerica-northeast2,Linux-6.8.0-1032-gcp-x86_64-with-glibc2.35,3.12.11,3.0.4,2,Intel(R) Xeon(R) CPU @ 2.60GHz,,,,,15.61648178100586,machine,Y,1.0
2025-08-07T12:41:08,django-benchmark,db035484-34a2-4109-ae32-e5969140cb65,django_SCL001_871b0de2,1.001470950897783,7.05991499913184e-08,7.049545463902748e-08,0.8,0.0,10.0,1.1132197154478894e-07,0.0,1.3907876027385808e-06,1.5021095742833698e-06,Canada,CAN,,gcp,northamerica-northeast2,Linux-6.8.0-1032-gcp-x86_64-with-glibc2.35,3.12.11,3.0.4,2,Intel(R) Xeon(R) CPU @ 2.60GHz,,,,,15.61648178100586,machine,Y,1.0
2025-08-07T12:41:10,django-benchmark,70fc0c27-d719-4981-8d7a-9dccfd6be30a,django_SCL001_871b0de2,1.0013712299987674,7.058588815366645e-08,7.048923120524775e-08,0.8,0.0,10.0,1.113035766821769e-07,0.0,1.3905238308426408e-06,1.5018274075248176e-06,Canada,CAN,,gcp,northamerica-northeast2,Linux-6.8.0-1032-gcp-x86_64-with-glibc2.35,3.12.11,3.0.4,2,Intel(R) Xeon(R) CPU @ 2.60GHz,,,,,15.61648178100586,machine,Y,1.0
2025-08-07T12:41:12,django-benchmark,4724b96b-9a23-4bed-b918-01eec507ae82,django_SCL001_871b0de2,1.0013654991053045,7.058990106622999e-08,7.049364206106596e-08,0.8,0.0,10.0,1.1130620202877457e-07,0.0,1.3906065866144168e-06,1.5019127886431913e-06,Canada,CAN,,gcp,northamerica-northeast2,Linux-6.8.0-1032-gcp-x86_64-with-glibc2.35,3.12.11,3.0.4,2,Intel(R) Xeon(R) CPU @ 2.60GHz,,,,,15.61648178100586,machine,Y,1.0
2025-08-07T12:41:14,django-benchmark,48e725e7-934d-47eb-8af1-17bb46524179,django_SCL001_871b0de2,1.0014043000992388,7.059394709972874e-08,7.049495103299727e-08,0.8,0.0,10.0,1.1131417446045413e-07,0.0,1.390684700001859e-06,1.5019988744623133e-06,Canada,CAN,,gcp,northamerica-northeast2,Linux-6.8.0-1032-gcp-x86_64-with-glibc2.35,3.12.11,3.0.4,2,Intel(R) Xeon(R) CPU @ 2.60GHz,,,,,15.61648178100586,machine,Y,1.0
2025-08-07T12:41:16,django-benchmark,8a3cb05f-f3b2-4c42-96c3-7f958ab49353,django_SCL001_871b0de2,1.0014395040925592,7.059126907757793e-08,7.04897987238313e-08,0.8,0.0,10.0,1.1131309531629086e-07,0.0,1.3906287999513248e-06,1.5019418952676156e-06,Canada,CAN,,gcp,northamerica-northeast2,Linux-6.8.0-1032-gcp-x86_64-with-glibc2.35,3.12.11,3.0.4,2,Intel(R) Xeon(R) CPU @ 2.60GHz,,,,,15.61648178100586,machine,Y,1.0
2025-08-07T12:41:18,django-benchmark,b721851e-0a60-4975-aaf7-eff9b77ac237,django_SCL001_871b0de2,1.001468674978241,7.05967158281848e-08,7.049318425233682e-08,0.8000072,0.0,10.0,1.1132148119163745e-07,0.0,1.3907363023867625e-06,1.5020577835784e-06,Canada,CAN,,gcp,northamerica-northeast2,Linux-6.8.0-1032-gcp-x86_64-with-glibc2.35,3.12.11,3.0.4,2,Intel(R) Xeon(R) CPU @ 2.60GHz,,,,,15.61648178100586,machine,Y,1.0
2025-08-07T12:41:21,django-benchmark,a3c5d525-ed98-4e60-aee3-3feed67cade3,django_SCL001_871b0de2,1.001517801079899,7.059036057178552e-08,7.04833808202616e-08,0.8,0.0,10.0,1.1131751801197729e-07,0.0,1.3906050473451611e-06,1.5019225653571387e-06,Canada,CAN,,gcp,northamerica-northeast2,Linux-6.8.0-1032-gcp-x86_64-with-glibc2.35,3.12.11,3.0.4,2,Intel(R) Xeon(R) CPU @ 2.60GHz,,,,,15.61648178100586,machine,Y,1.0
2025-08-07T12:41:23,django-benchmark,3fdc91be-9b05-4ca9-a41f-f1904a7fc22b,django_SCL001_871b0de2,1.001531695947051,7.059991195908245e-08,7.049193974068188e-08,0.8000576,0.0,10.0,1.1133957543472329e-07,0.0,1.3907862109287331e-06,1.5021257863634565e-06,Canada,CAN,,gcp,northamerica-northeast2,Linux-6.8.0-1032-gcp-x86_64-with-glibc2.35,3.12.11,3.0.4,2,Intel(R) Xeon(R) CPU @ 2.60GHz,,,,,15.61648178100586,machine,Y,1.0
2025-08-07T12:41:25,django-benchmark,5c6f996e-f438-4044-8086-c000d2c57824,django_SCL001_871b0de2,1.001363581046462,7.059041628888294e-08,7.049429160896116e-08,0.8,0.0,10.0,1.1131267575547101e-07,0.0,1.390611075071825e-06,1.501923750827296e-06,Canada,CAN,,gcp,northamerica-northeast2,Linux-6.8.0-1032-gcp-x86_64-with-glibc2.35,3.12.11,3.0.4,2,Intel(R) Xeon(R) CPU @ 2.60GHz,,,,,15.61648178100586,machine,Y,1.0
2025-08-07T12:41:27,django-benchmark,b990c95f-8d62-455d-ac78-3198cc0d2b25,django_SCL001_871b0de2,1.0013188971206546,7.058412897726522e-08,7.049115839143115e-08,0.8,0.0,10.0,1.1129941113500133e-07,0.0,1.3904905671046842e-06,1.5017899782396856e-06,Canada,CAN,,gcp,northamerica-northeast2,Linux-6.8.0-1032-gcp-x86_64-with-glibc2.35,3.12.11,3.0.4,2,Intel(R) Xeon(R) CPU @ 2.60GHz,,,,,15.61648178100586,machine,Y,1.0
2025-08-07T12:41:29,django-benchmark,9e3e840a-5bf6-4f74-bf85-430295d6ffba,django_SCL001_871b0de2,1.0014775639865547,7.059394394083776e-08,7.048979076458424e-08,0.8,0.0,10.0,1.1132290178082065e-07,0.0,1.3906759054710467e-06,1.5019988072518674e-06,Canada,CAN,,gcp,northamerica-northeast2,Linux-6.8.0-1032-gcp-x86_64-with-glibc2.35,3.12.11,3.0.4,2,Intel(R) Xeon(R) CPU @ 2.60GHz,,,,,15.61648178100586,machine,Y,1.0
2025-08-07T12:41:31,django-benchmark,4f062856-83d5-422f-99ca-55a42637a60d,django_SCL001_871b0de2,1.0013336560223252,7.058732102806161e-08,7.04933072043749e-08,0.8,0.0,10.0,1.1130094709288745e-07,0.0,1.3905569471211895e-06,1.501857894214077e-06,Canada,CAN,,gcp,northamerica-northeast2,Linux-6.8.0-1032-gcp-x86_64-with-glibc2.35,3.12.11,3.0.4,2,Intel(R) Xeon(R) CPU @ 2.60GHz,,,,,15.61648178100586,machine,Y,1.0
2025-08-07T12:41:33,django-benchmark,4bbb9a52-5455-46f9-b4a4-9668c157920b,django_SCL001_871b0de2,1.0012882640585303,7.05834221383298e-08,7.049260904370676e-08,0.8,0.0,10.0,1.1129528335813021e-07,0.0,1.3904796557552697e-06,1.5017749391134e-06,Canada,CAN,,gcp,northamerica-northeast2,Linux-6.8.0-1032-gcp-x86_64-with-glibc2.35,3.12.11,3.0.4,2,Intel(R) Xeon(R) CPU @ 2.60GHz,,,,,15.61648178100586,machine,Y,1.0
2025-08-07T12:41:36,django-benchmark,0c126ed8-97c0-42fe-9fe1-c05391ca01bf,django_SCL001_871b0de2,1.0014152799267322,7.058623179309587e-08,7.048647370175963e-08,0.8,0.0,10.0,1.113089304417372e-07,0.0,1.3905257885603028e-06,1.50183471900204e-06,Canada,CAN,,gcp,northamerica-northeast2,Linux-6.8.0-1032-gcp-x86_64-with-glibc2.35,3.12.11,3.0.4,2,Intel(R) Xeon(R) CPU @ 2.60GHz,,,,,15.61648178100586,machine,Y,1.0
2025-08-07T12:41:38,django-benchmark,a8c626ac-0f05-4874-8499-dcf54817bce8,django_SCL001_871b0de2,1.0013744400348514,7.058825619717958e-08,7.049137003609044e-08,0.8,0.0,10.0,1.1130979714087317e-07,0.0,1.3905679942884791e-06,1.5018777914293523e-06,Canada,CAN,,gcp,northamerica-northeast2,Linux-6.8.0-1032-gcp-x86_64-with-glibc2.35,3.12.11,3.0.4,2,Intel(R) Xeon(R) CPU @ 2.60GHz,,,,,15.61648178100586,machine,Y,1.0
2025-08-07T12:41:40,django-benchmark,c57a067a-6dde-4190-8316-2e861557365c,django_SCL001_871b0de2,1.0012807140592486,7.058457437724188e-08,7.04942913472167e-08,0.8,0.0,10.0,1.1129676824849513e-07,0.0,1.390502686586438e-06,1.5017994548349332e-06,Canada,CAN,,gcp,northamerica-northeast2,Linux-6.8.0-1032-gcp-x86_64-with-glibc2.35,3.12.11,3.0.4,2,Intel(R) Xeon(R) CPU @ 2.60GHz,,,,,15.61648178100586,machine,Y,1.0
2025-08-07T12:41:42,django-benchmark,b21bae8a-5473-479b-ac2c-d38ab3586878,django_SCL001_871b0de2,1.0012870971113443,7.05798044373126e-08,7.048907814844641e-08,0.8,0.0,10.0,1.1128996980066101e-07,0.0,1.390407996950671e-06,1.5016979667513322e-06,Canada,CAN,,gcp,northamerica-northeast2,Linux-6.8.0-1032-gcp-x86_64-with-glibc2.35,3.12.11,3.0.4,2,Intel(R) Xeon(R) CPU @ 2.60GHz,,,,,15.61648178100586,machine,Y,1.0
2025-08-07T12:41:44,django-benchmark,9930827b-ec00-45ac-8bc2-ed2cbec7bf53,django_SCL001_871b0de2,1.0014548648614436,7.058761612781222e-08,7.048506987639264e-08,0.8,0.0,10.0,1.1130776778898309e-07,0.0,1.3905564051431916e-06,1.5018641729321746e-06,Canada,CAN,,gcp,northamerica-northeast2,Linux-6.8.0-1032-gcp-x86_64-with-glibc2.35,3.12.11,3.0.4,2,Intel(R) Xeon(R) CPU @ 2.60GHz,,,,,15.61648178100586,machine,Y,1.0
2025-08-07T12:41:46,django-benchmark,d4cba5e1-7e82-4814-b03a-8f5004b8f761,django_SCL001_871b0de2,1.0012932510580868,7.058834310914829e-08,7.0497172566135e-08,0.8009000000000002,0.0,10.0,1.1142635422880353e-07,0.0,1.3904532863913724e-06,1.501879640620176e-06,Canada,CAN,,gcp,northamerica-northeast2,Linux-6.8.0-1032-gcp-x86_64-with-glibc2.35,3.12.11,3.0.4,2,Intel(R) Xeon(R) CPU @ 2.60GHz,,,,,15.61648178100586,machine,Y,1.0
2025-08-07T12:41:48,django-benchmark,bd2b0d64-d547-41f8-9fc0-4cb57d9b9181,django_SCL001_871b0de2,1.0013263889122754,7.058527839287288e-08,7.049177887896125e-08,0.8,0.0,10.0,1.1129877022984957e-07,0.0,1.3905156636610629e-06,1.5018144338909123e-06,Canada,CAN,,gcp,northamerica-northeast2,Linux-6.8.0-1032-gcp-x86_64-with-glibc2.35,3.12.11,3.0.4,2,Intel(R) Xeon(R) CPU @ 2.60GHz,,,,,15.61648178100586,machine,Y,1.0
2025-08-07T12:41:50,django-benchmark,407e808f-2bd1-427b-a69d-13ee3cd329ca,django_SCL001_871b0de2,1.0013877539895475,7.05858675357627e-08,7.048804746667541e-08,0.8,0.0,10.0,1.1130749646367301e-07,0.0,1.3905194723823418e-06,1.5018269688460148e-06,Canada,CAN,,gcp,northamerica-northeast2,Linux-6.8.0-1032-gcp-x86_64-with-glibc2.35,3.12.11,3.0.4,2,Intel(R) Xeon(R) CPU @ 2.60GHz,,,,,15.61648178100586,machine,Y,1.0
2025-08-07T12:41:53,django-benchmark,952ea863-33b9-48ff-879a-5898ad834ac4,django_SCL001_871b0de2,1.0013213891070336,7.05914912115679e-08,7.049833547900196e-08,0.8,0.0,10.0,1.113069238037699e-07,0.0,1.3906396977189514e-06,1.5019466215227212e-06,Canada,CAN,,gcp,northamerica-northeast2,Linux-6.8.0-1032-gcp-x86_64-with-glibc2.35,3.12.11,3.0.4,2,Intel(R) Xeon(R) CPU @ 2.60GHz,,,,,15.61648178100586,machine,Y,1.0
2025-08-07T12:41:55,django-benchmark,a62432fe-fa6e-45c4-b314-afc712444a5f,django_SCL001_871b0de2,1.0014420750085264,7.058756954057449e-08,7.048592355176757e-08,0.8000072,0.0,10.0,1.1132499815603233e-07,0.0,1.3905381835583184e-06,1.5018631817143509e-06,Canada,CAN,,gcp,northamerica-northeast2,Linux-6.8.0-1032-gcp-x86_64-with-glibc2.35,3.12.11,3.0.4,2,Intel(R) Xeon(R) CPU @ 2.60GHz,,,,,15.61648178100586,machine,Y,1.0
2025-08-07T12:41:57,django-benchmark,c4da830f-a4ee-42d3-8d5d-b39ec96969e7,django_SCL001_871b0de2,1.0013709270861,7.05867511716723e-08,7.04901143645876e-08,0.8,0.0,10.0,1.1130734998732809e-07,0.0,1.390538419622721e-06,1.501845769610049e-06,Canada,CAN,,gcp,northamerica-northeast2,Linux-6.8.0-1032-gcp-x86_64-with-glibc2.35,3.12.11,3.0.4,2,Intel(R) Xeon(R) CPU @ 2.60GHz,,,,,15.61648178100586,machine,Y,1.0
2025-08-07T12:41:59,django-benchmark,162f0924-9038-4870-ac92-04f38bff8caf,django_SCL001_871b0de2,1.0014221440069375,7.058954109248913e-08,7.048929516381862e-08,0.8,0.0,10.0,1.113094297858576e-07,0.0,1.3905956998415705e-06,1.501905129627428e-06,Canada,CAN,,gcp,northamerica-northeast2,Linux-6.8.0-1032-gcp-x86_64-with-glibc2.35,3.12.11,3.0.4,2,Intel(R) Xeon(R) CPU @ 2.60GHz,,,,,15.61648178100586,machine,Y,1.0
2025-08-07T12:42:01,django-benchmark,21f932c0-9182-4c47-bb3b-0e1019f7dd79,django_SCL001_871b0de2,1.0014575850218534,7.059175082060715e-08,7.04890070996534e-08,0.8,0.0,10.0,1.1131790663219161e-07,0.0,1.3906342384871096e-06,1.5019521451193011e-06,Canada,CAN,,gcp,northamerica-northeast2,Linux-6.8.0-1032-gcp-x86_64-with-glibc2.35,3.12.11,3.0.4,2,Intel(R) Xeon(R) CPU @ 2.60GHz,,,,,15.61648178100586,machine,Y,1.0
2025-08-07T12:42:03,django-benchmark,4fab0ac6-66f0-409b-895a-0f801af3c2de,django_SCL001_871b0de2,1.001330491853878,7.058739265026007e-08,7.049360148773015e-08,0.8,0.0,10.0,1.1130884600182377e-07,0.0,1.3905505720888162e-06,1.50185941809064e-06,Canada,CAN,,gcp,northamerica-northeast2,Linux-6.8.0-1032-gcp-x86_64-with-glibc2.35,3.12.11,3.0.4,2,Intel(R) Xeon(R) CPU @ 2.60GHz,,,,,15.61648178100586,machine,Y,1.0
2025-08-07T12:42:05,django-benchmark,c44d3cf7-aa80-44a8-887b-cf5908b0669c,django_SCL001_871b0de2,1.0014175430405885,7.059100405538145e-08,7.049107991562348e-08,0.8,0.0,10.0,1.1131093154350917e-07,0.0,1.3906253249539684e-06,1.5019362564974777e-06,Canada,CAN,,gcp,northamerica-northeast2,Linux-6.8.0-1032-gcp-x86_64-with-glibc2.35,3.12.11,3.0.4,2,Intel(R) Xeon(R) CPU @ 2.60GHz,,,,,15.61648178100586,machine,Y,1.0
2025-08-07T12:42:08,django-benchmark,6c61a0e2-19b2-454d-90a6-ff12654d8ff5,django_SCL001_871b0de2,1.0013700521085411,7.058815583977332e-08,7.049157870373588e-08,0.8,0.0,10.0,1.113079529152149e-07,0.0,1.390567703250175e-06,1.5018756561653895e-06,Canada,CAN,,gcp,northamerica-northeast2,Linux-6.8.0-1032-gcp-x86_64-with-glibc2.35,3.12.11,3.0.4,2,Intel(R) Xeon(R) CPU @ 2.60GHz,,,,,15.61648178100586,machine,Y,1.0
2025-08-07T12:42:10,django-benchmark,e4d68416-7dc5-4df9-bab2-d1b7a6649cf1,django_SCL001_871b0de2,1.0013115908950567,7.058436915407739e-08,7.049191260333171e-08,0.8000072,0.0,10.0,1.113030997195111e-07,0.0,1.390491988665114e-06,1.501795088384625e-06,Canada,CAN,,gcp,northamerica-northeast2,Linux-6.8.0-1032-gcp-x86_64-with-glibc2.35,3.12.11,3.0.4,2,Intel(R) Xeon(R) CPU @ 2.60GHz,,,,,15.61648178100586,machine,Y,1.0
2025-08-07T12:42:12,django-benchmark,b4518135-bc77-4b3d-b4b5-07bb27d044bf,django_SCL001_871b0de2,1.0012859259732068,7.058367141349139e-08,7.049302260479404e-08,0.8,0.0,10.0,1.1130047066965037e-07,0.0,1.3904797721705918e-06,1.501780242840242e-06,Canada,CAN,,gcp,northamerica-northeast2,Linux-6.8.0-1032-gcp-x86_64-with-glibc2.35,3.12.11,3.0.4,2,Intel(R) Xeon(R) CPU @ 2.60GHz,,,,,15.61648178100586,machine,Y,1.0
2025-08-07T12:42:14,django-benchmark,5c073716-27f7-437e-a15f-1a7ee0873a82,django_SCL001_871b0de2,1.001395031111315,7.058849351281403e-08,7.04901575499903e-08,0.8,0.0,10.0,1.1131490979136696e-07,0.0,1.390567930906804e-06,1.501882840698171e-06,Canada,CAN,,gcp,northamerica-northeast2,Linux-6.8.0-1032-gcp-x86_64-with-glibc2.35,3.12.11,3.0.4,2,Intel(R) Xeon(R) CPU @ 2.60GHz,,,,,15.61648178100586,machine,Y,1.0
2025-08-07T12:42:16,django-benchmark,3fce59d8-9b90-4558-8249-6bc8b3819c82,django_SCL001_871b0de2,1.001305792015046,7.05824093648181e-08,7.049036361087734e-08,0.8,0.0,10.0,1.1129749664622877e-07,0.0,1.3904558940945811e-06,1.5017533907408102e-06,Canada,CAN,,gcp,northamerica-northeast2,Linux-6.8.0-1032-gcp-x86_64-with-glibc2.35,3.12.11,3.0.4,2,Intel(R) Xeon(R) CPU @ 2.60GHz,,,,,15.61648178100586,machine,Y,1.0
2025-08-07T12:42:18,django-benchmark,39613a69-a3a3-4ff9-bc56-d3dd3e40b9f9,django_SCL001_871b0de2,1.001344450050965,7.058431168104937e-08,7.04895420126979e-08,0.8,0.0,10.0,1.1130396266364389e-07,0.0,1.3904899028905978e-06,1.5017938655542417e-06,Canada,CAN,,gcp,northamerica-northeast2,Linux-6.8.0-1032-gcp-x86_64-with-glibc2.35,3.12.11,3.0.4,2,Intel(R) Xeon(R) CPU @ 2.60GHz,,,,,15.61648178100586,machine,Y,1.0
2025-08-07T12:42:20,django-benchmark,e2fbe7cd-d81d-446e-a1db-83d1f507d829,django_SCL001_871b0de2,1.0013063859660178,7.058094120154986e-08,7.048885554989881e-08,0.8,0.0,10.0,1.113006980158389e-07,0.0,1.3904214552086262e-06,1.5017221532244652e-06,Canada,CAN,,gcp,northamerica-northeast2,Linux-6.8.0-1032-gcp-x86_64-with-glibc2.35,3.12.11,3.0.4,2,Intel(R) Xeon(R) CPU @ 2.60GHz,,,,,15.61648178100586,machine,Y,1.0
2025-08-07T12:42:22,django-benchmark,a07fa2e5-0be6-4e3f-8d9c-b02c2e227879,django_SCL001_871b0de2,1.0014266180805862,7.05922653416896e-08,7.04917006070723e-08,0.8,0.0,10.0,1.1131928131605189e-07,0.0,1.3906438110603226e-06,1.5019630923763746e-06,Canada,CAN,,gcp,northamerica-northeast2,Linux-6.8.0-1032-gcp-x86_64-with-glibc2.35,3.12.11,3.0.4,2,Intel(R) Xeon(R) CPU @ 2.60GHz,,,,,15.61648178100586,machine,Y,1.0
2025-08-07T12:42:25,django-benchmark,263cff04-bc2f-47a0-9060-a1505981c8dd,django_SCL001_871b0de2,1.0013551348820329,7.058363591670059e-08,7.048811501327737e-08,0.8,0.0,10.0,1.1130598244360753e-07,0.0,1.3904735051457667e-06,1.5017794875893742e-06,Canada,CAN,,gcp,northamerica-northeast2,Linux-6.8.0-1032-gcp-x86_64-with-glibc2.35,3.12.11,3.0.4,2,Intel(R) Xeon(R) CPU @ 2.60GHz,,,,,15.61648178100586,machine,Y,1.0
2025-08-07T12:42:27,django-benchmark,71cacf3e-4f46-4947-b011-47f7280a2e13,django_SCL001_871b0de2,1.001451486023143,7.059417171414114e-08,7.049185377364326e-08,0.8,0.0,10.0,1.1132621133906981e-07,0.0,1.390677442153295e-06,1.5020036534923648e-06,Canada,CAN,,gcp,northamerica-northeast2,Linux-6.8.0-1032-gcp-x86_64-with-glibc2.35,3.12.11,3.0.4,2,Intel(R) Xeon(R) CPU @ 2.60GHz,,,,,15.61648178100586,machine,Y,1.0
2025-08-07T12:42:29,django-benchmark,c461a995-ea55-4b53-bbd3-4ae2b318e0e7,django_SCL001_871b0de2,1.0012994210701436,7.058644158455233e-08,7.049483910528255e-08,0.8,0.0,10.0,1.1130122157434625e-07,0.0,1.3905379610757034e-06,1.5018391826500495e-06,Canada,CAN,,gcp,northamerica-northeast2,Linux-6.8.0-1032-gcp-x86_64-with-glibc2.35,3.12.11,3.0.4,2,Intel(R) Xeon(R) CPU @ 2.60GHz,,,,,15.61648178100586,machine,Y,1.0
2025-08-07T12:42:31,django-benchmark,a17bc614-bf1c-4b6c-b4d3-c1f3116d3083,django_SCL001_871b0de2,1.0012835229281336,7.05801874643916e-08,7.048971230245387e-08,0.8,0.0,10.0,1.1129259152544868e-07,0.0,1.3904135247382023e-06,1.5017061162636512e-06,Canada,CAN,,gcp,northamerica-northeast2,Linux-6.8.0-1032-gcp-x86_64-with-glibc2.35,3.12.11,3.0.4,2,Intel(R) Xeon(R) CPU @ 2.60GHz,,,,,15.61648178100586,machine,Y,1.0
2025-08-07T12:42:33,django-benchmark,387bf8af-ae01-42aa-a8b7-188f17839523,django_SCL001_871b0de2,1.0013640180695802,7.058497428243672e-08,7.048882624972857e-08,0.8000072,0.0,10.0,1.1130050772197789e-07,0.0,1.3905074557341223e-06,1.5018079634561e-06,Canada,CAN,,gcp,northamerica-northeast2,Linux-6.8.0-1032-gcp-x86_64-with-glibc2.35,3.12.11,3.0.4,2,Intel(R) Xeon(R) CPU @ 2.60GHz,,,,,15.61648178100586,machine,Y,1.0
2025-08-07T12:42:35,django-benchmark,61673701-9e5d-41fd-9836-0eaf9ae0f3ab,django_SCL001_871b0de2,1.001395178027451,7.058834196186641e-08,7.04899958684756e-08,0.8000072,0.0,10.0,1.1131231911987148e-07,0.0,1.390567297090052e-06,1.5018796162099237e-06,Canada,CAN,,gcp,northamerica-northeast2,Linux-6.8.0-1032-gcp-x86_64-with-glibc2.35,3.12.11,3.0.4,2,Intel(R) Xeon(R) CPU @ 2.60GHz,,,,,15.61648178100586,machine,Y,1.0
2025-08-07T12:42:37,django-benchmark,276cd6fe-0735-4801-a148-dff01d56fd15,django_SCL001_871b0de2,1.0013839642051607,7.0587233376741e-08,7.048967818529924e-08,0.8,0.0,10.0,1.113078624734448e-07,0.0,1.3905481668189168e-06,1.5018560292923617e-06,Canada,CAN,,gcp,northamerica-northeast2,Linux-6.8.0-1032-gcp-x86_64-with-glibc2.35,3.12.11,3.0.4,2,Intel(R) Xeon(R) CPU @ 2.60GHz,,,,,15.61648178100586,machine,Y,1.0
2025-08-07T12:42:40,django-benchmark,439787ea-bc7b-412a-bacc-a55a28f685a1,django_SCL001_871b0de2,1.0014395089820027,7.059151748337577e-08,7.049004642840029e-08,0.8,0.0,10.0,1.113203111001187e-07,0.0,1.390626869397238e-06,1.5019471804973566e-06,Canada,CAN,,gcp,northamerica-northeast2,Linux-6.8.0-1032-gcp-x86_64-with-glibc2.35,3.12.11,3.0.4,2,Intel(R) Xeon(R) CPU @ 2.60GHz,,,,,15.61648178100586,machine,Y,1.0
2025-08-07T12:42:42,django-benchmark,fc361a28-2228-4699-ada0-6ae81fb62604,django_SCL001_871b0de2,1.0014000120572746,7.059096164258921e-08,7.04922716123872e-08,0.8,0.0,10.0,1.1131538424847865e-07,0.0,1.3906199698491645e-06,1.5019353540976429e-06,Canada,CAN,,gcp,northamerica-northeast2,Linux-6.8.0-1032-gcp-x86_64-with-glibc2.35,3.12.11,3.0.4,2,Intel(R) Xeon(R) CPU @ 2.60GHz,,,,,15.61648178100586,machine,Y,1.0
2025-08-07T12:42:44,django-benchmark,569bfa50-db67-4797-9166-1d732cd76707,django_SCL001_871b0de2,1.0013538419734689,7.05897634429081e-08,7.0494325266471e-08,0.8,0.0,10.0,1.113074189051986e-07,0.0,1.3906024415822078e-06,1.5019098604874064e-06,Canada,CAN,,gcp,northamerica-northeast2,Linux-6.8.0-1032-gcp-x86_64-with-glibc2.35,3.12.11,3.0.4,2,Intel(R) Xeon(R) CPU @ 2.60GHz,,,,,15.61648178100586,machine,Y,1.0
2025-08-07T12:42:46,django-benchmark,a8848373-b320-4ad7-a5d0-9f27937d45a5,django_SCL001_871b0de2,1.0013163310941309,7.058228910323749e-08,7.04895015804973e-08,0.8,0.0,10.0,1.1130063447894325e-07,0.0,1.3904501975048333e-06,1.5017508319837765e-06,Canada,CAN,,gcp,northamerica-northeast2,Linux-6.8.0-1032-gcp-x86_64-with-glibc2.35,3.12.11,3.0.4,2,Intel(R) Xeon(R) CPU @ 2.60GHz,,,,,15.61648178100586,machine,Y,1.0
2025-08-07T12:42:48,django-benchmark,6b5c58e2-3bb2-4158-a85f-efbc3fd3893c,django_SCL001_871b0de2,1.0013766021002084,7.05849150924478e-08,7.048788132697385e-08,0.8,0.0,10.0,1.113045646602081e-07,0.0,1.3905021394344255e-06,1.5018067040946336e-06,Canada,CAN,,gcp,northamerica-northeast2,Linux-6.8.0-1032-gcp-x86_64-with-glibc2.35,3.12.11,3.0.4,2,Intel(R) Xeon(R) CPU @ 2.60GHz,,,,,15.61648178100586,machine,Y,1.0
2025-08-07T12:42:50,django-benchmark,d439c03d-2108-4a12-92c8-883d3c9ace9d,django_SCL001_871b0de2,1.0013891840353608,7.058529531567669e-08,7.048737537910554e-08,0.8,0.0,10.0,1.113035269081593e-07,0.0,1.3905112670424084e-06,1.5018147939505676e-06,Canada,CAN,,gcp,northamerica-northeast2,Linux-6.8.0-1032-gcp-x86_64-with-glibc2.35,3.12.11,3.0.4,2,Intel(R) Xeon(R) CPU @ 2.60GHz,,,,,15.61648178100586,machine,Y,1.0
2025-08-07T12:42:52,django-benchmark,8dcfb005-4a75-4fa7-8cc3-8ac60a5efaf3,django_SCL001_871b0de2,1.001332300947979,7.058601055278756e-08,7.049209386930045e-08,0.8,0.0,10.0,1.1130022821534013e-07,0.0,1.3905297835460968e-06,1.501830011761437e-06,Canada,CAN,,gcp,northamerica-northeast2,Linux-6.8.0-1032-gcp-x86_64-with-glibc2.35,3.12.11,3.0.4,2,Intel(R) Xeon(R) CPU @ 2.60GHz,,,,,15.61648178100586,machine,Y,1.0
2025-08-07T12:42:54,django-benchmark,a575147a-0377-4f1e-9034-46ce744fb18a,django_SCL001_871b0de2,1.0013481271453202,7.058833471106158e-08,7.049330077871857e-08,0.8,0.0,10.0,1.113042091536853e-07,0.0,1.3905752527837953e-06,1.5018794619374805e-06,Canada,CAN,,gcp,northamerica-northeast2,Linux-6.8.0-1032-gcp-x86_64-with-glibc2.35,3.12.11,3.0.4,2,Intel(R) Xeon(R) CPU @ 2.60GHz,,,,,15.61648178100586,machine,Y,1.0
2025-08-07T12:42:57,django-benchmark,bdda9db5-13da-45bb-b7ba-1aacd2659a71,django_SCL001_871b0de2,1.001346084056422,7.058692470397285e-08,7.049203649753878e-08,0.8,0.0,10.0,1.11310795104752e-07,0.0,1.390538666681904e-06,1.501849461786656e-06,Canada,CAN,,gcp,northamerica-northeast2,Linux-6.8.0-1032-gcp-x86_64-with-glibc2.35,3.12.11,3.0.4,2,Intel(R) Xeon(R) CPU @ 2.60GHz,,,,,15.61648178100586,machine,Y,1.0
2025-08-07T12:42:59,django-benchmark,9f732a45-fccd-427a-a35a-a224be7c53f0,django_SCL001_871b0de2,1.0013578028883785,7.05883803155739e-08,7.049266517119495e-08,0.8,0.0,10.0,1.1130388531213009e-07,0.0,1.390576546934123e-06,1.5018804322462532e-06,Canada,CAN,,gcp,northamerica-northeast2,Linux-6.8.0-1032-gcp-x86_64-with-glibc2.35,3.12.11,3.0.4,2,Intel(R) Xeon(R) CPU @ 2.60GHz,,,,,15.61648178100586,machine,Y,1.0
2025-08-07T12:43:01,django-benchmark,3b41482e-3933-4297-a6ed-5f5c1c3edf75,django_SCL001_871b0de2,1.0013948329724371,7.059030503562428e-08,7.049198049693476e-08,0.8000072,0.0,10.0,1.1131074780932601e-07,0.0,1.390610635927361e-06,1.501921383736687e-06,Canada,CAN,,gcp,northamerica-northeast2,Linux-6.8.0-1032-gcp-x86_64-with-glibc2.35,3.12.11,3.0.4,2,Intel(R) Xeon(R) CPU @ 2.60GHz,,,,,15.61648178100586,machine,Y,1.0
2025-08-07T12:43:03,django-benchmark,c741b152-669e-427e-bf06-76f9058fe0f5,django_SCL001_871b0de2,1.001367571996525,7.05903117475876e-08,7.049390625546696e-08,0.8,0.0,10.0,1.1131232381901809e-07,0.0,1.3906092027253988e-06,1.5019215265444168e-06,Canada,CAN,,gcp,northamerica-northeast2,Linux-6.8.0-1032-gcp-x86_64-with-glibc2.35,3.12.11,3.0.4,2,Intel(R) Xeon(R) CPU @ 2.60GHz,,,,,15.61648178100586,machine,Y,1.0
2025-08-07T12:43:05,django-benchmark,44f8ee0d-ec87-486c-a647-209691c736fa,django_SCL001_871b0de2,1.0013903039507568,7.05869308855747e-08,7.04889298479225e-08,0.8,0.0,10.0,1.1131341532907556e-07,0.0,1.390536177981024e-06,1.5018495933100996e-06,Canada,CAN,,gcp,northamerica-northeast2,Linux-6.8.0-1032-gcp-x86_64-with-glibc2.35,3.12.11,3.0.4,2,Intel(R) Xeon(R) CPU @ 2.60GHz,,,,,15.61648178100586,machine,Y,1.0
2025-08-07T12:43:07,django-benchmark,245a3b07-a3b7-4f65-9cc9-bbb71250312c,django_SCL001_871b0de2,1.001311179948971,7.058354678563776e-08,7.049112024219568e-08,0.8,0.0,10.0,1.112972388768362e-07,0.0,1.3904803523069454e-06,1.5017775911837817e-06,Canada,CAN,,gcp,northamerica-northeast2,Linux-6.8.0-1032-gcp-x86_64-with-glibc2.35,3.12.11,3.0.4,2,Intel(R) Xeon(R) CPU @ 2.60GHz,,,,,15.61648178100586,machine,Y,1.0
2025-08-07T12:43:09,django-benchmark,37023c46-5e23-457f-b339-5e2e3673bd06,django_SCL001_871b0de2,1.0013049507979304,7.058343485779028e-08,7.049144698779628e-08,0.8,0.0,10.0,1.112965570969714e-07,0.0,1.390478652643247e-06,1.5017752097402182e-06,Canada,CAN,,gcp,northamerica-northeast2,Linux-6.8.0-1032-gcp-x86_64-with-glibc2.35,3.12.11,3.0.4,2,Intel(R) Xeon(R) CPU @ 2.60GHz,,,,,15.61648178100586,machine,Y,1.0
2025-08-07T12:43:12,django-benchmark,4e11e192-b107-4f58-b116-89121a2134f9,django_SCL001_871b0de2,1.0014331948477777,7.058826833787477e-08,7.048724637952961e-08,0.8,0.0,10.0,1.113093524343438e-07,0.0,1.3905686973076728e-06,1.5018780497420166e-06,Canada,CAN,,gcp,northamerica-northeast2,Linux-6.8.0-1032-gcp-x86_64-with-glibc2.35,3.12.11,3.0.4,2,Intel(R) Xeon(R) CPU @ 2.60GHz,,,,,15.61648178100586,machine,Y,1.0
2025-08-07T12:43:14,django-benchmark,c142dd2b-f6a8-4406-9d60-596dbfa0a51b,django_SCL001_871b0de2,1.0013419289607557,7.05909271793078e-08,7.049632611766365e-08,0.8,0.0,10.0,1.1131020133487057e-07,0.0,1.3906244195014654e-06,1.501934620836336e-06,Canada,CAN,,gcp,northamerica-northeast2,Linux-6.8.0-1032-gcp-x86_64-with-glibc2.35,3.12.11,3.0.4,2,Intel(R) Xeon(R) CPU @ 2.60GHz,,,,,15.61648178100586,machine,Y,1.0
2025-08-07T12:43:16,django-benchmark,29a96e92-3875-409c-8ca5-00e0c063bc95,django_SCL001_871b0de2,1.001337544992566,7.058907768999538e-08,7.049478773965219e-08,0.8,0.0,10.0,1.1130540579971345e-07,0.0,1.390589864200188e-06,1.5018952699999015e-06,Canada,CAN,,gcp,northamerica-northeast2,Linux-6.8.0-1032-gcp-x86_64-with-glibc2.35,3.12.11,3.0.4,2,Intel(R) Xeon(R) CPU @ 2.60GHz,,,,,15.61648178100586,machine,Y,1.0
2025-08-07T12:43:18,django-benchmark,9a9966f9-09a4-4220-a46c-9a9cfc3d3de9,django_SCL001_871b0de2,1.0014339059125632,7.059771597884699e-08,7.049663044363809e-08,0.8,0.0,10.0,1.1132024109570521e-07,0.0,1.390758822284018e-06,1.5020790633797231e-06,Canada,CAN,,gcp,northamerica-northeast2,Linux-6.8.0-1032-gcp-x86_64-with-glibc2.35,3.12.11,3.0.4,2,Intel(R) Xeon(R) CPU @ 2.60GHz,,,,,15.61648178100586,machine,Y,1.0
2025-08-07T12:43:20,django-benchmark,ebaca830-1a03-41e5-87d4-35983c25cb31,django_SCL001_871b0de2,1.0015386170707643,7.06052497149083e-08,7.049678216243923e-08,0.8,0.0,10.0,1.1134353580160273e-07,0.0,1.3908958198347438e-06,1.5022393556363466e-06,Canada,CAN,,gcp,northamerica-northeast2,Linux-6.8.0-1032-gcp-x86_64-with-glibc2.35,3.12.11,3.0.4,2,Intel(R) Xeon(R) CPU @ 2.60GHz,,,,,15.61648178100586,machine,Y,1.0
2025-08-07T12:43:22,django-benchmark,ee69171b-a668-4a96-a5cc-09c89c46beeb,django_SCL001_871b0de2,1.001355260843411,7.058349957736209e-08,7.04879699917008e-08,0.8,0.0,10.0,1.113065617779891e-07,0.0,1.390470024974396e-06,1.501776586752385e-06,Canada,CAN,,gcp,northamerica-northeast2,Linux-6.8.0-1032-gcp-x86_64-with-glibc2.35,3.12.11,3.0.4,2,Intel(R) Xeon(R) CPU @ 2.60GHz,,,,,15.61648178100586,machine,Y,1.0
2025-08-07T12:43:24,django-benchmark,08fb2f49-ecea-4ec0-9758-a3d7c6b42256,django_SCL001_871b0de2,1.001465416979045,7.059368870415107e-08,7.049039088848358e-08,0.8,0.0,10.0,1.113143571031591e-07,0.0,1.3906790195809057e-06,1.5019933766840647e-06,Canada,CAN,,gcp,northamerica-northeast2,Linux-6.8.0-1032-gcp-x86_64-with-glibc2.35,3.12.11,3.0.4,2,Intel(R) Xeon(R) CPU @ 2.60GHz,,,,,15.61648178100586,machine,Y,1.0
2025-08-07T12:43:26,django-benchmark,1dde4a52-8585-4bd7-b3e1-d3ce4ccc9a2f,django_SCL001_871b0de2,1.0013188270386308,7.0588309028962e-08,7.049533787127994e-08,0.8,0.0,10.0,1.1130065403671729e-07,0.0,1.3905782614731125e-06,1.5018789155098298e-06,Canada,CAN,,gcp,northamerica-northeast2,Linux-6.8.0-1032-gcp-x86_64-with-glibc2.35,3.12.11,3.0.4,2,Intel(R) Xeon(R) CPU @ 2.60GHz,,,,,15.61648178100586,machine,Y,1.0
2025-08-07T12:43:29,django-benchmark,21478ceb-1f83-4fe0-87a9-6e9bd0ba1d63,django_SCL001_871b0de2,1.001475861063227,7.059299567533243e-08,7.048896375833429e-08,0.8,0.0,10.0,1.1131248669698837e-07,0.0,1.3906661446930634e-06,1.5019786313900518e-06,Canada,CAN,,gcp,northamerica-northeast2,Linux-6.8.0-1032-gcp-x86_64-with-glibc2.35,3.12.11,3.0.4,2,Intel(R) Xeon(R) CPU @ 2.60GHz,,,,,15.61648178100586,machine,Y,1.0
2025-08-07T12:43:31,django-benchmark,3a8030c0-469d-4d41-8698-eee5c8bee8ba,django_SCL001_871b0de2,1.0014279820024967,7.058904864595066e-08,7.048839249008988e-08,0.8,0.0,10.0,1.1131117710222801e-07,0.0,1.390583474939275e-06,1.5018946520415034e-06,Canada,CAN,,gcp,northamerica-northeast2,Linux-6.8.0-1032-gcp-x86_64-with-glibc2.35,3.12.11,3.0.4,2,Intel(R) Xeon(R) CPU @ 2.60GHz,,,,,15.61648178100586,machine,Y,1.0
2025-08-07T12:43:33,django-benchmark,f863ba88-9763-4671-a665-6af8644d67ca,django_SCL001_871b0de2,1.0013323079328984,7.058866126232577e-08,7.049474056024971e-08,0.8,0.0,10.0,1.1130702107523887e-07,0.0,1.390579388761479e-06,1.501886409836718e-06,Canada,CAN,,gcp,northamerica-northeast2,Linux-6.8.0-1032-gcp-x86_64-with-glibc2.35,3.12.11,3.0.4,2,Intel(R) Xeon(R) CPU @ 2.60GHz,,,,,15.61648178100586,machine,Y,1.0
2025-08-07T12:43:35,django-benchmark,4f644c44-e39a-444a-bcca-131af89baf43,django_SCL001_871b0de2,1.001517518889159,7.059741682895563e-08,7.049044624527318e-08,0.8,0.0,10.0,1.1132437621967664e-07,0.0,1.3907483222687411e-06,1.5020726984884177e-06,Canada,CAN,,gcp,northamerica-northeast2,Linux-6.8.0-1032-gcp-x86_64-with-glibc2.35,3.12.11,3.0.4,2,Intel(R) Xeon(R) CPU @ 2.60GHz,,,,,15.61648178100586,machine,Y,1.0
2025-08-07T12:43:37,django-benchmark,3ea074f2-09b6-4f4f-bfaf-23dd091d0ccb,django_SCL001_871b0de2,1.001450752839446,7.058514838469113e-08,7.048289512445693e-08,0.8,0.0,10.0,1.1130805955164964e-07,0.0,1.390503608207736e-06,1.5018116677593856e-06,Canada,CAN,,gcp,northamerica-northeast2,Linux-6.8.0-1032-gcp-x86_64-with-glibc2.35,3.12.11,3.0.4,2,Intel(R) Xeon(R) CPU @ 2.60GHz,,,,,15.61648178100586,machine,Y,1.0
2025-08-07T12:43:39,django-benchmark,0313b058-e3fc-48d1-be30-4e80d64ac1f7,django_SCL001_871b0de2,1.001360940048471,7.058915121749874e-08,7.049321417917684e-08,0.8,0.0,10.0,1.1130396799287863e-07,0.0,1.3905928664219878e-06,1.5018968344148665e-06,Canada,CAN,,gcp,northamerica-northeast2,Linux-6.8.0-1032-gcp-x86_64-with-glibc2.35,3.12.11,3.0.4,2,Intel(R) Xeon(R) CPU @ 2.60GHz,,,,,15.61648178100586,machine,Y,1.0
2025-08-07T12:43:41,django-benchmark,8b47e964-ae26-41b9-a7d6-0df2cd007cd0,django_SCL001_871b0de2,1.0014475309289992,7.059987173345871e-08,7.049782395285981e-08,0.8,0.0,10.0,1.1132587507988017e-07,0.0,1.3907990554192414e-06,1.5021249304991216e-06,Canada,CAN,,gcp,northamerica-northeast2,Linux-6.8.0-1032-gcp-x86_64-with-glibc2.35,3.12.11,3.0.4,2,Intel(R) Xeon(R) CPU @ 2.60GHz,,,,,15.61648178100586,machine,Y,1.0
